<?xml version="1.0" encoding="UTF-8"?>
<gpx version="1.1" creator="dirt-bikes build-area-routes (MVUM geometry + SRTM elevation)" xmlns="http://www.topografix.com/GPX/1/1">
  <trk><name>Crab Flats Road</name><trkseg>
    <trkpt lat="34.26071" lon="-117.08446"><ele>1809.0</ele></trkpt>
    <trkpt lat="34.26084" lon="-117.08452"><ele>1809.0</ele></trkpt>
    <trkpt lat="34.26096" lon="-117.08462"><ele>1809.0</ele></trkpt>
    <trkpt lat="34.26106" lon="-117.08470"><ele>1809.0</ele></trkpt>
    <trkpt lat="34.26111" lon="-117.08476"><ele>1809.0</ele></trkpt>
    <trkpt lat="34.26117" lon="-117.08484"><ele>1809.0</ele></trkpt>
    <trkpt lat="34.26127" lon="-117.08503"><ele>1809.0</ele></trkpt>
    <trkpt lat="34.26133" lon="-117.08514"><ele>1809.0</ele></trkpt>
    <trkpt lat="34.26140" lon="-117.08520"><ele>1809.0</ele></trkpt>
    <trkpt lat="34.26149" lon="-117.08527"><ele>1809.0</ele></trkpt>
    <trkpt lat="34.26158" lon="-117.08534"><ele>1817.0</ele></trkpt>
    <trkpt lat="34.26169" lon="-117.08543"><ele>1817.0</ele></trkpt>
    <trkpt lat="34.26180" lon="-117.08551"><ele>1817.0</ele></trkpt>
    <trkpt lat="34.26186" lon="-117.08560"><ele>1817.0</ele></trkpt>
    <trkpt lat="34.26190" lon="-117.08573"><ele>1817.0</ele></trkpt>
    <trkpt lat="34.26195" lon="-117.08585"><ele>1817.0</ele></trkpt>
    <trkpt lat="34.26201" lon="-117.08594"><ele>1817.0</ele></trkpt>
    <trkpt lat="34.26206" lon="-117.08599"><ele>1817.0</ele></trkpt>
    <trkpt lat="34.26221" lon="-117.08606"><ele>1817.0</ele></trkpt>
    <trkpt lat="34.26244" lon="-117.08615"><ele>1817.0</ele></trkpt>
    <trkpt lat="34.26264" lon="-117.08623"><ele>1817.0</ele></trkpt>
    <trkpt lat="34.26276" lon="-117.08631"><ele>1817.0</ele></trkpt>
    <trkpt lat="34.26286" lon="-117.08639"><ele>1817.0</ele></trkpt>
    <trkpt lat="34.26292" lon="-117.08645"><ele>1817.0</ele></trkpt>
    <trkpt lat="34.26292" lon="-117.08645"><ele>1817.0</ele></trkpt>
    <trkpt lat="34.26296" lon="-117.08650"><ele>1817.0</ele></trkpt>
    <trkpt lat="34.26307" lon="-117.08661"><ele>1817.0</ele></trkpt>
    <trkpt lat="34.26315" lon="-117.08668"><ele>1817.0</ele></trkpt>
    <trkpt lat="34.26329" lon="-117.08677"><ele>1817.0</ele></trkpt>
    <trkpt lat="34.26342" lon="-117.08687"><ele>1806.0</ele></trkpt>
    <trkpt lat="34.26347" lon="-117.08690"><ele>1806.0</ele></trkpt>
    <trkpt lat="34.26351" lon="-117.08693"><ele>1806.0</ele></trkpt>
    <trkpt lat="34.26359" lon="-117.08704"><ele>1806.0</ele></trkpt>
    <trkpt lat="34.26361" lon="-117.08713"><ele>1806.0</ele></trkpt>
    <trkpt lat="34.26363" lon="-117.08721"><ele>1806.0</ele></trkpt>
    <trkpt lat="34.26362" lon="-117.08742"><ele>1806.0</ele></trkpt>
    <trkpt lat="34.26365" lon="-117.08765"><ele>1806.0</ele></trkpt>
    <trkpt lat="34.26367" lon="-117.08772"><ele>1806.0</ele></trkpt>
    <trkpt lat="34.26368" lon="-117.08779"><ele>1806.0</ele></trkpt>
    <trkpt lat="34.26375" lon="-117.08798"><ele>1806.0</ele></trkpt>
    <trkpt lat="34.26381" lon="-117.08811"><ele>1806.0</ele></trkpt>
    <trkpt lat="34.26385" lon="-117.08819"><ele>1806.0</ele></trkpt>
    <trkpt lat="34.26387" lon="-117.08824"><ele>1806.0</ele></trkpt>
    <trkpt lat="34.26393" lon="-117.08837"><ele>1806.0</ele></trkpt>
    <trkpt lat="34.26396" lon="-117.08849"><ele>1806.0</ele></trkpt>
    <trkpt lat="34.26395" lon="-117.08859"><ele>1806.0</ele></trkpt>
    <trkpt lat="34.26395" lon="-117.08859"><ele>1806.0</ele></trkpt>
    <trkpt lat="34.26396" lon="-117.08870"><ele>1806.0</ele></trkpt>
    <trkpt lat="34.26399" lon="-117.08881"><ele>1806.0</ele></trkpt>
    <trkpt lat="34.26408" lon="-117.08893"><ele>1780.0</ele></trkpt>
    <trkpt lat="34.26420" lon="-117.08904"><ele>1780.0</ele></trkpt>
    <trkpt lat="34.26429" lon="-117.08913"><ele>1780.0</ele></trkpt>
    <trkpt lat="34.26435" lon="-117.08923"><ele>1780.0</ele></trkpt>
    <trkpt lat="34.26449" lon="-117.08953"><ele>1780.0</ele></trkpt>
    <trkpt lat="34.26457" lon="-117.08976"><ele>1780.0</ele></trkpt>
    <trkpt lat="34.26460" lon="-117.08989"><ele>1780.0</ele></trkpt>
    <trkpt lat="34.26462" lon="-117.09007"><ele>1780.0</ele></trkpt>
    <trkpt lat="34.26460" lon="-117.09034"><ele>1780.0</ele></trkpt>
    <trkpt lat="34.26457" lon="-117.09045"><ele>1780.0</ele></trkpt>
    <trkpt lat="34.26455" lon="-117.09054"><ele>1780.0</ele></trkpt>
    <trkpt lat="34.26449" lon="-117.09069"><ele>1780.0</ele></trkpt>
    <trkpt lat="34.26440" lon="-117.09089"><ele>1780.0</ele></trkpt>
    <trkpt lat="34.26435" lon="-117.09104"><ele>1780.0</ele></trkpt>
    <trkpt lat="34.26432" lon="-117.09120"><ele>1780.0</ele></trkpt>
    <trkpt lat="34.26429" lon="-117.09137"><ele>1780.0</ele></trkpt>
    <trkpt lat="34.26424" lon="-117.09151"><ele>1780.0</ele></trkpt>
    <trkpt lat="34.26417" lon="-117.09165"><ele>1780.0</ele></trkpt>
    <trkpt lat="34.26407" lon="-117.09183"><ele>1780.0</ele></trkpt>
    <trkpt lat="34.26390" lon="-117.09204"><ele>1770.0</ele></trkpt>
    <trkpt lat="34.26374" lon="-117.09221"><ele>1770.0</ele></trkpt>
    <trkpt lat="34.26357" lon="-117.09233"><ele>1770.0</ele></trkpt>
    <trkpt lat="34.26341" lon="-117.09240"><ele>1770.0</ele></trkpt>
    <trkpt lat="34.26341" lon="-117.09258"><ele>1770.0</ele></trkpt>
    <trkpt lat="34.26344" lon="-117.09275"><ele>1770.0</ele></trkpt>
    <trkpt lat="34.26349" lon="-117.09291"><ele>1770.0</ele></trkpt>
    <trkpt lat="34.26356" lon="-117.09302"><ele>1770.0</ele></trkpt>
    <trkpt lat="34.26363" lon="-117.09312"><ele>1770.0</ele></trkpt>
    <trkpt lat="34.26376" lon="-117.09322"><ele>1770.0</ele></trkpt>
    <trkpt lat="34.26398" lon="-117.09337"><ele>1770.0</ele></trkpt>
    <trkpt lat="34.26406" lon="-117.09348"><ele>1770.0</ele></trkpt>
    <trkpt lat="34.26409" lon="-117.09359"><ele>1770.0</ele></trkpt>
    <trkpt lat="34.26409" lon="-117.09370"><ele>1770.0</ele></trkpt>
    <trkpt lat="34.26404" lon="-117.09383"><ele>1770.0</ele></trkpt>
    <trkpt lat="34.26387" lon="-117.09417"><ele>1770.0</ele></trkpt>
    <trkpt lat="34.26373" lon="-117.09449"><ele>1770.0</ele></trkpt>
    <trkpt lat="34.26355" lon="-117.09496"><ele>1770.0</ele></trkpt>
    <trkpt lat="34.26350" lon="-117.09502"><ele>1770.0</ele></trkpt>
    <trkpt lat="34.26333" lon="-117.09514"><ele>1781.0</ele></trkpt>
    <trkpt lat="34.26327" lon="-117.09521"><ele>1781.0</ele></trkpt>
    <trkpt lat="34.26320" lon="-117.09534"><ele>1781.0</ele></trkpt>
    <trkpt lat="34.26307" lon="-117.09554"><ele>1781.0</ele></trkpt>
    <trkpt lat="34.26292" lon="-117.09578"><ele>1781.0</ele></trkpt>
    <trkpt lat="34.26284" lon="-117.09593"><ele>1781.0</ele></trkpt>
    <trkpt lat="34.26277" lon="-117.09611"><ele>1781.0</ele></trkpt>
    <trkpt lat="34.26261" lon="-117.09639"><ele>1781.0</ele></trkpt>
    <trkpt lat="34.26253" lon="-117.09655"><ele>1781.0</ele></trkpt>
    <trkpt lat="34.26249" lon="-117.09661"><ele>1781.0</ele></trkpt>
    <trkpt lat="34.26246" lon="-117.09664"><ele>1781.0</ele></trkpt>
    <trkpt lat="34.26240" lon="-117.09669"><ele>1781.0</ele></trkpt>
    <trkpt lat="34.26234" lon="-117.09681"><ele>1781.0</ele></trkpt>
    <trkpt lat="34.26221" lon="-117.09702"><ele>1781.0</ele></trkpt>
    <trkpt lat="34.26219" lon="-117.09706"><ele>1781.0</ele></trkpt>
    <trkpt lat="34.26214" lon="-117.09714"><ele>1781.0</ele></trkpt>
    <trkpt lat="34.26212" lon="-117.09723"><ele>1781.0</ele></trkpt>
    <trkpt lat="34.26211" lon="-117.09735"><ele>1781.0</ele></trkpt>
    <trkpt lat="34.26213" lon="-117.09757"><ele>1781.0</ele></trkpt>
    <trkpt lat="34.26215" lon="-117.09772"><ele>1764.0</ele></trkpt>
    <trkpt lat="34.26216" lon="-117.09784"><ele>1764.0</ele></trkpt>
    <trkpt lat="34.26216" lon="-117.09806"><ele>1764.0</ele></trkpt>
    <trkpt lat="34.26218" lon="-117.09827"><ele>1764.0</ele></trkpt>
    <trkpt lat="34.26222" lon="-117.09850"><ele>1764.0</ele></trkpt>
    <trkpt lat="34.26230" lon="-117.09872"><ele>1764.0</ele></trkpt>
    <trkpt lat="34.26236" lon="-117.09882"><ele>1764.0</ele></trkpt>
    <trkpt lat="34.26247" lon="-117.09895"><ele>1764.0</ele></trkpt>
    <trkpt lat="34.26268" lon="-117.09913"><ele>1764.0</ele></trkpt>
    <trkpt lat="34.26279" lon="-117.09926"><ele>1764.0</ele></trkpt>
    <trkpt lat="34.26284" lon="-117.09940"><ele>1764.0</ele></trkpt>
    <trkpt lat="34.26286" lon="-117.09949"><ele>1764.0</ele></trkpt>
    <trkpt lat="34.26287" lon="-117.09952"><ele>1764.0</ele></trkpt>
    <trkpt lat="34.26285" lon="-117.09957"><ele>1764.0</ele></trkpt>
    <trkpt lat="34.26284" lon="-117.09964"><ele>1764.0</ele></trkpt>
    <trkpt lat="34.26283" lon="-117.09968"><ele>1764.0</ele></trkpt>
    <trkpt lat="34.26275" lon="-117.09988"><ele>1764.0</ele></trkpt>
    <trkpt lat="34.26267" lon="-117.10006"><ele>1764.0</ele></trkpt>
    <trkpt lat="34.26258" lon="-117.10017"><ele>1764.0</ele></trkpt>
    <trkpt lat="34.26244" lon="-117.10027"><ele>1754.0</ele></trkpt>
    <trkpt lat="34.26230" lon="-117.10035"><ele>1754.0</ele></trkpt>
    <trkpt lat="34.26212" lon="-117.10039"><ele>1754.0</ele></trkpt>
    <trkpt lat="34.26204" lon="-117.10042"><ele>1754.0</ele></trkpt>
    <trkpt lat="34.26190" lon="-117.10066"><ele>1754.0</ele></trkpt>
    <trkpt lat="34.26176" lon="-117.10095"><ele>1754.0</ele></trkpt>
    <trkpt lat="34.26166" lon="-117.10110"><ele>1754.0</ele></trkpt>
    <trkpt lat="34.26159" lon="-117.10123"><ele>1754.0</ele></trkpt>
    <trkpt lat="34.26157" lon="-117.10132"><ele>1754.0</ele></trkpt>
    <trkpt lat="34.26155" lon="-117.10145"><ele>1754.0</ele></trkpt>
    <trkpt lat="34.26153" lon="-117.10153"><ele>1754.0</ele></trkpt>
    <trkpt lat="34.26139" lon="-117.10178"><ele>1754.0</ele></trkpt>
    <trkpt lat="34.26132" lon="-117.10191"><ele>1754.0</ele></trkpt>
    <trkpt lat="34.26131" lon="-117.10198"><ele>1754.0</ele></trkpt>
    <trkpt lat="34.26138" lon="-117.10209"><ele>1754.0</ele></trkpt>
    <trkpt lat="34.26147" lon="-117.10217"><ele>1754.0</ele></trkpt>
    <trkpt lat="34.26156" lon="-117.10223"><ele>1754.0</ele></trkpt>
    <trkpt lat="34.26165" lon="-117.10226"><ele>1754.0</ele></trkpt>
    <trkpt lat="34.26173" lon="-117.10227"><ele>1754.0</ele></trkpt>
    <trkpt lat="34.26179" lon="-117.10222"><ele>1748.0</ele></trkpt>
    <trkpt lat="34.26186" lon="-117.10214"><ele>1748.0</ele></trkpt>
    <trkpt lat="34.26194" lon="-117.10209"><ele>1748.0</ele></trkpt>
    <trkpt lat="34.26202" lon="-117.10206"><ele>1748.0</ele></trkpt>
    <trkpt lat="34.26209" lon="-117.10207"><ele>1748.0</ele></trkpt>
    <trkpt lat="34.26214" lon="-117.10211"><ele>1748.0</ele></trkpt>
    <trkpt lat="34.26217" lon="-117.10219"><ele>1748.0</ele></trkpt>
    <trkpt lat="34.26219" lon="-117.10232"><ele>1748.0</ele></trkpt>
    <trkpt lat="34.26223" lon="-117.10244"><ele>1748.0</ele></trkpt>
    <trkpt lat="34.26228" lon="-117.10253"><ele>1748.0</ele></trkpt>
    <trkpt lat="34.26234" lon="-117.10263"><ele>1748.0</ele></trkpt>
    <trkpt lat="34.26236" lon="-117.10272"><ele>1748.0</ele></trkpt>
    <trkpt lat="34.26236" lon="-117.10285"><ele>1748.0</ele></trkpt>
    <trkpt lat="34.26236" lon="-117.10294"><ele>1748.0</ele></trkpt>
    <trkpt lat="34.26239" lon="-117.10299"><ele>1748.0</ele></trkpt>
    <trkpt lat="34.26247" lon="-117.10302"><ele>1748.0</ele></trkpt>
    <trkpt lat="34.26255" lon="-117.10301"><ele>1748.0</ele></trkpt>
    <trkpt lat="34.26261" lon="-117.10302"><ele>1748.0</ele></trkpt>
    <trkpt lat="34.26265" lon="-117.10306"><ele>1748.0</ele></trkpt>
    <trkpt lat="34.26267" lon="-117.10313"><ele>1748.0</ele></trkpt>
    <trkpt lat="34.26271" lon="-117.10319"><ele>1720.0</ele></trkpt>
    <trkpt lat="34.26278" lon="-117.10330"><ele>1720.0</ele></trkpt>
    <trkpt lat="34.26281" lon="-117.10343"><ele>1720.0</ele></trkpt>
    <trkpt lat="34.26282" lon="-117.10369"><ele>1720.0</ele></trkpt>
    <trkpt lat="34.26280" lon="-117.10393"><ele>1720.0</ele></trkpt>
    <trkpt lat="34.26277" lon="-117.10417"><ele>1720.0</ele></trkpt>
    <trkpt lat="34.26276" lon="-117.10431"><ele>1720.0</ele></trkpt>
    <trkpt lat="34.26277" lon="-117.10439"><ele>1720.0</ele></trkpt>
    <trkpt lat="34.26281" lon="-117.10442"><ele>1720.0</ele></trkpt>
    <trkpt lat="34.26291" lon="-117.10445"><ele>1720.0</ele></trkpt>
    <trkpt lat="34.26301" lon="-117.10448"><ele>1720.0</ele></trkpt>
    <trkpt lat="34.26312" lon="-117.10455"><ele>1720.0</ele></trkpt>
    <trkpt lat="34.26320" lon="-117.10462"><ele>1720.0</ele></trkpt>
    <trkpt lat="34.26326" lon="-117.10478"><ele>1720.0</ele></trkpt>
    <trkpt lat="34.26330" lon="-117.10488"><ele>1720.0</ele></trkpt>
    <trkpt lat="34.26330" lon="-117.10498"><ele>1720.0</ele></trkpt>
    <trkpt lat="34.26326" lon="-117.10504"><ele>1720.0</ele></trkpt>
    <trkpt lat="34.26321" lon="-117.10515"><ele>1720.0</ele></trkpt>
    <trkpt lat="34.26321" lon="-117.10525"><ele>1720.0</ele></trkpt>
    <trkpt lat="34.26324" lon="-117.10535"><ele>1688.0</ele></trkpt>
    <trkpt lat="34.26332" lon="-117.10542"><ele>1688.0</ele></trkpt>
    <trkpt lat="34.26348" lon="-117.10558"><ele>1688.0</ele></trkpt>
    <trkpt lat="34.26363" lon="-117.10567"><ele>1688.0</ele></trkpt>
    <trkpt lat="34.26378" lon="-117.10575"><ele>1688.0</ele></trkpt>
    <trkpt lat="34.26395" lon="-117.10587"><ele>1688.0</ele></trkpt>
    <trkpt lat="34.26405" lon="-117.10597"><ele>1688.0</ele></trkpt>
    <trkpt lat="34.26411" lon="-117.10610"><ele>1688.0</ele></trkpt>
    <trkpt lat="34.26415" lon="-117.10624"><ele>1688.0</ele></trkpt>
    <trkpt lat="34.26417" lon="-117.10645"><ele>1688.0</ele></trkpt>
    <trkpt lat="34.26418" lon="-117.10672"><ele>1688.0</ele></trkpt>
    <trkpt lat="34.26420" lon="-117.10685"><ele>1688.0</ele></trkpt>
    <trkpt lat="34.26423" lon="-117.10701"><ele>1688.0</ele></trkpt>
    <trkpt lat="34.26426" lon="-117.10718"><ele>1688.0</ele></trkpt>
    <trkpt lat="34.26431" lon="-117.10732"><ele>1688.0</ele></trkpt>
    <trkpt lat="34.26433" lon="-117.10737"><ele>1688.0</ele></trkpt>
    <trkpt lat="34.26435" lon="-117.10740"><ele>1688.0</ele></trkpt>
    <trkpt lat="34.26436" lon="-117.10750"><ele>1688.0</ele></trkpt>
    <trkpt lat="34.26435" lon="-117.10762"><ele>1688.0</ele></trkpt>
    <trkpt lat="34.26430" lon="-117.10773"><ele>1686.0</ele></trkpt>
    <trkpt lat="34.26423" lon="-117.10785"><ele>1686.0</ele></trkpt>
    <trkpt lat="34.26407" lon="-117.10811"><ele>1686.0</ele></trkpt>
    <trkpt lat="34.26402" lon="-117.10821"><ele>1686.0</ele></trkpt>
    <trkpt lat="34.26399" lon="-117.10829"><ele>1686.0</ele></trkpt>
    <trkpt lat="34.26398" lon="-117.10831"><ele>1686.0</ele></trkpt>
    <trkpt lat="34.26398" lon="-117.10833"><ele>1686.0</ele></trkpt>
    <trkpt lat="34.26396" lon="-117.10844"><ele>1686.0</ele></trkpt>
    <trkpt lat="34.26398" lon="-117.10852"><ele>1686.0</ele></trkpt>
    <trkpt lat="34.26401" lon="-117.10859"><ele>1686.0</ele></trkpt>
    <trkpt lat="34.26408" lon="-117.10867"><ele>1686.0</ele></trkpt>
    <trkpt lat="34.26416" lon="-117.10877"><ele>1686.0</ele></trkpt>
    <trkpt lat="34.26425" lon="-117.10890"><ele>1686.0</ele></trkpt>
    <trkpt lat="34.26434" lon="-117.10905"><ele>1686.0</ele></trkpt>
    <trkpt lat="34.26442" lon="-117.10917"><ele>1686.0</ele></trkpt>
    <trkpt lat="34.26451" lon="-117.10932"><ele>1686.0</ele></trkpt>
    <trkpt lat="34.26458" lon="-117.10947"><ele>1686.0</ele></trkpt>
    <trkpt lat="34.26464" lon="-117.10960"><ele>1686.0</ele></trkpt>
    <trkpt lat="34.26466" lon="-117.10963"><ele>1686.0</ele></trkpt>
    <trkpt lat="34.26470" lon="-117.10970"><ele>1701.0</ele></trkpt>
    <trkpt lat="34.26475" lon="-117.10980"><ele>1701.0</ele></trkpt>
    <trkpt lat="34.26481" lon="-117.10992"><ele>1701.0</ele></trkpt>
    <trkpt lat="34.26484" lon="-117.10999"><ele>1701.0</ele></trkpt>
    <trkpt lat="34.26491" lon="-117.11008"><ele>1701.0</ele></trkpt>
    <trkpt lat="34.26494" lon="-117.11015"><ele>1701.0</ele></trkpt>
    <trkpt lat="34.26496" lon="-117.11019"><ele>1701.0</ele></trkpt>
    <trkpt lat="34.26498" lon="-117.11026"><ele>1701.0</ele></trkpt>
    <trkpt lat="34.26498" lon="-117.11026"><ele>1701.0</ele></trkpt>
    <trkpt lat="34.26497" lon="-117.11035"><ele>1701.0</ele></trkpt>
    <trkpt lat="34.26496" lon="-117.11044"><ele>1701.0</ele></trkpt>
    <trkpt lat="34.26497" lon="-117.11055"><ele>1701.0</ele></trkpt>
    <trkpt lat="34.26501" lon="-117.11068"><ele>1701.0</ele></trkpt>
    <trkpt lat="34.26506" lon="-117.11080"><ele>1701.0</ele></trkpt>
    <trkpt lat="34.26509" lon="-117.11090"><ele>1701.0</ele></trkpt>
    <trkpt lat="34.26514" lon="-117.11095"><ele>1701.0</ele></trkpt>
    <trkpt lat="34.26522" lon="-117.11103"><ele>1701.0</ele></trkpt>
    <trkpt lat="34.26529" lon="-117.11114"><ele>1701.0</ele></trkpt>
    <trkpt lat="34.26533" lon="-117.11123"><ele>1701.0</ele></trkpt>
    <trkpt lat="34.26535" lon="-117.11134"><ele>1713.0</ele></trkpt>
    <trkpt lat="34.26537" lon="-117.11148"><ele>1713.0</ele></trkpt>
    <trkpt lat="34.26541" lon="-117.11159"><ele>1713.0</ele></trkpt>
    <trkpt lat="34.26549" lon="-117.11173"><ele>1713.0</ele></trkpt>
    <trkpt lat="34.26556" lon="-117.11184"><ele>1713.0</ele></trkpt>
    <trkpt lat="34.26558" lon="-117.11187"><ele>1713.0</ele></trkpt>
    <trkpt lat="34.26561" lon="-117.11193"><ele>1713.0</ele></trkpt>
    <trkpt lat="34.26563" lon="-117.11199"><ele>1713.0</ele></trkpt>
    <trkpt lat="34.26561" lon="-117.11206"><ele>1713.0</ele></trkpt>
    <trkpt lat="34.26559" lon="-117.11215"><ele>1713.0</ele></trkpt>
    <trkpt lat="34.26553" lon="-117.11233"><ele>1713.0</ele></trkpt>
    <trkpt lat="34.26550" lon="-117.11250"><ele>1713.0</ele></trkpt>
    <trkpt lat="34.26550" lon="-117.11268"><ele>1713.0</ele></trkpt>
    <trkpt lat="34.26552" lon="-117.11283"><ele>1713.0</ele></trkpt>
    <trkpt lat="34.26554" lon="-117.11297"><ele>1713.0</ele></trkpt>
    <trkpt lat="34.26558" lon="-117.11314"><ele>1713.0</ele></trkpt>
    <trkpt lat="34.26562" lon="-117.11328"><ele>1713.0</ele></trkpt>
    <trkpt lat="34.26567" lon="-117.11344"><ele>1713.0</ele></trkpt>
    <trkpt lat="34.26568" lon="-117.11347"><ele>1713.0</ele></trkpt>
    <trkpt lat="34.26570" lon="-117.11354"><ele>1713.0</ele></trkpt>
    <trkpt lat="34.26572" lon="-117.11365"><ele>1681.0</ele></trkpt>
    <trkpt lat="34.26570" lon="-117.11370"><ele>1681.0</ele></trkpt>
    <trkpt lat="34.26566" lon="-117.11375"><ele>1681.0</ele></trkpt>
    <trkpt lat="34.26556" lon="-117.11382"><ele>1681.0</ele></trkpt>
    <trkpt lat="34.26543" lon="-117.11389"><ele>1681.0</ele></trkpt>
    <trkpt lat="34.26539" lon="-117.11395"><ele>1681.0</ele></trkpt>
    <trkpt lat="34.26535" lon="-117.11404"><ele>1681.0</ele></trkpt>
    <trkpt lat="34.26529" lon="-117.11417"><ele>1681.0</ele></trkpt>
    <trkpt lat="34.26521" lon="-117.11431"><ele>1681.0</ele></trkpt>
    <trkpt lat="34.26519" lon="-117.11443"><ele>1681.0</ele></trkpt>
    <trkpt lat="34.26521" lon="-117.11455"><ele>1681.0</ele></trkpt>
    <trkpt lat="34.26524" lon="-117.11469"><ele>1681.0</ele></trkpt>
    <trkpt lat="34.26526" lon="-117.11480"><ele>1681.0</ele></trkpt>
    <trkpt lat="34.26525" lon="-117.11491"><ele>1681.0</ele></trkpt>
    <trkpt lat="34.26521" lon="-117.11501"><ele>1681.0</ele></trkpt>
    <trkpt lat="34.26516" lon="-117.11513"><ele>1681.0</ele></trkpt>
    <trkpt lat="34.26513" lon="-117.11525"><ele>1681.0</ele></trkpt>
    <trkpt lat="34.26509" lon="-117.11562"><ele>1681.0</ele></trkpt>
    <trkpt lat="34.26510" lon="-117.11577"><ele>1681.0</ele></trkpt>
    <trkpt lat="34.26509" lon="-117.11596"><ele>1624.0</ele></trkpt>
    <trkpt lat="34.26507" lon="-117.11619"><ele>1624.0</ele></trkpt>
    <trkpt lat="34.26504" lon="-117.11640"><ele>1624.0</ele></trkpt>
    <trkpt lat="34.26500" lon="-117.11654"><ele>1624.0</ele></trkpt>
    <trkpt lat="34.26494" lon="-117.11666"><ele>1624.0</ele></trkpt>
    <trkpt lat="34.26487" lon="-117.11676"><ele>1624.0</ele></trkpt>
    <trkpt lat="34.26482" lon="-117.11687"><ele>1624.0</ele></trkpt>
    <trkpt lat="34.26482" lon="-117.11697"><ele>1624.0</ele></trkpt>
    <trkpt lat="34.26486" lon="-117.11713"><ele>1624.0</ele></trkpt>
    <trkpt lat="34.26496" lon="-117.11738"><ele>1624.0</ele></trkpt>
    <trkpt lat="34.26506" lon="-117.11760"><ele>1624.0</ele></trkpt>
    <trkpt lat="34.26512" lon="-117.11770"><ele>1624.0</ele></trkpt>
    <trkpt lat="34.26520" lon="-117.11773"><ele>1624.0</ele></trkpt>
    <trkpt lat="34.26526" lon="-117.11768"><ele>1624.0</ele></trkpt>
    <trkpt lat="34.26541" lon="-117.11754"><ele>1624.0</ele></trkpt>
    <trkpt lat="34.26556" lon="-117.11741"><ele>1624.0</ele></trkpt>
    <trkpt lat="34.26568" lon="-117.11734"><ele>1624.0</ele></trkpt>
    <trkpt lat="34.26580" lon="-117.11733"><ele>1624.0</ele></trkpt>
    <trkpt lat="34.26594" lon="-117.11737"><ele>1624.0</ele></trkpt>
    <trkpt lat="34.26605" lon="-117.11744"><ele>1588.0</ele></trkpt>
    <trkpt lat="34.26612" lon="-117.11752"><ele>1588.0</ele></trkpt>
    <trkpt lat="34.26618" lon="-117.11760"><ele>1588.0</ele></trkpt>
    <trkpt lat="34.26641" lon="-117.11780"><ele>1588.0</ele></trkpt>
    <trkpt lat="34.26656" lon="-117.11789"><ele>1588.0</ele></trkpt>
    <trkpt lat="34.26664" lon="-117.11787"><ele>1588.0</ele></trkpt>
    <trkpt lat="34.26674" lon="-117.11784"><ele>1588.0</ele></trkpt>
    <trkpt lat="34.26686" lon="-117.11784"><ele>1588.0</ele></trkpt>
    <trkpt lat="34.26692" lon="-117.11785"><ele>1588.0</ele></trkpt>
    <trkpt lat="34.26697" lon="-117.11789"><ele>1588.0</ele></trkpt>
    <trkpt lat="34.26698" lon="-117.11796"><ele>1588.0</ele></trkpt>
    <trkpt lat="34.26697" lon="-117.11802"><ele>1588.0</ele></trkpt>
    <trkpt lat="34.26693" lon="-117.11808"><ele>1588.0</ele></trkpt>
    <trkpt lat="34.26688" lon="-117.11811"><ele>1588.0</ele></trkpt>
    <trkpt lat="34.26686" lon="-117.11817"><ele>1588.0</ele></trkpt>
    <trkpt lat="34.26686" lon="-117.11823"><ele>1588.0</ele></trkpt>
    <trkpt lat="34.26688" lon="-117.11829"><ele>1588.0</ele></trkpt>
    <trkpt lat="34.26696" lon="-117.11841"><ele>1588.0</ele></trkpt>
    <trkpt lat="34.26708" lon="-117.11865"><ele>1588.0</ele></trkpt>
    <trkpt lat="34.26712" lon="-117.11877"><ele>1569.0</ele></trkpt>
    <trkpt lat="34.26714" lon="-117.11887"><ele>1569.0</ele></trkpt>
    <trkpt lat="34.26714" lon="-117.11902"><ele>1569.0</ele></trkpt>
    <trkpt lat="34.26715" lon="-117.11916"><ele>1569.0</ele></trkpt>
    <trkpt lat="34.26716" lon="-117.11926"><ele>1569.0</ele></trkpt>
    <trkpt lat="34.26718" lon="-117.11931"><ele>1569.0</ele></trkpt>
    <trkpt lat="34.26723" lon="-117.11931"><ele>1569.0</ele></trkpt>
    <trkpt lat="34.26743" lon="-117.11928"><ele>1569.0</ele></trkpt>
    <trkpt lat="34.26759" lon="-117.11926"><ele>1569.0</ele></trkpt>
    <trkpt lat="34.26770" lon="-117.11931"><ele>1569.0</ele></trkpt>
    <trkpt lat="34.26780" lon="-117.11939"><ele>1569.0</ele></trkpt>
    <trkpt lat="34.26788" lon="-117.11948"><ele>1569.0</ele></trkpt>
    <trkpt lat="34.26797" lon="-117.11954"><ele>1569.0</ele></trkpt>
    <trkpt lat="34.26801" lon="-117.11955"><ele>1569.0</ele></trkpt>
    <trkpt lat="34.26811" lon="-117.11952"><ele>1569.0</ele></trkpt>
    <trkpt lat="34.26824" lon="-117.11945"><ele>1569.0</ele></trkpt>
    <trkpt lat="34.26832" lon="-117.11945"><ele>1569.0</ele></trkpt>
    <trkpt lat="34.26849" lon="-117.11946"><ele>1569.0</ele></trkpt>
    <trkpt lat="34.26858" lon="-117.11949"><ele>1569.0</ele></trkpt>
    <trkpt lat="34.26862" lon="-117.11956"><ele>1558.0</ele></trkpt>
    <trkpt lat="34.26866" lon="-117.11965"><ele>1558.0</ele></trkpt>
    <trkpt lat="34.26868" lon="-117.11978"><ele>1558.0</ele></trkpt>
    <trkpt lat="34.26870" lon="-117.11994"><ele>1558.0</ele></trkpt>
    <trkpt lat="34.26870" lon="-117.12003"><ele>1558.0</ele></trkpt>
    <trkpt lat="34.26868" lon="-117.12017"><ele>1558.0</ele></trkpt>
    <trkpt lat="34.26866" lon="-117.12029"><ele>1558.0</ele></trkpt>
    <trkpt lat="34.26867" lon="-117.12036"><ele>1558.0</ele></trkpt>
    <trkpt lat="34.26870" lon="-117.12044"><ele>1558.0</ele></trkpt>
    <trkpt lat="34.26875" lon="-117.12056"><ele>1558.0</ele></trkpt>
    <trkpt lat="34.26878" lon="-117.12075"><ele>1558.0</ele></trkpt>
    <trkpt lat="34.26877" lon="-117.12086"><ele>1558.0</ele></trkpt>
    <trkpt lat="34.26872" lon="-117.12103"><ele>1558.0</ele></trkpt>
    <trkpt lat="34.26868" lon="-117.12114"><ele>1558.0</ele></trkpt>
    <trkpt lat="34.26862" lon="-117.12125"><ele>1558.0</ele></trkpt>
    <trkpt lat="34.26859" lon="-117.12134"><ele>1558.0</ele></trkpt>
    <trkpt lat="34.26857" lon="-117.12141"><ele>1558.0</ele></trkpt>
    <trkpt lat="34.26860" lon="-117.12151"><ele>1558.0</ele></trkpt>
    <trkpt lat="34.26862" lon="-117.12159"><ele>1558.0</ele></trkpt>
    <trkpt lat="34.26866" lon="-117.12163"><ele>1540.0</ele></trkpt>
    <trkpt lat="34.26868" lon="-117.12168"><ele>1540.0</ele></trkpt>
    <trkpt lat="34.26871" lon="-117.12179"><ele>1540.0</ele></trkpt>
    <trkpt lat="34.26877" lon="-117.12192"><ele>1540.0</ele></trkpt>
    <trkpt lat="34.26879" lon="-117.12206"><ele>1540.0</ele></trkpt>
    <trkpt lat="34.26877" lon="-117.12224"><ele>1540.0</ele></trkpt>
    <trkpt lat="34.26875" lon="-117.12241"><ele>1540.0</ele></trkpt>
    <trkpt lat="34.26872" lon="-117.12251"><ele>1540.0</ele></trkpt>
    <trkpt lat="34.26871" lon="-117.12258"><ele>1540.0</ele></trkpt>
    <trkpt lat="34.26870" lon="-117.12262"><ele>1540.0</ele></trkpt>
    <trkpt lat="34.26870" lon="-117.12274"><ele>1540.0</ele></trkpt>
    <trkpt lat="34.26870" lon="-117.12286"><ele>1540.0</ele></trkpt>
    <trkpt lat="34.26872" lon="-117.12292"><ele>1540.0</ele></trkpt>
    <trkpt lat="34.26877" lon="-117.12298"><ele>1540.0</ele></trkpt>
    <trkpt lat="34.26882" lon="-117.12304"><ele>1540.0</ele></trkpt>
    <trkpt lat="34.26882" lon="-117.12305"><ele>1540.0</ele></trkpt>
    <trkpt lat="34.26883" lon="-117.12312"><ele>1540.0</ele></trkpt>
    <trkpt lat="34.26882" lon="-117.12324"><ele>1540.0</ele></trkpt>
    <trkpt lat="34.26881" lon="-117.12334"><ele>1540.0</ele></trkpt>
    <trkpt lat="34.26880" lon="-117.12336"><ele>1540.0</ele></trkpt>
    <trkpt lat="34.26878" lon="-117.12343"><ele>1535.0</ele></trkpt>
    <trkpt lat="34.26874" lon="-117.12348"><ele>1535.0</ele></trkpt>
    <trkpt lat="34.26871" lon="-117.12354"><ele>1535.0</ele></trkpt>
    <trkpt lat="34.26872" lon="-117.12361"><ele>1535.0</ele></trkpt>
    <trkpt lat="34.26876" lon="-117.12366"><ele>1535.0</ele></trkpt>
    <trkpt lat="34.26884" lon="-117.12373"><ele>1535.0</ele></trkpt>
    <trkpt lat="34.26888" lon="-117.12380"><ele>1535.0</ele></trkpt>
    <trkpt lat="34.26891" lon="-117.12388"><ele>1535.0</ele></trkpt>
    <trkpt lat="34.26896" lon="-117.12397"><ele>1535.0</ele></trkpt>
    <trkpt lat="34.26900" lon="-117.12401"><ele>1535.0</ele></trkpt>
    <trkpt lat="34.26905" lon="-117.12405"><ele>1535.0</ele></trkpt>
    <trkpt lat="34.26909" lon="-117.12409"><ele>1535.0</ele></trkpt>
    <trkpt lat="34.26912" lon="-117.12416"><ele>1535.0</ele></trkpt>
    <trkpt lat="34.26916" lon="-117.12425"><ele>1535.0</ele></trkpt>
    <trkpt lat="34.26923" lon="-117.12434"><ele>1535.0</ele></trkpt>
    <trkpt lat="34.26927" lon="-117.12441"><ele>1535.0</ele></trkpt>
    <trkpt lat="34.26928" lon="-117.12448"><ele>1535.0</ele></trkpt>
    <trkpt lat="34.26928" lon="-117.12448"><ele>1535.0</ele></trkpt>
    <trkpt lat="34.26928" lon="-117.12448"><ele>1535.0</ele></trkpt>
    <trkpt lat="34.26929" lon="-117.12452"><ele>1526.0</ele></trkpt>
    <trkpt lat="34.26929" lon="-117.12456"><ele>1526.0</ele></trkpt>
    <trkpt lat="34.26928" lon="-117.12464"><ele>1526.0</ele></trkpt>
    <trkpt lat="34.26928" lon="-117.12466"><ele>1526.0</ele></trkpt>
    <trkpt lat="34.26929" lon="-117.12477"><ele>1526.0</ele></trkpt>
    <trkpt lat="34.26930" lon="-117.12486"><ele>1526.0</ele></trkpt>
    <trkpt lat="34.26934" lon="-117.12493"><ele>1526.0</ele></trkpt>
    <trkpt lat="34.26937" lon="-117.12499"><ele>1526.0</ele></trkpt>
    <trkpt lat="34.26942" lon="-117.12507"><ele>1526.0</ele></trkpt>
    <trkpt lat="34.26942" lon="-117.12507"><ele>1526.0</ele></trkpt>
    <trkpt lat="34.26945" lon="-117.12512"><ele>1526.0</ele></trkpt>
    <trkpt lat="34.26948" lon="-117.12517"><ele>1526.0</ele></trkpt>
    <trkpt lat="34.26948" lon="-117.12520"><ele>1526.0</ele></trkpt>
    <trkpt lat="34.26949" lon="-117.12525"><ele>1526.0</ele></trkpt>
    <trkpt lat="34.26951" lon="-117.12533"><ele>1526.0</ele></trkpt>
    <trkpt lat="34.26954" lon="-117.12539"><ele>1526.0</ele></trkpt>
    <trkpt lat="34.26959" lon="-117.12541"><ele>1526.0</ele></trkpt>
    <trkpt lat="34.26966" lon="-117.12541"><ele>1526.0</ele></trkpt>
    <trkpt lat="34.26972" lon="-117.12540"><ele>1526.0</ele></trkpt>
    <trkpt lat="34.26973" lon="-117.12539"><ele>1511.0</ele></trkpt>
    <trkpt lat="34.26976" lon="-117.12536"><ele>1511.0</ele></trkpt>
    <trkpt lat="34.26983" lon="-117.12533"><ele>1511.0</ele></trkpt>
    <trkpt lat="34.26988" lon="-117.12533"><ele>1511.0</ele></trkpt>
    <trkpt lat="34.26992" lon="-117.12536"><ele>1511.0</ele></trkpt>
    <trkpt lat="34.26994" lon="-117.12543"><ele>1511.0</ele></trkpt>
    <trkpt lat="34.26996" lon="-117.12557"><ele>1511.0</ele></trkpt>
    <trkpt lat="34.26996" lon="-117.12565"><ele>1511.0</ele></trkpt>
    <trkpt lat="34.26997" lon="-117.12571"><ele>1511.0</ele></trkpt>
    <trkpt lat="34.27000" lon="-117.12573"><ele>1511.0</ele></trkpt>
    <trkpt lat="34.27005" lon="-117.12572"><ele>1511.0</ele></trkpt>
    <trkpt lat="34.27008" lon="-117.12568"><ele>1511.0</ele></trkpt>
    <trkpt lat="34.27011" lon="-117.12559"><ele>1511.0</ele></trkpt>
    <trkpt lat="34.27012" lon="-117.12547"><ele>1511.0</ele></trkpt>
    <trkpt lat="34.27013" lon="-117.12537"><ele>1511.0</ele></trkpt>
    <trkpt lat="34.27013" lon="-117.12534"><ele>1511.0</ele></trkpt>
    <trkpt lat="34.27014" lon="-117.12527"><ele>1511.0</ele></trkpt>
    <trkpt lat="34.27013" lon="-117.12517"><ele>1511.0</ele></trkpt>
    <trkpt lat="34.27011" lon="-117.12507"><ele>1511.0</ele></trkpt>
    <trkpt lat="34.27009" lon="-117.12501"><ele>1513.0</ele></trkpt>
    <trkpt lat="34.27005" lon="-117.12493"><ele>1513.0</ele></trkpt>
    <trkpt lat="34.26996" lon="-117.12487"><ele>1513.0</ele></trkpt>
    <trkpt lat="34.26988" lon="-117.12480"><ele>1513.0</ele></trkpt>
    <trkpt lat="34.26979" lon="-117.12470"><ele>1513.0</ele></trkpt>
    <trkpt lat="34.26974" lon="-117.12462"><ele>1513.0</ele></trkpt>
    <trkpt lat="34.26972" lon="-117.12455"><ele>1513.0</ele></trkpt>
    <trkpt lat="34.26973" lon="-117.12448"><ele>1513.0</ele></trkpt>
    <trkpt lat="34.26976" lon="-117.12439"><ele>1513.0</ele></trkpt>
    <trkpt lat="34.26977" lon="-117.12431"><ele>1513.0</ele></trkpt>
    <trkpt lat="34.26976" lon="-117.12422"><ele>1513.0</ele></trkpt>
    <trkpt lat="34.26974" lon="-117.12410"><ele>1513.0</ele></trkpt>
    <trkpt lat="34.26974" lon="-117.12401"><ele>1513.0</ele></trkpt>
    <trkpt lat="34.26976" lon="-117.12395"><ele>1513.0</ele></trkpt>
    <trkpt lat="34.26979" lon="-117.12392"><ele>1513.0</ele></trkpt>
    <trkpt lat="34.26984" lon="-117.12391"><ele>1513.0</ele></trkpt>
    <trkpt lat="34.26988" lon="-117.12392"><ele>1513.0</ele></trkpt>
    <trkpt lat="34.26992" lon="-117.12395"><ele>1513.0</ele></trkpt>
    <trkpt lat="34.26997" lon="-117.12404"><ele>1513.0</ele></trkpt>
    <trkpt lat="34.27002" lon="-117.12415"><ele>1495.0</ele></trkpt>
    <trkpt lat="34.27006" lon="-117.12422"><ele>1495.0</ele></trkpt>
    <trkpt lat="34.27015" lon="-117.12428"><ele>1495.0</ele></trkpt>
    <trkpt lat="34.27022" lon="-117.12431"><ele>1495.0</ele></trkpt>
    <trkpt lat="34.27033" lon="-117.12433"><ele>1495.0</ele></trkpt>
    <trkpt lat="34.27049" lon="-117.12439"><ele>1495.0</ele></trkpt>
    <trkpt lat="34.27062" lon="-117.12442"><ele>1495.0</ele></trkpt>
    <trkpt lat="34.27077" lon="-117.12445"><ele>1495.0</ele></trkpt>
    <trkpt lat="34.27091" lon="-117.12447"><ele>1495.0</ele></trkpt>
    <trkpt lat="34.27104" lon="-117.12449"><ele>1495.0</ele></trkpt>
    <trkpt lat="34.27110" lon="-117.12450"><ele>1495.0</ele></trkpt>
    <trkpt lat="34.27115" lon="-117.12453"><ele>1495.0</ele></trkpt>
    <trkpt lat="34.27120" lon="-117.12458"><ele>1495.0</ele></trkpt>
    <trkpt lat="34.27126" lon="-117.12461"><ele>1495.0</ele></trkpt>
    <trkpt lat="34.27133" lon="-117.12461"><ele>1495.0</ele></trkpt>
    <trkpt lat="34.27138" lon="-117.12459"><ele>1495.0</ele></trkpt>
    <trkpt lat="34.27146" lon="-117.12455"><ele>1495.0</ele></trkpt>
    <trkpt lat="34.27153" lon="-117.12449"><ele>1495.0</ele></trkpt>
    <trkpt lat="34.27158" lon="-117.12444"><ele>1495.0</ele></trkpt>
    <trkpt lat="34.27164" lon="-117.12440"><ele>1481.0</ele></trkpt>
    <trkpt lat="34.27168" lon="-117.12439"><ele>1481.0</ele></trkpt>
    <trkpt lat="34.27173" lon="-117.12439"><ele>1481.0</ele></trkpt>
    <trkpt lat="34.27175" lon="-117.12442"><ele>1481.0</ele></trkpt>
    <trkpt lat="34.27176" lon="-117.12448"><ele>1481.0</ele></trkpt>
    <trkpt lat="34.27173" lon="-117.12457"><ele>1481.0</ele></trkpt>
    <trkpt lat="34.27168" lon="-117.12467"><ele>1481.0</ele></trkpt>
    <trkpt lat="34.27164" lon="-117.12477"><ele>1481.0</ele></trkpt>
    <trkpt lat="34.27160" lon="-117.12490"><ele>1481.0</ele></trkpt>
    <trkpt lat="34.27158" lon="-117.12497"><ele>1481.0</ele></trkpt>
    <trkpt lat="34.27153" lon="-117.12504"><ele>1481.0</ele></trkpt>
    <trkpt lat="34.27142" lon="-117.12513"><ele>1481.0</ele></trkpt>
    <trkpt lat="34.27125" lon="-117.12524"><ele>1481.0</ele></trkpt>
    <trkpt lat="34.27115" lon="-117.12534"><ele>1481.0</ele></trkpt>
    <trkpt lat="34.27110" lon="-117.12540"><ele>1481.0</ele></trkpt>
    <trkpt lat="34.27106" lon="-117.12552"><ele>1481.0</ele></trkpt>
    <trkpt lat="34.27106" lon="-117.12562"><ele>1481.0</ele></trkpt>
    <trkpt lat="34.27108" lon="-117.12570"><ele>1481.0</ele></trkpt>
    <trkpt lat="34.27112" lon="-117.12580"><ele>1481.0</ele></trkpt>
    <trkpt lat="34.27115" lon="-117.12589"><ele>1481.0</ele></trkpt>
    <trkpt lat="34.27118" lon="-117.12607"><ele>1467.0</ele></trkpt>
    <trkpt lat="34.27118" lon="-117.12622"><ele>1467.0</ele></trkpt>
    <trkpt lat="34.27118" lon="-117.12634"><ele>1467.0</ele></trkpt>
    <trkpt lat="34.27118" lon="-117.12644"><ele>1467.0</ele></trkpt>
    <trkpt lat="34.27119" lon="-117.12650"><ele>1467.0</ele></trkpt>
    <trkpt lat="34.27124" lon="-117.12660"><ele>1467.0</ele></trkpt>
    <trkpt lat="34.27129" lon="-117.12669"><ele>1467.0</ele></trkpt>
    <trkpt lat="34.27135" lon="-117.12681"><ele>1467.0</ele></trkpt>
    <trkpt lat="34.27147" lon="-117.12696"><ele>1467.0</ele></trkpt>
    <trkpt lat="34.27150" lon="-117.12703"><ele>1467.0</ele></trkpt>
    <trkpt lat="34.27151" lon="-117.12714"><ele>1467.0</ele></trkpt>
    <trkpt lat="34.27149" lon="-117.12726"><ele>1467.0</ele></trkpt>
    <trkpt lat="34.27143" lon="-117.12739"><ele>1467.0</ele></trkpt>
    <trkpt lat="34.27138" lon="-117.12748"><ele>1467.0</ele></trkpt>
    <trkpt lat="34.27134" lon="-117.12759"><ele>1467.0</ele></trkpt>
    <trkpt lat="34.27135" lon="-117.12758"><ele>1467.0</ele></trkpt>
    <trkpt lat="34.27133" lon="-117.12773"><ele>1467.0</ele></trkpt>
    <trkpt lat="34.27132" lon="-117.12784"><ele>1467.0</ele></trkpt>
    <trkpt lat="34.27130" lon="-117.12791"><ele>1467.0</ele></trkpt>
    <trkpt lat="34.27119" lon="-117.12800"><ele>1450.0</ele></trkpt>
    <trkpt lat="34.27099" lon="-117.12812"><ele>1450.0</ele></trkpt>
    <trkpt lat="34.27085" lon="-117.12821"><ele>1450.0</ele></trkpt>
    <trkpt lat="34.27080" lon="-117.12828"><ele>1450.0</ele></trkpt>
    <trkpt lat="34.27078" lon="-117.12841"><ele>1450.0</ele></trkpt>
    <trkpt lat="34.27076" lon="-117.12872"><ele>1450.0</ele></trkpt>
    <trkpt lat="34.27074" lon="-117.12878"><ele>1450.0</ele></trkpt>
    <trkpt lat="34.27066" lon="-117.12888"><ele>1450.0</ele></trkpt>
    <trkpt lat="34.27059" lon="-117.12899"><ele>1450.0</ele></trkpt>
    <trkpt lat="34.27047" lon="-117.12914"><ele>1450.0</ele></trkpt>
    <trkpt lat="34.27038" lon="-117.12926"><ele>1450.0</ele></trkpt>
    <trkpt lat="34.27030" lon="-117.12933"><ele>1450.0</ele></trkpt>
    <trkpt lat="34.27022" lon="-117.12937"><ele>1450.0</ele></trkpt>
    <trkpt lat="34.27018" lon="-117.12937"><ele>1450.0</ele></trkpt>
    <trkpt lat="34.27016" lon="-117.12937"><ele>1450.0</ele></trkpt>
    <trkpt lat="34.27011" lon="-117.12933"><ele>1450.0</ele></trkpt>
    <trkpt lat="34.27011" lon="-117.12933"><ele>1450.0</ele></trkpt>
    <trkpt lat="34.27004" lon="-117.12928"><ele>1450.0</ele></trkpt>
    <trkpt lat="34.26999" lon="-117.12922"><ele>1450.0</ele></trkpt>
    <trkpt lat="34.26994" lon="-117.12914"><ele>1455.0</ele></trkpt>
    <trkpt lat="34.26989" lon="-117.12905"><ele>1455.0</ele></trkpt>
    <trkpt lat="34.26988" lon="-117.12904"><ele>1455.0</ele></trkpt>
    <trkpt lat="34.26985" lon="-117.12897"><ele>1455.0</ele></trkpt>
    <trkpt lat="34.26983" lon="-117.12889"><ele>1455.0</ele></trkpt>
    <trkpt lat="34.26973" lon="-117.12868"><ele>1455.0</ele></trkpt>
    <trkpt lat="34.26970" lon="-117.12861"><ele>1455.0</ele></trkpt>
    <trkpt lat="34.26968" lon="-117.12859"><ele>1455.0</ele></trkpt>
    <trkpt lat="34.26965" lon="-117.12851"><ele>1455.0</ele></trkpt>
    <trkpt lat="34.26963" lon="-117.12842"><ele>1455.0</ele></trkpt>
    <trkpt lat="34.26959" lon="-117.12833"><ele>1455.0</ele></trkpt>
    <trkpt lat="34.26956" lon="-117.12825"><ele>1455.0</ele></trkpt>
    <trkpt lat="34.26956" lon="-117.12823"><ele>1455.0</ele></trkpt>
    <trkpt lat="34.26952" lon="-117.12813"><ele>1455.0</ele></trkpt>
    <trkpt lat="34.26948" lon="-117.12808"><ele>1455.0</ele></trkpt>
    <trkpt lat="34.26942" lon="-117.12807"><ele>1455.0</ele></trkpt>
    <trkpt lat="34.26934" lon="-117.12807"><ele>1455.0</ele></trkpt>
    <trkpt lat="34.26927" lon="-117.12811"><ele>1455.0</ele></trkpt>
    <trkpt lat="34.26921" lon="-117.12818"><ele>1455.0</ele></trkpt>
    <trkpt lat="34.26916" lon="-117.12822"><ele>1444.0</ele></trkpt>
    <trkpt lat="34.26908" lon="-117.12825"><ele>1444.0</ele></trkpt>
    <trkpt lat="34.26899" lon="-117.12828"><ele>1444.0</ele></trkpt>
    <trkpt lat="34.26892" lon="-117.12830"><ele>1444.0</ele></trkpt>
    <trkpt lat="34.26886" lon="-117.12833"><ele>1444.0</ele></trkpt>
    <trkpt lat="34.26879" lon="-117.12841"><ele>1444.0</ele></trkpt>
    <trkpt lat="34.26871" lon="-117.12848"><ele>1444.0</ele></trkpt>
    <trkpt lat="34.26862" lon="-117.12855"><ele>1444.0</ele></trkpt>
    <trkpt lat="34.26850" lon="-117.12863"><ele>1444.0</ele></trkpt>
    <trkpt lat="34.26850" lon="-117.12863"><ele>1444.0</ele></trkpt>
    <trkpt lat="34.26845" lon="-117.12866"><ele>1444.0</ele></trkpt>
    <trkpt lat="34.26839" lon="-117.12870"><ele>1444.0</ele></trkpt>
    <trkpt lat="34.26830" lon="-117.12877"><ele>1444.0</ele></trkpt>
    <trkpt lat="34.26825" lon="-117.12884"><ele>1444.0</ele></trkpt>
    <trkpt lat="34.26823" lon="-117.12893"><ele>1444.0</ele></trkpt>
    <trkpt lat="34.26826" lon="-117.12907"><ele>1444.0</ele></trkpt>
    <trkpt lat="34.26830" lon="-117.12921"><ele>1444.0</ele></trkpt>
    <trkpt lat="34.26834" lon="-117.12933"><ele>1444.0</ele></trkpt>
    <trkpt lat="34.26834" lon="-117.12933"><ele>1444.0</ele></trkpt>
    <trkpt lat="34.26839" lon="-117.12941"><ele>1437.0</ele></trkpt>
    <trkpt lat="34.26846" lon="-117.12949"><ele>1437.0</ele></trkpt>
    <trkpt lat="34.26852" lon="-117.12951"><ele>1437.0</ele></trkpt>
    <trkpt lat="34.26858" lon="-117.12949"><ele>1437.0</ele></trkpt>
    <trkpt lat="34.26865" lon="-117.12945"><ele>1437.0</ele></trkpt>
    <trkpt lat="34.26870" lon="-117.12943"><ele>1437.0</ele></trkpt>
    <trkpt lat="34.26878" lon="-117.12942"><ele>1437.0</ele></trkpt>
    <trkpt lat="34.26887" lon="-117.12944"><ele>1437.0</ele></trkpt>
    <trkpt lat="34.26897" lon="-117.12947"><ele>1437.0</ele></trkpt>
    <trkpt lat="34.26906" lon="-117.12952"><ele>1437.0</ele></trkpt>
    <trkpt lat="34.26913" lon="-117.12959"><ele>1437.0</ele></trkpt>
    <trkpt lat="34.26920" lon="-117.12970"><ele>1437.0</ele></trkpt>
    <trkpt lat="34.26926" lon="-117.12987"><ele>1437.0</ele></trkpt>
    <trkpt lat="34.26931" lon="-117.12999"><ele>1437.0</ele></trkpt>
    <trkpt lat="34.26937" lon="-117.13009"><ele>1437.0</ele></trkpt>
    <trkpt lat="34.26942" lon="-117.13017"><ele>1437.0</ele></trkpt>
    <trkpt lat="34.26946" lon="-117.13022"><ele>1437.0</ele></trkpt>
    <trkpt lat="34.26949" lon="-117.13029"><ele>1437.0</ele></trkpt>
    <trkpt lat="34.26951" lon="-117.13039"><ele>1437.0</ele></trkpt>
    <trkpt lat="34.26951" lon="-117.13051"><ele>1437.0</ele></trkpt>
    <trkpt lat="34.26951" lon="-117.13053"><ele>1441.0</ele></trkpt>
    <trkpt lat="34.26951" lon="-117.13060"><ele>1441.0</ele></trkpt>
    <trkpt lat="34.26956" lon="-117.13067"><ele>1441.0</ele></trkpt>
    <trkpt lat="34.26960" lon="-117.13069"><ele>1441.0</ele></trkpt>
    <trkpt lat="34.26963" lon="-117.13071"><ele>1441.0</ele></trkpt>
    <trkpt lat="34.26968" lon="-117.13076"><ele>1441.0</ele></trkpt>
    <trkpt lat="34.26972" lon="-117.13087"><ele>1441.0</ele></trkpt>
    <trkpt lat="34.26974" lon="-117.13093"><ele>1441.0</ele></trkpt>
    <trkpt lat="34.26976" lon="-117.13100"><ele>1441.0</ele></trkpt>
    <trkpt lat="34.26980" lon="-117.13113"><ele>1441.0</ele></trkpt>
    <trkpt lat="34.26980" lon="-117.13117"><ele>1441.0</ele></trkpt>
    <trkpt lat="34.26981" lon="-117.13122"><ele>1441.0</ele></trkpt>
    <trkpt lat="34.26983" lon="-117.13129"><ele>1441.0</ele></trkpt>
    <trkpt lat="34.26988" lon="-117.13134"><ele>1441.0</ele></trkpt>
    <trkpt lat="34.26994" lon="-117.13138"><ele>1441.0</ele></trkpt>
    <trkpt lat="34.26999" lon="-117.13144"><ele>1441.0</ele></trkpt>
    <trkpt lat="34.27003" lon="-117.13150"><ele>1441.0</ele></trkpt>
    <trkpt lat="34.27008" lon="-117.13158"><ele>1441.0</ele></trkpt>
    <trkpt lat="34.27012" lon="-117.13167"><ele>1441.0</ele></trkpt>
    <trkpt lat="34.27018" lon="-117.13176"><ele>1444.0</ele></trkpt>
    <trkpt lat="34.27026" lon="-117.13182"><ele>1444.0</ele></trkpt>
    <trkpt lat="34.27032" lon="-117.13185"><ele>1444.0</ele></trkpt>
    <trkpt lat="34.27040" lon="-117.13185"><ele>1444.0</ele></trkpt>
    <trkpt lat="34.27048" lon="-117.13186"><ele>1444.0</ele></trkpt>
    <trkpt lat="34.27059" lon="-117.13191"><ele>1444.0</ele></trkpt>
    <trkpt lat="34.27069" lon="-117.13193"><ele>1444.0</ele></trkpt>
    <trkpt lat="34.27079" lon="-117.13197"><ele>1444.0</ele></trkpt>
    <trkpt lat="34.27089" lon="-117.13198"><ele>1444.0</ele></trkpt>
    <trkpt lat="34.27102" lon="-117.13199"><ele>1444.0</ele></trkpt>
    <trkpt lat="34.27112" lon="-117.13202"><ele>1444.0</ele></trkpt>
    <trkpt lat="34.27121" lon="-117.13212"><ele>1444.0</ele></trkpt>
    <trkpt lat="34.27129" lon="-117.13224"><ele>1444.0</ele></trkpt>
    <trkpt lat="34.27134" lon="-117.13236"><ele>1444.0</ele></trkpt>
    <trkpt lat="34.27137" lon="-117.13247"><ele>1444.0</ele></trkpt>
    <trkpt lat="34.27137" lon="-117.13258"><ele>1444.0</ele></trkpt>
    <trkpt lat="34.27134" lon="-117.13268"><ele>1444.0</ele></trkpt>
    <trkpt lat="34.27127" lon="-117.13275"><ele>1444.0</ele></trkpt>
    <trkpt lat="34.27117" lon="-117.13281"><ele>1444.0</ele></trkpt>
    <trkpt lat="34.27111" lon="-117.13287"><ele>1458.0</ele></trkpt>
    <trkpt lat="34.27105" lon="-117.13300"><ele>1458.0</ele></trkpt>
    <trkpt lat="34.27100" lon="-117.13308"><ele>1458.0</ele></trkpt>
    <trkpt lat="34.27090" lon="-117.13320"><ele>1458.0</ele></trkpt>
    <trkpt lat="34.27079" lon="-117.13337"><ele>1458.0</ele></trkpt>
    <trkpt lat="34.27066" lon="-117.13352"><ele>1458.0</ele></trkpt>
    <trkpt lat="34.27061" lon="-117.13361"><ele>1458.0</ele></trkpt>
    <trkpt lat="34.27055" lon="-117.13375"><ele>1458.0</ele></trkpt>
    <trkpt lat="34.27048" lon="-117.13387"><ele>1458.0</ele></trkpt>
    <trkpt lat="34.27043" lon="-117.13397"><ele>1458.0</ele></trkpt>
    <trkpt lat="34.27042" lon="-117.13405"><ele>1458.0</ele></trkpt>
    <trkpt lat="34.27043" lon="-117.13417"><ele>1458.0</ele></trkpt>
    <trkpt lat="34.27043" lon="-117.13428"><ele>1458.0</ele></trkpt>
    <trkpt lat="34.27041" lon="-117.13448"><ele>1458.0</ele></trkpt>
    <trkpt lat="34.27043" lon="-117.13457"><ele>1458.0</ele></trkpt>
    <trkpt lat="34.27049" lon="-117.13464"><ele>1458.0</ele></trkpt>
    <trkpt lat="34.27059" lon="-117.13475"><ele>1458.0</ele></trkpt>
    <trkpt lat="34.27065" lon="-117.13487"><ele>1458.0</ele></trkpt>
    <trkpt lat="34.27068" lon="-117.13498"><ele>1458.0</ele></trkpt>
    <trkpt lat="34.27069" lon="-117.13512"><ele>1443.0</ele></trkpt>
    <trkpt lat="34.27073" lon="-117.13526"><ele>1443.0</ele></trkpt>
    <trkpt lat="34.27073" lon="-117.13537"><ele>1443.0</ele></trkpt>
    <trkpt lat="34.27069" lon="-117.13558"><ele>1443.0</ele></trkpt>
    <trkpt lat="34.27067" lon="-117.13570"><ele>1443.0</ele></trkpt>
    <trkpt lat="34.27066" lon="-117.13585"><ele>1443.0</ele></trkpt>
    <trkpt lat="34.27061" lon="-117.13600"><ele>1443.0</ele></trkpt>
    <trkpt lat="34.27052" lon="-117.13614"><ele>1443.0</ele></trkpt>
    <trkpt lat="34.27044" lon="-117.13626"><ele>1443.0</ele></trkpt>
    <trkpt lat="34.27038" lon="-117.13639"><ele>1443.0</ele></trkpt>
    <trkpt lat="34.27031" lon="-117.13655"><ele>1443.0</ele></trkpt>
    <trkpt lat="34.27026" lon="-117.13675"><ele>1443.0</ele></trkpt>
    <trkpt lat="34.27022" lon="-117.13688"><ele>1443.0</ele></trkpt>
    <trkpt lat="34.27017" lon="-117.13701"><ele>1443.0</ele></trkpt>
    <trkpt lat="34.27011" lon="-117.13714"><ele>1443.0</ele></trkpt>
    <trkpt lat="34.27001" lon="-117.13731"><ele>1443.0</ele></trkpt>
    <trkpt lat="34.26994" lon="-117.13743"><ele>1443.0</ele></trkpt>
    <trkpt lat="34.26988" lon="-117.13755"><ele>1443.0</ele></trkpt>
    <trkpt lat="34.26982" lon="-117.13767"><ele>1443.0</ele></trkpt>
    <trkpt lat="34.26974" lon="-117.13782"><ele>1437.0</ele></trkpt>
    <trkpt lat="34.26975" lon="-117.13786"><ele>1437.0</ele></trkpt>
    <trkpt lat="34.26976" lon="-117.13786"><ele>1437.0</ele></trkpt>
    <trkpt lat="34.26980" lon="-117.13786"><ele>1437.0</ele></trkpt>
    <trkpt lat="34.26994" lon="-117.13773"><ele>1437.0</ele></trkpt>
    <trkpt lat="34.27024" lon="-117.13743"><ele>1437.0</ele></trkpt>
    <trkpt lat="34.27040" lon="-117.13729"><ele>1437.0</ele></trkpt>
    <trkpt lat="34.27052" lon="-117.13722"><ele>1437.0</ele></trkpt>
    <trkpt lat="34.27063" lon="-117.13720"><ele>1437.0</ele></trkpt>
    <trkpt lat="34.27076" lon="-117.13723"><ele>1437.0</ele></trkpt>
    <trkpt lat="34.27084" lon="-117.13720"><ele>1437.0</ele></trkpt>
    <trkpt lat="34.27092" lon="-117.13712"><ele>1437.0</ele></trkpt>
    <trkpt lat="34.27100" lon="-117.13700"><ele>1437.0</ele></trkpt>
    <trkpt lat="34.27105" lon="-117.13688"><ele>1437.0</ele></trkpt>
    <trkpt lat="34.27105" lon="-117.13688"><ele>1437.0</ele></trkpt>
    <trkpt lat="34.27108" lon="-117.13680"><ele>1437.0</ele></trkpt>
    <trkpt lat="34.27126" lon="-117.13651"><ele>1437.0</ele></trkpt>
    <trkpt lat="34.27145" lon="-117.13625"><ele>1437.0</ele></trkpt>
    <trkpt lat="34.27153" lon="-117.13618"><ele>1437.0</ele></trkpt>
    <trkpt lat="34.27184" lon="-117.13600"><ele>1450.0</ele></trkpt>
    <trkpt lat="34.27189" lon="-117.13596"><ele>1450.0</ele></trkpt>
    <trkpt lat="34.27196" lon="-117.13585"><ele>1450.0</ele></trkpt>
    <trkpt lat="34.27202" lon="-117.13575"><ele>1450.0</ele></trkpt>
    <trkpt lat="34.27210" lon="-117.13563"><ele>1450.0</ele></trkpt>
    <trkpt lat="34.27215" lon="-117.13555"><ele>1450.0</ele></trkpt>
    <trkpt lat="34.27222" lon="-117.13550"><ele>1450.0</ele></trkpt>
    <trkpt lat="34.27228" lon="-117.13546"><ele>1450.0</ele></trkpt>
    <trkpt lat="34.27232" lon="-117.13541"><ele>1450.0</ele></trkpt>
    <trkpt lat="34.27235" lon="-117.13535"><ele>1450.0</ele></trkpt>
    <trkpt lat="34.27236" lon="-117.13522"><ele>1450.0</ele></trkpt>
    <trkpt lat="34.27237" lon="-117.13510"><ele>1450.0</ele></trkpt>
    <trkpt lat="34.27239" lon="-117.13497"><ele>1450.0</ele></trkpt>
    <trkpt lat="34.27240" lon="-117.13486"><ele>1450.0</ele></trkpt>
    <trkpt lat="34.27240" lon="-117.13476"><ele>1450.0</ele></trkpt>
    <trkpt lat="34.27242" lon="-117.13469"><ele>1450.0</ele></trkpt>
    <trkpt lat="34.27246" lon="-117.13465"><ele>1450.0</ele></trkpt>
    <trkpt lat="34.27252" lon="-117.13462"><ele>1450.0</ele></trkpt>
    <trkpt lat="34.27262" lon="-117.13460"><ele>1450.0</ele></trkpt>
    <trkpt lat="34.27272" lon="-117.13459"><ele>1450.0</ele></trkpt>
    <trkpt lat="34.27282" lon="-117.13457"><ele>1460.0</ele></trkpt>
    <trkpt lat="34.27290" lon="-117.13455"><ele>1460.0</ele></trkpt>
    <trkpt lat="34.27297" lon="-117.13451"><ele>1460.0</ele></trkpt>
    <trkpt lat="34.27305" lon="-117.13445"><ele>1460.0</ele></trkpt>
    <trkpt lat="34.27311" lon="-117.13437"><ele>1460.0</ele></trkpt>
    <trkpt lat="34.27315" lon="-117.13430"><ele>1460.0</ele></trkpt>
    <trkpt lat="34.27318" lon="-117.13420"><ele>1460.0</ele></trkpt>
    <trkpt lat="34.27321" lon="-117.13412"><ele>1460.0</ele></trkpt>
    <trkpt lat="34.27323" lon="-117.13397"><ele>1460.0</ele></trkpt>
    <trkpt lat="34.27324" lon="-117.13390"><ele>1460.0</ele></trkpt>
    <trkpt lat="34.27327" lon="-117.13383"><ele>1460.0</ele></trkpt>
    <trkpt lat="34.27336" lon="-117.13364"><ele>1460.0</ele></trkpt>
    <trkpt lat="34.27343" lon="-117.13351"><ele>1460.0</ele></trkpt>
    <trkpt lat="34.27346" lon="-117.13342"><ele>1460.0</ele></trkpt>
    <trkpt lat="34.27355" lon="-117.13331"><ele>1460.0</ele></trkpt>
    <trkpt lat="34.27363" lon="-117.13322"><ele>1460.0</ele></trkpt>
    <trkpt lat="34.27371" lon="-117.13315"><ele>1460.0</ele></trkpt>
    <trkpt lat="34.27379" lon="-117.13310"><ele>1460.0</ele></trkpt>
    <trkpt lat="34.27386" lon="-117.13310"><ele>1460.0</ele></trkpt>
    <trkpt lat="34.27393" lon="-117.13312"><ele>1467.0</ele></trkpt>
    <trkpt lat="34.27402" lon="-117.13317"><ele>1467.0</ele></trkpt>
    <trkpt lat="34.27409" lon="-117.13319"><ele>1467.0</ele></trkpt>
    <trkpt lat="34.27416" lon="-117.13319"><ele>1467.0</ele></trkpt>
    <trkpt lat="34.27421" lon="-117.13316"><ele>1467.0</ele></trkpt>
    <trkpt lat="34.27427" lon="-117.13312"><ele>1467.0</ele></trkpt>
    <trkpt lat="34.27434" lon="-117.13303"><ele>1467.0</ele></trkpt>
    <trkpt lat="34.27440" lon="-117.13295"><ele>1467.0</ele></trkpt>
    <trkpt lat="34.27445" lon="-117.13292"><ele>1467.0</ele></trkpt>
    <trkpt lat="34.27450" lon="-117.13291"><ele>1467.0</ele></trkpt>
    <trkpt lat="34.27457" lon="-117.13292"><ele>1467.0</ele></trkpt>
    <trkpt lat="34.27467" lon="-117.13297"><ele>1467.0</ele></trkpt>
    <trkpt lat="34.27481" lon="-117.13304"><ele>1467.0</ele></trkpt>
    <trkpt lat="34.27487" lon="-117.13308"><ele>1467.0</ele></trkpt>
    <trkpt lat="34.27492" lon="-117.13317"><ele>1467.0</ele></trkpt>
    <trkpt lat="34.27494" lon="-117.13330"><ele>1467.0</ele></trkpt>
    <trkpt lat="34.27497" lon="-117.13337"><ele>1467.0</ele></trkpt>
    <trkpt lat="34.27504" lon="-117.13341"><ele>1467.0</ele></trkpt>
    <trkpt lat="34.27515" lon="-117.13344"><ele>1467.0</ele></trkpt>
    <trkpt lat="34.27530" lon="-117.13346"><ele>1473.0</ele></trkpt>
    <trkpt lat="34.27541" lon="-117.13347"><ele>1473.0</ele></trkpt>
    <trkpt lat="34.27550" lon="-117.13346"><ele>1473.0</ele></trkpt>
    <trkpt lat="34.27554" lon="-117.13343"><ele>1473.0</ele></trkpt>
    <trkpt lat="34.27558" lon="-117.13340"><ele>1473.0</ele></trkpt>
    <trkpt lat="34.27561" lon="-117.13333"><ele>1473.0</ele></trkpt>
    <trkpt lat="34.27565" lon="-117.13329"><ele>1473.0</ele></trkpt>
    <trkpt lat="34.27572" lon="-117.13328"><ele>1473.0</ele></trkpt>
    <trkpt lat="34.27579" lon="-117.13330"><ele>1473.0</ele></trkpt>
    <trkpt lat="34.27589" lon="-117.13337"><ele>1473.0</ele></trkpt>
    <trkpt lat="34.27596" lon="-117.13338"><ele>1473.0</ele></trkpt>
    <trkpt lat="34.27604" lon="-117.13336"><ele>1473.0</ele></trkpt>
    <trkpt lat="34.27607" lon="-117.13333"><ele>1473.0</ele></trkpt>
    <trkpt lat="34.27619" lon="-117.13313"><ele>1473.0</ele></trkpt>
    <trkpt lat="34.27626" lon="-117.13306"><ele>1473.0</ele></trkpt>
    <trkpt lat="34.27632" lon="-117.13303"><ele>1473.0</ele></trkpt>
    <trkpt lat="34.27639" lon="-117.13303"><ele>1473.0</ele></trkpt>
    <trkpt lat="34.27649" lon="-117.13308"><ele>1473.0</ele></trkpt>
    <trkpt lat="34.27674" lon="-117.13323"><ele>1473.0</ele></trkpt>
    <trkpt lat="34.27692" lon="-117.13338"><ele>1478.0</ele></trkpt>
    <trkpt lat="34.27692" lon="-117.13338"><ele>1478.0</ele></trkpt>
    <trkpt lat="34.27694" lon="-117.13340"><ele>1478.0</ele></trkpt>
    <trkpt lat="34.27697" lon="-117.13344"><ele>1478.0</ele></trkpt>
    <trkpt lat="34.27700" lon="-117.13353"><ele>1478.0</ele></trkpt>
    <trkpt lat="34.27702" lon="-117.13362"><ele>1478.0</ele></trkpt>
    <trkpt lat="34.27704" lon="-117.13368"><ele>1478.0</ele></trkpt>
    <trkpt lat="34.27704" lon="-117.13369"><ele>1478.0</ele></trkpt>
    <trkpt lat="34.27708" lon="-117.13375"><ele>1478.0</ele></trkpt>
    <trkpt lat="34.27710" lon="-117.13378"><ele>1478.0</ele></trkpt>
    <trkpt lat="34.27711" lon="-117.13379"><ele>1478.0</ele></trkpt>
    <trkpt lat="34.27713" lon="-117.13381"><ele>1478.0</ele></trkpt>
    <trkpt lat="34.27726" lon="-117.13394"><ele>1478.0</ele></trkpt>
    <trkpt lat="34.27734" lon="-117.13400"><ele>1478.0</ele></trkpt>
    <trkpt lat="34.27742" lon="-117.13405"><ele>1478.0</ele></trkpt>
    <trkpt lat="34.27755" lon="-117.13413"><ele>1478.0</ele></trkpt>
    <trkpt lat="34.27757" lon="-117.13414"><ele>1478.0</ele></trkpt>
    <trkpt lat="34.27767" lon="-117.13422"><ele>1478.0</ele></trkpt>
    <trkpt lat="34.27773" lon="-117.13431"><ele>1478.0</ele></trkpt>
    <trkpt lat="34.27774" lon="-117.13432"><ele>1485.0</ele></trkpt>
    <trkpt lat="34.27780" lon="-117.13442"><ele>1485.0</ele></trkpt>
    <trkpt lat="34.27782" lon="-117.13449"><ele>1485.0</ele></trkpt>
    <trkpt lat="34.27784" lon="-117.13458"><ele>1485.0</ele></trkpt>
    <trkpt lat="34.27783" lon="-117.13468"><ele>1485.0</ele></trkpt>
    <trkpt lat="34.27780" lon="-117.13479"><ele>1485.0</ele></trkpt>
    <trkpt lat="34.27774" lon="-117.13492"><ele>1485.0</ele></trkpt>
    <trkpt lat="34.27770" lon="-117.13506"><ele>1485.0</ele></trkpt>
    <trkpt lat="34.27769" lon="-117.13520"><ele>1485.0</ele></trkpt>
    <trkpt lat="34.27767" lon="-117.13535"><ele>1485.0</ele></trkpt>
    <trkpt lat="34.27769" lon="-117.13553"><ele>1485.0</ele></trkpt>
    <trkpt lat="34.27769" lon="-117.13571"><ele>1485.0</ele></trkpt>
    <trkpt lat="34.27769" lon="-117.13590"><ele>1485.0</ele></trkpt>
    <trkpt lat="34.27769" lon="-117.13591"><ele>1485.0</ele></trkpt>
    <trkpt lat="34.27769" lon="-117.13605"><ele>1485.0</ele></trkpt>
    <trkpt lat="34.27768" lon="-117.13617"><ele>1485.0</ele></trkpt>
    <trkpt lat="34.27768" lon="-117.13621"><ele>1485.0</ele></trkpt>
    <trkpt lat="34.27768" lon="-117.13635"><ele>1485.0</ele></trkpt>
    <trkpt lat="34.27765" lon="-117.13657"><ele>1485.0</ele></trkpt>
    <trkpt lat="34.27766" lon="-117.13680"><ele>1485.0</ele></trkpt>
    <trkpt lat="34.27769" lon="-117.13695"><ele>1500.0</ele></trkpt>
    <trkpt lat="34.27773" lon="-117.13704"><ele>1500.0</ele></trkpt>
    <trkpt lat="34.27782" lon="-117.13712"><ele>1500.0</ele></trkpt>
    <trkpt lat="34.27793" lon="-117.13719"><ele>1500.0</ele></trkpt>
    <trkpt lat="34.27805" lon="-117.13728"><ele>1500.0</ele></trkpt>
    <trkpt lat="34.27818" lon="-117.13741"><ele>1500.0</ele></trkpt>
    <trkpt lat="34.27830" lon="-117.13754"><ele>1500.0</ele></trkpt>
    <trkpt lat="34.27841" lon="-117.13762"><ele>1500.0</ele></trkpt>
    <trkpt lat="34.27863" lon="-117.13776"><ele>1500.0</ele></trkpt>
    <trkpt lat="34.27876" lon="-117.13786"><ele>1500.0</ele></trkpt>
    <trkpt lat="34.27880" lon="-117.13790"><ele>1500.0</ele></trkpt>
    <trkpt lat="34.27880" lon="-117.13800"><ele>1500.0</ele></trkpt>
    <trkpt lat="34.27879" lon="-117.13812"><ele>1500.0</ele></trkpt>
    <trkpt lat="34.27878" lon="-117.13822"><ele>1500.0</ele></trkpt>
    <trkpt lat="34.27877" lon="-117.13826"><ele>1500.0</ele></trkpt>
    <trkpt lat="34.27871" lon="-117.13847"><ele>1500.0</ele></trkpt>
    <trkpt lat="34.27874" lon="-117.13852"><ele>1500.0</ele></trkpt>
    <trkpt lat="34.27877" lon="-117.13861"><ele>1500.0</ele></trkpt>
    <trkpt lat="34.27881" lon="-117.13877"><ele>1500.0</ele></trkpt>
    <trkpt lat="34.27886" lon="-117.13891"><ele>1496.0</ele></trkpt>
    <trkpt lat="34.27890" lon="-117.13899"><ele>1496.0</ele></trkpt>
    <trkpt lat="34.27896" lon="-117.13907"><ele>1496.0</ele></trkpt>
    <trkpt lat="34.27903" lon="-117.13914"><ele>1496.0</ele></trkpt>
    <trkpt lat="34.27912" lon="-117.13922"><ele>1496.0</ele></trkpt>
    <trkpt lat="34.27920" lon="-117.13925"><ele>1496.0</ele></trkpt>
    <trkpt lat="34.27927" lon="-117.13929"><ele>1496.0</ele></trkpt>
    <trkpt lat="34.27932" lon="-117.13936"><ele>1496.0</ele></trkpt>
    <trkpt lat="34.27937" lon="-117.13948"><ele>1496.0</ele></trkpt>
    <trkpt lat="34.27943" lon="-117.13959"><ele>1496.0</ele></trkpt>
    <trkpt lat="34.27948" lon="-117.13966"><ele>1496.0</ele></trkpt>
    <trkpt lat="34.27958" lon="-117.13973"><ele>1496.0</ele></trkpt>
    <trkpt lat="34.27966" lon="-117.13978"><ele>1496.0</ele></trkpt>
    <trkpt lat="34.27978" lon="-117.13984"><ele>1496.0</ele></trkpt>
    <trkpt lat="34.27989" lon="-117.13987"><ele>1496.0</ele></trkpt>
    <trkpt lat="34.28001" lon="-117.13986"><ele>1496.0</ele></trkpt>
    <trkpt lat="34.28011" lon="-117.13984"><ele>1496.0</ele></trkpt>
    <trkpt lat="34.28025" lon="-117.13982"><ele>1496.0</ele></trkpt>
    <trkpt lat="34.28040" lon="-117.13980"><ele>1496.0</ele></trkpt>
    <trkpt lat="34.28054" lon="-117.13980"><ele>1485.0</ele></trkpt>
    <trkpt lat="34.28064" lon="-117.13980"><ele>1485.0</ele></trkpt>
    <trkpt lat="34.28070" lon="-117.13979"><ele>1485.0</ele></trkpt>
    <trkpt lat="34.28080" lon="-117.13972"><ele>1485.0</ele></trkpt>
    <trkpt lat="34.28089" lon="-117.13968"><ele>1485.0</ele></trkpt>
    <trkpt lat="34.28097" lon="-117.13964"><ele>1485.0</ele></trkpt>
    <trkpt lat="34.28109" lon="-117.13963"><ele>1485.0</ele></trkpt>
    <trkpt lat="34.28118" lon="-117.13964"><ele>1485.0</ele></trkpt>
    <trkpt lat="34.28123" lon="-117.13968"><ele>1485.0</ele></trkpt>
    <trkpt lat="34.28128" lon="-117.13975"><ele>1485.0</ele></trkpt>
    <trkpt lat="34.28135" lon="-117.13987"><ele>1485.0</ele></trkpt>
    <trkpt lat="34.28141" lon="-117.13994"><ele>1485.0</ele></trkpt>
    <trkpt lat="34.28146" lon="-117.13995"><ele>1485.0</ele></trkpt>
    <trkpt lat="34.28153" lon="-117.13991"><ele>1485.0</ele></trkpt>
    <trkpt lat="34.28159" lon="-117.13987"><ele>1485.0</ele></trkpt>
    <trkpt lat="34.28167" lon="-117.13984"><ele>1485.0</ele></trkpt>
    <trkpt lat="34.28178" lon="-117.13984"><ele>1485.0</ele></trkpt>
    <trkpt lat="34.28185" lon="-117.13984"><ele>1485.0</ele></trkpt>
    <trkpt lat="34.28198" lon="-117.13978"><ele>1485.0</ele></trkpt>
    <trkpt lat="34.28212" lon="-117.13970"><ele>1478.0</ele></trkpt>
    <trkpt lat="34.28219" lon="-117.13968"><ele>1478.0</ele></trkpt>
    <trkpt lat="34.28230" lon="-117.13967"><ele>1478.0</ele></trkpt>
    <trkpt lat="34.28240" lon="-117.13967"><ele>1478.0</ele></trkpt>
    <trkpt lat="34.28248" lon="-117.13965"><ele>1478.0</ele></trkpt>
    <trkpt lat="34.28257" lon="-117.13962"><ele>1478.0</ele></trkpt>
    <trkpt lat="34.28266" lon="-117.13957"><ele>1478.0</ele></trkpt>
    <trkpt lat="34.28272" lon="-117.13956"><ele>1478.0</ele></trkpt>
    <trkpt lat="34.28278" lon="-117.13960"><ele>1478.0</ele></trkpt>
    <trkpt lat="34.28285" lon="-117.13967"><ele>1478.0</ele></trkpt>
    <trkpt lat="34.28289" lon="-117.13974"><ele>1478.0</ele></trkpt>
    <trkpt lat="34.28295" lon="-117.13983"><ele>1478.0</ele></trkpt>
    <trkpt lat="34.28298" lon="-117.13988"><ele>1478.0</ele></trkpt>
    <trkpt lat="34.28304" lon="-117.13991"><ele>1478.0</ele></trkpt>
    <trkpt lat="34.28311" lon="-117.13991"><ele>1478.0</ele></trkpt>
    <trkpt lat="34.28320" lon="-117.13988"><ele>1478.0</ele></trkpt>
    <trkpt lat="34.28329" lon="-117.13983"><ele>1478.0</ele></trkpt>
    <trkpt lat="34.28336" lon="-117.13976"><ele>1478.0</ele></trkpt>
    <trkpt lat="34.28339" lon="-117.13971"><ele>1478.0</ele></trkpt>
    <trkpt lat="34.28342" lon="-117.13968"><ele>1476.0</ele></trkpt>
    <trkpt lat="34.28342" lon="-117.13968"><ele>1476.0</ele></trkpt>
    <trkpt lat="34.28347" lon="-117.13958"><ele>1476.0</ele></trkpt>
    <trkpt lat="34.28351" lon="-117.13951"><ele>1476.0</ele></trkpt>
    <trkpt lat="34.28357" lon="-117.13945"><ele>1476.0</ele></trkpt>
    <trkpt lat="34.28368" lon="-117.13942"><ele>1476.0</ele></trkpt>
    <trkpt lat="34.28375" lon="-117.13939"><ele>1476.0</ele></trkpt>
    <trkpt lat="34.28387" lon="-117.13938"><ele>1476.0</ele></trkpt>
    <trkpt lat="34.28397" lon="-117.13938"><ele>1476.0</ele></trkpt>
    <trkpt lat="34.28405" lon="-117.13939"><ele>1476.0</ele></trkpt>
    <trkpt lat="34.28413" lon="-117.13938"><ele>1476.0</ele></trkpt>
    <trkpt lat="34.28421" lon="-117.13934"><ele>1476.0</ele></trkpt>
    <trkpt lat="34.28429" lon="-117.13931"><ele>1476.0</ele></trkpt>
    <trkpt lat="34.28437" lon="-117.13929"><ele>1476.0</ele></trkpt>
    <trkpt lat="34.28450" lon="-117.13930"><ele>1476.0</ele></trkpt>
    <trkpt lat="34.28463" lon="-117.13934"><ele>1476.0</ele></trkpt>
    <trkpt lat="34.28474" lon="-117.13938"><ele>1476.0</ele></trkpt>
    <trkpt lat="34.28485" lon="-117.13945"><ele>1476.0</ele></trkpt>
    <trkpt lat="34.28495" lon="-117.13951"><ele>1476.0</ele></trkpt>
    <trkpt lat="34.28509" lon="-117.13961"><ele>1476.0</ele></trkpt>
    <trkpt lat="34.28519" lon="-117.13969"><ele>1476.0</ele></trkpt>
    <trkpt lat="34.28526" lon="-117.13977"><ele>1476.0</ele></trkpt>
    <trkpt lat="34.28531" lon="-117.13986"><ele>1476.0</ele></trkpt>
    <trkpt lat="34.28537" lon="-117.13994"><ele>1476.0</ele></trkpt>
    <trkpt lat="34.28545" lon="-117.14002"><ele>1476.0</ele></trkpt>
    <trkpt lat="34.28549" lon="-117.14008"><ele>1476.0</ele></trkpt>
    <trkpt lat="34.28551" lon="-117.14015"><ele>1476.0</ele></trkpt>
    <trkpt lat="34.28550" lon="-117.14021"><ele>1476.0</ele></trkpt>
    <trkpt lat="34.28549" lon="-117.14026"><ele>1476.0</ele></trkpt>
    <trkpt lat="34.28547" lon="-117.14029"><ele>1476.0</ele></trkpt>
    <trkpt lat="34.28545" lon="-117.14041"><ele>1476.0</ele></trkpt>
    <trkpt lat="34.28543" lon="-117.14057"><ele>1476.0</ele></trkpt>
    <trkpt lat="34.28543" lon="-117.14061"><ele>1476.0</ele></trkpt>
    <trkpt lat="34.28542" lon="-117.14074"><ele>1476.0</ele></trkpt>
    <trkpt lat="34.28543" lon="-117.14075"><ele>1476.0</ele></trkpt>
    <trkpt lat="34.28545" lon="-117.14089"><ele>1476.0</ele></trkpt>
    <trkpt lat="34.28547" lon="-117.14100"><ele>1476.0</ele></trkpt>
    <trkpt lat="34.28548" lon="-117.14104"><ele>1476.0</ele></trkpt>
    <trkpt lat="34.28552" lon="-117.14117"><ele>1476.0</ele></trkpt>
    <trkpt lat="34.28560" lon="-117.14128"><ele>1475.0</ele></trkpt>
    <trkpt lat="34.28569" lon="-117.14141"><ele>1475.0</ele></trkpt>
    <trkpt lat="34.28576" lon="-117.14152"><ele>1475.0</ele></trkpt>
    <trkpt lat="34.28585" lon="-117.14161"><ele>1475.0</ele></trkpt>
    <trkpt lat="34.28592" lon="-117.14167"><ele>1475.0</ele></trkpt>
    <trkpt lat="34.28597" lon="-117.14172"><ele>1475.0</ele></trkpt>
    <trkpt lat="34.28605" lon="-117.14175"><ele>1475.0</ele></trkpt>
    <trkpt lat="34.28614" lon="-117.14175"><ele>1475.0</ele></trkpt>
    <trkpt lat="34.28620" lon="-117.14177"><ele>1475.0</ele></trkpt>
    <trkpt lat="34.28624" lon="-117.14182"><ele>1475.0</ele></trkpt>
    <trkpt lat="34.28628" lon="-117.14191"><ele>1475.0</ele></trkpt>
    <trkpt lat="34.28631" lon="-117.14200"><ele>1475.0</ele></trkpt>
    <trkpt lat="34.28636" lon="-117.14205"><ele>1475.0</ele></trkpt>
    <trkpt lat="34.28637" lon="-117.14207"><ele>1475.0</ele></trkpt>
    <trkpt lat="34.28641" lon="-117.14210"><ele>1475.0</ele></trkpt>
    <trkpt lat="34.28644" lon="-117.14217"><ele>1475.0</ele></trkpt>
    <trkpt lat="34.28645" lon="-117.14227"><ele>1475.0</ele></trkpt>
    <trkpt lat="34.28645" lon="-117.14231"><ele>1475.0</ele></trkpt>
    <trkpt lat="34.28646" lon="-117.14237"><ele>1475.0</ele></trkpt>
    <trkpt lat="34.28648" lon="-117.14243"><ele>1464.0</ele></trkpt>
    <trkpt lat="34.28649" lon="-117.14246"><ele>1464.0</ele></trkpt>
    <trkpt lat="34.28653" lon="-117.14250"><ele>1464.0</ele></trkpt>
    <trkpt lat="34.28660" lon="-117.14254"><ele>1464.0</ele></trkpt>
    <trkpt lat="34.28667" lon="-117.14255"><ele>1464.0</ele></trkpt>
    <trkpt lat="34.28673" lon="-117.14258"><ele>1464.0</ele></trkpt>
    <trkpt lat="34.28681" lon="-117.14267"><ele>1464.0</ele></trkpt>
    <trkpt lat="34.28689" lon="-117.14275"><ele>1464.0</ele></trkpt>
    <trkpt lat="34.28698" lon="-117.14282"><ele>1464.0</ele></trkpt>
    <trkpt lat="34.28705" lon="-117.14286"><ele>1464.0</ele></trkpt>
    <trkpt lat="34.28714" lon="-117.14289"><ele>1464.0</ele></trkpt>
    <trkpt lat="34.28726" lon="-117.14291"><ele>1464.0</ele></trkpt>
    <trkpt lat="34.28735" lon="-117.14292"><ele>1464.0</ele></trkpt>
    <trkpt lat="34.28746" lon="-117.14298"><ele>1464.0</ele></trkpt>
    <trkpt lat="34.28759" lon="-117.14301"><ele>1464.0</ele></trkpt>
    <trkpt lat="34.28769" lon="-117.14305"><ele>1464.0</ele></trkpt>
    <trkpt lat="34.28779" lon="-117.14313"><ele>1464.0</ele></trkpt>
    <trkpt lat="34.28790" lon="-117.14321"><ele>1464.0</ele></trkpt>
    <trkpt lat="34.28800" lon="-117.14329"><ele>1464.0</ele></trkpt>
    <trkpt lat="34.28806" lon="-117.14334"><ele>1450.0</ele></trkpt>
    <trkpt lat="34.28811" lon="-117.14342"><ele>1450.0</ele></trkpt>
    <trkpt lat="34.28815" lon="-117.14350"><ele>1450.0</ele></trkpt>
    <trkpt lat="34.28816" lon="-117.14356"><ele>1450.0</ele></trkpt>
    <trkpt lat="34.28817" lon="-117.14359"><ele>1450.0</ele></trkpt>
    <trkpt lat="34.28817" lon="-117.14368"><ele>1450.0</ele></trkpt>
    <trkpt lat="34.28818" lon="-117.14378"><ele>1450.0</ele></trkpt>
    <trkpt lat="34.28819" lon="-117.14382"><ele>1450.0</ele></trkpt>
    <trkpt lat="34.28820" lon="-117.14386"><ele>1450.0</ele></trkpt>
    <trkpt lat="34.28820" lon="-117.14388"><ele>1450.0</ele></trkpt>
    <trkpt lat="34.28826" lon="-117.14403"><ele>1450.0</ele></trkpt>
    <trkpt lat="34.28827" lon="-117.14405"><ele>1450.0</ele></trkpt>
    <trkpt lat="34.28832" lon="-117.14420"><ele>1450.0</ele></trkpt>
    <trkpt lat="34.28837" lon="-117.14434"><ele>1450.0</ele></trkpt>
    <trkpt lat="34.28842" lon="-117.14441"><ele>1450.0</ele></trkpt>
    <trkpt lat="34.28850" lon="-117.14448"><ele>1450.0</ele></trkpt>
    <trkpt lat="34.28857" lon="-117.14454"><ele>1450.0</ele></trkpt>
    <trkpt lat="34.28863" lon="-117.14463"><ele>1450.0</ele></trkpt>
    <trkpt lat="34.28868" lon="-117.14469"><ele>1450.0</ele></trkpt>
    <trkpt lat="34.28878" lon="-117.14474"><ele>1430.0</ele></trkpt>
    <trkpt lat="34.28887" lon="-117.14477"><ele>1430.0</ele></trkpt>
    <trkpt lat="34.28894" lon="-117.14480"><ele>1430.0</ele></trkpt>
    <trkpt lat="34.28900" lon="-117.14487"><ele>1430.0</ele></trkpt>
    <trkpt lat="34.28913" lon="-117.14496"><ele>1430.0</ele></trkpt>
    <trkpt lat="34.28924" lon="-117.14504"><ele>1430.0</ele></trkpt>
    <trkpt lat="34.28935" lon="-117.14509"><ele>1430.0</ele></trkpt>
    <trkpt lat="34.28946" lon="-117.14513"><ele>1430.0</ele></trkpt>
    <trkpt lat="34.28955" lon="-117.14518"><ele>1430.0</ele></trkpt>
    <trkpt lat="34.28958" lon="-117.14521"><ele>1430.0</ele></trkpt>
    <trkpt lat="34.28965" lon="-117.14530"><ele>1430.0</ele></trkpt>
    <trkpt lat="34.28969" lon="-117.14541"><ele>1430.0</ele></trkpt>
    <trkpt lat="34.28975" lon="-117.14552"><ele>1430.0</ele></trkpt>
    <trkpt lat="34.28984" lon="-117.14558"><ele>1430.0</ele></trkpt>
    <trkpt lat="34.28998" lon="-117.14567"><ele>1430.0</ele></trkpt>
    <trkpt lat="34.29008" lon="-117.14569"><ele>1430.0</ele></trkpt>
    <trkpt lat="34.29019" lon="-117.14567"><ele>1430.0</ele></trkpt>
    <trkpt lat="34.29026" lon="-117.14564"><ele>1430.0</ele></trkpt>
    <trkpt lat="34.29034" lon="-117.14558"><ele>1430.0</ele></trkpt>
    <trkpt lat="34.29043" lon="-117.14549"><ele>1425.0</ele></trkpt>
    <trkpt lat="34.29055" lon="-117.14537"><ele>1425.0</ele></trkpt>
    <trkpt lat="34.29071" lon="-117.14519"><ele>1425.0</ele></trkpt>
    <trkpt lat="34.29078" lon="-117.14513"><ele>1425.0</ele></trkpt>
    <trkpt lat="34.29087" lon="-117.14512"><ele>1425.0</ele></trkpt>
    <trkpt lat="34.29096" lon="-117.14512"><ele>1425.0</ele></trkpt>
    <trkpt lat="34.29104" lon="-117.14507"><ele>1425.0</ele></trkpt>
    <trkpt lat="34.29113" lon="-117.14504"><ele>1425.0</ele></trkpt>
    <trkpt lat="34.29127" lon="-117.14502"><ele>1425.0</ele></trkpt>
    <trkpt lat="34.29138" lon="-117.14497"><ele>1425.0</ele></trkpt>
    <trkpt lat="34.29147" lon="-117.14495"><ele>1425.0</ele></trkpt>
    <trkpt lat="34.29159" lon="-117.14497"><ele>1425.0</ele></trkpt>
    <trkpt lat="34.29164" lon="-117.14497"><ele>1425.0</ele></trkpt>
    <trkpt lat="34.29173" lon="-117.14496"><ele>1425.0</ele></trkpt>
    <trkpt lat="34.29180" lon="-117.14497"><ele>1425.0</ele></trkpt>
    <trkpt lat="34.29188" lon="-117.14502"><ele>1425.0</ele></trkpt>
    <trkpt lat="34.29192" lon="-117.14506"><ele>1425.0</ele></trkpt>
    <trkpt lat="34.29202" lon="-117.14511"><ele>1425.0</ele></trkpt>
    <trkpt lat="34.29221" lon="-117.14518"><ele>1425.0</ele></trkpt>
    <trkpt lat="34.29231" lon="-117.14521"><ele>1425.0</ele></trkpt>
    <trkpt lat="34.29241" lon="-117.14520"><ele>1416.0</ele></trkpt>
    <trkpt lat="34.29248" lon="-117.14521"><ele>1416.0</ele></trkpt>
    <trkpt lat="34.29254" lon="-117.14523"><ele>1416.0</ele></trkpt>
    <trkpt lat="34.29258" lon="-117.14530"><ele>1416.0</ele></trkpt>
    <trkpt lat="34.29264" lon="-117.14538"><ele>1416.0</ele></trkpt>
    <trkpt lat="34.29269" lon="-117.14544"><ele>1416.0</ele></trkpt>
    <trkpt lat="34.29276" lon="-117.14548"><ele>1416.0</ele></trkpt>
    <trkpt lat="34.29283" lon="-117.14548"><ele>1416.0</ele></trkpt>
    <trkpt lat="34.29293" lon="-117.14546"><ele>1416.0</ele></trkpt>
    <trkpt lat="34.29309" lon="-117.14541"><ele>1416.0</ele></trkpt>
    <trkpt lat="34.29321" lon="-117.14547"><ele>1416.0</ele></trkpt>
    <trkpt lat="34.29333" lon="-117.14557"><ele>1416.0</ele></trkpt>
    <trkpt lat="34.29346" lon="-117.14567"><ele>1416.0</ele></trkpt>
    <trkpt lat="34.29350" lon="-117.14573"><ele>1416.0</ele></trkpt>
    <trkpt lat="34.29352" lon="-117.14582"><ele>1416.0</ele></trkpt>
    <trkpt lat="34.29352" lon="-117.14595"><ele>1416.0</ele></trkpt>
    <trkpt lat="34.29352" lon="-117.14599"><ele>1416.0</ele></trkpt>
    <trkpt lat="34.29352" lon="-117.14615"><ele>1416.0</ele></trkpt>
    <trkpt lat="34.29354" lon="-117.14628"><ele>1416.0</ele></trkpt>
    <trkpt lat="34.29357" lon="-117.14642"><ele>1417.0</ele></trkpt>
    <trkpt lat="34.29362" lon="-117.14656"><ele>1417.0</ele></trkpt>
    <trkpt lat="34.29367" lon="-117.14668"><ele>1417.0</ele></trkpt>
    <trkpt lat="34.29373" lon="-117.14674"><ele>1417.0</ele></trkpt>
    <trkpt lat="34.29375" lon="-117.14675"><ele>1417.0</ele></trkpt>
    <trkpt lat="34.29380" lon="-117.14679"><ele>1417.0</ele></trkpt>
    <trkpt lat="34.29386" lon="-117.14680"><ele>1417.0</ele></trkpt>
    <trkpt lat="34.29396" lon="-117.14683"><ele>1417.0</ele></trkpt>
    <trkpt lat="34.29405" lon="-117.14685"><ele>1417.0</ele></trkpt>
    <trkpt lat="34.29412" lon="-117.14687"><ele>1417.0</ele></trkpt>
    <trkpt lat="34.29417" lon="-117.14692"><ele>1417.0</ele></trkpt>
    <trkpt lat="34.29424" lon="-117.14701"><ele>1417.0</ele></trkpt>
    <trkpt lat="34.29423" lon="-117.14721"><ele>1417.0</ele></trkpt>
    <trkpt lat="34.29422" lon="-117.14743"><ele>1417.0</ele></trkpt>
    <trkpt lat="34.29419" lon="-117.14768"><ele>1417.0</ele></trkpt>
    <trkpt lat="34.29418" lon="-117.14787"><ele>1417.0</ele></trkpt>
    <trkpt lat="34.29420" lon="-117.14805"><ele>1417.0</ele></trkpt>
    <trkpt lat="34.29423" lon="-117.14823"><ele>1417.0</ele></trkpt>
    <trkpt lat="34.29423" lon="-117.14849"><ele>1417.0</ele></trkpt>
    <trkpt lat="34.29422" lon="-117.14866"><ele>1422.0</ele></trkpt>
    <trkpt lat="34.29419" lon="-117.14881"><ele>1422.0</ele></trkpt>
    <trkpt lat="34.29415" lon="-117.14899"><ele>1422.0</ele></trkpt>
    <trkpt lat="34.29417" lon="-117.14911"><ele>1422.0</ele></trkpt>
    <trkpt lat="34.29419" lon="-117.14922"><ele>1422.0</ele></trkpt>
    <trkpt lat="34.29420" lon="-117.14929"><ele>1422.0</ele></trkpt>
    <trkpt lat="34.29421" lon="-117.14935"><ele>1422.0</ele></trkpt>
    <trkpt lat="34.29423" lon="-117.14946"><ele>1422.0</ele></trkpt>
    <trkpt lat="34.29422" lon="-117.14956"><ele>1422.0</ele></trkpt>
    <trkpt lat="34.29420" lon="-117.14968"><ele>1422.0</ele></trkpt>
    <trkpt lat="34.29419" lon="-117.14970"><ele>1422.0</ele></trkpt>
    <trkpt lat="34.29414" lon="-117.14987"><ele>1422.0</ele></trkpt>
    <trkpt lat="34.29410" lon="-117.15006"><ele>1422.0</ele></trkpt>
    <trkpt lat="34.29406" lon="-117.15021"><ele>1422.0</ele></trkpt>
    <trkpt lat="34.29401" lon="-117.15033"><ele>1422.0</ele></trkpt>
    <trkpt lat="34.29394" lon="-117.15048"><ele>1422.0</ele></trkpt>
    <trkpt lat="34.29386" lon="-117.15059"><ele>1422.0</ele></trkpt>
    <trkpt lat="34.29373" lon="-117.15077"><ele>1422.0</ele></trkpt>
    <trkpt lat="34.29359" lon="-117.15097"><ele>1422.0</ele></trkpt>
    <trkpt lat="34.29349" lon="-117.15112"><ele>1421.0</ele></trkpt>
    <trkpt lat="34.29340" lon="-117.15130"><ele>1421.0</ele></trkpt>
    <trkpt lat="34.29354" lon="-117.15139"><ele>1421.0</ele></trkpt>
    <trkpt lat="34.29372" lon="-117.15151"><ele>1421.0</ele></trkpt>
    <trkpt lat="34.29382" lon="-117.15161"><ele>1421.0</ele></trkpt>
    <trkpt lat="34.29395" lon="-117.15188"><ele>1421.0</ele></trkpt>
    <trkpt lat="34.29410" lon="-117.15223"><ele>1421.0</ele></trkpt>
    <trkpt lat="34.29419" lon="-117.15243"><ele>1421.0</ele></trkpt>
    <trkpt lat="34.29426" lon="-117.15256"><ele>1421.0</ele></trkpt>
    <trkpt lat="34.29427" lon="-117.15267"><ele>1421.0</ele></trkpt>
    <trkpt lat="34.29424" lon="-117.15283"><ele>1421.0</ele></trkpt>
    <trkpt lat="34.29421" lon="-117.15303"><ele>1421.0</ele></trkpt>
    <trkpt lat="34.29420" lon="-117.15317"><ele>1421.0</ele></trkpt>
    <trkpt lat="34.29417" lon="-117.15331"><ele>1421.0</ele></trkpt>
    <trkpt lat="34.29407" lon="-117.15355"><ele>1421.0</ele></trkpt>
    <trkpt lat="34.29406" lon="-117.15363"><ele>1421.0</ele></trkpt>
    <trkpt lat="34.29407" lon="-117.15372"><ele>1421.0</ele></trkpt>
    <trkpt lat="34.29413" lon="-117.15382"><ele>1421.0</ele></trkpt>
    <trkpt lat="34.29420" lon="-117.15393"><ele>1421.0</ele></trkpt>
    <trkpt lat="34.29421" lon="-117.15402"><ele>1406.0</ele></trkpt>
    <trkpt lat="34.29420" lon="-117.15419"><ele>1406.0</ele></trkpt>
    <trkpt lat="34.29415" lon="-117.15442"><ele>1406.0</ele></trkpt>
    <trkpt lat="34.29409" lon="-117.15460"><ele>1406.0</ele></trkpt>
    <trkpt lat="34.29393" lon="-117.15482"><ele>1406.0</ele></trkpt>
    <trkpt lat="34.29384" lon="-117.15498"><ele>1406.0</ele></trkpt>
    <trkpt lat="34.29379" lon="-117.15511"><ele>1406.0</ele></trkpt>
    <trkpt lat="34.29379" lon="-117.15513"><ele>1406.0</ele></trkpt>
    <trkpt lat="34.29380" lon="-117.15523"><ele>1406.0</ele></trkpt>
    <trkpt lat="34.29382" lon="-117.15536"><ele>1406.0</ele></trkpt>
    <trkpt lat="34.29388" lon="-117.15550"><ele>1406.0</ele></trkpt>
    <trkpt lat="34.29392" lon="-117.15561"><ele>1406.0</ele></trkpt>
    <trkpt lat="34.29399" lon="-117.15574"><ele>1406.0</ele></trkpt>
    <trkpt lat="34.29403" lon="-117.15587"><ele>1406.0</ele></trkpt>
    <trkpt lat="34.29406" lon="-117.15608"><ele>1406.0</ele></trkpt>
    <trkpt lat="34.29412" lon="-117.15629"><ele>1406.0</ele></trkpt>
    <trkpt lat="34.29420" lon="-117.15647"><ele>1406.0</ele></trkpt>
    <trkpt lat="34.29432" lon="-117.15669"><ele>1406.0</ele></trkpt>
    <trkpt lat="34.29439" lon="-117.15689"><ele>1406.0</ele></trkpt>
    <trkpt lat="34.29438" lon="-117.15699"><ele>1394.0</ele></trkpt>
    <trkpt lat="34.29436" lon="-117.15709"><ele>1394.0</ele></trkpt>
    <trkpt lat="34.29433" lon="-117.15728"><ele>1394.0</ele></trkpt>
    <trkpt lat="34.29430" lon="-117.15743"><ele>1394.0</ele></trkpt>
    <trkpt lat="34.29426" lon="-117.15760"><ele>1394.0</ele></trkpt>
    <trkpt lat="34.29420" lon="-117.15776"><ele>1394.0</ele></trkpt>
    <trkpt lat="34.29413" lon="-117.15788"><ele>1394.0</ele></trkpt>
    <trkpt lat="34.29404" lon="-117.15801"><ele>1394.0</ele></trkpt>
    <trkpt lat="34.29396" lon="-117.15810"><ele>1394.0</ele></trkpt>
    <trkpt lat="34.29389" lon="-117.15815"><ele>1394.0</ele></trkpt>
    <trkpt lat="34.29379" lon="-117.15815"><ele>1394.0</ele></trkpt>
    <trkpt lat="34.29370" lon="-117.15810"><ele>1394.0</ele></trkpt>
    <trkpt lat="34.29355" lon="-117.15797"><ele>1394.0</ele></trkpt>
    <trkpt lat="34.29341" lon="-117.15784"><ele>1394.0</ele></trkpt>
    <trkpt lat="34.29329" lon="-117.15778"><ele>1394.0</ele></trkpt>
    <trkpt lat="34.29322" lon="-117.15774"><ele>1394.0</ele></trkpt>
    <trkpt lat="34.29312" lon="-117.15764"><ele>1394.0</ele></trkpt>
    <trkpt lat="34.29315" lon="-117.15779"><ele>1394.0</ele></trkpt>
    <trkpt lat="34.29318" lon="-117.15792"><ele>1394.0</ele></trkpt>
    <trkpt lat="34.29324" lon="-117.15805"><ele>1394.0</ele></trkpt>
    <trkpt lat="34.29331" lon="-117.15816"><ele>1391.0</ele></trkpt>
    <trkpt lat="34.29335" lon="-117.15825"><ele>1391.0</ele></trkpt>
    <trkpt lat="34.29342" lon="-117.15841"><ele>1391.0</ele></trkpt>
    <trkpt lat="34.29348" lon="-117.15855"><ele>1391.0</ele></trkpt>
    <trkpt lat="34.29355" lon="-117.15865"><ele>1391.0</ele></trkpt>
    <trkpt lat="34.29366" lon="-117.15877"><ele>1391.0</ele></trkpt>
    <trkpt lat="34.29387" lon="-117.15895"><ele>1391.0</ele></trkpt>
    <trkpt lat="34.29398" lon="-117.15904"><ele>1391.0</ele></trkpt>
    <trkpt lat="34.29406" lon="-117.15908"><ele>1391.0</ele></trkpt>
    <trkpt lat="34.29411" lon="-117.15909"><ele>1391.0</ele></trkpt>
    <trkpt lat="34.29419" lon="-117.15909"><ele>1391.0</ele></trkpt>
    <trkpt lat="34.29427" lon="-117.15908"><ele>1391.0</ele></trkpt>
    <trkpt lat="34.29435" lon="-117.15906"><ele>1391.0</ele></trkpt>
    <trkpt lat="34.29442" lon="-117.15904"><ele>1391.0</ele></trkpt>
    <trkpt lat="34.29449" lon="-117.15904"><ele>1391.0</ele></trkpt>
    <trkpt lat="34.29458" lon="-117.15907"><ele>1391.0</ele></trkpt>
    <trkpt lat="34.29463" lon="-117.15911"><ele>1391.0</ele></trkpt>
    <trkpt lat="34.29468" lon="-117.15917"><ele>1391.0</ele></trkpt>
    <trkpt lat="34.29470" lon="-117.15922"><ele>1391.0</ele></trkpt>
    <trkpt lat="34.29471" lon="-117.15928"><ele>1390.0</ele></trkpt>
    <trkpt lat="34.29469" lon="-117.15935"><ele>1390.0</ele></trkpt>
    <trkpt lat="34.29467" lon="-117.15943"><ele>1390.0</ele></trkpt>
    <trkpt lat="34.29467" lon="-117.15949"><ele>1390.0</ele></trkpt>
    <trkpt lat="34.29469" lon="-117.15955"><ele>1390.0</ele></trkpt>
    <trkpt lat="34.29474" lon="-117.15961"><ele>1390.0</ele></trkpt>
    <trkpt lat="34.29483" lon="-117.15967"><ele>1390.0</ele></trkpt>
    <trkpt lat="34.29487" lon="-117.15972"><ele>1390.0</ele></trkpt>
    <trkpt lat="34.29490" lon="-117.15979"><ele>1390.0</ele></trkpt>
    <trkpt lat="34.29491" lon="-117.15990"><ele>1390.0</ele></trkpt>
    <trkpt lat="34.29492" lon="-117.16009"><ele>1390.0</ele></trkpt>
    <trkpt lat="34.29495" lon="-117.16024"><ele>1390.0</ele></trkpt>
    <trkpt lat="34.29500" lon="-117.16037"><ele>1390.0</ele></trkpt>
    <trkpt lat="34.29506" lon="-117.16049"><ele>1390.0</ele></trkpt>
    <trkpt lat="34.29512" lon="-117.16060"><ele>1390.0</ele></trkpt>
    <trkpt lat="34.29513" lon="-117.16067"><ele>1390.0</ele></trkpt>
    <trkpt lat="34.29512" lon="-117.16080"><ele>1390.0</ele></trkpt>
    <trkpt lat="34.29509" lon="-117.16096"><ele>1390.0</ele></trkpt>
    <trkpt lat="34.29505" lon="-117.16115"><ele>1390.0</ele></trkpt>
    <trkpt lat="34.29505" lon="-117.16130"><ele>1387.0</ele></trkpt>
    <trkpt lat="34.29507" lon="-117.16143"><ele>1387.0</ele></trkpt>
    <trkpt lat="34.29514" lon="-117.16159"><ele>1387.0</ele></trkpt>
    <trkpt lat="34.29522" lon="-117.16174"><ele>1387.0</ele></trkpt>
    <trkpt lat="34.29531" lon="-117.16183"><ele>1387.0</ele></trkpt>
    <trkpt lat="34.29540" lon="-117.16188"><ele>1387.0</ele></trkpt>
    <trkpt lat="34.29550" lon="-117.16191"><ele>1387.0</ele></trkpt>
    <trkpt lat="34.29560" lon="-117.16193"><ele>1387.0</ele></trkpt>
    <trkpt lat="34.29571" lon="-117.16194"><ele>1387.0</ele></trkpt>
    <trkpt lat="34.29579" lon="-117.16198"><ele>1387.0</ele></trkpt>
    <trkpt lat="34.29587" lon="-117.16207"><ele>1387.0</ele></trkpt>
    <trkpt lat="34.29596" lon="-117.16220"><ele>1387.0</ele></trkpt>
    <trkpt lat="34.29604" lon="-117.16239"><ele>1387.0</ele></trkpt>
    <trkpt lat="34.29610" lon="-117.16249"><ele>1387.0</ele></trkpt>
    <trkpt lat="34.29619" lon="-117.16261"><ele>1387.0</ele></trkpt>
    <trkpt lat="34.29628" lon="-117.16273"><ele>1387.0</ele></trkpt>
    <trkpt lat="34.29632" lon="-117.16282"><ele>1387.0</ele></trkpt>
    <trkpt lat="34.29634" lon="-117.16300"><ele>1387.0</ele></trkpt>
    <trkpt lat="34.29637" lon="-117.16307"><ele>1387.0</ele></trkpt>
    <trkpt lat="34.29643" lon="-117.16320"><ele>1380.0</ele></trkpt>
    <trkpt lat="34.29653" lon="-117.16338"><ele>1380.0</ele></trkpt>
    <trkpt lat="34.29661" lon="-117.16354"><ele>1380.0</ele></trkpt>
    <trkpt lat="34.29668" lon="-117.16362"><ele>1380.0</ele></trkpt>
    <trkpt lat="34.29675" lon="-117.16365"><ele>1380.0</ele></trkpt>
    <trkpt lat="34.29684" lon="-117.16365"><ele>1380.0</ele></trkpt>
    <trkpt lat="34.29691" lon="-117.16364"><ele>1380.0</ele></trkpt>
    <trkpt lat="34.29702" lon="-117.16365"><ele>1380.0</ele></trkpt>
    <trkpt lat="34.29715" lon="-117.16369"><ele>1380.0</ele></trkpt>
    <trkpt lat="34.29728" lon="-117.16375"><ele>1380.0</ele></trkpt>
    <trkpt lat="34.29740" lon="-117.16379"><ele>1380.0</ele></trkpt>
    <trkpt lat="34.29758" lon="-117.16387"><ele>1380.0</ele></trkpt>
    <trkpt lat="34.29768" lon="-117.16394"><ele>1380.0</ele></trkpt>
    <trkpt lat="34.29772" lon="-117.16401"><ele>1380.0</ele></trkpt>
    <trkpt lat="34.29772" lon="-117.16408"><ele>1380.0</ele></trkpt>
    <trkpt lat="34.29764" lon="-117.16421"><ele>1380.0</ele></trkpt>
    <trkpt lat="34.29757" lon="-117.16433"><ele>1380.0</ele></trkpt>
    <trkpt lat="34.29755" lon="-117.16442"><ele>1380.0</ele></trkpt>
    <trkpt lat="34.29757" lon="-117.16454"><ele>1380.0</ele></trkpt>
    <trkpt lat="34.29762" lon="-117.16463"><ele>1372.0</ele></trkpt>
    <trkpt lat="34.29768" lon="-117.16471"><ele>1372.0</ele></trkpt>
    <trkpt lat="34.29777" lon="-117.16478"><ele>1372.0</ele></trkpt>
    <trkpt lat="34.29787" lon="-117.16481"><ele>1372.0</ele></trkpt>
    <trkpt lat="34.29798" lon="-117.16484"><ele>1372.0</ele></trkpt>
    <trkpt lat="34.29806" lon="-117.16488"><ele>1372.0</ele></trkpt>
    <trkpt lat="34.29818" lon="-117.16498"><ele>1372.0</ele></trkpt>
    <trkpt lat="34.29825" lon="-117.16504"><ele>1372.0</ele></trkpt>
    <trkpt lat="34.29832" lon="-117.16508"><ele>1372.0</ele></trkpt>
    <trkpt lat="34.29841" lon="-117.16517"><ele>1372.0</ele></trkpt>
    <trkpt lat="34.29848" lon="-117.16531"><ele>1372.0</ele></trkpt>
    <trkpt lat="34.29854" lon="-117.16548"><ele>1372.0</ele></trkpt>
    <trkpt lat="34.29857" lon="-117.16558"><ele>1372.0</ele></trkpt>
    <trkpt lat="34.29856" lon="-117.16569"><ele>1372.0</ele></trkpt>
    <trkpt lat="34.29854" lon="-117.16582"><ele>1372.0</ele></trkpt>
    <trkpt lat="34.29854" lon="-117.16599"><ele>1372.0</ele></trkpt>
    <trkpt lat="34.29853" lon="-117.16619"><ele>1372.0</ele></trkpt>
    <trkpt lat="34.29850" lon="-117.16631"><ele>1372.0</ele></trkpt>
    <trkpt lat="34.29847" lon="-117.16644"><ele>1372.0</ele></trkpt>
    <trkpt lat="34.29848" lon="-117.16651"><ele>1372.0</ele></trkpt>
    <trkpt lat="34.29851" lon="-117.16656"><ele>1372.0</ele></trkpt>
    <trkpt lat="34.29858" lon="-117.16659"><ele>1372.0</ele></trkpt>
    <trkpt lat="34.29866" lon="-117.16662"><ele>1372.0</ele></trkpt>
    <trkpt lat="34.29875" lon="-117.16666"><ele>1372.0</ele></trkpt>
    <trkpt lat="34.29880" lon="-117.16668"><ele>1372.0</ele></trkpt>
    <trkpt lat="34.29885" lon="-117.16667"><ele>1372.0</ele></trkpt>
    <trkpt lat="34.29892" lon="-117.16666"><ele>1372.0</ele></trkpt>
    <trkpt lat="34.29896" lon="-117.16667"><ele>1372.0</ele></trkpt>
    <trkpt lat="34.29900" lon="-117.16670"><ele>1372.0</ele></trkpt>
    <trkpt lat="34.29904" lon="-117.16678"><ele>1372.0</ele></trkpt>
    <trkpt lat="34.29906" lon="-117.16692"><ele>1372.0</ele></trkpt>
    <trkpt lat="34.29910" lon="-117.16705"><ele>1372.0</ele></trkpt>
    <trkpt lat="34.29913" lon="-117.16713"><ele>1372.0</ele></trkpt>
    <trkpt lat="34.29925" lon="-117.16725"><ele>1372.0</ele></trkpt>
    <trkpt lat="34.29944" lon="-117.16739"><ele>1372.0</ele></trkpt>
    <trkpt lat="34.29959" lon="-117.16750"><ele>1372.0</ele></trkpt>
    <trkpt lat="34.29968" lon="-117.16753"><ele>1372.0</ele></trkpt>
    <trkpt lat="34.29977" lon="-117.16754"><ele>1372.0</ele></trkpt>
    <trkpt lat="34.29991" lon="-117.16753"><ele>1372.0</ele></trkpt>
    <trkpt lat="34.30001" lon="-117.16756"><ele>1365.0</ele></trkpt>
    <trkpt lat="34.30010" lon="-117.16763"><ele>1365.0</ele></trkpt>
    <trkpt lat="34.30020" lon="-117.16777"><ele>1365.0</ele></trkpt>
    <trkpt lat="34.30026" lon="-117.16786"><ele>1365.0</ele></trkpt>
    <trkpt lat="34.30030" lon="-117.16794"><ele>1365.0</ele></trkpt>
    <trkpt lat="34.30032" lon="-117.16799"><ele>1365.0</ele></trkpt>
    <trkpt lat="34.30033" lon="-117.16806"><ele>1365.0</ele></trkpt>
    <trkpt lat="34.30032" lon="-117.16819"><ele>1365.0</ele></trkpt>
    <trkpt lat="34.30033" lon="-117.16827"><ele>1365.0</ele></trkpt>
    <trkpt lat="34.30035" lon="-117.16834"><ele>1365.0</ele></trkpt>
    <trkpt lat="34.30038" lon="-117.16841"><ele>1365.0</ele></trkpt>
    <trkpt lat="34.30042" lon="-117.16847"><ele>1365.0</ele></trkpt>
    <trkpt lat="34.30046" lon="-117.16851"><ele>1365.0</ele></trkpt>
    <trkpt lat="34.30053" lon="-117.16855"><ele>1365.0</ele></trkpt>
    <trkpt lat="34.30059" lon="-117.16857"><ele>1365.0</ele></trkpt>
    <trkpt lat="34.30065" lon="-117.16860"><ele>1365.0</ele></trkpt>
    <trkpt lat="34.30067" lon="-117.16863"><ele>1365.0</ele></trkpt>
    <trkpt lat="34.30068" lon="-117.16869"><ele>1365.0</ele></trkpt>
    <trkpt lat="34.30067" lon="-117.16875"><ele>1365.0</ele></trkpt>
    <trkpt lat="34.30066" lon="-117.16884"><ele>1361.0</ele></trkpt>
    <trkpt lat="34.30066" lon="-117.16892"><ele>1361.0</ele></trkpt>
    <trkpt lat="34.30068" lon="-117.16901"><ele>1361.0</ele></trkpt>
    <trkpt lat="34.30074" lon="-117.16910"><ele>1361.0</ele></trkpt>
    <trkpt lat="34.30080" lon="-117.16920"><ele>1361.0</ele></trkpt>
    <trkpt lat="34.30084" lon="-117.16930"><ele>1361.0</ele></trkpt>
    <trkpt lat="34.30087" lon="-117.16938"><ele>1361.0</ele></trkpt>
    <trkpt lat="34.30089" lon="-117.16943"><ele>1361.0</ele></trkpt>
    <trkpt lat="34.30091" lon="-117.16952"><ele>1361.0</ele></trkpt>
    <trkpt lat="34.30092" lon="-117.16967"><ele>1361.0</ele></trkpt>
    <trkpt lat="34.30092" lon="-117.16979"><ele>1361.0</ele></trkpt>
    <trkpt lat="34.30092" lon="-117.16988"><ele>1361.0</ele></trkpt>
    <trkpt lat="34.30094" lon="-117.16997"><ele>1361.0</ele></trkpt>
    <trkpt lat="34.30098" lon="-117.17011"><ele>1361.0</ele></trkpt>
    <trkpt lat="34.30104" lon="-117.17030"><ele>1361.0</ele></trkpt>
    <trkpt lat="34.30109" lon="-117.17046"><ele>1361.0</ele></trkpt>
    <trkpt lat="34.30111" lon="-117.17058"><ele>1361.0</ele></trkpt>
    <trkpt lat="34.30121" lon="-117.17096"><ele>1361.0</ele></trkpt>
    <trkpt lat="34.30122" lon="-117.17111"><ele>1361.0</ele></trkpt>
    <trkpt lat="34.30125" lon="-117.17126"><ele>1359.0</ele></trkpt>
    <trkpt lat="34.30128" lon="-117.17142"><ele>1359.0</ele></trkpt>
    <trkpt lat="34.30130" lon="-117.17153"><ele>1359.0</ele></trkpt>
    <trkpt lat="34.30131" lon="-117.17167"><ele>1359.0</ele></trkpt>
    <trkpt lat="34.30131" lon="-117.17179"><ele>1359.0</ele></trkpt>
    <trkpt lat="34.30133" lon="-117.17191"><ele>1359.0</ele></trkpt>
    <trkpt lat="34.30136" lon="-117.17201"><ele>1359.0</ele></trkpt>
    <trkpt lat="34.30139" lon="-117.17208"><ele>1359.0</ele></trkpt>
    <trkpt lat="34.30147" lon="-117.17214"><ele>1359.0</ele></trkpt>
    <trkpt lat="34.30153" lon="-117.17222"><ele>1359.0</ele></trkpt>
    <trkpt lat="34.30155" lon="-117.17228"><ele>1359.0</ele></trkpt>
    <trkpt lat="34.30154" lon="-117.17237"><ele>1359.0</ele></trkpt>
    <trkpt lat="34.30152" lon="-117.17245"><ele>1359.0</ele></trkpt>
    <trkpt lat="34.30153" lon="-117.17256"><ele>1359.0</ele></trkpt>
    <trkpt lat="34.30156" lon="-117.17267"><ele>1359.0</ele></trkpt>
    <trkpt lat="34.30162" lon="-117.17276"><ele>1359.0</ele></trkpt>
    <trkpt lat="34.30167" lon="-117.17281"><ele>1359.0</ele></trkpt>
    <trkpt lat="34.30178" lon="-117.17283"><ele>1359.0</ele></trkpt>
    <trkpt lat="34.30187" lon="-117.17286"><ele>1359.0</ele></trkpt>
    <trkpt lat="34.30192" lon="-117.17291"><ele>1357.0</ele></trkpt>
    <trkpt lat="34.30197" lon="-117.17301"><ele>1357.0</ele></trkpt>
    <trkpt lat="34.30200" lon="-117.17309"><ele>1357.0</ele></trkpt>
    <trkpt lat="34.30201" lon="-117.17326"><ele>1357.0</ele></trkpt>
    <trkpt lat="34.30200" lon="-117.17340"><ele>1357.0</ele></trkpt>
    <trkpt lat="34.30196" lon="-117.17352"><ele>1357.0</ele></trkpt>
    <trkpt lat="34.30188" lon="-117.17365"><ele>1357.0</ele></trkpt>
    <trkpt lat="34.30177" lon="-117.17376"><ele>1357.0</ele></trkpt>
    <trkpt lat="34.30170" lon="-117.17384"><ele>1357.0</ele></trkpt>
    <trkpt lat="34.30167" lon="-117.17395"><ele>1357.0</ele></trkpt>
    <trkpt lat="34.30167" lon="-117.17406"><ele>1357.0</ele></trkpt>
    <trkpt lat="34.30169" lon="-117.17412"><ele>1357.0</ele></trkpt>
    <trkpt lat="34.30175" lon="-117.17419"><ele>1357.0</ele></trkpt>
    <trkpt lat="34.30182" lon="-117.17424"><ele>1357.0</ele></trkpt>
    <trkpt lat="34.30185" lon="-117.17429"><ele>1357.0</ele></trkpt>
    <trkpt lat="34.30184" lon="-117.17435"><ele>1357.0</ele></trkpt>
    <trkpt lat="34.30179" lon="-117.17440"><ele>1357.0</ele></trkpt>
    <trkpt lat="34.30177" lon="-117.17447"><ele>1357.0</ele></trkpt>
    <trkpt lat="34.30178" lon="-117.17454"><ele>1357.0</ele></trkpt>
    <trkpt lat="34.30181" lon="-117.17465"><ele>1358.0</ele></trkpt>
    <trkpt lat="34.30183" lon="-117.17475"><ele>1358.0</ele></trkpt>
    <trkpt lat="34.30184" lon="-117.17483"><ele>1358.0</ele></trkpt>
    <trkpt lat="34.30182" lon="-117.17494"><ele>1358.0</ele></trkpt>
    <trkpt lat="34.30182" lon="-117.17507"><ele>1358.0</ele></trkpt>
    <trkpt lat="34.30179" lon="-117.17526"><ele>1358.0</ele></trkpt>
    <trkpt lat="34.30178" lon="-117.17543"><ele>1358.0</ele></trkpt>
    <trkpt lat="34.30180" lon="-117.17555"><ele>1358.0</ele></trkpt>
    <trkpt lat="34.30184" lon="-117.17561"><ele>1358.0</ele></trkpt>
    <trkpt lat="34.30193" lon="-117.17573"><ele>1358.0</ele></trkpt>
    <trkpt lat="34.30199" lon="-117.17579"><ele>1358.0</ele></trkpt>
    <trkpt lat="34.30208" lon="-117.17583"><ele>1358.0</ele></trkpt>
    <trkpt lat="34.30217" lon="-117.17583"><ele>1358.0</ele></trkpt>
    <trkpt lat="34.30223" lon="-117.17586"><ele>1358.0</ele></trkpt>
    <trkpt lat="34.30229" lon="-117.17594"><ele>1358.0</ele></trkpt>
    <trkpt lat="34.30232" lon="-117.17601"><ele>1358.0</ele></trkpt>
    <trkpt lat="34.30233" lon="-117.17608"><ele>1358.0</ele></trkpt>
    <trkpt lat="34.30229" lon="-117.17618"><ele>1358.0</ele></trkpt>
    <trkpt lat="34.30221" lon="-117.17630"><ele>1358.0</ele></trkpt>
    <trkpt lat="34.30211" lon="-117.17648"><ele>1358.0</ele></trkpt>
    <trkpt lat="34.30206" lon="-117.17662"><ele>1361.0</ele></trkpt>
    <trkpt lat="34.30205" lon="-117.17675"><ele>1361.0</ele></trkpt>
    <trkpt lat="34.30202" lon="-117.17688"><ele>1361.0</ele></trkpt>
    <trkpt lat="34.30193" lon="-117.17714"><ele>1361.0</ele></trkpt>
    <trkpt lat="34.30190" lon="-117.17723"><ele>1361.0</ele></trkpt>
    <trkpt lat="34.30184" lon="-117.17728"><ele>1361.0</ele></trkpt>
    <trkpt lat="34.30176" lon="-117.17731"><ele>1361.0</ele></trkpt>
    <trkpt lat="34.30167" lon="-117.17731"><ele>1361.0</ele></trkpt>
    <trkpt lat="34.30161" lon="-117.17734"><ele>1361.0</ele></trkpt>
    <trkpt lat="34.30160" lon="-117.17739"><ele>1361.0</ele></trkpt>
    <trkpt lat="34.30161" lon="-117.17745"><ele>1361.0</ele></trkpt>
    <trkpt lat="34.30162" lon="-117.17749"><ele>1361.0</ele></trkpt>
    <trkpt lat="34.30167" lon="-117.17761"><ele>1361.0</ele></trkpt>
    <trkpt lat="34.30170" lon="-117.17772"><ele>1361.0</ele></trkpt>
    <trkpt lat="34.30173" lon="-117.17780"><ele>1361.0</ele></trkpt>
    <trkpt lat="34.30180" lon="-117.17786"><ele>1361.0</ele></trkpt>
    <trkpt lat="34.30184" lon="-117.17792"><ele>1361.0</ele></trkpt>
    <trkpt lat="34.30186" lon="-117.17799"><ele>1361.0</ele></trkpt>
    <trkpt lat="34.30185" lon="-117.17808"><ele>1361.0</ele></trkpt>
    <trkpt lat="34.30182" lon="-117.17817"><ele>1342.0</ele></trkpt>
    <trkpt lat="34.30183" lon="-117.17826"><ele>1342.0</ele></trkpt>
    <trkpt lat="34.30185" lon="-117.17837"><ele>1342.0</ele></trkpt>
    <trkpt lat="34.30189" lon="-117.17849"><ele>1342.0</ele></trkpt>
    <trkpt lat="34.30192" lon="-117.17865"><ele>1342.0</ele></trkpt>
    <trkpt lat="34.30194" lon="-117.17877"><ele>1342.0</ele></trkpt>
    <trkpt lat="34.30193" lon="-117.17886"><ele>1342.0</ele></trkpt>
    <trkpt lat="34.30189" lon="-117.17895"><ele>1342.0</ele></trkpt>
    <trkpt lat="34.30180" lon="-117.17904"><ele>1342.0</ele></trkpt>
    <trkpt lat="34.30163" lon="-117.17918"><ele>1342.0</ele></trkpt>
    <trkpt lat="34.30155" lon="-117.17927"><ele>1342.0</ele></trkpt>
    <trkpt lat="34.30153" lon="-117.17931"><ele>1342.0</ele></trkpt>
    <trkpt lat="34.30151" lon="-117.17939"><ele>1342.0</ele></trkpt>
    <trkpt lat="34.30152" lon="-117.17953"><ele>1342.0</ele></trkpt>
    <trkpt lat="34.30154" lon="-117.17962"><ele>1342.0</ele></trkpt>
    <trkpt lat="34.30158" lon="-117.17974"><ele>1342.0</ele></trkpt>
    <trkpt lat="34.30164" lon="-117.17985"><ele>1342.0</ele></trkpt>
    <trkpt lat="34.30171" lon="-117.18004"><ele>1342.0</ele></trkpt>
    <trkpt lat="34.30173" lon="-117.18017"><ele>1342.0</ele></trkpt>
    <trkpt lat="34.30174" lon="-117.18023"><ele>1351.0</ele></trkpt>
    <trkpt lat="34.30175" lon="-117.18029"><ele>1351.0</ele></trkpt>
    <trkpt lat="34.30176" lon="-117.18037"><ele>1351.0</ele></trkpt>
    <trkpt lat="34.30177" lon="-117.18054"><ele>1351.0</ele></trkpt>
    <trkpt lat="34.30175" lon="-117.18062"><ele>1351.0</ele></trkpt>
    <trkpt lat="34.30170" lon="-117.18068"><ele>1351.0</ele></trkpt>
    <trkpt lat="34.30162" lon="-117.18074"><ele>1351.0</ele></trkpt>
    <trkpt lat="34.30153" lon="-117.18086"><ele>1351.0</ele></trkpt>
    <trkpt lat="34.30145" lon="-117.18094"><ele>1351.0</ele></trkpt>
    <trkpt lat="34.30132" lon="-117.18107"><ele>1351.0</ele></trkpt>
    <trkpt lat="34.30119" lon="-117.18123"><ele>1351.0</ele></trkpt>
    <trkpt lat="34.30114" lon="-117.18129"><ele>1351.0</ele></trkpt>
    <trkpt lat="34.30113" lon="-117.18131"><ele>1351.0</ele></trkpt>
    <trkpt lat="34.30108" lon="-117.18136"><ele>1351.0</ele></trkpt>
    <trkpt lat="34.30107" lon="-117.18138"><ele>1351.0</ele></trkpt>
    <trkpt lat="34.30104" lon="-117.18142"><ele>1351.0</ele></trkpt>
    <trkpt lat="34.30102" lon="-117.18149"><ele>1351.0</ele></trkpt>
    <trkpt lat="34.30101" lon="-117.18153"><ele>1351.0</ele></trkpt>
    <trkpt lat="34.30098" lon="-117.18168"><ele>1351.0</ele></trkpt>
    <trkpt lat="34.30095" lon="-117.18177"><ele>1357.0</ele></trkpt>
    <trkpt lat="34.30095" lon="-117.18195"><ele>1357.0</ele></trkpt>
    <trkpt lat="34.30093" lon="-117.18211"><ele>1357.0</ele></trkpt>
    <trkpt lat="34.30090" lon="-117.18222"><ele>1357.0</ele></trkpt>
    <trkpt lat="34.30085" lon="-117.18237"><ele>1357.0</ele></trkpt>
    <trkpt lat="34.30082" lon="-117.18246"><ele>1357.0</ele></trkpt>
    <trkpt lat="34.30083" lon="-117.18257"><ele>1357.0</ele></trkpt>
    <trkpt lat="34.30087" lon="-117.18271"><ele>1357.0</ele></trkpt>
    <trkpt lat="34.30090" lon="-117.18282"><ele>1357.0</ele></trkpt>
    <trkpt lat="34.30091" lon="-117.18298"><ele>1357.0</ele></trkpt>
    <trkpt lat="34.30089" lon="-117.18313"><ele>1357.0</ele></trkpt>
    <trkpt lat="34.30086" lon="-117.18332"><ele>1357.0</ele></trkpt>
    <trkpt lat="34.30083" lon="-117.18344"><ele>1357.0</ele></trkpt>
    <trkpt lat="34.30080" lon="-117.18353"><ele>1357.0</ele></trkpt>
    <trkpt lat="34.30076" lon="-117.18362"><ele>1357.0</ele></trkpt>
    <trkpt lat="34.30071" lon="-117.18370"><ele>1357.0</ele></trkpt>
    <trkpt lat="34.30066" lon="-117.18373"><ele>1357.0</ele></trkpt>
    <trkpt lat="34.30060" lon="-117.18374"><ele>1357.0</ele></trkpt>
    <trkpt lat="34.30054" lon="-117.18372"><ele>1357.0</ele></trkpt>
    <trkpt lat="34.30043" lon="-117.18367"><ele>1365.0</ele></trkpt>
    <trkpt lat="34.30036" lon="-117.18360"><ele>1365.0</ele></trkpt>
    <trkpt lat="34.30024" lon="-117.18344"><ele>1365.0</ele></trkpt>
    <trkpt lat="34.30007" lon="-117.18325"><ele>1365.0</ele></trkpt>
    <trkpt lat="34.30005" lon="-117.18320"><ele>1365.0</ele></trkpt>
    <trkpt lat="34.30002" lon="-117.18307"><ele>1365.0</ele></trkpt>
    <trkpt lat="34.29998" lon="-117.18281"><ele>1365.0</ele></trkpt>
    <trkpt lat="34.29993" lon="-117.18259"><ele>1365.0</ele></trkpt>
    <trkpt lat="34.29990" lon="-117.18247"><ele>1365.0</ele></trkpt>
    <trkpt lat="34.29987" lon="-117.18239"><ele>1365.0</ele></trkpt>
    <trkpt lat="34.29980" lon="-117.18230"><ele>1365.0</ele></trkpt>
    <trkpt lat="34.29970" lon="-117.18223"><ele>1365.0</ele></trkpt>
    <trkpt lat="34.29961" lon="-117.18221"><ele>1365.0</ele></trkpt>
    <trkpt lat="34.29955" lon="-117.18224"><ele>1365.0</ele></trkpt>
    <trkpt lat="34.29950" lon="-117.18229"><ele>1365.0</ele></trkpt>
    <trkpt lat="34.29947" lon="-117.18241"><ele>1365.0</ele></trkpt>
    <trkpt lat="34.29944" lon="-117.18259"><ele>1365.0</ele></trkpt>
    <trkpt lat="34.29940" lon="-117.18271"><ele>1365.0</ele></trkpt>
    <trkpt lat="34.29929" lon="-117.18292"><ele>1365.0</ele></trkpt>
    <trkpt lat="34.29919" lon="-117.18309"><ele>1378.0</ele></trkpt>
    <trkpt lat="34.29912" lon="-117.18315"><ele>1378.0</ele></trkpt>
    <trkpt lat="34.29902" lon="-117.18318"><ele>1378.0</ele></trkpt>
    <trkpt lat="34.29891" lon="-117.18322"><ele>1378.0</ele></trkpt>
    <trkpt lat="34.29883" lon="-117.18328"><ele>1378.0</ele></trkpt>
    <trkpt lat="34.29878" lon="-117.18332"><ele>1378.0</ele></trkpt>
    <trkpt lat="34.29870" lon="-117.18333"><ele>1378.0</ele></trkpt>
    <trkpt lat="34.29858" lon="-117.18333"><ele>1378.0</ele></trkpt>
    <trkpt lat="34.29850" lon="-117.18334"><ele>1378.0</ele></trkpt>
    <trkpt lat="34.29842" lon="-117.18340"><ele>1378.0</ele></trkpt>
    <trkpt lat="34.29831" lon="-117.18344"><ele>1378.0</ele></trkpt>
    <trkpt lat="34.29820" lon="-117.18347"><ele>1378.0</ele></trkpt>
    <trkpt lat="34.29810" lon="-117.18349"><ele>1378.0</ele></trkpt>
    <trkpt lat="34.29805" lon="-117.18354"><ele>1378.0</ele></trkpt>
    <trkpt lat="34.29801" lon="-117.18363"><ele>1378.0</ele></trkpt>
    <trkpt lat="34.29798" lon="-117.18371"><ele>1378.0</ele></trkpt>
    <trkpt lat="34.29791" lon="-117.18378"><ele>1378.0</ele></trkpt>
    <trkpt lat="34.29783" lon="-117.18381"><ele>1378.0</ele></trkpt>
    <trkpt lat="34.29772" lon="-117.18380"><ele>1378.0</ele></trkpt>
    <trkpt lat="34.29764" lon="-117.18381"><ele>1378.0</ele></trkpt>
    <trkpt lat="34.29756" lon="-117.18385"><ele>1381.0</ele></trkpt>
    <trkpt lat="34.29751" lon="-117.18392"><ele>1381.0</ele></trkpt>
    <trkpt lat="34.29744" lon="-117.18414"><ele>1381.0</ele></trkpt>
    <trkpt lat="34.29734" lon="-117.18455"><ele>1381.0</ele></trkpt>
    <trkpt lat="34.29732" lon="-117.18467"><ele>1381.0</ele></trkpt>
    <trkpt lat="34.29731" lon="-117.18480"><ele>1381.0</ele></trkpt>
    <trkpt lat="34.29733" lon="-117.18493"><ele>1381.0</ele></trkpt>
    <trkpt lat="34.29736" lon="-117.18503"><ele>1381.0</ele></trkpt>
    <trkpt lat="34.29743" lon="-117.18514"><ele>1381.0</ele></trkpt>
    <trkpt lat="34.29746" lon="-117.18520"><ele>1381.0</ele></trkpt>
    <trkpt lat="34.29748" lon="-117.18527"><ele>1381.0</ele></trkpt>
    <trkpt lat="34.29746" lon="-117.18534"><ele>1381.0</ele></trkpt>
    <trkpt lat="34.29743" lon="-117.18540"><ele>1381.0</ele></trkpt>
    <trkpt lat="34.29737" lon="-117.18545"><ele>1381.0</ele></trkpt>
    <trkpt lat="34.29732" lon="-117.18548"><ele>1381.0</ele></trkpt>
    <trkpt lat="34.29721" lon="-117.18551"><ele>1381.0</ele></trkpt>
    <trkpt lat="34.29713" lon="-117.18552"><ele>1381.0</ele></trkpt>
    <trkpt lat="34.29706" lon="-117.18554"><ele>1381.0</ele></trkpt>
    <trkpt lat="34.29701" lon="-117.18555"><ele>1381.0</ele></trkpt>
    <trkpt lat="34.29695" lon="-117.18559"><ele>1382.0</ele></trkpt>
    <trkpt lat="34.29690" lon="-117.18564"><ele>1382.0</ele></trkpt>
    <trkpt lat="34.29687" lon="-117.18569"><ele>1382.0</ele></trkpt>
    <trkpt lat="34.29685" lon="-117.18576"><ele>1382.0</ele></trkpt>
    <trkpt lat="34.29685" lon="-117.18586"><ele>1382.0</ele></trkpt>
    <trkpt lat="34.29688" lon="-117.18597"><ele>1382.0</ele></trkpt>
    <trkpt lat="34.29700" lon="-117.18605"><ele>1382.0</ele></trkpt>
    <trkpt lat="34.29709" lon="-117.18612"><ele>1382.0</ele></trkpt>
    <trkpt lat="34.29714" lon="-117.18619"><ele>1382.0</ele></trkpt>
    <trkpt lat="34.29722" lon="-117.18634"><ele>1382.0</ele></trkpt>
    <trkpt lat="34.29729" lon="-117.18650"><ele>1382.0</ele></trkpt>
    <trkpt lat="34.29734" lon="-117.18668"><ele>1382.0</ele></trkpt>
    <trkpt lat="34.29735" lon="-117.18678"><ele>1382.0</ele></trkpt>
    <trkpt lat="34.29733" lon="-117.18689"><ele>1382.0</ele></trkpt>
    <trkpt lat="34.29734" lon="-117.18713"><ele>1382.0</ele></trkpt>
    <trkpt lat="34.29734" lon="-117.18732"><ele>1382.0</ele></trkpt>
    <trkpt lat="34.29732" lon="-117.18749"><ele>1382.0</ele></trkpt>
    <trkpt lat="34.29728" lon="-117.18760"><ele>1382.0</ele></trkpt>
    <trkpt lat="34.29722" lon="-117.18769"><ele>1382.0</ele></trkpt>
    <trkpt lat="34.29713" lon="-117.18776"><ele>1386.0</ele></trkpt>
    <trkpt lat="34.29702" lon="-117.18780"><ele>1386.0</ele></trkpt>
    <trkpt lat="34.29689" lon="-117.18783"><ele>1386.0</ele></trkpt>
    <trkpt lat="34.29680" lon="-117.18781"><ele>1386.0</ele></trkpt>
    <trkpt lat="34.29659" lon="-117.18778"><ele>1386.0</ele></trkpt>
    <trkpt lat="34.29646" lon="-117.18780"><ele>1386.0</ele></trkpt>
    <trkpt lat="34.29637" lon="-117.18785"><ele>1386.0</ele></trkpt>
    <trkpt lat="34.29628" lon="-117.18787"><ele>1386.0</ele></trkpt>
    <trkpt lat="34.29617" lon="-117.18790"><ele>1386.0</ele></trkpt>
    <trkpt lat="34.29605" lon="-117.18794"><ele>1386.0</ele></trkpt>
    <trkpt lat="34.29596" lon="-117.18802"><ele>1386.0</ele></trkpt>
    <trkpt lat="34.29593" lon="-117.18807"><ele>1386.0</ele></trkpt>
    <trkpt lat="34.29592" lon="-117.18819"><ele>1386.0</ele></trkpt>
    <trkpt lat="34.29589" lon="-117.18827"><ele>1386.0</ele></trkpt>
    <trkpt lat="34.29584" lon="-117.18838"><ele>1386.0</ele></trkpt>
    <trkpt lat="34.29583" lon="-117.18850"><ele>1386.0</ele></trkpt>
    <trkpt lat="34.29583" lon="-117.18860"><ele>1386.0</ele></trkpt>
    <trkpt lat="34.29586" lon="-117.18870"><ele>1386.0</ele></trkpt>
    <trkpt lat="34.29592" lon="-117.18880"><ele>1386.0</ele></trkpt>
    <trkpt lat="34.29600" lon="-117.18887"><ele>1401.0</ele></trkpt>
    <trkpt lat="34.29613" lon="-117.18894"><ele>1401.0</ele></trkpt>
    <trkpt lat="34.29618" lon="-117.18897"><ele>1401.0</ele></trkpt>
    <trkpt lat="34.29621" lon="-117.18905"><ele>1401.0</ele></trkpt>
    <trkpt lat="34.29622" lon="-117.18916"><ele>1401.0</ele></trkpt>
    <trkpt lat="34.29621" lon="-117.18924"><ele>1401.0</ele></trkpt>
    <trkpt lat="34.29613" lon="-117.18933"><ele>1401.0</ele></trkpt>
    <trkpt lat="34.29600" lon="-117.18942"><ele>1401.0</ele></trkpt>
    <trkpt lat="34.29583" lon="-117.18952"><ele>1401.0</ele></trkpt>
    <trkpt lat="34.29578" lon="-117.18958"><ele>1401.0</ele></trkpt>
    <trkpt lat="34.29576" lon="-117.18964"><ele>1401.0</ele></trkpt>
    <trkpt lat="34.29576" lon="-117.18973"><ele>1401.0</ele></trkpt>
    <trkpt lat="34.29581" lon="-117.18986"><ele>1401.0</ele></trkpt>
    <trkpt lat="34.29587" lon="-117.18999"><ele>1401.0</ele></trkpt>
    <trkpt lat="34.29593" lon="-117.19010"><ele>1401.0</ele></trkpt>
    <trkpt lat="34.29604" lon="-117.19023"><ele>1401.0</ele></trkpt>
    <trkpt lat="34.29610" lon="-117.19036"><ele>1401.0</ele></trkpt>
    <trkpt lat="34.29616" lon="-117.19055"><ele>1401.0</ele></trkpt>
    <trkpt lat="34.29619" lon="-117.19073"><ele>1401.0</ele></trkpt>
    <trkpt lat="34.29619" lon="-117.19081"><ele>1418.0</ele></trkpt>
    <trkpt lat="34.29614" lon="-117.19093"><ele>1418.0</ele></trkpt>
    <trkpt lat="34.29609" lon="-117.19103"><ele>1418.0</ele></trkpt>
    <trkpt lat="34.29609" lon="-117.19113"><ele>1418.0</ele></trkpt>
    <trkpt lat="34.29614" lon="-117.19122"><ele>1418.0</ele></trkpt>
    <trkpt lat="34.29622" lon="-117.19129"><ele>1418.0</ele></trkpt>
    <trkpt lat="34.29632" lon="-117.19133"><ele>1418.0</ele></trkpt>
    <trkpt lat="34.29646" lon="-117.19134"><ele>1418.0</ele></trkpt>
    <trkpt lat="34.29653" lon="-117.19137"><ele>1418.0</ele></trkpt>
    <trkpt lat="34.29663" lon="-117.19145"><ele>1418.0</ele></trkpt>
    <trkpt lat="34.29669" lon="-117.19156"><ele>1418.0</ele></trkpt>
    <trkpt lat="34.29671" lon="-117.19169"><ele>1418.0</ele></trkpt>
    <trkpt lat="34.29670" lon="-117.19184"><ele>1418.0</ele></trkpt>
    <trkpt lat="34.29667" lon="-117.19193"><ele>1418.0</ele></trkpt>
    <trkpt lat="34.29662" lon="-117.19200"><ele>1418.0</ele></trkpt>
    <trkpt lat="34.29649" lon="-117.19208"><ele>1418.0</ele></trkpt>
    <trkpt lat="34.29639" lon="-117.19215"><ele>1418.0</ele></trkpt>
    <trkpt lat="34.29633" lon="-117.19222"><ele>1418.0</ele></trkpt>
    <trkpt lat="34.29630" lon="-117.19232"><ele>1418.0</ele></trkpt>
    <trkpt lat="34.29630" lon="-117.19242"><ele>1418.0</ele></trkpt>
    <trkpt lat="34.29633" lon="-117.19253"><ele>1431.0</ele></trkpt>
    <trkpt lat="34.29634" lon="-117.19256"><ele>1431.0</ele></trkpt>
    <trkpt lat="34.29636" lon="-117.19264"><ele>1431.0</ele></trkpt>
    <trkpt lat="34.29636" lon="-117.19276"><ele>1431.0</ele></trkpt>
    <trkpt lat="34.29635" lon="-117.19292"><ele>1431.0</ele></trkpt>
    <trkpt lat="34.29635" lon="-117.19297"><ele>1431.0</ele></trkpt>
    <trkpt lat="34.29634" lon="-117.19303"><ele>1431.0</ele></trkpt>
    <trkpt lat="34.29634" lon="-117.19306"><ele>1431.0</ele></trkpt>
    <trkpt lat="34.29631" lon="-117.19313"><ele>1431.0</ele></trkpt>
    <trkpt lat="34.29628" lon="-117.19321"><ele>1431.0</ele></trkpt>
    <trkpt lat="34.29619" lon="-117.19332"><ele>1431.0</ele></trkpt>
    <trkpt lat="34.29606" lon="-117.19348"><ele>1431.0</ele></trkpt>
    <trkpt lat="34.29599" lon="-117.19358"><ele>1431.0</ele></trkpt>
    <trkpt lat="34.29597" lon="-117.19369"><ele>1431.0</ele></trkpt>
    <trkpt lat="34.29598" lon="-117.19382"><ele>1431.0</ele></trkpt>
    <trkpt lat="34.29600" lon="-117.19395"><ele>1431.0</ele></trkpt>
    <trkpt lat="34.29601" lon="-117.19404"><ele>1431.0</ele></trkpt>
    <trkpt lat="34.29601" lon="-117.19414"><ele>1431.0</ele></trkpt>
    <trkpt lat="34.29597" lon="-117.19427"><ele>1431.0</ele></trkpt>
    <trkpt lat="34.29593" lon="-117.19437"><ele>1445.0</ele></trkpt>
    <trkpt lat="34.29592" lon="-117.19447"><ele>1445.0</ele></trkpt>
    <trkpt lat="34.29594" lon="-117.19456"><ele>1445.0</ele></trkpt>
    <trkpt lat="34.29599" lon="-117.19469"><ele>1445.0</ele></trkpt>
    <trkpt lat="34.29601" lon="-117.19476"><ele>1445.0</ele></trkpt>
    <trkpt lat="34.29602" lon="-117.19485"><ele>1445.0</ele></trkpt>
    <trkpt lat="34.29601" lon="-117.19493"><ele>1445.0</ele></trkpt>
    <trkpt lat="34.29597" lon="-117.19504"><ele>1445.0</ele></trkpt>
    <trkpt lat="34.29592" lon="-117.19516"><ele>1445.0</ele></trkpt>
    <trkpt lat="34.29589" lon="-117.19530"><ele>1445.0</ele></trkpt>
    <trkpt lat="34.29586" lon="-117.19536"><ele>1445.0</ele></trkpt>
    <trkpt lat="34.29582" lon="-117.19540"><ele>1445.0</ele></trkpt>
    <trkpt lat="34.29577" lon="-117.19541"><ele>1445.0</ele></trkpt>
    <trkpt lat="34.29571" lon="-117.19540"><ele>1445.0</ele></trkpt>
    <trkpt lat="34.29560" lon="-117.19533"><ele>1445.0</ele></trkpt>
    <trkpt lat="34.29549" lon="-117.19525"><ele>1445.0</ele></trkpt>
    <trkpt lat="34.29543" lon="-117.19522"><ele>1445.0</ele></trkpt>
    <trkpt lat="34.29535" lon="-117.19521"><ele>1445.0</ele></trkpt>
    <trkpt lat="34.29529" lon="-117.19518"><ele>1445.0</ele></trkpt>
    <trkpt lat="34.29525" lon="-117.19510"><ele>1438.0</ele></trkpt>
    <trkpt lat="34.29522" lon="-117.19499"><ele>1438.0</ele></trkpt>
    <trkpt lat="34.29523" lon="-117.19490"><ele>1438.0</ele></trkpt>
    <trkpt lat="34.29524" lon="-117.19482"><ele>1438.0</ele></trkpt>
    <trkpt lat="34.29525" lon="-117.19475"><ele>1438.0</ele></trkpt>
    <trkpt lat="34.29525" lon="-117.19467"><ele>1438.0</ele></trkpt>
    <trkpt lat="34.29523" lon="-117.19458"><ele>1438.0</ele></trkpt>
    <trkpt lat="34.29519" lon="-117.19449"><ele>1438.0</ele></trkpt>
    <trkpt lat="34.29513" lon="-117.19441"><ele>1438.0</ele></trkpt>
    <trkpt lat="34.29507" lon="-117.19432"><ele>1438.0</ele></trkpt>
    <trkpt lat="34.29503" lon="-117.19415"><ele>1438.0</ele></trkpt>
    <trkpt lat="34.29501" lon="-117.19407"><ele>1438.0</ele></trkpt>
    <trkpt lat="34.29496" lon="-117.19399"><ele>1438.0</ele></trkpt>
    <trkpt lat="34.29489" lon="-117.19395"><ele>1438.0</ele></trkpt>
    <trkpt lat="34.29483" lon="-117.19397"><ele>1438.0</ele></trkpt>
    <trkpt lat="34.29480" lon="-117.19404"><ele>1438.0</ele></trkpt>
    <trkpt lat="34.29478" lon="-117.19417"><ele>1438.0</ele></trkpt>
    <trkpt lat="34.29477" lon="-117.19432"><ele>1438.0</ele></trkpt>
    <trkpt lat="34.29478" lon="-117.19443"><ele>1438.0</ele></trkpt>
    <trkpt lat="34.29481" lon="-117.19453"><ele>1443.0</ele></trkpt>
    <trkpt lat="34.29485" lon="-117.19462"><ele>1443.0</ele></trkpt>
    <trkpt lat="34.29491" lon="-117.19470"><ele>1443.0</ele></trkpt>
    <trkpt lat="34.29493" lon="-117.19476"><ele>1443.0</ele></trkpt>
    <trkpt lat="34.29493" lon="-117.19480"><ele>1443.0</ele></trkpt>
    <trkpt lat="34.29492" lon="-117.19489"><ele>1443.0</ele></trkpt>
    <trkpt lat="34.29488" lon="-117.19499"><ele>1443.0</ele></trkpt>
    <trkpt lat="34.29483" lon="-117.19508"><ele>1443.0</ele></trkpt>
    <trkpt lat="34.29472" lon="-117.19524"><ele>1443.0</ele></trkpt>
    <trkpt lat="34.29467" lon="-117.19537"><ele>1443.0</ele></trkpt>
    <trkpt lat="34.29466" lon="-117.19544"><ele>1443.0</ele></trkpt>
    <trkpt lat="34.29470" lon="-117.19550"><ele>1443.0</ele></trkpt>
    <trkpt lat="34.29478" lon="-117.19558"><ele>1443.0</ele></trkpt>
    <trkpt lat="34.29481" lon="-117.19560"><ele>1443.0</ele></trkpt>
    <trkpt lat="34.29487" lon="-117.19564"><ele>1443.0</ele></trkpt>
    <trkpt lat="34.29499" lon="-117.19573"><ele>1443.0</ele></trkpt>
    <trkpt lat="34.29506" lon="-117.19581"><ele>1443.0</ele></trkpt>
    <trkpt lat="34.29507" lon="-117.19581"><ele>1443.0</ele></trkpt>
    <trkpt lat="34.29520" lon="-117.19598"><ele>1443.0</ele></trkpt>
    <trkpt lat="34.29530" lon="-117.19611"><ele>1456.0</ele></trkpt>
    <trkpt lat="34.29533" lon="-117.19614"><ele>1456.0</ele></trkpt>
    <trkpt lat="34.29545" lon="-117.19632"><ele>1456.0</ele></trkpt>
    <trkpt lat="34.29546" lon="-117.19634"><ele>1456.0</ele></trkpt>
    <trkpt lat="34.29549" lon="-117.19638"><ele>1456.0</ele></trkpt>
    <trkpt lat="34.29555" lon="-117.19648"><ele>1456.0</ele></trkpt>
    <trkpt lat="34.29555" lon="-117.19648"><ele>1456.0</ele></trkpt>
    <trkpt lat="34.29555" lon="-117.19648"><ele>1456.0</ele></trkpt>
    <trkpt lat="34.29565" lon="-117.19665"><ele>1456.0</ele></trkpt>
    <trkpt lat="34.29566" lon="-117.19667"><ele>1456.0</ele></trkpt>
    <trkpt lat="34.29567" lon="-117.19668"><ele>1456.0</ele></trkpt>
    <trkpt lat="34.29569" lon="-117.19673"><ele>1456.0</ele></trkpt>
    <trkpt lat="34.29573" lon="-117.19681"><ele>1456.0</ele></trkpt>
    <trkpt lat="34.29575" lon="-117.19691"><ele>1456.0</ele></trkpt>
    <trkpt lat="34.29575" lon="-117.19692"><ele>1456.0</ele></trkpt>
    <trkpt lat="34.29575" lon="-117.19705"><ele>1456.0</ele></trkpt>
    <trkpt lat="34.29575" lon="-117.19726"><ele>1456.0</ele></trkpt>
    <trkpt lat="34.29575" lon="-117.19753"><ele>1456.0</ele></trkpt>
    <trkpt lat="34.29575" lon="-117.19770"><ele>1456.0</ele></trkpt>
    <trkpt lat="34.29576" lon="-117.19782"><ele>1463.0</ele></trkpt>
    <trkpt lat="34.29581" lon="-117.19793"><ele>1463.0</ele></trkpt>
    <trkpt lat="34.29593" lon="-117.19808"><ele>1463.0</ele></trkpt>
    <trkpt lat="34.29604" lon="-117.19817"><ele>1463.0</ele></trkpt>
    <trkpt lat="34.29615" lon="-117.19827"><ele>1463.0</ele></trkpt>
    <trkpt lat="34.29621" lon="-117.19834"><ele>1463.0</ele></trkpt>
    <trkpt lat="34.29630" lon="-117.19853"><ele>1463.0</ele></trkpt>
    <trkpt lat="34.29636" lon="-117.19863"><ele>1463.0</ele></trkpt>
    <trkpt lat="34.29642" lon="-117.19867"><ele>1463.0</ele></trkpt>
    <trkpt lat="34.29650" lon="-117.19871"><ele>1463.0</ele></trkpt>
    <trkpt lat="34.29664" lon="-117.19874"><ele>1463.0</ele></trkpt>
    <trkpt lat="34.29695" lon="-117.19879"><ele>1463.0</ele></trkpt>
    <trkpt lat="34.29701" lon="-117.19883"><ele>1463.0</ele></trkpt>
    <trkpt lat="34.29704" lon="-117.19891"><ele>1463.0</ele></trkpt>
    <trkpt lat="34.29706" lon="-117.19899"><ele>1463.0</ele></trkpt>
    <trkpt lat="34.29707" lon="-117.19909"><ele>1463.0</ele></trkpt>
    <trkpt lat="34.29710" lon="-117.19919"><ele>1463.0</ele></trkpt>
    <trkpt lat="34.29714" lon="-117.19925"><ele>1463.0</ele></trkpt>
    <trkpt lat="34.29722" lon="-117.19933"><ele>1463.0</ele></trkpt>
    <trkpt lat="34.29729" lon="-117.19937"><ele>1463.0</ele></trkpt>
    <trkpt lat="34.29736" lon="-117.19940"><ele>1472.0</ele></trkpt>
    <trkpt lat="34.29743" lon="-117.19940"><ele>1472.0</ele></trkpt>
    <trkpt lat="34.29752" lon="-117.19938"><ele>1472.0</ele></trkpt>
    <trkpt lat="34.29765" lon="-117.19934"><ele>1472.0</ele></trkpt>
    <trkpt lat="34.29779" lon="-117.19935"><ele>1472.0</ele></trkpt>
    <trkpt lat="34.29803" lon="-117.19935"><ele>1472.0</ele></trkpt>
    <trkpt lat="34.29803" lon="-117.19935"><ele>1472.0</ele></trkpt>
    <trkpt lat="34.29809" lon="-117.19953"><ele>1472.0</ele></trkpt>
    <trkpt lat="34.29809" lon="-117.19953"><ele>1472.0</ele></trkpt>
    <trkpt lat="34.29816" lon="-117.19964"><ele>1472.0</ele></trkpt>
    <trkpt lat="34.29824" lon="-117.19977"><ele>1472.0</ele></trkpt>
    <trkpt lat="34.29830" lon="-117.19994"><ele>1472.0</ele></trkpt>
    <trkpt lat="34.29836" lon="-117.20005"><ele>1472.0</ele></trkpt>
    <trkpt lat="34.29845" lon="-117.20016"><ele>1472.0</ele></trkpt>
    <trkpt lat="34.29851" lon="-117.20026"><ele>1472.0</ele></trkpt>
    <trkpt lat="34.29859" lon="-117.20046"><ele>1472.0</ele></trkpt>
    <trkpt lat="34.29868" lon="-117.20066"><ele>1472.0</ele></trkpt>
    <trkpt lat="34.29878" lon="-117.20084"><ele>1472.0</ele></trkpt>
    <trkpt lat="34.29886" lon="-117.20093"><ele>1472.0</ele></trkpt>
    <trkpt lat="34.29893" lon="-117.20099"><ele>1468.0</ele></trkpt>
    <trkpt lat="34.29899" lon="-117.20107"><ele>1468.0</ele></trkpt>
    <trkpt lat="34.29909" lon="-117.20125"><ele>1468.0</ele></trkpt>
    <trkpt lat="34.29915" lon="-117.20140"><ele>1468.0</ele></trkpt>
    <trkpt lat="34.29921" lon="-117.20150"><ele>1468.0</ele></trkpt>
    <trkpt lat="34.29932" lon="-117.20168"><ele>1468.0</ele></trkpt>
    <trkpt lat="34.29936" lon="-117.20178"><ele>1468.0</ele></trkpt>
    <trkpt lat="34.29939" lon="-117.20191"><ele>1468.0</ele></trkpt>
    <trkpt lat="34.29938" lon="-117.20207"><ele>1468.0</ele></trkpt>
    <trkpt lat="34.29939" lon="-117.20216"><ele>1468.0</ele></trkpt>
    <trkpt lat="34.29945" lon="-117.20229"><ele>1468.0</ele></trkpt>
    <trkpt lat="34.29953" lon="-117.20239"><ele>1468.0</ele></trkpt>
    <trkpt lat="34.29959" lon="-117.20249"><ele>1468.0</ele></trkpt>
    <trkpt lat="34.29963" lon="-117.20259"><ele>1468.0</ele></trkpt>
    <trkpt lat="34.29965" lon="-117.20269"><ele>1468.0</ele></trkpt>
    <trkpt lat="34.29968" lon="-117.20278"><ele>1468.0</ele></trkpt>
    <trkpt lat="34.29976" lon="-117.20293"><ele>1468.0</ele></trkpt>
    <trkpt lat="34.29982" lon="-117.20307"><ele>1468.0</ele></trkpt>
    <trkpt lat="34.29990" lon="-117.20342"><ele>1468.0</ele></trkpt>
    <trkpt lat="34.29994" lon="-117.20366"><ele>1449.0</ele></trkpt>
    <trkpt lat="34.29999" lon="-117.20384"><ele>1449.0</ele></trkpt>
    <trkpt lat="34.30003" lon="-117.20396"><ele>1449.0</ele></trkpt>
    <trkpt lat="34.30005" lon="-117.20407"><ele>1449.0</ele></trkpt>
    <trkpt lat="34.30006" lon="-117.20420"><ele>1449.0</ele></trkpt>
    <trkpt lat="34.30010" lon="-117.20436"><ele>1449.0</ele></trkpt>
    <trkpt lat="34.30015" lon="-117.20457"><ele>1449.0</ele></trkpt>
    <trkpt lat="34.30018" lon="-117.20475"><ele>1449.0</ele></trkpt>
    <trkpt lat="34.30019" lon="-117.20495"><ele>1449.0</ele></trkpt>
    <trkpt lat="34.30023" lon="-117.20510"><ele>1449.0</ele></trkpt>
  </trkseg></trk>
</gpx>
