<?xml version="1.0" encoding="UTF-8"?>
<gpx version="1.1" creator="dirt-bikes build-area-routes (MVUM geometry + SRTM elevation)" xmlns="http://www.topografix.com/GPX/1/1">
  <trk><name>Pilot Rock Road</name><trkseg>
    <trkpt lat="34.28539" lon="-117.21939"><ele>1487.0</ele></trkpt>
    <trkpt lat="34.28538" lon="-117.21941"><ele>1487.0</ele></trkpt>
    <trkpt lat="34.28528" lon="-117.21954"><ele>1487.0</ele></trkpt>
    <trkpt lat="34.28516" lon="-117.21964"><ele>1487.0</ele></trkpt>
    <trkpt lat="34.28504" lon="-117.21972"><ele>1487.0</ele></trkpt>
    <trkpt lat="34.28481" lon="-117.21982"><ele>1487.0</ele></trkpt>
    <trkpt lat="34.28465" lon="-117.21989"><ele>1487.0</ele></trkpt>
    <trkpt lat="34.28454" lon="-117.21991"><ele>1487.0</ele></trkpt>
    <trkpt lat="34.28436" lon="-117.21992"><ele>1487.0</ele></trkpt>
    <trkpt lat="34.28424" lon="-117.21990"><ele>1487.0</ele></trkpt>
    <trkpt lat="34.28418" lon="-117.21986"><ele>1476.0</ele></trkpt>
    <trkpt lat="34.28411" lon="-117.21981"><ele>1476.0</ele></trkpt>
    <trkpt lat="34.28403" lon="-117.21978"><ele>1476.0</ele></trkpt>
    <trkpt lat="34.28395" lon="-117.21979"><ele>1476.0</ele></trkpt>
    <trkpt lat="34.28389" lon="-117.21983"><ele>1476.0</ele></trkpt>
    <trkpt lat="34.28386" lon="-117.21988"><ele>1476.0</ele></trkpt>
    <trkpt lat="34.28386" lon="-117.21995"><ele>1476.0</ele></trkpt>
    <trkpt lat="34.28387" lon="-117.22005"><ele>1476.0</ele></trkpt>
    <trkpt lat="34.28387" lon="-117.22021"><ele>1476.0</ele></trkpt>
    <trkpt lat="34.28386" lon="-117.22030"><ele>1476.0</ele></trkpt>
    <trkpt lat="34.28382" lon="-117.22037"><ele>1476.0</ele></trkpt>
    <trkpt lat="34.28372" lon="-117.22045"><ele>1476.0</ele></trkpt>
    <trkpt lat="34.28361" lon="-117.22053"><ele>1476.0</ele></trkpt>
    <trkpt lat="34.28353" lon="-117.22061"><ele>1476.0</ele></trkpt>
    <trkpt lat="34.28346" lon="-117.22073"><ele>1476.0</ele></trkpt>
    <trkpt lat="34.28342" lon="-117.22081"><ele>1476.0</ele></trkpt>
    <trkpt lat="34.28336" lon="-117.22084"><ele>1476.0</ele></trkpt>
    <trkpt lat="34.28329" lon="-117.22081"><ele>1476.0</ele></trkpt>
    <trkpt lat="34.28313" lon="-117.22072"><ele>1461.0</ele></trkpt>
    <trkpt lat="34.28302" lon="-117.22069"><ele>1461.0</ele></trkpt>
    <trkpt lat="34.28295" lon="-117.22070"><ele>1461.0</ele></trkpt>
    <trkpt lat="34.28278" lon="-117.22076"><ele>1461.0</ele></trkpt>
    <trkpt lat="34.28259" lon="-117.22080"><ele>1461.0</ele></trkpt>
    <trkpt lat="34.28242" lon="-117.22080"><ele>1461.0</ele></trkpt>
    <trkpt lat="34.28234" lon="-117.22083"><ele>1461.0</ele></trkpt>
    <trkpt lat="34.28229" lon="-117.22087"><ele>1461.0</ele></trkpt>
    <trkpt lat="34.28224" lon="-117.22105"><ele>1461.0</ele></trkpt>
    <trkpt lat="34.28219" lon="-117.22117"><ele>1461.0</ele></trkpt>
    <trkpt lat="34.28212" lon="-117.22134"><ele>1461.0</ele></trkpt>
    <trkpt lat="34.28206" lon="-117.22143"><ele>1461.0</ele></trkpt>
    <trkpt lat="34.28201" lon="-117.22148"><ele>1461.0</ele></trkpt>
    <trkpt lat="34.28192" lon="-117.22148"><ele>1461.0</ele></trkpt>
    <trkpt lat="34.28182" lon="-117.22145"><ele>1461.0</ele></trkpt>
    <trkpt lat="34.28170" lon="-117.22145"><ele>1461.0</ele></trkpt>
    <trkpt lat="34.28159" lon="-117.22150"><ele>1461.0</ele></trkpt>
    <trkpt lat="34.28147" lon="-117.22154"><ele>1442.0</ele></trkpt>
    <trkpt lat="34.28136" lon="-117.22157"><ele>1442.0</ele></trkpt>
    <trkpt lat="34.28125" lon="-117.22162"><ele>1442.0</ele></trkpt>
    <trkpt lat="34.28115" lon="-117.22167"><ele>1442.0</ele></trkpt>
    <trkpt lat="34.28106" lon="-117.22174"><ele>1442.0</ele></trkpt>
    <trkpt lat="34.28103" lon="-117.22183"><ele>1442.0</ele></trkpt>
    <trkpt lat="34.28102" lon="-117.22192"><ele>1442.0</ele></trkpt>
    <trkpt lat="34.28104" lon="-117.22198"><ele>1442.0</ele></trkpt>
    <trkpt lat="34.28108" lon="-117.22204"><ele>1442.0</ele></trkpt>
    <trkpt lat="34.28108" lon="-117.22209"><ele>1442.0</ele></trkpt>
    <trkpt lat="34.28104" lon="-117.22216"><ele>1442.0</ele></trkpt>
    <trkpt lat="34.28098" lon="-117.22220"><ele>1442.0</ele></trkpt>
    <trkpt lat="34.28089" lon="-117.22220"><ele>1442.0</ele></trkpt>
    <trkpt lat="34.28079" lon="-117.22221"><ele>1442.0</ele></trkpt>
    <trkpt lat="34.28070" lon="-117.22226"><ele>1442.0</ele></trkpt>
    <trkpt lat="34.28061" lon="-117.22229"><ele>1442.0</ele></trkpt>
    <trkpt lat="34.28041" lon="-117.22233"><ele>1442.0</ele></trkpt>
    <trkpt lat="34.28035" lon="-117.22235"><ele>1442.0</ele></trkpt>
    <trkpt lat="34.28030" lon="-117.22241"><ele>1447.0</ele></trkpt>
    <trkpt lat="34.28029" lon="-117.22247"><ele>1447.0</ele></trkpt>
    <trkpt lat="34.28032" lon="-117.22252"><ele>1447.0</ele></trkpt>
    <trkpt lat="34.28038" lon="-117.22255"><ele>1447.0</ele></trkpt>
    <trkpt lat="34.28054" lon="-117.22259"><ele>1447.0</ele></trkpt>
    <trkpt lat="34.28073" lon="-117.22262"><ele>1447.0</ele></trkpt>
    <trkpt lat="34.28086" lon="-117.22263"><ele>1447.0</ele></trkpt>
    <trkpt lat="34.28095" lon="-117.22262"><ele>1447.0</ele></trkpt>
    <trkpt lat="34.28103" lon="-117.22263"><ele>1447.0</ele></trkpt>
    <trkpt lat="34.28109" lon="-117.22264"><ele>1447.0</ele></trkpt>
    <trkpt lat="34.28118" lon="-117.22262"><ele>1447.0</ele></trkpt>
    <trkpt lat="34.28127" lon="-117.22258"><ele>1447.0</ele></trkpt>
    <trkpt lat="34.28135" lon="-117.22258"><ele>1447.0</ele></trkpt>
    <trkpt lat="34.28145" lon="-117.22263"><ele>1447.0</ele></trkpt>
    <trkpt lat="34.28163" lon="-117.22274"><ele>1447.0</ele></trkpt>
    <trkpt lat="34.28169" lon="-117.22281"><ele>1447.0</ele></trkpt>
    <trkpt lat="34.28170" lon="-117.22287"><ele>1447.0</ele></trkpt>
    <trkpt lat="34.28169" lon="-117.22297"><ele>1447.0</ele></trkpt>
    <trkpt lat="34.28160" lon="-117.22307"><ele>1467.0</ele></trkpt>
    <trkpt lat="34.28149" lon="-117.22324"><ele>1467.0</ele></trkpt>
    <trkpt lat="34.28141" lon="-117.22339"><ele>1467.0</ele></trkpt>
    <trkpt lat="34.28136" lon="-117.22354"><ele>1467.0</ele></trkpt>
    <trkpt lat="34.28133" lon="-117.22370"><ele>1467.0</ele></trkpt>
    <trkpt lat="34.28128" lon="-117.22380"><ele>1467.0</ele></trkpt>
    <trkpt lat="34.28115" lon="-117.22395"><ele>1467.0</ele></trkpt>
    <trkpt lat="34.28105" lon="-117.22402"><ele>1467.0</ele></trkpt>
    <trkpt lat="34.28087" lon="-117.22408"><ele>1467.0</ele></trkpt>
    <trkpt lat="34.28069" lon="-117.22410"><ele>1467.0</ele></trkpt>
    <trkpt lat="34.28061" lon="-117.22414"><ele>1467.0</ele></trkpt>
    <trkpt lat="34.28053" lon="-117.22424"><ele>1467.0</ele></trkpt>
    <trkpt lat="34.28046" lon="-117.22440"><ele>1467.0</ele></trkpt>
    <trkpt lat="34.28038" lon="-117.22450"><ele>1467.0</ele></trkpt>
    <trkpt lat="34.28032" lon="-117.22461"><ele>1467.0</ele></trkpt>
    <trkpt lat="34.28030" lon="-117.22477"><ele>1467.0</ele></trkpt>
    <trkpt lat="34.28027" lon="-117.22493"><ele>1467.0</ele></trkpt>
    <trkpt lat="34.28023" lon="-117.22508"><ele>1467.0</ele></trkpt>
    <trkpt lat="34.28016" lon="-117.22522"><ele>1487.0</ele></trkpt>
    <trkpt lat="34.28007" lon="-117.22531"><ele>1487.0</ele></trkpt>
    <trkpt lat="34.27999" lon="-117.22535"><ele>1487.0</ele></trkpt>
    <trkpt lat="34.27988" lon="-117.22536"><ele>1487.0</ele></trkpt>
    <trkpt lat="34.27973" lon="-117.22542"><ele>1487.0</ele></trkpt>
    <trkpt lat="34.27964" lon="-117.22547"><ele>1487.0</ele></trkpt>
    <trkpt lat="34.27955" lon="-117.22556"><ele>1487.0</ele></trkpt>
    <trkpt lat="34.27948" lon="-117.22568"><ele>1487.0</ele></trkpt>
    <trkpt lat="34.27943" lon="-117.22585"><ele>1487.0</ele></trkpt>
    <trkpt lat="34.27940" lon="-117.22603"><ele>1487.0</ele></trkpt>
    <trkpt lat="34.27939" lon="-117.22625"><ele>1487.0</ele></trkpt>
    <trkpt lat="34.27938" lon="-117.22648"><ele>1487.0</ele></trkpt>
    <trkpt lat="34.27935" lon="-117.22669"><ele>1487.0</ele></trkpt>
    <trkpt lat="34.27928" lon="-117.22680"><ele>1487.0</ele></trkpt>
    <trkpt lat="34.27923" lon="-117.22687"><ele>1487.0</ele></trkpt>
    <trkpt lat="34.27920" lon="-117.22703"><ele>1487.0</ele></trkpt>
    <trkpt lat="34.27917" lon="-117.22729"><ele>1487.0</ele></trkpt>
    <trkpt lat="34.27915" lon="-117.22763"><ele>1491.0</ele></trkpt>
    <trkpt lat="34.27913" lon="-117.22783"><ele>1491.0</ele></trkpt>
    <trkpt lat="34.27907" lon="-117.22802"><ele>1491.0</ele></trkpt>
    <trkpt lat="34.27902" lon="-117.22820"><ele>1491.0</ele></trkpt>
    <trkpt lat="34.27894" lon="-117.22835"><ele>1491.0</ele></trkpt>
    <trkpt lat="34.27886" lon="-117.22851"><ele>1491.0</ele></trkpt>
    <trkpt lat="34.27882" lon="-117.22863"><ele>1491.0</ele></trkpt>
    <trkpt lat="34.27881" lon="-117.22865"><ele>1491.0</ele></trkpt>
    <trkpt lat="34.27873" lon="-117.22885"><ele>1491.0</ele></trkpt>
    <trkpt lat="34.27863" lon="-117.22903"><ele>1491.0</ele></trkpt>
    <trkpt lat="34.27863" lon="-117.22908"><ele>1491.0</ele></trkpt>
    <trkpt lat="34.27861" lon="-117.22921"><ele>1491.0</ele></trkpt>
    <trkpt lat="34.27863" lon="-117.22941"><ele>1491.0</ele></trkpt>
    <trkpt lat="34.27860" lon="-117.22955"><ele>1491.0</ele></trkpt>
    <trkpt lat="34.27859" lon="-117.22961"><ele>1491.0</ele></trkpt>
    <trkpt lat="34.27847" lon="-117.22982"><ele>1491.0</ele></trkpt>
    <trkpt lat="34.27833" lon="-117.23005"><ele>1491.0</ele></trkpt>
    <trkpt lat="34.27821" lon="-117.23030"><ele>1491.0</ele></trkpt>
    <trkpt lat="34.27814" lon="-117.23058"><ele>1498.0</ele></trkpt>
    <trkpt lat="34.27814" lon="-117.23058"><ele>1498.0</ele></trkpt>
    <trkpt lat="34.27808" lon="-117.23085"><ele>1498.0</ele></trkpt>
    <trkpt lat="34.27807" lon="-117.23121"><ele>1498.0</ele></trkpt>
    <trkpt lat="34.27807" lon="-117.23121"><ele>1498.0</ele></trkpt>
    <trkpt lat="34.27804" lon="-117.23143"><ele>1498.0</ele></trkpt>
    <trkpt lat="34.27796" lon="-117.23170"><ele>1498.0</ele></trkpt>
    <trkpt lat="34.27789" lon="-117.23196"><ele>1498.0</ele></trkpt>
    <trkpt lat="34.27783" lon="-117.23215"><ele>1498.0</ele></trkpt>
    <trkpt lat="34.27779" lon="-117.23236"><ele>1498.0</ele></trkpt>
    <trkpt lat="34.27777" lon="-117.23250"><ele>1498.0</ele></trkpt>
    <trkpt lat="34.27774" lon="-117.23257"><ele>1498.0</ele></trkpt>
    <trkpt lat="34.27763" lon="-117.23270"><ele>1498.0</ele></trkpt>
    <trkpt lat="34.27757" lon="-117.23280"><ele>1498.0</ele></trkpt>
    <trkpt lat="34.27752" lon="-117.23292"><ele>1498.0</ele></trkpt>
    <trkpt lat="34.27745" lon="-117.23312"><ele>1498.0</ele></trkpt>
    <trkpt lat="34.27741" lon="-117.23323"><ele>1498.0</ele></trkpt>
    <trkpt lat="34.27741" lon="-117.23337"><ele>1498.0</ele></trkpt>
    <trkpt lat="34.27740" lon="-117.23348"><ele>1502.0</ele></trkpt>
    <trkpt lat="34.27737" lon="-117.23356"><ele>1502.0</ele></trkpt>
    <trkpt lat="34.27728" lon="-117.23364"><ele>1502.0</ele></trkpt>
    <trkpt lat="34.27723" lon="-117.23373"><ele>1502.0</ele></trkpt>
    <trkpt lat="34.27719" lon="-117.23389"><ele>1502.0</ele></trkpt>
    <trkpt lat="34.27716" lon="-117.23405"><ele>1502.0</ele></trkpt>
    <trkpt lat="34.27716" lon="-117.23421"><ele>1502.0</ele></trkpt>
    <trkpt lat="34.27716" lon="-117.23436"><ele>1502.0</ele></trkpt>
    <trkpt lat="34.27719" lon="-117.23447"><ele>1502.0</ele></trkpt>
    <trkpt lat="34.27726" lon="-117.23464"><ele>1502.0</ele></trkpt>
    <trkpt lat="34.27729" lon="-117.23476"><ele>1502.0</ele></trkpt>
    <trkpt lat="34.27726" lon="-117.23497"><ele>1502.0</ele></trkpt>
    <trkpt lat="34.27725" lon="-117.23514"><ele>1502.0</ele></trkpt>
    <trkpt lat="34.27724" lon="-117.23527"><ele>1502.0</ele></trkpt>
    <trkpt lat="34.27721" lon="-117.23537"><ele>1502.0</ele></trkpt>
    <trkpt lat="34.27710" lon="-117.23552"><ele>1502.0</ele></trkpt>
    <trkpt lat="34.27708" lon="-117.23561"><ele>1502.0</ele></trkpt>
    <trkpt lat="34.27707" lon="-117.23576"><ele>1502.0</ele></trkpt>
    <trkpt lat="34.27708" lon="-117.23590"><ele>1503.0</ele></trkpt>
    <trkpt lat="34.27705" lon="-117.23606"><ele>1503.0</ele></trkpt>
    <trkpt lat="34.27704" lon="-117.23628"><ele>1503.0</ele></trkpt>
    <trkpt lat="34.27704" lon="-117.23649"><ele>1503.0</ele></trkpt>
    <trkpt lat="34.27708" lon="-117.23665"><ele>1503.0</ele></trkpt>
    <trkpt lat="34.27714" lon="-117.23680"><ele>1503.0</ele></trkpt>
    <trkpt lat="34.27717" lon="-117.23691"><ele>1503.0</ele></trkpt>
    <trkpt lat="34.27718" lon="-117.23703"><ele>1503.0</ele></trkpt>
    <trkpt lat="34.27718" lon="-117.23721"><ele>1503.0</ele></trkpt>
    <trkpt lat="34.27720" lon="-117.23730"><ele>1503.0</ele></trkpt>
    <trkpt lat="34.27724" lon="-117.23740"><ele>1503.0</ele></trkpt>
    <trkpt lat="34.27725" lon="-117.23749"><ele>1503.0</ele></trkpt>
    <trkpt lat="34.27724" lon="-117.23762"><ele>1503.0</ele></trkpt>
    <trkpt lat="34.27715" lon="-117.23808"><ele>1503.0</ele></trkpt>
    <trkpt lat="34.27712" lon="-117.23828"><ele>1503.0</ele></trkpt>
    <trkpt lat="34.27711" lon="-117.23842"><ele>1503.0</ele></trkpt>
    <trkpt lat="34.27714" lon="-117.23861"><ele>1503.0</ele></trkpt>
    <trkpt lat="34.27714" lon="-117.23876"><ele>1503.0</ele></trkpt>
    <trkpt lat="34.27711" lon="-117.23897"><ele>1509.0</ele></trkpt>
    <trkpt lat="34.27711" lon="-117.23897"><ele>1509.0</ele></trkpt>
    <trkpt lat="34.27706" lon="-117.23919"><ele>1509.0</ele></trkpt>
    <trkpt lat="34.27698" lon="-117.23966"><ele>1509.0</ele></trkpt>
    <trkpt lat="34.27697" lon="-117.23989"><ele>1509.0</ele></trkpt>
    <trkpt lat="34.27698" lon="-117.24011"><ele>1509.0</ele></trkpt>
    <trkpt lat="34.27704" lon="-117.24052"><ele>1509.0</ele></trkpt>
    <trkpt lat="34.27708" lon="-117.24075"><ele>1509.0</ele></trkpt>
    <trkpt lat="34.27709" lon="-117.24092"><ele>1509.0</ele></trkpt>
    <trkpt lat="34.27708" lon="-117.24108"><ele>1509.0</ele></trkpt>
    <trkpt lat="34.27709" lon="-117.24127"><ele>1509.0</ele></trkpt>
    <trkpt lat="34.27712" lon="-117.24146"><ele>1509.0</ele></trkpt>
    <trkpt lat="34.27717" lon="-117.24170"><ele>1509.0</ele></trkpt>
    <trkpt lat="34.27721" lon="-117.24192"><ele>1509.0</ele></trkpt>
    <trkpt lat="34.27726" lon="-117.24212"><ele>1509.0</ele></trkpt>
    <trkpt lat="34.27734" lon="-117.24233"><ele>1509.0</ele></trkpt>
    <trkpt lat="34.27741" lon="-117.24249"><ele>1509.0</ele></trkpt>
    <trkpt lat="34.27748" lon="-117.24263"><ele>1504.0</ele></trkpt>
    <trkpt lat="34.27751" lon="-117.24272"><ele>1504.0</ele></trkpt>
    <trkpt lat="34.27752" lon="-117.24285"><ele>1504.0</ele></trkpt>
    <trkpt lat="34.27749" lon="-117.24297"><ele>1504.0</ele></trkpt>
    <trkpt lat="34.27746" lon="-117.24309"><ele>1504.0</ele></trkpt>
    <trkpt lat="34.27746" lon="-117.24324"><ele>1504.0</ele></trkpt>
    <trkpt lat="34.27746" lon="-117.24341"><ele>1504.0</ele></trkpt>
    <trkpt lat="34.27743" lon="-117.24360"><ele>1504.0</ele></trkpt>
    <trkpt lat="34.27742" lon="-117.24376"><ele>1504.0</ele></trkpt>
    <trkpt lat="34.27743" lon="-117.24386"><ele>1504.0</ele></trkpt>
    <trkpt lat="34.27748" lon="-117.24405"><ele>1504.0</ele></trkpt>
    <trkpt lat="34.27754" lon="-117.24426"><ele>1504.0</ele></trkpt>
    <trkpt lat="34.27755" lon="-117.24439"><ele>1504.0</ele></trkpt>
    <trkpt lat="34.27755" lon="-117.24462"><ele>1504.0</ele></trkpt>
    <trkpt lat="34.27754" lon="-117.24475"><ele>1504.0</ele></trkpt>
    <trkpt lat="34.27756" lon="-117.24484"><ele>1504.0</ele></trkpt>
    <trkpt lat="34.27767" lon="-117.24504"><ele>1504.0</ele></trkpt>
    <trkpt lat="34.27773" lon="-117.24519"><ele>1504.0</ele></trkpt>
    <trkpt lat="34.27775" lon="-117.24535"><ele>1509.0</ele></trkpt>
    <trkpt lat="34.27781" lon="-117.24558"><ele>1509.0</ele></trkpt>
    <trkpt lat="34.27786" lon="-117.24583"><ele>1509.0</ele></trkpt>
    <trkpt lat="34.27792" lon="-117.24617"><ele>1509.0</ele></trkpt>
    <trkpt lat="34.27793" lon="-117.24634"><ele>1509.0</ele></trkpt>
    <trkpt lat="34.27795" lon="-117.24645"><ele>1509.0</ele></trkpt>
    <trkpt lat="34.27800" lon="-117.24659"><ele>1509.0</ele></trkpt>
    <trkpt lat="34.27804" lon="-117.24670"><ele>1509.0</ele></trkpt>
    <trkpt lat="34.27808" lon="-117.24684"><ele>1509.0</ele></trkpt>
    <trkpt lat="34.27809" lon="-117.24697"><ele>1509.0</ele></trkpt>
    <trkpt lat="34.27809" lon="-117.24711"><ele>1509.0</ele></trkpt>
    <trkpt lat="34.27808" lon="-117.24721"><ele>1509.0</ele></trkpt>
    <trkpt lat="34.27804" lon="-117.24737"><ele>1509.0</ele></trkpt>
    <trkpt lat="34.27796" lon="-117.24758"><ele>1509.0</ele></trkpt>
    <trkpt lat="34.27791" lon="-117.24778"><ele>1509.0</ele></trkpt>
    <trkpt lat="34.27787" lon="-117.24793"><ele>1509.0</ele></trkpt>
    <trkpt lat="34.27783" lon="-117.24808"><ele>1509.0</ele></trkpt>
    <trkpt lat="34.27778" lon="-117.24818"><ele>1509.0</ele></trkpt>
    <trkpt lat="34.27775" lon="-117.24826"><ele>1515.0</ele></trkpt>
    <trkpt lat="34.27775" lon="-117.24834"><ele>1515.0</ele></trkpt>
    <trkpt lat="34.27778" lon="-117.24842"><ele>1515.0</ele></trkpt>
    <trkpt lat="34.27779" lon="-117.24847"><ele>1515.0</ele></trkpt>
    <trkpt lat="34.27784" lon="-117.24859"><ele>1515.0</ele></trkpt>
    <trkpt lat="34.27790" lon="-117.24870"><ele>1515.0</ele></trkpt>
    <trkpt lat="34.27795" lon="-117.24882"><ele>1515.0</ele></trkpt>
    <trkpt lat="34.27804" lon="-117.24902"><ele>1515.0</ele></trkpt>
    <trkpt lat="34.27809" lon="-117.24911"><ele>1515.0</ele></trkpt>
    <trkpt lat="34.27811" lon="-117.24916"><ele>1515.0</ele></trkpt>
    <trkpt lat="34.27819" lon="-117.24929"><ele>1515.0</ele></trkpt>
    <trkpt lat="34.27829" lon="-117.24935"><ele>1515.0</ele></trkpt>
    <trkpt lat="34.27838" lon="-117.24940"><ele>1515.0</ele></trkpt>
    <trkpt lat="34.27842" lon="-117.24945"><ele>1515.0</ele></trkpt>
    <trkpt lat="34.27854" lon="-117.24954"><ele>1515.0</ele></trkpt>
    <trkpt lat="34.27862" lon="-117.24962"><ele>1515.0</ele></trkpt>
    <trkpt lat="34.27867" lon="-117.24970"><ele>1515.0</ele></trkpt>
    <trkpt lat="34.27871" lon="-117.25000"><ele>1515.0</ele></trkpt>
    <trkpt lat="34.27876" lon="-117.25030"><ele>1539.0</ele></trkpt>
    <trkpt lat="34.27877" lon="-117.25045"><ele>1539.0</ele></trkpt>
    <trkpt lat="34.27877" lon="-117.25062"><ele>1539.0</ele></trkpt>
    <trkpt lat="34.27879" lon="-117.25075"><ele>1539.0</ele></trkpt>
    <trkpt lat="34.27888" lon="-117.25098"><ele>1539.0</ele></trkpt>
    <trkpt lat="34.27895" lon="-117.25113"><ele>1539.0</ele></trkpt>
    <trkpt lat="34.27900" lon="-117.25119"><ele>1539.0</ele></trkpt>
    <trkpt lat="34.27912" lon="-117.25125"><ele>1539.0</ele></trkpt>
    <trkpt lat="34.27933" lon="-117.25132"><ele>1539.0</ele></trkpt>
    <trkpt lat="34.27943" lon="-117.25136"><ele>1539.0</ele></trkpt>
    <trkpt lat="34.27952" lon="-117.25143"><ele>1539.0</ele></trkpt>
    <trkpt lat="34.27952" lon="-117.25143"><ele>1539.0</ele></trkpt>
    <trkpt lat="34.27958" lon="-117.25153"><ele>1539.0</ele></trkpt>
    <trkpt lat="34.27962" lon="-117.25162"><ele>1539.0</ele></trkpt>
    <trkpt lat="34.27963" lon="-117.25164"><ele>1539.0</ele></trkpt>
    <trkpt lat="34.27963" lon="-117.25176"><ele>1539.0</ele></trkpt>
    <trkpt lat="34.27963" lon="-117.25185"><ele>1539.0</ele></trkpt>
    <trkpt lat="34.27967" lon="-117.25193"><ele>1543.0</ele></trkpt>
    <trkpt lat="34.27971" lon="-117.25200"><ele>1543.0</ele></trkpt>
    <trkpt lat="34.27973" lon="-117.25209"><ele>1543.0</ele></trkpt>
    <trkpt lat="34.27972" lon="-117.25219"><ele>1543.0</ele></trkpt>
    <trkpt lat="34.27970" lon="-117.25232"><ele>1543.0</ele></trkpt>
    <trkpt lat="34.27968" lon="-117.25242"><ele>1543.0</ele></trkpt>
    <trkpt lat="34.27960" lon="-117.25252"><ele>1543.0</ele></trkpt>
    <trkpt lat="34.27953" lon="-117.25261"><ele>1543.0</ele></trkpt>
    <trkpt lat="34.27945" lon="-117.25273"><ele>1543.0</ele></trkpt>
    <trkpt lat="34.27936" lon="-117.25289"><ele>1543.0</ele></trkpt>
    <trkpt lat="34.27930" lon="-117.25299"><ele>1543.0</ele></trkpt>
    <trkpt lat="34.27927" lon="-117.25309"><ele>1543.0</ele></trkpt>
    <trkpt lat="34.27929" lon="-117.25317"><ele>1543.0</ele></trkpt>
    <trkpt lat="34.27935" lon="-117.25325"><ele>1543.0</ele></trkpt>
    <trkpt lat="34.27942" lon="-117.25330"><ele>1543.0</ele></trkpt>
    <trkpt lat="34.27956" lon="-117.25339"><ele>1543.0</ele></trkpt>
    <trkpt lat="34.27969" lon="-117.25346"><ele>1543.0</ele></trkpt>
    <trkpt lat="34.27979" lon="-117.25356"><ele>1543.0</ele></trkpt>
    <trkpt lat="34.27985" lon="-117.25366"><ele>1561.0</ele></trkpt>
    <trkpt lat="34.27988" lon="-117.25375"><ele>1561.0</ele></trkpt>
    <trkpt lat="34.27994" lon="-117.25392"><ele>1561.0</ele></trkpt>
    <trkpt lat="34.27999" lon="-117.25404"><ele>1561.0</ele></trkpt>
    <trkpt lat="34.28006" lon="-117.25415"><ele>1561.0</ele></trkpt>
    <trkpt lat="34.28015" lon="-117.25423"><ele>1561.0</ele></trkpt>
    <trkpt lat="34.28021" lon="-117.25425"><ele>1561.0</ele></trkpt>
    <trkpt lat="34.28034" lon="-117.25423"><ele>1561.0</ele></trkpt>
    <trkpt lat="34.28043" lon="-117.25421"><ele>1561.0</ele></trkpt>
    <trkpt lat="34.28056" lon="-117.25423"><ele>1561.0</ele></trkpt>
    <trkpt lat="34.28069" lon="-117.25424"><ele>1561.0</ele></trkpt>
    <trkpt lat="34.28077" lon="-117.25428"><ele>1561.0</ele></trkpt>
    <trkpt lat="34.28083" lon="-117.25434"><ele>1561.0</ele></trkpt>
    <trkpt lat="34.28087" lon="-117.25442"><ele>1561.0</ele></trkpt>
    <trkpt lat="34.28093" lon="-117.25460"><ele>1561.0</ele></trkpt>
    <trkpt lat="34.28098" lon="-117.25481"><ele>1561.0</ele></trkpt>
    <trkpt lat="34.28102" lon="-117.25504"><ele>1561.0</ele></trkpt>
    <trkpt lat="34.28103" lon="-117.25519"><ele>1561.0</ele></trkpt>
    <trkpt lat="34.28104" lon="-117.25537"><ele>1571.0</ele></trkpt>
    <trkpt lat="34.28101" lon="-117.25554"><ele>1571.0</ele></trkpt>
    <trkpt lat="34.28098" lon="-117.25577"><ele>1571.0</ele></trkpt>
    <trkpt lat="34.28097" lon="-117.25590"><ele>1571.0</ele></trkpt>
    <trkpt lat="34.28099" lon="-117.25599"><ele>1571.0</ele></trkpt>
    <trkpt lat="34.28104" lon="-117.25606"><ele>1571.0</ele></trkpt>
    <trkpt lat="34.28111" lon="-117.25610"><ele>1571.0</ele></trkpt>
    <trkpt lat="34.28118" lon="-117.25610"><ele>1571.0</ele></trkpt>
    <trkpt lat="34.28126" lon="-117.25610"><ele>1571.0</ele></trkpt>
    <trkpt lat="34.28131" lon="-117.25613"><ele>1571.0</ele></trkpt>
    <trkpt lat="34.28140" lon="-117.25622"><ele>1571.0</ele></trkpt>
    <trkpt lat="34.28150" lon="-117.25633"><ele>1571.0</ele></trkpt>
    <trkpt lat="34.28155" lon="-117.25637"><ele>1571.0</ele></trkpt>
    <trkpt lat="34.28157" lon="-117.25639"><ele>1571.0</ele></trkpt>
    <trkpt lat="34.28165" lon="-117.25648"><ele>1571.0</ele></trkpt>
    <trkpt lat="34.28173" lon="-117.25661"><ele>1571.0</ele></trkpt>
    <trkpt lat="34.28178" lon="-117.25668"><ele>1571.0</ele></trkpt>
    <trkpt lat="34.28178" lon="-117.25678"><ele>1571.0</ele></trkpt>
    <trkpt lat="34.28176" lon="-117.25691"><ele>1576.0</ele></trkpt>
    <trkpt lat="34.28177" lon="-117.25698"><ele>1576.0</ele></trkpt>
    <trkpt lat="34.28181" lon="-117.25703"><ele>1576.0</ele></trkpt>
    <trkpt lat="34.28190" lon="-117.25710"><ele>1576.0</ele></trkpt>
    <trkpt lat="34.28201" lon="-117.25717"><ele>1576.0</ele></trkpt>
    <trkpt lat="34.28205" lon="-117.25722"><ele>1576.0</ele></trkpt>
    <trkpt lat="34.28208" lon="-117.25732"><ele>1576.0</ele></trkpt>
    <trkpt lat="34.28207" lon="-117.25742"><ele>1576.0</ele></trkpt>
    <trkpt lat="34.28203" lon="-117.25752"><ele>1576.0</ele></trkpt>
    <trkpt lat="34.28195" lon="-117.25758"><ele>1576.0</ele></trkpt>
    <trkpt lat="34.28182" lon="-117.25762"><ele>1576.0</ele></trkpt>
    <trkpt lat="34.28170" lon="-117.25767"><ele>1576.0</ele></trkpt>
    <trkpt lat="34.28155" lon="-117.25779"><ele>1576.0</ele></trkpt>
    <trkpt lat="34.28142" lon="-117.25791"><ele>1576.0</ele></trkpt>
    <trkpt lat="34.28133" lon="-117.25799"><ele>1576.0</ele></trkpt>
    <trkpt lat="34.28125" lon="-117.25810"><ele>1576.0</ele></trkpt>
    <trkpt lat="34.28118" lon="-117.25820"><ele>1576.0</ele></trkpt>
    <trkpt lat="34.28111" lon="-117.25835"><ele>1576.0</ele></trkpt>
    <trkpt lat="34.28103" lon="-117.25850"><ele>1565.0</ele></trkpt>
    <trkpt lat="34.28093" lon="-117.25867"><ele>1565.0</ele></trkpt>
    <trkpt lat="34.28088" lon="-117.25881"><ele>1565.0</ele></trkpt>
    <trkpt lat="34.28085" lon="-117.25892"><ele>1565.0</ele></trkpt>
    <trkpt lat="34.28085" lon="-117.25903"><ele>1565.0</ele></trkpt>
    <trkpt lat="34.28087" lon="-117.25915"><ele>1565.0</ele></trkpt>
    <trkpt lat="34.28088" lon="-117.25926"><ele>1565.0</ele></trkpt>
    <trkpt lat="34.28087" lon="-117.25936"><ele>1565.0</ele></trkpt>
    <trkpt lat="34.28082" lon="-117.25949"><ele>1565.0</ele></trkpt>
    <trkpt lat="34.28081" lon="-117.25963"><ele>1565.0</ele></trkpt>
    <trkpt lat="34.28081" lon="-117.25967"><ele>1565.0</ele></trkpt>
    <trkpt lat="34.28082" lon="-117.25978"><ele>1565.0</ele></trkpt>
    <trkpt lat="34.28086" lon="-117.25990"><ele>1565.0</ele></trkpt>
    <trkpt lat="34.28089" lon="-117.26000"><ele>1565.0</ele></trkpt>
    <trkpt lat="34.28095" lon="-117.26009"><ele>1565.0</ele></trkpt>
    <trkpt lat="34.28100" lon="-117.26016"><ele>1565.0</ele></trkpt>
    <trkpt lat="34.28106" lon="-117.26024"><ele>1565.0</ele></trkpt>
    <trkpt lat="34.28110" lon="-117.26031"><ele>1561.0</ele></trkpt>
    <trkpt lat="34.28115" lon="-117.26040"><ele>1561.0</ele></trkpt>
    <trkpt lat="34.28121" lon="-117.26047"><ele>1561.0</ele></trkpt>
    <trkpt lat="34.28127" lon="-117.26054"><ele>1561.0</ele></trkpt>
    <trkpt lat="34.28135" lon="-117.26060"><ele>1561.0</ele></trkpt>
    <trkpt lat="34.28142" lon="-117.26068"><ele>1561.0</ele></trkpt>
    <trkpt lat="34.28145" lon="-117.26075"><ele>1561.0</ele></trkpt>
    <trkpt lat="34.28147" lon="-117.26084"><ele>1561.0</ele></trkpt>
    <trkpt lat="34.28147" lon="-117.26098"><ele>1561.0</ele></trkpt>
    <trkpt lat="34.28144" lon="-117.26116"><ele>1561.0</ele></trkpt>
    <trkpt lat="34.28137" lon="-117.26140"><ele>1561.0</ele></trkpt>
    <trkpt lat="34.28133" lon="-117.26154"><ele>1561.0</ele></trkpt>
    <trkpt lat="34.28127" lon="-117.26160"><ele>1561.0</ele></trkpt>
    <trkpt lat="34.28118" lon="-117.26170"><ele>1561.0</ele></trkpt>
    <trkpt lat="34.28112" lon="-117.26180"><ele>1561.0</ele></trkpt>
    <trkpt lat="34.28104" lon="-117.26210"><ele>1561.0</ele></trkpt>
    <trkpt lat="34.28098" lon="-117.26242"><ele>1561.0</ele></trkpt>
    <trkpt lat="34.28093" lon="-117.26277"><ele>1561.0</ele></trkpt>
    <trkpt lat="34.28090" lon="-117.26293"><ele>1550.0</ele></trkpt>
    <trkpt lat="34.28086" lon="-117.26302"><ele>1550.0</ele></trkpt>
    <trkpt lat="34.28080" lon="-117.26304"><ele>1550.0</ele></trkpt>
    <trkpt lat="34.28063" lon="-117.26300"><ele>1550.0</ele></trkpt>
    <trkpt lat="34.28052" lon="-117.26297"><ele>1550.0</ele></trkpt>
    <trkpt lat="34.28045" lon="-117.26299"><ele>1550.0</ele></trkpt>
    <trkpt lat="34.28037" lon="-117.26310"><ele>1550.0</ele></trkpt>
    <trkpt lat="34.28033" lon="-117.26324"><ele>1550.0</ele></trkpt>
    <trkpt lat="34.28032" lon="-117.26339"><ele>1550.0</ele></trkpt>
    <trkpt lat="34.28033" lon="-117.26355"><ele>1550.0</ele></trkpt>
    <trkpt lat="34.28037" lon="-117.26365"><ele>1550.0</ele></trkpt>
    <trkpt lat="34.28039" lon="-117.26375"><ele>1550.0</ele></trkpt>
    <trkpt lat="34.28039" lon="-117.26386"><ele>1550.0</ele></trkpt>
    <trkpt lat="34.28036" lon="-117.26400"><ele>1550.0</ele></trkpt>
    <trkpt lat="34.28036" lon="-117.26422"><ele>1550.0</ele></trkpt>
    <trkpt lat="34.28038" lon="-117.26438"><ele>1550.0</ele></trkpt>
    <trkpt lat="34.28038" lon="-117.26452"><ele>1550.0</ele></trkpt>
    <trkpt lat="34.28039" lon="-117.26454"><ele>1550.0</ele></trkpt>
    <trkpt lat="34.28041" lon="-117.26455"><ele>1555.0</ele></trkpt>
    <trkpt lat="34.28044" lon="-117.26457"><ele>1555.0</ele></trkpt>
    <trkpt lat="34.28048" lon="-117.26458"><ele>1555.0</ele></trkpt>
    <trkpt lat="34.28051" lon="-117.26460"><ele>1555.0</ele></trkpt>
    <trkpt lat="34.28064" lon="-117.26471"><ele>1555.0</ele></trkpt>
    <trkpt lat="34.28076" lon="-117.26477"><ele>1555.0</ele></trkpt>
    <trkpt lat="34.28082" lon="-117.26481"><ele>1555.0</ele></trkpt>
    <trkpt lat="34.28087" lon="-117.26488"><ele>1555.0</ele></trkpt>
    <trkpt lat="34.28090" lon="-117.26497"><ele>1555.0</ele></trkpt>
    <trkpt lat="34.28089" lon="-117.26507"><ele>1555.0</ele></trkpt>
    <trkpt lat="34.28090" lon="-117.26517"><ele>1555.0</ele></trkpt>
    <trkpt lat="34.28093" lon="-117.26523"><ele>1555.0</ele></trkpt>
    <trkpt lat="34.28102" lon="-117.26529"><ele>1555.0</ele></trkpt>
    <trkpt lat="34.28110" lon="-117.26536"><ele>1555.0</ele></trkpt>
    <trkpt lat="34.28123" lon="-117.26548"><ele>1555.0</ele></trkpt>
    <trkpt lat="34.28130" lon="-117.26554"><ele>1555.0</ele></trkpt>
    <trkpt lat="34.28135" lon="-117.26562"><ele>1555.0</ele></trkpt>
    <trkpt lat="34.28137" lon="-117.26575"><ele>1555.0</ele></trkpt>
    <trkpt lat="34.28137" lon="-117.26595"><ele>1555.0</ele></trkpt>
    <trkpt lat="34.28137" lon="-117.26597"><ele>1555.0</ele></trkpt>
    <trkpt lat="34.28137" lon="-117.26616"><ele>1555.0</ele></trkpt>
    <trkpt lat="34.28137" lon="-117.26617"><ele>1555.0</ele></trkpt>
    <trkpt lat="34.28136" lon="-117.26618"><ele>1555.0</ele></trkpt>
    <trkpt lat="34.28135" lon="-117.26637"><ele>1555.0</ele></trkpt>
    <trkpt lat="34.28137" lon="-117.26654"><ele>1555.0</ele></trkpt>
    <trkpt lat="34.28138" lon="-117.26657"><ele>1555.0</ele></trkpt>
    <trkpt lat="34.28141" lon="-117.26667"><ele>1555.0</ele></trkpt>
    <trkpt lat="34.28141" lon="-117.26669"><ele>1555.0</ele></trkpt>
    <trkpt lat="34.28149" lon="-117.26686"><ele>1555.0</ele></trkpt>
    <trkpt lat="34.28156" lon="-117.26703"><ele>1555.0</ele></trkpt>
    <trkpt lat="34.28160" lon="-117.26717"><ele>1555.0</ele></trkpt>
    <trkpt lat="34.28164" lon="-117.26736"><ele>1555.0</ele></trkpt>
    <trkpt lat="34.28167" lon="-117.26754"><ele>1555.0</ele></trkpt>
    <trkpt lat="34.28168" lon="-117.26762"><ele>1555.0</ele></trkpt>
    <trkpt lat="34.28172" lon="-117.26768"><ele>1555.0</ele></trkpt>
    <trkpt lat="34.28184" lon="-117.26775"><ele>1551.0</ele></trkpt>
    <trkpt lat="34.28192" lon="-117.26776"><ele>1551.0</ele></trkpt>
    <trkpt lat="34.28202" lon="-117.26780"><ele>1551.0</ele></trkpt>
    <trkpt lat="34.28207" lon="-117.26786"><ele>1551.0</ele></trkpt>
    <trkpt lat="34.28213" lon="-117.26796"><ele>1551.0</ele></trkpt>
    <trkpt lat="34.28224" lon="-117.26821"><ele>1551.0</ele></trkpt>
    <trkpt lat="34.28230" lon="-117.26831"><ele>1551.0</ele></trkpt>
    <trkpt lat="34.28237" lon="-117.26837"><ele>1551.0</ele></trkpt>
    <trkpt lat="34.28244" lon="-117.26848"><ele>1551.0</ele></trkpt>
    <trkpt lat="34.28247" lon="-117.26852"><ele>1551.0</ele></trkpt>
    <trkpt lat="34.28248" lon="-117.26865"><ele>1551.0</ele></trkpt>
    <trkpt lat="34.28248" lon="-117.26877"><ele>1551.0</ele></trkpt>
    <trkpt lat="34.28250" lon="-117.26885"><ele>1551.0</ele></trkpt>
    <trkpt lat="34.28257" lon="-117.26895"><ele>1551.0</ele></trkpt>
    <trkpt lat="34.28260" lon="-117.26905"><ele>1551.0</ele></trkpt>
    <trkpt lat="34.28259" lon="-117.26913"><ele>1551.0</ele></trkpt>
    <trkpt lat="34.28256" lon="-117.26920"><ele>1551.0</ele></trkpt>
    <trkpt lat="34.28245" lon="-117.26930"><ele>1551.0</ele></trkpt>
    <trkpt lat="34.28235" lon="-117.26943"><ele>1537.0</ele></trkpt>
    <trkpt lat="34.28226" lon="-117.26956"><ele>1537.0</ele></trkpt>
    <trkpt lat="34.28217" lon="-117.26978"><ele>1537.0</ele></trkpt>
    <trkpt lat="34.28205" lon="-117.27000"><ele>1537.0</ele></trkpt>
    <trkpt lat="34.28196" lon="-117.27014"><ele>1537.0</ele></trkpt>
    <trkpt lat="34.28190" lon="-117.27027"><ele>1537.0</ele></trkpt>
    <trkpt lat="34.28186" lon="-117.27038"><ele>1537.0</ele></trkpt>
    <trkpt lat="34.28187" lon="-117.27046"><ele>1537.0</ele></trkpt>
    <trkpt lat="34.28192" lon="-117.27055"><ele>1537.0</ele></trkpt>
    <trkpt lat="34.28200" lon="-117.27062"><ele>1537.0</ele></trkpt>
    <trkpt lat="34.28209" lon="-117.27063"><ele>1537.0</ele></trkpt>
    <trkpt lat="34.28216" lon="-117.27061"><ele>1537.0</ele></trkpt>
    <trkpt lat="34.28226" lon="-117.27057"><ele>1537.0</ele></trkpt>
    <trkpt lat="34.28235" lon="-117.27057"><ele>1537.0</ele></trkpt>
    <trkpt lat="34.28242" lon="-117.27059"><ele>1537.0</ele></trkpt>
    <trkpt lat="34.28246" lon="-117.27067"><ele>1537.0</ele></trkpt>
    <trkpt lat="34.28254" lon="-117.27086"><ele>1537.0</ele></trkpt>
    <trkpt lat="34.28260" lon="-117.27105"><ele>1537.0</ele></trkpt>
    <trkpt lat="34.28264" lon="-117.27123"><ele>1532.0</ele></trkpt>
    <trkpt lat="34.28267" lon="-117.27143"><ele>1532.0</ele></trkpt>
    <trkpt lat="34.28262" lon="-117.27157"><ele>1532.0</ele></trkpt>
    <trkpt lat="34.28258" lon="-117.27164"><ele>1532.0</ele></trkpt>
    <trkpt lat="34.28253" lon="-117.27172"><ele>1532.0</ele></trkpt>
    <trkpt lat="34.28250" lon="-117.27178"><ele>1532.0</ele></trkpt>
    <trkpt lat="34.28246" lon="-117.27190"><ele>1532.0</ele></trkpt>
    <trkpt lat="34.28245" lon="-117.27196"><ele>1532.0</ele></trkpt>
    <trkpt lat="34.28244" lon="-117.27206"><ele>1532.0</ele></trkpt>
    <trkpt lat="34.28243" lon="-117.27216"><ele>1532.0</ele></trkpt>
    <trkpt lat="34.28240" lon="-117.27229"><ele>1532.0</ele></trkpt>
    <trkpt lat="34.28237" lon="-117.27241"><ele>1532.0</ele></trkpt>
    <trkpt lat="34.28237" lon="-117.27246"><ele>1532.0</ele></trkpt>
    <trkpt lat="34.28237" lon="-117.27250"><ele>1532.0</ele></trkpt>
    <trkpt lat="34.28240" lon="-117.27255"><ele>1532.0</ele></trkpt>
    <trkpt lat="34.28246" lon="-117.27263"><ele>1532.0</ele></trkpt>
    <trkpt lat="34.28250" lon="-117.27265"><ele>1532.0</ele></trkpt>
    <trkpt lat="34.28254" lon="-117.27267"><ele>1532.0</ele></trkpt>
    <trkpt lat="34.28263" lon="-117.27270"><ele>1520.0</ele></trkpt>
    <trkpt lat="34.28267" lon="-117.27272"><ele>1520.0</ele></trkpt>
    <trkpt lat="34.28271" lon="-117.27276"><ele>1520.0</ele></trkpt>
    <trkpt lat="34.28274" lon="-117.27282"><ele>1520.0</ele></trkpt>
    <trkpt lat="34.28275" lon="-117.27291"><ele>1520.0</ele></trkpt>
    <trkpt lat="34.28275" lon="-117.27297"><ele>1520.0</ele></trkpt>
    <trkpt lat="34.28269" lon="-117.27311"><ele>1520.0</ele></trkpt>
    <trkpt lat="34.28268" lon="-117.27311"><ele>1520.0</ele></trkpt>
    <trkpt lat="34.28260" lon="-117.27316"><ele>1520.0</ele></trkpt>
    <trkpt lat="34.28252" lon="-117.27320"><ele>1520.0</ele></trkpt>
    <trkpt lat="34.28245" lon="-117.27326"><ele>1520.0</ele></trkpt>
    <trkpt lat="34.28240" lon="-117.27331"><ele>1520.0</ele></trkpt>
    <trkpt lat="34.28235" lon="-117.27339"><ele>1520.0</ele></trkpt>
    <trkpt lat="34.28234" lon="-117.27345"><ele>1520.0</ele></trkpt>
    <trkpt lat="34.28233" lon="-117.27358"><ele>1520.0</ele></trkpt>
    <trkpt lat="34.28234" lon="-117.27376"><ele>1520.0</ele></trkpt>
    <trkpt lat="34.28234" lon="-117.27384"><ele>1520.0</ele></trkpt>
    <trkpt lat="34.28233" lon="-117.27389"><ele>1501.0</ele></trkpt>
    <trkpt lat="34.28231" lon="-117.27394"><ele>1501.0</ele></trkpt>
    <trkpt lat="34.28227" lon="-117.27401"><ele>1501.0</ele></trkpt>
    <trkpt lat="34.28223" lon="-117.27409"><ele>1501.0</ele></trkpt>
    <trkpt lat="34.28221" lon="-117.27416"><ele>1501.0</ele></trkpt>
    <trkpt lat="34.28222" lon="-117.27423"><ele>1501.0</ele></trkpt>
    <trkpt lat="34.28222" lon="-117.27430"><ele>1501.0</ele></trkpt>
    <trkpt lat="34.28222" lon="-117.27437"><ele>1501.0</ele></trkpt>
    <trkpt lat="34.28219" lon="-117.27449"><ele>1501.0</ele></trkpt>
    <trkpt lat="34.28217" lon="-117.27462"><ele>1501.0</ele></trkpt>
    <trkpt lat="34.28217" lon="-117.27472"><ele>1501.0</ele></trkpt>
    <trkpt lat="34.28218" lon="-117.27481"><ele>1501.0</ele></trkpt>
    <trkpt lat="34.28221" lon="-117.27490"><ele>1501.0</ele></trkpt>
    <trkpt lat="34.28224" lon="-117.27501"><ele>1501.0</ele></trkpt>
    <trkpt lat="34.28227" lon="-117.27508"><ele>1501.0</ele></trkpt>
    <trkpt lat="34.28227" lon="-117.27514"><ele>1501.0</ele></trkpt>
    <trkpt lat="34.28226" lon="-117.27521"><ele>1501.0</ele></trkpt>
    <trkpt lat="34.28223" lon="-117.27526"><ele>1501.0</ele></trkpt>
    <trkpt lat="34.28217" lon="-117.27534"><ele>1488.0</ele></trkpt>
    <trkpt lat="34.28213" lon="-117.27541"><ele>1488.0</ele></trkpt>
    <trkpt lat="34.28211" lon="-117.27548"><ele>1488.0</ele></trkpt>
    <trkpt lat="34.28211" lon="-117.27556"><ele>1488.0</ele></trkpt>
    <trkpt lat="34.28212" lon="-117.27562"><ele>1488.0</ele></trkpt>
    <trkpt lat="34.28216" lon="-117.27569"><ele>1488.0</ele></trkpt>
    <trkpt lat="34.28224" lon="-117.27579"><ele>1488.0</ele></trkpt>
    <trkpt lat="34.28228" lon="-117.27585"><ele>1488.0</ele></trkpt>
    <trkpt lat="34.28230" lon="-117.27591"><ele>1488.0</ele></trkpt>
    <trkpt lat="34.28231" lon="-117.27596"><ele>1488.0</ele></trkpt>
    <trkpt lat="34.28229" lon="-117.27604"><ele>1488.0</ele></trkpt>
    <trkpt lat="34.28226" lon="-117.27615"><ele>1488.0</ele></trkpt>
    <trkpt lat="34.28224" lon="-117.27621"><ele>1488.0</ele></trkpt>
    <trkpt lat="34.28224" lon="-117.27626"><ele>1488.0</ele></trkpt>
    <trkpt lat="34.28227" lon="-117.27630"><ele>1488.0</ele></trkpt>
    <trkpt lat="34.28231" lon="-117.27633"><ele>1488.0</ele></trkpt>
    <trkpt lat="34.28238" lon="-117.27638"><ele>1488.0</ele></trkpt>
    <trkpt lat="34.28242" lon="-117.27641"><ele>1488.0</ele></trkpt>
    <trkpt lat="34.28247" lon="-117.27649"><ele>1474.0</ele></trkpt>
    <trkpt lat="34.28246" lon="-117.27663"><ele>1474.0</ele></trkpt>
    <trkpt lat="34.28243" lon="-117.27680"><ele>1474.0</ele></trkpt>
    <trkpt lat="34.28242" lon="-117.27700"><ele>1474.0</ele></trkpt>
    <trkpt lat="34.28241" lon="-117.27718"><ele>1474.0</ele></trkpt>
    <trkpt lat="34.28240" lon="-117.27728"><ele>1474.0</ele></trkpt>
    <trkpt lat="34.28237" lon="-117.27741"><ele>1474.0</ele></trkpt>
    <trkpt lat="34.28232" lon="-117.27762"><ele>1474.0</ele></trkpt>
    <trkpt lat="34.28230" lon="-117.27779"><ele>1474.0</ele></trkpt>
    <trkpt lat="34.28229" lon="-117.27789"><ele>1474.0</ele></trkpt>
    <trkpt lat="34.28231" lon="-117.27801"><ele>1474.0</ele></trkpt>
    <trkpt lat="34.28235" lon="-117.27809"><ele>1474.0</ele></trkpt>
    <trkpt lat="34.28235" lon="-117.27809"><ele>1474.0</ele></trkpt>
    <trkpt lat="34.28238" lon="-117.27820"><ele>1474.0</ele></trkpt>
    <trkpt lat="34.28239" lon="-117.27829"><ele>1474.0</ele></trkpt>
    <trkpt lat="34.28238" lon="-117.27841"><ele>1474.0</ele></trkpt>
    <trkpt lat="34.28234" lon="-117.27852"><ele>1474.0</ele></trkpt>
    <trkpt lat="34.28229" lon="-117.27861"><ele>1474.0</ele></trkpt>
    <trkpt lat="34.28221" lon="-117.27870"><ele>1470.0</ele></trkpt>
    <trkpt lat="34.28212" lon="-117.27879"><ele>1470.0</ele></trkpt>
    <trkpt lat="34.28208" lon="-117.27891"><ele>1470.0</ele></trkpt>
    <trkpt lat="34.28206" lon="-117.27900"><ele>1470.0</ele></trkpt>
    <trkpt lat="34.28208" lon="-117.27905"><ele>1470.0</ele></trkpt>
    <trkpt lat="34.28213" lon="-117.27911"><ele>1470.0</ele></trkpt>
    <trkpt lat="34.28226" lon="-117.27918"><ele>1470.0</ele></trkpt>
    <trkpt lat="34.28229" lon="-117.27921"><ele>1470.0</ele></trkpt>
    <trkpt lat="34.28237" lon="-117.27939"><ele>1470.0</ele></trkpt>
    <trkpt lat="34.28241" lon="-117.27949"><ele>1470.0</ele></trkpt>
    <trkpt lat="34.28242" lon="-117.27957"><ele>1470.0</ele></trkpt>
    <trkpt lat="34.28239" lon="-117.27963"><ele>1470.0</ele></trkpt>
    <trkpt lat="34.28231" lon="-117.27970"><ele>1470.0</ele></trkpt>
    <trkpt lat="34.28228" lon="-117.27981"><ele>1470.0</ele></trkpt>
    <trkpt lat="34.28227" lon="-117.27989"><ele>1470.0</ele></trkpt>
    <trkpt lat="34.28225" lon="-117.28011"><ele>1470.0</ele></trkpt>
    <trkpt lat="34.28225" lon="-117.28023"><ele>1470.0</ele></trkpt>
    <trkpt lat="34.28227" lon="-117.28041"><ele>1470.0</ele></trkpt>
    <trkpt lat="34.28227" lon="-117.28050"><ele>1453.0</ele></trkpt>
    <trkpt lat="34.28226" lon="-117.28062"><ele>1453.0</ele></trkpt>
    <trkpt lat="34.28223" lon="-117.28075"><ele>1453.0</ele></trkpt>
    <trkpt lat="34.28223" lon="-117.28085"><ele>1453.0</ele></trkpt>
    <trkpt lat="34.28226" lon="-117.28093"><ele>1453.0</ele></trkpt>
    <trkpt lat="34.28231" lon="-117.28103"><ele>1453.0</ele></trkpt>
    <trkpt lat="34.28244" lon="-117.28120"><ele>1453.0</ele></trkpt>
    <trkpt lat="34.28257" lon="-117.28136"><ele>1453.0</ele></trkpt>
    <trkpt lat="34.28263" lon="-117.28145"><ele>1453.0</ele></trkpt>
    <trkpt lat="34.28266" lon="-117.28152"><ele>1453.0</ele></trkpt>
    <trkpt lat="34.28267" lon="-117.28160"><ele>1453.0</ele></trkpt>
    <trkpt lat="34.28268" lon="-117.28166"><ele>1453.0</ele></trkpt>
    <trkpt lat="34.28266" lon="-117.28173"><ele>1453.0</ele></trkpt>
    <trkpt lat="34.28263" lon="-117.28180"><ele>1453.0</ele></trkpt>
    <trkpt lat="34.28253" lon="-117.28193"><ele>1453.0</ele></trkpt>
    <trkpt lat="34.28245" lon="-117.28202"><ele>1453.0</ele></trkpt>
    <trkpt lat="34.28242" lon="-117.28211"><ele>1453.0</ele></trkpt>
    <trkpt lat="34.28240" lon="-117.28219"><ele>1439.0</ele></trkpt>
    <trkpt lat="34.28240" lon="-117.28228"><ele>1439.0</ele></trkpt>
    <trkpt lat="34.28243" lon="-117.28235"><ele>1439.0</ele></trkpt>
    <trkpt lat="34.28248" lon="-117.28246"><ele>1439.0</ele></trkpt>
    <trkpt lat="34.28252" lon="-117.28257"><ele>1439.0</ele></trkpt>
    <trkpt lat="34.28255" lon="-117.28270"><ele>1439.0</ele></trkpt>
    <trkpt lat="34.28259" lon="-117.28286"><ele>1439.0</ele></trkpt>
    <trkpt lat="34.28259" lon="-117.28292"><ele>1439.0</ele></trkpt>
    <trkpt lat="34.28258" lon="-117.28297"><ele>1439.0</ele></trkpt>
    <trkpt lat="34.28253" lon="-117.28301"><ele>1439.0</ele></trkpt>
    <trkpt lat="34.28252" lon="-117.28302"><ele>1439.0</ele></trkpt>
    <trkpt lat="34.28248" lon="-117.28303"><ele>1439.0</ele></trkpt>
    <trkpt lat="34.28243" lon="-117.28303"><ele>1439.0</ele></trkpt>
    <trkpt lat="34.28237" lon="-117.28302"><ele>1439.0</ele></trkpt>
    <trkpt lat="34.28227" lon="-117.28301"><ele>1439.0</ele></trkpt>
    <trkpt lat="34.28219" lon="-117.28299"><ele>1439.0</ele></trkpt>
    <trkpt lat="34.28212" lon="-117.28297"><ele>1439.0</ele></trkpt>
    <trkpt lat="34.28207" lon="-117.28293"><ele>1439.0</ele></trkpt>
    <trkpt lat="34.28202" lon="-117.28289"><ele>1448.0</ele></trkpt>
    <trkpt lat="34.28197" lon="-117.28283"><ele>1448.0</ele></trkpt>
    <trkpt lat="34.28193" lon="-117.28280"><ele>1448.0</ele></trkpt>
    <trkpt lat="34.28189" lon="-117.28277"><ele>1448.0</ele></trkpt>
    <trkpt lat="34.28185" lon="-117.28277"><ele>1448.0</ele></trkpt>
    <trkpt lat="34.28180" lon="-117.28277"><ele>1448.0</ele></trkpt>
    <trkpt lat="34.28175" lon="-117.28278"><ele>1448.0</ele></trkpt>
    <trkpt lat="34.28171" lon="-117.28278"><ele>1448.0</ele></trkpt>
    <trkpt lat="34.28167" lon="-117.28279"><ele>1448.0</ele></trkpt>
    <trkpt lat="34.28162" lon="-117.28281"><ele>1448.0</ele></trkpt>
    <trkpt lat="34.28158" lon="-117.28282"><ele>1448.0</ele></trkpt>
    <trkpt lat="34.28155" lon="-117.28284"><ele>1448.0</ele></trkpt>
    <trkpt lat="34.28152" lon="-117.28287"><ele>1448.0</ele></trkpt>
    <trkpt lat="34.28150" lon="-117.28292"><ele>1448.0</ele></trkpt>
    <trkpt lat="34.28149" lon="-117.28296"><ele>1448.0</ele></trkpt>
    <trkpt lat="34.28149" lon="-117.28302"><ele>1448.0</ele></trkpt>
    <trkpt lat="34.28150" lon="-117.28307"><ele>1448.0</ele></trkpt>
    <trkpt lat="34.28152" lon="-117.28311"><ele>1448.0</ele></trkpt>
    <trkpt lat="34.28155" lon="-117.28318"><ele>1431.0</ele></trkpt>
    <trkpt lat="34.28158" lon="-117.28322"><ele>1431.0</ele></trkpt>
    <trkpt lat="34.28162" lon="-117.28328"><ele>1431.0</ele></trkpt>
    <trkpt lat="34.28165" lon="-117.28333"><ele>1431.0</ele></trkpt>
    <trkpt lat="34.28168" lon="-117.28338"><ele>1431.0</ele></trkpt>
    <trkpt lat="34.28169" lon="-117.28344"><ele>1431.0</ele></trkpt>
    <trkpt lat="34.28171" lon="-117.28353"><ele>1431.0</ele></trkpt>
    <trkpt lat="34.28173" lon="-117.28365"><ele>1431.0</ele></trkpt>
    <trkpt lat="34.28174" lon="-117.28374"><ele>1431.0</ele></trkpt>
    <trkpt lat="34.28176" lon="-117.28389"><ele>1431.0</ele></trkpt>
    <trkpt lat="34.28177" lon="-117.28398"><ele>1431.0</ele></trkpt>
    <trkpt lat="34.28175" lon="-117.28407"><ele>1431.0</ele></trkpt>
    <trkpt lat="34.28159" lon="-117.28440"><ele>1431.0</ele></trkpt>
    <trkpt lat="34.28157" lon="-117.28452"><ele>1431.0</ele></trkpt>
    <trkpt lat="34.28153" lon="-117.28467"><ele>1431.0</ele></trkpt>
    <trkpt lat="34.28147" lon="-117.28487"><ele>1431.0</ele></trkpt>
    <trkpt lat="34.28141" lon="-117.28511"><ele>1431.0</ele></trkpt>
    <trkpt lat="34.28136" lon="-117.28532"><ele>1431.0</ele></trkpt>
    <trkpt lat="34.28133" lon="-117.28556"><ele>1415.0</ele></trkpt>
    <trkpt lat="34.28131" lon="-117.28581"><ele>1415.0</ele></trkpt>
    <trkpt lat="34.28133" lon="-117.28604"><ele>1415.0</ele></trkpt>
    <trkpt lat="34.28136" lon="-117.28628"><ele>1415.0</ele></trkpt>
    <trkpt lat="34.28140" lon="-117.28650"><ele>1415.0</ele></trkpt>
    <trkpt lat="34.28142" lon="-117.28673"><ele>1415.0</ele></trkpt>
    <trkpt lat="34.28142" lon="-117.28693"><ele>1415.0</ele></trkpt>
    <trkpt lat="34.28143" lon="-117.28719"><ele>1415.0</ele></trkpt>
    <trkpt lat="34.28143" lon="-117.28733"><ele>1415.0</ele></trkpt>
    <trkpt lat="34.28142" lon="-117.28738"><ele>1415.0</ele></trkpt>
    <trkpt lat="34.28141" lon="-117.28739"><ele>1415.0</ele></trkpt>
    <trkpt lat="34.28135" lon="-117.28752"><ele>1415.0</ele></trkpt>
    <trkpt lat="34.28132" lon="-117.28759"><ele>1415.0</ele></trkpt>
    <trkpt lat="34.28130" lon="-117.28767"><ele>1415.0</ele></trkpt>
    <trkpt lat="34.28134" lon="-117.28783"><ele>1415.0</ele></trkpt>
    <trkpt lat="34.28136" lon="-117.28793"><ele>1415.0</ele></trkpt>
    <trkpt lat="34.28137" lon="-117.28807"><ele>1415.0</ele></trkpt>
    <trkpt lat="34.28138" lon="-117.28823"><ele>1411.0</ele></trkpt>
    <trkpt lat="34.28140" lon="-117.28838"><ele>1411.0</ele></trkpt>
    <trkpt lat="34.28146" lon="-117.28854"><ele>1411.0</ele></trkpt>
    <trkpt lat="34.28153" lon="-117.28866"><ele>1411.0</ele></trkpt>
    <trkpt lat="34.28154" lon="-117.28869"><ele>1411.0</ele></trkpt>
    <trkpt lat="34.28158" lon="-117.28875"><ele>1411.0</ele></trkpt>
    <trkpt lat="34.28163" lon="-117.28885"><ele>1411.0</ele></trkpt>
    <trkpt lat="34.28167" lon="-117.28895"><ele>1411.0</ele></trkpt>
    <trkpt lat="34.28170" lon="-117.28903"><ele>1411.0</ele></trkpt>
    <trkpt lat="34.28170" lon="-117.28912"><ele>1411.0</ele></trkpt>
    <trkpt lat="34.28170" lon="-117.28919"><ele>1411.0</ele></trkpt>
    <trkpt lat="34.28169" lon="-117.28925"><ele>1411.0</ele></trkpt>
    <trkpt lat="34.28168" lon="-117.28927"><ele>1411.0</ele></trkpt>
    <trkpt lat="34.28166" lon="-117.28930"><ele>1411.0</ele></trkpt>
    <trkpt lat="34.28162" lon="-117.28933"><ele>1411.0</ele></trkpt>
    <trkpt lat="34.28151" lon="-117.28941"><ele>1411.0</ele></trkpt>
    <trkpt lat="34.28144" lon="-117.28954"><ele>1411.0</ele></trkpt>
    <trkpt lat="34.28143" lon="-117.28954"><ele>1411.0</ele></trkpt>
    <trkpt lat="34.28141" lon="-117.28973"><ele>1408.0</ele></trkpt>
    <trkpt lat="34.28141" lon="-117.28973"><ele>1408.0</ele></trkpt>
    <trkpt lat="34.28141" lon="-117.28983"><ele>1408.0</ele></trkpt>
    <trkpt lat="34.28140" lon="-117.28989"><ele>1408.0</ele></trkpt>
    <trkpt lat="34.28142" lon="-117.29008"><ele>1408.0</ele></trkpt>
    <trkpt lat="34.28145" lon="-117.29015"><ele>1408.0</ele></trkpt>
    <trkpt lat="34.28148" lon="-117.29024"><ele>1408.0</ele></trkpt>
    <trkpt lat="34.28154" lon="-117.29032"><ele>1408.0</ele></trkpt>
    <trkpt lat="34.28165" lon="-117.29045"><ele>1408.0</ele></trkpt>
    <trkpt lat="34.28183" lon="-117.29066"><ele>1408.0</ele></trkpt>
    <trkpt lat="34.28198" lon="-117.29085"><ele>1408.0</ele></trkpt>
    <trkpt lat="34.28213" lon="-117.29103"><ele>1408.0</ele></trkpt>
    <trkpt lat="34.28225" lon="-117.29117"><ele>1408.0</ele></trkpt>
    <trkpt lat="34.28230" lon="-117.29125"><ele>1408.0</ele></trkpt>
    <trkpt lat="34.28232" lon="-117.29130"><ele>1408.0</ele></trkpt>
    <trkpt lat="34.28232" lon="-117.29136"><ele>1408.0</ele></trkpt>
    <trkpt lat="34.28228" lon="-117.29145"><ele>1408.0</ele></trkpt>
    <trkpt lat="34.28224" lon="-117.29149"><ele>1408.0</ele></trkpt>
    <trkpt lat="34.28217" lon="-117.29152"><ele>1415.0</ele></trkpt>
    <trkpt lat="34.28210" lon="-117.29158"><ele>1415.0</ele></trkpt>
    <trkpt lat="34.28205" lon="-117.29164"><ele>1415.0</ele></trkpt>
    <trkpt lat="34.28201" lon="-117.29174"><ele>1415.0</ele></trkpt>
    <trkpt lat="34.28197" lon="-117.29196"><ele>1415.0</ele></trkpt>
    <trkpt lat="34.28195" lon="-117.29207"><ele>1415.0</ele></trkpt>
    <trkpt lat="34.28192" lon="-117.29215"><ele>1415.0</ele></trkpt>
    <trkpt lat="34.28187" lon="-117.29224"><ele>1415.0</ele></trkpt>
    <trkpt lat="34.28186" lon="-117.29233"><ele>1415.0</ele></trkpt>
    <trkpt lat="34.28185" lon="-117.29248"><ele>1415.0</ele></trkpt>
    <trkpt lat="34.28185" lon="-117.29265"><ele>1415.0</ele></trkpt>
    <trkpt lat="34.28186" lon="-117.29276"><ele>1415.0</ele></trkpt>
    <trkpt lat="34.28187" lon="-117.29286"><ele>1415.0</ele></trkpt>
    <trkpt lat="34.28191" lon="-117.29293"><ele>1415.0</ele></trkpt>
    <trkpt lat="34.28200" lon="-117.29305"><ele>1415.0</ele></trkpt>
    <trkpt lat="34.28212" lon="-117.29318"><ele>1415.0</ele></trkpt>
    <trkpt lat="34.28223" lon="-117.29327"><ele>1415.0</ele></trkpt>
    <trkpt lat="34.28232" lon="-117.29334"><ele>1415.0</ele></trkpt>
    <trkpt lat="34.28238" lon="-117.29343"><ele>1400.0</ele></trkpt>
    <trkpt lat="34.28247" lon="-117.29355"><ele>1400.0</ele></trkpt>
    <trkpt lat="34.28253" lon="-117.29361"><ele>1400.0</ele></trkpt>
    <trkpt lat="34.28261" lon="-117.29367"><ele>1400.0</ele></trkpt>
    <trkpt lat="34.28268" lon="-117.29375"><ele>1400.0</ele></trkpt>
    <trkpt lat="34.28271" lon="-117.29381"><ele>1400.0</ele></trkpt>
    <trkpt lat="34.28271" lon="-117.29388"><ele>1400.0</ele></trkpt>
    <trkpt lat="34.28268" lon="-117.29395"><ele>1400.0</ele></trkpt>
    <trkpt lat="34.28262" lon="-117.29404"><ele>1400.0</ele></trkpt>
    <trkpt lat="34.28256" lon="-117.29409"><ele>1400.0</ele></trkpt>
    <trkpt lat="34.28244" lon="-117.29417"><ele>1400.0</ele></trkpt>
    <trkpt lat="34.28233" lon="-117.29423"><ele>1400.0</ele></trkpt>
    <trkpt lat="34.28225" lon="-117.29428"><ele>1400.0</ele></trkpt>
    <trkpt lat="34.28218" lon="-117.29438"><ele>1400.0</ele></trkpt>
    <trkpt lat="34.28210" lon="-117.29450"><ele>1400.0</ele></trkpt>
    <trkpt lat="34.28205" lon="-117.29457"><ele>1400.0</ele></trkpt>
    <trkpt lat="34.28200" lon="-117.29461"><ele>1400.0</ele></trkpt>
    <trkpt lat="34.28192" lon="-117.29463"><ele>1400.0</ele></trkpt>
    <trkpt lat="34.28181" lon="-117.29466"><ele>1414.0</ele></trkpt>
    <trkpt lat="34.28173" lon="-117.29470"><ele>1414.0</ele></trkpt>
    <trkpt lat="34.28165" lon="-117.29476"><ele>1414.0</ele></trkpt>
    <trkpt lat="34.28155" lon="-117.29484"><ele>1414.0</ele></trkpt>
    <trkpt lat="34.28147" lon="-117.29487"><ele>1414.0</ele></trkpt>
    <trkpt lat="34.28145" lon="-117.29488"><ele>1414.0</ele></trkpt>
    <trkpt lat="34.28136" lon="-117.29494"><ele>1414.0</ele></trkpt>
    <trkpt lat="34.28131" lon="-117.29514"><ele>1414.0</ele></trkpt>
    <trkpt lat="34.28130" lon="-117.29523"><ele>1414.0</ele></trkpt>
    <trkpt lat="34.28129" lon="-117.29535"><ele>1414.0</ele></trkpt>
    <trkpt lat="34.28130" lon="-117.29544"><ele>1414.0</ele></trkpt>
    <trkpt lat="34.28132" lon="-117.29553"><ele>1414.0</ele></trkpt>
    <trkpt lat="34.28135" lon="-117.29559"><ele>1414.0</ele></trkpt>
    <trkpt lat="34.28141" lon="-117.29566"><ele>1414.0</ele></trkpt>
    <trkpt lat="34.28147" lon="-117.29571"><ele>1414.0</ele></trkpt>
    <trkpt lat="34.28154" lon="-117.29574"><ele>1414.0</ele></trkpt>
    <trkpt lat="34.28163" lon="-117.29575"><ele>1414.0</ele></trkpt>
    <trkpt lat="34.28172" lon="-117.29576"><ele>1410.0</ele></trkpt>
    <trkpt lat="34.28180" lon="-117.29577"><ele>1410.0</ele></trkpt>
    <trkpt lat="34.28187" lon="-117.29580"><ele>1410.0</ele></trkpt>
    <trkpt lat="34.28193" lon="-117.29586"><ele>1410.0</ele></trkpt>
    <trkpt lat="34.28205" lon="-117.29596"><ele>1410.0</ele></trkpt>
    <trkpt lat="34.28216" lon="-117.29606"><ele>1410.0</ele></trkpt>
    <trkpt lat="34.28222" lon="-117.29615"><ele>1410.0</ele></trkpt>
    <trkpt lat="34.28223" lon="-117.29623"><ele>1410.0</ele></trkpt>
    <trkpt lat="34.28222" lon="-117.29633"><ele>1410.0</ele></trkpt>
    <trkpt lat="34.28220" lon="-117.29642"><ele>1410.0</ele></trkpt>
    <trkpt lat="34.28217" lon="-117.29648"><ele>1410.0</ele></trkpt>
    <trkpt lat="34.28212" lon="-117.29655"><ele>1410.0</ele></trkpt>
    <trkpt lat="34.28206" lon="-117.29661"><ele>1410.0</ele></trkpt>
    <trkpt lat="34.28197" lon="-117.29667"><ele>1410.0</ele></trkpt>
    <trkpt lat="34.28192" lon="-117.29671"><ele>1410.0</ele></trkpt>
    <trkpt lat="34.28187" lon="-117.29679"><ele>1410.0</ele></trkpt>
    <trkpt lat="34.28185" lon="-117.29688"><ele>1410.0</ele></trkpt>
    <trkpt lat="34.28184" lon="-117.29699"><ele>1410.0</ele></trkpt>
    <trkpt lat="34.28185" lon="-117.29708"><ele>1429.0</ele></trkpt>
    <trkpt lat="34.28188" lon="-117.29715"><ele>1429.0</ele></trkpt>
    <trkpt lat="34.28192" lon="-117.29725"><ele>1429.0</ele></trkpt>
    <trkpt lat="34.28196" lon="-117.29736"><ele>1429.0</ele></trkpt>
    <trkpt lat="34.28197" lon="-117.29747"><ele>1429.0</ele></trkpt>
    <trkpt lat="34.28195" lon="-117.29756"><ele>1429.0</ele></trkpt>
    <trkpt lat="34.28192" lon="-117.29763"><ele>1429.0</ele></trkpt>
    <trkpt lat="34.28193" lon="-117.29769"><ele>1429.0</ele></trkpt>
    <trkpt lat="34.28194" lon="-117.29774"><ele>1429.0</ele></trkpt>
    <trkpt lat="34.28200" lon="-117.29779"><ele>1429.0</ele></trkpt>
    <trkpt lat="34.28210" lon="-117.29783"><ele>1429.0</ele></trkpt>
    <trkpt lat="34.28218" lon="-117.29786"><ele>1429.0</ele></trkpt>
    <trkpt lat="34.28228" lon="-117.29786"><ele>1429.0</ele></trkpt>
    <trkpt lat="34.28238" lon="-117.29785"><ele>1429.0</ele></trkpt>
    <trkpt lat="34.28245" lon="-117.29787"><ele>1429.0</ele></trkpt>
    <trkpt lat="34.28252" lon="-117.29791"><ele>1429.0</ele></trkpt>
    <trkpt lat="34.28257" lon="-117.29795"><ele>1429.0</ele></trkpt>
    <trkpt lat="34.28262" lon="-117.29803"><ele>1429.0</ele></trkpt>
    <trkpt lat="34.28266" lon="-117.29811"><ele>1407.0</ele></trkpt>
    <trkpt lat="34.28271" lon="-117.29826"><ele>1407.0</ele></trkpt>
    <trkpt lat="34.28275" lon="-117.29834"><ele>1407.0</ele></trkpt>
    <trkpt lat="34.28280" lon="-117.29840"><ele>1407.0</ele></trkpt>
    <trkpt lat="34.28286" lon="-117.29847"><ele>1407.0</ele></trkpt>
    <trkpt lat="34.28294" lon="-117.29863"><ele>1407.0</ele></trkpt>
    <trkpt lat="34.28297" lon="-117.29873"><ele>1407.0</ele></trkpt>
    <trkpt lat="34.28298" lon="-117.29882"><ele>1407.0</ele></trkpt>
    <trkpt lat="34.28295" lon="-117.29894"><ele>1407.0</ele></trkpt>
    <trkpt lat="34.28292" lon="-117.29903"><ele>1407.0</ele></trkpt>
    <trkpt lat="34.28288" lon="-117.29912"><ele>1407.0</ele></trkpt>
    <trkpt lat="34.28283" lon="-117.29918"><ele>1407.0</ele></trkpt>
    <trkpt lat="34.28273" lon="-117.29922"><ele>1407.0</ele></trkpt>
    <trkpt lat="34.28268" lon="-117.29929"><ele>1407.0</ele></trkpt>
    <trkpt lat="34.28263" lon="-117.29940"><ele>1407.0</ele></trkpt>
    <trkpt lat="34.28251" lon="-117.29952"><ele>1407.0</ele></trkpt>
    <trkpt lat="34.28245" lon="-117.29961"><ele>1407.0</ele></trkpt>
    <trkpt lat="34.28244" lon="-117.29968"><ele>1407.0</ele></trkpt>
    <trkpt lat="34.28246" lon="-117.29977"><ele>1408.0</ele></trkpt>
    <trkpt lat="34.28253" lon="-117.29995"><ele>1408.0</ele></trkpt>
    <trkpt lat="34.28257" lon="-117.30009"><ele>1408.0</ele></trkpt>
    <trkpt lat="34.28262" lon="-117.30027"><ele>1408.0</ele></trkpt>
    <trkpt lat="34.28264" lon="-117.30039"><ele>1408.0</ele></trkpt>
    <trkpt lat="34.28265" lon="-117.30052"><ele>1408.0</ele></trkpt>
    <trkpt lat="34.28265" lon="-117.30061"><ele>1408.0</ele></trkpt>
    <trkpt lat="34.28269" lon="-117.30071"><ele>1408.0</ele></trkpt>
    <trkpt lat="34.28276" lon="-117.30089"><ele>1408.0</ele></trkpt>
    <trkpt lat="34.28282" lon="-117.30102"><ele>1408.0</ele></trkpt>
    <trkpt lat="34.28284" lon="-117.30110"><ele>1408.0</ele></trkpt>
    <trkpt lat="34.28285" lon="-117.30121"><ele>1408.0</ele></trkpt>
    <trkpt lat="34.28284" lon="-117.30130"><ele>1408.0</ele></trkpt>
    <trkpt lat="34.28280" lon="-117.30138"><ele>1408.0</ele></trkpt>
    <trkpt lat="34.28274" lon="-117.30144"><ele>1408.0</ele></trkpt>
    <trkpt lat="34.28263" lon="-117.30151"><ele>1408.0</ele></trkpt>
    <trkpt lat="34.28243" lon="-117.30158"><ele>1408.0</ele></trkpt>
    <trkpt lat="34.28232" lon="-117.30161"><ele>1406.0</ele></trkpt>
    <trkpt lat="34.28221" lon="-117.30170"><ele>1406.0</ele></trkpt>
    <trkpt lat="34.28217" lon="-117.30174"><ele>1406.0</ele></trkpt>
    <trkpt lat="34.28216" lon="-117.30182"><ele>1406.0</ele></trkpt>
    <trkpt lat="34.28216" lon="-117.30192"><ele>1406.0</ele></trkpt>
    <trkpt lat="34.28218" lon="-117.30203"><ele>1406.0</ele></trkpt>
    <trkpt lat="34.28222" lon="-117.30216"><ele>1406.0</ele></trkpt>
    <trkpt lat="34.28226" lon="-117.30228"><ele>1406.0</ele></trkpt>
    <trkpt lat="34.28229" lon="-117.30246"><ele>1406.0</ele></trkpt>
    <trkpt lat="34.28234" lon="-117.30265"><ele>1406.0</ele></trkpt>
    <trkpt lat="34.28240" lon="-117.30279"><ele>1406.0</ele></trkpt>
    <trkpt lat="34.28243" lon="-117.30288"><ele>1406.0</ele></trkpt>
    <trkpt lat="34.28242" lon="-117.30296"><ele>1406.0</ele></trkpt>
    <trkpt lat="34.28237" lon="-117.30303"><ele>1406.0</ele></trkpt>
    <trkpt lat="34.28229" lon="-117.30308"><ele>1406.0</ele></trkpt>
    <trkpt lat="34.28220" lon="-117.30313"><ele>1406.0</ele></trkpt>
    <trkpt lat="34.28209" lon="-117.30315"><ele>1406.0</ele></trkpt>
    <trkpt lat="34.28203" lon="-117.30313"><ele>1406.0</ele></trkpt>
    <trkpt lat="34.28198" lon="-117.30312"><ele>1412.0</ele></trkpt>
    <trkpt lat="34.28192" lon="-117.30313"><ele>1412.0</ele></trkpt>
    <trkpt lat="34.28185" lon="-117.30310"><ele>1412.0</ele></trkpt>
    <trkpt lat="34.28180" lon="-117.30309"><ele>1412.0</ele></trkpt>
    <trkpt lat="34.28176" lon="-117.30311"><ele>1412.0</ele></trkpt>
    <trkpt lat="34.28171" lon="-117.30316"><ele>1412.0</ele></trkpt>
    <trkpt lat="34.28168" lon="-117.30322"><ele>1412.0</ele></trkpt>
    <trkpt lat="34.28168" lon="-117.30330"><ele>1412.0</ele></trkpt>
    <trkpt lat="34.28170" lon="-117.30338"><ele>1412.0</ele></trkpt>
    <trkpt lat="34.28177" lon="-117.30350"><ele>1412.0</ele></trkpt>
    <trkpt lat="34.28184" lon="-117.30365"><ele>1412.0</ele></trkpt>
    <trkpt lat="34.28191" lon="-117.30381"><ele>1412.0</ele></trkpt>
    <trkpt lat="34.28196" lon="-117.30394"><ele>1412.0</ele></trkpt>
    <trkpt lat="34.28200" lon="-117.30410"><ele>1412.0</ele></trkpt>
    <trkpt lat="34.28206" lon="-117.30429"><ele>1412.0</ele></trkpt>
    <trkpt lat="34.28207" lon="-117.30442"><ele>1412.0</ele></trkpt>
    <trkpt lat="34.28207" lon="-117.30452"><ele>1412.0</ele></trkpt>
    <trkpt lat="34.28205" lon="-117.30464"><ele>1412.0</ele></trkpt>
    <trkpt lat="34.28205" lon="-117.30473"><ele>1398.0</ele></trkpt>
    <trkpt lat="34.28207" lon="-117.30478"><ele>1398.0</ele></trkpt>
    <trkpt lat="34.28210" lon="-117.30482"><ele>1398.0</ele></trkpt>
    <trkpt lat="34.28214" lon="-117.30486"><ele>1398.0</ele></trkpt>
    <trkpt lat="34.28220" lon="-117.30490"><ele>1398.0</ele></trkpt>
    <trkpt lat="34.28228" lon="-117.30492"><ele>1398.0</ele></trkpt>
    <trkpt lat="34.28236" lon="-117.30493"><ele>1398.0</ele></trkpt>
    <trkpt lat="34.28244" lon="-117.30492"><ele>1398.0</ele></trkpt>
    <trkpt lat="34.28251" lon="-117.30489"><ele>1398.0</ele></trkpt>
    <trkpt lat="34.28258" lon="-117.30483"><ele>1398.0</ele></trkpt>
    <trkpt lat="34.28265" lon="-117.30478"><ele>1398.0</ele></trkpt>
    <trkpt lat="34.28274" lon="-117.30470"><ele>1398.0</ele></trkpt>
    <trkpt lat="34.28281" lon="-117.30467"><ele>1398.0</ele></trkpt>
    <trkpt lat="34.28289" lon="-117.30466"><ele>1398.0</ele></trkpt>
    <trkpt lat="34.28294" lon="-117.30470"><ele>1398.0</ele></trkpt>
    <trkpt lat="34.28298" lon="-117.30475"><ele>1398.0</ele></trkpt>
    <trkpt lat="34.28301" lon="-117.30483"><ele>1398.0</ele></trkpt>
    <trkpt lat="34.28303" lon="-117.30495"><ele>1398.0</ele></trkpt>
    <trkpt lat="34.28305" lon="-117.30513"><ele>1382.0</ele></trkpt>
    <trkpt lat="34.28307" lon="-117.30519"><ele>1382.0</ele></trkpt>
    <trkpt lat="34.28310" lon="-117.30524"><ele>1382.0</ele></trkpt>
    <trkpt lat="34.28315" lon="-117.30529"><ele>1382.0</ele></trkpt>
    <trkpt lat="34.28322" lon="-117.30532"><ele>1382.0</ele></trkpt>
    <trkpt lat="34.28331" lon="-117.30535"><ele>1382.0</ele></trkpt>
    <trkpt lat="34.28339" lon="-117.30538"><ele>1382.0</ele></trkpt>
    <trkpt lat="34.28346" lon="-117.30542"><ele>1382.0</ele></trkpt>
    <trkpt lat="34.28351" lon="-117.30548"><ele>1382.0</ele></trkpt>
    <trkpt lat="34.28357" lon="-117.30559"><ele>1382.0</ele></trkpt>
    <trkpt lat="34.28362" lon="-117.30572"><ele>1382.0</ele></trkpt>
    <trkpt lat="34.28366" lon="-117.30580"><ele>1382.0</ele></trkpt>
    <trkpt lat="34.28370" lon="-117.30588"><ele>1382.0</ele></trkpt>
    <trkpt lat="34.28374" lon="-117.30597"><ele>1382.0</ele></trkpt>
    <trkpt lat="34.28375" lon="-117.30604"><ele>1382.0</ele></trkpt>
    <trkpt lat="34.28375" lon="-117.30609"><ele>1382.0</ele></trkpt>
    <trkpt lat="34.28373" lon="-117.30616"><ele>1382.0</ele></trkpt>
    <trkpt lat="34.28369" lon="-117.30619"><ele>1382.0</ele></trkpt>
    <trkpt lat="34.28362" lon="-117.30618"><ele>1371.0</ele></trkpt>
    <trkpt lat="34.28348" lon="-117.30613"><ele>1371.0</ele></trkpt>
    <trkpt lat="34.28343" lon="-117.30613"><ele>1371.0</ele></trkpt>
    <trkpt lat="34.28339" lon="-117.30615"><ele>1371.0</ele></trkpt>
    <trkpt lat="34.28333" lon="-117.30623"><ele>1371.0</ele></trkpt>
    <trkpt lat="34.28320" lon="-117.30639"><ele>1371.0</ele></trkpt>
    <trkpt lat="34.28296" lon="-117.30669"><ele>1371.0</ele></trkpt>
    <trkpt lat="34.28274" lon="-117.30692"><ele>1371.0</ele></trkpt>
    <trkpt lat="34.28255" lon="-117.30716"><ele>1371.0</ele></trkpt>
    <trkpt lat="34.28243" lon="-117.30726"><ele>1371.0</ele></trkpt>
    <trkpt lat="34.28233" lon="-117.30737"><ele>1371.0</ele></trkpt>
    <trkpt lat="34.28214" lon="-117.30758"><ele>1371.0</ele></trkpt>
    <trkpt lat="34.28209" lon="-117.30767"><ele>1371.0</ele></trkpt>
    <trkpt lat="34.28206" lon="-117.30773"><ele>1371.0</ele></trkpt>
    <trkpt lat="34.28207" lon="-117.30780"><ele>1371.0</ele></trkpt>
    <trkpt lat="34.28210" lon="-117.30785"><ele>1371.0</ele></trkpt>
    <trkpt lat="34.28216" lon="-117.30791"><ele>1371.0</ele></trkpt>
    <trkpt lat="34.28224" lon="-117.30795"><ele>1352.0</ele></trkpt>
    <trkpt lat="34.28231" lon="-117.30801"><ele>1352.0</ele></trkpt>
    <trkpt lat="34.28248" lon="-117.30818"><ele>1352.0</ele></trkpt>
    <trkpt lat="34.28260" lon="-117.30829"><ele>1352.0</ele></trkpt>
    <trkpt lat="34.28268" lon="-117.30834"><ele>1352.0</ele></trkpt>
    <trkpt lat="34.28277" lon="-117.30838"><ele>1352.0</ele></trkpt>
    <trkpt lat="34.28284" lon="-117.30843"><ele>1352.0</ele></trkpt>
    <trkpt lat="34.28287" lon="-117.30848"><ele>1352.0</ele></trkpt>
    <trkpt lat="34.28290" lon="-117.30856"><ele>1352.0</ele></trkpt>
    <trkpt lat="34.28294" lon="-117.30863"><ele>1352.0</ele></trkpt>
    <trkpt lat="34.28300" lon="-117.30872"><ele>1352.0</ele></trkpt>
    <trkpt lat="34.28307" lon="-117.30885"><ele>1352.0</ele></trkpt>
    <trkpt lat="34.28316" lon="-117.30897"><ele>1352.0</ele></trkpt>
    <trkpt lat="34.28328" lon="-117.30911"><ele>1352.0</ele></trkpt>
    <trkpt lat="34.28337" lon="-117.30922"><ele>1352.0</ele></trkpt>
    <trkpt lat="34.28346" lon="-117.30931"><ele>1352.0</ele></trkpt>
    <trkpt lat="34.28352" lon="-117.30937"><ele>1352.0</ele></trkpt>
    <trkpt lat="34.28355" lon="-117.30944"><ele>1352.0</ele></trkpt>
    <trkpt lat="34.28355" lon="-117.30952"><ele>1338.0</ele></trkpt>
    <trkpt lat="34.28352" lon="-117.30960"><ele>1338.0</ele></trkpt>
    <trkpt lat="34.28342" lon="-117.30977"><ele>1338.0</ele></trkpt>
    <trkpt lat="34.28337" lon="-117.30989"><ele>1338.0</ele></trkpt>
    <trkpt lat="34.28332" lon="-117.30995"><ele>1338.0</ele></trkpt>
    <trkpt lat="34.28323" lon="-117.30999"><ele>1338.0</ele></trkpt>
    <trkpt lat="34.28315" lon="-117.31003"><ele>1338.0</ele></trkpt>
    <trkpt lat="34.28308" lon="-117.31008"><ele>1338.0</ele></trkpt>
    <trkpt lat="34.28302" lon="-117.31018"><ele>1338.0</ele></trkpt>
    <trkpt lat="34.28293" lon="-117.31037"><ele>1338.0</ele></trkpt>
    <trkpt lat="34.28287" lon="-117.31053"><ele>1338.0</ele></trkpt>
    <trkpt lat="34.28283" lon="-117.31063"><ele>1338.0</ele></trkpt>
    <trkpt lat="34.28276" lon="-117.31077"><ele>1338.0</ele></trkpt>
    <trkpt lat="34.28270" lon="-117.31088"><ele>1338.0</ele></trkpt>
    <trkpt lat="34.28261" lon="-117.31099"><ele>1338.0</ele></trkpt>
    <trkpt lat="34.28250" lon="-117.31111"><ele>1338.0</ele></trkpt>
    <trkpt lat="34.28245" lon="-117.31117"><ele>1338.0</ele></trkpt>
    <trkpt lat="34.28244" lon="-117.31123"><ele>1338.0</ele></trkpt>
    <trkpt lat="34.28244" lon="-117.31129"><ele>1319.0</ele></trkpt>
    <trkpt lat="34.28247" lon="-117.31137"><ele>1319.0</ele></trkpt>
    <trkpt lat="34.28250" lon="-117.31144"><ele>1319.0</ele></trkpt>
    <trkpt lat="34.28256" lon="-117.31151"><ele>1319.0</ele></trkpt>
    <trkpt lat="34.28260" lon="-117.31158"><ele>1319.0</ele></trkpt>
    <trkpt lat="34.28262" lon="-117.31167"><ele>1319.0</ele></trkpt>
    <trkpt lat="34.28263" lon="-117.31176"><ele>1319.0</ele></trkpt>
    <trkpt lat="34.28265" lon="-117.31192"><ele>1319.0</ele></trkpt>
    <trkpt lat="34.28269" lon="-117.31208"><ele>1319.0</ele></trkpt>
    <trkpt lat="34.28273" lon="-117.31222"><ele>1319.0</ele></trkpt>
    <trkpt lat="34.28274" lon="-117.31235"><ele>1319.0</ele></trkpt>
    <trkpt lat="34.28275" lon="-117.31246"><ele>1319.0</ele></trkpt>
    <trkpt lat="34.28274" lon="-117.31265"><ele>1319.0</ele></trkpt>
    <trkpt lat="34.28272" lon="-117.31292"><ele>1319.0</ele></trkpt>
    <trkpt lat="34.28270" lon="-117.31312"><ele>1319.0</ele></trkpt>
    <trkpt lat="34.28269" lon="-117.31326"><ele>1319.0</ele></trkpt>
    <trkpt lat="34.28269" lon="-117.31346"><ele>1319.0</ele></trkpt>
    <trkpt lat="34.28269" lon="-117.31358"><ele>1319.0</ele></trkpt>
    <trkpt lat="34.28272" lon="-117.31368"><ele>1291.0</ele></trkpt>
    <trkpt lat="34.28276" lon="-117.31378"><ele>1291.0</ele></trkpt>
    <trkpt lat="34.28279" lon="-117.31385"><ele>1291.0</ele></trkpt>
    <trkpt lat="34.28282" lon="-117.31397"><ele>1291.0</ele></trkpt>
    <trkpt lat="34.28286" lon="-117.31410"><ele>1291.0</ele></trkpt>
    <trkpt lat="34.28288" lon="-117.31420"><ele>1291.0</ele></trkpt>
    <trkpt lat="34.28289" lon="-117.31431"><ele>1291.0</ele></trkpt>
    <trkpt lat="34.28289" lon="-117.31443"><ele>1291.0</ele></trkpt>
    <trkpt lat="34.28288" lon="-117.31450"><ele>1291.0</ele></trkpt>
    <trkpt lat="34.28287" lon="-117.31458"><ele>1291.0</ele></trkpt>
    <trkpt lat="34.28289" lon="-117.31469"><ele>1291.0</ele></trkpt>
    <trkpt lat="34.28291" lon="-117.31479"><ele>1291.0</ele></trkpt>
    <trkpt lat="34.28293" lon="-117.31486"><ele>1291.0</ele></trkpt>
    <trkpt lat="34.28298" lon="-117.31497"><ele>1291.0</ele></trkpt>
    <trkpt lat="34.28302" lon="-117.31510"><ele>1291.0</ele></trkpt>
    <trkpt lat="34.28305" lon="-117.31521"><ele>1291.0</ele></trkpt>
    <trkpt lat="34.28306" lon="-117.31532"><ele>1291.0</ele></trkpt>
    <trkpt lat="34.28306" lon="-117.31545"><ele>1286.0</ele></trkpt>
    <trkpt lat="34.28307" lon="-117.31561"><ele>1286.0</ele></trkpt>
    <trkpt lat="34.28308" lon="-117.31568"><ele>1286.0</ele></trkpt>
    <trkpt lat="34.28312" lon="-117.31576"><ele>1286.0</ele></trkpt>
    <trkpt lat="34.28316" lon="-117.31587"><ele>1286.0</ele></trkpt>
    <trkpt lat="34.28320" lon="-117.31599"><ele>1286.0</ele></trkpt>
    <trkpt lat="34.28325" lon="-117.31617"><ele>1286.0</ele></trkpt>
    <trkpt lat="34.28329" lon="-117.31634"><ele>1286.0</ele></trkpt>
    <trkpt lat="34.28337" lon="-117.31656"><ele>1286.0</ele></trkpt>
    <trkpt lat="34.28341" lon="-117.31670"><ele>1286.0</ele></trkpt>
    <trkpt lat="34.28344" lon="-117.31683"><ele>1286.0</ele></trkpt>
    <trkpt lat="34.28346" lon="-117.31693"><ele>1286.0</ele></trkpt>
    <trkpt lat="34.28347" lon="-117.31704"><ele>1286.0</ele></trkpt>
    <trkpt lat="34.28346" lon="-117.31714"><ele>1286.0</ele></trkpt>
    <trkpt lat="34.28343" lon="-117.31727"><ele>1286.0</ele></trkpt>
    <trkpt lat="34.28338" lon="-117.31742"><ele>1286.0</ele></trkpt>
    <trkpt lat="34.28335" lon="-117.31753"><ele>1286.0</ele></trkpt>
    <trkpt lat="34.28333" lon="-117.31763"><ele>1286.0</ele></trkpt>
    <trkpt lat="34.28332" lon="-117.31782"><ele>1260.0</ele></trkpt>
    <trkpt lat="34.28331" lon="-117.31800"><ele>1260.0</ele></trkpt>
    <trkpt lat="34.28331" lon="-117.31815"><ele>1260.0</ele></trkpt>
    <trkpt lat="34.28334" lon="-117.31831"><ele>1260.0</ele></trkpt>
    <trkpt lat="34.28336" lon="-117.31847"><ele>1260.0</ele></trkpt>
    <trkpt lat="34.28336" lon="-117.31857"><ele>1260.0</ele></trkpt>
    <trkpt lat="34.28334" lon="-117.31867"><ele>1260.0</ele></trkpt>
    <trkpt lat="34.28334" lon="-117.31876"><ele>1260.0</ele></trkpt>
    <trkpt lat="34.28335" lon="-117.31883"><ele>1260.0</ele></trkpt>
    <trkpt lat="34.28336" lon="-117.31893"><ele>1260.0</ele></trkpt>
    <trkpt lat="34.28336" lon="-117.31905"><ele>1260.0</ele></trkpt>
    <trkpt lat="34.28334" lon="-117.31919"><ele>1260.0</ele></trkpt>
    <trkpt lat="34.28331" lon="-117.31934"><ele>1260.0</ele></trkpt>
    <trkpt lat="34.28326" lon="-117.31946"><ele>1260.0</ele></trkpt>
    <trkpt lat="34.28326" lon="-117.31946"><ele>1260.0</ele></trkpt>
    <trkpt lat="34.28325" lon="-117.31950"><ele>1260.0</ele></trkpt>
    <trkpt lat="34.28321" lon="-117.31960"><ele>1260.0</ele></trkpt>
    <trkpt lat="34.28319" lon="-117.31966"><ele>1260.0</ele></trkpt>
    <trkpt lat="34.28320" lon="-117.31971"><ele>1245.0</ele></trkpt>
    <trkpt lat="34.28326" lon="-117.31976"><ele>1245.0</ele></trkpt>
    <trkpt lat="34.28334" lon="-117.31984"><ele>1245.0</ele></trkpt>
    <trkpt lat="34.28342" lon="-117.31992"><ele>1245.0</ele></trkpt>
    <trkpt lat="34.28349" lon="-117.31997"><ele>1245.0</ele></trkpt>
    <trkpt lat="34.28355" lon="-117.32003"><ele>1245.0</ele></trkpt>
    <trkpt lat="34.28358" lon="-117.32009"><ele>1245.0</ele></trkpt>
    <trkpt lat="34.28360" lon="-117.32017"><ele>1245.0</ele></trkpt>
    <trkpt lat="34.28362" lon="-117.32027"><ele>1245.0</ele></trkpt>
    <trkpt lat="34.28361" lon="-117.32037"><ele>1245.0</ele></trkpt>
    <trkpt lat="34.28360" lon="-117.32051"><ele>1245.0</ele></trkpt>
    <trkpt lat="34.28358" lon="-117.32067"><ele>1245.0</ele></trkpt>
    <trkpt lat="34.28356" lon="-117.32078"><ele>1245.0</ele></trkpt>
    <trkpt lat="34.28354" lon="-117.32085"><ele>1245.0</ele></trkpt>
    <trkpt lat="34.28353" lon="-117.32092"><ele>1245.0</ele></trkpt>
    <trkpt lat="34.28350" lon="-117.32103"><ele>1245.0</ele></trkpt>
    <trkpt lat="34.28349" lon="-117.32120"><ele>1245.0</ele></trkpt>
    <trkpt lat="34.28349" lon="-117.32132"><ele>1245.0</ele></trkpt>
    <trkpt lat="34.28350" lon="-117.32140"><ele>1234.0</ele></trkpt>
    <trkpt lat="34.28353" lon="-117.32151"><ele>1234.0</ele></trkpt>
    <trkpt lat="34.28356" lon="-117.32158"><ele>1234.0</ele></trkpt>
    <trkpt lat="34.28363" lon="-117.32163"><ele>1234.0</ele></trkpt>
    <trkpt lat="34.28372" lon="-117.32168"><ele>1234.0</ele></trkpt>
    <trkpt lat="34.28381" lon="-117.32170"><ele>1234.0</ele></trkpt>
    <trkpt lat="34.28390" lon="-117.32169"><ele>1234.0</ele></trkpt>
    <trkpt lat="34.28394" lon="-117.32167"><ele>1234.0</ele></trkpt>
    <trkpt lat="34.28396" lon="-117.32164"><ele>1234.0</ele></trkpt>
    <trkpt lat="34.28398" lon="-117.32155"><ele>1234.0</ele></trkpt>
    <trkpt lat="34.28398" lon="-117.32146"><ele>1234.0</ele></trkpt>
    <trkpt lat="34.28394" lon="-117.32133"><ele>1234.0</ele></trkpt>
    <trkpt lat="34.28388" lon="-117.32120"><ele>1234.0</ele></trkpt>
    <trkpt lat="34.28383" lon="-117.32108"><ele>1234.0</ele></trkpt>
    <trkpt lat="34.28381" lon="-117.32100"><ele>1234.0</ele></trkpt>
    <trkpt lat="34.28381" lon="-117.32096"><ele>1234.0</ele></trkpt>
    <trkpt lat="34.28381" lon="-117.32087"><ele>1234.0</ele></trkpt>
    <trkpt lat="34.28383" lon="-117.32077"><ele>1234.0</ele></trkpt>
    <trkpt lat="34.28385" lon="-117.32067"><ele>1238.0</ele></trkpt>
    <trkpt lat="34.28387" lon="-117.32059"><ele>1238.0</ele></trkpt>
    <trkpt lat="34.28390" lon="-117.32050"><ele>1238.0</ele></trkpt>
    <trkpt lat="34.28392" lon="-117.32046"><ele>1238.0</ele></trkpt>
    <trkpt lat="34.28397" lon="-117.32039"><ele>1238.0</ele></trkpt>
    <trkpt lat="34.28404" lon="-117.32030"><ele>1238.0</ele></trkpt>
    <trkpt lat="34.28411" lon="-117.32021"><ele>1238.0</ele></trkpt>
    <trkpt lat="34.28414" lon="-117.32015"><ele>1238.0</ele></trkpt>
    <trkpt lat="34.28419" lon="-117.32007"><ele>1238.0</ele></trkpt>
    <trkpt lat="34.28421" lon="-117.31999"><ele>1238.0</ele></trkpt>
    <trkpt lat="34.28425" lon="-117.31981"><ele>1238.0</ele></trkpt>
    <trkpt lat="34.28429" lon="-117.31970"><ele>1238.0</ele></trkpt>
    <trkpt lat="34.28431" lon="-117.31963"><ele>1238.0</ele></trkpt>
    <trkpt lat="34.28430" lon="-117.31954"><ele>1238.0</ele></trkpt>
    <trkpt lat="34.28426" lon="-117.31945"><ele>1238.0</ele></trkpt>
    <trkpt lat="34.28421" lon="-117.31938"><ele>1238.0</ele></trkpt>
    <trkpt lat="34.28411" lon="-117.31927"><ele>1238.0</ele></trkpt>
    <trkpt lat="34.28405" lon="-117.31920"><ele>1233.0</ele></trkpt>
    <trkpt lat="34.28404" lon="-117.31914"><ele>1233.0</ele></trkpt>
    <trkpt lat="34.28403" lon="-117.31905"><ele>1233.0</ele></trkpt>
    <trkpt lat="34.28402" lon="-117.31896"><ele>1233.0</ele></trkpt>
    <trkpt lat="34.28401" lon="-117.31886"><ele>1233.0</ele></trkpt>
    <trkpt lat="34.28402" lon="-117.31879"><ele>1233.0</ele></trkpt>
    <trkpt lat="34.28405" lon="-117.31873"><ele>1233.0</ele></trkpt>
    <trkpt lat="34.28410" lon="-117.31865"><ele>1233.0</ele></trkpt>
    <trkpt lat="34.28413" lon="-117.31858"><ele>1233.0</ele></trkpt>
    <trkpt lat="34.28414" lon="-117.31852"><ele>1233.0</ele></trkpt>
    <trkpt lat="34.28413" lon="-117.31842"><ele>1233.0</ele></trkpt>
    <trkpt lat="34.28412" lon="-117.31829"><ele>1233.0</ele></trkpt>
    <trkpt lat="34.28412" lon="-117.31821"><ele>1233.0</ele></trkpt>
    <trkpt lat="34.28414" lon="-117.31816"><ele>1233.0</ele></trkpt>
    <trkpt lat="34.28419" lon="-117.31811"><ele>1233.0</ele></trkpt>
    <trkpt lat="34.28427" lon="-117.31808"><ele>1233.0</ele></trkpt>
    <trkpt lat="34.28440" lon="-117.31804"><ele>1233.0</ele></trkpt>
    <trkpt lat="34.28452" lon="-117.31800"><ele>1233.0</ele></trkpt>
    <trkpt lat="34.28457" lon="-117.31796"><ele>1216.0</ele></trkpt>
    <trkpt lat="34.28460" lon="-117.31792"><ele>1216.0</ele></trkpt>
    <trkpt lat="34.28462" lon="-117.31785"><ele>1216.0</ele></trkpt>
    <trkpt lat="34.28464" lon="-117.31777"><ele>1216.0</ele></trkpt>
    <trkpt lat="34.28469" lon="-117.31769"><ele>1216.0</ele></trkpt>
    <trkpt lat="34.28474" lon="-117.31765"><ele>1216.0</ele></trkpt>
    <trkpt lat="34.28480" lon="-117.31763"><ele>1216.0</ele></trkpt>
    <trkpt lat="34.28486" lon="-117.31764"><ele>1216.0</ele></trkpt>
    <trkpt lat="34.28491" lon="-117.31767"><ele>1216.0</ele></trkpt>
    <trkpt lat="34.28496" lon="-117.31774"><ele>1216.0</ele></trkpt>
    <trkpt lat="34.28504" lon="-117.31782"><ele>1216.0</ele></trkpt>
    <trkpt lat="34.28510" lon="-117.31786"><ele>1216.0</ele></trkpt>
    <trkpt lat="34.28515" lon="-117.31787"><ele>1216.0</ele></trkpt>
    <trkpt lat="34.28520" lon="-117.31784"><ele>1216.0</ele></trkpt>
    <trkpt lat="34.28524" lon="-117.31779"><ele>1216.0</ele></trkpt>
    <trkpt lat="34.28528" lon="-117.31768"><ele>1216.0</ele></trkpt>
    <trkpt lat="34.28531" lon="-117.31757"><ele>1216.0</ele></trkpt>
    <trkpt lat="34.28532" lon="-117.31742"><ele>1216.0</ele></trkpt>
    <trkpt lat="34.28533" lon="-117.31717"><ele>1213.0</ele></trkpt>
    <trkpt lat="34.28532" lon="-117.31706"><ele>1213.0</ele></trkpt>
    <trkpt lat="34.28530" lon="-117.31698"><ele>1213.0</ele></trkpt>
    <trkpt lat="34.28528" lon="-117.31690"><ele>1213.0</ele></trkpt>
    <trkpt lat="34.28524" lon="-117.31682"><ele>1213.0</ele></trkpt>
    <trkpt lat="34.28519" lon="-117.31672"><ele>1213.0</ele></trkpt>
    <trkpt lat="34.28515" lon="-117.31667"><ele>1213.0</ele></trkpt>
    <trkpt lat="34.28510" lon="-117.31662"><ele>1213.0</ele></trkpt>
    <trkpt lat="34.28500" lon="-117.31653"><ele>1213.0</ele></trkpt>
    <trkpt lat="34.28493" lon="-117.31648"><ele>1213.0</ele></trkpt>
    <trkpt lat="34.28489" lon="-117.31645"><ele>1213.0</ele></trkpt>
    <trkpt lat="34.28486" lon="-117.31640"><ele>1213.0</ele></trkpt>
    <trkpt lat="34.28485" lon="-117.31635"><ele>1213.0</ele></trkpt>
    <trkpt lat="34.28486" lon="-117.31630"><ele>1213.0</ele></trkpt>
    <trkpt lat="34.28490" lon="-117.31625"><ele>1213.0</ele></trkpt>
    <trkpt lat="34.28495" lon="-117.31617"><ele>1213.0</ele></trkpt>
    <trkpt lat="34.28499" lon="-117.31610"><ele>1213.0</ele></trkpt>
    <trkpt lat="34.28503" lon="-117.31600"><ele>1213.0</ele></trkpt>
    <trkpt lat="34.28508" lon="-117.31590"><ele>1200.0</ele></trkpt>
    <trkpt lat="34.28513" lon="-117.31586"><ele>1200.0</ele></trkpt>
    <trkpt lat="34.28521" lon="-117.31577"><ele>1200.0</ele></trkpt>
    <trkpt lat="34.28524" lon="-117.31571"><ele>1200.0</ele></trkpt>
    <trkpt lat="34.28526" lon="-117.31563"><ele>1200.0</ele></trkpt>
    <trkpt lat="34.28527" lon="-117.31557"><ele>1200.0</ele></trkpt>
    <trkpt lat="34.28525" lon="-117.31545"><ele>1200.0</ele></trkpt>
    <trkpt lat="34.28523" lon="-117.31536"><ele>1200.0</ele></trkpt>
    <trkpt lat="34.28519" lon="-117.31528"><ele>1200.0</ele></trkpt>
    <trkpt lat="34.28515" lon="-117.31522"><ele>1200.0</ele></trkpt>
    <trkpt lat="34.28512" lon="-117.31516"><ele>1200.0</ele></trkpt>
    <trkpt lat="34.28511" lon="-117.31510"><ele>1200.0</ele></trkpt>
    <trkpt lat="34.28513" lon="-117.31504"><ele>1200.0</ele></trkpt>
    <trkpt lat="34.28516" lon="-117.31499"><ele>1200.0</ele></trkpt>
    <trkpt lat="34.28522" lon="-117.31493"><ele>1200.0</ele></trkpt>
    <trkpt lat="34.28527" lon="-117.31490"><ele>1200.0</ele></trkpt>
    <trkpt lat="34.28533" lon="-117.31488"><ele>1200.0</ele></trkpt>
    <trkpt lat="34.28542" lon="-117.31487"><ele>1171.0</ele></trkpt>
    <trkpt lat="34.28547" lon="-117.31485"><ele>1171.0</ele></trkpt>
    <trkpt lat="34.28554" lon="-117.31479"><ele>1171.0</ele></trkpt>
    <trkpt lat="34.28560" lon="-117.31477"><ele>1171.0</ele></trkpt>
    <trkpt lat="34.28569" lon="-117.31476"><ele>1171.0</ele></trkpt>
    <trkpt lat="34.28584" lon="-117.31477"><ele>1171.0</ele></trkpt>
    <trkpt lat="34.28591" lon="-117.31478"><ele>1171.0</ele></trkpt>
    <trkpt lat="34.28597" lon="-117.31477"><ele>1171.0</ele></trkpt>
    <trkpt lat="34.28605" lon="-117.31473"><ele>1171.0</ele></trkpt>
    <trkpt lat="34.28610" lon="-117.31467"><ele>1171.0</ele></trkpt>
    <trkpt lat="34.28612" lon="-117.31461"><ele>1171.0</ele></trkpt>
    <trkpt lat="34.28611" lon="-117.31455"><ele>1171.0</ele></trkpt>
    <trkpt lat="34.28606" lon="-117.31446"><ele>1171.0</ele></trkpt>
    <trkpt lat="34.28600" lon="-117.31434"><ele>1171.0</ele></trkpt>
    <trkpt lat="34.28592" lon="-117.31422"><ele>1171.0</ele></trkpt>
    <trkpt lat="34.28587" lon="-117.31415"><ele>1171.0</ele></trkpt>
    <trkpt lat="34.28584" lon="-117.31404"><ele>1171.0</ele></trkpt>
    <trkpt lat="34.28584" lon="-117.31395"><ele>1171.0</ele></trkpt>
    <trkpt lat="34.28587" lon="-117.31388"><ele>1171.0</ele></trkpt>
    <trkpt lat="34.28593" lon="-117.31383"><ele>1171.0</ele></trkpt>
    <trkpt lat="34.28610" lon="-117.31378"><ele>1171.0</ele></trkpt>
    <trkpt lat="34.28621" lon="-117.31372"><ele>1171.0</ele></trkpt>
    <trkpt lat="34.28628" lon="-117.31367"><ele>1171.0</ele></trkpt>
    <trkpt lat="34.28633" lon="-117.31357"><ele>1171.0</ele></trkpt>
    <trkpt lat="34.28639" lon="-117.31347"><ele>1171.0</ele></trkpt>
    <trkpt lat="34.28644" lon="-117.31342"><ele>1171.0</ele></trkpt>
    <trkpt lat="34.28650" lon="-117.31338"><ele>1171.0</ele></trkpt>
    <trkpt lat="34.28662" lon="-117.31333"><ele>1171.0</ele></trkpt>
    <trkpt lat="34.28673" lon="-117.31327"><ele>1171.0</ele></trkpt>
    <trkpt lat="34.28677" lon="-117.31325"><ele>1171.0</ele></trkpt>
    <trkpt lat="34.28681" lon="-117.31321"><ele>1171.0</ele></trkpt>
    <trkpt lat="34.28684" lon="-117.31314"><ele>1171.0</ele></trkpt>
    <trkpt lat="34.28688" lon="-117.31301"><ele>1171.0</ele></trkpt>
    <trkpt lat="34.28694" lon="-117.31289"><ele>1171.0</ele></trkpt>
    <trkpt lat="34.28702" lon="-117.31276"><ele>1171.0</ele></trkpt>
    <trkpt lat="34.28707" lon="-117.31268"><ele>1171.0</ele></trkpt>
    <trkpt lat="34.28711" lon="-117.31262"><ele>1170.0</ele></trkpt>
    <trkpt lat="34.28712" lon="-117.31256"><ele>1170.0</ele></trkpt>
    <trkpt lat="34.28713" lon="-117.31246"><ele>1170.0</ele></trkpt>
    <trkpt lat="34.28716" lon="-117.31238"><ele>1170.0</ele></trkpt>
    <trkpt lat="34.28720" lon="-117.31226"><ele>1170.0</ele></trkpt>
    <trkpt lat="34.28724" lon="-117.31215"><ele>1170.0</ele></trkpt>
    <trkpt lat="34.28727" lon="-117.31209"><ele>1170.0</ele></trkpt>
    <trkpt lat="34.28731" lon="-117.31206"><ele>1170.0</ele></trkpt>
    <trkpt lat="34.28738" lon="-117.31205"><ele>1170.0</ele></trkpt>
    <trkpt lat="34.28744" lon="-117.31206"><ele>1170.0</ele></trkpt>
    <trkpt lat="34.28749" lon="-117.31209"><ele>1170.0</ele></trkpt>
    <trkpt lat="34.28755" lon="-117.31214"><ele>1170.0</ele></trkpt>
    <trkpt lat="34.28769" lon="-117.31225"><ele>1170.0</ele></trkpt>
    <trkpt lat="34.28779" lon="-117.31234"><ele>1170.0</ele></trkpt>
    <trkpt lat="34.28785" lon="-117.31239"><ele>1170.0</ele></trkpt>
    <trkpt lat="34.28795" lon="-117.31247"><ele>1170.0</ele></trkpt>
    <trkpt lat="34.28807" lon="-117.31258"><ele>1170.0</ele></trkpt>
    <trkpt lat="34.28815" lon="-117.31264"><ele>1170.0</ele></trkpt>
    <trkpt lat="34.28823" lon="-117.31267"><ele>1152.0</ele></trkpt>
    <trkpt lat="34.28829" lon="-117.31268"><ele>1152.0</ele></trkpt>
    <trkpt lat="34.28838" lon="-117.31266"><ele>1152.0</ele></trkpt>
    <trkpt lat="34.28844" lon="-117.31262"><ele>1152.0</ele></trkpt>
    <trkpt lat="34.28848" lon="-117.31259"><ele>1152.0</ele></trkpt>
    <trkpt lat="34.28853" lon="-117.31249"><ele>1152.0</ele></trkpt>
    <trkpt lat="34.28862" lon="-117.31232"><ele>1152.0</ele></trkpt>
    <trkpt lat="34.28873" lon="-117.31210"><ele>1152.0</ele></trkpt>
    <trkpt lat="34.28883" lon="-117.31190"><ele>1152.0</ele></trkpt>
    <trkpt lat="34.28889" lon="-117.31181"><ele>1152.0</ele></trkpt>
    <trkpt lat="34.28892" lon="-117.31179"><ele>1152.0</ele></trkpt>
    <trkpt lat="34.28897" lon="-117.31178"><ele>1152.0</ele></trkpt>
    <trkpt lat="34.28902" lon="-117.31179"><ele>1152.0</ele></trkpt>
    <trkpt lat="34.28906" lon="-117.31182"><ele>1152.0</ele></trkpt>
    <trkpt lat="34.28915" lon="-117.31190"><ele>1152.0</ele></trkpt>
    <trkpt lat="34.28924" lon="-117.31200"><ele>1152.0</ele></trkpt>
    <trkpt lat="34.28932" lon="-117.31210"><ele>1152.0</ele></trkpt>
    <trkpt lat="34.28937" lon="-117.31216"><ele>1128.0</ele></trkpt>
    <trkpt lat="34.28943" lon="-117.31221"><ele>1128.0</ele></trkpt>
    <trkpt lat="34.28953" lon="-117.31228"><ele>1128.0</ele></trkpt>
    <trkpt lat="34.28957" lon="-117.31232"><ele>1128.0</ele></trkpt>
    <trkpt lat="34.28963" lon="-117.31240"><ele>1128.0</ele></trkpt>
    <trkpt lat="34.28969" lon="-117.31245"><ele>1128.0</ele></trkpt>
    <trkpt lat="34.28974" lon="-117.31249"><ele>1128.0</ele></trkpt>
    <trkpt lat="34.28983" lon="-117.31254"><ele>1128.0</ele></trkpt>
    <trkpt lat="34.28994" lon="-117.31260"><ele>1128.0</ele></trkpt>
    <trkpt lat="34.29003" lon="-117.31266"><ele>1128.0</ele></trkpt>
    <trkpt lat="34.29009" lon="-117.31273"><ele>1128.0</ele></trkpt>
    <trkpt lat="34.29015" lon="-117.31280"><ele>1128.0</ele></trkpt>
    <trkpt lat="34.29018" lon="-117.31283"><ele>1128.0</ele></trkpt>
    <trkpt lat="34.29023" lon="-117.31286"><ele>1128.0</ele></trkpt>
    <trkpt lat="34.29029" lon="-117.31287"><ele>1128.0</ele></trkpt>
    <trkpt lat="34.29032" lon="-117.31285"><ele>1128.0</ele></trkpt>
    <trkpt lat="34.29037" lon="-117.31280"><ele>1128.0</ele></trkpt>
    <trkpt lat="34.29041" lon="-117.31269"><ele>1128.0</ele></trkpt>
    <trkpt lat="34.29047" lon="-117.31251"><ele>1113.0</ele></trkpt>
    <trkpt lat="34.29051" lon="-117.31241"><ele>1113.0</ele></trkpt>
    <trkpt lat="34.29057" lon="-117.31233"><ele>1113.0</ele></trkpt>
    <trkpt lat="34.29064" lon="-117.31225"><ele>1113.0</ele></trkpt>
    <trkpt lat="34.29074" lon="-117.31217"><ele>1113.0</ele></trkpt>
    <trkpt lat="34.29099" lon="-117.31197"><ele>1113.0</ele></trkpt>
    <trkpt lat="34.29112" lon="-117.31188"><ele>1113.0</ele></trkpt>
    <trkpt lat="34.29123" lon="-117.31182"><ele>1113.0</ele></trkpt>
    <trkpt lat="34.29133" lon="-117.31176"><ele>1113.0</ele></trkpt>
    <trkpt lat="34.29137" lon="-117.31171"><ele>1113.0</ele></trkpt>
    <trkpt lat="34.29140" lon="-117.31163"><ele>1113.0</ele></trkpt>
    <trkpt lat="34.29140" lon="-117.31154"><ele>1113.0</ele></trkpt>
    <trkpt lat="34.29139" lon="-117.31147"><ele>1113.0</ele></trkpt>
    <trkpt lat="34.29131" lon="-117.31115"><ele>1113.0</ele></trkpt>
    <trkpt lat="34.29124" lon="-117.31090"><ele>1113.0</ele></trkpt>
    <trkpt lat="34.29121" lon="-117.31073"><ele>1113.0</ele></trkpt>
    <trkpt lat="34.29116" lon="-117.31053"><ele>1113.0</ele></trkpt>
    <trkpt lat="34.29112" lon="-117.31040"><ele>1113.0</ele></trkpt>
    <trkpt lat="34.29110" lon="-117.31023"><ele>1092.0</ele></trkpt>
    <trkpt lat="34.29108" lon="-117.31000"><ele>1092.0</ele></trkpt>
    <trkpt lat="34.29107" lon="-117.30984"><ele>1092.0</ele></trkpt>
    <trkpt lat="34.29108" lon="-117.30973"><ele>1092.0</ele></trkpt>
    <trkpt lat="34.29111" lon="-117.30961"><ele>1092.0</ele></trkpt>
    <trkpt lat="34.29118" lon="-117.30935"><ele>1092.0</ele></trkpt>
    <trkpt lat="34.29127" lon="-117.30910"><ele>1092.0</ele></trkpt>
    <trkpt lat="34.29131" lon="-117.30894"><ele>1092.0</ele></trkpt>
    <trkpt lat="34.29131" lon="-117.30884"><ele>1092.0</ele></trkpt>
    <trkpt lat="34.29129" lon="-117.30875"><ele>1092.0</ele></trkpt>
    <trkpt lat="34.29126" lon="-117.30867"><ele>1092.0</ele></trkpt>
    <trkpt lat="34.29119" lon="-117.30860"><ele>1092.0</ele></trkpt>
    <trkpt lat="34.29111" lon="-117.30853"><ele>1092.0</ele></trkpt>
    <trkpt lat="34.29103" lon="-117.30848"><ele>1092.0</ele></trkpt>
    <trkpt lat="34.29099" lon="-117.30844"><ele>1092.0</ele></trkpt>
    <trkpt lat="34.29095" lon="-117.30838"><ele>1092.0</ele></trkpt>
    <trkpt lat="34.29092" lon="-117.30832"><ele>1092.0</ele></trkpt>
    <trkpt lat="34.29092" lon="-117.30825"><ele>1092.0</ele></trkpt>
    <trkpt lat="34.29094" lon="-117.30817"><ele>1085.0</ele></trkpt>
    <trkpt lat="34.29097" lon="-117.30811"><ele>1085.0</ele></trkpt>
    <trkpt lat="34.29103" lon="-117.30807"><ele>1085.0</ele></trkpt>
    <trkpt lat="34.29111" lon="-117.30804"><ele>1085.0</ele></trkpt>
    <trkpt lat="34.29125" lon="-117.30796"><ele>1085.0</ele></trkpt>
    <trkpt lat="34.29139" lon="-117.30788"><ele>1085.0</ele></trkpt>
    <trkpt lat="34.29145" lon="-117.30783"><ele>1085.0</ele></trkpt>
    <trkpt lat="34.29153" lon="-117.30772"><ele>1085.0</ele></trkpt>
    <trkpt lat="34.29161" lon="-117.30759"><ele>1085.0</ele></trkpt>
    <trkpt lat="34.29167" lon="-117.30744"><ele>1085.0</ele></trkpt>
    <trkpt lat="34.29174" lon="-117.30730"><ele>1085.0</ele></trkpt>
    <trkpt lat="34.29180" lon="-117.30721"><ele>1085.0</ele></trkpt>
    <trkpt lat="34.29188" lon="-117.30708"><ele>1085.0</ele></trkpt>
    <trkpt lat="34.29194" lon="-117.30696"><ele>1085.0</ele></trkpt>
    <trkpt lat="34.29195" lon="-117.30688"><ele>1085.0</ele></trkpt>
    <trkpt lat="34.29196" lon="-117.30685"><ele>1085.0</ele></trkpt>
    <trkpt lat="34.29195" lon="-117.30683"><ele>1085.0</ele></trkpt>
    <trkpt lat="34.29192" lon="-117.30672"><ele>1085.0</ele></trkpt>
    <trkpt lat="34.29184" lon="-117.30662"><ele>1082.0</ele></trkpt>
    <trkpt lat="34.29176" lon="-117.30655"><ele>1082.0</ele></trkpt>
    <trkpt lat="34.29171" lon="-117.30650"><ele>1082.0</ele></trkpt>
    <trkpt lat="34.29163" lon="-117.30638"><ele>1082.0</ele></trkpt>
    <trkpt lat="34.29162" lon="-117.30630"><ele>1082.0</ele></trkpt>
    <trkpt lat="34.29163" lon="-117.30621"><ele>1082.0</ele></trkpt>
    <trkpt lat="34.29169" lon="-117.30613"><ele>1082.0</ele></trkpt>
    <trkpt lat="34.29176" lon="-117.30607"><ele>1082.0</ele></trkpt>
    <trkpt lat="34.29182" lon="-117.30604"><ele>1082.0</ele></trkpt>
    <trkpt lat="34.29192" lon="-117.30602"><ele>1082.0</ele></trkpt>
    <trkpt lat="34.29207" lon="-117.30601"><ele>1082.0</ele></trkpt>
    <trkpt lat="34.29217" lon="-117.30596"><ele>1082.0</ele></trkpt>
    <trkpt lat="34.29223" lon="-117.30589"><ele>1082.0</ele></trkpt>
    <trkpt lat="34.29228" lon="-117.30581"><ele>1082.0</ele></trkpt>
    <trkpt lat="34.29230" lon="-117.30572"><ele>1082.0</ele></trkpt>
    <trkpt lat="34.29233" lon="-117.30561"><ele>1082.0</ele></trkpt>
    <trkpt lat="34.29236" lon="-117.30554"><ele>1082.0</ele></trkpt>
    <trkpt lat="34.29242" lon="-117.30551"><ele>1064.0</ele></trkpt>
    <trkpt lat="34.29250" lon="-117.30549"><ele>1064.0</ele></trkpt>
    <trkpt lat="34.29258" lon="-117.30549"><ele>1064.0</ele></trkpt>
    <trkpt lat="34.29265" lon="-117.30550"><ele>1064.0</ele></trkpt>
    <trkpt lat="34.29267" lon="-117.30551"><ele>1064.0</ele></trkpt>
    <trkpt lat="34.29279" lon="-117.30557"><ele>1064.0</ele></trkpt>
    <trkpt lat="34.29293" lon="-117.30561"><ele>1064.0</ele></trkpt>
    <trkpt lat="34.29307" lon="-117.30564"><ele>1064.0</ele></trkpt>
    <trkpt lat="34.29329" lon="-117.30567"><ele>1064.0</ele></trkpt>
    <trkpt lat="34.29337" lon="-117.30570"><ele>1064.0</ele></trkpt>
    <trkpt lat="34.29348" lon="-117.30577"><ele>1064.0</ele></trkpt>
    <trkpt lat="34.29374" lon="-117.30596"><ele>1064.0</ele></trkpt>
    <trkpt lat="34.29381" lon="-117.30599"><ele>1064.0</ele></trkpt>
    <trkpt lat="34.29386" lon="-117.30598"><ele>1064.0</ele></trkpt>
    <trkpt lat="34.29391" lon="-117.30594"><ele>1064.0</ele></trkpt>
    <trkpt lat="34.29397" lon="-117.30587"><ele>1064.0</ele></trkpt>
    <trkpt lat="34.29401" lon="-117.30578"><ele>1064.0</ele></trkpt>
    <trkpt lat="34.29407" lon="-117.30562"><ele>1064.0</ele></trkpt>
    <trkpt lat="34.29413" lon="-117.30554"><ele>1044.0</ele></trkpt>
    <trkpt lat="34.29421" lon="-117.30552"><ele>1044.0</ele></trkpt>
    <trkpt lat="34.29429" lon="-117.30554"><ele>1044.0</ele></trkpt>
    <trkpt lat="34.29435" lon="-117.30557"><ele>1044.0</ele></trkpt>
    <trkpt lat="34.29442" lon="-117.30565"><ele>1044.0</ele></trkpt>
    <trkpt lat="34.29449" lon="-117.30575"><ele>1044.0</ele></trkpt>
    <trkpt lat="34.29461" lon="-117.30591"><ele>1044.0</ele></trkpt>
    <trkpt lat="34.29472" lon="-117.30601"><ele>1044.0</ele></trkpt>
    <trkpt lat="34.29480" lon="-117.30604"><ele>1044.0</ele></trkpt>
    <trkpt lat="34.29490" lon="-117.30601"><ele>1044.0</ele></trkpt>
    <trkpt lat="34.29495" lon="-117.30597"><ele>1044.0</ele></trkpt>
    <trkpt lat="34.29499" lon="-117.30590"><ele>1044.0</ele></trkpt>
    <trkpt lat="34.29501" lon="-117.30583"><ele>1044.0</ele></trkpt>
    <trkpt lat="34.29503" lon="-117.30566"><ele>1044.0</ele></trkpt>
    <trkpt lat="34.29504" lon="-117.30556"><ele>1044.0</ele></trkpt>
    <trkpt lat="34.29508" lon="-117.30548"><ele>1044.0</ele></trkpt>
    <trkpt lat="34.29518" lon="-117.30534"><ele>1044.0</ele></trkpt>
    <trkpt lat="34.29527" lon="-117.30515"><ele>1044.0</ele></trkpt>
    <trkpt lat="34.29532" lon="-117.30498"><ele>1047.0</ele></trkpt>
    <trkpt lat="34.29535" lon="-117.30480"><ele>1047.0</ele></trkpt>
    <trkpt lat="34.29536" lon="-117.30470"><ele>1047.0</ele></trkpt>
    <trkpt lat="34.29535" lon="-117.30464"><ele>1047.0</ele></trkpt>
    <trkpt lat="34.29530" lon="-117.30453"><ele>1047.0</ele></trkpt>
    <trkpt lat="34.29526" lon="-117.30443"><ele>1047.0</ele></trkpt>
    <trkpt lat="34.29525" lon="-117.30434"><ele>1047.0</ele></trkpt>
    <trkpt lat="34.29526" lon="-117.30426"><ele>1047.0</ele></trkpt>
    <trkpt lat="34.29531" lon="-117.30420"><ele>1047.0</ele></trkpt>
    <trkpt lat="34.29540" lon="-117.30408"><ele>1047.0</ele></trkpt>
    <trkpt lat="34.29544" lon="-117.30399"><ele>1047.0</ele></trkpt>
    <trkpt lat="34.29546" lon="-117.30389"><ele>1047.0</ele></trkpt>
    <trkpt lat="34.29546" lon="-117.30372"><ele>1047.0</ele></trkpt>
    <trkpt lat="34.29544" lon="-117.30350"><ele>1047.0</ele></trkpt>
    <trkpt lat="34.29544" lon="-117.30333"><ele>1047.0</ele></trkpt>
    <trkpt lat="34.29544" lon="-117.30323"><ele>1047.0</ele></trkpt>
    <trkpt lat="34.29548" lon="-117.30317"><ele>1047.0</ele></trkpt>
    <trkpt lat="34.29557" lon="-117.30312"><ele>1047.0</ele></trkpt>
    <trkpt lat="34.29567" lon="-117.30313"><ele>1038.0</ele></trkpt>
    <trkpt lat="34.29574" lon="-117.30316"><ele>1038.0</ele></trkpt>
    <trkpt lat="34.29582" lon="-117.30323"><ele>1038.0</ele></trkpt>
    <trkpt lat="34.29588" lon="-117.30332"><ele>1038.0</ele></trkpt>
    <trkpt lat="34.29591" lon="-117.30338"><ele>1038.0</ele></trkpt>
    <trkpt lat="34.29604" lon="-117.30366"><ele>1038.0</ele></trkpt>
    <trkpt lat="34.29613" lon="-117.30383"><ele>1038.0</ele></trkpt>
    <trkpt lat="34.29618" lon="-117.30389"><ele>1038.0</ele></trkpt>
    <trkpt lat="34.29626" lon="-117.30395"><ele>1038.0</ele></trkpt>
    <trkpt lat="34.29649" lon="-117.30407"><ele>1038.0</ele></trkpt>
    <trkpt lat="34.29659" lon="-117.30408"><ele>1038.0</ele></trkpt>
    <trkpt lat="34.29667" lon="-117.30406"><ele>1038.0</ele></trkpt>
    <trkpt lat="34.29682" lon="-117.30396"><ele>1038.0</ele></trkpt>
    <trkpt lat="34.29697" lon="-117.30390"><ele>1038.0</ele></trkpt>
    <trkpt lat="34.29715" lon="-117.30385"><ele>1038.0</ele></trkpt>
    <trkpt lat="34.29721" lon="-117.30381"><ele>1038.0</ele></trkpt>
    <trkpt lat="34.29726" lon="-117.30373"><ele>1038.0</ele></trkpt>
    <trkpt lat="34.29727" lon="-117.30360"><ele>1057.0</ele></trkpt>
    <trkpt lat="34.29725" lon="-117.30346"><ele>1057.0</ele></trkpt>
    <trkpt lat="34.29722" lon="-117.30332"><ele>1057.0</ele></trkpt>
    <trkpt lat="34.29718" lon="-117.30315"><ele>1057.0</ele></trkpt>
    <trkpt lat="34.29716" lon="-117.30300"><ele>1057.0</ele></trkpt>
    <trkpt lat="34.29713" lon="-117.30285"><ele>1057.0</ele></trkpt>
    <trkpt lat="34.29709" lon="-117.30269"><ele>1057.0</ele></trkpt>
    <trkpt lat="34.29699" lon="-117.30236"><ele>1057.0</ele></trkpt>
    <trkpt lat="34.29689" lon="-117.30209"><ele>1057.0</ele></trkpt>
    <trkpt lat="34.29679" lon="-117.30182"><ele>1057.0</ele></trkpt>
    <trkpt lat="34.29675" lon="-117.30168"><ele>1057.0</ele></trkpt>
    <trkpt lat="34.29671" lon="-117.30160"><ele>1057.0</ele></trkpt>
    <trkpt lat="34.29665" lon="-117.30148"><ele>1057.0</ele></trkpt>
    <trkpt lat="34.29663" lon="-117.30136"><ele>1057.0</ele></trkpt>
    <trkpt lat="34.29661" lon="-117.30109"><ele>1057.0</ele></trkpt>
    <trkpt lat="34.29660" lon="-117.30097"><ele>1057.0</ele></trkpt>
    <trkpt lat="34.29656" lon="-117.30088"><ele>1057.0</ele></trkpt>
    <trkpt lat="34.29650" lon="-117.30078"><ele>1057.0</ele></trkpt>
    <trkpt lat="34.29643" lon="-117.30070"><ele>1068.0</ele></trkpt>
    <trkpt lat="34.29639" lon="-117.30060"><ele>1068.0</ele></trkpt>
    <trkpt lat="34.29637" lon="-117.30048"><ele>1068.0</ele></trkpt>
    <trkpt lat="34.29635" lon="-117.30026"><ele>1068.0</ele></trkpt>
    <trkpt lat="34.29632" lon="-117.30001"><ele>1068.0</ele></trkpt>
    <trkpt lat="34.29630" lon="-117.29990"><ele>1068.0</ele></trkpt>
    <trkpt lat="34.29624" lon="-117.29980"><ele>1068.0</ele></trkpt>
    <trkpt lat="34.29614" lon="-117.29965"><ele>1068.0</ele></trkpt>
    <trkpt lat="34.29608" lon="-117.29953"><ele>1068.0</ele></trkpt>
    <trkpt lat="34.29606" lon="-117.29940"><ele>1068.0</ele></trkpt>
    <trkpt lat="34.29604" lon="-117.29913"><ele>1068.0</ele></trkpt>
    <trkpt lat="34.29601" lon="-117.29883"><ele>1068.0</ele></trkpt>
    <trkpt lat="34.29598" lon="-117.29864"><ele>1068.0</ele></trkpt>
    <trkpt lat="34.29597" lon="-117.29847"><ele>1068.0</ele></trkpt>
    <trkpt lat="34.29598" lon="-117.29837"><ele>1068.0</ele></trkpt>
    <trkpt lat="34.29597" lon="-117.29828"><ele>1068.0</ele></trkpt>
    <trkpt lat="34.29594" lon="-117.29814"><ele>1068.0</ele></trkpt>
    <trkpt lat="34.29594" lon="-117.29804"><ele>1068.0</ele></trkpt>
    <trkpt lat="34.29595" lon="-117.29795"><ele>1058.0</ele></trkpt>
    <trkpt lat="34.29599" lon="-117.29786"><ele>1058.0</ele></trkpt>
    <trkpt lat="34.29605" lon="-117.29778"><ele>1058.0</ele></trkpt>
    <trkpt lat="34.29613" lon="-117.29770"><ele>1058.0</ele></trkpt>
    <trkpt lat="34.29618" lon="-117.29765"><ele>1058.0</ele></trkpt>
    <trkpt lat="34.29626" lon="-117.29763"><ele>1058.0</ele></trkpt>
    <trkpt lat="34.29635" lon="-117.29764"><ele>1058.0</ele></trkpt>
    <trkpt lat="34.29642" lon="-117.29768"><ele>1058.0</ele></trkpt>
    <trkpt lat="34.29647" lon="-117.29773"><ele>1058.0</ele></trkpt>
    <trkpt lat="34.29652" lon="-117.29781"><ele>1058.0</ele></trkpt>
    <trkpt lat="34.29654" lon="-117.29791"><ele>1058.0</ele></trkpt>
    <trkpt lat="34.29656" lon="-117.29802"><ele>1058.0</ele></trkpt>
    <trkpt lat="34.29660" lon="-117.29813"><ele>1058.0</ele></trkpt>
    <trkpt lat="34.29663" lon="-117.29823"><ele>1058.0</ele></trkpt>
    <trkpt lat="34.29672" lon="-117.29840"><ele>1058.0</ele></trkpt>
    <trkpt lat="34.29686" lon="-117.29871"><ele>1058.0</ele></trkpt>
    <trkpt lat="34.29696" lon="-117.29893"><ele>1058.0</ele></trkpt>
    <trkpt lat="34.29701" lon="-117.29901"><ele>1058.0</ele></trkpt>
    <trkpt lat="34.29706" lon="-117.29907"><ele>1048.0</ele></trkpt>
    <trkpt lat="34.29712" lon="-117.29911"><ele>1048.0</ele></trkpt>
    <trkpt lat="34.29718" lon="-117.29912"><ele>1048.0</ele></trkpt>
    <trkpt lat="34.29724" lon="-117.29912"><ele>1048.0</ele></trkpt>
    <trkpt lat="34.29733" lon="-117.29910"><ele>1048.0</ele></trkpt>
    <trkpt lat="34.29739" lon="-117.29908"><ele>1048.0</ele></trkpt>
    <trkpt lat="34.29744" lon="-117.29909"><ele>1048.0</ele></trkpt>
    <trkpt lat="34.29749" lon="-117.29911"><ele>1048.0</ele></trkpt>
    <trkpt lat="34.29758" lon="-117.29915"><ele>1048.0</ele></trkpt>
    <trkpt lat="34.29768" lon="-117.29923"><ele>1048.0</ele></trkpt>
    <trkpt lat="34.29774" lon="-117.29928"><ele>1048.0</ele></trkpt>
    <trkpt lat="34.29780" lon="-117.29930"><ele>1048.0</ele></trkpt>
    <trkpt lat="34.29786" lon="-117.29930"><ele>1048.0</ele></trkpt>
    <trkpt lat="34.29796" lon="-117.29929"><ele>1048.0</ele></trkpt>
    <trkpt lat="34.29811" lon="-117.29923"><ele>1048.0</ele></trkpt>
    <trkpt lat="34.29827" lon="-117.29916"><ele>1048.0</ele></trkpt>
    <trkpt lat="34.29844" lon="-117.29908"><ele>1048.0</ele></trkpt>
    <trkpt lat="34.29851" lon="-117.29904"><ele>1048.0</ele></trkpt>
    <trkpt lat="34.29856" lon="-117.29904"><ele>1063.0</ele></trkpt>
    <trkpt lat="34.29870" lon="-117.29909"><ele>1063.0</ele></trkpt>
    <trkpt lat="34.29880" lon="-117.29913"><ele>1063.0</ele></trkpt>
    <trkpt lat="34.29894" lon="-117.29917"><ele>1063.0</ele></trkpt>
    <trkpt lat="34.29904" lon="-117.29922"><ele>1063.0</ele></trkpt>
    <trkpt lat="34.29915" lon="-117.29927"><ele>1063.0</ele></trkpt>
    <trkpt lat="34.29922" lon="-117.29928"><ele>1063.0</ele></trkpt>
    <trkpt lat="34.29930" lon="-117.29928"><ele>1063.0</ele></trkpt>
    <trkpt lat="34.29935" lon="-117.29928"><ele>1063.0</ele></trkpt>
    <trkpt lat="34.29944" lon="-117.29932"><ele>1063.0</ele></trkpt>
    <trkpt lat="34.29949" lon="-117.29937"><ele>1063.0</ele></trkpt>
    <trkpt lat="34.29954" lon="-117.29944"><ele>1063.0</ele></trkpt>
    <trkpt lat="34.29960" lon="-117.29955"><ele>1063.0</ele></trkpt>
    <trkpt lat="34.29965" lon="-117.29963"><ele>1063.0</ele></trkpt>
    <trkpt lat="34.29969" lon="-117.29966"><ele>1063.0</ele></trkpt>
    <trkpt lat="34.29992" lon="-117.29966"><ele>1063.0</ele></trkpt>
    <trkpt lat="34.30001" lon="-117.29967"><ele>1063.0</ele></trkpt>
    <trkpt lat="34.30007" lon="-117.29971"><ele>1059.0</ele></trkpt>
    <trkpt lat="34.30012" lon="-117.29979"><ele>1059.0</ele></trkpt>
    <trkpt lat="34.30014" lon="-117.29987"><ele>1059.0</ele></trkpt>
    <trkpt lat="34.30013" lon="-117.30001"><ele>1059.0</ele></trkpt>
    <trkpt lat="34.30011" lon="-117.30017"><ele>1059.0</ele></trkpt>
    <trkpt lat="34.30011" lon="-117.30026"><ele>1059.0</ele></trkpt>
    <trkpt lat="34.30013" lon="-117.30033"><ele>1059.0</ele></trkpt>
    <trkpt lat="34.30019" lon="-117.30040"><ele>1059.0</ele></trkpt>
    <trkpt lat="34.30025" lon="-117.30044"><ele>1059.0</ele></trkpt>
    <trkpt lat="34.30032" lon="-117.30045"><ele>1059.0</ele></trkpt>
    <trkpt lat="34.30046" lon="-117.30046"><ele>1059.0</ele></trkpt>
    <trkpt lat="34.30055" lon="-117.30046"><ele>1059.0</ele></trkpt>
    <trkpt lat="34.30062" lon="-117.30049"><ele>1059.0</ele></trkpt>
    <trkpt lat="34.30069" lon="-117.30054"><ele>1059.0</ele></trkpt>
    <trkpt lat="34.30079" lon="-117.30064"><ele>1059.0</ele></trkpt>
    <trkpt lat="34.30087" lon="-117.30073"><ele>1059.0</ele></trkpt>
    <trkpt lat="34.30096" lon="-117.30081"><ele>1059.0</ele></trkpt>
    <trkpt lat="34.30104" lon="-117.30088"><ele>1059.0</ele></trkpt>
    <trkpt lat="34.30108" lon="-117.30097"><ele>1065.0</ele></trkpt>
    <trkpt lat="34.30109" lon="-117.30107"><ele>1065.0</ele></trkpt>
    <trkpt lat="34.30109" lon="-117.30118"><ele>1065.0</ele></trkpt>
    <trkpt lat="34.30105" lon="-117.30132"><ele>1065.0</ele></trkpt>
    <trkpt lat="34.30098" lon="-117.30146"><ele>1065.0</ele></trkpt>
    <trkpt lat="34.30096" lon="-117.30155"><ele>1065.0</ele></trkpt>
    <trkpt lat="34.30097" lon="-117.30161"><ele>1065.0</ele></trkpt>
    <trkpt lat="34.30100" lon="-117.30169"><ele>1065.0</ele></trkpt>
    <trkpt lat="34.30112" lon="-117.30186"><ele>1065.0</ele></trkpt>
    <trkpt lat="34.30121" lon="-117.30200"><ele>1065.0</ele></trkpt>
    <trkpt lat="34.30129" lon="-117.30209"><ele>1065.0</ele></trkpt>
    <trkpt lat="34.30137" lon="-117.30218"><ele>1065.0</ele></trkpt>
    <trkpt lat="34.30141" lon="-117.30227"><ele>1065.0</ele></trkpt>
    <trkpt lat="34.30143" lon="-117.30235"><ele>1065.0</ele></trkpt>
    <trkpt lat="34.30142" lon="-117.30254"><ele>1065.0</ele></trkpt>
    <trkpt lat="34.30141" lon="-117.30267"><ele>1065.0</ele></trkpt>
    <trkpt lat="34.30143" lon="-117.30276"><ele>1065.0</ele></trkpt>
    <trkpt lat="34.30150" lon="-117.30284"><ele>1065.0</ele></trkpt>
    <trkpt lat="34.30157" lon="-117.30293"><ele>1067.0</ele></trkpt>
    <trkpt lat="34.30164" lon="-117.30303"><ele>1067.0</ele></trkpt>
    <trkpt lat="34.30170" lon="-117.30313"><ele>1067.0</ele></trkpt>
    <trkpt lat="34.30180" lon="-117.30319"><ele>1067.0</ele></trkpt>
    <trkpt lat="34.30189" lon="-117.30321"><ele>1067.0</ele></trkpt>
    <trkpt lat="34.30196" lon="-117.30320"><ele>1067.0</ele></trkpt>
    <trkpt lat="34.30208" lon="-117.30317"><ele>1067.0</ele></trkpt>
    <trkpt lat="34.30216" lon="-117.30314"><ele>1067.0</ele></trkpt>
    <trkpt lat="34.30226" lon="-117.30313"><ele>1067.0</ele></trkpt>
    <trkpt lat="34.30234" lon="-117.30314"><ele>1067.0</ele></trkpt>
    <trkpt lat="34.30243" lon="-117.30318"><ele>1067.0</ele></trkpt>
    <trkpt lat="34.30251" lon="-117.30322"><ele>1067.0</ele></trkpt>
    <trkpt lat="34.30262" lon="-117.30323"><ele>1067.0</ele></trkpt>
    <trkpt lat="34.30262" lon="-117.30323"><ele>1067.0</ele></trkpt>
    <trkpt lat="34.30267" lon="-117.30335"><ele>1067.0</ele></trkpt>
    <trkpt lat="34.30274" lon="-117.30353"><ele>1067.0</ele></trkpt>
    <trkpt lat="34.30281" lon="-117.30371"><ele>1067.0</ele></trkpt>
    <trkpt lat="34.30290" lon="-117.30393"><ele>1067.0</ele></trkpt>
    <trkpt lat="34.30292" lon="-117.30398"><ele>1074.0</ele></trkpt>
    <trkpt lat="34.30294" lon="-117.30406"><ele>1074.0</ele></trkpt>
    <trkpt lat="34.30294" lon="-117.30418"><ele>1074.0</ele></trkpt>
    <trkpt lat="34.30293" lon="-117.30455"><ele>1074.0</ele></trkpt>
    <trkpt lat="34.30292" lon="-117.30470"><ele>1074.0</ele></trkpt>
    <trkpt lat="34.30295" lon="-117.30484"><ele>1074.0</ele></trkpt>
    <trkpt lat="34.30295" lon="-117.30485"><ele>1074.0</ele></trkpt>
    <trkpt lat="34.30300" lon="-117.30496"><ele>1074.0</ele></trkpt>
    <trkpt lat="34.30308" lon="-117.30510"><ele>1074.0</ele></trkpt>
    <trkpt lat="34.30317" lon="-117.30518"><ele>1074.0</ele></trkpt>
    <trkpt lat="34.30327" lon="-117.30525"><ele>1074.0</ele></trkpt>
    <trkpt lat="34.30335" lon="-117.30534"><ele>1074.0</ele></trkpt>
    <trkpt lat="34.30340" lon="-117.30539"><ele>1074.0</ele></trkpt>
    <trkpt lat="34.30349" lon="-117.30541"><ele>1074.0</ele></trkpt>
    <trkpt lat="34.30362" lon="-117.30540"><ele>1074.0</ele></trkpt>
    <trkpt lat="34.30376" lon="-117.30537"><ele>1074.0</ele></trkpt>
    <trkpt lat="34.30389" lon="-117.30534"><ele>1074.0</ele></trkpt>
    <trkpt lat="34.30393" lon="-117.30534"><ele>1065.0</ele></trkpt>
    <trkpt lat="34.30400" lon="-117.30533"><ele>1065.0</ele></trkpt>
    <trkpt lat="34.30410" lon="-117.30534"><ele>1065.0</ele></trkpt>
    <trkpt lat="34.30417" lon="-117.30542"><ele>1065.0</ele></trkpt>
    <trkpt lat="34.30419" lon="-117.30547"><ele>1065.0</ele></trkpt>
    <trkpt lat="34.30424" lon="-117.30558"><ele>1065.0</ele></trkpt>
    <trkpt lat="34.30432" lon="-117.30581"><ele>1065.0</ele></trkpt>
    <trkpt lat="34.30442" lon="-117.30604"><ele>1065.0</ele></trkpt>
    <trkpt lat="34.30448" lon="-117.30618"><ele>1065.0</ele></trkpt>
    <trkpt lat="34.30452" lon="-117.30628"><ele>1065.0</ele></trkpt>
    <trkpt lat="34.30458" lon="-117.30640"><ele>1065.0</ele></trkpt>
    <trkpt lat="34.30465" lon="-117.30646"><ele>1065.0</ele></trkpt>
    <trkpt lat="34.30470" lon="-117.30652"><ele>1065.0</ele></trkpt>
    <trkpt lat="34.30474" lon="-117.30657"><ele>1065.0</ele></trkpt>
    <trkpt lat="34.30485" lon="-117.30670"><ele>1065.0</ele></trkpt>
    <trkpt lat="34.30491" lon="-117.30679"><ele>1065.0</ele></trkpt>
    <trkpt lat="34.30495" lon="-117.30689"><ele>1065.0</ele></trkpt>
    <trkpt lat="34.30498" lon="-117.30700"><ele>1065.0</ele></trkpt>
    <trkpt lat="34.30501" lon="-117.30709"><ele>1044.0</ele></trkpt>
    <trkpt lat="34.30504" lon="-117.30725"><ele>1044.0</ele></trkpt>
    <trkpt lat="34.30505" lon="-117.30738"><ele>1044.0</ele></trkpt>
    <trkpt lat="34.30505" lon="-117.30760"><ele>1044.0</ele></trkpt>
    <trkpt lat="34.30506" lon="-117.30778"><ele>1044.0</ele></trkpt>
    <trkpt lat="34.30508" lon="-117.30794"><ele>1044.0</ele></trkpt>
    <trkpt lat="34.30510" lon="-117.30804"><ele>1044.0</ele></trkpt>
    <trkpt lat="34.30511" lon="-117.30808"><ele>1044.0</ele></trkpt>
    <trkpt lat="34.30515" lon="-117.30825"><ele>1044.0</ele></trkpt>
    <trkpt lat="34.30521" lon="-117.30845"><ele>1044.0</ele></trkpt>
    <trkpt lat="34.30527" lon="-117.30864"><ele>1044.0</ele></trkpt>
    <trkpt lat="34.30528" lon="-117.30867"><ele>1044.0</ele></trkpt>
    <trkpt lat="34.30530" lon="-117.30877"><ele>1044.0</ele></trkpt>
    <trkpt lat="34.30530" lon="-117.30887"><ele>1044.0</ele></trkpt>
    <trkpt lat="34.30527" lon="-117.30899"><ele>1044.0</ele></trkpt>
    <trkpt lat="34.30522" lon="-117.30908"><ele>1044.0</ele></trkpt>
    <trkpt lat="34.30516" lon="-117.30914"><ele>1044.0</ele></trkpt>
    <trkpt lat="34.30507" lon="-117.30924"><ele>1044.0</ele></trkpt>
    <trkpt lat="34.30501" lon="-117.30931"><ele>1038.0</ele></trkpt>
    <trkpt lat="34.30497" lon="-117.30939"><ele>1038.0</ele></trkpt>
    <trkpt lat="34.30496" lon="-117.30949"><ele>1038.0</ele></trkpt>
    <trkpt lat="34.30498" lon="-117.30961"><ele>1038.0</ele></trkpt>
    <trkpt lat="34.30503" lon="-117.30968"><ele>1038.0</ele></trkpt>
    <trkpt lat="34.30503" lon="-117.30968"><ele>1038.0</ele></trkpt>
    <trkpt lat="34.30513" lon="-117.30975"><ele>1038.0</ele></trkpt>
    <trkpt lat="34.30516" lon="-117.30976"><ele>1038.0</ele></trkpt>
    <trkpt lat="34.30529" lon="-117.30979"><ele>1038.0</ele></trkpt>
  </trkseg></trk>
</gpx>
