<?xml version="1.0" encoding="UTF-8"?>
<gpx version="1.1" creator="dirt-bikes build-area-routes (MVUM geometry + SRTM elevation)" xmlns="http://www.topografix.com/GPX/1/1">
  <trk><name>Pozo OHV Singletrack</name><trkseg>
    <trkpt lat="35.35924" lon="-120.27572"><ele>601.0</ele></trkpt>
    <trkpt lat="35.35924" lon="-120.27572"><ele>601.0</ele></trkpt>
    <trkpt lat="35.35924" lon="-120.27572"><ele>601.0</ele></trkpt>
    <trkpt lat="35.35924" lon="-120.27572"><ele>601.0</ele></trkpt>
    <trkpt lat="35.35925" lon="-120.27572"><ele>601.0</ele></trkpt>
    <trkpt lat="35.35925" lon="-120.27572"><ele>601.0</ele></trkpt>
    <trkpt lat="35.35924" lon="-120.27569"><ele>601.0</ele></trkpt>
    <trkpt lat="35.35924" lon="-120.27569"><ele>601.0</ele></trkpt>
    <trkpt lat="35.35923" lon="-120.27565"><ele>601.0</ele></trkpt>
    <trkpt lat="35.35922" lon="-120.27550"><ele>601.0</ele></trkpt>
    <trkpt lat="35.35926" lon="-120.27535"><ele>601.0</ele></trkpt>
    <trkpt lat="35.35933" lon="-120.27523"><ele>601.0</ele></trkpt>
    <trkpt lat="35.35934" lon="-120.27522"><ele>601.0</ele></trkpt>
    <trkpt lat="35.35934" lon="-120.27522"><ele>614.0</ele></trkpt>
    <trkpt lat="35.35933" lon="-120.27523"><ele>614.0</ele></trkpt>
    <trkpt lat="35.35930" lon="-120.27527"><ele>614.0</ele></trkpt>
    <trkpt lat="35.35929" lon="-120.27528"><ele>614.0</ele></trkpt>
    <trkpt lat="35.35929" lon="-120.27528"><ele>614.0</ele></trkpt>
    <trkpt lat="35.35930" lon="-120.27527"><ele>614.0</ele></trkpt>
    <trkpt lat="35.35936" lon="-120.27520"><ele>614.0</ele></trkpt>
    <trkpt lat="35.35940" lon="-120.27509"><ele>614.0</ele></trkpt>
    <trkpt lat="35.35944" lon="-120.27503"><ele>614.0</ele></trkpt>
    <trkpt lat="35.35944" lon="-120.27503"><ele>614.0</ele></trkpt>
    <trkpt lat="35.35944" lon="-120.27503"><ele>614.0</ele></trkpt>
    <trkpt lat="35.35947" lon="-120.27499"><ele>614.0</ele></trkpt>
    <trkpt lat="35.35952" lon="-120.27483"><ele>614.0</ele></trkpt>
    <trkpt lat="35.35948" lon="-120.27469"><ele>614.0</ele></trkpt>
    <trkpt lat="35.35949" lon="-120.27463"><ele>614.0</ele></trkpt>
    <trkpt lat="35.35951" lon="-120.27458"><ele>614.0</ele></trkpt>
    <trkpt lat="35.35952" lon="-120.27450"><ele>614.0</ele></trkpt>
    <trkpt lat="35.35951" lon="-120.27446"><ele>614.0</ele></trkpt>
    <trkpt lat="35.35943" lon="-120.27432"><ele>614.0</ele></trkpt>
    <trkpt lat="35.35939" lon="-120.27427"><ele>614.0</ele></trkpt>
    <trkpt lat="35.35938" lon="-120.27427"><ele>614.0</ele></trkpt>
    <trkpt lat="35.35936" lon="-120.27425"><ele>614.0</ele></trkpt>
    <trkpt lat="35.35933" lon="-120.27417"><ele>614.0</ele></trkpt>
    <trkpt lat="35.35933" lon="-120.27404"><ele>614.0</ele></trkpt>
    <trkpt lat="35.35932" lon="-120.27386"><ele>614.0</ele></trkpt>
    <trkpt lat="35.35930" lon="-120.27379"><ele>636.0</ele></trkpt>
    <trkpt lat="35.35929" lon="-120.27379"><ele>636.0</ele></trkpt>
    <trkpt lat="35.35929" lon="-120.27379"><ele>636.0</ele></trkpt>
    <trkpt lat="35.35930" lon="-120.27379"><ele>636.0</ele></trkpt>
    <trkpt lat="35.35929" lon="-120.27379"><ele>636.0</ele></trkpt>
    <trkpt lat="35.35922" lon="-120.27366"><ele>636.0</ele></trkpt>
    <trkpt lat="35.35919" lon="-120.27350"><ele>636.0</ele></trkpt>
    <trkpt lat="35.35921" lon="-120.27347"><ele>636.0</ele></trkpt>
    <trkpt lat="35.35921" lon="-120.27346"><ele>636.0</ele></trkpt>
    <trkpt lat="35.35921" lon="-120.27341"><ele>636.0</ele></trkpt>
    <trkpt lat="35.35911" lon="-120.27331"><ele>636.0</ele></trkpt>
    <trkpt lat="35.35909" lon="-120.27326"><ele>636.0</ele></trkpt>
    <trkpt lat="35.35909" lon="-120.27325"><ele>636.0</ele></trkpt>
    <trkpt lat="35.35909" lon="-120.27325"><ele>636.0</ele></trkpt>
    <trkpt lat="35.35909" lon="-120.27325"><ele>636.0</ele></trkpt>
    <trkpt lat="35.35906" lon="-120.27316"><ele>636.0</ele></trkpt>
    <trkpt lat="35.35908" lon="-120.27299"><ele>636.0</ele></trkpt>
    <trkpt lat="35.35912" lon="-120.27282"><ele>636.0</ele></trkpt>
    <trkpt lat="35.35916" lon="-120.27265"><ele>636.0</ele></trkpt>
    <trkpt lat="35.35918" lon="-120.27255"><ele>636.0</ele></trkpt>
    <trkpt lat="35.35918" lon="-120.27256"><ele>636.0</ele></trkpt>
    <trkpt lat="35.35918" lon="-120.27248"><ele>636.0</ele></trkpt>
    <trkpt lat="35.35921" lon="-120.27233"><ele>636.0</ele></trkpt>
    <trkpt lat="35.35925" lon="-120.27218"><ele>636.0</ele></trkpt>
    <trkpt lat="35.35925" lon="-120.27216"><ele>625.0</ele></trkpt>
    <trkpt lat="35.35925" lon="-120.27215"><ele>625.0</ele></trkpt>
    <trkpt lat="35.35925" lon="-120.27207"><ele>625.0</ele></trkpt>
    <trkpt lat="35.35922" lon="-120.27195"><ele>625.0</ele></trkpt>
    <trkpt lat="35.35921" lon="-120.27189"><ele>625.0</ele></trkpt>
    <trkpt lat="35.35921" lon="-120.27189"><ele>625.0</ele></trkpt>
    <trkpt lat="35.35921" lon="-120.27188"><ele>625.0</ele></trkpt>
    <trkpt lat="35.35923" lon="-120.27179"><ele>625.0</ele></trkpt>
    <trkpt lat="35.35924" lon="-120.27177"><ele>625.0</ele></trkpt>
    <trkpt lat="35.35924" lon="-120.27177"><ele>625.0</ele></trkpt>
    <trkpt lat="35.35926" lon="-120.27174"><ele>625.0</ele></trkpt>
    <trkpt lat="35.35926" lon="-120.27160"><ele>625.0</ele></trkpt>
    <trkpt lat="35.35921" lon="-120.27143"><ele>625.0</ele></trkpt>
    <trkpt lat="35.35923" lon="-120.27126"><ele>625.0</ele></trkpt>
    <trkpt lat="35.35927" lon="-120.27111"><ele>625.0</ele></trkpt>
    <trkpt lat="35.35927" lon="-120.27111"><ele>625.0</ele></trkpt>
    <trkpt lat="35.35929" lon="-120.27106"><ele>625.0</ele></trkpt>
    <trkpt lat="35.35933" lon="-120.27095"><ele>625.0</ele></trkpt>
    <trkpt lat="35.35939" lon="-120.27081"><ele>625.0</ele></trkpt>
    <trkpt lat="35.35944" lon="-120.27068"><ele>625.0</ele></trkpt>
    <trkpt lat="35.35946" lon="-120.27061"><ele>625.0</ele></trkpt>
    <trkpt lat="35.35944" lon="-120.27043"><ele>625.0</ele></trkpt>
    <trkpt lat="35.35930" lon="-120.27043"><ele>625.0</ele></trkpt>
    <trkpt lat="35.35918" lon="-120.27033"><ele>625.0</ele></trkpt>
    <trkpt lat="35.35909" lon="-120.27016"><ele>625.0</ele></trkpt>
    <trkpt lat="35.35909" lon="-120.27015"><ele>642.0</ele></trkpt>
    <trkpt lat="35.35907" lon="-120.27009"><ele>642.0</ele></trkpt>
    <trkpt lat="35.35894" lon="-120.26993"><ele>642.0</ele></trkpt>
    <trkpt lat="35.35882" lon="-120.26979"><ele>642.0</ele></trkpt>
    <trkpt lat="35.35872" lon="-120.26960"><ele>642.0</ele></trkpt>
    <trkpt lat="35.35859" lon="-120.26948"><ele>642.0</ele></trkpt>
    <trkpt lat="35.35844" lon="-120.26935"><ele>642.0</ele></trkpt>
    <trkpt lat="35.35827" lon="-120.26930"><ele>642.0</ele></trkpt>
    <trkpt lat="35.35807" lon="-120.26925"><ele>642.0</ele></trkpt>
    <trkpt lat="35.35795" lon="-120.26920"><ele>642.0</ele></trkpt>
    <trkpt lat="35.35794" lon="-120.26921"><ele>642.0</ele></trkpt>
    <trkpt lat="35.35787" lon="-120.26912"><ele>642.0</ele></trkpt>
    <trkpt lat="35.35788" lon="-120.26906"><ele>642.0</ele></trkpt>
    <trkpt lat="35.35790" lon="-120.26901"><ele>642.0</ele></trkpt>
    <trkpt lat="35.35791" lon="-120.26899"><ele>642.0</ele></trkpt>
    <trkpt lat="35.35792" lon="-120.26896"><ele>642.0</ele></trkpt>
    <trkpt lat="35.35791" lon="-120.26896"><ele>642.0</ele></trkpt>
    <trkpt lat="35.35791" lon="-120.26896"><ele>642.0</ele></trkpt>
    <trkpt lat="35.35792" lon="-120.26893"><ele>642.0</ele></trkpt>
    <trkpt lat="35.35791" lon="-120.26886"><ele>642.0</ele></trkpt>
    <trkpt lat="35.35790" lon="-120.26880"><ele>642.0</ele></trkpt>
    <trkpt lat="35.35790" lon="-120.26876"><ele>642.0</ele></trkpt>
    <trkpt lat="35.35790" lon="-120.26875"><ele>642.0</ele></trkpt>
    <trkpt lat="35.35790" lon="-120.26875"><ele>642.0</ele></trkpt>
    <trkpt lat="35.35790" lon="-120.26875"><ele>642.0</ele></trkpt>
    <trkpt lat="35.35790" lon="-120.26875"><ele>655.0</ele></trkpt>
    <trkpt lat="35.35789" lon="-120.26871"><ele>655.0</ele></trkpt>
    <trkpt lat="35.35790" lon="-120.26865"><ele>655.0</ele></trkpt>
    <trkpt lat="35.35791" lon="-120.26860"><ele>655.0</ele></trkpt>
    <trkpt lat="35.35792" lon="-120.26855"><ele>655.0</ele></trkpt>
    <trkpt lat="35.35793" lon="-120.26850"><ele>655.0</ele></trkpt>
    <trkpt lat="35.35795" lon="-120.26847"><ele>655.0</ele></trkpt>
    <trkpt lat="35.35796" lon="-120.26843"><ele>655.0</ele></trkpt>
    <trkpt lat="35.35798" lon="-120.26839"><ele>655.0</ele></trkpt>
    <trkpt lat="35.35800" lon="-120.26835"><ele>655.0</ele></trkpt>
    <trkpt lat="35.35801" lon="-120.26831"><ele>655.0</ele></trkpt>
    <trkpt lat="35.35803" lon="-120.26828"><ele>655.0</ele></trkpt>
    <trkpt lat="35.35804" lon="-120.26826"><ele>655.0</ele></trkpt>
    <trkpt lat="35.35805" lon="-120.26825"><ele>655.0</ele></trkpt>
    <trkpt lat="35.35807" lon="-120.26823"><ele>655.0</ele></trkpt>
    <trkpt lat="35.35810" lon="-120.26819"><ele>655.0</ele></trkpt>
    <trkpt lat="35.35813" lon="-120.26816"><ele>655.0</ele></trkpt>
    <trkpt lat="35.35816" lon="-120.26813"><ele>655.0</ele></trkpt>
    <trkpt lat="35.35818" lon="-120.26812"><ele>655.0</ele></trkpt>
    <trkpt lat="35.35821" lon="-120.26810"><ele>655.0</ele></trkpt>
    <trkpt lat="35.35824" lon="-120.26809"><ele>655.0</ele></trkpt>
    <trkpt lat="35.35828" lon="-120.26808"><ele>655.0</ele></trkpt>
    <trkpt lat="35.35834" lon="-120.26804"><ele>655.0</ele></trkpt>
    <trkpt lat="35.35837" lon="-120.26797"><ele>655.0</ele></trkpt>
    <trkpt lat="35.35838" lon="-120.26789"><ele>662.0</ele></trkpt>
    <trkpt lat="35.35839" lon="-120.26784"><ele>662.0</ele></trkpt>
    <trkpt lat="35.35843" lon="-120.26780"><ele>662.0</ele></trkpt>
    <trkpt lat="35.35848" lon="-120.26779"><ele>662.0</ele></trkpt>
    <trkpt lat="35.35853" lon="-120.26777"><ele>662.0</ele></trkpt>
    <trkpt lat="35.35856" lon="-120.26773"><ele>662.0</ele></trkpt>
    <trkpt lat="35.35859" lon="-120.26769"><ele>662.0</ele></trkpt>
    <trkpt lat="35.35863" lon="-120.26763"><ele>662.0</ele></trkpt>
    <trkpt lat="35.35865" lon="-120.26756"><ele>662.0</ele></trkpt>
    <trkpt lat="35.35865" lon="-120.26749"><ele>662.0</ele></trkpt>
    <trkpt lat="35.35869" lon="-120.26744"><ele>662.0</ele></trkpt>
    <trkpt lat="35.35874" lon="-120.26743"><ele>662.0</ele></trkpt>
    <trkpt lat="35.35879" lon="-120.26743"><ele>662.0</ele></trkpt>
    <trkpt lat="35.35884" lon="-120.26742"><ele>662.0</ele></trkpt>
    <trkpt lat="35.35889" lon="-120.26740"><ele>662.0</ele></trkpt>
    <trkpt lat="35.35893" lon="-120.26736"><ele>662.0</ele></trkpt>
    <trkpt lat="35.35897" lon="-120.26732"><ele>662.0</ele></trkpt>
    <trkpt lat="35.35899" lon="-120.26726"><ele>662.0</ele></trkpt>
    <trkpt lat="35.35903" lon="-120.26723"><ele>662.0</ele></trkpt>
    <trkpt lat="35.35905" lon="-120.26723"><ele>662.0</ele></trkpt>
    <trkpt lat="35.35909" lon="-120.26722"><ele>662.0</ele></trkpt>
    <trkpt lat="35.35913" lon="-120.26722"><ele>662.0</ele></trkpt>
    <trkpt lat="35.35918" lon="-120.26722"><ele>662.0</ele></trkpt>
    <trkpt lat="35.35922" lon="-120.26722"><ele>662.0</ele></trkpt>
    <trkpt lat="35.35926" lon="-120.26725"><ele>662.0</ele></trkpt>
    <trkpt lat="35.35932" lon="-120.26728"><ele>646.0</ele></trkpt>
    <trkpt lat="35.35936" lon="-120.26729"><ele>646.0</ele></trkpt>
    <trkpt lat="35.35940" lon="-120.26731"><ele>646.0</ele></trkpt>
    <trkpt lat="35.35940" lon="-120.26731"><ele>646.0</ele></trkpt>
    <trkpt lat="35.35944" lon="-120.26732"><ele>646.0</ele></trkpt>
    <trkpt lat="35.35944" lon="-120.26732"><ele>646.0</ele></trkpt>
    <trkpt lat="35.35946" lon="-120.26733"><ele>646.0</ele></trkpt>
    <trkpt lat="35.35950" lon="-120.26734"><ele>646.0</ele></trkpt>
    <trkpt lat="35.35955" lon="-120.26735"><ele>646.0</ele></trkpt>
    <trkpt lat="35.35960" lon="-120.26737"><ele>646.0</ele></trkpt>
    <trkpt lat="35.35965" lon="-120.26738"><ele>646.0</ele></trkpt>
    <trkpt lat="35.35970" lon="-120.26740"><ele>646.0</ele></trkpt>
    <trkpt lat="35.35971" lon="-120.26740"><ele>646.0</ele></trkpt>
    <trkpt lat="35.35972" lon="-120.26741"><ele>646.0</ele></trkpt>
    <trkpt lat="35.35974" lon="-120.26741"><ele>646.0</ele></trkpt>
    <trkpt lat="35.35981" lon="-120.26743"><ele>646.0</ele></trkpt>
    <trkpt lat="35.35988" lon="-120.26745"><ele>646.0</ele></trkpt>
    <trkpt lat="35.35994" lon="-120.26747"><ele>646.0</ele></trkpt>
    <trkpt lat="35.36000" lon="-120.26749"><ele>646.0</ele></trkpt>
    <trkpt lat="35.36006" lon="-120.26747"><ele>646.0</ele></trkpt>
    <trkpt lat="35.36011" lon="-120.26744"><ele>646.0</ele></trkpt>
    <trkpt lat="35.36016" lon="-120.26740"><ele>646.0</ele></trkpt>
    <trkpt lat="35.36022" lon="-120.26740"><ele>646.0</ele></trkpt>
    <trkpt lat="35.36027" lon="-120.26741"><ele>646.0</ele></trkpt>
    <trkpt lat="35.36031" lon="-120.26744"><ele>646.0</ele></trkpt>
    <trkpt lat="35.36032" lon="-120.26744"><ele>629.0</ele></trkpt>
    <trkpt lat="35.36036" lon="-120.26746"><ele>629.0</ele></trkpt>
    <trkpt lat="35.36041" lon="-120.26749"><ele>629.0</ele></trkpt>
    <trkpt lat="35.36046" lon="-120.26750"><ele>629.0</ele></trkpt>
    <trkpt lat="35.36052" lon="-120.26750"><ele>629.0</ele></trkpt>
    <trkpt lat="35.36057" lon="-120.26752"><ele>629.0</ele></trkpt>
    <trkpt lat="35.36062" lon="-120.26754"><ele>629.0</ele></trkpt>
    <trkpt lat="35.36065" lon="-120.26756"><ele>629.0</ele></trkpt>
    <trkpt lat="35.36070" lon="-120.26758"><ele>629.0</ele></trkpt>
    <trkpt lat="35.36075" lon="-120.26759"><ele>629.0</ele></trkpt>
    <trkpt lat="35.36081" lon="-120.26758"><ele>629.0</ele></trkpt>
    <trkpt lat="35.36086" lon="-120.26757"><ele>629.0</ele></trkpt>
    <trkpt lat="35.36090" lon="-120.26755"><ele>629.0</ele></trkpt>
    <trkpt lat="35.36095" lon="-120.26753"><ele>629.0</ele></trkpt>
    <trkpt lat="35.36099" lon="-120.26751"><ele>629.0</ele></trkpt>
    <trkpt lat="35.36103" lon="-120.26749"><ele>629.0</ele></trkpt>
    <trkpt lat="35.36108" lon="-120.26746"><ele>629.0</ele></trkpt>
    <trkpt lat="35.36113" lon="-120.26745"><ele>629.0</ele></trkpt>
    <trkpt lat="35.36117" lon="-120.26747"><ele>629.0</ele></trkpt>
    <trkpt lat="35.36120" lon="-120.26752"><ele>629.0</ele></trkpt>
    <trkpt lat="35.36121" lon="-120.26757"><ele>629.0</ele></trkpt>
    <trkpt lat="35.36123" lon="-120.26762"><ele>629.0</ele></trkpt>
    <trkpt lat="35.36127" lon="-120.26765"><ele>629.0</ele></trkpt>
    <trkpt lat="35.36133" lon="-120.26766"><ele>629.0</ele></trkpt>
    <trkpt lat="35.36139" lon="-120.26766"><ele>629.0</ele></trkpt>
    <trkpt lat="35.36143" lon="-120.26765"><ele>627.0</ele></trkpt>
    <trkpt lat="35.36147" lon="-120.26765"><ele>627.0</ele></trkpt>
    <trkpt lat="35.36150" lon="-120.26763"><ele>627.0</ele></trkpt>
    <trkpt lat="35.36153" lon="-120.26762"><ele>627.0</ele></trkpt>
    <trkpt lat="35.36155" lon="-120.26759"><ele>627.0</ele></trkpt>
    <trkpt lat="35.36158" lon="-120.26756"><ele>627.0</ele></trkpt>
    <trkpt lat="35.36161" lon="-120.26753"><ele>627.0</ele></trkpt>
    <trkpt lat="35.36166" lon="-120.26751"><ele>627.0</ele></trkpt>
    <trkpt lat="35.36171" lon="-120.26752"><ele>627.0</ele></trkpt>
    <trkpt lat="35.36175" lon="-120.26753"><ele>627.0</ele></trkpt>
    <trkpt lat="35.36180" lon="-120.26752"><ele>627.0</ele></trkpt>
    <trkpt lat="35.36185" lon="-120.26749"><ele>627.0</ele></trkpt>
    <trkpt lat="35.36189" lon="-120.26746"><ele>627.0</ele></trkpt>
    <trkpt lat="35.36193" lon="-120.26742"><ele>627.0</ele></trkpt>
    <trkpt lat="35.36195" lon="-120.26736"><ele>627.0</ele></trkpt>
    <trkpt lat="35.36196" lon="-120.26730"><ele>627.0</ele></trkpt>
    <trkpt lat="35.36197" lon="-120.26724"><ele>627.0</ele></trkpt>
    <trkpt lat="35.36198" lon="-120.26719"><ele>627.0</ele></trkpt>
    <trkpt lat="35.36199" lon="-120.26713"><ele>627.0</ele></trkpt>
    <trkpt lat="35.36200" lon="-120.26707"><ele>627.0</ele></trkpt>
    <trkpt lat="35.36201" lon="-120.26702"><ele>627.0</ele></trkpt>
    <trkpt lat="35.36202" lon="-120.26696"><ele>627.0</ele></trkpt>
    <trkpt lat="35.36202" lon="-120.26689"><ele>627.0</ele></trkpt>
    <trkpt lat="35.36203" lon="-120.26682"><ele>627.0</ele></trkpt>
    <trkpt lat="35.36203" lon="-120.26675"><ele>636.0</ele></trkpt>
    <trkpt lat="35.36204" lon="-120.26669"><ele>636.0</ele></trkpt>
    <trkpt lat="35.36206" lon="-120.26662"><ele>636.0</ele></trkpt>
    <trkpt lat="35.36210" lon="-120.26658"><ele>636.0</ele></trkpt>
    <trkpt lat="35.36215" lon="-120.26656"><ele>636.0</ele></trkpt>
    <trkpt lat="35.36220" lon="-120.26655"><ele>636.0</ele></trkpt>
    <trkpt lat="35.36226" lon="-120.26655"><ele>636.0</ele></trkpt>
    <trkpt lat="35.36231" lon="-120.26656"><ele>636.0</ele></trkpt>
    <trkpt lat="35.36236" lon="-120.26657"><ele>636.0</ele></trkpt>
    <trkpt lat="35.36242" lon="-120.26659"><ele>636.0</ele></trkpt>
    <trkpt lat="35.36247" lon="-120.26660"><ele>636.0</ele></trkpt>
    <trkpt lat="35.36252" lon="-120.26662"><ele>636.0</ele></trkpt>
    <trkpt lat="35.36258" lon="-120.26664"><ele>636.0</ele></trkpt>
    <trkpt lat="35.36263" lon="-120.26666"><ele>636.0</ele></trkpt>
    <trkpt lat="35.36269" lon="-120.26668"><ele>636.0</ele></trkpt>
    <trkpt lat="35.36275" lon="-120.26669"><ele>636.0</ele></trkpt>
    <trkpt lat="35.36280" lon="-120.26671"><ele>636.0</ele></trkpt>
    <trkpt lat="35.36286" lon="-120.26672"><ele>636.0</ele></trkpt>
    <trkpt lat="35.36291" lon="-120.26673"><ele>636.0</ele></trkpt>
    <trkpt lat="35.36297" lon="-120.26675"><ele>636.0</ele></trkpt>
    <trkpt lat="35.36302" lon="-120.26676"><ele>636.0</ele></trkpt>
    <trkpt lat="35.36308" lon="-120.26677"><ele>636.0</ele></trkpt>
    <trkpt lat="35.36313" lon="-120.26678"><ele>636.0</ele></trkpt>
    <trkpt lat="35.36318" lon="-120.26679"><ele>636.0</ele></trkpt>
    <trkpt lat="35.36324" lon="-120.26680"><ele>636.0</ele></trkpt>
    <trkpt lat="35.36329" lon="-120.26681"><ele>632.0</ele></trkpt>
    <trkpt lat="35.36334" lon="-120.26683"><ele>632.0</ele></trkpt>
    <trkpt lat="35.36340" lon="-120.26684"><ele>632.0</ele></trkpt>
    <trkpt lat="35.36346" lon="-120.26685"><ele>632.0</ele></trkpt>
    <trkpt lat="35.36352" lon="-120.26687"><ele>632.0</ele></trkpt>
    <trkpt lat="35.36357" lon="-120.26689"><ele>632.0</ele></trkpt>
    <trkpt lat="35.36362" lon="-120.26693"><ele>632.0</ele></trkpt>
    <trkpt lat="35.36366" lon="-120.26698"><ele>632.0</ele></trkpt>
    <trkpt lat="35.36369" lon="-120.26705"><ele>632.0</ele></trkpt>
    <trkpt lat="35.36373" lon="-120.26711"><ele>632.0</ele></trkpt>
    <trkpt lat="35.36377" lon="-120.26716"><ele>632.0</ele></trkpt>
    <trkpt lat="35.36381" lon="-120.26720"><ele>632.0</ele></trkpt>
    <trkpt lat="35.36386" lon="-120.26723"><ele>632.0</ele></trkpt>
    <trkpt lat="35.36390" lon="-120.26723"><ele>632.0</ele></trkpt>
    <trkpt lat="35.36392" lon="-120.26724"><ele>632.0</ele></trkpt>
    <trkpt lat="35.36394" lon="-120.26725"><ele>632.0</ele></trkpt>
    <trkpt lat="35.36397" lon="-120.26726"><ele>632.0</ele></trkpt>
    <trkpt lat="35.36403" lon="-120.26726"><ele>632.0</ele></trkpt>
    <trkpt lat="35.36409" lon="-120.26728"><ele>632.0</ele></trkpt>
    <trkpt lat="35.36417" lon="-120.26729"><ele>632.0</ele></trkpt>
    <trkpt lat="35.36421" lon="-120.26730"><ele>632.0</ele></trkpt>
    <trkpt lat="35.36427" lon="-120.26730"><ele>632.0</ele></trkpt>
    <trkpt lat="35.36433" lon="-120.26730"><ele>632.0</ele></trkpt>
    <trkpt lat="35.36439" lon="-120.26732"><ele>632.0</ele></trkpt>
    <trkpt lat="35.36445" lon="-120.26735"><ele>632.0</ele></trkpt>
    <trkpt lat="35.36450" lon="-120.26738"><ele>631.0</ele></trkpt>
    <trkpt lat="35.36456" lon="-120.26741"><ele>631.0</ele></trkpt>
    <trkpt lat="35.36461" lon="-120.26745"><ele>631.0</ele></trkpt>
    <trkpt lat="35.36466" lon="-120.26749"><ele>631.0</ele></trkpt>
    <trkpt lat="35.36472" lon="-120.26752"><ele>631.0</ele></trkpt>
    <trkpt lat="35.36478" lon="-120.26755"><ele>631.0</ele></trkpt>
    <trkpt lat="35.36484" lon="-120.26758"><ele>631.0</ele></trkpt>
    <trkpt lat="35.36489" lon="-120.26761"><ele>631.0</ele></trkpt>
    <trkpt lat="35.36494" lon="-120.26764"><ele>631.0</ele></trkpt>
    <trkpt lat="35.36500" lon="-120.26767"><ele>631.0</ele></trkpt>
    <trkpt lat="35.36505" lon="-120.26769"><ele>631.0</ele></trkpt>
    <trkpt lat="35.36512" lon="-120.26767"><ele>631.0</ele></trkpt>
    <trkpt lat="35.36517" lon="-120.26765"><ele>631.0</ele></trkpt>
    <trkpt lat="35.36522" lon="-120.26761"><ele>631.0</ele></trkpt>
    <trkpt lat="35.36527" lon="-120.26758"><ele>631.0</ele></trkpt>
    <trkpt lat="35.36532" lon="-120.26756"><ele>631.0</ele></trkpt>
    <trkpt lat="35.36536" lon="-120.26755"><ele>631.0</ele></trkpt>
    <trkpt lat="35.36540" lon="-120.26756"><ele>631.0</ele></trkpt>
    <trkpt lat="35.36546" lon="-120.26756"><ele>631.0</ele></trkpt>
    <trkpt lat="35.36551" lon="-120.26757"><ele>631.0</ele></trkpt>
    <trkpt lat="35.36556" lon="-120.26761"><ele>631.0</ele></trkpt>
    <trkpt lat="35.36560" lon="-120.26766"><ele>631.0</ele></trkpt>
    <trkpt lat="35.36566" lon="-120.26769"><ele>631.0</ele></trkpt>
    <trkpt lat="35.36572" lon="-120.26768"><ele>631.0</ele></trkpt>
    <trkpt lat="35.36577" lon="-120.26765"><ele>632.0</ele></trkpt>
    <trkpt lat="35.36581" lon="-120.26761"><ele>632.0</ele></trkpt>
    <trkpt lat="35.36585" lon="-120.26757"><ele>632.0</ele></trkpt>
    <trkpt lat="35.36588" lon="-120.26755"><ele>632.0</ele></trkpt>
    <trkpt lat="35.36590" lon="-120.26754"><ele>632.0</ele></trkpt>
    <trkpt lat="35.36594" lon="-120.26751"><ele>632.0</ele></trkpt>
    <trkpt lat="35.36596" lon="-120.26749"><ele>632.0</ele></trkpt>
    <trkpt lat="35.36597" lon="-120.26748"><ele>632.0</ele></trkpt>
    <trkpt lat="35.36601" lon="-120.26748"><ele>632.0</ele></trkpt>
    <trkpt lat="35.36606" lon="-120.26751"><ele>632.0</ele></trkpt>
    <trkpt lat="35.36611" lon="-120.26757"><ele>632.0</ele></trkpt>
    <trkpt lat="35.36615" lon="-120.26763"><ele>632.0</ele></trkpt>
    <trkpt lat="35.36619" lon="-120.26768"><ele>632.0</ele></trkpt>
    <trkpt lat="35.36626" lon="-120.26771"><ele>632.0</ele></trkpt>
    <trkpt lat="35.36632" lon="-120.26772"><ele>632.0</ele></trkpt>
    <trkpt lat="35.36639" lon="-120.26771"><ele>632.0</ele></trkpt>
    <trkpt lat="35.36645" lon="-120.26771"><ele>632.0</ele></trkpt>
    <trkpt lat="35.36650" lon="-120.26770"><ele>632.0</ele></trkpt>
    <trkpt lat="35.36652" lon="-120.26770"><ele>632.0</ele></trkpt>
    <trkpt lat="35.36656" lon="-120.26768"><ele>632.0</ele></trkpt>
    <trkpt lat="35.36661" lon="-120.26765"><ele>632.0</ele></trkpt>
    <trkpt lat="35.36666" lon="-120.26762"><ele>632.0</ele></trkpt>
    <trkpt lat="35.36671" lon="-120.26760"><ele>632.0</ele></trkpt>
    <trkpt lat="35.36673" lon="-120.26757"><ele>632.0</ele></trkpt>
    <trkpt lat="35.36678" lon="-120.26754"><ele>632.0</ele></trkpt>
    <trkpt lat="35.36681" lon="-120.26750"><ele>639.0</ele></trkpt>
    <trkpt lat="35.36685" lon="-120.26747"><ele>639.0</ele></trkpt>
    <trkpt lat="35.36688" lon="-120.26743"><ele>639.0</ele></trkpt>
    <trkpt lat="35.36692" lon="-120.26738"><ele>639.0</ele></trkpt>
    <trkpt lat="35.36695" lon="-120.26733"><ele>639.0</ele></trkpt>
    <trkpt lat="35.36699" lon="-120.26728"><ele>639.0</ele></trkpt>
    <trkpt lat="35.36702" lon="-120.26723"><ele>639.0</ele></trkpt>
    <trkpt lat="35.36705" lon="-120.26717"><ele>639.0</ele></trkpt>
    <trkpt lat="35.36707" lon="-120.26712"><ele>639.0</ele></trkpt>
    <trkpt lat="35.36710" lon="-120.26706"><ele>639.0</ele></trkpt>
    <trkpt lat="35.36714" lon="-120.26701"><ele>639.0</ele></trkpt>
    <trkpt lat="35.36720" lon="-120.26699"><ele>639.0</ele></trkpt>
    <trkpt lat="35.36724" lon="-120.26695"><ele>639.0</ele></trkpt>
    <trkpt lat="35.36725" lon="-120.26689"><ele>639.0</ele></trkpt>
    <trkpt lat="35.36725" lon="-120.26683"><ele>639.0</ele></trkpt>
    <trkpt lat="35.36726" lon="-120.26678"><ele>639.0</ele></trkpt>
    <trkpt lat="35.36728" lon="-120.26673"><ele>639.0</ele></trkpt>
    <trkpt lat="35.36729" lon="-120.26669"><ele>639.0</ele></trkpt>
    <trkpt lat="35.36731" lon="-120.26664"><ele>639.0</ele></trkpt>
    <trkpt lat="35.36733" lon="-120.26661"><ele>639.0</ele></trkpt>
    <trkpt lat="35.36735" lon="-120.26658"><ele>639.0</ele></trkpt>
    <trkpt lat="35.36735" lon="-120.26657"><ele>639.0</ele></trkpt>
    <trkpt lat="35.36739" lon="-120.26653"><ele>639.0</ele></trkpt>
    <trkpt lat="35.36742" lon="-120.26648"><ele>639.0</ele></trkpt>
    <trkpt lat="35.36745" lon="-120.26644"><ele>639.0</ele></trkpt>
    <trkpt lat="35.36749" lon="-120.26640"><ele>653.0</ele></trkpt>
    <trkpt lat="35.36753" lon="-120.26637"><ele>653.0</ele></trkpt>
    <trkpt lat="35.36756" lon="-120.26634"><ele>653.0</ele></trkpt>
    <trkpt lat="35.36759" lon="-120.26630"><ele>653.0</ele></trkpt>
    <trkpt lat="35.36762" lon="-120.26626"><ele>653.0</ele></trkpt>
    <trkpt lat="35.36765" lon="-120.26622"><ele>653.0</ele></trkpt>
    <trkpt lat="35.36768" lon="-120.26619"><ele>653.0</ele></trkpt>
    <trkpt lat="35.36771" lon="-120.26615"><ele>653.0</ele></trkpt>
    <trkpt lat="35.36773" lon="-120.26610"><ele>653.0</ele></trkpt>
    <trkpt lat="35.36774" lon="-120.26604"><ele>653.0</ele></trkpt>
    <trkpt lat="35.36775" lon="-120.26599"><ele>653.0</ele></trkpt>
    <trkpt lat="35.36776" lon="-120.26594"><ele>653.0</ele></trkpt>
    <trkpt lat="35.36776" lon="-120.26589"><ele>653.0</ele></trkpt>
    <trkpt lat="35.36776" lon="-120.26581"><ele>653.0</ele></trkpt>
    <trkpt lat="35.36777" lon="-120.26578"><ele>653.0</ele></trkpt>
    <trkpt lat="35.36778" lon="-120.26572"><ele>653.0</ele></trkpt>
    <trkpt lat="35.36779" lon="-120.26567"><ele>653.0</ele></trkpt>
    <trkpt lat="35.36780" lon="-120.26563"><ele>653.0</ele></trkpt>
    <trkpt lat="35.36781" lon="-120.26558"><ele>653.0</ele></trkpt>
    <trkpt lat="35.36782" lon="-120.26552"><ele>653.0</ele></trkpt>
    <trkpt lat="35.36783" lon="-120.26547"><ele>653.0</ele></trkpt>
    <trkpt lat="35.36784" lon="-120.26541"><ele>653.0</ele></trkpt>
    <trkpt lat="35.36784" lon="-120.26535"><ele>653.0</ele></trkpt>
    <trkpt lat="35.36783" lon="-120.26528"><ele>653.0</ele></trkpt>
    <trkpt lat="35.36782" lon="-120.26522"><ele>673.0</ele></trkpt>
    <trkpt lat="35.36781" lon="-120.26517"><ele>673.0</ele></trkpt>
    <trkpt lat="35.36780" lon="-120.26511"><ele>673.0</ele></trkpt>
    <trkpt lat="35.36779" lon="-120.26506"><ele>673.0</ele></trkpt>
    <trkpt lat="35.36778" lon="-120.26499"><ele>673.0</ele></trkpt>
    <trkpt lat="35.36778" lon="-120.26493"><ele>673.0</ele></trkpt>
    <trkpt lat="35.36778" lon="-120.26487"><ele>673.0</ele></trkpt>
    <trkpt lat="35.36779" lon="-120.26481"><ele>673.0</ele></trkpt>
    <trkpt lat="35.36780" lon="-120.26475"><ele>673.0</ele></trkpt>
    <trkpt lat="35.36780" lon="-120.26470"><ele>673.0</ele></trkpt>
    <trkpt lat="35.36780" lon="-120.26465"><ele>673.0</ele></trkpt>
    <trkpt lat="35.36780" lon="-120.26459"><ele>673.0</ele></trkpt>
    <trkpt lat="35.36780" lon="-120.26453"><ele>673.0</ele></trkpt>
    <trkpt lat="35.36780" lon="-120.26448"><ele>673.0</ele></trkpt>
    <trkpt lat="35.36780" lon="-120.26442"><ele>673.0</ele></trkpt>
    <trkpt lat="35.36781" lon="-120.26436"><ele>673.0</ele></trkpt>
    <trkpt lat="35.36781" lon="-120.26431"><ele>673.0</ele></trkpt>
    <trkpt lat="35.36781" lon="-120.26426"><ele>673.0</ele></trkpt>
    <trkpt lat="35.36782" lon="-120.26420"><ele>673.0</ele></trkpt>
    <trkpt lat="35.36782" lon="-120.26414"><ele>673.0</ele></trkpt>
    <trkpt lat="35.36782" lon="-120.26407"><ele>673.0</ele></trkpt>
    <trkpt lat="35.36782" lon="-120.26401"><ele>673.0</ele></trkpt>
    <trkpt lat="35.36781" lon="-120.26395"><ele>673.0</ele></trkpt>
    <trkpt lat="35.36781" lon="-120.26389"><ele>673.0</ele></trkpt>
    <trkpt lat="35.36780" lon="-120.26384"><ele>673.0</ele></trkpt>
    <trkpt lat="35.36779" lon="-120.26378"><ele>687.0</ele></trkpt>
    <trkpt lat="35.36777" lon="-120.26372"><ele>687.0</ele></trkpt>
    <trkpt lat="35.36775" lon="-120.26366"><ele>687.0</ele></trkpt>
    <trkpt lat="35.36772" lon="-120.26362"><ele>687.0</ele></trkpt>
    <trkpt lat="35.36772" lon="-120.26356"><ele>687.0</ele></trkpt>
    <trkpt lat="35.36773" lon="-120.26353"><ele>687.0</ele></trkpt>
    <trkpt lat="35.36777" lon="-120.26350"><ele>687.0</ele></trkpt>
    <trkpt lat="35.36783" lon="-120.26349"><ele>687.0</ele></trkpt>
    <trkpt lat="35.36787" lon="-120.26350"><ele>687.0</ele></trkpt>
    <trkpt lat="35.36793" lon="-120.26349"><ele>687.0</ele></trkpt>
    <trkpt lat="35.36797" lon="-120.26348"><ele>687.0</ele></trkpt>
    <trkpt lat="35.36802" lon="-120.26346"><ele>687.0</ele></trkpt>
    <trkpt lat="35.36807" lon="-120.26345"><ele>687.0</ele></trkpt>
    <trkpt lat="35.36811" lon="-120.26342"><ele>687.0</ele></trkpt>
    <trkpt lat="35.36814" lon="-120.26338"><ele>687.0</ele></trkpt>
    <trkpt lat="35.36816" lon="-120.26333"><ele>687.0</ele></trkpt>
    <trkpt lat="35.36816" lon="-120.26327"><ele>687.0</ele></trkpt>
    <trkpt lat="35.36815" lon="-120.26321"><ele>687.0</ele></trkpt>
    <trkpt lat="35.36813" lon="-120.26316"><ele>687.0</ele></trkpt>
    <trkpt lat="35.36811" lon="-120.26311"><ele>687.0</ele></trkpt>
    <trkpt lat="35.36810" lon="-120.26303"><ele>687.0</ele></trkpt>
    <trkpt lat="35.36809" lon="-120.26297"><ele>687.0</ele></trkpt>
    <trkpt lat="35.36809" lon="-120.26291"><ele>687.0</ele></trkpt>
    <trkpt lat="35.36808" lon="-120.26285"><ele>687.0</ele></trkpt>
    <trkpt lat="35.36807" lon="-120.26280"><ele>687.0</ele></trkpt>
    <trkpt lat="35.36805" lon="-120.26275"><ele>704.0</ele></trkpt>
    <trkpt lat="35.36802" lon="-120.26269"><ele>704.0</ele></trkpt>
    <trkpt lat="35.36801" lon="-120.26264"><ele>704.0</ele></trkpt>
    <trkpt lat="35.36803" lon="-120.26258"><ele>704.0</ele></trkpt>
    <trkpt lat="35.36807" lon="-120.26254"><ele>704.0</ele></trkpt>
    <trkpt lat="35.36812" lon="-120.26254"><ele>704.0</ele></trkpt>
    <trkpt lat="35.36817" lon="-120.26256"><ele>704.0</ele></trkpt>
    <trkpt lat="35.36823" lon="-120.26255"><ele>704.0</ele></trkpt>
    <trkpt lat="35.36828" lon="-120.26253"><ele>704.0</ele></trkpt>
    <trkpt lat="35.36833" lon="-120.26251"><ele>704.0</ele></trkpt>
    <trkpt lat="35.36838" lon="-120.26248"><ele>704.0</ele></trkpt>
    <trkpt lat="35.36842" lon="-120.26245"><ele>704.0</ele></trkpt>
    <trkpt lat="35.36846" lon="-120.26242"><ele>704.0</ele></trkpt>
    <trkpt lat="35.36851" lon="-120.26238"><ele>704.0</ele></trkpt>
    <trkpt lat="35.36855" lon="-120.26235"><ele>704.0</ele></trkpt>
    <trkpt lat="35.36858" lon="-120.26230"><ele>704.0</ele></trkpt>
    <trkpt lat="35.36860" lon="-120.26225"><ele>704.0</ele></trkpt>
    <trkpt lat="35.36862" lon="-120.26220"><ele>704.0</ele></trkpt>
    <trkpt lat="35.36863" lon="-120.26216"><ele>704.0</ele></trkpt>
    <trkpt lat="35.36865" lon="-120.26211"><ele>704.0</ele></trkpt>
    <trkpt lat="35.36867" lon="-120.26206"><ele>704.0</ele></trkpt>
    <trkpt lat="35.36869" lon="-120.26201"><ele>704.0</ele></trkpt>
    <trkpt lat="35.36870" lon="-120.26195"><ele>704.0</ele></trkpt>
    <trkpt lat="35.36872" lon="-120.26190"><ele>704.0</ele></trkpt>
    <trkpt lat="35.36873" lon="-120.26184"><ele>704.0</ele></trkpt>
    <trkpt lat="35.36874" lon="-120.26178"><ele>717.0</ele></trkpt>
    <trkpt lat="35.36876" lon="-120.26172"><ele>717.0</ele></trkpt>
    <trkpt lat="35.36877" lon="-120.26168"><ele>717.0</ele></trkpt>
    <trkpt lat="35.36878" lon="-120.26162"><ele>717.0</ele></trkpt>
    <trkpt lat="35.36878" lon="-120.26156"><ele>717.0</ele></trkpt>
    <trkpt lat="35.36878" lon="-120.26150"><ele>717.0</ele></trkpt>
    <trkpt lat="35.36877" lon="-120.26144"><ele>717.0</ele></trkpt>
    <trkpt lat="35.36875" lon="-120.26138"><ele>717.0</ele></trkpt>
    <trkpt lat="35.36873" lon="-120.26133"><ele>717.0</ele></trkpt>
    <trkpt lat="35.36870" lon="-120.26128"><ele>717.0</ele></trkpt>
    <trkpt lat="35.36866" lon="-120.26123"><ele>717.0</ele></trkpt>
    <trkpt lat="35.36863" lon="-120.26120"><ele>717.0</ele></trkpt>
    <trkpt lat="35.36859" lon="-120.26116"><ele>717.0</ele></trkpt>
    <trkpt lat="35.36854" lon="-120.26113"><ele>717.0</ele></trkpt>
    <trkpt lat="35.36850" lon="-120.26110"><ele>717.0</ele></trkpt>
    <trkpt lat="35.36846" lon="-120.26108"><ele>717.0</ele></trkpt>
    <trkpt lat="35.36841" lon="-120.26105"><ele>717.0</ele></trkpt>
    <trkpt lat="35.36836" lon="-120.26103"><ele>717.0</ele></trkpt>
    <trkpt lat="35.36831" lon="-120.26100"><ele>717.0</ele></trkpt>
    <trkpt lat="35.36827" lon="-120.26097"><ele>717.0</ele></trkpt>
    <trkpt lat="35.36822" lon="-120.26094"><ele>717.0</ele></trkpt>
    <trkpt lat="35.36818" lon="-120.26091"><ele>717.0</ele></trkpt>
    <trkpt lat="35.36814" lon="-120.26089"><ele>717.0</ele></trkpt>
    <trkpt lat="35.36809" lon="-120.26087"><ele>717.0</ele></trkpt>
    <trkpt lat="35.36804" lon="-120.26084"><ele>746.0</ele></trkpt>
    <trkpt lat="35.36799" lon="-120.26081"><ele>746.0</ele></trkpt>
    <trkpt lat="35.36795" lon="-120.26078"><ele>746.0</ele></trkpt>
    <trkpt lat="35.36733" lon="-120.26014"><ele>746.0</ele></trkpt>
    <trkpt lat="35.36730" lon="-120.26012"><ele>746.0</ele></trkpt>
    <trkpt lat="35.36725" lon="-120.26010"><ele>746.0</ele></trkpt>
    <trkpt lat="35.36720" lon="-120.26007"><ele>746.0</ele></trkpt>
    <trkpt lat="35.36715" lon="-120.26004"><ele>746.0</ele></trkpt>
    <trkpt lat="35.36709" lon="-120.26002"><ele>746.0</ele></trkpt>
    <trkpt lat="35.36704" lon="-120.26001"><ele>746.0</ele></trkpt>
    <trkpt lat="35.36699" lon="-120.26000"><ele>746.0</ele></trkpt>
    <trkpt lat="35.36693" lon="-120.25999"><ele>746.0</ele></trkpt>
    <trkpt lat="35.36672" lon="-120.25987"><ele>746.0</ele></trkpt>
    <trkpt lat="35.36668" lon="-120.25984"><ele>746.0</ele></trkpt>
    <trkpt lat="35.36638" lon="-120.25955"><ele>746.0</ele></trkpt>
    <trkpt lat="35.36637" lon="-120.25952"><ele>746.0</ele></trkpt>
    <trkpt lat="35.36635" lon="-120.25948"><ele>746.0</ele></trkpt>
    <trkpt lat="35.36631" lon="-120.25943"><ele>746.0</ele></trkpt>
    <trkpt lat="35.36626" lon="-120.25939"><ele>746.0</ele></trkpt>
    <trkpt lat="35.36622" lon="-120.25933"><ele>746.0</ele></trkpt>
    <trkpt lat="35.36618" lon="-120.25927"><ele>746.0</ele></trkpt>
    <trkpt lat="35.36614" lon="-120.25921"><ele>746.0</ele></trkpt>
    <trkpt lat="35.36610" lon="-120.25916"><ele>746.0</ele></trkpt>
    <trkpt lat="35.36607" lon="-120.25910"><ele>746.0</ele></trkpt>
    <trkpt lat="35.36603" lon="-120.25905"><ele>746.0</ele></trkpt>
    <trkpt lat="35.36601" lon="-120.25899"><ele>757.0</ele></trkpt>
    <trkpt lat="35.36598" lon="-120.25894"><ele>757.0</ele></trkpt>
    <trkpt lat="35.36596" lon="-120.25889"><ele>757.0</ele></trkpt>
    <trkpt lat="35.36593" lon="-120.25882"><ele>757.0</ele></trkpt>
    <trkpt lat="35.36590" lon="-120.25876"><ele>757.0</ele></trkpt>
    <trkpt lat="35.36587" lon="-120.25870"><ele>757.0</ele></trkpt>
    <trkpt lat="35.36585" lon="-120.25864"><ele>757.0</ele></trkpt>
    <trkpt lat="35.36582" lon="-120.25859"><ele>757.0</ele></trkpt>
    <trkpt lat="35.36579" lon="-120.25853"><ele>757.0</ele></trkpt>
    <trkpt lat="35.36575" lon="-120.25847"><ele>757.0</ele></trkpt>
    <trkpt lat="35.36572" lon="-120.25842"><ele>757.0</ele></trkpt>
    <trkpt lat="35.36569" lon="-120.25836"><ele>757.0</ele></trkpt>
    <trkpt lat="35.36569" lon="-120.25830"><ele>757.0</ele></trkpt>
    <trkpt lat="35.36569" lon="-120.25824"><ele>757.0</ele></trkpt>
    <trkpt lat="35.36569" lon="-120.25817"><ele>757.0</ele></trkpt>
    <trkpt lat="35.36569" lon="-120.25810"><ele>757.0</ele></trkpt>
    <trkpt lat="35.36569" lon="-120.25804"><ele>757.0</ele></trkpt>
    <trkpt lat="35.36570" lon="-120.25798"><ele>757.0</ele></trkpt>
    <trkpt lat="35.36570" lon="-120.25792"><ele>757.0</ele></trkpt>
    <trkpt lat="35.36572" lon="-120.25786"><ele>757.0</ele></trkpt>
    <trkpt lat="35.36574" lon="-120.25780"><ele>757.0</ele></trkpt>
    <trkpt lat="35.36575" lon="-120.25774"><ele>757.0</ele></trkpt>
    <trkpt lat="35.36576" lon="-120.25769"><ele>757.0</ele></trkpt>
    <trkpt lat="35.36576" lon="-120.25764"><ele>757.0</ele></trkpt>
    <trkpt lat="35.36576" lon="-120.25758"><ele>757.0</ele></trkpt>
    <trkpt lat="35.36576" lon="-120.25752"><ele>773.0</ele></trkpt>
    <trkpt lat="35.36576" lon="-120.25746"><ele>773.0</ele></trkpt>
    <trkpt lat="35.36576" lon="-120.25741"><ele>773.0</ele></trkpt>
    <trkpt lat="35.36576" lon="-120.25737"><ele>773.0</ele></trkpt>
    <trkpt lat="35.36576" lon="-120.25734"><ele>773.0</ele></trkpt>
    <trkpt lat="35.36576" lon="-120.25731"><ele>773.0</ele></trkpt>
    <trkpt lat="35.36577" lon="-120.25729"><ele>773.0</ele></trkpt>
    <trkpt lat="35.36577" lon="-120.25724"><ele>773.0</ele></trkpt>
    <trkpt lat="35.36578" lon="-120.25718"><ele>773.0</ele></trkpt>
    <trkpt lat="35.36578" lon="-120.25712"><ele>773.0</ele></trkpt>
    <trkpt lat="35.36579" lon="-120.25706"><ele>773.0</ele></trkpt>
    <trkpt lat="35.36579" lon="-120.25700"><ele>773.0</ele></trkpt>
    <trkpt lat="35.36578" lon="-120.25695"><ele>773.0</ele></trkpt>
    <trkpt lat="35.36579" lon="-120.25688"><ele>773.0</ele></trkpt>
    <trkpt lat="35.36579" lon="-120.25683"><ele>773.0</ele></trkpt>
    <trkpt lat="35.36579" lon="-120.25677"><ele>773.0</ele></trkpt>
    <trkpt lat="35.36580" lon="-120.25671"><ele>773.0</ele></trkpt>
    <trkpt lat="35.36580" lon="-120.25665"><ele>773.0</ele></trkpt>
    <trkpt lat="35.36581" lon="-120.25659"><ele>773.0</ele></trkpt>
    <trkpt lat="35.36581" lon="-120.25654"><ele>773.0</ele></trkpt>
    <trkpt lat="35.36582" lon="-120.25648"><ele>773.0</ele></trkpt>
    <trkpt lat="35.36583" lon="-120.25642"><ele>773.0</ele></trkpt>
    <trkpt lat="35.36583" lon="-120.25637"><ele>773.0</ele></trkpt>
    <trkpt lat="35.36584" lon="-120.25630"><ele>773.0</ele></trkpt>
    <trkpt lat="35.36584" lon="-120.25624"><ele>785.0</ele></trkpt>
    <trkpt lat="35.36584" lon="-120.25618"><ele>785.0</ele></trkpt>
    <trkpt lat="35.36585" lon="-120.25612"><ele>785.0</ele></trkpt>
    <trkpt lat="35.36585" lon="-120.25606"><ele>785.0</ele></trkpt>
    <trkpt lat="35.36586" lon="-120.25600"><ele>785.0</ele></trkpt>
    <trkpt lat="35.36586" lon="-120.25594"><ele>785.0</ele></trkpt>
    <trkpt lat="35.36586" lon="-120.25588"><ele>785.0</ele></trkpt>
    <trkpt lat="35.36587" lon="-120.25582"><ele>785.0</ele></trkpt>
    <trkpt lat="35.36588" lon="-120.25576"><ele>785.0</ele></trkpt>
    <trkpt lat="35.36588" lon="-120.25570"><ele>785.0</ele></trkpt>
    <trkpt lat="35.36589" lon="-120.25563"><ele>785.0</ele></trkpt>
    <trkpt lat="35.36590" lon="-120.25557"><ele>785.0</ele></trkpt>
    <trkpt lat="35.36591" lon="-120.25550"><ele>785.0</ele></trkpt>
    <trkpt lat="35.36592" lon="-120.25544"><ele>785.0</ele></trkpt>
    <trkpt lat="35.36594" lon="-120.25538"><ele>785.0</ele></trkpt>
    <trkpt lat="35.36596" lon="-120.25533"><ele>785.0</ele></trkpt>
    <trkpt lat="35.36599" lon="-120.25529"><ele>785.0</ele></trkpt>
    <trkpt lat="35.36600" lon="-120.25528"><ele>785.0</ele></trkpt>
    <trkpt lat="35.36600" lon="-120.25527"><ele>785.0</ele></trkpt>
    <trkpt lat="35.36603" lon="-120.25522"><ele>785.0</ele></trkpt>
    <trkpt lat="35.36606" lon="-120.25517"><ele>785.0</ele></trkpt>
    <trkpt lat="35.36609" lon="-120.25512"><ele>785.0</ele></trkpt>
    <trkpt lat="35.36612" lon="-120.25506"><ele>785.0</ele></trkpt>
    <trkpt lat="35.36615" lon="-120.25502"><ele>785.0</ele></trkpt>
    <trkpt lat="35.36619" lon="-120.25497"><ele>785.0</ele></trkpt>
    <trkpt lat="35.36621" lon="-120.25491"><ele>801.0</ele></trkpt>
    <trkpt lat="35.36625" lon="-120.25486"><ele>801.0</ele></trkpt>
    <trkpt lat="35.36629" lon="-120.25482"><ele>801.0</ele></trkpt>
    <trkpt lat="35.36632" lon="-120.25478"><ele>801.0</ele></trkpt>
    <trkpt lat="35.36634" lon="-120.25475"><ele>801.0</ele></trkpt>
    <trkpt lat="35.36634" lon="-120.25473"><ele>801.0</ele></trkpt>
    <trkpt lat="35.36636" lon="-120.25470"><ele>801.0</ele></trkpt>
    <trkpt lat="35.36638" lon="-120.25466"><ele>801.0</ele></trkpt>
    <trkpt lat="35.36640" lon="-120.25462"><ele>801.0</ele></trkpt>
    <trkpt lat="35.36643" lon="-120.25458"><ele>801.0</ele></trkpt>
    <trkpt lat="35.36645" lon="-120.25453"><ele>801.0</ele></trkpt>
    <trkpt lat="35.36647" lon="-120.25449"><ele>801.0</ele></trkpt>
    <trkpt lat="35.36649" lon="-120.25445"><ele>801.0</ele></trkpt>
    <trkpt lat="35.36652" lon="-120.25440"><ele>801.0</ele></trkpt>
    <trkpt lat="35.36654" lon="-120.25437"><ele>801.0</ele></trkpt>
    <trkpt lat="35.36656" lon="-120.25436"><ele>801.0</ele></trkpt>
    <trkpt lat="35.36657" lon="-120.25435"><ele>801.0</ele></trkpt>
    <trkpt lat="35.36659" lon="-120.25434"><ele>801.0</ele></trkpt>
    <trkpt lat="35.36664" lon="-120.25435"><ele>801.0</ele></trkpt>
    <trkpt lat="35.36669" lon="-120.25437"><ele>801.0</ele></trkpt>
    <trkpt lat="35.36674" lon="-120.25439"><ele>801.0</ele></trkpt>
    <trkpt lat="35.36679" lon="-120.25440"><ele>801.0</ele></trkpt>
    <trkpt lat="35.36684" lon="-120.25442"><ele>801.0</ele></trkpt>
    <trkpt lat="35.36690" lon="-120.25445"><ele>801.0</ele></trkpt>
    <trkpt lat="35.36693" lon="-120.25449"><ele>801.0</ele></trkpt>
    <trkpt lat="35.36697" lon="-120.25454"><ele>800.0</ele></trkpt>
    <trkpt lat="35.36701" lon="-120.25456"><ele>800.0</ele></trkpt>
    <trkpt lat="35.36706" lon="-120.25459"><ele>800.0</ele></trkpt>
    <trkpt lat="35.36710" lon="-120.25463"><ele>800.0</ele></trkpt>
    <trkpt lat="35.36715" lon="-120.25466"><ele>800.0</ele></trkpt>
    <trkpt lat="35.36719" lon="-120.25469"><ele>800.0</ele></trkpt>
    <trkpt lat="35.36723" lon="-120.25469"><ele>800.0</ele></trkpt>
    <trkpt lat="35.36725" lon="-120.25464"><ele>800.0</ele></trkpt>
    <trkpt lat="35.36723" lon="-120.25460"><ele>800.0</ele></trkpt>
    <trkpt lat="35.36722" lon="-120.25458"><ele>800.0</ele></trkpt>
    <trkpt lat="35.36719" lon="-120.25453"><ele>800.0</ele></trkpt>
    <trkpt lat="35.36715" lon="-120.25447"><ele>800.0</ele></trkpt>
    <trkpt lat="35.36712" lon="-120.25440"><ele>800.0</ele></trkpt>
    <trkpt lat="35.36709" lon="-120.25434"><ele>800.0</ele></trkpt>
    <trkpt lat="35.36705" lon="-120.25427"><ele>800.0</ele></trkpt>
    <trkpt lat="35.36701" lon="-120.25421"><ele>800.0</ele></trkpt>
    <trkpt lat="35.36697" lon="-120.25416"><ele>800.0</ele></trkpt>
    <trkpt lat="35.36693" lon="-120.25410"><ele>800.0</ele></trkpt>
    <trkpt lat="35.36688" lon="-120.25405"><ele>800.0</ele></trkpt>
    <trkpt lat="35.36684" lon="-120.25400"><ele>800.0</ele></trkpt>
    <trkpt lat="35.36679" lon="-120.25395"><ele>800.0</ele></trkpt>
    <trkpt lat="35.36674" lon="-120.25390"><ele>800.0</ele></trkpt>
    <trkpt lat="35.36670" lon="-120.25385"><ele>800.0</ele></trkpt>
    <trkpt lat="35.36665" lon="-120.25380"><ele>800.0</ele></trkpt>
    <trkpt lat="35.36661" lon="-120.25373"><ele>804.0</ele></trkpt>
    <trkpt lat="35.36657" lon="-120.25368"><ele>804.0</ele></trkpt>
    <trkpt lat="35.36653" lon="-120.25362"><ele>804.0</ele></trkpt>
    <trkpt lat="35.36648" lon="-120.25356"><ele>804.0</ele></trkpt>
    <trkpt lat="35.36643" lon="-120.25351"><ele>804.0</ele></trkpt>
    <trkpt lat="35.36638" lon="-120.25347"><ele>804.0</ele></trkpt>
    <trkpt lat="35.36633" lon="-120.25344"><ele>804.0</ele></trkpt>
    <trkpt lat="35.36627" lon="-120.25339"><ele>804.0</ele></trkpt>
    <trkpt lat="35.36622" lon="-120.25336"><ele>804.0</ele></trkpt>
    <trkpt lat="35.36617" lon="-120.25332"><ele>804.0</ele></trkpt>
    <trkpt lat="35.36613" lon="-120.25327"><ele>804.0</ele></trkpt>
    <trkpt lat="35.36610" lon="-120.25321"><ele>804.0</ele></trkpt>
    <trkpt lat="35.36607" lon="-120.25315"><ele>804.0</ele></trkpt>
    <trkpt lat="35.36604" lon="-120.25309"><ele>804.0</ele></trkpt>
    <trkpt lat="35.36602" lon="-120.25302"><ele>804.0</ele></trkpt>
    <trkpt lat="35.36601" lon="-120.25294"><ele>804.0</ele></trkpt>
    <trkpt lat="35.36599" lon="-120.25288"><ele>804.0</ele></trkpt>
    <trkpt lat="35.36598" lon="-120.25281"><ele>804.0</ele></trkpt>
    <trkpt lat="35.36595" lon="-120.25274"><ele>804.0</ele></trkpt>
    <trkpt lat="35.36592" lon="-120.25267"><ele>804.0</ele></trkpt>
    <trkpt lat="35.36589" lon="-120.25260"><ele>804.0</ele></trkpt>
    <trkpt lat="35.36586" lon="-120.25255"><ele>804.0</ele></trkpt>
    <trkpt lat="35.36583" lon="-120.25249"><ele>804.0</ele></trkpt>
    <trkpt lat="35.36580" lon="-120.25245"><ele>804.0</ele></trkpt>
    <trkpt lat="35.36578" lon="-120.25241"><ele>804.0</ele></trkpt>
    <trkpt lat="35.36576" lon="-120.25237"><ele>814.0</ele></trkpt>
    <trkpt lat="35.36574" lon="-120.25234"><ele>814.0</ele></trkpt>
    <trkpt lat="35.36573" lon="-120.25230"><ele>814.0</ele></trkpt>
    <trkpt lat="35.36573" lon="-120.25228"><ele>814.0</ele></trkpt>
    <trkpt lat="35.36573" lon="-120.25227"><ele>814.0</ele></trkpt>
    <trkpt lat="35.36574" lon="-120.25221"><ele>814.0</ele></trkpt>
    <trkpt lat="35.36577" lon="-120.25215"><ele>814.0</ele></trkpt>
    <trkpt lat="35.36580" lon="-120.25208"><ele>814.0</ele></trkpt>
    <trkpt lat="35.36583" lon="-120.25200"><ele>814.0</ele></trkpt>
    <trkpt lat="35.36583" lon="-120.25193"><ele>814.0</ele></trkpt>
    <trkpt lat="35.36583" lon="-120.25185"><ele>814.0</ele></trkpt>
    <trkpt lat="35.36581" lon="-120.25178"><ele>814.0</ele></trkpt>
    <trkpt lat="35.36578" lon="-120.25171"><ele>814.0</ele></trkpt>
    <trkpt lat="35.36575" lon="-120.25166"><ele>814.0</ele></trkpt>
    <trkpt lat="35.36572" lon="-120.25161"><ele>814.0</ele></trkpt>
    <trkpt lat="35.36568" lon="-120.25158"><ele>814.0</ele></trkpt>
    <trkpt lat="35.36564" lon="-120.25155"><ele>814.0</ele></trkpt>
    <trkpt lat="35.36560" lon="-120.25154"><ele>814.0</ele></trkpt>
    <trkpt lat="35.36556" lon="-120.25152"><ele>814.0</ele></trkpt>
    <trkpt lat="35.36552" lon="-120.25150"><ele>814.0</ele></trkpt>
    <trkpt lat="35.36549" lon="-120.25148"><ele>814.0</ele></trkpt>
    <trkpt lat="35.36545" lon="-120.25147"><ele>814.0</ele></trkpt>
    <trkpt lat="35.36542" lon="-120.25145"><ele>814.0</ele></trkpt>
    <trkpt lat="35.36539" lon="-120.25143"><ele>814.0</ele></trkpt>
    <trkpt lat="35.36537" lon="-120.25140"><ele>814.0</ele></trkpt>
    <trkpt lat="35.36536" lon="-120.25136"><ele>822.0</ele></trkpt>
    <trkpt lat="35.36536" lon="-120.25132"><ele>822.0</ele></trkpt>
    <trkpt lat="35.36536" lon="-120.25126"><ele>822.0</ele></trkpt>
    <trkpt lat="35.36536" lon="-120.25118"><ele>822.0</ele></trkpt>
    <trkpt lat="35.36537" lon="-120.25111"><ele>822.0</ele></trkpt>
    <trkpt lat="35.36537" lon="-120.25105"><ele>822.0</ele></trkpt>
    <trkpt lat="35.36537" lon="-120.25097"><ele>822.0</ele></trkpt>
    <trkpt lat="35.36537" lon="-120.25091"><ele>822.0</ele></trkpt>
    <trkpt lat="35.36537" lon="-120.25086"><ele>822.0</ele></trkpt>
    <trkpt lat="35.36538" lon="-120.25081"><ele>822.0</ele></trkpt>
    <trkpt lat="35.36538" lon="-120.25077"><ele>822.0</ele></trkpt>
    <trkpt lat="35.36538" lon="-120.25073"><ele>822.0</ele></trkpt>
    <trkpt lat="35.36537" lon="-120.25069"><ele>822.0</ele></trkpt>
    <trkpt lat="35.36537" lon="-120.25065"><ele>822.0</ele></trkpt>
    <trkpt lat="35.36537" lon="-120.25061"><ele>822.0</ele></trkpt>
    <trkpt lat="35.36536" lon="-120.25056"><ele>822.0</ele></trkpt>
    <trkpt lat="35.36534" lon="-120.25052"><ele>822.0</ele></trkpt>
    <trkpt lat="35.36532" lon="-120.25047"><ele>822.0</ele></trkpt>
    <trkpt lat="35.36529" lon="-120.25043"><ele>822.0</ele></trkpt>
    <trkpt lat="35.36526" lon="-120.25040"><ele>822.0</ele></trkpt>
    <trkpt lat="35.36523" lon="-120.25036"><ele>822.0</ele></trkpt>
    <trkpt lat="35.36520" lon="-120.25031"><ele>822.0</ele></trkpt>
    <trkpt lat="35.36517" lon="-120.25026"><ele>822.0</ele></trkpt>
    <trkpt lat="35.36515" lon="-120.25021"><ele>822.0</ele></trkpt>
    <trkpt lat="35.36513" lon="-120.25016"><ele>822.0</ele></trkpt>
    <trkpt lat="35.36510" lon="-120.25009"><ele>836.0</ele></trkpt>
    <trkpt lat="35.36508" lon="-120.25003"><ele>836.0</ele></trkpt>
    <trkpt lat="35.36505" lon="-120.24997"><ele>836.0</ele></trkpt>
    <trkpt lat="35.36503" lon="-120.24991"><ele>836.0</ele></trkpt>
    <trkpt lat="35.36500" lon="-120.24984"><ele>836.0</ele></trkpt>
    <trkpt lat="35.36498" lon="-120.24979"><ele>836.0</ele></trkpt>
    <trkpt lat="35.36496" lon="-120.24973"><ele>836.0</ele></trkpt>
    <trkpt lat="35.36494" lon="-120.24967"><ele>836.0</ele></trkpt>
    <trkpt lat="35.36494" lon="-120.24960"><ele>836.0</ele></trkpt>
    <trkpt lat="35.36493" lon="-120.24954"><ele>836.0</ele></trkpt>
    <trkpt lat="35.36495" lon="-120.24948"><ele>836.0</ele></trkpt>
    <trkpt lat="35.36496" lon="-120.24942"><ele>836.0</ele></trkpt>
    <trkpt lat="35.36497" lon="-120.24936"><ele>836.0</ele></trkpt>
    <trkpt lat="35.36498" lon="-120.24931"><ele>836.0</ele></trkpt>
    <trkpt lat="35.36499" lon="-120.24925"><ele>836.0</ele></trkpt>
    <trkpt lat="35.36500" lon="-120.24920"><ele>836.0</ele></trkpt>
    <trkpt lat="35.36501" lon="-120.24916"><ele>836.0</ele></trkpt>
    <trkpt lat="35.36502" lon="-120.24912"><ele>836.0</ele></trkpt>
    <trkpt lat="35.36503" lon="-120.24907"><ele>836.0</ele></trkpt>
    <trkpt lat="35.36506" lon="-120.24902"><ele>836.0</ele></trkpt>
    <trkpt lat="35.36507" lon="-120.24902"><ele>836.0</ele></trkpt>
    <trkpt lat="35.36512" lon="-120.24900"><ele>836.0</ele></trkpt>
    <trkpt lat="35.36516" lon="-120.24898"><ele>836.0</ele></trkpt>
    <trkpt lat="35.36519" lon="-120.24896"><ele>836.0</ele></trkpt>
    <trkpt lat="35.36521" lon="-120.24895"><ele>822.0</ele></trkpt>
    <trkpt lat="35.36527" lon="-120.24893"><ele>822.0</ele></trkpt>
    <trkpt lat="35.36533" lon="-120.24890"><ele>822.0</ele></trkpt>
    <trkpt lat="35.36538" lon="-120.24889"><ele>822.0</ele></trkpt>
    <trkpt lat="35.36544" lon="-120.24888"><ele>822.0</ele></trkpt>
    <trkpt lat="35.36550" lon="-120.24886"><ele>822.0</ele></trkpt>
    <trkpt lat="35.36557" lon="-120.24885"><ele>822.0</ele></trkpt>
    <trkpt lat="35.36559" lon="-120.24886"><ele>822.0</ele></trkpt>
    <trkpt lat="35.36560" lon="-120.24885"><ele>822.0</ele></trkpt>
    <trkpt lat="35.36566" lon="-120.24885"><ele>822.0</ele></trkpt>
    <trkpt lat="35.36573" lon="-120.24885"><ele>822.0</ele></trkpt>
    <trkpt lat="35.36579" lon="-120.24886"><ele>822.0</ele></trkpt>
    <trkpt lat="35.36584" lon="-120.24886"><ele>822.0</ele></trkpt>
    <trkpt lat="35.36589" lon="-120.24886"><ele>822.0</ele></trkpt>
    <trkpt lat="35.36594" lon="-120.24886"><ele>822.0</ele></trkpt>
    <trkpt lat="35.36600" lon="-120.24887"><ele>822.0</ele></trkpt>
    <trkpt lat="35.36607" lon="-120.24887"><ele>822.0</ele></trkpt>
    <trkpt lat="35.36612" lon="-120.24886"><ele>822.0</ele></trkpt>
    <trkpt lat="35.36617" lon="-120.24883"><ele>822.0</ele></trkpt>
    <trkpt lat="35.36621" lon="-120.24879"><ele>822.0</ele></trkpt>
    <trkpt lat="35.36626" lon="-120.24876"><ele>822.0</ele></trkpt>
    <trkpt lat="35.36630" lon="-120.24871"><ele>822.0</ele></trkpt>
    <trkpt lat="35.36635" lon="-120.24867"><ele>822.0</ele></trkpt>
    <trkpt lat="35.36641" lon="-120.24863"><ele>822.0</ele></trkpt>
    <trkpt lat="35.36645" lon="-120.24859"><ele>822.0</ele></trkpt>
    <trkpt lat="35.36651" lon="-120.24856"><ele>822.0</ele></trkpt>
    <trkpt lat="35.36655" lon="-120.24852"><ele>822.0</ele></trkpt>
    <trkpt lat="35.36660" lon="-120.24848"><ele>822.0</ele></trkpt>
    <trkpt lat="35.36665" lon="-120.24844"><ele>822.0</ele></trkpt>
    <trkpt lat="35.36670" lon="-120.24839"><ele>822.0</ele></trkpt>
    <trkpt lat="35.36677" lon="-120.24836"><ele>822.0</ele></trkpt>
    <trkpt lat="35.36683" lon="-120.24835"><ele>822.0</ele></trkpt>
    <trkpt lat="35.36689" lon="-120.24835"><ele>822.0</ele></trkpt>
    <trkpt lat="35.36695" lon="-120.24836"><ele>822.0</ele></trkpt>
    <trkpt lat="35.36701" lon="-120.24836"><ele>822.0</ele></trkpt>
    <trkpt lat="35.36705" lon="-120.24836"><ele>822.0</ele></trkpt>
    <trkpt lat="35.36710" lon="-120.24835"><ele>822.0</ele></trkpt>
    <trkpt lat="35.36713" lon="-120.24834"><ele>822.0</ele></trkpt>
    <trkpt lat="35.36717" lon="-120.24834"><ele>822.0</ele></trkpt>
    <trkpt lat="35.36721" lon="-120.24834"><ele>822.0</ele></trkpt>
    <trkpt lat="35.36724" lon="-120.24834"><ele>822.0</ele></trkpt>
    <trkpt lat="35.36728" lon="-120.24835"><ele>822.0</ele></trkpt>
    <trkpt lat="35.36732" lon="-120.24835"><ele>822.0</ele></trkpt>
    <trkpt lat="35.36735" lon="-120.24834"><ele>822.0</ele></trkpt>
    <trkpt lat="35.36739" lon="-120.24833"><ele>822.0</ele></trkpt>
    <trkpt lat="35.36744" lon="-120.24833"><ele>822.0</ele></trkpt>
    <trkpt lat="35.36748" lon="-120.24832"><ele>822.0</ele></trkpt>
    <trkpt lat="35.36752" lon="-120.24831"><ele>822.0</ele></trkpt>
    <trkpt lat="35.36756" lon="-120.24830"><ele>822.0</ele></trkpt>
    <trkpt lat="35.36761" lon="-120.24830"><ele>822.0</ele></trkpt>
    <trkpt lat="35.36765" lon="-120.24830"><ele>821.0</ele></trkpt>
    <trkpt lat="35.36770" lon="-120.24831"><ele>821.0</ele></trkpt>
    <trkpt lat="35.36775" lon="-120.24830"><ele>821.0</ele></trkpt>
    <trkpt lat="35.36779" lon="-120.24825"><ele>821.0</ele></trkpt>
    <trkpt lat="35.36781" lon="-120.24820"><ele>821.0</ele></trkpt>
    <trkpt lat="35.36782" lon="-120.24814"><ele>821.0</ele></trkpt>
    <trkpt lat="35.36784" lon="-120.24808"><ele>821.0</ele></trkpt>
    <trkpt lat="35.36786" lon="-120.24803"><ele>821.0</ele></trkpt>
    <trkpt lat="35.36787" lon="-120.24798"><ele>821.0</ele></trkpt>
    <trkpt lat="35.36790" lon="-120.24794"><ele>821.0</ele></trkpt>
    <trkpt lat="35.36794" lon="-120.24790"><ele>821.0</ele></trkpt>
    <trkpt lat="35.36798" lon="-120.24786"><ele>821.0</ele></trkpt>
    <trkpt lat="35.36802" lon="-120.24781"><ele>821.0</ele></trkpt>
    <trkpt lat="35.36805" lon="-120.24777"><ele>821.0</ele></trkpt>
    <trkpt lat="35.36809" lon="-120.24775"><ele>821.0</ele></trkpt>
    <trkpt lat="35.36812" lon="-120.24775"><ele>821.0</ele></trkpt>
    <trkpt lat="35.36816" lon="-120.24775"><ele>821.0</ele></trkpt>
    <trkpt lat="35.36820" lon="-120.24776"><ele>821.0</ele></trkpt>
    <trkpt lat="35.36826" lon="-120.24777"><ele>821.0</ele></trkpt>
    <trkpt lat="35.36831" lon="-120.24778"><ele>821.0</ele></trkpt>
    <trkpt lat="35.36837" lon="-120.24780"><ele>821.0</ele></trkpt>
    <trkpt lat="35.36842" lon="-120.24781"><ele>821.0</ele></trkpt>
    <trkpt lat="35.36847" lon="-120.24783"><ele>821.0</ele></trkpt>
    <trkpt lat="35.36851" lon="-120.24784"><ele>821.0</ele></trkpt>
    <trkpt lat="35.36852" lon="-120.24783"><ele>806.0</ele></trkpt>
    <trkpt lat="35.36855" lon="-120.24785"><ele>806.0</ele></trkpt>
    <trkpt lat="35.36859" lon="-120.24786"><ele>806.0</ele></trkpt>
    <trkpt lat="35.36864" lon="-120.24786"><ele>806.0</ele></trkpt>
    <trkpt lat="35.36869" lon="-120.24787"><ele>806.0</ele></trkpt>
    <trkpt lat="35.36874" lon="-120.24787"><ele>806.0</ele></trkpt>
    <trkpt lat="35.36879" lon="-120.24788"><ele>806.0</ele></trkpt>
    <trkpt lat="35.36884" lon="-120.24788"><ele>806.0</ele></trkpt>
    <trkpt lat="35.36889" lon="-120.24787"><ele>806.0</ele></trkpt>
    <trkpt lat="35.36895" lon="-120.24786"><ele>806.0</ele></trkpt>
    <trkpt lat="35.36899" lon="-120.24785"><ele>806.0</ele></trkpt>
    <trkpt lat="35.36900" lon="-120.24785"><ele>806.0</ele></trkpt>
    <trkpt lat="35.36906" lon="-120.24784"><ele>806.0</ele></trkpt>
    <trkpt lat="35.36912" lon="-120.24784"><ele>806.0</ele></trkpt>
    <trkpt lat="35.36919" lon="-120.24782"><ele>806.0</ele></trkpt>
    <trkpt lat="35.36924" lon="-120.24780"><ele>806.0</ele></trkpt>
    <trkpt lat="35.36930" lon="-120.24780"><ele>806.0</ele></trkpt>
    <trkpt lat="35.36936" lon="-120.24780"><ele>806.0</ele></trkpt>
    <trkpt lat="35.36941" lon="-120.24783"><ele>806.0</ele></trkpt>
    <trkpt lat="35.36944" lon="-120.24785"><ele>806.0</ele></trkpt>
    <trkpt lat="35.36946" lon="-120.24787"><ele>806.0</ele></trkpt>
    <trkpt lat="35.36950" lon="-120.24792"><ele>806.0</ele></trkpt>
    <trkpt lat="35.36954" lon="-120.24798"><ele>806.0</ele></trkpt>
    <trkpt lat="35.36958" lon="-120.24803"><ele>806.0</ele></trkpt>
    <trkpt lat="35.36961" lon="-120.24809"><ele>806.0</ele></trkpt>
    <trkpt lat="35.36966" lon="-120.24814"><ele>803.0</ele></trkpt>
    <trkpt lat="35.36970" lon="-120.24819"><ele>803.0</ele></trkpt>
    <trkpt lat="35.36974" lon="-120.24824"><ele>803.0</ele></trkpt>
    <trkpt lat="35.36979" lon="-120.24828"><ele>803.0</ele></trkpt>
    <trkpt lat="35.36985" lon="-120.24830"><ele>803.0</ele></trkpt>
    <trkpt lat="35.36991" lon="-120.24830"><ele>803.0</ele></trkpt>
    <trkpt lat="35.36997" lon="-120.24831"><ele>803.0</ele></trkpt>
    <trkpt lat="35.37003" lon="-120.24832"><ele>803.0</ele></trkpt>
    <trkpt lat="35.37009" lon="-120.24834"><ele>803.0</ele></trkpt>
    <trkpt lat="35.37016" lon="-120.24836"><ele>803.0</ele></trkpt>
    <trkpt lat="35.37021" lon="-120.24840"><ele>803.0</ele></trkpt>
    <trkpt lat="35.37027" lon="-120.24843"><ele>803.0</ele></trkpt>
    <trkpt lat="35.37033" lon="-120.24847"><ele>803.0</ele></trkpt>
    <trkpt lat="35.37039" lon="-120.24849"><ele>803.0</ele></trkpt>
    <trkpt lat="35.37044" lon="-120.24851"><ele>803.0</ele></trkpt>
    <trkpt lat="35.37050" lon="-120.24853"><ele>803.0</ele></trkpt>
    <trkpt lat="35.37056" lon="-120.24853"><ele>803.0</ele></trkpt>
    <trkpt lat="35.37061" lon="-120.24852"><ele>803.0</ele></trkpt>
    <trkpt lat="35.37067" lon="-120.24851"><ele>803.0</ele></trkpt>
    <trkpt lat="35.37073" lon="-120.24849"><ele>803.0</ele></trkpt>
    <trkpt lat="35.37079" lon="-120.24846"><ele>803.0</ele></trkpt>
    <trkpt lat="35.37084" lon="-120.24842"><ele>803.0</ele></trkpt>
    <trkpt lat="35.37089" lon="-120.24838"><ele>803.0</ele></trkpt>
    <trkpt lat="35.37094" lon="-120.24834"><ele>803.0</ele></trkpt>
    <trkpt lat="35.37099" lon="-120.24829"><ele>803.0</ele></trkpt>
    <trkpt lat="35.37104" lon="-120.24825"><ele>785.0</ele></trkpt>
    <trkpt lat="35.37110" lon="-120.24822"><ele>785.0</ele></trkpt>
    <trkpt lat="35.37115" lon="-120.24819"><ele>785.0</ele></trkpt>
    <trkpt lat="35.37121" lon="-120.24817"><ele>785.0</ele></trkpt>
    <trkpt lat="35.37127" lon="-120.24814"><ele>785.0</ele></trkpt>
    <trkpt lat="35.37133" lon="-120.24811"><ele>785.0</ele></trkpt>
    <trkpt lat="35.37139" lon="-120.24810"><ele>785.0</ele></trkpt>
    <trkpt lat="35.37145" lon="-120.24809"><ele>785.0</ele></trkpt>
    <trkpt lat="35.37151" lon="-120.24810"><ele>785.0</ele></trkpt>
    <trkpt lat="35.37157" lon="-120.24810"><ele>785.0</ele></trkpt>
    <trkpt lat="35.37164" lon="-120.24811"><ele>785.0</ele></trkpt>
    <trkpt lat="35.37170" lon="-120.24810"><ele>785.0</ele></trkpt>
    <trkpt lat="35.37176" lon="-120.24809"><ele>785.0</ele></trkpt>
    <trkpt lat="35.37182" lon="-120.24807"><ele>785.0</ele></trkpt>
    <trkpt lat="35.37188" lon="-120.24805"><ele>785.0</ele></trkpt>
    <trkpt lat="35.37194" lon="-120.24803"><ele>785.0</ele></trkpt>
    <trkpt lat="35.37200" lon="-120.24800"><ele>785.0</ele></trkpt>
    <trkpt lat="35.37206" lon="-120.24798"><ele>785.0</ele></trkpt>
    <trkpt lat="35.37211" lon="-120.24796"><ele>785.0</ele></trkpt>
    <trkpt lat="35.37215" lon="-120.24793"><ele>785.0</ele></trkpt>
    <trkpt lat="35.37220" lon="-120.24791"><ele>785.0</ele></trkpt>
    <trkpt lat="35.37226" lon="-120.24788"><ele>785.0</ele></trkpt>
    <trkpt lat="35.37232" lon="-120.24787"><ele>785.0</ele></trkpt>
    <trkpt lat="35.37238" lon="-120.24787"><ele>785.0</ele></trkpt>
    <trkpt lat="35.37245" lon="-120.24788"><ele>778.0</ele></trkpt>
    <trkpt lat="35.37251" lon="-120.24789"><ele>778.0</ele></trkpt>
    <trkpt lat="35.37257" lon="-120.24790"><ele>778.0</ele></trkpt>
    <trkpt lat="35.37263" lon="-120.24793"><ele>778.0</ele></trkpt>
    <trkpt lat="35.37268" lon="-120.24796"><ele>778.0</ele></trkpt>
    <trkpt lat="35.37270" lon="-120.24796"><ele>778.0</ele></trkpt>
    <trkpt lat="35.37271" lon="-120.24798"><ele>778.0</ele></trkpt>
    <trkpt lat="35.37275" lon="-120.24802"><ele>778.0</ele></trkpt>
    <trkpt lat="35.37279" lon="-120.24808"><ele>778.0</ele></trkpt>
    <trkpt lat="35.37282" lon="-120.24813"><ele>778.0</ele></trkpt>
    <trkpt lat="35.37286" lon="-120.24817"><ele>778.0</ele></trkpt>
    <trkpt lat="35.37291" lon="-120.24821"><ele>778.0</ele></trkpt>
    <trkpt lat="35.37295" lon="-120.24825"><ele>778.0</ele></trkpt>
    <trkpt lat="35.37300" lon="-120.24829"><ele>778.0</ele></trkpt>
    <trkpt lat="35.37304" lon="-120.24833"><ele>778.0</ele></trkpt>
    <trkpt lat="35.37307" lon="-120.24837"><ele>778.0</ele></trkpt>
    <trkpt lat="35.37311" lon="-120.24841"><ele>778.0</ele></trkpt>
    <trkpt lat="35.37315" lon="-120.24847"><ele>778.0</ele></trkpt>
    <trkpt lat="35.37319" lon="-120.24852"><ele>778.0</ele></trkpt>
    <trkpt lat="35.37324" lon="-120.24857"><ele>778.0</ele></trkpt>
    <trkpt lat="35.37328" lon="-120.24863"><ele>778.0</ele></trkpt>
    <trkpt lat="35.37331" lon="-120.24868"><ele>778.0</ele></trkpt>
    <trkpt lat="35.37335" lon="-120.24874"><ele>778.0</ele></trkpt>
    <trkpt lat="35.37338" lon="-120.24879"><ele>778.0</ele></trkpt>
    <trkpt lat="35.37341" lon="-120.24885"><ele>778.0</ele></trkpt>
    <trkpt lat="35.37344" lon="-120.24890"><ele>771.0</ele></trkpt>
    <trkpt lat="35.37348" lon="-120.24895"><ele>771.0</ele></trkpt>
    <trkpt lat="35.37352" lon="-120.24900"><ele>771.0</ele></trkpt>
    <trkpt lat="35.37356" lon="-120.24905"><ele>771.0</ele></trkpt>
    <trkpt lat="35.37361" lon="-120.24909"><ele>771.0</ele></trkpt>
    <trkpt lat="35.37365" lon="-120.24914"><ele>771.0</ele></trkpt>
    <trkpt lat="35.37369" lon="-120.24918"><ele>771.0</ele></trkpt>
    <trkpt lat="35.37373" lon="-120.24923"><ele>771.0</ele></trkpt>
    <trkpt lat="35.37377" lon="-120.24927"><ele>771.0</ele></trkpt>
    <trkpt lat="35.37381" lon="-120.24931"><ele>771.0</ele></trkpt>
    <trkpt lat="35.37384" lon="-120.24935"><ele>771.0</ele></trkpt>
    <trkpt lat="35.37388" lon="-120.24940"><ele>771.0</ele></trkpt>
    <trkpt lat="35.37392" lon="-120.24943"><ele>771.0</ele></trkpt>
    <trkpt lat="35.37396" lon="-120.24946"><ele>771.0</ele></trkpt>
    <trkpt lat="35.37400" lon="-120.24950"><ele>771.0</ele></trkpt>
    <trkpt lat="35.37404" lon="-120.24954"><ele>771.0</ele></trkpt>
    <trkpt lat="35.37404" lon="-120.24953"><ele>771.0</ele></trkpt>
    <trkpt lat="35.37407" lon="-120.24957"><ele>771.0</ele></trkpt>
    <trkpt lat="35.37411" lon="-120.24963"><ele>771.0</ele></trkpt>
    <trkpt lat="35.37416" lon="-120.24967"><ele>771.0</ele></trkpt>
    <trkpt lat="35.37421" lon="-120.24971"><ele>771.0</ele></trkpt>
    <trkpt lat="35.37426" lon="-120.24976"><ele>771.0</ele></trkpt>
    <trkpt lat="35.37431" lon="-120.24981"><ele>771.0</ele></trkpt>
    <trkpt lat="35.37436" lon="-120.24986"><ele>771.0</ele></trkpt>
    <trkpt lat="35.37441" lon="-120.24991"><ele>771.0</ele></trkpt>
    <trkpt lat="35.37446" lon="-120.24996"><ele>769.0</ele></trkpt>
    <trkpt lat="35.37451" lon="-120.25001"><ele>769.0</ele></trkpt>
    <trkpt lat="35.37454" lon="-120.25007"><ele>769.0</ele></trkpt>
    <trkpt lat="35.37456" lon="-120.25014"><ele>769.0</ele></trkpt>
    <trkpt lat="35.37458" lon="-120.25021"><ele>769.0</ele></trkpt>
    <trkpt lat="35.37460" lon="-120.25029"><ele>769.0</ele></trkpt>
    <trkpt lat="35.37461" lon="-120.25037"><ele>769.0</ele></trkpt>
    <trkpt lat="35.37463" lon="-120.25045"><ele>769.0</ele></trkpt>
    <trkpt lat="35.37464" lon="-120.25053"><ele>769.0</ele></trkpt>
    <trkpt lat="35.37464" lon="-120.25061"><ele>769.0</ele></trkpt>
    <trkpt lat="35.37465" lon="-120.25068"><ele>769.0</ele></trkpt>
    <trkpt lat="35.37466" lon="-120.25073"><ele>769.0</ele></trkpt>
    <trkpt lat="35.37467" lon="-120.25078"><ele>769.0</ele></trkpt>
    <trkpt lat="35.37467" lon="-120.25082"><ele>769.0</ele></trkpt>
    <trkpt lat="35.37468" lon="-120.25087"><ele>769.0</ele></trkpt>
    <trkpt lat="35.37468" lon="-120.25090"><ele>769.0</ele></trkpt>
    <trkpt lat="35.37469" lon="-120.25091"><ele>769.0</ele></trkpt>
    <trkpt lat="35.37469" lon="-120.25096"><ele>769.0</ele></trkpt>
    <trkpt lat="35.37469" lon="-120.25101"><ele>769.0</ele></trkpt>
    <trkpt lat="35.37471" lon="-120.25107"><ele>769.0</ele></trkpt>
    <trkpt lat="35.37474" lon="-120.25112"><ele>769.0</ele></trkpt>
    <trkpt lat="35.37479" lon="-120.25118"><ele>769.0</ele></trkpt>
    <trkpt lat="35.37482" lon="-120.25123"><ele>769.0</ele></trkpt>
    <trkpt lat="35.37485" lon="-120.25130"><ele>769.0</ele></trkpt>
    <trkpt lat="35.37489" lon="-120.25135"><ele>774.0</ele></trkpt>
    <trkpt lat="35.37493" lon="-120.25139"><ele>774.0</ele></trkpt>
    <trkpt lat="35.37494" lon="-120.25140"><ele>774.0</ele></trkpt>
    <trkpt lat="35.37494" lon="-120.25140"><ele>774.0</ele></trkpt>
    <trkpt lat="35.37495" lon="-120.25142"><ele>774.0</ele></trkpt>
    <trkpt lat="35.37498" lon="-120.25148"><ele>774.0</ele></trkpt>
    <trkpt lat="35.37502" lon="-120.25153"><ele>774.0</ele></trkpt>
    <trkpt lat="35.37505" lon="-120.25158"><ele>774.0</ele></trkpt>
    <trkpt lat="35.37508" lon="-120.25164"><ele>774.0</ele></trkpt>
    <trkpt lat="35.37510" lon="-120.25166"><ele>774.0</ele></trkpt>
    <trkpt lat="35.37509" lon="-120.25169"><ele>774.0</ele></trkpt>
    <trkpt lat="35.37509" lon="-120.25176"><ele>774.0</ele></trkpt>
    <trkpt lat="35.37509" lon="-120.25184"><ele>774.0</ele></trkpt>
    <trkpt lat="35.37507" lon="-120.25193"><ele>774.0</ele></trkpt>
    <trkpt lat="35.37505" lon="-120.25200"><ele>774.0</ele></trkpt>
    <trkpt lat="35.37503" lon="-120.25207"><ele>774.0</ele></trkpt>
    <trkpt lat="35.37501" lon="-120.25214"><ele>774.0</ele></trkpt>
    <trkpt lat="35.37499" lon="-120.25219"><ele>774.0</ele></trkpt>
    <trkpt lat="35.37497" lon="-120.25224"><ele>774.0</ele></trkpt>
    <trkpt lat="35.37495" lon="-120.25229"><ele>774.0</ele></trkpt>
    <trkpt lat="35.37492" lon="-120.25233"><ele>774.0</ele></trkpt>
    <trkpt lat="35.37491" lon="-120.25238"><ele>774.0</ele></trkpt>
    <trkpt lat="35.37491" lon="-120.25241"><ele>774.0</ele></trkpt>
    <trkpt lat="35.37492" lon="-120.25245"><ele>774.0</ele></trkpt>
    <trkpt lat="35.37495" lon="-120.25250"><ele>774.0</ele></trkpt>
    <trkpt lat="35.37499" lon="-120.25254"><ele>770.0</ele></trkpt>
    <trkpt lat="35.37505" lon="-120.25257"><ele>770.0</ele></trkpt>
    <trkpt lat="35.37510" lon="-120.25261"><ele>770.0</ele></trkpt>
    <trkpt lat="35.37516" lon="-120.25265"><ele>770.0</ele></trkpt>
    <trkpt lat="35.37522" lon="-120.25269"><ele>770.0</ele></trkpt>
    <trkpt lat="35.37527" lon="-120.25274"><ele>770.0</ele></trkpt>
    <trkpt lat="35.37532" lon="-120.25278"><ele>770.0</ele></trkpt>
    <trkpt lat="35.37538" lon="-120.25283"><ele>770.0</ele></trkpt>
    <trkpt lat="35.37544" lon="-120.25288"><ele>770.0</ele></trkpt>
    <trkpt lat="35.37549" lon="-120.25293"><ele>770.0</ele></trkpt>
    <trkpt lat="35.37553" lon="-120.25299"><ele>770.0</ele></trkpt>
    <trkpt lat="35.37558" lon="-120.25305"><ele>770.0</ele></trkpt>
    <trkpt lat="35.37562" lon="-120.25311"><ele>770.0</ele></trkpt>
    <trkpt lat="35.37568" lon="-120.25316"><ele>770.0</ele></trkpt>
    <trkpt lat="35.37574" lon="-120.25322"><ele>770.0</ele></trkpt>
    <trkpt lat="35.37579" lon="-120.25328"><ele>770.0</ele></trkpt>
    <trkpt lat="35.37582" lon="-120.25335"><ele>770.0</ele></trkpt>
    <trkpt lat="35.37586" lon="-120.25340"><ele>770.0</ele></trkpt>
    <trkpt lat="35.37589" lon="-120.25345"><ele>770.0</ele></trkpt>
    <trkpt lat="35.37591" lon="-120.25350"><ele>770.0</ele></trkpt>
    <trkpt lat="35.37594" lon="-120.25354"><ele>770.0</ele></trkpt>
    <trkpt lat="35.37597" lon="-120.25357"><ele>770.0</ele></trkpt>
    <trkpt lat="35.37599" lon="-120.25359"><ele>770.0</ele></trkpt>
    <trkpt lat="35.37600" lon="-120.25360"><ele>770.0</ele></trkpt>
    <trkpt lat="35.37604" lon="-120.25364"><ele>770.0</ele></trkpt>
    <trkpt lat="35.37609" lon="-120.25369"><ele>786.0</ele></trkpt>
    <trkpt lat="35.37614" lon="-120.25374"><ele>786.0</ele></trkpt>
    <trkpt lat="35.37619" lon="-120.25379"><ele>786.0</ele></trkpt>
    <trkpt lat="35.37624" lon="-120.25384"><ele>786.0</ele></trkpt>
    <trkpt lat="35.37630" lon="-120.25390"><ele>786.0</ele></trkpt>
    <trkpt lat="35.37635" lon="-120.25395"><ele>786.0</ele></trkpt>
    <trkpt lat="35.37639" lon="-120.25400"><ele>786.0</ele></trkpt>
    <trkpt lat="35.37644" lon="-120.25405"><ele>786.0</ele></trkpt>
    <trkpt lat="35.37649" lon="-120.25412"><ele>786.0</ele></trkpt>
    <trkpt lat="35.37653" lon="-120.25417"><ele>786.0</ele></trkpt>
    <trkpt lat="35.37658" lon="-120.25423"><ele>786.0</ele></trkpt>
    <trkpt lat="35.37662" lon="-120.25430"><ele>786.0</ele></trkpt>
    <trkpt lat="35.37667" lon="-120.25436"><ele>786.0</ele></trkpt>
    <trkpt lat="35.37672" lon="-120.25441"><ele>786.0</ele></trkpt>
    <trkpt lat="35.37677" lon="-120.25447"><ele>786.0</ele></trkpt>
    <trkpt lat="35.37681" lon="-120.25450"><ele>786.0</ele></trkpt>
    <trkpt lat="35.37684" lon="-120.25453"><ele>786.0</ele></trkpt>
    <trkpt lat="35.37688" lon="-120.25456"><ele>786.0</ele></trkpt>
    <trkpt lat="35.37692" lon="-120.25458"><ele>786.0</ele></trkpt>
    <trkpt lat="35.37697" lon="-120.25456"><ele>786.0</ele></trkpt>
    <trkpt lat="35.37698" lon="-120.25454"><ele>786.0</ele></trkpt>
    <trkpt lat="35.37701" lon="-120.25452"><ele>786.0</ele></trkpt>
    <trkpt lat="35.37707" lon="-120.25448"><ele>786.0</ele></trkpt>
    <trkpt lat="35.37711" lon="-120.25444"><ele>786.0</ele></trkpt>
    <trkpt lat="35.37715" lon="-120.25440"><ele>786.0</ele></trkpt>
    <trkpt lat="35.37718" lon="-120.25436"><ele>774.0</ele></trkpt>
    <trkpt lat="35.37719" lon="-120.25436"><ele>774.0</ele></trkpt>
    <trkpt lat="35.37723" lon="-120.25431"><ele>774.0</ele></trkpt>
    <trkpt lat="35.37728" lon="-120.25427"><ele>774.0</ele></trkpt>
    <trkpt lat="35.37732" lon="-120.25422"><ele>774.0</ele></trkpt>
    <trkpt lat="35.37733" lon="-120.25421"><ele>774.0</ele></trkpt>
    <trkpt lat="35.37734" lon="-120.25420"><ele>774.0</ele></trkpt>
    <trkpt lat="35.37734" lon="-120.25420"><ele>774.0</ele></trkpt>
    <trkpt lat="35.37734" lon="-120.25420"><ele>774.0</ele></trkpt>
    <trkpt lat="35.37732" lon="-120.25426"><ele>774.0</ele></trkpt>
    <trkpt lat="35.37730" lon="-120.25433"><ele>774.0</ele></trkpt>
    <trkpt lat="35.37727" lon="-120.25440"><ele>774.0</ele></trkpt>
    <trkpt lat="35.37725" lon="-120.25447"><ele>774.0</ele></trkpt>
    <trkpt lat="35.37724" lon="-120.25455"><ele>774.0</ele></trkpt>
    <trkpt lat="35.37722" lon="-120.25461"><ele>774.0</ele></trkpt>
    <trkpt lat="35.37721" lon="-120.25468"><ele>774.0</ele></trkpt>
    <trkpt lat="35.37720" lon="-120.25475"><ele>774.0</ele></trkpt>
    <trkpt lat="35.37718" lon="-120.25482"><ele>774.0</ele></trkpt>
    <trkpt lat="35.37714" lon="-120.25488"><ele>774.0</ele></trkpt>
    <trkpt lat="35.37711" lon="-120.25493"><ele>774.0</ele></trkpt>
    <trkpt lat="35.37707" lon="-120.25498"><ele>774.0</ele></trkpt>
    <trkpt lat="35.37703" lon="-120.25502"><ele>774.0</ele></trkpt>
    <trkpt lat="35.37699" lon="-120.25507"><ele>774.0</ele></trkpt>
    <trkpt lat="35.37697" lon="-120.25510"><ele>774.0</ele></trkpt>
    <trkpt lat="35.37696" lon="-120.25511"><ele>779.0</ele></trkpt>
    <trkpt lat="35.37696" lon="-120.25512"><ele>779.0</ele></trkpt>
    <trkpt lat="35.37696" lon="-120.25513"><ele>779.0</ele></trkpt>
    <trkpt lat="35.37698" lon="-120.25519"><ele>779.0</ele></trkpt>
    <trkpt lat="35.37701" lon="-120.25525"><ele>779.0</ele></trkpt>
    <trkpt lat="35.37705" lon="-120.25530"><ele>779.0</ele></trkpt>
    <trkpt lat="35.37708" lon="-120.25536"><ele>779.0</ele></trkpt>
    <trkpt lat="35.37712" lon="-120.25543"><ele>779.0</ele></trkpt>
    <trkpt lat="35.37715" lon="-120.25549"><ele>779.0</ele></trkpt>
    <trkpt lat="35.37717" lon="-120.25555"><ele>779.0</ele></trkpt>
    <trkpt lat="35.37719" lon="-120.25562"><ele>779.0</ele></trkpt>
    <trkpt lat="35.37721" lon="-120.25568"><ele>779.0</ele></trkpt>
    <trkpt lat="35.37722" lon="-120.25575"><ele>779.0</ele></trkpt>
    <trkpt lat="35.37724" lon="-120.25582"><ele>779.0</ele></trkpt>
    <trkpt lat="35.37726" lon="-120.25589"><ele>779.0</ele></trkpt>
    <trkpt lat="35.37728" lon="-120.25594"><ele>779.0</ele></trkpt>
    <trkpt lat="35.37732" lon="-120.25598"><ele>779.0</ele></trkpt>
    <trkpt lat="35.37734" lon="-120.25599"><ele>779.0</ele></trkpt>
    <trkpt lat="35.37736" lon="-120.25600"><ele>779.0</ele></trkpt>
    <trkpt lat="35.37740" lon="-120.25602"><ele>779.0</ele></trkpt>
    <trkpt lat="35.37745" lon="-120.25603"><ele>779.0</ele></trkpt>
    <trkpt lat="35.37749" lon="-120.25604"><ele>779.0</ele></trkpt>
    <trkpt lat="35.37755" lon="-120.25607"><ele>779.0</ele></trkpt>
    <trkpt lat="35.37760" lon="-120.25609"><ele>779.0</ele></trkpt>
    <trkpt lat="35.37765" lon="-120.25613"><ele>779.0</ele></trkpt>
    <trkpt lat="35.37768" lon="-120.25616"><ele>762.0</ele></trkpt>
    <trkpt lat="35.37774" lon="-120.25620"><ele>762.0</ele></trkpt>
    <trkpt lat="35.37778" lon="-120.25625"><ele>762.0</ele></trkpt>
    <trkpt lat="35.37781" lon="-120.25630"><ele>762.0</ele></trkpt>
    <trkpt lat="35.37785" lon="-120.25637"><ele>762.0</ele></trkpt>
    <trkpt lat="35.37788" lon="-120.25644"><ele>762.0</ele></trkpt>
    <trkpt lat="35.37791" lon="-120.25650"><ele>762.0</ele></trkpt>
    <trkpt lat="35.37794" lon="-120.25655"><ele>762.0</ele></trkpt>
    <trkpt lat="35.37798" lon="-120.25661"><ele>762.0</ele></trkpt>
    <trkpt lat="35.37802" lon="-120.25667"><ele>762.0</ele></trkpt>
    <trkpt lat="35.37807" lon="-120.25672"><ele>762.0</ele></trkpt>
    <trkpt lat="35.37811" lon="-120.25677"><ele>762.0</ele></trkpt>
    <trkpt lat="35.37815" lon="-120.25681"><ele>762.0</ele></trkpt>
    <trkpt lat="35.37819" lon="-120.25686"><ele>762.0</ele></trkpt>
    <trkpt lat="35.37822" lon="-120.25692"><ele>762.0</ele></trkpt>
    <trkpt lat="35.37824" lon="-120.25699"><ele>762.0</ele></trkpt>
    <trkpt lat="35.37826" lon="-120.25706"><ele>762.0</ele></trkpt>
    <trkpt lat="35.37828" lon="-120.25713"><ele>762.0</ele></trkpt>
    <trkpt lat="35.37829" lon="-120.25720"><ele>762.0</ele></trkpt>
    <trkpt lat="35.37831" lon="-120.25727"><ele>762.0</ele></trkpt>
    <trkpt lat="35.37832" lon="-120.25733"><ele>762.0</ele></trkpt>
    <trkpt lat="35.37834" lon="-120.25739"><ele>762.0</ele></trkpt>
    <trkpt lat="35.37836" lon="-120.25746"><ele>762.0</ele></trkpt>
    <trkpt lat="35.37837" lon="-120.25752"><ele>762.0</ele></trkpt>
    <trkpt lat="35.37839" lon="-120.25759"><ele>762.0</ele></trkpt>
    <trkpt lat="35.37841" lon="-120.25766"><ele>743.0</ele></trkpt>
    <trkpt lat="35.37840" lon="-120.25770"><ele>743.0</ele></trkpt>
    <trkpt lat="35.37840" lon="-120.25774"><ele>743.0</ele></trkpt>
    <trkpt lat="35.37839" lon="-120.25779"><ele>743.0</ele></trkpt>
    <trkpt lat="35.37837" lon="-120.25785"><ele>743.0</ele></trkpt>
    <trkpt lat="35.37836" lon="-120.25790"><ele>743.0</ele></trkpt>
    <trkpt lat="35.37835" lon="-120.25795"><ele>743.0</ele></trkpt>
    <trkpt lat="35.37835" lon="-120.25800"><ele>743.0</ele></trkpt>
    <trkpt lat="35.37835" lon="-120.25805"><ele>743.0</ele></trkpt>
    <trkpt lat="35.37835" lon="-120.25812"><ele>743.0</ele></trkpt>
    <trkpt lat="35.37836" lon="-120.25819"><ele>743.0</ele></trkpt>
    <trkpt lat="35.37836" lon="-120.25823"><ele>743.0</ele></trkpt>
    <trkpt lat="35.37836" lon="-120.25828"><ele>743.0</ele></trkpt>
    <trkpt lat="35.37837" lon="-120.25833"><ele>743.0</ele></trkpt>
    <trkpt lat="35.37835" lon="-120.25839"><ele>743.0</ele></trkpt>
    <trkpt lat="35.37835" lon="-120.25845"><ele>743.0</ele></trkpt>
    <trkpt lat="35.37834" lon="-120.25850"><ele>743.0</ele></trkpt>
    <trkpt lat="35.37833" lon="-120.25855"><ele>743.0</ele></trkpt>
    <trkpt lat="35.37831" lon="-120.25860"><ele>743.0</ele></trkpt>
    <trkpt lat="35.37829" lon="-120.25865"><ele>743.0</ele></trkpt>
    <trkpt lat="35.37828" lon="-120.25871"><ele>743.0</ele></trkpt>
    <trkpt lat="35.37825" lon="-120.25877"><ele>743.0</ele></trkpt>
    <trkpt lat="35.37822" lon="-120.25882"><ele>743.0</ele></trkpt>
    <trkpt lat="35.37818" lon="-120.25889"><ele>743.0</ele></trkpt>
    <trkpt lat="35.37814" lon="-120.25895"><ele>731.0</ele></trkpt>
    <trkpt lat="35.37810" lon="-120.25899"><ele>731.0</ele></trkpt>
    <trkpt lat="35.37807" lon="-120.25905"><ele>731.0</ele></trkpt>
    <trkpt lat="35.37807" lon="-120.25912"><ele>731.0</ele></trkpt>
    <trkpt lat="35.37807" lon="-120.25919"><ele>731.0</ele></trkpt>
    <trkpt lat="35.37808" lon="-120.25925"><ele>731.0</ele></trkpt>
    <trkpt lat="35.37810" lon="-120.25931"><ele>731.0</ele></trkpt>
    <trkpt lat="35.37814" lon="-120.25936"><ele>731.0</ele></trkpt>
    <trkpt lat="35.37819" lon="-120.25940"><ele>731.0</ele></trkpt>
    <trkpt lat="35.37823" lon="-120.25942"><ele>731.0</ele></trkpt>
    <trkpt lat="35.37824" lon="-120.25943"><ele>731.0</ele></trkpt>
    <trkpt lat="35.37827" lon="-120.25944"><ele>731.0</ele></trkpt>
    <trkpt lat="35.37831" lon="-120.25944"><ele>731.0</ele></trkpt>
    <trkpt lat="35.37835" lon="-120.25945"><ele>731.0</ele></trkpt>
    <trkpt lat="35.37839" lon="-120.25946"><ele>731.0</ele></trkpt>
    <trkpt lat="35.37844" lon="-120.25947"><ele>731.0</ele></trkpt>
    <trkpt lat="35.37847" lon="-120.25948"><ele>731.0</ele></trkpt>
    <trkpt lat="35.37851" lon="-120.25949"><ele>731.0</ele></trkpt>
    <trkpt lat="35.37855" lon="-120.25951"><ele>731.0</ele></trkpt>
    <trkpt lat="35.37859" lon="-120.25953"><ele>731.0</ele></trkpt>
    <trkpt lat="35.37862" lon="-120.25955"><ele>731.0</ele></trkpt>
    <trkpt lat="35.37864" lon="-120.25957"><ele>731.0</ele></trkpt>
    <trkpt lat="35.37866" lon="-120.25960"><ele>731.0</ele></trkpt>
    <trkpt lat="35.37868" lon="-120.25963"><ele>731.0</ele></trkpt>
    <trkpt lat="35.37869" lon="-120.25966"><ele>731.0</ele></trkpt>
    <trkpt lat="35.37871" lon="-120.25970"><ele>717.0</ele></trkpt>
    <trkpt lat="35.37872" lon="-120.25975"><ele>717.0</ele></trkpt>
    <trkpt lat="35.37874" lon="-120.25981"><ele>717.0</ele></trkpt>
    <trkpt lat="35.37876" lon="-120.25987"><ele>717.0</ele></trkpt>
    <trkpt lat="35.37878" lon="-120.25993"><ele>717.0</ele></trkpt>
    <trkpt lat="35.37881" lon="-120.25999"><ele>717.0</ele></trkpt>
    <trkpt lat="35.37884" lon="-120.26005"><ele>717.0</ele></trkpt>
    <trkpt lat="35.37888" lon="-120.26009"><ele>717.0</ele></trkpt>
    <trkpt lat="35.37891" lon="-120.26012"><ele>717.0</ele></trkpt>
    <trkpt lat="35.37894" lon="-120.26014"><ele>717.0</ele></trkpt>
    <trkpt lat="35.37897" lon="-120.26018"><ele>717.0</ele></trkpt>
    <trkpt lat="35.37900" lon="-120.26022"><ele>717.0</ele></trkpt>
    <trkpt lat="35.37903" lon="-120.26026"><ele>717.0</ele></trkpt>
    <trkpt lat="35.37906" lon="-120.26032"><ele>717.0</ele></trkpt>
    <trkpt lat="35.37910" lon="-120.26037"><ele>717.0</ele></trkpt>
    <trkpt lat="35.37913" lon="-120.26042"><ele>717.0</ele></trkpt>
    <trkpt lat="35.37917" lon="-120.26047"><ele>717.0</ele></trkpt>
    <trkpt lat="35.37921" lon="-120.26052"><ele>717.0</ele></trkpt>
    <trkpt lat="35.37925" lon="-120.26054"><ele>717.0</ele></trkpt>
    <trkpt lat="35.37929" lon="-120.26057"><ele>717.0</ele></trkpt>
    <trkpt lat="35.37934" lon="-120.26059"><ele>717.0</ele></trkpt>
    <trkpt lat="35.37937" lon="-120.26064"><ele>717.0</ele></trkpt>
    <trkpt lat="35.37936" lon="-120.26070"><ele>717.0</ele></trkpt>
    <trkpt lat="35.37932" lon="-120.26074"><ele>717.0</ele></trkpt>
    <trkpt lat="35.37927" lon="-120.26075"><ele>717.0</ele></trkpt>
    <trkpt lat="35.37922" lon="-120.26075"><ele>712.0</ele></trkpt>
    <trkpt lat="35.37917" lon="-120.26077"><ele>712.0</ele></trkpt>
    <trkpt lat="35.37911" lon="-120.26078"><ele>712.0</ele></trkpt>
    <trkpt lat="35.37906" lon="-120.26079"><ele>712.0</ele></trkpt>
    <trkpt lat="35.37900" lon="-120.26078"><ele>712.0</ele></trkpt>
    <trkpt lat="35.37894" lon="-120.26078"><ele>712.0</ele></trkpt>
    <trkpt lat="35.37888" lon="-120.26078"><ele>712.0</ele></trkpt>
    <trkpt lat="35.37883" lon="-120.26077"><ele>712.0</ele></trkpt>
    <trkpt lat="35.37877" lon="-120.26076"><ele>712.0</ele></trkpt>
    <trkpt lat="35.37871" lon="-120.26075"><ele>712.0</ele></trkpt>
    <trkpt lat="35.37866" lon="-120.26073"><ele>712.0</ele></trkpt>
    <trkpt lat="35.37860" lon="-120.26070"><ele>712.0</ele></trkpt>
    <trkpt lat="35.37855" lon="-120.26067"><ele>712.0</ele></trkpt>
    <trkpt lat="35.37851" lon="-120.26064"><ele>712.0</ele></trkpt>
    <trkpt lat="35.37845" lon="-120.26061"><ele>712.0</ele></trkpt>
    <trkpt lat="35.37841" lon="-120.26058"><ele>712.0</ele></trkpt>
    <trkpt lat="35.37838" lon="-120.26056"><ele>712.0</ele></trkpt>
    <trkpt lat="35.37834" lon="-120.26055"><ele>712.0</ele></trkpt>
    <trkpt lat="35.37829" lon="-120.26057"><ele>712.0</ele></trkpt>
    <trkpt lat="35.37826" lon="-120.26060"><ele>712.0</ele></trkpt>
    <trkpt lat="35.37826" lon="-120.26066"><ele>712.0</ele></trkpt>
    <trkpt lat="35.37826" lon="-120.26068"><ele>712.0</ele></trkpt>
    <trkpt lat="35.37827" lon="-120.26070"><ele>712.0</ele></trkpt>
    <trkpt lat="35.37827" lon="-120.26072"><ele>712.0</ele></trkpt>
    <trkpt lat="35.37829" lon="-120.26076"><ele>706.0</ele></trkpt>
    <trkpt lat="35.37830" lon="-120.26082"><ele>706.0</ele></trkpt>
    <trkpt lat="35.37830" lon="-120.26087"><ele>706.0</ele></trkpt>
    <trkpt lat="35.37830" lon="-120.26088"><ele>706.0</ele></trkpt>
    <trkpt lat="35.37829" lon="-120.26090"><ele>706.0</ele></trkpt>
    <trkpt lat="35.37827" lon="-120.26095"><ele>706.0</ele></trkpt>
    <trkpt lat="35.37825" lon="-120.26099"><ele>706.0</ele></trkpt>
    <trkpt lat="35.37821" lon="-120.26104"><ele>706.0</ele></trkpt>
    <trkpt lat="35.37817" lon="-120.26109"><ele>706.0</ele></trkpt>
    <trkpt lat="35.37815" lon="-120.26115"><ele>706.0</ele></trkpt>
    <trkpt lat="35.37816" lon="-120.26122"><ele>706.0</ele></trkpt>
    <trkpt lat="35.37819" lon="-120.26126"><ele>706.0</ele></trkpt>
    <trkpt lat="35.37823" lon="-120.26130"><ele>706.0</ele></trkpt>
    <trkpt lat="35.37828" lon="-120.26134"><ele>706.0</ele></trkpt>
    <trkpt lat="35.37832" lon="-120.26138"><ele>706.0</ele></trkpt>
    <trkpt lat="35.37836" lon="-120.26143"><ele>706.0</ele></trkpt>
    <trkpt lat="35.37841" lon="-120.26148"><ele>706.0</ele></trkpt>
    <trkpt lat="35.37845" lon="-120.26151"><ele>706.0</ele></trkpt>
    <trkpt lat="35.37850" lon="-120.26155"><ele>706.0</ele></trkpt>
    <trkpt lat="35.37856" lon="-120.26158"><ele>706.0</ele></trkpt>
    <trkpt lat="35.37861" lon="-120.26161"><ele>706.0</ele></trkpt>
    <trkpt lat="35.37867" lon="-120.26163"><ele>706.0</ele></trkpt>
    <trkpt lat="35.37872" lon="-120.26166"><ele>706.0</ele></trkpt>
    <trkpt lat="35.37878" lon="-120.26168"><ele>706.0</ele></trkpt>
    <trkpt lat="35.37883" lon="-120.26171"><ele>706.0</ele></trkpt>
    <trkpt lat="35.37887" lon="-120.26174"><ele>684.0</ele></trkpt>
    <trkpt lat="35.37892" lon="-120.26177"><ele>684.0</ele></trkpt>
    <trkpt lat="35.37896" lon="-120.26180"><ele>684.0</ele></trkpt>
    <trkpt lat="35.37900" lon="-120.26184"><ele>684.0</ele></trkpt>
    <trkpt lat="35.37903" lon="-120.26188"><ele>684.0</ele></trkpt>
    <trkpt lat="35.37906" lon="-120.26193"><ele>684.0</ele></trkpt>
    <trkpt lat="35.37908" lon="-120.26198"><ele>684.0</ele></trkpt>
    <trkpt lat="35.37911" lon="-120.26205"><ele>684.0</ele></trkpt>
    <trkpt lat="35.37914" lon="-120.26211"><ele>684.0</ele></trkpt>
    <trkpt lat="35.37916" lon="-120.26217"><ele>684.0</ele></trkpt>
    <trkpt lat="35.37919" lon="-120.26223"><ele>684.0</ele></trkpt>
    <trkpt lat="35.37924" lon="-120.26227"><ele>684.0</ele></trkpt>
    <trkpt lat="35.37929" lon="-120.26230"><ele>684.0</ele></trkpt>
    <trkpt lat="35.37932" lon="-120.26232"><ele>684.0</ele></trkpt>
    <trkpt lat="35.37936" lon="-120.26232"><ele>684.0</ele></trkpt>
    <trkpt lat="35.37941" lon="-120.26234"><ele>684.0</ele></trkpt>
    <trkpt lat="35.37947" lon="-120.26236"><ele>684.0</ele></trkpt>
    <trkpt lat="35.37953" lon="-120.26238"><ele>684.0</ele></trkpt>
    <trkpt lat="35.37959" lon="-120.26239"><ele>684.0</ele></trkpt>
    <trkpt lat="35.37965" lon="-120.26242"><ele>684.0</ele></trkpt>
    <trkpt lat="35.37970" lon="-120.26245"><ele>684.0</ele></trkpt>
    <trkpt lat="35.37975" lon="-120.26249"><ele>684.0</ele></trkpt>
    <trkpt lat="35.37979" lon="-120.26255"><ele>684.0</ele></trkpt>
    <trkpt lat="35.37983" lon="-120.26261"><ele>684.0</ele></trkpt>
    <trkpt lat="35.37986" lon="-120.26267"><ele>684.0</ele></trkpt>
    <trkpt lat="35.37990" lon="-120.26272"><ele>662.0</ele></trkpt>
    <trkpt lat="35.37993" lon="-120.26278"><ele>662.0</ele></trkpt>
    <trkpt lat="35.37997" lon="-120.26284"><ele>662.0</ele></trkpt>
    <trkpt lat="35.38000" lon="-120.26290"><ele>662.0</ele></trkpt>
    <trkpt lat="35.38004" lon="-120.26296"><ele>662.0</ele></trkpt>
    <trkpt lat="35.38008" lon="-120.26302"><ele>662.0</ele></trkpt>
    <trkpt lat="35.38012" lon="-120.26308"><ele>662.0</ele></trkpt>
    <trkpt lat="35.38016" lon="-120.26315"><ele>662.0</ele></trkpt>
    <trkpt lat="35.38020" lon="-120.26321"><ele>662.0</ele></trkpt>
    <trkpt lat="35.38022" lon="-120.26328"><ele>662.0</ele></trkpt>
    <trkpt lat="35.38025" lon="-120.26336"><ele>662.0</ele></trkpt>
    <trkpt lat="35.38026" lon="-120.26343"><ele>662.0</ele></trkpt>
    <trkpt lat="35.38028" lon="-120.26351"><ele>662.0</ele></trkpt>
    <trkpt lat="35.38029" lon="-120.26359"><ele>662.0</ele></trkpt>
    <trkpt lat="35.38030" lon="-120.26366"><ele>662.0</ele></trkpt>
    <trkpt lat="35.38031" lon="-120.26374"><ele>662.0</ele></trkpt>
    <trkpt lat="35.38031" lon="-120.26381"><ele>662.0</ele></trkpt>
    <trkpt lat="35.38032" lon="-120.26388"><ele>662.0</ele></trkpt>
    <trkpt lat="35.38032" lon="-120.26395"><ele>662.0</ele></trkpt>
    <trkpt lat="35.38031" lon="-120.26403"><ele>662.0</ele></trkpt>
    <trkpt lat="35.38030" lon="-120.26410"><ele>662.0</ele></trkpt>
    <trkpt lat="35.38029" lon="-120.26417"><ele>662.0</ele></trkpt>
    <trkpt lat="35.38029" lon="-120.26424"><ele>662.0</ele></trkpt>
    <trkpt lat="35.38028" lon="-120.26430"><ele>662.0</ele></trkpt>
    <trkpt lat="35.38028" lon="-120.26437"><ele>662.0</ele></trkpt>
    <trkpt lat="35.38027" lon="-120.26444"><ele>659.0</ele></trkpt>
    <trkpt lat="35.38027" lon="-120.26451"><ele>659.0</ele></trkpt>
    <trkpt lat="35.38028" lon="-120.26459"><ele>659.0</ele></trkpt>
    <trkpt lat="35.38028" lon="-120.26466"><ele>659.0</ele></trkpt>
    <trkpt lat="35.38028" lon="-120.26474"><ele>659.0</ele></trkpt>
    <trkpt lat="35.38028" lon="-120.26480"><ele>659.0</ele></trkpt>
    <trkpt lat="35.38028" lon="-120.26484"><ele>659.0</ele></trkpt>
    <trkpt lat="35.38027" lon="-120.26487"><ele>659.0</ele></trkpt>
    <trkpt lat="35.38025" lon="-120.26493"><ele>659.0</ele></trkpt>
    <trkpt lat="35.38024" lon="-120.26497"><ele>659.0</ele></trkpt>
    <trkpt lat="35.38021" lon="-120.26501"><ele>659.0</ele></trkpt>
    <trkpt lat="35.38018" lon="-120.26504"><ele>659.0</ele></trkpt>
    <trkpt lat="35.38015" lon="-120.26507"><ele>659.0</ele></trkpt>
    <trkpt lat="35.38011" lon="-120.26509"><ele>659.0</ele></trkpt>
    <trkpt lat="35.38006" lon="-120.26512"><ele>659.0</ele></trkpt>
    <trkpt lat="35.38002" lon="-120.26514"><ele>659.0</ele></trkpt>
    <trkpt lat="35.37998" lon="-120.26517"><ele>659.0</ele></trkpt>
    <trkpt lat="35.37995" lon="-120.26519"><ele>659.0</ele></trkpt>
    <trkpt lat="35.37991" lon="-120.26521"><ele>659.0</ele></trkpt>
    <trkpt lat="35.37991" lon="-120.26521"><ele>659.0</ele></trkpt>
    <trkpt lat="35.37990" lon="-120.26522"><ele>659.0</ele></trkpt>
    <trkpt lat="35.37987" lon="-120.26523"><ele>659.0</ele></trkpt>
    <trkpt lat="35.37985" lon="-120.26524"><ele>659.0</ele></trkpt>
    <trkpt lat="35.37982" lon="-120.26526"><ele>659.0</ele></trkpt>
    <trkpt lat="35.37980" lon="-120.26528"><ele>659.0</ele></trkpt>
    <trkpt lat="35.37978" lon="-120.26531"><ele>659.0</ele></trkpt>
    <trkpt lat="35.37977" lon="-120.26534"><ele>659.0</ele></trkpt>
    <trkpt lat="35.37977" lon="-120.26534"><ele>659.0</ele></trkpt>
    <trkpt lat="35.37977" lon="-120.26536"><ele>659.0</ele></trkpt>
    <trkpt lat="35.37977" lon="-120.26538"><ele>659.0</ele></trkpt>
    <trkpt lat="35.37979" lon="-120.26542"><ele>659.0</ele></trkpt>
    <trkpt lat="35.37981" lon="-120.26547"><ele>659.0</ele></trkpt>
    <trkpt lat="35.37983" lon="-120.26551"><ele>659.0</ele></trkpt>
    <trkpt lat="35.37985" lon="-120.26555"><ele>659.0</ele></trkpt>
    <trkpt lat="35.37987" lon="-120.26561"><ele>659.0</ele></trkpt>
    <trkpt lat="35.37990" lon="-120.26566"><ele>659.0</ele></trkpt>
    <trkpt lat="35.37993" lon="-120.26572"><ele>659.0</ele></trkpt>
    <trkpt lat="35.37995" lon="-120.26577"><ele>659.0</ele></trkpt>
    <trkpt lat="35.37998" lon="-120.26583"><ele>659.0</ele></trkpt>
    <trkpt lat="35.38001" lon="-120.26589"><ele>659.0</ele></trkpt>
    <trkpt lat="35.38004" lon="-120.26595"><ele>659.0</ele></trkpt>
    <trkpt lat="35.38006" lon="-120.26601"><ele>659.0</ele></trkpt>
    <trkpt lat="35.38009" lon="-120.26607"><ele>659.0</ele></trkpt>
    <trkpt lat="35.38012" lon="-120.26613"><ele>659.0</ele></trkpt>
    <trkpt lat="35.38015" lon="-120.26619"><ele>659.0</ele></trkpt>
    <trkpt lat="35.38018" lon="-120.26625"><ele>659.0</ele></trkpt>
    <trkpt lat="35.38021" lon="-120.26630"><ele>659.0</ele></trkpt>
    <trkpt lat="35.38023" lon="-120.26633"><ele>659.0</ele></trkpt>
    <trkpt lat="35.38026" lon="-120.26635"><ele>659.0</ele></trkpt>
    <trkpt lat="35.38027" lon="-120.26637"><ele>650.0</ele></trkpt>
    <trkpt lat="35.38033" lon="-120.26640"><ele>650.0</ele></trkpt>
    <trkpt lat="35.38039" lon="-120.26642"><ele>650.0</ele></trkpt>
    <trkpt lat="35.38045" lon="-120.26643"><ele>650.0</ele></trkpt>
    <trkpt lat="35.38050" lon="-120.26643"><ele>650.0</ele></trkpt>
    <trkpt lat="35.38056" lon="-120.26643"><ele>650.0</ele></trkpt>
    <trkpt lat="35.38061" lon="-120.26644"><ele>650.0</ele></trkpt>
    <trkpt lat="35.38066" lon="-120.26643"><ele>650.0</ele></trkpt>
    <trkpt lat="35.38072" lon="-120.26642"><ele>650.0</ele></trkpt>
    <trkpt lat="35.38078" lon="-120.26640"><ele>650.0</ele></trkpt>
    <trkpt lat="35.38084" lon="-120.26636"><ele>650.0</ele></trkpt>
    <trkpt lat="35.38090" lon="-120.26633"><ele>650.0</ele></trkpt>
    <trkpt lat="35.38096" lon="-120.26629"><ele>650.0</ele></trkpt>
    <trkpt lat="35.38102" lon="-120.26626"><ele>650.0</ele></trkpt>
    <trkpt lat="35.38107" lon="-120.26624"><ele>650.0</ele></trkpt>
    <trkpt lat="35.38113" lon="-120.26622"><ele>650.0</ele></trkpt>
    <trkpt lat="35.38119" lon="-120.26619"><ele>650.0</ele></trkpt>
    <trkpt lat="35.38125" lon="-120.26617"><ele>650.0</ele></trkpt>
    <trkpt lat="35.38130" lon="-120.26615"><ele>650.0</ele></trkpt>
    <trkpt lat="35.38133" lon="-120.26614"><ele>650.0</ele></trkpt>
    <trkpt lat="35.38137" lon="-120.26611"><ele>650.0</ele></trkpt>
    <trkpt lat="35.38140" lon="-120.26608"><ele>650.0</ele></trkpt>
    <trkpt lat="35.38143" lon="-120.26604"><ele>650.0</ele></trkpt>
    <trkpt lat="35.38146" lon="-120.26600"><ele>650.0</ele></trkpt>
    <trkpt lat="35.38149" lon="-120.26598"><ele>650.0</ele></trkpt>
    <trkpt lat="35.38153" lon="-120.26597"><ele>651.0</ele></trkpt>
    <trkpt lat="35.38154" lon="-120.26598"><ele>651.0</ele></trkpt>
    <trkpt lat="35.38157" lon="-120.26599"><ele>651.0</ele></trkpt>
    <trkpt lat="35.38162" lon="-120.26601"><ele>651.0</ele></trkpt>
    <trkpt lat="35.38166" lon="-120.26603"><ele>651.0</ele></trkpt>
    <trkpt lat="35.38171" lon="-120.26605"><ele>651.0</ele></trkpt>
    <trkpt lat="35.38175" lon="-120.26605"><ele>651.0</ele></trkpt>
    <trkpt lat="35.38180" lon="-120.26605"><ele>651.0</ele></trkpt>
    <trkpt lat="35.38186" lon="-120.26605"><ele>651.0</ele></trkpt>
    <trkpt lat="35.38192" lon="-120.26604"><ele>651.0</ele></trkpt>
    <trkpt lat="35.38198" lon="-120.26604"><ele>651.0</ele></trkpt>
    <trkpt lat="35.38204" lon="-120.26604"><ele>651.0</ele></trkpt>
    <trkpt lat="35.38209" lon="-120.26605"><ele>651.0</ele></trkpt>
    <trkpt lat="35.38214" lon="-120.26607"><ele>651.0</ele></trkpt>
    <trkpt lat="35.38219" lon="-120.26610"><ele>651.0</ele></trkpt>
    <trkpt lat="35.38224" lon="-120.26613"><ele>651.0</ele></trkpt>
    <trkpt lat="35.38229" lon="-120.26617"><ele>651.0</ele></trkpt>
    <trkpt lat="35.38233" lon="-120.26622"><ele>651.0</ele></trkpt>
    <trkpt lat="35.38236" lon="-120.26627"><ele>651.0</ele></trkpt>
    <trkpt lat="35.38239" lon="-120.26633"><ele>651.0</ele></trkpt>
    <trkpt lat="35.38240" lon="-120.26637"><ele>651.0</ele></trkpt>
    <trkpt lat="35.38241" lon="-120.26642"><ele>651.0</ele></trkpt>
    <trkpt lat="35.38241" lon="-120.26645"><ele>651.0</ele></trkpt>
    <trkpt lat="35.38242" lon="-120.26647"><ele>651.0</ele></trkpt>
    <trkpt lat="35.38244" lon="-120.26654"><ele>645.0</ele></trkpt>
    <trkpt lat="35.38247" lon="-120.26662"><ele>645.0</ele></trkpt>
    <trkpt lat="35.38249" lon="-120.26669"><ele>645.0</ele></trkpt>
    <trkpt lat="35.38251" lon="-120.26676"><ele>645.0</ele></trkpt>
    <trkpt lat="35.38253" lon="-120.26683"><ele>645.0</ele></trkpt>
    <trkpt lat="35.38254" lon="-120.26689"><ele>645.0</ele></trkpt>
    <trkpt lat="35.38257" lon="-120.26696"><ele>645.0</ele></trkpt>
    <trkpt lat="35.38259" lon="-120.26702"><ele>645.0</ele></trkpt>
    <trkpt lat="35.38261" lon="-120.26709"><ele>645.0</ele></trkpt>
    <trkpt lat="35.38262" lon="-120.26716"><ele>645.0</ele></trkpt>
    <trkpt lat="35.38262" lon="-120.26723"><ele>645.0</ele></trkpt>
    <trkpt lat="35.38262" lon="-120.26730"><ele>645.0</ele></trkpt>
    <trkpt lat="35.38262" lon="-120.26737"><ele>645.0</ele></trkpt>
    <trkpt lat="35.38263" lon="-120.26744"><ele>645.0</ele></trkpt>
    <trkpt lat="35.38265" lon="-120.26751"><ele>645.0</ele></trkpt>
    <trkpt lat="35.38268" lon="-120.26758"><ele>645.0</ele></trkpt>
    <trkpt lat="35.38272" lon="-120.26763"><ele>645.0</ele></trkpt>
    <trkpt lat="35.38277" lon="-120.26768"><ele>645.0</ele></trkpt>
    <trkpt lat="35.38282" lon="-120.26772"><ele>645.0</ele></trkpt>
    <trkpt lat="35.38287" lon="-120.26776"><ele>645.0</ele></trkpt>
    <trkpt lat="35.38293" lon="-120.26780"><ele>645.0</ele></trkpt>
    <trkpt lat="35.38298" lon="-120.26783"><ele>645.0</ele></trkpt>
    <trkpt lat="35.38303" lon="-120.26786"><ele>645.0</ele></trkpt>
    <trkpt lat="35.38309" lon="-120.26790"><ele>645.0</ele></trkpt>
    <trkpt lat="35.38314" lon="-120.26793"><ele>645.0</ele></trkpt>
    <trkpt lat="35.38319" lon="-120.26796"><ele>644.0</ele></trkpt>
    <trkpt lat="35.38324" lon="-120.26800"><ele>644.0</ele></trkpt>
    <trkpt lat="35.38328" lon="-120.26805"><ele>644.0</ele></trkpt>
    <trkpt lat="35.38333" lon="-120.26809"><ele>644.0</ele></trkpt>
    <trkpt lat="35.38338" lon="-120.26813"><ele>644.0</ele></trkpt>
    <trkpt lat="35.38342" lon="-120.26816"><ele>644.0</ele></trkpt>
    <trkpt lat="35.38346" lon="-120.26821"><ele>644.0</ele></trkpt>
    <trkpt lat="35.38351" lon="-120.26824"><ele>644.0</ele></trkpt>
    <trkpt lat="35.38355" lon="-120.26828"><ele>644.0</ele></trkpt>
    <trkpt lat="35.38358" lon="-120.26832"><ele>644.0</ele></trkpt>
    <trkpt lat="35.38362" lon="-120.26837"><ele>644.0</ele></trkpt>
    <trkpt lat="35.38365" lon="-120.26841"><ele>644.0</ele></trkpt>
    <trkpt lat="35.38368" lon="-120.26845"><ele>644.0</ele></trkpt>
    <trkpt lat="35.38370" lon="-120.26849"><ele>644.0</ele></trkpt>
    <trkpt lat="35.38374" lon="-120.26852"><ele>644.0</ele></trkpt>
    <trkpt lat="35.38376" lon="-120.26856"><ele>644.0</ele></trkpt>
    <trkpt lat="35.38379" lon="-120.26859"><ele>644.0</ele></trkpt>
    <trkpt lat="35.38383" lon="-120.26863"><ele>644.0</ele></trkpt>
    <trkpt lat="35.38386" lon="-120.26867"><ele>644.0</ele></trkpt>
    <trkpt lat="35.38390" lon="-120.26871"><ele>644.0</ele></trkpt>
    <trkpt lat="35.38393" lon="-120.26875"><ele>644.0</ele></trkpt>
    <trkpt lat="35.38397" lon="-120.26878"><ele>644.0</ele></trkpt>
    <trkpt lat="35.38402" lon="-120.26881"><ele>644.0</ele></trkpt>
    <trkpt lat="35.38406" lon="-120.26884"><ele>644.0</ele></trkpt>
    <trkpt lat="35.38411" lon="-120.26885"><ele>644.0</ele></trkpt>
    <trkpt lat="35.38416" lon="-120.26885"><ele>648.0</ele></trkpt>
    <trkpt lat="35.38421" lon="-120.26883"><ele>648.0</ele></trkpt>
    <trkpt lat="35.38427" lon="-120.26881"><ele>648.0</ele></trkpt>
    <trkpt lat="35.38432" lon="-120.26878"><ele>648.0</ele></trkpt>
    <trkpt lat="35.38437" lon="-120.26876"><ele>648.0</ele></trkpt>
    <trkpt lat="35.38443" lon="-120.26874"><ele>648.0</ele></trkpt>
    <trkpt lat="35.38449" lon="-120.26873"><ele>648.0</ele></trkpt>
    <trkpt lat="35.38455" lon="-120.26872"><ele>648.0</ele></trkpt>
    <trkpt lat="35.38461" lon="-120.26871"><ele>648.0</ele></trkpt>
    <trkpt lat="35.38467" lon="-120.26871"><ele>648.0</ele></trkpt>
    <trkpt lat="35.38473" lon="-120.26871"><ele>648.0</ele></trkpt>
    <trkpt lat="35.38479" lon="-120.26871"><ele>648.0</ele></trkpt>
    <trkpt lat="35.38484" lon="-120.26867"><ele>648.0</ele></trkpt>
    <trkpt lat="35.38488" lon="-120.26863"><ele>648.0</ele></trkpt>
    <trkpt lat="35.38492" lon="-120.26858"><ele>648.0</ele></trkpt>
    <trkpt lat="35.38495" lon="-120.26855"><ele>648.0</ele></trkpt>
    <trkpt lat="35.38500" lon="-120.26853"><ele>648.0</ele></trkpt>
    <trkpt lat="35.38501" lon="-120.26854"><ele>648.0</ele></trkpt>
    <trkpt lat="35.38504" lon="-120.26859"><ele>648.0</ele></trkpt>
    <trkpt lat="35.38506" lon="-120.26863"><ele>648.0</ele></trkpt>
    <trkpt lat="35.38507" lon="-120.26867"><ele>648.0</ele></trkpt>
    <trkpt lat="35.38509" lon="-120.26871"><ele>648.0</ele></trkpt>
    <trkpt lat="35.38510" lon="-120.26875"><ele>648.0</ele></trkpt>
    <trkpt lat="35.38512" lon="-120.26880"><ele>648.0</ele></trkpt>
    <trkpt lat="35.38514" lon="-120.26884"><ele>645.0</ele></trkpt>
    <trkpt lat="35.38516" lon="-120.26888"><ele>645.0</ele></trkpt>
    <trkpt lat="35.38517" lon="-120.26892"><ele>645.0</ele></trkpt>
    <trkpt lat="35.38520" lon="-120.26902"><ele>645.0</ele></trkpt>
    <trkpt lat="35.38521" lon="-120.26904"><ele>645.0</ele></trkpt>
    <trkpt lat="35.38522" lon="-120.26911"><ele>645.0</ele></trkpt>
    <trkpt lat="35.38523" lon="-120.26919"><ele>645.0</ele></trkpt>
    <trkpt lat="35.38524" lon="-120.26926"><ele>645.0</ele></trkpt>
    <trkpt lat="35.38526" lon="-120.26933"><ele>645.0</ele></trkpt>
    <trkpt lat="35.38529" lon="-120.26939"><ele>645.0</ele></trkpt>
    <trkpt lat="35.38532" lon="-120.26946"><ele>645.0</ele></trkpt>
    <trkpt lat="35.38535" lon="-120.26953"><ele>645.0</ele></trkpt>
    <trkpt lat="35.38539" lon="-120.26958"><ele>645.0</ele></trkpt>
    <trkpt lat="35.38543" lon="-120.26963"><ele>645.0</ele></trkpt>
    <trkpt lat="35.38548" lon="-120.26968"><ele>645.0</ele></trkpt>
    <trkpt lat="35.38552" lon="-120.26973"><ele>645.0</ele></trkpt>
    <trkpt lat="35.38556" lon="-120.26978"><ele>645.0</ele></trkpt>
    <trkpt lat="35.38560" lon="-120.26983"><ele>645.0</ele></trkpt>
    <trkpt lat="35.38563" lon="-120.26989"><ele>645.0</ele></trkpt>
    <trkpt lat="35.38565" lon="-120.26996"><ele>645.0</ele></trkpt>
    <trkpt lat="35.38566" lon="-120.27002"><ele>645.0</ele></trkpt>
    <trkpt lat="35.38566" lon="-120.27008"><ele>645.0</ele></trkpt>
    <trkpt lat="35.38566" lon="-120.27015"><ele>645.0</ele></trkpt>
    <trkpt lat="35.38567" lon="-120.27022"><ele>645.0</ele></trkpt>
    <trkpt lat="35.38568" lon="-120.27028"><ele>645.0</ele></trkpt>
    <trkpt lat="35.38571" lon="-120.27034"><ele>636.0</ele></trkpt>
    <trkpt lat="35.38574" lon="-120.27040"><ele>636.0</ele></trkpt>
    <trkpt lat="35.38578" lon="-120.27047"><ele>636.0</ele></trkpt>
    <trkpt lat="35.38580" lon="-120.27053"><ele>636.0</ele></trkpt>
    <trkpt lat="35.38582" lon="-120.27060"><ele>636.0</ele></trkpt>
    <trkpt lat="35.38584" lon="-120.27066"><ele>636.0</ele></trkpt>
    <trkpt lat="35.38585" lon="-120.27071"><ele>636.0</ele></trkpt>
    <trkpt lat="35.38585" lon="-120.27078"><ele>636.0</ele></trkpt>
    <trkpt lat="35.38585" lon="-120.27083"><ele>636.0</ele></trkpt>
    <trkpt lat="35.38584" lon="-120.27089"><ele>636.0</ele></trkpt>
    <trkpt lat="35.38518" lon="-120.27117"><ele>636.0</ele></trkpt>
    <trkpt lat="35.38514" lon="-120.27117"><ele>636.0</ele></trkpt>
    <trkpt lat="35.38509" lon="-120.27116"><ele>636.0</ele></trkpt>
    <trkpt lat="35.38503" lon="-120.27115"><ele>636.0</ele></trkpt>
    <trkpt lat="35.38497" lon="-120.27116"><ele>636.0</ele></trkpt>
    <trkpt lat="35.38491" lon="-120.27118"><ele>636.0</ele></trkpt>
    <trkpt lat="35.38487" lon="-120.27121"><ele>636.0</ele></trkpt>
    <trkpt lat="35.38483" lon="-120.27124"><ele>636.0</ele></trkpt>
    <trkpt lat="35.38480" lon="-120.27129"><ele>636.0</ele></trkpt>
    <trkpt lat="35.38476" lon="-120.27134"><ele>636.0</ele></trkpt>
    <trkpt lat="35.38473" lon="-120.27139"><ele>636.0</ele></trkpt>
    <trkpt lat="35.38468" lon="-120.27144"><ele>636.0</ele></trkpt>
    <trkpt lat="35.38464" lon="-120.27149"><ele>636.0</ele></trkpt>
    <trkpt lat="35.38462" lon="-120.27155"><ele>636.0</ele></trkpt>
    <trkpt lat="35.38462" lon="-120.27161"><ele>636.0</ele></trkpt>
    <trkpt lat="35.38463" lon="-120.27168"><ele>618.0</ele></trkpt>
    <trkpt lat="35.38465" lon="-120.27174"><ele>618.0</ele></trkpt>
    <trkpt lat="35.38467" lon="-120.27180"><ele>618.0</ele></trkpt>
    <trkpt lat="35.38467" lon="-120.27181"><ele>618.0</ele></trkpt>
    <trkpt lat="35.38468" lon="-120.27186"><ele>618.0</ele></trkpt>
    <trkpt lat="35.38467" lon="-120.27189"><ele>618.0</ele></trkpt>
    <trkpt lat="35.38467" lon="-120.27195"><ele>618.0</ele></trkpt>
    <trkpt lat="35.38468" lon="-120.27196"><ele>618.0</ele></trkpt>
    <trkpt lat="35.38468" lon="-120.27197"><ele>618.0</ele></trkpt>
    <trkpt lat="35.38468" lon="-120.27200"><ele>618.0</ele></trkpt>
    <trkpt lat="35.38470" lon="-120.27208"><ele>618.0</ele></trkpt>
    <trkpt lat="35.38473" lon="-120.27215"><ele>618.0</ele></trkpt>
    <trkpt lat="35.38476" lon="-120.27223"><ele>618.0</ele></trkpt>
    <trkpt lat="35.38477" lon="-120.27234"><ele>618.0</ele></trkpt>
    <trkpt lat="35.38476" lon="-120.27249"><ele>618.0</ele></trkpt>
    <trkpt lat="35.38474" lon="-120.27263"><ele>618.0</ele></trkpt>
    <trkpt lat="35.38474" lon="-120.27271"><ele>618.0</ele></trkpt>
    <trkpt lat="35.38473" lon="-120.27280"><ele>618.0</ele></trkpt>
    <trkpt lat="35.38473" lon="-120.27291"><ele>618.0</ele></trkpt>
    <trkpt lat="35.38473" lon="-120.27299"><ele>618.0</ele></trkpt>
    <trkpt lat="35.38475" lon="-120.27307"><ele>618.0</ele></trkpt>
    <trkpt lat="35.38478" lon="-120.27314"><ele>618.0</ele></trkpt>
    <trkpt lat="35.38480" lon="-120.27322"><ele>618.0</ele></trkpt>
    <trkpt lat="35.38478" lon="-120.27323"><ele>618.0</ele></trkpt>
    <trkpt lat="35.38477" lon="-120.27325"><ele>599.0</ele></trkpt>
    <trkpt lat="35.38472" lon="-120.27326"><ele>599.0</ele></trkpt>
    <trkpt lat="35.38467" lon="-120.27327"><ele>599.0</ele></trkpt>
    <trkpt lat="35.38463" lon="-120.27325"><ele>599.0</ele></trkpt>
    <trkpt lat="35.38459" lon="-120.27323"><ele>599.0</ele></trkpt>
    <trkpt lat="35.38456" lon="-120.27320"><ele>599.0</ele></trkpt>
    <trkpt lat="35.38453" lon="-120.27316"><ele>599.0</ele></trkpt>
    <trkpt lat="35.38450" lon="-120.27311"><ele>599.0</ele></trkpt>
    <trkpt lat="35.38447" lon="-120.27307"><ele>599.0</ele></trkpt>
    <trkpt lat="35.38443" lon="-120.27304"><ele>599.0</ele></trkpt>
    <trkpt lat="35.38442" lon="-120.27303"><ele>599.0</ele></trkpt>
    <trkpt lat="35.38438" lon="-120.27300"><ele>599.0</ele></trkpt>
    <trkpt lat="35.38431" lon="-120.27297"><ele>599.0</ele></trkpt>
    <trkpt lat="35.38425" lon="-120.27296"><ele>599.0</ele></trkpt>
    <trkpt lat="35.38418" lon="-120.27293"><ele>599.0</ele></trkpt>
    <trkpt lat="35.38413" lon="-120.27291"><ele>599.0</ele></trkpt>
    <trkpt lat="35.38407" lon="-120.27295"><ele>599.0</ele></trkpt>
    <trkpt lat="35.38405" lon="-120.27302"><ele>599.0</ele></trkpt>
    <trkpt lat="35.38404" lon="-120.27310"><ele>599.0</ele></trkpt>
    <trkpt lat="35.38402" lon="-120.27317"><ele>599.0</ele></trkpt>
    <trkpt lat="35.38399" lon="-120.27323"><ele>599.0</ele></trkpt>
    <trkpt lat="35.38396" lon="-120.27329"><ele>599.0</ele></trkpt>
    <trkpt lat="35.38394" lon="-120.27336"><ele>599.0</ele></trkpt>
    <trkpt lat="35.38394" lon="-120.27339"><ele>599.0</ele></trkpt>
    <trkpt lat="35.38394" lon="-120.27341"><ele>599.0</ele></trkpt>
    <trkpt lat="35.38394" lon="-120.27342"><ele>584.0</ele></trkpt>
    <trkpt lat="35.38396" lon="-120.27346"><ele>584.0</ele></trkpt>
    <trkpt lat="35.38396" lon="-120.27351"><ele>584.0</ele></trkpt>
    <trkpt lat="35.38397" lon="-120.27355"><ele>584.0</ele></trkpt>
    <trkpt lat="35.38397" lon="-120.27356"><ele>584.0</ele></trkpt>
    <trkpt lat="35.38397" lon="-120.27358"><ele>584.0</ele></trkpt>
    <trkpt lat="35.38395" lon="-120.27364"><ele>584.0</ele></trkpt>
    <trkpt lat="35.38391" lon="-120.27368"><ele>584.0</ele></trkpt>
    <trkpt lat="35.38389" lon="-120.27369"><ele>584.0</ele></trkpt>
    <trkpt lat="35.38388" lon="-120.27369"><ele>584.0</ele></trkpt>
    <trkpt lat="35.38384" lon="-120.27370"><ele>584.0</ele></trkpt>
    <trkpt lat="35.38380" lon="-120.27369"><ele>584.0</ele></trkpt>
    <trkpt lat="35.38375" lon="-120.27369"><ele>584.0</ele></trkpt>
    <trkpt lat="35.38370" lon="-120.27369"><ele>584.0</ele></trkpt>
    <trkpt lat="35.38363" lon="-120.27371"><ele>584.0</ele></trkpt>
    <trkpt lat="35.38357" lon="-120.27374"><ele>584.0</ele></trkpt>
    <trkpt lat="35.38354" lon="-120.27377"><ele>584.0</ele></trkpt>
    <trkpt lat="35.38352" lon="-120.27382"><ele>584.0</ele></trkpt>
    <trkpt lat="35.38353" lon="-120.27387"><ele>584.0</ele></trkpt>
    <trkpt lat="35.38354" lon="-120.27394"><ele>584.0</ele></trkpt>
    <trkpt lat="35.38357" lon="-120.27400"><ele>584.0</ele></trkpt>
    <trkpt lat="35.38361" lon="-120.27405"><ele>584.0</ele></trkpt>
    <trkpt lat="35.38363" lon="-120.27411"><ele>584.0</ele></trkpt>
    <trkpt lat="35.38365" lon="-120.27414"><ele>584.0</ele></trkpt>
    <trkpt lat="35.38366" lon="-120.27415"><ele>584.0</ele></trkpt>
    <trkpt lat="35.38371" lon="-120.27422"><ele>573.0</ele></trkpt>
    <trkpt lat="35.38372" lon="-120.27424"><ele>573.0</ele></trkpt>
    <trkpt lat="35.38375" lon="-120.27428"><ele>573.0</ele></trkpt>
    <trkpt lat="35.38379" lon="-120.27432"><ele>573.0</ele></trkpt>
    <trkpt lat="35.38382" lon="-120.27438"><ele>573.0</ele></trkpt>
    <trkpt lat="35.38385" lon="-120.27442"><ele>573.0</ele></trkpt>
    <trkpt lat="35.38388" lon="-120.27447"><ele>573.0</ele></trkpt>
    <trkpt lat="35.38392" lon="-120.27453"><ele>573.0</ele></trkpt>
    <trkpt lat="35.38394" lon="-120.27458"><ele>573.0</ele></trkpt>
    <trkpt lat="35.38396" lon="-120.27464"><ele>573.0</ele></trkpt>
    <trkpt lat="35.38397" lon="-120.27471"><ele>573.0</ele></trkpt>
    <trkpt lat="35.38399" lon="-120.27477"><ele>573.0</ele></trkpt>
    <trkpt lat="35.38400" lon="-120.27484"><ele>573.0</ele></trkpt>
    <trkpt lat="35.38400" lon="-120.27491"><ele>573.0</ele></trkpt>
    <trkpt lat="35.38401" lon="-120.27498"><ele>573.0</ele></trkpt>
    <trkpt lat="35.38401" lon="-120.27505"><ele>573.0</ele></trkpt>
    <trkpt lat="35.38401" lon="-120.27513"><ele>573.0</ele></trkpt>
    <trkpt lat="35.38404" lon="-120.27519"><ele>573.0</ele></trkpt>
    <trkpt lat="35.38407" lon="-120.27523"><ele>573.0</ele></trkpt>
    <trkpt lat="35.38408" lon="-120.27523"><ele>573.0</ele></trkpt>
    <trkpt lat="35.38409" lon="-120.27525"><ele>573.0</ele></trkpt>
    <trkpt lat="35.38414" lon="-120.27528"><ele>573.0</ele></trkpt>
    <trkpt lat="35.38418" lon="-120.27533"><ele>573.0</ele></trkpt>
    <trkpt lat="35.38421" lon="-120.27539"><ele>573.0</ele></trkpt>
    <trkpt lat="35.38421" lon="-120.27546"><ele>573.0</ele></trkpt>
    <trkpt lat="35.38420" lon="-120.27551"><ele>566.0</ele></trkpt>
    <trkpt lat="35.38420" lon="-120.27552"><ele>566.0</ele></trkpt>
    <trkpt lat="35.38419" lon="-120.27554"><ele>566.0</ele></trkpt>
    <trkpt lat="35.38417" lon="-120.27561"><ele>566.0</ele></trkpt>
    <trkpt lat="35.38416" lon="-120.27567"><ele>566.0</ele></trkpt>
    <trkpt lat="35.38414" lon="-120.27574"><ele>566.0</ele></trkpt>
    <trkpt lat="35.38414" lon="-120.27581"><ele>566.0</ele></trkpt>
    <trkpt lat="35.38413" lon="-120.27588"><ele>566.0</ele></trkpt>
    <trkpt lat="35.38414" lon="-120.27595"><ele>566.0</ele></trkpt>
    <trkpt lat="35.38417" lon="-120.27601"><ele>566.0</ele></trkpt>
    <trkpt lat="35.38419" lon="-120.27606"><ele>566.0</ele></trkpt>
    <trkpt lat="35.38424" lon="-120.27610"><ele>566.0</ele></trkpt>
    <trkpt lat="35.38428" lon="-120.27615"><ele>566.0</ele></trkpt>
    <trkpt lat="35.38432" lon="-120.27619"><ele>566.0</ele></trkpt>
    <trkpt lat="35.38436" lon="-120.27625"><ele>566.0</ele></trkpt>
    <trkpt lat="35.38440" lon="-120.27630"><ele>566.0</ele></trkpt>
    <trkpt lat="35.38444" lon="-120.27635"><ele>566.0</ele></trkpt>
    <trkpt lat="35.38448" lon="-120.27640"><ele>566.0</ele></trkpt>
    <trkpt lat="35.38453" lon="-120.27644"><ele>566.0</ele></trkpt>
    <trkpt lat="35.38458" lon="-120.27649"><ele>566.0</ele></trkpt>
    <trkpt lat="35.38461" lon="-120.27653"><ele>566.0</ele></trkpt>
    <trkpt lat="35.38465" lon="-120.27657"><ele>566.0</ele></trkpt>
    <trkpt lat="35.38470" lon="-120.27662"><ele>566.0</ele></trkpt>
    <trkpt lat="35.38475" lon="-120.27666"><ele>566.0</ele></trkpt>
    <trkpt lat="35.38479" lon="-120.27672"><ele>564.0</ele></trkpt>
    <trkpt lat="35.38484" lon="-120.27677"><ele>564.0</ele></trkpt>
    <trkpt lat="35.38488" lon="-120.27683"><ele>564.0</ele></trkpt>
    <trkpt lat="35.38491" lon="-120.27689"><ele>564.0</ele></trkpt>
    <trkpt lat="35.38496" lon="-120.27699"><ele>564.0</ele></trkpt>
    <trkpt lat="35.38498" lon="-120.27702"><ele>564.0</ele></trkpt>
    <trkpt lat="35.38502" lon="-120.27708"><ele>564.0</ele></trkpt>
    <trkpt lat="35.38507" lon="-120.27713"><ele>564.0</ele></trkpt>
    <trkpt lat="35.38511" lon="-120.27718"><ele>564.0</ele></trkpt>
    <trkpt lat="35.38516" lon="-120.27721"><ele>564.0</ele></trkpt>
    <trkpt lat="35.38522" lon="-120.27725"><ele>564.0</ele></trkpt>
    <trkpt lat="35.38527" lon="-120.27728"><ele>564.0</ele></trkpt>
    <trkpt lat="35.38532" lon="-120.27729"><ele>564.0</ele></trkpt>
    <trkpt lat="35.38539" lon="-120.27735"><ele>564.0</ele></trkpt>
    <trkpt lat="35.38540" lon="-120.27736"><ele>564.0</ele></trkpt>
    <trkpt lat="35.38543" lon="-120.27739"><ele>564.0</ele></trkpt>
    <trkpt lat="35.38546" lon="-120.27743"><ele>564.0</ele></trkpt>
    <trkpt lat="35.38548" lon="-120.27746"><ele>564.0</ele></trkpt>
    <trkpt lat="35.38550" lon="-120.27750"><ele>564.0</ele></trkpt>
    <trkpt lat="35.38551" lon="-120.27755"><ele>564.0</ele></trkpt>
    <trkpt lat="35.38553" lon="-120.27760"><ele>564.0</ele></trkpt>
    <trkpt lat="35.38555" lon="-120.27764"><ele>564.0</ele></trkpt>
    <trkpt lat="35.38558" lon="-120.27768"><ele>564.0</ele></trkpt>
    <trkpt lat="35.38561" lon="-120.27772"><ele>564.0</ele></trkpt>
    <trkpt lat="35.38565" lon="-120.27775"><ele>564.0</ele></trkpt>
    <trkpt lat="35.38569" lon="-120.27779"><ele>565.0</ele></trkpt>
    <trkpt lat="35.38573" lon="-120.27782"><ele>565.0</ele></trkpt>
    <trkpt lat="35.38576" lon="-120.27784"><ele>565.0</ele></trkpt>
    <trkpt lat="35.38579" lon="-120.27788"><ele>565.0</ele></trkpt>
    <trkpt lat="35.38582" lon="-120.27792"><ele>565.0</ele></trkpt>
    <trkpt lat="35.38584" lon="-120.27795"><ele>565.0</ele></trkpt>
    <trkpt lat="35.38585" lon="-120.27798"><ele>565.0</ele></trkpt>
    <trkpt lat="35.38586" lon="-120.27800"><ele>565.0</ele></trkpt>
    <trkpt lat="35.38586" lon="-120.27801"><ele>565.0</ele></trkpt>
    <trkpt lat="35.38587" lon="-120.27802"><ele>565.0</ele></trkpt>
    <trkpt lat="35.38587" lon="-120.27802"><ele>565.0</ele></trkpt>
    <trkpt lat="35.38587" lon="-120.27804"><ele>565.0</ele></trkpt>
    <trkpt lat="35.38588" lon="-120.27809"><ele>565.0</ele></trkpt>
    <trkpt lat="35.38590" lon="-120.27813"><ele>565.0</ele></trkpt>
    <trkpt lat="35.38591" lon="-120.27818"><ele>565.0</ele></trkpt>
    <trkpt lat="35.38593" lon="-120.27823"><ele>565.0</ele></trkpt>
    <trkpt lat="35.38594" lon="-120.27828"><ele>565.0</ele></trkpt>
    <trkpt lat="35.38595" lon="-120.27834"><ele>565.0</ele></trkpt>
    <trkpt lat="35.38595" lon="-120.27838"><ele>565.0</ele></trkpt>
    <trkpt lat="35.38594" lon="-120.27843"><ele>565.0</ele></trkpt>
    <trkpt lat="35.38594" lon="-120.27844"><ele>565.0</ele></trkpt>
    <trkpt lat="35.38594" lon="-120.27846"><ele>565.0</ele></trkpt>
    <trkpt lat="35.38593" lon="-120.27852"><ele>565.0</ele></trkpt>
    <trkpt lat="35.38592" lon="-120.27859"><ele>565.0</ele></trkpt>
    <trkpt lat="35.38591" lon="-120.27865"><ele>565.0</ele></trkpt>
    <trkpt lat="35.38588" lon="-120.27871"><ele>563.0</ele></trkpt>
    <trkpt lat="35.38585" lon="-120.27877"><ele>563.0</ele></trkpt>
    <trkpt lat="35.38582" lon="-120.27881"><ele>563.0</ele></trkpt>
    <trkpt lat="35.38577" lon="-120.27886"><ele>563.0</ele></trkpt>
    <trkpt lat="35.38573" lon="-120.27890"><ele>563.0</ele></trkpt>
    <trkpt lat="35.38570" lon="-120.27894"><ele>563.0</ele></trkpt>
    <trkpt lat="35.38567" lon="-120.27898"><ele>563.0</ele></trkpt>
    <trkpt lat="35.38563" lon="-120.27902"><ele>563.0</ele></trkpt>
    <trkpt lat="35.38560" lon="-120.27907"><ele>563.0</ele></trkpt>
    <trkpt lat="35.38556" lon="-120.27911"><ele>563.0</ele></trkpt>
    <trkpt lat="35.38551" lon="-120.27915"><ele>563.0</ele></trkpt>
    <trkpt lat="35.38547" lon="-120.27918"><ele>563.0</ele></trkpt>
    <trkpt lat="35.38541" lon="-120.27920"><ele>563.0</ele></trkpt>
    <trkpt lat="35.38537" lon="-120.27921"><ele>563.0</ele></trkpt>
    <trkpt lat="35.38532" lon="-120.27923"><ele>563.0</ele></trkpt>
    <trkpt lat="35.38526" lon="-120.27924"><ele>563.0</ele></trkpt>
    <trkpt lat="35.38521" lon="-120.27924"><ele>563.0</ele></trkpt>
    <trkpt lat="35.38514" lon="-120.27924"><ele>563.0</ele></trkpt>
    <trkpt lat="35.38508" lon="-120.27924"><ele>563.0</ele></trkpt>
    <trkpt lat="35.38502" lon="-120.27925"><ele>563.0</ele></trkpt>
    <trkpt lat="35.38496" lon="-120.27927"><ele>563.0</ele></trkpt>
    <trkpt lat="35.38446" lon="-120.27945"><ele>563.0</ele></trkpt>
    <trkpt lat="35.38443" lon="-120.27947"><ele>563.0</ele></trkpt>
    <trkpt lat="35.38438" lon="-120.27953"><ele>563.0</ele></trkpt>
    <trkpt lat="35.38437" lon="-120.27953"><ele>564.0</ele></trkpt>
    <trkpt lat="35.38433" lon="-120.27958"><ele>564.0</ele></trkpt>
    <trkpt lat="35.38430" lon="-120.27963"><ele>564.0</ele></trkpt>
    <trkpt lat="35.38426" lon="-120.27967"><ele>564.0</ele></trkpt>
    <trkpt lat="35.38421" lon="-120.27981"><ele>564.0</ele></trkpt>
    <trkpt lat="35.38421" lon="-120.27984"><ele>564.0</ele></trkpt>
    <trkpt lat="35.38419" lon="-120.27989"><ele>564.0</ele></trkpt>
    <trkpt lat="35.38416" lon="-120.27995"><ele>564.0</ele></trkpt>
    <trkpt lat="35.38415" lon="-120.27999"><ele>564.0</ele></trkpt>
    <trkpt lat="35.38411" lon="-120.28005"><ele>564.0</ele></trkpt>
    <trkpt lat="35.38408" lon="-120.28009"><ele>564.0</ele></trkpt>
    <trkpt lat="35.38403" lon="-120.28010"><ele>564.0</ele></trkpt>
    <trkpt lat="35.38398" lon="-120.28010"><ele>564.0</ele></trkpt>
    <trkpt lat="35.38394" lon="-120.28008"><ele>564.0</ele></trkpt>
    <trkpt lat="35.38389" lon="-120.28008"><ele>564.0</ele></trkpt>
    <trkpt lat="35.38384" lon="-120.28009"><ele>564.0</ele></trkpt>
    <trkpt lat="35.38380" lon="-120.28013"><ele>564.0</ele></trkpt>
    <trkpt lat="35.38379" lon="-120.28020"><ele>564.0</ele></trkpt>
    <trkpt lat="35.38378" lon="-120.28026"><ele>564.0</ele></trkpt>
    <trkpt lat="35.38375" lon="-120.28031"><ele>564.0</ele></trkpt>
    <trkpt lat="35.38371" lon="-120.28034"><ele>564.0</ele></trkpt>
    <trkpt lat="35.38366" lon="-120.28036"><ele>564.0</ele></trkpt>
    <trkpt lat="35.38361" lon="-120.28036"><ele>564.0</ele></trkpt>
    <trkpt lat="35.38353" lon="-120.28040"><ele>564.0</ele></trkpt>
    <trkpt lat="35.38348" lon="-120.28042"><ele>564.0</ele></trkpt>
    <trkpt lat="35.38341" lon="-120.28043"><ele>567.0</ele></trkpt>
    <trkpt lat="35.38334" lon="-120.28044"><ele>567.0</ele></trkpt>
    <trkpt lat="35.38330" lon="-120.28045"><ele>567.0</ele></trkpt>
    <trkpt lat="35.38324" lon="-120.28046"><ele>567.0</ele></trkpt>
    <trkpt lat="35.38319" lon="-120.28047"><ele>567.0</ele></trkpt>
    <trkpt lat="35.38315" lon="-120.28048"><ele>567.0</ele></trkpt>
    <trkpt lat="35.38310" lon="-120.28048"><ele>567.0</ele></trkpt>
    <trkpt lat="35.38305" lon="-120.28047"><ele>567.0</ele></trkpt>
    <trkpt lat="35.38301" lon="-120.28049"><ele>567.0</ele></trkpt>
    <trkpt lat="35.38301" lon="-120.28055"><ele>567.0</ele></trkpt>
    <trkpt lat="35.38302" lon="-120.28057"><ele>567.0</ele></trkpt>
    <trkpt lat="35.38305" lon="-120.28061"><ele>567.0</ele></trkpt>
    <trkpt lat="35.38308" lon="-120.28065"><ele>567.0</ele></trkpt>
    <trkpt lat="35.38310" lon="-120.28068"><ele>567.0</ele></trkpt>
    <trkpt lat="35.38313" lon="-120.28072"><ele>567.0</ele></trkpt>
    <trkpt lat="35.38313" lon="-120.28075"><ele>567.0</ele></trkpt>
    <trkpt lat="35.38310" lon="-120.28077"><ele>567.0</ele></trkpt>
    <trkpt lat="35.38307" lon="-120.28077"><ele>567.0</ele></trkpt>
    <trkpt lat="35.38305" lon="-120.28077"><ele>567.0</ele></trkpt>
    <trkpt lat="35.38303" lon="-120.28078"><ele>567.0</ele></trkpt>
    <trkpt lat="35.38303" lon="-120.28080"><ele>567.0</ele></trkpt>
    <trkpt lat="35.38303" lon="-120.28082"><ele>567.0</ele></trkpt>
    <trkpt lat="35.38301" lon="-120.28088"><ele>567.0</ele></trkpt>
    <trkpt lat="35.38299" lon="-120.28093"><ele>567.0</ele></trkpt>
    <trkpt lat="35.38296" lon="-120.28097"><ele>567.0</ele></trkpt>
    <trkpt lat="35.38292" lon="-120.28100"><ele>573.0</ele></trkpt>
    <trkpt lat="35.38291" lon="-120.28105"><ele>573.0</ele></trkpt>
    <trkpt lat="35.38290" lon="-120.28105"><ele>573.0</ele></trkpt>
    <trkpt lat="35.38289" lon="-120.28105"><ele>573.0</ele></trkpt>
    <trkpt lat="35.38287" lon="-120.28106"><ele>573.0</ele></trkpt>
    <trkpt lat="35.38287" lon="-120.28106"><ele>573.0</ele></trkpt>
    <trkpt lat="35.38292" lon="-120.28111"><ele>573.0</ele></trkpt>
    <trkpt lat="35.38295" lon="-120.28114"><ele>573.0</ele></trkpt>
    <trkpt lat="35.38300" lon="-120.28118"><ele>573.0</ele></trkpt>
    <trkpt lat="35.38304" lon="-120.28122"><ele>573.0</ele></trkpt>
    <trkpt lat="35.38308" lon="-120.28126"><ele>573.0</ele></trkpt>
    <trkpt lat="35.38309" lon="-120.28127"><ele>573.0</ele></trkpt>
    <trkpt lat="35.38311" lon="-120.28130"><ele>573.0</ele></trkpt>
    <trkpt lat="35.38314" lon="-120.28133"><ele>573.0</ele></trkpt>
    <trkpt lat="35.38319" lon="-120.28138"><ele>573.0</ele></trkpt>
    <trkpt lat="35.38322" lon="-120.28145"><ele>573.0</ele></trkpt>
    <trkpt lat="35.38323" lon="-120.28152"><ele>573.0</ele></trkpt>
    <trkpt lat="35.38323" lon="-120.28159"><ele>573.0</ele></trkpt>
    <trkpt lat="35.38325" lon="-120.28166"><ele>573.0</ele></trkpt>
    <trkpt lat="35.38327" lon="-120.28173"><ele>573.0</ele></trkpt>
    <trkpt lat="35.38329" lon="-120.28179"><ele>573.0</ele></trkpt>
    <trkpt lat="35.38329" lon="-120.28189"><ele>573.0</ele></trkpt>
    <trkpt lat="35.38329" lon="-120.28196"><ele>573.0</ele></trkpt>
    <trkpt lat="35.38328" lon="-120.28202"><ele>573.0</ele></trkpt>
    <trkpt lat="35.38328" lon="-120.28209"><ele>601.0</ele></trkpt>
    <trkpt lat="35.38328" lon="-120.28215"><ele>601.0</ele></trkpt>
    <trkpt lat="35.38327" lon="-120.28222"><ele>601.0</ele></trkpt>
    <trkpt lat="35.38327" lon="-120.28223"><ele>601.0</ele></trkpt>
    <trkpt lat="35.38327" lon="-120.28230"><ele>601.0</ele></trkpt>
    <trkpt lat="35.38328" lon="-120.28234"><ele>601.0</ele></trkpt>
    <trkpt lat="35.38320" lon="-120.28263"><ele>601.0</ele></trkpt>
    <trkpt lat="35.38318" lon="-120.28270"><ele>601.0</ele></trkpt>
    <trkpt lat="35.38318" lon="-120.28278"><ele>601.0</ele></trkpt>
    <trkpt lat="35.38318" lon="-120.28278"><ele>601.0</ele></trkpt>
    <trkpt lat="35.38317" lon="-120.28289"><ele>601.0</ele></trkpt>
    <trkpt lat="35.38317" lon="-120.28292"><ele>601.0</ele></trkpt>
    <trkpt lat="35.38321" lon="-120.28307"><ele>601.0</ele></trkpt>
    <trkpt lat="35.38324" lon="-120.28314"><ele>601.0</ele></trkpt>
    <trkpt lat="35.38327" lon="-120.28321"><ele>601.0</ele></trkpt>
    <trkpt lat="35.38330" lon="-120.28329"><ele>601.0</ele></trkpt>
    <trkpt lat="35.38331" lon="-120.28333"><ele>601.0</ele></trkpt>
    <trkpt lat="35.38333" lon="-120.28339"><ele>601.0</ele></trkpt>
    <trkpt lat="35.38333" lon="-120.28347"><ele>601.0</ele></trkpt>
    <trkpt lat="35.38332" lon="-120.28354"><ele>601.0</ele></trkpt>
    <trkpt lat="35.38331" lon="-120.28363"><ele>601.0</ele></trkpt>
    <trkpt lat="35.38329" lon="-120.28372"><ele>601.0</ele></trkpt>
    <trkpt lat="35.38328" lon="-120.28380"><ele>601.0</ele></trkpt>
    <trkpt lat="35.38327" lon="-120.28384"><ele>601.0</ele></trkpt>
    <trkpt lat="35.38327" lon="-120.28394"><ele>601.0</ele></trkpt>
    <trkpt lat="35.38327" lon="-120.28401"><ele>620.0</ele></trkpt>
    <trkpt lat="35.38329" lon="-120.28408"><ele>620.0</ele></trkpt>
    <trkpt lat="35.38333" lon="-120.28414"><ele>620.0</ele></trkpt>
    <trkpt lat="35.38337" lon="-120.28420"><ele>620.0</ele></trkpt>
    <trkpt lat="35.38342" lon="-120.28426"><ele>620.0</ele></trkpt>
    <trkpt lat="35.38346" lon="-120.28432"><ele>620.0</ele></trkpt>
    <trkpt lat="35.38350" lon="-120.28439"><ele>620.0</ele></trkpt>
    <trkpt lat="35.38352" lon="-120.28443"><ele>620.0</ele></trkpt>
    <trkpt lat="35.38354" lon="-120.28446"><ele>620.0</ele></trkpt>
    <trkpt lat="35.38357" lon="-120.28453"><ele>620.0</ele></trkpt>
    <trkpt lat="35.38360" lon="-120.28461"><ele>620.0</ele></trkpt>
    <trkpt lat="35.38361" lon="-120.28462"><ele>620.0</ele></trkpt>
    <trkpt lat="35.38362" lon="-120.28465"><ele>620.0</ele></trkpt>
    <trkpt lat="35.38364" lon="-120.28470"><ele>620.0</ele></trkpt>
    <trkpt lat="35.38367" lon="-120.28476"><ele>620.0</ele></trkpt>
    <trkpt lat="35.38369" lon="-120.28483"><ele>620.0</ele></trkpt>
    <trkpt lat="35.38371" lon="-120.28490"><ele>620.0</ele></trkpt>
    <trkpt lat="35.38374" lon="-120.28496"><ele>620.0</ele></trkpt>
    <trkpt lat="35.38378" lon="-120.28504"><ele>620.0</ele></trkpt>
    <trkpt lat="35.38381" lon="-120.28510"><ele>620.0</ele></trkpt>
    <trkpt lat="35.38385" lon="-120.28516"><ele>620.0</ele></trkpt>
    <trkpt lat="35.38389" lon="-120.28522"><ele>620.0</ele></trkpt>
    <trkpt lat="35.38394" lon="-120.28528"><ele>620.0</ele></trkpt>
    <trkpt lat="35.38399" lon="-120.28534"><ele>620.0</ele></trkpt>
    <trkpt lat="35.38404" lon="-120.28539"><ele>620.0</ele></trkpt>
    <trkpt lat="35.38407" lon="-120.28542"><ele>621.0</ele></trkpt>
    <trkpt lat="35.38415" lon="-120.28547"><ele>621.0</ele></trkpt>
    <trkpt lat="35.38424" lon="-120.28551"><ele>621.0</ele></trkpt>
    <trkpt lat="35.38430" lon="-120.28553"><ele>621.0</ele></trkpt>
    <trkpt lat="35.38436" lon="-120.28555"><ele>621.0</ele></trkpt>
    <trkpt lat="35.38442" lon="-120.28557"><ele>621.0</ele></trkpt>
    <trkpt lat="35.38447" lon="-120.28558"><ele>621.0</ele></trkpt>
    <trkpt lat="35.38454" lon="-120.28561"><ele>621.0</ele></trkpt>
    <trkpt lat="35.38460" lon="-120.28563"><ele>621.0</ele></trkpt>
    <trkpt lat="35.38467" lon="-120.28565"><ele>621.0</ele></trkpt>
    <trkpt lat="35.38470" lon="-120.28566"><ele>621.0</ele></trkpt>
    <trkpt lat="35.38478" lon="-120.28565"><ele>621.0</ele></trkpt>
    <trkpt lat="35.38483" lon="-120.28562"><ele>621.0</ele></trkpt>
    <trkpt lat="35.38487" lon="-120.28556"><ele>621.0</ele></trkpt>
    <trkpt lat="35.38490" lon="-120.28550"><ele>621.0</ele></trkpt>
    <trkpt lat="35.38493" lon="-120.28543"><ele>621.0</ele></trkpt>
    <trkpt lat="35.38495" lon="-120.28538"><ele>621.0</ele></trkpt>
    <trkpt lat="35.38498" lon="-120.28527"><ele>621.0</ele></trkpt>
    <trkpt lat="35.38499" lon="-120.28520"><ele>621.0</ele></trkpt>
    <trkpt lat="35.38500" lon="-120.28513"><ele>621.0</ele></trkpt>
    <trkpt lat="35.38502" lon="-120.28507"><ele>621.0</ele></trkpt>
    <trkpt lat="35.38502" lon="-120.28501"><ele>621.0</ele></trkpt>
    <trkpt lat="35.38504" lon="-120.28496"><ele>621.0</ele></trkpt>
    <trkpt lat="35.38505" lon="-120.28490"><ele>621.0</ele></trkpt>
    <trkpt lat="35.38506" lon="-120.28483"><ele>621.0</ele></trkpt>
    <trkpt lat="35.38507" lon="-120.28477"><ele>612.0</ele></trkpt>
    <trkpt lat="35.38508" lon="-120.28471"><ele>612.0</ele></trkpt>
    <trkpt lat="35.38509" lon="-120.28464"><ele>612.0</ele></trkpt>
    <trkpt lat="35.38511" lon="-120.28457"><ele>612.0</ele></trkpt>
    <trkpt lat="35.38511" lon="-120.28446"><ele>612.0</ele></trkpt>
    <trkpt lat="35.38512" lon="-120.28439"><ele>612.0</ele></trkpt>
    <trkpt lat="35.38512" lon="-120.28432"><ele>612.0</ele></trkpt>
    <trkpt lat="35.38512" lon="-120.28426"><ele>612.0</ele></trkpt>
    <trkpt lat="35.38512" lon="-120.28419"><ele>612.0</ele></trkpt>
    <trkpt lat="35.38514" lon="-120.28412"><ele>612.0</ele></trkpt>
    <trkpt lat="35.38516" lon="-120.28405"><ele>612.0</ele></trkpt>
    <trkpt lat="35.38518" lon="-120.28399"><ele>612.0</ele></trkpt>
    <trkpt lat="35.38519" lon="-120.28397"><ele>612.0</ele></trkpt>
    <trkpt lat="35.38522" lon="-120.28389"><ele>612.0</ele></trkpt>
    <trkpt lat="35.38524" lon="-120.28384"><ele>612.0</ele></trkpt>
    <trkpt lat="35.38527" lon="-120.28379"><ele>612.0</ele></trkpt>
    <trkpt lat="35.38530" lon="-120.28374"><ele>612.0</ele></trkpt>
    <trkpt lat="35.38534" lon="-120.28368"><ele>612.0</ele></trkpt>
    <trkpt lat="35.38538" lon="-120.28363"><ele>612.0</ele></trkpt>
    <trkpt lat="35.38542" lon="-120.28357"><ele>612.0</ele></trkpt>
    <trkpt lat="35.38546" lon="-120.28351"><ele>612.0</ele></trkpt>
    <trkpt lat="35.38551" lon="-120.28346"><ele>612.0</ele></trkpt>
    <trkpt lat="35.38559" lon="-120.28338"><ele>612.0</ele></trkpt>
    <trkpt lat="35.38565" lon="-120.28335"><ele>612.0</ele></trkpt>
    <trkpt lat="35.38566" lon="-120.28335"><ele>609.0</ele></trkpt>
    <trkpt lat="35.38575" lon="-120.28328"><ele>609.0</ele></trkpt>
    <trkpt lat="35.38580" lon="-120.28322"><ele>609.0</ele></trkpt>
    <trkpt lat="35.38584" lon="-120.28314"><ele>609.0</ele></trkpt>
    <trkpt lat="35.38585" lon="-120.28311"><ele>609.0</ele></trkpt>
    <trkpt lat="35.38587" lon="-120.28300"><ele>609.0</ele></trkpt>
    <trkpt lat="35.38588" lon="-120.28296"><ele>609.0</ele></trkpt>
    <trkpt lat="35.38590" lon="-120.28286"><ele>609.0</ele></trkpt>
    <trkpt lat="35.38592" lon="-120.28280"><ele>609.0</ele></trkpt>
    <trkpt lat="35.38594" lon="-120.28275"><ele>609.0</ele></trkpt>
    <trkpt lat="35.38597" lon="-120.28269"><ele>609.0</ele></trkpt>
    <trkpt lat="35.38599" lon="-120.28263"><ele>609.0</ele></trkpt>
    <trkpt lat="35.38603" lon="-120.28257"><ele>609.0</ele></trkpt>
    <trkpt lat="35.38606" lon="-120.28251"><ele>609.0</ele></trkpt>
    <trkpt lat="35.38608" lon="-120.28249"><ele>609.0</ele></trkpt>
    <trkpt lat="35.38612" lon="-120.28243"><ele>609.0</ele></trkpt>
    <trkpt lat="35.38610" lon="-120.28243"><ele>609.0</ele></trkpt>
    <trkpt lat="35.38614" lon="-120.28242"><ele>609.0</ele></trkpt>
    <trkpt lat="35.38619" lon="-120.28237"><ele>609.0</ele></trkpt>
    <trkpt lat="35.38623" lon="-120.28233"><ele>609.0</ele></trkpt>
    <trkpt lat="35.38628" lon="-120.28229"><ele>609.0</ele></trkpt>
    <trkpt lat="35.38635" lon="-120.28226"><ele>609.0</ele></trkpt>
    <trkpt lat="35.38639" lon="-120.28225"><ele>609.0</ele></trkpt>
    <trkpt lat="35.38641" lon="-120.28227"><ele>609.0</ele></trkpt>
    <trkpt lat="35.38647" lon="-120.28231"><ele>609.0</ele></trkpt>
    <trkpt lat="35.38649" lon="-120.28233"><ele>603.0</ele></trkpt>
    <trkpt lat="35.38651" lon="-120.28237"><ele>603.0</ele></trkpt>
    <trkpt lat="35.38654" lon="-120.28240"><ele>603.0</ele></trkpt>
    <trkpt lat="35.38656" lon="-120.28243"><ele>603.0</ele></trkpt>
    <trkpt lat="35.38659" lon="-120.28246"><ele>603.0</ele></trkpt>
    <trkpt lat="35.38662" lon="-120.28249"><ele>603.0</ele></trkpt>
    <trkpt lat="35.38665" lon="-120.28252"><ele>603.0</ele></trkpt>
    <trkpt lat="35.38668" lon="-120.28255"><ele>603.0</ele></trkpt>
    <trkpt lat="35.38671" lon="-120.28257"><ele>603.0</ele></trkpt>
    <trkpt lat="35.38674" lon="-120.28260"><ele>603.0</ele></trkpt>
    <trkpt lat="35.38677" lon="-120.28264"><ele>603.0</ele></trkpt>
    <trkpt lat="35.38680" lon="-120.28267"><ele>603.0</ele></trkpt>
    <trkpt lat="35.38683" lon="-120.28271"><ele>603.0</ele></trkpt>
    <trkpt lat="35.38686" lon="-120.28274"><ele>603.0</ele></trkpt>
    <trkpt lat="35.38689" lon="-120.28278"><ele>603.0</ele></trkpt>
    <trkpt lat="35.38692" lon="-120.28281"><ele>603.0</ele></trkpt>
    <trkpt lat="35.38695" lon="-120.28284"><ele>603.0</ele></trkpt>
    <trkpt lat="35.38699" lon="-120.28286"><ele>603.0</ele></trkpt>
    <trkpt lat="35.38704" lon="-120.28288"><ele>603.0</ele></trkpt>
    <trkpt lat="35.38708" lon="-120.28289"><ele>603.0</ele></trkpt>
    <trkpt lat="35.38712" lon="-120.28290"><ele>603.0</ele></trkpt>
    <trkpt lat="35.38717" lon="-120.28291"><ele>603.0</ele></trkpt>
    <trkpt lat="35.38719" lon="-120.28292"><ele>603.0</ele></trkpt>
    <trkpt lat="35.38721" lon="-120.28293"><ele>603.0</ele></trkpt>
    <trkpt lat="35.38725" lon="-120.28297"><ele>603.0</ele></trkpt>
    <trkpt lat="35.38729" lon="-120.28300"><ele>586.0</ele></trkpt>
    <trkpt lat="35.38733" lon="-120.28303"><ele>586.0</ele></trkpt>
    <trkpt lat="35.38736" lon="-120.28307"><ele>586.0</ele></trkpt>
    <trkpt lat="35.38740" lon="-120.28310"><ele>586.0</ele></trkpt>
    <trkpt lat="35.38744" lon="-120.28313"><ele>586.0</ele></trkpt>
    <trkpt lat="35.38747" lon="-120.28316"><ele>586.0</ele></trkpt>
    <trkpt lat="35.38748" lon="-120.28317"><ele>586.0</ele></trkpt>
    <trkpt lat="35.38752" lon="-120.28320"><ele>586.0</ele></trkpt>
    <trkpt lat="35.38757" lon="-120.28325"><ele>586.0</ele></trkpt>
    <trkpt lat="35.38758" lon="-120.28325"><ele>586.0</ele></trkpt>
    <trkpt lat="35.38764" lon="-120.28329"><ele>586.0</ele></trkpt>
    <trkpt lat="35.38769" lon="-120.28331"><ele>586.0</ele></trkpt>
    <trkpt lat="35.38775" lon="-120.28333"><ele>586.0</ele></trkpt>
    <trkpt lat="35.38781" lon="-120.28336"><ele>586.0</ele></trkpt>
    <trkpt lat="35.38786" lon="-120.28338"><ele>586.0</ele></trkpt>
    <trkpt lat="35.38790" lon="-120.28339"><ele>586.0</ele></trkpt>
    <trkpt lat="35.38791" lon="-120.28340"><ele>586.0</ele></trkpt>
    <trkpt lat="35.38797" lon="-120.28341"><ele>586.0</ele></trkpt>
    <trkpt lat="35.38800" lon="-120.28341"><ele>586.0</ele></trkpt>
    <trkpt lat="35.38805" lon="-120.28341"><ele>586.0</ele></trkpt>
    <trkpt lat="35.38811" lon="-120.28341"><ele>586.0</ele></trkpt>
    <trkpt lat="35.38817" lon="-120.28343"><ele>586.0</ele></trkpt>
    <trkpt lat="35.38819" lon="-120.28339"><ele>586.0</ele></trkpt>
    <trkpt lat="35.38825" lon="-120.28338"><ele>586.0</ele></trkpt>
    <trkpt lat="35.38826" lon="-120.28338"><ele>582.0</ele></trkpt>
    <trkpt lat="35.38833" lon="-120.28335"><ele>582.0</ele></trkpt>
    <trkpt lat="35.38839" lon="-120.28334"><ele>582.0</ele></trkpt>
    <trkpt lat="35.38841" lon="-120.28333"><ele>582.0</ele></trkpt>
    <trkpt lat="35.38841" lon="-120.28333"><ele>582.0</ele></trkpt>
    <trkpt lat="35.38846" lon="-120.28334"><ele>582.0</ele></trkpt>
    <trkpt lat="35.38850" lon="-120.28332"><ele>582.0</ele></trkpt>
    <trkpt lat="35.38856" lon="-120.28330"><ele>582.0</ele></trkpt>
    <trkpt lat="35.38860" lon="-120.28330"><ele>582.0</ele></trkpt>
    <trkpt lat="35.38865" lon="-120.28332"><ele>582.0</ele></trkpt>
    <trkpt lat="35.38870" lon="-120.28333"><ele>582.0</ele></trkpt>
    <trkpt lat="35.38872" lon="-120.28334"><ele>582.0</ele></trkpt>
    <trkpt lat="35.38876" lon="-120.28337"><ele>582.0</ele></trkpt>
    <trkpt lat="35.38881" lon="-120.28339"><ele>582.0</ele></trkpt>
    <trkpt lat="35.38887" lon="-120.28343"><ele>582.0</ele></trkpt>
    <trkpt lat="35.38892" lon="-120.28346"><ele>582.0</ele></trkpt>
    <trkpt lat="35.38896" lon="-120.28350"><ele>582.0</ele></trkpt>
    <trkpt lat="35.38896" lon="-120.28350"><ele>582.0</ele></trkpt>
    <trkpt lat="35.38899" lon="-120.28353"><ele>582.0</ele></trkpt>
    <trkpt lat="35.38902" lon="-120.28355"><ele>582.0</ele></trkpt>
    <trkpt lat="35.38904" lon="-120.28358"><ele>582.0</ele></trkpt>
    <trkpt lat="35.38906" lon="-120.28361"><ele>582.0</ele></trkpt>
    <trkpt lat="35.38906" lon="-120.28365"><ele>582.0</ele></trkpt>
    <trkpt lat="35.38906" lon="-120.28367"><ele>582.0</ele></trkpt>
    <trkpt lat="35.38906" lon="-120.28367"><ele>582.0</ele></trkpt>
    <trkpt lat="35.38908" lon="-120.28373"><ele>604.0</ele></trkpt>
    <trkpt lat="35.38910" lon="-120.28377"><ele>604.0</ele></trkpt>
    <trkpt lat="35.38912" lon="-120.28384"><ele>604.0</ele></trkpt>
    <trkpt lat="35.38914" lon="-120.28389"><ele>604.0</ele></trkpt>
    <trkpt lat="35.38917" lon="-120.28394"><ele>604.0</ele></trkpt>
    <trkpt lat="35.38919" lon="-120.28399"><ele>604.0</ele></trkpt>
    <trkpt lat="35.38922" lon="-120.28404"><ele>604.0</ele></trkpt>
    <trkpt lat="35.38925" lon="-120.28410"><ele>604.0</ele></trkpt>
    <trkpt lat="35.38929" lon="-120.28415"><ele>604.0</ele></trkpt>
    <trkpt lat="35.38930" lon="-120.28418"><ele>604.0</ele></trkpt>
    <trkpt lat="35.38932" lon="-120.28421"><ele>604.0</ele></trkpt>
    <trkpt lat="35.38935" lon="-120.28427"><ele>604.0</ele></trkpt>
    <trkpt lat="35.38938" lon="-120.28434"><ele>604.0</ele></trkpt>
    <trkpt lat="35.38939" lon="-120.28441"><ele>604.0</ele></trkpt>
    <trkpt lat="35.38940" lon="-120.28445"><ele>604.0</ele></trkpt>
    <trkpt lat="35.38941" lon="-120.28449"><ele>604.0</ele></trkpt>
    <trkpt lat="35.38942" lon="-120.28455"><ele>604.0</ele></trkpt>
    <trkpt lat="35.38943" lon="-120.28462"><ele>604.0</ele></trkpt>
    <trkpt lat="35.38945" lon="-120.28469"><ele>604.0</ele></trkpt>
    <trkpt lat="35.38948" lon="-120.28473"><ele>604.0</ele></trkpt>
    <trkpt lat="35.38949" lon="-120.28476"><ele>604.0</ele></trkpt>
    <trkpt lat="35.38950" lon="-120.28483"><ele>604.0</ele></trkpt>
    <trkpt lat="35.38952" lon="-120.28491"><ele>604.0</ele></trkpt>
    <trkpt lat="35.38953" lon="-120.28499"><ele>604.0</ele></trkpt>
    <trkpt lat="35.38954" lon="-120.28505"><ele>604.0</ele></trkpt>
    <trkpt lat="35.38954" lon="-120.28511"><ele>627.0</ele></trkpt>
    <trkpt lat="35.38955" lon="-120.28514"><ele>627.0</ele></trkpt>
    <trkpt lat="35.38956" lon="-120.28522"><ele>627.0</ele></trkpt>
    <trkpt lat="35.38958" lon="-120.28530"><ele>627.0</ele></trkpt>
    <trkpt lat="35.38961" lon="-120.28537"><ele>627.0</ele></trkpt>
    <trkpt lat="35.38965" lon="-120.28543"><ele>627.0</ele></trkpt>
    <trkpt lat="35.38970" lon="-120.28548"><ele>627.0</ele></trkpt>
    <trkpt lat="35.38975" lon="-120.28551"><ele>627.0</ele></trkpt>
    <trkpt lat="35.38981" lon="-120.28554"><ele>627.0</ele></trkpt>
    <trkpt lat="35.38987" lon="-120.28556"><ele>627.0</ele></trkpt>
    <trkpt lat="35.38993" lon="-120.28557"><ele>627.0</ele></trkpt>
    <trkpt lat="35.38999" lon="-120.28558"><ele>627.0</ele></trkpt>
    <trkpt lat="35.39005" lon="-120.28557"><ele>627.0</ele></trkpt>
    <trkpt lat="35.39010" lon="-120.28556"><ele>627.0</ele></trkpt>
    <trkpt lat="35.39016" lon="-120.28553"><ele>627.0</ele></trkpt>
    <trkpt lat="35.39020" lon="-120.28551"><ele>627.0</ele></trkpt>
    <trkpt lat="35.39021" lon="-120.28551"><ele>627.0</ele></trkpt>
    <trkpt lat="35.39025" lon="-120.28550"><ele>627.0</ele></trkpt>
    <trkpt lat="35.39031" lon="-120.28549"><ele>627.0</ele></trkpt>
    <trkpt lat="35.39037" lon="-120.28550"><ele>627.0</ele></trkpt>
    <trkpt lat="35.39042" lon="-120.28551"><ele>627.0</ele></trkpt>
    <trkpt lat="35.39043" lon="-120.28551"><ele>627.0</ele></trkpt>
    <trkpt lat="35.39050" lon="-120.28555"><ele>627.0</ele></trkpt>
    <trkpt lat="35.39054" lon="-120.28558"><ele>627.0</ele></trkpt>
    <trkpt lat="35.39058" lon="-120.28561"><ele>623.0</ele></trkpt>
    <trkpt lat="35.39062" lon="-120.28565"><ele>623.0</ele></trkpt>
    <trkpt lat="35.39065" lon="-120.28569"><ele>623.0</ele></trkpt>
    <trkpt lat="35.39069" lon="-120.28575"><ele>623.0</ele></trkpt>
    <trkpt lat="35.39072" lon="-120.28580"><ele>623.0</ele></trkpt>
    <trkpt lat="35.39073" lon="-120.28584"><ele>623.0</ele></trkpt>
    <trkpt lat="35.39075" lon="-120.28588"><ele>623.0</ele></trkpt>
    <trkpt lat="35.39075" lon="-120.28589"><ele>623.0</ele></trkpt>
    <trkpt lat="35.39077" lon="-120.28593"><ele>623.0</ele></trkpt>
    <trkpt lat="35.39080" lon="-120.28598"><ele>623.0</ele></trkpt>
    <trkpt lat="35.39080" lon="-120.28599"><ele>623.0</ele></trkpt>
    <trkpt lat="35.39081" lon="-120.28601"><ele>623.0</ele></trkpt>
    <trkpt lat="35.39083" lon="-120.28606"><ele>623.0</ele></trkpt>
    <trkpt lat="35.39086" lon="-120.28611"><ele>623.0</ele></trkpt>
    <trkpt lat="35.39089" lon="-120.28617"><ele>623.0</ele></trkpt>
    <trkpt lat="35.39093" lon="-120.28623"><ele>623.0</ele></trkpt>
    <trkpt lat="35.39099" lon="-120.28631"><ele>623.0</ele></trkpt>
    <trkpt lat="35.38639" lon="-120.28225"><ele>623.0</ele></trkpt>
    <trkpt lat="35.38641" lon="-120.28219"><ele>623.0</ele></trkpt>
    <trkpt lat="35.38643" lon="-120.28213"><ele>623.0</ele></trkpt>
    <trkpt lat="35.38649" lon="-120.28206"><ele>623.0</ele></trkpt>
    <trkpt lat="35.38656" lon="-120.28196"><ele>623.0</ele></trkpt>
    <trkpt lat="35.38664" lon="-120.28185"><ele>623.0</ele></trkpt>
    <trkpt lat="35.38673" lon="-120.28174"><ele>623.0</ele></trkpt>
    <trkpt lat="35.38680" lon="-120.28161"><ele>623.0</ele></trkpt>
    <trkpt lat="35.38689" lon="-120.28149"><ele>608.0</ele></trkpt>
    <trkpt lat="35.38699" lon="-120.28141"><ele>608.0</ele></trkpt>
    <trkpt lat="35.38710" lon="-120.28136"><ele>608.0</ele></trkpt>
    <trkpt lat="35.38720" lon="-120.28130"><ele>608.0</ele></trkpt>
    <trkpt lat="35.38731" lon="-120.28124"><ele>608.0</ele></trkpt>
    <trkpt lat="35.38741" lon="-120.28119"><ele>608.0</ele></trkpt>
    <trkpt lat="35.38756" lon="-120.28111"><ele>608.0</ele></trkpt>
    <trkpt lat="35.38765" lon="-120.28107"><ele>608.0</ele></trkpt>
    <trkpt lat="35.38776" lon="-120.28103"><ele>608.0</ele></trkpt>
    <trkpt lat="35.38786" lon="-120.28097"><ele>608.0</ele></trkpt>
    <trkpt lat="35.38805" lon="-120.28079"><ele>608.0</ele></trkpt>
    <trkpt lat="35.38816" lon="-120.28070"><ele>608.0</ele></trkpt>
    <trkpt lat="35.38829" lon="-120.28062"><ele>608.0</ele></trkpt>
    <trkpt lat="35.38838" lon="-120.28058"><ele>608.0</ele></trkpt>
    <trkpt lat="35.38839" lon="-120.28057"><ele>608.0</ele></trkpt>
    <trkpt lat="35.38847" lon="-120.28054"><ele>608.0</ele></trkpt>
    <trkpt lat="35.38863" lon="-120.28049"><ele>608.0</ele></trkpt>
    <trkpt lat="35.38878" lon="-120.28047"><ele>608.0</ele></trkpt>
    <trkpt lat="35.38895" lon="-120.28047"><ele>608.0</ele></trkpt>
    <trkpt lat="35.38908" lon="-120.28050"><ele>608.0</ele></trkpt>
    <trkpt lat="35.38916" lon="-120.28052"><ele>608.0</ele></trkpt>
    <trkpt lat="35.38920" lon="-120.28055"><ele>608.0</ele></trkpt>
    <trkpt lat="35.38925" lon="-120.28057"><ele>608.0</ele></trkpt>
    <trkpt lat="35.38930" lon="-120.28060"><ele>608.0</ele></trkpt>
    <trkpt lat="35.38935" lon="-120.28061"><ele>608.0</ele></trkpt>
    <trkpt lat="35.38940" lon="-120.28062"><ele>589.0</ele></trkpt>
    <trkpt lat="35.38942" lon="-120.28063"><ele>589.0</ele></trkpt>
    <trkpt lat="35.38946" lon="-120.28064"><ele>589.0</ele></trkpt>
    <trkpt lat="35.38951" lon="-120.28066"><ele>589.0</ele></trkpt>
    <trkpt lat="35.38954" lon="-120.28066"><ele>589.0</ele></trkpt>
    <trkpt lat="35.38958" lon="-120.28065"><ele>589.0</ele></trkpt>
    <trkpt lat="35.38960" lon="-120.28064"><ele>589.0</ele></trkpt>
    <trkpt lat="35.38963" lon="-120.28063"><ele>589.0</ele></trkpt>
    <trkpt lat="35.38965" lon="-120.28062"><ele>589.0</ele></trkpt>
    <trkpt lat="35.38968" lon="-120.28061"><ele>589.0</ele></trkpt>
    <trkpt lat="35.38971" lon="-120.28060"><ele>589.0</ele></trkpt>
    <trkpt lat="35.38975" lon="-120.28058"><ele>589.0</ele></trkpt>
    <trkpt lat="35.38981" lon="-120.28056"><ele>589.0</ele></trkpt>
    <trkpt lat="35.38986" lon="-120.28054"><ele>589.0</ele></trkpt>
    <trkpt lat="35.38988" lon="-120.28052"><ele>589.0</ele></trkpt>
    <trkpt lat="35.38990" lon="-120.28051"><ele>589.0</ele></trkpt>
    <trkpt lat="35.38995" lon="-120.28046"><ele>589.0</ele></trkpt>
    <trkpt lat="35.39001" lon="-120.28041"><ele>589.0</ele></trkpt>
    <trkpt lat="35.39007" lon="-120.28038"><ele>589.0</ele></trkpt>
    <trkpt lat="35.39013" lon="-120.28036"><ele>589.0</ele></trkpt>
    <trkpt lat="35.39019" lon="-120.28036"><ele>589.0</ele></trkpt>
    <trkpt lat="35.39026" lon="-120.28037"><ele>589.0</ele></trkpt>
    <trkpt lat="35.39031" lon="-120.28037"><ele>589.0</ele></trkpt>
    <trkpt lat="35.39037" lon="-120.28039"><ele>589.0</ele></trkpt>
    <trkpt lat="35.39043" lon="-120.28038"><ele>589.0</ele></trkpt>
    <trkpt lat="35.39051" lon="-120.28036"><ele>580.0</ele></trkpt>
    <trkpt lat="35.39056" lon="-120.28034"><ele>580.0</ele></trkpt>
    <trkpt lat="35.39065" lon="-120.28037"><ele>580.0</ele></trkpt>
    <trkpt lat="35.39070" lon="-120.28039"><ele>580.0</ele></trkpt>
    <trkpt lat="35.39073" lon="-120.28045"><ele>580.0</ele></trkpt>
    <trkpt lat="35.39076" lon="-120.28049"><ele>580.0</ele></trkpt>
    <trkpt lat="35.39086" lon="-120.28050"><ele>580.0</ele></trkpt>
    <trkpt lat="35.39094" lon="-120.28046"><ele>580.0</ele></trkpt>
    <trkpt lat="35.39101" lon="-120.28039"><ele>580.0</ele></trkpt>
    <trkpt lat="35.39106" lon="-120.28033"><ele>580.0</ele></trkpt>
    <trkpt lat="35.39111" lon="-120.28027"><ele>580.0</ele></trkpt>
    <trkpt lat="35.39118" lon="-120.28019"><ele>580.0</ele></trkpt>
    <trkpt lat="35.39124" lon="-120.28017"><ele>580.0</ele></trkpt>
    <trkpt lat="35.39134" lon="-120.28014"><ele>580.0</ele></trkpt>
    <trkpt lat="35.39141" lon="-120.28010"><ele>580.0</ele></trkpt>
    <trkpt lat="35.39146" lon="-120.28001"><ele>580.0</ele></trkpt>
    <trkpt lat="35.39154" lon="-120.27989"><ele>580.0</ele></trkpt>
    <trkpt lat="35.39161" lon="-120.27983"><ele>580.0</ele></trkpt>
    <trkpt lat="35.39169" lon="-120.27979"><ele>580.0</ele></trkpt>
    <trkpt lat="35.39174" lon="-120.27973"><ele>580.0</ele></trkpt>
    <trkpt lat="35.39182" lon="-120.27966"><ele>580.0</ele></trkpt>
    <trkpt lat="35.39188" lon="-120.27959"><ele>580.0</ele></trkpt>
    <trkpt lat="35.39194" lon="-120.27952"><ele>580.0</ele></trkpt>
    <trkpt lat="35.39202" lon="-120.27946"><ele>580.0</ele></trkpt>
    <trkpt lat="35.39209" lon="-120.27930"><ele>552.0</ele></trkpt>
    <trkpt lat="35.39217" lon="-120.27911"><ele>552.0</ele></trkpt>
    <trkpt lat="35.39223" lon="-120.27891"><ele>552.0</ele></trkpt>
    <trkpt lat="35.39227" lon="-120.27875"><ele>552.0</ele></trkpt>
    <trkpt lat="35.39233" lon="-120.27859"><ele>552.0</ele></trkpt>
    <trkpt lat="35.39238" lon="-120.27850"><ele>552.0</ele></trkpt>
    <trkpt lat="35.39239" lon="-120.27846"><ele>552.0</ele></trkpt>
    <trkpt lat="35.39240" lon="-120.27840"><ele>552.0</ele></trkpt>
    <trkpt lat="35.39244" lon="-120.27828"><ele>552.0</ele></trkpt>
    <trkpt lat="35.39244" lon="-120.27820"><ele>552.0</ele></trkpt>
    <trkpt lat="35.39240" lon="-120.27813"><ele>552.0</ele></trkpt>
    <trkpt lat="35.39238" lon="-120.27805"><ele>552.0</ele></trkpt>
    <trkpt lat="35.39235" lon="-120.27796"><ele>552.0</ele></trkpt>
    <trkpt lat="35.38287" lon="-120.28106"><ele>552.0</ele></trkpt>
    <trkpt lat="35.38286" lon="-120.28107"><ele>552.0</ele></trkpt>
    <trkpt lat="35.38282" lon="-120.28109"><ele>552.0</ele></trkpt>
    <trkpt lat="35.38277" lon="-120.28108"><ele>552.0</ele></trkpt>
    <trkpt lat="35.38271" lon="-120.28109"><ele>552.0</ele></trkpt>
    <trkpt lat="35.38267" lon="-120.28111"><ele>552.0</ele></trkpt>
    <trkpt lat="35.38262" lon="-120.28114"><ele>552.0</ele></trkpt>
    <trkpt lat="35.38258" lon="-120.28115"><ele>552.0</ele></trkpt>
    <trkpt lat="35.38253" lon="-120.28117"><ele>552.0</ele></trkpt>
    <trkpt lat="35.38249" lon="-120.28119"><ele>552.0</ele></trkpt>
    <trkpt lat="35.38245" lon="-120.28121"><ele>552.0</ele></trkpt>
    <trkpt lat="35.38242" lon="-120.28122"><ele>552.0</ele></trkpt>
    <trkpt lat="35.38238" lon="-120.28123"><ele>574.0</ele></trkpt>
    <trkpt lat="35.38236" lon="-120.28125"><ele>574.0</ele></trkpt>
    <trkpt lat="35.38231" lon="-120.28129"><ele>574.0</ele></trkpt>
    <trkpt lat="35.38225" lon="-120.28133"><ele>574.0</ele></trkpt>
    <trkpt lat="35.38219" lon="-120.28136"><ele>574.0</ele></trkpt>
    <trkpt lat="35.38215" lon="-120.28138"><ele>574.0</ele></trkpt>
    <trkpt lat="35.38210" lon="-120.28139"><ele>574.0</ele></trkpt>
    <trkpt lat="35.38205" lon="-120.28140"><ele>574.0</ele></trkpt>
    <trkpt lat="35.38200" lon="-120.28142"><ele>574.0</ele></trkpt>
    <trkpt lat="35.38193" lon="-120.28144"><ele>574.0</ele></trkpt>
    <trkpt lat="35.38190" lon="-120.28146"><ele>574.0</ele></trkpt>
    <trkpt lat="35.38185" lon="-120.28149"><ele>574.0</ele></trkpt>
    <trkpt lat="35.38181" lon="-120.28153"><ele>574.0</ele></trkpt>
    <trkpt lat="35.38177" lon="-120.28157"><ele>574.0</ele></trkpt>
    <trkpt lat="35.38174" lon="-120.28163"><ele>574.0</ele></trkpt>
    <trkpt lat="35.38169" lon="-120.28166"><ele>574.0</ele></trkpt>
    <trkpt lat="35.38162" lon="-120.28172"><ele>574.0</ele></trkpt>
    <trkpt lat="35.38159" lon="-120.28175"><ele>574.0</ele></trkpt>
    <trkpt lat="35.38157" lon="-120.28178"><ele>574.0</ele></trkpt>
    <trkpt lat="35.38153" lon="-120.28181"><ele>574.0</ele></trkpt>
    <trkpt lat="35.38149" lon="-120.28184"><ele>574.0</ele></trkpt>
    <trkpt lat="35.38149" lon="-120.28185"><ele>574.0</ele></trkpt>
    <trkpt lat="35.38145" lon="-120.28188"><ele>574.0</ele></trkpt>
    <trkpt lat="35.38140" lon="-120.28190"><ele>574.0</ele></trkpt>
    <trkpt lat="35.38135" lon="-120.28191"><ele>574.0</ele></trkpt>
    <trkpt lat="35.38130" lon="-120.28193"><ele>574.0</ele></trkpt>
    <trkpt lat="35.38125" lon="-120.28195"><ele>574.0</ele></trkpt>
    <trkpt lat="35.38122" lon="-120.28199"><ele>574.0</ele></trkpt>
    <trkpt lat="35.38118" lon="-120.28203"><ele>574.0</ele></trkpt>
    <trkpt lat="35.38114" lon="-120.28209"><ele>574.0</ele></trkpt>
    <trkpt lat="35.38112" lon="-120.28211"><ele>574.0</ele></trkpt>
    <trkpt lat="35.38110" lon="-120.28214"><ele>574.0</ele></trkpt>
    <trkpt lat="35.38107" lon="-120.28216"><ele>574.0</ele></trkpt>
    <trkpt lat="35.38105" lon="-120.28218"><ele>574.0</ele></trkpt>
    <trkpt lat="35.38104" lon="-120.28220"><ele>574.0</ele></trkpt>
    <trkpt lat="35.38103" lon="-120.28221"><ele>574.0</ele></trkpt>
    <trkpt lat="35.38103" lon="-120.28221"><ele>574.0</ele></trkpt>
    <trkpt lat="35.38100" lon="-120.28224"><ele>574.0</ele></trkpt>
    <trkpt lat="35.38098" lon="-120.28228"><ele>574.0</ele></trkpt>
    <trkpt lat="35.38095" lon="-120.28232"><ele>574.0</ele></trkpt>
    <trkpt lat="35.38092" lon="-120.28236"><ele>574.0</ele></trkpt>
    <trkpt lat="35.38089" lon="-120.28240"><ele>574.0</ele></trkpt>
    <trkpt lat="35.38085" lon="-120.28245"><ele>574.0</ele></trkpt>
    <trkpt lat="35.38081" lon="-120.28249"><ele>574.0</ele></trkpt>
    <trkpt lat="35.38077" lon="-120.28253"><ele>574.0</ele></trkpt>
    <trkpt lat="35.38073" lon="-120.28255"><ele>574.0</ele></trkpt>
    <trkpt lat="35.38069" lon="-120.28256"><ele>574.0</ele></trkpt>
    <trkpt lat="35.38065" lon="-120.28255"><ele>574.0</ele></trkpt>
    <trkpt lat="35.38060" lon="-120.28254"><ele>574.0</ele></trkpt>
    <trkpt lat="35.38055" lon="-120.28252"><ele>570.0</ele></trkpt>
    <trkpt lat="35.38051" lon="-120.28252"><ele>570.0</ele></trkpt>
    <trkpt lat="35.38047" lon="-120.28252"><ele>570.0</ele></trkpt>
    <trkpt lat="35.38045" lon="-120.28251"><ele>570.0</ele></trkpt>
    <trkpt lat="35.38044" lon="-120.28252"><ele>570.0</ele></trkpt>
    <trkpt lat="35.38040" lon="-120.28253"><ele>570.0</ele></trkpt>
    <trkpt lat="35.38037" lon="-120.28255"><ele>570.0</ele></trkpt>
    <trkpt lat="35.38032" lon="-120.28258"><ele>570.0</ele></trkpt>
    <trkpt lat="35.38027" lon="-120.28260"><ele>570.0</ele></trkpt>
    <trkpt lat="35.38022" lon="-120.28264"><ele>570.0</ele></trkpt>
    <trkpt lat="35.38018" lon="-120.28268"><ele>570.0</ele></trkpt>
    <trkpt lat="35.38016" lon="-120.28270"><ele>570.0</ele></trkpt>
    <trkpt lat="35.38014" lon="-120.28273"><ele>570.0</ele></trkpt>
  </trkseg></trk>
</gpx>
