<?xml version="1.0" encoding="UTF-8"?>
<gpx version="1.1" creator="dirt-bikes build-area-routes (MVUM geometry + SRTM elevation)" xmlns="http://www.topografix.com/GPX/1/1">
  <trk><name>Sierra Madre Road</name><trkseg>
    <trkpt lat="35.11168" lon="-120.09148"><ele>403.0</ele></trkpt>
    <trkpt lat="35.11151" lon="-120.09126"><ele>403.0</ele></trkpt>
    <trkpt lat="35.11131" lon="-120.09094"><ele>403.0</ele></trkpt>
    <trkpt lat="35.11103" lon="-120.09073"><ele>403.0</ele></trkpt>
    <trkpt lat="35.11076" lon="-120.09063"><ele>403.0</ele></trkpt>
    <trkpt lat="35.11053" lon="-120.09060"><ele>403.0</ele></trkpt>
    <trkpt lat="35.11030" lon="-120.09060"><ele>403.0</ele></trkpt>
    <trkpt lat="35.11015" lon="-120.09060"><ele>403.0</ele></trkpt>
    <trkpt lat="35.10999" lon="-120.09052"><ele>403.0</ele></trkpt>
    <trkpt lat="35.10983" lon="-120.09029"><ele>403.0</ele></trkpt>
    <trkpt lat="35.10972" lon="-120.09000"><ele>403.0</ele></trkpt>
    <trkpt lat="35.10965" lon="-120.08971"><ele>446.0</ele></trkpt>
    <trkpt lat="35.10957" lon="-120.08942"><ele>446.0</ele></trkpt>
    <trkpt lat="35.10939" lon="-120.08902"><ele>446.0</ele></trkpt>
    <trkpt lat="35.10923" lon="-120.08864"><ele>446.0</ele></trkpt>
    <trkpt lat="35.10907" lon="-120.08831"><ele>446.0</ele></trkpt>
    <trkpt lat="35.10891" lon="-120.08802"><ele>446.0</ele></trkpt>
    <trkpt lat="35.10879" lon="-120.08794"><ele>446.0</ele></trkpt>
    <trkpt lat="35.10851" lon="-120.08796"><ele>446.0</ele></trkpt>
    <trkpt lat="35.10819" lon="-120.08806"><ele>446.0</ele></trkpt>
    <trkpt lat="35.10800" lon="-120.08808"><ele>446.0</ele></trkpt>
    <trkpt lat="35.10778" lon="-120.08797"><ele>446.0</ele></trkpt>
    <trkpt lat="35.10749" lon="-120.08764"><ele>446.0</ele></trkpt>
    <trkpt lat="35.10734" lon="-120.08748"><ele>446.0</ele></trkpt>
    <trkpt lat="35.10714" lon="-120.08737"><ele>446.0</ele></trkpt>
    <trkpt lat="35.10689" lon="-120.08724"><ele>446.0</ele></trkpt>
    <trkpt lat="35.10646" lon="-120.08701"><ele>446.0</ele></trkpt>
    <trkpt lat="35.10618" lon="-120.08682"><ele>446.0</ele></trkpt>
    <trkpt lat="35.10598" lon="-120.08678"><ele>446.0</ele></trkpt>
    <trkpt lat="35.10571" lon="-120.08668"><ele>446.0</ele></trkpt>
    <trkpt lat="35.10544" lon="-120.08656"><ele>446.0</ele></trkpt>
    <trkpt lat="35.10538" lon="-120.08653"><ele>446.0</ele></trkpt>
    <trkpt lat="35.10512" lon="-120.08640"><ele>492.0</ele></trkpt>
    <trkpt lat="35.10495" lon="-120.08628"><ele>492.0</ele></trkpt>
    <trkpt lat="35.10475" lon="-120.08625"><ele>492.0</ele></trkpt>
    <trkpt lat="35.10450" lon="-120.08621"><ele>492.0</ele></trkpt>
    <trkpt lat="35.10433" lon="-120.08616"><ele>492.0</ele></trkpt>
    <trkpt lat="35.10412" lon="-120.08616"><ele>492.0</ele></trkpt>
    <trkpt lat="35.10397" lon="-120.08612"><ele>492.0</ele></trkpt>
    <trkpt lat="35.10387" lon="-120.08603"><ele>492.0</ele></trkpt>
    <trkpt lat="35.10386" lon="-120.08580"><ele>492.0</ele></trkpt>
    <trkpt lat="35.10385" lon="-120.08560"><ele>492.0</ele></trkpt>
    <trkpt lat="35.10380" lon="-120.08547"><ele>492.0</ele></trkpt>
    <trkpt lat="35.10363" lon="-120.08534"><ele>492.0</ele></trkpt>
    <trkpt lat="35.10346" lon="-120.08537"><ele>492.0</ele></trkpt>
    <trkpt lat="35.10321" lon="-120.08537"><ele>492.0</ele></trkpt>
    <trkpt lat="35.10302" lon="-120.08530"><ele>492.0</ele></trkpt>
    <trkpt lat="35.10283" lon="-120.08511"><ele>492.0</ele></trkpt>
    <trkpt lat="35.10265" lon="-120.08499"><ele>492.0</ele></trkpt>
    <trkpt lat="35.10233" lon="-120.08492"><ele>492.0</ele></trkpt>
    <trkpt lat="35.10209" lon="-120.08489"><ele>492.0</ele></trkpt>
    <trkpt lat="35.10190" lon="-120.08483"><ele>492.0</ele></trkpt>
    <trkpt lat="35.10184" lon="-120.08468"><ele>516.0</ele></trkpt>
    <trkpt lat="35.10182" lon="-120.08449"><ele>516.0</ele></trkpt>
    <trkpt lat="35.10174" lon="-120.08428"><ele>516.0</ele></trkpt>
    <trkpt lat="35.10159" lon="-120.08413"><ele>516.0</ele></trkpt>
    <trkpt lat="35.10140" lon="-120.08405"><ele>516.0</ele></trkpt>
    <trkpt lat="35.10112" lon="-120.08404"><ele>516.0</ele></trkpt>
    <trkpt lat="35.10092" lon="-120.08403"><ele>516.0</ele></trkpt>
    <trkpt lat="35.10079" lon="-120.08394"><ele>516.0</ele></trkpt>
    <trkpt lat="35.10072" lon="-120.08382"><ele>516.0</ele></trkpt>
    <trkpt lat="35.10076" lon="-120.08358"><ele>516.0</ele></trkpt>
    <trkpt lat="35.10080" lon="-120.08330"><ele>516.0</ele></trkpt>
    <trkpt lat="35.10069" lon="-120.08305"><ele>516.0</ele></trkpt>
    <trkpt lat="35.10056" lon="-120.08287"><ele>516.0</ele></trkpt>
    <trkpt lat="35.10030" lon="-120.08275"><ele>516.0</ele></trkpt>
    <trkpt lat="35.10007" lon="-120.08265"><ele>516.0</ele></trkpt>
    <trkpt lat="35.09993" lon="-120.08253"><ele>516.0</ele></trkpt>
    <trkpt lat="35.09988" lon="-120.08239"><ele>516.0</ele></trkpt>
    <trkpt lat="35.09995" lon="-120.08222"><ele>516.0</ele></trkpt>
    <trkpt lat="35.10011" lon="-120.08200"><ele>516.0</ele></trkpt>
    <trkpt lat="35.10020" lon="-120.08183"><ele>516.0</ele></trkpt>
    <trkpt lat="35.10017" lon="-120.08164"><ele>516.0</ele></trkpt>
    <trkpt lat="35.10005" lon="-120.08145"><ele>529.0</ele></trkpt>
    <trkpt lat="35.09984" lon="-120.08120"><ele>529.0</ele></trkpt>
    <trkpt lat="35.09959" lon="-120.08104"><ele>529.0</ele></trkpt>
    <trkpt lat="35.09931" lon="-120.08088"><ele>529.0</ele></trkpt>
    <trkpt lat="35.09915" lon="-120.08073"><ele>529.0</ele></trkpt>
    <trkpt lat="35.09908" lon="-120.08048"><ele>529.0</ele></trkpt>
    <trkpt lat="35.09904" lon="-120.08019"><ele>529.0</ele></trkpt>
    <trkpt lat="35.09908" lon="-120.08007"><ele>529.0</ele></trkpt>
    <trkpt lat="35.09921" lon="-120.08000"><ele>529.0</ele></trkpt>
    <trkpt lat="35.09933" lon="-120.07991"><ele>529.0</ele></trkpt>
    <trkpt lat="35.09942" lon="-120.07975"><ele>529.0</ele></trkpt>
    <trkpt lat="35.09938" lon="-120.07940"><ele>529.0</ele></trkpt>
    <trkpt lat="35.09934" lon="-120.07916"><ele>529.0</ele></trkpt>
    <trkpt lat="35.09923" lon="-120.07905"><ele>529.0</ele></trkpt>
    <trkpt lat="35.09909" lon="-120.07905"><ele>529.0</ele></trkpt>
    <trkpt lat="35.09896" lon="-120.07908"><ele>529.0</ele></trkpt>
    <trkpt lat="35.09884" lon="-120.07903"><ele>529.0</ele></trkpt>
    <trkpt lat="35.09875" lon="-120.07884"><ele>529.0</ele></trkpt>
    <trkpt lat="35.09873" lon="-120.07865"><ele>529.0</ele></trkpt>
    <trkpt lat="35.09873" lon="-120.07842"><ele>529.0</ele></trkpt>
    <trkpt lat="35.09867" lon="-120.07819"><ele>529.0</ele></trkpt>
    <trkpt lat="35.09853" lon="-120.07806"><ele>581.0</ele></trkpt>
    <trkpt lat="35.09833" lon="-120.07799"><ele>581.0</ele></trkpt>
    <trkpt lat="35.09810" lon="-120.07794"><ele>581.0</ele></trkpt>
    <trkpt lat="35.09777" lon="-120.07784"><ele>581.0</ele></trkpt>
    <trkpt lat="35.09750" lon="-120.07779"><ele>581.0</ele></trkpt>
    <trkpt lat="35.09729" lon="-120.07779"><ele>581.0</ele></trkpt>
    <trkpt lat="35.09701" lon="-120.07779"><ele>581.0</ele></trkpt>
    <trkpt lat="35.09667" lon="-120.07776"><ele>581.0</ele></trkpt>
    <trkpt lat="35.09650" lon="-120.07767"><ele>581.0</ele></trkpt>
    <trkpt lat="35.09636" lon="-120.07755"><ele>581.0</ele></trkpt>
    <trkpt lat="35.09633" lon="-120.07739"><ele>581.0</ele></trkpt>
    <trkpt lat="35.09637" lon="-120.07724"><ele>581.0</ele></trkpt>
    <trkpt lat="35.09644" lon="-120.07709"><ele>581.0</ele></trkpt>
    <trkpt lat="35.09651" lon="-120.07693"><ele>581.0</ele></trkpt>
    <trkpt lat="35.09650" lon="-120.07670"><ele>581.0</ele></trkpt>
    <trkpt lat="35.09639" lon="-120.07636"><ele>581.0</ele></trkpt>
    <trkpt lat="35.09625" lon="-120.07611"><ele>581.0</ele></trkpt>
    <trkpt lat="35.09609" lon="-120.07598"><ele>581.0</ele></trkpt>
    <trkpt lat="35.09595" lon="-120.07597"><ele>581.0</ele></trkpt>
    <trkpt lat="35.09578" lon="-120.07597"><ele>581.0</ele></trkpt>
    <trkpt lat="35.09561" lon="-120.07594"><ele>588.0</ele></trkpt>
    <trkpt lat="35.09543" lon="-120.07602"><ele>588.0</ele></trkpt>
    <trkpt lat="35.09521" lon="-120.07616"><ele>588.0</ele></trkpt>
    <trkpt lat="35.09497" lon="-120.07627"><ele>588.0</ele></trkpt>
    <trkpt lat="35.09477" lon="-120.07634"><ele>588.0</ele></trkpt>
    <trkpt lat="35.09461" lon="-120.07633"><ele>588.0</ele></trkpt>
    <trkpt lat="35.09450" lon="-120.07628"><ele>588.0</ele></trkpt>
    <trkpt lat="35.09444" lon="-120.07618"><ele>588.0</ele></trkpt>
    <trkpt lat="35.09444" lon="-120.07597"><ele>588.0</ele></trkpt>
    <trkpt lat="35.09455" lon="-120.07570"><ele>588.0</ele></trkpt>
    <trkpt lat="35.09469" lon="-120.07536"><ele>588.0</ele></trkpt>
    <trkpt lat="35.09476" lon="-120.07516"><ele>588.0</ele></trkpt>
    <trkpt lat="35.09473" lon="-120.07503"><ele>588.0</ele></trkpt>
    <trkpt lat="35.09460" lon="-120.07499"><ele>588.0</ele></trkpt>
    <trkpt lat="35.09426" lon="-120.07503"><ele>588.0</ele></trkpt>
    <trkpt lat="35.09389" lon="-120.07502"><ele>588.0</ele></trkpt>
    <trkpt lat="35.09361" lon="-120.07492"><ele>588.0</ele></trkpt>
    <trkpt lat="35.09347" lon="-120.07477"><ele>588.0</ele></trkpt>
    <trkpt lat="35.09345" lon="-120.07463"><ele>588.0</ele></trkpt>
    <trkpt lat="35.09354" lon="-120.07445"><ele>588.0</ele></trkpt>
    <trkpt lat="35.09357" lon="-120.07426"><ele>588.0</ele></trkpt>
    <trkpt lat="35.09351" lon="-120.07417"><ele>618.0</ele></trkpt>
    <trkpt lat="35.09337" lon="-120.07413"><ele>618.0</ele></trkpt>
    <trkpt lat="35.09308" lon="-120.07420"><ele>618.0</ele></trkpt>
    <trkpt lat="35.09288" lon="-120.07427"><ele>618.0</ele></trkpt>
    <trkpt lat="35.09270" lon="-120.07427"><ele>618.0</ele></trkpt>
    <trkpt lat="35.09259" lon="-120.07416"><ele>618.0</ele></trkpt>
    <trkpt lat="35.09247" lon="-120.07379"><ele>618.0</ele></trkpt>
    <trkpt lat="35.09238" lon="-120.07349"><ele>618.0</ele></trkpt>
    <trkpt lat="35.09234" lon="-120.07325"><ele>618.0</ele></trkpt>
    <trkpt lat="35.09225" lon="-120.07309"><ele>618.0</ele></trkpt>
    <trkpt lat="35.09213" lon="-120.07306"><ele>618.0</ele></trkpt>
    <trkpt lat="35.09195" lon="-120.07308"><ele>618.0</ele></trkpt>
    <trkpt lat="35.09172" lon="-120.07314"><ele>618.0</ele></trkpt>
    <trkpt lat="35.09157" lon="-120.07315"><ele>618.0</ele></trkpt>
    <trkpt lat="35.09144" lon="-120.07307"><ele>618.0</ele></trkpt>
    <trkpt lat="35.09138" lon="-120.07290"><ele>618.0</ele></trkpt>
    <trkpt lat="35.09143" lon="-120.07275"><ele>618.0</ele></trkpt>
    <trkpt lat="35.09157" lon="-120.07243"><ele>618.0</ele></trkpt>
    <trkpt lat="35.09159" lon="-120.07224"><ele>618.0</ele></trkpt>
    <trkpt lat="35.09146" lon="-120.07192"><ele>618.0</ele></trkpt>
    <trkpt lat="35.09131" lon="-120.07162"><ele>618.0</ele></trkpt>
    <trkpt lat="35.09115" lon="-120.07145"><ele>654.0</ele></trkpt>
    <trkpt lat="35.09093" lon="-120.07139"><ele>654.0</ele></trkpt>
    <trkpt lat="35.09073" lon="-120.07141"><ele>654.0</ele></trkpt>
    <trkpt lat="35.09057" lon="-120.07146"><ele>654.0</ele></trkpt>
    <trkpt lat="35.09040" lon="-120.07140"><ele>654.0</ele></trkpt>
    <trkpt lat="35.09017" lon="-120.07128"><ele>654.0</ele></trkpt>
    <trkpt lat="35.08999" lon="-120.07119"><ele>654.0</ele></trkpt>
    <trkpt lat="35.08985" lon="-120.07105"><ele>654.0</ele></trkpt>
    <trkpt lat="35.08971" lon="-120.07075"><ele>654.0</ele></trkpt>
    <trkpt lat="35.08964" lon="-120.07056"><ele>654.0</ele></trkpt>
    <trkpt lat="35.08964" lon="-120.07032"><ele>654.0</ele></trkpt>
    <trkpt lat="35.08965" lon="-120.07005"><ele>654.0</ele></trkpt>
    <trkpt lat="35.08963" lon="-120.06975"><ele>654.0</ele></trkpt>
    <trkpt lat="35.08958" lon="-120.06954"><ele>654.0</ele></trkpt>
    <trkpt lat="35.08959" lon="-120.06934"><ele>654.0</ele></trkpt>
    <trkpt lat="35.08963" lon="-120.06919"><ele>654.0</ele></trkpt>
    <trkpt lat="35.08966" lon="-120.06902"><ele>654.0</ele></trkpt>
    <trkpt lat="35.08954" lon="-120.06889"><ele>654.0</ele></trkpt>
    <trkpt lat="35.08938" lon="-120.06885"><ele>654.0</ele></trkpt>
    <trkpt lat="35.08919" lon="-120.06891"><ele>654.0</ele></trkpt>
    <trkpt lat="35.08902" lon="-120.06899"><ele>673.0</ele></trkpt>
    <trkpt lat="35.08890" lon="-120.06912"><ele>673.0</ele></trkpt>
    <trkpt lat="35.08881" lon="-120.06924"><ele>673.0</ele></trkpt>
    <trkpt lat="35.08870" lon="-120.06928"><ele>673.0</ele></trkpt>
    <trkpt lat="35.08852" lon="-120.06924"><ele>673.0</ele></trkpt>
    <trkpt lat="35.08845" lon="-120.06907"><ele>673.0</ele></trkpt>
    <trkpt lat="35.08828" lon="-120.06875"><ele>673.0</ele></trkpt>
    <trkpt lat="35.08808" lon="-120.06851"><ele>673.0</ele></trkpt>
    <trkpt lat="35.08784" lon="-120.06838"><ele>673.0</ele></trkpt>
    <trkpt lat="35.08767" lon="-120.06835"><ele>673.0</ele></trkpt>
    <trkpt lat="35.08752" lon="-120.06836"><ele>673.0</ele></trkpt>
    <trkpt lat="35.08747" lon="-120.06829"><ele>673.0</ele></trkpt>
    <trkpt lat="35.08750" lon="-120.06808"><ele>673.0</ele></trkpt>
    <trkpt lat="35.08764" lon="-120.06778"><ele>673.0</ele></trkpt>
    <trkpt lat="35.08773" lon="-120.06758"><ele>673.0</ele></trkpt>
    <trkpt lat="35.08776" lon="-120.06742"><ele>673.0</ele></trkpt>
    <trkpt lat="35.08768" lon="-120.06728"><ele>673.0</ele></trkpt>
    <trkpt lat="35.08750" lon="-120.06725"><ele>673.0</ele></trkpt>
    <trkpt lat="35.08730" lon="-120.06723"><ele>673.0</ele></trkpt>
    <trkpt lat="35.08714" lon="-120.06718"><ele>673.0</ele></trkpt>
    <trkpt lat="35.08692" lon="-120.06718"><ele>673.0</ele></trkpt>
    <trkpt lat="35.08678" lon="-120.06716"><ele>687.0</ele></trkpt>
    <trkpt lat="35.08672" lon="-120.06704"><ele>687.0</ele></trkpt>
    <trkpt lat="35.08670" lon="-120.06679"><ele>687.0</ele></trkpt>
    <trkpt lat="35.08681" lon="-120.06654"><ele>687.0</ele></trkpt>
    <trkpt lat="35.08692" lon="-120.06631"><ele>687.0</ele></trkpt>
    <trkpt lat="35.08693" lon="-120.06611"><ele>687.0</ele></trkpt>
    <trkpt lat="35.08685" lon="-120.06593"><ele>687.0</ele></trkpt>
    <trkpt lat="35.08670" lon="-120.06586"><ele>687.0</ele></trkpt>
    <trkpt lat="35.08656" lon="-120.06590"><ele>687.0</ele></trkpt>
    <trkpt lat="35.08644" lon="-120.06612"><ele>687.0</ele></trkpt>
    <trkpt lat="35.08639" lon="-120.06637"><ele>687.0</ele></trkpt>
    <trkpt lat="35.08638" lon="-120.06673"><ele>687.0</ele></trkpt>
    <trkpt lat="35.08639" lon="-120.06695"><ele>687.0</ele></trkpt>
    <trkpt lat="35.08644" lon="-120.06716"><ele>687.0</ele></trkpt>
    <trkpt lat="35.08656" lon="-120.06739"><ele>687.0</ele></trkpt>
    <trkpt lat="35.08665" lon="-120.06758"><ele>687.0</ele></trkpt>
    <trkpt lat="35.08673" lon="-120.06771"><ele>687.0</ele></trkpt>
    <trkpt lat="35.08671" lon="-120.06790"><ele>687.0</ele></trkpt>
    <trkpt lat="35.08668" lon="-120.06810"><ele>687.0</ele></trkpt>
    <trkpt lat="35.08671" lon="-120.06832"><ele>687.0</ele></trkpt>
    <trkpt lat="35.08677" lon="-120.06854"><ele>687.0</ele></trkpt>
    <trkpt lat="35.08681" lon="-120.06873"><ele>707.0</ele></trkpt>
    <trkpt lat="35.08686" lon="-120.06893"><ele>707.0</ele></trkpt>
    <trkpt lat="35.08695" lon="-120.06909"><ele>707.0</ele></trkpt>
    <trkpt lat="35.08711" lon="-120.06921"><ele>707.0</ele></trkpt>
    <trkpt lat="35.08731" lon="-120.06931"><ele>707.0</ele></trkpt>
    <trkpt lat="35.08743" lon="-120.06939"><ele>707.0</ele></trkpt>
    <trkpt lat="35.08748" lon="-120.06958"><ele>707.0</ele></trkpt>
    <trkpt lat="35.08749" lon="-120.06974"><ele>707.0</ele></trkpt>
    <trkpt lat="35.08742" lon="-120.06997"><ele>707.0</ele></trkpt>
    <trkpt lat="35.08741" lon="-120.07013"><ele>707.0</ele></trkpt>
    <trkpt lat="35.08745" lon="-120.07033"><ele>707.0</ele></trkpt>
    <trkpt lat="35.08744" lon="-120.07051"><ele>707.0</ele></trkpt>
    <trkpt lat="35.08731" lon="-120.07079"><ele>707.0</ele></trkpt>
    <trkpt lat="35.08713" lon="-120.07115"><ele>707.0</ele></trkpt>
    <trkpt lat="35.08701" lon="-120.07129"><ele>707.0</ele></trkpt>
    <trkpt lat="35.08688" lon="-120.07140"><ele>707.0</ele></trkpt>
    <trkpt lat="35.08669" lon="-120.07142"><ele>707.0</ele></trkpt>
    <trkpt lat="35.08655" lon="-120.07148"><ele>707.0</ele></trkpt>
    <trkpt lat="35.08629" lon="-120.07166"><ele>707.0</ele></trkpt>
    <trkpt lat="35.08611" lon="-120.07181"><ele>707.0</ele></trkpt>
    <trkpt lat="35.08598" lon="-120.07185"><ele>733.0</ele></trkpt>
    <trkpt lat="35.08583" lon="-120.07179"><ele>733.0</ele></trkpt>
    <trkpt lat="35.08572" lon="-120.07154"><ele>733.0</ele></trkpt>
    <trkpt lat="35.08560" lon="-120.07134"><ele>733.0</ele></trkpt>
    <trkpt lat="35.08548" lon="-120.07111"><ele>733.0</ele></trkpt>
    <trkpt lat="35.08532" lon="-120.07079"><ele>733.0</ele></trkpt>
    <trkpt lat="35.08525" lon="-120.07056"><ele>733.0</ele></trkpt>
    <trkpt lat="35.08520" lon="-120.07035"><ele>733.0</ele></trkpt>
    <trkpt lat="35.08511" lon="-120.07023"><ele>733.0</ele></trkpt>
    <trkpt lat="35.08498" lon="-120.07008"><ele>733.0</ele></trkpt>
    <trkpt lat="35.08487" lon="-120.06978"><ele>733.0</ele></trkpt>
    <trkpt lat="35.08476" lon="-120.06946"><ele>733.0</ele></trkpt>
    <trkpt lat="35.08461" lon="-120.06914"><ele>733.0</ele></trkpt>
    <trkpt lat="35.08449" lon="-120.06890"><ele>733.0</ele></trkpt>
    <trkpt lat="35.08444" lon="-120.06869"><ele>733.0</ele></trkpt>
    <trkpt lat="35.08442" lon="-120.06858"><ele>733.0</ele></trkpt>
    <trkpt lat="35.08438" lon="-120.06818"><ele>733.0</ele></trkpt>
    <trkpt lat="35.08432" lon="-120.06786"><ele>733.0</ele></trkpt>
    <trkpt lat="35.08421" lon="-120.06768"><ele>733.0</ele></trkpt>
    <trkpt lat="35.08404" lon="-120.06754"><ele>733.0</ele></trkpt>
    <trkpt lat="35.08388" lon="-120.06741"><ele>733.0</ele></trkpt>
    <trkpt lat="35.08385" lon="-120.06730"><ele>775.0</ele></trkpt>
    <trkpt lat="35.08394" lon="-120.06714"><ele>775.0</ele></trkpt>
    <trkpt lat="35.08404" lon="-120.06696"><ele>775.0</ele></trkpt>
    <trkpt lat="35.08413" lon="-120.06658"><ele>775.0</ele></trkpt>
    <trkpt lat="35.08415" lon="-120.06633"><ele>775.0</ele></trkpt>
    <trkpt lat="35.08411" lon="-120.06608"><ele>775.0</ele></trkpt>
    <trkpt lat="35.08402" lon="-120.06587"><ele>775.0</ele></trkpt>
    <trkpt lat="35.08383" lon="-120.06557"><ele>775.0</ele></trkpt>
    <trkpt lat="35.08360" lon="-120.06514"><ele>775.0</ele></trkpt>
    <trkpt lat="35.08343" lon="-120.06478"><ele>775.0</ele></trkpt>
    <trkpt lat="35.08332" lon="-120.06459"><ele>775.0</ele></trkpt>
    <trkpt lat="35.08319" lon="-120.06455"><ele>775.0</ele></trkpt>
    <trkpt lat="35.08291" lon="-120.06461"><ele>775.0</ele></trkpt>
    <trkpt lat="35.08279" lon="-120.06460"><ele>775.0</ele></trkpt>
    <trkpt lat="35.08267" lon="-120.06453"><ele>775.0</ele></trkpt>
    <trkpt lat="35.08260" lon="-120.06441"><ele>775.0</ele></trkpt>
    <trkpt lat="35.08251" lon="-120.06429"><ele>775.0</ele></trkpt>
    <trkpt lat="35.08236" lon="-120.06425"><ele>775.0</ele></trkpt>
    <trkpt lat="35.08215" lon="-120.06428"><ele>775.0</ele></trkpt>
    <trkpt lat="35.08199" lon="-120.06426"><ele>775.0</ele></trkpt>
    <trkpt lat="35.08185" lon="-120.06416"><ele>775.0</ele></trkpt>
    <trkpt lat="35.08171" lon="-120.06413"><ele>819.0</ele></trkpt>
    <trkpt lat="35.08151" lon="-120.06419"><ele>819.0</ele></trkpt>
    <trkpt lat="35.08126" lon="-120.06428"><ele>819.0</ele></trkpt>
    <trkpt lat="35.08113" lon="-120.06429"><ele>819.0</ele></trkpt>
    <trkpt lat="35.08096" lon="-120.06423"><ele>819.0</ele></trkpt>
    <trkpt lat="35.08084" lon="-120.06420"><ele>819.0</ele></trkpt>
    <trkpt lat="35.08066" lon="-120.06428"><ele>819.0</ele></trkpt>
    <trkpt lat="35.08049" lon="-120.06439"><ele>819.0</ele></trkpt>
    <trkpt lat="35.08036" lon="-120.06442"><ele>819.0</ele></trkpt>
    <trkpt lat="35.08015" lon="-120.06438"><ele>819.0</ele></trkpt>
    <trkpt lat="35.07998" lon="-120.06436"><ele>819.0</ele></trkpt>
    <trkpt lat="35.07982" lon="-120.06425"><ele>819.0</ele></trkpt>
    <trkpt lat="35.07976" lon="-120.06395"><ele>819.0</ele></trkpt>
    <trkpt lat="35.07965" lon="-120.06366"><ele>819.0</ele></trkpt>
    <trkpt lat="35.07947" lon="-120.06342"><ele>819.0</ele></trkpt>
    <trkpt lat="35.07934" lon="-120.06326"><ele>819.0</ele></trkpt>
    <trkpt lat="35.07920" lon="-120.06326"><ele>819.0</ele></trkpt>
    <trkpt lat="35.07893" lon="-120.06340"><ele>819.0</ele></trkpt>
    <trkpt lat="35.07857" lon="-120.06369"><ele>819.0</ele></trkpt>
    <trkpt lat="35.07840" lon="-120.06390"><ele>819.0</ele></trkpt>
    <trkpt lat="35.07826" lon="-120.06410"><ele>857.0</ele></trkpt>
    <trkpt lat="35.07806" lon="-120.06421"><ele>857.0</ele></trkpt>
    <trkpt lat="35.07781" lon="-120.06420"><ele>857.0</ele></trkpt>
    <trkpt lat="35.07764" lon="-120.06406"><ele>857.0</ele></trkpt>
    <trkpt lat="35.07751" lon="-120.06387"><ele>857.0</ele></trkpt>
    <trkpt lat="35.07741" lon="-120.06386"><ele>857.0</ele></trkpt>
    <trkpt lat="35.07721" lon="-120.06396"><ele>857.0</ele></trkpt>
    <trkpt lat="35.07704" lon="-120.06397"><ele>857.0</ele></trkpt>
    <trkpt lat="35.07669" lon="-120.06389"><ele>857.0</ele></trkpt>
    <trkpt lat="35.07649" lon="-120.06376"><ele>857.0</ele></trkpt>
    <trkpt lat="35.07645" lon="-120.06358"><ele>857.0</ele></trkpt>
    <trkpt lat="35.07646" lon="-120.06333"><ele>857.0</ele></trkpt>
    <trkpt lat="35.07632" lon="-120.06313"><ele>857.0</ele></trkpt>
    <trkpt lat="35.07607" lon="-120.06303"><ele>857.0</ele></trkpt>
    <trkpt lat="35.07580" lon="-120.06298"><ele>857.0</ele></trkpt>
    <trkpt lat="35.07560" lon="-120.06293"><ele>857.0</ele></trkpt>
    <trkpt lat="35.07550" lon="-120.06283"><ele>857.0</ele></trkpt>
    <trkpt lat="35.07546" lon="-120.06255"><ele>857.0</ele></trkpt>
    <trkpt lat="35.07540" lon="-120.06206"><ele>857.0</ele></trkpt>
    <trkpt lat="35.07539" lon="-120.06182"><ele>857.0</ele></trkpt>
    <trkpt lat="35.07550" lon="-120.06165"><ele>857.0</ele></trkpt>
    <trkpt lat="35.07554" lon="-120.06150"><ele>883.0</ele></trkpt>
    <trkpt lat="35.07547" lon="-120.06134"><ele>883.0</ele></trkpt>
    <trkpt lat="35.07534" lon="-120.06120"><ele>883.0</ele></trkpt>
    <trkpt lat="35.07527" lon="-120.06102"><ele>883.0</ele></trkpt>
    <trkpt lat="35.07528" lon="-120.06083"><ele>883.0</ele></trkpt>
    <trkpt lat="35.07535" lon="-120.06055"><ele>883.0</ele></trkpt>
    <trkpt lat="35.07540" lon="-120.06036"><ele>883.0</ele></trkpt>
    <trkpt lat="35.07540" lon="-120.06015"><ele>883.0</ele></trkpt>
    <trkpt lat="35.07530" lon="-120.05998"><ele>883.0</ele></trkpt>
    <trkpt lat="35.07510" lon="-120.05986"><ele>883.0</ele></trkpt>
    <trkpt lat="35.07470" lon="-120.05955"><ele>883.0</ele></trkpt>
    <trkpt lat="35.07439" lon="-120.05927"><ele>883.0</ele></trkpt>
    <trkpt lat="35.07379" lon="-120.05866"><ele>883.0</ele></trkpt>
    <trkpt lat="35.07325" lon="-120.05812"><ele>883.0</ele></trkpt>
    <trkpt lat="35.07288" lon="-120.05773"><ele>883.0</ele></trkpt>
    <trkpt lat="35.07265" lon="-120.05750"><ele>883.0</ele></trkpt>
    <trkpt lat="35.07244" lon="-120.05736"><ele>883.0</ele></trkpt>
    <trkpt lat="35.07227" lon="-120.05733"><ele>883.0</ele></trkpt>
    <trkpt lat="35.07201" lon="-120.05729"><ele>883.0</ele></trkpt>
    <trkpt lat="35.07179" lon="-120.05733"><ele>883.0</ele></trkpt>
    <trkpt lat="35.07173" lon="-120.05735"><ele>883.0</ele></trkpt>
    <trkpt lat="35.07152" lon="-120.05742"><ele>880.0</ele></trkpt>
    <trkpt lat="35.07144" lon="-120.05731"><ele>880.0</ele></trkpt>
    <trkpt lat="35.07126" lon="-120.05710"><ele>880.0</ele></trkpt>
    <trkpt lat="35.07116" lon="-120.05687"><ele>880.0</ele></trkpt>
    <trkpt lat="35.07112" lon="-120.05651"><ele>880.0</ele></trkpt>
    <trkpt lat="35.07115" lon="-120.05615"><ele>880.0</ele></trkpt>
    <trkpt lat="35.07114" lon="-120.05582"><ele>880.0</ele></trkpt>
    <trkpt lat="35.07107" lon="-120.05565"><ele>880.0</ele></trkpt>
    <trkpt lat="35.07089" lon="-120.05549"><ele>880.0</ele></trkpt>
    <trkpt lat="35.07064" lon="-120.05536"><ele>880.0</ele></trkpt>
    <trkpt lat="35.07043" lon="-120.05527"><ele>880.0</ele></trkpt>
    <trkpt lat="35.07029" lon="-120.05517"><ele>880.0</ele></trkpt>
    <trkpt lat="35.07025" lon="-120.05498"><ele>880.0</ele></trkpt>
    <trkpt lat="35.07018" lon="-120.05470"><ele>880.0</ele></trkpt>
    <trkpt lat="35.07009" lon="-120.05456"><ele>880.0</ele></trkpt>
    <trkpt lat="35.06998" lon="-120.05452"><ele>880.0</ele></trkpt>
    <trkpt lat="35.06982" lon="-120.05463"><ele>880.0</ele></trkpt>
    <trkpt lat="35.06977" lon="-120.05467"><ele>880.0</ele></trkpt>
    <trkpt lat="35.06956" lon="-120.05487"><ele>880.0</ele></trkpt>
    <trkpt lat="35.06929" lon="-120.05516"><ele>880.0</ele></trkpt>
    <trkpt lat="35.06910" lon="-120.05540"><ele>922.0</ele></trkpt>
    <trkpt lat="35.06899" lon="-120.05553"><ele>922.0</ele></trkpt>
    <trkpt lat="35.06886" lon="-120.05556"><ele>922.0</ele></trkpt>
    <trkpt lat="35.06865" lon="-120.05557"><ele>922.0</ele></trkpt>
    <trkpt lat="35.06840" lon="-120.05556"><ele>922.0</ele></trkpt>
    <trkpt lat="35.06818" lon="-120.05548"><ele>922.0</ele></trkpt>
    <trkpt lat="35.06807" lon="-120.05536"><ele>922.0</ele></trkpt>
    <trkpt lat="35.06795" lon="-120.05521"><ele>922.0</ele></trkpt>
    <trkpt lat="35.06785" lon="-120.05502"><ele>922.0</ele></trkpt>
    <trkpt lat="35.06779" lon="-120.05476"><ele>922.0</ele></trkpt>
    <trkpt lat="35.06769" lon="-120.05454"><ele>922.0</ele></trkpt>
    <trkpt lat="35.06742" lon="-120.05421"><ele>922.0</ele></trkpt>
    <trkpt lat="35.06717" lon="-120.05396"><ele>922.0</ele></trkpt>
    <trkpt lat="35.06703" lon="-120.05388"><ele>922.0</ele></trkpt>
    <trkpt lat="35.06689" lon="-120.05387"><ele>922.0</ele></trkpt>
    <trkpt lat="35.06679" lon="-120.05368"><ele>922.0</ele></trkpt>
    <trkpt lat="35.06675" lon="-120.05344"><ele>922.0</ele></trkpt>
    <trkpt lat="35.06664" lon="-120.05321"><ele>922.0</ele></trkpt>
    <trkpt lat="35.06643" lon="-120.05304"><ele>922.0</ele></trkpt>
    <trkpt lat="35.06611" lon="-120.05286"><ele>922.0</ele></trkpt>
    <trkpt lat="35.06584" lon="-120.05273"><ele>922.0</ele></trkpt>
    <trkpt lat="35.06562" lon="-120.05270"><ele>968.0</ele></trkpt>
    <trkpt lat="35.06539" lon="-120.05273"><ele>968.0</ele></trkpt>
    <trkpt lat="35.06517" lon="-120.05274"><ele>968.0</ele></trkpt>
    <trkpt lat="35.06496" lon="-120.05266"><ele>968.0</ele></trkpt>
    <trkpt lat="35.06470" lon="-120.05256"><ele>968.0</ele></trkpt>
    <trkpt lat="35.06444" lon="-120.05251"><ele>968.0</ele></trkpt>
    <trkpt lat="35.06419" lon="-120.05250"><ele>968.0</ele></trkpt>
    <trkpt lat="35.06390" lon="-120.05255"><ele>968.0</ele></trkpt>
    <trkpt lat="35.06370" lon="-120.05261"><ele>968.0</ele></trkpt>
    <trkpt lat="35.06357" lon="-120.05265"><ele>968.0</ele></trkpt>
    <trkpt lat="35.06343" lon="-120.05262"><ele>968.0</ele></trkpt>
    <trkpt lat="35.06327" lon="-120.05250"><ele>968.0</ele></trkpt>
    <trkpt lat="35.06308" lon="-120.05223"><ele>968.0</ele></trkpt>
    <trkpt lat="35.06292" lon="-120.05201"><ele>968.0</ele></trkpt>
    <trkpt lat="35.06276" lon="-120.05185"><ele>968.0</ele></trkpt>
    <trkpt lat="35.06262" lon="-120.05179"><ele>968.0</ele></trkpt>
    <trkpt lat="35.06246" lon="-120.05168"><ele>968.0</ele></trkpt>
    <trkpt lat="35.06234" lon="-120.05149"><ele>968.0</ele></trkpt>
    <trkpt lat="35.06224" lon="-120.05133"><ele>968.0</ele></trkpt>
    <trkpt lat="35.06206" lon="-120.05122"><ele>968.0</ele></trkpt>
    <trkpt lat="35.06190" lon="-120.05114"><ele>968.0</ele></trkpt>
    <trkpt lat="35.06172" lon="-120.05107"><ele>1009.0</ele></trkpt>
    <trkpt lat="35.06152" lon="-120.05107"><ele>1009.0</ele></trkpt>
    <trkpt lat="35.06140" lon="-120.05102"><ele>1009.0</ele></trkpt>
    <trkpt lat="35.06128" lon="-120.05089"><ele>1009.0</ele></trkpt>
    <trkpt lat="35.06120" lon="-120.05082"><ele>1009.0</ele></trkpt>
    <trkpt lat="35.06095" lon="-120.05085"><ele>1009.0</ele></trkpt>
    <trkpt lat="35.06078" lon="-120.05095"><ele>1009.0</ele></trkpt>
    <trkpt lat="35.06060" lon="-120.05104"><ele>1009.0</ele></trkpt>
    <trkpt lat="35.06042" lon="-120.05103"><ele>1009.0</ele></trkpt>
    <trkpt lat="35.06026" lon="-120.05099"><ele>1009.0</ele></trkpt>
    <trkpt lat="35.06007" lon="-120.05102"><ele>1009.0</ele></trkpt>
    <trkpt lat="35.05988" lon="-120.05111"><ele>1009.0</ele></trkpt>
    <trkpt lat="35.05971" lon="-120.05116"><ele>1009.0</ele></trkpt>
    <trkpt lat="35.05954" lon="-120.05110"><ele>1009.0</ele></trkpt>
    <trkpt lat="35.05946" lon="-120.05093"><ele>1009.0</ele></trkpt>
    <trkpt lat="35.05937" lon="-120.05079"><ele>1009.0</ele></trkpt>
    <trkpt lat="35.05927" lon="-120.05073"><ele>1009.0</ele></trkpt>
    <trkpt lat="35.05919" lon="-120.05073"><ele>1009.0</ele></trkpt>
    <trkpt lat="35.05911" lon="-120.05086"><ele>1009.0</ele></trkpt>
    <trkpt lat="35.05903" lon="-120.05099"><ele>1009.0</ele></trkpt>
    <trkpt lat="35.05895" lon="-120.05106"><ele>1045.0</ele></trkpt>
    <trkpt lat="35.05881" lon="-120.05100"><ele>1045.0</ele></trkpt>
    <trkpt lat="35.05867" lon="-120.05082"><ele>1045.0</ele></trkpt>
    <trkpt lat="35.05858" lon="-120.05070"><ele>1045.0</ele></trkpt>
    <trkpt lat="35.05844" lon="-120.05057"><ele>1045.0</ele></trkpt>
    <trkpt lat="35.05832" lon="-120.05039"><ele>1045.0</ele></trkpt>
    <trkpt lat="35.05820" lon="-120.05008"><ele>1045.0</ele></trkpt>
    <trkpt lat="35.05814" lon="-120.04992"><ele>1045.0</ele></trkpt>
    <trkpt lat="35.05799" lon="-120.04980"><ele>1045.0</ele></trkpt>
    <trkpt lat="35.05780" lon="-120.04959"><ele>1045.0</ele></trkpt>
    <trkpt lat="35.05768" lon="-120.04943"><ele>1045.0</ele></trkpt>
    <trkpt lat="35.05761" lon="-120.04938"><ele>1045.0</ele></trkpt>
    <trkpt lat="35.05745" lon="-120.04940"><ele>1045.0</ele></trkpt>
    <trkpt lat="35.05733" lon="-120.04947"><ele>1045.0</ele></trkpt>
    <trkpt lat="35.05721" lon="-120.04956"><ele>1045.0</ele></trkpt>
    <trkpt lat="35.05710" lon="-120.04958"><ele>1045.0</ele></trkpt>
    <trkpt lat="35.05700" lon="-120.04949"><ele>1045.0</ele></trkpt>
    <trkpt lat="35.05692" lon="-120.04924"><ele>1045.0</ele></trkpt>
    <trkpt lat="35.05683" lon="-120.04904"><ele>1045.0</ele></trkpt>
    <trkpt lat="35.05671" lon="-120.04895"><ele>1045.0</ele></trkpt>
    <trkpt lat="35.05659" lon="-120.04897"><ele>1045.0</ele></trkpt>
    <trkpt lat="35.05640" lon="-120.04903"><ele>1064.0</ele></trkpt>
    <trkpt lat="35.05628" lon="-120.04903"><ele>1064.0</ele></trkpt>
    <trkpt lat="35.05616" lon="-120.04900"><ele>1064.0</ele></trkpt>
    <trkpt lat="35.05600" lon="-120.04887"><ele>1064.0</ele></trkpt>
    <trkpt lat="35.05592" lon="-120.04875"><ele>1064.0</ele></trkpt>
    <trkpt lat="35.05582" lon="-120.04867"><ele>1064.0</ele></trkpt>
    <trkpt lat="35.05569" lon="-120.04871"><ele>1064.0</ele></trkpt>
    <trkpt lat="35.05559" lon="-120.04880"><ele>1064.0</ele></trkpt>
    <trkpt lat="35.05550" lon="-120.04883"><ele>1064.0</ele></trkpt>
    <trkpt lat="35.05538" lon="-120.04880"><ele>1064.0</ele></trkpt>
    <trkpt lat="35.05525" lon="-120.04872"><ele>1064.0</ele></trkpt>
    <trkpt lat="35.05505" lon="-120.04866"><ele>1064.0</ele></trkpt>
    <trkpt lat="35.05489" lon="-120.04862"><ele>1064.0</ele></trkpt>
    <trkpt lat="35.05474" lon="-120.04854"><ele>1064.0</ele></trkpt>
    <trkpt lat="35.05464" lon="-120.04832"><ele>1064.0</ele></trkpt>
    <trkpt lat="35.05453" lon="-120.04803"><ele>1064.0</ele></trkpt>
    <trkpt lat="35.05450" lon="-120.04765"><ele>1064.0</ele></trkpt>
    <trkpt lat="35.05450" lon="-120.04735"><ele>1064.0</ele></trkpt>
    <trkpt lat="35.05442" lon="-120.04708"><ele>1064.0</ele></trkpt>
    <trkpt lat="35.05427" lon="-120.04673"><ele>1064.0</ele></trkpt>
    <trkpt lat="35.05414" lon="-120.04639"><ele>1064.0</ele></trkpt>
    <trkpt lat="35.05402" lon="-120.04616"><ele>1096.0</ele></trkpt>
    <trkpt lat="35.05382" lon="-120.04603"><ele>1096.0</ele></trkpt>
    <trkpt lat="35.05367" lon="-120.04593"><ele>1096.0</ele></trkpt>
    <trkpt lat="35.05351" lon="-120.04568"><ele>1096.0</ele></trkpt>
    <trkpt lat="35.05333" lon="-120.04542"><ele>1096.0</ele></trkpt>
    <trkpt lat="35.05318" lon="-120.04527"><ele>1096.0</ele></trkpt>
    <trkpt lat="35.05308" lon="-120.04514"><ele>1096.0</ele></trkpt>
    <trkpt lat="35.05300" lon="-120.04497"><ele>1096.0</ele></trkpt>
    <trkpt lat="35.05284" lon="-120.04486"><ele>1096.0</ele></trkpt>
    <trkpt lat="35.05264" lon="-120.04480"><ele>1096.0</ele></trkpt>
    <trkpt lat="35.05247" lon="-120.04473"><ele>1096.0</ele></trkpt>
    <trkpt lat="35.05228" lon="-120.04454"><ele>1096.0</ele></trkpt>
    <trkpt lat="35.05206" lon="-120.04431"><ele>1096.0</ele></trkpt>
    <trkpt lat="35.05154" lon="-120.04374"><ele>1096.0</ele></trkpt>
    <trkpt lat="35.05126" lon="-120.04341"><ele>1096.0</ele></trkpt>
    <trkpt lat="35.05110" lon="-120.04321"><ele>1096.0</ele></trkpt>
    <trkpt lat="35.05095" lon="-120.04313"><ele>1096.0</ele></trkpt>
    <trkpt lat="35.05079" lon="-120.04300"><ele>1096.0</ele></trkpt>
    <trkpt lat="35.05066" lon="-120.04291"><ele>1096.0</ele></trkpt>
    <trkpt lat="35.05051" lon="-120.04287"><ele>1096.0</ele></trkpt>
    <trkpt lat="35.05035" lon="-120.04291"><ele>1096.0</ele></trkpt>
    <trkpt lat="35.05019" lon="-120.04289"><ele>1142.0</ele></trkpt>
    <trkpt lat="35.05001" lon="-120.04284"><ele>1142.0</ele></trkpt>
    <trkpt lat="35.04977" lon="-120.04283"><ele>1142.0</ele></trkpt>
    <trkpt lat="35.04956" lon="-120.04281"><ele>1142.0</ele></trkpt>
    <trkpt lat="35.04942" lon="-120.04274"><ele>1142.0</ele></trkpt>
    <trkpt lat="35.04929" lon="-120.04257"><ele>1142.0</ele></trkpt>
    <trkpt lat="35.04921" lon="-120.04240"><ele>1142.0</ele></trkpt>
    <trkpt lat="35.04915" lon="-120.04202"><ele>1142.0</ele></trkpt>
    <trkpt lat="35.04908" lon="-120.04174"><ele>1142.0</ele></trkpt>
    <trkpt lat="35.04896" lon="-120.04157"><ele>1142.0</ele></trkpt>
    <trkpt lat="35.04878" lon="-120.04143"><ele>1142.0</ele></trkpt>
    <trkpt lat="35.04857" lon="-120.04122"><ele>1142.0</ele></trkpt>
    <trkpt lat="35.04844" lon="-120.04100"><ele>1142.0</ele></trkpt>
    <trkpt lat="35.04842" lon="-120.04080"><ele>1142.0</ele></trkpt>
    <trkpt lat="35.04846" lon="-120.04057"><ele>1142.0</ele></trkpt>
    <trkpt lat="35.04840" lon="-120.04033"><ele>1142.0</ele></trkpt>
    <trkpt lat="35.04829" lon="-120.04005"><ele>1142.0</ele></trkpt>
    <trkpt lat="35.04821" lon="-120.03982"><ele>1142.0</ele></trkpt>
    <trkpt lat="35.04810" lon="-120.03965"><ele>1142.0</ele></trkpt>
    <trkpt lat="35.04792" lon="-120.03947"><ele>1142.0</ele></trkpt>
    <trkpt lat="35.04758" lon="-120.03909"><ele>1150.0</ele></trkpt>
    <trkpt lat="35.04736" lon="-120.03875"><ele>1150.0</ele></trkpt>
    <trkpt lat="35.04716" lon="-120.03853"><ele>1150.0</ele></trkpt>
    <trkpt lat="35.04704" lon="-120.03839"><ele>1150.0</ele></trkpt>
    <trkpt lat="35.04698" lon="-120.03817"><ele>1150.0</ele></trkpt>
    <trkpt lat="35.04677" lon="-120.03803"><ele>1150.0</ele></trkpt>
    <trkpt lat="35.04662" lon="-120.03785"><ele>1150.0</ele></trkpt>
    <trkpt lat="35.04650" lon="-120.03760"><ele>1150.0</ele></trkpt>
    <trkpt lat="35.04638" lon="-120.03741"><ele>1150.0</ele></trkpt>
    <trkpt lat="35.04620" lon="-120.03732"><ele>1150.0</ele></trkpt>
    <trkpt lat="35.04592" lon="-120.03722"><ele>1150.0</ele></trkpt>
    <trkpt lat="35.04567" lon="-120.03713"><ele>1150.0</ele></trkpt>
    <trkpt lat="35.04544" lon="-120.03709"><ele>1150.0</ele></trkpt>
    <trkpt lat="35.04517" lon="-120.03709"><ele>1150.0</ele></trkpt>
    <trkpt lat="35.04501" lon="-120.03718"><ele>1150.0</ele></trkpt>
    <trkpt lat="35.04486" lon="-120.03733"><ele>1150.0</ele></trkpt>
    <trkpt lat="35.04478" lon="-120.03754"><ele>1150.0</ele></trkpt>
    <trkpt lat="35.04472" lon="-120.03774"><ele>1150.0</ele></trkpt>
    <trkpt lat="35.04462" lon="-120.03791"><ele>1150.0</ele></trkpt>
    <trkpt lat="35.04449" lon="-120.03809"><ele>1150.0</ele></trkpt>
    <trkpt lat="35.04432" lon="-120.03821"><ele>1150.0</ele></trkpt>
    <trkpt lat="35.04415" lon="-120.03824"><ele>1175.0</ele></trkpt>
    <trkpt lat="35.04391" lon="-120.03817"><ele>1175.0</ele></trkpt>
    <trkpt lat="35.04369" lon="-120.03809"><ele>1175.0</ele></trkpt>
    <trkpt lat="35.04351" lon="-120.03809"><ele>1175.0</ele></trkpt>
    <trkpt lat="35.04324" lon="-120.03814"><ele>1175.0</ele></trkpt>
    <trkpt lat="35.04297" lon="-120.03819"><ele>1175.0</ele></trkpt>
    <trkpt lat="35.04269" lon="-120.03830"><ele>1175.0</ele></trkpt>
    <trkpt lat="35.04251" lon="-120.03836"><ele>1175.0</ele></trkpt>
    <trkpt lat="35.04236" lon="-120.03842"><ele>1175.0</ele></trkpt>
    <trkpt lat="35.04225" lon="-120.03843"><ele>1175.0</ele></trkpt>
    <trkpt lat="35.04214" lon="-120.03838"><ele>1175.0</ele></trkpt>
    <trkpt lat="35.04203" lon="-120.03821"><ele>1175.0</ele></trkpt>
    <trkpt lat="35.04192" lon="-120.03803"><ele>1175.0</ele></trkpt>
    <trkpt lat="35.04184" lon="-120.03793"><ele>1175.0</ele></trkpt>
    <trkpt lat="35.04159" lon="-120.03793"><ele>1175.0</ele></trkpt>
    <trkpt lat="35.04128" lon="-120.03792"><ele>1175.0</ele></trkpt>
    <trkpt lat="35.04108" lon="-120.03792"><ele>1175.0</ele></trkpt>
    <trkpt lat="35.04095" lon="-120.03787"><ele>1175.0</ele></trkpt>
    <trkpt lat="35.04084" lon="-120.03776"><ele>1175.0</ele></trkpt>
    <trkpt lat="35.04071" lon="-120.03773"><ele>1175.0</ele></trkpt>
    <trkpt lat="35.04048" lon="-120.03776"><ele>1175.0</ele></trkpt>
    <trkpt lat="35.04015" lon="-120.03783"><ele>1210.0</ele></trkpt>
    <trkpt lat="35.03976" lon="-120.03795"><ele>1210.0</ele></trkpt>
    <trkpt lat="35.03949" lon="-120.03808"><ele>1210.0</ele></trkpt>
    <trkpt lat="35.03931" lon="-120.03816"><ele>1210.0</ele></trkpt>
    <trkpt lat="35.03920" lon="-120.03826"><ele>1210.0</ele></trkpt>
    <trkpt lat="35.03910" lon="-120.03852"><ele>1210.0</ele></trkpt>
    <trkpt lat="35.03905" lon="-120.03889"><ele>1210.0</ele></trkpt>
    <trkpt lat="35.03901" lon="-120.03917"><ele>1210.0</ele></trkpt>
    <trkpt lat="35.03894" lon="-120.03934"><ele>1210.0</ele></trkpt>
    <trkpt lat="35.03882" lon="-120.03940"><ele>1210.0</ele></trkpt>
    <trkpt lat="35.03862" lon="-120.03936"><ele>1210.0</ele></trkpt>
    <trkpt lat="35.03838" lon="-120.03911"><ele>1210.0</ele></trkpt>
    <trkpt lat="35.03814" lon="-120.03886"><ele>1210.0</ele></trkpt>
    <trkpt lat="35.03796" lon="-120.03870"><ele>1210.0</ele></trkpt>
    <trkpt lat="35.03784" lon="-120.03863"><ele>1210.0</ele></trkpt>
    <trkpt lat="35.03775" lon="-120.03864"><ele>1210.0</ele></trkpt>
    <trkpt lat="35.03748" lon="-120.03878"><ele>1210.0</ele></trkpt>
    <trkpt lat="35.03709" lon="-120.03906"><ele>1210.0</ele></trkpt>
    <trkpt lat="35.03681" lon="-120.03923"><ele>1210.0</ele></trkpt>
    <trkpt lat="35.03652" lon="-120.03935"><ele>1210.0</ele></trkpt>
    <trkpt lat="35.03630" lon="-120.03943"><ele>1221.0</ele></trkpt>
    <trkpt lat="35.03604" lon="-120.03949"><ele>1221.0</ele></trkpt>
    <trkpt lat="35.03591" lon="-120.03952"><ele>1221.0</ele></trkpt>
    <trkpt lat="35.03580" lon="-120.03943"><ele>1221.0</ele></trkpt>
    <trkpt lat="35.03571" lon="-120.03910"><ele>1221.0</ele></trkpt>
    <trkpt lat="35.03561" lon="-120.03889"><ele>1221.0</ele></trkpt>
    <trkpt lat="35.03550" lon="-120.03872"><ele>1221.0</ele></trkpt>
    <trkpt lat="35.03524" lon="-120.03866"><ele>1221.0</ele></trkpt>
    <trkpt lat="35.03505" lon="-120.03850"><ele>1221.0</ele></trkpt>
    <trkpt lat="35.03496" lon="-120.03829"><ele>1221.0</ele></trkpt>
    <trkpt lat="35.03493" lon="-120.03809"><ele>1221.0</ele></trkpt>
    <trkpt lat="35.03488" lon="-120.03796"><ele>1221.0</ele></trkpt>
    <trkpt lat="35.03475" lon="-120.03788"><ele>1221.0</ele></trkpt>
    <trkpt lat="35.03456" lon="-120.03778"><ele>1221.0</ele></trkpt>
    <trkpt lat="35.03443" lon="-120.03767"><ele>1221.0</ele></trkpt>
    <trkpt lat="35.03430" lon="-120.03743"><ele>1221.0</ele></trkpt>
    <trkpt lat="35.03425" lon="-120.03715"><ele>1221.0</ele></trkpt>
    <trkpt lat="35.03421" lon="-120.03688"><ele>1221.0</ele></trkpt>
    <trkpt lat="35.03416" lon="-120.03664"><ele>1221.0</ele></trkpt>
    <trkpt lat="35.03409" lon="-120.03642"><ele>1221.0</ele></trkpt>
    <trkpt lat="35.03402" lon="-120.03619"><ele>1221.0</ele></trkpt>
    <trkpt lat="35.03395" lon="-120.03603"><ele>1197.0</ele></trkpt>
    <trkpt lat="35.03373" lon="-120.03574"><ele>1197.0</ele></trkpt>
    <trkpt lat="35.03345" lon="-120.03542"><ele>1197.0</ele></trkpt>
    <trkpt lat="35.03319" lon="-120.03510"><ele>1197.0</ele></trkpt>
    <trkpt lat="35.03292" lon="-120.03480"><ele>1197.0</ele></trkpt>
    <trkpt lat="35.03273" lon="-120.03458"><ele>1197.0</ele></trkpt>
    <trkpt lat="35.03254" lon="-120.03433"><ele>1197.0</ele></trkpt>
    <trkpt lat="35.03252" lon="-120.03417"><ele>1197.0</ele></trkpt>
    <trkpt lat="35.03226" lon="-120.03399"><ele>1197.0</ele></trkpt>
    <trkpt lat="35.03184" lon="-120.03385"><ele>1197.0</ele></trkpt>
    <trkpt lat="35.03131" lon="-120.03371"><ele>1197.0</ele></trkpt>
    <trkpt lat="35.03092" lon="-120.03359"><ele>1197.0</ele></trkpt>
    <trkpt lat="35.03059" lon="-120.03349"><ele>1197.0</ele></trkpt>
    <trkpt lat="35.03036" lon="-120.03341"><ele>1197.0</ele></trkpt>
    <trkpt lat="35.03020" lon="-120.03335"><ele>1197.0</ele></trkpt>
    <trkpt lat="35.03005" lon="-120.03324"><ele>1197.0</ele></trkpt>
    <trkpt lat="35.02993" lon="-120.03302"><ele>1197.0</ele></trkpt>
    <trkpt lat="35.02974" lon="-120.03270"><ele>1197.0</ele></trkpt>
    <trkpt lat="35.02962" lon="-120.03253"><ele>1197.0</ele></trkpt>
    <trkpt lat="35.02944" lon="-120.03240"><ele>1197.0</ele></trkpt>
    <trkpt lat="35.02922" lon="-120.03231"><ele>1197.0</ele></trkpt>
    <trkpt lat="35.02893" lon="-120.03227"><ele>1234.0</ele></trkpt>
    <trkpt lat="35.02864" lon="-120.03225"><ele>1234.0</ele></trkpt>
    <trkpt lat="35.02833" lon="-120.03221"><ele>1234.0</ele></trkpt>
    <trkpt lat="35.02806" lon="-120.03217"><ele>1234.0</ele></trkpt>
    <trkpt lat="35.02791" lon="-120.03214"><ele>1234.0</ele></trkpt>
    <trkpt lat="35.02767" lon="-120.03202"><ele>1234.0</ele></trkpt>
    <trkpt lat="35.02747" lon="-120.03185"><ele>1234.0</ele></trkpt>
    <trkpt lat="35.02723" lon="-120.03165"><ele>1234.0</ele></trkpt>
    <trkpt lat="35.02697" lon="-120.03152"><ele>1234.0</ele></trkpt>
    <trkpt lat="35.02674" lon="-120.03143"><ele>1234.0</ele></trkpt>
    <trkpt lat="35.02657" lon="-120.03135"><ele>1234.0</ele></trkpt>
    <trkpt lat="35.02638" lon="-120.03107"><ele>1234.0</ele></trkpt>
    <trkpt lat="35.02617" lon="-120.03084"><ele>1234.0</ele></trkpt>
    <trkpt lat="35.02599" lon="-120.03073"><ele>1234.0</ele></trkpt>
    <trkpt lat="35.02574" lon="-120.03064"><ele>1234.0</ele></trkpt>
    <trkpt lat="35.02538" lon="-120.03052"><ele>1234.0</ele></trkpt>
    <trkpt lat="35.02511" lon="-120.03042"><ele>1234.0</ele></trkpt>
    <trkpt lat="35.02491" lon="-120.03026"><ele>1234.0</ele></trkpt>
    <trkpt lat="35.02470" lon="-120.03012"><ele>1234.0</ele></trkpt>
    <trkpt lat="35.02444" lon="-120.03002"><ele>1234.0</ele></trkpt>
    <trkpt lat="35.02421" lon="-120.02993"><ele>1250.0</ele></trkpt>
    <trkpt lat="35.02404" lon="-120.02988"><ele>1250.0</ele></trkpt>
    <trkpt lat="35.02388" lon="-120.02991"><ele>1250.0</ele></trkpt>
    <trkpt lat="35.02353" lon="-120.03011"><ele>1250.0</ele></trkpt>
    <trkpt lat="35.02317" lon="-120.03039"><ele>1250.0</ele></trkpt>
    <trkpt lat="35.02286" lon="-120.03070"><ele>1250.0</ele></trkpt>
    <trkpt lat="35.02263" lon="-120.03091"><ele>1250.0</ele></trkpt>
    <trkpt lat="35.02246" lon="-120.03103"><ele>1250.0</ele></trkpt>
    <trkpt lat="35.02229" lon="-120.03108"><ele>1250.0</ele></trkpt>
    <trkpt lat="35.02214" lon="-120.03105"><ele>1250.0</ele></trkpt>
    <trkpt lat="35.02202" lon="-120.03087"><ele>1250.0</ele></trkpt>
    <trkpt lat="35.02200" lon="-120.03068"><ele>1250.0</ele></trkpt>
    <trkpt lat="35.02205" lon="-120.03051"><ele>1250.0</ele></trkpt>
    <trkpt lat="35.02226" lon="-120.03020"><ele>1250.0</ele></trkpt>
    <trkpt lat="35.02238" lon="-120.03001"><ele>1250.0</ele></trkpt>
    <trkpt lat="35.02252" lon="-120.02966"><ele>1250.0</ele></trkpt>
    <trkpt lat="35.02269" lon="-120.02935"><ele>1250.0</ele></trkpt>
    <trkpt lat="35.02284" lon="-120.02910"><ele>1250.0</ele></trkpt>
    <trkpt lat="35.02291" lon="-120.02892"><ele>1250.0</ele></trkpt>
    <trkpt lat="35.02288" lon="-120.02875"><ele>1250.0</ele></trkpt>
    <trkpt lat="35.02269" lon="-120.02850"><ele>1250.0</ele></trkpt>
    <trkpt lat="35.02252" lon="-120.02829"><ele>1273.0</ele></trkpt>
    <trkpt lat="35.02243" lon="-120.02807"><ele>1273.0</ele></trkpt>
    <trkpt lat="35.02231" lon="-120.02792"><ele>1273.0</ele></trkpt>
    <trkpt lat="35.02216" lon="-120.02773"><ele>1273.0</ele></trkpt>
    <trkpt lat="35.02208" lon="-120.02743"><ele>1273.0</ele></trkpt>
    <trkpt lat="35.02201" lon="-120.02722"><ele>1273.0</ele></trkpt>
    <trkpt lat="35.02179" lon="-120.02692"><ele>1273.0</ele></trkpt>
    <trkpt lat="35.02147" lon="-120.02646"><ele>1273.0</ele></trkpt>
    <trkpt lat="35.02125" lon="-120.02614"><ele>1273.0</ele></trkpt>
    <trkpt lat="35.02114" lon="-120.02600"><ele>1273.0</ele></trkpt>
    <trkpt lat="35.02096" lon="-120.02592"><ele>1273.0</ele></trkpt>
    <trkpt lat="35.02071" lon="-120.02590"><ele>1273.0</ele></trkpt>
    <trkpt lat="35.02037" lon="-120.02595"><ele>1273.0</ele></trkpt>
    <trkpt lat="35.02008" lon="-120.02595"><ele>1273.0</ele></trkpt>
    <trkpt lat="35.01987" lon="-120.02592"><ele>1273.0</ele></trkpt>
    <trkpt lat="35.01972" lon="-120.02588"><ele>1273.0</ele></trkpt>
    <trkpt lat="35.01954" lon="-120.02576"><ele>1273.0</ele></trkpt>
    <trkpt lat="35.01936" lon="-120.02558"><ele>1273.0</ele></trkpt>
    <trkpt lat="35.01916" lon="-120.02523"><ele>1273.0</ele></trkpt>
    <trkpt lat="35.01898" lon="-120.02493"><ele>1273.0</ele></trkpt>
    <trkpt lat="35.01882" lon="-120.02470"><ele>1273.0</ele></trkpt>
    <trkpt lat="35.01863" lon="-120.02453"><ele>1306.0</ele></trkpt>
    <trkpt lat="35.01844" lon="-120.02436"><ele>1306.0</ele></trkpt>
    <trkpt lat="35.01814" lon="-120.02413"><ele>1306.0</ele></trkpt>
    <trkpt lat="35.01785" lon="-120.02387"><ele>1306.0</ele></trkpt>
    <trkpt lat="35.01761" lon="-120.02363"><ele>1306.0</ele></trkpt>
    <trkpt lat="35.01735" lon="-120.02349"><ele>1306.0</ele></trkpt>
    <trkpt lat="35.01717" lon="-120.02343"><ele>1306.0</ele></trkpt>
    <trkpt lat="35.01693" lon="-120.02339"><ele>1306.0</ele></trkpt>
    <trkpt lat="35.01668" lon="-120.02341"><ele>1306.0</ele></trkpt>
    <trkpt lat="35.01649" lon="-120.02344"><ele>1306.0</ele></trkpt>
    <trkpt lat="35.01627" lon="-120.02340"><ele>1306.0</ele></trkpt>
    <trkpt lat="35.01600" lon="-120.02328"><ele>1306.0</ele></trkpt>
    <trkpt lat="35.01572" lon="-120.02310"><ele>1306.0</ele></trkpt>
    <trkpt lat="35.01554" lon="-120.02294"><ele>1306.0</ele></trkpt>
    <trkpt lat="35.01540" lon="-120.02267"><ele>1306.0</ele></trkpt>
    <trkpt lat="35.01526" lon="-120.02226"><ele>1306.0</ele></trkpt>
    <trkpt lat="35.01507" lon="-120.02168"><ele>1306.0</ele></trkpt>
    <trkpt lat="35.01497" lon="-120.02124"><ele>1306.0</ele></trkpt>
    <trkpt lat="35.01492" lon="-120.02073"><ele>1306.0</ele></trkpt>
    <trkpt lat="35.01494" lon="-120.02039"><ele>1306.0</ele></trkpt>
    <trkpt lat="35.01496" lon="-120.02017"><ele>1356.0</ele></trkpt>
    <trkpt lat="35.01506" lon="-120.01992"><ele>1356.0</ele></trkpt>
    <trkpt lat="35.01538" lon="-120.01946"><ele>1356.0</ele></trkpt>
    <trkpt lat="35.01560" lon="-120.01928"><ele>1356.0</ele></trkpt>
    <trkpt lat="35.01577" lon="-120.01922"><ele>1356.0</ele></trkpt>
    <trkpt lat="35.01595" lon="-120.01916"><ele>1356.0</ele></trkpt>
    <trkpt lat="35.01609" lon="-120.01900"><ele>1356.0</ele></trkpt>
    <trkpt lat="35.01619" lon="-120.01875"><ele>1356.0</ele></trkpt>
    <trkpt lat="35.01617" lon="-120.01851"><ele>1356.0</ele></trkpt>
    <trkpt lat="35.01606" lon="-120.01824"><ele>1356.0</ele></trkpt>
    <trkpt lat="35.01581" lon="-120.01776"><ele>1356.0</ele></trkpt>
    <trkpt lat="35.01567" lon="-120.01735"><ele>1356.0</ele></trkpt>
    <trkpt lat="35.01549" lon="-120.01694"><ele>1356.0</ele></trkpt>
    <trkpt lat="35.01538" lon="-120.01663"><ele>1356.0</ele></trkpt>
    <trkpt lat="35.01534" lon="-120.01644"><ele>1356.0</ele></trkpt>
    <trkpt lat="35.01536" lon="-120.01624"><ele>1356.0</ele></trkpt>
    <trkpt lat="35.01545" lon="-120.01610"><ele>1356.0</ele></trkpt>
    <trkpt lat="35.01558" lon="-120.01601"><ele>1356.0</ele></trkpt>
    <trkpt lat="35.01580" lon="-120.01588"><ele>1356.0</ele></trkpt>
    <trkpt lat="35.01598" lon="-120.01574"><ele>1356.0</ele></trkpt>
    <trkpt lat="35.01617" lon="-120.01545"><ele>1356.0</ele></trkpt>
    <trkpt lat="35.01641" lon="-120.01502"><ele>1397.0</ele></trkpt>
    <trkpt lat="35.01648" lon="-120.01478"><ele>1397.0</ele></trkpt>
    <trkpt lat="35.01653" lon="-120.01455"><ele>1397.0</ele></trkpt>
    <trkpt lat="35.01647" lon="-120.01440"><ele>1397.0</ele></trkpt>
    <trkpt lat="35.01639" lon="-120.01438"><ele>1397.0</ele></trkpt>
    <trkpt lat="35.01613" lon="-120.01452"><ele>1397.0</ele></trkpt>
    <trkpt lat="35.01598" lon="-120.01463"><ele>1397.0</ele></trkpt>
    <trkpt lat="35.01591" lon="-120.01474"><ele>1397.0</ele></trkpt>
    <trkpt lat="35.01584" lon="-120.01488"><ele>1397.0</ele></trkpt>
    <trkpt lat="35.01569" lon="-120.01494"><ele>1397.0</ele></trkpt>
    <trkpt lat="35.01546" lon="-120.01498"><ele>1397.0</ele></trkpt>
    <trkpt lat="35.01519" lon="-120.01500"><ele>1397.0</ele></trkpt>
    <trkpt lat="35.01498" lon="-120.01510"><ele>1397.0</ele></trkpt>
    <trkpt lat="35.01481" lon="-120.01524"><ele>1397.0</ele></trkpt>
    <trkpt lat="35.01464" lon="-120.01546"><ele>1397.0</ele></trkpt>
    <trkpt lat="35.01455" lon="-120.01555"><ele>1397.0</ele></trkpt>
    <trkpt lat="35.01442" lon="-120.01557"><ele>1397.0</ele></trkpt>
    <trkpt lat="35.01428" lon="-120.01551"><ele>1397.0</ele></trkpt>
    <trkpt lat="35.01410" lon="-120.01538"><ele>1397.0</ele></trkpt>
    <trkpt lat="35.01384" lon="-120.01513"><ele>1397.0</ele></trkpt>
    <trkpt lat="35.01370" lon="-120.01491"><ele>1397.0</ele></trkpt>
    <trkpt lat="35.01361" lon="-120.01454"><ele>1427.0</ele></trkpt>
    <trkpt lat="35.01356" lon="-120.01404"><ele>1427.0</ele></trkpt>
    <trkpt lat="35.01355" lon="-120.01369"><ele>1427.0</ele></trkpt>
    <trkpt lat="35.01356" lon="-120.01329"><ele>1427.0</ele></trkpt>
    <trkpt lat="35.01349" lon="-120.01308"><ele>1427.0</ele></trkpt>
    <trkpt lat="35.01326" lon="-120.01265"><ele>1427.0</ele></trkpt>
    <trkpt lat="35.01305" lon="-120.01223"><ele>1427.0</ele></trkpt>
    <trkpt lat="35.01282" lon="-120.01178"><ele>1427.0</ele></trkpt>
    <trkpt lat="35.01263" lon="-120.01151"><ele>1427.0</ele></trkpt>
    <trkpt lat="35.01238" lon="-120.01113"><ele>1427.0</ele></trkpt>
    <trkpt lat="35.01221" lon="-120.01088"><ele>1427.0</ele></trkpt>
    <trkpt lat="35.01201" lon="-120.01068"><ele>1427.0</ele></trkpt>
    <trkpt lat="35.01181" lon="-120.01057"><ele>1427.0</ele></trkpt>
    <trkpt lat="35.01159" lon="-120.01043"><ele>1427.0</ele></trkpt>
    <trkpt lat="35.01129" lon="-120.01019"><ele>1427.0</ele></trkpt>
    <trkpt lat="35.01096" lon="-120.00997"><ele>1427.0</ele></trkpt>
    <trkpt lat="35.01065" lon="-120.00971"><ele>1427.0</ele></trkpt>
    <trkpt lat="35.01041" lon="-120.00956"><ele>1427.0</ele></trkpt>
    <trkpt lat="35.01021" lon="-120.00947"><ele>1427.0</ele></trkpt>
    <trkpt lat="35.01004" lon="-120.00943"><ele>1427.0</ele></trkpt>
    <trkpt lat="35.00976" lon="-120.00925"><ele>1433.0</ele></trkpt>
    <trkpt lat="35.00934" lon="-120.00878"><ele>1433.0</ele></trkpt>
    <trkpt lat="35.00902" lon="-120.00849"><ele>1433.0</ele></trkpt>
    <trkpt lat="35.00884" lon="-120.00839"><ele>1433.0</ele></trkpt>
    <trkpt lat="35.00867" lon="-120.00840"><ele>1433.0</ele></trkpt>
    <trkpt lat="35.00841" lon="-120.00842"><ele>1433.0</ele></trkpt>
    <trkpt lat="35.00820" lon="-120.00839"><ele>1433.0</ele></trkpt>
    <trkpt lat="35.00793" lon="-120.00825"><ele>1433.0</ele></trkpt>
    <trkpt lat="35.00762" lon="-120.00794"><ele>1433.0</ele></trkpt>
    <trkpt lat="35.00729" lon="-120.00754"><ele>1433.0</ele></trkpt>
    <trkpt lat="35.00706" lon="-120.00728"><ele>1433.0</ele></trkpt>
    <trkpt lat="35.00686" lon="-120.00704"><ele>1433.0</ele></trkpt>
    <trkpt lat="35.00670" lon="-120.00678"><ele>1433.0</ele></trkpt>
    <trkpt lat="35.00656" lon="-120.00652"><ele>1433.0</ele></trkpt>
    <trkpt lat="35.00637" lon="-120.00633"><ele>1433.0</ele></trkpt>
    <trkpt lat="35.00624" lon="-120.00610"><ele>1433.0</ele></trkpt>
    <trkpt lat="35.00611" lon="-120.00581"><ele>1433.0</ele></trkpt>
    <trkpt lat="35.00593" lon="-120.00566"><ele>1433.0</ele></trkpt>
    <trkpt lat="35.00578" lon="-120.00543"><ele>1433.0</ele></trkpt>
    <trkpt lat="35.00565" lon="-120.00514"><ele>1433.0</ele></trkpt>
    <trkpt lat="35.00550" lon="-120.00495"><ele>1433.0</ele></trkpt>
    <trkpt lat="35.00518" lon="-120.00472"><ele>1424.0</ele></trkpt>
    <trkpt lat="35.00485" lon="-120.00441"><ele>1424.0</ele></trkpt>
    <trkpt lat="35.00443" lon="-120.00399"><ele>1424.0</ele></trkpt>
    <trkpt lat="35.00404" lon="-120.00362"><ele>1424.0</ele></trkpt>
    <trkpt lat="35.00352" lon="-120.00324"><ele>1424.0</ele></trkpt>
    <trkpt lat="35.00306" lon="-120.00286"><ele>1424.0</ele></trkpt>
    <trkpt lat="35.00242" lon="-120.00241"><ele>1424.0</ele></trkpt>
    <trkpt lat="35.00224" lon="-120.00229"><ele>1424.0</ele></trkpt>
    <trkpt lat="35.00206" lon="-120.00225"><ele>1424.0</ele></trkpt>
    <trkpt lat="35.00179" lon="-120.00213"><ele>1424.0</ele></trkpt>
    <trkpt lat="35.00153" lon="-120.00194"><ele>1424.0</ele></trkpt>
    <trkpt lat="35.00133" lon="-120.00183"><ele>1424.0</ele></trkpt>
    <trkpt lat="35.00121" lon="-120.00186"><ele>1424.0</ele></trkpt>
    <trkpt lat="35.00103" lon="-120.00190"><ele>1424.0</ele></trkpt>
    <trkpt lat="35.00086" lon="-120.00189"><ele>1424.0</ele></trkpt>
    <trkpt lat="35.00071" lon="-120.00179"><ele>1424.0</ele></trkpt>
    <trkpt lat="35.00057" lon="-120.00173"><ele>1424.0</ele></trkpt>
    <trkpt lat="35.00034" lon="-120.00172"><ele>1424.0</ele></trkpt>
    <trkpt lat="35.00012" lon="-120.00174"><ele>1424.0</ele></trkpt>
    <trkpt lat="34.99998" lon="-120.00178"><ele>1424.0</ele></trkpt>
    <trkpt lat="34.99987" lon="-120.00180"><ele>1424.0</ele></trkpt>
    <trkpt lat="34.99978" lon="-120.00180"><ele>1433.0</ele></trkpt>
    <trkpt lat="34.99963" lon="-120.00176"><ele>1433.0</ele></trkpt>
    <trkpt lat="34.99955" lon="-120.00171"><ele>1433.0</ele></trkpt>
    <trkpt lat="34.99945" lon="-120.00167"><ele>1433.0</ele></trkpt>
    <trkpt lat="34.99933" lon="-120.00165"><ele>1433.0</ele></trkpt>
    <trkpt lat="34.99924" lon="-120.00165"><ele>1433.0</ele></trkpt>
    <trkpt lat="34.99910" lon="-120.00163"><ele>1433.0</ele></trkpt>
    <trkpt lat="34.99897" lon="-120.00165"><ele>1433.0</ele></trkpt>
    <trkpt lat="34.99886" lon="-120.00168"><ele>1433.0</ele></trkpt>
    <trkpt lat="34.99877" lon="-120.00169"><ele>1433.0</ele></trkpt>
    <trkpt lat="34.99866" lon="-120.00169"><ele>1433.0</ele></trkpt>
    <trkpt lat="34.99852" lon="-120.00171"><ele>1433.0</ele></trkpt>
    <trkpt lat="34.99839" lon="-120.00170"><ele>1433.0</ele></trkpt>
    <trkpt lat="34.99831" lon="-120.00172"><ele>1433.0</ele></trkpt>
    <trkpt lat="34.99818" lon="-120.00171"><ele>1433.0</ele></trkpt>
    <trkpt lat="34.99811" lon="-120.00167"><ele>1433.0</ele></trkpt>
    <trkpt lat="34.99800" lon="-120.00164"><ele>1433.0</ele></trkpt>
    <trkpt lat="34.99790" lon="-120.00164"><ele>1433.0</ele></trkpt>
    <trkpt lat="34.99777" lon="-120.00167"><ele>1433.0</ele></trkpt>
    <trkpt lat="34.99769" lon="-120.00169"><ele>1433.0</ele></trkpt>
    <trkpt lat="34.99755" lon="-120.00174"><ele>1443.0</ele></trkpt>
    <trkpt lat="34.99744" lon="-120.00178"><ele>1443.0</ele></trkpt>
    <trkpt lat="34.99738" lon="-120.00180"><ele>1443.0</ele></trkpt>
    <trkpt lat="34.99730" lon="-120.00182"><ele>1443.0</ele></trkpt>
    <trkpt lat="34.99722" lon="-120.00180"><ele>1443.0</ele></trkpt>
    <trkpt lat="34.99709" lon="-120.00176"><ele>1443.0</ele></trkpt>
    <trkpt lat="34.99694" lon="-120.00165"><ele>1443.0</ele></trkpt>
    <trkpt lat="34.99680" lon="-120.00148"><ele>1443.0</ele></trkpt>
    <trkpt lat="34.99674" lon="-120.00143"><ele>1443.0</ele></trkpt>
    <trkpt lat="34.99666" lon="-120.00140"><ele>1443.0</ele></trkpt>
    <trkpt lat="34.99659" lon="-120.00136"><ele>1443.0</ele></trkpt>
    <trkpt lat="34.99647" lon="-120.00135"><ele>1443.0</ele></trkpt>
    <trkpt lat="34.99637" lon="-120.00135"><ele>1443.0</ele></trkpt>
    <trkpt lat="34.99629" lon="-120.00135"><ele>1443.0</ele></trkpt>
    <trkpt lat="34.99622" lon="-120.00133"><ele>1443.0</ele></trkpt>
    <trkpt lat="34.99612" lon="-120.00125"><ele>1443.0</ele></trkpt>
    <trkpt lat="34.99607" lon="-120.00119"><ele>1443.0</ele></trkpt>
    <trkpt lat="34.99598" lon="-120.00113"><ele>1443.0</ele></trkpt>
    <trkpt lat="34.99589" lon="-120.00100"><ele>1443.0</ele></trkpt>
    <trkpt lat="34.99577" lon="-120.00075"><ele>1443.0</ele></trkpt>
    <trkpt lat="34.99566" lon="-120.00057"><ele>1443.0</ele></trkpt>
    <trkpt lat="34.99547" lon="-120.00029"><ele>1460.0</ele></trkpt>
    <trkpt lat="34.99522" lon="-119.99992"><ele>1460.0</ele></trkpt>
    <trkpt lat="34.99505" lon="-119.99973"><ele>1460.0</ele></trkpt>
    <trkpt lat="34.99486" lon="-119.99955"><ele>1460.0</ele></trkpt>
    <trkpt lat="34.99468" lon="-119.99944"><ele>1460.0</ele></trkpt>
    <trkpt lat="34.99453" lon="-119.99937"><ele>1460.0</ele></trkpt>
    <trkpt lat="34.99409" lon="-119.99927"><ele>1460.0</ele></trkpt>
    <trkpt lat="34.99352" lon="-119.99916"><ele>1460.0</ele></trkpt>
    <trkpt lat="34.99314" lon="-119.99910"><ele>1460.0</ele></trkpt>
    <trkpt lat="34.99293" lon="-119.99906"><ele>1460.0</ele></trkpt>
    <trkpt lat="34.99262" lon="-119.99899"><ele>1460.0</ele></trkpt>
    <trkpt lat="34.99243" lon="-119.99896"><ele>1460.0</ele></trkpt>
    <trkpt lat="34.99236" lon="-119.99893"><ele>1460.0</ele></trkpt>
    <trkpt lat="34.99229" lon="-119.99889"><ele>1460.0</ele></trkpt>
    <trkpt lat="34.99223" lon="-119.99886"><ele>1460.0</ele></trkpt>
    <trkpt lat="34.99218" lon="-119.99882"><ele>1460.0</ele></trkpt>
    <trkpt lat="34.99210" lon="-119.99873"><ele>1460.0</ele></trkpt>
    <trkpt lat="34.99200" lon="-119.99862"><ele>1460.0</ele></trkpt>
    <trkpt lat="34.99193" lon="-119.99850"><ele>1460.0</ele></trkpt>
    <trkpt lat="34.99185" lon="-119.99836"><ele>1460.0</ele></trkpt>
    <trkpt lat="34.99178" lon="-119.99823"><ele>1460.0</ele></trkpt>
    <trkpt lat="34.99172" lon="-119.99803"><ele>1480.0</ele></trkpt>
    <trkpt lat="34.99151" lon="-119.99714"><ele>1480.0</ele></trkpt>
    <trkpt lat="34.99143" lon="-119.99684"><ele>1480.0</ele></trkpt>
    <trkpt lat="34.99117" lon="-119.99630"><ele>1480.0</ele></trkpt>
    <trkpt lat="34.99105" lon="-119.99607"><ele>1480.0</ele></trkpt>
    <trkpt lat="34.99079" lon="-119.99570"><ele>1480.0</ele></trkpt>
    <trkpt lat="34.98995" lon="-119.99457"><ele>1480.0</ele></trkpt>
    <trkpt lat="34.98944" lon="-119.99392"><ele>1480.0</ele></trkpt>
    <trkpt lat="34.98930" lon="-119.99371"><ele>1480.0</ele></trkpt>
    <trkpt lat="34.98916" lon="-119.99347"><ele>1480.0</ele></trkpt>
    <trkpt lat="34.98901" lon="-119.99321"><ele>1480.0</ele></trkpt>
    <trkpt lat="34.98880" lon="-119.99300"><ele>1480.0</ele></trkpt>
    <trkpt lat="34.98865" lon="-119.99290"><ele>1480.0</ele></trkpt>
    <trkpt lat="34.98847" lon="-119.99283"><ele>1480.0</ele></trkpt>
    <trkpt lat="34.98821" lon="-119.99277"><ele>1480.0</ele></trkpt>
    <trkpt lat="34.98767" lon="-119.99276"><ele>1480.0</ele></trkpt>
    <trkpt lat="34.98725" lon="-119.99274"><ele>1480.0</ele></trkpt>
    <trkpt lat="34.98677" lon="-119.99266"><ele>1480.0</ele></trkpt>
    <trkpt lat="34.98623" lon="-119.99259"><ele>1480.0</ele></trkpt>
    <trkpt lat="34.98542" lon="-119.99255"><ele>1480.0</ele></trkpt>
    <trkpt lat="34.98495" lon="-119.99250"><ele>1504.0</ele></trkpt>
    <trkpt lat="34.98460" lon="-119.99243"><ele>1504.0</ele></trkpt>
    <trkpt lat="34.98441" lon="-119.99239"><ele>1504.0</ele></trkpt>
    <trkpt lat="34.98417" lon="-119.99227"><ele>1504.0</ele></trkpt>
    <trkpt lat="34.98402" lon="-119.99219"><ele>1504.0</ele></trkpt>
    <trkpt lat="34.98362" lon="-119.99181"><ele>1504.0</ele></trkpt>
    <trkpt lat="34.98349" lon="-119.99167"><ele>1504.0</ele></trkpt>
    <trkpt lat="34.98331" lon="-119.99149"><ele>1504.0</ele></trkpt>
    <trkpt lat="34.98320" lon="-119.99140"><ele>1504.0</ele></trkpt>
    <trkpt lat="34.98307" lon="-119.99134"><ele>1504.0</ele></trkpt>
    <trkpt lat="34.98283" lon="-119.99129"><ele>1504.0</ele></trkpt>
    <trkpt lat="34.98265" lon="-119.99123"><ele>1504.0</ele></trkpt>
    <trkpt lat="34.98227" lon="-119.99109"><ele>1504.0</ele></trkpt>
    <trkpt lat="34.98202" lon="-119.99104"><ele>1504.0</ele></trkpt>
    <trkpt lat="34.98157" lon="-119.99087"><ele>1504.0</ele></trkpt>
    <trkpt lat="34.98133" lon="-119.99074"><ele>1504.0</ele></trkpt>
    <trkpt lat="34.98104" lon="-119.99056"><ele>1504.0</ele></trkpt>
    <trkpt lat="34.98074" lon="-119.99034"><ele>1504.0</ele></trkpt>
    <trkpt lat="34.98043" lon="-119.99007"><ele>1504.0</ele></trkpt>
    <trkpt lat="34.97972" lon="-119.98941"><ele>1504.0</ele></trkpt>
    <trkpt lat="34.97851" lon="-119.98831"><ele>1504.0</ele></trkpt>
    <trkpt lat="34.97828" lon="-119.98805"><ele>1536.0</ele></trkpt>
    <trkpt lat="34.97816" lon="-119.98791"><ele>1536.0</ele></trkpt>
    <trkpt lat="34.97790" lon="-119.98777"><ele>1536.0</ele></trkpt>
    <trkpt lat="34.97767" lon="-119.98776"><ele>1536.0</ele></trkpt>
    <trkpt lat="34.97752" lon="-119.98785"><ele>1536.0</ele></trkpt>
    <trkpt lat="34.97740" lon="-119.98790"><ele>1536.0</ele></trkpt>
    <trkpt lat="34.97722" lon="-119.98803"><ele>1536.0</ele></trkpt>
    <trkpt lat="34.97704" lon="-119.98810"><ele>1536.0</ele></trkpt>
    <trkpt lat="34.97689" lon="-119.98815"><ele>1536.0</ele></trkpt>
    <trkpt lat="34.97660" lon="-119.98820"><ele>1536.0</ele></trkpt>
    <trkpt lat="34.97629" lon="-119.98818"><ele>1536.0</ele></trkpt>
    <trkpt lat="34.97600" lon="-119.98815"><ele>1536.0</ele></trkpt>
    <trkpt lat="34.97572" lon="-119.98807"><ele>1536.0</ele></trkpt>
    <trkpt lat="34.97533" lon="-119.98795"><ele>1536.0</ele></trkpt>
    <trkpt lat="34.97492" lon="-119.98776"><ele>1536.0</ele></trkpt>
    <trkpt lat="34.97445" lon="-119.98749"><ele>1536.0</ele></trkpt>
    <trkpt lat="34.97412" lon="-119.98731"><ele>1536.0</ele></trkpt>
    <trkpt lat="34.97379" lon="-119.98720"><ele>1536.0</ele></trkpt>
    <trkpt lat="34.97344" lon="-119.98716"><ele>1536.0</ele></trkpt>
    <trkpt lat="34.97319" lon="-119.98719"><ele>1536.0</ele></trkpt>
    <trkpt lat="34.97294" lon="-119.98733"><ele>1536.0</ele></trkpt>
    <trkpt lat="34.97146" lon="-119.98768"><ele>1535.0</ele></trkpt>
    <trkpt lat="34.97108" lon="-119.98775"><ele>1535.0</ele></trkpt>
    <trkpt lat="34.97078" lon="-119.98766"><ele>1535.0</ele></trkpt>
    <trkpt lat="34.97056" lon="-119.98754"><ele>1535.0</ele></trkpt>
    <trkpt lat="34.97031" lon="-119.98731"><ele>1535.0</ele></trkpt>
    <trkpt lat="34.97017" lon="-119.98707"><ele>1535.0</ele></trkpt>
    <trkpt lat="34.97008" lon="-119.98692"><ele>1535.0</ele></trkpt>
    <trkpt lat="34.96996" lon="-119.98678"><ele>1535.0</ele></trkpt>
    <trkpt lat="34.96976" lon="-119.98670"><ele>1535.0</ele></trkpt>
    <trkpt lat="34.96952" lon="-119.98674"><ele>1535.0</ele></trkpt>
    <trkpt lat="34.96934" lon="-119.98684"><ele>1535.0</ele></trkpt>
    <trkpt lat="34.96919" lon="-119.98705"><ele>1535.0</ele></trkpt>
    <trkpt lat="34.96896" lon="-119.98756"><ele>1535.0</ele></trkpt>
    <trkpt lat="34.96884" lon="-119.98776"><ele>1535.0</ele></trkpt>
    <trkpt lat="34.96866" lon="-119.98790"><ele>1535.0</ele></trkpt>
    <trkpt lat="34.96841" lon="-119.98794"><ele>1535.0</ele></trkpt>
    <trkpt lat="34.96821" lon="-119.98782"><ele>1535.0</ele></trkpt>
    <trkpt lat="34.96812" lon="-119.98768"><ele>1535.0</ele></trkpt>
    <trkpt lat="34.96806" lon="-119.98751"><ele>1535.0</ele></trkpt>
    <trkpt lat="34.96805" lon="-119.98714"><ele>1535.0</ele></trkpt>
    <trkpt lat="34.96809" lon="-119.98688"><ele>1491.0</ele></trkpt>
    <trkpt lat="34.96822" lon="-119.98654"><ele>1491.0</ele></trkpt>
    <trkpt lat="34.96869" lon="-119.98588"><ele>1491.0</ele></trkpt>
    <trkpt lat="34.96877" lon="-119.98567"><ele>1491.0</ele></trkpt>
    <trkpt lat="34.96882" lon="-119.98548"><ele>1491.0</ele></trkpt>
    <trkpt lat="34.96879" lon="-119.98526"><ele>1491.0</ele></trkpt>
    <trkpt lat="34.96870" lon="-119.98509"><ele>1491.0</ele></trkpt>
    <trkpt lat="34.96831" lon="-119.98465"><ele>1491.0</ele></trkpt>
    <trkpt lat="34.96796" lon="-119.98424"><ele>1491.0</ele></trkpt>
    <trkpt lat="34.96762" lon="-119.98375"><ele>1491.0</ele></trkpt>
    <trkpt lat="34.96710" lon="-119.98289"><ele>1491.0</ele></trkpt>
    <trkpt lat="34.96701" lon="-119.98271"><ele>1491.0</ele></trkpt>
    <trkpt lat="34.96694" lon="-119.98243"><ele>1491.0</ele></trkpt>
    <trkpt lat="34.96693" lon="-119.98222"><ele>1491.0</ele></trkpt>
    <trkpt lat="34.96695" lon="-119.98204"><ele>1491.0</ele></trkpt>
    <trkpt lat="34.96705" lon="-119.98178"><ele>1491.0</ele></trkpt>
    <trkpt lat="34.96740" lon="-119.98109"><ele>1491.0</ele></trkpt>
    <trkpt lat="34.96745" lon="-119.98096"><ele>1491.0</ele></trkpt>
    <trkpt lat="34.96747" lon="-119.98084"><ele>1491.0</ele></trkpt>
    <trkpt lat="34.96749" lon="-119.98071"><ele>1491.0</ele></trkpt>
    <trkpt lat="34.96746" lon="-119.98056"><ele>1491.0</ele></trkpt>
    <trkpt lat="34.96740" lon="-119.98039"><ele>1459.0</ele></trkpt>
    <trkpt lat="34.96725" lon="-119.98008"><ele>1459.0</ele></trkpt>
    <trkpt lat="34.96707" lon="-119.97979"><ele>1459.0</ele></trkpt>
    <trkpt lat="34.96687" lon="-119.97956"><ele>1459.0</ele></trkpt>
    <trkpt lat="34.96679" lon="-119.97938"><ele>1459.0</ele></trkpt>
    <trkpt lat="34.96669" lon="-119.97917"><ele>1459.0</ele></trkpt>
    <trkpt lat="34.96664" lon="-119.97894"><ele>1459.0</ele></trkpt>
    <trkpt lat="34.96666" lon="-119.97879"><ele>1459.0</ele></trkpt>
    <trkpt lat="34.96670" lon="-119.97861"><ele>1459.0</ele></trkpt>
    <trkpt lat="34.96676" lon="-119.97848"><ele>1459.0</ele></trkpt>
    <trkpt lat="34.96686" lon="-119.97837"><ele>1459.0</ele></trkpt>
    <trkpt lat="34.96735" lon="-119.97787"><ele>1459.0</ele></trkpt>
    <trkpt lat="34.96756" lon="-119.97763"><ele>1459.0</ele></trkpt>
    <trkpt lat="34.96778" lon="-119.97743"><ele>1459.0</ele></trkpt>
    <trkpt lat="34.96782" lon="-119.97737"><ele>1459.0</ele></trkpt>
    <trkpt lat="34.96786" lon="-119.97730"><ele>1459.0</ele></trkpt>
    <trkpt lat="34.96789" lon="-119.97722"><ele>1459.0</ele></trkpt>
    <trkpt lat="34.96791" lon="-119.97708"><ele>1459.0</ele></trkpt>
    <trkpt lat="34.96796" lon="-119.97692"><ele>1459.0</ele></trkpt>
    <trkpt lat="34.96797" lon="-119.97671"><ele>1459.0</ele></trkpt>
    <trkpt lat="34.96800" lon="-119.97646"><ele>1459.0</ele></trkpt>
    <trkpt lat="34.96801" lon="-119.97612"><ele>1451.0</ele></trkpt>
    <trkpt lat="34.96800" lon="-119.97598"><ele>1451.0</ele></trkpt>
    <trkpt lat="34.96801" lon="-119.97570"><ele>1451.0</ele></trkpt>
    <trkpt lat="34.96800" lon="-119.97543"><ele>1451.0</ele></trkpt>
    <trkpt lat="34.96798" lon="-119.97494"><ele>1451.0</ele></trkpt>
    <trkpt lat="34.96788" lon="-119.97395"><ele>1451.0</ele></trkpt>
    <trkpt lat="34.96775" lon="-119.97336"><ele>1451.0</ele></trkpt>
    <trkpt lat="34.96771" lon="-119.97309"><ele>1451.0</ele></trkpt>
    <trkpt lat="34.96767" lon="-119.97294"><ele>1451.0</ele></trkpt>
    <trkpt lat="34.96758" lon="-119.97288"><ele>1451.0</ele></trkpt>
    <trkpt lat="34.96744" lon="-119.97270"><ele>1451.0</ele></trkpt>
    <trkpt lat="34.96731" lon="-119.97256"><ele>1451.0</ele></trkpt>
    <trkpt lat="34.96721" lon="-119.97236"><ele>1451.0</ele></trkpt>
    <trkpt lat="34.96714" lon="-119.97213"><ele>1451.0</ele></trkpt>
    <trkpt lat="34.96708" lon="-119.97183"><ele>1451.0</ele></trkpt>
    <trkpt lat="34.96710" lon="-119.97113"><ele>1451.0</ele></trkpt>
    <trkpt lat="34.96722" lon="-119.97052"><ele>1451.0</ele></trkpt>
    <trkpt lat="34.96725" lon="-119.97017"><ele>1451.0</ele></trkpt>
    <trkpt lat="34.96723" lon="-119.96993"><ele>1451.0</ele></trkpt>
    <trkpt lat="34.96718" lon="-119.96974"><ele>1451.0</ele></trkpt>
    <trkpt lat="34.96699" lon="-119.96935"><ele>1479.0</ele></trkpt>
    <trkpt lat="34.96676" lon="-119.96910"><ele>1479.0</ele></trkpt>
    <trkpt lat="34.96619" lon="-119.96854"><ele>1479.0</ele></trkpt>
    <trkpt lat="34.96516" lon="-119.96743"><ele>1479.0</ele></trkpt>
    <trkpt lat="34.96467" lon="-119.96685"><ele>1479.0</ele></trkpt>
    <trkpt lat="34.96452" lon="-119.96668"><ele>1479.0</ele></trkpt>
    <trkpt lat="34.96436" lon="-119.96655"><ele>1479.0</ele></trkpt>
    <trkpt lat="34.96424" lon="-119.96651"><ele>1479.0</ele></trkpt>
    <trkpt lat="34.96407" lon="-119.96652"><ele>1479.0</ele></trkpt>
    <trkpt lat="34.96391" lon="-119.96658"><ele>1479.0</ele></trkpt>
    <trkpt lat="34.96378" lon="-119.96667"><ele>1479.0</ele></trkpt>
    <trkpt lat="34.96361" lon="-119.96676"><ele>1479.0</ele></trkpt>
    <trkpt lat="34.96340" lon="-119.96679"><ele>1479.0</ele></trkpt>
    <trkpt lat="34.96325" lon="-119.96676"><ele>1479.0</ele></trkpt>
    <trkpt lat="34.96309" lon="-119.96669"><ele>1479.0</ele></trkpt>
    <trkpt lat="34.96294" lon="-119.96652"><ele>1479.0</ele></trkpt>
    <trkpt lat="34.96282" lon="-119.96630"><ele>1479.0</ele></trkpt>
    <trkpt lat="34.96273" lon="-119.96601"><ele>1479.0</ele></trkpt>
    <trkpt lat="34.96264" lon="-119.96567"><ele>1479.0</ele></trkpt>
    <trkpt lat="34.96260" lon="-119.96537"><ele>1479.0</ele></trkpt>
    <trkpt lat="34.96255" lon="-119.96516"><ele>1479.0</ele></trkpt>
    <trkpt lat="34.96246" lon="-119.96486"><ele>1489.0</ele></trkpt>
    <trkpt lat="34.96231" lon="-119.96464"><ele>1489.0</ele></trkpt>
    <trkpt lat="34.96216" lon="-119.96452"><ele>1489.0</ele></trkpt>
    <trkpt lat="34.96192" lon="-119.96439"><ele>1489.0</ele></trkpt>
    <trkpt lat="34.96160" lon="-119.96434"><ele>1489.0</ele></trkpt>
    <trkpt lat="34.96137" lon="-119.96442"><ele>1489.0</ele></trkpt>
    <trkpt lat="34.96103" lon="-119.96460"><ele>1489.0</ele></trkpt>
    <trkpt lat="34.96079" lon="-119.96473"><ele>1489.0</ele></trkpt>
    <trkpt lat="34.96050" lon="-119.96481"><ele>1489.0</ele></trkpt>
    <trkpt lat="34.96026" lon="-119.96488"><ele>1489.0</ele></trkpt>
    <trkpt lat="34.95999" lon="-119.96486"><ele>1489.0</ele></trkpt>
    <trkpt lat="34.95974" lon="-119.96479"><ele>1489.0</ele></trkpt>
    <trkpt lat="34.95952" lon="-119.96468"><ele>1489.0</ele></trkpt>
    <trkpt lat="34.95922" lon="-119.96443"><ele>1489.0</ele></trkpt>
    <trkpt lat="34.95885" lon="-119.96403"><ele>1489.0</ele></trkpt>
    <trkpt lat="34.95829" lon="-119.96336"><ele>1489.0</ele></trkpt>
    <trkpt lat="34.95613" lon="-119.96079"><ele>1489.0</ele></trkpt>
    <trkpt lat="34.95605" lon="-119.96066"><ele>1489.0</ele></trkpt>
    <trkpt lat="34.95572" lon="-119.95999"><ele>1489.0</ele></trkpt>
    <trkpt lat="34.95550" lon="-119.95971"><ele>1489.0</ele></trkpt>
    <trkpt lat="34.95420" lon="-119.95831"><ele>1489.0</ele></trkpt>
    <trkpt lat="34.95384" lon="-119.95794"><ele>1537.0</ele></trkpt>
    <trkpt lat="34.95348" lon="-119.95755"><ele>1537.0</ele></trkpt>
    <trkpt lat="34.95319" lon="-119.95722"><ele>1537.0</ele></trkpt>
    <trkpt lat="34.95306" lon="-119.95708"><ele>1537.0</ele></trkpt>
    <trkpt lat="34.95292" lon="-119.95696"><ele>1537.0</ele></trkpt>
    <trkpt lat="34.95280" lon="-119.95692"><ele>1537.0</ele></trkpt>
    <trkpt lat="34.95266" lon="-119.95686"><ele>1537.0</ele></trkpt>
    <trkpt lat="34.95247" lon="-119.95681"><ele>1537.0</ele></trkpt>
    <trkpt lat="34.95232" lon="-119.95672"><ele>1537.0</ele></trkpt>
    <trkpt lat="34.95219" lon="-119.95663"><ele>1537.0</ele></trkpt>
    <trkpt lat="34.95206" lon="-119.95654"><ele>1537.0</ele></trkpt>
    <trkpt lat="34.95194" lon="-119.95645"><ele>1537.0</ele></trkpt>
    <trkpt lat="34.95183" lon="-119.95642"><ele>1537.0</ele></trkpt>
    <trkpt lat="34.95163" lon="-119.95633"><ele>1537.0</ele></trkpt>
    <trkpt lat="34.95147" lon="-119.95622"><ele>1537.0</ele></trkpt>
    <trkpt lat="34.95133" lon="-119.95612"><ele>1537.0</ele></trkpt>
    <trkpt lat="34.95118" lon="-119.95603"><ele>1537.0</ele></trkpt>
    <trkpt lat="34.95103" lon="-119.95596"><ele>1537.0</ele></trkpt>
    <trkpt lat="34.95080" lon="-119.95582"><ele>1537.0</ele></trkpt>
    <trkpt lat="34.95063" lon="-119.95569"><ele>1537.0</ele></trkpt>
    <trkpt lat="34.95049" lon="-119.95552"><ele>1531.0</ele></trkpt>
    <trkpt lat="34.95039" lon="-119.95544"><ele>1531.0</ele></trkpt>
    <trkpt lat="34.95022" lon="-119.95528"><ele>1531.0</ele></trkpt>
    <trkpt lat="34.95011" lon="-119.95500"><ele>1531.0</ele></trkpt>
    <trkpt lat="34.94994" lon="-119.95472"><ele>1531.0</ele></trkpt>
    <trkpt lat="34.94980" lon="-119.95448"><ele>1531.0</ele></trkpt>
    <trkpt lat="34.94944" lon="-119.95381"><ele>1531.0</ele></trkpt>
    <trkpt lat="34.94924" lon="-119.95347"><ele>1531.0</ele></trkpt>
    <trkpt lat="34.94911" lon="-119.95325"><ele>1531.0</ele></trkpt>
    <trkpt lat="34.94898" lon="-119.95307"><ele>1531.0</ele></trkpt>
    <trkpt lat="34.94881" lon="-119.95292"><ele>1531.0</ele></trkpt>
    <trkpt lat="34.94866" lon="-119.95282"><ele>1531.0</ele></trkpt>
    <trkpt lat="34.94843" lon="-119.95271"><ele>1531.0</ele></trkpt>
    <trkpt lat="34.94819" lon="-119.95266"><ele>1531.0</ele></trkpt>
    <trkpt lat="34.94778" lon="-119.95254"><ele>1531.0</ele></trkpt>
    <trkpt lat="34.94760" lon="-119.95246"><ele>1531.0</ele></trkpt>
    <trkpt lat="34.94738" lon="-119.95234"><ele>1531.0</ele></trkpt>
    <trkpt lat="34.94712" lon="-119.95216"><ele>1531.0</ele></trkpt>
    <trkpt lat="34.94695" lon="-119.95200"><ele>1531.0</ele></trkpt>
    <trkpt lat="34.94678" lon="-119.95183"><ele>1531.0</ele></trkpt>
    <trkpt lat="34.94666" lon="-119.95157"><ele>1531.0</ele></trkpt>
    <trkpt lat="34.94654" lon="-119.95128"><ele>1496.0</ele></trkpt>
    <trkpt lat="34.94650" lon="-119.95101"><ele>1496.0</ele></trkpt>
    <trkpt lat="34.94644" lon="-119.95069"><ele>1496.0</ele></trkpt>
    <trkpt lat="34.94627" lon="-119.94978"><ele>1496.0</ele></trkpt>
    <trkpt lat="34.94621" lon="-119.94952"><ele>1496.0</ele></trkpt>
    <trkpt lat="34.94608" lon="-119.94925"><ele>1496.0</ele></trkpt>
    <trkpt lat="34.94595" lon="-119.94904"><ele>1496.0</ele></trkpt>
    <trkpt lat="34.94575" lon="-119.94871"><ele>1496.0</ele></trkpt>
    <trkpt lat="34.94561" lon="-119.94855"><ele>1496.0</ele></trkpt>
    <trkpt lat="34.94538" lon="-119.94827"><ele>1496.0</ele></trkpt>
    <trkpt lat="34.94521" lon="-119.94810"><ele>1496.0</ele></trkpt>
    <trkpt lat="34.94502" lon="-119.94798"><ele>1496.0</ele></trkpt>
    <trkpt lat="34.94483" lon="-119.94785"><ele>1496.0</ele></trkpt>
    <trkpt lat="34.94461" lon="-119.94768"><ele>1496.0</ele></trkpt>
    <trkpt lat="34.94388" lon="-119.94726"><ele>1496.0</ele></trkpt>
    <trkpt lat="34.94353" lon="-119.94708"><ele>1496.0</ele></trkpt>
    <trkpt lat="34.94311" lon="-119.94687"><ele>1496.0</ele></trkpt>
    <trkpt lat="34.94289" lon="-119.94679"><ele>1496.0</ele></trkpt>
    <trkpt lat="34.94275" lon="-119.94676"><ele>1496.0</ele></trkpt>
    <trkpt lat="34.94215" lon="-119.94687"><ele>1496.0</ele></trkpt>
    <trkpt lat="34.94182" lon="-119.94693"><ele>1496.0</ele></trkpt>
    <trkpt lat="34.94155" lon="-119.94700"><ele>1478.0</ele></trkpt>
    <trkpt lat="34.94120" lon="-119.94719"><ele>1478.0</ele></trkpt>
    <trkpt lat="34.94086" lon="-119.94737"><ele>1478.0</ele></trkpt>
    <trkpt lat="34.94062" lon="-119.94747"><ele>1478.0</ele></trkpt>
    <trkpt lat="34.94044" lon="-119.94752"><ele>1478.0</ele></trkpt>
    <trkpt lat="34.94029" lon="-119.94752"><ele>1478.0</ele></trkpt>
    <trkpt lat="34.94011" lon="-119.94752"><ele>1478.0</ele></trkpt>
    <trkpt lat="34.93989" lon="-119.94747"><ele>1478.0</ele></trkpt>
    <trkpt lat="34.93966" lon="-119.94737"><ele>1478.0</ele></trkpt>
    <trkpt lat="34.93936" lon="-119.94724"><ele>1478.0</ele></trkpt>
    <trkpt lat="34.93922" lon="-119.94716"><ele>1478.0</ele></trkpt>
    <trkpt lat="34.93907" lon="-119.94710"><ele>1478.0</ele></trkpt>
    <trkpt lat="34.93900" lon="-119.94704"><ele>1478.0</ele></trkpt>
    <trkpt lat="34.93888" lon="-119.94685"><ele>1478.0</ele></trkpt>
    <trkpt lat="34.93871" lon="-119.94676"><ele>1478.0</ele></trkpt>
    <trkpt lat="34.93849" lon="-119.94662"><ele>1478.0</ele></trkpt>
    <trkpt lat="34.93821" lon="-119.94644"><ele>1478.0</ele></trkpt>
    <trkpt lat="34.93797" lon="-119.94630"><ele>1478.0</ele></trkpt>
    <trkpt lat="34.93773" lon="-119.94617"><ele>1478.0</ele></trkpt>
    <trkpt lat="34.93751" lon="-119.94607"><ele>1478.0</ele></trkpt>
    <trkpt lat="34.93727" lon="-119.94596"><ele>1517.0</ele></trkpt>
    <trkpt lat="34.93708" lon="-119.94587"><ele>1517.0</ele></trkpt>
    <trkpt lat="34.93691" lon="-119.94576"><ele>1517.0</ele></trkpt>
    <trkpt lat="34.93668" lon="-119.94557"><ele>1517.0</ele></trkpt>
    <trkpt lat="34.93652" lon="-119.94544"><ele>1517.0</ele></trkpt>
    <trkpt lat="34.93635" lon="-119.94526"><ele>1517.0</ele></trkpt>
    <trkpt lat="34.93624" lon="-119.94514"><ele>1517.0</ele></trkpt>
    <trkpt lat="34.93614" lon="-119.94507"><ele>1517.0</ele></trkpt>
    <trkpt lat="34.93609" lon="-119.94502"><ele>1517.0</ele></trkpt>
    <trkpt lat="34.93583" lon="-119.94496"><ele>1517.0</ele></trkpt>
    <trkpt lat="34.93555" lon="-119.94485"><ele>1517.0</ele></trkpt>
    <trkpt lat="34.93538" lon="-119.94479"><ele>1517.0</ele></trkpt>
    <trkpt lat="34.93520" lon="-119.94472"><ele>1517.0</ele></trkpt>
    <trkpt lat="34.93496" lon="-119.94446"><ele>1517.0</ele></trkpt>
    <trkpt lat="34.93488" lon="-119.94435"><ele>1517.0</ele></trkpt>
    <trkpt lat="34.93480" lon="-119.94420"><ele>1517.0</ele></trkpt>
    <trkpt lat="34.93477" lon="-119.94405"><ele>1517.0</ele></trkpt>
    <trkpt lat="34.93470" lon="-119.94393"><ele>1517.0</ele></trkpt>
    <trkpt lat="34.93463" lon="-119.94379"><ele>1517.0</ele></trkpt>
    <trkpt lat="34.93454" lon="-119.94359"><ele>1517.0</ele></trkpt>
    <trkpt lat="34.93448" lon="-119.94345"><ele>1517.0</ele></trkpt>
    <trkpt lat="34.93446" lon="-119.94300"><ele>1485.0</ele></trkpt>
    <trkpt lat="34.93446" lon="-119.94287"><ele>1485.0</ele></trkpt>
    <trkpt lat="34.93444" lon="-119.94263"><ele>1485.0</ele></trkpt>
    <trkpt lat="34.93445" lon="-119.94239"><ele>1485.0</ele></trkpt>
    <trkpt lat="34.93450" lon="-119.94128"><ele>1485.0</ele></trkpt>
    <trkpt lat="34.93454" lon="-119.94078"><ele>1485.0</ele></trkpt>
    <trkpt lat="34.93453" lon="-119.94045"><ele>1485.0</ele></trkpt>
    <trkpt lat="34.93455" lon="-119.93978"><ele>1485.0</ele></trkpt>
    <trkpt lat="34.93453" lon="-119.93928"><ele>1485.0</ele></trkpt>
    <trkpt lat="34.93451" lon="-119.93909"><ele>1485.0</ele></trkpt>
    <trkpt lat="34.93446" lon="-119.93880"><ele>1485.0</ele></trkpt>
    <trkpt lat="34.93437" lon="-119.93852"><ele>1485.0</ele></trkpt>
    <trkpt lat="34.93428" lon="-119.93829"><ele>1485.0</ele></trkpt>
    <trkpt lat="34.93416" lon="-119.93813"><ele>1485.0</ele></trkpt>
    <trkpt lat="34.93401" lon="-119.93798"><ele>1485.0</ele></trkpt>
    <trkpt lat="34.93379" lon="-119.93759"><ele>1485.0</ele></trkpt>
    <trkpt lat="34.93369" lon="-119.93742"><ele>1485.0</ele></trkpt>
    <trkpt lat="34.93365" lon="-119.93722"><ele>1485.0</ele></trkpt>
    <trkpt lat="34.93362" lon="-119.93704"><ele>1485.0</ele></trkpt>
    <trkpt lat="34.93358" lon="-119.93692"><ele>1485.0</ele></trkpt>
    <trkpt lat="34.93349" lon="-119.93677"><ele>1485.0</ele></trkpt>
    <trkpt lat="34.93339" lon="-119.93664"><ele>1492.0</ele></trkpt>
    <trkpt lat="34.93290" lon="-119.93606"><ele>1492.0</ele></trkpt>
    <trkpt lat="34.93273" lon="-119.93586"><ele>1492.0</ele></trkpt>
    <trkpt lat="34.93263" lon="-119.93574"><ele>1492.0</ele></trkpt>
    <trkpt lat="34.93255" lon="-119.93558"><ele>1492.0</ele></trkpt>
    <trkpt lat="34.93250" lon="-119.93545"><ele>1492.0</ele></trkpt>
    <trkpt lat="34.93236" lon="-119.93532"><ele>1492.0</ele></trkpt>
    <trkpt lat="34.93213" lon="-119.93515"><ele>1492.0</ele></trkpt>
    <trkpt lat="34.93176" lon="-119.93485"><ele>1492.0</ele></trkpt>
    <trkpt lat="34.93155" lon="-119.93471"><ele>1492.0</ele></trkpt>
    <trkpt lat="34.93142" lon="-119.93463"><ele>1492.0</ele></trkpt>
    <trkpt lat="34.93122" lon="-119.93453"><ele>1492.0</ele></trkpt>
    <trkpt lat="34.93110" lon="-119.93445"><ele>1492.0</ele></trkpt>
    <trkpt lat="34.93095" lon="-119.93436"><ele>1492.0</ele></trkpt>
    <trkpt lat="34.93082" lon="-119.93428"><ele>1492.0</ele></trkpt>
    <trkpt lat="34.93067" lon="-119.93417"><ele>1492.0</ele></trkpt>
    <trkpt lat="34.93041" lon="-119.93386"><ele>1492.0</ele></trkpt>
    <trkpt lat="34.93028" lon="-119.93368"><ele>1492.0</ele></trkpt>
    <trkpt lat="34.93019" lon="-119.93354"><ele>1492.0</ele></trkpt>
    <trkpt lat="34.93008" lon="-119.93324"><ele>1492.0</ele></trkpt>
    <trkpt lat="34.93005" lon="-119.93316"><ele>1480.0</ele></trkpt>
    <trkpt lat="34.92996" lon="-119.93298"><ele>1480.0</ele></trkpt>
    <trkpt lat="34.92986" lon="-119.93275"><ele>1480.0</ele></trkpt>
    <trkpt lat="34.92981" lon="-119.93267"><ele>1480.0</ele></trkpt>
    <trkpt lat="34.92978" lon="-119.93260"><ele>1480.0</ele></trkpt>
    <trkpt lat="34.92975" lon="-119.93253"><ele>1480.0</ele></trkpt>
    <trkpt lat="34.92965" lon="-119.93234"><ele>1480.0</ele></trkpt>
    <trkpt lat="34.92960" lon="-119.93222"><ele>1480.0</ele></trkpt>
    <trkpt lat="34.92951" lon="-119.93208"><ele>1480.0</ele></trkpt>
    <trkpt lat="34.92944" lon="-119.93193"><ele>1480.0</ele></trkpt>
    <trkpt lat="34.92936" lon="-119.93182"><ele>1480.0</ele></trkpt>
    <trkpt lat="34.92927" lon="-119.93169"><ele>1480.0</ele></trkpt>
    <trkpt lat="34.92861" lon="-119.93096"><ele>1480.0</ele></trkpt>
    <trkpt lat="34.92844" lon="-119.93078"><ele>1480.0</ele></trkpt>
    <trkpt lat="34.92806" lon="-119.93038"><ele>1480.0</ele></trkpt>
    <trkpt lat="34.92783" lon="-119.93017"><ele>1480.0</ele></trkpt>
    <trkpt lat="34.92770" lon="-119.93007"><ele>1480.0</ele></trkpt>
    <trkpt lat="34.92754" lon="-119.92996"><ele>1480.0</ele></trkpt>
    <trkpt lat="34.92739" lon="-119.92984"><ele>1480.0</ele></trkpt>
    <trkpt lat="34.92724" lon="-119.92974"><ele>1480.0</ele></trkpt>
    <trkpt lat="34.92713" lon="-119.92969"><ele>1480.0</ele></trkpt>
    <trkpt lat="34.92699" lon="-119.92967"><ele>1523.0</ele></trkpt>
    <trkpt lat="34.92688" lon="-119.92967"><ele>1523.0</ele></trkpt>
    <trkpt lat="34.92675" lon="-119.92968"><ele>1523.0</ele></trkpt>
    <trkpt lat="34.92663" lon="-119.92968"><ele>1523.0</ele></trkpt>
    <trkpt lat="34.92652" lon="-119.92962"><ele>1523.0</ele></trkpt>
    <trkpt lat="34.92640" lon="-119.92955"><ele>1523.0</ele></trkpt>
    <trkpt lat="34.92628" lon="-119.92944"><ele>1523.0</ele></trkpt>
    <trkpt lat="34.92612" lon="-119.92934"><ele>1523.0</ele></trkpt>
    <trkpt lat="34.92594" lon="-119.92931"><ele>1523.0</ele></trkpt>
    <trkpt lat="34.92573" lon="-119.92930"><ele>1523.0</ele></trkpt>
    <trkpt lat="34.92505" lon="-119.92931"><ele>1523.0</ele></trkpt>
    <trkpt lat="34.92489" lon="-119.92932"><ele>1523.0</ele></trkpt>
    <trkpt lat="34.92477" lon="-119.92938"><ele>1523.0</ele></trkpt>
    <trkpt lat="34.92464" lon="-119.92944"><ele>1523.0</ele></trkpt>
    <trkpt lat="34.92448" lon="-119.92951"><ele>1523.0</ele></trkpt>
    <trkpt lat="34.92430" lon="-119.92955"><ele>1523.0</ele></trkpt>
    <trkpt lat="34.92415" lon="-119.92954"><ele>1523.0</ele></trkpt>
    <trkpt lat="34.92399" lon="-119.92948"><ele>1523.0</ele></trkpt>
    <trkpt lat="34.92384" lon="-119.92938"><ele>1523.0</ele></trkpt>
    <trkpt lat="34.92367" lon="-119.92926"><ele>1523.0</ele></trkpt>
    <trkpt lat="34.92356" lon="-119.92908"><ele>1523.0</ele></trkpt>
    <trkpt lat="34.92354" lon="-119.92889"><ele>1542.0</ele></trkpt>
    <trkpt lat="34.92357" lon="-119.92867"><ele>1542.0</ele></trkpt>
    <trkpt lat="34.92364" lon="-119.92853"><ele>1542.0</ele></trkpt>
    <trkpt lat="34.92371" lon="-119.92839"><ele>1542.0</ele></trkpt>
    <trkpt lat="34.92380" lon="-119.92822"><ele>1542.0</ele></trkpt>
    <trkpt lat="34.92384" lon="-119.92810"><ele>1542.0</ele></trkpt>
    <trkpt lat="34.92389" lon="-119.92795"><ele>1542.0</ele></trkpt>
    <trkpt lat="34.92390" lon="-119.92790"><ele>1542.0</ele></trkpt>
    <trkpt lat="34.92399" lon="-119.92749"><ele>1542.0</ele></trkpt>
    <trkpt lat="34.92399" lon="-119.92732"><ele>1542.0</ele></trkpt>
    <trkpt lat="34.92401" lon="-119.92716"><ele>1542.0</ele></trkpt>
    <trkpt lat="34.92410" lon="-119.92672"><ele>1542.0</ele></trkpt>
    <trkpt lat="34.92413" lon="-119.92660"><ele>1542.0</ele></trkpt>
    <trkpt lat="34.92415" lon="-119.92644"><ele>1542.0</ele></trkpt>
    <trkpt lat="34.92415" lon="-119.92630"><ele>1542.0</ele></trkpt>
    <trkpt lat="34.92414" lon="-119.92618"><ele>1542.0</ele></trkpt>
    <trkpt lat="34.92413" lon="-119.92604"><ele>1542.0</ele></trkpt>
    <trkpt lat="34.92410" lon="-119.92590"><ele>1542.0</ele></trkpt>
    <trkpt lat="34.92407" lon="-119.92580"><ele>1542.0</ele></trkpt>
    <trkpt lat="34.92402" lon="-119.92573"><ele>1542.0</ele></trkpt>
    <trkpt lat="34.92397" lon="-119.92569"><ele>1528.0</ele></trkpt>
    <trkpt lat="34.92386" lon="-119.92558"><ele>1528.0</ele></trkpt>
    <trkpt lat="34.92376" lon="-119.92552"><ele>1528.0</ele></trkpt>
    <trkpt lat="34.92361" lon="-119.92542"><ele>1528.0</ele></trkpt>
    <trkpt lat="34.92346" lon="-119.92534"><ele>1528.0</ele></trkpt>
    <trkpt lat="34.92330" lon="-119.92524"><ele>1528.0</ele></trkpt>
    <trkpt lat="34.92319" lon="-119.92514"><ele>1528.0</ele></trkpt>
    <trkpt lat="34.92308" lon="-119.92496"><ele>1528.0</ele></trkpt>
    <trkpt lat="34.92296" lon="-119.92477"><ele>1528.0</ele></trkpt>
    <trkpt lat="34.92287" lon="-119.92457"><ele>1528.0</ele></trkpt>
    <trkpt lat="34.92279" lon="-119.92442"><ele>1528.0</ele></trkpt>
    <trkpt lat="34.92272" lon="-119.92420"><ele>1528.0</ele></trkpt>
    <trkpt lat="34.92259" lon="-119.92391"><ele>1528.0</ele></trkpt>
    <trkpt lat="34.92254" lon="-119.92366"><ele>1528.0</ele></trkpt>
    <trkpt lat="34.92250" lon="-119.92352"><ele>1528.0</ele></trkpt>
    <trkpt lat="34.92241" lon="-119.92339"><ele>1528.0</ele></trkpt>
    <trkpt lat="34.92227" lon="-119.92320"><ele>1528.0</ele></trkpt>
    <trkpt lat="34.92218" lon="-119.92304"><ele>1528.0</ele></trkpt>
    <trkpt lat="34.92204" lon="-119.92291"><ele>1528.0</ele></trkpt>
    <trkpt lat="34.92192" lon="-119.92279"><ele>1528.0</ele></trkpt>
    <trkpt lat="34.92185" lon="-119.92266"><ele>1528.0</ele></trkpt>
    <trkpt lat="34.92177" lon="-119.92247"><ele>1530.0</ele></trkpt>
    <trkpt lat="34.92165" lon="-119.92192"><ele>1530.0</ele></trkpt>
    <trkpt lat="34.92157" lon="-119.92173"><ele>1530.0</ele></trkpt>
    <trkpt lat="34.92154" lon="-119.92162"><ele>1530.0</ele></trkpt>
    <trkpt lat="34.92147" lon="-119.92153"><ele>1530.0</ele></trkpt>
    <trkpt lat="34.92133" lon="-119.92144"><ele>1530.0</ele></trkpt>
    <trkpt lat="34.92124" lon="-119.92136"><ele>1530.0</ele></trkpt>
    <trkpt lat="34.92108" lon="-119.92127"><ele>1530.0</ele></trkpt>
    <trkpt lat="34.92093" lon="-119.92115"><ele>1530.0</ele></trkpt>
    <trkpt lat="34.92082" lon="-119.92102"><ele>1530.0</ele></trkpt>
    <trkpt lat="34.92074" lon="-119.92091"><ele>1530.0</ele></trkpt>
    <trkpt lat="34.92046" lon="-119.92040"><ele>1530.0</ele></trkpt>
    <trkpt lat="34.92033" lon="-119.92021"><ele>1530.0</ele></trkpt>
    <trkpt lat="34.92025" lon="-119.91999"><ele>1530.0</ele></trkpt>
    <trkpt lat="34.92019" lon="-119.91987"><ele>1530.0</ele></trkpt>
    <trkpt lat="34.92010" lon="-119.91967"><ele>1530.0</ele></trkpt>
    <trkpt lat="34.92005" lon="-119.91953"><ele>1530.0</ele></trkpt>
    <trkpt lat="34.92001" lon="-119.91942"><ele>1530.0</ele></trkpt>
    <trkpt lat="34.91994" lon="-119.91933"><ele>1530.0</ele></trkpt>
    <trkpt lat="34.91984" lon="-119.91928"><ele>1530.0</ele></trkpt>
    <trkpt lat="34.91971" lon="-119.91924"><ele>1530.0</ele></trkpt>
    <trkpt lat="34.91939" lon="-119.91926"><ele>1543.0</ele></trkpt>
    <trkpt lat="34.91933" lon="-119.91924"><ele>1543.0</ele></trkpt>
    <trkpt lat="34.91924" lon="-119.91921"><ele>1543.0</ele></trkpt>
    <trkpt lat="34.91911" lon="-119.91921"><ele>1543.0</ele></trkpt>
    <trkpt lat="34.91903" lon="-119.91919"><ele>1543.0</ele></trkpt>
    <trkpt lat="34.91896" lon="-119.91914"><ele>1543.0</ele></trkpt>
    <trkpt lat="34.91890" lon="-119.91907"><ele>1543.0</ele></trkpt>
    <trkpt lat="34.91888" lon="-119.91899"><ele>1543.0</ele></trkpt>
    <trkpt lat="34.91885" lon="-119.91892"><ele>1543.0</ele></trkpt>
    <trkpt lat="34.91885" lon="-119.91882"><ele>1543.0</ele></trkpt>
    <trkpt lat="34.91885" lon="-119.91877"><ele>1543.0</ele></trkpt>
    <trkpt lat="34.91888" lon="-119.91864"><ele>1543.0</ele></trkpt>
    <trkpt lat="34.91893" lon="-119.91830"><ele>1543.0</ele></trkpt>
    <trkpt lat="34.91897" lon="-119.91801"><ele>1543.0</ele></trkpt>
    <trkpt lat="34.91910" lon="-119.91737"><ele>1543.0</ele></trkpt>
    <trkpt lat="34.91912" lon="-119.91720"><ele>1543.0</ele></trkpt>
    <trkpt lat="34.91913" lon="-119.91698"><ele>1543.0</ele></trkpt>
    <trkpt lat="34.91914" lon="-119.91681"><ele>1543.0</ele></trkpt>
    <trkpt lat="34.91910" lon="-119.91650"><ele>1543.0</ele></trkpt>
    <trkpt lat="34.91908" lon="-119.91636"><ele>1543.0</ele></trkpt>
    <trkpt lat="34.91909" lon="-119.91618"><ele>1555.0</ele></trkpt>
    <trkpt lat="34.91909" lon="-119.91604"><ele>1555.0</ele></trkpt>
    <trkpt lat="34.91912" lon="-119.91588"><ele>1555.0</ele></trkpt>
    <trkpt lat="34.91918" lon="-119.91568"><ele>1555.0</ele></trkpt>
    <trkpt lat="34.91923" lon="-119.91552"><ele>1555.0</ele></trkpt>
    <trkpt lat="34.91927" lon="-119.91539"><ele>1555.0</ele></trkpt>
    <trkpt lat="34.91929" lon="-119.91524"><ele>1555.0</ele></trkpt>
    <trkpt lat="34.91926" lon="-119.91505"><ele>1555.0</ele></trkpt>
    <trkpt lat="34.91916" lon="-119.91439"><ele>1555.0</ele></trkpt>
    <trkpt lat="34.91905" lon="-119.91383"><ele>1555.0</ele></trkpt>
    <trkpt lat="34.91899" lon="-119.91350"><ele>1555.0</ele></trkpt>
    <trkpt lat="34.91889" lon="-119.91323"><ele>1555.0</ele></trkpt>
    <trkpt lat="34.91884" lon="-119.91311"><ele>1555.0</ele></trkpt>
    <trkpt lat="34.91877" lon="-119.91291"><ele>1555.0</ele></trkpt>
    <trkpt lat="34.91866" lon="-119.91276"><ele>1555.0</ele></trkpt>
    <trkpt lat="34.91845" lon="-119.91260"><ele>1555.0</ele></trkpt>
    <trkpt lat="34.91811" lon="-119.91237"><ele>1555.0</ele></trkpt>
    <trkpt lat="34.91788" lon="-119.91221"><ele>1555.0</ele></trkpt>
    <trkpt lat="34.91762" lon="-119.91207"><ele>1555.0</ele></trkpt>
    <trkpt lat="34.91745" lon="-119.91200"><ele>1555.0</ele></trkpt>
    <trkpt lat="34.91723" lon="-119.91186"><ele>1555.0</ele></trkpt>
    <trkpt lat="34.91702" lon="-119.91173"><ele>1570.0</ele></trkpt>
    <trkpt lat="34.91684" lon="-119.91158"><ele>1570.0</ele></trkpt>
    <trkpt lat="34.91667" lon="-119.91138"><ele>1570.0</ele></trkpt>
    <trkpt lat="34.91655" lon="-119.91118"><ele>1570.0</ele></trkpt>
    <trkpt lat="34.91647" lon="-119.91092"><ele>1570.0</ele></trkpt>
    <trkpt lat="34.91642" lon="-119.91066"><ele>1570.0</ele></trkpt>
    <trkpt lat="34.91641" lon="-119.91035"><ele>1570.0</ele></trkpt>
    <trkpt lat="34.91640" lon="-119.91008"><ele>1570.0</ele></trkpt>
    <trkpt lat="34.91642" lon="-119.90989"><ele>1570.0</ele></trkpt>
    <trkpt lat="34.91643" lon="-119.90963"><ele>1570.0</ele></trkpt>
    <trkpt lat="34.91646" lon="-119.90943"><ele>1570.0</ele></trkpt>
    <trkpt lat="34.91645" lon="-119.90925"><ele>1570.0</ele></trkpt>
    <trkpt lat="34.91646" lon="-119.90916"><ele>1570.0</ele></trkpt>
    <trkpt lat="34.91646" lon="-119.90912"><ele>1570.0</ele></trkpt>
    <trkpt lat="34.91641" lon="-119.90898"><ele>1570.0</ele></trkpt>
    <trkpt lat="34.91631" lon="-119.90885"><ele>1570.0</ele></trkpt>
    <trkpt lat="34.91612" lon="-119.90871"><ele>1570.0</ele></trkpt>
    <trkpt lat="34.91596" lon="-119.90855"><ele>1570.0</ele></trkpt>
    <trkpt lat="34.91582" lon="-119.90839"><ele>1570.0</ele></trkpt>
    <trkpt lat="34.91564" lon="-119.90815"><ele>1570.0</ele></trkpt>
    <trkpt lat="34.91547" lon="-119.90793"><ele>1570.0</ele></trkpt>
    <trkpt lat="34.91528" lon="-119.90773"><ele>1599.0</ele></trkpt>
    <trkpt lat="34.91514" lon="-119.90761"><ele>1599.0</ele></trkpt>
    <trkpt lat="34.91499" lon="-119.90750"><ele>1599.0</ele></trkpt>
    <trkpt lat="34.91482" lon="-119.90741"><ele>1599.0</ele></trkpt>
    <trkpt lat="34.91466" lon="-119.90731"><ele>1599.0</ele></trkpt>
    <trkpt lat="34.91454" lon="-119.90722"><ele>1599.0</ele></trkpt>
    <trkpt lat="34.91445" lon="-119.90702"><ele>1599.0</ele></trkpt>
    <trkpt lat="34.91439" lon="-119.90644"><ele>1599.0</ele></trkpt>
    <trkpt lat="34.91437" lon="-119.90611"><ele>1599.0</ele></trkpt>
    <trkpt lat="34.91439" lon="-119.90560"><ele>1599.0</ele></trkpt>
    <trkpt lat="34.91444" lon="-119.90534"><ele>1599.0</ele></trkpt>
    <trkpt lat="34.91450" lon="-119.90513"><ele>1599.0</ele></trkpt>
    <trkpt lat="34.91460" lon="-119.90495"><ele>1599.0</ele></trkpt>
    <trkpt lat="34.91466" lon="-119.90486"><ele>1599.0</ele></trkpt>
    <trkpt lat="34.91475" lon="-119.90469"><ele>1599.0</ele></trkpt>
    <trkpt lat="34.91477" lon="-119.90449"><ele>1599.0</ele></trkpt>
    <trkpt lat="34.91477" lon="-119.90436"><ele>1599.0</ele></trkpt>
    <trkpt lat="34.91471" lon="-119.90412"><ele>1599.0</ele></trkpt>
    <trkpt lat="34.91462" lon="-119.90391"><ele>1599.0</ele></trkpt>
    <trkpt lat="34.91456" lon="-119.90372"><ele>1599.0</ele></trkpt>
    <trkpt lat="34.91452" lon="-119.90350"><ele>1621.0</ele></trkpt>
    <trkpt lat="34.91447" lon="-119.90327"><ele>1621.0</ele></trkpt>
    <trkpt lat="34.91443" lon="-119.90306"><ele>1621.0</ele></trkpt>
    <trkpt lat="34.91433" lon="-119.90286"><ele>1621.0</ele></trkpt>
    <trkpt lat="34.91428" lon="-119.90275"><ele>1621.0</ele></trkpt>
    <trkpt lat="34.91417" lon="-119.90259"><ele>1621.0</ele></trkpt>
    <trkpt lat="34.91408" lon="-119.90247"><ele>1621.0</ele></trkpt>
    <trkpt lat="34.91399" lon="-119.90237"><ele>1621.0</ele></trkpt>
    <trkpt lat="34.91392" lon="-119.90229"><ele>1621.0</ele></trkpt>
    <trkpt lat="34.91383" lon="-119.90214"><ele>1621.0</ele></trkpt>
    <trkpt lat="34.91374" lon="-119.90199"><ele>1621.0</ele></trkpt>
    <trkpt lat="34.91365" lon="-119.90180"><ele>1621.0</ele></trkpt>
    <trkpt lat="34.91354" lon="-119.90156"><ele>1621.0</ele></trkpt>
    <trkpt lat="34.91350" lon="-119.90142"><ele>1621.0</ele></trkpt>
    <trkpt lat="34.91349" lon="-119.90123"><ele>1621.0</ele></trkpt>
    <trkpt lat="34.91346" lon="-119.90097"><ele>1621.0</ele></trkpt>
    <trkpt lat="34.91346" lon="-119.90072"><ele>1621.0</ele></trkpt>
    <trkpt lat="34.91353" lon="-119.90047"><ele>1621.0</ele></trkpt>
    <trkpt lat="34.91365" lon="-119.90033"><ele>1621.0</ele></trkpt>
    <trkpt lat="34.91381" lon="-119.90018"><ele>1621.0</ele></trkpt>
    <trkpt lat="34.91393" lon="-119.90009"><ele>1621.0</ele></trkpt>
    <trkpt lat="34.91405" lon="-119.89993"><ele>1638.0</ele></trkpt>
    <trkpt lat="34.91416" lon="-119.89971"><ele>1638.0</ele></trkpt>
    <trkpt lat="34.91421" lon="-119.89950"><ele>1638.0</ele></trkpt>
    <trkpt lat="34.91421" lon="-119.89917"><ele>1638.0</ele></trkpt>
    <trkpt lat="34.91419" lon="-119.89889"><ele>1638.0</ele></trkpt>
    <trkpt lat="34.91417" lon="-119.89863"><ele>1638.0</ele></trkpt>
    <trkpt lat="34.91411" lon="-119.89830"><ele>1638.0</ele></trkpt>
    <trkpt lat="34.91406" lon="-119.89816"><ele>1638.0</ele></trkpt>
    <trkpt lat="34.91405" lon="-119.89807"><ele>1638.0</ele></trkpt>
    <trkpt lat="34.91394" lon="-119.89762"><ele>1638.0</ele></trkpt>
    <trkpt lat="34.91390" lon="-119.89741"><ele>1638.0</ele></trkpt>
    <trkpt lat="34.91383" lon="-119.89710"><ele>1638.0</ele></trkpt>
    <trkpt lat="34.91375" lon="-119.89685"><ele>1638.0</ele></trkpt>
    <trkpt lat="34.91370" lon="-119.89668"><ele>1638.0</ele></trkpt>
    <trkpt lat="34.91367" lon="-119.89657"><ele>1638.0</ele></trkpt>
    <trkpt lat="34.91353" lon="-119.89629"><ele>1638.0</ele></trkpt>
    <trkpt lat="34.91346" lon="-119.89611"><ele>1638.0</ele></trkpt>
    <trkpt lat="34.91337" lon="-119.89594"><ele>1638.0</ele></trkpt>
    <trkpt lat="34.91325" lon="-119.89574"><ele>1638.0</ele></trkpt>
    <trkpt lat="34.91321" lon="-119.89564"><ele>1638.0</ele></trkpt>
    <trkpt lat="34.91316" lon="-119.89544"><ele>1638.0</ele></trkpt>
    <trkpt lat="34.91311" lon="-119.89528"><ele>1657.0</ele></trkpt>
    <trkpt lat="34.91309" lon="-119.89506"><ele>1657.0</ele></trkpt>
    <trkpt lat="34.91306" lon="-119.89483"><ele>1657.0</ele></trkpt>
    <trkpt lat="34.91307" lon="-119.89467"><ele>1657.0</ele></trkpt>
    <trkpt lat="34.91308" lon="-119.89459"><ele>1657.0</ele></trkpt>
    <trkpt lat="34.91311" lon="-119.89441"><ele>1657.0</ele></trkpt>
    <trkpt lat="34.91314" lon="-119.89423"><ele>1657.0</ele></trkpt>
    <trkpt lat="34.91319" lon="-119.89408"><ele>1657.0</ele></trkpt>
    <trkpt lat="34.91327" lon="-119.89393"><ele>1657.0</ele></trkpt>
    <trkpt lat="34.91336" lon="-119.89372"><ele>1657.0</ele></trkpt>
    <trkpt lat="34.91345" lon="-119.89353"><ele>1657.0</ele></trkpt>
    <trkpt lat="34.91355" lon="-119.89326"><ele>1657.0</ele></trkpt>
    <trkpt lat="34.91360" lon="-119.89296"><ele>1657.0</ele></trkpt>
    <trkpt lat="34.91359" lon="-119.89266"><ele>1657.0</ele></trkpt>
    <trkpt lat="34.91357" lon="-119.89224"><ele>1657.0</ele></trkpt>
    <trkpt lat="34.91352" lon="-119.89189"><ele>1657.0</ele></trkpt>
    <trkpt lat="34.91343" lon="-119.89159"><ele>1657.0</ele></trkpt>
    <trkpt lat="34.91336" lon="-119.89140"><ele>1657.0</ele></trkpt>
    <trkpt lat="34.91327" lon="-119.89122"><ele>1657.0</ele></trkpt>
    <trkpt lat="34.91316" lon="-119.89111"><ele>1657.0</ele></trkpt>
    <trkpt lat="34.91311" lon="-119.89103"><ele>1657.0</ele></trkpt>
    <trkpt lat="34.91297" lon="-119.89077"><ele>1677.0</ele></trkpt>
    <trkpt lat="34.91282" lon="-119.89043"><ele>1677.0</ele></trkpt>
    <trkpt lat="34.91259" lon="-119.88977"><ele>1677.0</ele></trkpt>
    <trkpt lat="34.91239" lon="-119.88930"><ele>1677.0</ele></trkpt>
    <trkpt lat="34.91233" lon="-119.88917"><ele>1677.0</ele></trkpt>
    <trkpt lat="34.91225" lon="-119.88904"><ele>1677.0</ele></trkpt>
    <trkpt lat="34.91211" lon="-119.88890"><ele>1677.0</ele></trkpt>
    <trkpt lat="34.91187" lon="-119.88855"><ele>1677.0</ele></trkpt>
    <trkpt lat="34.91174" lon="-119.88839"><ele>1677.0</ele></trkpt>
    <trkpt lat="34.91163" lon="-119.88827"><ele>1677.0</ele></trkpt>
    <trkpt lat="34.91149" lon="-119.88814"><ele>1677.0</ele></trkpt>
    <trkpt lat="34.91131" lon="-119.88802"><ele>1677.0</ele></trkpt>
    <trkpt lat="34.91104" lon="-119.88789"><ele>1677.0</ele></trkpt>
    <trkpt lat="34.91063" lon="-119.88773"><ele>1677.0</ele></trkpt>
    <trkpt lat="34.91045" lon="-119.88766"><ele>1677.0</ele></trkpt>
    <trkpt lat="34.91016" lon="-119.88759"><ele>1677.0</ele></trkpt>
    <trkpt lat="34.90988" lon="-119.88750"><ele>1677.0</ele></trkpt>
    <trkpt lat="34.90954" lon="-119.88744"><ele>1677.0</ele></trkpt>
    <trkpt lat="34.90939" lon="-119.88740"><ele>1677.0</ele></trkpt>
    <trkpt lat="34.90922" lon="-119.88740"><ele>1677.0</ele></trkpt>
    <trkpt lat="34.90900" lon="-119.88740"><ele>1671.0</ele></trkpt>
    <trkpt lat="34.90886" lon="-119.88740"><ele>1671.0</ele></trkpt>
    <trkpt lat="34.90872" lon="-119.88745"><ele>1671.0</ele></trkpt>
    <trkpt lat="34.90862" lon="-119.88745"><ele>1671.0</ele></trkpt>
    <trkpt lat="34.90853" lon="-119.88746"><ele>1671.0</ele></trkpt>
    <trkpt lat="34.90839" lon="-119.88748"><ele>1671.0</ele></trkpt>
    <trkpt lat="34.90780" lon="-119.88760"><ele>1671.0</ele></trkpt>
    <trkpt lat="34.90765" lon="-119.88760"><ele>1671.0</ele></trkpt>
    <trkpt lat="34.90751" lon="-119.88760"><ele>1671.0</ele></trkpt>
    <trkpt lat="34.90734" lon="-119.88758"><ele>1671.0</ele></trkpt>
    <trkpt lat="34.90729" lon="-119.88754"><ele>1671.0</ele></trkpt>
    <trkpt lat="34.90725" lon="-119.88746"><ele>1671.0</ele></trkpt>
    <trkpt lat="34.90716" lon="-119.88731"><ele>1671.0</ele></trkpt>
    <trkpt lat="34.90708" lon="-119.88709"><ele>1671.0</ele></trkpt>
    <trkpt lat="34.90702" lon="-119.88694"><ele>1671.0</ele></trkpt>
    <trkpt lat="34.90697" lon="-119.88673"><ele>1671.0</ele></trkpt>
    <trkpt lat="34.90691" lon="-119.88659"><ele>1671.0</ele></trkpt>
    <trkpt lat="34.90683" lon="-119.88645"><ele>1671.0</ele></trkpt>
    <trkpt lat="34.90675" lon="-119.88632"><ele>1671.0</ele></trkpt>
    <trkpt lat="34.90665" lon="-119.88625"><ele>1671.0</ele></trkpt>
    <trkpt lat="34.90653" lon="-119.88618"><ele>1671.0</ele></trkpt>
    <trkpt lat="34.90644" lon="-119.88616"><ele>1659.0</ele></trkpt>
    <trkpt lat="34.90617" lon="-119.88615"><ele>1659.0</ele></trkpt>
    <trkpt lat="34.90594" lon="-119.88615"><ele>1659.0</ele></trkpt>
    <trkpt lat="34.90555" lon="-119.88615"><ele>1659.0</ele></trkpt>
    <trkpt lat="34.90541" lon="-119.88611"><ele>1659.0</ele></trkpt>
    <trkpt lat="34.90530" lon="-119.88605"><ele>1659.0</ele></trkpt>
    <trkpt lat="34.90518" lon="-119.88596"><ele>1659.0</ele></trkpt>
    <trkpt lat="34.90501" lon="-119.88580"><ele>1659.0</ele></trkpt>
    <trkpt lat="34.90487" lon="-119.88565"><ele>1659.0</ele></trkpt>
    <trkpt lat="34.90474" lon="-119.88542"><ele>1659.0</ele></trkpt>
    <trkpt lat="34.90465" lon="-119.88529"><ele>1659.0</ele></trkpt>
    <trkpt lat="34.90458" lon="-119.88515"><ele>1659.0</ele></trkpt>
    <trkpt lat="34.90447" lon="-119.88501"><ele>1659.0</ele></trkpt>
    <trkpt lat="34.90428" lon="-119.88489"><ele>1659.0</ele></trkpt>
    <trkpt lat="34.90360" lon="-119.88457"><ele>1659.0</ele></trkpt>
    <trkpt lat="34.90343" lon="-119.88448"><ele>1659.0</ele></trkpt>
    <trkpt lat="34.90326" lon="-119.88438"><ele>1659.0</ele></trkpt>
    <trkpt lat="34.90307" lon="-119.88425"><ele>1659.0</ele></trkpt>
    <trkpt lat="34.90292" lon="-119.88411"><ele>1659.0</ele></trkpt>
    <trkpt lat="34.90287" lon="-119.88400"><ele>1659.0</ele></trkpt>
    <trkpt lat="34.90282" lon="-119.88392"><ele>1659.0</ele></trkpt>
    <trkpt lat="34.90279" lon="-119.88379"><ele>1626.0</ele></trkpt>
    <trkpt lat="34.90279" lon="-119.88368"><ele>1626.0</ele></trkpt>
    <trkpt lat="34.90280" lon="-119.88356"><ele>1626.0</ele></trkpt>
    <trkpt lat="34.90284" lon="-119.88340"><ele>1626.0</ele></trkpt>
    <trkpt lat="34.90328" lon="-119.88246"><ele>1626.0</ele></trkpt>
    <trkpt lat="34.90344" lon="-119.88226"><ele>1626.0</ele></trkpt>
    <trkpt lat="34.90350" lon="-119.88217"><ele>1626.0</ele></trkpt>
    <trkpt lat="34.90363" lon="-119.88204"><ele>1626.0</ele></trkpt>
    <trkpt lat="34.90376" lon="-119.88193"><ele>1626.0</ele></trkpt>
    <trkpt lat="34.90392" lon="-119.88180"><ele>1626.0</ele></trkpt>
    <trkpt lat="34.90406" lon="-119.88173"><ele>1626.0</ele></trkpt>
    <trkpt lat="34.90414" lon="-119.88168"><ele>1626.0</ele></trkpt>
    <trkpt lat="34.90426" lon="-119.88161"><ele>1626.0</ele></trkpt>
    <trkpt lat="34.90434" lon="-119.88154"><ele>1626.0</ele></trkpt>
    <trkpt lat="34.90443" lon="-119.88143"><ele>1626.0</ele></trkpt>
    <trkpt lat="34.90445" lon="-119.88137"><ele>1626.0</ele></trkpt>
    <trkpt lat="34.90445" lon="-119.88131"><ele>1626.0</ele></trkpt>
    <trkpt lat="34.90445" lon="-119.88115"><ele>1626.0</ele></trkpt>
    <trkpt lat="34.90440" lon="-119.88101"><ele>1626.0</ele></trkpt>
    <trkpt lat="34.90435" lon="-119.88091"><ele>1626.0</ele></trkpt>
    <trkpt lat="34.90435" lon="-119.88079"><ele>1602.0</ele></trkpt>
    <trkpt lat="34.90433" lon="-119.88058"><ele>1602.0</ele></trkpt>
    <trkpt lat="34.90434" lon="-119.88047"><ele>1602.0</ele></trkpt>
    <trkpt lat="34.90434" lon="-119.88032"><ele>1602.0</ele></trkpt>
    <trkpt lat="34.90434" lon="-119.88018"><ele>1602.0</ele></trkpt>
    <trkpt lat="34.90431" lon="-119.88008"><ele>1602.0</ele></trkpt>
    <trkpt lat="34.90423" lon="-119.87998"><ele>1602.0</ele></trkpt>
    <trkpt lat="34.90413" lon="-119.87993"><ele>1602.0</ele></trkpt>
    <trkpt lat="34.90398" lon="-119.87990"><ele>1602.0</ele></trkpt>
    <trkpt lat="34.90386" lon="-119.87983"><ele>1602.0</ele></trkpt>
    <trkpt lat="34.90378" lon="-119.87973"><ele>1602.0</ele></trkpt>
    <trkpt lat="34.90374" lon="-119.87964"><ele>1602.0</ele></trkpt>
    <trkpt lat="34.90373" lon="-119.87954"><ele>1602.0</ele></trkpt>
    <trkpt lat="34.90374" lon="-119.87939"><ele>1602.0</ele></trkpt>
    <trkpt lat="34.90383" lon="-119.87924"><ele>1602.0</ele></trkpt>
    <trkpt lat="34.90391" lon="-119.87909"><ele>1602.0</ele></trkpt>
    <trkpt lat="34.90394" lon="-119.87902"><ele>1602.0</ele></trkpt>
    <trkpt lat="34.90397" lon="-119.87894"><ele>1602.0</ele></trkpt>
    <trkpt lat="34.90401" lon="-119.87883"><ele>1602.0</ele></trkpt>
    <trkpt lat="34.90399" lon="-119.87876"><ele>1602.0</ele></trkpt>
    <trkpt lat="34.90394" lon="-119.87867"><ele>1602.0</ele></trkpt>
    <trkpt lat="34.90383" lon="-119.87855"><ele>1593.0</ele></trkpt>
    <trkpt lat="34.90328" lon="-119.87808"><ele>1593.0</ele></trkpt>
    <trkpt lat="34.90316" lon="-119.87791"><ele>1593.0</ele></trkpt>
    <trkpt lat="34.90309" lon="-119.87779"><ele>1593.0</ele></trkpt>
    <trkpt lat="34.90305" lon="-119.87758"><ele>1593.0</ele></trkpt>
    <trkpt lat="34.90303" lon="-119.87735"><ele>1593.0</ele></trkpt>
    <trkpt lat="34.90308" lon="-119.87717"><ele>1593.0</ele></trkpt>
    <trkpt lat="34.90317" lon="-119.87700"><ele>1593.0</ele></trkpt>
    <trkpt lat="34.90325" lon="-119.87682"><ele>1593.0</ele></trkpt>
    <trkpt lat="34.90336" lon="-119.87660"><ele>1593.0</ele></trkpt>
    <trkpt lat="34.90342" lon="-119.87646"><ele>1593.0</ele></trkpt>
    <trkpt lat="34.90346" lon="-119.87632"><ele>1593.0</ele></trkpt>
    <trkpt lat="34.90348" lon="-119.87615"><ele>1593.0</ele></trkpt>
    <trkpt lat="34.90347" lon="-119.87609"><ele>1593.0</ele></trkpt>
    <trkpt lat="34.90342" lon="-119.87599"><ele>1593.0</ele></trkpt>
    <trkpt lat="34.90317" lon="-119.87539"><ele>1593.0</ele></trkpt>
    <trkpt lat="34.90302" lon="-119.87502"><ele>1593.0</ele></trkpt>
    <trkpt lat="34.90295" lon="-119.87477"><ele>1593.0</ele></trkpt>
    <trkpt lat="34.90293" lon="-119.87452"><ele>1593.0</ele></trkpt>
    <trkpt lat="34.90298" lon="-119.87435"><ele>1593.0</ele></trkpt>
    <trkpt lat="34.90309" lon="-119.87422"><ele>1593.0</ele></trkpt>
    <trkpt lat="34.90329" lon="-119.87417"><ele>1576.0</ele></trkpt>
    <trkpt lat="34.90355" lon="-119.87413"><ele>1576.0</ele></trkpt>
    <trkpt lat="34.90374" lon="-119.87415"><ele>1576.0</ele></trkpt>
    <trkpt lat="34.90397" lon="-119.87410"><ele>1576.0</ele></trkpt>
    <trkpt lat="34.90413" lon="-119.87400"><ele>1576.0</ele></trkpt>
    <trkpt lat="34.90425" lon="-119.87384"><ele>1576.0</ele></trkpt>
    <trkpt lat="34.90433" lon="-119.87361"><ele>1576.0</ele></trkpt>
    <trkpt lat="34.90435" lon="-119.87329"><ele>1576.0</ele></trkpt>
    <trkpt lat="34.90437" lon="-119.87295"><ele>1576.0</ele></trkpt>
    <trkpt lat="34.90441" lon="-119.87277"><ele>1576.0</ele></trkpt>
    <trkpt lat="34.90450" lon="-119.87258"><ele>1576.0</ele></trkpt>
    <trkpt lat="34.90455" lon="-119.87237"><ele>1576.0</ele></trkpt>
    <trkpt lat="34.90455" lon="-119.87216"><ele>1576.0</ele></trkpt>
    <trkpt lat="34.90452" lon="-119.87197"><ele>1576.0</ele></trkpt>
    <trkpt lat="34.90449" lon="-119.87176"><ele>1576.0</ele></trkpt>
    <trkpt lat="34.90450" lon="-119.87158"><ele>1576.0</ele></trkpt>
    <trkpt lat="34.90457" lon="-119.87142"><ele>1576.0</ele></trkpt>
    <trkpt lat="34.90465" lon="-119.87123"><ele>1576.0</ele></trkpt>
    <trkpt lat="34.90469" lon="-119.87105"><ele>1576.0</ele></trkpt>
    <trkpt lat="34.90471" lon="-119.87082"><ele>1576.0</ele></trkpt>
    <trkpt lat="34.90468" lon="-119.87066"><ele>1613.0</ele></trkpt>
    <trkpt lat="34.90460" lon="-119.87057"><ele>1613.0</ele></trkpt>
    <trkpt lat="34.90449" lon="-119.87050"><ele>1613.0</ele></trkpt>
    <trkpt lat="34.90433" lon="-119.87041"><ele>1613.0</ele></trkpt>
    <trkpt lat="34.90425" lon="-119.87029"><ele>1613.0</ele></trkpt>
    <trkpt lat="34.90424" lon="-119.87013"><ele>1613.0</ele></trkpt>
    <trkpt lat="34.90434" lon="-119.86990"><ele>1613.0</ele></trkpt>
    <trkpt lat="34.90449" lon="-119.86963"><ele>1613.0</ele></trkpt>
    <trkpt lat="34.90461" lon="-119.86941"><ele>1613.0</ele></trkpt>
    <trkpt lat="34.90468" lon="-119.86919"><ele>1613.0</ele></trkpt>
    <trkpt lat="34.90470" lon="-119.86897"><ele>1613.0</ele></trkpt>
    <trkpt lat="34.90468" lon="-119.86884"><ele>1613.0</ele></trkpt>
    <trkpt lat="34.90460" lon="-119.86870"><ele>1613.0</ele></trkpt>
    <trkpt lat="34.90448" lon="-119.86856"><ele>1613.0</ele></trkpt>
    <trkpt lat="34.90443" lon="-119.86841"><ele>1613.0</ele></trkpt>
    <trkpt lat="34.90445" lon="-119.86821"><ele>1613.0</ele></trkpt>
    <trkpt lat="34.90450" lon="-119.86798"><ele>1613.0</ele></trkpt>
    <trkpt lat="34.90453" lon="-119.86774"><ele>1613.0</ele></trkpt>
    <trkpt lat="34.90451" lon="-119.86762"><ele>1613.0</ele></trkpt>
    <trkpt lat="34.90443" lon="-119.86744"><ele>1613.0</ele></trkpt>
    <trkpt lat="34.90433" lon="-119.86734"><ele>1613.0</ele></trkpt>
    <trkpt lat="34.90417" lon="-119.86724"><ele>1627.0</ele></trkpt>
    <trkpt lat="34.90407" lon="-119.86711"><ele>1627.0</ele></trkpt>
    <trkpt lat="34.90401" lon="-119.86696"><ele>1627.0</ele></trkpt>
    <trkpt lat="34.90400" lon="-119.86673"><ele>1627.0</ele></trkpt>
    <trkpt lat="34.90402" lon="-119.86636"><ele>1627.0</ele></trkpt>
    <trkpt lat="34.90401" lon="-119.86616"><ele>1627.0</ele></trkpt>
    <trkpt lat="34.90391" lon="-119.86596"><ele>1627.0</ele></trkpt>
    <trkpt lat="34.90382" lon="-119.86585"><ele>1627.0</ele></trkpt>
    <trkpt lat="34.90369" lon="-119.86574"><ele>1627.0</ele></trkpt>
    <trkpt lat="34.90357" lon="-119.86565"><ele>1627.0</ele></trkpt>
    <trkpt lat="34.90342" lon="-119.86554"><ele>1627.0</ele></trkpt>
    <trkpt lat="34.90336" lon="-119.86542"><ele>1627.0</ele></trkpt>
    <trkpt lat="34.90334" lon="-119.86525"><ele>1627.0</ele></trkpt>
    <trkpt lat="34.90340" lon="-119.86506"><ele>1627.0</ele></trkpt>
    <trkpt lat="34.90356" lon="-119.86480"><ele>1627.0</ele></trkpt>
    <trkpt lat="34.90370" lon="-119.86456"><ele>1627.0</ele></trkpt>
    <trkpt lat="34.90381" lon="-119.86437"><ele>1627.0</ele></trkpt>
    <trkpt lat="34.90387" lon="-119.86416"><ele>1627.0</ele></trkpt>
    <trkpt lat="34.90387" lon="-119.86405"><ele>1627.0</ele></trkpt>
    <trkpt lat="34.90384" lon="-119.86390"><ele>1627.0</ele></trkpt>
    <trkpt lat="34.90376" lon="-119.86382"><ele>1627.0</ele></trkpt>
    <trkpt lat="34.90361" lon="-119.86377"><ele>1670.0</ele></trkpt>
    <trkpt lat="34.90330" lon="-119.86371"><ele>1670.0</ele></trkpt>
    <trkpt lat="34.90294" lon="-119.86361"><ele>1670.0</ele></trkpt>
    <trkpt lat="34.90260" lon="-119.86342"><ele>1670.0</ele></trkpt>
    <trkpt lat="34.90238" lon="-119.86326"><ele>1670.0</ele></trkpt>
    <trkpt lat="34.90220" lon="-119.86306"><ele>1670.0</ele></trkpt>
    <trkpt lat="34.90204" lon="-119.86272"><ele>1670.0</ele></trkpt>
    <trkpt lat="34.90195" lon="-119.86249"><ele>1670.0</ele></trkpt>
    <trkpt lat="34.90186" lon="-119.86231"><ele>1670.0</ele></trkpt>
    <trkpt lat="34.90172" lon="-119.86221"><ele>1670.0</ele></trkpt>
    <trkpt lat="34.90158" lon="-119.86211"><ele>1670.0</ele></trkpt>
    <trkpt lat="34.90141" lon="-119.86203"><ele>1670.0</ele></trkpt>
    <trkpt lat="34.90125" lon="-119.86191"><ele>1670.0</ele></trkpt>
    <trkpt lat="34.90104" lon="-119.86170"><ele>1670.0</ele></trkpt>
    <trkpt lat="34.90084" lon="-119.86149"><ele>1670.0</ele></trkpt>
    <trkpt lat="34.90066" lon="-119.86128"><ele>1670.0</ele></trkpt>
    <trkpt lat="34.90058" lon="-119.86118"><ele>1670.0</ele></trkpt>
    <trkpt lat="34.90047" lon="-119.86116"><ele>1670.0</ele></trkpt>
    <trkpt lat="34.90030" lon="-119.86117"><ele>1670.0</ele></trkpt>
    <trkpt lat="34.90016" lon="-119.86125"><ele>1670.0</ele></trkpt>
    <trkpt lat="34.89999" lon="-119.86134"><ele>1693.0</ele></trkpt>
    <trkpt lat="34.89981" lon="-119.86141"><ele>1693.0</ele></trkpt>
    <trkpt lat="34.89966" lon="-119.86142"><ele>1693.0</ele></trkpt>
    <trkpt lat="34.89949" lon="-119.86129"><ele>1693.0</ele></trkpt>
    <trkpt lat="34.89927" lon="-119.86104"><ele>1693.0</ele></trkpt>
    <trkpt lat="34.89904" lon="-119.86071"><ele>1693.0</ele></trkpt>
    <trkpt lat="34.89894" lon="-119.86056"><ele>1693.0</ele></trkpt>
    <trkpt lat="34.89882" lon="-119.86038"><ele>1693.0</ele></trkpt>
    <trkpt lat="34.89868" lon="-119.86021"><ele>1693.0</ele></trkpt>
    <trkpt lat="34.89850" lon="-119.86010"><ele>1693.0</ele></trkpt>
    <trkpt lat="34.89833" lon="-119.86007"><ele>1693.0</ele></trkpt>
    <trkpt lat="34.89809" lon="-119.86009"><ele>1693.0</ele></trkpt>
    <trkpt lat="34.89792" lon="-119.86007"><ele>1693.0</ele></trkpt>
    <trkpt lat="34.89783" lon="-119.86005"><ele>1693.0</ele></trkpt>
    <trkpt lat="34.89773" lon="-119.85999"><ele>1693.0</ele></trkpt>
    <trkpt lat="34.89769" lon="-119.85996"><ele>1693.0</ele></trkpt>
    <trkpt lat="34.89766" lon="-119.85989"><ele>1693.0</ele></trkpt>
    <trkpt lat="34.89765" lon="-119.85987"><ele>1693.0</ele></trkpt>
    <trkpt lat="34.89767" lon="-119.85977"><ele>1693.0</ele></trkpt>
    <trkpt lat="34.89785" lon="-119.85959"><ele>1693.0</ele></trkpt>
    <trkpt lat="34.89807" lon="-119.85939"><ele>1693.0</ele></trkpt>
    <trkpt lat="34.89830" lon="-119.85922"><ele>1708.0</ele></trkpt>
    <trkpt lat="34.89861" lon="-119.85906"><ele>1708.0</ele></trkpt>
    <trkpt lat="34.89890" lon="-119.85894"><ele>1708.0</ele></trkpt>
    <trkpt lat="34.89921" lon="-119.85879"><ele>1708.0</ele></trkpt>
    <trkpt lat="34.89950" lon="-119.85873"><ele>1708.0</ele></trkpt>
    <trkpt lat="34.89977" lon="-119.85865"><ele>1708.0</ele></trkpt>
    <trkpt lat="34.90002" lon="-119.85858"><ele>1708.0</ele></trkpt>
    <trkpt lat="34.90024" lon="-119.85846"><ele>1708.0</ele></trkpt>
    <trkpt lat="34.90039" lon="-119.85834"><ele>1708.0</ele></trkpt>
    <trkpt lat="34.90055" lon="-119.85817"><ele>1708.0</ele></trkpt>
    <trkpt lat="34.90066" lon="-119.85786"><ele>1708.0</ele></trkpt>
    <trkpt lat="34.90070" lon="-119.85763"><ele>1708.0</ele></trkpt>
    <trkpt lat="34.90072" lon="-119.85741"><ele>1708.0</ele></trkpt>
    <trkpt lat="34.90076" lon="-119.85720"><ele>1708.0</ele></trkpt>
    <trkpt lat="34.90084" lon="-119.85703"><ele>1708.0</ele></trkpt>
    <trkpt lat="34.90099" lon="-119.85681"><ele>1708.0</ele></trkpt>
    <trkpt lat="34.90110" lon="-119.85663"><ele>1708.0</ele></trkpt>
    <trkpt lat="34.90116" lon="-119.85644"><ele>1708.0</ele></trkpt>
    <trkpt lat="34.90114" lon="-119.85624"><ele>1708.0</ele></trkpt>
    <trkpt lat="34.90109" lon="-119.85598"><ele>1708.0</ele></trkpt>
    <trkpt lat="34.90099" lon="-119.85560"><ele>1708.0</ele></trkpt>
    <trkpt lat="34.90088" lon="-119.85523"><ele>1685.0</ele></trkpt>
    <trkpt lat="34.90079" lon="-119.85498"><ele>1685.0</ele></trkpt>
    <trkpt lat="34.90070" lon="-119.85481"><ele>1685.0</ele></trkpt>
    <trkpt lat="34.90062" lon="-119.85465"><ele>1685.0</ele></trkpt>
    <trkpt lat="34.90061" lon="-119.85451"><ele>1685.0</ele></trkpt>
    <trkpt lat="34.90066" lon="-119.85435"><ele>1685.0</ele></trkpt>
    <trkpt lat="34.90079" lon="-119.85423"><ele>1685.0</ele></trkpt>
    <trkpt lat="34.90097" lon="-119.85417"><ele>1685.0</ele></trkpt>
    <trkpt lat="34.90112" lon="-119.85412"><ele>1685.0</ele></trkpt>
    <trkpt lat="34.90125" lon="-119.85404"><ele>1685.0</ele></trkpt>
    <trkpt lat="34.90132" lon="-119.85398"><ele>1685.0</ele></trkpt>
    <trkpt lat="34.90139" lon="-119.85383"><ele>1685.0</ele></trkpt>
    <trkpt lat="34.90139" lon="-119.85352"><ele>1685.0</ele></trkpt>
    <trkpt lat="34.90139" lon="-119.85319"><ele>1685.0</ele></trkpt>
    <trkpt lat="34.90145" lon="-119.85290"><ele>1685.0</ele></trkpt>
    <trkpt lat="34.90149" lon="-119.85263"><ele>1685.0</ele></trkpt>
    <trkpt lat="34.90153" lon="-119.85239"><ele>1685.0</ele></trkpt>
    <trkpt lat="34.90155" lon="-119.85215"><ele>1685.0</ele></trkpt>
    <trkpt lat="34.90154" lon="-119.85201"><ele>1685.0</ele></trkpt>
    <trkpt lat="34.90153" lon="-119.85195"><ele>1685.0</ele></trkpt>
    <trkpt lat="34.90144" lon="-119.85180"><ele>1650.0</ele></trkpt>
    <trkpt lat="34.90132" lon="-119.85166"><ele>1650.0</ele></trkpt>
    <trkpt lat="34.90122" lon="-119.85143"><ele>1650.0</ele></trkpt>
    <trkpt lat="34.90115" lon="-119.85107"><ele>1650.0</ele></trkpt>
    <trkpt lat="34.90112" lon="-119.85072"><ele>1650.0</ele></trkpt>
    <trkpt lat="34.90111" lon="-119.85044"><ele>1650.0</ele></trkpt>
    <trkpt lat="34.90110" lon="-119.85035"><ele>1650.0</ele></trkpt>
    <trkpt lat="34.90109" lon="-119.85021"><ele>1650.0</ele></trkpt>
    <trkpt lat="34.90106" lon="-119.84994"><ele>1650.0</ele></trkpt>
    <trkpt lat="34.90102" lon="-119.84964"><ele>1650.0</ele></trkpt>
    <trkpt lat="34.90095" lon="-119.84936"><ele>1650.0</ele></trkpt>
    <trkpt lat="34.90085" lon="-119.84908"><ele>1650.0</ele></trkpt>
    <trkpt lat="34.90075" lon="-119.84883"><ele>1650.0</ele></trkpt>
    <trkpt lat="34.90064" lon="-119.84864"><ele>1650.0</ele></trkpt>
    <trkpt lat="34.90051" lon="-119.84840"><ele>1650.0</ele></trkpt>
    <trkpt lat="34.90044" lon="-119.84831"><ele>1650.0</ele></trkpt>
    <trkpt lat="34.90031" lon="-119.84817"><ele>1650.0</ele></trkpt>
    <trkpt lat="34.90018" lon="-119.84804"><ele>1650.0</ele></trkpt>
    <trkpt lat="34.90009" lon="-119.84792"><ele>1650.0</ele></trkpt>
    <trkpt lat="34.90006" lon="-119.84774"><ele>1650.0</ele></trkpt>
    <trkpt lat="34.90009" lon="-119.84750"><ele>1650.0</ele></trkpt>
    <trkpt lat="34.90019" lon="-119.84725"><ele>1621.0</ele></trkpt>
    <trkpt lat="34.90034" lon="-119.84708"><ele>1621.0</ele></trkpt>
    <trkpt lat="34.90044" lon="-119.84694"><ele>1621.0</ele></trkpt>
    <trkpt lat="34.90050" lon="-119.84679"><ele>1621.0</ele></trkpt>
    <trkpt lat="34.90053" lon="-119.84661"><ele>1621.0</ele></trkpt>
    <trkpt lat="34.90053" lon="-119.84636"><ele>1621.0</ele></trkpt>
    <trkpt lat="34.90052" lon="-119.84605"><ele>1621.0</ele></trkpt>
    <trkpt lat="34.90054" lon="-119.84575"><ele>1621.0</ele></trkpt>
    <trkpt lat="34.90061" lon="-119.84546"><ele>1621.0</ele></trkpt>
    <trkpt lat="34.90071" lon="-119.84502"><ele>1621.0</ele></trkpt>
    <trkpt lat="34.90074" lon="-119.84476"><ele>1621.0</ele></trkpt>
    <trkpt lat="34.90071" lon="-119.84452"><ele>1621.0</ele></trkpt>
    <trkpt lat="34.90068" lon="-119.84439"><ele>1621.0</ele></trkpt>
    <trkpt lat="34.90060" lon="-119.84420"><ele>1621.0</ele></trkpt>
    <trkpt lat="34.90055" lon="-119.84414"><ele>1621.0</ele></trkpt>
    <trkpt lat="34.90041" lon="-119.84396"><ele>1621.0</ele></trkpt>
    <trkpt lat="34.90028" lon="-119.84372"><ele>1621.0</ele></trkpt>
    <trkpt lat="34.90019" lon="-119.84353"><ele>1621.0</ele></trkpt>
    <trkpt lat="34.90012" lon="-119.84334"><ele>1621.0</ele></trkpt>
    <trkpt lat="34.90007" lon="-119.84317"><ele>1621.0</ele></trkpt>
    <trkpt lat="34.90004" lon="-119.84298"><ele>1621.0</ele></trkpt>
    <trkpt lat="34.90003" lon="-119.84263"><ele>1637.0</ele></trkpt>
    <trkpt lat="34.90003" lon="-119.84226"><ele>1637.0</ele></trkpt>
    <trkpt lat="34.90000" lon="-119.84193"><ele>1637.0</ele></trkpt>
    <trkpt lat="34.89986" lon="-119.84148"><ele>1637.0</ele></trkpt>
    <trkpt lat="34.89970" lon="-119.84108"><ele>1637.0</ele></trkpt>
    <trkpt lat="34.89953" lon="-119.84069"><ele>1637.0</ele></trkpt>
    <trkpt lat="34.89929" lon="-119.84028"><ele>1637.0</ele></trkpt>
    <trkpt lat="34.89900" lon="-119.83993"><ele>1637.0</ele></trkpt>
    <trkpt lat="34.89873" lon="-119.83961"><ele>1637.0</ele></trkpt>
    <trkpt lat="34.89855" lon="-119.83941"><ele>1637.0</ele></trkpt>
    <trkpt lat="34.89844" lon="-119.83932"><ele>1637.0</ele></trkpt>
    <trkpt lat="34.89828" lon="-119.83925"><ele>1637.0</ele></trkpt>
    <trkpt lat="34.89814" lon="-119.83925"><ele>1637.0</ele></trkpt>
    <trkpt lat="34.89801" lon="-119.83929"><ele>1637.0</ele></trkpt>
    <trkpt lat="34.89780" lon="-119.83933"><ele>1637.0</ele></trkpt>
    <trkpt lat="34.89763" lon="-119.83934"><ele>1637.0</ele></trkpt>
    <trkpt lat="34.89748" lon="-119.83933"><ele>1637.0</ele></trkpt>
    <trkpt lat="34.89736" lon="-119.83925"><ele>1637.0</ele></trkpt>
    <trkpt lat="34.89731" lon="-119.83912"><ele>1637.0</ele></trkpt>
    <trkpt lat="34.89729" lon="-119.83907"><ele>1637.0</ele></trkpt>
    <trkpt lat="34.89727" lon="-119.83865"><ele>1608.0</ele></trkpt>
    <trkpt lat="34.89731" lon="-119.83823"><ele>1608.0</ele></trkpt>
    <trkpt lat="34.89741" lon="-119.83799"><ele>1608.0</ele></trkpt>
    <trkpt lat="34.89754" lon="-119.83781"><ele>1608.0</ele></trkpt>
    <trkpt lat="34.89768" lon="-119.83762"><ele>1608.0</ele></trkpt>
    <trkpt lat="34.89785" lon="-119.83742"><ele>1608.0</ele></trkpt>
    <trkpt lat="34.89798" lon="-119.83724"><ele>1608.0</ele></trkpt>
    <trkpt lat="34.89807" lon="-119.83707"><ele>1608.0</ele></trkpt>
    <trkpt lat="34.89816" lon="-119.83684"><ele>1608.0</ele></trkpt>
    <trkpt lat="34.89821" lon="-119.83662"><ele>1608.0</ele></trkpt>
    <trkpt lat="34.89827" lon="-119.83628"><ele>1608.0</ele></trkpt>
    <trkpt lat="34.89827" lon="-119.83620"><ele>1608.0</ele></trkpt>
    <trkpt lat="34.89831" lon="-119.83591"><ele>1608.0</ele></trkpt>
    <trkpt lat="34.89830" lon="-119.83565"><ele>1608.0</ele></trkpt>
    <trkpt lat="34.89829" lon="-119.83539"><ele>1608.0</ele></trkpt>
    <trkpt lat="34.89827" lon="-119.83518"><ele>1608.0</ele></trkpt>
    <trkpt lat="34.89833" lon="-119.83490"><ele>1608.0</ele></trkpt>
    <trkpt lat="34.89842" lon="-119.83458"><ele>1608.0</ele></trkpt>
    <trkpt lat="34.89845" lon="-119.83444"><ele>1608.0</ele></trkpt>
    <trkpt lat="34.89847" lon="-119.83431"><ele>1608.0</ele></trkpt>
    <trkpt lat="34.89848" lon="-119.83399"><ele>1608.0</ele></trkpt>
    <trkpt lat="34.89847" lon="-119.83369"><ele>1599.0</ele></trkpt>
    <trkpt lat="34.89844" lon="-119.83336"><ele>1599.0</ele></trkpt>
    <trkpt lat="34.89839" lon="-119.83311"><ele>1599.0</ele></trkpt>
    <trkpt lat="34.89838" lon="-119.83267"><ele>1599.0</ele></trkpt>
    <trkpt lat="34.89836" lon="-119.83211"><ele>1599.0</ele></trkpt>
    <trkpt lat="34.89834" lon="-119.83137"><ele>1599.0</ele></trkpt>
    <trkpt lat="34.89833" lon="-119.83064"><ele>1599.0</ele></trkpt>
    <trkpt lat="34.89829" lon="-119.83019"><ele>1599.0</ele></trkpt>
    <trkpt lat="34.89827" lon="-119.82990"><ele>1599.0</ele></trkpt>
    <trkpt lat="34.89826" lon="-119.82986"><ele>1599.0</ele></trkpt>
    <trkpt lat="34.89823" lon="-119.82972"><ele>1599.0</ele></trkpt>
    <trkpt lat="34.89821" lon="-119.82969"><ele>1599.0</ele></trkpt>
    <trkpt lat="34.89813" lon="-119.82947"><ele>1599.0</ele></trkpt>
    <trkpt lat="34.89787" lon="-119.82902"><ele>1599.0</ele></trkpt>
    <trkpt lat="34.89760" lon="-119.82856"><ele>1599.0</ele></trkpt>
    <trkpt lat="34.89740" lon="-119.82821"><ele>1599.0</ele></trkpt>
    <trkpt lat="34.89721" lon="-119.82784"><ele>1599.0</ele></trkpt>
    <trkpt lat="34.89703" lon="-119.82749"><ele>1599.0</ele></trkpt>
    <trkpt lat="34.89701" lon="-119.82744"><ele>1599.0</ele></trkpt>
    <trkpt lat="34.89698" lon="-119.82737"><ele>1599.0</ele></trkpt>
    <trkpt lat="34.89692" lon="-119.82721"><ele>1599.0</ele></trkpt>
    <trkpt lat="34.89683" lon="-119.82700"><ele>1629.0</ele></trkpt>
    <trkpt lat="34.89664" lon="-119.82654"><ele>1629.0</ele></trkpt>
    <trkpt lat="34.89650" lon="-119.82611"><ele>1629.0</ele></trkpt>
    <trkpt lat="34.89642" lon="-119.82589"><ele>1629.0</ele></trkpt>
    <trkpt lat="34.89634" lon="-119.82567"><ele>1629.0</ele></trkpt>
    <trkpt lat="34.89628" lon="-119.82549"><ele>1629.0</ele></trkpt>
    <trkpt lat="34.89619" lon="-119.82525"><ele>1629.0</ele></trkpt>
    <trkpt lat="34.89605" lon="-119.82498"><ele>1629.0</ele></trkpt>
    <trkpt lat="34.89592" lon="-119.82479"><ele>1629.0</ele></trkpt>
    <trkpt lat="34.89573" lon="-119.82455"><ele>1629.0</ele></trkpt>
    <trkpt lat="34.89551" lon="-119.82431"><ele>1629.0</ele></trkpt>
    <trkpt lat="34.89524" lon="-119.82402"><ele>1629.0</ele></trkpt>
    <trkpt lat="34.89501" lon="-119.82377"><ele>1629.0</ele></trkpt>
    <trkpt lat="34.89482" lon="-119.82355"><ele>1629.0</ele></trkpt>
    <trkpt lat="34.89469" lon="-119.82337"><ele>1629.0</ele></trkpt>
    <trkpt lat="34.89453" lon="-119.82325"><ele>1629.0</ele></trkpt>
    <trkpt lat="34.89437" lon="-119.82319"><ele>1629.0</ele></trkpt>
    <trkpt lat="34.89418" lon="-119.82316"><ele>1629.0</ele></trkpt>
    <trkpt lat="34.89402" lon="-119.82302"><ele>1629.0</ele></trkpt>
    <trkpt lat="34.89394" lon="-119.82282"><ele>1629.0</ele></trkpt>
    <trkpt lat="34.89387" lon="-119.82244"><ele>1659.0</ele></trkpt>
    <trkpt lat="34.89380" lon="-119.82194"><ele>1659.0</ele></trkpt>
    <trkpt lat="34.89373" lon="-119.82141"><ele>1659.0</ele></trkpt>
    <trkpt lat="34.89366" lon="-119.82098"><ele>1659.0</ele></trkpt>
    <trkpt lat="34.89353" lon="-119.82043"><ele>1659.0</ele></trkpt>
    <trkpt lat="34.89344" lon="-119.82008"><ele>1659.0</ele></trkpt>
    <trkpt lat="34.89332" lon="-119.81976"><ele>1659.0</ele></trkpt>
    <trkpt lat="34.89312" lon="-119.81929"><ele>1659.0</ele></trkpt>
    <trkpt lat="34.89296" lon="-119.81895"><ele>1659.0</ele></trkpt>
    <trkpt lat="34.89287" lon="-119.81877"><ele>1659.0</ele></trkpt>
    <trkpt lat="34.89278" lon="-119.81852"><ele>1659.0</ele></trkpt>
  </trkseg></trk>
</gpx>
