{"type":"FeatureCollection","metadata":{"source":"BLM National Ground Transportation Linear Features (GTLF), Public Display","area":"el-paso","bbox":"-117.95,35.30,-117.62,35.50","fetched":"2026-06-29","counts":{"green":635}},"features":[{"type":"Feature","properties":{"id":null,"name":null,"kind":"road","access":"green","seasonal":false},"geometry":{"type":"LineString","coordinates":[[-117.7531,35.4382],[-117.7532,35.4382],[-117.7533,35.4382],[-117.7534,35.4382],[-117.7534,35.4383],[-117.7535,35.4383],[-117.7536,35.4383],[-117.7536,35.4384],[-117.7537,35.4384],[-117.7538,35.4384],[-117.7538,35.4385],[-117.7539,35.4385],[-117.754,35.4385],[-117.754,35.4386],[-117.7541,35.4386],[-117.7542,35.4387],[-117.7543,35.4387],[-117.7543,35.4388],[-117.7544,35.4388],[-117.7545,35.4389],[-117.7546,35.4389],[-117.7546,35.439],[-117.7547,35.439],[-117.7547,35.4391],[-117.7548,35.4391],[-117.7548,35.4392],[-117.7549,35.4392],[-117.755,35.4392],[-117.755,35.4393],[-117.7551,35.4393],[-117.7552,35.4393],[-117.7552,35.4394],[-117.7553,35.4394],[-117.7553,35.4395],[-117.7554,35.4395],[-117.7554,35.4396],[-117.7555,35.4396],[-117.7555,35.4397],[-117.7556,35.4398],[-117.7556,35.4399],[-117.7557,35.4399],[-117.7557,35.44],[-117.7558,35.4401],[-117.7559,35.4402],[-117.756,35.4403],[-117.7561,35.4403],[-117.7561,35.4404],[-117.7562,35.4405],[-117.7563,35.4406],[-117.7563,35.4407],[-117.7563,35.4408],[-117.7563,35.4409],[-117.7563,35.441],[-117.7563,35.4411],[-117.7563,35.4412],[-117.7563,35.4413],[-117.7563,35.4414],[-117.7563,35.4415],[-117.7563,35.4416],[-117.7563,35.4417],[-117.7563,35.4418],[-117.7563,35.4419],[-117.7563,35.442],[-117.7563,35.4421],[-117.7563,35.4422],[-117.7563,35.4423],[-117.7563,35.4424],[-117.7563,35.4425],[-117.7563,35.4426],[-117.7563,35.4427],[-117.7563,35.4428],[-117.7563,35.4429],[-117.7563,35.443],[-117.7563,35.4431],[-117.7563,35.4432],[-117.7563,35.4433],[-117.7564,35.4434],[-117.7564,35.4435],[-117.7564,35.4436],[-117.7564,35.4437],[-117.7564,35.4438],[-117.7564,35.4439],[-117.7564,35.444],[-117.7565,35.4441],[-117.7565,35.4442],[-117.7565,35.4443],[-117.7566,35.4444],[-117.7566,35.4445],[-117.7566,35.4446],[-117.7566,35.4447],[-117.7565,35.4447],[-117.7565,35.4448],[-117.7565,35.4449],[-117.7565,35.445],[-117.7565,35.4451],[-117.7565,35.4452],[-117.7565,35.4453],[-117.7565,35.4454],[-117.7565,35.4455],[-117.7566,35.4455],[-117.7566,35.4456],[-117.7566,35.4457],[-117.7566,35.4458],[-117.7566,35.4459],[-117.7566,35.446],[-117.7566,35.4461],[-117.7567,35.4461],[-117.7567,35.4462],[-117.7568,35.4463],[-117.7568,35.4464],[-117.7569,35.4464],[-117.7569,35.4465],[-117.757,35.4465],[-117.757,35.4466],[-117.757,35.4467],[-117.7571,35.4468],[-117.7571,35.4469],[-117.7571,35.447],[-117.7571,35.4471],[-117.7571,35.4472],[-117.7571,35.4473],[-117.7572,35.4473],[-117.7572,35.4474],[-117.7572,35.4475],[-117.7573,35.4475],[-117.7573,35.4476],[-117.7573,35.4477],[-117.7574,35.4477],[-117.7575,35.4477],[-117.7575,35.4478],[-117.7576,35.4478],[-117.7576,35.4479],[-117.7576,35.448],[-117.7577,35.4481],[-117.7578,35.4481],[-117.7578,35.4482],[-117.7579,35.4482],[-117.758,35.4483],[-117.7581,35.4483],[-117.7582,35.4483],[-117.7583,35.4483],[-117.7584,35.4483],[-117.7585,35.4483],[-117.7586,35.4483],[-117.7587,35.4483],[-117.7588,35.4483],[-117.7589,35.4483],[-117.759,35.4482],[-117.7591,35.4482],[-117.7592,35.4482],[-117.7593,35.4482],[-117.7593,35.4481],[-117.7594,35.4481],[-117.7595,35.4481],[-117.7595,35.448],[-117.7596,35.448],[-117.7597,35.4479],[-117.7598,35.4479],[-117.7598,35.448],[-117.7599,35.448],[-117.76,35.448],[-117.7601,35.448],[-117.7602,35.448],[-117.7603,35.448],[-117.7604,35.448],[-117.7605,35.4481],[-117.7606,35.4481],[-117.7607,35.4481],[-117.7608,35.4481],[-117.7609,35.4481],[-117.761,35.4481],[-117.7611,35.448],[-117.7612,35.448],[-117.7613,35.448],[-117.7614,35.448],[-117.7615,35.448],[-117.7616,35.448],[-117.7617,35.448],[-117.7618,35.448],[-117.7619,35.448],[-117.762,35.448],[-117.762,35.4481],[-117.7621,35.4481],[-117.7621,35.4482],[-117.7622,35.4482],[-117.7622,35.4483],[-117.7623,35.4483],[-117.7623,35.4484],[-117.7624,35.4485],[-117.7624,35.4486],[-117.7625,35.4486],[-117.7625,35.4487]]}},{"type":"Feature","properties":{"id":null,"name":null,"kind":"road","access":"green","seasonal":false},"geometry":{"type":"LineString","coordinates":[[-117.8305,35.4467],[-117.8306,35.4467],[-117.8307,35.4468],[-117.8308,35.4468],[-117.8309,35.4468],[-117.831,35.4469],[-117.8311,35.4469],[-117.8312,35.447],[-117.8312,35.4471]]}},{"type":"Feature","properties":{"id":null,"name":null,"kind":"road","access":"green","seasonal":false},"geometry":{"type":"LineString","coordinates":[[-117.7606,35.4666],[-117.7605,35.4665],[-117.7605,35.4663]]}},{"type":"Feature","properties":{"id":null,"name":null,"kind":"road","access":"green","seasonal":false},"geometry":{"type":"LineString","coordinates":[[-117.7708,35.481],[-117.7707,35.4809],[-117.7706,35.4808],[-117.7705,35.4807],[-117.7704,35.4806],[-117.7703,35.4805],[-117.7702,35.4805],[-117.7702,35.4804],[-117.7701,35.4804],[-117.77,35.4804],[-117.7699,35.4803],[-117.7698,35.4802],[-117.7698,35.4801],[-117.7697,35.48],[-117.7696,35.4799],[-117.7695,35.4798]]}},{"type":"Feature","properties":{"id":null,"name":null,"kind":"road","access":"green","seasonal":false},"geometry":{"type":"LineString","coordinates":[[-117.6489,35.4463],[-117.6486,35.446],[-117.6484,35.4457],[-117.6482,35.4455],[-117.6481,35.4454],[-117.6481,35.4451]]}},{"type":"Feature","properties":{"id":null,"name":null,"kind":"road","access":"green","seasonal":false},"geometry":{"type":"LineString","coordinates":[[-117.9295,35.4777],[-117.9296,35.4777],[-117.9296,35.4778],[-117.9297,35.4778],[-117.9297,35.4779],[-117.9298,35.4779],[-117.9298,35.478],[-117.9299,35.4781],[-117.9299,35.4782],[-117.93,35.4782],[-117.93,35.4783],[-117.9301,35.4783],[-117.9301,35.4784],[-117.9302,35.4785],[-117.9303,35.4786],[-117.9303,35.4787],[-117.9304,35.4787],[-117.9305,35.4788],[-117.9305,35.4789],[-117.9306,35.4789],[-117.9306,35.479],[-117.9307,35.479],[-117.9307,35.4791],[-117.9308,35.4791],[-117.9308,35.4792],[-117.9309,35.4792],[-117.9309,35.4793],[-117.931,35.4793],[-117.931,35.4794],[-117.9311,35.4794],[-117.9311,35.4795],[-117.9312,35.4796],[-117.9313,35.4796],[-117.9314,35.4797],[-117.9315,35.4797],[-117.9316,35.4798],[-117.9317,35.4798],[-117.9318,35.4799],[-117.9319,35.48],[-117.932,35.48],[-117.9321,35.4801],[-117.9322,35.4802],[-117.9323,35.4803],[-117.9324,35.4803],[-117.9325,35.4804],[-117.9326,35.4804],[-117.9327,35.4805],[-117.9328,35.4806],[-117.9329,35.4806],[-117.933,35.4807],[-117.9331,35.4808],[-117.9332,35.4808],[-117.9332,35.4809],[-117.9333,35.4809],[-117.9334,35.481],[-117.9335,35.481],[-117.9336,35.4811],[-117.9337,35.4812],[-117.9338,35.4812],[-117.9339,35.4813],[-117.934,35.4814],[-117.9341,35.4815],[-117.9342,35.4815],[-117.9343,35.4816],[-117.9344,35.4817],[-117.9345,35.4818],[-117.9345,35.4819],[-117.9346,35.4821],[-117.9346,35.4822],[-117.9346,35.4823],[-117.9346,35.4824],[-117.9346,35.4825],[-117.9346,35.4826],[-117.9347,35.4828],[-117.9347,35.4829],[-117.9347,35.483],[-117.9347,35.4831],[-117.9347,35.4832],[-117.9347,35.4833],[-117.9348,35.4834],[-117.9348,35.4836],[-117.9348,35.4837],[-117.9348,35.4838],[-117.9349,35.4839],[-117.9349,35.4841],[-117.9349,35.4842],[-117.9349,35.4843],[-117.935,35.4844],[-117.935,35.4845],[-117.935,35.4846],[-117.935,35.4847],[-117.9351,35.4848],[-117.9351,35.4849]]}},{"type":"Feature","properties":{"id":null,"name":null,"kind":"road","access":"green","seasonal":false},"geometry":{"type":"LineString","coordinates":[[-117.8822,35.3701],[-117.8822,35.3702],[-117.8822,35.3703],[-117.8822,35.3704],[-117.8823,35.3705],[-117.8823,35.3706],[-117.8823,35.3707],[-117.8823,35.3708],[-117.8823,35.3709],[-117.8822,35.371],[-117.8822,35.3711],[-117.8822,35.3712],[-117.8823,35.3713],[-117.8823,35.3714],[-117.8823,35.3715],[-117.8823,35.3716],[-117.8823,35.3718],[-117.8823,35.3719],[-117.8823,35.372],[-117.8823,35.3721],[-117.8823,35.3722],[-117.8824,35.3723],[-117.8824,35.3724],[-117.8824,35.3725],[-117.8824,35.3726],[-117.8824,35.3727],[-117.8824,35.3728],[-117.8824,35.3729],[-117.8824,35.373],[-117.8824,35.3731],[-117.8824,35.3732],[-117.8824,35.3733],[-117.8824,35.3734],[-117.8824,35.3735],[-117.8825,35.3736],[-117.8825,35.3737],[-117.8826,35.3738],[-117.8826,35.3739],[-117.8827,35.374],[-117.8827,35.3741],[-117.8827,35.3742],[-117.8827,35.3743],[-117.8828,35.3744],[-117.8828,35.3745],[-117.8828,35.3746],[-117.8828,35.3747],[-117.8828,35.3748],[-117.8828,35.3749],[-117.8828,35.375],[-117.8828,35.3751],[-117.8828,35.3752],[-117.8828,35.3753],[-117.8828,35.3754],[-117.8828,35.3755],[-117.8828,35.3756],[-117.8829,35.3757],[-117.8829,35.3758],[-117.8829,35.3759],[-117.8829,35.376],[-117.883,35.3761],[-117.883,35.3762],[-117.883,35.3763],[-117.883,35.3764],[-117.883,35.3765],[-117.883,35.3766],[-117.883,35.3767],[-117.883,35.3768],[-117.883,35.3769],[-117.8829,35.377],[-117.8829,35.3771],[-117.8828,35.3771],[-117.8828,35.3772]]}},{"type":"Feature","properties":{"id":null,"name":null,"kind":"road","access":"green","seasonal":false},"geometry":{"type":"LineString","coordinates":[[-117.8051,35.4597],[-117.8053,35.4598],[-117.8054,35.4599],[-117.8057,35.46],[-117.806,35.46],[-117.806,35.4602],[-117.8061,35.4603],[-117.8062,35.4604],[-117.8063,35.4606],[-117.8065,35.4608],[-117.8067,35.461],[-117.8068,35.4611],[-117.8069,35.4613]]}},{"type":"Feature","properties":{"id":null,"name":null,"kind":"road","access":"green","seasonal":false},"geometry":{"type":"LineString","coordinates":[[-117.7442,35.425],[-117.7441,35.425],[-117.744,35.4249],[-117.7439,35.4249],[-117.7438,35.4248],[-117.7437,35.4248],[-117.7436,35.4247],[-117.7435,35.4247],[-117.7434,35.4247],[-117.7433,35.4246],[-117.7432,35.4246],[-117.7431,35.4246],[-117.743,35.4246],[-117.7429,35.4245],[-117.7428,35.4245],[-117.7427,35.4245],[-117.7426,35.4245],[-117.7425,35.4245],[-117.7424,35.4245],[-117.7423,35.4245],[-117.7422,35.4245],[-117.7422,35.4244],[-117.7421,35.4244],[-117.742,35.4244],[-117.7419,35.4244],[-117.7418,35.4244],[-117.7417,35.4244],[-117.7417,35.4243],[-117.7416,35.4243],[-117.7415,35.4243],[-117.7414,35.4243],[-117.7413,35.4242],[-117.7412,35.4242],[-117.7411,35.4242],[-117.741,35.4241],[-117.7408,35.4241],[-117.7407,35.4241],[-117.7406,35.424],[-117.7405,35.424],[-117.7404,35.424],[-117.7403,35.424],[-117.7402,35.424],[-117.7401,35.424],[-117.74,35.424],[-117.7399,35.424],[-117.7398,35.424],[-117.7397,35.424],[-117.7396,35.4239],[-117.7395,35.4239],[-117.7394,35.4239],[-117.7393,35.4239],[-117.7392,35.4238],[-117.7391,35.4238],[-117.739,35.4238],[-117.7389,35.4237],[-117.7388,35.4237],[-117.7386,35.4237],[-117.7385,35.4236],[-117.7384,35.4236],[-117.7383,35.4236],[-117.7382,35.4235],[-117.7381,35.4235],[-117.738,35.4235],[-117.7379,35.4235],[-117.7378,35.4234],[-117.7377,35.4234],[-117.7376,35.4234],[-117.7375,35.4233],[-117.7374,35.4233],[-117.7373,35.4232],[-117.7372,35.4231],[-117.7371,35.423],[-117.7371,35.4229],[-117.737,35.4229],[-117.737,35.4228],[-117.7369,35.4227],[-117.7368,35.4226],[-117.7367,35.4225],[-117.7366,35.4225],[-117.7366,35.4224],[-117.7365,35.4224],[-117.7364,35.4223],[-117.7363,35.4223],[-117.7362,35.4223],[-117.7361,35.4222],[-117.736,35.4222],[-117.7359,35.4221],[-117.7358,35.4221],[-117.7357,35.4221],[-117.7356,35.4221],[-117.7355,35.4221],[-117.7355,35.422],[-117.7353,35.422]]}},{"type":"Feature","properties":{"id":"65040: BLACK MTN ROAD","name":"65040: BLACK MTN ROAD","kind":"road","access":"green","seasonal":false},"geometry":{"type":"LineString","coordinates":[[-117.8953,35.4487],[-117.8954,35.4483],[-117.8954,35.4482],[-117.8954,35.448],[-117.8953,35.4479],[-117.8953,35.4477],[-117.8952,35.4476],[-117.8952,35.4474],[-117.8951,35.4473],[-117.8949,35.4472],[-117.8948,35.4471],[-117.8946,35.447],[-117.8944,35.4469],[-117.8943,35.4468],[-117.8942,35.4467],[-117.8941,35.4466],[-117.8939,35.4465],[-117.8938,35.4463],[-117.8937,35.4462],[-117.8935,35.446],[-117.8934,35.4459],[-117.8933,35.4458],[-117.8931,35.4456],[-117.893,35.4455],[-117.8929,35.4454],[-117.8928,35.4452],[-117.8928,35.4451],[-117.8927,35.4449],[-117.8927,35.4448],[-117.8926,35.4447],[-117.8926,35.4445],[-117.8926,35.4443],[-117.8927,35.4442],[-117.8927,35.444],[-117.8928,35.4439],[-117.8929,35.4437],[-117.8929,35.4435],[-117.893,35.4434],[-117.893,35.4432],[-117.893,35.4431],[-117.893,35.4429],[-117.8929,35.4428],[-117.8929,35.4426],[-117.8928,35.4425],[-117.8927,35.4423],[-117.8927,35.4422],[-117.8927,35.442],[-117.8927,35.4419],[-117.8928,35.4418],[-117.8929,35.4416],[-117.893,35.4415],[-117.8931,35.4413],[-117.8932,35.4412],[-117.8933,35.4411],[-117.8934,35.4409],[-117.8935,35.4408],[-117.8936,35.4406],[-117.8937,35.4405],[-117.8938,35.4404],[-117.8939,35.4402],[-117.894,35.4401],[-117.8941,35.4399],[-117.8942,35.4398],[-117.8943,35.4397],[-117.8945,35.4396],[-117.8946,35.4394],[-117.8947,35.4393],[-117.8948,35.4392],[-117.8948,35.439],[-117.8948,35.4389],[-117.8948,35.4387],[-117.8947,35.4386],[-117.8947,35.4384],[-117.8947,35.4383],[-117.8947,35.4381],[-117.8948,35.438],[-117.895,35.4378],[-117.8952,35.4378],[-117.8954,35.4377],[-117.8955,35.4377],[-117.8957,35.4376],[-117.8958,35.4375],[-117.8959,35.4374],[-117.8961,35.4373],[-117.8963,35.4372],[-117.8964,35.4371],[-117.8965,35.437],[-117.8967,35.4369],[-117.8968,35.4368],[-117.897,35.4367],[-117.8971,35.4366],[-117.8973,35.4365],[-117.8974,35.4365],[-117.8976,35.4365],[-117.8978,35.4364],[-117.898,35.4363],[-117.8981,35.4362],[-117.8982,35.4361],[-117.8984,35.436],[-117.8986,35.436],[-117.8988,35.436],[-117.8991,35.4359],[-117.8993,35.4359],[-117.8995,35.4359],[-117.8997,35.4359],[-117.8999,35.4359],[-117.9,35.436],[-117.9001,35.4361],[-117.9002,35.4363],[-117.9003,35.4364],[-117.9005,35.4366],[-117.9006,35.4366],[-117.9008,35.4367],[-117.901,35.4368],[-117.9011,35.4369],[-117.9012,35.437],[-117.9014,35.4371],[-117.9015,35.4372],[-117.9017,35.4373],[-117.902,35.4373],[-117.9021,35.4373],[-117.9023,35.4372],[-117.9026,35.4372],[-117.9028,35.4372],[-117.903,35.4372],[-117.9032,35.4373],[-117.9034,35.4373],[-117.9036,35.4372],[-117.9037,35.4371],[-117.9038,35.437]]}},{"type":"Feature","properties":{"id":null,"name":null,"kind":"road","access":"green","seasonal":false},"geometry":{"type":"LineString","coordinates":[[-117.6785,35.4541],[-117.6785,35.4542],[-117.6784,35.4543],[-117.6784,35.4544]]}},{"type":"Feature","properties":{"id":null,"name":null,"kind":"road","access":"green","seasonal":false},"geometry":{"type":"LineString","coordinates":[[-117.6208,35.3654],[-117.6207,35.3656],[-117.6208,35.3657],[-117.6208,35.3658],[-117.6209,35.366]]}},{"type":"Feature","properties":{"id":null,"name":null,"kind":"road","access":"green","seasonal":false},"geometry":{"type":"MultiLineString","coordinates":[[[-117.6784,35.361],[-117.6783,35.361],[-117.6781,35.361],[-117.6779,35.361],[-117.6777,35.361],[-117.6777,35.3611],[-117.6777,35.3612],[-117.6775,35.3613],[-117.6774,35.3614],[-117.677,35.3615],[-117.6768,35.3616],[-117.6766,35.3616],[-117.6764,35.3617],[-117.6763,35.3617],[-117.6761,35.3616],[-117.676,35.3615],[-117.6759,35.3615],[-117.6757,35.3615],[-117.6756,35.3614],[-117.6755,35.3613],[-117.6754,35.3612],[-117.6753,35.3611],[-117.6753,35.361],[-117.6753,35.3609],[-117.6753,35.3608],[-117.6753,35.3606],[-117.6752,35.3605],[-117.6752,35.3604],[-117.6751,35.3603],[-117.6751,35.3602],[-117.675,35.3601],[-117.6749,35.3599],[-117.6749,35.3598],[-117.6749,35.3596],[-117.6748,35.3595],[-117.6748,35.3594],[-117.6749,35.3592],[-117.675,35.3591],[-117.6751,35.359],[-117.6751,35.3589],[-117.6752,35.3588],[-117.6754,35.3588],[-117.6757,35.3588],[-117.6759,35.3587],[-117.676,35.3585],[-117.6761,35.3583],[-117.6762,35.3582],[-117.6764,35.3581],[-117.6765,35.358],[-117.6765,35.3578],[-117.6765,35.3577],[-117.6763,35.3575],[-117.6761,35.3574],[-117.676,35.3573],[-117.676,35.3572],[-117.676,35.3571],[-117.6762,35.3571],[-117.6765,35.3571],[-117.6767,35.3571],[-117.677,35.3571],[-117.6772,35.3571],[-117.6773,35.3571],[-117.6775,35.3571],[-117.6776,35.3571],[-117.6778,35.3571],[-117.6779,35.357],[-117.678,35.3569],[-117.6779,35.3567],[-117.6778,35.3566],[-117.6778,35.3564],[-117.6777,35.3563],[-117.6777,35.3562],[-117.6777,35.3561],[-117.6778,35.356],[-117.6778,35.3559],[-117.6777,35.3557],[-117.6775,35.3556],[-117.6774,35.3554],[-117.6772,35.3552],[-117.677,35.3551],[-117.6768,35.3549],[-117.6767,35.3548],[-117.6767,35.3547],[-117.6768,35.3547],[-117.677,35.3546],[-117.6772,35.3546],[-117.6774,35.3546],[-117.6777,35.3545],[-117.6779,35.3545],[-117.678,35.3545],[-117.678,35.3544],[-117.678,35.3542],[-117.6779,35.3541],[-117.6779,35.354],[-117.6779,35.3538],[-117.678,35.3536],[-117.678,35.3535],[-117.6781,35.3533],[-117.6781,35.3532],[-117.6782,35.3532],[-117.6783,35.3532],[-117.6785,35.3531],[-117.6787,35.3531],[-117.6789,35.3531],[-117.6791,35.353],[-117.6792,35.353],[-117.6793,35.353],[-117.6794,35.353],[-117.6795,35.3529],[-117.6796,35.3528],[-117.6796,35.3527],[-117.6795,35.3527],[-117.6794,35.3527],[-117.6793,35.3526],[-117.6792,35.3525],[-117.679,35.3524],[-117.6789,35.3524],[-117.6788,35.3523],[-117.6787,35.3523],[-117.6786,35.3523],[-117.6785,35.3522],[-117.6785,35.3521],[-117.6784,35.352],[-117.6783,35.3519],[-117.6782,35.3519],[-117.6781,35.3519],[-117.678,35.3518],[-117.6779,35.3518],[-117.6778,35.3517],[-117.6777,35.3516],[-117.6776,35.3516],[-117.6775,35.3515],[-117.6774,35.3514],[-117.6773,35.3514],[-117.6774,35.3513],[-117.6776,35.3512],[-117.6778,35.3511],[-117.678,35.3509],[-117.6782,35.3508],[-117.6783,35.3508],[-117.6783,35.3507],[-117.6783,35.3506],[-117.6783,35.3505],[-117.6782,35.3504],[-117.6781,35.3503],[-117.678,35.3503],[-117.6778,35.3504],[-117.6777,35.3504],[-117.6776,35.3504],[-117.6775,35.3503],[-117.6773,35.3502],[-117.677,35.3501],[-117.6768,35.35],[-117.6769,35.3498],[-117.677,35.3497],[-117.677,35.3496],[-117.677,35.3495],[-117.677,35.3494],[-117.677,35.3493],[-117.6769,35.3493],[-117.6768,35.3492],[-117.6766,35.3491],[-117.6765,35.349],[-117.6764,35.3489],[-117.6763,35.3488],[-117.6762,35.3487],[-117.676,35.3487],[-117.6759,35.3487],[-117.6758,35.3486],[-117.6757,35.3486],[-117.6757,35.3485],[-117.6757,35.3484],[-117.6757,35.3483],[-117.6757,35.3482],[-117.6756,35.3481],[-117.6757,35.348],[-117.6758,35.3479],[-117.6758,35.3478]],[[-117.6806,35.3681],[-117.6805,35.3679],[-117.6803,35.3677],[-117.68,35.3675],[-117.6798,35.3673],[-117.6797,35.3671],[-117.6795,35.3669],[-117.6793,35.3668],[-117.6792,35.3665],[-117.6791,35.3663],[-117.679,35.3661],[-117.679,35.3659],[-117.6789,35.3658],[-117.6787,35.3656],[-117.6785,35.3652],[-117.6784,35.365],[-117.6782,35.3648],[-117.678,35.3646],[-117.6779,35.3644],[-117.6778,35.3642],[-117.6777,35.364],[-117.6776,35.3638],[-117.6776,35.3636],[-117.6775,35.3635],[-117.6774,35.3634],[-117.6774,35.3633],[-117.6775,35.3632],[-117.6776,35.3631],[-117.6777,35.3629],[-117.6777,35.3628],[-117.6777,35.3626],[-117.6777,35.3625],[-117.6777,35.3624],[-117.6777,35.3622],[-117.6777,35.3621],[-117.6778,35.362],[-117.6778,35.3619],[-117.678,35.3617],[-117.6781,35.3616],[-117.6781,35.3615],[-117.6782,35.3613],[-117.6782,35.3612],[-117.6782,35.3611],[-117.6783,35.3611]]]}},{"type":"Feature","properties":{"id":null,"name":null,"kind":"road","access":"green","seasonal":false},"geometry":{"type":"LineString","coordinates":[[-117.7663,35.4525],[-117.7663,35.4526],[-117.7664,35.4526],[-117.7664,35.4527],[-117.7665,35.4527],[-117.7666,35.4527],[-117.7668,35.4528],[-117.7669,35.4528],[-117.767,35.4529],[-117.7671,35.4529],[-117.7672,35.4529],[-117.7673,35.4529],[-117.7674,35.4529],[-117.7675,35.453],[-117.7676,35.4531],[-117.7676,35.4532],[-117.7677,35.4533],[-117.7678,35.4533],[-117.7678,35.4534],[-117.7679,35.4534],[-117.768,35.4535],[-117.7681,35.4535],[-117.7683,35.4535],[-117.7684,35.4535],[-117.7685,35.4535],[-117.7686,35.4534],[-117.7687,35.4534],[-117.7688,35.4533],[-117.7689,35.4533],[-117.769,35.4532],[-117.7691,35.4532],[-117.7692,35.4532],[-117.7692,35.4533],[-117.7693,35.4533],[-117.7694,35.4534]]}},{"type":"Feature","properties":{"id":null,"name":null,"kind":"road","access":"green","seasonal":false},"geometry":{"type":"LineString","coordinates":[[-117.7979,35.4747],[-117.7979,35.4748],[-117.798,35.4748],[-117.798,35.4749],[-117.7981,35.475],[-117.7982,35.475],[-117.7982,35.4751],[-117.7983,35.4751],[-117.7984,35.4752],[-117.7985,35.4752],[-117.7986,35.4753],[-117.7987,35.4753],[-117.7989,35.4754],[-117.799,35.4754],[-117.7991,35.4755],[-117.7992,35.4755],[-117.7992,35.4754],[-117.7992,35.4753],[-117.7993,35.4753],[-117.7994,35.4753],[-117.7995,35.4753],[-117.7995,35.4754],[-117.7995,35.4755]]}},{"type":"Feature","properties":{"id":null,"name":null,"kind":"road","access":"green","seasonal":false},"geometry":{"type":"LineString","coordinates":[[-117.8916,35.4228],[-117.8916,35.4227],[-117.8917,35.4227],[-117.8918,35.4226],[-117.8919,35.4225],[-117.8919,35.4224],[-117.892,35.4224],[-117.8921,35.4223],[-117.8922,35.4223],[-117.8923,35.4222],[-117.8924,35.4222],[-117.8925,35.4222],[-117.8926,35.4221],[-117.8927,35.4221],[-117.8928,35.4221],[-117.893,35.4221],[-117.8931,35.4221],[-117.8932,35.4222],[-117.8933,35.4222],[-117.8934,35.4222],[-117.8935,35.4222],[-117.8936,35.4222],[-117.8937,35.4222],[-117.8938,35.4222],[-117.8939,35.4222],[-117.894,35.4222],[-117.8941,35.4222],[-117.8942,35.4222],[-117.8943,35.4222],[-117.8945,35.4222],[-117.8946,35.4222],[-117.8947,35.4222],[-117.8948,35.4223],[-117.8949,35.4223],[-117.895,35.4223],[-117.8951,35.4223],[-117.8952,35.4223],[-117.8954,35.4223],[-117.8955,35.4223],[-117.8956,35.4222],[-117.8957,35.4221],[-117.8958,35.4221],[-117.8959,35.422],[-117.896,35.4219],[-117.8961,35.4219],[-117.8962,35.4218],[-117.8963,35.4218],[-117.8964,35.4217],[-117.8965,35.4216],[-117.8966,35.4216],[-117.8967,35.4216],[-117.8969,35.4216],[-117.897,35.4216],[-117.8971,35.4216],[-117.8972,35.4216],[-117.8973,35.4216],[-117.8974,35.4216],[-117.8975,35.4215],[-117.8977,35.4215]]}},{"type":"Feature","properties":{"id":null,"name":null,"kind":"road","access":"green","seasonal":false},"geometry":{"type":"LineString","coordinates":[[-117.8005,35.4406],[-117.8006,35.4406],[-117.8006,35.4407],[-117.8006,35.4408],[-117.8005,35.4408],[-117.8007,35.4416],[-117.8006,35.4416],[-117.8006,35.4417],[-117.8006,35.4418],[-117.8006,35.4419],[-117.8006,35.442],[-117.8005,35.4421],[-117.8005,35.4422],[-117.8005,35.4423],[-117.8004,35.4424],[-117.8004,35.4425],[-117.8004,35.4426],[-117.8004,35.4427],[-117.8004,35.4428],[-117.8003,35.4428],[-117.8003,35.4429],[-117.8003,35.443],[-117.8002,35.443],[-117.8002,35.4431],[-117.8002,35.4432],[-117.8002,35.4433],[-117.8001,35.4433],[-117.8001,35.4434],[-117.8001,35.4435],[-117.8001,35.4436],[-117.8001,35.4437],[-117.8001,35.4438],[-117.8,35.4438],[-117.8,35.4439],[-117.8,35.444],[-117.8,35.4441],[-117.8,35.4442],[-117.8,35.4443],[-117.8,35.4444],[-117.8,35.4445],[-117.8001,35.4445],[-117.8001,35.4446],[-117.8002,35.4446],[-117.8003,35.4447],[-117.8004,35.4447],[-117.8005,35.4447],[-117.8005,35.4448],[-117.8006,35.4448],[-117.8007,35.4449],[-117.8008,35.4449],[-117.8008,35.445],[-117.8008,35.4451]]}},{"type":"Feature","properties":{"id":null,"name":null,"kind":"road","access":"green","seasonal":false},"geometry":{"type":"LineString","coordinates":[[-117.8911,35.4348],[-117.8918,35.4347],[-117.8922,35.4343],[-117.8923,35.4342],[-117.8924,35.4341],[-117.8925,35.434]]}},{"type":"Feature","properties":{"id":null,"name":null,"kind":"road","access":"green","seasonal":false},"geometry":{"type":"LineString","coordinates":[[-117.8133,35.4652],[-117.8132,35.4653],[-117.8131,35.4653],[-117.813,35.4653],[-117.813,35.4654],[-117.8129,35.4654],[-117.8128,35.4654],[-117.8128,35.4655],[-117.8128,35.4656],[-117.8129,35.4657],[-117.8129,35.4658],[-117.8129,35.4659],[-117.8128,35.4659],[-117.8128,35.466],[-117.8127,35.466],[-117.8126,35.4661],[-117.8125,35.4661],[-117.8124,35.4661],[-117.8123,35.4661],[-117.8122,35.4661],[-117.8121,35.4661],[-117.812,35.4661],[-117.8119,35.4662],[-117.8118,35.4662],[-117.8117,35.4662],[-117.8116,35.4662],[-117.8115,35.4662],[-117.8114,35.4662],[-117.8113,35.4662],[-117.8112,35.4662],[-117.8112,35.4661],[-117.8111,35.4661],[-117.811,35.4661],[-117.8109,35.4661],[-117.8108,35.4661],[-117.8107,35.4661],[-117.8106,35.4661],[-117.8105,35.466],[-117.8104,35.466],[-117.8103,35.4661],[-117.8102,35.4661],[-117.8101,35.4661],[-117.81,35.4661],[-117.8099,35.4661],[-117.8098,35.466],[-117.8098,35.4661],[-117.8097,35.4661],[-117.8097,35.4662],[-117.8096,35.4662],[-117.8095,35.4662],[-117.8094,35.4662],[-117.8093,35.4662],[-117.8092,35.4662],[-117.8091,35.4662],[-117.809,35.4662],[-117.809,35.4663]]}},{"type":"Feature","properties":{"id":null,"name":null,"kind":"road","access":"green","seasonal":false},"geometry":{"type":"LineString","coordinates":[[-117.7979,35.4747],[-117.7978,35.4746],[-117.7978,35.4745],[-117.7977,35.4745],[-117.7977,35.4744],[-117.7977,35.4743],[-117.7976,35.4743],[-117.7976,35.4742],[-117.7976,35.4741],[-117.7976,35.474],[-117.7976,35.4739],[-117.7975,35.4738],[-117.7975,35.4737],[-117.7974,35.4736],[-117.7973,35.4735],[-117.7973,35.4734],[-117.7972,35.4733],[-117.7971,35.4732],[-117.797,35.4732],[-117.7969,35.4731],[-117.7968,35.473],[-117.7967,35.473],[-117.7966,35.4729],[-117.7965,35.4729],[-117.7964,35.4728],[-117.7963,35.4727],[-117.7962,35.4726],[-117.7961,35.4725],[-117.796,35.4724],[-117.7959,35.4723],[-117.7958,35.4722],[-117.7958,35.4721],[-117.7957,35.472],[-117.7957,35.4719],[-117.7957,35.4718],[-117.7957,35.4717],[-117.7957,35.4716],[-117.7957,35.4715],[-117.7957,35.4714],[-117.7957,35.4713],[-117.7957,35.4712],[-117.7956,35.4712],[-117.7955,35.4711],[-117.7954,35.4711],[-117.7953,35.471],[-117.7952,35.471],[-117.7951,35.4709],[-117.795,35.4709],[-117.7949,35.4709],[-117.7948,35.4709],[-117.7947,35.4708],[-117.7946,35.4708],[-117.7945,35.4708],[-117.7944,35.4708],[-117.7943,35.4707],[-117.7942,35.4707],[-117.7941,35.4707],[-117.794,35.4706]]}},{"type":"Feature","properties":{"id":null,"name":null,"kind":"road","access":"green","seasonal":false},"geometry":{"type":"LineString","coordinates":[[-117.773,35.4619],[-117.7729,35.4619],[-117.7728,35.4618],[-117.7727,35.4618],[-117.7726,35.4618],[-117.7725,35.4618],[-117.7724,35.4617],[-117.7724,35.4616],[-117.7724,35.4615],[-117.7724,35.4614],[-117.7724,35.4613],[-117.7724,35.4612],[-117.7724,35.4611],[-117.7723,35.4611],[-117.7723,35.461],[-117.7722,35.461],[-117.7721,35.4609],[-117.7721,35.4608],[-117.7721,35.4607],[-117.772,35.4606],[-117.772,35.4605],[-117.7719,35.4604],[-117.7718,35.4604],[-117.7717,35.4604],[-117.7716,35.4604],[-117.7714,35.4604],[-117.7713,35.4603],[-117.7712,35.4603],[-117.7711,35.4602],[-117.771,35.4601],[-117.7709,35.4601],[-117.7708,35.46],[-117.7707,35.4599],[-117.7706,35.4599],[-117.7705,35.4598],[-117.7704,35.4597],[-117.7703,35.4597],[-117.7703,35.4596],[-117.7702,35.4595],[-117.7702,35.4594],[-117.7702,35.4593],[-117.7702,35.4592],[-117.7702,35.4591],[-117.7701,35.459],[-117.7701,35.4589],[-117.77,35.4589],[-117.7699,35.4588],[-117.7698,35.4587],[-117.7697,35.4587],[-117.7696,35.4586],[-117.7695,35.4586],[-117.7694,35.4585],[-117.7693,35.4585],[-117.7692,35.4584],[-117.7692,35.4583],[-117.7691,35.4582],[-117.769,35.4582],[-117.7689,35.4581],[-117.7688,35.458],[-117.7687,35.4579],[-117.7686,35.4579],[-117.7685,35.4578],[-117.7684,35.4578],[-117.7684,35.4577],[-117.7683,35.4577],[-117.7682,35.4576],[-117.7681,35.4576],[-117.768,35.4576],[-117.7679,35.4576],[-117.7678,35.4576],[-117.7677,35.4576],[-117.7676,35.4576],[-117.7675,35.4576],[-117.7675,35.4575],[-117.7674,35.4575],[-117.7673,35.4574],[-117.7672,35.4573],[-117.7671,35.4573],[-117.767,35.4572],[-117.7668,35.4571],[-117.7667,35.4571],[-117.7666,35.457],[-117.7665,35.4569],[-117.7664,35.4568],[-117.7663,35.4568],[-117.7662,35.4567],[-117.7661,35.4566],[-117.766,35.4565],[-117.7659,35.4565],[-117.7658,35.4564],[-117.7657,35.4563],[-117.7657,35.4562],[-117.7656,35.4562],[-117.7656,35.4561],[-117.7655,35.4561],[-117.7654,35.4561],[-117.7654,35.456],[-117.7653,35.4559],[-117.7652,35.4559],[-117.7651,35.4558],[-117.765,35.4558],[-117.7649,35.4557],[-117.7648,35.4556],[-117.7647,35.4556],[-117.7646,35.4555],[-117.7645,35.4554],[-117.7644,35.4553],[-117.7643,35.4552],[-117.7642,35.4552],[-117.7642,35.4551],[-117.7641,35.455],[-117.764,35.4549],[-117.764,35.4548],[-117.764,35.4547],[-117.764,35.4546],[-117.764,35.4545],[-117.7641,35.4544],[-117.7641,35.4543],[-117.7641,35.4542],[-117.764,35.4542],[-117.764,35.4541],[-117.764,35.454],[-117.764,35.4539],[-117.764,35.4538],[-117.764,35.4537],[-117.764,35.4536],[-117.764,35.4535],[-117.764,35.4534],[-117.764,35.4533],[-117.7639,35.4532],[-117.7639,35.4531],[-117.7638,35.453],[-117.7638,35.4529],[-117.7637,35.4528],[-117.7636,35.4528],[-117.7636,35.4527],[-117.7635,35.4527],[-117.7635,35.4526],[-117.7634,35.4526],[-117.7634,35.4525],[-117.7633,35.4525],[-117.7633,35.4524],[-117.7632,35.4524],[-117.7632,35.4523],[-117.7631,35.4523],[-117.7631,35.4522],[-117.763,35.4522],[-117.7629,35.4522],[-117.7628,35.4522],[-117.7627,35.4522],[-117.7627,35.4521],[-117.7627,35.452],[-117.7627,35.4519],[-117.7627,35.4518],[-117.7627,35.4517],[-117.7627,35.4516],[-117.7627,35.4515],[-117.7628,35.4514],[-117.7628,35.4513],[-117.7629,35.4512],[-117.763,35.4512],[-117.763,35.4511],[-117.763,35.451],[-117.763,35.4509],[-117.7629,35.4509],[-117.7628,35.4509],[-117.7628,35.4508],[-117.7627,35.4508],[-117.7626,35.4507],[-117.7625,35.4506],[-117.7625,35.4505],[-117.7626,35.4505],[-117.7626,35.4504],[-117.7627,35.4504],[-117.7627,35.4503],[-117.7627,35.4502],[-117.7628,35.4502],[-117.7628,35.4501],[-117.7628,35.45],[-117.7628,35.4499],[-117.7628,35.4498],[-117.7628,35.4497],[-117.7628,35.4496],[-117.7627,35.4495],[-117.7626,35.4494],[-117.7626,35.4493],[-117.7626,35.4491],[-117.7626,35.449],[-117.7626,35.4489],[-117.7626,35.4488],[-117.7625,35.4487]]}},{"type":"Feature","properties":{"id":null,"name":null,"kind":"road","access":"green","seasonal":false},"geometry":{"type":"LineString","coordinates":[[-117.6714,35.3751],[-117.6713,35.375],[-117.6712,35.3749],[-117.6712,35.3748],[-117.6711,35.3747],[-117.6711,35.3746],[-117.6712,35.3745],[-117.6712,35.3744],[-117.6713,35.3743],[-117.6713,35.3742],[-117.6713,35.3741],[-117.6712,35.374],[-117.6711,35.3739],[-117.6708,35.3738],[-117.6707,35.3736],[-117.6706,35.3734],[-117.6705,35.3732],[-117.6703,35.3729],[-117.6701,35.3726],[-117.67,35.3725],[-117.67,35.3723],[-117.6699,35.372],[-117.6698,35.3719],[-117.6699,35.3717],[-117.6699,35.3715],[-117.6699,35.3714],[-117.6698,35.3712],[-117.6698,35.371],[-117.6698,35.3707],[-117.6698,35.3705],[-117.6698,35.3704],[-117.6699,35.3701],[-117.67,35.3699],[-117.67,35.3698],[-117.67,35.3697],[-117.6698,35.3695],[-117.6697,35.3694],[-117.6696,35.3692],[-117.6696,35.3691],[-117.6693,35.369],[-117.669,35.3689],[-117.6689,35.3688],[-117.6687,35.3687],[-117.6687,35.3686],[-117.6685,35.3685],[-117.6683,35.3684],[-117.6679,35.3684],[-117.6677,35.3684],[-117.6676,35.3684],[-117.6674,35.3683],[-117.6672,35.3682],[-117.667,35.3682],[-117.6668,35.3682],[-117.6666,35.3682],[-117.6664,35.3681],[-117.6663,35.3681],[-117.6661,35.368],[-117.666,35.3679],[-117.6658,35.3678],[-117.6656,35.3678],[-117.6655,35.3677],[-117.6651,35.3675],[-117.6648,35.3673],[-117.6648,35.3671],[-117.6647,35.3668],[-117.6647,35.3666],[-117.6646,35.3663],[-117.6645,35.3661],[-117.6645,35.3659],[-117.6644,35.3659],[-117.6641,35.3661],[-117.664,35.3662],[-117.6638,35.3663],[-117.6637,35.3666],[-117.6634,35.367],[-117.6633,35.3672],[-117.6631,35.3672],[-117.663,35.3672],[-117.6628,35.3672],[-117.6626,35.3672],[-117.6624,35.3673],[-117.6621,35.3673],[-117.6619,35.3673],[-117.6617,35.3674],[-117.6615,35.3673],[-117.6611,35.3671]]}},{"type":"Feature","properties":{"id":null,"name":null,"kind":"road","access":"green","seasonal":false},"geometry":{"type":"LineString","coordinates":[[-117.7134,35.4617],[-117.7138,35.4618],[-117.714,35.4618],[-117.7142,35.4618],[-117.7146,35.4617],[-117.7148,35.4616],[-117.7149,35.4615],[-117.7151,35.4614]]}},{"type":"Feature","properties":{"id":null,"name":null,"kind":"road","access":"green","seasonal":false},"geometry":{"type":"LineString","coordinates":[[-117.9318,35.4809],[-117.9319,35.4809],[-117.932,35.4809],[-117.9321,35.4809],[-117.9322,35.4809],[-117.9323,35.4809],[-117.9324,35.4809],[-117.9325,35.4809],[-117.9326,35.4809],[-117.9327,35.4809],[-117.9328,35.4809],[-117.9329,35.4809],[-117.933,35.4809],[-117.9331,35.4809],[-117.9332,35.4809],[-117.9333,35.4809],[-117.9334,35.4809],[-117.9335,35.4809],[-117.9336,35.4809],[-117.9337,35.4809],[-117.9338,35.4809],[-117.9339,35.4809],[-117.934,35.4809],[-117.9341,35.4809],[-117.9342,35.4809],[-117.9343,35.4809],[-117.9344,35.4809],[-117.9345,35.4809],[-117.9346,35.4809],[-117.9347,35.4809],[-117.9348,35.4809],[-117.9349,35.4809],[-117.935,35.4809],[-117.9351,35.4809],[-117.9355,35.4809],[-117.9358,35.4809],[-117.9363,35.4809],[-117.9367,35.4809],[-117.9369,35.4809],[-117.9371,35.4809]]}},{"type":"Feature","properties":{"id":null,"name":null,"kind":"road","access":"green","seasonal":false},"geometry":{"type":"LineString","coordinates":[[-117.6201,35.3655],[-117.62,35.3655],[-117.6197,35.3653],[-117.6194,35.3652],[-117.6189,35.3649],[-117.6187,35.3647],[-117.6185,35.3646]]}},{"type":"Feature","properties":{"id":null,"name":null,"kind":"road","access":"green","seasonal":false},"geometry":{"type":"LineString","coordinates":[[-117.7187,35.4864],[-117.7187,35.4863],[-117.7188,35.4862],[-117.7188,35.4861],[-117.7188,35.486],[-117.7189,35.4859],[-117.7189,35.4858],[-117.7189,35.4857],[-117.719,35.4856],[-117.719,35.4855],[-117.719,35.4854],[-117.7191,35.4854],[-117.7191,35.4853],[-117.7191,35.4852],[-117.7192,35.4851],[-117.7192,35.485],[-117.7192,35.4849],[-117.7193,35.4848]]}},{"type":"Feature","properties":{"id":null,"name":null,"kind":"road","access":"green","seasonal":false},"geometry":{"type":"LineString","coordinates":[[-117.6908,35.4408],[-117.6909,35.4409],[-117.6909,35.441],[-117.6909,35.4411],[-117.6909,35.4412],[-117.691,35.4412],[-117.691,35.4413],[-117.691,35.4414],[-117.6911,35.4414],[-117.6911,35.4415],[-117.6912,35.4415],[-117.6912,35.4416],[-117.6912,35.4417],[-117.6912,35.4418],[-117.6912,35.4419],[-117.6913,35.442],[-117.6913,35.4421],[-117.6913,35.4422],[-117.6913,35.4423],[-117.6913,35.4424],[-117.6913,35.4425],[-117.6913,35.4426],[-117.6914,35.443],[-117.6914,35.4431],[-117.6914,35.4432],[-117.6914,35.4433],[-117.6914,35.4434],[-117.6915,35.4436],[-117.6916,35.4436],[-117.6916,35.4437],[-117.6917,35.4437],[-117.6917,35.4438],[-117.6918,35.4439],[-117.6918,35.444],[-117.6918,35.4441],[-117.6919,35.4442],[-117.692,35.4443],[-117.692,35.4444],[-117.6921,35.4444],[-117.6921,35.4445],[-117.6922,35.4446],[-117.6922,35.4447],[-117.6923,35.4447],[-117.6923,35.4448],[-117.6924,35.4449],[-117.6924,35.445],[-117.6925,35.4451],[-117.6925,35.4452],[-117.6925,35.4453],[-117.6926,35.4454],[-117.6926,35.4455],[-117.6926,35.4456],[-117.6926,35.4457],[-117.6926,35.4458],[-117.6927,35.4461],[-117.6927,35.4462],[-117.6928,35.4462],[-117.6929,35.4463],[-117.6929,35.4464],[-117.693,35.4464],[-117.6931,35.4464],[-117.6932,35.4465],[-117.6933,35.4466],[-117.6934,35.4467],[-117.6934,35.4468],[-117.6935,35.4468],[-117.6936,35.4469],[-117.6937,35.4469],[-117.6937,35.447],[-117.6938,35.4471],[-117.6939,35.4472],[-117.6939,35.4473],[-117.694,35.4473],[-117.694,35.4474],[-117.6941,35.4478],[-117.694,35.4479],[-117.6939,35.448],[-117.6941,35.4484],[-117.6943,35.4485],[-117.6944,35.4485],[-117.6945,35.4484],[-117.6945,35.4485],[-117.6946,35.4485],[-117.6947,35.4485],[-117.6947,35.4486],[-117.6948,35.4486],[-117.6949,35.4486],[-117.6949,35.4487],[-117.695,35.4487],[-117.6951,35.4488],[-117.6952,35.4488],[-117.6953,35.4489],[-117.6954,35.4489],[-117.6955,35.4489],[-117.6956,35.4489],[-117.6956,35.449],[-117.6957,35.449],[-117.6957,35.4491],[-117.6958,35.4491],[-117.6958,35.4492],[-117.6959,35.4492],[-117.6959,35.4493],[-117.696,35.4494],[-117.696,35.4495],[-117.6961,35.4495],[-117.6961,35.4496],[-117.6961,35.4497],[-117.6962,35.4497],[-117.6962,35.4498],[-117.6962,35.4499],[-117.6963,35.4499],[-117.6967,35.4505],[-117.6968,35.4506],[-117.6968,35.4507],[-117.6968,35.4508],[-117.6968,35.4509],[-117.6968,35.451],[-117.6968,35.4511],[-117.6969,35.4512],[-117.697,35.4513],[-117.6971,35.4514],[-117.6972,35.4515],[-117.6973,35.4515],[-117.6973,35.4516],[-117.6974,35.4516],[-117.6975,35.4516],[-117.6976,35.4516],[-117.6976,35.4517],[-117.6977,35.4517],[-117.6978,35.4517],[-117.6978,35.4518],[-117.6979,35.4518],[-117.6979,35.4519],[-117.698,35.4519],[-117.698,35.452],[-117.698,35.4521],[-117.6981,35.4522],[-117.6982,35.4522],[-117.6983,35.4523],[-117.6984,35.4523],[-117.6985,35.4523],[-117.6986,35.4524],[-117.6987,35.4524],[-117.6987,35.4525],[-117.6987,35.4526],[-117.6987,35.4527],[-117.6987,35.4528],[-117.6987,35.4529],[-117.6988,35.453],[-117.6989,35.453],[-117.6989,35.4531],[-117.699,35.4531],[-117.6991,35.4532],[-117.6992,35.4533],[-117.6993,35.4534],[-117.6994,35.4534],[-117.6995,35.4535],[-117.6996,35.4535],[-117.6997,35.4536],[-117.6998,35.4537],[-117.6999,35.4537],[-117.7,35.4537],[-117.7001,35.4537],[-117.7002,35.4537],[-117.7004,35.4538],[-117.7005,35.4538],[-117.7006,35.4538],[-117.7007,35.4538],[-117.7008,35.4537],[-117.7009,35.4537],[-117.701,35.4537],[-117.7011,35.4537],[-117.7012,35.4537],[-117.7013,35.4538],[-117.7014,35.4538],[-117.7015,35.4539],[-117.7016,35.4539],[-117.7017,35.4541],[-117.7018,35.4541],[-117.7019,35.4542],[-117.702,35.4542],[-117.7021,35.4543],[-117.7022,35.4543],[-117.7022,35.4544],[-117.7023,35.4544],[-117.7024,35.4544],[-117.7025,35.4544],[-117.7026,35.4544],[-117.7027,35.4545],[-117.7028,35.4545],[-117.7029,35.4545],[-117.703,35.4546],[-117.7031,35.4546],[-117.7032,35.4546],[-117.7033,35.4547],[-117.7034,35.4547],[-117.7035,35.4547],[-117.7036,35.4547],[-117.7037,35.4548],[-117.7038,35.4548],[-117.7039,35.4548],[-117.704,35.4548],[-117.7041,35.4548],[-117.7042,35.4548],[-117.7043,35.4549],[-117.7044,35.4549],[-117.7045,35.4549],[-117.7046,35.455],[-117.7047,35.455],[-117.7048,35.4551],[-117.7048,35.4552],[-117.7049,35.4552],[-117.705,35.4553],[-117.7051,35.4553],[-117.7052,35.4553],[-117.7053,35.4554],[-117.7054,35.4554],[-117.7055,35.4555],[-117.7056,35.4556],[-117.7057,35.4556],[-117.7057,35.4557],[-117.7058,35.4557],[-117.7058,35.4558],[-117.7059,35.4558],[-117.706,35.4559],[-117.706,35.456],[-117.7061,35.456],[-117.7061,35.4561],[-117.7062,35.4562],[-117.7062,35.4563],[-117.7062,35.4564],[-117.7063,35.4565],[-117.7063,35.4566],[-117.7064,35.4566],[-117.7064,35.4567],[-117.7065,35.4567],[-117.7066,35.4568],[-117.7067,35.4569],[-117.7068,35.457],[-117.7069,35.457],[-117.7069,35.4571],[-117.707,35.4571],[-117.7071,35.4572],[-117.7072,35.4572],[-117.7073,35.4573],[-117.7074,35.4573],[-117.7075,35.4573],[-117.7076,35.4573],[-117.7077,35.4573],[-117.7078,35.4573],[-117.7079,35.4573],[-117.708,35.4573],[-117.7081,35.4573],[-117.7082,35.4573],[-117.7083,35.4574],[-117.7084,35.4574],[-117.7085,35.4574],[-117.7086,35.4574],[-117.7087,35.4574],[-117.7088,35.4575],[-117.7089,35.4575],[-117.709,35.4575],[-117.7091,35.4575],[-117.7092,35.4575],[-117.7093,35.4575]]}},{"type":"Feature","properties":{"id":null,"name":null,"kind":"road","access":"green","seasonal":false},"geometry":{"type":"LineString","coordinates":[[-117.7253,35.4294],[-117.7253,35.4295],[-117.7253,35.4296],[-117.7253,35.4297],[-117.7253,35.4298],[-117.7253,35.4299],[-117.7253,35.43],[-117.7252,35.43],[-117.7252,35.4301],[-117.7252,35.4302],[-117.7252,35.4303],[-117.7252,35.4304],[-117.7251,35.4304],[-117.7251,35.4305],[-117.7251,35.4306],[-117.7251,35.4307],[-117.7251,35.4308],[-117.7251,35.4309],[-117.725,35.4309],[-117.725,35.431],[-117.725,35.4311],[-117.725,35.4312],[-117.7249,35.4313],[-117.7249,35.4314],[-117.7249,35.4315],[-117.7249,35.4316],[-117.7248,35.4316],[-117.7248,35.4317],[-117.7248,35.4318],[-117.7247,35.4319],[-117.7247,35.432],[-117.7247,35.4321],[-117.7247,35.4322],[-117.7246,35.4322],[-117.7246,35.4323],[-117.7246,35.4324],[-117.7246,35.4325],[-117.7246,35.4326],[-117.7246,35.4327],[-117.7245,35.4327]]}},{"type":"Feature","properties":{"id":null,"name":null,"kind":"road","access":"green","seasonal":false},"geometry":{"type":"LineString","coordinates":[[-117.747,35.4539],[-117.747,35.4538],[-117.7471,35.4538],[-117.7471,35.4537],[-117.7472,35.4536],[-117.7472,35.4535],[-117.7473,35.4535],[-117.7474,35.4534],[-117.7475,35.4534],[-117.7476,35.4533],[-117.7477,35.4533],[-117.7478,35.4533],[-117.7478,35.4532],[-117.7479,35.4532],[-117.7479,35.4531],[-117.748,35.4531],[-117.748,35.453],[-117.7481,35.453],[-117.7481,35.4529],[-117.7482,35.4529],[-117.7482,35.4528],[-117.7483,35.4528],[-117.7483,35.4527],[-117.7484,35.4526],[-117.7485,35.4526],[-117.7485,35.4525],[-117.7486,35.4525],[-117.7486,35.4524],[-117.7486,35.4523],[-117.7487,35.4523],[-117.7488,35.4522],[-117.7489,35.4522],[-117.749,35.4521],[-117.749,35.452],[-117.7491,35.452],[-117.7491,35.4519]]}},{"type":"Feature","properties":{"id":null,"name":null,"kind":"road","access":"green","seasonal":false},"geometry":{"type":"LineString","coordinates":[[-117.875,35.413],[-117.8749,35.413],[-117.8748,35.413],[-117.8747,35.4131],[-117.8746,35.4131],[-117.8745,35.4131],[-117.8744,35.4131],[-117.8744,35.413],[-117.8743,35.4129],[-117.8743,35.4128],[-117.8742,35.4127],[-117.8741,35.4126],[-117.874,35.4126],[-117.8739,35.4126],[-117.8738,35.4126],[-117.8737,35.4126],[-117.8736,35.4126],[-117.8735,35.4126],[-117.8734,35.4126],[-117.8734,35.4125],[-117.8733,35.4125]]}},{"type":"Feature","properties":{"id":null,"name":null,"kind":"road","access":"green","seasonal":false},"geometry":{"type":"LineString","coordinates":[[-117.6475,35.4448],[-117.6475,35.4445],[-117.6474,35.4443],[-117.6474,35.4442],[-117.6472,35.444],[-117.6471,35.444],[-117.6471,35.4439],[-117.647,35.4438],[-117.6469,35.4437],[-117.647,35.4436],[-117.6471,35.4434],[-117.6474,35.4432],[-117.6477,35.443],[-117.6481,35.443],[-117.6483,35.443],[-117.6486,35.443],[-117.6489,35.443],[-117.6491,35.443],[-117.6493,35.4429],[-117.6495,35.4427],[-117.6496,35.4426],[-117.6497,35.4425],[-117.6499,35.4424],[-117.65,35.4422],[-117.6501,35.442],[-117.6502,35.4418],[-117.6503,35.4416],[-117.6504,35.4415],[-117.6506,35.4414],[-117.6507,35.4413],[-117.6509,35.4412],[-117.6509,35.4409],[-117.651,35.4407],[-117.6509,35.4404],[-117.651,35.4402],[-117.6511,35.4399],[-117.6511,35.4398],[-117.6512,35.4397],[-117.6512,35.4395],[-117.6513,35.4394],[-117.6514,35.4393],[-117.6515,35.4392],[-117.6516,35.4391],[-117.6516,35.439],[-117.6516,35.4389],[-117.6515,35.4388],[-117.6515,35.4387],[-117.6514,35.4385],[-117.6514,35.4383],[-117.6512,35.4382],[-117.651,35.4382],[-117.6508,35.4382],[-117.6507,35.4382],[-117.6505,35.4381],[-117.6503,35.4379],[-117.6502,35.4378],[-117.65,35.4378],[-117.6498,35.4377],[-117.6496,35.4377],[-117.6495,35.4377],[-117.6494,35.4376],[-117.6492,35.4376],[-117.6491,35.4375],[-117.6489,35.4374],[-117.6487,35.4374],[-117.6486,35.4373],[-117.6484,35.4372],[-117.6483,35.437],[-117.648,35.4368],[-117.6477,35.4366],[-117.6475,35.4364],[-117.6472,35.4363],[-117.6471,35.4362]]}},{"type":"Feature","properties":{"id":null,"name":null,"kind":"road","access":"green","seasonal":false},"geometry":{"type":"LineString","coordinates":[[-117.773,35.4748],[-117.7729,35.4749],[-117.7729,35.475],[-117.7728,35.475],[-117.7728,35.4751],[-117.7727,35.4752],[-117.7727,35.4753],[-117.7727,35.4754],[-117.7728,35.4754],[-117.7728,35.4755],[-117.7728,35.4756],[-117.7729,35.4757],[-117.7729,35.4758],[-117.7729,35.4759],[-117.773,35.4759],[-117.773,35.476],[-117.773,35.4761]]}},{"type":"Feature","properties":{"id":null,"name":null,"kind":"road","access":"green","seasonal":false},"geometry":{"type":"LineString","coordinates":[[-117.8051,35.4826],[-117.8051,35.4825],[-117.8051,35.4824],[-117.805,35.4824],[-117.805,35.4823]]}},{"type":"Feature","properties":{"id":null,"name":null,"kind":"road","access":"green","seasonal":false},"geometry":{"type":"LineString","coordinates":[[-117.9116,35.4523],[-117.9115,35.4523],[-117.9115,35.4524],[-117.9115,35.4525],[-117.9114,35.4525],[-117.9114,35.4526],[-117.9113,35.4526],[-117.9112,35.4527],[-117.9111,35.4528],[-117.9112,35.4529],[-117.9112,35.453],[-117.9111,35.4531],[-117.9111,35.4533],[-117.9111,35.4534],[-117.9111,35.4535],[-117.9111,35.4536],[-117.911,35.4536],[-117.9109,35.4537],[-117.9109,35.4538],[-117.9109,35.4539],[-117.9109,35.454],[-117.9109,35.4542],[-117.9108,35.4543],[-117.9108,35.4544],[-117.9107,35.4545],[-117.9105,35.4547],[-117.9105,35.4548],[-117.9105,35.4549],[-117.9105,35.4551],[-117.9105,35.4553],[-117.9104,35.4555],[-117.9103,35.4556],[-117.9102,35.4557],[-117.9101,35.4557],[-117.91,35.4558],[-117.9098,35.456],[-117.9096,35.4561],[-117.9095,35.4562],[-117.9094,35.4564],[-117.9093,35.4565],[-117.9092,35.4566],[-117.9092,35.4567],[-117.9091,35.4568],[-117.9091,35.4569],[-117.909,35.4569],[-117.909,35.457]]}},{"type":"Feature","properties":{"id":null,"name":null,"kind":"road","access":"green","seasonal":false},"geometry":{"type":"LineString","coordinates":[[-117.8854,35.428],[-117.8853,35.428],[-117.8852,35.428],[-117.885,35.4279],[-117.8849,35.4279],[-117.8847,35.4278],[-117.8846,35.4278],[-117.8845,35.4276],[-117.8844,35.4275],[-117.8843,35.4274],[-117.8843,35.4273],[-117.8842,35.4272],[-117.8842,35.4271],[-117.8841,35.427],[-117.8841,35.4269],[-117.884,35.4268],[-117.884,35.4267],[-117.8839,35.4266]]}},{"type":"Feature","properties":{"id":null,"name":null,"kind":"road","access":"green","seasonal":false},"geometry":{"type":"LineString","coordinates":[[-117.7869,35.4623],[-117.787,35.4622],[-117.787,35.4621],[-117.787,35.462],[-117.7871,35.4619],[-117.7871,35.4618],[-117.7871,35.4617],[-117.7871,35.4616],[-117.7871,35.4615],[-117.7871,35.4614],[-117.7871,35.4613],[-117.7872,35.4612],[-117.7872,35.4611],[-117.7872,35.461],[-117.7872,35.4609],[-117.7873,35.4609],[-117.7873,35.4608],[-117.7873,35.4607],[-117.7874,35.4606],[-117.7875,35.4605],[-117.7875,35.4604],[-117.7876,35.4603],[-117.7877,35.4602],[-117.7877,35.4601],[-117.7878,35.46],[-117.7879,35.4599],[-117.7879,35.4598],[-117.788,35.4598],[-117.788,35.4597],[-117.7881,35.4596],[-117.7881,35.4595],[-117.7882,35.4594],[-117.7883,35.4593],[-117.7884,35.4592],[-117.7885,35.459],[-117.7886,35.4589],[-117.7887,35.4588],[-117.7888,35.4586],[-117.7889,35.4585],[-117.789,35.4584],[-117.7891,35.4583],[-117.7891,35.4582],[-117.7892,35.458],[-117.7893,35.4579],[-117.7894,35.4578],[-117.7895,35.4577],[-117.7895,35.4576],[-117.7896,35.4575],[-117.7897,35.4575],[-117.7897,35.4573],[-117.7898,35.4572],[-117.7899,35.4571],[-117.7899,35.457],[-117.7901,35.4569]]}},{"type":"Feature","properties":{"id":null,"name":null,"kind":"road","access":"green","seasonal":false},"geometry":{"type":"LineString","coordinates":[[-117.7014,35.477],[-117.7015,35.477],[-117.7015,35.4769],[-117.7016,35.4769],[-117.7016,35.4768],[-117.7017,35.4768],[-117.7018,35.4767],[-117.7019,35.4766],[-117.702,35.4766],[-117.702,35.4765],[-117.7021,35.4765],[-117.7022,35.4764],[-117.7023,35.4763],[-117.7024,35.4762],[-117.7025,35.4762],[-117.7026,35.4762],[-117.7027,35.4762],[-117.7028,35.4762],[-117.7029,35.4762],[-117.703,35.4762],[-117.7031,35.4762],[-117.7032,35.4762],[-117.7033,35.4762],[-117.7034,35.4763],[-117.7035,35.4763],[-117.7036,35.4763],[-117.7037,35.4763],[-117.7038,35.4763],[-117.7038,35.4764],[-117.7039,35.4764],[-117.704,35.4764],[-117.7041,35.4764],[-117.7042,35.4764],[-117.7043,35.4764],[-117.7044,35.4764],[-117.7045,35.4764],[-117.7046,35.4764],[-117.7047,35.4765],[-117.7048,35.4766],[-117.7049,35.4766],[-117.705,35.4766],[-117.7051,35.4766],[-117.7052,35.4767],[-117.7053,35.4767],[-117.7054,35.4767],[-117.7054,35.4766],[-117.7055,35.4766],[-117.7055,35.4765],[-117.7056,35.4765],[-117.7057,35.4765],[-117.7057,35.4764],[-117.7057,35.4763],[-117.7057,35.4762],[-117.7056,35.4762],[-117.7056,35.4761],[-117.7055,35.4761],[-117.7055,35.476],[-117.7054,35.476],[-117.7054,35.4759],[-117.7053,35.4759],[-117.7053,35.4758],[-117.7052,35.4758],[-117.7052,35.4757],[-117.7051,35.4757],[-117.7051,35.4756],[-117.7051,35.4755],[-117.705,35.4754],[-117.7049,35.4753],[-117.7049,35.4752],[-117.7048,35.4752],[-117.7048,35.4751],[-117.7048,35.475],[-117.7048,35.4749],[-117.7047,35.4749],[-117.7047,35.4748],[-117.7046,35.4747],[-117.7046,35.4746],[-117.7045,35.4746],[-117.7045,35.4745],[-117.7044,35.4745],[-117.7043,35.4744],[-117.7043,35.4743],[-117.7043,35.4742],[-117.7042,35.4742],[-117.7042,35.4741],[-117.7042,35.474],[-117.7041,35.4739],[-117.7042,35.4737],[-117.7042,35.4736],[-117.7042,35.4735],[-117.7042,35.4734],[-117.7043,35.4734],[-117.7043,35.4733],[-117.7044,35.4732],[-117.7045,35.4732],[-117.7045,35.4731],[-117.7046,35.4731],[-117.7047,35.4731],[-117.7048,35.4731],[-117.7049,35.4731],[-117.705,35.4731],[-117.7051,35.4731],[-117.7052,35.4731],[-117.7053,35.473],[-117.7054,35.473],[-117.7055,35.473],[-117.7056,35.473],[-117.7057,35.473],[-117.7058,35.4729],[-117.7059,35.4729],[-117.706,35.4729],[-117.7061,35.4729],[-117.7062,35.4729],[-117.7063,35.4729],[-117.7063,35.4728],[-117.7064,35.4728],[-117.7065,35.4728],[-117.7066,35.4729],[-117.7067,35.4729],[-117.7068,35.4729],[-117.7069,35.4729],[-117.7069,35.4728],[-117.707,35.4728],[-117.707,35.4727],[-117.7071,35.4727],[-117.7072,35.4726],[-117.7073,35.4726],[-117.7073,35.4725],[-117.7073,35.4724],[-117.7072,35.4724],[-117.7072,35.4723],[-117.7071,35.4723],[-117.7071,35.4722],[-117.707,35.4722],[-117.7069,35.4721],[-117.7069,35.472],[-117.707,35.472],[-117.707,35.4719],[-117.707,35.4718],[-117.7069,35.4717],[-117.7069,35.4716],[-117.7068,35.4716],[-117.7068,35.4715],[-117.7067,35.4715],[-117.7067,35.4714],[-117.7066,35.4714],[-117.7066,35.4713],[-117.7066,35.4712],[-117.7066,35.4711],[-117.7065,35.471],[-117.7065,35.4709],[-117.7066,35.4709],[-117.7066,35.4708],[-117.7066,35.4707],[-117.7067,35.4707],[-117.7067,35.4705],[-117.7068,35.4705],[-117.7068,35.4704],[-117.7069,35.4704],[-117.7069,35.4703],[-117.707,35.4702],[-117.707,35.4701],[-117.707,35.47],[-117.707,35.4699],[-117.7069,35.4698],[-117.7068,35.4697],[-117.7067,35.4696],[-117.7066,35.4696],[-117.7066,35.4695],[-117.7065,35.4695],[-117.7065,35.4694],[-117.7065,35.4693],[-117.7065,35.4692],[-117.7065,35.4691],[-117.7065,35.469],[-117.7064,35.469],[-117.7064,35.4689],[-117.7064,35.4688],[-117.7063,35.4687],[-117.7063,35.4686],[-117.7063,35.4685],[-117.7063,35.4684],[-117.7062,35.4683],[-117.7061,35.4683],[-117.7061,35.4682],[-117.7061,35.4681],[-117.7061,35.468],[-117.7061,35.4679]]}},{"type":"Feature","properties":{"id":null,"name":null,"kind":"road","access":"green","seasonal":false},"geometry":{"type":"LineString","coordinates":[[-117.815,35.4395],[-117.8149,35.4395],[-117.8148,35.4394],[-117.8147,35.4394],[-117.8146,35.4393],[-117.8145,35.4393]]}},{"type":"Feature","properties":{"id":null,"name":null,"kind":"road","access":"green","seasonal":false},"geometry":{"type":"LineString","coordinates":[[-117.9244,35.3451],[-117.9243,35.3449],[-117.9241,35.3446],[-117.9238,35.3444],[-117.9236,35.3442],[-117.9234,35.3439],[-117.9232,35.3436],[-117.923,35.3434],[-117.9229,35.3432],[-117.9229,35.343],[-117.9228,35.343],[-117.9228,35.3429],[-117.9228,35.3428],[-117.9228,35.3427],[-117.9227,35.3423],[-117.9226,35.3421],[-117.9225,35.3418],[-117.9225,35.3417]]}},{"type":"Feature","properties":{"id":null,"name":null,"kind":"road","access":"green","seasonal":false},"geometry":{"type":"LineString","coordinates":[[-117.883,35.3697],[-117.8831,35.3698],[-117.8832,35.3699],[-117.8833,35.37],[-117.8834,35.37],[-117.8834,35.3701],[-117.8835,35.3701],[-117.8836,35.3702],[-117.8837,35.3703],[-117.8838,35.3704],[-117.8839,35.3705],[-117.884,35.3706],[-117.8841,35.3707],[-117.8842,35.3708],[-117.8843,35.3708],[-117.8844,35.3709],[-117.8845,35.3709],[-117.8846,35.371],[-117.8847,35.371],[-117.8848,35.3711],[-117.8848,35.3712],[-117.8849,35.3713],[-117.885,35.3714],[-117.8851,35.3714],[-117.8852,35.3715],[-117.8853,35.3715],[-117.8854,35.3715],[-117.8855,35.3715],[-117.8855,35.3716],[-117.8856,35.3716],[-117.8857,35.3717],[-117.8858,35.3717],[-117.8859,35.3718],[-117.886,35.3718],[-117.8861,35.3719],[-117.8862,35.3719],[-117.8862,35.372],[-117.8863,35.372],[-117.8864,35.3721],[-117.8864,35.3722],[-117.8865,35.3722],[-117.8865,35.3723],[-117.8865,35.3724],[-117.8866,35.3724],[-117.8866,35.3725],[-117.8867,35.3726],[-117.8868,35.3726],[-117.8868,35.3727],[-117.8869,35.3728],[-117.887,35.3729],[-117.8871,35.373],[-117.8871,35.3731],[-117.8872,35.3731],[-117.8873,35.3732],[-117.8874,35.3733],[-117.8874,35.3734]]}},{"type":"Feature","properties":{"id":null,"name":null,"kind":"road","access":"green","seasonal":false},"geometry":{"type":"LineString","coordinates":[[-117.8978,35.4335],[-117.8976,35.4336],[-117.8975,35.4338],[-117.8973,35.4339],[-117.8971,35.434],[-117.8969,35.4341],[-117.8967,35.4341],[-117.8965,35.4342],[-117.8963,35.4342],[-117.8961,35.4342],[-117.8959,35.4343],[-117.8957,35.4343],[-117.8956,35.4343],[-117.8954,35.4342],[-117.8952,35.4342],[-117.895,35.4341],[-117.8949,35.4341],[-117.8947,35.434],[-117.8946,35.434],[-117.8944,35.434],[-117.8943,35.434],[-117.8941,35.434],[-117.894,35.434],[-117.8939,35.4339],[-117.8938,35.4339],[-117.8937,35.4338],[-117.8936,35.4338],[-117.8935,35.4338],[-117.8934,35.4338],[-117.8933,35.4339],[-117.8932,35.434],[-117.8931,35.434],[-117.893,35.434],[-117.8929,35.434],[-117.8928,35.434],[-117.8926,35.434],[-117.8925,35.434],[-117.8924,35.434],[-117.8923,35.434],[-117.8922,35.434],[-117.8921,35.4339],[-117.892,35.4339],[-117.8919,35.4339],[-117.8917,35.4339],[-117.8916,35.4339],[-117.8915,35.4339],[-117.8914,35.4339],[-117.8913,35.4339],[-117.8912,35.4339],[-117.8911,35.4339],[-117.891,35.4339],[-117.8909,35.4339]]}},{"type":"Feature","properties":{"id":null,"name":null,"kind":"road","access":"green","seasonal":false},"geometry":{"type":"LineString","coordinates":[[-117.8516,35.429],[-117.8517,35.4291],[-117.8517,35.4292],[-117.8518,35.4292],[-117.8519,35.4293],[-117.852,35.4293],[-117.852,35.4294],[-117.8521,35.4294],[-117.8522,35.4295],[-117.8523,35.4296],[-117.8523,35.4297],[-117.8523,35.4298],[-117.8522,35.4299],[-117.8522,35.43],[-117.8522,35.4301],[-117.8522,35.4302],[-117.8522,35.4303],[-117.8522,35.4304],[-117.8523,35.4304],[-117.8523,35.4305],[-117.8524,35.4305],[-117.8524,35.4306],[-117.8525,35.4306],[-117.8525,35.4307],[-117.8526,35.4307],[-117.8526,35.4308],[-117.8527,35.4308],[-117.8527,35.4309],[-117.8527,35.431],[-117.8527,35.4311],[-117.8528,35.4311],[-117.8528,35.4312],[-117.8528,35.4313],[-117.8529,35.4313],[-117.8529,35.4314],[-117.8529,35.4315],[-117.853,35.4316],[-117.853,35.4317],[-117.853,35.4318],[-117.8531,35.4318],[-117.8531,35.4319],[-117.8532,35.4319],[-117.8532,35.432],[-117.8533,35.432],[-117.8533,35.4321],[-117.8533,35.4322],[-117.8533,35.4323],[-117.8534,35.4323],[-117.8534,35.4324],[-117.8535,35.4325],[-117.8535,35.4326],[-117.8536,35.4326],[-117.8536,35.4327],[-117.8537,35.4328],[-117.8537,35.4329],[-117.8537,35.433],[-117.8537,35.4331]]}},{"type":"Feature","properties":{"id":"Iron-Canyon","name":"Iron-Canyon","kind":"road","access":"green","seasonal":false},"geometry":{"type":"LineString","coordinates":[[-117.6793,35.4302],[-117.6794,35.4303],[-117.6795,35.4304],[-117.6796,35.4305],[-117.6797,35.4306],[-117.6798,35.4307],[-117.6798,35.4308],[-117.6799,35.4308],[-117.6799,35.4309],[-117.68,35.4309],[-117.6801,35.431],[-117.6801,35.4311],[-117.6802,35.4312],[-117.6802,35.4313],[-117.6803,35.4314],[-117.6803,35.4315],[-117.6803,35.4316],[-117.6803,35.4317],[-117.6803,35.4318],[-117.6803,35.4319],[-117.6804,35.432],[-117.6804,35.4321],[-117.6804,35.4322],[-117.6805,35.4323],[-117.6805,35.4324],[-117.6806,35.4325],[-117.6806,35.4326],[-117.6807,35.4327],[-117.6807,35.4328],[-117.6808,35.4329],[-117.6808,35.433],[-117.6809,35.433],[-117.6809,35.4331],[-117.681,35.4332],[-117.6811,35.4333],[-117.6812,35.4334],[-117.6812,35.4335],[-117.6813,35.4336],[-117.6813,35.4337],[-117.6814,35.4338],[-117.6814,35.4339],[-117.6814,35.434],[-117.6815,35.4341],[-117.6815,35.4342],[-117.6815,35.4343],[-117.6815,35.4344],[-117.6816,35.4344],[-117.6816,35.4345],[-117.6816,35.4346],[-117.6816,35.4347],[-117.6816,35.4348],[-117.6817,35.4349],[-117.6817,35.435],[-117.6817,35.4351],[-117.6817,35.4352],[-117.6817,35.4353],[-117.6817,35.4354],[-117.6817,35.4355],[-117.6817,35.4356],[-117.6817,35.4357],[-117.6817,35.4358],[-117.6817,35.4359],[-117.6817,35.436],[-117.6818,35.436],[-117.6818,35.4361],[-117.6818,35.4362],[-117.6818,35.4363],[-117.6818,35.4364],[-117.6817,35.4364],[-117.6817,35.4365],[-117.6816,35.4365],[-117.6816,35.4366],[-117.6815,35.4366],[-117.6814,35.4367],[-117.6813,35.4368],[-117.6812,35.4368],[-117.6811,35.4369],[-117.681,35.4369],[-117.6809,35.4369],[-117.6808,35.4369],[-117.6807,35.437],[-117.6806,35.437],[-117.6805,35.437],[-117.6804,35.4371],[-117.6803,35.4371],[-117.6802,35.4372],[-117.6801,35.4372],[-117.68,35.4373],[-117.68,35.4374],[-117.6799,35.4374],[-117.6799,35.4375],[-117.6799,35.4376],[-117.6799,35.4377],[-117.6799,35.4378],[-117.6799,35.4379],[-117.6799,35.438],[-117.6799,35.4381],[-117.68,35.4382],[-117.68,35.4383],[-117.68,35.4384],[-117.68,35.4385],[-117.68,35.4386],[-117.68,35.4387],[-117.68,35.4388],[-117.68,35.4389],[-117.68,35.439],[-117.6799,35.4391],[-117.6799,35.4392],[-117.6798,35.4393],[-117.6798,35.4395],[-117.6797,35.4396],[-117.6796,35.4397],[-117.6795,35.4398],[-117.6794,35.4399],[-117.6793,35.44],[-117.6792,35.4401],[-117.6791,35.4402],[-117.679,35.4403],[-117.6789,35.4404],[-117.6788,35.4404],[-117.6788,35.4405],[-117.6787,35.4406],[-117.6786,35.4407],[-117.6785,35.4408],[-117.6785,35.4409],[-117.6784,35.4409],[-117.6784,35.441],[-117.6783,35.4411],[-117.6782,35.4412],[-117.6782,35.4413],[-117.6781,35.4414],[-117.6781,35.4415],[-117.6781,35.4416],[-117.6781,35.4417],[-117.678,35.4418],[-117.678,35.4419],[-117.678,35.442],[-117.6779,35.4421],[-117.6779,35.4422],[-117.6779,35.4423],[-117.6778,35.4423],[-117.6777,35.4424],[-117.6777,35.4425],[-117.6776,35.4426],[-117.6775,35.4427],[-117.6774,35.4428],[-117.6773,35.4429],[-117.6772,35.443],[-117.6771,35.4431],[-117.677,35.4431],[-117.677,35.4432],[-117.6769,35.4433],[-117.6768,35.4433],[-117.6767,35.4434],[-117.6767,35.4435],[-117.6766,35.4435],[-117.6766,35.4436],[-117.6765,35.4437],[-117.6765,35.4438],[-117.6765,35.4439],[-117.6766,35.444],[-117.6766,35.4441],[-117.6767,35.4442],[-117.6767,35.4443],[-117.6768,35.4443],[-117.6768,35.4444],[-117.6769,35.4444],[-117.6769,35.4445],[-117.677,35.4446],[-117.6771,35.4447],[-117.6772,35.4447],[-117.6772,35.4448],[-117.6773,35.4448],[-117.6774,35.4448],[-117.6775,35.4449],[-117.6776,35.4449],[-117.6777,35.4449],[-117.6778,35.4449],[-117.6779,35.4449],[-117.678,35.4449],[-117.6781,35.4449],[-117.6781,35.4448],[-117.6782,35.4448],[-117.6783,35.4448],[-117.6784,35.4448],[-117.6785,35.4448],[-117.6785,35.4447],[-117.6786,35.4447],[-117.6787,35.4447],[-117.6788,35.4447],[-117.6789,35.4447],[-117.679,35.4447],[-117.6791,35.4447],[-117.6792,35.4447],[-117.6793,35.4447],[-117.6794,35.4447],[-117.6795,35.4447],[-117.6797,35.4448],[-117.6798,35.4449],[-117.6799,35.4449],[-117.6799,35.445],[-117.68,35.4451],[-117.6801,35.4452],[-117.6801,35.4453],[-117.6802,35.4453],[-117.6802,35.4454],[-117.6803,35.4455],[-117.6803,35.4456],[-117.6804,35.4457],[-117.6805,35.4458],[-117.6806,35.4459],[-117.6806,35.446],[-117.6807,35.446],[-117.6808,35.4461],[-117.6809,35.4462],[-117.681,35.4463],[-117.6811,35.4464],[-117.6812,35.4465],[-117.6812,35.4466],[-117.6813,35.4467],[-117.6814,35.4468],[-117.6814,35.4469],[-117.6814,35.447],[-117.6815,35.4471],[-117.6815,35.4472],[-117.6816,35.4474],[-117.6816,35.4475],[-117.6816,35.4476],[-117.6817,35.4477],[-117.6817,35.4478],[-117.6817,35.4479],[-117.6817,35.448],[-117.6817,35.4481],[-117.6817,35.4482],[-117.6816,35.4483],[-117.6816,35.4484],[-117.6816,35.4485],[-117.6816,35.4486],[-117.6816,35.4487],[-117.6816,35.4488],[-117.6817,35.4489],[-117.6817,35.449],[-117.6817,35.4491],[-117.6818,35.4492],[-117.6818,35.4493],[-117.6819,35.4493],[-117.6819,35.4494],[-117.682,35.4495],[-117.682,35.4496],[-117.6821,35.4497],[-117.6821,35.4498],[-117.6822,35.4499],[-117.6823,35.45],[-117.6823,35.4501],[-117.6824,35.4502],[-117.6825,35.4503],[-117.6825,35.4504],[-117.6826,35.4506],[-117.6827,35.4507],[-117.6828,35.4508],[-117.6828,35.4509],[-117.6829,35.451],[-117.683,35.4511],[-117.683,35.4512],[-117.6831,35.4512],[-117.6831,35.4513],[-117.6832,35.4513],[-117.6832,35.4514],[-117.6833,35.4515],[-117.6834,35.4515],[-117.6835,35.4516],[-117.6836,35.4517],[-117.6837,35.4518],[-117.6839,35.4518],[-117.684,35.4519],[-117.6841,35.452],[-117.6842,35.4521],[-117.6842,35.4522],[-117.6843,35.4523],[-117.6844,35.4524],[-117.6844,35.4525],[-117.6845,35.4526],[-117.6845,35.4527],[-117.6846,35.4527],[-117.6846,35.4528],[-117.6847,35.4529],[-117.6847,35.453],[-117.6848,35.453],[-117.6848,35.4531],[-117.6849,35.4532],[-117.685,35.4533],[-117.685,35.4534],[-117.6851,35.4535],[-117.6851,35.4536],[-117.6852,35.4537],[-117.6852,35.4538],[-117.6852,35.4539],[-117.6852,35.454],[-117.6853,35.4541],[-117.6853,35.4542],[-117.6853,35.4543],[-117.6854,35.4544],[-117.6855,35.4545],[-117.6856,35.4546],[-117.6857,35.4547],[-117.6858,35.4547],[-117.6859,35.4548],[-117.686,35.4549],[-117.6861,35.455],[-117.6862,35.4551],[-117.6863,35.4552],[-117.6864,35.4554],[-117.6865,35.4555],[-117.6865,35.4556],[-117.6866,35.4557],[-117.6867,35.4558],[-117.6868,35.4559],[-117.6869,35.456],[-117.6869,35.4561],[-117.687,35.4562],[-117.6871,35.4563],[-117.6871,35.4564],[-117.6872,35.4566],[-117.6872,35.4567],[-117.6873,35.4568],[-117.6874,35.4569],[-117.6874,35.457],[-117.6875,35.4571],[-117.6876,35.4572],[-117.6877,35.4573],[-117.6877,35.4574],[-117.6878,35.4575],[-117.6879,35.4577],[-117.688,35.4578],[-117.6881,35.4578],[-117.6882,35.4579],[-117.6883,35.4579],[-117.6883,35.458]]}},{"type":"Feature","properties":{"id":null,"name":null,"kind":"road","access":"green","seasonal":false},"geometry":{"type":"LineString","coordinates":[[-117.7584,35.4801],[-117.7585,35.4801],[-117.7586,35.4801],[-117.7587,35.4801],[-117.7588,35.4801],[-117.7589,35.4802],[-117.759,35.4802],[-117.7591,35.4802],[-117.7592,35.4802],[-117.7593,35.4802],[-117.7595,35.4803],[-117.7596,35.4803]]}},{"type":"Feature","properties":{"id":null,"name":null,"kind":"road","access":"green","seasonal":false},"geometry":{"type":"LineString","coordinates":[[-117.7346,35.4883],[-117.7346,35.4884],[-117.7345,35.4884],[-117.7344,35.4884],[-117.7343,35.4885],[-117.7342,35.4885],[-117.7341,35.4885],[-117.734,35.4886],[-117.7339,35.4886],[-117.7338,35.4886],[-117.7337,35.4885],[-117.7336,35.4885],[-117.7334,35.4885],[-117.7333,35.4884],[-117.7332,35.4884],[-117.7331,35.4884],[-117.733,35.4885],[-117.7329,35.4885],[-117.7328,35.4885],[-117.7327,35.4886],[-117.7326,35.4886],[-117.7325,35.4886],[-117.7324,35.4886],[-117.7323,35.4886],[-117.7323,35.4887],[-117.7321,35.4887],[-117.732,35.4888],[-117.7318,35.4888],[-117.7317,35.4888],[-117.7315,35.4887],[-117.7314,35.4887],[-117.7313,35.4887],[-117.7312,35.4887],[-117.7311,35.4886],[-117.731,35.4886],[-117.7309,35.4886],[-117.7308,35.4886],[-117.7307,35.4885],[-117.7306,35.4885],[-117.7305,35.4886],[-117.7304,35.4886],[-117.7303,35.4886],[-117.7302,35.4886],[-117.7301,35.4886],[-117.7301,35.4887],[-117.73,35.4887],[-117.7299,35.4887],[-117.7298,35.4887],[-117.7297,35.4887],[-117.7296,35.4887],[-117.7295,35.4887],[-117.7294,35.4887],[-117.7293,35.4886],[-117.7292,35.4886],[-117.7291,35.4886],[-117.729,35.4886],[-117.7289,35.4886],[-117.7288,35.4886],[-117.7287,35.4885],[-117.7286,35.4885],[-117.7285,35.4884],[-117.7284,35.4884],[-117.7283,35.4884],[-117.7282,35.4883],[-117.7281,35.4883],[-117.728,35.4882],[-117.7279,35.4882],[-117.7278,35.4881],[-117.7277,35.4881],[-117.7276,35.4881],[-117.7275,35.488],[-117.7274,35.488],[-117.7273,35.488],[-117.7272,35.488],[-117.7271,35.4879],[-117.727,35.4879],[-117.7269,35.4879],[-117.7268,35.4878],[-117.7267,35.4878],[-117.7266,35.4878],[-117.7265,35.4878],[-117.7264,35.4878],[-117.7263,35.4877],[-117.726,35.4876],[-117.7259,35.4876],[-117.7258,35.4876],[-117.7256,35.4875],[-117.7255,35.4875],[-117.7253,35.4874],[-117.7252,35.4874],[-117.7251,35.4874],[-117.725,35.4873],[-117.7249,35.4873],[-117.7248,35.4873],[-117.7248,35.4872],[-117.7247,35.4872],[-117.7246,35.4872],[-117.7245,35.4872],[-117.7244,35.4871],[-117.7243,35.4871],[-117.7242,35.4871],[-117.7241,35.487],[-117.724,35.487],[-117.7239,35.4869],[-117.7238,35.4869],[-117.7237,35.4868],[-117.7236,35.4867],[-117.7235,35.4866],[-117.7234,35.4866],[-117.7233,35.4866],[-117.7232,35.4865],[-117.7231,35.4865],[-117.723,35.4865],[-117.7229,35.4865],[-117.7228,35.4865],[-117.7227,35.4865],[-117.7226,35.4865],[-117.7225,35.4865],[-117.7224,35.4865],[-117.7223,35.4864],[-117.7222,35.4864],[-117.7221,35.4864],[-117.722,35.4863],[-117.7219,35.4863],[-117.7218,35.4862],[-117.7217,35.4862],[-117.7217,35.4861],[-117.7216,35.4861],[-117.7215,35.4861],[-117.7214,35.4861],[-117.7213,35.4861],[-117.7213,35.486],[-117.7212,35.486],[-117.7211,35.486],[-117.721,35.486],[-117.7209,35.4859],[-117.7208,35.4859],[-117.7207,35.4859],[-117.7206,35.4858],[-117.7205,35.4858],[-117.7204,35.4858],[-117.7204,35.4857],[-117.7203,35.4856],[-117.7203,35.4855],[-117.7202,35.4855],[-117.7202,35.4854],[-117.7201,35.4853],[-117.72,35.4853],[-117.7199,35.4852],[-117.7198,35.4852],[-117.7197,35.4852],[-117.7197,35.4851],[-117.7196,35.4851],[-117.7196,35.485],[-117.7195,35.485],[-117.7195,35.4849],[-117.7194,35.4849],[-117.7194,35.4848],[-117.7193,35.4848]]}},{"type":"Feature","properties":{"id":null,"name":null,"kind":"road","access":"green","seasonal":false},"geometry":{"type":"LineString","coordinates":[[-117.8208,35.4786],[-117.8209,35.4786],[-117.821,35.4785],[-117.8211,35.4784],[-117.8212,35.4784],[-117.8212,35.4783],[-117.8213,35.4783],[-117.8213,35.4782],[-117.8214,35.4782],[-117.8215,35.4782],[-117.8216,35.4782],[-117.8218,35.4782],[-117.8219,35.4782],[-117.822,35.4782],[-117.8221,35.4781],[-117.8222,35.4781],[-117.8223,35.478],[-117.8224,35.478],[-117.8225,35.478],[-117.8225,35.4779],[-117.8226,35.4779],[-117.8227,35.4778],[-117.8228,35.4777],[-117.8228,35.4776],[-117.8229,35.4775],[-117.823,35.4775],[-117.823,35.4774],[-117.8231,35.4774],[-117.8232,35.4774],[-117.8233,35.4774],[-117.8233,35.4773],[-117.8234,35.4772],[-117.8235,35.4772],[-117.8236,35.4771],[-117.8237,35.4771],[-117.8238,35.4771],[-117.8238,35.477],[-117.8239,35.477],[-117.824,35.477],[-117.8241,35.4769],[-117.8242,35.4769],[-117.8243,35.4768],[-117.8244,35.4768],[-117.8245,35.4768],[-117.8247,35.4767],[-117.8248,35.4767],[-117.8249,35.4767],[-117.825,35.4767],[-117.8251,35.4767],[-117.8252,35.4767],[-117.8252,35.4766],[-117.8253,35.4766],[-117.8254,35.4766],[-117.8255,35.4766],[-117.8256,35.4766],[-117.8257,35.4766],[-117.8258,35.4766],[-117.8258,35.4765],[-117.8259,35.4765],[-117.826,35.4765],[-117.826,35.4764],[-117.8261,35.4763],[-117.8262,35.4762],[-117.8263,35.4762],[-117.8264,35.4762],[-117.8264,35.4761],[-117.8263,35.476],[-117.8263,35.4759],[-117.8262,35.4759],[-117.8262,35.4758],[-117.8261,35.4758],[-117.826,35.4758],[-117.8259,35.4758],[-117.8258,35.4757],[-117.8257,35.4757],[-117.8256,35.4757],[-117.8255,35.4757],[-117.8254,35.4756],[-117.8253,35.4756],[-117.8252,35.4756],[-117.8251,35.4756],[-117.825,35.4756],[-117.8249,35.4756],[-117.8248,35.4756],[-117.8248,35.4755],[-117.8247,35.4755],[-117.8247,35.4754],[-117.8246,35.4754],[-117.8245,35.4753],[-117.8244,35.4753],[-117.8243,35.4752],[-117.8242,35.4752],[-117.8241,35.4751],[-117.824,35.4751],[-117.8238,35.475],[-117.8237,35.4749],[-117.8236,35.4748],[-117.8235,35.4747],[-117.8234,35.4746],[-117.8234,35.4745],[-117.8234,35.4744],[-117.8233,35.4744],[-117.8233,35.4743],[-117.8233,35.4742],[-117.8233,35.4741],[-117.8233,35.474],[-117.8232,35.4739],[-117.8232,35.4738],[-117.8232,35.4737],[-117.8232,35.4736],[-117.8232,35.4735],[-117.8233,35.4734],[-117.8233,35.4733],[-117.8234,35.4733],[-117.8235,35.4733],[-117.8235,35.4732],[-117.8236,35.4732],[-117.8237,35.4732],[-117.8237,35.4731],[-117.8238,35.4731],[-117.8238,35.473],[-117.8239,35.4729],[-117.8239,35.4728],[-117.8239,35.4727],[-117.8239,35.4726],[-117.8238,35.4726],[-117.8238,35.4725],[-117.8238,35.4724],[-117.8238,35.4723],[-117.8239,35.4722],[-117.824,35.4722],[-117.824,35.4721],[-117.8241,35.4721],[-117.8242,35.4721],[-117.8242,35.472],[-117.8243,35.472],[-117.8244,35.472],[-117.8244,35.4719],[-117.8245,35.4719],[-117.8246,35.4719],[-117.8246,35.4718],[-117.8247,35.4718],[-117.8248,35.4718],[-117.8249,35.4718],[-117.825,35.4718],[-117.8251,35.4717],[-117.8252,35.4717],[-117.8253,35.4717],[-117.8254,35.4716],[-117.8255,35.4715],[-117.8256,35.4714],[-117.8257,35.4713],[-117.8257,35.4712],[-117.8257,35.4711],[-117.8256,35.4711],[-117.8255,35.471],[-117.8254,35.471],[-117.8253,35.471],[-117.8252,35.4709],[-117.8251,35.4709],[-117.825,35.4709],[-117.8249,35.4708],[-117.8249,35.4707],[-117.8248,35.4707],[-117.8248,35.4706],[-117.8247,35.4706],[-117.8247,35.4705],[-117.8246,35.4705],[-117.8246,35.4704],[-117.8245,35.4703],[-117.8244,35.4702],[-117.8243,35.4702],[-117.8242,35.4702],[-117.8242,35.4701],[-117.8241,35.4701],[-117.824,35.4701],[-117.824,35.47],[-117.8239,35.47],[-117.8239,35.4699],[-117.8238,35.4698],[-117.8238,35.4697],[-117.8238,35.4696],[-117.8237,35.4695],[-117.8237,35.4694],[-117.8236,35.4693],[-117.8236,35.4692],[-117.8235,35.4692],[-117.8234,35.4691],[-117.8234,35.469],[-117.8233,35.469],[-117.8232,35.469],[-117.8232,35.4689],[-117.8231,35.4689],[-117.823,35.4688],[-117.823,35.4687],[-117.823,35.4686],[-117.8231,35.4686],[-117.8231,35.4685],[-117.8231,35.4684],[-117.8232,35.4684],[-117.8233,35.4684],[-117.8234,35.4684],[-117.8235,35.4683],[-117.8236,35.4683],[-117.8237,35.4683],[-117.8238,35.4683],[-117.8239,35.4683],[-117.824,35.4683],[-117.8241,35.4682],[-117.8242,35.4682],[-117.8242,35.4681],[-117.8241,35.468],[-117.8241,35.4679],[-117.8241,35.4678],[-117.8241,35.4677],[-117.824,35.4676],[-117.824,35.4675],[-117.824,35.4674],[-117.824,35.4673],[-117.824,35.4672],[-117.824,35.4671],[-117.824,35.467],[-117.824,35.4669],[-117.8241,35.4668],[-117.8242,35.4667],[-117.8242,35.4666],[-117.8243,35.4666],[-117.8243,35.4665],[-117.8243,35.4664],[-117.8244,35.4664],[-117.8244,35.4663],[-117.8244,35.4662],[-117.8244,35.4661],[-117.8245,35.4661],[-117.8246,35.4661],[-117.8247,35.4661],[-117.8248,35.4661],[-117.8249,35.4661],[-117.825,35.4661],[-117.8251,35.4661],[-117.8252,35.4661],[-117.8253,35.4661],[-117.8253,35.466],[-117.8254,35.466],[-117.8254,35.4659],[-117.8255,35.4659],[-117.8255,35.4658],[-117.8256,35.4658],[-117.8256,35.4657],[-117.8257,35.4657],[-117.8257,35.4656],[-117.8257,35.4655],[-117.8258,35.4655],[-117.8258,35.4654],[-117.8257,35.4653]]}},{"type":"Feature","properties":{"id":null,"name":null,"kind":"road","access":"green","seasonal":false},"geometry":{"type":"LineString","coordinates":[[-117.7869,35.4663],[-117.7869,35.4662],[-117.787,35.4661],[-117.7871,35.4661],[-117.7871,35.466],[-117.7872,35.466],[-117.7873,35.466],[-117.7874,35.466],[-117.7874,35.4659],[-117.7875,35.4659],[-117.7876,35.4659],[-117.7877,35.4659],[-117.7878,35.4659],[-117.7878,35.4658],[-117.7879,35.4658],[-117.788,35.4658],[-117.788,35.4659],[-117.7881,35.4659],[-117.7882,35.4659],[-117.7882,35.4658],[-117.7883,35.4658],[-117.7883,35.4657],[-117.7884,35.4657],[-117.7884,35.4656],[-117.7885,35.4656],[-117.7885,35.4655],[-117.7884,35.4655],[-117.7884,35.4654],[-117.7883,35.4654],[-117.7882,35.4654],[-117.7882,35.4655],[-117.7881,35.4655],[-117.788,35.4655],[-117.7879,35.4655],[-117.7879,35.4654],[-117.7878,35.4654],[-117.7878,35.4653],[-117.7878,35.4652],[-117.7877,35.4652],[-117.7876,35.4652],[-117.7875,35.4652],[-117.7874,35.4652],[-117.7873,35.4652],[-117.7873,35.4653],[-117.7872,35.4653],[-117.7871,35.4653],[-117.787,35.4653],[-117.787,35.4652],[-117.7869,35.4652],[-117.7868,35.4652],[-117.7867,35.4652],[-117.7866,35.4652],[-117.7866,35.4651],[-117.7865,35.4651],[-117.7865,35.465],[-117.7866,35.465],[-117.7867,35.465],[-117.7867,35.4649],[-117.7867,35.4648],[-117.7867,35.4647],[-117.7867,35.4646],[-117.7867,35.4645],[-117.7868,35.4645],[-117.7869,35.4644],[-117.7869,35.4643],[-117.787,35.4643],[-117.787,35.4642],[-117.787,35.4641],[-117.787,35.464],[-117.7869,35.464],[-117.7869,35.4639],[-117.7869,35.4638],[-117.7868,35.4638],[-117.7868,35.4637]]}},{"type":"Feature","properties":{"id":null,"name":null,"kind":"road","access":"green","seasonal":false},"geometry":{"type":"LineString","coordinates":[[-117.7613,35.4441],[-117.7613,35.4442],[-117.7612,35.4442],[-117.7612,35.4443],[-117.7612,35.4444],[-117.7611,35.4444],[-117.7611,35.4445],[-117.7611,35.4446],[-117.761,35.4446],[-117.761,35.4447],[-117.761,35.4448],[-117.7609,35.4448],[-117.7609,35.4449],[-117.7608,35.4449],[-117.7608,35.445],[-117.7607,35.445],[-117.7607,35.4451],[-117.7606,35.4451],[-117.7605,35.4451],[-117.7605,35.4452],[-117.7604,35.4452],[-117.7603,35.4452],[-117.7602,35.4452],[-117.7601,35.4453],[-117.76,35.4453],[-117.7599,35.4453],[-117.7598,35.4453],[-117.7598,35.4454],[-117.7597,35.4454],[-117.7596,35.4454],[-117.7595,35.4454],[-117.7595,35.4455],[-117.7594,35.4455]]}},{"type":"Feature","properties":{"id":null,"name":null,"kind":"road","access":"green","seasonal":false},"geometry":{"type":"LineString","coordinates":[[-117.7094,35.4352],[-117.7094,35.4351],[-117.7093,35.4351],[-117.7092,35.435],[-117.7091,35.435],[-117.7089,35.435],[-117.7087,35.435],[-117.7086,35.435],[-117.7085,35.435],[-117.7084,35.4351],[-117.7083,35.4351],[-117.7082,35.4351],[-117.7081,35.4351],[-117.7081,35.4352],[-117.708,35.4352],[-117.7079,35.4352],[-117.7078,35.4352],[-117.7077,35.4352],[-117.7076,35.4353],[-117.7075,35.4353],[-117.7074,35.4353],[-117.7073,35.4354],[-117.7072,35.4354],[-117.7071,35.4354],[-117.707,35.4354],[-117.707,35.4355],[-117.7069,35.4355],[-117.7068,35.4355],[-117.7067,35.4355],[-117.7067,35.4356],[-117.7066,35.4356],[-117.7065,35.4356],[-117.7064,35.4356],[-117.7063,35.4356],[-117.7062,35.4357],[-117.7061,35.4357],[-117.706,35.4357],[-117.7059,35.4357],[-117.7058,35.4358],[-117.7057,35.4358],[-117.7056,35.4358],[-117.7055,35.4358],[-117.7054,35.4358],[-117.7053,35.4358],[-117.7052,35.4358],[-117.7051,35.4358],[-117.705,35.4358],[-117.705,35.4359],[-117.7049,35.4359],[-117.7048,35.4359],[-117.7047,35.4359],[-117.7046,35.436],[-117.7045,35.436],[-117.7044,35.436],[-117.7043,35.4361],[-117.7042,35.4361],[-117.7041,35.4361],[-117.704,35.4361],[-117.704,35.4362],[-117.7039,35.4362],[-117.7038,35.4362],[-117.7037,35.4362],[-117.7036,35.4363],[-117.7035,35.4363],[-117.7034,35.4363],[-117.7033,35.4363],[-117.7032,35.4363],[-117.7031,35.4363],[-117.703,35.4363],[-117.7029,35.4364],[-117.7028,35.4364],[-117.7027,35.4364],[-117.7026,35.4364],[-117.7025,35.4364],[-117.7024,35.4364],[-117.7023,35.4364],[-117.7022,35.4364],[-117.7022,35.4365],[-117.7021,35.4365],[-117.702,35.4365],[-117.7019,35.4365],[-117.7018,35.4366],[-117.7017,35.4366],[-117.7016,35.4366],[-117.7015,35.4366],[-117.7014,35.4366],[-117.7014,35.4367],[-117.7013,35.4367],[-117.7012,35.4368],[-117.7011,35.4368],[-117.7011,35.4369],[-117.701,35.4369],[-117.701,35.437],[-117.7009,35.437],[-117.7008,35.4371],[-117.7007,35.4371],[-117.7007,35.4372],[-117.7006,35.4372],[-117.7005,35.4372],[-117.7005,35.4373],[-117.7004,35.4373],[-117.7003,35.4373],[-117.7003,35.4374],[-117.7002,35.4374],[-117.7001,35.4375],[-117.7,35.4375],[-117.6999,35.4375],[-117.6999,35.4376],[-117.6998,35.4376],[-117.6997,35.4376],[-117.6997,35.4377],[-117.6996,35.4377],[-117.6995,35.4378],[-117.6994,35.4378],[-117.6993,35.4378],[-117.6993,35.4379],[-117.6992,35.4379],[-117.6991,35.438],[-117.699,35.438],[-117.6989,35.438],[-117.6989,35.4381],[-117.6988,35.4381],[-117.6988,35.4382],[-117.6987,35.4382],[-117.6986,35.4382],[-117.6986,35.4383],[-117.6985,35.4383],[-117.6984,35.4383],[-117.6983,35.4383],[-117.6983,35.4384],[-117.6982,35.4384],[-117.6981,35.4384],[-117.698,35.4385],[-117.6979,35.4385],[-117.6978,35.4385],[-117.6978,35.4386],[-117.6977,35.4386],[-117.6976,35.4386],[-117.6975,35.4386],[-117.6974,35.4387],[-117.6973,35.4387],[-117.6972,35.4387],[-117.6972,35.4388],[-117.6971,35.4388],[-117.697,35.4388],[-117.6969,35.4389],[-117.6968,35.4389],[-117.6968,35.439],[-117.6967,35.439],[-117.6966,35.4391],[-117.6965,35.4391],[-117.6964,35.4391],[-117.6964,35.4392],[-117.6963,35.4392],[-117.6962,35.4392],[-117.6962,35.4393],[-117.6961,35.4393],[-117.696,35.4393],[-117.696,35.4394],[-117.6959,35.4394],[-117.6959,35.4395],[-117.6958,35.4395],[-117.6958,35.4396],[-117.6957,35.4396],[-117.6957,35.4397],[-117.6956,35.4397],[-117.6955,35.4397],[-117.6954,35.4397],[-117.6953,35.4397],[-117.6952,35.4397],[-117.6951,35.4397],[-117.695,35.4397],[-117.6949,35.4397],[-117.6948,35.4397],[-117.6947,35.4397],[-117.6946,35.4397],[-117.6945,35.4397],[-117.6944,35.4397],[-117.6943,35.4397],[-117.6942,35.4398],[-117.6941,35.4398],[-117.694,35.4398],[-117.694,35.4399],[-117.6939,35.4399],[-117.6938,35.4399],[-117.6937,35.4399],[-117.6936,35.4399],[-117.6936,35.44],[-117.6935,35.44],[-117.6934,35.44],[-117.6933,35.44],[-117.6932,35.44],[-117.6932,35.4401],[-117.6931,35.4401],[-117.693,35.4401],[-117.693,35.4402],[-117.6929,35.4402],[-117.6928,35.4403],[-117.6927,35.4403],[-117.6926,35.4404],[-117.6925,35.4404],[-117.6924,35.4405],[-117.6923,35.4405],[-117.6922,35.4405],[-117.6922,35.4406],[-117.6921,35.4406],[-117.692,35.4406],[-117.6919,35.4406],[-117.6918,35.4406],[-117.6917,35.4406],[-117.6916,35.4406],[-117.6915,35.4406],[-117.6914,35.4405],[-117.6914,35.4406],[-117.6913,35.4406],[-117.6912,35.4406],[-117.6912,35.4407],[-117.6911,35.4407],[-117.691,35.4408],[-117.6909,35.4408],[-117.6908,35.4408],[-117.6908,35.4409],[-117.6907,35.4409],[-117.6906,35.4409],[-117.6905,35.4409],[-117.6904,35.4409],[-117.6903,35.4409],[-117.6902,35.4409],[-117.6901,35.4409],[-117.69,35.4409],[-117.6899,35.4409],[-117.6898,35.4409],[-117.6897,35.4409],[-117.6896,35.4409],[-117.6895,35.4409],[-117.6894,35.4409],[-117.6893,35.4409],[-117.6892,35.4409],[-117.6891,35.4409],[-117.689,35.4409],[-117.689,35.441],[-117.6889,35.441],[-117.6888,35.441],[-117.6887,35.441],[-117.6886,35.441],[-117.6885,35.441],[-117.6884,35.441],[-117.6883,35.441],[-117.6882,35.441],[-117.6881,35.441],[-117.6881,35.4411],[-117.688,35.4411],[-117.6879,35.4411],[-117.6878,35.4411],[-117.6877,35.4411],[-117.6876,35.4411],[-117.6875,35.4411],[-117.6874,35.4412],[-117.6873,35.4412],[-117.6872,35.4412],[-117.6871,35.4412],[-117.687,35.4412],[-117.6869,35.4412],[-117.6869,35.4413],[-117.6868,35.4413],[-117.6867,35.4413],[-117.6866,35.4413],[-117.6865,35.4414],[-117.6864,35.4414],[-117.6863,35.4414],[-117.6862,35.4414],[-117.6861,35.4414],[-117.686,35.4414],[-117.6859,35.4414],[-117.6858,35.4414],[-117.6857,35.4414],[-117.6856,35.4414],[-117.6855,35.4414],[-117.6855,35.4415],[-117.6854,35.4415],[-117.6853,35.4415],[-117.6852,35.4415],[-117.6851,35.4415],[-117.685,35.4415],[-117.685,35.4416],[-117.6849,35.4416],[-117.6848,35.4416],[-117.6847,35.4416],[-117.6846,35.4416],[-117.6845,35.4417],[-117.6844,35.4417],[-117.6843,35.4417],[-117.6843,35.4418],[-117.6842,35.4418],[-117.6842,35.4419],[-117.6841,35.4419],[-117.684,35.442],[-117.6839,35.442],[-117.6838,35.4421],[-117.6837,35.4421],[-117.6836,35.4421],[-117.6836,35.4422],[-117.6835,35.4423],[-117.6835,35.4424],[-117.6834,35.4424],[-117.6834,35.4425],[-117.6833,35.4425],[-117.6833,35.4426],[-117.6832,35.4426],[-117.6831,35.4427],[-117.683,35.4428],[-117.683,35.4429],[-117.683,35.443],[-117.6829,35.4431],[-117.6829,35.4432],[-117.6829,35.4433],[-117.6828,35.4433],[-117.6828,35.4434],[-117.6828,35.4435],[-117.6829,35.4435],[-117.6828,35.4435],[-117.6828,35.4436],[-117.6827,35.4437],[-117.6826,35.4437],[-117.6825,35.4438],[-117.6824,35.4438],[-117.6824,35.4439],[-117.6823,35.4439],[-117.6822,35.444],[-117.6821,35.444],[-117.682,35.444],[-117.6819,35.444],[-117.6818,35.444],[-117.6817,35.444],[-117.6816,35.444],[-117.6815,35.444],[-117.6815,35.4441],[-117.6814,35.4441],[-117.6813,35.4441],[-117.6812,35.4441],[-117.6811,35.4442],[-117.681,35.4442],[-117.6809,35.4442],[-117.6809,35.4443],[-117.6808,35.4443],[-117.6807,35.4444],[-117.6806,35.4444],[-117.6805,35.4444],[-117.6804,35.4444],[-117.6804,35.4445],[-117.6803,35.4445],[-117.6802,35.4446],[-117.6801,35.4447],[-117.68,35.4447],[-117.6799,35.4447],[-117.6798,35.4448],[-117.6797,35.4448],[-117.6795,35.4447]]}},{"type":"Feature","properties":{"id":null,"name":null,"kind":"road","access":"green","seasonal":false},"geometry":{"type":"LineString","coordinates":[[-117.6686,35.4675],[-117.6692,35.4677],[-117.6696,35.4679],[-117.6701,35.4683],[-117.6731,35.4691],[-117.6733,35.4692],[-117.6738,35.4694]]}},{"type":"Feature","properties":{"id":null,"name":null,"kind":"road","access":"green","seasonal":false},"geometry":{"type":"LineString","coordinates":[[-117.707,35.4987],[-117.7071,35.4987],[-117.7072,35.4987],[-117.7073,35.4986],[-117.7073,35.4985],[-117.7074,35.4984],[-117.7075,35.4983],[-117.7076,35.4983],[-117.7076,35.4982],[-117.7077,35.4982],[-117.7078,35.4982],[-117.7079,35.4981],[-117.708,35.4981],[-117.7081,35.4981],[-117.7082,35.4981],[-117.7083,35.4981],[-117.7084,35.4981],[-117.7085,35.498],[-117.7086,35.498],[-117.7087,35.498],[-117.7087,35.4979],[-117.7088,35.4979],[-117.7089,35.4979],[-117.709,35.4979],[-117.7091,35.4979],[-117.7092,35.4979],[-117.7093,35.4979],[-117.7094,35.4979],[-117.7095,35.4979],[-117.7096,35.4979],[-117.7097,35.4979],[-117.7098,35.498],[-117.7099,35.498],[-117.71,35.498],[-117.7101,35.498],[-117.7101,35.4981],[-117.7102,35.4981],[-117.7103,35.4982],[-117.7104,35.4982],[-117.7105,35.4983],[-117.7106,35.4983],[-117.7107,35.4984],[-117.7108,35.4984],[-117.7109,35.4984],[-117.711,35.4984],[-117.7111,35.4984],[-117.7112,35.4985],[-117.7113,35.4985],[-117.7114,35.4985],[-117.7115,35.4986],[-117.7117,35.4986],[-117.7118,35.4986],[-117.7119,35.4986],[-117.712,35.4987],[-117.7121,35.4987],[-117.7122,35.4988],[-117.7123,35.4989],[-117.7124,35.4989],[-117.7125,35.499],[-117.7126,35.499],[-117.7127,35.4991],[-117.7128,35.4992],[-117.7129,35.4993],[-117.7129,35.4994],[-117.713,35.4995],[-117.7131,35.4995],[-117.7131,35.4996],[-117.7132,35.4996],[-117.7133,35.4997],[-117.7134,35.4998],[-117.7135,35.4998],[-117.7136,35.4998],[-117.7137,35.4998],[-117.7138,35.4998],[-117.7139,35.4998],[-117.714,35.4998],[-117.7142,35.4998],[-117.7143,35.4998],[-117.7144,35.4998],[-117.7145,35.4998],[-117.7146,35.4998],[-117.7148,35.4999],[-117.7149,35.4999],[-117.715,35.4999],[-117.7152,35.4999],[-117.7153,35.5],[-117.7154,35.5],[-117.7156,35.5],[-117.7157,35.5],[-117.7158,35.5001],[-117.7159,35.5001],[-117.716,35.5001],[-117.7161,35.5001],[-117.7162,35.5001],[-117.7163,35.5002],[-117.7164,35.5002],[-117.7165,35.5002],[-117.7166,35.5003],[-117.7167,35.5003],[-117.7169,35.5003],[-117.717,35.5004],[-117.7171,35.5004],[-117.7172,35.5004],[-117.7174,35.5005],[-117.7175,35.5005],[-117.7176,35.5005],[-117.7176,35.5006],[-117.7178,35.5006],[-117.7179,35.5007],[-117.718,35.5008],[-117.7181,35.5008],[-117.7182,35.5009],[-117.7183,35.5009],[-117.7184,35.5009],[-117.7185,35.501],[-117.7186,35.501],[-117.7187,35.501],[-117.7189,35.5011],[-117.719,35.5011],[-117.7191,35.5011],[-117.7193,35.5011],[-117.7194,35.5012],[-117.7195,35.5012],[-117.7196,35.5013],[-117.7197,35.5013],[-117.7198,35.5014],[-117.7199,35.5014],[-117.72,35.5015]]}},{"type":"Feature","properties":{"id":null,"name":null,"kind":"road","access":"green","seasonal":false},"geometry":{"type":"LineString","coordinates":[[-117.6302,35.369],[-117.6301,35.3691],[-117.6301,35.3693],[-117.6301,35.3695],[-117.6301,35.3696],[-117.6301,35.3698],[-117.6301,35.3701],[-117.6301,35.3703],[-117.6301,35.3705],[-117.6301,35.3706],[-117.63,35.3707]]}},{"type":"Feature","properties":{"id":null,"name":null,"kind":"road","access":"green","seasonal":false},"geometry":{"type":"LineString","coordinates":[[-117.7763,35.4538],[-117.7763,35.4537],[-117.7763,35.4536],[-117.7763,35.4535],[-117.7764,35.4534],[-117.7764,35.4533],[-117.7764,35.4532],[-117.7764,35.4531],[-117.7765,35.453],[-117.7765,35.4529],[-117.7766,35.4528],[-117.7767,35.4528],[-117.7768,35.4527],[-117.777,35.4526],[-117.7771,35.4526],[-117.7772,35.4525],[-117.7774,35.4524],[-117.7775,35.4523],[-117.7777,35.4522],[-117.7778,35.4521],[-117.7779,35.452],[-117.778,35.4519],[-117.7782,35.4518],[-117.7783,35.4517],[-117.7784,35.4516],[-117.7786,35.4515],[-117.7787,35.4513],[-117.7789,35.4512],[-117.779,35.4511],[-117.7791,35.451],[-117.7792,35.4509],[-117.7793,35.4508],[-117.7795,35.4507],[-117.7796,35.4506],[-117.7797,35.4504],[-117.7798,35.4503],[-117.7799,35.4502],[-117.78,35.4501],[-117.7801,35.45],[-117.7802,35.4499],[-117.7802,35.4498],[-117.7803,35.4496],[-117.7803,35.4495],[-117.7804,35.4494],[-117.7804,35.4492],[-117.7805,35.4491]]}},{"type":"Feature","properties":{"id":null,"name":null,"kind":"road","access":"green","seasonal":false},"geometry":{"type":"LineString","coordinates":[[-117.7998,35.4765],[-117.7998,35.4764],[-117.7998,35.4763],[-117.7998,35.4762],[-117.7997,35.4762],[-117.7997,35.4761],[-117.7996,35.476],[-117.7996,35.4759],[-117.7996,35.4758],[-117.7995,35.4757],[-117.7995,35.4756],[-117.7995,35.4755]]}},{"type":"Feature","properties":{"id":null,"name":null,"kind":"road","access":"green","seasonal":false},"geometry":{"type":"LineString","coordinates":[[-117.6339,35.4421],[-117.6341,35.4421],[-117.6343,35.4421],[-117.6344,35.4421],[-117.6347,35.4422],[-117.6348,35.4422],[-117.6349,35.4422],[-117.6352,35.4423],[-117.6353,35.4423],[-117.6354,35.4423],[-117.6356,35.4424]]}},{"type":"Feature","properties":{"id":null,"name":null,"kind":"road","access":"green","seasonal":false},"geometry":{"type":"LineString","coordinates":[[-117.9382,35.4548],[-117.9383,35.4547],[-117.9383,35.4546],[-117.9384,35.4545],[-117.9384,35.4544],[-117.9385,35.4543],[-117.9385,35.4542],[-117.9386,35.4542],[-117.9386,35.4541],[-117.9387,35.454],[-117.9387,35.4539],[-117.9388,35.4538],[-117.9389,35.4537],[-117.9389,35.4536],[-117.939,35.4535],[-117.9391,35.4534],[-117.9391,35.4533],[-117.9392,35.4532],[-117.9393,35.4531],[-117.9393,35.453],[-117.9394,35.453],[-117.9394,35.4529],[-117.9395,35.4528],[-117.9396,35.4527],[-117.9396,35.4526],[-117.9397,35.4525],[-117.9398,35.4524],[-117.9398,35.4523],[-117.9399,35.4523],[-117.9399,35.4522],[-117.94,35.4522],[-117.94,35.4521],[-117.9401,35.452],[-117.9402,35.4519],[-117.9402,35.4518],[-117.9403,35.4518],[-117.9403,35.4517],[-117.9403,35.4516],[-117.9404,35.4516],[-117.9404,35.4515],[-117.9404,35.4514],[-117.9405,35.4514],[-117.9405,35.4513],[-117.9406,35.4513],[-117.9407,35.4512],[-117.9407,35.4511],[-117.9408,35.4511],[-117.9408,35.451],[-117.9409,35.4509],[-117.941,35.4508],[-117.941,35.4507],[-117.9411,35.4507],[-117.9411,35.4506],[-117.9412,35.4505],[-117.9412,35.4504],[-117.9413,35.4504],[-117.9413,35.4503],[-117.9414,35.4502],[-117.9415,35.4501],[-117.9415,35.45],[-117.9416,35.45],[-117.9416,35.4499],[-117.9417,35.4499],[-117.9417,35.4498],[-117.9418,35.4498],[-117.9419,35.4497],[-117.9419,35.4496],[-117.942,35.4496],[-117.942,35.4495],[-117.9421,35.4495],[-117.9422,35.4494],[-117.9423,35.4493],[-117.9424,35.4493],[-117.9424,35.4492],[-117.9425,35.4492],[-117.9425,35.4491],[-117.9426,35.449],[-117.9427,35.4489],[-117.9427,35.4488],[-117.9428,35.4488],[-117.9428,35.4487],[-117.9429,35.4487],[-117.9429,35.4486],[-117.943,35.4486],[-117.943,35.4485],[-117.9431,35.4484],[-117.9432,35.4484],[-117.9432,35.4483],[-117.9433,35.4483],[-117.9433,35.4482],[-117.9434,35.4481],[-117.9434,35.448]]}},{"type":"Feature","properties":{"id":null,"name":null,"kind":"road","access":"green","seasonal":false},"geometry":{"type":"LineString","coordinates":[[-117.7059,35.494],[-117.7059,35.4941],[-117.7058,35.4942],[-117.7057,35.4943],[-117.7057,35.4944],[-117.7056,35.4945],[-117.7055,35.4946],[-117.7055,35.4947],[-117.7054,35.4948],[-117.7053,35.4948],[-117.7053,35.4949],[-117.7052,35.495],[-117.7051,35.4951],[-117.7051,35.4952],[-117.705,35.4952],[-117.705,35.4953],[-117.7049,35.4954],[-117.7049,35.4955],[-117.7048,35.4955],[-117.7047,35.4956],[-117.7046,35.4957],[-117.7045,35.4957],[-117.7044,35.4958],[-117.7043,35.4959],[-117.7042,35.4959],[-117.7041,35.4959],[-117.704,35.496],[-117.7039,35.4961],[-117.7039,35.4962],[-117.7038,35.4963],[-117.7038,35.4964],[-117.7037,35.4965],[-117.7036,35.4965],[-117.7035,35.4966],[-117.7034,35.4967],[-117.7033,35.4967],[-117.7032,35.4968],[-117.703,35.4969],[-117.7029,35.4969],[-117.7028,35.497],[-117.7027,35.4971],[-117.7026,35.4971],[-117.7025,35.4972],[-117.7024,35.4973],[-117.7023,35.4974],[-117.7021,35.4974],[-117.702,35.4975],[-117.7019,35.4976],[-117.7017,35.4976],[-117.7016,35.4977],[-117.7015,35.4978],[-117.7014,35.4978],[-117.7012,35.4979],[-117.7011,35.498],[-117.701,35.498],[-117.7008,35.4981],[-117.7007,35.4982],[-117.7006,35.4983],[-117.7005,35.4983],[-117.7003,35.4984],[-117.7001,35.4985],[-117.7,35.4985],[-117.6999,35.4986],[-117.6997,35.4986],[-117.6996,35.4987],[-117.6995,35.4987],[-117.6994,35.4988],[-117.6992,35.4988],[-117.6991,35.4989],[-117.699,35.499],[-117.6989,35.4991],[-117.6988,35.4991],[-117.6987,35.4992],[-117.6985,35.4993],[-117.6984,35.4994],[-117.6982,35.4994],[-117.6981,35.4995],[-117.6979,35.4996],[-117.6978,35.4996],[-117.6977,35.4997],[-117.6975,35.4998],[-117.6974,35.4998],[-117.6972,35.4998],[-117.6971,35.4999],[-117.6969,35.4999],[-117.6968,35.4999],[-117.6966,35.5],[-117.6965,35.5],[-117.6963,35.5],[-117.6962,35.5001],[-117.6961,35.5001],[-117.696,35.5002],[-117.6959,35.5002],[-117.6958,35.5002],[-117.6957,35.5002]]}},{"type":"Feature","properties":{"id":null,"name":null,"kind":"road","access":"green","seasonal":false},"geometry":{"type":"LineString","coordinates":[[-117.8568,35.3738],[-117.8572,35.3737],[-117.8579,35.3735],[-117.8586,35.3733],[-117.8592,35.3731],[-117.8597,35.373],[-117.86,35.3729],[-117.8605,35.3728],[-117.8606,35.3728],[-117.861,35.3727],[-117.8616,35.3725],[-117.8625,35.3722]]}},{"type":"Feature","properties":{"id":null,"name":null,"kind":"road","access":"green","seasonal":false},"geometry":{"type":"LineString","coordinates":[[-117.7124,35.4512],[-117.7125,35.4512],[-117.7125,35.4511],[-117.7125,35.451],[-117.7126,35.4509],[-117.7126,35.4508],[-117.7126,35.4507],[-117.7126,35.4506],[-117.7126,35.4505],[-117.7126,35.4504],[-117.7127,35.4504],[-117.7127,35.4503],[-117.7128,35.4502],[-117.7128,35.4501],[-117.7129,35.4501],[-117.7129,35.45],[-117.7129,35.4499],[-117.713,35.4499],[-117.713,35.4498],[-117.7131,35.4498],[-117.7132,35.4497],[-117.7133,35.4497],[-117.7134,35.4497],[-117.7135,35.4497],[-117.7136,35.4497],[-117.7136,35.4498],[-117.7137,35.4498],[-117.7138,35.4498],[-117.7139,35.4498],[-117.714,35.4498],[-117.714,35.4497],[-117.7141,35.4497],[-117.7141,35.4496],[-117.7142,35.4496],[-117.7143,35.4496],[-117.7143,35.4495],[-117.7144,35.4495],[-117.7145,35.4495],[-117.7145,35.4494],[-117.7146,35.4494],[-117.7147,35.4494],[-117.7147,35.4493],[-117.7148,35.4493],[-117.7149,35.4493],[-117.7149,35.4492],[-117.715,35.4492],[-117.7151,35.4492],[-117.7151,35.4491],[-117.7152,35.4491],[-117.7152,35.449],[-117.7153,35.449],[-117.7153,35.4489],[-117.7154,35.4489],[-117.7154,35.4488],[-117.7155,35.4488],[-117.7155,35.4487],[-117.7156,35.4487],[-117.7156,35.4486],[-117.7157,35.4486],[-117.7158,35.4486],[-117.7159,35.4486],[-117.7159,35.4485],[-117.716,35.4485],[-117.716,35.4484],[-117.716,35.4483],[-117.716,35.4482],[-117.716,35.4481],[-117.716,35.448],[-117.7161,35.448],[-117.7161,35.4479],[-117.7161,35.4478],[-117.7162,35.4478],[-117.7162,35.4477],[-117.7163,35.4477],[-117.7163,35.4476],[-117.7164,35.4476],[-117.7165,35.4476],[-117.7165,35.4475],[-117.7166,35.4475],[-117.7167,35.4474],[-117.7167,35.4473],[-117.7167,35.4472],[-117.7168,35.4471],[-117.7168,35.447],[-117.7169,35.447],[-117.7169,35.4469],[-117.717,35.4468],[-117.7171,35.4468],[-117.7172,35.4467],[-117.7173,35.4467],[-117.7173,35.4466]]}},{"type":"Feature","properties":{"id":null,"name":null,"kind":"road","access":"green","seasonal":false},"geometry":{"type":"LineString","coordinates":[[-117.7198,35.4658],[-117.7197,35.4657],[-117.7196,35.4656],[-117.7195,35.4655],[-117.7194,35.4655],[-117.7193,35.4654],[-117.7192,35.4654],[-117.7192,35.4653],[-117.7191,35.4653],[-117.719,35.4653],[-117.7189,35.4652],[-117.7188,35.4652],[-117.7188,35.4651],[-117.7187,35.4651],[-117.7186,35.4651],[-117.7186,35.465],[-117.7186,35.4649],[-117.7185,35.4649],[-117.7185,35.4648],[-117.7185,35.4647],[-117.7185,35.4646],[-117.7184,35.4646],[-117.7184,35.4645],[-117.7184,35.4644],[-117.7184,35.4643],[-117.7184,35.4642],[-117.7183,35.4641],[-117.7182,35.464],[-117.7181,35.464],[-117.7181,35.4639],[-117.718,35.4639],[-117.7179,35.4639],[-117.7178,35.4638],[-117.7177,35.4638],[-117.7176,35.4637],[-117.7175,35.4637],[-117.7174,35.4637],[-117.7173,35.4637],[-117.7172,35.4636],[-117.7171,35.4636],[-117.717,35.4635],[-117.7169,35.4634],[-117.7168,35.4634],[-117.7167,35.4634],[-117.7166,35.4634],[-117.7165,35.4633],[-117.7164,35.4633],[-117.7164,35.4632],[-117.7163,35.4632],[-117.7162,35.4631],[-117.7161,35.4631],[-117.716,35.463],[-117.7159,35.463],[-117.7158,35.4629],[-117.7157,35.4628],[-117.7156,35.4628],[-117.7155,35.4627],[-117.7154,35.4627],[-117.7154,35.4626],[-117.7153,35.4625],[-117.7153,35.4624],[-117.7152,35.4624],[-117.7152,35.4623],[-117.7151,35.4623],[-117.7151,35.4622],[-117.7151,35.4621],[-117.715,35.4621],[-117.715,35.462],[-117.715,35.4619]]}},{"type":"Feature","properties":{"id":null,"name":null,"kind":"road","access":"green","seasonal":false},"geometry":{"type":"LineString","coordinates":[[-117.7232,35.4692],[-117.7231,35.4691],[-117.723,35.469],[-117.7229,35.4689],[-117.7229,35.4688],[-117.7228,35.4688],[-117.7228,35.4687],[-117.7227,35.4687],[-117.7227,35.4686],[-117.7226,35.4686],[-117.7226,35.4685],[-117.7225,35.4685],[-117.7225,35.4684],[-117.7224,35.4684],[-117.7223,35.4683],[-117.7222,35.4683],[-117.7221,35.4682],[-117.7221,35.4681],[-117.722,35.4681],[-117.722,35.468],[-117.722,35.4679],[-117.722,35.4678],[-117.7219,35.4677],[-117.7219,35.4676],[-117.7219,35.4675],[-117.7218,35.4674],[-117.7218,35.4673],[-117.7218,35.4672],[-117.7217,35.4672],[-117.7216,35.4671],[-117.7215,35.4671],[-117.7215,35.467],[-117.7214,35.467],[-117.7214,35.4669],[-117.7213,35.4669],[-117.7212,35.4668],[-117.7211,35.4667],[-117.721,35.4667],[-117.721,35.4666],[-117.7209,35.4666],[-117.7208,35.4665],[-117.7207,35.4665],[-117.7206,35.4665],[-117.7205,35.4664],[-117.7204,35.4663],[-117.7203,35.4662],[-117.7202,35.4662],[-117.7202,35.4661],[-117.7201,35.4661],[-117.72,35.466]]}},{"type":"Feature","properties":{"id":null,"name":null,"kind":"road","access":"green","seasonal":false},"geometry":{"type":"LineString","coordinates":[[-117.7718,35.4793],[-117.7717,35.4794],[-117.7716,35.4795],[-117.7715,35.4796],[-117.7715,35.4797],[-117.7715,35.4798],[-117.7716,35.4799],[-117.7716,35.48],[-117.7716,35.4801],[-117.7715,35.4801],[-117.7714,35.4802],[-117.7713,35.4802],[-117.7712,35.4802],[-117.7712,35.4803],[-117.7711,35.4803],[-117.7711,35.4804],[-117.771,35.4804],[-117.771,35.4805],[-117.7709,35.4805],[-117.7709,35.4806],[-117.7708,35.4807],[-117.7708,35.4808],[-117.7708,35.4809],[-117.7708,35.481],[-117.7708,35.4811],[-117.7709,35.4811],[-117.771,35.4812],[-117.7711,35.4812],[-117.7712,35.4812],[-117.7712,35.4813],[-117.7713,35.4813],[-117.7714,35.4814]]}},{"type":"Feature","properties":{"id":null,"name":null,"kind":"road","access":"green","seasonal":false},"geometry":{"type":"LineString","coordinates":[[-117.8139,35.4388],[-117.8139,35.4387],[-117.8138,35.4387],[-117.8138,35.4386],[-117.8138,35.4385],[-117.8138,35.4384],[-117.8137,35.4383],[-117.8137,35.4382],[-117.8136,35.4382],[-117.8136,35.4381],[-117.8135,35.4381],[-117.8135,35.438],[-117.8134,35.438],[-117.8133,35.438],[-117.8133,35.4379],[-117.8132,35.4379],[-117.8132,35.4378],[-117.8132,35.4377],[-117.8132,35.4376],[-117.8132,35.4375],[-117.8132,35.4374],[-117.8132,35.4373],[-117.8132,35.4372],[-117.8131,35.4372],[-117.8131,35.4371],[-117.8131,35.437],[-117.8131,35.4369],[-117.8131,35.4368],[-117.8132,35.4368],[-117.8132,35.4367],[-117.8133,35.4366],[-117.8133,35.4365]]}},{"type":"Feature","properties":{"id":null,"name":null,"kind":"road","access":"green","seasonal":false},"geometry":{"type":"LineString","coordinates":[[-117.7775,35.4628],[-117.7775,35.4627],[-117.7776,35.4627],[-117.7776,35.4626],[-117.7775,35.4625],[-117.7775,35.4624],[-117.7775,35.4623],[-117.7775,35.4622],[-117.7774,35.4622],[-117.7774,35.4621],[-117.7773,35.4621],[-117.7773,35.462],[-117.7773,35.4619],[-117.7773,35.4618],[-117.7774,35.4618],[-117.7774,35.4617],[-117.7775,35.4617],[-117.7776,35.4617],[-117.7777,35.4617],[-117.7777,35.4616],[-117.7778,35.4616],[-117.7778,35.4615],[-117.7779,35.4614],[-117.7779,35.4613],[-117.778,35.4613],[-117.778,35.4612],[-117.7781,35.4612],[-117.7782,35.4611],[-117.7783,35.4611],[-117.7783,35.461],[-117.7784,35.461],[-117.7786,35.461],[-117.7787,35.461],[-117.7788,35.461],[-117.7789,35.4609],[-117.779,35.4609],[-117.7791,35.4609],[-117.7792,35.4609],[-117.7793,35.4609],[-117.7794,35.4609],[-117.7795,35.4609],[-117.7796,35.4609],[-117.7798,35.4609],[-117.7799,35.4609],[-117.78,35.4609],[-117.7801,35.4609],[-117.7802,35.4609],[-117.7803,35.4609],[-117.7804,35.4609],[-117.7804,35.461],[-117.7805,35.461],[-117.7806,35.461],[-117.7807,35.461],[-117.7809,35.4611],[-117.781,35.4611],[-117.7811,35.4612],[-117.7813,35.4612],[-117.7814,35.4612],[-117.7815,35.4613],[-117.7817,35.4613],[-117.7818,35.4613],[-117.7819,35.4613],[-117.782,35.4613],[-117.7822,35.4613],[-117.7823,35.4614],[-117.7824,35.4614],[-117.7825,35.4614],[-117.7826,35.4614],[-117.7827,35.4615],[-117.7828,35.4615],[-117.7829,35.4616],[-117.783,35.4616],[-117.7831,35.4616],[-117.7832,35.4616],[-117.7833,35.4617],[-117.7834,35.4617],[-117.7835,35.4618],[-117.7836,35.4619],[-117.7837,35.462],[-117.7838,35.462],[-117.7839,35.4621],[-117.784,35.4621],[-117.7841,35.4621],[-117.7842,35.4622],[-117.7843,35.4622],[-117.7845,35.4622],[-117.7846,35.4623],[-117.7847,35.4623],[-117.7848,35.4623],[-117.7849,35.4624],[-117.785,35.4624],[-117.7851,35.4624],[-117.7851,35.4625],[-117.7852,35.4625],[-117.7853,35.4625],[-117.7854,35.4626],[-117.7855,35.4626],[-117.7856,35.4626],[-117.7857,35.4627],[-117.7858,35.4627],[-117.7859,35.4627],[-117.786,35.4627],[-117.7861,35.4627],[-117.7862,35.4627],[-117.7863,35.4627],[-117.7864,35.4627],[-117.7864,35.4626],[-117.7865,35.4626],[-117.7866,35.4626],[-117.7866,35.4625],[-117.7867,35.4625],[-117.7868,35.4625],[-117.7868,35.4624],[-117.7869,35.4623]]}},{"type":"Feature","properties":{"id":null,"name":null,"kind":"road","access":"green","seasonal":false},"geometry":{"type":"LineString","coordinates":[[-117.6854,35.4697],[-117.6853,35.4696],[-117.6852,35.4696],[-117.6852,35.4695],[-117.6852,35.4694],[-117.6851,35.4694],[-117.6851,35.4693],[-117.6851,35.4692],[-117.685,35.4692],[-117.685,35.4691],[-117.685,35.469],[-117.685,35.4689],[-117.685,35.4688],[-117.685,35.4687],[-117.6849,35.4686],[-117.6848,35.4685],[-117.6847,35.4684],[-117.6847,35.4683],[-117.6846,35.4683],[-117.6846,35.4682],[-117.6846,35.4681],[-117.6846,35.468],[-117.6845,35.4679],[-117.6845,35.4678],[-117.6845,35.4677],[-117.6844,35.4676],[-117.6843,35.4675],[-117.6843,35.4674],[-117.6842,35.4673],[-117.6842,35.4672],[-117.6842,35.4671],[-117.6841,35.467],[-117.6841,35.4669],[-117.684,35.4668],[-117.684,35.4667],[-117.684,35.4666],[-117.684,35.4665],[-117.6839,35.4664],[-117.6839,35.4663],[-117.6839,35.4662],[-117.6838,35.4661],[-117.6838,35.466],[-117.6837,35.466],[-117.6837,35.4659],[-117.6837,35.4658],[-117.6836,35.4657],[-117.6836,35.4656],[-117.6835,35.4655],[-117.6835,35.4654],[-117.6834,35.4653],[-117.6834,35.4652],[-117.6834,35.4651],[-117.6833,35.465],[-117.6833,35.4649],[-117.6833,35.4648],[-117.6832,35.4647],[-117.6832,35.4646],[-117.6831,35.4645],[-117.6831,35.4644],[-117.683,35.4643],[-117.683,35.4642],[-117.683,35.4641],[-117.6829,35.4641],[-117.6829,35.464],[-117.6829,35.4639],[-117.6828,35.4639],[-117.6828,35.4638],[-117.6827,35.4637],[-117.6826,35.4637],[-117.6826,35.4636],[-117.6825,35.4636],[-117.6825,35.4635],[-117.6824,35.4635]]}},{"type":"Feature","properties":{"id":null,"name":null,"kind":"road","access":"green","seasonal":false},"geometry":{"type":"LineString","coordinates":[[-117.6314,35.3713],[-117.6311,35.3712],[-117.6309,35.3711],[-117.6308,35.3711],[-117.6306,35.371],[-117.6305,35.3709],[-117.6303,35.3709],[-117.6301,35.3708],[-117.63,35.3707],[-117.6298,35.3706],[-117.6297,35.3706],[-117.6293,35.3704],[-117.6291,35.3703],[-117.6288,35.3702],[-117.6286,35.3701],[-117.6282,35.3699],[-117.6278,35.3697],[-117.6272,35.3693],[-117.627,35.3692],[-117.6268,35.3691],[-117.6264,35.3689],[-117.6256,35.3685],[-117.625,35.3682],[-117.6247,35.368],[-117.6245,35.3679],[-117.6241,35.3677],[-117.6239,35.3676],[-117.6237,35.3675],[-117.6235,35.3674],[-117.6231,35.3672],[-117.6225,35.3669],[-117.6219,35.3666],[-117.6209,35.366],[-117.6204,35.3657],[-117.6201,35.3655]]}},{"type":"Feature","properties":{"id":null,"name":null,"kind":"road","access":"green","seasonal":false},"geometry":{"type":"LineString","coordinates":[[-117.9223,35.4696],[-117.9224,35.4696],[-117.9228,35.4701]]}},{"type":"Feature","properties":{"id":null,"name":null,"kind":"road","access":"green","seasonal":false},"geometry":{"type":"LineString","coordinates":[[-117.8911,35.4348],[-117.891,35.4348],[-117.8909,35.4349],[-117.8908,35.4349],[-117.8907,35.435],[-117.8907,35.4351],[-117.8906,35.4351],[-117.8906,35.4352],[-117.8905,35.4353],[-117.8905,35.4354],[-117.8904,35.4355],[-117.8904,35.4356],[-117.8903,35.4357],[-117.8903,35.4358],[-117.8902,35.4359],[-117.8902,35.436],[-117.8901,35.4361],[-117.8901,35.4362],[-117.89,35.4363],[-117.8899,35.4364],[-117.8898,35.4365],[-117.8897,35.4366],[-117.8896,35.4367],[-117.8896,35.4368],[-117.8895,35.4369],[-117.8894,35.437],[-117.8893,35.437]]}},{"type":"Feature","properties":{"id":null,"name":null,"kind":"road","access":"green","seasonal":false},"geometry":{"type":"LineString","coordinates":[[-117.7291,35.4731],[-117.7291,35.473],[-117.7292,35.4729],[-117.7293,35.4727],[-117.7293,35.4726],[-117.7294,35.4725],[-117.7295,35.4724],[-117.7295,35.4723],[-117.7296,35.4722],[-117.7296,35.4721],[-117.7297,35.4719],[-117.7297,35.4718],[-117.7298,35.4718],[-117.7298,35.4717],[-117.7298,35.4716],[-117.7299,35.4714],[-117.7299,35.4713],[-117.73,35.4712],[-117.73,35.4711],[-117.7301,35.471],[-117.7301,35.4709],[-117.7301,35.4708],[-117.7302,35.4708],[-117.7302,35.4707],[-117.7302,35.4706],[-117.7301,35.4705],[-117.7301,35.4704],[-117.73,35.4703],[-117.73,35.4702],[-117.7299,35.4701],[-117.7298,35.47],[-117.7298,35.4699],[-117.7297,35.4698],[-117.7296,35.4698],[-117.7296,35.4697],[-117.7295,35.4697]]}},{"type":"Feature","properties":{"id":null,"name":null,"kind":"road","access":"green","seasonal":false},"geometry":{"type":"LineString","coordinates":[[-117.7004,35.4777],[-117.7004,35.4778],[-117.7003,35.4779]]}},{"type":"Feature","properties":{"id":null,"name":null,"kind":"road","access":"green","seasonal":false},"geometry":{"type":"LineString","coordinates":[[-117.658,35.4494],[-117.6579,35.4496],[-117.6577,35.4498],[-117.6576,35.4499],[-117.6574,35.4501],[-117.6573,35.4502],[-117.6571,35.4503],[-117.657,35.4504],[-117.6569,35.4505],[-117.6567,35.4507],[-117.6564,35.4509],[-117.6562,35.451],[-117.656,35.4511],[-117.6558,35.4512],[-117.6555,35.4514],[-117.6554,35.4515],[-117.6553,35.4516],[-117.6552,35.4518],[-117.6551,35.4519],[-117.655,35.452],[-117.6548,35.452],[-117.6546,35.4521],[-117.6545,35.4522],[-117.6544,35.4522],[-117.6543,35.4523],[-117.6543,35.4524],[-117.6542,35.4524],[-117.6541,35.4525],[-117.654,35.4526],[-117.654,35.4527],[-117.6539,35.4528],[-117.6538,35.4529],[-117.6536,35.4529],[-117.6534,35.453],[-117.6532,35.4531],[-117.6531,35.4532],[-117.653,35.4533],[-117.6528,35.4533],[-117.6526,35.4533],[-117.6525,35.4534],[-117.6523,35.4534],[-117.6521,35.4535],[-117.652,35.4535],[-117.6519,35.4535],[-117.6517,35.4535]]}},{"type":"Feature","properties":{"id":null,"name":null,"kind":"road","access":"green","seasonal":false},"geometry":{"type":"LineString","coordinates":[[-117.8527,35.4251],[-117.8528,35.4251],[-117.8528,35.4252],[-117.8528,35.4253],[-117.8529,35.4253],[-117.8529,35.4254],[-117.8529,35.4255],[-117.8529,35.4256],[-117.8529,35.4257],[-117.8529,35.4258],[-117.8529,35.4259],[-117.8529,35.426],[-117.8529,35.4261],[-117.8529,35.4262],[-117.8528,35.4262],[-117.8529,35.4263]]}},{"type":"Feature","properties":{"id":null,"name":null,"kind":"road","access":"green","seasonal":false},"geometry":{"type":"LineString","coordinates":[[-117.6887,35.4771],[-117.6887,35.477],[-117.6887,35.4769],[-117.6887,35.4768],[-117.6887,35.4767],[-117.6886,35.4767],[-117.6886,35.4766],[-117.6886,35.4765],[-117.6885,35.4764],[-117.6885,35.4763],[-117.6885,35.4762],[-117.6884,35.4762],[-117.6884,35.4761],[-117.6884,35.476],[-117.6883,35.4759],[-117.6883,35.4758],[-117.6882,35.4757],[-117.6882,35.4756],[-117.6882,35.4755],[-117.6881,35.4755],[-117.6881,35.4754],[-117.6881,35.4753],[-117.688,35.4752],[-117.688,35.4751],[-117.6879,35.475],[-117.6879,35.4749],[-117.6878,35.4748],[-117.6878,35.4747],[-117.6878,35.4746],[-117.6877,35.4746],[-117.6877,35.4745],[-117.6877,35.4744],[-117.6877,35.4743],[-117.6876,35.4743],[-117.6876,35.4742],[-117.6876,35.4741],[-117.6875,35.474],[-117.6875,35.4739],[-117.6874,35.4738],[-117.6873,35.4737],[-117.6873,35.4736],[-117.6872,35.4735],[-117.6872,35.4734],[-117.6871,35.4733],[-117.6871,35.4732],[-117.6871,35.4731],[-117.687,35.4731],[-117.687,35.473],[-117.687,35.4729],[-117.6869,35.4729],[-117.6869,35.4728],[-117.6869,35.4727],[-117.6868,35.4727],[-117.6868,35.4726],[-117.6868,35.4725],[-117.6868,35.4724],[-117.6868,35.4723],[-117.6867,35.4723],[-117.6867,35.4722],[-117.6867,35.4721],[-117.6866,35.4721],[-117.6866,35.472],[-117.6865,35.472],[-117.6865,35.4719],[-117.6864,35.4719],[-117.6864,35.4718],[-117.6863,35.4718],[-117.6863,35.4717],[-117.6863,35.4716],[-117.6862,35.4716],[-117.6862,35.4715],[-117.6862,35.4714],[-117.6861,35.4714],[-117.6861,35.4713],[-117.686,35.4712],[-117.686,35.4711],[-117.686,35.471],[-117.686,35.4709],[-117.686,35.4708],[-117.686,35.4707],[-117.6859,35.4707],[-117.6859,35.4706],[-117.6859,35.4705],[-117.6858,35.4705],[-117.6858,35.4704],[-117.6858,35.4703],[-117.6857,35.4703],[-117.6857,35.4702],[-117.6856,35.4701],[-117.6856,35.47],[-117.6855,35.4699],[-117.6855,35.4698],[-117.6854,35.4698],[-117.6854,35.4697]]}},{"type":"Feature","properties":{"id":null,"name":null,"kind":"road","access":"green","seasonal":false},"geometry":{"type":"LineString","coordinates":[[-117.6715,35.4761],[-117.6714,35.4761],[-117.6713,35.4761],[-117.6712,35.4761],[-117.6711,35.4761],[-117.671,35.4761],[-117.6709,35.476],[-117.6708,35.476],[-117.6707,35.476],[-117.6706,35.4759],[-117.6705,35.4759],[-117.6704,35.4759],[-117.6703,35.4758],[-117.6702,35.4758],[-117.6701,35.4758]]}},{"type":"Feature","properties":{"id":null,"name":null,"kind":"road","access":"green","seasonal":false},"geometry":{"type":"LineString","coordinates":[[-117.713,35.4615],[-117.7131,35.4615],[-117.7132,35.4615],[-117.7133,35.4615],[-117.7134,35.4616],[-117.7135,35.4616],[-117.7136,35.4617],[-117.7137,35.4617],[-117.7138,35.4617],[-117.7139,35.4618],[-117.714,35.4618]]}},{"type":"Feature","properties":{"id":null,"name":null,"kind":"road","access":"green","seasonal":false},"geometry":{"type":"LineString","coordinates":[[-117.8754,35.4388],[-117.8754,35.4389],[-117.8755,35.439],[-117.8755,35.4391],[-117.8755,35.4392],[-117.8755,35.4393],[-117.8754,35.4393],[-117.8753,35.4394],[-117.8752,35.4395],[-117.8751,35.4395],[-117.8751,35.4396],[-117.875,35.4396],[-117.8749,35.4397],[-117.8748,35.4397],[-117.8747,35.4397],[-117.8746,35.4397],[-117.8745,35.4397],[-117.8744,35.4397],[-117.8743,35.4397],[-117.8743,35.4398],[-117.8742,35.4398]]}},{"type":"Feature","properties":{"id":null,"name":null,"kind":"road","access":"green","seasonal":false},"geometry":{"type":"LineString","coordinates":[[-117.8433,35.4169],[-117.8433,35.4168],[-117.8434,35.4167],[-117.8435,35.4167],[-117.8436,35.4166],[-117.8438,35.4166],[-117.8439,35.4166],[-117.8441,35.4166],[-117.8442,35.4165],[-117.8444,35.4165],[-117.8445,35.4165],[-117.8446,35.4165],[-117.8447,35.4166],[-117.8448,35.4166],[-117.8449,35.4166],[-117.8451,35.4166],[-117.8452,35.4166],[-117.8454,35.4166],[-117.8455,35.4167],[-117.8456,35.4167],[-117.8457,35.4167],[-117.8459,35.4167],[-117.846,35.4167],[-117.8461,35.4168],[-117.8463,35.4169]]}},{"type":"Feature","properties":{"id":null,"name":null,"kind":"road","access":"green","seasonal":false},"geometry":{"type":"LineString","coordinates":[[-117.7588,35.5012],[-117.7588,35.5011],[-117.7589,35.501],[-117.7589,35.5009],[-117.759,35.5008],[-117.7591,35.5007],[-117.7592,35.5007],[-117.7592,35.5006],[-117.7592,35.5005],[-117.7592,35.5004],[-117.7592,35.5003],[-117.7592,35.5002],[-117.7593,35.5001],[-117.7592,35.5],[-117.7592,35.4999],[-117.7592,35.4998],[-117.7593,35.4997],[-117.7594,35.4996],[-117.7595,35.4995],[-117.7596,35.4995],[-117.7596,35.4993],[-117.7596,35.4992],[-117.7595,35.4991],[-117.7595,35.499],[-117.7595,35.4989],[-117.7595,35.4988],[-117.7595,35.4987],[-117.7595,35.4986],[-117.7596,35.4986],[-117.7596,35.4985],[-117.7597,35.4985],[-117.7597,35.4984],[-117.7598,35.4983],[-117.7598,35.4982],[-117.7598,35.4981],[-117.7599,35.498],[-117.7599,35.4979],[-117.7599,35.4978],[-117.7599,35.4977],[-117.7599,35.4976],[-117.76,35.4976],[-117.7601,35.4975],[-117.7602,35.4975],[-117.7603,35.4976],[-117.7604,35.4976],[-117.7605,35.4976],[-117.7606,35.4975],[-117.7606,35.4974],[-117.7607,35.4974],[-117.7608,35.4973]]}},{"type":"Feature","properties":{"id":null,"name":null,"kind":"road","access":"green","seasonal":false},"geometry":{"type":"LineString","coordinates":[[-117.92,35.341],[-117.9197,35.341],[-117.9194,35.3411],[-117.9191,35.3412],[-117.9189,35.3413],[-117.9187,35.3415],[-117.9185,35.3417],[-117.9183,35.3418],[-117.918,35.3419],[-117.9178,35.3421],[-117.9175,35.3423],[-117.9173,35.3425],[-117.917,35.3426],[-117.9167,35.3429],[-117.9165,35.343],[-117.9164,35.343],[-117.9162,35.3431],[-117.916,35.3432],[-117.9158,35.3433],[-117.9157,35.3435]]}},{"type":"Feature","properties":{"id":null,"name":null,"kind":"road","access":"green","seasonal":false},"geometry":{"type":"LineString","coordinates":[[-117.773,35.4761],[-117.7731,35.4761],[-117.7732,35.4761],[-117.7732,35.4762],[-117.7733,35.4762],[-117.7734,35.4763],[-117.7734,35.4764],[-117.7735,35.4765],[-117.7736,35.4766],[-117.7737,35.4767],[-117.7738,35.4768],[-117.7739,35.4769],[-117.7739,35.477],[-117.774,35.4771],[-117.774,35.4772],[-117.774,35.4773],[-117.774,35.4774],[-117.774,35.4775],[-117.7741,35.4776],[-117.7741,35.4777]]}},{"type":"Feature","properties":{"id":null,"name":null,"kind":"road","access":"green","seasonal":false},"geometry":{"type":"LineString","coordinates":[[-117.7498,35.4582],[-117.7498,35.4583],[-117.7497,35.4583],[-117.7496,35.4584],[-117.7495,35.4584],[-117.7494,35.4584],[-117.7493,35.4585],[-117.7492,35.4585],[-117.7491,35.4586],[-117.749,35.4587],[-117.7489,35.4587],[-117.7488,35.4588],[-117.7487,35.4587],[-117.7486,35.4587],[-117.7486,35.4586],[-117.7485,35.4586],[-117.7484,35.4585],[-117.7483,35.4585],[-117.7483,35.4584],[-117.7482,35.4583],[-117.7482,35.4582],[-117.7481,35.4582],[-117.7481,35.4581],[-117.748,35.4581],[-117.748,35.458],[-117.7479,35.458],[-117.7478,35.4579],[-117.7477,35.4579],[-117.7476,35.4578],[-117.7475,35.4578],[-117.7474,35.4578],[-117.7474,35.4577],[-117.7473,35.4577],[-117.7472,35.4577],[-117.7472,35.4576],[-117.7471,35.4576],[-117.747,35.4576],[-117.7469,35.4576],[-117.7469,35.4575],[-117.7468,35.4574],[-117.7468,35.4573],[-117.7468,35.4572],[-117.7468,35.4571],[-117.7468,35.457],[-117.7467,35.4569],[-117.7467,35.4568],[-117.7466,35.4568],[-117.7466,35.4567],[-117.7465,35.4566],[-117.7464,35.4566],[-117.7463,35.4566],[-117.7462,35.4566],[-117.7461,35.4565],[-117.746,35.4564],[-117.746,35.4563],[-117.746,35.4562],[-117.746,35.4561],[-117.746,35.456],[-117.7459,35.456],[-117.7459,35.4559],[-117.7458,35.4558],[-117.7457,35.4558],[-117.7456,35.4558],[-117.7455,35.4559],[-117.7454,35.4559],[-117.7454,35.456],[-117.7453,35.456],[-117.7452,35.4561],[-117.7451,35.4562],[-117.7449,35.4562],[-117.7448,35.4563],[-117.7446,35.4563],[-117.7444,35.4564],[-117.7443,35.4564],[-117.7442,35.4565],[-117.744,35.4565],[-117.744,35.4566],[-117.7439,35.4567],[-117.7439,35.4568],[-117.7438,35.4569],[-117.7437,35.4569],[-117.7437,35.457],[-117.7437,35.4571],[-117.7436,35.4572],[-117.7435,35.4573],[-117.7435,35.4574],[-117.7435,35.4575],[-117.7434,35.4576],[-117.7434,35.4577],[-117.7434,35.4578],[-117.7433,35.4579],[-117.7432,35.458],[-117.7431,35.4581],[-117.7431,35.4582],[-117.743,35.4583],[-117.7431,35.4584],[-117.7431,35.4585],[-117.7431,35.4586],[-117.7431,35.4587],[-117.7431,35.4588],[-117.7431,35.4589],[-117.7431,35.459],[-117.743,35.4591],[-117.7429,35.4591],[-117.7428,35.4592],[-117.7427,35.4592],[-117.7426,35.4593],[-117.7425,35.4593],[-117.7424,35.4593],[-117.7422,35.4593],[-117.7421,35.4593],[-117.7419,35.4593],[-117.7418,35.4593],[-117.7416,35.4593],[-117.7415,35.4593],[-117.7413,35.4594],[-117.7412,35.4594],[-117.741,35.4595],[-117.7409,35.4595],[-117.7407,35.4595],[-117.7406,35.4596],[-117.7406,35.4597],[-117.7407,35.4598],[-117.7407,35.4599],[-117.7406,35.46],[-117.7406,35.4601],[-117.7406,35.4602],[-117.7405,35.4602],[-117.7405,35.4603],[-117.7406,35.4604],[-117.7406,35.4605],[-117.7406,35.4606],[-117.7406,35.4607],[-117.7407,35.4608],[-117.7407,35.4609],[-117.7407,35.461],[-117.7406,35.4611],[-117.7406,35.4612],[-117.7406,35.4613],[-117.7407,35.4614],[-117.7407,35.4615],[-117.7407,35.4616],[-117.7406,35.4617],[-117.7406,35.4618],[-117.7406,35.4619],[-117.7405,35.4619],[-117.7404,35.462],[-117.7404,35.4621],[-117.7403,35.4621]]}},{"type":"Feature","properties":{"id":null,"name":null,"kind":"road","access":"green","seasonal":false},"geometry":{"type":"LineString","coordinates":[[-117.6517,35.4576],[-117.6518,35.4575],[-117.652,35.4575],[-117.6523,35.4575],[-117.6526,35.4574],[-117.6529,35.4573],[-117.6531,35.4573],[-117.6532,35.4573],[-117.6535,35.4574],[-117.6538,35.4575]]}},{"type":"Feature","properties":{"id":null,"name":null,"kind":"road","access":"green","seasonal":false},"geometry":{"type":"LineString","coordinates":[[-117.6902,35.4784],[-117.6901,35.4784],[-117.69,35.4784],[-117.6899,35.4784],[-117.6898,35.4784],[-117.6897,35.4784],[-117.6896,35.4784],[-117.6895,35.4784],[-117.6894,35.4784],[-117.6894,35.4783],[-117.6893,35.4783],[-117.6892,35.4782],[-117.6891,35.4782],[-117.689,35.4781],[-117.689,35.478],[-117.6889,35.478],[-117.6889,35.4779],[-117.6888,35.4779],[-117.6888,35.4778],[-117.6887,35.4777],[-117.6886,35.4776],[-117.6886,35.4775],[-117.6885,35.4774],[-117.6885,35.4773],[-117.6884,35.4772]]}},{"type":"Feature","properties":{"id":null,"name":null,"kind":"road","access":"green","seasonal":false},"geometry":{"type":"LineString","coordinates":[[-117.8323,35.4385],[-117.8322,35.4385],[-117.8322,35.4384],[-117.8321,35.4384],[-117.832,35.4383],[-117.8319,35.4383],[-117.8318,35.4383],[-117.8318,35.4382],[-117.8317,35.4382],[-117.8316,35.4382],[-117.8316,35.4381],[-117.8315,35.4381],[-117.8314,35.4381],[-117.8313,35.438],[-117.8312,35.438],[-117.8311,35.438],[-117.8311,35.4379],[-117.831,35.4379],[-117.8309,35.4379],[-117.8308,35.4378],[-117.8307,35.4378],[-117.8306,35.4378],[-117.8305,35.4378],[-117.8304,35.4378],[-117.8303,35.4378],[-117.8302,35.4378],[-117.8301,35.4378],[-117.83,35.4379],[-117.8299,35.4379],[-117.8298,35.4379],[-117.8297,35.4379],[-117.8296,35.4379],[-117.8295,35.4379],[-117.8294,35.4379],[-117.8293,35.4379],[-117.8292,35.4379],[-117.8291,35.4379],[-117.829,35.4379],[-117.8289,35.4379],[-117.8288,35.4379],[-117.8287,35.4379],[-117.8286,35.4379],[-117.8285,35.438],[-117.8285,35.4381],[-117.8284,35.4382],[-117.8284,35.4383],[-117.8283,35.4383],[-117.8282,35.4384],[-117.8281,35.4384],[-117.828,35.4385],[-117.8279,35.4385],[-117.8278,35.4385],[-117.8277,35.4385],[-117.8276,35.4385],[-117.8275,35.4386],[-117.8274,35.4386],[-117.8273,35.4386],[-117.8273,35.4387],[-117.8272,35.4387],[-117.8271,35.4388],[-117.827,35.4388],[-117.827,35.4389],[-117.8269,35.4389],[-117.8268,35.439],[-117.8267,35.439],[-117.8266,35.4391],[-117.8265,35.4391],[-117.8264,35.4391],[-117.8263,35.4391],[-117.8262,35.4392],[-117.8261,35.4392],[-117.826,35.4392],[-117.8259,35.4392],[-117.8258,35.4392],[-117.8258,35.4393],[-117.8257,35.4393],[-117.8256,35.4393],[-117.8255,35.4393],[-117.8254,35.4393],[-117.8253,35.4394],[-117.8252,35.4394],[-117.8251,35.4394],[-117.825,35.4394],[-117.8249,35.4394],[-117.8248,35.4394],[-117.8247,35.4394],[-117.8246,35.4394],[-117.8245,35.4394],[-117.8244,35.4394],[-117.8243,35.4394],[-117.8242,35.4394],[-117.8241,35.4394],[-117.824,35.4394],[-117.8239,35.4394],[-117.8238,35.4394],[-117.8237,35.4394],[-117.8236,35.4394],[-117.8235,35.4394],[-117.8234,35.4393],[-117.8233,35.4393],[-117.8231,35.4393],[-117.823,35.4393],[-117.8229,35.4394],[-117.8227,35.4394],[-117.8226,35.4394],[-117.8225,35.4394],[-117.8224,35.4394],[-117.8223,35.4394],[-117.8222,35.4394],[-117.8221,35.4394],[-117.822,35.4394],[-117.8219,35.4394],[-117.8218,35.4394],[-117.8217,35.4394],[-117.8216,35.4394],[-117.8215,35.4394],[-117.8214,35.4394],[-117.8213,35.4394],[-117.8212,35.4394],[-117.8211,35.4394],[-117.8211,35.4393],[-117.821,35.4393],[-117.8209,35.4393],[-117.8208,35.4393],[-117.8207,35.4393],[-117.8206,35.4393],[-117.8205,35.4393],[-117.8204,35.4393],[-117.8203,35.4393],[-117.8202,35.4393],[-117.8201,35.4394],[-117.82,35.4394],[-117.8199,35.4394],[-117.8198,35.4394],[-117.8197,35.4394],[-117.8196,35.4394],[-117.8195,35.4394],[-117.8194,35.4394],[-117.8193,35.4394],[-117.8192,35.4394],[-117.8191,35.4394],[-117.819,35.4394],[-117.8189,35.4394],[-117.8188,35.4394],[-117.8187,35.4394],[-117.8186,35.4394],[-117.8185,35.4394],[-117.8184,35.4394],[-117.8183,35.4394],[-117.8182,35.4394],[-117.8181,35.4393],[-117.818,35.4393],[-117.8179,35.4393],[-117.8178,35.4393],[-117.8177,35.4392],[-117.8176,35.4392],[-117.8175,35.4392],[-117.8174,35.4392],[-117.8173,35.4392],[-117.8172,35.4391],[-117.8171,35.4391],[-117.817,35.4391],[-117.8169,35.4391],[-117.8168,35.4391],[-117.8167,35.4391],[-117.8166,35.4391],[-117.8165,35.4391],[-117.8164,35.4391],[-117.8163,35.4391],[-117.8162,35.4391],[-117.8161,35.4392],[-117.816,35.4392],[-117.8159,35.4392],[-117.8158,35.4392],[-117.8156,35.4392],[-117.8155,35.4392],[-117.8154,35.4392],[-117.8153,35.4392],[-117.8152,35.4392],[-117.8151,35.4392],[-117.815,35.4392],[-117.8149,35.4392],[-117.8148,35.4392],[-117.8147,35.4392],[-117.8146,35.4392]]}},{"type":"Feature","properties":{"id":null,"name":null,"kind":"road","access":"green","seasonal":false},"geometry":{"type":"LineString","coordinates":[[-117.6732,35.5201],[-117.6731,35.5201],[-117.6724,35.5197],[-117.6705,35.5184],[-117.6695,35.5177],[-117.6692,35.5174],[-117.6691,35.5174],[-117.6689,35.5172],[-117.6684,35.5169],[-117.6681,35.5167],[-117.668,35.5166],[-117.6672,35.5161],[-117.6671,35.5161],[-117.6669,35.516],[-117.6664,35.5156],[-117.6657,35.5152],[-117.6651,35.5147],[-117.6648,35.5145],[-117.6646,35.5144],[-117.6644,35.5143],[-117.6643,35.5141],[-117.6638,35.5138],[-117.6632,35.5134],[-117.6629,35.5132],[-117.6627,35.5131],[-117.6625,35.5129],[-117.6624,35.5128],[-117.6622,35.5127],[-117.6619,35.5125],[-117.6615,35.5122],[-117.6613,35.5121],[-117.6609,35.5118],[-117.6604,35.5115],[-117.6601,35.5112],[-117.6597,35.5109],[-117.6595,35.5108],[-117.659,35.5105],[-117.6586,35.5102],[-117.6582,35.51],[-117.6579,35.5098],[-117.6577,35.5096],[-117.6574,35.5094],[-117.6572,35.5093],[-117.6569,35.5091],[-117.6566,35.5088],[-117.6562,35.5085],[-117.6559,35.5081],[-117.6557,35.5081],[-117.6555,35.5079],[-117.6554,35.5077],[-117.6552,35.5076],[-117.6549,35.5073],[-117.6546,35.5069],[-117.6543,35.5066],[-117.6539,35.5061],[-117.6537,35.5058],[-117.6535,35.5055],[-117.6533,35.5054],[-117.653,35.505],[-117.6527,35.5045],[-117.6526,35.5043],[-117.6524,35.5041],[-117.6522,35.5039],[-117.6519,35.5035],[-117.6515,35.503],[-117.6512,35.5027],[-117.651,35.5024],[-117.6507,35.502],[-117.6504,35.5017],[-117.6502,35.5014],[-117.65,35.5012],[-117.6499,35.501],[-117.6496,35.5007],[-117.6495,35.5005],[-117.6492,35.5001],[-117.649,35.4998],[-117.6486,35.4994],[-117.6483,35.499],[-117.6482,35.4988],[-117.648,35.4986],[-117.6475,35.498],[-117.6474,35.4978],[-117.6472,35.4975],[-117.6468,35.497],[-117.6466,35.4968],[-117.6464,35.4965],[-117.6462,35.4962],[-117.6459,35.4959],[-117.6454,35.4952],[-117.645,35.4948],[-117.6446,35.4942],[-117.6441,35.4936],[-117.6437,35.4931],[-117.6433,35.4926],[-117.643,35.4922],[-117.6428,35.4919]]}},{"type":"Feature","properties":{"id":null,"name":null,"kind":"road","access":"green","seasonal":false},"geometry":{"type":"LineString","coordinates":[[-117.8396,35.437],[-117.8397,35.4369],[-117.8398,35.4369],[-117.8399,35.4368],[-117.8401,35.4368],[-117.8402,35.4368],[-117.8403,35.4368],[-117.8404,35.4367],[-117.8406,35.4367],[-117.8407,35.4367],[-117.8408,35.4367],[-117.8409,35.4367],[-117.8411,35.4367],[-117.8412,35.4366],[-117.8413,35.4366],[-117.8414,35.4366],[-117.8415,35.4366],[-117.8416,35.4366],[-117.8417,35.4366],[-117.8418,35.4365],[-117.842,35.4365],[-117.8421,35.4365],[-117.8422,35.4365],[-117.8423,35.4365],[-117.8424,35.4365],[-117.8425,35.4364],[-117.8426,35.4364],[-117.8427,35.4364]]}},{"type":"Feature","properties":{"id":null,"name":null,"kind":"road","access":"green","seasonal":false},"geometry":{"type":"LineString","coordinates":[[-117.6356,35.4424],[-117.6357,35.4424],[-117.6359,35.4425],[-117.636,35.4425],[-117.6361,35.4426],[-117.6361,35.4427],[-117.6362,35.4428],[-117.6365,35.443],[-117.6366,35.4431],[-117.6368,35.4432],[-117.6369,35.4433],[-117.637,35.4434],[-117.6371,35.4434],[-117.6373,35.4436],[-117.6374,35.4437],[-117.6374,35.4438],[-117.6376,35.4438],[-117.6377,35.4439],[-117.638,35.4439],[-117.6382,35.444],[-117.6383,35.444],[-117.6385,35.444],[-117.6387,35.4441],[-117.6388,35.4442],[-117.6391,35.4443],[-117.6394,35.4444],[-117.6395,35.4444],[-117.6397,35.4444],[-117.6398,35.4445],[-117.6399,35.4445],[-117.6401,35.4446],[-117.6403,35.4447],[-117.6404,35.4448],[-117.6406,35.4448],[-117.6408,35.4449],[-117.6409,35.4449],[-117.641,35.445],[-117.6411,35.445],[-117.6412,35.445],[-117.6413,35.445],[-117.6414,35.4451],[-117.6415,35.4451],[-117.6416,35.4451],[-117.6418,35.4451],[-117.642,35.4451],[-117.6421,35.445],[-117.6422,35.445],[-117.6425,35.445],[-117.6428,35.445],[-117.6429,35.445],[-117.643,35.4449],[-117.643,35.4448],[-117.6431,35.4447],[-117.6432,35.4447],[-117.6434,35.4446],[-117.6435,35.4446],[-117.6437,35.4446],[-117.6438,35.4447],[-117.6439,35.4447],[-117.644,35.4448],[-117.6441,35.4449],[-117.6442,35.4449],[-117.6444,35.4449],[-117.6445,35.445],[-117.6448,35.4449],[-117.6451,35.4449],[-117.6454,35.445],[-117.6455,35.445],[-117.6457,35.445],[-117.6459,35.445],[-117.6461,35.4449],[-117.6463,35.4449],[-117.6465,35.4449],[-117.6467,35.445],[-117.6469,35.445],[-117.647,35.445],[-117.6471,35.4449],[-117.6472,35.4448],[-117.6474,35.4448],[-117.6474,35.4447],[-117.6475,35.4448],[-117.6476,35.4449]]}},{"type":"Feature","properties":{"id":null,"name":null,"kind":"road","access":"green","seasonal":false},"geometry":{"type":"LineString","coordinates":[[-117.6824,35.4635],[-117.6823,35.4636],[-117.6822,35.4637],[-117.6821,35.4638],[-117.682,35.4639],[-117.6819,35.4639],[-117.6818,35.464],[-117.6817,35.464],[-117.6815,35.464],[-117.6814,35.4641],[-117.6813,35.4641],[-117.6811,35.4641],[-117.681,35.4641],[-117.6808,35.4641],[-117.6807,35.4641],[-117.6806,35.4641],[-117.6805,35.4641],[-117.6804,35.464],[-117.6803,35.464],[-117.6801,35.4641],[-117.68,35.4641],[-117.6799,35.4642],[-117.6798,35.4642],[-117.6796,35.4642],[-117.6795,35.4643],[-117.6794,35.4643],[-117.6793,35.4644],[-117.6792,35.4644],[-117.6791,35.4645],[-117.679,35.4645],[-117.6788,35.4645],[-117.6787,35.4645],[-117.6786,35.4646],[-117.6785,35.4646],[-117.6784,35.4646],[-117.6783,35.4646],[-117.6782,35.4646],[-117.6781,35.4647],[-117.6779,35.4647],[-117.6778,35.4647],[-117.6777,35.4648],[-117.6776,35.4648],[-117.6775,35.4648],[-117.6774,35.4649],[-117.6773,35.4649],[-117.6772,35.4649],[-117.6771,35.4649],[-117.677,35.4649],[-117.6769,35.4649],[-117.6768,35.465],[-117.6767,35.465],[-117.6766,35.4651],[-117.6764,35.4651],[-117.6763,35.4652],[-117.6762,35.4652],[-117.676,35.4652],[-117.6759,35.4653],[-117.6758,35.4653],[-117.6756,35.4653],[-117.6755,35.4654],[-117.6754,35.4654],[-117.6753,35.4655],[-117.6752,35.4655],[-117.6751,35.4656],[-117.675,35.4656],[-117.6748,35.4656],[-117.6747,35.4657],[-117.6746,35.4657],[-117.6744,35.4658],[-117.6743,35.4658],[-117.6741,35.4659],[-117.674,35.4659],[-117.6739,35.4659],[-117.6737,35.466],[-117.6736,35.466],[-117.6735,35.466],[-117.6733,35.466],[-117.6732,35.466],[-117.6731,35.4661],[-117.6729,35.4661],[-117.6728,35.4661],[-117.6728,35.4662],[-117.6727,35.4662],[-117.6726,35.4662],[-117.6725,35.4663],[-117.6724,35.4663],[-117.6724,35.4664],[-117.6723,35.4664],[-117.6722,35.4664],[-117.6721,35.4664],[-117.672,35.4665],[-117.6719,35.4665],[-117.6717,35.4665],[-117.6716,35.4666],[-117.6715,35.4666],[-117.6714,35.4666],[-117.6713,35.4667],[-117.6712,35.4667],[-117.6711,35.4667],[-117.671,35.4668],[-117.6709,35.4668],[-117.6708,35.4669],[-117.6706,35.4669],[-117.6705,35.4669],[-117.6704,35.467],[-117.6703,35.467],[-117.6701,35.4671],[-117.67,35.4671],[-117.6699,35.4672],[-117.6697,35.4672],[-117.6696,35.4672],[-117.6695,35.4673],[-117.6693,35.4673],[-117.6692,35.4673],[-117.669,35.4673],[-117.6689,35.4674],[-117.6688,35.4674],[-117.6687,35.4675],[-117.6686,35.4675]]}},{"type":"Feature","properties":{"id":null,"name":null,"kind":"road","access":"green","seasonal":false},"geometry":{"type":"LineString","coordinates":[[-117.772,35.4736],[-117.772,35.4737],[-117.7721,35.4737],[-117.7722,35.4738],[-117.7722,35.4739],[-117.7723,35.4739],[-117.7723,35.474],[-117.7724,35.4741],[-117.7724,35.4742],[-117.7725,35.4743],[-117.7726,35.4743],[-117.7727,35.4744],[-117.7728,35.4744],[-117.7728,35.4745],[-117.7729,35.4745],[-117.7729,35.4746],[-117.7729,35.4747],[-117.773,35.4748]]}},{"type":"Feature","properties":{"id":null,"name":null,"kind":"road","access":"green","seasonal":false},"geometry":{"type":"LineString","coordinates":[[-117.8676,35.4425],[-117.8677,35.4424],[-117.8678,35.4424],[-117.8678,35.4423],[-117.8679,35.4423],[-117.8681,35.4422],[-117.8682,35.4422],[-117.8683,35.4422],[-117.8684,35.4422],[-117.8685,35.4421],[-117.8687,35.4421],[-117.8688,35.4421],[-117.8689,35.4421],[-117.869,35.4421],[-117.869,35.442],[-117.8689,35.442],[-117.8689,35.4419],[-117.8689,35.4418],[-117.8689,35.4417],[-117.8689,35.4416],[-117.8689,35.4415],[-117.8689,35.4414],[-117.8689,35.4413],[-117.8689,35.4412],[-117.8689,35.4411],[-117.869,35.4411],[-117.869,35.441]]}},{"type":"Feature","properties":{"id":null,"name":null,"kind":"road","access":"green","seasonal":false},"geometry":{"type":"LineString","coordinates":[[-117.7639,35.4422],[-117.7638,35.4422],[-117.7638,35.4423],[-117.7637,35.4423],[-117.7637,35.4424],[-117.7636,35.4424],[-117.7636,35.4425],[-117.7635,35.4425],[-117.7635,35.4426],[-117.7634,35.4426],[-117.7633,35.4427],[-117.7632,35.4427],[-117.7632,35.4428],[-117.7631,35.4428],[-117.7631,35.4429],[-117.763,35.4429],[-117.763,35.443],[-117.7629,35.4431],[-117.7629,35.4432],[-117.7628,35.4432],[-117.7628,35.4433],[-117.7627,35.4433],[-117.7627,35.4434],[-117.7627,35.4435],[-117.7626,35.4435],[-117.7626,35.4436],[-117.7625,35.4436],[-117.7625,35.4437],[-117.7624,35.4437],[-117.7623,35.4437],[-117.7622,35.4437],[-117.7621,35.4438],[-117.762,35.4438],[-117.7619,35.4438],[-117.7618,35.4438],[-117.7617,35.4438],[-117.7616,35.4438],[-117.7616,35.4439],[-117.7615,35.4439],[-117.7614,35.4439],[-117.7613,35.4439],[-117.7613,35.444],[-117.7613,35.4441]]}},{"type":"Feature","properties":{"id":null,"name":null,"kind":"road","access":"green","seasonal":false},"geometry":{"type":"LineString","coordinates":[[-117.7147,35.4626],[-117.7146,35.4628],[-117.7145,35.4629],[-117.7146,35.4629]]}},{"type":"Feature","properties":{"id":null,"name":null,"kind":"road","access":"green","seasonal":false},"geometry":{"type":"LineString","coordinates":[[-117.869,35.4411],[-117.8691,35.4412],[-117.8692,35.4412],[-117.8693,35.4413],[-117.8694,35.4413],[-117.8695,35.4413],[-117.8696,35.4413],[-117.8697,35.4413],[-117.8698,35.4413],[-117.8699,35.4413],[-117.8699,35.4412],[-117.87,35.4412],[-117.8701,35.4412],[-117.8702,35.4412],[-117.8703,35.4411],[-117.8704,35.4411],[-117.8706,35.4411],[-117.8707,35.441],[-117.8708,35.441],[-117.8709,35.441],[-117.871,35.4409],[-117.8711,35.4409],[-117.8712,35.4409],[-117.8713,35.4409],[-117.8714,35.4409],[-117.8715,35.4409],[-117.8716,35.4409],[-117.8717,35.4409],[-117.8718,35.4409],[-117.8719,35.441],[-117.872,35.441],[-117.8721,35.4411],[-117.8722,35.4411],[-117.8723,35.4411],[-117.8724,35.4411],[-117.8725,35.4411],[-117.8726,35.4411],[-117.8726,35.441],[-117.8727,35.441],[-117.8728,35.4409],[-117.8728,35.4408],[-117.8729,35.4408],[-117.873,35.4407],[-117.8729,35.4406],[-117.8728,35.4406],[-117.8728,35.4405],[-117.8727,35.4405],[-117.8727,35.4404],[-117.8727,35.4403],[-117.8728,35.4403],[-117.8729,35.4403],[-117.873,35.4403],[-117.8731,35.4403],[-117.8732,35.4403],[-117.8732,35.4402],[-117.8733,35.4401],[-117.8734,35.4401],[-117.8735,35.44],[-117.8736,35.44],[-117.8737,35.44],[-117.8738,35.44],[-117.8739,35.44],[-117.874,35.4399],[-117.8741,35.4399],[-117.8742,35.4398]]}},{"type":"Feature","properties":{"id":null,"name":null,"kind":"road","access":"green","seasonal":false},"geometry":{"type":"LineString","coordinates":[[-117.7094,35.4352],[-117.7094,35.4353],[-117.7093,35.4353],[-117.7092,35.4353],[-117.7091,35.4354],[-117.709,35.4354],[-117.7089,35.4354],[-117.7088,35.4355],[-117.7087,35.4356],[-117.7086,35.4356]]}},{"type":"Feature","properties":{"id":null,"name":null,"kind":"road","access":"green","seasonal":false},"geometry":{"type":"LineString","coordinates":[[-117.6538,35.4575],[-117.654,35.4575],[-117.6541,35.4574],[-117.6543,35.4572],[-117.6544,35.4571],[-117.6545,35.457],[-117.6546,35.4568]]}},{"type":"Feature","properties":{"id":null,"name":null,"kind":"road","access":"green","seasonal":false},"geometry":{"type":"LineString","coordinates":[[-117.6314,35.3698],[-117.6313,35.3699],[-117.6313,35.3702],[-117.6314,35.3703],[-117.6314,35.3704],[-117.6314,35.3705]]}},{"type":"Feature","properties":{"id":null,"name":null,"kind":"road","access":"green","seasonal":false},"geometry":{"type":"LineString","coordinates":[[-117.6611,35.4857],[-117.6612,35.4856],[-117.6613,35.4856],[-117.6614,35.4855],[-117.6615,35.4855],[-117.6617,35.4854],[-117.6618,35.4854],[-117.6619,35.4854],[-117.662,35.4853],[-117.6622,35.4853],[-117.6623,35.4853],[-117.6625,35.4853],[-117.6626,35.4852],[-117.6627,35.4852],[-117.6629,35.4852],[-117.663,35.4852],[-117.6632,35.4851],[-117.6633,35.4851],[-117.6635,35.4851],[-117.6636,35.4851],[-117.6637,35.4851],[-117.6638,35.4851],[-117.6639,35.485],[-117.664,35.485],[-117.6641,35.485],[-117.6642,35.4849],[-117.6644,35.4849],[-117.6645,35.4849],[-117.6646,35.4848],[-117.6648,35.4848],[-117.6649,35.4848],[-117.665,35.4847],[-117.6651,35.4847],[-117.6652,35.4847],[-117.6653,35.4846],[-117.6655,35.4846],[-117.6656,35.4845],[-117.6657,35.4844],[-117.6658,35.4844],[-117.6659,35.4844],[-117.666,35.4843],[-117.6661,35.4843],[-117.6661,35.4842],[-117.6661,35.4841],[-117.6662,35.4841],[-117.6662,35.484],[-117.6662,35.4839],[-117.6663,35.4838],[-117.6663,35.4837],[-117.6663,35.4836],[-117.6664,35.4835],[-117.6664,35.4834],[-117.6664,35.4833],[-117.6664,35.4832],[-117.6664,35.4831],[-117.6664,35.483],[-117.6663,35.4828],[-117.6663,35.4827],[-117.6662,35.4826],[-117.6662,35.4825],[-117.6662,35.4824],[-117.6662,35.4823],[-117.6661,35.4822],[-117.6661,35.4821],[-117.6661,35.482],[-117.666,35.4819],[-117.666,35.4818],[-117.666,35.4817],[-117.6659,35.4816],[-117.6659,35.4815],[-117.6659,35.4813],[-117.6659,35.4812],[-117.6659,35.4811],[-117.6659,35.481],[-117.666,35.4809],[-117.666,35.4808],[-117.666,35.4807],[-117.6659,35.4807],[-117.6659,35.4806],[-117.6658,35.4805],[-117.6657,35.4805],[-117.6657,35.4804],[-117.6656,35.4804],[-117.6656,35.4803],[-117.6655,35.4803],[-117.6654,35.4802],[-117.6653,35.4801],[-117.6652,35.4801],[-117.6652,35.48],[-117.6651,35.48],[-117.6651,35.4799],[-117.665,35.4798],[-117.6649,35.4798],[-117.6648,35.4798],[-117.6647,35.4798],[-117.6646,35.4797],[-117.6645,35.4797],[-117.6644,35.4797],[-117.6644,35.4796],[-117.6643,35.4796],[-117.6642,35.4795],[-117.6641,35.4794],[-117.664,35.4794],[-117.6639,35.4794],[-117.6639,35.4793],[-117.6638,35.4793],[-117.6638,35.4792],[-117.6637,35.4792],[-117.6636,35.4791],[-117.6635,35.479],[-117.6634,35.4789],[-117.6633,35.4789],[-117.6633,35.4788],[-117.6632,35.4787],[-117.6631,35.4787],[-117.663,35.4786],[-117.6629,35.4785],[-117.6628,35.4785],[-117.6628,35.4784],[-117.6627,35.4784],[-117.6626,35.4784],[-117.6625,35.4783],[-117.6624,35.4783],[-117.6622,35.4783],[-117.6621,35.4782],[-117.662,35.4782],[-117.6619,35.4782],[-117.6618,35.4781],[-117.6617,35.4781],[-117.6616,35.478],[-117.6615,35.478],[-117.6614,35.4779],[-117.6613,35.4779]]}},{"type":"Feature","properties":{"id":null,"name":null,"kind":"road","access":"green","seasonal":false},"geometry":{"type":"LineString","coordinates":[[-117.8822,35.3701],[-117.8822,35.37],[-117.8822,35.3698],[-117.8822,35.3697],[-117.8822,35.3695],[-117.8823,35.3693]]}},{"type":"Feature","properties":{"id":null,"name":null,"kind":"road","access":"green","seasonal":false},"geometry":{"type":"LineString","coordinates":[[-117.7151,35.4617],[-117.7151,35.4618],[-117.7151,35.462],[-117.7151,35.4621],[-117.7151,35.4622]]}},{"type":"Feature","properties":{"id":null,"name":null,"kind":"road","access":"green","seasonal":false},"geometry":{"type":"LineString","coordinates":[[-117.7404,35.424],[-117.7403,35.424],[-117.7402,35.424],[-117.7401,35.4241],[-117.74,35.4241],[-117.7399,35.4241],[-117.7398,35.4241],[-117.7398,35.4242],[-117.7396,35.4242],[-117.7395,35.4243],[-117.7394,35.4243],[-117.7393,35.4244],[-117.7392,35.4244],[-117.7391,35.4245],[-117.739,35.4245],[-117.7388,35.4245],[-117.7387,35.4246],[-117.7386,35.4246],[-117.7385,35.4246],[-117.7384,35.4247],[-117.7383,35.4247],[-117.7382,35.4247],[-117.7381,35.4247],[-117.738,35.4248],[-117.7379,35.4248],[-117.7378,35.4248],[-117.7377,35.4249],[-117.7376,35.4249],[-117.7375,35.425],[-117.7375,35.4251],[-117.7374,35.4251],[-117.7373,35.4251],[-117.7373,35.4252],[-117.7372,35.4252],[-117.7371,35.4252],[-117.737,35.4252],[-117.737,35.4251],[-117.737,35.425],[-117.7369,35.425],[-117.7368,35.425],[-117.7367,35.4251],[-117.7366,35.4251],[-117.7365,35.4251],[-117.7364,35.4251],[-117.7363,35.4252],[-117.7362,35.4252],[-117.7361,35.4253],[-117.736,35.4253],[-117.7359,35.4253],[-117.7358,35.4254],[-117.7357,35.4254],[-117.7356,35.4254],[-117.7355,35.4254],[-117.7354,35.4254],[-117.7354,35.4255],[-117.7353,35.4255],[-117.7352,35.4255],[-117.7351,35.4255],[-117.735,35.4255],[-117.7349,35.4256],[-117.7348,35.4256],[-117.7347,35.4256],[-117.7346,35.4256],[-117.7345,35.4256],[-117.7344,35.4256],[-117.7343,35.4257],[-117.7342,35.4257],[-117.734,35.4257],[-117.7339,35.4258],[-117.7338,35.4258],[-117.7337,35.4259],[-117.7336,35.4259],[-117.7335,35.4259],[-117.7334,35.426],[-117.7333,35.426],[-117.7332,35.426],[-117.7331,35.426],[-117.7331,35.4261],[-117.733,35.4261],[-117.7329,35.4261],[-117.7328,35.4262],[-117.7327,35.4262],[-117.7326,35.4262],[-117.7326,35.4263],[-117.7325,35.4263],[-117.7324,35.4263],[-117.7323,35.4264],[-117.7322,35.4264],[-117.7321,35.4264],[-117.732,35.4264],[-117.7319,35.4265],[-117.7318,35.4265],[-117.7317,35.4266],[-117.7315,35.4266],[-117.7314,35.4267],[-117.7313,35.4267],[-117.7312,35.4267],[-117.7311,35.4268],[-117.731,35.4268],[-117.7309,35.4269],[-117.7308,35.4269],[-117.7307,35.4269],[-117.7306,35.427],[-117.7305,35.427],[-117.7304,35.4271],[-117.7303,35.4271],[-117.7302,35.4271],[-117.7301,35.4272],[-117.73,35.4272],[-117.7299,35.4273],[-117.7298,35.4273],[-117.7297,35.4274],[-117.7296,35.4274],[-117.7296,35.4275],[-117.7295,35.4275],[-117.7294,35.4275],[-117.7293,35.4276],[-117.7292,35.4276],[-117.7291,35.4277],[-117.729,35.4278],[-117.7289,35.4278],[-117.7288,35.4279],[-117.7287,35.4279],[-117.7286,35.428],[-117.7285,35.4281],[-117.7284,35.4281],[-117.7283,35.4282],[-117.7282,35.4282],[-117.7281,35.4283],[-117.728,35.4283],[-117.7279,35.4284],[-117.7278,35.4284],[-117.7277,35.4284],[-117.7277,35.4285],[-117.7276,35.4285],[-117.7275,35.4285],[-117.7275,35.4286],[-117.7274,35.4286],[-117.7273,35.4286],[-117.7273,35.4287],[-117.7272,35.4287],[-117.7271,35.4287],[-117.727,35.4288],[-117.7269,35.4289],[-117.7267,35.4289],[-117.7266,35.4289],[-117.7265,35.429],[-117.7264,35.429],[-117.7263,35.429],[-117.7262,35.4291],[-117.7261,35.4291],[-117.726,35.4292],[-117.7259,35.4292],[-117.7258,35.4292],[-117.7257,35.4292],[-117.7256,35.4293],[-117.7255,35.4293],[-117.7254,35.4294],[-117.7253,35.4294],[-117.7252,35.4294],[-117.7252,35.4295],[-117.7251,35.4295],[-117.725,35.4295],[-117.7249,35.4295],[-117.7248,35.4295],[-117.7248,35.4296],[-117.7247,35.4296],[-117.7246,35.4296],[-117.7245,35.4296],[-117.7244,35.4296],[-117.7243,35.4297],[-117.7242,35.4297],[-117.7241,35.4298],[-117.724,35.4298],[-117.7239,35.4299],[-117.7238,35.4299],[-117.7237,35.4299],[-117.7236,35.43],[-117.7235,35.43],[-117.7234,35.43],[-117.7233,35.4301],[-117.7232,35.4301],[-117.7231,35.4302],[-117.723,35.4302],[-117.7229,35.4303],[-117.7228,35.4303],[-117.7227,35.4303],[-117.7226,35.4304],[-117.7225,35.4304],[-117.7224,35.4304],[-117.7223,35.4305],[-117.7222,35.4305],[-117.7221,35.4305],[-117.722,35.4305],[-117.7219,35.4305],[-117.7218,35.4305],[-117.7217,35.4306],[-117.7216,35.4306],[-117.7215,35.4306],[-117.7214,35.4307],[-117.7213,35.4307],[-117.7212,35.4307],[-117.7211,35.4307],[-117.721,35.4307],[-117.7209,35.4308],[-117.7208,35.4308],[-117.7207,35.4309],[-117.7206,35.4309],[-117.7206,35.431],[-117.7205,35.431],[-117.7204,35.4311],[-117.7203,35.4311],[-117.7202,35.4312],[-117.7201,35.4312],[-117.72,35.4313],[-117.7199,35.4313],[-117.7198,35.4314],[-117.7197,35.4314],[-117.7196,35.4314],[-117.7195,35.4314],[-117.7194,35.4315],[-117.7193,35.4315],[-117.7192,35.4315],[-117.7192,35.4316],[-117.7191,35.4316],[-117.719,35.4316],[-117.7189,35.4316],[-117.7188,35.4317],[-117.7187,35.4317],[-117.7186,35.4317],[-117.7185,35.4318],[-117.7184,35.4318],[-117.7183,35.4319],[-117.7182,35.432],[-117.7181,35.432],[-117.7181,35.4321],[-117.718,35.4321],[-117.7179,35.4322],[-117.7178,35.4322],[-117.7177,35.4323],[-117.7176,35.4323],[-117.7175,35.4323],[-117.7174,35.4324],[-117.7173,35.4324],[-117.7172,35.4324],[-117.7171,35.4325],[-117.717,35.4325],[-117.7168,35.4325],[-117.7167,35.4325],[-117.7166,35.4325],[-117.7165,35.4325],[-117.7164,35.4325],[-117.7164,35.4326],[-117.7163,35.4326],[-117.7162,35.4326],[-117.7161,35.4326],[-117.716,35.4326],[-117.7159,35.4326],[-117.7158,35.4326],[-117.7157,35.4327],[-117.7156,35.4327],[-117.7155,35.4327],[-117.7154,35.4327],[-117.7153,35.4327],[-117.7152,35.4327],[-117.7151,35.4328],[-117.715,35.4328],[-117.7149,35.4328],[-117.7148,35.4328],[-117.7147,35.4328],[-117.7146,35.4328],[-117.7146,35.4329],[-117.7145,35.4329],[-117.7144,35.4329],[-117.7143,35.433],[-117.7142,35.4331],[-117.7141,35.4331],[-117.714,35.4331],[-117.7139,35.4332],[-117.7138,35.4332],[-117.7137,35.4333],[-117.7136,35.4333],[-117.7135,35.4334],[-117.7134,35.4334],[-117.7133,35.4334],[-117.7132,35.4334],[-117.7131,35.4335],[-117.713,35.4335],[-117.7129,35.4335],[-117.7128,35.4336],[-117.7127,35.4336],[-117.7125,35.4337],[-117.7124,35.4337],[-117.7124,35.4338],[-117.7123,35.4338],[-117.7122,35.4339],[-117.7121,35.4339],[-117.712,35.434],[-117.7119,35.434],[-117.7118,35.434],[-117.7118,35.4341],[-117.7117,35.4341],[-117.7116,35.4341],[-117.7115,35.4341],[-117.7114,35.4341],[-117.7113,35.4341],[-117.7112,35.4342],[-117.7111,35.4342],[-117.711,35.4342],[-117.7109,35.4342],[-117.7108,35.4343],[-117.7107,35.4343],[-117.7106,35.4343],[-117.7105,35.4344]]}},{"type":"Feature","properties":{"id":null,"name":null,"kind":"road","access":"green","seasonal":false},"geometry":{"type":"LineString","coordinates":[[-117.9198,35.3505],[-117.9198,35.3506],[-117.9199,35.3507],[-117.9203,35.351],[-117.9204,35.3511],[-117.9212,35.3518],[-117.9214,35.352],[-117.9216,35.3522],[-117.9217,35.3523],[-117.9218,35.3524],[-117.9219,35.3525],[-117.9222,35.3527],[-117.9224,35.3529],[-117.9227,35.3532],[-117.9229,35.3534],[-117.9233,35.3537],[-117.9236,35.354],[-117.924,35.3543],[-117.9244,35.3547],[-117.9247,35.355],[-117.925,35.3553],[-117.9253,35.3556],[-117.9255,35.3559],[-117.9257,35.3561],[-117.926,35.3564],[-117.9263,35.3567],[-117.9265,35.357],[-117.9266,35.3571],[-117.9268,35.3573],[-117.927,35.3576],[-117.9272,35.3578],[-117.9273,35.3579],[-117.9274,35.3581],[-117.9276,35.3584],[-117.928,35.3588],[-117.9282,35.359],[-117.9284,35.3592],[-117.9286,35.3594],[-117.9288,35.3596],[-117.929,35.3597],[-117.9292,35.36],[-117.9294,35.3601],[-117.9295,35.3602],[-117.9298,35.3605]]}},{"type":"Feature","properties":{"id":null,"name":null,"kind":"road","access":"green","seasonal":false},"geometry":{"type":"LineString","coordinates":[[-117.6716,35.4335],[-117.6716,35.4333],[-117.6715,35.4331],[-117.6714,35.4327],[-117.6714,35.4325],[-117.6714,35.4323],[-117.6714,35.4321],[-117.6714,35.4319],[-117.6713,35.4318],[-117.6713,35.4315],[-117.6713,35.4311],[-117.6713,35.4308],[-117.6714,35.4305],[-117.6714,35.4303],[-117.6714,35.43],[-117.6714,35.4298],[-117.6714,35.4295],[-117.6713,35.4293],[-117.6713,35.4291],[-117.6713,35.4286],[-117.6713,35.4285],[-117.6713,35.4284],[-117.6713,35.4282],[-117.6713,35.428],[-117.6713,35.4278],[-117.6714,35.4275],[-117.6714,35.4273],[-117.6714,35.4271],[-117.6714,35.4268],[-117.6714,35.4265],[-117.6713,35.4263],[-117.6714,35.4261],[-117.6714,35.426],[-117.6714,35.4257],[-117.6714,35.4255],[-117.6714,35.4253],[-117.6715,35.4251],[-117.6716,35.425],[-117.6717,35.4249],[-117.6717,35.4248],[-117.6718,35.4246],[-117.672,35.4243],[-117.6721,35.4242],[-117.672,35.424],[-117.672,35.4239],[-117.672,35.4237],[-117.6721,35.4236]]}},{"type":"Feature","properties":{"id":null,"name":null,"kind":"road","access":"green","seasonal":false},"geometry":{"type":"LineString","coordinates":[[-117.8768,35.4382],[-117.8769,35.4382],[-117.877,35.4382],[-117.8771,35.4382],[-117.8772,35.4382],[-117.8773,35.4382],[-117.8774,35.4382],[-117.8775,35.4382],[-117.8776,35.4382],[-117.8777,35.4382],[-117.8778,35.4382],[-117.8779,35.4382],[-117.8779,35.4383],[-117.878,35.4383],[-117.8781,35.4383],[-117.8782,35.4383],[-117.8783,35.4383],[-117.8784,35.4382],[-117.8785,35.4382],[-117.8786,35.4381],[-117.8787,35.4381],[-117.8788,35.438],[-117.8788,35.4379],[-117.8789,35.4378],[-117.8789,35.4377],[-117.879,35.4376],[-117.879,35.4375],[-117.8791,35.4374],[-117.8792,35.4373],[-117.8793,35.4372],[-117.8794,35.4372],[-117.8796,35.4371],[-117.8797,35.4371],[-117.8798,35.437],[-117.88,35.4369],[-117.88,35.4368],[-117.8801,35.4367],[-117.8801,35.4366],[-117.8802,35.4365],[-117.8802,35.4364],[-117.8803,35.4363],[-117.8803,35.4362],[-117.8804,35.4361],[-117.8804,35.436],[-117.8804,35.4359],[-117.8805,35.4358],[-117.8806,35.4357],[-117.8807,35.4356],[-117.8808,35.4356],[-117.8809,35.4355],[-117.881,35.4354],[-117.8812,35.4354],[-117.8813,35.4353]]}},{"type":"Feature","properties":{"id":null,"name":null,"kind":"road","access":"green","seasonal":false},"geometry":{"type":"LineString","coordinates":[[-117.8858,35.4512],[-117.8857,35.4512],[-117.8857,35.4511],[-117.8856,35.451],[-117.8856,35.4509],[-117.8855,35.4508],[-117.8855,35.4507],[-117.8855,35.4506],[-117.8854,35.4506],[-117.8854,35.4505],[-117.8854,35.4504],[-117.8853,35.4503],[-117.8853,35.4502],[-117.8853,35.4501],[-117.8853,35.45],[-117.8853,35.4498],[-117.8853,35.4497],[-117.8853,35.4496],[-117.8853,35.4495],[-117.8853,35.4494],[-117.8854,35.4493],[-117.8854,35.4492],[-117.8855,35.4491],[-117.8855,35.449],[-117.8856,35.4489],[-117.8856,35.4488],[-117.8857,35.4488],[-117.8857,35.4487],[-117.8858,35.4486],[-117.8859,35.4485],[-117.886,35.4483],[-117.8861,35.4482],[-117.8862,35.448],[-117.8863,35.4478],[-117.8864,35.4477],[-117.8865,35.4475],[-117.8866,35.4473],[-117.8866,35.4472],[-117.8867,35.447],[-117.8868,35.4468],[-117.8868,35.4467],[-117.8869,35.4465],[-117.8869,35.4464],[-117.887,35.4462],[-117.887,35.4461],[-117.8871,35.4459],[-117.8872,35.4458],[-117.8872,35.4456],[-117.8873,35.4455],[-117.8873,35.4453],[-117.8874,35.4452],[-117.8875,35.445],[-117.8875,35.4449],[-117.8876,35.4448],[-117.8877,35.4446],[-117.8877,35.4445],[-117.8878,35.4444],[-117.8878,35.4443],[-117.8879,35.4441],[-117.888,35.444],[-117.888,35.4439],[-117.8881,35.4438],[-117.8882,35.4437],[-117.8882,35.4436],[-117.8883,35.4435],[-117.8885,35.4434],[-117.8886,35.4432],[-117.8887,35.4431],[-117.8888,35.4429],[-117.8889,35.4428],[-117.889,35.4426],[-117.8891,35.4425],[-117.8891,35.4423],[-117.8892,35.4422],[-117.8892,35.442],[-117.8892,35.4419],[-117.8893,35.4417],[-117.8893,35.4416],[-117.8893,35.4415],[-117.8893,35.4414],[-117.8893,35.4413],[-117.8893,35.4412],[-117.8893,35.4411],[-117.8893,35.441],[-117.8893,35.4409],[-117.8893,35.4408],[-117.8894,35.4407],[-117.8895,35.4406],[-117.8896,35.4405],[-117.8897,35.4404],[-117.8897,35.4403],[-117.8897,35.4402],[-117.8897,35.4401],[-117.8897,35.44],[-117.8897,35.4399],[-117.8896,35.4398],[-117.8897,35.4397],[-117.8897,35.4396],[-117.8897,35.4395],[-117.8898,35.4393],[-117.8898,35.4392],[-117.8898,35.4391],[-117.8899,35.439],[-117.8899,35.4388],[-117.89,35.4387],[-117.8901,35.4386],[-117.8901,35.4385],[-117.8902,35.4384],[-117.8902,35.4383],[-117.8903,35.4381],[-117.8904,35.438],[-117.8904,35.4379],[-117.8905,35.4378],[-117.8905,35.4377],[-117.8906,35.4376],[-117.8907,35.4374],[-117.8908,35.4373],[-117.8909,35.4371],[-117.8909,35.437],[-117.891,35.4369],[-117.891,35.4368],[-117.8911,35.4367],[-117.8911,35.4366],[-117.8911,35.4365],[-117.8912,35.4364],[-117.8913,35.4364],[-117.8914,35.4364],[-117.8915,35.4364],[-117.8916,35.4364],[-117.8916,35.4363],[-117.8917,35.4362],[-117.8918,35.4361],[-117.8918,35.436],[-117.8919,35.4359],[-117.8919,35.4358],[-117.892,35.4357],[-117.8921,35.4357],[-117.8921,35.4356],[-117.8922,35.4355],[-117.8923,35.4355],[-117.8923,35.4354],[-117.8924,35.4354],[-117.8924,35.4353],[-117.8924,35.4352],[-117.8925,35.4351],[-117.8925,35.435],[-117.8926,35.4349],[-117.8926,35.4348],[-117.8926,35.4347],[-117.8926,35.4346],[-117.8926,35.4345],[-117.8927,35.4344],[-117.8928,35.4344],[-117.8929,35.4344],[-117.8929,35.4343],[-117.893,35.4343],[-117.893,35.4342],[-117.8929,35.4342],[-117.8928,35.4342],[-117.8927,35.4342],[-117.8926,35.4342],[-117.8926,35.4341],[-117.8926,35.434]]}},{"type":"Feature","properties":{"id":null,"name":null,"kind":"road","access":"green","seasonal":false},"geometry":{"type":"LineString","coordinates":[[-117.8868,35.4168],[-117.8869,35.4168],[-117.8869,35.4169],[-117.887,35.4169],[-117.8871,35.4169],[-117.8872,35.4169],[-117.8873,35.417],[-117.8874,35.417],[-117.8875,35.4171],[-117.8875,35.4172],[-117.8875,35.4173],[-117.8875,35.4174],[-117.8876,35.4174],[-117.8876,35.4175],[-117.8877,35.4175],[-117.8877,35.4176],[-117.8878,35.4177],[-117.8879,35.4177],[-117.888,35.4178],[-117.8881,35.4178],[-117.8882,35.4178],[-117.8883,35.4178],[-117.8884,35.4178],[-117.8885,35.4178],[-117.8886,35.4178],[-117.8887,35.4178],[-117.8887,35.4179],[-117.8888,35.4179],[-117.8888,35.418],[-117.8888,35.4181],[-117.8888,35.4182],[-117.8889,35.4183],[-117.8889,35.4184],[-117.8889,35.4185],[-117.889,35.4185],[-117.889,35.4186],[-117.889,35.4187],[-117.889,35.4188],[-117.889,35.4189],[-117.889,35.419],[-117.889,35.4191],[-117.8889,35.4191],[-117.8889,35.4192],[-117.8889,35.4193],[-117.8889,35.4194],[-117.8889,35.4195],[-117.8888,35.4195],[-117.8888,35.4196],[-117.8889,35.4197],[-117.8889,35.4198],[-117.889,35.4198],[-117.889,35.4199],[-117.889,35.42],[-117.8891,35.4201],[-117.8892,35.4201],[-117.8892,35.4202],[-117.8893,35.4202],[-117.8893,35.4203],[-117.8894,35.4203],[-117.8895,35.4203],[-117.8896,35.4203],[-117.8897,35.4202],[-117.8898,35.4202],[-117.8899,35.4201],[-117.89,35.4201],[-117.8901,35.4201],[-117.8901,35.4202],[-117.8902,35.4202],[-117.8902,35.4203],[-117.8903,35.4204],[-117.8903,35.4205],[-117.8904,35.4205],[-117.8904,35.4206],[-117.8903,35.4207],[-117.8903,35.4208],[-117.8903,35.4209],[-117.8903,35.421],[-117.8903,35.4211],[-117.8904,35.4212],[-117.8905,35.4212],[-117.8906,35.4213],[-117.8907,35.4213],[-117.8907,35.4214],[-117.8908,35.4214],[-117.8909,35.4214],[-117.891,35.4214],[-117.891,35.4215],[-117.8911,35.4215],[-117.8911,35.4216],[-117.8911,35.4217],[-117.8911,35.4218],[-117.8911,35.4219],[-117.8912,35.422],[-117.8912,35.4221],[-117.8912,35.4222],[-117.8913,35.4223],[-117.8913,35.4224],[-117.8914,35.4225],[-117.8915,35.4226],[-117.8915,35.4227],[-117.8916,35.4228]]}},{"type":"Feature","properties":{"id":null,"name":null,"kind":"road","access":"green","seasonal":false},"geometry":{"type":"LineString","coordinates":[[-117.8835,35.4202],[-117.8835,35.4201],[-117.8834,35.4201],[-117.8834,35.42],[-117.8833,35.42],[-117.8832,35.42],[-117.8831,35.42],[-117.883,35.42],[-117.8829,35.42],[-117.8828,35.42],[-117.8827,35.4201],[-117.8826,35.4201],[-117.8825,35.4201],[-117.8824,35.4201],[-117.8822,35.4201],[-117.8821,35.4201],[-117.882,35.4201],[-117.8819,35.4201],[-117.8818,35.4201],[-117.8817,35.4201],[-117.8816,35.4201],[-117.8815,35.4201],[-117.8813,35.4201],[-117.8812,35.4201],[-117.8811,35.4201],[-117.881,35.42],[-117.8809,35.42],[-117.8808,35.42],[-117.8807,35.42],[-117.8806,35.42],[-117.8805,35.42],[-117.8804,35.42],[-117.8803,35.4199],[-117.8802,35.4199],[-117.8801,35.4199],[-117.88,35.4199],[-117.8799,35.4199],[-117.8798,35.4199],[-117.8797,35.4199],[-117.8796,35.4199],[-117.8795,35.4199],[-117.8794,35.42],[-117.8793,35.42],[-117.8792,35.4201],[-117.8791,35.4201],[-117.879,35.4202],[-117.8789,35.4203],[-117.8788,35.4203],[-117.8787,35.4204],[-117.8786,35.4204],[-117.8785,35.4205],[-117.8784,35.4205],[-117.8783,35.4206],[-117.8782,35.4206],[-117.8782,35.4207],[-117.8781,35.4207],[-117.878,35.4208],[-117.8779,35.4208],[-117.8778,35.4209],[-117.8777,35.4209],[-117.8777,35.421],[-117.8776,35.421],[-117.8775,35.4211],[-117.8774,35.4211],[-117.8773,35.4212],[-117.8772,35.4213],[-117.8771,35.4213],[-117.877,35.4214],[-117.8769,35.4215],[-117.8768,35.4215],[-117.8767,35.4216],[-117.8766,35.4217],[-117.8765,35.4217],[-117.8764,35.4217],[-117.8763,35.4217],[-117.8762,35.4217],[-117.8761,35.4217],[-117.876,35.4217],[-117.8759,35.4217],[-117.8758,35.4217]]}},{"type":"Feature","properties":{"id":null,"name":null,"kind":"road","access":"green","seasonal":false},"geometry":{"type":"LineString","coordinates":[[-117.7016,35.4634],[-117.7015,35.4635],[-117.7014,35.4635],[-117.7013,35.4635],[-117.7012,35.4635],[-117.7011,35.4635],[-117.701,35.4635]]}},{"type":"Feature","properties":{"id":null,"name":null,"kind":"road","access":"green","seasonal":false},"geometry":{"type":"LineString","coordinates":[[-117.8411,35.4357],[-117.8412,35.4357],[-117.8412,35.4358],[-117.8412,35.4359],[-117.8412,35.436],[-117.8412,35.4361],[-117.8412,35.4362],[-117.8412,35.4363],[-117.8412,35.4364],[-117.8412,35.4365],[-117.8413,35.4365],[-117.8413,35.4366]]}},{"type":"Feature","properties":{"id":null,"name":null,"kind":"road","access":"green","seasonal":false},"geometry":{"type":"LineString","coordinates":[[-117.6806,35.459],[-117.6805,35.459],[-117.6804,35.459],[-117.6803,35.459],[-117.6802,35.459],[-117.6801,35.4589],[-117.68,35.4589],[-117.6799,35.4589],[-117.6798,35.4588],[-117.6797,35.4588],[-117.6796,35.4588],[-117.6795,35.4587],[-117.6794,35.4587],[-117.6793,35.4587],[-117.6792,35.4587],[-117.6791,35.4587],[-117.679,35.4588],[-117.6789,35.4588],[-117.6788,35.4588],[-117.6787,35.4588],[-117.6786,35.4588],[-117.6785,35.4588],[-117.6784,35.4588],[-117.6783,35.4587],[-117.6782,35.4587],[-117.6782,35.4586],[-117.6781,35.4586],[-117.6781,35.4585],[-117.678,35.4585],[-117.678,35.4584],[-117.6779,35.4584],[-117.6778,35.4583],[-117.6777,35.4582],[-117.6776,35.4581],[-117.6776,35.458],[-117.6775,35.458],[-117.6775,35.4579],[-117.6774,35.4579],[-117.6774,35.4578],[-117.6773,35.4578],[-117.6773,35.4577],[-117.6772,35.4577],[-117.6771,35.4576],[-117.677,35.4576],[-117.6769,35.4576],[-117.6768,35.4576],[-117.6767,35.4576],[-117.6766,35.4576],[-117.6765,35.4576],[-117.6764,35.4576],[-117.6763,35.4576],[-117.6762,35.4576],[-117.6761,35.4576],[-117.676,35.4576],[-117.6759,35.4576],[-117.6758,35.4575],[-117.6758,35.4574],[-117.6757,35.4574],[-117.6757,35.4573],[-117.6756,35.4573],[-117.6756,35.4572],[-117.6755,35.4571],[-117.6754,35.457],[-117.6753,35.457],[-117.6753,35.4569],[-117.6752,35.4569],[-117.6751,35.4569],[-117.6751,35.4568],[-117.675,35.4567],[-117.6749,35.4566],[-117.6748,35.4565],[-117.6747,35.4565],[-117.6746,35.4564],[-117.6745,35.4564],[-117.6744,35.4564],[-117.6744,35.4563],[-117.6743,35.4563],[-117.6742,35.4563],[-117.6742,35.4562],[-117.6741,35.4562],[-117.674,35.4562],[-117.6739,35.4562],[-117.6738,35.4562],[-117.6738,35.4561],[-117.6737,35.4561],[-117.6736,35.4561],[-117.6735,35.4561],[-117.6734,35.456],[-117.6733,35.456],[-117.6733,35.4559],[-117.6732,35.4559],[-117.6732,35.4558],[-117.6731,35.4558],[-117.6731,35.4557],[-117.673,35.4557],[-117.6729,35.4557],[-117.6728,35.4557],[-117.6727,35.4557],[-117.6726,35.4556],[-117.6725,35.4556],[-117.6724,35.4555],[-117.6723,35.4555],[-117.6723,35.4554],[-117.6722,35.4554],[-117.6721,35.4554],[-117.672,35.4553],[-117.6719,35.4553],[-117.6718,35.4553],[-117.6716,35.4552],[-117.6715,35.4552],[-117.6714,35.4551],[-117.6713,35.4551],[-117.6712,35.4551],[-117.6711,35.4551],[-117.671,35.4551],[-117.671,35.455],[-117.6709,35.455],[-117.6708,35.4549],[-117.6707,35.4548],[-117.6706,35.4547],[-117.6705,35.4546],[-117.6704,35.4546],[-117.6703,35.4545],[-117.6702,35.4545],[-117.6701,35.4544],[-117.67,35.4544],[-117.6699,35.4544],[-117.6698,35.4543],[-117.6697,35.4543],[-117.6696,35.4542],[-117.6695,35.4542],[-117.6694,35.4541],[-117.6693,35.454],[-117.6692,35.454],[-117.6691,35.4539],[-117.669,35.4539],[-117.6689,35.4538],[-117.6688,35.4537],[-117.6687,35.4537],[-117.6686,35.4536],[-117.6685,35.4536],[-117.6684,35.4535],[-117.6683,35.4535],[-117.6681,35.4535],[-117.668,35.4535],[-117.6679,35.4536],[-117.6678,35.4536],[-117.6677,35.4537],[-117.6676,35.4537],[-117.6675,35.4538],[-117.6674,35.4538],[-117.6673,35.4538],[-117.6673,35.4539],[-117.6672,35.4539],[-117.6671,35.454],[-117.667,35.454],[-117.6669,35.4541],[-117.6669,35.4542],[-117.6668,35.4542],[-117.6667,35.4543],[-117.6667,35.4544],[-117.6666,35.4544],[-117.6665,35.4545],[-117.6665,35.4546]]}},{"type":"Feature","properties":{"id":null,"name":null,"kind":"road","access":"green","seasonal":false},"geometry":{"type":"LineString","coordinates":[[-117.8175,35.4601],[-117.8176,35.4603],[-117.8177,35.4604],[-117.8178,35.4605],[-117.8178,35.4607],[-117.8177,35.4608],[-117.8176,35.461],[-117.8177,35.4611],[-117.8178,35.4613],[-117.8177,35.4613],[-117.8177,35.4614],[-117.8177,35.4615],[-117.8176,35.4615],[-117.8176,35.4616],[-117.8176,35.4617],[-117.8175,35.4617],[-117.8174,35.4617],[-117.8174,35.4618],[-117.8173,35.4618],[-117.8172,35.4619],[-117.8172,35.462],[-117.8173,35.462],[-117.8173,35.4621],[-117.8173,35.4622],[-117.8172,35.4622],[-117.8171,35.4623],[-117.817,35.4624],[-117.817,35.4625],[-117.8169,35.4625],[-117.8169,35.4626],[-117.8169,35.4627],[-117.8169,35.4628],[-117.8169,35.4629],[-117.817,35.4629],[-117.817,35.463],[-117.817,35.4631],[-117.8171,35.4632],[-117.8171,35.4633],[-117.8171,35.4634],[-117.8172,35.4634],[-117.8173,35.4634],[-117.8174,35.4634],[-117.8174,35.4635],[-117.8174,35.4636],[-117.8175,35.4636],[-117.8175,35.4637],[-117.8176,35.4637],[-117.8177,35.4637],[-117.8178,35.4638],[-117.8179,35.4638],[-117.818,35.4638],[-117.8181,35.4639],[-117.8182,35.4639],[-117.8183,35.4639],[-117.8184,35.4638],[-117.8185,35.4638],[-117.8186,35.4638],[-117.8187,35.4639]]}},{"type":"Feature","properties":{"id":null,"name":null,"kind":"road","access":"green","seasonal":false},"geometry":{"type":"LineString","coordinates":[[-117.664,35.3325],[-117.6641,35.3323],[-117.6644,35.3321],[-117.6648,35.3317],[-117.6649,35.3316],[-117.6651,35.3314],[-117.6651,35.3313],[-117.6652,35.3312],[-117.6653,35.3312],[-117.6655,35.3311],[-117.6657,35.331]]}},{"type":"Feature","properties":{"id":null,"name":null,"kind":"road","access":"green","seasonal":false},"geometry":{"type":"LineString","coordinates":[[-117.7627,35.4341],[-117.7626,35.4342],[-117.7625,35.4343],[-117.7624,35.4343],[-117.7623,35.4343],[-117.7623,35.4344],[-117.7622,35.4344],[-117.7621,35.4344],[-117.7621,35.4345],[-117.762,35.4346],[-117.7619,35.4347],[-117.7618,35.4347],[-117.7618,35.4348],[-117.7617,35.4348],[-117.7616,35.4349],[-117.7616,35.435],[-117.7615,35.4351],[-117.7615,35.4352],[-117.7615,35.4353],[-117.7614,35.4353],[-117.7613,35.4354],[-117.7612,35.4355],[-117.7611,35.4355],[-117.7611,35.4356],[-117.761,35.4356],[-117.7609,35.4356],[-117.7609,35.4357],[-117.7608,35.4357],[-117.7608,35.4358],[-117.7607,35.4359],[-117.7607,35.436],[-117.7606,35.436]]}},{"type":"Feature","properties":{"id":null,"name":null,"kind":"road","access":"green","seasonal":false},"geometry":{"type":"LineString","coordinates":[[-117.8146,35.4392],[-117.8145,35.4392],[-117.8145,35.4393],[-117.8145,35.4394],[-117.8146,35.4394],[-117.8147,35.4395],[-117.8147,35.4396],[-117.8147,35.4397],[-117.8147,35.4398],[-117.8146,35.4399],[-117.8146,35.44],[-117.8145,35.44],[-117.8145,35.4401],[-117.8144,35.4402],[-117.8143,35.4402],[-117.8142,35.4402],[-117.8141,35.4402],[-117.814,35.4401],[-117.8139,35.4401],[-117.8138,35.44],[-117.8137,35.44],[-117.8136,35.44],[-117.8135,35.4401],[-117.8134,35.4401],[-117.8133,35.4401],[-117.8132,35.4401],[-117.8131,35.4401],[-117.813,35.4401],[-117.8129,35.4401],[-117.8129,35.4402],[-117.8128,35.4402],[-117.8127,35.4402],[-117.8126,35.4402],[-117.8125,35.4402],[-117.8124,35.4403],[-117.8123,35.4403],[-117.8122,35.4403],[-117.8122,35.4402],[-117.8121,35.4402],[-117.812,35.4401],[-117.8119,35.4401],[-117.8118,35.44],[-117.8117,35.44],[-117.8116,35.4399],[-117.8115,35.4399],[-117.8115,35.44],[-117.8114,35.44],[-117.8113,35.44],[-117.8112,35.44],[-117.8111,35.44],[-117.811,35.44],[-117.8109,35.44],[-117.8108,35.44],[-117.8107,35.44],[-117.8106,35.44],[-117.8105,35.4399],[-117.8104,35.4399],[-117.8103,35.4399],[-117.8102,35.4399],[-117.8101,35.4399],[-117.81,35.4399],[-117.8099,35.4399],[-117.8098,35.4399],[-117.8097,35.4399],[-117.8097,35.44],[-117.8096,35.44],[-117.8095,35.44],[-117.8094,35.44],[-117.8093,35.4401],[-117.8092,35.4401],[-117.8091,35.4401],[-117.809,35.4401],[-117.8089,35.4401],[-117.8088,35.4401],[-117.8087,35.4401],[-117.8087,35.4402],[-117.8086,35.4402],[-117.8085,35.4402],[-117.8084,35.4402],[-117.8083,35.4403],[-117.8083,35.4404]]}},{"type":"Feature","properties":{"id":null,"name":null,"kind":"road","access":"green","seasonal":false},"geometry":{"type":"LineString","coordinates":[[-117.6304,35.369],[-117.6302,35.3689],[-117.63,35.3687]]}},{"type":"Feature","properties":{"id":null,"name":null,"kind":"road","access":"green","seasonal":false},"geometry":{"type":"LineString","coordinates":[[-117.7197,35.4519],[-117.7197,35.4518],[-117.7196,35.4518],[-117.7196,35.4517],[-117.7195,35.4517],[-117.7195,35.4516],[-117.7194,35.4516],[-117.7193,35.4515],[-117.7192,35.4514],[-117.7192,35.4513],[-117.7191,35.4513],[-117.719,35.4512],[-117.719,35.4511],[-117.7189,35.451],[-117.7188,35.4509],[-117.7187,35.4508],[-117.7187,35.4507],[-117.7186,35.4507],[-117.7186,35.4506],[-117.7185,35.4505],[-117.7185,35.4504],[-117.7184,35.4503],[-117.7184,35.4502],[-117.7184,35.4501],[-117.7184,35.45],[-117.7184,35.4499],[-117.7184,35.4498],[-117.7184,35.4497],[-117.7184,35.4496],[-117.7183,35.4495],[-117.7183,35.4494],[-117.7182,35.4493],[-117.7182,35.4492],[-117.7181,35.4492],[-117.718,35.4491],[-117.718,35.449],[-117.7179,35.449],[-117.7179,35.4489],[-117.7179,35.4488],[-117.7179,35.4487],[-117.7178,35.4487],[-117.7178,35.4486],[-117.7178,35.4485],[-117.7177,35.4484],[-117.7177,35.4483],[-117.7176,35.4483],[-117.7176,35.4482],[-117.7176,35.4481],[-117.7175,35.448],[-117.7175,35.4479],[-117.7175,35.4478],[-117.7175,35.4477],[-117.7175,35.4476],[-117.7174,35.4475],[-117.7174,35.4474],[-117.7175,35.4473],[-117.7175,35.4472],[-117.7175,35.4471],[-117.7175,35.447],[-117.7175,35.4469],[-117.7175,35.4468],[-117.7174,35.4468],[-117.7174,35.4467],[-117.7173,35.4467],[-117.7173,35.4466],[-117.7173,35.4465],[-117.7173,35.4464],[-117.7173,35.4463],[-117.7174,35.4463],[-117.7174,35.4462],[-117.7174,35.4461],[-117.7174,35.446],[-117.7174,35.4459],[-117.7174,35.4458],[-117.7173,35.4457],[-117.7172,35.4457],[-117.7171,35.4457],[-117.7171,35.4456],[-117.7171,35.4455],[-117.717,35.4455],[-117.717,35.4454],[-117.717,35.4453],[-117.717,35.4452],[-117.7169,35.4451],[-117.7168,35.4451],[-117.7167,35.445],[-117.7166,35.445],[-117.7165,35.445],[-117.7164,35.445],[-117.7164,35.4449],[-117.7164,35.4448],[-117.7165,35.4448],[-117.7165,35.4447],[-117.7166,35.4447],[-117.7167,35.4447],[-117.7167,35.4446],[-117.7168,35.4446],[-117.7169,35.4445],[-117.717,35.4444],[-117.7171,35.4444],[-117.7172,35.4444],[-117.7172,35.4443],[-117.7173,35.4443],[-117.7173,35.4442],[-117.7172,35.4441],[-117.7172,35.444],[-117.7171,35.444],[-117.7171,35.4439],[-117.717,35.4439],[-117.7169,35.4439],[-117.7168,35.4439],[-117.7167,35.4439],[-117.7167,35.4438],[-117.7166,35.4438],[-117.7165,35.4438],[-117.7164,35.4437],[-117.7163,35.4437],[-117.7162,35.4437],[-117.7162,35.4436],[-117.7161,35.4436],[-117.716,35.4436],[-117.716,35.4435],[-117.7159,35.4435],[-117.7158,35.4434],[-117.7157,35.4434],[-117.7156,35.4433],[-117.7155,35.4433],[-117.7155,35.4432],[-117.7154,35.4432],[-117.7154,35.4431],[-117.7153,35.4431],[-117.7152,35.4431],[-117.7152,35.443],[-117.7151,35.443],[-117.715,35.443],[-117.7149,35.443],[-117.7149,35.4431],[-117.7148,35.4431],[-117.7148,35.443]]}},{"type":"Feature","properties":{"id":null,"name":null,"kind":"road","access":"green","seasonal":false},"geometry":{"type":"LineString","coordinates":[[-117.9249,35.3459],[-117.9248,35.3457],[-117.9247,35.3456],[-117.9246,35.3454],[-117.9246,35.3453]]}},{"type":"Feature","properties":{"id":null,"name":null,"kind":"road","access":"green","seasonal":false},"geometry":{"type":"LineString","coordinates":[[-117.6725,35.4259],[-117.6728,35.4259],[-117.6731,35.4258],[-117.6736,35.4257],[-117.6741,35.4255],[-117.6746,35.4253],[-117.6748,35.4252],[-117.675,35.4251],[-117.6753,35.4249],[-117.6756,35.4248],[-117.6758,35.4247],[-117.676,35.4246],[-117.6762,35.4245],[-117.6765,35.4244],[-117.6768,35.4243],[-117.6771,35.4242],[-117.6775,35.4242],[-117.6778,35.4241],[-117.6781,35.424],[-117.6784,35.4239],[-117.6785,35.4239],[-117.6791,35.4237],[-117.6794,35.4236],[-117.6798,35.4235],[-117.6802,35.4234],[-117.6803,35.4235],[-117.6808,35.4234],[-117.6811,35.4234],[-117.6814,35.4233],[-117.6817,35.4233],[-117.682,35.4232],[-117.6823,35.4231],[-117.6825,35.423],[-117.6829,35.4229],[-117.6831,35.4229],[-117.6836,35.4228],[-117.6843,35.4227],[-117.6848,35.4225],[-117.6851,35.4225]]}},{"type":"Feature","properties":{"id":null,"name":null,"kind":"road","access":"green","seasonal":false},"geometry":{"type":"LineString","coordinates":[[-117.6785,35.4646],[-117.6785,35.4645],[-117.6785,35.4644],[-117.6786,35.4643],[-117.6786,35.4642],[-117.6786,35.4641],[-117.6786,35.464],[-117.6785,35.4639],[-117.6785,35.4638],[-117.6785,35.4637],[-117.6785,35.4636],[-117.6785,35.4635],[-117.6786,35.4634],[-117.6786,35.4633],[-117.6786,35.4632],[-117.6786,35.4631],[-117.6787,35.4631],[-117.6788,35.4631],[-117.6788,35.4632],[-117.6789,35.4633],[-117.6789,35.4634],[-117.679,35.4635],[-117.679,35.4636],[-117.6791,35.4637],[-117.6792,35.4638],[-117.6792,35.4639],[-117.6793,35.464],[-117.6794,35.464],[-117.6795,35.4641],[-117.6796,35.4641],[-117.6796,35.4642],[-117.6797,35.4642],[-117.6798,35.4642]]}},{"type":"Feature","properties":{"id":null,"name":null,"kind":"road","access":"green","seasonal":false},"geometry":{"type":"LineString","coordinates":[[-117.755,35.4198],[-117.7551,35.4198],[-117.7551,35.4199],[-117.7552,35.4199],[-117.7552,35.42],[-117.7553,35.42],[-117.7553,35.4201],[-117.7554,35.4201],[-117.7554,35.4202],[-117.7554,35.4203],[-117.7555,35.4203],[-117.7555,35.4204],[-117.7556,35.4205],[-117.7556,35.4206],[-117.7556,35.4207],[-117.7556,35.4208],[-117.7556,35.4209],[-117.7557,35.421],[-117.7557,35.4211],[-117.7557,35.4212],[-117.7557,35.4213],[-117.7557,35.4214],[-117.7557,35.4215],[-117.7558,35.4216],[-117.7558,35.4217],[-117.7559,35.4217],[-117.7559,35.4218],[-117.756,35.4218],[-117.756,35.4219],[-117.7559,35.4219],[-117.7559,35.422],[-117.7558,35.4221],[-117.7557,35.4221],[-117.7557,35.4222],[-117.7558,35.4223],[-117.7559,35.4223],[-117.7559,35.4224],[-117.756,35.4224],[-117.756,35.4225],[-117.756,35.4226],[-117.7561,35.4226],[-117.7562,35.4227],[-117.7563,35.4227],[-117.7564,35.4227],[-117.7565,35.4227],[-117.7566,35.4227],[-117.7566,35.4228],[-117.7567,35.4228],[-117.7567,35.4227]]}},{"type":"Feature","properties":{"id":null,"name":null,"kind":"road","access":"green","seasonal":false},"geometry":{"type":"LineString","coordinates":[[-117.7554,35.4286],[-117.7555,35.4286],[-117.7556,35.4286],[-117.7557,35.4286],[-117.7558,35.4287],[-117.7559,35.4287],[-117.756,35.4287],[-117.7561,35.4288],[-117.7562,35.4288],[-117.7562,35.4289],[-117.7563,35.4289],[-117.7563,35.429],[-117.7564,35.4291],[-117.7565,35.4291],[-117.7565,35.4292],[-117.7566,35.4292],[-117.7567,35.4292],[-117.7568,35.4292],[-117.7568,35.4293],[-117.7569,35.4293],[-117.757,35.4293],[-117.757,35.4292],[-117.7571,35.4292],[-117.7571,35.4291],[-117.7572,35.4291],[-117.7572,35.429],[-117.7573,35.429],[-117.7574,35.429],[-117.7575,35.429],[-117.7576,35.429],[-117.7577,35.429],[-117.7578,35.429]]}},{"type":"Feature","properties":{"id":null,"name":null,"kind":"road","access":"green","seasonal":false},"geometry":{"type":"LineString","coordinates":[[-117.7592,35.5012],[-117.7594,35.5012],[-117.7595,35.5012],[-117.7597,35.5012],[-117.7598,35.5012],[-117.7599,35.5012],[-117.76,35.5012],[-117.7601,35.5012],[-117.7602,35.5012],[-117.7603,35.5012],[-117.7604,35.5012],[-117.7605,35.5012],[-117.7606,35.5012],[-117.7607,35.5011],[-117.7608,35.5011],[-117.7609,35.5011],[-117.761,35.5011],[-117.7611,35.5011],[-117.7612,35.5011],[-117.7613,35.501],[-117.7614,35.501],[-117.7615,35.501],[-117.7616,35.501],[-117.7617,35.501],[-117.7618,35.501],[-117.7619,35.501],[-117.762,35.501],[-117.7621,35.501],[-117.7622,35.5009],[-117.7623,35.5009],[-117.7624,35.5008],[-117.7625,35.5008],[-117.7626,35.5007],[-117.7627,35.5007],[-117.7628,35.5006],[-117.7629,35.5006],[-117.763,35.5006],[-117.7631,35.5005],[-117.7632,35.5004],[-117.7633,35.5004],[-117.7633,35.5003],[-117.7634,35.5003],[-117.7634,35.5002],[-117.7635,35.5002],[-117.7635,35.5001],[-117.7636,35.5001],[-117.7636,35.5],[-117.7637,35.4999],[-117.7637,35.4998],[-117.7638,35.4997],[-117.7638,35.4996],[-117.7639,35.4995],[-117.764,35.4995],[-117.7641,35.4995],[-117.7642,35.4994],[-117.7643,35.4994],[-117.7644,35.4993],[-117.7644,35.4992],[-117.7645,35.4992],[-117.7645,35.4991],[-117.7646,35.499],[-117.7647,35.4989],[-117.7647,35.4988],[-117.7647,35.4987],[-117.7648,35.4987],[-117.7649,35.4987],[-117.765,35.4987],[-117.765,35.4986],[-117.7651,35.4986],[-117.7652,35.4986],[-117.7653,35.4985],[-117.7654,35.4985],[-117.7655,35.4985],[-117.7656,35.4984],[-117.7657,35.4984],[-117.7658,35.4984],[-117.7659,35.4983],[-117.766,35.4983],[-117.766,35.4984],[-117.7661,35.4984],[-117.7662,35.4984],[-117.7663,35.4984],[-117.7664,35.4985],[-117.7665,35.4985],[-117.7666,35.4986],[-117.7667,35.4986],[-117.7668,35.4986],[-117.7669,35.4986],[-117.767,35.4985],[-117.7671,35.4985],[-117.7671,35.4984],[-117.7672,35.4983],[-117.7673,35.4983],[-117.7674,35.4982],[-117.7675,35.4981],[-117.7676,35.498],[-117.7677,35.4979],[-117.7677,35.4978],[-117.7678,35.4978],[-117.7679,35.4977],[-117.768,35.4976],[-117.7681,35.4976],[-117.7682,35.4975],[-117.7683,35.4975],[-117.7684,35.4975],[-117.7684,35.4974],[-117.7685,35.4974],[-117.7685,35.4973],[-117.7686,35.4972],[-117.7687,35.4972],[-117.7687,35.4971],[-117.7688,35.4971],[-117.7688,35.497],[-117.7689,35.497],[-117.769,35.4969],[-117.769,35.4968],[-117.7691,35.4968],[-117.7692,35.4967],[-117.7693,35.4966],[-117.7693,35.4965],[-117.7694,35.4965],[-117.7695,35.4964],[-117.7696,35.4964],[-117.7697,35.4963],[-117.7698,35.4963],[-117.7699,35.4963],[-117.77,35.4963],[-117.7701,35.4962],[-117.7702,35.4961],[-117.7703,35.4961],[-117.7704,35.4961],[-117.7705,35.496],[-117.7706,35.496],[-117.7706,35.4959],[-117.7707,35.4959],[-117.7707,35.4958],[-117.7708,35.4958],[-117.7709,35.4958],[-117.771,35.4958],[-117.7711,35.4958],[-117.7712,35.4958],[-117.7713,35.4959],[-117.7714,35.4959],[-117.7715,35.4958],[-117.7716,35.4958],[-117.7717,35.4957],[-117.7718,35.4957],[-117.7718,35.4956],[-117.7719,35.4955],[-117.7719,35.4954],[-117.772,35.4953],[-117.772,35.4952],[-117.772,35.4951],[-117.7721,35.4951],[-117.7721,35.495],[-117.7722,35.495],[-117.7723,35.4949],[-117.7724,35.4948],[-117.7725,35.4948],[-117.7725,35.4947],[-117.7726,35.4946],[-117.7726,35.4945],[-117.7726,35.4944],[-117.7727,35.4944],[-117.7728,35.4943],[-117.7728,35.4942],[-117.7729,35.4941],[-117.773,35.4941],[-117.773,35.494],[-117.7731,35.4939],[-117.7732,35.4939],[-117.7733,35.4938],[-117.7733,35.4937],[-117.7734,35.4936],[-117.7735,35.4936],[-117.7735,35.4935],[-117.7736,35.4934],[-117.7737,35.4933],[-117.7738,35.4932],[-117.7739,35.4932],[-117.774,35.4931],[-117.7741,35.4931],[-117.7742,35.493],[-117.7742,35.4929],[-117.7743,35.4929],[-117.7744,35.4928],[-117.7745,35.4928],[-117.7746,35.4927],[-117.7746,35.4926],[-117.7747,35.4925],[-117.7747,35.4924],[-117.7747,35.4923],[-117.7747,35.4922],[-117.7748,35.4921],[-117.7748,35.492],[-117.7748,35.4919],[-117.7749,35.4918],[-117.775,35.4917],[-117.7751,35.4917],[-117.7752,35.4916],[-117.7753,35.4916],[-117.7754,35.4916],[-117.7755,35.4916],[-117.7756,35.4916],[-117.7757,35.4916],[-117.7758,35.4917],[-117.7759,35.4917],[-117.776,35.4917],[-117.7761,35.4917],[-117.7762,35.4917],[-117.7763,35.4917],[-117.7764,35.4916],[-117.7766,35.4916],[-117.7767,35.4916],[-117.7768,35.4915],[-117.7769,35.4915],[-117.777,35.4914],[-117.7771,35.4914],[-117.7772,35.4913],[-117.7773,35.4912],[-117.7774,35.4912],[-117.7775,35.4911],[-117.7776,35.4911],[-117.7777,35.491],[-117.7778,35.4909],[-117.7779,35.4909],[-117.778,35.4908],[-117.7781,35.4907],[-117.7782,35.4907],[-117.7783,35.4906],[-117.7784,35.4906],[-117.7785,35.4905],[-117.7786,35.4904],[-117.7787,35.4903],[-117.7788,35.4902],[-117.7789,35.4902],[-117.779,35.4901],[-117.7791,35.49],[-117.7792,35.49],[-117.7793,35.4899],[-117.7793,35.4898],[-117.7793,35.4897],[-117.7793,35.4896],[-117.7794,35.4896],[-117.7795,35.4895],[-117.7795,35.4894],[-117.7797,35.4894],[-117.7798,35.4893],[-117.7798,35.4892],[-117.7797,35.4891],[-117.7798,35.4891],[-117.7798,35.489],[-117.7798,35.4889],[-117.7798,35.4888],[-117.7799,35.4888],[-117.78,35.4887],[-117.7801,35.4886],[-117.7802,35.4885],[-117.7803,35.4884],[-117.7804,35.4884],[-117.7805,35.4883],[-117.7805,35.4882],[-117.7806,35.4881],[-117.7807,35.488],[-117.7807,35.4879],[-117.7807,35.4878],[-117.7808,35.4878],[-117.7808,35.4877],[-117.7809,35.4876],[-117.781,35.4875],[-117.7811,35.4875],[-117.7812,35.4874],[-117.7813,35.4874],[-117.7813,35.4873],[-117.7814,35.4873],[-117.7814,35.4872],[-117.7815,35.4872],[-117.7815,35.4871],[-117.7816,35.4871],[-117.7817,35.4871],[-117.7818,35.487],[-117.7819,35.487],[-117.782,35.487],[-117.7821,35.487],[-117.7822,35.4869],[-117.7823,35.4869],[-117.7824,35.4868]]}},{"type":"Feature","properties":{"id":null,"name":null,"kind":"road","access":"green","seasonal":false},"geometry":{"type":"LineString","coordinates":[[-117.6683,35.4516],[-117.6683,35.4517]]}},{"type":"Feature","properties":{"id":null,"name":null,"kind":"road","access":"green","seasonal":false},"geometry":{"type":"LineString","coordinates":[[-117.806,35.4433],[-117.806,35.4432],[-117.8061,35.4431],[-117.8062,35.443],[-117.8062,35.4429],[-117.8062,35.4428],[-117.8063,35.4426],[-117.8063,35.4425],[-117.8063,35.4423],[-117.8063,35.4422],[-117.8064,35.4421],[-117.8064,35.4419],[-117.8065,35.4418],[-117.8065,35.4417],[-117.8066,35.4416],[-117.8067,35.4414],[-117.8067,35.4413],[-117.8068,35.4413],[-117.8068,35.4412],[-117.8069,35.4411],[-117.8069,35.441],[-117.807,35.4409],[-117.807,35.4408],[-117.8071,35.4407],[-117.8071,35.4406],[-117.8071,35.4405],[-117.8071,35.4404],[-117.8071,35.4403],[-117.8071,35.4402]]}},{"type":"Feature","properties":{"id":null,"name":null,"kind":"road","access":"green","seasonal":false},"geometry":{"type":"LineString","coordinates":[[-117.8174,35.4396],[-117.8173,35.4396],[-117.8172,35.4396],[-117.8172,35.4395],[-117.8171,35.4395],[-117.817,35.4395],[-117.8169,35.4395],[-117.8168,35.4395],[-117.8167,35.4395],[-117.8166,35.4395],[-117.8165,35.4394],[-117.8164,35.4394],[-117.8163,35.4394],[-117.8162,35.4394],[-117.816,35.4394],[-117.8159,35.4395],[-117.8158,35.4395],[-117.8157,35.4395],[-117.8156,35.4395],[-117.8155,35.4395],[-117.8154,35.4396],[-117.8153,35.4396],[-117.8152,35.4396],[-117.815,35.4395]]}},{"type":"Feature","properties":{"id":null,"name":null,"kind":"road","access":"green","seasonal":false},"geometry":{"type":"LineString","coordinates":[[-117.736,35.4219],[-117.7359,35.4218],[-117.7354,35.4214],[-117.7351,35.4213],[-117.7349,35.4211],[-117.7347,35.421],[-117.7345,35.4209],[-117.7343,35.4207],[-117.7342,35.4207],[-117.734,35.4206],[-117.7339,35.4206],[-117.7338,35.4206],[-117.7337,35.4206],[-117.7336,35.4206]]}},{"type":"Feature","properties":{"id":null,"name":null,"kind":"road","access":"green","seasonal":false},"geometry":{"type":"LineString","coordinates":[[-117.6476,35.4449],[-117.6476,35.4451],[-117.6476,35.4453],[-117.6477,35.4454],[-117.6478,35.4456],[-117.6479,35.4457],[-117.6479,35.446],[-117.6479,35.4462],[-117.6479,35.4463],[-117.6478,35.4464],[-117.6478,35.4466],[-117.6479,35.4467],[-117.6479,35.4468],[-117.6478,35.447],[-117.6476,35.4471],[-117.6475,35.4472],[-117.6474,35.4473],[-117.6471,35.4475],[-117.647,35.4475],[-117.6469,35.4476],[-117.6468,35.4476],[-117.6466,35.4476],[-117.6465,35.4476],[-117.6463,35.4476],[-117.6462,35.4477],[-117.646,35.4478]]}},{"type":"Feature","properties":{"id":null,"name":null,"kind":"road","access":"green","seasonal":false},"geometry":{"type":"LineString","coordinates":[[-117.6256,35.354],[-117.6256,35.3541],[-117.6255,35.3542],[-117.6255,35.3544],[-117.6255,35.3545],[-117.6254,35.3547],[-117.6253,35.355],[-117.6251,35.3554],[-117.625,35.3557],[-117.625,35.3558],[-117.6249,35.3559],[-117.6249,35.356],[-117.6249,35.3561]]}},{"type":"Feature","properties":{"id":null,"name":null,"kind":"road","access":"green","seasonal":false},"geometry":{"type":"LineString","coordinates":[[-117.7381,35.4655],[-117.7383,35.4654],[-117.7383,35.4653],[-117.7384,35.4653],[-117.7385,35.4652],[-117.7386,35.4651],[-117.7387,35.4651],[-117.7387,35.465],[-117.7388,35.465],[-117.7389,35.4649],[-117.739,35.4649],[-117.739,35.4648],[-117.7391,35.4648],[-117.7392,35.4648],[-117.7393,35.4648],[-117.7394,35.4648],[-117.7395,35.4648],[-117.7397,35.4649],[-117.7399,35.4649],[-117.74,35.4649],[-117.7402,35.465],[-117.7403,35.465],[-117.7404,35.465],[-117.7405,35.4651],[-117.7406,35.4652],[-117.7407,35.4652],[-117.7408,35.4653],[-117.741,35.4653],[-117.7411,35.4653],[-117.7412,35.4653],[-117.7413,35.4654],[-117.7414,35.4654],[-117.7415,35.4654],[-117.7416,35.4654],[-117.7417,35.4654],[-117.7419,35.4655],[-117.7421,35.4655],[-117.7422,35.4656],[-117.7424,35.4656],[-117.7425,35.4657],[-117.7427,35.4658],[-117.7428,35.4659],[-117.743,35.466],[-117.7432,35.4661],[-117.7433,35.4661],[-117.7434,35.4662],[-117.7435,35.4663],[-117.7435,35.4664],[-117.7436,35.4664],[-117.7437,35.4665],[-117.7438,35.4666],[-117.7439,35.4667],[-117.744,35.4668],[-117.7442,35.4668],[-117.7443,35.4669],[-117.7444,35.4669],[-117.7445,35.4669],[-117.7446,35.467],[-117.7447,35.467],[-117.7448,35.4671],[-117.7449,35.4672],[-117.745,35.4673],[-117.7451,35.4673],[-117.7452,35.4674],[-117.7454,35.4675],[-117.7455,35.4676],[-117.7456,35.4677],[-117.7458,35.4677],[-117.7459,35.4678],[-117.7461,35.4679],[-117.7462,35.468],[-117.7464,35.468],[-117.7465,35.4681],[-117.7467,35.4682],[-117.7468,35.4683],[-117.747,35.4683],[-117.7471,35.4685],[-117.7472,35.4686],[-117.7472,35.4687],[-117.7473,35.4688],[-117.7473,35.469],[-117.7474,35.4691],[-117.7475,35.4692],[-117.7476,35.4694],[-117.7476,35.4695],[-117.7477,35.4696],[-117.7477,35.4697],[-117.7478,35.4697],[-117.7479,35.4698],[-117.748,35.4699],[-117.7482,35.47],[-117.7483,35.47],[-117.7484,35.47],[-117.7484,35.4701],[-117.7485,35.4701],[-117.7486,35.4702],[-117.7487,35.4702],[-117.7487,35.4703],[-117.7488,35.4703],[-117.7488,35.4704],[-117.7489,35.4704],[-117.7489,35.4705],[-117.749,35.4706],[-117.7491,35.4706],[-117.7491,35.4707],[-117.7492,35.4708],[-117.7492,35.4709],[-117.7493,35.471],[-117.7494,35.4711],[-117.7495,35.4712],[-117.7495,35.4713],[-117.7496,35.4714],[-117.7497,35.4714],[-117.7497,35.4715],[-117.7498,35.4716],[-117.7498,35.4717],[-117.7499,35.4718],[-117.75,35.4719],[-117.7501,35.4719],[-117.7502,35.4719],[-117.7503,35.4719],[-117.7504,35.4719],[-117.7505,35.4719],[-117.7507,35.4719],[-117.7508,35.4719],[-117.7509,35.4718],[-117.751,35.4718],[-117.7512,35.4718],[-117.7513,35.4718],[-117.7514,35.4718],[-117.7515,35.4718],[-117.7515,35.4717],[-117.7516,35.4717],[-117.7518,35.4717],[-117.7519,35.4717],[-117.752,35.4716],[-117.7521,35.4716],[-117.7522,35.4716],[-117.7523,35.4716],[-117.7524,35.4716],[-117.7525,35.4716],[-117.7526,35.4716],[-117.7528,35.4716],[-117.7529,35.4716],[-117.753,35.4716],[-117.7531,35.4716],[-117.7532,35.4716],[-117.7533,35.4716],[-117.7534,35.4716],[-117.7535,35.4716],[-117.7536,35.4716],[-117.7537,35.4716],[-117.7538,35.4716],[-117.7539,35.4716],[-117.754,35.4716],[-117.7541,35.4716],[-117.7542,35.4717],[-117.7543,35.4717],[-117.7544,35.4717],[-117.7546,35.4717],[-117.7547,35.4717],[-117.7548,35.4717],[-117.755,35.4718],[-117.7551,35.4718],[-117.7552,35.4719],[-117.7553,35.472],[-117.7554,35.472],[-117.7554,35.4721],[-117.7555,35.4721],[-117.7555,35.4722],[-117.7556,35.4722],[-117.7556,35.4723],[-117.7557,35.4724],[-117.7558,35.4725],[-117.7559,35.4726],[-117.756,35.4726],[-117.7561,35.4726],[-117.7562,35.4727],[-117.7563,35.4727],[-117.7564,35.4727],[-117.7565,35.4727],[-117.7566,35.4727],[-117.7567,35.4728],[-117.7568,35.4728],[-117.7569,35.4729],[-117.757,35.473],[-117.7571,35.473],[-117.7572,35.4731],[-117.7573,35.4731],[-117.7573,35.4732],[-117.7574,35.4732],[-117.7574,35.4733],[-117.7575,35.4733],[-117.7576,35.4733],[-117.7577,35.4734],[-117.7578,35.4734],[-117.7579,35.4734],[-117.7579,35.4735],[-117.758,35.4735],[-117.7581,35.4736],[-117.7582,35.4736],[-117.7583,35.4736],[-117.7584,35.4737],[-117.7585,35.4737],[-117.7586,35.4737],[-117.7587,35.4737],[-117.7588,35.4737],[-117.7589,35.4737],[-117.759,35.4737],[-117.7591,35.4737],[-117.7591,35.4738],[-117.7592,35.4738],[-117.7593,35.4738],[-117.7594,35.4738],[-117.7594,35.4739],[-117.7595,35.4739],[-117.7596,35.474],[-117.7597,35.474],[-117.7598,35.474],[-117.7599,35.474],[-117.76,35.474],[-117.7601,35.4741],[-117.7602,35.4741],[-117.7603,35.4741],[-117.7604,35.4742],[-117.7605,35.4742],[-117.7606,35.4742],[-117.7606,35.4743],[-117.7607,35.4743],[-117.7608,35.4743],[-117.7609,35.4744],[-117.761,35.4744],[-117.761,35.4745],[-117.7611,35.4745],[-117.7611,35.4746],[-117.7612,35.4746],[-117.7613,35.4747],[-117.7614,35.4747],[-117.7615,35.4747],[-117.7616,35.4747],[-117.7617,35.4747],[-117.7618,35.4747]]}},{"type":"Feature","properties":{"id":null,"name":null,"kind":"road","access":"green","seasonal":false},"geometry":{"type":"LineString","coordinates":[[-117.8014,35.4754],[-117.8013,35.4754],[-117.8012,35.4754],[-117.801,35.4755],[-117.8009,35.4755],[-117.8008,35.4755],[-117.8007,35.4755],[-117.8006,35.4755],[-117.8005,35.4755],[-117.8004,35.4755],[-117.8003,35.4756],[-117.8001,35.4757],[-117.8,35.4757],[-117.7999,35.4757],[-117.7998,35.4757],[-117.7997,35.4756],[-117.7996,35.4756],[-117.7995,35.4756]]}},{"type":"Feature","properties":{"id":null,"name":null,"kind":"road","access":"green","seasonal":false},"geometry":{"type":"LineString","coordinates":[[-117.7869,35.4623],[-117.7869,35.4624],[-117.787,35.4625],[-117.787,35.4626],[-117.787,35.4627],[-117.787,35.4628],[-117.787,35.4629],[-117.7869,35.4629],[-117.7869,35.463],[-117.7869,35.4631],[-117.7869,35.4632],[-117.7868,35.4633],[-117.7868,35.4634],[-117.7868,35.4635],[-117.7868,35.4636],[-117.7868,35.4637]]}},{"type":"Feature","properties":{"id":null,"name":null,"kind":"road","access":"green","seasonal":false},"geometry":{"type":"LineString","coordinates":[[-117.8421,35.4332],[-117.8422,35.4331],[-117.8423,35.4331],[-117.8424,35.433],[-117.8425,35.433],[-117.8426,35.4329],[-117.8427,35.4329],[-117.8428,35.4329],[-117.8429,35.4329],[-117.8431,35.4329],[-117.8432,35.4328],[-117.8433,35.4327],[-117.8434,35.4326],[-117.8435,35.4325],[-117.8436,35.4324],[-117.8437,35.4324],[-117.8438,35.4323],[-117.8438,35.4322],[-117.8438,35.4321],[-117.8439,35.4321],[-117.8439,35.432],[-117.844,35.4319],[-117.844,35.4318],[-117.8441,35.4318],[-117.8442,35.4317],[-117.8443,35.4316],[-117.8444,35.4316],[-117.8444,35.4315],[-117.8445,35.4315],[-117.8446,35.4314],[-117.8447,35.4314],[-117.8447,35.4313],[-117.8448,35.4313],[-117.8449,35.4312],[-117.845,35.4311],[-117.8451,35.431],[-117.8452,35.4309],[-117.8453,35.4309],[-117.8454,35.4308],[-117.8455,35.4307],[-117.8457,35.4306],[-117.8458,35.4306],[-117.8459,35.4306],[-117.8461,35.4307],[-117.8462,35.4308],[-117.8463,35.4308],[-117.8464,35.4308],[-117.8465,35.4309],[-117.8466,35.4309],[-117.8467,35.4309],[-117.8468,35.4309],[-117.847,35.4309],[-117.8471,35.4309],[-117.8472,35.431],[-117.8473,35.431],[-117.8475,35.431],[-117.8476,35.431],[-117.8477,35.431],[-117.8478,35.431],[-117.8479,35.431],[-117.848,35.431],[-117.8481,35.431],[-117.8482,35.4309],[-117.8483,35.4309],[-117.8483,35.4308],[-117.8484,35.4308],[-117.8485,35.4308],[-117.8485,35.4307],[-117.8486,35.4307],[-117.8487,35.4307],[-117.8488,35.4307],[-117.8489,35.4306],[-117.849,35.4306],[-117.8491,35.4305],[-117.8492,35.4305]]}},{"type":"Feature","properties":{"id":null,"name":null,"kind":"road","access":"green","seasonal":false},"geometry":{"type":"LineString","coordinates":[[-117.6731,35.4781],[-117.6731,35.478],[-117.673,35.4779],[-117.673,35.4778],[-117.6729,35.4778],[-117.6728,35.4778],[-117.6728,35.4777],[-117.6727,35.4776],[-117.6727,35.4775],[-117.6726,35.4775],[-117.6726,35.4774],[-117.6725,35.4774],[-117.6725,35.4773],[-117.6724,35.4772],[-117.6723,35.4771],[-117.6722,35.477],[-117.6722,35.4769],[-117.6721,35.4769],[-117.6721,35.4768],[-117.672,35.4768],[-117.672,35.4767],[-117.6719,35.4767],[-117.6718,35.4766],[-117.6718,35.4765],[-117.6717,35.4764],[-117.6716,35.4763],[-117.6715,35.4762],[-117.6715,35.4761]]}},{"type":"Feature","properties":{"id":null,"name":null,"kind":"road","access":"green","seasonal":false},"geometry":{"type":"LineString","coordinates":[[-117.7992,35.4618],[-117.7991,35.4618],[-117.799,35.4617],[-117.7989,35.4618],[-117.7988,35.4618],[-117.7987,35.4617],[-117.7986,35.4617],[-117.7985,35.4617],[-117.7984,35.4617],[-117.7984,35.4618],[-117.7983,35.4619],[-117.7983,35.462],[-117.7982,35.4621],[-117.7981,35.4621],[-117.798,35.4621],[-117.7979,35.4621],[-117.7979,35.4622],[-117.7978,35.4622],[-117.7977,35.4622],[-117.7976,35.4623],[-117.7975,35.4623],[-117.7974,35.4624],[-117.7973,35.4624],[-117.7972,35.4624],[-117.7971,35.4625],[-117.797,35.4625],[-117.7969,35.4625],[-117.7968,35.4625],[-117.7968,35.4626],[-117.7967,35.4626],[-117.7966,35.4627],[-117.7965,35.4627],[-117.7964,35.4627]]}},{"type":"Feature","properties":{"id":null,"name":null,"kind":"road","access":"green","seasonal":false},"geometry":{"type":"LineString","coordinates":[[-117.8624,35.3781],[-117.8625,35.3781],[-117.8625,35.3782],[-117.8626,35.3783],[-117.8627,35.3784],[-117.8628,35.3784],[-117.8629,35.3785],[-117.863,35.3785],[-117.8631,35.3786],[-117.8632,35.3787],[-117.8633,35.3787],[-117.8634,35.3788],[-117.8635,35.3789],[-117.8636,35.3789],[-117.8637,35.379],[-117.8637,35.3791],[-117.8638,35.3791],[-117.8639,35.3792],[-117.8639,35.3793],[-117.864,35.3793],[-117.8641,35.3794],[-117.8642,35.3795],[-117.8643,35.3796],[-117.8643,35.3797],[-117.8644,35.3798],[-117.8645,35.3799],[-117.8646,35.3799],[-117.8647,35.38],[-117.8648,35.3801],[-117.8649,35.3801],[-117.865,35.3802],[-117.8651,35.3803],[-117.8652,35.3803],[-117.8653,35.3804],[-117.8654,35.3804],[-117.8655,35.3805],[-117.8656,35.3806],[-117.8657,35.3807],[-117.8658,35.3807],[-117.8659,35.3808],[-117.866,35.3809],[-117.8661,35.381],[-117.8662,35.381],[-117.8663,35.3811],[-117.8664,35.3812],[-117.8665,35.3813],[-117.8665,35.3814],[-117.8666,35.3814],[-117.8667,35.3815],[-117.8668,35.3816],[-117.8669,35.3817],[-117.867,35.3818],[-117.8671,35.3819],[-117.8671,35.382],[-117.8672,35.382],[-117.8673,35.3821],[-117.8674,35.3822],[-117.8675,35.3823],[-117.8675,35.3824],[-117.8676,35.3824],[-117.8676,35.3825],[-117.8677,35.3826],[-117.8677,35.3827],[-117.8677,35.3828],[-117.8678,35.3829],[-117.8678,35.383],[-117.8678,35.3831],[-117.8678,35.3832],[-117.8679,35.3832],[-117.8679,35.3833],[-117.8679,35.3834],[-117.868,35.3835],[-117.868,35.3836],[-117.868,35.3837],[-117.8681,35.3837],[-117.8681,35.3838],[-117.8682,35.3838],[-117.8682,35.3839],[-117.8683,35.384],[-117.8683,35.3841],[-117.8684,35.3842],[-117.8685,35.3843],[-117.8685,35.3844],[-117.8686,35.3845],[-117.8686,35.3846],[-117.8687,35.3846],[-117.8687,35.3847],[-117.8688,35.3847],[-117.8688,35.3848],[-117.8688,35.3849],[-117.8689,35.385],[-117.869,35.3851],[-117.8691,35.3851],[-117.8691,35.3852],[-117.8692,35.3852],[-117.8692,35.3853],[-117.8692,35.3854],[-117.8693,35.3854],[-117.8694,35.3854],[-117.8695,35.3855],[-117.8696,35.3855],[-117.8696,35.3856],[-117.8697,35.3857],[-117.8698,35.3857],[-117.8698,35.3858],[-117.8699,35.3858],[-117.8699,35.3859],[-117.87,35.386],[-117.87,35.3861],[-117.8699,35.3862],[-117.8699,35.3863],[-117.8699,35.3864],[-117.8699,35.3865],[-117.8699,35.3866],[-117.8699,35.3867],[-117.8699,35.3868],[-117.8699,35.3869],[-117.8699,35.387],[-117.8699,35.3871],[-117.8699,35.3872],[-117.8698,35.3872],[-117.8698,35.3873],[-117.8698,35.3874],[-117.8697,35.3875],[-117.8697,35.3876],[-117.8695,35.3878],[-117.8693,35.3881],[-117.8692,35.3882],[-117.8692,35.3883],[-117.8692,35.3884],[-117.8694,35.3886],[-117.8696,35.3887],[-117.8697,35.3888],[-117.8698,35.3889],[-117.8698,35.389],[-117.8698,35.3891],[-117.8697,35.3892],[-117.8697,35.3893],[-117.8697,35.3894],[-117.8696,35.3894],[-117.8696,35.3895],[-117.8695,35.3896],[-117.8695,35.3897],[-117.8695,35.3898],[-117.8694,35.3898],[-117.8694,35.3899],[-117.8695,35.39],[-117.8695,35.3901],[-117.8695,35.3902],[-117.8695,35.3903],[-117.8695,35.3904],[-117.8696,35.3904],[-117.8696,35.3905],[-117.8697,35.3906],[-117.8698,35.3906],[-117.8698,35.3907],[-117.8699,35.3907],[-117.87,35.3907],[-117.87,35.3908],[-117.8701,35.3908],[-117.8701,35.3909],[-117.8702,35.3909],[-117.8703,35.391],[-117.8704,35.391],[-117.8705,35.3911],[-117.8706,35.3911],[-117.8707,35.3911],[-117.8708,35.3911],[-117.8709,35.3911],[-117.871,35.3911],[-117.8711,35.3912],[-117.8712,35.3912],[-117.8713,35.3913],[-117.8714,35.3913],[-117.8714,35.3914],[-117.8715,35.3914],[-117.8715,35.3915],[-117.8716,35.3915],[-117.8716,35.3916],[-117.8717,35.3917],[-117.8718,35.3917],[-117.8718,35.3918],[-117.8719,35.3919]]}},{"type":"Feature","properties":{"id":null,"name":null,"kind":"road","access":"green","seasonal":false},"geometry":{"type":"LineString","coordinates":[[-117.6742,35.4695],[-117.6741,35.4695],[-117.6741,35.4696],[-117.674,35.4696],[-117.674,35.4697],[-117.6739,35.4697],[-117.6739,35.4698],[-117.6738,35.4698],[-117.6738,35.4699],[-117.6737,35.4699],[-117.6737,35.47],[-117.6737,35.4701],[-117.6736,35.4701],[-117.6735,35.4702],[-117.6734,35.4703],[-117.6733,35.4704],[-117.6732,35.4705],[-117.6731,35.4706],[-117.673,35.4707],[-117.6729,35.4707],[-117.6729,35.4708],[-117.6728,35.4708],[-117.6728,35.4709],[-117.6727,35.4709],[-117.6726,35.471],[-117.6725,35.4711],[-117.6725,35.4712],[-117.6724,35.4713],[-117.6723,35.4714],[-117.6723,35.4715],[-117.6722,35.4715],[-117.6722,35.4716],[-117.6721,35.4717],[-117.672,35.4718],[-117.672,35.4719],[-117.6719,35.472],[-117.6718,35.4721],[-117.6717,35.4722],[-117.6717,35.4723],[-117.6716,35.4724],[-117.6716,35.4725],[-117.6715,35.4726],[-117.6715,35.4727],[-117.6714,35.4727],[-117.6714,35.4728],[-117.6714,35.4729],[-117.6713,35.473],[-117.6713,35.4731],[-117.6713,35.4732],[-117.6712,35.4733],[-117.6712,35.4734],[-117.6711,35.4734],[-117.6711,35.4735],[-117.6711,35.4736],[-117.671,35.4737],[-117.671,35.4738],[-117.6709,35.4738],[-117.6709,35.4739],[-117.6708,35.474],[-117.6708,35.4741],[-117.6708,35.4742],[-117.6708,35.4743],[-117.6708,35.4744],[-117.6707,35.4744],[-117.6707,35.4745],[-117.6707,35.4746],[-117.6706,35.4747],[-117.6706,35.4748],[-117.6705,35.4749],[-117.6705,35.475],[-117.6704,35.4751],[-117.6704,35.4752],[-117.6703,35.4753],[-117.6703,35.4754],[-117.6703,35.4755],[-117.6702,35.4755],[-117.6702,35.4756],[-117.6701,35.4757],[-117.6701,35.4758]]}},{"type":"Feature","properties":{"id":null,"name":null,"kind":"road","access":"green","seasonal":false},"geometry":{"type":"LineString","coordinates":[[-117.773,35.4761],[-117.7729,35.4761],[-117.7729,35.4762],[-117.7728,35.4762],[-117.7727,35.4763],[-117.7726,35.4764],[-117.7725,35.4765],[-117.7724,35.4766],[-117.7723,35.4767],[-117.7722,35.4768],[-117.7723,35.4768],[-117.7723,35.4769],[-117.7724,35.4769],[-117.7725,35.4769],[-117.7726,35.477],[-117.7727,35.4771],[-117.7727,35.4772],[-117.7727,35.4773],[-117.7727,35.4774],[-117.7727,35.4775],[-117.7727,35.4776],[-117.7727,35.4777],[-117.7726,35.4778],[-117.7726,35.4779],[-117.7726,35.478],[-117.7726,35.4781],[-117.7725,35.4781],[-117.7725,35.4782],[-117.7724,35.4783],[-117.7724,35.4784],[-117.7724,35.4785],[-117.7723,35.4785],[-117.7723,35.4786],[-117.7722,35.4786],[-117.7721,35.4786],[-117.772,35.4787],[-117.7719,35.4787],[-117.7719,35.4788],[-117.7719,35.4789],[-117.7719,35.479],[-117.7719,35.4791],[-117.7718,35.4791],[-117.7718,35.4792],[-117.7718,35.4793]]}},{"type":"Feature","properties":{"id":null,"name":null,"kind":"road","access":"green","seasonal":false},"geometry":{"type":"LineString","coordinates":[[-117.7497,35.4512],[-117.7497,35.4511],[-117.7498,35.4511],[-117.7499,35.4511],[-117.75,35.451],[-117.7501,35.4509],[-117.7502,35.4508],[-117.7503,35.4507],[-117.7503,35.4506],[-117.7503,35.4505],[-117.7504,35.4505],[-117.7504,35.4504],[-117.7504,35.4503],[-117.7505,35.4503],[-117.7505,35.4502],[-117.7506,35.4501],[-117.7507,35.4501],[-117.7507,35.45],[-117.7507,35.4499],[-117.7507,35.4498],[-117.7507,35.4497],[-117.7507,35.4496],[-117.7508,35.4496],[-117.7508,35.4495],[-117.7509,35.4495],[-117.751,35.4494],[-117.751,35.4493],[-117.7511,35.4493],[-117.7511,35.4492],[-117.7512,35.4492],[-117.7513,35.4492],[-117.7513,35.4491],[-117.7514,35.4491],[-117.7514,35.449],[-117.7515,35.449],[-117.7515,35.4489],[-117.7516,35.4489],[-117.7517,35.4489],[-117.7517,35.4488],[-117.7518,35.4488],[-117.7518,35.4487],[-117.7519,35.4487],[-117.7519,35.4486],[-117.752,35.4486],[-117.7521,35.4486],[-117.7522,35.4486],[-117.7523,35.4486],[-117.7523,35.4485]]}},{"type":"Feature","properties":{"id":null,"name":null,"kind":"road","access":"green","seasonal":false},"geometry":{"type":"LineString","coordinates":[[-117.8411,35.4357],[-117.8411,35.4356],[-117.841,35.4356],[-117.8409,35.4356],[-117.8408,35.4356],[-117.8408,35.4355],[-117.8407,35.4355],[-117.8406,35.4354],[-117.8405,35.4354],[-117.8404,35.4354],[-117.8404,35.4353],[-117.8403,35.4353],[-117.8402,35.4353],[-117.8401,35.4353],[-117.84,35.4353],[-117.8399,35.4353],[-117.8399,35.4352],[-117.8398,35.4352],[-117.8397,35.4352],[-117.8397,35.4351],[-117.8396,35.4351],[-117.8395,35.435],[-117.8395,35.4349],[-117.8394,35.4349],[-117.8393,35.4348],[-117.8392,35.4348],[-117.8392,35.4347],[-117.8391,35.4347],[-117.839,35.4346],[-117.8389,35.4346],[-117.8388,35.4346],[-117.8387,35.4346],[-117.8387,35.4345],[-117.8386,35.4345],[-117.8386,35.4344],[-117.8386,35.4343],[-117.8386,35.4342],[-117.8387,35.4341],[-117.8387,35.434],[-117.8387,35.4339],[-117.8387,35.4338],[-117.8388,35.4337],[-117.8389,35.4336],[-117.839,35.4335],[-117.839,35.4334],[-117.8391,35.4334],[-117.8392,35.4333],[-117.8393,35.4332],[-117.8394,35.4331],[-117.8395,35.433],[-117.8395,35.4329],[-117.8396,35.4329],[-117.8397,35.4328],[-117.8398,35.4327],[-117.8399,35.4326],[-117.8399,35.4325],[-117.84,35.4324],[-117.8401,35.4323],[-117.8401,35.4321],[-117.8401,35.4319],[-117.8401,35.4318],[-117.8401,35.4317],[-117.8401,35.4315],[-117.8401,35.4314],[-117.8401,35.4313],[-117.8401,35.4312],[-117.8402,35.4311],[-117.8402,35.431],[-117.8403,35.4309],[-117.8403,35.4308],[-117.8403,35.4307],[-117.8403,35.4306],[-117.8403,35.4305],[-117.8403,35.4304],[-117.8403,35.4302],[-117.8403,35.4301],[-117.8403,35.4299],[-117.8402,35.4297],[-117.8402,35.4295],[-117.8401,35.4293],[-117.8401,35.4291],[-117.8401,35.429],[-117.84,35.4289],[-117.84,35.4288],[-117.84,35.4287],[-117.8399,35.4287],[-117.8399,35.4286],[-117.8398,35.4285],[-117.8397,35.4284],[-117.8396,35.4284],[-117.8395,35.4284],[-117.8394,35.4283],[-117.8393,35.4283],[-117.8392,35.4282],[-117.8391,35.4281],[-117.8389,35.428],[-117.8388,35.4279],[-117.8387,35.4278],[-117.8385,35.4277],[-117.8384,35.4276],[-117.8383,35.4275],[-117.8382,35.4274],[-117.8381,35.4272],[-117.8381,35.4271],[-117.838,35.427],[-117.838,35.4269],[-117.8379,35.4268],[-117.8379,35.4267],[-117.8379,35.4265],[-117.8379,35.4264],[-117.8379,35.4263],[-117.8379,35.4262],[-117.8378,35.4261],[-117.8378,35.426],[-117.8378,35.4259],[-117.8377,35.4258],[-117.8376,35.4257],[-117.8375,35.4256],[-117.8374,35.4256],[-117.8374,35.4255],[-117.8373,35.4255],[-117.8373,35.4254],[-117.8372,35.4254],[-117.8372,35.4253],[-117.8371,35.4253],[-117.837,35.4253],[-117.8369,35.4252],[-117.8368,35.4252],[-117.8367,35.4252],[-117.8366,35.4252],[-117.8365,35.4252],[-117.8364,35.4251],[-117.8363,35.4251],[-117.8361,35.4251],[-117.836,35.425],[-117.8359,35.425],[-117.8357,35.4249],[-117.8356,35.4249],[-117.8354,35.4249],[-117.8353,35.4249],[-117.8352,35.4248],[-117.835,35.4247],[-117.8349,35.4247],[-117.8348,35.4246],[-117.8347,35.4245],[-117.8346,35.4244],[-117.8345,35.4243],[-117.8344,35.4243],[-117.8343,35.4242],[-117.8342,35.4242],[-117.8341,35.4242],[-117.8341,35.4241],[-117.834,35.4241],[-117.834,35.424],[-117.8339,35.4239],[-117.8338,35.4239],[-117.8338,35.4238],[-117.8337,35.4237],[-117.8337,35.4236],[-117.8336,35.4235],[-117.8336,35.4234],[-117.8336,35.4233],[-117.8335,35.4232],[-117.8335,35.4231],[-117.8335,35.423],[-117.8334,35.4229],[-117.8334,35.4228],[-117.8333,35.4227],[-117.8332,35.4226],[-117.8332,35.4225],[-117.8331,35.4225],[-117.8331,35.4224],[-117.833,35.4224],[-117.8329,35.4223],[-117.8329,35.4222],[-117.8328,35.4222],[-117.8327,35.4221],[-117.8326,35.422],[-117.8325,35.4219],[-117.8324,35.4219],[-117.8323,35.4219],[-117.8322,35.4218],[-117.8321,35.4218],[-117.832,35.4218],[-117.8319,35.4218],[-117.8318,35.4217],[-117.8317,35.4217],[-117.8316,35.4216],[-117.8315,35.4216],[-117.8315,35.4215],[-117.8313,35.4214],[-117.8312,35.4214],[-117.8312,35.4213],[-117.8311,35.4213],[-117.831,35.4212],[-117.8309,35.4211],[-117.8308,35.4211],[-117.8307,35.421],[-117.8306,35.421],[-117.8306,35.4209],[-117.8305,35.4208],[-117.8305,35.4207],[-117.8304,35.4207],[-117.8304,35.4206],[-117.8303,35.4205],[-117.8303,35.4204],[-117.8302,35.4203],[-117.8301,35.4202],[-117.8301,35.4201],[-117.83,35.42],[-117.8299,35.4199],[-117.8299,35.4198],[-117.8298,35.4198],[-117.8297,35.4197],[-117.8296,35.4196],[-117.8295,35.4196],[-117.8294,35.4195],[-117.8293,35.4195],[-117.8293,35.4194],[-117.8292,35.4194],[-117.8291,35.4194],[-117.8291,35.4193],[-117.829,35.4193],[-117.8289,35.4192],[-117.8288,35.4192],[-117.8288,35.4191],[-117.8287,35.4191],[-117.8287,35.419],[-117.8286,35.419],[-117.8286,35.4189],[-117.8285,35.4188],[-117.8285,35.4187],[-117.8285,35.4186],[-117.8285,35.4185],[-117.8285,35.4184],[-117.8285,35.4183],[-117.8286,35.4182],[-117.8285,35.4181],[-117.8285,35.418],[-117.8285,35.4179],[-117.8284,35.4178],[-117.8284,35.4177],[-117.8283,35.4177],[-117.8282,35.4176],[-117.8282,35.4175],[-117.8281,35.4174],[-117.828,35.4174],[-117.8279,35.4173],[-117.8278,35.4172],[-117.8276,35.4172],[-117.8275,35.4171],[-117.8274,35.4171],[-117.8273,35.417],[-117.8271,35.417],[-117.827,35.4169],[-117.8268,35.4169],[-117.8267,35.4168],[-117.8266,35.4167],[-117.8264,35.4167],[-117.8263,35.4166],[-117.8262,35.4166],[-117.8261,35.4166],[-117.8261,35.4165],[-117.826,35.4165],[-117.8259,35.4165],[-117.8258,35.4164],[-117.8257,35.4163],[-117.8256,35.4162],[-117.8255,35.4162],[-117.8254,35.4161],[-117.8253,35.416],[-117.8253,35.4159],[-117.8252,35.4158],[-117.8252,35.4157],[-117.8251,35.4156],[-117.8251,35.4155],[-117.8251,35.4154],[-117.8251,35.4153],[-117.8251,35.4152],[-117.8251,35.4151],[-117.8251,35.415],[-117.8251,35.4149],[-117.8251,35.4148],[-117.8251,35.4147],[-117.825,35.4146],[-117.825,35.4145],[-117.825,35.4144],[-117.8251,35.4143],[-117.8251,35.4142],[-117.8252,35.4141],[-117.8252,35.414],[-117.8252,35.4139],[-117.8252,35.4138],[-117.8252,35.4137],[-117.8252,35.4136],[-117.8252,35.4135],[-117.8251,35.4135],[-117.8251,35.4134],[-117.8251,35.4133],[-117.8251,35.4132],[-117.8251,35.4131],[-117.8251,35.413],[-117.8251,35.4129],[-117.8251,35.4128],[-117.825,35.4127],[-117.825,35.4126],[-117.8249,35.4126],[-117.8249,35.4125],[-117.8248,35.4125],[-117.8248,35.4124],[-117.8247,35.4123],[-117.8246,35.4122],[-117.8246,35.4121],[-117.8245,35.412],[-117.8245,35.4119],[-117.8244,35.4119],[-117.8244,35.4118],[-117.8243,35.4118],[-117.8242,35.4117],[-117.8241,35.4117],[-117.824,35.4116],[-117.8239,35.4116],[-117.8238,35.4116],[-117.8237,35.4116],[-117.8236,35.4117],[-117.8235,35.4117],[-117.8234,35.4117],[-117.8233,35.4116],[-117.8232,35.4115],[-117.823,35.4115],[-117.8229,35.4114],[-117.8228,35.4114],[-117.8226,35.4113],[-117.8225,35.4113],[-117.8224,35.4113],[-117.8223,35.4113],[-117.8222,35.4113],[-117.8221,35.4113],[-117.822,35.4112],[-117.8218,35.4112],[-117.8217,35.4112],[-117.8216,35.4112],[-117.8215,35.4111],[-117.8213,35.411],[-117.8212,35.411],[-117.8212,35.4109],[-117.8211,35.4109],[-117.821,35.4108],[-117.821,35.4107],[-117.8209,35.4106],[-117.8208,35.4106],[-117.8207,35.4105],[-117.8206,35.4104],[-117.8204,35.4103],[-117.8203,35.4102],[-117.8202,35.4102],[-117.8201,35.4101],[-117.82,35.41],[-117.8199,35.4099],[-117.8197,35.4098],[-117.8196,35.4098],[-117.8195,35.4097],[-117.8194,35.4096],[-117.8193,35.4095],[-117.8192,35.4095],[-117.8191,35.4094],[-117.819,35.4093],[-117.819,35.4092],[-117.8189,35.4092],[-117.8188,35.4091],[-117.8186,35.4089],[-117.8186,35.4088],[-117.8185,35.4088],[-117.8184,35.4087],[-117.8183,35.4086],[-117.8182,35.4085],[-117.8181,35.4084],[-117.818,35.4083],[-117.8179,35.4082],[-117.8178,35.4081],[-117.8177,35.4081],[-117.8176,35.408],[-117.8175,35.4079],[-117.8174,35.4079],[-117.8173,35.4078],[-117.8173,35.4077],[-117.8172,35.4077],[-117.8171,35.4076],[-117.817,35.4075],[-117.8169,35.4074],[-117.8169,35.4073],[-117.8168,35.4072],[-117.8167,35.4071],[-117.8167,35.407],[-117.8166,35.4069],[-117.8166,35.4068],[-117.8165,35.4067],[-117.8165,35.4065],[-117.8164,35.4064],[-117.8164,35.4063],[-117.8163,35.4062],[-117.8163,35.4061],[-117.8162,35.406],[-117.8162,35.4059],[-117.8162,35.4058],[-117.8161,35.4057],[-117.8161,35.4055],[-117.8161,35.4054],[-117.816,35.4053],[-117.816,35.4052],[-117.8159,35.4051],[-117.8158,35.405],[-117.8158,35.4049],[-117.8158,35.4048],[-117.8157,35.4047],[-117.8157,35.4046],[-117.8157,35.4045],[-117.8157,35.4044],[-117.8157,35.4043],[-117.8158,35.4041],[-117.8158,35.404],[-117.8158,35.4039],[-117.8158,35.4038],[-117.8157,35.4037],[-117.8157,35.4036],[-117.8157,35.4035],[-117.8157,35.4034],[-117.8157,35.4033],[-117.8158,35.4032],[-117.8158,35.4031],[-117.8159,35.403],[-117.8159,35.4029],[-117.816,35.4028],[-117.816,35.4027],[-117.8161,35.4026],[-117.8161,35.4025],[-117.8162,35.4024],[-117.8162,35.4023],[-117.8163,35.4022],[-117.8164,35.4021],[-117.8165,35.402],[-117.8166,35.4019],[-117.8167,35.4018],[-117.8168,35.4018],[-117.8169,35.4017],[-117.817,35.4017],[-117.8171,35.4016],[-117.8172,35.4016],[-117.8173,35.4015],[-117.8174,35.4015],[-117.8175,35.4014],[-117.8176,35.4013],[-117.8177,35.4012],[-117.8178,35.4012],[-117.8178,35.4011],[-117.8179,35.401],[-117.8179,35.4009],[-117.818,35.4008],[-117.8181,35.4007],[-117.8182,35.4006],[-117.8183,35.4005],[-117.8183,35.4004],[-117.8184,35.4003],[-117.8185,35.4002],[-117.8185,35.4001],[-117.8185,35.4],[-117.8186,35.3999],[-117.8186,35.3998],[-117.8186,35.3997],[-117.8186,35.3996],[-117.8186,35.3995],[-117.8186,35.3994],[-117.8186,35.3993],[-117.8186,35.3992],[-117.8186,35.3991],[-117.8186,35.399],[-117.8186,35.3989],[-117.8186,35.3988],[-117.8187,35.3987],[-117.8187,35.3986],[-117.8187,35.3985],[-117.8187,35.3984],[-117.8188,35.3983],[-117.8188,35.3982],[-117.8189,35.3981],[-117.8189,35.398],[-117.819,35.3979],[-117.819,35.3978],[-117.819,35.3977],[-117.819,35.3976],[-117.8191,35.3975],[-117.819,35.3974],[-117.819,35.3973],[-117.819,35.3972],[-117.8189,35.3971],[-117.8189,35.397],[-117.8188,35.397],[-117.8188,35.3969],[-117.8187,35.3969],[-117.8187,35.3968],[-117.8186,35.3967],[-117.8185,35.3966],[-117.8184,35.3966],[-117.8184,35.3965],[-117.8183,35.3964],[-117.8182,35.3963],[-117.8181,35.3962],[-117.818,35.3961],[-117.8179,35.396],[-117.8178,35.3959],[-117.8177,35.3958],[-117.8176,35.3957],[-117.8175,35.3956],[-117.8175,35.3955],[-117.8174,35.3955],[-117.8173,35.3954],[-117.8173,35.3953],[-117.8172,35.3953],[-117.8172,35.3952],[-117.8171,35.3952],[-117.817,35.3951],[-117.817,35.395],[-117.8169,35.3949],[-117.8169,35.3948],[-117.8169,35.3946],[-117.8168,35.3945],[-117.8168,35.3944],[-117.8168,35.3943],[-117.8167,35.3943],[-117.8167,35.3942],[-117.8167,35.3941],[-117.8166,35.394],[-117.8166,35.3939],[-117.8166,35.3938],[-117.8166,35.3937],[-117.8166,35.3936],[-117.8166,35.3935],[-117.8166,35.3934],[-117.8166,35.3933],[-117.8166,35.3932],[-117.8166,35.3931],[-117.8166,35.393],[-117.8167,35.3929],[-117.8167,35.3928],[-117.8167,35.3927],[-117.8167,35.3926],[-117.8167,35.3925],[-117.8167,35.3924],[-117.8167,35.3923],[-117.8168,35.3922],[-117.8168,35.3921],[-117.8168,35.392],[-117.8168,35.3919],[-117.8168,35.3918],[-117.8168,35.3917],[-117.8168,35.3916],[-117.8168,35.3915],[-117.8168,35.3914],[-117.8168,35.3913],[-117.8167,35.3912],[-117.8167,35.3911],[-117.8166,35.391],[-117.8166,35.3909],[-117.8166,35.3908],[-117.8166,35.3907],[-117.8166,35.3906],[-117.8167,35.3906],[-117.8167,35.3905]]}},{"type":"Feature","properties":{"id":null,"name":null,"kind":"road","access":"green","seasonal":false},"geometry":{"type":"LineString","coordinates":[[-117.7595,35.4792],[-117.7595,35.4791],[-117.7594,35.479],[-117.7593,35.4789],[-117.7592,35.4789],[-117.7591,35.4788],[-117.759,35.4788],[-117.7589,35.4787],[-117.7588,35.4786],[-117.7588,35.4785],[-117.7587,35.4785],[-117.7587,35.4784],[-117.7587,35.4783],[-117.7586,35.4783],[-117.7585,35.4783],[-117.7584,35.4782],[-117.7583,35.4781],[-117.7582,35.4781],[-117.7581,35.478],[-117.758,35.4779],[-117.7579,35.4779],[-117.7578,35.4778],[-117.7578,35.4777],[-117.7577,35.4776],[-117.7577,35.4775],[-117.7577,35.4774],[-117.7576,35.4773],[-117.7576,35.4772],[-117.7576,35.4771],[-117.7576,35.477],[-117.7575,35.4769],[-117.7575,35.4768],[-117.7575,35.4767],[-117.7574,35.4766],[-117.7574,35.4765],[-117.7574,35.4764],[-117.7574,35.4763],[-117.7574,35.4762]]}},{"type":"Feature","properties":{"id":null,"name":null,"kind":"road","access":"green","seasonal":false},"geometry":{"type":"LineString","coordinates":[[-117.7444,35.4838],[-117.7445,35.4838],[-117.7446,35.4838],[-117.7447,35.4838],[-117.7448,35.4838],[-117.7449,35.4839],[-117.7451,35.4838],[-117.7452,35.4838],[-117.7453,35.4837],[-117.7454,35.4836],[-117.7455,35.4836],[-117.7456,35.4835],[-117.7457,35.4834],[-117.7459,35.4833],[-117.7461,35.4831],[-117.7462,35.4831],[-117.7463,35.483],[-117.7465,35.483],[-117.7466,35.483],[-117.7468,35.4829],[-117.7469,35.4829],[-117.7471,35.4829],[-117.7472,35.4828],[-117.7473,35.4828],[-117.7475,35.4827],[-117.7476,35.4827],[-117.7477,35.4826],[-117.7478,35.4826],[-117.7479,35.4825],[-117.748,35.4824],[-117.7481,35.4823],[-117.7482,35.4823],[-117.7484,35.4822],[-117.7485,35.4821],[-117.7486,35.4821],[-117.7487,35.482],[-117.7488,35.482],[-117.7489,35.4819],[-117.749,35.4819],[-117.7491,35.4818],[-117.7492,35.4818],[-117.7494,35.4817],[-117.7495,35.4817],[-117.7495,35.4816],[-117.7496,35.4815],[-117.7497,35.4815],[-117.7497,35.4814],[-117.7498,35.4813],[-117.7499,35.4813],[-117.75,35.4812],[-117.7501,35.4812],[-117.7502,35.4811],[-117.7503,35.481],[-117.7504,35.4809],[-117.7505,35.4809],[-117.7507,35.4808],[-117.7508,35.4807],[-117.7509,35.4807],[-117.7511,35.4807],[-117.7512,35.4807],[-117.7513,35.4806],[-117.7514,35.4806],[-117.7515,35.4806],[-117.7516,35.4806],[-117.7517,35.4806],[-117.7518,35.4806],[-117.7519,35.4806],[-117.752,35.4806],[-117.7521,35.4805],[-117.7522,35.4805]]}},{"type":"Feature","properties":{"id":null,"name":null,"kind":"road","access":"green","seasonal":false},"geometry":{"type":"LineString","coordinates":[[-117.805,35.4823],[-117.805,35.4822],[-117.805,35.4821],[-117.805,35.482],[-117.8051,35.482],[-117.8051,35.4819],[-117.8052,35.4819],[-117.8052,35.4818],[-117.8052,35.4817],[-117.8053,35.4817],[-117.8053,35.4816],[-117.8054,35.4816],[-117.8054,35.4815],[-117.8055,35.4815],[-117.8055,35.4814],[-117.8055,35.4813],[-117.8055,35.4812],[-117.8056,35.4812],[-117.8056,35.4811],[-117.8057,35.4811],[-117.8058,35.481],[-117.806,35.481],[-117.8061,35.4809],[-117.8062,35.4809],[-117.8063,35.4808],[-117.8065,35.4808],[-117.8066,35.4808],[-117.8067,35.4808],[-117.8067,35.4807],[-117.8068,35.4806],[-117.8068,35.4805],[-117.8067,35.4805],[-117.8067,35.4804],[-117.8068,35.4803],[-117.8069,35.4802],[-117.807,35.4802],[-117.807,35.4801],[-117.8071,35.4801],[-117.8072,35.48],[-117.8073,35.4799],[-117.8074,35.4799],[-117.8075,35.4798],[-117.8076,35.4798],[-117.8077,35.4798],[-117.8078,35.4797],[-117.8079,35.4797],[-117.8079,35.4798],[-117.808,35.4798],[-117.8081,35.4798],[-117.8082,35.4798],[-117.8082,35.4797],[-117.8083,35.4797],[-117.8084,35.4797],[-117.8085,35.4797],[-117.8086,35.4797],[-117.8087,35.4796],[-117.8088,35.4796],[-117.8089,35.4796],[-117.809,35.4796],[-117.8091,35.4796],[-117.8092,35.4797],[-117.8093,35.4797],[-117.8094,35.4797],[-117.8095,35.4797],[-117.8097,35.4797],[-117.8098,35.4797],[-117.8099,35.4796],[-117.81,35.4796],[-117.81,35.4795],[-117.8101,35.4795],[-117.8101,35.4794],[-117.8102,35.4793],[-117.8102,35.4792],[-117.8102,35.4791],[-117.8103,35.4791],[-117.8103,35.479],[-117.8103,35.4789],[-117.8104,35.4789],[-117.8104,35.4788],[-117.8105,35.4787],[-117.8106,35.4787],[-117.8107,35.4786],[-117.8108,35.4786],[-117.8109,35.4786],[-117.811,35.4786],[-117.8111,35.4786],[-117.8111,35.4787],[-117.8112,35.4787],[-117.8112,35.4788],[-117.8113,35.4788],[-117.8114,35.4789],[-117.8114,35.4788],[-117.8115,35.4788],[-117.8115,35.4787],[-117.8115,35.4786],[-117.8114,35.4786],[-117.8114,35.4785],[-117.8114,35.4784],[-117.8113,35.4784],[-117.8113,35.4783],[-117.8113,35.4782],[-117.8112,35.4781],[-117.8112,35.478],[-117.8112,35.4779],[-117.8112,35.4778],[-117.8112,35.4777],[-117.8113,35.4776],[-117.8114,35.4776],[-117.8115,35.4776],[-117.8116,35.4776],[-117.8117,35.4776],[-117.8118,35.4776],[-117.8119,35.4776],[-117.8119,35.4777],[-117.812,35.4777],[-117.812,35.4778],[-117.8121,35.4778],[-117.8122,35.4778],[-117.8123,35.4778],[-117.8124,35.4778],[-117.8125,35.4778],[-117.8126,35.4778],[-117.8127,35.4778],[-117.8128,35.4778],[-117.8129,35.4778],[-117.813,35.4778],[-117.813,35.4777],[-117.8131,35.4777],[-117.8132,35.4777],[-117.8132,35.4776],[-117.8133,35.4776],[-117.8134,35.4776],[-117.8135,35.4776],[-117.8136,35.4776],[-117.8137,35.4777],[-117.8138,35.4777],[-117.8139,35.4777],[-117.814,35.4778],[-117.8141,35.4778],[-117.8142,35.4778],[-117.8143,35.4778],[-117.8145,35.4779],[-117.8146,35.4779],[-117.8148,35.4779],[-117.8149,35.4779],[-117.815,35.478],[-117.8151,35.478],[-117.8153,35.478],[-117.8154,35.4781],[-117.8155,35.4781],[-117.8156,35.4782],[-117.8157,35.4782],[-117.8158,35.4783],[-117.8159,35.4783],[-117.816,35.4783],[-117.816,35.4784],[-117.8161,35.4784],[-117.8162,35.4784],[-117.8163,35.4784],[-117.8164,35.4784],[-117.8165,35.4785],[-117.8166,35.4785],[-117.8167,35.4785],[-117.8168,35.4785],[-117.8169,35.4785],[-117.817,35.4785],[-117.8171,35.4785],[-117.8172,35.4786],[-117.8173,35.4786],[-117.8174,35.4786],[-117.8174,35.4787],[-117.8175,35.4787],[-117.8176,35.4787],[-117.8176,35.4788],[-117.8177,35.4788],[-117.8178,35.4788],[-117.8179,35.4788],[-117.8179,35.4789],[-117.818,35.4789],[-117.8181,35.4789],[-117.8181,35.4788],[-117.8182,35.4788],[-117.8183,35.4788],[-117.8184,35.4788],[-117.8185,35.4788],[-117.8186,35.4788],[-117.8186,35.4787],[-117.8187,35.4787],[-117.8188,35.4786],[-117.8188,35.4787],[-117.8189,35.4787],[-117.819,35.4787],[-117.8191,35.4787],[-117.8192,35.4787],[-117.8193,35.4787],[-117.8194,35.4787],[-117.8194,35.4786],[-117.8195,35.4786],[-117.8196,35.4786],[-117.8197,35.4785],[-117.8198,35.4785],[-117.8199,35.4785],[-117.8199,35.4784],[-117.82,35.4784],[-117.8201,35.4783],[-117.8202,35.4783],[-117.8203,35.4783],[-117.8204,35.4784],[-117.8205,35.4784],[-117.8205,35.4785],[-117.8206,35.4785]]}},{"type":"Feature","properties":{"id":null,"name":null,"kind":"road","access":"green","seasonal":false},"geometry":{"type":"LineString","coordinates":[[-117.6368,35.438]]}},{"type":"Feature","properties":{"id":null,"name":null,"kind":"road","access":"green","seasonal":false},"geometry":{"type":"LineString","coordinates":[[-117.768,35.4542],[-117.7681,35.4542],[-117.7681,35.4543],[-117.7682,35.4544],[-117.7682,35.4545],[-117.7683,35.4546],[-117.7684,35.4547],[-117.7685,35.4547],[-117.7686,35.4548],[-117.7687,35.4549],[-117.7688,35.4549],[-117.7689,35.455],[-117.769,35.455],[-117.7691,35.4551],[-117.7692,35.4551],[-117.7693,35.4551],[-117.7694,35.4552],[-117.7695,35.4552],[-117.7695,35.4553],[-117.7696,35.4553],[-117.7697,35.4554],[-117.7698,35.4555],[-117.7699,35.4555],[-117.77,35.4556],[-117.7701,35.4556],[-117.7702,35.4557],[-117.7703,35.4557],[-117.7704,35.4558],[-117.7705,35.4558],[-117.7706,35.4559],[-117.7707,35.4559],[-117.7708,35.456],[-117.7709,35.456],[-117.7709,35.4561],[-117.771,35.4561],[-117.7711,35.4562],[-117.7712,35.4562],[-117.7713,35.4563],[-117.7715,35.4563],[-117.7716,35.4563],[-117.7717,35.4564],[-117.7718,35.4564],[-117.7718,35.4565],[-117.7719,35.4565],[-117.772,35.4565],[-117.7721,35.4566],[-117.7721,35.4567],[-117.7722,35.4567],[-117.7722,35.4568],[-117.7723,35.4568],[-117.7724,35.4569],[-117.7725,35.457],[-117.7725,35.4571],[-117.7726,35.4571],[-117.7727,35.4572],[-117.7728,35.4573],[-117.7729,35.4574],[-117.773,35.4574],[-117.7731,35.4575],[-117.7732,35.4575],[-117.7733,35.4575],[-117.7734,35.4576],[-117.7735,35.4577],[-117.7737,35.4577],[-117.7738,35.4577],[-117.7739,35.4578],[-117.774,35.4578],[-117.7742,35.4578],[-117.7743,35.4578],[-117.7744,35.4579],[-117.7745,35.4579],[-117.7746,35.458],[-117.7747,35.458],[-117.7748,35.4581],[-117.7749,35.4582],[-117.775,35.4583],[-117.7751,35.4583],[-117.7752,35.4584],[-117.7753,35.4584],[-117.7754,35.4585],[-117.7755,35.4586],[-117.7756,35.4586],[-117.7757,35.4586],[-117.7759,35.4587],[-117.776,35.4587],[-117.7761,35.4587],[-117.7762,35.4588],[-117.7763,35.4589],[-117.7764,35.459],[-117.7766,35.459],[-117.7767,35.4591],[-117.7768,35.4592],[-117.7769,35.4592],[-117.7771,35.4593],[-117.7772,35.4594],[-117.7773,35.4595],[-117.7775,35.4596],[-117.7776,35.4597],[-117.7777,35.4598],[-117.7778,35.4599],[-117.7779,35.4599],[-117.7779,35.46],[-117.778,35.46],[-117.7781,35.46],[-117.7782,35.4601],[-117.7783,35.4601],[-117.7784,35.4602],[-117.7785,35.4602],[-117.7786,35.4602],[-117.7787,35.4602],[-117.7788,35.4603],[-117.779,35.4603],[-117.7791,35.4603],[-117.7792,35.4604],[-117.7793,35.4604],[-117.7795,35.4605],[-117.7796,35.4606],[-117.7797,35.4607],[-117.7798,35.4607],[-117.7799,35.4608],[-117.78,35.4608],[-117.7801,35.4608],[-117.7802,35.4609],[-117.7803,35.4609]]}},{"type":"Feature","properties":{"id":null,"name":null,"kind":"road","access":"green","seasonal":false},"geometry":{"type":"LineString","coordinates":[[-117.6631,35.4995],[-117.6631,35.4994]]}},{"type":"Feature","properties":{"id":null,"name":null,"kind":"road","access":"green","seasonal":false},"geometry":{"type":"LineString","coordinates":[[-117.8222,35.4488],[-117.8223,35.4488],[-117.8224,35.4488],[-117.8225,35.4487],[-117.8226,35.4487],[-117.8227,35.4487],[-117.8227,35.4486],[-117.8228,35.4486],[-117.8229,35.4486],[-117.823,35.4486],[-117.8231,35.4485],[-117.8232,35.4485],[-117.8233,35.4485],[-117.8234,35.4485],[-117.8235,35.4484],[-117.8236,35.4484],[-117.8237,35.4484],[-117.8238,35.4484],[-117.8239,35.4483],[-117.824,35.4483],[-117.8241,35.4483],[-117.8242,35.4483],[-117.8242,35.4482],[-117.8243,35.4482],[-117.8244,35.4482],[-117.8245,35.4482],[-117.8246,35.4482],[-117.8247,35.4481],[-117.8248,35.4481],[-117.8249,35.4481],[-117.825,35.4481],[-117.8251,35.4481],[-117.8252,35.4481],[-117.8253,35.4481],[-117.8253,35.448],[-117.8254,35.448],[-117.8255,35.448],[-117.8256,35.448],[-117.8257,35.448],[-117.8258,35.448],[-117.8259,35.448],[-117.826,35.448],[-117.8261,35.448],[-117.8262,35.448],[-117.8262,35.4481],[-117.8263,35.4481],[-117.8264,35.4481],[-117.8265,35.4481],[-117.8266,35.4481],[-117.8267,35.448],[-117.8268,35.448],[-117.8269,35.448],[-117.827,35.448],[-117.8271,35.448],[-117.8272,35.4479],[-117.8273,35.4479],[-117.8274,35.4479],[-117.8275,35.4479],[-117.8276,35.4479],[-117.8277,35.4479],[-117.8277,35.4478],[-117.8278,35.4478],[-117.8279,35.4478],[-117.828,35.4477],[-117.8281,35.4477],[-117.8282,35.4477],[-117.8283,35.4477],[-117.8284,35.4476],[-117.8285,35.4475]]}},{"type":"Feature","properties":{"id":null,"name":null,"kind":"road","access":"green","seasonal":false},"geometry":{"type":"LineString","coordinates":[[-117.678,35.4449],[-117.6781,35.4449],[-117.6781,35.445],[-117.6781,35.4451],[-117.6781,35.4452],[-117.6782,35.4452],[-117.6782,35.4453],[-117.6782,35.4454],[-117.6782,35.4455],[-117.6781,35.4456],[-117.678,35.4456],[-117.6779,35.4456],[-117.6779,35.4457],[-117.6778,35.4457],[-117.6777,35.4457],[-117.6777,35.4458],[-117.6776,35.4458],[-117.6775,35.4459],[-117.6774,35.4459],[-117.6773,35.4459],[-117.6772,35.446],[-117.6771,35.446],[-117.677,35.4461],[-117.6769,35.4461],[-117.6767,35.4461],[-117.6766,35.4461],[-117.6765,35.4461],[-117.6764,35.4461],[-117.6763,35.4461],[-117.6762,35.4462],[-117.6761,35.4462],[-117.6761,35.4463],[-117.676,35.4463],[-117.6759,35.4463],[-117.6759,35.4464],[-117.6758,35.4464],[-117.6757,35.4465],[-117.6756,35.4465],[-117.6755,35.4466],[-117.6754,35.4466],[-117.6753,35.4466],[-117.6752,35.4466],[-117.6751,35.4466],[-117.675,35.4466],[-117.6749,35.4466],[-117.6748,35.4466],[-117.6747,35.4466],[-117.6746,35.4467],[-117.6745,35.4467],[-117.6744,35.4468],[-117.6743,35.4468],[-117.6742,35.4468],[-117.6741,35.4468],[-117.674,35.4468],[-117.6739,35.4468],[-117.6738,35.4469],[-117.6737,35.4469],[-117.6736,35.4469],[-117.6735,35.4469],[-117.6734,35.4469],[-117.6733,35.4469],[-117.6732,35.4469],[-117.6731,35.4469],[-117.673,35.4469],[-117.6729,35.4469],[-117.6728,35.4469],[-117.6727,35.4469],[-117.6726,35.4469],[-117.6725,35.4469],[-117.6724,35.4469],[-117.6723,35.4469],[-117.6722,35.4469],[-117.6721,35.4469],[-117.672,35.4469],[-117.6719,35.447],[-117.6718,35.447],[-117.6717,35.4471],[-117.6716,35.4471],[-117.6715,35.4471],[-117.6714,35.4471],[-117.6713,35.4471],[-117.6712,35.4471],[-117.6711,35.4471],[-117.671,35.4471],[-117.671,35.447],[-117.6709,35.447],[-117.6708,35.447],[-117.6707,35.4469],[-117.6706,35.4468],[-117.6706,35.4467],[-117.6705,35.4467],[-117.6704,35.4466],[-117.6703,35.4465],[-117.6702,35.4465],[-117.6702,35.4464],[-117.6701,35.4463],[-117.67,35.4462],[-117.6699,35.4461],[-117.6698,35.446],[-117.6698,35.4459],[-117.6697,35.4459],[-117.6697,35.4458],[-117.6696,35.4458],[-117.6696,35.4457],[-117.6695,35.4456],[-117.6694,35.4456],[-117.6694,35.4455],[-117.6693,35.4454],[-117.6693,35.4453],[-117.6692,35.4453],[-117.6692,35.4452],[-117.6692,35.4451],[-117.6692,35.445],[-117.6691,35.4449]]}},{"type":"Feature","properties":{"id":null,"name":null,"kind":"road","access":"green","seasonal":false},"geometry":{"type":"LineString","coordinates":[[-117.7913,35.4891],[-117.7913,35.489],[-117.7913,35.4889],[-117.7913,35.4888],[-117.7913,35.4887],[-117.7914,35.4887],[-117.7914,35.4886],[-117.7914,35.4885],[-117.7914,35.4884],[-117.7914,35.4883],[-117.7915,35.4882],[-117.7915,35.4881],[-117.7916,35.488],[-117.7916,35.4879],[-117.7916,35.4878],[-117.7916,35.4877],[-117.7915,35.4876],[-117.7915,35.4875],[-117.7914,35.4875],[-117.7913,35.4874],[-117.7912,35.4873],[-117.7911,35.4873],[-117.7911,35.4872],[-117.791,35.4871],[-117.791,35.487],[-117.7909,35.4869],[-117.7908,35.4868],[-117.7907,35.4867],[-117.7906,35.4867],[-117.7905,35.4866],[-117.7904,35.4866],[-117.7903,35.4865],[-117.7902,35.4865],[-117.7902,35.4864],[-117.7901,35.4863],[-117.79,35.4862],[-117.7899,35.4862],[-117.7898,35.4862],[-117.7897,35.4862],[-117.7895,35.4862],[-117.7894,35.4862],[-117.7893,35.4862],[-117.7892,35.4862],[-117.7891,35.4863],[-117.789,35.4863],[-117.7889,35.4863],[-117.7888,35.4863],[-117.7888,35.4862],[-117.7887,35.4862],[-117.7886,35.4862],[-117.7885,35.4862],[-117.7884,35.4862],[-117.7883,35.4862],[-117.7882,35.4862],[-117.7881,35.4862],[-117.788,35.4862],[-117.7879,35.4862],[-117.7877,35.4861],[-117.7876,35.4861],[-117.7875,35.4862],[-117.7875,35.4861],[-117.7874,35.4861],[-117.7873,35.4861],[-117.7872,35.4861],[-117.7871,35.486],[-117.787,35.486],[-117.7869,35.486],[-117.7868,35.4859],[-117.7867,35.4859],[-117.7866,35.4858],[-117.7865,35.4858],[-117.7864,35.4858],[-117.7863,35.4858],[-117.7862,35.4858],[-117.7861,35.4858],[-117.786,35.4858],[-117.7859,35.4858],[-117.7858,35.4857],[-117.7857,35.4856],[-117.7856,35.4856],[-117.7856,35.4855],[-117.7855,35.4854],[-117.7854,35.4854],[-117.7854,35.4853],[-117.7853,35.4852],[-117.7852,35.4851],[-117.7852,35.485],[-117.7851,35.4849],[-117.7851,35.4848],[-117.785,35.4848],[-117.7849,35.4847],[-117.7848,35.4847],[-117.7847,35.4847],[-117.7846,35.4846],[-117.7845,35.4846],[-117.7844,35.4847],[-117.7843,35.4847],[-117.7842,35.4846],[-117.784,35.4846],[-117.7839,35.4846],[-117.7838,35.4846],[-117.7837,35.4846]]}},{"type":"Feature","properties":{"id":null,"name":null,"kind":"road","access":"green","seasonal":false},"geometry":{"type":"LineString","coordinates":[[-117.6451,35.3562],[-117.6454,35.3564],[-117.6455,35.3566],[-117.6456,35.3568],[-117.6456,35.3572],[-117.6456,35.3574],[-117.6456,35.3578],[-117.6457,35.3581],[-117.6457,35.3583],[-117.6458,35.3586],[-117.6458,35.3589],[-117.6459,35.3591],[-117.646,35.3595],[-117.6461,35.3599],[-117.6462,35.3601],[-117.6465,35.3605]]}},{"type":"Feature","properties":{"id":null,"name":null,"kind":"road","access":"green","seasonal":false},"geometry":{"type":"LineString","coordinates":[[-117.7004,35.4777],[-117.7004,35.4776],[-117.7003,35.4776],[-117.7002,35.4776],[-117.7001,35.4777],[-117.7,35.4777],[-117.6999,35.4777],[-117.6998,35.4777],[-117.6997,35.4778],[-117.6996,35.4778],[-117.6995,35.4777],[-117.6994,35.4777],[-117.6993,35.4776],[-117.6992,35.4776],[-117.6991,35.4775],[-117.699,35.4775],[-117.6988,35.4774],[-117.6987,35.4774],[-117.6986,35.4774],[-117.6985,35.4774],[-117.6984,35.4774],[-117.6983,35.4774],[-117.6982,35.4774],[-117.6981,35.4775],[-117.698,35.4775],[-117.6979,35.4774],[-117.6977,35.4774],[-117.6976,35.4773],[-117.6976,35.4772],[-117.6975,35.4771],[-117.6974,35.477],[-117.6973,35.477],[-117.6972,35.4769],[-117.6971,35.4769],[-117.697,35.4769],[-117.6969,35.4769],[-117.6968,35.4769],[-117.6968,35.4768],[-117.6967,35.4768],[-117.6966,35.4767],[-117.6965,35.4767],[-117.6964,35.4767],[-117.6963,35.4768],[-117.6962,35.4769],[-117.6961,35.4769],[-117.696,35.477],[-117.6959,35.477],[-117.6958,35.477],[-117.6957,35.4769],[-117.6956,35.4769],[-117.6955,35.4769],[-117.6954,35.4768],[-117.6953,35.4767],[-117.6953,35.4765],[-117.6953,35.4764],[-117.6952,35.4763],[-117.6952,35.4762],[-117.6951,35.4761],[-117.695,35.476],[-117.6949,35.476],[-117.6948,35.4759],[-117.6947,35.4759],[-117.6945,35.4758],[-117.6945,35.4757],[-117.6944,35.4756],[-117.6944,35.4755],[-117.6944,35.4754],[-117.6943,35.4754],[-117.6942,35.4754],[-117.6941,35.4753],[-117.694,35.4753],[-117.6939,35.4753],[-117.6938,35.4752],[-117.6937,35.4751],[-117.6936,35.4751],[-117.6935,35.475],[-117.6935,35.4749],[-117.6934,35.4748],[-117.6933,35.4748],[-117.6932,35.4747],[-117.6932,35.4746],[-117.6931,35.4746],[-117.693,35.4745],[-117.6929,35.4745],[-117.6928,35.4744],[-117.6927,35.4744],[-117.6926,35.4743],[-117.6925,35.4743],[-117.6924,35.4742],[-117.6923,35.4741],[-117.6922,35.4741],[-117.692,35.4741],[-117.6919,35.4741],[-117.6918,35.4742],[-117.6917,35.4742],[-117.6917,35.4743],[-117.6916,35.4744],[-117.6915,35.4745],[-117.6913,35.4747],[-117.6913,35.4748],[-117.6912,35.4749],[-117.6911,35.4749],[-117.691,35.475],[-117.6908,35.4751],[-117.6907,35.4752],[-117.6906,35.4753],[-117.6905,35.4754],[-117.6904,35.4754],[-117.6903,35.4755],[-117.6902,35.4756],[-117.69,35.4757],[-117.6899,35.4758],[-117.6898,35.4759],[-117.6897,35.476],[-117.6896,35.4762],[-117.6895,35.4763],[-117.6894,35.4764],[-117.6893,35.4765],[-117.6892,35.4765],[-117.6891,35.4766],[-117.689,35.4767],[-117.6889,35.4768],[-117.6889,35.4769],[-117.6888,35.477],[-117.6887,35.477],[-117.6887,35.4771],[-117.6886,35.4771],[-117.6884,35.4772],[-117.6883,35.4772],[-117.6882,35.4772],[-117.6881,35.4772],[-117.688,35.4772],[-117.6879,35.4772],[-117.6878,35.4772],[-117.6877,35.4772],[-117.6876,35.4772],[-117.6875,35.4772],[-117.6874,35.4772],[-117.6873,35.4772],[-117.6872,35.4772],[-117.6871,35.4772],[-117.687,35.4772],[-117.6869,35.4772],[-117.6867,35.4772],[-117.6866,35.4772],[-117.6865,35.4772],[-117.6864,35.4772],[-117.6863,35.4772],[-117.6862,35.4772],[-117.6861,35.4772],[-117.686,35.4772],[-117.6859,35.4771],[-117.6858,35.4771],[-117.6857,35.4771],[-117.6856,35.4771],[-117.6855,35.4771],[-117.6854,35.4771],[-117.6853,35.4771],[-117.6852,35.4771],[-117.6851,35.4771],[-117.685,35.4771],[-117.6849,35.4771],[-117.6848,35.4772],[-117.6847,35.4773],[-117.6846,35.4774],[-117.6845,35.4775],[-117.6845,35.4774],[-117.6844,35.4774],[-117.6843,35.4774],[-117.6842,35.4773],[-117.6841,35.4773],[-117.684,35.4773],[-117.6839,35.4772],[-117.6838,35.4772],[-117.6837,35.4772],[-117.6836,35.4772],[-117.6835,35.4771],[-117.6834,35.4771],[-117.6833,35.4771],[-117.6832,35.4771],[-117.6831,35.4771],[-117.683,35.4771],[-117.6829,35.477],[-117.6828,35.477],[-117.6828,35.4771],[-117.6827,35.4771],[-117.6826,35.4771],[-117.6825,35.4771],[-117.6824,35.4771],[-117.6823,35.4771],[-117.6822,35.4771],[-117.6821,35.4772],[-117.682,35.4773],[-117.6819,35.4773],[-117.6818,35.4773],[-117.6817,35.4773],[-117.6816,35.4774],[-117.6815,35.4775],[-117.6814,35.4775],[-117.6814,35.4776],[-117.6813,35.4776]]}},{"type":"Feature","properties":{"id":null,"name":null,"kind":"road","access":"green","seasonal":false},"geometry":{"type":"LineString","coordinates":[[-117.8679,35.4223],[-117.868,35.4223],[-117.8681,35.4223],[-117.8682,35.4224],[-117.8683,35.4224],[-117.8684,35.4225],[-117.8685,35.4225],[-117.8686,35.4225],[-117.8687,35.4226],[-117.8688,35.4226],[-117.8689,35.4227],[-117.869,35.4228],[-117.8691,35.4228],[-117.8691,35.4229],[-117.8692,35.423],[-117.8693,35.423],[-117.8694,35.4231],[-117.8695,35.4232],[-117.8696,35.4233],[-117.8697,35.4234],[-117.8698,35.4234],[-117.8699,35.4235],[-117.87,35.4236],[-117.8701,35.4236],[-117.8702,35.4237],[-117.8703,35.4238],[-117.8705,35.4239],[-117.8706,35.424],[-117.8707,35.4241],[-117.8709,35.4242],[-117.871,35.4243],[-117.8711,35.4244],[-117.8713,35.4245],[-117.8714,35.4247],[-117.8715,35.4248],[-117.8717,35.4248],[-117.8719,35.4249],[-117.8721,35.4249],[-117.8722,35.425],[-117.8724,35.425],[-117.8726,35.425],[-117.8727,35.425],[-117.8729,35.4249],[-117.873,35.4249],[-117.8732,35.4249],[-117.8733,35.4249],[-117.8734,35.4249],[-117.8736,35.4249],[-117.8737,35.4249],[-117.8738,35.4249],[-117.8739,35.425],[-117.874,35.425],[-117.8741,35.4251],[-117.8743,35.4251],[-117.8744,35.4252],[-117.8745,35.4252],[-117.8747,35.4253],[-117.8748,35.4253],[-117.875,35.4254],[-117.8752,35.4254],[-117.8754,35.4254],[-117.8755,35.4255],[-117.8757,35.4256],[-117.8758,35.4257],[-117.8759,35.4258],[-117.876,35.426],[-117.8761,35.4261],[-117.8761,35.4262],[-117.8761,35.4263],[-117.8761,35.4264],[-117.8761,35.4266],[-117.8762,35.4268],[-117.8762,35.4269],[-117.8764,35.427],[-117.8765,35.4271],[-117.8766,35.4272],[-117.8768,35.4273],[-117.8769,35.4275],[-117.877,35.4276],[-117.8771,35.4277],[-117.8771,35.4278],[-117.8772,35.428],[-117.8772,35.4281],[-117.8772,35.4282],[-117.8772,35.4284],[-117.8773,35.4285],[-117.8773,35.4286],[-117.8774,35.4288],[-117.8774,35.4289],[-117.8774,35.4291],[-117.8775,35.4292],[-117.8776,35.4293],[-117.8777,35.4294],[-117.8778,35.4295],[-117.8779,35.4296],[-117.878,35.4298],[-117.8781,35.4299],[-117.8782,35.43],[-117.8783,35.4301],[-117.8785,35.4302],[-117.8786,35.4303],[-117.8787,35.4305],[-117.8788,35.4306],[-117.8789,35.4308],[-117.8789,35.431],[-117.879,35.4312],[-117.879,35.4314],[-117.8791,35.4316],[-117.8791,35.4318],[-117.8792,35.4319],[-117.8792,35.4321],[-117.8793,35.4322],[-117.8793,35.4323],[-117.8793,35.4325],[-117.8794,35.4326],[-117.8794,35.4327],[-117.8795,35.4329],[-117.8795,35.433],[-117.8795,35.4331],[-117.8796,35.4331],[-117.8796,35.4332],[-117.8796,35.4333],[-117.8797,35.4334],[-117.8797,35.4335],[-117.8798,35.4336],[-117.8798,35.4337],[-117.8799,35.4339],[-117.8799,35.434],[-117.88,35.4341],[-117.88,35.4342],[-117.8801,35.4343],[-117.8801,35.4344],[-117.8802,35.4345],[-117.8803,35.4346],[-117.8803,35.4347],[-117.8804,35.4348],[-117.8805,35.4349],[-117.8806,35.435],[-117.8807,35.435],[-117.8808,35.4351],[-117.8809,35.4351],[-117.881,35.4351],[-117.8811,35.4352],[-117.8812,35.4352],[-117.8812,35.4353],[-117.8813,35.4353]]}},{"type":"Feature","properties":{"id":null,"name":null,"kind":"road","access":"green","seasonal":false},"geometry":{"type":"LineString","coordinates":[[-117.8972,35.3549],[-117.8975,35.3548],[-117.8976,35.3547],[-117.8979,35.3545],[-117.898,35.3544],[-117.8983,35.3543],[-117.8987,35.3541],[-117.8991,35.3538],[-117.8994,35.3536],[-117.8995,35.3535],[-117.8998,35.3533],[-117.9001,35.3531],[-117.9006,35.3528],[-117.9012,35.3524],[-117.9015,35.3522],[-117.9018,35.352],[-117.9022,35.3518],[-117.9026,35.3516],[-117.9029,35.3514],[-117.9031,35.3513],[-117.9032,35.3512],[-117.9034,35.3511],[-117.9035,35.351],[-117.9037,35.3509],[-117.904,35.3507],[-117.9041,35.3506],[-117.9043,35.3505],[-117.9044,35.3504],[-117.9048,35.3502],[-117.9055,35.3497],[-117.9058,35.3496],[-117.9061,35.3494],[-117.9064,35.3492]]}},{"type":"Feature","properties":{"id":null,"name":null,"kind":"road","access":"green","seasonal":false},"geometry":{"type":"LineString","coordinates":[[-117.6724,35.4237],[-117.6725,35.4237],[-117.6726,35.4237],[-117.6729,35.4238],[-117.6732,35.4241],[-117.6737,35.4245],[-117.6742,35.4249],[-117.6746,35.4253],[-117.6748,35.4254],[-117.675,35.4256],[-117.6751,35.4257],[-117.6753,35.4258],[-117.6754,35.426],[-117.6754,35.4261],[-117.6754,35.4262],[-117.6754,35.4263],[-117.6755,35.4264],[-117.6756,35.4265],[-117.6758,35.4266],[-117.6759,35.4267],[-117.676,35.4269],[-117.6762,35.427],[-117.6764,35.4272],[-117.6765,35.4272],[-117.6765,35.4273],[-117.6767,35.4275],[-117.6769,35.4277],[-117.677,35.4279],[-117.6771,35.428],[-117.6772,35.4281],[-117.6774,35.4282],[-117.6776,35.4284],[-117.6777,35.4286],[-117.6778,35.4287],[-117.6779,35.4288],[-117.6783,35.4292],[-117.6786,35.4295],[-117.6788,35.4297],[-117.6789,35.4299],[-117.679,35.4299],[-117.6792,35.4301],[-117.6792,35.4302],[-117.6793,35.4302]]}},{"type":"Feature","properties":{"id":null,"name":null,"kind":"road","access":"green","seasonal":false},"geometry":{"type":"LineString","coordinates":[[-117.6492,35.3687],[-117.6491,35.3685],[-117.6491,35.3684],[-117.6491,35.3682],[-117.6491,35.3681],[-117.6491,35.3679],[-117.6491,35.3678],[-117.649,35.3675]]}},{"type":"Feature","properties":{"id":null,"name":null,"kind":"road","access":"green","seasonal":false},"geometry":{"type":"LineString","coordinates":[[-117.8542,35.4468],[-117.8544,35.4467],[-117.8544,35.4466],[-117.8546,35.4465],[-117.8547,35.4464],[-117.8549,35.4464],[-117.855,35.4463],[-117.8551,35.4462],[-117.8553,35.4461],[-117.8555,35.4461],[-117.8556,35.446],[-117.8557,35.4459],[-117.8558,35.4458],[-117.8558,35.4456],[-117.8559,35.4454],[-117.8561,35.4453],[-117.8561,35.4451],[-117.8562,35.445],[-117.8562,35.4448],[-117.8563,35.4447],[-117.8564,35.4446],[-117.8566,35.4445],[-117.8567,35.4445],[-117.8569,35.4445],[-117.857,35.4443],[-117.8571,35.4442],[-117.8571,35.4441],[-117.8573,35.444],[-117.8575,35.4439],[-117.8576,35.4439],[-117.8577,35.4438],[-117.8579,35.4437],[-117.858,35.4436],[-117.8582,35.4435],[-117.8584,35.4434],[-117.8585,35.4434],[-117.8586,35.4433],[-117.8588,35.4432],[-117.8589,35.4431],[-117.8592,35.4429],[-117.8594,35.4428],[-117.8595,35.4428],[-117.8596,35.4427],[-117.8599,35.4426],[-117.86,35.4424],[-117.86,35.4421],[-117.86,35.442],[-117.8601,35.4417],[-117.8601,35.4415],[-117.8601,35.4414],[-117.8601,35.4412],[-117.8602,35.441],[-117.8604,35.4409],[-117.8606,35.4408],[-117.8607,35.4407],[-117.8609,35.4406],[-117.861,35.4405],[-117.8612,35.4404],[-117.8613,35.4404],[-117.8614,35.4401],[-117.8614,35.44],[-117.8615,35.4398],[-117.8616,35.4397],[-117.8617,35.4396],[-117.8617,35.4394],[-117.8616,35.4393],[-117.8616,35.4391],[-117.8617,35.439],[-117.8618,35.4389],[-117.862,35.4389],[-117.8621,35.4388],[-117.8623,35.4387],[-117.8624,35.4386],[-117.8625,35.4385],[-117.8626,35.4384],[-117.8627,35.4383],[-117.8629,35.4382],[-117.863,35.4381],[-117.8631,35.438],[-117.8632,35.4379],[-117.8632,35.4377],[-117.8632,35.4376],[-117.8633,35.4376],[-117.8634,35.4374],[-117.8635,35.4373],[-117.8635,35.4372],[-117.8635,35.437],[-117.8636,35.4368],[-117.8637,35.4366],[-117.8638,35.4365],[-117.8639,35.4364],[-117.8639,35.4362],[-117.864,35.4361],[-117.864,35.436]]}},{"type":"Feature","properties":{"id":null,"name":null,"kind":"road","access":"green","seasonal":false},"geometry":{"type":"LineString","coordinates":[[-117.8096,35.4266],[-117.8098,35.4267],[-117.81,35.4269],[-117.8102,35.427],[-117.8103,35.4271],[-117.8103,35.4272],[-117.8103,35.4273],[-117.8105,35.4274],[-117.8105,35.4276],[-117.8106,35.4277],[-117.8108,35.4278],[-117.8108,35.428],[-117.811,35.4282],[-117.811,35.4284],[-117.8111,35.4286],[-117.8112,35.4287],[-117.8112,35.4288],[-117.8112,35.429],[-117.8113,35.4291],[-117.8115,35.4293],[-117.8116,35.4294],[-117.8115,35.4295],[-117.8115,35.4297],[-117.8114,35.4298],[-117.8114,35.4299],[-117.8114,35.4301],[-117.8115,35.4303],[-117.8117,35.4306],[-117.8119,35.4308],[-117.8121,35.4309],[-117.8122,35.431],[-117.8124,35.4312],[-117.8127,35.4313],[-117.8128,35.4315],[-117.8129,35.4316],[-117.8131,35.4318],[-117.8131,35.432],[-117.813,35.4321],[-117.813,35.4324],[-117.813,35.4326],[-117.813,35.4329],[-117.813,35.433],[-117.8131,35.4333],[-117.8133,35.4337],[-117.8136,35.4341],[-117.8137,35.4343],[-117.8138,35.4344],[-117.8139,35.4345],[-117.8139,35.4346],[-117.814,35.4349],[-117.8141,35.435],[-117.8141,35.4351],[-117.8142,35.4353],[-117.8143,35.4354],[-117.8144,35.4355],[-117.8143,35.4356],[-117.8142,35.4358],[-117.8142,35.4361],[-117.8141,35.4362],[-117.8141,35.4363],[-117.8139,35.4365]]}},{"type":"Feature","properties":{"id":null,"name":null,"kind":"road","access":"green","seasonal":false},"geometry":{"type":"LineString","coordinates":[[-117.8928,35.4535],[-117.8928,35.4534],[-117.8926,35.4533],[-117.8924,35.4531]]}},{"type":"Feature","properties":{"id":null,"name":null,"kind":"road","access":"green","seasonal":false},"geometry":{"type":"LineString","coordinates":[[-117.8565,35.4197],[-117.8566,35.4196],[-117.8567,35.4196],[-117.8569,35.4196],[-117.857,35.4196],[-117.8571,35.4197],[-117.8572,35.4197],[-117.8573,35.4197],[-117.8574,35.4197],[-117.8575,35.4197],[-117.8576,35.4197],[-117.8577,35.4198],[-117.8578,35.4198],[-117.8579,35.4198],[-117.858,35.4198],[-117.8581,35.4198],[-117.8582,35.4198],[-117.8582,35.4199],[-117.8583,35.4199],[-117.8584,35.4199],[-117.8586,35.42],[-117.8587,35.42],[-117.8588,35.42],[-117.8589,35.42],[-117.859,35.42],[-117.8591,35.42],[-117.8592,35.4201],[-117.8593,35.4201],[-117.8595,35.4201],[-117.8596,35.4201],[-117.8597,35.4202],[-117.8598,35.4202],[-117.8599,35.4203],[-117.86,35.4203],[-117.8602,35.4203],[-117.8603,35.4204],[-117.8604,35.4204],[-117.8606,35.4204],[-117.8607,35.4204],[-117.8608,35.4204],[-117.8608,35.4205],[-117.8609,35.4205],[-117.861,35.4206],[-117.8611,35.4207],[-117.8611,35.4208],[-117.8612,35.4209],[-117.8613,35.4209],[-117.8614,35.421],[-117.8615,35.4211],[-117.8616,35.4211],[-117.8617,35.4211],[-117.8618,35.4212],[-117.8619,35.4212],[-117.862,35.4212],[-117.8621,35.4213],[-117.8622,35.4213],[-117.8623,35.4214],[-117.8624,35.4215],[-117.8625,35.4216],[-117.8626,35.4217],[-117.8627,35.4218]]}},{"type":"Feature","properties":{"id":null,"name":null,"kind":"road","access":"green","seasonal":false},"geometry":{"type":"LineString","coordinates":[[-117.63,35.3559],[-117.6299,35.3561],[-117.63,35.3562],[-117.6301,35.3564],[-117.6302,35.3566],[-117.6302,35.3568],[-117.6303,35.3569],[-117.6303,35.3572],[-117.6303,35.3573],[-117.6303,35.3575],[-117.6303,35.3576],[-117.6301,35.3578],[-117.63,35.3579],[-117.6302,35.3581],[-117.6302,35.3582],[-117.6303,35.3584],[-117.6303,35.3586],[-117.6303,35.3587],[-117.6304,35.3588],[-117.6304,35.3589],[-117.6303,35.3591],[-117.6302,35.3594],[-117.6301,35.3595],[-117.6301,35.3597],[-117.6301,35.3598],[-117.63,35.3599],[-117.63,35.36],[-117.63,35.3601],[-117.6301,35.3603],[-117.6302,35.3604],[-117.6302,35.3605],[-117.6303,35.3606],[-117.6302,35.3606],[-117.63,35.3607],[-117.6299,35.3608],[-117.6297,35.361],[-117.6296,35.3611],[-117.6296,35.3612],[-117.6296,35.3613],[-117.6296,35.3614],[-117.6296,35.3615],[-117.6296,35.3616],[-117.6296,35.3617],[-117.6296,35.3619],[-117.6295,35.362],[-117.6295,35.3622],[-117.6296,35.3624],[-117.6296,35.3625],[-117.6295,35.3626],[-117.6295,35.3627],[-117.6295,35.3628],[-117.6295,35.3629],[-117.6295,35.363],[-117.6294,35.3631],[-117.6294,35.3632],[-117.6293,35.3633],[-117.6293,35.3634],[-117.6293,35.3635],[-117.6293,35.3636],[-117.6293,35.3638],[-117.6293,35.3639],[-117.6293,35.3641],[-117.6292,35.3643],[-117.6291,35.3645],[-117.629,35.3646],[-117.6289,35.3649],[-117.6288,35.365],[-117.6288,35.3651],[-117.6288,35.3653],[-117.6289,35.3654],[-117.6288,35.3656],[-117.6287,35.3657],[-117.6287,35.3659],[-117.6287,35.3662],[-117.6288,35.3663],[-117.6289,35.3665],[-117.629,35.3667],[-117.6291,35.3668],[-117.6292,35.367],[-117.6294,35.3673],[-117.6295,35.3675],[-117.6297,35.3678],[-117.6298,35.368],[-117.6298,35.3682],[-117.6299,35.3684],[-117.63,35.3687],[-117.6301,35.369],[-117.6301,35.3691]]}},{"type":"Feature","properties":{"id":null,"name":null,"kind":"road","access":"green","seasonal":false},"geometry":{"type":"LineString","coordinates":[[-117.6874,35.4962],[-117.6874,35.4961],[-117.6874,35.496],[-117.6874,35.4959],[-117.6874,35.4958],[-117.6874,35.4957],[-117.6874,35.4956],[-117.6875,35.4956],[-117.6875,35.4955],[-117.6875,35.4954],[-117.6875,35.4953],[-117.6875,35.4952],[-117.6875,35.4951],[-117.6876,35.495],[-117.6876,35.4949],[-117.6876,35.4948],[-117.6876,35.4947],[-117.6876,35.4946],[-117.6876,35.4945],[-117.6877,35.4944],[-117.6877,35.4943],[-117.6877,35.4942],[-117.6877,35.4941],[-117.6877,35.494],[-117.6877,35.4939],[-117.6877,35.4938],[-117.6877,35.4937],[-117.6877,35.4936],[-117.6876,35.4935],[-117.6876,35.4934],[-117.6876,35.4933],[-117.6875,35.4933],[-117.6875,35.4932],[-117.6874,35.4932],[-117.6874,35.4931],[-117.6873,35.493],[-117.6873,35.4929],[-117.6872,35.4929],[-117.6872,35.4928],[-117.6872,35.4927],[-117.6871,35.4927],[-117.6871,35.4926],[-117.687,35.4926],[-117.687,35.4925],[-117.687,35.4924],[-117.6869,35.4924]]}},{"type":"Feature","properties":{"id":null,"name":null,"kind":"road","access":"green","seasonal":false},"geometry":{"type":"LineString","coordinates":[[-117.774,35.4771],[-117.7741,35.4771],[-117.7742,35.4771],[-117.7742,35.477],[-117.7743,35.477],[-117.7744,35.4769],[-117.7745,35.4769],[-117.7746,35.4769],[-117.7747,35.4769],[-117.7747,35.4768],[-117.7748,35.4768],[-117.7749,35.4768],[-117.7749,35.4767],[-117.775,35.4767],[-117.7751,35.4766],[-117.7751,35.4765],[-117.7751,35.4764],[-117.7751,35.4763],[-117.7752,35.4763],[-117.7753,35.4763],[-117.7753,35.4762],[-117.7754,35.4762],[-117.7755,35.4762],[-117.7756,35.4762],[-117.7757,35.4762],[-117.7757,35.4761],[-117.7758,35.4761],[-117.7759,35.4761],[-117.776,35.4761],[-117.7761,35.476],[-117.7762,35.476],[-117.7763,35.476],[-117.7764,35.476],[-117.7765,35.476],[-117.7765,35.4759],[-117.7766,35.4759],[-117.7767,35.4759],[-117.7768,35.4759],[-117.7769,35.4759],[-117.777,35.4759],[-117.7771,35.4759],[-117.7771,35.4758],[-117.7772,35.4758],[-117.7772,35.4759],[-117.7773,35.4759],[-117.7773,35.476],[-117.7774,35.476],[-117.7775,35.476],[-117.7776,35.476],[-117.7777,35.476],[-117.7778,35.476],[-117.7778,35.4759],[-117.7778,35.4758],[-117.7778,35.4757],[-117.7779,35.4757],[-117.778,35.4757],[-117.7781,35.4756],[-117.7782,35.4755],[-117.7782,35.4754],[-117.7782,35.4753],[-117.7783,35.4753],[-117.7783,35.4752],[-117.7784,35.4752],[-117.7784,35.4751],[-117.7785,35.4751],[-117.7786,35.475],[-117.7787,35.4749],[-117.7788,35.4748],[-117.7789,35.4747],[-117.779,35.4746],[-117.779,35.4745],[-117.7791,35.4745],[-117.7791,35.4744],[-117.7792,35.4744],[-117.7792,35.4743],[-117.7793,35.4743],[-117.7794,35.4743],[-117.7795,35.4743],[-117.7796,35.4744],[-117.7797,35.4744],[-117.7798,35.4744],[-117.7799,35.4744],[-117.78,35.4744],[-117.7801,35.4744],[-117.7802,35.4744],[-117.7803,35.4744],[-117.7804,35.4744],[-117.7804,35.4743],[-117.7805,35.4743],[-117.7805,35.4742],[-117.7806,35.4742],[-117.7806,35.4741],[-117.7807,35.474],[-117.7807,35.4739],[-117.7808,35.4739],[-117.7809,35.4738],[-117.781,35.4738],[-117.781,35.4737],[-117.7811,35.4737],[-117.7811,35.4736],[-117.7812,35.4736],[-117.7813,35.4736],[-117.7813,35.4735],[-117.7814,35.4735],[-117.7815,35.4734],[-117.7816,35.4734],[-117.7817,35.4734],[-117.7818,35.4733],[-117.7819,35.4733],[-117.782,35.4732],[-117.7821,35.4732],[-117.7822,35.4732],[-117.7823,35.4732],[-117.7824,35.4731],[-117.7825,35.4731],[-117.7825,35.473],[-117.7826,35.473],[-117.7827,35.473],[-117.7827,35.4729],[-117.7828,35.4729],[-117.7828,35.4728],[-117.7829,35.4728],[-117.783,35.4728],[-117.7831,35.4727],[-117.7832,35.4727],[-117.7832,35.4728],[-117.7833,35.4728],[-117.7834,35.4728],[-117.7835,35.4728],[-117.7836,35.4728],[-117.7836,35.4727],[-117.7836,35.4726],[-117.7836,35.4725],[-117.7837,35.4725],[-117.7837,35.4724],[-117.7838,35.4724],[-117.7839,35.4724],[-117.7839,35.4723],[-117.784,35.4723],[-117.7841,35.4723],[-117.7841,35.4722],[-117.7842,35.4722],[-117.7842,35.4721],[-117.7843,35.4721],[-117.7843,35.472],[-117.7843,35.4719],[-117.7844,35.4718],[-117.7844,35.4717],[-117.7845,35.4717],[-117.7845,35.4716],[-117.7845,35.4715],[-117.7846,35.4715],[-117.7846,35.4714],[-117.7847,35.4713],[-117.7848,35.4713],[-117.7849,35.4713],[-117.7849,35.4712]]}},{"type":"Feature","properties":{"id":null,"name":null,"kind":"road","access":"green","seasonal":false},"geometry":{"type":"LineString","coordinates":[[-117.7901,35.4569],[-117.7901,35.457],[-117.7902,35.457],[-117.7903,35.4571],[-117.7903,35.4572],[-117.7904,35.4573],[-117.7905,35.4574],[-117.7905,35.4575],[-117.7906,35.4576],[-117.7907,35.4577],[-117.7908,35.4578],[-117.7909,35.4579],[-117.7909,35.458],[-117.791,35.4581],[-117.7912,35.4582],[-117.7913,35.4583],[-117.7914,35.4584],[-117.7916,35.4585],[-117.7917,35.4586],[-117.7919,35.4587],[-117.792,35.4588],[-117.7922,35.4589],[-117.7923,35.459],[-117.7925,35.4591],[-117.7926,35.4592],[-117.7927,35.4593],[-117.7928,35.4594],[-117.7929,35.4595],[-117.793,35.4597],[-117.7931,35.4598],[-117.7933,35.4599],[-117.7934,35.46],[-117.7936,35.4602],[-117.7937,35.4603],[-117.7938,35.4604],[-117.7939,35.4606],[-117.794,35.4607],[-117.7941,35.4608],[-117.7941,35.4609],[-117.7942,35.461],[-117.7943,35.4611],[-117.7944,35.4612],[-117.7945,35.4613],[-117.7946,35.4614],[-117.7947,35.4615],[-117.7948,35.4617],[-117.7949,35.4618],[-117.7949,35.4619],[-117.7949,35.462],[-117.795,35.4621],[-117.7951,35.4622],[-117.7952,35.4623],[-117.7954,35.4623],[-117.7954,35.4624],[-117.7955,35.4624],[-117.7956,35.4624],[-117.7957,35.4624],[-117.7958,35.4625],[-117.796,35.4625],[-117.796,35.4626],[-117.7961,35.4626],[-117.7962,35.4626],[-117.7963,35.4626],[-117.7964,35.4627]]}},{"type":"Feature","properties":{"id":null,"name":null,"kind":"road","access":"green","seasonal":false},"geometry":{"type":"LineString","coordinates":[[-117.6632,35.4998],[-117.6631,35.4995]]}},{"type":"Feature","properties":{"id":null,"name":null,"kind":"road","access":"green","seasonal":false},"geometry":{"type":"LineString","coordinates":[[-117.8029,35.4657],[-117.803,35.4658],[-117.803,35.4659],[-117.803,35.466],[-117.803,35.4661],[-117.8029,35.4661],[-117.8029,35.4662],[-117.8028,35.4663],[-117.8027,35.4663],[-117.8027,35.4664],[-117.8026,35.4664],[-117.8026,35.4665],[-117.8026,35.4666],[-117.8027,35.4666],[-117.8027,35.4667],[-117.8028,35.4667],[-117.8029,35.4667],[-117.803,35.4667],[-117.803,35.4668],[-117.8031,35.4668],[-117.8031,35.4669],[-117.8032,35.4669],[-117.8032,35.467],[-117.8033,35.467],[-117.8034,35.467],[-117.8034,35.4671],[-117.8035,35.4672],[-117.8036,35.4672],[-117.8037,35.4673],[-117.8038,35.4674],[-117.8039,35.4674],[-117.8039,35.4675],[-117.804,35.4675],[-117.804,35.4676],[-117.8041,35.4676],[-117.8042,35.4677],[-117.8043,35.4678],[-117.8043,35.4679],[-117.8044,35.4679],[-117.8045,35.468],[-117.8046,35.468],[-117.8047,35.468],[-117.8048,35.4679],[-117.8049,35.4679],[-117.805,35.4678],[-117.8051,35.4678],[-117.8051,35.4677],[-117.8052,35.4677],[-117.8053,35.4676],[-117.8054,35.4676],[-117.8055,35.4675],[-117.8056,35.4675],[-117.8057,35.4674],[-117.8058,35.4674],[-117.8059,35.4674],[-117.806,35.4673],[-117.8061,35.4673],[-117.8062,35.4672],[-117.8063,35.4672],[-117.8064,35.4671],[-117.8065,35.4671],[-117.8065,35.467],[-117.8066,35.467],[-117.8067,35.4669],[-117.8068,35.4668],[-117.8068,35.4667],[-117.8069,35.4667],[-117.8069,35.4666],[-117.807,35.4666],[-117.8071,35.4666],[-117.8072,35.4665],[-117.8073,35.4665],[-117.8073,35.4664],[-117.8073,35.4663],[-117.8074,35.4663],[-117.8074,35.4662],[-117.8075,35.4662],[-117.8076,35.4662],[-117.8076,35.4661],[-117.8077,35.4661],[-117.8078,35.4661],[-117.8079,35.466],[-117.8079,35.4661],[-117.808,35.4661],[-117.8081,35.4661],[-117.8082,35.4661],[-117.8083,35.4661],[-117.8084,35.4662],[-117.8085,35.4662],[-117.8086,35.4662],[-117.8087,35.4662],[-117.8088,35.4663],[-117.8089,35.4663],[-117.809,35.4663]]}},{"type":"Feature","properties":{"id":null,"name":null,"kind":"road","access":"green","seasonal":false},"geometry":{"type":"LineString","coordinates":[[-117.6788,35.4713],[-117.6787,35.4712],[-117.6785,35.4712],[-117.6783,35.471],[-117.6779,35.4709],[-117.6776,35.4707],[-117.6772,35.4705],[-117.6768,35.4703],[-117.6764,35.4702],[-117.676,35.47],[-117.6756,35.4699],[-117.6753,35.4698],[-117.6749,35.4697],[-117.6746,35.4696],[-117.6743,35.4695],[-117.6742,35.4695],[-117.6742,35.4694],[-117.674,35.4694],[-117.6738,35.4694],[-117.6735,35.4694],[-117.6733,35.4694],[-117.673,35.4694],[-117.6727,35.4694],[-117.6724,35.4694],[-117.672,35.4694],[-117.6717,35.4694],[-117.6713,35.4694],[-117.6709,35.4694],[-117.6705,35.4693],[-117.6701,35.4693],[-117.6697,35.4693],[-117.6693,35.4693],[-117.6689,35.4692],[-117.6684,35.4692],[-117.668,35.4692],[-117.6676,35.4692],[-117.6672,35.4692],[-117.6667,35.4692],[-117.6663,35.4692],[-117.6658,35.4693],[-117.6654,35.4693],[-117.6649,35.4694],[-117.6645,35.4694],[-117.6641,35.4695],[-117.6636,35.4696],[-117.6632,35.4697],[-117.6629,35.4697],[-117.6626,35.4698],[-117.6623,35.4699],[-117.662,35.4699],[-117.6617,35.47],[-117.6614,35.4701],[-117.661,35.4702],[-117.6607,35.4704],[-117.6604,35.4705],[-117.6601,35.4707],[-117.6597,35.4708],[-117.6594,35.4709],[-117.659,35.4711],[-117.6587,35.4712],[-117.6583,35.4714],[-117.658,35.4715],[-117.6578,35.4715],[-117.6577,35.4716],[-117.6574,35.4717],[-117.657,35.4718],[-117.6567,35.472],[-117.6564,35.4721],[-117.6561,35.4722],[-117.656,35.4723],[-117.6557,35.4724],[-117.6554,35.4726],[-117.6551,35.4727],[-117.6549,35.4729],[-117.6548,35.4729],[-117.6547,35.473],[-117.6545,35.473],[-117.6544,35.4731],[-117.6543,35.4731],[-117.6542,35.4732],[-117.654,35.4733]]}},{"type":"Feature","properties":{"id":null,"name":null,"kind":"road","access":"green","seasonal":false},"geometry":{"type":"LineString","coordinates":[[-117.6636,35.3367],[-117.6634,35.3365],[-117.6633,35.3364],[-117.6631,35.3363],[-117.6626,35.3361],[-117.6622,35.3359],[-117.6621,35.3359],[-117.6619,35.3358],[-117.6617,35.3357],[-117.6613,35.3356],[-117.6612,35.3356],[-117.661,35.3355],[-117.6609,35.3354],[-117.6607,35.3352],[-117.6606,35.3351],[-117.6604,35.335],[-117.6603,35.335],[-117.6601,35.3349],[-117.66,35.3348],[-117.6599,35.3347],[-117.6599,35.3346],[-117.6598,35.3344],[-117.6598,35.3343],[-117.6596,35.3342],[-117.6593,35.334],[-117.6592,35.3339],[-117.659,35.3337],[-117.6589,35.3334],[-117.6588,35.3333],[-117.6587,35.3331],[-117.6586,35.3329],[-117.6585,35.3327],[-117.6584,35.3326],[-117.6584,35.3325],[-117.6583,35.3324],[-117.6582,35.3322],[-117.6582,35.332],[-117.6582,35.3317],[-117.6582,35.3314],[-117.6581,35.3311],[-117.6581,35.3308],[-117.6581,35.3306],[-117.6581,35.3303],[-117.6581,35.3299],[-117.658,35.3294],[-117.658,35.3288],[-117.6579,35.3283],[-117.6579,35.3279],[-117.6579,35.3276],[-117.6578,35.3272],[-117.6578,35.3269],[-117.6578,35.3265],[-117.6577,35.3263],[-117.6577,35.3259],[-117.6577,35.3254],[-117.6577,35.3251],[-117.6576,35.3249],[-117.6576,35.3247]]}},{"type":"Feature","properties":{"id":null,"name":null,"kind":"road","access":"green","seasonal":false},"geometry":{"type":"LineString","coordinates":[[-117.7916,35.4519],[-117.7916,35.452],[-117.7917,35.4521],[-117.7917,35.4522],[-117.7917,35.4523],[-117.7917,35.4524],[-117.7918,35.4525],[-117.7918,35.4526],[-117.7919,35.4528],[-117.7919,35.4529],[-117.792,35.453],[-117.792,35.4531],[-117.792,35.4532],[-117.7921,35.4533],[-117.7921,35.4534],[-117.7922,35.4536],[-117.7922,35.4537],[-117.7923,35.4539]]}},{"type":"Feature","properties":{"id":null,"name":null,"kind":"road","access":"green","seasonal":false},"geometry":{"type":"LineString","coordinates":[[-117.8082,35.3877],[-117.8078,35.3878],[-117.8075,35.388],[-117.8072,35.3881],[-117.8067,35.3883],[-117.8063,35.3885],[-117.806,35.3886],[-117.8056,35.3888],[-117.8053,35.389],[-117.805,35.3891],[-117.8045,35.3893],[-117.8042,35.3895],[-117.8039,35.3896],[-117.8036,35.3897],[-117.8032,35.39],[-117.8029,35.3901],[-117.8026,35.3902],[-117.8024,35.3903],[-117.802,35.3905]]}},{"type":"Feature","properties":{"id":null,"name":null,"kind":"road","access":"green","seasonal":false},"geometry":{"type":"LineString","coordinates":[[-117.8985,35.449],[-117.8985,35.4489],[-117.8984,35.4488],[-117.8983,35.4487],[-117.8982,35.4486],[-117.8981,35.4485],[-117.8981,35.4484],[-117.8981,35.4483],[-117.898,35.4483],[-117.898,35.4482],[-117.8981,35.4482],[-117.8981,35.4481]]}},{"type":"Feature","properties":{"id":null,"name":null,"kind":"road","access":"green","seasonal":false},"geometry":{"type":"LineString","coordinates":[[-117.7554,35.4294],[-117.7555,35.4294],[-117.7556,35.4294],[-117.7556,35.4295],[-117.7557,35.4295],[-117.7558,35.4295],[-117.7559,35.4296],[-117.756,35.4296],[-117.7561,35.4296],[-117.7561,35.4297],[-117.7562,35.4298],[-117.7563,35.4299],[-117.7564,35.43],[-117.7565,35.4301],[-117.7566,35.4301],[-117.7566,35.4302],[-117.7566,35.4303],[-117.7567,35.4304],[-117.7567,35.4305],[-117.7568,35.4306],[-117.7569,35.4307],[-117.757,35.4307],[-117.7571,35.4307],[-117.7571,35.4308],[-117.7572,35.4308],[-117.7572,35.4309],[-117.7573,35.431],[-117.7573,35.4311],[-117.7573,35.4312],[-117.7574,35.4313]]}},{"type":"Feature","properties":{"id":null,"name":null,"kind":"road","access":"green","seasonal":false},"geometry":{"type":"LineString","coordinates":[[-117.771,35.4728],[-117.771,35.4727],[-117.771,35.4726],[-117.7711,35.4725],[-117.771,35.4725],[-117.771,35.4724],[-117.7709,35.4724],[-117.7708,35.4724],[-117.7707,35.4724],[-117.7706,35.4724],[-117.7706,35.4725],[-117.7705,35.4725],[-117.7705,35.4724],[-117.7704,35.4724],[-117.7704,35.4723],[-117.7704,35.4722],[-117.7704,35.4721],[-117.7703,35.4721],[-117.7702,35.4721],[-117.7701,35.4721],[-117.77,35.4721],[-117.7699,35.4721],[-117.7699,35.472],[-117.7699,35.4719],[-117.7698,35.4718],[-117.7697,35.4718],[-117.7696,35.4719],[-117.7695,35.4719],[-117.7695,35.472],[-117.7694,35.4719],[-117.7693,35.4719],[-117.7692,35.4718],[-117.7692,35.4717],[-117.7692,35.4716],[-117.7691,35.4716],[-117.769,35.4716],[-117.7689,35.4717],[-117.7688,35.4717],[-117.7687,35.4717],[-117.7687,35.4716],[-117.7686,35.4716],[-117.7686,35.4715],[-117.7685,35.4715],[-117.7684,35.4715],[-117.7684,35.4716],[-117.7683,35.4715],[-117.7683,35.4714],[-117.7682,35.4714],[-117.7681,35.4714],[-117.768,35.4715],[-117.7679,35.4715],[-117.7678,35.4715],[-117.7677,35.4716],[-117.7676,35.4716],[-117.7676,35.4717],[-117.7677,35.4717],[-117.7677,35.4718],[-117.7678,35.4718],[-117.7677,35.4718],[-117.7677,35.4719],[-117.7676,35.4719],[-117.7675,35.4718],[-117.7674,35.4718],[-117.7673,35.4717],[-117.7672,35.4716],[-117.7671,35.4715],[-117.7671,35.4714],[-117.7671,35.4713],[-117.7671,35.4712],[-117.7671,35.4711],[-117.767,35.4711],[-117.767,35.471],[-117.7669,35.4711],[-117.7668,35.4711],[-117.7668,35.4712],[-117.7667,35.4712],[-117.7666,35.4711],[-117.7665,35.4711],[-117.7665,35.471],[-117.7665,35.4709],[-117.7664,35.4709],[-117.7663,35.4709],[-117.7663,35.4708],[-117.7662,35.4709],[-117.7661,35.4709],[-117.766,35.4709],[-117.7659,35.4709],[-117.7659,35.4708],[-117.7658,35.4708],[-117.7657,35.4708],[-117.7656,35.4708],[-117.7656,35.4707],[-117.7655,35.4707],[-117.7654,35.4707],[-117.7653,35.4707],[-117.7653,35.4706],[-117.7652,35.4706],[-117.7651,35.4706],[-117.7651,35.4705],[-117.765,35.4705],[-117.765,35.4704],[-117.765,35.4703],[-117.765,35.4702],[-117.7651,35.4702],[-117.7652,35.4701],[-117.7653,35.4701],[-117.7654,35.4701],[-117.7655,35.4701],[-117.7656,35.4701],[-117.7656,35.47],[-117.7657,35.47],[-117.7657,35.4699],[-117.7658,35.4699],[-117.7659,35.4699],[-117.7659,35.4698],[-117.766,35.4697],[-117.766,35.4696],[-117.7661,35.4696],[-117.7661,35.4695],[-117.7661,35.4694],[-117.7662,35.4694],[-117.7662,35.4693],[-117.7662,35.4692],[-117.7663,35.4692],[-117.7663,35.4691],[-117.7664,35.4691],[-117.7664,35.469],[-117.7665,35.469],[-117.7666,35.4689],[-117.7667,35.4689],[-117.7668,35.4689],[-117.7668,35.4688],[-117.7669,35.4688],[-117.7669,35.4687],[-117.767,35.4687],[-117.767,35.4686],[-117.7671,35.4685],[-117.7671,35.4684],[-117.7672,35.4683],[-117.7672,35.4682],[-117.7672,35.4681],[-117.7673,35.4681],[-117.7673,35.468],[-117.7674,35.468],[-117.7674,35.4679],[-117.7675,35.4679],[-117.7676,35.4679],[-117.7676,35.4678],[-117.7677,35.4678],[-117.7677,35.4677],[-117.7678,35.4677],[-117.7678,35.4676],[-117.7679,35.4675],[-117.7679,35.4674],[-117.768,35.4674],[-117.768,35.4673],[-117.768,35.4672],[-117.768,35.4671],[-117.7679,35.4671],[-117.7679,35.467],[-117.7679,35.4669],[-117.7679,35.4668],[-117.7678,35.4668],[-117.7678,35.4667]]}},{"type":"Feature","properties":{"id":null,"name":null,"kind":"road","access":"green","seasonal":false},"geometry":{"type":"LineString","coordinates":[[-117.7746,35.4537],[-117.7747,35.4537],[-117.7748,35.4537],[-117.7749,35.4536],[-117.775,35.4536],[-117.7751,35.4536],[-117.7753,35.4536],[-117.7754,35.4536],[-117.7755,35.4536],[-117.7756,35.4537],[-117.7758,35.4537],[-117.7759,35.4537],[-117.776,35.4537],[-117.7761,35.4537],[-117.7762,35.4537],[-117.7763,35.4538],[-117.7764,35.4539],[-117.7764,35.454],[-117.7765,35.454],[-117.7765,35.4541],[-117.7766,35.4542],[-117.7766,35.4543],[-117.7767,35.4544],[-117.7767,35.4545],[-117.7768,35.4545],[-117.7769,35.4546],[-117.777,35.4546],[-117.777,35.4547],[-117.7771,35.4548],[-117.7772,35.4548],[-117.7773,35.4549],[-117.7774,35.455],[-117.7775,35.455],[-117.7776,35.4551],[-117.7777,35.4551],[-117.7778,35.4552],[-117.7779,35.4553],[-117.778,35.4554],[-117.7781,35.4554],[-117.7782,35.4555],[-117.7783,35.4556],[-117.7784,35.4556],[-117.7785,35.4557],[-117.7786,35.4557],[-117.7787,35.4558],[-117.7788,35.4559],[-117.7789,35.456],[-117.779,35.456],[-117.7791,35.4561],[-117.7792,35.4562],[-117.7793,35.4562],[-117.7794,35.4563],[-117.7795,35.4563],[-117.7796,35.4564],[-117.7796,35.4565],[-117.7797,35.4565],[-117.7798,35.4566],[-117.7799,35.4567],[-117.78,35.4566],[-117.7802,35.4566],[-117.7803,35.4567],[-117.7804,35.4567],[-117.7805,35.4567],[-117.7806,35.4567],[-117.7808,35.4567],[-117.7809,35.4567],[-117.781,35.4567],[-117.7811,35.4567],[-117.7812,35.4567],[-117.7814,35.4567],[-117.7815,35.4566],[-117.7816,35.4566],[-117.7817,35.4566],[-117.7818,35.4566],[-117.7819,35.4566],[-117.782,35.4566],[-117.7821,35.4566],[-117.7822,35.4566],[-117.7823,35.4566],[-117.7824,35.4567],[-117.7825,35.4567],[-117.7825,35.4568],[-117.7826,35.4569],[-117.7827,35.457],[-117.7828,35.4571],[-117.7829,35.4571],[-117.783,35.4572],[-117.7831,35.4572],[-117.7832,35.4573],[-117.7832,35.4574],[-117.7833,35.4575],[-117.7834,35.4575],[-117.7835,35.4576],[-117.7836,35.4576],[-117.7837,35.4577],[-117.7838,35.4577],[-117.7839,35.4578],[-117.784,35.4578],[-117.7845,35.4582],[-117.785,35.4584],[-117.7852,35.4586],[-117.7854,35.4586],[-117.7856,35.4587],[-117.7857,35.4588],[-117.7859,35.4589],[-117.7861,35.459],[-117.7863,35.4591],[-117.7866,35.4592],[-117.7869,35.4593],[-117.7871,35.4593],[-117.7874,35.4594],[-117.7875,35.4595],[-117.7877,35.4597],[-117.788,35.4598],[-117.7882,35.4599],[-117.7887,35.46],[-117.7889,35.4601],[-117.789,35.4602],[-117.7891,35.4603],[-117.7893,35.4603],[-117.7894,35.4603],[-117.7896,35.4604],[-117.7897,35.4604],[-117.7899,35.4605],[-117.7903,35.4606],[-117.7907,35.4608],[-117.791,35.4609],[-117.7912,35.461],[-117.7915,35.4612],[-117.7918,35.4613],[-117.7921,35.4615],[-117.7924,35.4616],[-117.7925,35.4617],[-117.7928,35.4619],[-117.7931,35.4621],[-117.7934,35.4623],[-117.7935,35.4623],[-117.7936,35.4624],[-117.7938,35.4625],[-117.794,35.4626],[-117.7942,35.4626],[-117.7944,35.4627]]}},{"type":"Feature","properties":{"id":null,"name":null,"kind":"road","access":"green","seasonal":false},"geometry":{"type":"LineString","coordinates":[[-117.7232,35.4692],[-117.7233,35.4692],[-117.7232,35.4692],[-117.7233,35.4691],[-117.7233,35.469],[-117.7234,35.469],[-117.7234,35.4689],[-117.7235,35.4689],[-117.7236,35.4689],[-117.7237,35.4688],[-117.7237,35.4687],[-117.7238,35.4687],[-117.7239,35.4686],[-117.724,35.4685],[-117.7241,35.4685],[-117.7242,35.4684],[-117.7243,35.4684],[-117.7244,35.4683],[-117.7245,35.4683],[-117.7246,35.4683],[-117.7247,35.4683],[-117.7248,35.4683],[-117.7249,35.4682],[-117.725,35.4682],[-117.7251,35.4682],[-117.7251,35.4681],[-117.7252,35.4681],[-117.7253,35.4681],[-117.7254,35.468],[-117.7255,35.468],[-117.7256,35.468],[-117.7257,35.468],[-117.7258,35.468],[-117.7259,35.468],[-117.726,35.468],[-117.726,35.4679],[-117.7261,35.4679]]}},{"type":"Feature","properties":{"id":null,"name":null,"kind":"road","access":"green","seasonal":false},"geometry":{"type":"LineString","coordinates":[[-117.7346,35.429],[-117.7346,35.4291],[-117.7345,35.4291],[-117.7345,35.4292],[-117.7345,35.4293],[-117.7344,35.4294],[-117.7344,35.4295],[-117.7344,35.4296],[-117.7343,35.4296],[-117.7343,35.4297],[-117.7344,35.4297],[-117.7344,35.4298],[-117.7344,35.4299],[-117.7344,35.43],[-117.7344,35.4301],[-117.7343,35.4301],[-117.7342,35.4301],[-117.7342,35.4302],[-117.7341,35.4302],[-117.7341,35.4303],[-117.734,35.4303],[-117.734,35.4304],[-117.7339,35.4304],[-117.7339,35.4305],[-117.7338,35.4305],[-117.7338,35.4306],[-117.7338,35.4307],[-117.7337,35.4307],[-117.7337,35.4308],[-117.7337,35.4309],[-117.7337,35.431],[-117.7336,35.431],[-117.7336,35.4311],[-117.7335,35.4311],[-117.7335,35.4312],[-117.7335,35.4313],[-117.7335,35.4314],[-117.7335,35.4315],[-117.7334,35.4315],[-117.7334,35.4316],[-117.7334,35.4317],[-117.7334,35.4318],[-117.7334,35.4319],[-117.7333,35.4319],[-117.7333,35.432],[-117.7333,35.4321],[-117.7333,35.4322],[-117.7332,35.4322],[-117.7332,35.4323],[-117.7332,35.4324],[-117.7332,35.4325],[-117.7332,35.4326],[-117.7331,35.4327],[-117.7331,35.4328]]}},{"type":"Feature","properties":{"id":null,"name":null,"kind":"road","access":"green","seasonal":false},"geometry":{"type":"LineString","coordinates":[[-117.8554,35.4294],[-117.8554,35.4293],[-117.8553,35.4291],[-117.8553,35.429],[-117.8552,35.429],[-117.8553,35.4289],[-117.8554,35.4289],[-117.8554,35.429],[-117.8555,35.4291],[-117.8556,35.4292],[-117.8557,35.4292],[-117.8558,35.4292],[-117.8559,35.4291],[-117.8561,35.4291],[-117.8562,35.429],[-117.8563,35.429],[-117.8565,35.429],[-117.8566,35.429],[-117.8568,35.429],[-117.857,35.429],[-117.8572,35.4291],[-117.8574,35.4291],[-117.8575,35.4292],[-117.8576,35.4292],[-117.8577,35.4293],[-117.8578,35.4293],[-117.8579,35.4294],[-117.858,35.4295],[-117.8581,35.4296],[-117.8581,35.4297],[-117.8582,35.4299],[-117.8583,35.43],[-117.8583,35.4301],[-117.8583,35.4302],[-117.8583,35.4304],[-117.8583,35.4305],[-117.8584,35.4306],[-117.8585,35.4307],[-117.8585,35.4308],[-117.8586,35.4309],[-117.8586,35.431],[-117.8587,35.4312],[-117.8587,35.4313],[-117.8586,35.4314],[-117.8586,35.4315],[-117.8586,35.4316],[-117.8586,35.4318],[-117.8587,35.4319],[-117.8587,35.432],[-117.8587,35.4321],[-117.8588,35.4322],[-117.8588,35.4323],[-117.8589,35.4324],[-117.859,35.4325],[-117.8591,35.4327],[-117.8592,35.4328],[-117.8592,35.433],[-117.8593,35.4331],[-117.8594,35.4333],[-117.8594,35.4334],[-117.8594,35.4335],[-117.8593,35.4337],[-117.8592,35.4338],[-117.8591,35.4339],[-117.8589,35.434],[-117.8588,35.4342],[-117.8586,35.4343],[-117.8584,35.4344],[-117.8583,35.4345],[-117.8582,35.4345],[-117.8582,35.4346],[-117.8581,35.4346],[-117.858,35.4347],[-117.8579,35.4347],[-117.8579,35.4348]]}},{"type":"Feature","properties":{"id":null,"name":null,"kind":"road","access":"green","seasonal":false},"geometry":{"type":"LineString","coordinates":[[-117.8603,35.4389],[-117.8604,35.4389],[-117.8605,35.4388],[-117.8606,35.4388],[-117.8607,35.4387],[-117.8608,35.4386],[-117.8609,35.4385],[-117.8611,35.4384],[-117.8612,35.4383],[-117.8613,35.4381],[-117.8613,35.438],[-117.8614,35.4379],[-117.8615,35.4378],[-117.8616,35.4377],[-117.8617,35.4377],[-117.8619,35.4376],[-117.862,35.4375],[-117.8621,35.4374],[-117.8622,35.4373],[-117.8623,35.4372],[-117.8624,35.437],[-117.8625,35.4369],[-117.8625,35.4368],[-117.8626,35.4367],[-117.8627,35.4366],[-117.8629,35.4366],[-117.8631,35.4365],[-117.8632,35.4365],[-117.8633,35.4364],[-117.8635,35.4364],[-117.8637,35.4363],[-117.8638,35.4363],[-117.8639,35.4363],[-117.8639,35.4362],[-117.864,35.4362],[-117.8641,35.4361],[-117.8642,35.436],[-117.8643,35.436],[-117.8644,35.4359],[-117.8645,35.4358]]}},{"type":"Feature","properties":{"id":null,"name":null,"kind":"road","access":"green","seasonal":false},"geometry":{"type":"LineString","coordinates":[[-117.7295,35.4697],[-117.7295,35.4696],[-117.7295,35.4695],[-117.7294,35.4695],[-117.7294,35.4694],[-117.7294,35.4693],[-117.7294,35.4692],[-117.7295,35.4691],[-117.7295,35.469],[-117.7296,35.4689],[-117.7297,35.4689],[-117.7298,35.4688],[-117.7299,35.4688],[-117.73,35.4688],[-117.7301,35.4688],[-117.7303,35.4688],[-117.7304,35.4688],[-117.7305,35.4687],[-117.7306,35.4687],[-117.7307,35.4687],[-117.7308,35.4686],[-117.7309,35.4685],[-117.731,35.4685],[-117.7311,35.4684],[-117.7312,35.4684],[-117.7313,35.4683],[-117.7314,35.4682],[-117.7315,35.4682],[-117.7316,35.4681],[-117.7317,35.4681],[-117.7318,35.468],[-117.7318,35.4679],[-117.7319,35.4679],[-117.732,35.4679],[-117.7321,35.4678],[-117.7321,35.4677],[-117.7322,35.4677],[-117.7322,35.4676],[-117.7323,35.4676],[-117.7323,35.4675],[-117.7323,35.4674],[-117.7323,35.4673],[-117.7324,35.4673],[-117.7324,35.4672],[-117.7325,35.4671],[-117.7326,35.4671],[-117.7326,35.467],[-117.7327,35.467],[-117.7328,35.4669],[-117.7329,35.4669],[-117.733,35.4668],[-117.7331,35.4668],[-117.7333,35.4668],[-117.7335,35.4667],[-117.7337,35.4667],[-117.7338,35.4666],[-117.734,35.4666],[-117.7341,35.4666],[-117.7343,35.4665],[-117.7344,35.4665],[-117.7346,35.4665],[-117.7348,35.4665],[-117.7349,35.4665],[-117.7352,35.4664],[-117.7354,35.4664],[-117.7356,35.4664],[-117.7358,35.4663],[-117.736,35.4663],[-117.7361,35.4662],[-117.7362,35.4662],[-117.7364,35.4661],[-117.7365,35.466],[-117.7366,35.4659],[-117.7368,35.4659]]}},{"type":"Feature","properties":{"id":null,"name":null,"kind":"road","access":"green","seasonal":false},"geometry":{"type":"LineString","coordinates":[[-117.7091,35.4924],[-117.7092,35.4925],[-117.7093,35.4926],[-117.7095,35.4927],[-117.7096,35.4928],[-117.7097,35.4929],[-117.7099,35.493],[-117.71,35.4931],[-117.7101,35.4932],[-117.7102,35.4933],[-117.7103,35.4934],[-117.7105,35.4935],[-117.7106,35.4936],[-117.7107,35.4936],[-117.7108,35.4937],[-117.7109,35.4938],[-117.711,35.4938],[-117.7111,35.4939],[-117.7112,35.494],[-117.7113,35.4941],[-117.7114,35.4942],[-117.7115,35.4943],[-117.7116,35.4944],[-117.7117,35.4944],[-117.7118,35.4945],[-117.7119,35.4946],[-117.712,35.4947],[-117.7121,35.4948],[-117.7122,35.4949],[-117.7123,35.4949],[-117.7124,35.495],[-117.7125,35.495],[-117.7125,35.4951],[-117.7126,35.4952],[-117.7127,35.4953],[-117.7128,35.4953],[-117.7128,35.4954],[-117.7129,35.4955],[-117.713,35.4956],[-117.7131,35.4957],[-117.7132,35.4958],[-117.7133,35.4959],[-117.7134,35.496],[-117.7136,35.4961],[-117.7137,35.4962],[-117.7138,35.4963],[-117.7139,35.4964],[-117.714,35.4965],[-117.7141,35.4966],[-117.7143,35.4967],[-117.7144,35.4968],[-117.7145,35.4969],[-117.7147,35.4969],[-117.7148,35.497],[-117.7149,35.4971],[-117.7151,35.4971],[-117.7152,35.4972],[-117.7153,35.4973],[-117.7154,35.4973],[-117.7155,35.4974],[-117.7156,35.4974],[-117.7157,35.4974],[-117.7158,35.4974],[-117.7159,35.4974],[-117.716,35.4975],[-117.7161,35.4975],[-117.7162,35.4975],[-117.7164,35.4975],[-117.7165,35.4976],[-117.7166,35.4976],[-117.7167,35.4977],[-117.7169,35.4977],[-117.717,35.4977],[-117.7171,35.4977],[-117.7172,35.4976],[-117.7174,35.4976],[-117.7175,35.4976],[-117.7177,35.4976],[-117.7178,35.4976],[-117.7179,35.4977],[-117.7181,35.4977],[-117.7182,35.4977],[-117.7183,35.4977],[-117.7185,35.4977],[-117.7186,35.4978],[-117.7188,35.4978],[-117.7189,35.4978],[-117.7191,35.4978],[-117.7192,35.4978],[-117.7194,35.4978],[-117.7196,35.4979],[-117.7197,35.4979],[-117.7198,35.4979],[-117.7199,35.4979],[-117.72,35.498],[-117.7201,35.498],[-117.7202,35.4979],[-117.7203,35.4978],[-117.7204,35.4977],[-117.7205,35.4977],[-117.7207,35.4977],[-117.7208,35.4977],[-117.7209,35.4977],[-117.7211,35.4978],[-117.7212,35.4978],[-117.7214,35.4978],[-117.7215,35.4978],[-117.7217,35.4978],[-117.7218,35.4979],[-117.722,35.4979],[-117.7221,35.498],[-117.7223,35.498],[-117.7224,35.4981],[-117.7225,35.4981],[-117.7226,35.4981],[-117.7227,35.4981],[-117.7228,35.498],[-117.7229,35.498],[-117.723,35.4979],[-117.7231,35.4979],[-117.7232,35.4979],[-117.7233,35.4978],[-117.7234,35.4978],[-117.7235,35.4977],[-117.7236,35.4976],[-117.7237,35.4975],[-117.7239,35.4975],[-117.724,35.4976],[-117.7241,35.4976],[-117.7243,35.4976],[-117.7245,35.4976],[-117.7247,35.4976],[-117.7248,35.4976],[-117.7249,35.4976],[-117.725,35.4976],[-117.7251,35.4976],[-117.7252,35.4976],[-117.7253,35.4977],[-117.7254,35.4977],[-117.7255,35.4977],[-117.7257,35.4977],[-117.7258,35.4977],[-117.726,35.4976],[-117.7261,35.4975],[-117.7263,35.4975],[-117.7265,35.4974],[-117.7267,35.4974],[-117.7269,35.4974],[-117.7271,35.4974],[-117.7273,35.4974],[-117.7275,35.4975],[-117.7276,35.4975],[-117.7278,35.4976],[-117.728,35.4976],[-117.7282,35.4976],[-117.7284,35.4976],[-117.7286,35.4976],[-117.7288,35.4976],[-117.729,35.4976],[-117.7292,35.4975],[-117.7293,35.4975],[-117.7295,35.4974],[-117.7297,35.4974],[-117.7298,35.4973],[-117.73,35.4972],[-117.7302,35.4972],[-117.7303,35.4971],[-117.7305,35.4971],[-117.7306,35.4971],[-117.7306,35.4972],[-117.7307,35.4971],[-117.7308,35.4971],[-117.731,35.497],[-117.7311,35.497],[-117.7312,35.497],[-117.7314,35.497],[-117.7315,35.497],[-117.7316,35.497],[-117.7317,35.497],[-117.7318,35.4969],[-117.7319,35.4969],[-117.732,35.4969],[-117.7321,35.4969],[-117.7323,35.4968],[-117.7324,35.4968],[-117.7325,35.4968],[-117.7327,35.4968],[-117.7328,35.4968],[-117.7329,35.4968],[-117.733,35.4968],[-117.7332,35.4967],[-117.7333,35.4967],[-117.7335,35.4966],[-117.7336,35.4966],[-117.7338,35.4966],[-117.7339,35.4966],[-117.7341,35.4965],[-117.7342,35.4965],[-117.7343,35.4964],[-117.7344,35.4963],[-117.7344,35.4962],[-117.7345,35.4962],[-117.7346,35.4961],[-117.7347,35.4961],[-117.7349,35.4961],[-117.735,35.4961],[-117.7352,35.4961],[-117.7354,35.4961],[-117.7356,35.4961],[-117.7357,35.4962],[-117.7359,35.4961],[-117.736,35.496],[-117.7362,35.496],[-117.7363,35.4959],[-117.7364,35.4958],[-117.7365,35.4958],[-117.7366,35.4957],[-117.7367,35.4957],[-117.7368,35.4956],[-117.7369,35.4956],[-117.737,35.4955],[-117.7371,35.4955],[-117.7372,35.4955],[-117.7373,35.4955]]}},{"type":"Feature","properties":{"id":null,"name":null,"kind":"road","access":"green","seasonal":false},"geometry":{"type":"LineString","coordinates":[[-117.7698,35.4329],[-117.77,35.4331],[-117.77,35.4332],[-117.7701,35.4334],[-117.7702,35.4335],[-117.7705,35.4336],[-117.7706,35.4337],[-117.7706,35.4339],[-117.7705,35.434],[-117.7705,35.4341],[-117.7705,35.4343],[-117.7707,35.4345],[-117.7706,35.4347],[-117.7706,35.4349],[-117.7706,35.4351],[-117.7707,35.4353],[-117.7708,35.4355],[-117.7708,35.4356],[-117.7708,35.4358],[-117.7708,35.436],[-117.7708,35.4361],[-117.7709,35.4362],[-117.771,35.4364],[-117.7711,35.4366],[-117.7712,35.4367],[-117.7713,35.4369],[-117.7714,35.4372],[-117.7715,35.4373],[-117.7717,35.4375],[-117.7717,35.4376],[-117.7718,35.4378],[-117.7719,35.4379],[-117.7721,35.438],[-117.7723,35.4381],[-117.7724,35.4382],[-117.7726,35.4383],[-117.7727,35.4383],[-117.773,35.4385],[-117.7732,35.4387],[-117.7733,35.4389],[-117.7734,35.4389],[-117.7736,35.439],[-117.7738,35.4392],[-117.774,35.4395],[-117.7741,35.4395],[-117.7743,35.4396],[-117.7744,35.4397],[-117.7746,35.4398],[-117.7747,35.4401],[-117.7749,35.4404],[-117.7751,35.4407],[-117.7752,35.4409],[-117.7754,35.4411],[-117.7755,35.4413],[-117.7756,35.4414],[-117.7758,35.4415],[-117.776,35.4417],[-117.7761,35.4418],[-117.7762,35.4419],[-117.7763,35.4421],[-117.7764,35.4421],[-117.7765,35.4422],[-117.7767,35.4424],[-117.7767,35.4425],[-117.7769,35.4426],[-117.7769,35.4428],[-117.777,35.4429],[-117.7772,35.4431],[-117.7774,35.4431],[-117.7779,35.4434],[-117.7782,35.4436],[-117.7784,35.4436],[-117.7785,35.4437],[-117.7788,35.4438],[-117.7788,35.4439],[-117.779,35.444],[-117.7793,35.4442],[-117.7795,35.4443],[-117.7796,35.4445],[-117.7797,35.4448],[-117.7798,35.445],[-117.78,35.4451],[-117.7801,35.4453]]}},{"type":"Feature","properties":{"id":null,"name":null,"kind":"road","access":"green","seasonal":false},"geometry":{"type":"LineString","coordinates":[[-117.8194,35.4539],[-117.8195,35.4538],[-117.8196,35.4538],[-117.8197,35.4537],[-117.8197,35.4536],[-117.8198,35.4536],[-117.8199,35.4535],[-117.82,35.4535],[-117.8201,35.4534],[-117.8202,35.4534],[-117.8202,35.4533],[-117.8203,35.4533],[-117.8204,35.4533],[-117.8204,35.4532],[-117.8205,35.4532],[-117.8206,35.4532],[-117.8206,35.4531],[-117.8206,35.453],[-117.8207,35.453],[-117.8208,35.453],[-117.8208,35.4529],[-117.8209,35.4529],[-117.8209,35.4528],[-117.821,35.4528],[-117.8211,35.4527],[-117.8212,35.4527],[-117.8213,35.4526],[-117.8214,35.4526],[-117.8215,35.4526],[-117.8216,35.4526],[-117.8217,35.4526],[-117.8218,35.4526],[-117.8219,35.4526],[-117.822,35.4526],[-117.8221,35.4526],[-117.8222,35.4526],[-117.8223,35.4526],[-117.8224,35.4526],[-117.8225,35.4526],[-117.8226,35.4527],[-117.8227,35.4527],[-117.8228,35.4527],[-117.8229,35.4528],[-117.823,35.4528],[-117.8231,35.4528],[-117.8232,35.4528],[-117.8233,35.4528],[-117.8234,35.4528],[-117.8235,35.4528],[-117.8236,35.4528],[-117.8237,35.4528],[-117.8238,35.4528],[-117.8239,35.4529],[-117.824,35.4529]]}},{"type":"Feature","properties":{"id":null,"name":null,"kind":"road","access":"green","seasonal":false},"geometry":{"type":"LineString","coordinates":[[-117.8103,35.4569],[-117.8104,35.4568],[-117.8104,35.4567],[-117.8105,35.4567],[-117.8106,35.4566],[-117.8107,35.4566],[-117.8108,35.4566],[-117.8109,35.4566],[-117.811,35.4566],[-117.8111,35.4565],[-117.8112,35.4565],[-117.8113,35.4564],[-117.8114,35.4564],[-117.8115,35.4564],[-117.8116,35.4564],[-117.8117,35.4564],[-117.8118,35.4565]]}},{"type":"Feature","properties":{"id":null,"name":null,"kind":"road","access":"green","seasonal":false},"geometry":{"type":"LineString","coordinates":[[-117.7491,35.4519],[-117.7491,35.4518],[-117.749,35.4517]]}},{"type":"Feature","properties":{"id":null,"name":null,"kind":"road","access":"green","seasonal":false},"geometry":{"type":"LineString","coordinates":[[-117.6547,35.4812],[-117.654,35.4799],[-117.6535,35.4788],[-117.6532,35.4779],[-117.6531,35.477],[-117.6531,35.4757],[-117.6532,35.4752],[-117.6532,35.4747],[-117.6534,35.4746],[-117.6537,35.4746],[-117.6538,35.4746]]}},{"type":"Feature","properties":{"id":null,"name":null,"kind":"road","access":"green","seasonal":false},"geometry":{"type":"LineString","coordinates":[[-117.8408,35.4389],[-117.8407,35.4388],[-117.8406,35.4387],[-117.8405,35.4386],[-117.8404,35.4385],[-117.8403,35.4384],[-117.8401,35.4383],[-117.84,35.4382],[-117.8399,35.4381],[-117.8397,35.4381],[-117.8395,35.438],[-117.8394,35.4379],[-117.8393,35.4379],[-117.8392,35.4378],[-117.8391,35.4377],[-117.8391,35.4376]]}},{"type":"Feature","properties":{"id":null,"name":null,"kind":"road","access":"green","seasonal":false},"geometry":{"type":"LineString","coordinates":[[-117.9461,35.4809],[-117.9467,35.4808],[-117.9473,35.4809],[-117.9476,35.4809],[-117.9481,35.4809],[-117.9483,35.4809]]}},{"type":"Feature","properties":{"id":null,"name":null,"kind":"road","access":"green","seasonal":false},"geometry":{"type":"LineString","coordinates":[[-117.7565,35.4449],[-117.7564,35.4449],[-117.7563,35.4449],[-117.7563,35.445],[-117.7562,35.445],[-117.7562,35.4451],[-117.7561,35.4451],[-117.756,35.4452],[-117.7559,35.4452],[-117.7558,35.4452],[-117.7557,35.4452],[-117.7557,35.4453],[-117.7556,35.4453],[-117.7555,35.4453],[-117.7555,35.4454],[-117.7554,35.4454],[-117.7554,35.4455],[-117.7553,35.4455],[-117.7552,35.4455],[-117.7552,35.4456],[-117.7551,35.4456],[-117.7551,35.4457],[-117.755,35.4457],[-117.7549,35.4457],[-117.7549,35.4458],[-117.7548,35.4458],[-117.7547,35.4458],[-117.7547,35.4459],[-117.7546,35.4459],[-117.7546,35.446],[-117.7545,35.446],[-117.7545,35.4461],[-117.7544,35.4461],[-117.7544,35.4462],[-117.7543,35.4462],[-117.7543,35.4463],[-117.7542,35.4463],[-117.7542,35.4464],[-117.7541,35.4464],[-117.7541,35.4465],[-117.7541,35.4466],[-117.754,35.4466],[-117.754,35.4467],[-117.7539,35.4467],[-117.7539,35.4468],[-117.7539,35.4469],[-117.7539,35.447],[-117.7538,35.447],[-117.7538,35.4471],[-117.7537,35.4471],[-117.7536,35.4471],[-117.7536,35.4472],[-117.7535,35.4472],[-117.7534,35.4472],[-117.7534,35.4473],[-117.7533,35.4473],[-117.7533,35.4474],[-117.7532,35.4474],[-117.7532,35.4475],[-117.7531,35.4475],[-117.7531,35.4476],[-117.753,35.4476],[-117.753,35.4477],[-117.7529,35.4477],[-117.7529,35.4478],[-117.7528,35.4478],[-117.7528,35.4479],[-117.7527,35.4479],[-117.7527,35.448],[-117.7527,35.4481],[-117.7526,35.4481],[-117.7526,35.4482],[-117.7525,35.4483]]}},{"type":"Feature","properties":{"id":null,"name":null,"kind":"road","access":"green","seasonal":false},"geometry":{"type":"LineString","coordinates":[[-117.6454,35.3386],[-117.6453,35.3387],[-117.6451,35.3388],[-117.6449,35.339],[-117.6446,35.3393],[-117.6444,35.3395],[-117.6443,35.3396],[-117.6441,35.3398],[-117.6439,35.3401],[-117.6438,35.3404],[-117.6437,35.3405],[-117.6436,35.3407],[-117.6432,35.341],[-117.643,35.3412],[-117.6428,35.3413],[-117.6427,35.3414],[-117.6426,35.3416],[-117.6424,35.342],[-117.6423,35.3423],[-117.6422,35.3426],[-117.6422,35.343],[-117.6421,35.3433],[-117.6422,35.3435],[-117.6422,35.3437],[-117.6423,35.3439],[-117.6424,35.3441],[-117.6424,35.3442]]}},{"type":"Feature","properties":{"id":null,"name":null,"kind":"road","access":"green","seasonal":false},"geometry":{"type":"LineString","coordinates":[[-117.8812,35.4476],[-117.8811,35.4476],[-117.8811,35.4475],[-117.8811,35.4474],[-117.8811,35.4473],[-117.8811,35.4472],[-117.8811,35.4471],[-117.8811,35.447],[-117.881,35.4469],[-117.8809,35.4469],[-117.8809,35.447],[-117.8808,35.447],[-117.8807,35.447],[-117.8807,35.4469],[-117.8806,35.4469],[-117.8805,35.4469],[-117.8804,35.4469],[-117.8804,35.447],[-117.8803,35.447],[-117.8802,35.447],[-117.8801,35.4471],[-117.88,35.4471],[-117.88,35.4472],[-117.8799,35.4472],[-117.8798,35.4473],[-117.8797,35.4474],[-117.8796,35.4475],[-117.8795,35.4476],[-117.8794,35.4477],[-117.8793,35.4477],[-117.8792,35.4476],[-117.8791,35.4476],[-117.879,35.4476],[-117.8789,35.4476],[-117.8788,35.4476],[-117.8787,35.4476],[-117.8787,35.4477],[-117.8786,35.4477],[-117.8785,35.4477],[-117.8784,35.4477],[-117.8783,35.4477],[-117.8783,35.4478],[-117.8782,35.4478],[-117.8781,35.4478],[-117.878,35.4478],[-117.878,35.4479],[-117.8779,35.4479],[-117.8778,35.4479],[-117.8777,35.4479],[-117.8776,35.4478],[-117.8775,35.4478],[-117.8775,35.4479],[-117.8774,35.4479],[-117.8773,35.4479],[-117.8772,35.4479],[-117.8771,35.4478],[-117.877,35.4478],[-117.877,35.4477],[-117.8769,35.4477],[-117.8768,35.4477],[-117.8767,35.4476],[-117.8767,35.4477],[-117.8765,35.4475],[-117.8764,35.4475],[-117.8763,35.4475],[-117.8762,35.4475],[-117.8761,35.4475],[-117.876,35.4475],[-117.8759,35.4475],[-117.8758,35.4475],[-117.8757,35.4475],[-117.8756,35.4475],[-117.8755,35.4474],[-117.8754,35.4474],[-117.8753,35.4474],[-117.8752,35.4474],[-117.8752,35.4475],[-117.8752,35.4476],[-117.8751,35.4476],[-117.875,35.4477],[-117.875,35.4478],[-117.8749,35.4478],[-117.8748,35.4478],[-117.8748,35.4479],[-117.8747,35.4478],[-117.8746,35.4479],[-117.8745,35.4479],[-117.8744,35.4479],[-117.8743,35.4479],[-117.8743,35.4478],[-117.8742,35.4478],[-117.8742,35.4477],[-117.8741,35.4477],[-117.8741,35.4476],[-117.874,35.4476],[-117.874,35.4475],[-117.8739,35.4475],[-117.8738,35.4475]]}},{"type":"Feature","properties":{"id":null,"name":null,"kind":"road","access":"green","seasonal":false},"geometry":{"type":"LineString","coordinates":[[-117.8977,35.4327],[-117.8976,35.4327],[-117.8975,35.4327],[-117.8974,35.4327],[-117.8972,35.4327],[-117.8971,35.4327],[-117.897,35.4326],[-117.8968,35.4326],[-117.8967,35.4326],[-117.8966,35.4326],[-117.8965,35.4326],[-117.8964,35.4325],[-117.8963,35.4325],[-117.8962,35.4325],[-117.8961,35.4325],[-117.896,35.4325],[-117.8959,35.4325],[-117.8958,35.4325],[-117.8957,35.4324],[-117.8956,35.4324],[-117.8955,35.4324],[-117.8954,35.4324],[-117.8953,35.4324],[-117.8951,35.4324],[-117.895,35.4323],[-117.8949,35.4323],[-117.8948,35.4323],[-117.8946,35.4323],[-117.8945,35.4323],[-117.8944,35.4322],[-117.8943,35.4322],[-117.8942,35.4322],[-117.894,35.4322],[-117.8939,35.4322],[-117.8938,35.4322],[-117.8936,35.4322],[-117.8935,35.4322],[-117.8934,35.4321],[-117.8933,35.4321],[-117.8932,35.4321],[-117.8931,35.4322],[-117.893,35.4322],[-117.8929,35.4323],[-117.8928,35.4323],[-117.8927,35.4324],[-117.8926,35.4325],[-117.8925,35.4325],[-117.8924,35.4326],[-117.8923,35.4327],[-117.8922,35.4328],[-117.8921,35.4328],[-117.8921,35.4329],[-117.892,35.4329],[-117.8919,35.433],[-117.8918,35.433],[-117.8917,35.433],[-117.8916,35.433],[-117.8915,35.4331],[-117.8914,35.4331],[-117.8913,35.4331],[-117.8912,35.4332],[-117.8911,35.4332],[-117.891,35.4332],[-117.8909,35.4332],[-117.8908,35.4332],[-117.8907,35.4332]]}},{"type":"Feature","properties":{"id":null,"name":null,"kind":"road","access":"green","seasonal":false},"geometry":{"type":"LineString","coordinates":[[-117.6898,35.4265],[-117.6897,35.4266],[-117.6897,35.4267],[-117.6897,35.4268],[-117.6896,35.4268],[-117.6896,35.4269],[-117.6896,35.427],[-117.6896,35.4271],[-117.6896,35.4272],[-117.6897,35.4274],[-117.6897,35.4275],[-117.6897,35.4276],[-117.6897,35.4277],[-117.6897,35.4278],[-117.6898,35.4278],[-117.6898,35.4279],[-117.6898,35.428],[-117.6899,35.4281],[-117.69,35.4282],[-117.6901,35.4283],[-117.6901,35.4284],[-117.6901,35.4285],[-117.6901,35.4286],[-117.6901,35.4287],[-117.6901,35.4288],[-117.6901,35.4289],[-117.6901,35.429],[-117.6901,35.4291],[-117.6901,35.4292],[-117.6901,35.4293],[-117.6901,35.4294],[-117.6902,35.4295],[-117.6902,35.4296],[-117.6902,35.4297],[-117.6902,35.4298],[-117.6903,35.4299],[-117.6903,35.43],[-117.6903,35.4301],[-117.6903,35.4302],[-117.6903,35.4303],[-117.6903,35.4304],[-117.6903,35.4305],[-117.6903,35.4306],[-117.6903,35.4307],[-117.6903,35.4308],[-117.6903,35.4309],[-117.6903,35.431],[-117.6904,35.4311],[-117.6904,35.4312],[-117.6904,35.4313],[-117.6904,35.4314],[-117.6904,35.4315],[-117.6904,35.4316],[-117.6904,35.4317],[-117.6904,35.4318],[-117.6904,35.4319],[-117.6905,35.432],[-117.6905,35.4321],[-117.6905,35.4322],[-117.6905,35.4323],[-117.6904,35.4324],[-117.6904,35.4325],[-117.6904,35.4326],[-117.6904,35.4327],[-117.6904,35.4328],[-117.6904,35.4329],[-117.6904,35.433],[-117.6904,35.4331],[-117.6905,35.4332],[-117.6905,35.4333],[-117.6905,35.4334],[-117.6905,35.4335],[-117.6905,35.4336],[-117.6905,35.4337],[-117.6905,35.4338],[-117.6905,35.4339],[-117.6906,35.434],[-117.6905,35.4341],[-117.6905,35.4342],[-117.6905,35.4343],[-117.6906,35.4344],[-117.6906,35.4345],[-117.6906,35.4346],[-117.6907,35.4347],[-117.6907,35.4348],[-117.6907,35.4349],[-117.6907,35.435],[-117.6907,35.4351],[-117.6907,35.4352],[-117.6907,35.4353],[-117.6907,35.4354],[-117.6906,35.4355],[-117.6906,35.4356],[-117.6906,35.4357],[-117.6905,35.4357],[-117.6905,35.4358],[-117.6905,35.4359],[-117.6905,35.436],[-117.6904,35.4361],[-117.6904,35.4362],[-117.6904,35.4363],[-117.6903,35.4363],[-117.6903,35.4364],[-117.6903,35.4365],[-117.6903,35.4366],[-117.6903,35.4367],[-117.6903,35.4368],[-117.6903,35.4369],[-117.6902,35.437],[-117.6902,35.4371],[-117.6903,35.4372],[-117.6903,35.4373],[-117.6903,35.4374],[-117.6903,35.4375],[-117.6903,35.4376],[-117.6903,35.4377],[-117.6903,35.4378],[-117.6903,35.4379],[-117.6902,35.438],[-117.6902,35.4381],[-117.6902,35.4382],[-117.6903,35.4384],[-117.6903,35.4385],[-117.6903,35.4386],[-117.6903,35.4387],[-117.6903,35.4388],[-117.6903,35.4389],[-117.6903,35.439],[-117.6904,35.4391],[-117.6904,35.4392],[-117.6904,35.4393],[-117.6905,35.4394],[-117.6905,35.4395],[-117.6905,35.4396],[-117.6905,35.4397],[-117.6905,35.4398],[-117.6904,35.4399],[-117.6905,35.44],[-117.6905,35.4401],[-117.6905,35.4402],[-117.6906,35.4403],[-117.6906,35.4404],[-117.6907,35.4405],[-117.6907,35.4406],[-117.6908,35.4407],[-117.6908,35.4408]]}},{"type":"Feature","properties":{"id":null,"name":null,"kind":"road","access":"green","seasonal":false},"geometry":{"type":"LineString","coordinates":[[-117.9296,35.4987],[-117.9296,35.4988],[-117.9296,35.4989],[-117.9296,35.499],[-117.9295,35.4991],[-117.9295,35.4992],[-117.9295,35.4993],[-117.9295,35.4994],[-117.9295,35.4995],[-117.9294,35.4995],[-117.9294,35.4996],[-117.9294,35.4997],[-117.9293,35.4998],[-117.9293,35.4999],[-117.9292,35.4999],[-117.9292,35.5],[-117.9291,35.5001],[-117.9291,35.5002],[-117.929,35.5003],[-117.929,35.5004],[-117.9289,35.5005],[-117.9289,35.5006],[-117.9288,35.5007],[-117.9288,35.5008],[-117.9288,35.5009],[-117.9287,35.501],[-117.9287,35.5011],[-117.9287,35.5012],[-117.9286,35.5013],[-117.9286,35.5014],[-117.9286,35.5015],[-117.9286,35.5016],[-117.9285,35.5017],[-117.9285,35.5018],[-117.9285,35.5019],[-117.9284,35.502],[-117.9284,35.5021],[-117.9283,35.5022],[-117.9283,35.5023],[-117.9282,35.5024],[-117.9282,35.5025],[-117.9282,35.5026],[-117.9281,35.5026],[-117.9281,35.5027],[-117.9281,35.5028],[-117.9281,35.5029],[-117.928,35.5029],[-117.928,35.503],[-117.928,35.5031],[-117.928,35.5032],[-117.928,35.5033],[-117.9279,35.5034],[-117.9279,35.5035],[-117.9279,35.5036],[-117.9278,35.5037],[-117.9278,35.5038],[-117.9277,35.5039],[-117.9276,35.504],[-117.9275,35.5041],[-117.9275,35.5042],[-117.9274,35.5043],[-117.9273,35.5044],[-117.9273,35.5045],[-117.9272,35.5045],[-117.9272,35.5046],[-117.9271,35.5047],[-117.9271,35.5048],[-117.927,35.5049],[-117.927,35.505],[-117.927,35.5051],[-117.9269,35.5052],[-117.9269,35.5053],[-117.9269,35.5054],[-117.9268,35.5055],[-117.9268,35.5056],[-117.9267,35.5057],[-117.9267,35.5058],[-117.9267,35.5059],[-117.9266,35.5059],[-117.9266,35.506],[-117.9266,35.5061],[-117.9265,35.5062],[-117.9264,35.5063],[-117.9264,35.5064],[-117.9264,35.5065],[-117.9263,35.5066],[-117.9263,35.5067],[-117.9262,35.5068],[-117.9262,35.5069],[-117.9261,35.507],[-117.9261,35.5071],[-117.9261,35.5072],[-117.926,35.5073],[-117.926,35.5074],[-117.9259,35.5075],[-117.9259,35.5076],[-117.9259,35.5077],[-117.9258,35.5078],[-117.9258,35.5079],[-117.9258,35.508],[-117.9257,35.5081],[-117.9257,35.5082],[-117.9257,35.5083],[-117.9256,35.5084],[-117.9256,35.5085],[-117.9255,35.5086],[-117.9255,35.5087],[-117.9254,35.5088],[-117.9254,35.5089],[-117.9254,35.509],[-117.9253,35.5091],[-117.9253,35.5092],[-117.9253,35.5093],[-117.9253,35.5094],[-117.9252,35.5094],[-117.9252,35.5095],[-117.9252,35.5096],[-117.9252,35.5097],[-117.9252,35.5098],[-117.9251,35.5099],[-117.9251,35.51],[-117.9251,35.5101],[-117.925,35.5102],[-117.925,35.5103],[-117.925,35.5104],[-117.9249,35.5105],[-117.9249,35.5106],[-117.9248,35.5107],[-117.9248,35.5108],[-117.9247,35.5108],[-117.9247,35.5109],[-117.9247,35.511],[-117.9247,35.5111],[-117.9246,35.5111],[-117.9246,35.5112],[-117.9246,35.5113],[-117.9246,35.5114],[-117.9245,35.5114],[-117.9245,35.5115],[-117.9245,35.5116],[-117.9245,35.5117],[-117.9245,35.5118],[-117.9245,35.5119],[-117.9244,35.5119],[-117.9244,35.512],[-117.9244,35.5121],[-117.9244,35.5122],[-117.9243,35.5123],[-117.9243,35.5124],[-117.9243,35.5125],[-117.9242,35.5126],[-117.9242,35.5127],[-117.9242,35.5128],[-117.9241,35.5128],[-117.9241,35.5129],[-117.9241,35.513],[-117.924,35.513],[-117.924,35.5131],[-117.924,35.5132],[-117.924,35.5133],[-117.9239,35.5134],[-117.9239,35.5135],[-117.9239,35.5136],[-117.9238,35.5137],[-117.9238,35.5138],[-117.9238,35.5139],[-117.9237,35.5139],[-117.9237,35.514],[-117.9236,35.5141],[-117.9236,35.5142],[-117.9235,35.5143],[-117.9235,35.5144],[-117.9235,35.5145],[-117.9234,35.5146],[-117.9234,35.5147],[-117.9233,35.5148],[-117.9232,35.5149],[-117.9232,35.515],[-117.9231,35.515],[-117.9231,35.5151],[-117.9231,35.5152],[-117.923,35.5153],[-117.923,35.5154],[-117.9229,35.5155],[-117.9229,35.5156],[-117.9228,35.5157],[-117.9228,35.5158],[-117.9228,35.5159],[-117.9227,35.5159],[-117.9227,35.516],[-117.9227,35.5161],[-117.9226,35.5162],[-117.9226,35.5163],[-117.9226,35.5164],[-117.9225,35.5165],[-117.9225,35.5166],[-117.9224,35.5167],[-117.9224,35.5168],[-117.9224,35.5169],[-117.9223,35.5169],[-117.9223,35.517],[-117.9223,35.5171],[-117.9222,35.5172],[-117.9222,35.5173],[-117.9221,35.5174],[-117.9221,35.5175],[-117.922,35.5175],[-117.922,35.5176],[-117.9219,35.5177],[-117.9219,35.5178],[-117.9218,35.5179],[-117.9218,35.518],[-117.9217,35.5181],[-117.9217,35.5182],[-117.9216,35.5183],[-117.9216,35.5184],[-117.9216,35.5185],[-117.9215,35.5185],[-117.9215,35.5186],[-117.9215,35.5187],[-117.9215,35.5188],[-117.9214,35.5188],[-117.9214,35.5189],[-117.9214,35.519],[-117.9214,35.5191],[-117.9213,35.5192],[-117.9213,35.5193],[-117.9213,35.5194],[-117.9212,35.5195],[-117.9212,35.5196],[-117.9211,35.5197],[-117.9211,35.5198],[-117.9211,35.5199],[-117.9211,35.52],[-117.921,35.5201],[-117.921,35.5202],[-117.921,35.5203],[-117.9209,35.5203],[-117.9209,35.5204],[-117.9209,35.5205],[-117.9209,35.5206],[-117.9208,35.5206],[-117.9208,35.5207],[-117.9207,35.5208],[-117.9207,35.5209],[-117.9206,35.521],[-117.9206,35.5211],[-117.9206,35.5212],[-117.9205,35.5213],[-117.9205,35.5214],[-117.9205,35.5215],[-117.9204,35.5216],[-117.9204,35.5217],[-117.9204,35.5218],[-117.9203,35.5219],[-117.9203,35.522],[-117.9203,35.5221],[-117.9203,35.5222],[-117.9202,35.5223],[-117.9202,35.5224],[-117.9202,35.5225],[-117.9202,35.5226],[-117.9201,35.5227],[-117.9201,35.5228],[-117.9201,35.5229],[-117.9201,35.523],[-117.9201,35.5231],[-117.92,35.5232],[-117.92,35.5233],[-117.92,35.5234],[-117.9199,35.5234],[-117.9199,35.5235],[-117.9199,35.5236],[-117.9199,35.5237],[-117.9198,35.5238],[-117.9198,35.5239],[-117.9198,35.524],[-117.9198,35.5241],[-117.9198,35.5242],[-117.9198,35.5243],[-117.9198,35.5244],[-117.9197,35.5245],[-117.9197,35.5246],[-117.9197,35.5247],[-117.9197,35.5248],[-117.9197,35.5249],[-117.9196,35.525],[-117.9196,35.5251],[-117.9196,35.5252],[-117.9195,35.5253],[-117.9195,35.5254],[-117.9195,35.5255],[-117.9195,35.5256],[-117.9194,35.5256],[-117.9194,35.5257],[-117.9194,35.5258],[-117.9194,35.5259],[-117.9193,35.526],[-117.9193,35.5261],[-117.9192,35.5262],[-117.9192,35.5263],[-117.9191,35.5264],[-117.9191,35.5265],[-117.919,35.5266],[-117.919,35.5267],[-117.9189,35.5268],[-117.9189,35.5269],[-117.9188,35.5269],[-117.9188,35.527],[-117.9188,35.5271],[-117.9187,35.5272],[-117.9187,35.5273],[-117.9187,35.5274],[-117.9186,35.5275],[-117.9186,35.5276],[-117.9186,35.5277],[-117.9185,35.5278],[-117.9185,35.5279],[-117.9185,35.528],[-117.9184,35.5281],[-117.9184,35.5282],[-117.9184,35.5283],[-117.9183,35.5283],[-117.9183,35.5284],[-117.9183,35.5285],[-117.9182,35.5286],[-117.9182,35.5287],[-117.9182,35.5288],[-117.9182,35.5289],[-117.9182,35.529],[-117.9182,35.5291],[-117.9182,35.5292],[-117.9182,35.5293],[-117.9182,35.5294],[-117.9182,35.5295],[-117.9182,35.5296],[-117.9182,35.5297],[-117.9182,35.5298],[-117.9182,35.5299],[-117.9182,35.53],[-117.9182,35.5301],[-117.9181,35.5302],[-117.9181,35.5303],[-117.9181,35.5304],[-117.918,35.5305],[-117.918,35.5306],[-117.9179,35.5307],[-117.9179,35.5308],[-117.9178,35.5309],[-117.9178,35.531],[-117.9177,35.5311],[-117.9177,35.5312],[-117.9177,35.5313],[-117.9176,35.5314],[-117.9176,35.5315],[-117.9175,35.5316],[-117.9175,35.5317],[-117.9175,35.5318],[-117.9174,35.5319],[-117.9174,35.532],[-117.9173,35.5321],[-117.9173,35.5322],[-117.9172,35.5323],[-117.9172,35.5324],[-117.9172,35.5325],[-117.9172,35.5326],[-117.9172,35.5327],[-117.9172,35.5329],[-117.9172,35.533],[-117.9172,35.5331],[-117.9171,35.5332],[-117.9171,35.5333],[-117.9171,35.5334],[-117.9171,35.5335],[-117.9171,35.5337],[-117.917,35.5338],[-117.9169,35.5339],[-117.9169,35.534],[-117.9168,35.5341],[-117.9168,35.5342],[-117.9167,35.5344],[-117.9167,35.5345],[-117.9167,35.5346],[-117.9166,35.5348],[-117.9166,35.5349],[-117.9165,35.535],[-117.9165,35.5352],[-117.9165,35.5353],[-117.9164,35.5354],[-117.9164,35.5355],[-117.9164,35.5356],[-117.9164,35.5357],[-117.9163,35.5358],[-117.9163,35.5359],[-117.9163,35.536],[-117.9163,35.5361],[-117.9162,35.5362],[-117.9162,35.5363],[-117.9162,35.5364],[-117.9161,35.5365],[-117.9161,35.5367],[-117.9161,35.5368],[-117.916,35.5369],[-117.916,35.537],[-117.9159,35.5371],[-117.9159,35.5372],[-117.9158,35.5374],[-117.9158,35.5375],[-117.9157,35.5376],[-117.9157,35.5377],[-117.9156,35.5378],[-117.9156,35.5379],[-117.9155,35.538],[-117.9155,35.5381],[-117.9154,35.5382],[-117.9154,35.5384],[-117.9154,35.5385],[-117.9153,35.5386],[-117.9153,35.5387],[-117.9152,35.5388],[-117.9152,35.5389],[-117.9152,35.539],[-117.9151,35.5391],[-117.9151,35.5392],[-117.915,35.5393],[-117.915,35.5394],[-117.9149,35.5395],[-117.9149,35.5396],[-117.9148,35.5397],[-117.9148,35.5398],[-117.9148,35.5399],[-117.9147,35.5401],[-117.9147,35.5402],[-117.9146,35.5403],[-117.9145,35.5404],[-117.9145,35.5405],[-117.9144,35.5406],[-117.9143,35.5407],[-117.9143,35.5408],[-117.9142,35.5409],[-117.9142,35.541],[-117.9141,35.5411],[-117.9141,35.5412],[-117.914,35.5413],[-117.914,35.5414],[-117.914,35.5415],[-117.9139,35.5416],[-117.9139,35.5417],[-117.9138,35.5418],[-117.9138,35.5419],[-117.9137,35.542],[-117.9137,35.5421],[-117.9137,35.5422],[-117.9136,35.5423],[-117.9136,35.5424],[-117.9135,35.5425],[-117.9134,35.5426],[-117.9133,35.5427],[-117.9133,35.5428],[-117.9132,35.5429],[-117.9131,35.543],[-117.913,35.5431],[-117.913,35.5432],[-117.9129,35.5433],[-117.9128,35.5433],[-117.9128,35.5434],[-117.9127,35.5435],[-117.9126,35.5436],[-117.9126,35.5437],[-117.9125,35.5438],[-117.9124,35.5439],[-117.9124,35.544],[-117.9123,35.5441],[-117.9122,35.5442],[-117.9122,35.5443],[-117.9121,35.5444],[-117.9121,35.5445],[-117.912,35.5446],[-117.9119,35.5448],[-117.9118,35.5449],[-117.9118,35.545],[-117.9117,35.5451],[-117.9117,35.5452],[-117.9117,35.5453],[-117.9116,35.5454],[-117.9116,35.5455],[-117.9115,35.5456],[-117.9114,35.5457],[-117.9114,35.5458],[-117.9114,35.5459],[-117.9113,35.5459],[-117.9113,35.546],[-117.9112,35.5461],[-117.9111,35.5462],[-117.9111,35.5464],[-117.911,35.5465],[-117.911,35.5466],[-117.9109,35.5467],[-117.9108,35.5468],[-117.9108,35.5469],[-117.9107,35.547],[-117.9107,35.5471],[-117.9106,35.5472],[-117.9106,35.5473],[-117.9105,35.5474],[-117.9104,35.5475],[-117.9104,35.5476],[-117.9103,35.5478],[-117.9102,35.5479],[-117.9102,35.548],[-117.9101,35.5481],[-117.9101,35.5482],[-117.91,35.5483],[-117.9099,35.5484],[-117.9099,35.5485],[-117.9098,35.5486],[-117.9098,35.5487],[-117.9097,35.5487],[-117.9097,35.5488],[-117.9096,35.5489],[-117.9096,35.549],[-117.9095,35.549],[-117.9095,35.5491],[-117.9095,35.5492],[-117.9094,35.5492],[-117.9094,35.5493],[-117.9093,35.5494],[-117.9093,35.5495],[-117.9092,35.5496],[-117.9092,35.5498],[-117.9091,35.5499],[-117.909,35.55],[-117.909,35.5502],[-117.9089,35.5503],[-117.9089,35.5504],[-117.9088,35.5505],[-117.9088,35.5506],[-117.9087,35.5507],[-117.9086,35.5508],[-117.9085,35.5509],[-117.9085,35.551],[-117.9084,35.551],[-117.9084,35.5511],[-117.9083,35.5512],[-117.9082,35.5513],[-117.9082,35.5514],[-117.9081,35.5515],[-117.9081,35.5516],[-117.908,35.5517],[-117.908,35.5518],[-117.9079,35.5519],[-117.9079,35.552],[-117.9078,35.5521],[-117.9077,35.5522],[-117.9077,35.5523],[-117.9076,35.5524],[-117.9075,35.5525],[-117.9075,35.5526],[-117.9074,35.5527],[-117.9073,35.5529],[-117.9072,35.553],[-117.9072,35.5531],[-117.9071,35.5532],[-117.907,35.5533],[-117.9069,35.5534],[-117.9069,35.5536],[-117.9068,35.5537],[-117.9067,35.5538],[-117.9067,35.5539],[-117.9067,35.554],[-117.9066,35.5541],[-117.9066,35.5542],[-117.9065,35.5543],[-117.9065,35.5544],[-117.9064,35.5545],[-117.9064,35.5546],[-117.9063,35.5546],[-117.9063,35.5547],[-117.9063,35.5548],[-117.9062,35.5549],[-117.9062,35.555],[-117.9061,35.5551],[-117.906,35.5553],[-117.906,35.5554],[-117.9059,35.5554],[-117.9059,35.5555],[-117.9059,35.5556],[-117.9058,35.5557],[-117.9057,35.5558],[-117.9057,35.5559],[-117.9057,35.556],[-117.9056,35.5561],[-117.9056,35.5562],[-117.9056,35.5563],[-117.9055,35.5563],[-117.9055,35.5564],[-117.9054,35.5565],[-117.9054,35.5566],[-117.9053,35.5567],[-117.9052,35.5568],[-117.9052,35.5569],[-117.9051,35.557],[-117.9051,35.5571],[-117.9051,35.5572],[-117.905,35.5572],[-117.905,35.5573],[-117.9049,35.5574],[-117.9049,35.5575],[-117.9049,35.5576],[-117.9048,35.5577],[-117.9047,35.5578],[-117.9047,35.5579],[-117.9047,35.558],[-117.9046,35.5581],[-117.9046,35.5582],[-117.9045,35.5582],[-117.9045,35.5583],[-117.9045,35.5584],[-117.9044,35.5585],[-117.9044,35.5586],[-117.9043,35.5586],[-117.9043,35.5587],[-117.9043,35.5588],[-117.9042,35.5589],[-117.9042,35.559],[-117.9041,35.559],[-117.9041,35.5591],[-117.904,35.5592],[-117.9039,35.5593],[-117.9039,35.5594],[-117.9039,35.5595],[-117.9039,35.5596],[-117.9038,35.5597],[-117.9038,35.5598],[-117.9038,35.5599],[-117.9037,35.56],[-117.9037,35.5601],[-117.9036,35.5602],[-117.9036,35.5603],[-117.9036,35.5604],[-117.9035,35.5605],[-117.9035,35.5606],[-117.9034,35.5607],[-117.9034,35.5608],[-117.9034,35.5609],[-117.9033,35.561],[-117.9033,35.5611],[-117.9033,35.5612],[-117.9032,35.5612],[-117.9032,35.5613],[-117.9032,35.5614],[-117.9031,35.5614],[-117.9031,35.5615],[-117.9031,35.5616],[-117.903,35.5617],[-117.903,35.5618],[-117.9029,35.5619],[-117.9029,35.562],[-117.9028,35.5621],[-117.9028,35.5622],[-117.9027,35.5623],[-117.9027,35.5624],[-117.9026,35.5625],[-117.9025,35.5626],[-117.9025,35.5627],[-117.9024,35.5627],[-117.9023,35.5628],[-117.9022,35.5628],[-117.9021,35.5628],[-117.902,35.5629],[-117.9019,35.5629]]}},{"type":"Feature","properties":{"id":null,"name":null,"kind":"road","access":"green","seasonal":false},"geometry":{"type":"LineString","coordinates":[[-117.8278,35.4478],[-117.8277,35.4478],[-117.8277,35.4477],[-117.8276,35.4477],[-117.8276,35.4476],[-117.8275,35.4476],[-117.8274,35.4475],[-117.8273,35.4475],[-117.8273,35.4474],[-117.8272,35.4474],[-117.8271,35.4473],[-117.827,35.4473],[-117.8269,35.4472],[-117.8268,35.4471],[-117.8268,35.447],[-117.8267,35.447],[-117.8266,35.4469],[-117.8265,35.4469],[-117.8264,35.4469],[-117.8263,35.4469],[-117.8262,35.4469],[-117.8261,35.4469],[-117.8259,35.4468],[-117.8259,35.4467],[-117.8259,35.4466],[-117.8258,35.4465],[-117.8257,35.4464],[-117.8257,35.4463],[-117.8256,35.4462],[-117.8255,35.4461],[-117.8255,35.446],[-117.8254,35.446],[-117.8254,35.4459],[-117.8253,35.4459],[-117.8253,35.4458],[-117.8252,35.4457],[-117.8251,35.4457],[-117.825,35.4456],[-117.825,35.4455],[-117.8249,35.4454],[-117.8248,35.4454],[-117.8247,35.4453],[-117.8246,35.4452],[-117.8245,35.4452],[-117.8244,35.4451],[-117.8243,35.445],[-117.8242,35.4449],[-117.8241,35.4449],[-117.824,35.4448],[-117.8238,35.4447],[-117.8237,35.4446],[-117.8236,35.4445],[-117.8235,35.4444],[-117.8234,35.4443],[-117.8233,35.4442],[-117.8232,35.4441],[-117.8231,35.4441],[-117.823,35.444],[-117.8228,35.444],[-117.8227,35.444],[-117.8226,35.444],[-117.8225,35.444],[-117.8224,35.4439],[-117.8222,35.4439],[-117.8221,35.4439],[-117.822,35.444],[-117.8219,35.444],[-117.8218,35.444],[-117.8217,35.4441],[-117.8215,35.4441],[-117.8214,35.4441],[-117.8213,35.4441],[-117.8211,35.4441],[-117.821,35.4441],[-117.8209,35.4441],[-117.8208,35.4441],[-117.8207,35.444],[-117.8206,35.4439],[-117.8205,35.4438],[-117.8203,35.4437],[-117.8202,35.4436],[-117.82,35.4436],[-117.8199,35.4436],[-117.8198,35.4435],[-117.8197,35.4435],[-117.8196,35.4434],[-117.8195,35.4434],[-117.8194,35.4433],[-117.8193,35.4433],[-117.8192,35.4432],[-117.8191,35.4432],[-117.819,35.4431],[-117.8189,35.4431],[-117.8188,35.443],[-117.8187,35.4429],[-117.8186,35.4428],[-117.8185,35.4427],[-117.8184,35.4426],[-117.8183,35.4425],[-117.8183,35.4424],[-117.8182,35.4424],[-117.8182,35.4423],[-117.8181,35.4423],[-117.8181,35.4422],[-117.8181,35.4421],[-117.818,35.4421],[-117.818,35.442],[-117.818,35.4419],[-117.8179,35.4419],[-117.8179,35.4418]]}},{"type":"Feature","properties":{"id":null,"name":null,"kind":"road","access":"green","seasonal":false},"geometry":{"type":"LineString","coordinates":[[-117.7883,35.4416],[-117.7883,35.4417],[-117.7884,35.4418],[-117.7885,35.4418],[-117.7886,35.4419],[-117.7887,35.4419],[-117.7887,35.442],[-117.7888,35.442],[-117.7889,35.442],[-117.789,35.442],[-117.7891,35.442],[-117.7891,35.4421],[-117.7892,35.4421],[-117.7893,35.4421],[-117.7894,35.4421],[-117.7895,35.4421],[-117.7896,35.4421],[-117.7897,35.4422],[-117.7898,35.4422],[-117.7899,35.4423],[-117.79,35.4424],[-117.7901,35.4424],[-117.7902,35.4424],[-117.7903,35.4425],[-117.7903,35.4426],[-117.7904,35.4426],[-117.7904,35.4427],[-117.7904,35.4428],[-117.7905,35.4429],[-117.7905,35.443],[-117.7905,35.4431],[-117.7905,35.4432],[-117.7906,35.4432],[-117.7906,35.4433],[-117.7907,35.4434],[-117.7907,35.4435],[-117.7908,35.4435],[-117.7908,35.4436],[-117.7908,35.4437],[-117.7909,35.4437],[-117.7909,35.4438],[-117.7909,35.4439],[-117.7909,35.444],[-117.7909,35.4441],[-117.7909,35.4442],[-117.7909,35.4443],[-117.7909,35.4444],[-117.7909,35.4445],[-117.7909,35.4446],[-117.7909,35.4447],[-117.7909,35.4448],[-117.7908,35.4449],[-117.7908,35.445],[-117.7907,35.4451],[-117.7907,35.4452],[-117.7906,35.4452],[-117.7906,35.4453],[-117.7906,35.4454],[-117.7905,35.4455],[-117.7904,35.4456],[-117.7903,35.4456],[-117.7903,35.4457],[-117.7902,35.4458],[-117.7901,35.4459],[-117.79,35.4459],[-117.7899,35.446],[-117.7898,35.4461],[-117.7897,35.4462],[-117.7895,35.4463],[-117.7895,35.4464],[-117.7894,35.4465],[-117.7893,35.4466],[-117.7893,35.4467],[-117.7892,35.4468],[-117.7891,35.4469],[-117.789,35.447],[-117.7889,35.4471],[-117.7888,35.4472],[-117.7887,35.4474],[-117.7886,35.4475],[-117.7885,35.4476],[-117.7884,35.4478],[-117.7883,35.448],[-117.7883,35.4481],[-117.7882,35.4482],[-117.7881,35.4484],[-117.7881,35.4485],[-117.788,35.4487],[-117.788,35.4488],[-117.7879,35.4489],[-117.7878,35.449],[-117.7878,35.4491],[-117.7877,35.4492],[-117.7876,35.4494],[-117.7875,35.4495],[-117.7874,35.4496],[-117.7873,35.4496],[-117.7872,35.4497],[-117.787,35.4498],[-117.7869,35.4499],[-117.7868,35.45],[-117.7866,35.4501],[-117.7865,35.4502],[-117.7864,35.4503],[-117.7863,35.4504],[-117.7862,35.4505],[-117.786,35.4507],[-117.786,35.4508],[-117.7859,35.4508],[-117.7859,35.4509],[-117.7858,35.4509],[-117.7858,35.451],[-117.7857,35.451],[-117.7857,35.4511],[-117.7856,35.4511],[-117.7855,35.4512],[-117.7853,35.4513],[-117.7852,35.4513],[-117.7851,35.4514],[-117.7851,35.4515],[-117.7852,35.4515],[-117.7852,35.4516],[-117.7852,35.4517],[-117.7853,35.4518],[-117.7854,35.4519],[-117.7855,35.4519],[-117.7855,35.452],[-117.7857,35.452],[-117.7858,35.4521],[-117.7859,35.4522],[-117.786,35.4523],[-117.7861,35.4524],[-117.7862,35.4525],[-117.7864,35.4525],[-117.7865,35.4526],[-117.7866,35.4526],[-117.7867,35.4527],[-117.7868,35.4527],[-117.7869,35.4528],[-117.787,35.4529],[-117.7871,35.453],[-117.7872,35.453],[-117.7873,35.4531],[-117.7874,35.4532],[-117.7875,35.4532],[-117.7875,35.4533],[-117.7876,35.4533],[-117.7877,35.4534],[-117.7878,35.4535],[-117.7878,35.4536],[-117.7879,35.4536],[-117.7879,35.4537],[-117.788,35.4538],[-117.7881,35.4539],[-117.7881,35.454],[-117.7882,35.454],[-117.7882,35.4541],[-117.7883,35.4542],[-117.7884,35.4543],[-117.7884,35.4544],[-117.7885,35.4545],[-117.7886,35.4546],[-117.7886,35.4547],[-117.7887,35.4549],[-117.7888,35.455],[-117.7889,35.4551],[-117.789,35.4552],[-117.7891,35.4553],[-117.7892,35.4554],[-117.7893,35.4556],[-117.7894,35.4557],[-117.7895,35.4558],[-117.7896,35.456],[-117.7896,35.4561],[-117.7897,35.4563],[-117.7898,35.4564],[-117.7899,35.4565],[-117.7899,35.4567],[-117.79,35.4567],[-117.79,35.4568],[-117.7901,35.4569]]}},{"type":"Feature","properties":{"id":null,"name":null,"kind":"road","access":"green","seasonal":false},"geometry":{"type":"LineString","coordinates":[[-117.7191,35.5011],[-117.7192,35.5011],[-117.7193,35.5011],[-117.7194,35.5011],[-117.7194,35.501],[-117.7194,35.5009],[-117.7194,35.5008],[-117.7194,35.5007],[-117.7195,35.5006],[-117.7195,35.5005],[-117.7195,35.5004],[-117.7195,35.5003],[-117.7195,35.5002],[-117.7196,35.5001],[-117.7196,35.5],[-117.7196,35.4999],[-117.7196,35.4998],[-117.7197,35.4997],[-117.7197,35.4996],[-117.7197,35.4995],[-117.7198,35.4994],[-117.7198,35.4993],[-117.7198,35.4992],[-117.7198,35.4991],[-117.7199,35.499],[-117.7199,35.4989],[-117.72,35.4988],[-117.72,35.4987],[-117.7201,35.4986],[-117.7201,35.4985],[-117.7201,35.4984],[-117.7201,35.4983],[-117.7201,35.4982],[-117.7201,35.4981],[-117.7201,35.498]]}},{"type":"Feature","properties":{"id":null,"name":null,"kind":"road","access":"green","seasonal":false},"geometry":{"type":"LineString","coordinates":[[-117.6514,35.449],[-117.6516,35.449],[-117.6517,35.449],[-117.6525,35.4491],[-117.6529,35.4491],[-117.6533,35.4491],[-117.6538,35.4491],[-117.6543,35.4491],[-117.6547,35.4491],[-117.6551,35.4491],[-117.6555,35.4491]]}},{"type":"Feature","properties":{"id":null,"name":null,"kind":"road","access":"green","seasonal":false},"geometry":{"type":"LineString","coordinates":[[-117.8537,35.4399],[-117.8537,35.44],[-117.8536,35.44],[-117.8536,35.4401],[-117.8535,35.4401],[-117.8534,35.4402],[-117.8534,35.4403],[-117.8533,35.4403],[-117.8532,35.4404],[-117.8531,35.4405],[-117.853,35.4406],[-117.853,35.4407],[-117.8529,35.4407],[-117.8529,35.4408],[-117.8528,35.4409],[-117.8528,35.441],[-117.8527,35.4411],[-117.8527,35.4412],[-117.8526,35.4413],[-117.8526,35.4414],[-117.8526,35.4415],[-117.8526,35.4416],[-117.8525,35.4417],[-117.8524,35.4418],[-117.8523,35.4419],[-117.8522,35.4419],[-117.8522,35.442],[-117.8521,35.442],[-117.852,35.4421],[-117.8519,35.4421],[-117.8517,35.4421],[-117.8516,35.4421],[-117.8515,35.4422],[-117.8513,35.4422],[-117.8512,35.4422],[-117.8511,35.4423],[-117.8511,35.4424],[-117.8511,35.4425],[-117.851,35.4425],[-117.8508,35.4425],[-117.8507,35.4426],[-117.8506,35.4426],[-117.8505,35.4427],[-117.8504,35.4428],[-117.8504,35.4429],[-117.8504,35.443],[-117.8503,35.443],[-117.8502,35.443],[-117.8501,35.443],[-117.85,35.443]]}},{"type":"Feature","properties":{"id":null,"name":null,"kind":"road","access":"green","seasonal":false},"geometry":{"type":"LineString","coordinates":[[-117.7678,35.4667],[-117.7678,35.4666],[-117.7678,35.4665],[-117.7678,35.4664],[-117.7678,35.4663],[-117.7679,35.4662],[-117.7678,35.4662],[-117.7678,35.4661],[-117.7678,35.466],[-117.7677,35.466],[-117.7677,35.4659],[-117.7677,35.4658],[-117.7677,35.4657],[-117.7677,35.4656],[-117.7677,35.4655],[-117.7678,35.4655],[-117.7679,35.4654],[-117.768,35.4653],[-117.768,35.4652],[-117.7681,35.4652],[-117.7681,35.4651],[-117.7682,35.4651],[-117.7683,35.4651],[-117.7684,35.4651],[-117.7685,35.4652],[-117.7686,35.4652],[-117.7686,35.4653],[-117.7687,35.4653],[-117.7688,35.4654],[-117.7689,35.4654],[-117.769,35.4654],[-117.769,35.4655],[-117.7691,35.4655],[-117.7692,35.4655],[-117.7693,35.4656],[-117.7694,35.4656],[-117.7695,35.4656],[-117.7696,35.4657],[-117.7697,35.4657],[-117.7698,35.4658],[-117.7699,35.4658],[-117.77,35.4658],[-117.7701,35.4658],[-117.7702,35.4658],[-117.7704,35.4658],[-117.7705,35.4657],[-117.7706,35.4657],[-117.7707,35.4656],[-117.7708,35.4655],[-117.7708,35.4654],[-117.7709,35.4654],[-117.7709,35.4653],[-117.771,35.4652],[-117.7711,35.4651],[-117.7712,35.465],[-117.7713,35.4649],[-117.7714,35.4648],[-117.7715,35.4648],[-117.7716,35.4647],[-117.7717,35.4647],[-117.7718,35.4646],[-117.7719,35.4646],[-117.772,35.4645],[-117.7721,35.4645],[-117.7722,35.4645],[-117.7723,35.4645],[-117.7724,35.4644],[-117.7725,35.4644],[-117.7726,35.4644],[-117.7726,35.4643],[-117.7727,35.4643],[-117.7727,35.4642],[-117.7727,35.4641],[-117.7728,35.464],[-117.7729,35.4639],[-117.773,35.4639],[-117.773,35.4638],[-117.7731,35.4638],[-117.7731,35.4637],[-117.7732,35.4637],[-117.7732,35.4636],[-117.7731,35.4636],[-117.7731,35.4635],[-117.773,35.4635],[-117.7729,35.4634],[-117.7729,35.4633],[-117.7729,35.4632],[-117.7729,35.4631],[-117.7729,35.463],[-117.7729,35.4629],[-117.7728,35.4628],[-117.7728,35.4627],[-117.7728,35.4626],[-117.7728,35.4625],[-117.7728,35.4624],[-117.7728,35.4623],[-117.7729,35.4622],[-117.7729,35.4621],[-117.7729,35.462],[-117.7729,35.4619],[-117.773,35.4619]]}},{"type":"Feature","properties":{"id":null,"name":null,"kind":"road","access":"green","seasonal":false},"geometry":{"type":"LineString","coordinates":[[-117.7944,35.5001],[-117.7943,35.5001],[-117.7942,35.5001],[-117.7941,35.5],[-117.794,35.5],[-117.7939,35.5]]}},{"type":"Feature","properties":{"id":null,"name":null,"kind":"road","access":"green","seasonal":false},"geometry":{"type":"LineString","coordinates":[[-117.8803,35.4509],[-117.8802,35.451],[-117.88,35.4514],[-117.8799,35.4515],[-117.8799,35.4516],[-117.8798,35.4517],[-117.8797,35.4519],[-117.8796,35.452],[-117.8795,35.452]]}},{"type":"Feature","properties":{"id":null,"name":null,"kind":"road","access":"green","seasonal":false},"geometry":{"type":"LineString","coordinates":[[-117.8118,35.4565],[-117.8119,35.4565],[-117.8119,35.4564],[-117.812,35.4564],[-117.8121,35.4564],[-117.8122,35.4564],[-117.8123,35.4564],[-117.8124,35.4564],[-117.8124,35.4563],[-117.8125,35.4563],[-117.8126,35.4563],[-117.8126,35.4562],[-117.8127,35.4562],[-117.8128,35.4562],[-117.8129,35.4562],[-117.813,35.4562],[-117.8131,35.4562],[-117.8132,35.4562],[-117.8133,35.4562],[-117.8134,35.4562],[-117.8135,35.4563],[-117.8136,35.4563],[-117.8136,35.4564],[-117.8137,35.4564],[-117.8138,35.4564],[-117.8138,35.4565],[-117.8139,35.4565],[-117.814,35.4565],[-117.8141,35.4566],[-117.8142,35.4566],[-117.8143,35.4565],[-117.8143,35.4564],[-117.8144,35.4564],[-117.8144,35.4563],[-117.8145,35.4563],[-117.8146,35.4563],[-117.8147,35.4563],[-117.8148,35.4564],[-117.8149,35.4564],[-117.815,35.4564],[-117.8151,35.4565],[-117.8152,35.4565],[-117.8153,35.4565],[-117.8154,35.4565],[-117.8155,35.4565],[-117.8155,35.4564],[-117.8156,35.4564],[-117.8157,35.4564],[-117.8158,35.4564],[-117.8159,35.4563],[-117.816,35.4563],[-117.8161,35.4563],[-117.8162,35.4563],[-117.8163,35.4563],[-117.8163,35.4562],[-117.8164,35.4562],[-117.8165,35.4562],[-117.8166,35.4562],[-117.8167,35.4562],[-117.8168,35.4561],[-117.8169,35.4561],[-117.8169,35.456],[-117.8169,35.4559],[-117.817,35.4558],[-117.817,35.4557],[-117.817,35.4556],[-117.817,35.4555],[-117.8171,35.4555],[-117.8171,35.4554],[-117.8171,35.4553],[-117.8171,35.4552],[-117.8172,35.4551],[-117.8172,35.455],[-117.8173,35.455],[-117.8174,35.455],[-117.8175,35.455],[-117.8176,35.455],[-117.8177,35.455],[-117.8178,35.455],[-117.8179,35.4549],[-117.818,35.4549],[-117.8181,35.4549],[-117.8181,35.4548],[-117.8182,35.4548],[-117.8183,35.4548],[-117.8183,35.4547],[-117.8184,35.4547],[-117.8185,35.4546],[-117.8186,35.4546],[-117.8186,35.4545],[-117.8187,35.4545],[-117.8188,35.4544],[-117.8188,35.4543],[-117.8189,35.4543],[-117.819,35.4543],[-117.8191,35.4543],[-117.8192,35.4543],[-117.8192,35.4542],[-117.8192,35.4541],[-117.8193,35.454],[-117.8193,35.4539],[-117.8194,35.4539]]}},{"type":"Feature","properties":{"id":null,"name":null,"kind":"road","access":"green","seasonal":false},"geometry":{"type":"LineString","coordinates":[[-117.6234,35.4412],[-117.6235,35.441],[-117.6236,35.4409],[-117.6237,35.4407],[-117.6238,35.4405],[-117.6239,35.4404],[-117.6241,35.4402],[-117.6243,35.44],[-117.6246,35.4397],[-117.625,35.4393],[-117.6252,35.4391],[-117.6256,35.4389],[-117.6258,35.4387],[-117.626,35.4386],[-117.6261,35.4384],[-117.6261,35.4383],[-117.6262,35.4381],[-117.6264,35.4379],[-117.6267,35.4375],[-117.627,35.4372],[-117.6273,35.4369],[-117.6276,35.4368],[-117.6278,35.4366],[-117.628,35.4365],[-117.6282,35.4364],[-117.6285,35.4363],[-117.6288,35.4361],[-117.6291,35.4359],[-117.6294,35.4357],[-117.6296,35.4355],[-117.6297,35.4354],[-117.6303,35.4353]]}},{"type":"Feature","properties":{"id":null,"name":null,"kind":"road","access":"green","seasonal":false},"geometry":{"type":"LineString","coordinates":[[-117.7691,35.4403],[-117.769,35.4402],[-117.7689,35.4402],[-117.7688,35.4402],[-117.7687,35.4402],[-117.7686,35.4402],[-117.7685,35.4402],[-117.7684,35.4402],[-117.7682,35.4402],[-117.7681,35.4403],[-117.768,35.4403],[-117.7679,35.4403],[-117.7678,35.4404],[-117.7677,35.4404],[-117.7676,35.4404],[-117.7675,35.4404],[-117.7674,35.4405],[-117.7673,35.4405],[-117.7672,35.4405],[-117.7671,35.4405],[-117.767,35.4404],[-117.767,35.4403],[-117.7669,35.4402],[-117.7669,35.4401],[-117.7669,35.44],[-117.7669,35.4399],[-117.7669,35.4398],[-117.7669,35.4397],[-117.7669,35.4396],[-117.7669,35.4395],[-117.7669,35.4394],[-117.7669,35.4393],[-117.7669,35.4392],[-117.7669,35.4391],[-117.7669,35.439],[-117.767,35.4389],[-117.767,35.4388],[-117.767,35.4387],[-117.767,35.4386],[-117.767,35.4385],[-117.767,35.4384],[-117.767,35.4383],[-117.767,35.4382],[-117.767,35.4381],[-117.767,35.438],[-117.767,35.4379],[-117.767,35.4378],[-117.767,35.4377],[-117.7671,35.4376],[-117.7671,35.4375],[-117.7672,35.4374],[-117.7673,35.4373],[-117.7673,35.4372],[-117.7674,35.4371],[-117.7675,35.4371],[-117.7676,35.437],[-117.7676,35.4369],[-117.7676,35.4368],[-117.7676,35.4367],[-117.7676,35.4366],[-117.7676,35.4365],[-117.7675,35.4365],[-117.7675,35.4364]]}},{"type":"Feature","properties":{"id":null,"name":null,"kind":"road","access":"green","seasonal":false},"geometry":{"type":"LineString","coordinates":[[-117.7615,35.4747],[-117.7614,35.4747],[-117.7614,35.4748],[-117.7613,35.4748],[-117.7612,35.4748],[-117.7611,35.4749],[-117.761,35.475],[-117.7609,35.475],[-117.7609,35.4751],[-117.7609,35.4752],[-117.7609,35.4753],[-117.761,35.4753],[-117.761,35.4754],[-117.761,35.4755],[-117.761,35.4756],[-117.7609,35.4756],[-117.7609,35.4757],[-117.7608,35.4757],[-117.7608,35.4758],[-117.7608,35.4759],[-117.7609,35.476],[-117.761,35.4761],[-117.7611,35.4762],[-117.7611,35.4763],[-117.7611,35.4764],[-117.761,35.4764],[-117.7609,35.4765],[-117.7608,35.4766],[-117.7607,35.4766],[-117.7606,35.4766],[-117.7605,35.4766],[-117.7604,35.4766],[-117.7603,35.4766],[-117.7602,35.4766],[-117.7601,35.4766],[-117.76,35.4766],[-117.7599,35.4765],[-117.7598,35.4765],[-117.7596,35.4764],[-117.7595,35.4764],[-117.7594,35.4764],[-117.7593,35.4764],[-117.7592,35.4763],[-117.7591,35.4763],[-117.759,35.4763],[-117.7589,35.4762],[-117.7587,35.4762],[-117.7586,35.4762],[-117.7585,35.4761],[-117.7584,35.4761],[-117.7583,35.4761],[-117.7582,35.4761],[-117.7581,35.4761],[-117.758,35.4761],[-117.7579,35.4761],[-117.7577,35.4761],[-117.7576,35.4761],[-117.7574,35.4762],[-117.7573,35.4762],[-117.7572,35.4763],[-117.757,35.4763],[-117.7569,35.4763],[-117.7567,35.4764],[-117.7566,35.4764],[-117.7565,35.4764],[-117.7563,35.4765],[-117.7561,35.4765],[-117.756,35.4766],[-117.7558,35.4767],[-117.7556,35.4768],[-117.7554,35.4768],[-117.7552,35.4769],[-117.755,35.477],[-117.7548,35.477],[-117.7546,35.4771],[-117.7545,35.4772],[-117.7543,35.4773],[-117.7541,35.4774],[-117.754,35.4775],[-117.7538,35.4776],[-117.7536,35.4777],[-117.7535,35.4778],[-117.7533,35.4779],[-117.7531,35.478],[-117.7529,35.4781],[-117.7527,35.4782],[-117.7526,35.4783],[-117.7524,35.4784],[-117.7522,35.4785],[-117.752,35.4786],[-117.7518,35.4787],[-117.7517,35.4788],[-117.7514,35.4789],[-117.7512,35.479],[-117.751,35.4791],[-117.7508,35.4792],[-117.7506,35.4793],[-117.7504,35.4794],[-117.7502,35.4795],[-117.75,35.4796],[-117.7498,35.4797],[-117.7496,35.4798],[-117.7494,35.4799],[-117.7493,35.48],[-117.7491,35.48],[-117.749,35.4801],[-117.7489,35.4802],[-117.7488,35.4802],[-117.7487,35.4803],[-117.7486,35.4804],[-117.7486,35.4805],[-117.7486,35.4806],[-117.7485,35.4807],[-117.7485,35.4808],[-117.7485,35.4809],[-117.7485,35.481],[-117.7485,35.4811],[-117.7484,35.4811],[-117.7484,35.4812],[-117.7483,35.4813],[-117.7482,35.4814],[-117.7481,35.4814],[-117.748,35.4814],[-117.7479,35.4814],[-117.7477,35.4815],[-117.7476,35.4815],[-117.7475,35.4815],[-117.7473,35.4816],[-117.7472,35.4816],[-117.7472,35.4817],[-117.7471,35.4817],[-117.747,35.4818],[-117.7469,35.4818],[-117.7468,35.4819],[-117.7467,35.4819],[-117.7465,35.4819],[-117.7464,35.4819],[-117.7463,35.482],[-117.7461,35.482],[-117.746,35.4821],[-117.7459,35.4822],[-117.7458,35.4822],[-117.7458,35.4823],[-117.7457,35.4823],[-117.7456,35.4824],[-117.7455,35.4825],[-117.7455,35.4826],[-117.7454,35.4826],[-117.7453,35.4826],[-117.7453,35.4827],[-117.7452,35.4828],[-117.7451,35.4829],[-117.745,35.483],[-117.7449,35.4831],[-117.7448,35.4832],[-117.7447,35.4833],[-117.7446,35.4834],[-117.7446,35.4835],[-117.7445,35.4836],[-117.7444,35.4837],[-117.7444,35.4838]]}},{"type":"Feature","properties":{"id":null,"name":null,"kind":"road","access":"green","seasonal":false},"geometry":{"type":"LineString","coordinates":[[-117.6255,35.3545],[-117.6256,35.3543],[-117.6257,35.3543],[-117.6257,35.3542],[-117.6258,35.3542],[-117.6259,35.3541],[-117.6261,35.3539],[-117.6263,35.3538],[-117.6265,35.3537],[-117.6266,35.3536],[-117.6267,35.3535],[-117.6269,35.3534],[-117.6271,35.3533],[-117.6272,35.3532],[-117.6273,35.3532],[-117.6274,35.3531],[-117.6276,35.3531],[-117.6278,35.3532],[-117.6279,35.3532],[-117.628,35.3532],[-117.6281,35.3532],[-117.6283,35.3531],[-117.6285,35.353],[-117.6286,35.353],[-117.6288,35.353],[-117.629,35.353],[-117.6291,35.353],[-117.6292,35.353],[-117.6294,35.353],[-117.6296,35.353],[-117.6298,35.353],[-117.63,35.3529],[-117.6304,35.3528],[-117.6308,35.3528],[-117.6309,35.3527],[-117.6311,35.3526],[-117.6312,35.3526],[-117.6313,35.3526],[-117.6315,35.3525],[-117.6316,35.3525],[-117.6317,35.3524],[-117.6319,35.3524]]}},{"type":"Feature","properties":{"id":null,"name":null,"kind":"road","access":"green","seasonal":false},"geometry":{"type":"LineString","coordinates":[[-117.6809,35.4842],[-117.681,35.4842],[-117.681,35.4841],[-117.6811,35.4841],[-117.6812,35.4841],[-117.6812,35.484],[-117.6813,35.484],[-117.6814,35.484]]}},{"type":"Feature","properties":{"id":null,"name":null,"kind":"road","access":"green","seasonal":false},"geometry":{"type":"LineString","coordinates":[[-117.6879,35.4577],[-117.6879,35.4578],[-117.6879,35.4579],[-117.6879,35.458],[-117.6879,35.4581],[-117.6878,35.4581],[-117.6878,35.4582],[-117.6877,35.4582],[-117.6877,35.4583],[-117.6876,35.4583],[-117.6876,35.4584],[-117.6875,35.4584],[-117.6874,35.4584],[-117.6873,35.4585],[-117.6872,35.4585],[-117.6871,35.4585],[-117.6871,35.4586],[-117.687,35.4586],[-117.6869,35.4587],[-117.6869,35.4588],[-117.6868,35.4589],[-117.6867,35.4589],[-117.6866,35.4589],[-117.6865,35.459],[-117.6864,35.459],[-117.6863,35.459],[-117.6862,35.4591],[-117.6861,35.4591],[-117.686,35.4591],[-117.6859,35.4592],[-117.6858,35.4592],[-117.6857,35.4593],[-117.6856,35.4593],[-117.6856,35.4594],[-117.6855,35.4595],[-117.6855,35.4596],[-117.6854,35.4596],[-117.6854,35.4597],[-117.6854,35.4598],[-117.6853,35.4599],[-117.6853,35.46],[-117.6853,35.4601],[-117.6853,35.4603],[-117.6853,35.4604],[-117.6853,35.4605],[-117.6853,35.4606]]}},{"type":"Feature","properties":{"id":null,"name":null,"kind":"road","access":"green","seasonal":false},"geometry":{"type":"LineString","coordinates":[[-117.7093,35.4575],[-117.7094,35.4574],[-117.7094,35.4573],[-117.7095,35.4573],[-117.7095,35.4572],[-117.7096,35.4572],[-117.7097,35.4571],[-117.7098,35.4571],[-117.7099,35.4571],[-117.71,35.4571],[-117.7101,35.4571],[-117.7102,35.4571],[-117.7103,35.4571],[-117.7103,35.457],[-117.7104,35.457],[-117.7105,35.457],[-117.7106,35.457],[-117.7107,35.457],[-117.7107,35.4569],[-117.7108,35.4569],[-117.7109,35.4569],[-117.711,35.4569],[-117.7111,35.4569],[-117.7112,35.4569],[-117.7113,35.4568],[-117.7114,35.4568],[-117.7115,35.4568],[-117.7116,35.4568],[-117.7117,35.4568],[-117.7118,35.4568],[-117.7119,35.4567],[-117.712,35.4567],[-117.7121,35.4566],[-117.7122,35.4566]]}},{"type":"Feature","properties":{"id":null,"name":null,"kind":"road","access":"green","seasonal":false},"geometry":{"type":"LineString","coordinates":[[-117.8279,35.4488],[-117.8279,35.4487],[-117.828,35.4487],[-117.828,35.4486],[-117.8281,35.4486],[-117.8281,35.4485],[-117.8282,35.4484],[-117.8282,35.4483],[-117.8283,35.4482],[-117.8283,35.4481],[-117.8284,35.448],[-117.8284,35.4479],[-117.8284,35.4478],[-117.8285,35.4477],[-117.8285,35.4476],[-117.8285,35.4475],[-117.8285,35.4474],[-117.8286,35.4474],[-117.8287,35.4473],[-117.8288,35.4472],[-117.8289,35.4471],[-117.829,35.447],[-117.8291,35.447],[-117.8292,35.447],[-117.8293,35.447],[-117.8293,35.4469],[-117.8294,35.4469],[-117.8295,35.4468],[-117.8296,35.4468],[-117.8297,35.4468],[-117.8298,35.4468],[-117.8299,35.4468],[-117.83,35.4468],[-117.8301,35.4468],[-117.8302,35.4468],[-117.8303,35.4467],[-117.8304,35.4467],[-117.8305,35.4467],[-117.8306,35.4467],[-117.8306,35.4466],[-117.8307,35.4466],[-117.8308,35.4465],[-117.8309,35.4465],[-117.831,35.4464],[-117.8311,35.4464],[-117.8312,35.4463],[-117.8313,35.4462],[-117.8314,35.4462],[-117.8315,35.4461],[-117.8316,35.446],[-117.8317,35.446],[-117.8317,35.4459],[-117.8318,35.4459],[-117.8319,35.4459],[-117.832,35.4459],[-117.8321,35.4459],[-117.8322,35.4458],[-117.8323,35.4458],[-117.8324,35.4458],[-117.8325,35.4458],[-117.8326,35.4457],[-117.8327,35.4457],[-117.8328,35.4456],[-117.8329,35.4456],[-117.8329,35.4455],[-117.833,35.4455],[-117.833,35.4454],[-117.8331,35.4453],[-117.8332,35.4452],[-117.8334,35.4451],[-117.8334,35.445],[-117.8335,35.445],[-117.8336,35.4449],[-117.8337,35.4448],[-117.8337,35.4447],[-117.8338,35.4446],[-117.8339,35.4445],[-117.8339,35.4444],[-117.834,35.4444],[-117.834,35.4443],[-117.8341,35.4443],[-117.8342,35.4443],[-117.8343,35.4443],[-117.8343,35.4442],[-117.8344,35.4442],[-117.8345,35.4442],[-117.8345,35.4441],[-117.8346,35.4441],[-117.8347,35.444],[-117.8348,35.4439],[-117.8349,35.4439],[-117.835,35.4438],[-117.8351,35.4437],[-117.8352,35.4437],[-117.8353,35.4436],[-117.8354,35.4435],[-117.8355,35.4435],[-117.8355,35.4434],[-117.8356,35.4433],[-117.8357,35.4432],[-117.8359,35.4432],[-117.836,35.4431],[-117.8361,35.443],[-117.8362,35.4429],[-117.8363,35.4428],[-117.8363,35.4427],[-117.8364,35.4427],[-117.8365,35.4426],[-117.8366,35.4425],[-117.8366,35.4424],[-117.8367,35.4423],[-117.8367,35.4422],[-117.8369,35.4421],[-117.8369,35.442],[-117.837,35.442],[-117.8371,35.4419],[-117.8372,35.4419],[-117.8373,35.4418],[-117.8374,35.4418],[-117.8375,35.4417],[-117.8376,35.4417],[-117.8377,35.4417],[-117.8378,35.4417],[-117.8379,35.4417],[-117.838,35.4417],[-117.8381,35.4417],[-117.8382,35.4416],[-117.8383,35.4416],[-117.8384,35.4416],[-117.8384,35.4415],[-117.8385,35.4415],[-117.8386,35.4414],[-117.8388,35.4413],[-117.8389,35.4413],[-117.8391,35.4412],[-117.8392,35.4411],[-117.8393,35.441],[-117.8394,35.4409],[-117.8395,35.4408],[-117.8396,35.4408],[-117.8397,35.4407],[-117.8398,35.4406],[-117.8398,35.4405],[-117.8399,35.4404],[-117.84,35.4403],[-117.8401,35.4402],[-117.8401,35.4401],[-117.8401,35.44],[-117.8402,35.4399],[-117.8402,35.4398],[-117.8402,35.4397],[-117.8402,35.4396],[-117.8402,35.4395],[-117.8402,35.4394],[-117.8403,35.4394],[-117.8403,35.4393],[-117.8404,35.4392],[-117.8405,35.4391],[-117.8406,35.439],[-117.8407,35.4389],[-117.8408,35.4389],[-117.8408,35.4388],[-117.8409,35.4388],[-117.8409,35.4387],[-117.841,35.4386],[-117.8411,35.4385],[-117.8412,35.4384],[-117.8412,35.4383],[-117.8413,35.4382],[-117.8413,35.4381],[-117.8413,35.438],[-117.8414,35.4379],[-117.8414,35.4378],[-117.8413,35.4377],[-117.8413,35.4376],[-117.8413,35.4375],[-117.8413,35.4374],[-117.8413,35.4373],[-117.8413,35.4372],[-117.8413,35.4371],[-117.8412,35.437],[-117.8412,35.4369],[-117.8412,35.4368],[-117.8412,35.4367],[-117.8413,35.4366]]}},{"type":"Feature","properties":{"id":null,"name":null,"kind":"road","access":"green","seasonal":false},"geometry":{"type":"LineString","coordinates":[[-117.805,35.4823],[-117.8049,35.4823],[-117.8049,35.4822],[-117.8048,35.4822],[-117.8047,35.4822],[-117.8047,35.4821],[-117.8046,35.4821],[-117.8045,35.4821],[-117.8044,35.4821],[-117.8043,35.4821],[-117.8042,35.4821],[-117.8041,35.4821],[-117.804,35.4821],[-117.8039,35.482],[-117.8038,35.482],[-117.8037,35.4819],[-117.8037,35.4818],[-117.8037,35.4817],[-117.8036,35.4816],[-117.8036,35.4815],[-117.8035,35.4815],[-117.8034,35.4815],[-117.8033,35.4815],[-117.8032,35.4815],[-117.8032,35.4816],[-117.8031,35.4816],[-117.803,35.4816],[-117.8029,35.4816],[-117.8028,35.4816],[-117.8027,35.4816],[-117.8027,35.4815],[-117.8026,35.4815],[-117.8026,35.4814],[-117.8025,35.4814],[-117.8024,35.4814],[-117.8024,35.4813],[-117.8023,35.4812],[-117.8022,35.4812],[-117.8021,35.4812],[-117.802,35.4812],[-117.8019,35.4812],[-117.8018,35.4812],[-117.8018,35.4813],[-117.8017,35.4813],[-117.8016,35.4813],[-117.8016,35.4812],[-117.8015,35.4812],[-117.8014,35.4812],[-117.8014,35.4811],[-117.8013,35.4811],[-117.8012,35.4811],[-117.8011,35.481],[-117.801,35.481],[-117.801,35.4809],[-117.8009,35.4808],[-117.8009,35.4807],[-117.8009,35.4806],[-117.8008,35.4806],[-117.8008,35.4805],[-117.8007,35.4804],[-117.8006,35.4804],[-117.8006,35.4803],[-117.8005,35.4802],[-117.8006,35.4801],[-117.8006,35.48],[-117.8006,35.4799],[-117.8006,35.4798],[-117.8005,35.4798],[-117.8005,35.4797],[-117.8004,35.4797],[-117.8004,35.4796],[-117.8004,35.4795],[-117.8004,35.4794],[-117.8004,35.4793],[-117.8004,35.4792],[-117.8003,35.4791],[-117.8003,35.479],[-117.8003,35.4789],[-117.8003,35.4788],[-117.8003,35.4787],[-117.8002,35.4786],[-117.8002,35.4785],[-117.8002,35.4784],[-117.8002,35.4783],[-117.8002,35.4782],[-117.8003,35.4781],[-117.8003,35.478],[-117.8003,35.4779],[-117.8003,35.4778],[-117.8003,35.4777],[-117.8003,35.4776],[-117.8003,35.4775],[-117.8004,35.4774],[-117.8004,35.4773],[-117.8004,35.4772],[-117.8004,35.4771],[-117.8004,35.477],[-117.8004,35.4769],[-117.8003,35.4769],[-117.8003,35.4768],[-117.8002,35.4768],[-117.8002,35.4767],[-117.8001,35.4767],[-117.8,35.4767],[-117.8,35.4766],[-117.7999,35.4766],[-117.7998,35.4765]]}},{"type":"Feature","properties":{"id":"EP161","name":"EP161","kind":"road","access":"green","seasonal":false},"geometry":{"type":"LineString","coordinates":[[-117.7918,35.4516],[-117.7918,35.4515],[-117.7917,35.4515],[-117.7916,35.4515],[-117.7915,35.4514],[-117.7915,35.4513],[-117.7915,35.4512],[-117.7914,35.4512],[-117.7914,35.4511],[-117.7913,35.4511],[-117.7913,35.451],[-117.7912,35.451],[-117.7912,35.4509],[-117.7911,35.4509],[-117.7911,35.4508],[-117.791,35.4508],[-117.791,35.4507],[-117.791,35.4506],[-117.7909,35.4506],[-117.7909,35.4505],[-117.7909,35.4504],[-117.7909,35.4503],[-117.7908,35.4503],[-117.7907,35.4503],[-117.7906,35.4503],[-117.7905,35.4503],[-117.7904,35.4503],[-117.7903,35.4503],[-117.7902,35.4503],[-117.7902,35.4502],[-117.7901,35.4502],[-117.79,35.4502],[-117.79,35.4501],[-117.7899,35.4501],[-117.7898,35.4501],[-117.7897,35.4501],[-117.7897,35.45],[-117.7896,35.45],[-117.7895,35.45],[-117.7894,35.45],[-117.7893,35.45],[-117.7892,35.45],[-117.7891,35.45],[-117.7891,35.4499],[-117.789,35.4499],[-117.7889,35.4498],[-117.7888,35.4498],[-117.7887,35.4498],[-117.7887,35.4497],[-117.7886,35.4497],[-117.7885,35.4497],[-117.7884,35.4496],[-117.7883,35.4496],[-117.7882,35.4496],[-117.7881,35.4496],[-117.788,35.4495],[-117.788,35.4494],[-117.788,35.4493],[-117.788,35.4492],[-117.788,35.4491],[-117.788,35.449],[-117.7879,35.449],[-117.7879,35.4489]]}},{"type":"Feature","properties":{"id":null,"name":null,"kind":"road","access":"green","seasonal":false},"geometry":{"type":"LineString","coordinates":[[-117.7522,35.4805],[-117.7523,35.4806],[-117.7524,35.4807],[-117.7525,35.4808],[-117.7527,35.4808],[-117.7528,35.4808],[-117.7529,35.4807],[-117.753,35.4807],[-117.7531,35.4807],[-117.7532,35.4806],[-117.7533,35.4806],[-117.7534,35.4806],[-117.7535,35.4805],[-117.7536,35.4805],[-117.7537,35.4804],[-117.7538,35.4804],[-117.7539,35.4804],[-117.754,35.4804],[-117.7541,35.4804],[-117.7542,35.4804],[-117.7544,35.4804],[-117.7545,35.4804],[-117.7547,35.4804],[-117.7548,35.4805],[-117.755,35.4805],[-117.7551,35.4805],[-117.7553,35.4805],[-117.7554,35.4805],[-117.7555,35.4805],[-117.7557,35.4806],[-117.7558,35.4806],[-117.7559,35.4807],[-117.756,35.4807],[-117.7562,35.4807],[-117.7563,35.4807],[-117.7564,35.4807],[-117.7565,35.4808],[-117.7566,35.4808],[-117.7567,35.4807],[-117.7568,35.4807],[-117.7569,35.4807],[-117.757,35.4807],[-117.7571,35.4806],[-117.7572,35.4806],[-117.7573,35.4805],[-117.7574,35.4805],[-117.7575,35.4804],[-117.7576,35.4804],[-117.7577,35.4804],[-117.7578,35.4804],[-117.7579,35.4804],[-117.758,35.4803],[-117.7581,35.4803],[-117.7582,35.4802],[-117.7583,35.4802],[-117.7583,35.4801],[-117.7584,35.4801],[-117.7585,35.48],[-117.7586,35.48],[-117.7586,35.4799],[-117.7587,35.4799],[-117.7588,35.4799],[-117.7588,35.4798],[-117.7589,35.4798],[-117.7589,35.4797],[-117.7589,35.4796],[-117.759,35.4796],[-117.7591,35.4795],[-117.7592,35.4795],[-117.7592,35.4794],[-117.7593,35.4793],[-117.7594,35.4793],[-117.7595,35.4792]]}},{"type":"Feature","properties":{"id":null,"name":null,"kind":"road","access":"green","seasonal":false},"geometry":{"type":"LineString","coordinates":[[-117.7872,35.461],[-117.7872,35.4609],[-117.7872,35.4608],[-117.7872,35.4607],[-117.7872,35.4606],[-117.7873,35.4604],[-117.7873,35.4603],[-117.7873,35.4601],[-117.7873,35.4599],[-117.7873,35.4598],[-117.7874,35.4596],[-117.7874,35.4595],[-117.7874,35.4594],[-117.7874,35.4593],[-117.7874,35.4592],[-117.7874,35.4591],[-117.7875,35.4589],[-117.7875,35.4588],[-117.7875,35.4586],[-117.7875,35.4585],[-117.7876,35.4583],[-117.7876,35.4582],[-117.7876,35.4581],[-117.7876,35.4579],[-117.7876,35.4578],[-117.7876,35.4576],[-117.7877,35.4575],[-117.7877,35.4574],[-117.7877,35.4572],[-117.7877,35.4571],[-117.7877,35.457],[-117.7877,35.4569],[-117.7878,35.4568],[-117.7878,35.4566],[-117.7878,35.4565],[-117.7878,35.4564],[-117.7878,35.4563],[-117.7878,35.4562],[-117.7878,35.4561],[-117.7878,35.456],[-117.7879,35.4559],[-117.7879,35.4558],[-117.7879,35.4557],[-117.7879,35.4555],[-117.7879,35.4554],[-117.7879,35.4552],[-117.788,35.4551],[-117.788,35.4549],[-117.788,35.4548],[-117.788,35.4547],[-117.788,35.4546],[-117.788,35.4544],[-117.788,35.4543],[-117.7881,35.4541],[-117.7881,35.454]]}},{"type":"Feature","properties":{"id":null,"name":null,"kind":"road","access":"green","seasonal":false},"geometry":{"type":"LineString","coordinates":[[-117.814,35.4389],[-117.8139,35.4388]]}},{"type":"Feature","properties":{"id":null,"name":null,"kind":"road","access":"green","seasonal":false},"geometry":{"type":"LineString","coordinates":[[-117.6996,35.4834],[-117.6996,35.4833],[-117.6997,35.4833],[-117.6997,35.4832],[-117.6998,35.4832],[-117.6998,35.4831],[-117.6999,35.4831],[-117.6999,35.483],[-117.7,35.483],[-117.7001,35.483],[-117.7001,35.4829],[-117.7002,35.4828],[-117.7002,35.4827],[-117.7002,35.4826],[-117.7003,35.4826],[-117.7003,35.4825],[-117.7003,35.4824],[-117.7004,35.4824],[-117.7004,35.4823],[-117.7004,35.4822],[-117.7005,35.4821],[-117.7005,35.482],[-117.7006,35.4819],[-117.7007,35.4819],[-117.7007,35.4818],[-117.7008,35.4818],[-117.7009,35.4818],[-117.7009,35.4817],[-117.701,35.4817],[-117.7011,35.4816],[-117.7012,35.4815],[-117.7013,35.4814],[-117.7014,35.4813],[-117.7015,35.4812],[-117.7015,35.4811],[-117.7016,35.4811],[-117.7017,35.481],[-117.7018,35.4809],[-117.7019,35.4809],[-117.7019,35.4808],[-117.7019,35.4807],[-117.7019,35.4806],[-117.7019,35.4805],[-117.7019,35.4804],[-117.7019,35.4803],[-117.7019,35.4802],[-117.7018,35.4802],[-117.7018,35.4801],[-117.7018,35.48],[-117.7017,35.4799],[-117.7018,35.4799],[-117.7018,35.4798]]}},{"type":"Feature","properties":{"id":null,"name":null,"kind":"road","access":"green","seasonal":false},"geometry":{"type":"LineString","coordinates":[[-117.8242,35.4526],[-117.8241,35.4526],[-117.8241,35.4525],[-117.824,35.4525],[-117.8239,35.4524],[-117.8238,35.4524],[-117.8238,35.4523],[-117.8237,35.4523],[-117.8236,35.4522],[-117.8235,35.4522],[-117.8235,35.4521],[-117.8234,35.452],[-117.8234,35.4519],[-117.8234,35.4518],[-117.8233,35.4518],[-117.8233,35.4517],[-117.8233,35.4516],[-117.8233,35.4515],[-117.8233,35.4514],[-117.8233,35.4513],[-117.8232,35.4512],[-117.8232,35.4511],[-117.8232,35.451],[-117.8231,35.4509],[-117.8231,35.4508],[-117.823,35.4508],[-117.823,35.4507],[-117.8229,35.4506],[-117.8229,35.4505],[-117.8228,35.4504],[-117.8228,35.4503],[-117.8227,35.4502],[-117.8227,35.4501],[-117.8226,35.4501],[-117.8226,35.45],[-117.8226,35.4499],[-117.8225,35.4498],[-117.8225,35.4497],[-117.8224,35.4496],[-117.8224,35.4495],[-117.8223,35.4494],[-117.8223,35.4493],[-117.8223,35.4492],[-117.8222,35.4491],[-117.8222,35.449],[-117.8222,35.4489],[-117.8222,35.4488]]}},{"type":"Feature","properties":{"id":null,"name":null,"kind":"road","access":"green","seasonal":false},"geometry":{"type":"LineString","coordinates":[[-117.9335,35.4773],[-117.9337,35.4774],[-117.9341,35.4775],[-117.9342,35.4776],[-117.9346,35.4778],[-117.9351,35.478],[-117.9355,35.4783],[-117.9358,35.4785],[-117.9361,35.4786],[-117.9365,35.4788],[-117.9368,35.4789],[-117.9369,35.479],[-117.937,35.479],[-117.9369,35.4791],[-117.9369,35.4792],[-117.9369,35.4795],[-117.9368,35.4797],[-117.9369,35.48],[-117.937,35.4805],[-117.9371,35.4809]]}},{"type":"Feature","properties":{"id":null,"name":null,"kind":"road","access":"green","seasonal":false},"geometry":{"type":"LineString","coordinates":[[-117.7766,35.4483],[-117.7767,35.4483],[-117.7767,35.4482],[-117.7768,35.4482],[-117.7769,35.4481],[-117.7769,35.448],[-117.777,35.4479],[-117.7771,35.4478],[-117.7772,35.4477],[-117.7773,35.4476],[-117.7774,35.4476],[-117.7775,35.4475],[-117.7776,35.4474],[-117.7777,35.4473],[-117.7778,35.4473],[-117.7779,35.4472]]}},{"type":"Feature","properties":{"id":null,"name":null,"kind":"road","access":"green","seasonal":false},"geometry":{"type":"LineString","coordinates":[[-117.7035,35.4675],[-117.7034,35.4675],[-117.7034,35.4676],[-117.7033,35.4676],[-117.7033,35.4677],[-117.7032,35.4677],[-117.7031,35.4678],[-117.703,35.4679],[-117.7029,35.4679],[-117.7028,35.468],[-117.7027,35.468],[-117.7027,35.4681],[-117.7026,35.4681],[-117.7025,35.4682],[-117.7024,35.4682],[-117.7023,35.4683],[-117.7022,35.4684],[-117.7022,35.4685],[-117.7021,35.4685],[-117.7021,35.4686],[-117.702,35.4686],[-117.7019,35.4686],[-117.7019,35.4687],[-117.7018,35.4687],[-117.7018,35.4688],[-117.7017,35.4688],[-117.7017,35.4689],[-117.7016,35.4689],[-117.7015,35.469],[-117.7014,35.469],[-117.7014,35.4691],[-117.7013,35.4691],[-117.7012,35.4692],[-117.7011,35.4693],[-117.701,35.4694],[-117.7009,35.4694],[-117.7009,35.4695],[-117.7008,35.4695],[-117.7007,35.4695],[-117.7007,35.4696],[-117.7006,35.4696],[-117.7005,35.4697],[-117.7004,35.4697],[-117.7004,35.4698],[-117.7003,35.4698],[-117.7002,35.4698],[-117.7002,35.4699],[-117.7001,35.4699],[-117.7,35.47],[-117.6999,35.4701],[-117.6998,35.4701],[-117.6997,35.4701],[-117.6997,35.4702],[-117.6996,35.4702],[-117.6996,35.4703],[-117.6995,35.4703],[-117.6994,35.4703],[-117.6993,35.4704],[-117.6992,35.4704],[-117.6992,35.4705],[-117.6991,35.4705],[-117.699,35.4706],[-117.6989,35.4707],[-117.6988,35.4707],[-117.6988,35.4708],[-117.6987,35.4708],[-117.6986,35.4708],[-117.6986,35.4709],[-117.6985,35.4709],[-117.6984,35.471],[-117.6983,35.471],[-117.6983,35.4711],[-117.6982,35.4711],[-117.6982,35.4712],[-117.6981,35.4712],[-117.698,35.4713],[-117.6979,35.4714],[-117.6978,35.4714],[-117.6977,35.4715],[-117.6976,35.4715],[-117.6976,35.4716],[-117.6975,35.4716],[-117.6974,35.4717],[-117.6973,35.4718],[-117.6972,35.4718],[-117.6971,35.4718],[-117.6971,35.4719],[-117.697,35.4719],[-117.697,35.472],[-117.6969,35.472],[-117.6969,35.4721],[-117.6968,35.4721],[-117.6968,35.4722],[-117.6967,35.4722],[-117.6966,35.4723],[-117.6965,35.4724],[-117.6964,35.4725],[-117.6963,35.4725],[-117.6963,35.4726],[-117.6962,35.4726],[-117.6962,35.4727],[-117.6961,35.4727],[-117.6961,35.4728],[-117.696,35.4728],[-117.696,35.4729],[-117.6959,35.4729],[-117.6959,35.473],[-117.6958,35.473],[-117.6958,35.4731],[-117.6957,35.4731],[-117.6957,35.4732],[-117.6956,35.4732],[-117.6955,35.4732],[-117.6954,35.4732],[-117.6953,35.4733],[-117.6952,35.4733],[-117.6951,35.4733],[-117.695,35.4734],[-117.6949,35.4735],[-117.6948,35.4735],[-117.6948,35.4736],[-117.6947,35.4736],[-117.6946,35.4736],[-117.6945,35.4737],[-117.6944,35.4737],[-117.6944,35.4738],[-117.6943,35.4738],[-117.6942,35.4738],[-117.6942,35.4739],[-117.6941,35.4739],[-117.6941,35.474],[-117.694,35.474],[-117.6939,35.4741],[-117.6938,35.4742],[-117.6937,35.4742],[-117.6937,35.4743],[-117.6936,35.4743],[-117.6936,35.4744],[-117.6935,35.4744],[-117.6935,35.4745],[-117.6934,35.4745],[-117.6933,35.4745],[-117.6933,35.4746],[-117.6932,35.4746],[-117.6931,35.4747],[-117.693,35.4747],[-117.693,35.4748],[-117.6929,35.4749],[-117.6928,35.475],[-117.6928,35.4751],[-117.6927,35.4751],[-117.6927,35.4752],[-117.6926,35.4752],[-117.6926,35.4753],[-117.6926,35.4754],[-117.6925,35.4754],[-117.6925,35.4755]]}},{"type":"Feature","properties":{"id":null,"name":null,"kind":"road","access":"green","seasonal":false},"geometry":{"type":"LineString","coordinates":[[-117.669,35.4471],[-117.669,35.4472],[-117.6691,35.4473],[-117.6691,35.4474],[-117.6691,35.4475],[-117.6691,35.4476],[-117.6691,35.4477],[-117.6691,35.4479],[-117.6691,35.448],[-117.6691,35.4481],[-117.6691,35.4482],[-117.6692,35.4482],[-117.6693,35.4482],[-117.6694,35.4482],[-117.6695,35.4482],[-117.6696,35.4481],[-117.6697,35.4481],[-117.6698,35.4481],[-117.6698,35.448],[-117.6699,35.4481],[-117.67,35.4481],[-117.6701,35.4481],[-117.6702,35.4481],[-117.6703,35.4481],[-117.6704,35.4481],[-117.6705,35.4482],[-117.6706,35.4482]]}},{"type":"Feature","properties":{"id":null,"name":null,"kind":"road","access":"green","seasonal":false},"geometry":{"type":"LineString","coordinates":[[-117.6561,35.4276],[-117.6561,35.4274],[-117.6562,35.4272],[-117.6562,35.4271],[-117.6564,35.427],[-117.6567,35.427],[-117.6571,35.427],[-117.6575,35.4269],[-117.658,35.4266],[-117.6581,35.4266]]}},{"type":"Feature","properties":{"id":null,"name":null,"kind":"road","access":"green","seasonal":false},"geometry":{"type":"LineString","coordinates":[[-117.8146,35.4392],[-117.8145,35.4391],[-117.8144,35.4391],[-117.8143,35.4391],[-117.8143,35.439],[-117.8142,35.439],[-117.814,35.4389]]}},{"type":"Feature","properties":{"id":null,"name":null,"kind":"road","access":"green","seasonal":false},"geometry":{"type":"LineString","coordinates":[[-117.6382,35.438],[-117.6381,35.438],[-117.6378,35.438],[-117.6375,35.438],[-117.6372,35.438],[-117.637,35.438],[-117.6369,35.438],[-117.6368,35.438]]}},{"type":"Feature","properties":{"id":null,"name":null,"kind":"road","access":"green","seasonal":false},"geometry":{"type":"LineString","coordinates":[[-117.749,35.4517],[-117.7491,35.4516],[-117.7492,35.4516],[-117.7493,35.4516],[-117.7494,35.4516],[-117.7494,35.4515],[-117.7495,35.4515],[-117.7495,35.4514],[-117.7495,35.4513],[-117.7496,35.4513],[-117.7496,35.4512],[-117.7497,35.4512]]}},{"type":"Feature","properties":{"id":null,"name":null,"kind":"road","access":"green","seasonal":false},"geometry":{"type":"LineString","coordinates":[[-117.7522,35.4805],[-117.7521,35.4805],[-117.7521,35.4804],[-117.7521,35.4803],[-117.752,35.4802],[-117.752,35.4801],[-117.752,35.48],[-117.752,35.4799],[-117.7519,35.4799],[-117.7519,35.4798],[-117.7519,35.4797],[-117.7518,35.4796],[-117.7518,35.4795],[-117.7518,35.4794],[-117.7518,35.4793],[-117.7518,35.4792],[-117.7518,35.4791],[-117.7517,35.479],[-117.7517,35.4789],[-117.7517,35.4788]]}},{"type":"Feature","properties":{"id":null,"name":null,"kind":"road","access":"green","seasonal":false},"geometry":{"type":"LineString","coordinates":[[-117.6719,35.4235],[-117.6718,35.4233],[-117.6717,35.4231],[-117.6716,35.423],[-117.6715,35.4229],[-117.6714,35.4228],[-117.6714,35.4227],[-117.6713,35.4226],[-117.6713,35.4224],[-117.6713,35.4222],[-117.6712,35.4221],[-117.6711,35.4218],[-117.6709,35.4215],[-117.6708,35.4213],[-117.6707,35.4211],[-117.6706,35.4209],[-117.6705,35.4207],[-117.6705,35.4205],[-117.6703,35.4203],[-117.6703,35.4202]]}},{"type":"Feature","properties":{"id":null,"name":null,"kind":"road","access":"green","seasonal":false},"geometry":{"type":"LineString","coordinates":[[-117.8497,35.3808],[-117.8497,35.3807],[-117.8497,35.3806],[-117.8498,35.3806],[-117.8497,35.3805],[-117.8498,35.3804],[-117.8497,35.3803],[-117.8497,35.3802],[-117.8497,35.38],[-117.8496,35.38],[-117.8496,35.3799],[-117.8496,35.3797],[-117.8496,35.3795],[-117.8496,35.3793],[-117.8496,35.3791],[-117.8495,35.3791]]}},{"type":"Feature","properties":{"id":null,"name":null,"kind":"road","access":"green","seasonal":false},"geometry":{"type":"LineString","coordinates":[[-117.8646,35.4414],[-117.8647,35.4414],[-117.8647,35.4413],[-117.8648,35.4413],[-117.8649,35.4413],[-117.865,35.4413],[-117.8651,35.4413],[-117.8652,35.4413],[-117.8653,35.4414],[-117.8654,35.4414],[-117.8655,35.4414],[-117.8656,35.4415],[-117.8657,35.4415],[-117.8658,35.4415],[-117.8659,35.4415],[-117.866,35.4415],[-117.8661,35.4415],[-117.8662,35.4415],[-117.8663,35.4415],[-117.8664,35.4415],[-117.8666,35.4415],[-117.8667,35.4416],[-117.8668,35.4416],[-117.8669,35.4416],[-117.867,35.4417],[-117.8671,35.4417],[-117.8672,35.4418],[-117.8673,35.4418],[-117.8673,35.4419],[-117.8673,35.442],[-117.8674,35.4421],[-117.8674,35.4422],[-117.8674,35.4423],[-117.8675,35.4423],[-117.8675,35.4424],[-117.8676,35.4425]]}},{"type":"Feature","properties":{"id":null,"name":null,"kind":"road","access":"green","seasonal":false},"geometry":{"type":"LineString","coordinates":[[-117.6467,35.3608],[-117.6468,35.361],[-117.647,35.3611],[-117.6471,35.3613],[-117.6474,35.3616],[-117.6476,35.3618],[-117.6477,35.3618],[-117.6477,35.3619]]}},{"type":"Feature","properties":{"id":null,"name":null,"kind":"road","access":"green","seasonal":false},"geometry":{"type":"LineString","coordinates":[[-117.9156,35.3527],[-117.9156,35.3526],[-117.9156,35.3525],[-117.9156,35.3523],[-117.9156,35.3521],[-117.9156,35.3517],[-117.9156,35.3511],[-117.9156,35.351],[-117.9156,35.3504],[-117.9156,35.35],[-117.9156,35.3496],[-117.9156,35.3492],[-117.9156,35.349],[-117.9156,35.3482],[-117.9156,35.3479],[-117.9156,35.3476],[-117.9156,35.3475],[-117.9156,35.3473],[-117.9156,35.3472],[-117.9156,35.347],[-117.9156,35.3469],[-117.9156,35.3467],[-117.9156,35.3465],[-117.9156,35.346]]}},{"type":"Feature","properties":{"id":null,"name":null,"kind":"road","access":"green","seasonal":false},"geometry":{"type":"LineString","coordinates":[[-117.8743,35.4455],[-117.8744,35.4455],[-117.8744,35.4456],[-117.8744,35.4457],[-117.8744,35.4458],[-117.8744,35.4459],[-117.8744,35.446],[-117.8743,35.446],[-117.8743,35.4461],[-117.8743,35.4462],[-117.8742,35.4462],[-117.8742,35.4463],[-117.8742,35.4464],[-117.8742,35.4465],[-117.8743,35.4466],[-117.8743,35.4467],[-117.8743,35.4468],[-117.8744,35.4468],[-117.8744,35.4469],[-117.8743,35.447],[-117.8742,35.447],[-117.8742,35.4471],[-117.8741,35.4471],[-117.874,35.4472],[-117.8739,35.4473],[-117.8738,35.4474],[-117.8738,35.4475],[-117.8737,35.4475],[-117.8737,35.4476],[-117.8736,35.4476],[-117.8735,35.4476],[-117.8735,35.4477],[-117.8734,35.4477],[-117.8733,35.4477],[-117.8733,35.4478],[-117.8732,35.4478],[-117.8731,35.4478],[-117.8731,35.4479],[-117.873,35.4479],[-117.8729,35.448],[-117.8728,35.448],[-117.8728,35.4481],[-117.8727,35.4481],[-117.8726,35.4482],[-117.8725,35.4483],[-117.8724,35.4484],[-117.8724,35.4485],[-117.8723,35.4486],[-117.8722,35.4486],[-117.8721,35.4486],[-117.872,35.4487],[-117.8719,35.4488],[-117.8719,35.4489],[-117.8719,35.449],[-117.8718,35.449],[-117.8717,35.4491],[-117.8717,35.4492],[-117.8717,35.4493],[-117.8716,35.4493],[-117.8716,35.4494],[-117.8715,35.4495],[-117.8715,35.4496],[-117.8715,35.4497],[-117.8714,35.4497],[-117.8714,35.4498],[-117.8713,35.4498],[-117.8713,35.4499],[-117.8713,35.45],[-117.8713,35.4501],[-117.8713,35.4502],[-117.8714,35.4502],[-117.8714,35.4503],[-117.8714,35.4504],[-117.8715,35.4505],[-117.8715,35.4506],[-117.8715,35.4507],[-117.8715,35.4508],[-117.8715,35.4509],[-117.8716,35.451],[-117.8717,35.4511],[-117.8718,35.4512],[-117.8719,35.4512],[-117.872,35.4513],[-117.8721,35.4513],[-117.8722,35.4514],[-117.8722,35.4515],[-117.8723,35.4516],[-117.8723,35.4517],[-117.8723,35.4518],[-117.8723,35.4519],[-117.8722,35.452],[-117.8723,35.4521],[-117.8723,35.4522],[-117.8723,35.4523],[-117.8723,35.4524],[-117.8724,35.4525],[-117.8725,35.4526],[-117.8726,35.4526],[-117.8727,35.4527],[-117.8728,35.4527],[-117.8728,35.4528],[-117.8729,35.4528],[-117.8729,35.4529],[-117.873,35.453],[-117.8731,35.4531],[-117.8732,35.4532],[-117.8733,35.4533],[-117.8734,35.4533],[-117.8735,35.4534],[-117.8736,35.4534],[-117.8736,35.4533],[-117.8737,35.4533],[-117.8738,35.4532],[-117.8739,35.4532],[-117.8739,35.4531],[-117.874,35.4531],[-117.8741,35.4531],[-117.8742,35.4531],[-117.8743,35.4531],[-117.8744,35.4531],[-117.8745,35.4531],[-117.8746,35.4531],[-117.8747,35.4531],[-117.8748,35.4531],[-117.8749,35.4531],[-117.875,35.4531],[-117.8751,35.4531],[-117.8752,35.4531],[-117.8753,35.453],[-117.8754,35.4529],[-117.8755,35.4529],[-117.8756,35.4529],[-117.8757,35.4528],[-117.8758,35.4527],[-117.8759,35.4527],[-117.876,35.4526],[-117.8761,35.4526],[-117.8762,35.4525],[-117.8763,35.4525],[-117.8764,35.4524],[-117.8765,35.4524],[-117.8766,35.4524],[-117.8767,35.4524],[-117.8768,35.4524],[-117.8769,35.4524],[-117.877,35.4524],[-117.8771,35.4524],[-117.8772,35.4525],[-117.8773,35.4525],[-117.8773,35.4526],[-117.8773,35.4528],[-117.8772,35.4529],[-117.8772,35.453],[-117.8772,35.4531],[-117.8771,35.4532],[-117.8771,35.4533],[-117.8771,35.4534],[-117.8772,35.4534],[-117.8773,35.4535],[-117.8774,35.4536],[-117.8775,35.4536],[-117.8776,35.4535],[-117.8777,35.4535],[-117.8779,35.4534],[-117.878,35.4534],[-117.8783,35.4533],[-117.8785,35.4532],[-117.8786,35.4531]]}},{"type":"Feature","properties":{"id":null,"name":null,"kind":"road","access":"green","seasonal":false},"geometry":{"type":"LineString","coordinates":[[-117.7498,35.4582],[-117.7499,35.4582],[-117.75,35.4582],[-117.7501,35.4581],[-117.7502,35.458],[-117.7503,35.458],[-117.7504,35.4579],[-117.7505,35.4579],[-117.7506,35.4578],[-117.7507,35.4578],[-117.7508,35.4578],[-117.7509,35.4578],[-117.751,35.4578],[-117.7511,35.4577],[-117.7512,35.4577],[-117.7513,35.4577],[-117.7514,35.4577],[-117.7516,35.4577],[-117.7517,35.4578],[-117.7517,35.4579],[-117.7518,35.458],[-117.7519,35.458],[-117.752,35.4581],[-117.752,35.4582],[-117.7521,35.4582],[-117.7521,35.4583],[-117.7522,35.4583],[-117.7522,35.4584],[-117.7523,35.4585],[-117.7524,35.4585],[-117.7524,35.4586],[-117.7525,35.4586],[-117.7526,35.4587],[-117.7527,35.4587],[-117.7528,35.4587],[-117.7529,35.4588],[-117.753,35.4589],[-117.7531,35.459],[-117.7532,35.4591],[-117.7532,35.4592],[-117.7533,35.4593],[-117.7534,35.4594],[-117.7535,35.4594],[-117.7536,35.4594],[-117.7537,35.4594],[-117.7537,35.4595],[-117.7538,35.4595],[-117.7538,35.4596],[-117.7538,35.4597],[-117.7539,35.4598],[-117.7539,35.4599],[-117.7539,35.46],[-117.7539,35.4601],[-117.7539,35.4602],[-117.7539,35.4603],[-117.7539,35.4604],[-117.7538,35.4605],[-117.7538,35.4606],[-117.7537,35.4607],[-117.7537,35.4608],[-117.7537,35.4609],[-117.7537,35.461],[-117.7537,35.4611],[-117.7537,35.4612],[-117.7537,35.4613],[-117.7538,35.4614],[-117.7538,35.4615],[-117.7538,35.4616],[-117.7538,35.4617],[-117.7537,35.4617],[-117.7537,35.4618],[-117.7536,35.4619],[-117.7536,35.462],[-117.7536,35.4621],[-117.7536,35.4622],[-117.7536,35.4623],[-117.7536,35.4624],[-117.7537,35.4624],[-117.7537,35.4625],[-117.7538,35.4626],[-117.7539,35.4627],[-117.7539,35.4628],[-117.754,35.4628],[-117.754,35.4629],[-117.7539,35.463],[-117.7539,35.4629],[-117.7538,35.4629],[-117.7537,35.4628],[-117.7536,35.4628],[-117.7535,35.4628],[-117.7534,35.4628],[-117.7533,35.4628]]}},{"type":"Feature","properties":{"id":null,"name":null,"kind":"road","access":"green","seasonal":false},"geometry":{"type":"LineString","coordinates":[[-117.6444,35.4449],[-117.6444,35.445],[-117.6444,35.4452],[-117.6443,35.4453],[-117.6442,35.4455],[-117.6439,35.4456],[-117.6436,35.4457],[-117.6432,35.4458],[-117.6427,35.4458],[-117.6422,35.4458],[-117.6419,35.4459],[-117.6416,35.4459],[-117.6413,35.446],[-117.6408,35.4461],[-117.6405,35.4461],[-117.6402,35.4462],[-117.6402,35.4463],[-117.6402,35.4464],[-117.6403,35.4465],[-117.6406,35.4466],[-117.6409,35.4467],[-117.6411,35.4468],[-117.6416,35.4469],[-117.6419,35.4471],[-117.6421,35.4471],[-117.6423,35.4472],[-117.6427,35.4472],[-117.6428,35.4472],[-117.6429,35.4473],[-117.6431,35.4474],[-117.6432,35.4475],[-117.6433,35.4476],[-117.6434,35.4478],[-117.6435,35.4479],[-117.6436,35.448],[-117.6438,35.4481]]}},{"type":"Feature","properties":{"id":null,"name":null,"kind":"road","access":"green","seasonal":false},"geometry":{"type":"LineString","coordinates":[[-117.6898,35.4784],[-117.6897,35.4785],[-117.6896,35.4785],[-117.6895,35.4785],[-117.6894,35.4786],[-117.6893,35.4786],[-117.6893,35.4787],[-117.6892,35.4787],[-117.6892,35.4788],[-117.6891,35.4789],[-117.689,35.4789],[-117.6889,35.479],[-117.6889,35.4791],[-117.6888,35.4791],[-117.6887,35.4792],[-117.6886,35.4792],[-117.6886,35.4793],[-117.6885,35.4793],[-117.6884,35.4794],[-117.6883,35.4795],[-117.6882,35.4796],[-117.6882,35.4797],[-117.6881,35.4798],[-117.6881,35.4799],[-117.688,35.48],[-117.6879,35.4801],[-117.6878,35.4801],[-117.6878,35.4802],[-117.6878,35.4803],[-117.6877,35.4804],[-117.6877,35.4805],[-117.6876,35.4805],[-117.6876,35.4806],[-117.6875,35.4806],[-117.6875,35.4807],[-117.6874,35.4807],[-117.6874,35.4808],[-117.6873,35.4808],[-117.6872,35.4808],[-117.6871,35.4809],[-117.6871,35.481],[-117.687,35.481],[-117.687,35.4811],[-117.6869,35.4812],[-117.6868,35.4812],[-117.6867,35.4812],[-117.6866,35.4812],[-117.6865,35.4812]]}},{"type":"Feature","properties":{"id":null,"name":null,"kind":"road","access":"green","seasonal":false},"geometry":{"type":"LineString","coordinates":[[-117.8,35.4402],[-117.8001,35.4402],[-117.8001,35.4403],[-117.8002,35.4403],[-117.8003,35.4404],[-117.8004,35.4404],[-117.8004,35.4405],[-117.8005,35.4405],[-117.8005,35.4406]]}},{"type":"Feature","properties":{"id":null,"name":null,"kind":"road","access":"green","seasonal":false},"geometry":{"type":"LineString","coordinates":[[-117.8515,35.387],[-117.8515,35.3871],[-117.8515,35.3872],[-117.8515,35.3873],[-117.8515,35.3874],[-117.8515,35.3875],[-117.8515,35.3876],[-117.8515,35.3877],[-117.8514,35.3877],[-117.8514,35.3878],[-117.8514,35.3879],[-117.8514,35.388],[-117.8513,35.3881],[-117.8513,35.3882],[-117.8513,35.3883],[-117.8513,35.3884],[-117.8513,35.3885],[-117.8512,35.3886],[-117.8512,35.3887],[-117.8513,35.3888],[-117.8513,35.3889],[-117.8513,35.389],[-117.8514,35.389],[-117.8514,35.3891],[-117.8515,35.3892],[-117.8516,35.3892],[-117.8517,35.3893],[-117.8518,35.3894],[-117.8518,35.3895],[-117.8518,35.3896]]}},{"type":"Feature","properties":{"id":null,"name":null,"kind":"road","access":"green","seasonal":false},"geometry":{"type":"LineString","coordinates":[[-117.6788,35.4903],[-117.6788,35.4904],[-117.6787,35.4905],[-117.6787,35.4906],[-117.6786,35.4907],[-117.6786,35.4908],[-117.6785,35.4908],[-117.6784,35.4909],[-117.6783,35.491],[-117.6783,35.4911],[-117.6782,35.4912],[-117.6782,35.4913],[-117.6781,35.4914],[-117.6781,35.4915],[-117.6781,35.4916],[-117.6781,35.4917],[-117.6781,35.4918],[-117.6782,35.4919],[-117.6781,35.492],[-117.6781,35.4921],[-117.6781,35.4922],[-117.6782,35.4923],[-117.6783,35.4924],[-117.6784,35.4925],[-117.6784,35.4926],[-117.6785,35.4927],[-117.6786,35.4928],[-117.6786,35.4929],[-117.6787,35.493],[-117.6787,35.4931],[-117.6788,35.4932],[-117.6788,35.4933],[-117.6788,35.4934],[-117.6789,35.4935],[-117.6789,35.4936],[-117.6789,35.4937],[-117.6789,35.4938],[-117.679,35.4939],[-117.679,35.494],[-117.679,35.4941],[-117.679,35.4942],[-117.679,35.4943],[-117.679,35.4944],[-117.6789,35.4945],[-117.6789,35.4946],[-117.6789,35.4947],[-117.6789,35.4948],[-117.6789,35.4949],[-117.6789,35.495],[-117.6789,35.4951]]}},{"type":"Feature","properties":{"id":null,"name":null,"kind":"road","access":"green","seasonal":false},"geometry":{"type":"LineString","coordinates":[[-117.7293,35.4742],[-117.7292,35.4742],[-117.7292,35.4741],[-117.7292,35.474],[-117.7291,35.4739],[-117.7291,35.4738],[-117.7291,35.4737],[-117.7291,35.4736],[-117.729,35.4735],[-117.729,35.4734],[-117.729,35.4733],[-117.729,35.4732],[-117.7291,35.4731]]}},{"type":"Feature","properties":{"id":null,"name":null,"kind":"road","access":"green","seasonal":false},"geometry":{"type":"LineString","coordinates":[[-117.937,35.479],[-117.9371,35.479]]}},{"type":"Feature","properties":{"id":null,"name":null,"kind":"road","access":"green","seasonal":false},"geometry":{"type":"LineString","coordinates":[[-117.7764,35.4829],[-117.7763,35.4829],[-117.7763,35.4828],[-117.7762,35.4828],[-117.7761,35.4828],[-117.776,35.4828],[-117.776,35.4827],[-117.7759,35.4827],[-117.7759,35.4826],[-117.7758,35.4826],[-117.7757,35.4825],[-117.7756,35.4824],[-117.7755,35.4823],[-117.7754,35.4822],[-117.7753,35.4822],[-117.7752,35.4822],[-117.7751,35.4822],[-117.775,35.4822],[-117.7749,35.4822],[-117.7748,35.4822],[-117.7747,35.4822],[-117.7746,35.4822],[-117.7745,35.4822],[-117.7744,35.4822],[-117.7743,35.4822],[-117.7742,35.4822],[-117.7741,35.4822],[-117.7741,35.4823],[-117.774,35.4823],[-117.774,35.4824],[-117.7739,35.4824],[-117.7739,35.4825],[-117.7738,35.4825],[-117.7738,35.4826],[-117.7737,35.4826],[-117.7737,35.4827],[-117.7736,35.4827],[-117.7736,35.4828],[-117.7735,35.4828],[-117.7735,35.4829],[-117.7734,35.4829],[-117.7734,35.483],[-117.7733,35.483],[-117.7732,35.483]]}},{"type":"Feature","properties":{"id":null,"name":null,"kind":"road","access":"green","seasonal":false},"geometry":{"type":"LineString","coordinates":[[-117.6561,35.4557],[-117.656,35.4557],[-117.6559,35.4557],[-117.6558,35.4557],[-117.6557,35.4557],[-117.6556,35.4557],[-117.6555,35.4557],[-117.6554,35.4557],[-117.6553,35.4557],[-117.6552,35.4557],[-117.6551,35.4556],[-117.655,35.4556],[-117.6549,35.4556],[-117.6548,35.4556],[-117.6547,35.4555],[-117.6546,35.4555],[-117.6545,35.4555],[-117.6544,35.4554],[-117.6543,35.4554]]}},{"type":"Feature","properties":{"id":null,"name":null,"kind":"road","access":"green","seasonal":false},"geometry":{"type":"LineString","coordinates":[[-117.7668,35.4497],[-117.7669,35.4497],[-117.767,35.4497],[-117.7671,35.4497],[-117.7672,35.4497],[-117.7673,35.4497],[-117.7674,35.4496],[-117.7675,35.4496],[-117.7676,35.4495],[-117.7677,35.4495],[-117.7677,35.4494],[-117.7678,35.4494],[-117.7679,35.4494],[-117.768,35.4494],[-117.7681,35.4494],[-117.7681,35.4495],[-117.7681,35.4496],[-117.7682,35.4496],[-117.7682,35.4497],[-117.7683,35.4498],[-117.7684,35.4498],[-117.7686,35.4498],[-117.7687,35.4499],[-117.7688,35.4498],[-117.7689,35.4498],[-117.769,35.4498],[-117.7691,35.4498],[-117.7692,35.4498],[-117.7693,35.4498],[-117.7694,35.4498],[-117.7695,35.4498],[-117.7695,35.4499],[-117.7696,35.4499],[-117.7697,35.4499],[-117.7698,35.4499],[-117.7699,35.4499],[-117.77,35.4499],[-117.7701,35.4499],[-117.7702,35.4499],[-117.7703,35.4499],[-117.7704,35.45],[-117.7705,35.45],[-117.7706,35.45],[-117.7707,35.4501],[-117.7708,35.4501],[-117.7709,35.4501],[-117.771,35.4502],[-117.7711,35.4502],[-117.7712,35.4503],[-117.7713,35.4503],[-117.7714,35.4504],[-117.7715,35.4504],[-117.7716,35.4504],[-117.7717,35.4505],[-117.7718,35.4506],[-117.7719,35.4506],[-117.772,35.4506],[-117.7721,35.4506],[-117.7722,35.4506],[-117.7723,35.4506],[-117.7724,35.4506],[-117.7725,35.4506],[-117.7726,35.4506],[-117.7727,35.4506],[-117.7728,35.4506],[-117.7729,35.4506],[-117.773,35.4506],[-117.7731,35.4506],[-117.7732,35.4506],[-117.7733,35.4506],[-117.7734,35.4506],[-117.7736,35.4506],[-117.7737,35.4506],[-117.7738,35.4506],[-117.7739,35.4506],[-117.774,35.4506],[-117.7741,35.4506],[-117.7742,35.4506],[-117.7743,35.4506],[-117.7744,35.4506],[-117.7745,35.4506],[-117.7746,35.4506],[-117.7747,35.4506],[-117.7748,35.4506],[-117.7749,35.4506],[-117.7749,35.4505],[-117.775,35.4505]]}},{"type":"Feature","properties":{"id":null,"name":null,"kind":"road","access":"green","seasonal":false},"geometry":{"type":"LineString","coordinates":[[-117.6943,35.4754],[-117.6944,35.4753],[-117.6945,35.4752],[-117.6946,35.4752],[-117.6946,35.4751],[-117.6947,35.475],[-117.6947,35.4749],[-117.6948,35.4748],[-117.6948,35.4747],[-117.6949,35.4746],[-117.695,35.4745],[-117.695,35.4744],[-117.695,35.4743],[-117.6951,35.4743],[-117.6952,35.4742],[-117.6953,35.4742],[-117.6954,35.4741]]}},{"type":"Feature","properties":{"id":null,"name":null,"kind":"road","access":"green","seasonal":false},"geometry":{"type":"LineString","coordinates":[[-117.8519,35.4276],[-117.852,35.4275],[-117.8521,35.4274],[-117.8522,35.4274],[-117.8522,35.4273],[-117.8523,35.4272],[-117.8524,35.4271],[-117.8525,35.4271],[-117.8526,35.427],[-117.8527,35.427],[-117.8528,35.4269],[-117.8529,35.4268],[-117.8529,35.4267],[-117.853,35.4266]]}},{"type":"Feature","properties":{"id":null,"name":null,"kind":"road","access":"green","seasonal":false},"geometry":{"type":"LineString","coordinates":[[-117.9157,35.3435],[-117.9156,35.3438],[-117.9156,35.344],[-117.9156,35.3444],[-117.9156,35.3446],[-117.9156,35.345]]}},{"type":"Feature","properties":{"id":null,"name":null,"kind":"road","access":"green","seasonal":false},"geometry":{"type":"LineString","coordinates":[[-117.8363,35.4372],[-117.8363,35.4373],[-117.8362,35.4374],[-117.8362,35.4375],[-117.8362,35.4376],[-117.8361,35.4377],[-117.836,35.4377],[-117.836,35.4378],[-117.8359,35.4379],[-117.8359,35.438],[-117.8358,35.438],[-117.8357,35.4381],[-117.8356,35.4381],[-117.8355,35.4382],[-117.8355,35.4383],[-117.8354,35.4384],[-117.8353,35.4385],[-117.8352,35.4386],[-117.8351,35.4387],[-117.835,35.4387],[-117.8349,35.4387]]}},{"type":"Feature","properties":{"id":null,"name":null,"kind":"road","access":"green","seasonal":false},"geometry":{"type":"LineString","coordinates":[[-117.6711,35.4493],[-117.6711,35.4494],[-117.6709,35.4494],[-117.6708,35.4495],[-117.6707,35.4495],[-117.6706,35.4496],[-117.6706,35.4497],[-117.6705,35.4497],[-117.6704,35.4498],[-117.6703,35.4498],[-117.6702,35.4499],[-117.6701,35.4499],[-117.67,35.45],[-117.6699,35.45],[-117.6699,35.4501],[-117.6698,35.4501],[-117.6697,35.4502],[-117.6696,35.4502],[-117.6695,35.4503],[-117.6694,35.4503],[-117.6693,35.4504],[-117.6693,35.4505],[-117.6692,35.4505],[-117.6692,35.4506],[-117.6691,35.4507],[-117.6691,35.4508],[-117.669,35.4508],[-117.6689,35.4508],[-117.6688,35.4509],[-117.6687,35.4509],[-117.6686,35.451],[-117.6685,35.451],[-117.6684,35.4511],[-117.6684,35.4512],[-117.6683,35.4512],[-117.6683,35.4513],[-117.6683,35.4514],[-117.6683,35.4515],[-117.6682,35.4515],[-117.6682,35.4516],[-117.6683,35.4516]]}},{"type":"Feature","properties":{"id":null,"name":null,"kind":"road","access":"green","seasonal":false},"geometry":{"type":"LineString","coordinates":[[-117.8723,35.42],[-117.8724,35.4199],[-117.8723,35.4199],[-117.8723,35.4198],[-117.8723,35.4197],[-117.8723,35.4196],[-117.8723,35.4195],[-117.8722,35.4194],[-117.8722,35.4193],[-117.8722,35.4192],[-117.8722,35.4191],[-117.8721,35.419],[-117.8721,35.4189],[-117.8721,35.4188],[-117.8721,35.4186],[-117.872,35.4185],[-117.872,35.4184],[-117.872,35.4183],[-117.872,35.4182],[-117.872,35.418],[-117.872,35.4179],[-117.872,35.4178],[-117.8721,35.4177],[-117.8721,35.4176],[-117.8722,35.4175],[-117.8722,35.4174],[-117.8723,35.4173],[-117.8724,35.4172],[-117.8724,35.4171],[-117.8725,35.417],[-117.8725,35.4169],[-117.8726,35.4168],[-117.8726,35.4167],[-117.8727,35.4166],[-117.8727,35.4165],[-117.8727,35.4164],[-117.8727,35.4163],[-117.8727,35.4161],[-117.8727,35.416],[-117.8726,35.4159],[-117.8726,35.4158],[-117.8726,35.4157],[-117.8726,35.4155],[-117.8725,35.4154],[-117.8725,35.4153],[-117.8724,35.4152],[-117.8724,35.4151],[-117.8723,35.415],[-117.8723,35.4148],[-117.8723,35.4147],[-117.8723,35.4146],[-117.8723,35.4144],[-117.8723,35.4143],[-117.8723,35.4142],[-117.8723,35.4141],[-117.8724,35.4139],[-117.8724,35.4138],[-117.8725,35.4137],[-117.8726,35.4137],[-117.8726,35.4136],[-117.8727,35.4135],[-117.8728,35.4134],[-117.8728,35.4133],[-117.8729,35.4132],[-117.873,35.4131],[-117.8731,35.4131],[-117.8731,35.413],[-117.8732,35.4129],[-117.8732,35.4128],[-117.8733,35.4128],[-117.8733,35.4127],[-117.8733,35.4126],[-117.8733,35.4125],[-117.8733,35.4124],[-117.8733,35.4123],[-117.8733,35.4122],[-117.8733,35.4121],[-117.8734,35.412],[-117.8734,35.4119],[-117.8734,35.4118],[-117.8734,35.4117],[-117.8733,35.4116],[-117.8733,35.4115],[-117.8733,35.4114],[-117.8733,35.4113],[-117.8733,35.4112],[-117.8733,35.4111],[-117.8733,35.411],[-117.8732,35.4109],[-117.8732,35.4108],[-117.8731,35.4108],[-117.8731,35.4107],[-117.8731,35.4106],[-117.8732,35.4106],[-117.8733,35.4106],[-117.8734,35.4106],[-117.8735,35.4106],[-117.8736,35.4106],[-117.8737,35.4106],[-117.8738,35.4106],[-117.8739,35.4106],[-117.874,35.4106],[-117.8741,35.4106],[-117.8742,35.4106],[-117.8743,35.4106],[-117.8744,35.4105],[-117.8745,35.4105],[-117.8746,35.4105],[-117.8747,35.4105],[-117.8748,35.4105],[-117.8749,35.4105],[-117.8749,35.4106],[-117.875,35.4106],[-117.875,35.4107],[-117.875,35.4108],[-117.8751,35.4109],[-117.8752,35.4109],[-117.8753,35.4109],[-117.8754,35.4109],[-117.8755,35.4109],[-117.8756,35.411],[-117.8757,35.411],[-117.8757,35.4109],[-117.8758,35.4109],[-117.8758,35.4108],[-117.8759,35.4108],[-117.8759,35.4107],[-117.876,35.4107],[-117.876,35.4106],[-117.8761,35.4106],[-117.8762,35.4106],[-117.8763,35.4106],[-117.8764,35.4107],[-117.8765,35.4107],[-117.8766,35.4107],[-117.8767,35.4108],[-117.8768,35.4108],[-117.8769,35.4108],[-117.877,35.4108],[-117.8771,35.4108]]}},{"type":"Feature","properties":{"id":null,"name":null,"kind":"road","access":"green","seasonal":false},"geometry":{"type":"LineString","coordinates":[[-117.7925,35.4919],[-117.7924,35.4919],[-117.7924,35.4918],[-117.7923,35.4917],[-117.7922,35.4917],[-117.7922,35.4916],[-117.7922,35.4915],[-117.7921,35.4914],[-117.792,35.4913],[-117.792,35.4912],[-117.7921,35.4911],[-117.7921,35.491],[-117.7921,35.4909],[-117.7921,35.4908],[-117.7921,35.4907],[-117.7921,35.4906],[-117.792,35.4905],[-117.792,35.4904],[-117.792,35.4903],[-117.7919,35.4902],[-117.7919,35.4901],[-117.7919,35.49],[-117.7919,35.4899],[-117.7919,35.4898],[-117.7919,35.4897],[-117.7919,35.4896],[-117.792,35.4896],[-117.792,35.4895],[-117.792,35.4894]]}},{"type":"Feature","properties":{"id":null,"name":null,"kind":"road","access":"green","seasonal":false},"geometry":{"type":"LineString","coordinates":[[-117.9282,35.3536],[-117.9283,35.3539],[-117.9284,35.3541],[-117.9285,35.3545],[-117.9286,35.3546],[-117.9287,35.3548],[-117.9288,35.355],[-117.929,35.3554],[-117.9291,35.3557],[-117.9292,35.356],[-117.9293,35.3563],[-117.9293,35.3567],[-117.9292,35.3572],[-117.9292,35.3578],[-117.9291,35.3584],[-117.929,35.3587],[-117.929,35.3588],[-117.929,35.3589],[-117.9292,35.3591],[-117.9294,35.3595],[-117.9296,35.3598],[-117.9296,35.36],[-117.9295,35.3602]]}},{"type":"Feature","properties":{"id":null,"name":null,"kind":"road","access":"green","seasonal":false},"geometry":{"type":"LineString","coordinates":[[-117.809,35.4082],[-117.8089,35.4081],[-117.8089,35.408],[-117.8089,35.4079],[-117.8089,35.4078],[-117.8089,35.4077],[-117.8089,35.4076],[-117.8089,35.4075],[-117.8089,35.4074]]}},{"type":"Feature","properties":{"id":null,"name":null,"kind":"road","access":"green","seasonal":false},"geometry":{"type":"LineString","coordinates":[[-117.7086,35.4356],[-117.7086,35.4357],[-117.7086,35.4358],[-117.7087,35.4359],[-117.7087,35.436],[-117.7088,35.4361],[-117.7089,35.4362],[-117.709,35.4363],[-117.7091,35.4364],[-117.7092,35.4365],[-117.7093,35.4366],[-117.7095,35.4367],[-117.7096,35.4368],[-117.7098,35.4369],[-117.7099,35.437],[-117.71,35.437],[-117.7101,35.4371],[-117.7102,35.4371],[-117.7103,35.4372],[-117.7104,35.4372],[-117.7105,35.4373],[-117.7106,35.4373],[-117.7107,35.4373],[-117.7108,35.4374],[-117.7109,35.4375],[-117.7111,35.4376],[-117.7112,35.4376],[-117.7113,35.4377],[-117.7114,35.4378],[-117.7115,35.4379],[-117.7115,35.438],[-117.7116,35.438],[-117.7117,35.438],[-117.7117,35.4381],[-117.7118,35.4381],[-117.7118,35.4382],[-117.7119,35.4383],[-117.7119,35.4384],[-117.7119,35.4386]]}},{"type":"Feature","properties":{"id":null,"name":null,"kind":"road","access":"green","seasonal":false},"geometry":{"type":"LineString","coordinates":[[-117.6784,35.4544],[-117.6783,35.4544],[-117.6782,35.4544],[-117.6781,35.4545],[-117.678,35.4545],[-117.6779,35.4545],[-117.6778,35.4545],[-117.6777,35.4545],[-117.6776,35.4545],[-117.6776,35.4544],[-117.6775,35.4544],[-117.6774,35.4544],[-117.6773,35.4544],[-117.6772,35.4544],[-117.6771,35.4543],[-117.677,35.4543],[-117.6769,35.4543],[-117.6768,35.4543]]}},{"type":"Feature","properties":{"id":null,"name":null,"kind":"road","access":"green","seasonal":false},"geometry":{"type":"LineString","coordinates":[[-117.8349,35.4387],[-117.8349,35.4388],[-117.8349,35.4387],[-117.8348,35.4387],[-117.8347,35.4387],[-117.8346,35.4387],[-117.8344,35.4387],[-117.8343,35.4387],[-117.8341,35.4387],[-117.8339,35.4387],[-117.8338,35.4388],[-117.8336,35.4388],[-117.8335,35.4388],[-117.8333,35.4389],[-117.8332,35.4389],[-117.8331,35.4389],[-117.8329,35.439],[-117.8328,35.439],[-117.8327,35.4389],[-117.8326,35.4389],[-117.8324,35.4388],[-117.8323,35.4387],[-117.8323,35.4386],[-117.8324,35.4386],[-117.8323,35.4385]]}},{"type":"Feature","properties":{"id":null,"name":null,"kind":"road","access":"green","seasonal":false},"geometry":{"type":"LineString","coordinates":[[-117.6756,35.4858],[-117.6757,35.4858],[-117.6757,35.4857],[-117.6757,35.4856],[-117.6757,35.4855],[-117.6758,35.4855],[-117.6758,35.4854],[-117.6758,35.4853],[-117.6759,35.4853],[-117.6759,35.4852],[-117.676,35.4851],[-117.6761,35.4851],[-117.6762,35.485],[-117.6763,35.4849],[-117.6764,35.4849],[-117.6765,35.4848],[-117.6766,35.4847],[-117.6767,35.4847],[-117.6768,35.4847],[-117.6769,35.4846],[-117.677,35.4846],[-117.6771,35.4846],[-117.6772,35.4846],[-117.6773,35.4846],[-117.6774,35.4846],[-117.6775,35.4846],[-117.6775,35.4847],[-117.6776,35.4847],[-117.6777,35.4847],[-117.6778,35.4846],[-117.6779,35.4846],[-117.678,35.4846],[-117.6781,35.4845],[-117.6782,35.4845],[-117.6783,35.4845],[-117.6784,35.4844],[-117.6785,35.4844],[-117.6786,35.4844],[-117.6787,35.4843],[-117.6788,35.4843],[-117.6789,35.4843],[-117.679,35.4843],[-117.6791,35.4843],[-117.6792,35.4843],[-117.6792,35.4842],[-117.6793,35.4842],[-117.6794,35.4842],[-117.6795,35.4842],[-117.6796,35.4842],[-117.6797,35.4842],[-117.6798,35.4842],[-117.6799,35.4842],[-117.68,35.4842],[-117.6801,35.4842],[-117.6802,35.4842],[-117.6803,35.4842],[-117.6804,35.4842],[-117.6805,35.4842],[-117.6806,35.4842],[-117.6807,35.4843],[-117.6808,35.4843],[-117.6809,35.4842]]}},{"type":"Feature","properties":{"id":null,"name":null,"kind":"road","access":"green","seasonal":false},"geometry":{"type":"LineString","coordinates":[[-117.655,35.4597],[-117.6547,35.4592],[-117.6542,35.4585],[-117.6541,35.4581],[-117.6538,35.4575]]}},{"type":"Feature","properties":{"id":null,"name":null,"kind":"road","access":"green","seasonal":false},"geometry":{"type":"LineString","coordinates":[[-117.8442,35.3791],[-117.8437,35.3794],[-117.8435,35.3796]]}},{"type":"Feature","properties":{"id":null,"name":null,"kind":"road","access":"green","seasonal":false},"geometry":{"type":"LineString","coordinates":[[-117.7962,35.4998],[-117.7961,35.4998],[-117.796,35.4998],[-117.7959,35.4998],[-117.7958,35.4998],[-117.7957,35.4998],[-117.7956,35.4998],[-117.7956,35.4997],[-117.7955,35.4997],[-117.7954,35.4997],[-117.7953,35.4997],[-117.7952,35.4997],[-117.795,35.4998],[-117.7949,35.4998],[-117.7949,35.4999],[-117.7948,35.4999],[-117.7946,35.5],[-117.7945,35.5],[-117.7944,35.5],[-117.7944,35.5001]]}},{"type":"Feature","properties":{"id":null,"name":null,"kind":"road","access":"green","seasonal":false},"geometry":{"type":"LineString","coordinates":[[-117.9411,35.4699],[-117.941,35.4698]]}},{"type":"Feature","properties":{"id":null,"name":null,"kind":"road","access":"green","seasonal":false},"geometry":{"type":"LineString","coordinates":[[-117.6788,35.4903],[-117.6789,35.4904],[-117.679,35.4904],[-117.6791,35.4904],[-117.6792,35.4904],[-117.6792,35.4903],[-117.6793,35.4903],[-117.6794,35.4903],[-117.6795,35.4903],[-117.6796,35.4902],[-117.6797,35.4902],[-117.6798,35.4902],[-117.6799,35.4902],[-117.68,35.4902],[-117.68,35.4903],[-117.6801,35.4903],[-117.6802,35.4903],[-117.6803,35.4904],[-117.6804,35.4904],[-117.6804,35.4905],[-117.6805,35.4905],[-117.6805,35.4906],[-117.6806,35.4906],[-117.6806,35.4907],[-117.6807,35.4907],[-117.6808,35.4908],[-117.6809,35.4908],[-117.681,35.4908],[-117.681,35.4909],[-117.6811,35.4909],[-117.6812,35.491],[-117.6813,35.4911],[-117.6814,35.4911],[-117.6815,35.4912],[-117.6816,35.4912],[-117.6817,35.4912],[-117.6818,35.4913],[-117.6819,35.4914],[-117.682,35.4914],[-117.6821,35.4915],[-117.6821,35.4916],[-117.6822,35.4916],[-117.6823,35.4916],[-117.6823,35.4917],[-117.6824,35.4917],[-117.6825,35.4917],[-117.6825,35.4918],[-117.6826,35.4918],[-117.6827,35.4918],[-117.6828,35.4918],[-117.6829,35.4919],[-117.683,35.492],[-117.6831,35.4921],[-117.6832,35.4922],[-117.6833,35.4923],[-117.6834,35.4924]]}},{"type":"Feature","properties":{"id":null,"name":null,"kind":"road","access":"green","seasonal":false},"geometry":{"type":"LineString","coordinates":[[-117.6514,35.4486],[-117.6514,35.4485],[-117.6515,35.4484],[-117.6515,35.4482],[-117.6516,35.4481],[-117.6518,35.4478],[-117.6519,35.4477],[-117.652,35.4476],[-117.652,35.4475],[-117.652,35.4473],[-117.6522,35.4471],[-117.6523,35.4469],[-117.6524,35.4466],[-117.6525,35.4464],[-117.6527,35.4463],[-117.6528,35.446],[-117.6529,35.4458],[-117.6531,35.4455],[-117.6532,35.4453],[-117.6533,35.4451],[-117.6536,35.4449],[-117.6537,35.4447],[-117.6538,35.4443],[-117.654,35.4441],[-117.6542,35.4438],[-117.6543,35.4436],[-117.6546,35.4434],[-117.6548,35.4432],[-117.6549,35.4431],[-117.655,35.4429],[-117.6551,35.4427],[-117.6552,35.4426],[-117.6553,35.4423],[-117.6555,35.4418],[-117.6556,35.4416],[-117.6557,35.4413],[-117.6558,35.441],[-117.6558,35.4405],[-117.6559,35.44],[-117.6559,35.4398],[-117.656,35.4396],[-117.6564,35.4394],[-117.6564,35.4392],[-117.6568,35.4389],[-117.657,35.4387],[-117.6572,35.4386],[-117.6574,35.4385],[-117.6575,35.4384],[-117.6575,35.4383],[-117.6575,35.4381],[-117.6576,35.4379],[-117.6576,35.4376],[-117.6577,35.4374],[-117.6577,35.4373],[-117.6578,35.4372],[-117.6579,35.437],[-117.658,35.4368],[-117.6581,35.4367],[-117.6582,35.4366],[-117.6584,35.4364],[-117.6585,35.4362],[-117.6586,35.436],[-117.6587,35.4358],[-117.6587,35.4356],[-117.6587,35.4354],[-117.6586,35.4353],[-117.6586,35.4352],[-117.6585,35.4351],[-117.6585,35.4348],[-117.6584,35.4347],[-117.6583,35.4346],[-117.6582,35.4345],[-117.6582,35.4344],[-117.6581,35.4343],[-117.6581,35.4342],[-117.6581,35.4341],[-117.658,35.434],[-117.658,35.4338],[-117.658,35.4336],[-117.6579,35.4335],[-117.6579,35.4334],[-117.6579,35.4333],[-117.6578,35.4331],[-117.6578,35.433],[-117.6577,35.4328],[-117.6576,35.4325],[-117.6575,35.4323],[-117.6575,35.4322],[-117.6574,35.432],[-117.6573,35.4318],[-117.6572,35.4315],[-117.6571,35.4313],[-117.657,35.4308],[-117.6569,35.4304],[-117.6568,35.4301],[-117.6567,35.43],[-117.6566,35.4298],[-117.6565,35.4296],[-117.6564,35.4294],[-117.6563,35.4291],[-117.6563,35.4288],[-117.6562,35.4285],[-117.6561,35.4283],[-117.656,35.428],[-117.656,35.4278],[-117.6561,35.4276]]}},{"type":"Feature","properties":{"id":null,"name":null,"kind":"road","access":"green","seasonal":false},"geometry":{"type":"LineString","coordinates":[[-117.785,35.471],[-117.7851,35.471],[-117.7851,35.4711],[-117.7851,35.4712],[-117.7852,35.4713],[-117.7852,35.4714],[-117.7853,35.4715],[-117.7853,35.4716],[-117.7853,35.4717],[-117.7854,35.4718],[-117.7854,35.4719],[-117.7855,35.4719],[-117.7856,35.472],[-117.7857,35.4721],[-117.7857,35.4722],[-117.7857,35.4723],[-117.7857,35.4724],[-117.7858,35.4725],[-117.7857,35.4725],[-117.7857,35.4726],[-117.7857,35.4727],[-117.7856,35.4727],[-117.7856,35.4728],[-117.7856,35.4729],[-117.7855,35.473],[-117.7855,35.4731],[-117.7855,35.4732],[-117.7855,35.4733],[-117.7855,35.4734],[-117.7855,35.4736],[-117.7855,35.4737],[-117.7855,35.4738],[-117.7855,35.4739],[-117.7856,35.474],[-117.7856,35.4741],[-117.7857,35.4742],[-117.7857,35.4743],[-117.7858,35.4743],[-117.7858,35.4744],[-117.7858,35.4745],[-117.7859,35.4745],[-117.7859,35.4746],[-117.7859,35.4747],[-117.7859,35.4748],[-117.786,35.4749],[-117.786,35.475],[-117.786,35.4751],[-117.786,35.4752],[-117.7859,35.4753],[-117.7859,35.4754],[-117.7859,35.4755],[-117.786,35.4756],[-117.7861,35.4757],[-117.7862,35.4757],[-117.7862,35.4758],[-117.7863,35.4759],[-117.7864,35.4759],[-117.7864,35.476],[-117.7865,35.4761],[-117.7866,35.4761],[-117.7867,35.4762],[-117.7868,35.4762],[-117.7869,35.4762],[-117.787,35.4762],[-117.7871,35.4762],[-117.7872,35.4762],[-117.7873,35.4762],[-117.7874,35.4762],[-117.7875,35.4762],[-117.7876,35.4763],[-117.7877,35.4763],[-117.7877,35.4764],[-117.7878,35.4764],[-117.7879,35.4765],[-117.788,35.4766],[-117.7881,35.4767],[-117.7882,35.4768],[-117.7883,35.4768],[-117.7883,35.4769],[-117.7884,35.477],[-117.7885,35.477],[-117.7885,35.4771],[-117.7886,35.4772],[-117.7887,35.4773],[-117.7888,35.4773],[-117.7889,35.4773],[-117.789,35.4774],[-117.7891,35.4774],[-117.7892,35.4775],[-117.7893,35.4775],[-117.7894,35.4775],[-117.7895,35.4776],[-117.7896,35.4776],[-117.7897,35.4776],[-117.7898,35.4776],[-117.7899,35.4776],[-117.79,35.4777],[-117.7901,35.4778],[-117.7902,35.4778],[-117.7903,35.4779],[-117.7903,35.478],[-117.7904,35.4781],[-117.7904,35.4782],[-117.7905,35.4783],[-117.7905,35.4784],[-117.7906,35.4784],[-117.7906,35.4785],[-117.7907,35.4786],[-117.7907,35.4787],[-117.7907,35.4788],[-117.7908,35.4788],[-117.7908,35.4789],[-117.7908,35.479],[-117.7909,35.4791],[-117.791,35.4791],[-117.791,35.4792],[-117.791,35.4793],[-117.791,35.4794],[-117.791,35.4795],[-117.791,35.4796],[-117.791,35.4797],[-117.7911,35.4798],[-117.7911,35.4799],[-117.7911,35.48],[-117.791,35.48],[-117.791,35.4801],[-117.791,35.4802],[-117.791,35.4803],[-117.791,35.4804],[-117.791,35.4805],[-117.7911,35.4806],[-117.7911,35.4807],[-117.7911,35.4808],[-117.7911,35.4809],[-117.7911,35.481],[-117.7912,35.4811],[-117.7912,35.4812],[-117.7912,35.4813],[-117.7913,35.4814],[-117.7913,35.4815],[-117.7913,35.4816],[-117.7913,35.4817],[-117.7913,35.4818],[-117.7913,35.4819],[-117.7913,35.482],[-117.7913,35.4821],[-117.7913,35.4822],[-117.7913,35.4823],[-117.7913,35.4824],[-117.7913,35.4825],[-117.7914,35.4826],[-117.7915,35.4827],[-117.7916,35.4828],[-117.7917,35.4828],[-117.7917,35.4829],[-117.7918,35.483],[-117.7918,35.4831],[-117.7919,35.4831],[-117.792,35.4832],[-117.7921,35.4833],[-117.7922,35.4833],[-117.7922,35.4834],[-117.7923,35.4834],[-117.7923,35.4835],[-117.7923,35.4836],[-117.7922,35.4837],[-117.7922,35.4838],[-117.7921,35.4838],[-117.792,35.4838],[-117.792,35.4839],[-117.7919,35.4839],[-117.7919,35.484],[-117.7919,35.4841],[-117.792,35.4842],[-117.7921,35.4843],[-117.7922,35.4843],[-117.7922,35.4844],[-117.7923,35.4844],[-117.7923,35.4845],[-117.7924,35.4846],[-117.7924,35.4847],[-117.7925,35.4847],[-117.7925,35.4848],[-117.7925,35.4849],[-117.7925,35.485],[-117.7925,35.4851],[-117.7925,35.4852],[-117.7925,35.4853],[-117.7925,35.4854],[-117.7926,35.4855],[-117.7927,35.4856],[-117.7927,35.4857],[-117.7928,35.4857],[-117.7928,35.4858],[-117.7929,35.4858],[-117.7929,35.4859],[-117.793,35.4859],[-117.793,35.486],[-117.7931,35.4861],[-117.7932,35.4862],[-117.7933,35.4863],[-117.7934,35.4864],[-117.7935,35.4864],[-117.7936,35.4864],[-117.7937,35.4865],[-117.7938,35.4866],[-117.7938,35.4867],[-117.7937,35.4868],[-117.7936,35.4869],[-117.7936,35.487],[-117.7936,35.4871],[-117.7936,35.4872],[-117.7936,35.4873],[-117.7937,35.4874],[-117.7937,35.4875],[-117.7937,35.4876],[-117.7937,35.4877],[-117.7936,35.4877],[-117.7936,35.4878],[-117.7936,35.4879],[-117.7936,35.488],[-117.7935,35.488],[-117.7935,35.4881],[-117.7934,35.4882],[-117.7934,35.4883],[-117.7933,35.4883],[-117.7933,35.4884],[-117.7933,35.4885],[-117.7932,35.4886],[-117.7932,35.4887],[-117.7931,35.4888],[-117.7931,35.4889],[-117.793,35.4889],[-117.793,35.489],[-117.7929,35.489],[-117.7928,35.489],[-117.7927,35.4891],[-117.7926,35.4891],[-117.7925,35.4892],[-117.7924,35.4893],[-117.7923,35.4893],[-117.7923,35.4894],[-117.7922,35.4894]]}},{"type":"Feature","properties":{"id":null,"name":null,"kind":"road","access":"green","seasonal":false},"geometry":{"type":"LineString","coordinates":[[-117.7991,35.4644],[-117.7991,35.4645],[-117.7992,35.4645],[-117.7992,35.4646],[-117.7993,35.4647],[-117.7994,35.4648],[-117.7994,35.4649],[-117.7994,35.465],[-117.7993,35.4651],[-117.7993,35.4652],[-117.7992,35.4653],[-117.7991,35.4654],[-117.7991,35.4655],[-117.799,35.4656],[-117.7989,35.4657],[-117.7989,35.4658],[-117.7989,35.4659],[-117.799,35.4659],[-117.7991,35.4659],[-117.7992,35.466],[-117.7993,35.466],[-117.7994,35.466],[-117.7995,35.466],[-117.7995,35.4661],[-117.7996,35.4661],[-117.7997,35.4662],[-117.7997,35.4663],[-117.7997,35.4664],[-117.7997,35.4665],[-117.7997,35.4666],[-117.7997,35.4667],[-117.7998,35.4667],[-117.7999,35.4667],[-117.7999,35.4668],[-117.8,35.4668],[-117.8001,35.4668],[-117.8002,35.4668]]}},{"type":"Feature","properties":{"id":null,"name":null,"kind":"road","access":"green","seasonal":false},"geometry":{"type":"LineString","coordinates":[[-117.7752,35.4632],[-117.7751,35.4632],[-117.775,35.4633],[-117.7749,35.4633],[-117.7748,35.4633]]}},{"type":"Feature","properties":{"id":null,"name":null,"kind":"road","access":"green","seasonal":false},"geometry":{"type":"LineString","coordinates":[[-117.6706,35.4482],[-117.6706,35.4483],[-117.6706,35.4484],[-117.6705,35.4484],[-117.6705,35.4485],[-117.6706,35.4486],[-117.6707,35.4487],[-117.6708,35.4487],[-117.6709,35.4488],[-117.671,35.4489],[-117.671,35.449],[-117.6711,35.449],[-117.6711,35.4491]]}},{"type":"Feature","properties":{"id":null,"name":null,"kind":"road","access":"green","seasonal":false},"geometry":{"type":"LineString","coordinates":[[-117.7404,35.424],[-117.7406,35.424],[-117.7407,35.424],[-117.7407,35.4239],[-117.7408,35.4239],[-117.7409,35.4239],[-117.741,35.4239],[-117.7412,35.4238],[-117.7413,35.4238],[-117.7414,35.4238],[-117.7416,35.4237],[-117.7417,35.4237],[-117.7419,35.4237],[-117.7421,35.4237],[-117.7423,35.4237],[-117.7425,35.4237],[-117.7427,35.4237],[-117.7428,35.4238],[-117.743,35.4238],[-117.7433,35.4239],[-117.7435,35.4239],[-117.7437,35.424],[-117.7439,35.424],[-117.7441,35.4241]]}},{"type":"Feature","properties":{"id":null,"name":null,"kind":"road","access":"green","seasonal":false},"geometry":{"type":"LineString","coordinates":[[-117.7824,35.4868],[-117.7825,35.4868],[-117.7825,35.4869],[-117.7826,35.4869],[-117.7827,35.4869],[-117.7828,35.4869],[-117.7829,35.4869],[-117.783,35.4869],[-117.7831,35.4869],[-117.7832,35.4869],[-117.7833,35.4869],[-117.7834,35.4869],[-117.7835,35.4869],[-117.7836,35.4868],[-117.7836,35.4869],[-117.7837,35.4869],[-117.7838,35.4869],[-117.7839,35.4869],[-117.784,35.4869],[-117.7841,35.4869],[-117.7842,35.4869],[-117.7843,35.4869],[-117.7844,35.4869],[-117.7845,35.4869],[-117.7846,35.4869],[-117.7847,35.4869],[-117.7848,35.4868],[-117.7849,35.4869],[-117.785,35.4869],[-117.7851,35.4869],[-117.7852,35.4869],[-117.7853,35.4869],[-117.7854,35.4869],[-117.7855,35.4869],[-117.7856,35.4869],[-117.7857,35.4869],[-117.7858,35.4869],[-117.7859,35.4868],[-117.786,35.4868],[-117.7861,35.4868],[-117.7862,35.4868],[-117.7863,35.4868],[-117.7864,35.4868],[-117.7865,35.4868],[-117.7866,35.4868],[-117.7867,35.4868],[-117.7868,35.4869],[-117.7869,35.4869],[-117.7869,35.487],[-117.787,35.487],[-117.7871,35.487],[-117.7872,35.4871],[-117.7873,35.4871],[-117.7874,35.4871],[-117.7875,35.4872],[-117.7876,35.4872],[-117.7877,35.4872],[-117.7878,35.4872],[-117.7879,35.4872],[-117.788,35.4872],[-117.7881,35.4872],[-117.7882,35.4873],[-117.7883,35.4873],[-117.7884,35.4873],[-117.7885,35.4874],[-117.7886,35.4875],[-117.7887,35.4875],[-117.7888,35.4876],[-117.7889,35.4876],[-117.789,35.4877],[-117.7891,35.4878],[-117.7892,35.4879],[-117.7893,35.4879],[-117.7894,35.488],[-117.7895,35.4881],[-117.7896,35.4881],[-117.7897,35.4882],[-117.7899,35.4883],[-117.79,35.4884],[-117.7901,35.4884],[-117.7902,35.4885],[-117.7903,35.4885],[-117.7904,35.4886],[-117.7905,35.4886],[-117.7906,35.4886],[-117.7906,35.4887],[-117.7907,35.4887],[-117.7908,35.4888],[-117.7909,35.4888],[-117.791,35.4889],[-117.7911,35.489],[-117.7911,35.4891],[-117.7912,35.4891],[-117.7913,35.4891],[-117.7914,35.4892],[-117.7915,35.4892],[-117.7915,35.4893],[-117.7916,35.4893],[-117.7917,35.4894],[-117.7918,35.4894],[-117.7919,35.4894],[-117.792,35.4894]]}},{"type":"Feature","properties":{"id":null,"name":null,"kind":"road","access":"green","seasonal":false},"geometry":{"type":"LineString","coordinates":[[-117.6636,35.3367],[-117.6637,35.3365],[-117.6638,35.3364],[-117.6639,35.3363],[-117.6639,35.3362]]}},{"type":"Feature","properties":{"id":null,"name":null,"kind":"road","access":"green","seasonal":false},"geometry":{"type":"LineString","coordinates":[[-117.7922,35.4894],[-117.7922,35.4895],[-117.7923,35.4895],[-117.7924,35.4896],[-117.7925,35.4897],[-117.7926,35.4897],[-117.7926,35.4898],[-117.7927,35.4898],[-117.7928,35.4898],[-117.7928,35.4899],[-117.7929,35.4899],[-117.793,35.4899],[-117.793,35.49],[-117.7931,35.49],[-117.7932,35.4901],[-117.7933,35.4902],[-117.7934,35.4902],[-117.7934,35.4903],[-117.7934,35.4904],[-117.7935,35.4904],[-117.7935,35.4905],[-117.7935,35.4906],[-117.7935,35.4907],[-117.7935,35.4908],[-117.7935,35.4909],[-117.7935,35.491],[-117.7935,35.4911],[-117.7935,35.4912],[-117.7935,35.4913],[-117.7934,35.4913],[-117.7934,35.4914],[-117.7934,35.4915],[-117.7935,35.4916]]}},{"type":"Feature","properties":{"id":null,"name":null,"kind":"road","access":"green","seasonal":false},"geometry":{"type":"LineString","coordinates":[[-117.7195,35.487],[-117.7196,35.4871],[-117.7196,35.4872],[-117.7196,35.4873],[-117.7196,35.4874],[-117.7197,35.4875],[-117.7197,35.4876],[-117.7197,35.4877],[-117.7198,35.4878],[-117.7198,35.4879],[-117.7198,35.488],[-117.7199,35.4881],[-117.7199,35.4882],[-117.7199,35.4883],[-117.72,35.4884],[-117.7201,35.4885],[-117.7202,35.4886],[-117.7202,35.4887],[-117.7202,35.4888],[-117.7202,35.4889],[-117.7203,35.489],[-117.7203,35.4891],[-117.7203,35.4892],[-117.7203,35.4893],[-117.7203,35.4894],[-117.7203,35.4895],[-117.7203,35.4896],[-117.7204,35.4897],[-117.7204,35.4898],[-117.7204,35.4899],[-117.7205,35.49],[-117.7206,35.4902],[-117.7206,35.4903],[-117.7207,35.4904],[-117.7208,35.4905],[-117.7209,35.4906],[-117.721,35.4907],[-117.7211,35.4908],[-117.7212,35.4909],[-117.7213,35.4909],[-117.7213,35.491],[-117.7214,35.4911],[-117.7214,35.4912],[-117.7215,35.4912],[-117.7216,35.4913],[-117.7217,35.4914],[-117.7218,35.4915],[-117.7218,35.4916],[-117.7219,35.4916],[-117.7219,35.4917],[-117.722,35.4918],[-117.7221,35.4919],[-117.7222,35.492],[-117.7223,35.492],[-117.7224,35.4921],[-117.7225,35.4921],[-117.7226,35.4921],[-117.7227,35.4921],[-117.7228,35.4921],[-117.7229,35.492],[-117.723,35.492],[-117.7231,35.492],[-117.7232,35.492],[-117.7233,35.492],[-117.7234,35.492],[-117.7235,35.492],[-117.7236,35.4919],[-117.7237,35.4919],[-117.7238,35.4919],[-117.7238,35.492],[-117.7239,35.4921],[-117.724,35.4921],[-117.7241,35.4921],[-117.7242,35.4922],[-117.7243,35.4922],[-117.7244,35.4922],[-117.7245,35.4922],[-117.7246,35.4922],[-117.7247,35.4921],[-117.7248,35.4921],[-117.7249,35.4921],[-117.725,35.4921],[-117.7251,35.4921],[-117.7252,35.4921],[-117.7253,35.4921],[-117.7254,35.4922],[-117.7254,35.4923],[-117.7255,35.4923],[-117.7255,35.4924],[-117.7256,35.4925],[-117.7257,35.4926],[-117.7258,35.4926],[-117.7259,35.4927],[-117.7259,35.4928],[-117.7259,35.4929],[-117.7259,35.493],[-117.726,35.493],[-117.726,35.4931],[-117.7261,35.4931],[-117.7261,35.4932],[-117.7262,35.4933],[-117.7262,35.4934],[-117.7263,35.4935],[-117.7264,35.4935],[-117.7264,35.4936],[-117.7265,35.4936],[-117.7266,35.4937],[-117.7267,35.4937],[-117.7268,35.4938],[-117.7269,35.4938],[-117.727,35.4939],[-117.7271,35.4939],[-117.7272,35.4939],[-117.7274,35.4939],[-117.7275,35.4939],[-117.7276,35.4939],[-117.7277,35.4939],[-117.7278,35.4939],[-117.7279,35.4939],[-117.7279,35.494],[-117.728,35.494],[-117.7281,35.4941],[-117.7282,35.4942],[-117.7283,35.4943],[-117.7284,35.4943],[-117.7285,35.4944],[-117.7286,35.4945],[-117.7287,35.4945],[-117.7288,35.4945],[-117.729,35.4945],[-117.7292,35.4946],[-117.7293,35.4946],[-117.7295,35.4946],[-117.7296,35.4947],[-117.7298,35.4947],[-117.73,35.4947],[-117.7302,35.4947],[-117.7304,35.4948],[-117.7305,35.4948],[-117.7307,35.4949],[-117.7309,35.4949],[-117.7311,35.4949],[-117.7313,35.495],[-117.7314,35.495],[-117.7316,35.4951],[-117.7317,35.4951],[-117.7318,35.4952],[-117.7319,35.4952],[-117.7321,35.4952],[-117.7322,35.4953],[-117.7323,35.4953],[-117.7325,35.4954],[-117.7326,35.4954],[-117.7327,35.4955],[-117.7329,35.4956],[-117.733,35.4957],[-117.7332,35.4957],[-117.7334,35.4957],[-117.7336,35.4957],[-117.7338,35.4957],[-117.734,35.4958],[-117.7342,35.4958],[-117.7343,35.4958],[-117.7345,35.4958],[-117.7347,35.4959],[-117.7349,35.4959],[-117.7351,35.4959],[-117.7352,35.4959],[-117.7354,35.4958],[-117.7356,35.4958],[-117.7357,35.4958],[-117.7359,35.4958],[-117.7361,35.4958],[-117.7363,35.4959],[-117.7364,35.4958]]}},{"type":"Feature","properties":{"id":null,"name":null,"kind":"road","access":"green","seasonal":false},"geometry":{"type":"LineString","coordinates":[[-117.8071,35.4402],[-117.807,35.4401],[-117.8069,35.44],[-117.8068,35.4399],[-117.8068,35.4398],[-117.8067,35.4398],[-117.8066,35.4397],[-117.8065,35.4396],[-117.8064,35.4395],[-117.8063,35.4395],[-117.8063,35.4394],[-117.8062,35.4394],[-117.8062,35.4393],[-117.8061,35.4393],[-117.806,35.4392],[-117.8059,35.4391],[-117.8059,35.439],[-117.8059,35.4389],[-117.8059,35.4388],[-117.8059,35.4387],[-117.8059,35.4386],[-117.8059,35.4384],[-117.8059,35.4383],[-117.8059,35.4382],[-117.8059,35.4381],[-117.8059,35.438],[-117.8059,35.4379],[-117.8059,35.4378],[-117.8059,35.4377],[-117.8058,35.4376]]}},{"type":"Feature","properties":{"id":null,"name":null,"kind":"road","access":"green","seasonal":false},"geometry":{"type":"LineString","coordinates":[[-117.8542,35.4468],[-117.8542,35.4469],[-117.8541,35.4469],[-117.854,35.4469],[-117.854,35.4468],[-117.8539,35.4468],[-117.8538,35.4469],[-117.8537,35.447],[-117.8535,35.4471],[-117.8535,35.4473],[-117.8534,35.4474],[-117.8533,35.4474],[-117.8532,35.4475],[-117.8531,35.4476],[-117.853,35.4477],[-117.8529,35.4476],[-117.8528,35.4476],[-117.8527,35.4477],[-117.8527,35.4478],[-117.8527,35.4479],[-117.8527,35.448],[-117.8526,35.448],[-117.8524,35.4481],[-117.8523,35.4482],[-117.8522,35.4482],[-117.8521,35.4482],[-117.8521,35.4483],[-117.8521,35.4484],[-117.8521,35.4485],[-117.8519,35.4485],[-117.8518,35.4485],[-117.8517,35.4486],[-117.8517,35.4487],[-117.8518,35.4487],[-117.8518,35.4488],[-117.8517,35.4489],[-117.8516,35.449],[-117.8516,35.4491],[-117.8516,35.4492],[-117.8517,35.4492],[-117.8517,35.4493],[-117.8517,35.4494],[-117.8517,35.4495],[-117.8517,35.4496],[-117.8518,35.4496],[-117.8519,35.4496],[-117.8519,35.4497],[-117.8519,35.4498],[-117.8519,35.4499],[-117.8518,35.45],[-117.8516,35.4501],[-117.8515,35.45],[-117.8515,35.4499],[-117.8514,35.4499],[-117.8514,35.4498],[-117.8514,35.4497],[-117.8513,35.4497],[-117.8512,35.4497],[-117.8511,35.4498],[-117.8511,35.4499],[-117.851,35.45],[-117.8509,35.4501],[-117.8508,35.4501],[-117.8507,35.4503],[-117.8506,35.4504],[-117.8505,35.4505],[-117.8504,35.4505],[-117.8503,35.4505],[-117.8502,35.4505],[-117.8501,35.4504],[-117.85,35.4504],[-117.8498,35.4505],[-117.8498,35.4506],[-117.8498,35.4507],[-117.8499,35.4508],[-117.8499,35.4509],[-117.8498,35.451],[-117.8498,35.4511],[-117.8497,35.4511],[-117.8496,35.4511],[-117.8495,35.4511],[-117.8494,35.4511],[-117.8493,35.451],[-117.8492,35.451],[-117.8492,35.4511],[-117.8492,35.4512],[-117.8493,35.4513],[-117.8493,35.4514],[-117.8493,35.4515],[-117.8493,35.4516],[-117.8492,35.4516],[-117.8491,35.4516],[-117.849,35.4516],[-117.8489,35.4516],[-117.8488,35.4517],[-117.8488,35.4518],[-117.8487,35.4518],[-117.8487,35.452],[-117.8487,35.4521],[-117.8486,35.4522],[-117.8486,35.4523],[-117.8485,35.4523],[-117.8484,35.4523],[-117.8482,35.4524],[-117.8482,35.4525],[-117.8482,35.4526],[-117.8482,35.4527],[-117.8481,35.4528],[-117.8481,35.453],[-117.8481,35.4531],[-117.848,35.4531],[-117.8479,35.4532]]}},{"type":"Feature","properties":{"id":null,"name":null,"kind":"road","access":"green","seasonal":false},"geometry":{"type":"LineString","coordinates":[[-117.7295,35.4697],[-117.7294,35.4696],[-117.7293,35.4695],[-117.7292,35.4695],[-117.7291,35.4694],[-117.729,35.4693],[-117.7289,35.4693],[-117.7288,35.4692],[-117.7287,35.4691],[-117.7285,35.469],[-117.7284,35.4689],[-117.7283,35.4688],[-117.7283,35.4687],[-117.7282,35.4686],[-117.7281,35.4685],[-117.728,35.4684],[-117.728,35.4683],[-117.7279,35.4682],[-117.7278,35.4681],[-117.7277,35.468],[-117.7276,35.468],[-117.7276,35.4679],[-117.7275,35.4679],[-117.7275,35.4678],[-117.7274,35.4677],[-117.7274,35.4676],[-117.7274,35.4675],[-117.7274,35.4674],[-117.7273,35.4672],[-117.7274,35.4671],[-117.7274,35.467],[-117.7274,35.4669],[-117.7274,35.4668],[-117.7274,35.4667],[-117.7274,35.4665],[-117.7274,35.4664],[-117.7273,35.4663],[-117.7273,35.4662],[-117.7274,35.4661],[-117.7274,35.466]]}},{"type":"Feature","properties":{"id":null,"name":null,"kind":"road","access":"green","seasonal":false},"geometry":{"type":"LineString","coordinates":[[-117.7147,35.4626],[-117.7146,35.4625],[-117.7145,35.4625],[-117.7145,35.4624],[-117.7144,35.4624],[-117.7143,35.4623],[-117.7142,35.4623],[-117.7141,35.4622],[-117.714,35.4622],[-117.7139,35.4621],[-117.7138,35.4621],[-117.7137,35.462],[-117.7136,35.462],[-117.7135,35.4619],[-117.7134,35.4618],[-117.7134,35.4617],[-117.7133,35.4617],[-117.7132,35.4616],[-117.7131,35.4616],[-117.713,35.4615],[-117.7129,35.4615],[-117.7128,35.4615],[-117.7127,35.4614],[-117.7126,35.4613],[-117.7125,35.4612],[-117.7124,35.4611],[-117.7123,35.461],[-117.7122,35.4609],[-117.7122,35.4608],[-117.7121,35.4607],[-117.712,35.4606],[-117.712,35.4605],[-117.7119,35.4605],[-117.7119,35.4604],[-117.7118,35.4603],[-117.7118,35.4602],[-117.7118,35.4601],[-117.7117,35.4601],[-117.7117,35.46],[-117.7116,35.4599],[-117.7115,35.4598],[-117.7115,35.4597],[-117.7114,35.4596],[-117.7114,35.4595],[-117.7113,35.4594],[-117.7113,35.4593],[-117.7112,35.4592],[-117.7112,35.4591],[-117.7112,35.459],[-117.7111,35.4589],[-117.7111,35.4588],[-117.7111,35.4587],[-117.711,35.4586],[-117.7109,35.4585],[-117.7108,35.4585],[-117.7107,35.4584],[-117.7106,35.4584],[-117.7105,35.4583],[-117.7104,35.4583],[-117.7103,35.4582],[-117.7102,35.4582],[-117.7101,35.4581],[-117.7101,35.458],[-117.71,35.458],[-117.7099,35.4579],[-117.7098,35.4579],[-117.7098,35.4578],[-117.7097,35.4578],[-117.7096,35.4577],[-117.7095,35.4577],[-117.7095,35.4576],[-117.7094,35.4576],[-117.7094,35.4575],[-117.7093,35.4575]]}},{"type":"Feature","properties":{"id":null,"name":null,"kind":"road","access":"green","seasonal":false},"geometry":{"type":"LineString","coordinates":[[-117.739,35.4648],[-117.7391,35.4648],[-117.7391,35.4647],[-117.7392,35.4646],[-117.7392,35.4645],[-117.7393,35.4644],[-117.7394,35.4644],[-117.7394,35.4643],[-117.7395,35.4642],[-117.7396,35.4642],[-117.7397,35.4641],[-117.7398,35.4641],[-117.7399,35.4641],[-117.74,35.4641],[-117.7401,35.4641],[-117.7402,35.4641],[-117.7403,35.4641],[-117.7404,35.4641],[-117.7405,35.464],[-117.7406,35.4641],[-117.7407,35.4641],[-117.7408,35.4641],[-117.7409,35.4642],[-117.741,35.4643],[-117.7411,35.4643],[-117.7412,35.4644],[-117.7413,35.4644],[-117.7414,35.4645],[-117.7415,35.4645],[-117.7416,35.4645],[-117.7417,35.4645],[-117.7418,35.4645],[-117.7418,35.4644],[-117.7418,35.4643],[-117.7418,35.4642],[-117.7418,35.4641],[-117.7418,35.464],[-117.7417,35.4639],[-117.7417,35.4638],[-117.7417,35.4637],[-117.7417,35.4636],[-117.7416,35.4635],[-117.7416,35.4634],[-117.7416,35.4633],[-117.7416,35.4632],[-117.7415,35.4631],[-117.7414,35.463],[-117.7413,35.4629],[-117.7412,35.4628],[-117.7411,35.4628],[-117.741,35.4627],[-117.7409,35.4627],[-117.7408,35.4626],[-117.7407,35.4626],[-117.7406,35.4625],[-117.7405,35.4625],[-117.7405,35.4624],[-117.7404,35.4623],[-117.7403,35.4622],[-117.7403,35.4621]]}},{"type":"Feature","properties":{"id":null,"name":null,"kind":"road","access":"green","seasonal":false},"geometry":{"type":"LineString","coordinates":[[-117.6555,35.4491],[-117.6558,35.4491],[-117.6564,35.4492],[-117.6565,35.4492],[-117.657,35.4493],[-117.6576,35.4494],[-117.658,35.4494]]}},{"type":"Feature","properties":{"id":null,"name":null,"kind":"road","access":"green","seasonal":false},"geometry":{"type":"LineString","coordinates":[[-117.7377,35.4469],[-117.7378,35.4469],[-117.7378,35.447],[-117.7379,35.447],[-117.7379,35.4471],[-117.738,35.4471],[-117.7381,35.4472],[-117.7382,35.4472],[-117.7382,35.4473],[-117.7383,35.4473],[-117.7383,35.4474],[-117.7384,35.4475],[-117.7385,35.4475],[-117.7385,35.4476],[-117.7386,35.4476],[-117.7387,35.4477],[-117.7388,35.4477],[-117.7389,35.4478],[-117.739,35.4478],[-117.7391,35.4479],[-117.7392,35.4479],[-117.7393,35.4479],[-117.7394,35.448],[-117.7395,35.448],[-117.7395,35.4481],[-117.7396,35.4481],[-117.7397,35.4482],[-117.7398,35.4482],[-117.7399,35.4482],[-117.74,35.4482],[-117.7401,35.4482],[-117.7402,35.4481],[-117.7403,35.4481],[-117.7404,35.4481],[-117.7405,35.448],[-117.7406,35.448],[-117.7407,35.4479],[-117.7408,35.4479],[-117.7409,35.448],[-117.741,35.448],[-117.7411,35.448],[-117.7411,35.4481],[-117.7412,35.4481],[-117.7412,35.4482],[-117.7413,35.4483],[-117.7414,35.4483],[-117.7415,35.4484],[-117.7416,35.4484],[-117.7417,35.4485],[-117.7418,35.4485],[-117.7419,35.4485],[-117.742,35.4485],[-117.7421,35.4485],[-117.7422,35.4485],[-117.7423,35.4484],[-117.7424,35.4484],[-117.7425,35.4484],[-117.7426,35.4484],[-117.7427,35.4484],[-117.7428,35.4485],[-117.7429,35.4485],[-117.743,35.4485],[-117.7431,35.4485],[-117.7432,35.4485],[-117.7433,35.4485],[-117.7434,35.4485],[-117.7435,35.4485],[-117.7436,35.4485],[-117.7437,35.4485],[-117.7438,35.4485],[-117.7439,35.4485],[-117.744,35.4485],[-117.7441,35.4485],[-117.7442,35.4485],[-117.7443,35.4485],[-117.7443,35.4486],[-117.7444,35.4486],[-117.7445,35.4486],[-117.7445,35.4487],[-117.7446,35.4487],[-117.7447,35.4488],[-117.7448,35.4488],[-117.7448,35.4489],[-117.7449,35.4489],[-117.745,35.449],[-117.745,35.4491],[-117.7451,35.4491],[-117.7451,35.4492],[-117.7452,35.4492],[-117.7452,35.4493],[-117.7453,35.4493],[-117.7454,35.4493],[-117.7454,35.4494],[-117.7455,35.4495],[-117.7455,35.4496],[-117.7455,35.4497],[-117.7456,35.4497],[-117.7456,35.4498],[-117.7457,35.4499],[-117.7457,35.45],[-117.7458,35.45],[-117.7458,35.4501],[-117.7458,35.4502],[-117.7459,35.4502],[-117.7459,35.4503],[-117.746,35.4503],[-117.746,35.4504],[-117.746,35.4505],[-117.7461,35.4505],[-117.7461,35.4506],[-117.7462,35.4506],[-117.7462,35.4507],[-117.7463,35.4508],[-117.7464,35.4508],[-117.7464,35.4509],[-117.7465,35.4509],[-117.7465,35.451],[-117.7466,35.451],[-117.7466,35.4511],[-117.7466,35.4512],[-117.7467,35.4512],[-117.7467,35.4513],[-117.7468,35.4514],[-117.7468,35.4515],[-117.7468,35.4516],[-117.7468,35.4517],[-117.7468,35.4518]]}},{"type":"Feature","properties":{"id":null,"name":null,"kind":"road","access":"green","seasonal":false},"geometry":{"type":"LineString","coordinates":[[-117.909,35.457],[-117.909,35.4571]]}},{"type":"Feature","properties":{"id":null,"name":null,"kind":"road","access":"green","seasonal":false},"geometry":{"type":"LineString","coordinates":[[-117.8837,35.3633],[-117.8835,35.3634],[-117.8833,35.3635],[-117.883,35.3637],[-117.8826,35.364],[-117.8823,35.3642],[-117.8819,35.3644],[-117.8816,35.3646],[-117.8814,35.3647],[-117.8811,35.3648],[-117.8809,35.365],[-117.8807,35.3651],[-117.8799,35.3656],[-117.8794,35.366],[-117.8788,35.3665],[-117.8782,35.3668],[-117.8766,35.3677],[-117.8753,35.3685],[-117.8743,35.369],[-117.8734,35.3694],[-117.8722,35.3698],[-117.8711,35.3701],[-117.87,35.3704],[-117.8688,35.3707],[-117.8674,35.371],[-117.8669,35.3711],[-117.8664,35.3712],[-117.8658,35.3714],[-117.8654,35.3715]]}},{"type":"Feature","properties":{"id":null,"name":null,"kind":"road","access":"green","seasonal":false},"geometry":{"type":"LineString","coordinates":[[-117.6686,35.4675],[-117.6685,35.4675],[-117.6684,35.4675],[-117.6683,35.4674],[-117.6682,35.4674],[-117.6682,35.4673],[-117.6681,35.4673],[-117.668,35.4673],[-117.668,35.4672],[-117.6679,35.4672],[-117.6678,35.4672],[-117.6678,35.4671],[-117.6677,35.4671],[-117.6676,35.467],[-117.6675,35.467],[-117.6675,35.4669],[-117.6674,35.4669],[-117.6673,35.4668],[-117.6672,35.4668],[-117.6671,35.4667],[-117.667,35.4666],[-117.6669,35.4666],[-117.6668,35.4666],[-117.6667,35.4666],[-117.6666,35.4665],[-117.6665,35.4664],[-117.6664,35.4664],[-117.6663,35.4664],[-117.6662,35.4663],[-117.6661,35.4663],[-117.666,35.4662],[-117.6659,35.4662],[-117.6658,35.4661],[-117.6657,35.4661],[-117.6656,35.466],[-117.6655,35.466],[-117.6654,35.4659],[-117.6653,35.4659],[-117.6652,35.4658],[-117.6651,35.4658],[-117.665,35.4657],[-117.6649,35.4657],[-117.6647,35.4656],[-117.6646,35.4655],[-117.6644,35.4654],[-117.6642,35.4653],[-117.6641,35.4652],[-117.6639,35.4651],[-117.6637,35.465],[-117.6636,35.465],[-117.6634,35.4649],[-117.6632,35.4648],[-117.6631,35.4648],[-117.6629,35.4647],[-117.6627,35.4646],[-117.6626,35.4646],[-117.6624,35.4645],[-117.6624,35.4644],[-117.6623,35.4643],[-117.6623,35.4642],[-117.6622,35.4642],[-117.6622,35.4641],[-117.6621,35.464],[-117.662,35.464],[-117.6619,35.4639],[-117.6618,35.4639],[-117.6617,35.4638],[-117.6616,35.4638],[-117.6615,35.4638],[-117.6614,35.4637],[-117.6613,35.4637],[-117.6612,35.4637],[-117.6611,35.4636],[-117.661,35.4636],[-117.6609,35.4635],[-117.6608,35.4635],[-117.6608,35.4634],[-117.6607,35.4634],[-117.6606,35.4634],[-117.6605,35.4633],[-117.6604,35.4633],[-117.6604,35.4632],[-117.6603,35.4632],[-117.6602,35.4631],[-117.6601,35.4631],[-117.66,35.463],[-117.6599,35.463],[-117.6598,35.4629],[-117.6597,35.4629],[-117.6596,35.4628],[-117.6595,35.4628],[-117.6594,35.4627],[-117.6593,35.4627],[-117.6592,35.4626],[-117.6591,35.4626],[-117.659,35.4626],[-117.6589,35.4626],[-117.6588,35.4626],[-117.6587,35.4626],[-117.6585,35.4626],[-117.6584,35.4625],[-117.6583,35.4625],[-117.6582,35.4625],[-117.6581,35.4625],[-117.658,35.4625],[-117.6578,35.4626],[-117.6577,35.4626],[-117.6576,35.4626],[-117.6575,35.4626],[-117.6574,35.4626],[-117.6573,35.4626],[-117.6572,35.4625],[-117.6571,35.4625],[-117.657,35.4625],[-117.6569,35.4624],[-117.6567,35.4624],[-117.6566,35.4624],[-117.6565,35.4624],[-117.6564,35.4625],[-117.6562,35.4625],[-117.6561,35.4626],[-117.6559,35.4626],[-117.6558,35.4626],[-117.6556,35.4627],[-117.6555,35.4627],[-117.6554,35.4627],[-117.6552,35.4627]]}},{"type":"Feature","properties":{"id":null,"name":null,"kind":"road","access":"green","seasonal":false},"geometry":{"type":"LineString","coordinates":[[-117.6548,35.4815],[-117.6548,35.4814],[-117.655,35.4813],[-117.655,35.4812],[-117.6551,35.481]]}},{"type":"Feature","properties":{"id":null,"name":null,"kind":"road","access":"green","seasonal":false},"geometry":{"type":"LineString","coordinates":[[-117.6443,35.4481],[-117.6444,35.4481],[-117.6447,35.4481],[-117.6449,35.4481],[-117.6451,35.4481],[-117.6453,35.448],[-117.6455,35.4479],[-117.6457,35.4479],[-117.646,35.4478]]}},{"type":"Feature","properties":{"id":null,"name":null,"kind":"road","access":"green","seasonal":false},"geometry":{"type":"LineString","coordinates":[[-117.7723,35.447],[-117.7722,35.447],[-117.7722,35.4471],[-117.7722,35.4472],[-117.7721,35.4472],[-117.7721,35.4473],[-117.7721,35.4474],[-117.772,35.4474],[-117.772,35.4475],[-117.772,35.4476],[-117.7719,35.4476],[-117.7718,35.4477],[-117.7717,35.4477],[-117.7717,35.4478],[-117.7716,35.4478],[-117.7715,35.4478],[-117.7715,35.4479],[-117.7714,35.4479],[-117.7713,35.4479],[-117.7712,35.4479],[-117.7711,35.4479],[-117.771,35.4479],[-117.7709,35.4479],[-117.7708,35.4479],[-117.7707,35.448],[-117.7706,35.448],[-117.7705,35.448],[-117.7704,35.4481],[-117.7703,35.4481],[-117.7702,35.4481],[-117.7701,35.4481],[-117.7701,35.4482],[-117.77,35.4482],[-117.7699,35.4482],[-117.7698,35.4482],[-117.7697,35.4482],[-117.7696,35.4482],[-117.7695,35.4482],[-117.7694,35.4482],[-117.7693,35.4482],[-117.7692,35.4482],[-117.7691,35.4482],[-117.769,35.4482],[-117.7689,35.4481],[-117.7688,35.4481],[-117.7687,35.4481],[-117.7686,35.4481],[-117.7685,35.4481],[-117.7684,35.4481],[-117.7683,35.4481],[-117.7682,35.4481],[-117.7681,35.4481],[-117.768,35.448],[-117.7679,35.448],[-117.7678,35.448],[-117.7677,35.448],[-117.7676,35.448],[-117.7675,35.4479],[-117.7674,35.4479],[-117.7673,35.4479],[-117.7673,35.4478],[-117.7673,35.4477],[-117.7673,35.4476],[-117.7673,35.4475],[-117.7673,35.4474],[-117.7673,35.4473],[-117.7673,35.4472],[-117.7673,35.4471],[-117.7672,35.447],[-117.7671,35.447],[-117.767,35.447],[-117.767,35.4469],[-117.7669,35.4469],[-117.7668,35.4468],[-117.7667,35.4468],[-117.7667,35.4467],[-117.7666,35.4467],[-117.7666,35.4466],[-117.7665,35.4465],[-117.7665,35.4464],[-117.7664,35.4464],[-117.7664,35.4463],[-117.7663,35.4463],[-117.7663,35.4462],[-117.7662,35.4461],[-117.7662,35.446],[-117.7662,35.4459]]}},{"type":"Feature","properties":{"id":null,"name":null,"kind":"road","access":"green","seasonal":false},"geometry":{"type":"LineString","coordinates":[[-117.8263,35.4426],[-117.8263,35.4429],[-117.8262,35.443],[-117.8262,35.4431],[-117.8262,35.4433],[-117.8264,35.4434],[-117.8268,35.4435],[-117.827,35.4437],[-117.8273,35.4438],[-117.8275,35.444],[-117.8277,35.4441],[-117.8278,35.4442],[-117.8278,35.4443],[-117.8278,35.4444],[-117.8276,35.4444]]}},{"type":"Feature","properties":{"id":null,"name":null,"kind":"road","access":"green","seasonal":false},"geometry":{"type":"LineString","coordinates":[[-117.7062,35.4668],[-117.7061,35.4668],[-117.706,35.4668],[-117.7059,35.4669],[-117.7059,35.467],[-117.7058,35.467],[-117.7058,35.4671],[-117.7058,35.4672],[-117.7057,35.4672],[-117.7057,35.4673],[-117.7056,35.4673],[-117.7055,35.4674],[-117.7054,35.4675],[-117.7054,35.4676]]}},{"type":"Feature","properties":{"id":null,"name":null,"kind":"road","access":"green","seasonal":false},"geometry":{"type":"LineString","coordinates":[[-117.6633,35.5001],[-117.6632,35.4998]]}},{"type":"Feature","properties":{"id":null,"name":null,"kind":"road","access":"green","seasonal":false},"geometry":{"type":"LineString","coordinates":[[-117.6479,35.4457],[-117.648,35.4459],[-117.6481,35.446],[-117.6483,35.4461],[-117.6484,35.4461],[-117.6486,35.4462]]}},{"type":"Feature","properties":{"id":null,"name":null,"kind":"road","access":"green","seasonal":false},"geometry":{"type":"LineString","coordinates":[[-117.8772,35.409],[-117.8773,35.409],[-117.8774,35.4089],[-117.8775,35.4089],[-117.8776,35.4089],[-117.8777,35.4089],[-117.8778,35.4089],[-117.8779,35.4089],[-117.878,35.4089],[-117.8781,35.409],[-117.8782,35.409],[-117.8783,35.409],[-117.8784,35.4091],[-117.8785,35.4091],[-117.8786,35.4092],[-117.8787,35.4092],[-117.8788,35.4093],[-117.8789,35.4093],[-117.879,35.4093],[-117.8791,35.4094],[-117.8792,35.4094],[-117.8793,35.4094],[-117.8794,35.4094],[-117.8795,35.4095],[-117.8796,35.4095],[-117.8797,35.4096],[-117.8798,35.4096],[-117.8799,35.4096],[-117.88,35.4097],[-117.8801,35.4097],[-117.8802,35.4097],[-117.8804,35.4097],[-117.8805,35.4097],[-117.8805,35.4098],[-117.8806,35.4098],[-117.8806,35.4099],[-117.8807,35.4099],[-117.8807,35.41],[-117.8808,35.4101],[-117.8809,35.4102],[-117.881,35.4103],[-117.8811,35.4104],[-117.8812,35.4105],[-117.8813,35.4105],[-117.8814,35.4106],[-117.8815,35.4106],[-117.8815,35.4107],[-117.8816,35.4107],[-117.8817,35.4108],[-117.8818,35.4108],[-117.8819,35.4109],[-117.882,35.4109],[-117.8821,35.411],[-117.8822,35.411],[-117.8823,35.411],[-117.8823,35.4111],[-117.8824,35.4111],[-117.8825,35.4111],[-117.8825,35.4112],[-117.8826,35.4112],[-117.8827,35.4112],[-117.8827,35.4113],[-117.8828,35.4113],[-117.8829,35.4114],[-117.883,35.4114],[-117.8831,35.4114],[-117.8831,35.4115],[-117.8832,35.4115],[-117.8833,35.4116],[-117.8834,35.4116],[-117.8834,35.4117],[-117.8835,35.4117],[-117.8836,35.4117],[-117.8836,35.4118],[-117.8837,35.4118],[-117.8837,35.4119],[-117.8838,35.4119],[-117.8838,35.412],[-117.8839,35.4121],[-117.8839,35.4122],[-117.884,35.4122],[-117.884,35.4123],[-117.884,35.4124],[-117.8841,35.4124],[-117.8841,35.4125],[-117.8842,35.4126],[-117.8842,35.4127],[-117.8843,35.4127],[-117.8843,35.4128],[-117.8844,35.4128],[-117.8845,35.4129],[-117.8846,35.4129],[-117.8847,35.4129],[-117.8848,35.4129],[-117.8849,35.413],[-117.885,35.413],[-117.8851,35.413],[-117.8852,35.413],[-117.8852,35.4131],[-117.8853,35.4131],[-117.8854,35.4131],[-117.8855,35.4131],[-117.8855,35.4132],[-117.8856,35.4132],[-117.8857,35.4132],[-117.8859,35.4132],[-117.886,35.4132],[-117.8861,35.4132],[-117.8862,35.4132],[-117.8863,35.4133],[-117.8864,35.4133],[-117.8865,35.4132],[-117.8865,35.4133],[-117.8866,35.4133],[-117.8867,35.4134],[-117.8868,35.4135],[-117.8869,35.4136],[-117.8869,35.4137],[-117.887,35.4137],[-117.887,35.4138],[-117.887,35.4139],[-117.8871,35.414],[-117.8871,35.4141],[-117.8871,35.4142],[-117.8871,35.4143],[-117.8871,35.4144],[-117.887,35.4145],[-117.887,35.4146],[-117.887,35.4147],[-117.887,35.4148],[-117.8869,35.4148],[-117.8869,35.4149],[-117.8869,35.415],[-117.887,35.4151],[-117.887,35.4152],[-117.8871,35.4153],[-117.8872,35.4153],[-117.8873,35.4154],[-117.8873,35.4155],[-117.8874,35.4155],[-117.8875,35.4155],[-117.8876,35.4156],[-117.8877,35.4157],[-117.8878,35.4158],[-117.8878,35.4159],[-117.8879,35.4159],[-117.8879,35.416],[-117.8879,35.4161]]}},{"type":"Feature","properties":{"id":null,"name":null,"kind":"road","access":"green","seasonal":false},"geometry":{"type":"LineString","coordinates":[[-117.7854,35.4686],[-117.7854,35.4687],[-117.7853,35.4688],[-117.7853,35.4689],[-117.7853,35.469],[-117.7852,35.4691],[-117.7851,35.4692],[-117.7851,35.4693],[-117.7851,35.4694],[-117.785,35.4694],[-117.785,35.4695],[-117.7849,35.4695],[-117.7849,35.4696],[-117.7849,35.4697],[-117.7848,35.4698],[-117.7848,35.47],[-117.7848,35.4701],[-117.7848,35.4702],[-117.7849,35.4703],[-117.7849,35.4704],[-117.7849,35.4706],[-117.785,35.4707],[-117.785,35.4708],[-117.785,35.4709],[-117.785,35.471]]}},{"type":"Feature","properties":{"id":null,"name":null,"kind":"road","access":"green","seasonal":false},"geometry":{"type":"LineString","coordinates":[[-117.6486,35.4462],[-117.6489,35.4463],[-117.649,35.4464],[-117.6492,35.4465],[-117.6494,35.4467],[-117.6495,35.4468],[-117.6497,35.447],[-117.6497,35.4471],[-117.6497,35.4473],[-117.6495,35.4474],[-117.6494,35.4476],[-117.6494,35.4478],[-117.6493,35.4478],[-117.6493,35.4479],[-117.6494,35.4479],[-117.6494,35.448],[-117.6495,35.4481],[-117.6496,35.4482]]}},{"type":"Feature","properties":{"id":null,"name":null,"kind":"road","access":"green","seasonal":false},"geometry":{"type":"LineString","coordinates":[[-117.8292,35.4161],[-117.8292,35.416],[-117.8293,35.4159],[-117.8293,35.4158],[-117.8294,35.4157],[-117.8294,35.4156],[-117.8294,35.4155],[-117.8295,35.4154],[-117.8295,35.4153],[-117.8295,35.4152],[-117.8296,35.4152],[-117.8297,35.4151],[-117.8298,35.415],[-117.8299,35.4149],[-117.83,35.4148],[-117.8301,35.4148],[-117.8302,35.4147],[-117.8303,35.4146],[-117.8304,35.4146],[-117.8305,35.4145],[-117.8306,35.4145],[-117.8307,35.4144],[-117.8308,35.4143],[-117.8309,35.4142],[-117.831,35.4142],[-117.8311,35.4141],[-117.8312,35.414],[-117.8313,35.414],[-117.8314,35.4139],[-117.8315,35.4138],[-117.8316,35.4138],[-117.8318,35.4137],[-117.8319,35.4137],[-117.832,35.4137],[-117.8321,35.4137],[-117.8322,35.4137],[-117.8323,35.4137],[-117.8325,35.4136],[-117.8326,35.4136],[-117.8328,35.4136],[-117.8329,35.4136],[-117.833,35.4136],[-117.8332,35.4136],[-117.8333,35.4136],[-117.8335,35.4135],[-117.8336,35.4135],[-117.8337,35.4135],[-117.8338,35.4134],[-117.834,35.4134],[-117.8341,35.4134],[-117.8342,35.4134],[-117.8344,35.4134],[-117.8345,35.4134],[-117.8347,35.4134],[-117.8348,35.4134],[-117.8349,35.4134],[-117.835,35.4135],[-117.8351,35.4135],[-117.8353,35.4136],[-117.8354,35.4136],[-117.8356,35.4137],[-117.8357,35.4137],[-117.8359,35.4138],[-117.836,35.4138],[-117.8361,35.4139],[-117.8361,35.414],[-117.8361,35.4141],[-117.8361,35.4142],[-117.8362,35.4143],[-117.8362,35.4144],[-117.8363,35.4145],[-117.8364,35.4146],[-117.8365,35.4147],[-117.8366,35.4148],[-117.8367,35.4149],[-117.8368,35.415],[-117.8369,35.415],[-117.8369,35.4151],[-117.837,35.4151],[-117.8371,35.4152],[-117.8372,35.4153],[-117.8373,35.4154],[-117.8374,35.4154],[-117.8375,35.4155],[-117.8376,35.4155],[-117.8378,35.4155],[-117.8379,35.4156],[-117.838,35.4156],[-117.8381,35.4156],[-117.8382,35.4156],[-117.8384,35.4157],[-117.8385,35.4157],[-117.8386,35.4158],[-117.8388,35.4158],[-117.8389,35.4158],[-117.8391,35.4159],[-117.8392,35.4159],[-117.8394,35.4158],[-117.8396,35.4158],[-117.8398,35.4158],[-117.8399,35.4157],[-117.8401,35.4158],[-117.8402,35.4158],[-117.8404,35.4158],[-117.8405,35.4159],[-117.8406,35.4159],[-117.8407,35.416],[-117.8408,35.416],[-117.841,35.4161],[-117.8411,35.4161],[-117.8412,35.4162],[-117.8413,35.4162],[-117.8415,35.4163],[-117.8416,35.4164],[-117.8418,35.4165],[-117.8419,35.4166],[-117.842,35.4166],[-117.8421,35.4167],[-117.8422,35.4168],[-117.8423,35.4168],[-117.8424,35.4169],[-117.8425,35.4169],[-117.8427,35.4169],[-117.8427,35.417],[-117.8428,35.417],[-117.843,35.4169],[-117.8431,35.4169],[-117.8432,35.4168],[-117.8433,35.4167],[-117.8434,35.4167]]}},{"type":"Feature","properties":{"id":null,"name":null,"kind":"road","access":"green","seasonal":false},"geometry":{"type":"LineString","coordinates":[[-117.8831,35.3696],[-117.883,35.3695],[-117.8829,35.3694],[-117.8827,35.3693],[-117.8826,35.3693],[-117.8824,35.3692]]}},{"type":"Feature","properties":{"id":null,"name":null,"kind":"road","access":"green","seasonal":false},"geometry":{"type":"LineString","coordinates":[[-117.7995,35.4453],[-117.799,35.4451],[-117.7989,35.4451],[-117.7988,35.4451],[-117.7987,35.4451],[-117.7986,35.445],[-117.7985,35.445],[-117.7984,35.445],[-117.7983,35.445],[-117.7982,35.4449],[-117.7968,35.4444],[-117.7967,35.4444],[-117.7966,35.4444],[-117.7965,35.4444],[-117.7964,35.4444],[-117.7963,35.4444],[-117.7962,35.4443],[-117.7961,35.4443],[-117.796,35.4443],[-117.7959,35.4443],[-117.7959,35.4442],[-117.7958,35.4442],[-117.7957,35.4442],[-117.7956,35.4442],[-117.7956,35.4441],[-117.7955,35.4441],[-117.7954,35.4441],[-117.7953,35.4441],[-117.7953,35.444],[-117.7952,35.444],[-117.7951,35.444],[-117.795,35.444],[-117.7949,35.444],[-117.7948,35.4439],[-117.7947,35.4439],[-117.7946,35.4439],[-117.7945,35.4439],[-117.7944,35.4438],[-117.7943,35.4438],[-117.7942,35.4438],[-117.7941,35.4438],[-117.794,35.4438],[-117.7939,35.4438],[-117.7938,35.4438],[-117.7937,35.4437],[-117.7936,35.4437],[-117.7935,35.4437],[-117.7934,35.4437],[-117.7933,35.4437],[-117.7932,35.4437],[-117.7931,35.4437],[-117.793,35.4437],[-117.7929,35.4437],[-117.7928,35.4437],[-117.7927,35.4437],[-117.7926,35.4437],[-117.7925,35.4437],[-117.7924,35.4437],[-117.7923,35.4437],[-117.7922,35.4437],[-117.7921,35.4437],[-117.792,35.4437],[-117.7919,35.4437],[-117.7918,35.4437],[-117.7917,35.4437],[-117.7916,35.4437],[-117.7915,35.4437],[-117.7914,35.4437],[-117.7914,35.4436],[-117.7913,35.4436],[-117.7912,35.4436],[-117.7911,35.4436],[-117.791,35.4436],[-117.791,35.4435],[-117.7909,35.4435],[-117.7908,35.4435],[-117.7908,35.4434],[-117.7907,35.4434],[-117.7906,35.4433]]}},{"type":"Feature","properties":{"id":null,"name":null,"kind":"road","access":"green","seasonal":false},"geometry":{"type":"LineString","coordinates":[[-117.8367,35.4422],[-117.8368,35.4421],[-117.8368,35.442],[-117.8369,35.4419],[-117.8369,35.4418],[-117.837,35.4417],[-117.8371,35.4416],[-117.8371,35.4414],[-117.8372,35.4413],[-117.8372,35.4412],[-117.8373,35.441],[-117.8373,35.4409],[-117.8372,35.4408],[-117.8373,35.4406],[-117.8373,35.4405],[-117.8374,35.4404],[-117.8374,35.4403],[-117.8374,35.4402],[-117.8374,35.4401],[-117.8374,35.4399],[-117.8375,35.4398],[-117.8376,35.4397],[-117.8377,35.4395],[-117.8377,35.4394],[-117.8378,35.4393],[-117.8379,35.4392],[-117.8379,35.4391],[-117.838,35.4389],[-117.8381,35.4388],[-117.8381,35.4387],[-117.8382,35.4386],[-117.8383,35.4385],[-117.8384,35.4384],[-117.8385,35.4383],[-117.8385,35.4382],[-117.8386,35.438],[-117.8387,35.4379],[-117.8388,35.4378],[-117.8389,35.4377],[-117.839,35.4376],[-117.8391,35.4376],[-117.8392,35.4375],[-117.8392,35.4374],[-117.8392,35.4373],[-117.8393,35.4372],[-117.8394,35.4372],[-117.8395,35.4371],[-117.8396,35.4371],[-117.8396,35.437],[-117.8396,35.4369],[-117.8396,35.4368],[-117.8395,35.4367],[-117.8395,35.4366],[-117.8396,35.4365],[-117.8396,35.4364],[-117.8397,35.4363],[-117.8398,35.4362],[-117.8398,35.4361],[-117.8399,35.436],[-117.8399,35.4358],[-117.8399,35.4357],[-117.8399,35.4356],[-117.8399,35.4355],[-117.8399,35.4354]]}},{"type":"Feature","properties":{"id":null,"name":null,"kind":"road","access":"green","seasonal":false},"geometry":{"type":"LineString","coordinates":[[-117.6998,35.464],[-117.6998,35.4639],[-117.6999,35.4639],[-117.7,35.4639],[-117.7001,35.4639],[-117.7002,35.4638],[-117.7003,35.4638],[-117.7004,35.4638],[-117.7005,35.4637],[-117.7006,35.4637],[-117.7007,35.4636],[-117.7008,35.4636],[-117.7009,35.4636],[-117.701,35.4635],[-117.7011,35.4635],[-117.7012,35.4635],[-117.7013,35.4634],[-117.7014,35.4634],[-117.7015,35.4634],[-117.7016,35.4634],[-117.7016,35.4633],[-117.7016,35.4632],[-117.7017,35.4632],[-117.7017,35.4631],[-117.7017,35.463],[-117.7018,35.4629],[-117.7018,35.4628],[-117.7018,35.4627],[-117.7018,35.4626],[-117.7018,35.4625],[-117.7018,35.4624],[-117.7019,35.4623],[-117.7019,35.4622],[-117.7019,35.4621],[-117.702,35.4621],[-117.7021,35.4621],[-117.7022,35.462],[-117.7023,35.462],[-117.7024,35.462],[-117.7025,35.462],[-117.7025,35.4619],[-117.7026,35.4619],[-117.7027,35.4619],[-117.7028,35.4618],[-117.7029,35.4618],[-117.703,35.4617],[-117.7031,35.4617],[-117.7032,35.4617],[-117.7033,35.4618],[-117.7034,35.4618],[-117.7034,35.4617],[-117.7035,35.4617],[-117.7036,35.4617],[-117.7037,35.4618],[-117.7038,35.4618],[-117.7039,35.4618],[-117.704,35.4618],[-117.7041,35.4618],[-117.7042,35.4618],[-117.7042,35.4619],[-117.7043,35.4619],[-117.7043,35.462],[-117.7044,35.462],[-117.7045,35.462],[-117.7045,35.4619],[-117.7045,35.4618],[-117.7045,35.4617],[-117.7045,35.4616],[-117.7045,35.4615],[-117.7046,35.4615],[-117.7047,35.4615],[-117.7047,35.4614],[-117.7048,35.4614],[-117.7049,35.4613],[-117.705,35.4612],[-117.7051,35.4611],[-117.7052,35.461],[-117.7052,35.4609],[-117.7053,35.4608],[-117.7053,35.4607],[-117.7053,35.4606],[-117.7053,35.4605],[-117.7053,35.4604],[-117.7053,35.4603],[-117.7053,35.4602],[-117.7054,35.4602],[-117.7054,35.4601],[-117.7054,35.46],[-117.7054,35.4599],[-117.7054,35.4598],[-117.7054,35.4597],[-117.7054,35.4596],[-117.7054,35.4595],[-117.7054,35.4594],[-117.7054,35.4593],[-117.7054,35.4592],[-117.7054,35.4591],[-117.7054,35.459],[-117.7054,35.4589],[-117.7054,35.4588],[-117.7054,35.4587],[-117.7054,35.4586],[-117.7054,35.4585],[-117.7054,35.4584],[-117.7054,35.4583],[-117.7054,35.4582],[-117.7054,35.4581],[-117.7054,35.458],[-117.7054,35.4579],[-117.7054,35.4578],[-117.7055,35.4578],[-117.7055,35.4577],[-117.7056,35.4577],[-117.7056,35.4576],[-117.7057,35.4575],[-117.7057,35.4574],[-117.7057,35.4573],[-117.7057,35.4572],[-117.7057,35.4571],[-117.7057,35.457],[-117.7058,35.457],[-117.7058,35.4569],[-117.7059,35.4568],[-117.706,35.4568],[-117.706,35.4567],[-117.7061,35.4567],[-117.7061,35.4566],[-117.7062,35.4566],[-117.7062,35.4565],[-117.7063,35.4565]]}},{"type":"Feature","properties":{"id":null,"name":null,"kind":"road","access":"green","seasonal":false},"geometry":{"type":"LineString","coordinates":[[-117.7461,35.4322],[-117.7462,35.4325],[-117.7462,35.4326],[-117.7462,35.4327],[-117.7462,35.4328],[-117.7463,35.4329],[-117.7463,35.433],[-117.7463,35.4331],[-117.7463,35.4332],[-117.7464,35.4333],[-117.7464,35.4334],[-117.7464,35.4335],[-117.7464,35.4336],[-117.7464,35.4337],[-117.7464,35.4338],[-117.7464,35.4339],[-117.7463,35.434],[-117.7463,35.4341],[-117.7463,35.4342],[-117.7463,35.4343],[-117.7463,35.4344],[-117.7463,35.4345],[-117.7463,35.4346],[-117.7463,35.4347],[-117.7463,35.4348],[-117.7463,35.4349],[-117.7463,35.435],[-117.7464,35.435],[-117.7464,35.4351],[-117.7465,35.4352],[-117.7465,35.4353],[-117.7466,35.4354],[-117.7466,35.4355],[-117.7467,35.4356],[-117.7467,35.4357],[-117.7468,35.4357],[-117.7468,35.4358],[-117.7469,35.4359],[-117.747,35.436],[-117.747,35.4361],[-117.7471,35.4361],[-117.7472,35.4362],[-117.7473,35.4363],[-117.7474,35.4364],[-117.7475,35.4365],[-117.7476,35.4366],[-117.7477,35.4366],[-117.7478,35.4367],[-117.7479,35.4368],[-117.748,35.4369],[-117.7481,35.4369],[-117.7482,35.437],[-117.7483,35.437],[-117.7484,35.4371],[-117.7485,35.4371],[-117.7486,35.4372],[-117.7487,35.4373],[-117.7488,35.4374],[-117.7489,35.4374],[-117.749,35.4375],[-117.7491,35.4375],[-117.7492,35.4376],[-117.7493,35.4376],[-117.7493,35.4377],[-117.7494,35.4378],[-117.7495,35.4379],[-117.7496,35.4379],[-117.7498,35.4379],[-117.7499,35.438],[-117.75,35.438],[-117.7501,35.438],[-117.7502,35.438],[-117.7503,35.438],[-117.7504,35.438],[-117.7505,35.438],[-117.7506,35.4379],[-117.7507,35.4379],[-117.7508,35.4379],[-117.751,35.4379],[-117.7511,35.4379],[-117.7512,35.4379],[-117.7513,35.438],[-117.7515,35.438],[-117.7516,35.438],[-117.7517,35.438],[-117.7518,35.438],[-117.7519,35.438],[-117.752,35.438],[-117.7521,35.4381],[-117.7522,35.4381],[-117.7523,35.4381],[-117.7524,35.4381],[-117.7526,35.4381],[-117.7527,35.4381],[-117.7528,35.4381],[-117.7529,35.4381],[-117.753,35.4381],[-117.7531,35.4382]]}},{"type":"Feature","properties":{"id":null,"name":null,"kind":"road","access":"green","seasonal":false},"geometry":{"type":"LineString","coordinates":[[-117.6683,35.4516],[-117.6682,35.4516],[-117.6682,35.4517],[-117.6681,35.4517],[-117.6681,35.4518],[-117.668,35.4518],[-117.6679,35.4519],[-117.6678,35.4519],[-117.6677,35.4519],[-117.6676,35.4519],[-117.6675,35.4519],[-117.6674,35.4519],[-117.6673,35.4519],[-117.6672,35.4519],[-117.6671,35.4519],[-117.667,35.4519],[-117.6669,35.4519],[-117.6668,35.4519],[-117.6667,35.4519]]}},{"type":"Feature","properties":{"id":null,"name":null,"kind":"road","access":"green","seasonal":false},"geometry":{"type":"LineString","coordinates":[[-117.8795,35.452],[-117.8794,35.452],[-117.8793,35.452],[-117.8792,35.452],[-117.8791,35.452],[-117.879,35.4521],[-117.879,35.4522],[-117.879,35.4524],[-117.8789,35.4525],[-117.8788,35.4527],[-117.8787,35.4528],[-117.8786,35.4529],[-117.8786,35.4531],[-117.8787,35.4531],[-117.8788,35.4531],[-117.8789,35.4531],[-117.879,35.4531],[-117.8791,35.4531],[-117.8791,35.453],[-117.8792,35.4529],[-117.8792,35.4528],[-117.8793,35.4527],[-117.8793,35.4526],[-117.8793,35.4525],[-117.8794,35.4524],[-117.8794,35.4523],[-117.8794,35.4522],[-117.8795,35.4521],[-117.8795,35.452]]}},{"type":"Feature","properties":{"id":null,"name":null,"kind":"road","access":"green","seasonal":false},"geometry":{"type":"LineString","coordinates":[[-117.7083,35.4975],[-117.7084,35.4974],[-117.7084,35.4973],[-117.7084,35.4971],[-117.7085,35.497],[-117.7085,35.4968],[-117.7086,35.4967],[-117.7086,35.4966],[-117.7087,35.4964],[-117.7087,35.4963],[-117.7088,35.4961],[-117.7088,35.496],[-117.7089,35.4958],[-117.7089,35.4957],[-117.7089,35.4955],[-117.7089,35.4954],[-117.7089,35.4953],[-117.7089,35.4952],[-117.7089,35.4951],[-117.7089,35.495],[-117.7089,35.4949],[-117.7089,35.4948],[-117.7089,35.4947],[-117.7089,35.4946],[-117.7089,35.4945],[-117.7089,35.4944],[-117.7089,35.4943],[-117.7089,35.4942],[-117.7089,35.4941],[-117.7089,35.4938],[-117.7089,35.4936],[-117.7089,35.4935],[-117.709,35.4933],[-117.709,35.4932],[-117.709,35.4931],[-117.709,35.493],[-117.709,35.4929],[-117.7091,35.4928],[-117.7091,35.4927],[-117.7091,35.4926],[-117.7091,35.4925],[-117.7091,35.4924],[-117.7091,35.4923],[-117.7091,35.4922],[-117.7092,35.4921],[-117.7092,35.4919],[-117.7092,35.4918],[-117.7092,35.4916],[-117.7092,35.4914],[-117.7093,35.4913],[-117.7093,35.4911],[-117.7093,35.491],[-117.7093,35.4908],[-117.7093,35.4907],[-117.7093,35.4906],[-117.7094,35.4904],[-117.7094,35.4903],[-117.7094,35.4902],[-117.7095,35.4901],[-117.7095,35.49]]}},{"type":"Feature","properties":{"id":null,"name":null,"kind":"road","access":"green","seasonal":false},"geometry":{"type":"LineString","coordinates":[[-117.6314,35.3708],[-117.6313,35.371],[-117.6311,35.3712]]}},{"type":"Feature","properties":{"id":null,"name":null,"kind":"road","access":"green","seasonal":false},"geometry":{"type":"LineString","coordinates":[[-117.8043,35.4583],[-117.8044,35.4584],[-117.8044,35.4585],[-117.8044,35.4586],[-117.8045,35.4586],[-117.8045,35.4587],[-117.8045,35.4588],[-117.8045,35.4589],[-117.8045,35.459],[-117.8045,35.4591],[-117.8046,35.4591],[-117.8046,35.4592],[-117.8047,35.4592],[-117.8047,35.4593],[-117.8048,35.4594],[-117.8049,35.4594],[-117.8049,35.4595],[-117.805,35.4595],[-117.805,35.4596],[-117.8051,35.4596],[-117.8051,35.4597]]}},{"type":"Feature","properties":{"id":null,"name":null,"kind":"road","access":"green","seasonal":false},"geometry":{"type":"LineString","coordinates":[[-117.8839,35.4266],[-117.8838,35.4265],[-117.8837,35.4265],[-117.8836,35.4264],[-117.8836,35.4263],[-117.8835,35.4263],[-117.8834,35.4262],[-117.8833,35.4261],[-117.8832,35.4261],[-117.883,35.426],[-117.8829,35.426],[-117.8827,35.4259],[-117.8826,35.4258],[-117.8824,35.4257],[-117.8822,35.4257],[-117.8821,35.4256],[-117.882,35.4255],[-117.8818,35.4254],[-117.8817,35.4253],[-117.8815,35.4252],[-117.8814,35.4252],[-117.8812,35.4251],[-117.8811,35.425],[-117.8809,35.4249],[-117.8808,35.4248],[-117.8806,35.4248],[-117.8805,35.4247],[-117.8804,35.4245],[-117.8803,35.4244],[-117.8801,35.4243],[-117.8801,35.4242],[-117.88,35.424],[-117.8799,35.4239],[-117.8798,35.4238],[-117.8798,35.4237],[-117.8797,35.4236],[-117.8796,35.4235],[-117.8795,35.4234],[-117.8794,35.4233],[-117.8793,35.4232],[-117.8792,35.4231],[-117.8791,35.423],[-117.879,35.4229],[-117.8788,35.4228],[-117.8787,35.4226],[-117.8785,35.4225],[-117.8784,35.4224],[-117.8783,35.4223],[-117.8782,35.4221],[-117.8781,35.422],[-117.8781,35.4218],[-117.878,35.4216],[-117.8779,35.4215],[-117.8779,35.4213],[-117.8778,35.4212],[-117.8778,35.421],[-117.8777,35.421],[-117.8777,35.4209],[-117.8777,35.4208],[-117.8776,35.4207],[-117.8775,35.4207],[-117.8774,35.4206],[-117.8773,35.4205],[-117.8772,35.4204],[-117.8771,35.4203],[-117.8769,35.4202],[-117.8769,35.4201],[-117.8768,35.42],[-117.8768,35.4199],[-117.8768,35.4198],[-117.8767,35.4197],[-117.8767,35.4195],[-117.8767,35.4194],[-117.8766,35.4193],[-117.8766,35.4192],[-117.8766,35.4191],[-117.8767,35.419],[-117.8767,35.4188],[-117.8767,35.4187],[-117.8768,35.4186],[-117.8769,35.4185],[-117.877,35.4184],[-117.8771,35.4184],[-117.8771,35.4182],[-117.8771,35.4181],[-117.8771,35.418],[-117.8771,35.4179],[-117.8771,35.4178],[-117.8772,35.4176],[-117.8772,35.4175],[-117.8772,35.4174],[-117.8771,35.4172],[-117.8771,35.4171],[-117.8771,35.417],[-117.8771,35.4169],[-117.8771,35.4168],[-117.8772,35.4167],[-117.8771,35.4166],[-117.8771,35.4165],[-117.877,35.4164],[-117.8769,35.4164],[-117.8769,35.4163],[-117.8768,35.4162],[-117.8768,35.4161],[-117.8767,35.4159],[-117.8767,35.4158],[-117.8766,35.4157],[-117.8766,35.4156],[-117.8765,35.4155],[-117.8765,35.4154],[-117.8765,35.4153],[-117.8765,35.4152],[-117.8765,35.4151],[-117.8765,35.415],[-117.8765,35.4149],[-117.8765,35.4147],[-117.8765,35.4146],[-117.8764,35.4145],[-117.8764,35.4144],[-117.8763,35.4143],[-117.8763,35.4142],[-117.8762,35.4142],[-117.8761,35.4141],[-117.8761,35.414],[-117.8761,35.4139],[-117.876,35.4138],[-117.876,35.4137],[-117.8759,35.4137],[-117.8758,35.4136],[-117.8757,35.4135],[-117.8756,35.4134],[-117.8755,35.4134],[-117.8754,35.4134],[-117.8753,35.4134],[-117.8752,35.4133],[-117.8752,35.4132],[-117.8751,35.4132],[-117.8751,35.4131],[-117.875,35.4131],[-117.875,35.413]]}},{"type":"Feature","properties":{"id":null,"name":null,"kind":"road","access":"green","seasonal":false},"geometry":{"type":"LineString","coordinates":[[-117.6742,35.4695],[-117.6743,35.4694],[-117.6743,35.4693],[-117.6743,35.4692],[-117.6744,35.4692],[-117.6745,35.4691],[-117.6745,35.469],[-117.6746,35.469],[-117.6746,35.4689],[-117.6747,35.4689],[-117.6747,35.4688],[-117.6748,35.4688],[-117.6748,35.4687],[-117.6749,35.4687],[-117.6749,35.4686],[-117.6749,35.4685],[-117.675,35.4685],[-117.675,35.4684],[-117.6751,35.4684],[-117.6752,35.4684],[-117.6752,35.4683],[-117.6753,35.4683],[-117.6753,35.4682],[-117.6754,35.4682],[-117.6754,35.4681],[-117.6755,35.468],[-117.6756,35.4679],[-117.6757,35.4679],[-117.6757,35.4678],[-117.6758,35.4677],[-117.6759,35.4676],[-117.676,35.4675],[-117.6761,35.4674],[-117.6762,35.4673],[-117.6763,35.4672],[-117.6764,35.4671],[-117.6764,35.467],[-117.6765,35.467],[-117.6765,35.4669],[-117.6766,35.4669],[-117.6766,35.4668],[-117.6767,35.4668],[-117.6767,35.4667],[-117.6768,35.4667],[-117.6768,35.4666],[-117.6769,35.4666],[-117.6769,35.4665],[-117.677,35.4665],[-117.6771,35.4664],[-117.6771,35.4663],[-117.6772,35.4662],[-117.6773,35.4662],[-117.6773,35.4661],[-117.6774,35.466],[-117.6775,35.4659],[-117.6775,35.4658],[-117.6776,35.4657],[-117.6777,35.4657],[-117.6777,35.4656],[-117.6778,35.4655],[-117.6778,35.4654],[-117.6779,35.4653],[-117.6779,35.4652],[-117.678,35.4652],[-117.678,35.4651],[-117.6781,35.465],[-117.6782,35.4649],[-117.6783,35.4648],[-117.6784,35.4647],[-117.6785,35.4646]]}},{"type":"Feature","properties":{"id":null,"name":null,"kind":"road","access":"green","seasonal":false},"geometry":{"type":"LineString","coordinates":[[-117.8531,35.4278],[-117.8531,35.4279],[-117.853,35.4279],[-117.8529,35.4279],[-117.8528,35.4279],[-117.8527,35.4279],[-117.8526,35.4279],[-117.8525,35.4279]]}},{"type":"Feature","properties":{"id":null,"name":null,"kind":"road","access":"green","seasonal":false},"geometry":{"type":"LineString","coordinates":[[-117.809,35.4094],[-117.8091,35.4094],[-117.8091,35.4095],[-117.8092,35.4095],[-117.8092,35.4096],[-117.8093,35.4096],[-117.8093,35.4097],[-117.8094,35.4098],[-117.8095,35.4099],[-117.8096,35.41],[-117.8096,35.4101],[-117.8097,35.4102],[-117.8097,35.4103],[-117.8098,35.4104],[-117.8098,35.4105],[-117.8098,35.4106],[-117.8099,35.4107],[-117.8099,35.4108],[-117.81,35.4109],[-117.81,35.411],[-117.8101,35.4111],[-117.8101,35.4112],[-117.8102,35.4113],[-117.8102,35.4114],[-117.8103,35.4115],[-117.8103,35.4116],[-117.8104,35.4117],[-117.8104,35.4118],[-117.8105,35.4118],[-117.8105,35.4119],[-117.8106,35.412],[-117.8106,35.4121],[-117.8107,35.4121],[-117.8108,35.4122],[-117.8108,35.4123],[-117.8108,35.4124],[-117.8109,35.4124],[-117.8109,35.4125],[-117.811,35.4125],[-117.811,35.4126],[-117.8111,35.4127],[-117.8111,35.4128],[-117.8112,35.4128],[-117.8113,35.4129],[-117.8113,35.413],[-117.8114,35.4131],[-117.8115,35.4132],[-117.8115,35.4133],[-117.8116,35.4133],[-117.8116,35.4134],[-117.8117,35.4135],[-117.8117,35.4136],[-117.8118,35.4136],[-117.8118,35.4137],[-117.8119,35.4138],[-117.8119,35.4139],[-117.812,35.4139],[-117.812,35.414],[-117.812,35.4141],[-117.8121,35.4141],[-117.8121,35.4142],[-117.8121,35.4143],[-117.8122,35.4144],[-117.8122,35.4145],[-117.8122,35.4146],[-117.8123,35.4147],[-117.8123,35.4148],[-117.8123,35.4149],[-117.8124,35.415],[-117.8124,35.4151],[-117.8124,35.4152],[-117.8126,35.4159],[-117.8126,35.416],[-117.8127,35.416],[-117.8127,35.4161],[-117.8128,35.4161],[-117.8129,35.4161],[-117.8129,35.4162],[-117.813,35.4162],[-117.8131,35.4162],[-117.8131,35.4161],[-117.8132,35.4161],[-117.8133,35.4161],[-117.8133,35.416],[-117.8134,35.416],[-117.8135,35.416],[-117.8136,35.416],[-117.8141,35.4159],[-117.8142,35.4159],[-117.8144,35.4159]]}},{"type":"Feature","properties":{"id":null,"name":null,"kind":"road","access":"green","seasonal":false},"geometry":{"type":"LineString","coordinates":[[-117.8378,35.426],[-117.8379,35.426],[-117.838,35.426],[-117.8381,35.4261],[-117.8382,35.4261],[-117.8383,35.4261],[-117.8384,35.4261],[-117.8385,35.4261],[-117.8386,35.4262],[-117.8387,35.4262],[-117.8388,35.4262],[-117.8389,35.4262],[-117.839,35.4261],[-117.8391,35.4261],[-117.8391,35.426],[-117.8392,35.426],[-117.8393,35.426],[-117.8393,35.4259],[-117.8393,35.4258],[-117.8393,35.4257],[-117.8394,35.4257],[-117.8394,35.4256],[-117.8394,35.4255],[-117.8395,35.4255],[-117.8396,35.4254],[-117.8396,35.4253],[-117.8397,35.4253],[-117.8397,35.4252],[-117.8397,35.4251],[-117.8398,35.4251],[-117.8398,35.425],[-117.8398,35.4249],[-117.8399,35.4248],[-117.8399,35.4247],[-117.84,35.4247],[-117.8401,35.4247],[-117.8401,35.4246],[-117.8402,35.4246],[-117.8402,35.4245],[-117.8403,35.4244],[-117.8403,35.4243],[-117.8404,35.4243],[-117.8404,35.4242],[-117.8405,35.4241],[-117.8406,35.424],[-117.8406,35.4239],[-117.8407,35.4239],[-117.8407,35.4238],[-117.8408,35.4238],[-117.8408,35.4237],[-117.8409,35.4237],[-117.841,35.4236],[-117.841,35.4235],[-117.8411,35.4235],[-117.8412,35.4235],[-117.8412,35.4234],[-117.8413,35.4234],[-117.8414,35.4234],[-117.8415,35.4233],[-117.8416,35.4233],[-117.8417,35.4233],[-117.8418,35.4233],[-117.8419,35.4233],[-117.842,35.4233],[-117.8421,35.4233],[-117.8422,35.4233],[-117.8423,35.4234],[-117.8423,35.4233],[-117.8424,35.4233],[-117.8425,35.4233],[-117.8426,35.4233],[-117.8427,35.4232],[-117.8428,35.4232],[-117.8428,35.4231],[-117.8429,35.4231],[-117.843,35.4231],[-117.843,35.423],[-117.8431,35.423],[-117.8432,35.4229],[-117.8432,35.4228],[-117.8433,35.4228],[-117.8433,35.4227],[-117.8434,35.4227],[-117.8434,35.4226],[-117.8435,35.4225],[-117.8435,35.4224],[-117.8435,35.4223],[-117.8434,35.4223],[-117.8434,35.4222],[-117.8434,35.4221],[-117.8434,35.422],[-117.8433,35.4219],[-117.8433,35.4218],[-117.8433,35.4217],[-117.8432,35.4216],[-117.8432,35.4215],[-117.8432,35.4214],[-117.8432,35.4213],[-117.8432,35.4212],[-117.8431,35.4212],[-117.8431,35.4211],[-117.843,35.421],[-117.8429,35.4209]]}},{"type":"Feature","properties":{"id":null,"name":null,"kind":"road","access":"green","seasonal":false},"geometry":{"type":"LineString","coordinates":[[-117.6747,35.4462],[-117.6747,35.4463],[-117.6747,35.4464],[-117.6748,35.4464],[-117.6748,35.4465],[-117.6748,35.4466],[-117.6749,35.4466],[-117.6749,35.4467],[-117.675,35.4467],[-117.675,35.4468],[-117.6751,35.4468],[-117.6751,35.4469],[-117.6751,35.447],[-117.6752,35.447],[-117.6752,35.4471],[-117.6752,35.4472],[-117.6752,35.4473],[-117.6752,35.4474],[-117.6753,35.4475],[-117.6753,35.4476],[-117.6754,35.4477],[-117.6754,35.4478],[-117.6754,35.4479],[-117.6754,35.448],[-117.6754,35.4481],[-117.6754,35.4482],[-117.6754,35.4483],[-117.6754,35.4484],[-117.6755,35.4484],[-117.6755,35.4485],[-117.6756,35.4485],[-117.6756,35.4486],[-117.6757,35.4486],[-117.6757,35.4487],[-117.6757,35.4488],[-117.6758,35.4488],[-117.6758,35.4489],[-117.6759,35.4489],[-117.6759,35.449],[-117.6759,35.4491],[-117.676,35.4492],[-117.6761,35.4493],[-117.6762,35.4493],[-117.6762,35.4494],[-117.6763,35.4495],[-117.6763,35.4496],[-117.6763,35.4497],[-117.6763,35.4498],[-117.6764,35.4499],[-117.6765,35.4499],[-117.6765,35.45],[-117.6766,35.4501],[-117.6766,35.4502],[-117.6766,35.4503],[-117.6766,35.4504],[-117.6766,35.4505],[-117.6766,35.4506],[-117.6767,35.4506],[-117.6767,35.4507],[-117.6768,35.4507],[-117.6768,35.4508],[-117.6769,35.4508],[-117.6769,35.4509],[-117.677,35.451],[-117.6771,35.4511],[-117.6772,35.4511],[-117.6772,35.4512],[-117.6772,35.4513],[-117.6772,35.4514],[-117.6772,35.4515],[-117.6772,35.4516],[-117.6772,35.4517],[-117.6772,35.4518],[-117.6772,35.4519],[-117.6773,35.452],[-117.6773,35.4521],[-117.6773,35.4522],[-117.6773,35.4523],[-117.6774,35.4523],[-117.6774,35.4524],[-117.6775,35.4525],[-117.6776,35.4526],[-117.6777,35.4527],[-117.6777,35.4528],[-117.6778,35.4529],[-117.6778,35.453],[-117.6779,35.4531],[-117.6779,35.4532],[-117.678,35.4533],[-117.6781,35.4534],[-117.6782,35.4535],[-117.6783,35.4536],[-117.6784,35.4537],[-117.6785,35.4537],[-117.6785,35.4538],[-117.6786,35.4538],[-117.6786,35.4539],[-117.6787,35.4539],[-117.6786,35.454],[-117.6786,35.4541],[-117.6785,35.4541]]}},{"type":"Feature","properties":{"id":null,"name":null,"kind":"road","access":"green","seasonal":false},"geometry":{"type":"LineString","coordinates":[[-117.8257,35.4653],[-117.8257,35.4652],[-117.8256,35.4652],[-117.8255,35.4651],[-117.8254,35.4651],[-117.8254,35.465],[-117.8253,35.465],[-117.8252,35.4649],[-117.8251,35.4649],[-117.8251,35.4648],[-117.825,35.4648],[-117.825,35.4647],[-117.8251,35.4647],[-117.8251,35.4646],[-117.8251,35.4645],[-117.8251,35.4644],[-117.8251,35.4643],[-117.8251,35.4642],[-117.825,35.4642],[-117.8249,35.4642],[-117.8249,35.4641],[-117.8248,35.4641],[-117.8248,35.464],[-117.8247,35.464],[-117.8247,35.4639],[-117.8246,35.4639],[-117.8245,35.4639],[-117.8244,35.4638],[-117.8243,35.4638],[-117.8242,35.4638],[-117.8242,35.4637],[-117.8241,35.4637],[-117.8241,35.4636],[-117.8241,35.4635],[-117.824,35.4635],[-117.824,35.4634],[-117.824,35.4633],[-117.824,35.4632],[-117.8241,35.4632],[-117.8241,35.4631],[-117.8241,35.463],[-117.8241,35.4629],[-117.8241,35.4628],[-117.8241,35.4627],[-117.8241,35.4626],[-117.8242,35.4626],[-117.8242,35.4625],[-117.8242,35.4624],[-117.8242,35.4623],[-117.8242,35.4622],[-117.8242,35.4621],[-117.8241,35.4621],[-117.8241,35.462],[-117.824,35.462],[-117.8239,35.462],[-117.8239,35.4619],[-117.8238,35.4619],[-117.8237,35.4619],[-117.8237,35.4618],[-117.8236,35.4618],[-117.8235,35.4618],[-117.8235,35.4617],[-117.8234,35.4617],[-117.8233,35.4617],[-117.8232,35.4617],[-117.8231,35.4617],[-117.823,35.4617],[-117.8229,35.4617],[-117.8229,35.4616],[-117.8229,35.4615],[-117.823,35.4615],[-117.8231,35.4614],[-117.8232,35.4614],[-117.8232,35.4613],[-117.8233,35.4613],[-117.8233,35.4612],[-117.8233,35.4611],[-117.8233,35.461],[-117.8233,35.4609],[-117.8233,35.4608],[-117.8232,35.4608],[-117.8232,35.4607],[-117.8232,35.4606],[-117.8232,35.4605],[-117.8231,35.4604],[-117.8231,35.4603],[-117.8232,35.4602],[-117.8232,35.4601],[-117.8232,35.46],[-117.8232,35.4599],[-117.8232,35.4598],[-117.8232,35.4597],[-117.8231,35.4597],[-117.8231,35.4596],[-117.823,35.4595],[-117.823,35.4594],[-117.823,35.4593],[-117.823,35.4591],[-117.8229,35.459],[-117.8229,35.4589],[-117.8228,35.4587],[-117.8228,35.4586],[-117.8227,35.4585],[-117.8227,35.4583],[-117.8226,35.4582],[-117.8226,35.4581],[-117.8225,35.458],[-117.8224,35.4579],[-117.8223,35.4578],[-117.8222,35.4577],[-117.8221,35.4577]]}},{"type":"Feature","properties":{"id":null,"name":null,"kind":"road","access":"green","seasonal":false},"geometry":{"type":"LineString","coordinates":[[-117.8984,35.3616],[-117.8983,35.3614],[-117.8982,35.3613],[-117.898,35.3611],[-117.8979,35.361],[-117.8979,35.3608],[-117.8978,35.3607],[-117.8977,35.3604],[-117.8977,35.36],[-117.8975,35.3593],[-117.8974,35.3591],[-117.8974,35.3586],[-117.8973,35.3583],[-117.8973,35.3581],[-117.8974,35.3579],[-117.8973,35.3576],[-117.8973,35.3575],[-117.8973,35.3572],[-117.8973,35.3571],[-117.8972,35.3567]]}},{"type":"Feature","properties":{"id":null,"name":null,"kind":"road","access":"green","seasonal":false},"geometry":{"type":"LineString","coordinates":[[-117.8473,35.4258],[-117.8474,35.4257],[-117.8474,35.4256],[-117.8475,35.4255],[-117.8475,35.4254],[-117.8476,35.4253],[-117.8476,35.4252],[-117.8477,35.4251],[-117.8477,35.425],[-117.8477,35.4249],[-117.8478,35.4249],[-117.8478,35.4248],[-117.8478,35.4247],[-117.8478,35.4246],[-117.8479,35.4245],[-117.8479,35.4244],[-117.8479,35.4243],[-117.848,35.4242],[-117.8481,35.4241],[-117.8482,35.424],[-117.8483,35.4239],[-117.8484,35.4238],[-117.8485,35.4237],[-117.8485,35.4236],[-117.8486,35.4236],[-117.8486,35.4235],[-117.8487,35.4235],[-117.8487,35.4234],[-117.8487,35.4233],[-117.8487,35.4232],[-117.8487,35.4231]]}},{"type":"Feature","properties":{"id":null,"name":null,"kind":"road","access":"green","seasonal":false},"geometry":{"type":"LineString","coordinates":[[-117.8754,35.4388],[-117.8754,35.4387],[-117.8755,35.4386],[-117.8756,35.4385],[-117.8757,35.4385],[-117.8757,35.4384],[-117.8758,35.4383],[-117.8759,35.4383],[-117.876,35.4383],[-117.8761,35.4383],[-117.8762,35.4383],[-117.8762,35.4384],[-117.8763,35.4384],[-117.8764,35.4384],[-117.8765,35.4384],[-117.8766,35.4384],[-117.8767,35.4384],[-117.8768,35.4384],[-117.8768,35.4383],[-117.8768,35.4382]]}},{"type":"Feature","properties":{"id":null,"name":null,"kind":"road","access":"green","seasonal":false},"geometry":{"type":"LineString","coordinates":[[-117.7031,35.4762],[-117.7031,35.4763],[-117.7032,35.4763],[-117.7033,35.4763],[-117.7034,35.4764],[-117.7035,35.4765],[-117.7036,35.4766],[-117.7037,35.4767],[-117.7038,35.4767],[-117.7038,35.4768],[-117.7038,35.4769],[-117.7039,35.4769],[-117.7039,35.477],[-117.704,35.477],[-117.704,35.4771],[-117.7041,35.4771],[-117.7041,35.4772],[-117.7042,35.4772],[-117.7043,35.4772],[-117.7044,35.4772],[-117.7045,35.4773],[-117.7046,35.4773],[-117.7047,35.4773],[-117.7048,35.4773],[-117.7049,35.4773],[-117.7049,35.4772],[-117.705,35.4772],[-117.705,35.4771],[-117.7051,35.4771],[-117.7051,35.477],[-117.7052,35.477],[-117.7052,35.4769],[-117.7052,35.4768],[-117.7053,35.4768],[-117.7053,35.4767],[-117.7054,35.4767],[-117.7054,35.4766]]}},{"type":"Feature","properties":{"id":null,"name":null,"kind":"road","access":"green","seasonal":false},"geometry":{"type":"LineString","coordinates":[[-117.7458,35.4558],[-117.7459,35.4558],[-117.746,35.4557],[-117.7459,35.4556],[-117.7459,35.4555],[-117.7458,35.4555],[-117.7458,35.4554],[-117.7457,35.4553],[-117.7457,35.4552],[-117.7458,35.4552],[-117.7459,35.4551],[-117.7459,35.455],[-117.746,35.4549],[-117.7461,35.4549],[-117.7462,35.4548],[-117.7463,35.4547],[-117.7464,35.4547],[-117.7464,35.4546],[-117.7465,35.4546]]}},{"type":"Feature","properties":{"id":null,"name":null,"kind":"road","access":"green","seasonal":false},"geometry":{"type":"LineString","coordinates":[[-117.8562,35.4174],[-117.8563,35.4175],[-117.8564,35.4175],[-117.8565,35.4175],[-117.8566,35.4176],[-117.8567,35.4176],[-117.8568,35.4176],[-117.8569,35.4177],[-117.857,35.4178],[-117.8571,35.4178],[-117.8571,35.4179],[-117.8572,35.4179],[-117.8573,35.418],[-117.8574,35.418],[-117.8574,35.4181],[-117.8575,35.4181],[-117.8576,35.4181],[-117.8576,35.4182],[-117.8577,35.4182],[-117.8578,35.4182],[-117.8579,35.4182],[-117.858,35.4182],[-117.8581,35.4182],[-117.8581,35.4183],[-117.8582,35.4183],[-117.8582,35.4184],[-117.8582,35.4185],[-117.8583,35.4185],[-117.8583,35.4186],[-117.8583,35.4187],[-117.8583,35.4188],[-117.8583,35.4189],[-117.8582,35.419],[-117.8582,35.4191],[-117.8582,35.4192],[-117.8582,35.4193],[-117.8582,35.4194],[-117.8582,35.4195],[-117.8581,35.4196],[-117.8581,35.4197],[-117.8581,35.4198],[-117.8582,35.4198]]}},{"type":"Feature","properties":{"id":null,"name":null,"kind":"road","access":"green","seasonal":false},"geometry":{"type":"LineString","coordinates":[[-117.9407,35.4687],[-117.9408,35.4688],[-117.9408,35.4689],[-117.9408,35.469],[-117.9408,35.4691],[-117.9408,35.4692],[-117.9408,35.4693],[-117.9408,35.4694],[-117.9408,35.4695],[-117.9408,35.4696],[-117.9409,35.4696],[-117.9409,35.4697],[-117.941,35.4698]]}},{"type":"Feature","properties":{"id":null,"name":null,"kind":"road","access":"green","seasonal":false},"geometry":{"type":"LineString","coordinates":[[-117.7187,35.4864],[-117.7186,35.4865],[-117.7185,35.4865],[-117.7184,35.4866],[-117.7183,35.4866],[-117.7183,35.4867],[-117.7182,35.4868],[-117.7182,35.4869],[-117.7182,35.487],[-117.7181,35.487],[-117.7181,35.4871],[-117.7181,35.4872],[-117.718,35.4873],[-117.7179,35.4874],[-117.7178,35.4875],[-117.7178,35.4876],[-117.7177,35.4877],[-117.7177,35.4878],[-117.7176,35.4879],[-117.7175,35.4879],[-117.7174,35.488],[-117.7174,35.4881],[-117.7173,35.4881],[-117.7172,35.4882],[-117.7171,35.4883],[-117.717,35.4883],[-117.7169,35.4884],[-117.7168,35.4884],[-117.7167,35.4885],[-117.7166,35.4885],[-117.7165,35.4885],[-117.7164,35.4886],[-117.7162,35.4887],[-117.7161,35.4887],[-117.7161,35.4888],[-117.716,35.4888],[-117.7159,35.4888],[-117.7159,35.4889],[-117.7158,35.4889],[-117.7157,35.489],[-117.7156,35.4891],[-117.7155,35.4892],[-117.7155,35.4893],[-117.7154,35.4894],[-117.7154,35.4895],[-117.7153,35.4895],[-117.7153,35.4896],[-117.7152,35.4896],[-117.7151,35.4896],[-117.7151,35.4897],[-117.715,35.4898],[-117.7149,35.4899],[-117.7148,35.4899],[-117.7148,35.49],[-117.7147,35.4901],[-117.7146,35.4901],[-117.7145,35.4901],[-117.7144,35.4902],[-117.7143,35.4902],[-117.7142,35.4901],[-117.714,35.4901],[-117.7139,35.4901],[-117.7138,35.4901],[-117.7137,35.49],[-117.7136,35.49],[-117.7135,35.49],[-117.7135,35.4899],[-117.7134,35.4899],[-117.7134,35.4898],[-117.7133,35.4898],[-117.7132,35.4898],[-117.7132,35.4897],[-117.7131,35.4897],[-117.713,35.4896],[-117.7129,35.4896],[-117.7128,35.4896],[-117.7127,35.4896],[-117.7126,35.4896],[-117.7125,35.4896],[-117.7124,35.4896],[-117.7123,35.4897],[-117.7122,35.4897],[-117.7121,35.4898],[-117.712,35.4898],[-117.7119,35.4898],[-117.7118,35.4899],[-117.7117,35.4899],[-117.7116,35.49],[-117.7115,35.49],[-117.7114,35.49],[-117.7112,35.49],[-117.7111,35.4901],[-117.711,35.4901],[-117.7108,35.4901],[-117.7107,35.4901],[-117.7106,35.4901],[-117.7105,35.4902],[-117.7104,35.4902],[-117.7103,35.4901],[-117.7102,35.4901],[-117.7101,35.49],[-117.71,35.49],[-117.7099,35.4899],[-117.7098,35.4899],[-117.7097,35.4899],[-117.7096,35.49],[-117.7095,35.49],[-117.7094,35.4901],[-117.7093,35.4902],[-117.7092,35.4903],[-117.709,35.4903],[-117.7089,35.4904],[-117.7087,35.4905],[-117.7086,35.4905],[-117.7084,35.4906],[-117.7083,35.4906],[-117.7082,35.4907],[-117.708,35.4907],[-117.7079,35.4907],[-117.7077,35.4908],[-117.7076,35.4908],[-117.7075,35.4908],[-117.7074,35.4908],[-117.7073,35.4908],[-117.7071,35.4908],[-117.707,35.4907],[-117.7069,35.4907],[-117.7068,35.4906],[-117.7067,35.4906],[-117.7066,35.4906],[-117.7066,35.4905],[-117.7065,35.4904],[-117.7064,35.4904]]}},{"type":"Feature","properties":{"id":null,"name":null,"kind":"road","access":"green","seasonal":false},"geometry":{"type":"LineString","coordinates":[[-117.8627,35.4218],[-117.8628,35.4218],[-117.8629,35.4218],[-117.863,35.4218],[-117.8631,35.4218],[-117.8633,35.4218],[-117.8634,35.4218],[-117.8635,35.4218],[-117.8636,35.4217],[-117.8637,35.4217],[-117.8638,35.4216],[-117.864,35.4216],[-117.8641,35.4216],[-117.8642,35.4217],[-117.8643,35.4217],[-117.8645,35.4217],[-117.8646,35.4217],[-117.8647,35.4217],[-117.8648,35.4217],[-117.865,35.4218],[-117.8651,35.4218],[-117.8652,35.4218],[-117.8653,35.4219],[-117.8654,35.4219],[-117.8655,35.4219],[-117.8656,35.4219],[-117.8658,35.4219],[-117.8659,35.422],[-117.866,35.422],[-117.8662,35.422],[-117.8663,35.422],[-117.8664,35.422],[-117.8665,35.4221],[-117.8667,35.4221],[-117.8668,35.4221],[-117.8669,35.4221],[-117.867,35.4221],[-117.8672,35.4221],[-117.8673,35.4222],[-117.8674,35.4222],[-117.8675,35.4222],[-117.8676,35.4222],[-117.8677,35.4222],[-117.8678,35.4222],[-117.8679,35.4223]]}},{"type":"Feature","properties":{"id":null,"name":null,"kind":"road","access":"green","seasonal":false},"geometry":{"type":"LineString","coordinates":[[-117.9143,35.451],[-117.9142,35.451],[-117.9142,35.4511],[-117.9141,35.4511],[-117.9141,35.4512],[-117.914,35.4513],[-117.914,35.4514],[-117.9139,35.4515],[-117.914,35.4516],[-117.914,35.4517],[-117.914,35.4518],[-117.9139,35.4519],[-117.9138,35.452],[-117.9138,35.4521],[-117.9137,35.4521],[-117.9136,35.4521],[-117.9135,35.452],[-117.9134,35.452],[-117.9133,35.452],[-117.9132,35.452],[-117.9132,35.4519],[-117.9131,35.4519],[-117.913,35.4519],[-117.9129,35.4519],[-117.9128,35.4519],[-117.9128,35.452],[-117.9127,35.452],[-117.9126,35.452],[-117.9125,35.452],[-117.9125,35.4521],[-117.9124,35.4521],[-117.9123,35.4521],[-117.9121,35.4522],[-117.912,35.4522],[-117.9119,35.4523],[-117.9117,35.4523],[-117.9116,35.4523]]}},{"type":"Feature","properties":{"id":null,"name":null,"kind":"road","access":"green","seasonal":false},"geometry":{"type":"LineString","coordinates":[[-117.7537,35.4638],[-117.7536,35.4638],[-117.7535,35.4637],[-117.7534,35.4637],[-117.7533,35.4636],[-117.7532,35.4636],[-117.7531,35.4635],[-117.753,35.4635],[-117.7529,35.4635],[-117.7528,35.4634],[-117.7527,35.4634],[-117.7526,35.4633],[-117.7525,35.4633],[-117.7524,35.4633],[-117.7523,35.4632],[-117.7522,35.4632],[-117.7521,35.4632],[-117.752,35.4631],[-117.7519,35.463],[-117.7518,35.463],[-117.7517,35.4629],[-117.7516,35.4628],[-117.7515,35.4627],[-117.7515,35.4626],[-117.7514,35.4626],[-117.7513,35.4625],[-117.7512,35.4625],[-117.7512,35.4624],[-117.7511,35.4624],[-117.751,35.4623],[-117.7509,35.4622],[-117.7508,35.4622],[-117.7507,35.4621],[-117.7505,35.4621],[-117.7504,35.4621],[-117.7503,35.4621],[-117.7502,35.462],[-117.7501,35.462],[-117.75,35.462],[-117.7499,35.462],[-117.7498,35.462],[-117.7497,35.462],[-117.7496,35.4619],[-117.7494,35.4619],[-117.7493,35.4618],[-117.7492,35.4618],[-117.749,35.4617],[-117.7489,35.4616],[-117.7488,35.4615],[-117.7486,35.4614],[-117.7485,35.4613],[-117.7484,35.4612],[-117.7484,35.461],[-117.7483,35.4608],[-117.7483,35.4607],[-117.7482,35.4606],[-117.7481,35.4605],[-117.748,35.4603],[-117.7479,35.4602],[-117.7477,35.4602],[-117.7476,35.4601],[-117.7474,35.4601],[-117.7472,35.4601],[-117.7471,35.4601],[-117.7469,35.4602],[-117.7468,35.4603],[-117.7467,35.4604],[-117.7467,35.4605],[-117.7467,35.4607],[-117.7467,35.4608],[-117.7467,35.4609],[-117.7467,35.4611],[-117.7468,35.4612],[-117.7468,35.4613],[-117.7469,35.4614],[-117.7469,35.4616],[-117.747,35.4617],[-117.747,35.4618],[-117.7471,35.462],[-117.7471,35.4621],[-117.7472,35.4622],[-117.7472,35.4624],[-117.7473,35.4625],[-117.7473,35.4626],[-117.7473,35.4628],[-117.7473,35.4629],[-117.7473,35.4631],[-117.7472,35.4632],[-117.7472,35.4634],[-117.7472,35.4635],[-117.7471,35.4636],[-117.747,35.4636],[-117.747,35.4637],[-117.7468,35.4637],[-117.7467,35.4637],[-117.7466,35.4637],[-117.7464,35.4638],[-117.7463,35.4638],[-117.7461,35.4639],[-117.746,35.4639],[-117.7459,35.464],[-117.7458,35.464],[-117.7456,35.464],[-117.7455,35.4641],[-117.7454,35.4641],[-117.7453,35.4641],[-117.7452,35.4642],[-117.745,35.4642],[-117.7449,35.4642],[-117.7447,35.4642],[-117.7446,35.4641],[-117.7444,35.464],[-117.7443,35.464],[-117.7441,35.464],[-117.744,35.464],[-117.7438,35.4641],[-117.7437,35.4642],[-117.7436,35.4643],[-117.7434,35.4644],[-117.7433,35.4645],[-117.7431,35.4646],[-117.7429,35.4647],[-117.7428,35.4648],[-117.7426,35.4649],[-117.7424,35.4649],[-117.7422,35.465],[-117.7421,35.465],[-117.7419,35.4651],[-117.7417,35.4652],[-117.7416,35.4652],[-117.7414,35.4652],[-117.7413,35.4651],[-117.7412,35.4651],[-117.7411,35.4651],[-117.741,35.4651],[-117.7408,35.465],[-117.7407,35.465],[-117.7405,35.465],[-117.7404,35.465],[-117.7403,35.465],[-117.7402,35.465]]}},{"type":"Feature","properties":{"id":null,"name":null,"kind":"road","access":"green","seasonal":false},"geometry":{"type":"LineString","coordinates":[[-117.831,35.4464],[-117.8309,35.4464],[-117.8309,35.4463],[-117.8308,35.4462],[-117.8307,35.4462],[-117.8306,35.4461],[-117.8305,35.446],[-117.8304,35.4459],[-117.8302,35.4459],[-117.83,35.4459],[-117.8299,35.4459],[-117.8297,35.4459],[-117.8296,35.4458],[-117.8294,35.4458],[-117.8292,35.4457],[-117.8291,35.4456],[-117.829,35.4455],[-117.829,35.4454],[-117.829,35.4453],[-117.829,35.4452],[-117.8291,35.4451],[-117.829,35.445],[-117.8289,35.4449],[-117.8288,35.4448],[-117.8287,35.4448],[-117.8286,35.4447],[-117.8285,35.4447],[-117.8284,35.4446],[-117.8283,35.4446],[-117.8282,35.4445],[-117.8281,35.4445],[-117.828,35.4445],[-117.8279,35.4445],[-117.8278,35.4445],[-117.8277,35.4445],[-117.8277,35.4444],[-117.8276,35.4444]]}},{"type":"Feature","properties":{"id":null,"name":null,"kind":"road","access":"green","seasonal":false},"geometry":{"type":"LineString","coordinates":[[-117.8187,35.4639],[-117.8188,35.4639],[-117.8189,35.4639],[-117.8189,35.464],[-117.8188,35.4641],[-117.8187,35.4641],[-117.8187,35.4642],[-117.8186,35.4642],[-117.8185,35.4642],[-117.8184,35.4642],[-117.8184,35.4643],[-117.8183,35.4643],[-117.8182,35.4644],[-117.8182,35.4645],[-117.8182,35.4646],[-117.8183,35.4646],[-117.8183,35.4647],[-117.8184,35.4647],[-117.8184,35.4648],[-117.8184,35.4649],[-117.8184,35.465],[-117.8183,35.4651],[-117.8182,35.4651],[-117.8181,35.4651],[-117.818,35.4651],[-117.8179,35.4651],[-117.8179,35.465],[-117.8178,35.465],[-117.8178,35.4649],[-117.8177,35.4649],[-117.8177,35.465],[-117.8176,35.465],[-117.8175,35.465],[-117.8174,35.465],[-117.8173,35.465],[-117.8173,35.4651],[-117.8172,35.4651],[-117.8171,35.4651],[-117.817,35.4651],[-117.8169,35.4651],[-117.8168,35.4651],[-117.8167,35.4651],[-117.8166,35.4651],[-117.8165,35.4651],[-117.8164,35.4651],[-117.8164,35.465],[-117.8163,35.465],[-117.8163,35.4649],[-117.8163,35.4648],[-117.8164,35.4648],[-117.8164,35.4647],[-117.8165,35.4647],[-117.8165,35.4646],[-117.8165,35.4645],[-117.8164,35.4645],[-117.8163,35.4645],[-117.8162,35.4645],[-117.8161,35.4645],[-117.816,35.4644],[-117.8159,35.4644],[-117.8158,35.4644],[-117.8157,35.4644],[-117.8156,35.4644],[-117.8155,35.4645],[-117.8154,35.4645],[-117.8153,35.4644],[-117.8152,35.4644],[-117.8152,35.4643],[-117.8153,35.4643],[-117.8153,35.4642],[-117.8154,35.4642],[-117.8154,35.4641],[-117.8154,35.464],[-117.8154,35.4639],[-117.8154,35.4638],[-117.8155,35.4637],[-117.8156,35.4636],[-117.8157,35.4636],[-117.8156,35.4635],[-117.8155,35.4635],[-117.8154,35.4635],[-117.8153,35.4634],[-117.8152,35.4634],[-117.8151,35.4634],[-117.8151,35.4633],[-117.815,35.4633],[-117.815,35.4632],[-117.8149,35.4631]]}},{"type":"Feature","properties":{"id":null,"name":null,"kind":"road","access":"green","seasonal":false},"geometry":{"type":"LineString","coordinates":[[-117.7561,35.4265],[-117.756,35.4265],[-117.756,35.4266],[-117.756,35.4267],[-117.7559,35.4268],[-117.7559,35.4269],[-117.7558,35.427],[-117.7558,35.4271],[-117.7558,35.4272],[-117.7558,35.4273],[-117.7558,35.4274],[-117.7558,35.4275],[-117.7558,35.4276],[-117.7558,35.4277],[-117.7559,35.4277],[-117.7559,35.4278],[-117.756,35.4279],[-117.7561,35.428],[-117.7562,35.428],[-117.7562,35.4281],[-117.7563,35.4281],[-117.7564,35.4282],[-117.7564,35.4283],[-117.7565,35.4283],[-117.7566,35.4284],[-117.7566,35.4285]]}},{"type":"Feature","properties":{"id":null,"name":null,"kind":"road","access":"green","seasonal":false},"geometry":{"type":"LineString","coordinates":[[-117.7086,35.435],[-117.7085,35.4349],[-117.7084,35.4349],[-117.7084,35.4348],[-117.7083,35.4348],[-117.7082,35.4347],[-117.7082,35.4346],[-117.7081,35.4345],[-117.708,35.4345],[-117.708,35.4344],[-117.7079,35.4343],[-117.7078,35.4342],[-117.7076,35.4341],[-117.7075,35.4341],[-117.7074,35.434],[-117.7073,35.434],[-117.7071,35.434],[-117.707,35.434],[-117.7069,35.4339],[-117.7068,35.434],[-117.7068,35.4341],[-117.7068,35.4342],[-117.7069,35.4343],[-117.707,35.4344],[-117.707,35.4345],[-117.7071,35.4346],[-117.707,35.4346],[-117.707,35.4347],[-117.7069,35.4347],[-117.7068,35.4347],[-117.7068,35.4346],[-117.7067,35.4345],[-117.7066,35.4345],[-117.7065,35.4345],[-117.7064,35.4344],[-117.7063,35.4344],[-117.7062,35.4344],[-117.7061,35.4344],[-117.706,35.4343],[-117.7059,35.4343],[-117.7058,35.4343],[-117.7057,35.4342],[-117.7056,35.4341],[-117.7056,35.434],[-117.7055,35.4339],[-117.7055,35.4338],[-117.7054,35.4338],[-117.7053,35.4337],[-117.7052,35.4336],[-117.7051,35.4335],[-117.705,35.4334],[-117.705,35.4333],[-117.7049,35.4333],[-117.7049,35.4332],[-117.7049,35.4331],[-117.7048,35.4331],[-117.7048,35.433],[-117.7047,35.433],[-117.7047,35.4329],[-117.7046,35.4328],[-117.7045,35.4327],[-117.7045,35.4326],[-117.7044,35.4326],[-117.7044,35.4325],[-117.7043,35.4325],[-117.7043,35.4324],[-117.7042,35.4324],[-117.7041,35.4324],[-117.7041,35.4323],[-117.704,35.4323],[-117.704,35.4322],[-117.7039,35.4322],[-117.7039,35.4321],[-117.7038,35.4321],[-117.7038,35.432],[-117.7038,35.4319],[-117.7038,35.4318],[-117.7038,35.4317],[-117.7038,35.4316],[-117.7037,35.4315],[-117.7036,35.4315],[-117.7035,35.4315],[-117.7034,35.4315],[-117.7033,35.4316],[-117.7032,35.4316],[-117.7031,35.4316],[-117.703,35.4316],[-117.7029,35.4316],[-117.7028,35.4316],[-117.7027,35.4316],[-117.7026,35.4316],[-117.7025,35.4316],[-117.7025,35.4315],[-117.7024,35.4314],[-117.7024,35.4313],[-117.7024,35.4312],[-117.7024,35.4311],[-117.7025,35.431],[-117.7025,35.4309],[-117.7026,35.4308],[-117.7026,35.4307],[-117.7026,35.4306],[-117.7027,35.4305],[-117.7027,35.4304],[-117.7027,35.4303],[-117.7027,35.4302],[-117.7027,35.4301],[-117.7026,35.4301],[-117.7026,35.43],[-117.7026,35.4299],[-117.7025,35.4299],[-117.7025,35.4298],[-117.7024,35.4297],[-117.7024,35.4296],[-117.7023,35.4295],[-117.7022,35.4294],[-117.7021,35.4293],[-117.702,35.4293],[-117.702,35.4292],[-117.7019,35.4291],[-117.7018,35.429],[-117.7017,35.429],[-117.7016,35.4289],[-117.7016,35.4288],[-117.7015,35.4287],[-117.7014,35.4286],[-117.7014,35.4285],[-117.7013,35.4284],[-117.7012,35.4284],[-117.7011,35.4283],[-117.701,35.4282],[-117.7009,35.4282],[-117.7008,35.4281],[-117.7008,35.428],[-117.7007,35.4279],[-117.7006,35.4278],[-117.7005,35.4277],[-117.7005,35.4276],[-117.7004,35.4275],[-117.7003,35.4274],[-117.7003,35.4273],[-117.7003,35.4272],[-117.7004,35.4271],[-117.7004,35.427]]}},{"type":"Feature","properties":{"id":null,"name":null,"kind":"road","access":"green","seasonal":false},"geometry":{"type":"LineString","coordinates":[[-117.897,35.451],[-117.8971,35.4509],[-117.8972,35.4507],[-117.8974,35.4506],[-117.8974,35.4504],[-117.8974,35.4503],[-117.8975,35.4501],[-117.8976,35.45],[-117.8977,35.4499],[-117.8978,35.4498],[-117.8979,35.4497],[-117.898,35.4496],[-117.898,35.4495],[-117.8981,35.4494],[-117.8982,35.4493],[-117.8984,35.4491],[-117.8985,35.449]]}},{"type":"Feature","properties":{"id":null,"name":null,"kind":"road","access":"green","seasonal":false},"geometry":{"type":"LineString","coordinates":[[-117.8771,35.4108],[-117.8772,35.4109],[-117.8772,35.4108],[-117.8773,35.4108],[-117.8774,35.4107],[-117.8775,35.4106],[-117.8775,35.4105],[-117.8776,35.4105],[-117.8776,35.4104],[-117.8777,35.4104],[-117.8777,35.4103],[-117.8777,35.4102],[-117.8777,35.4101],[-117.8776,35.41],[-117.8776,35.4099],[-117.8776,35.4098],[-117.8776,35.4097],[-117.8775,35.4096],[-117.8774,35.4095],[-117.8774,35.4094],[-117.8774,35.4093],[-117.8773,35.4092],[-117.8773,35.4091],[-117.8773,35.409],[-117.8772,35.409]]}},{"type":"Feature","properties":{"id":null,"name":null,"kind":"road","access":"green","seasonal":false},"geometry":{"type":"LineString","coordinates":[[-117.7043,35.5178],[-117.7043,35.5177],[-117.7044,35.5177],[-117.7044,35.5176],[-117.7044,35.5175],[-117.7045,35.5174],[-117.7045,35.5173],[-117.7046,35.5172],[-117.7046,35.5171],[-117.7047,35.5171],[-117.7047,35.517],[-117.7047,35.5169],[-117.7048,35.5169],[-117.7048,35.5168],[-117.7048,35.5167],[-117.7049,35.5167],[-117.7049,35.5166],[-117.7049,35.5165],[-117.7049,35.5164],[-117.7049,35.5163],[-117.7049,35.5162],[-117.7049,35.5161],[-117.7049,35.516],[-117.7049,35.5159],[-117.7049,35.5158],[-117.705,35.5157],[-117.705,35.5156],[-117.7051,35.5155],[-117.7051,35.5154],[-117.7051,35.5153],[-117.7051,35.5152],[-117.7051,35.5151],[-117.7051,35.515],[-117.7051,35.5149],[-117.7051,35.5148],[-117.7051,35.5147],[-117.7052,35.5146],[-117.7052,35.5145],[-117.7053,35.5144],[-117.7053,35.5143],[-117.7054,35.5142],[-117.7054,35.5141],[-117.7054,35.514],[-117.7054,35.5139],[-117.7055,35.5138],[-117.7055,35.5137],[-117.7055,35.5136],[-117.7055,35.5135],[-117.7055,35.5134],[-117.7055,35.5133],[-117.7056,35.5133],[-117.7056,35.5132],[-117.7056,35.5131],[-117.7056,35.513],[-117.7056,35.5129],[-117.7057,35.5129],[-117.7057,35.5128],[-117.7057,35.5127],[-117.7057,35.5126],[-117.7057,35.5125],[-117.7057,35.5124],[-117.7056,35.5123],[-117.7056,35.5122],[-117.7056,35.5121],[-117.7056,35.512],[-117.7055,35.512],[-117.7055,35.5119],[-117.7054,35.5118],[-117.7053,35.5118],[-117.7052,35.5117],[-117.7051,35.5117],[-117.7051,35.5116],[-117.705,35.5116],[-117.7049,35.5115],[-117.7048,35.5115],[-117.7047,35.5114],[-117.7046,35.5114],[-117.7045,35.5114],[-117.7045,35.5113],[-117.7044,35.5113],[-117.7043,35.5112],[-117.7042,35.5112],[-117.7041,35.5112],[-117.704,35.5112],[-117.704,35.5111],[-117.7039,35.5111],[-117.7038,35.511],[-117.7037,35.511],[-117.7036,35.5109],[-117.7036,35.5108],[-117.7035,35.5107],[-117.7036,35.5106],[-117.7036,35.5105],[-117.7036,35.5104],[-117.7036,35.5103],[-117.7036,35.5102],[-117.7036,35.5101],[-117.7036,35.51],[-117.7037,35.51],[-117.7038,35.5099],[-117.7039,35.5099],[-117.704,35.5099],[-117.7041,35.5099],[-117.7042,35.5098],[-117.7043,35.5097],[-117.7044,35.5096],[-117.7045,35.5096],[-117.7045,35.5095],[-117.7045,35.5094],[-117.7046,35.5094],[-117.7046,35.5093],[-117.7047,35.5093],[-117.7048,35.5091],[-117.7048,35.509],[-117.7049,35.5089],[-117.7049,35.5088],[-117.7049,35.5087],[-117.7049,35.5086],[-117.705,35.5085],[-117.705,35.5084],[-117.7051,35.5083],[-117.7051,35.5082],[-117.7051,35.5081],[-117.7052,35.508],[-117.7052,35.5079],[-117.7052,35.5078],[-117.7052,35.5077],[-117.7052,35.5076],[-117.7052,35.5075],[-117.7053,35.5073],[-117.7053,35.5072],[-117.7053,35.5071],[-117.7054,35.507],[-117.7054,35.5069],[-117.7054,35.5068],[-117.7055,35.5067],[-117.7055,35.5066],[-117.7055,35.5065],[-117.7055,35.5064],[-117.7055,35.5063],[-117.7055,35.5062],[-117.7055,35.5061],[-117.7055,35.506],[-117.7055,35.5059],[-117.7055,35.5058],[-117.7055,35.5056],[-117.7055,35.5055],[-117.7055,35.5054],[-117.7055,35.5052],[-117.7055,35.5051],[-117.7055,35.505],[-117.7055,35.5049],[-117.7055,35.5048],[-117.7055,35.5047],[-117.7055,35.5046],[-117.7055,35.5045],[-117.7056,35.5043],[-117.7056,35.5042],[-117.7056,35.5041],[-117.7057,35.504],[-117.7057,35.5039],[-117.7057,35.5038],[-117.7058,35.5037],[-117.7058,35.5036],[-117.7058,35.5035],[-117.7059,35.5035],[-117.7059,35.5034],[-117.7059,35.5033],[-117.7059,35.5032],[-117.7059,35.5031],[-117.706,35.503],[-117.706,35.5029],[-117.706,35.5028],[-117.7061,35.5027],[-117.7061,35.5026],[-117.7061,35.5025],[-117.7062,35.5024],[-117.7062,35.5023],[-117.7062,35.5021],[-117.7062,35.502],[-117.7063,35.5019],[-117.7063,35.5017],[-117.7063,35.5016],[-117.7063,35.5014],[-117.7064,35.5013],[-117.7065,35.5011],[-117.7065,35.501],[-117.7066,35.5008],[-117.7066,35.5007],[-117.7067,35.5006],[-117.7068,35.5005],[-117.7068,35.5004],[-117.7069,35.5004],[-117.7069,35.5003],[-117.7069,35.5002],[-117.707,35.5001],[-117.707,35.5],[-117.7071,35.4999],[-117.7071,35.4998],[-117.7071,35.4997],[-117.7071,35.4996],[-117.7071,35.4995],[-117.7071,35.4994],[-117.7071,35.4993],[-117.7071,35.4992],[-117.7071,35.4991],[-117.7071,35.499],[-117.7071,35.4989],[-117.7071,35.4988],[-117.707,35.4988],[-117.707,35.4987],[-117.707,35.4986],[-117.707,35.4985],[-117.707,35.4984],[-117.707,35.4983],[-117.707,35.4982],[-117.707,35.4981],[-117.707,35.4979],[-117.707,35.4978],[-117.707,35.4977],[-117.707,35.4975],[-117.707,35.4974],[-117.707,35.4972],[-117.707,35.4971],[-117.7069,35.4969],[-117.7069,35.4967],[-117.7068,35.4965],[-117.7068,35.4964],[-117.7067,35.4962],[-117.7066,35.496],[-117.7065,35.4959],[-117.7065,35.4958],[-117.7065,35.4957],[-117.7064,35.4956],[-117.7064,35.4955],[-117.7063,35.4954],[-117.7063,35.4953],[-117.7063,35.4952],[-117.7062,35.4951],[-117.7062,35.495],[-117.7062,35.4949],[-117.7061,35.4948],[-117.7061,35.4947],[-117.706,35.4946],[-117.706,35.4945],[-117.706,35.4944],[-117.7059,35.4944],[-117.7059,35.4943],[-117.7059,35.4942],[-117.7059,35.4941],[-117.7059,35.494],[-117.7059,35.4939],[-117.706,35.4939],[-117.706,35.4938],[-117.7061,35.4937],[-117.7061,35.4936],[-117.7061,35.4935],[-117.7061,35.4934],[-117.7061,35.4933],[-117.7061,35.4932],[-117.7061,35.4931],[-117.7061,35.493],[-117.7061,35.4929],[-117.7062,35.4928],[-117.7062,35.4927],[-117.7062,35.4926],[-117.7063,35.4926],[-117.7063,35.4925],[-117.7063,35.4924],[-117.7063,35.4923],[-117.7063,35.4922],[-117.7063,35.4921],[-117.7063,35.492],[-117.7063,35.4919],[-117.7064,35.4919],[-117.7063,35.4918],[-117.7063,35.4917],[-117.7063,35.4916],[-117.7063,35.4915],[-117.7063,35.4914],[-117.7063,35.4913],[-117.7063,35.4912],[-117.7064,35.4911],[-117.7064,35.491],[-117.7064,35.4909],[-117.7064,35.4908],[-117.7065,35.4908],[-117.7065,35.4907],[-117.7064,35.4907],[-117.7064,35.4906],[-117.7064,35.4905],[-117.7064,35.4904],[-117.7063,35.4903],[-117.7062,35.4902],[-117.7061,35.4901],[-117.706,35.49],[-117.7059,35.49],[-117.7058,35.4899],[-117.7057,35.4898],[-117.7057,35.4897],[-117.7056,35.4896],[-117.7056,35.4895],[-117.7055,35.4894],[-117.7054,35.4893],[-117.7054,35.4892],[-117.7053,35.4892],[-117.7053,35.4891],[-117.7052,35.489],[-117.7052,35.4889],[-117.7052,35.4888],[-117.7051,35.4887],[-117.7051,35.4886],[-117.7051,35.4885],[-117.705,35.4885],[-117.7049,35.4884],[-117.7048,35.4884],[-117.7047,35.4883],[-117.7047,35.4882],[-117.7046,35.4882],[-117.7045,35.4882],[-117.7044,35.4881],[-117.7043,35.4881],[-117.7042,35.488],[-117.7041,35.488],[-117.7041,35.4879],[-117.704,35.4879],[-117.704,35.4878],[-117.704,35.4877],[-117.704,35.4876],[-117.704,35.4875],[-117.7041,35.4875],[-117.7041,35.4874],[-117.7041,35.4873],[-117.7041,35.4872],[-117.7041,35.4871],[-117.7041,35.487],[-117.7041,35.4869],[-117.7041,35.4868],[-117.704,35.4867],[-117.704,35.4866],[-117.704,35.4865],[-117.7039,35.4864],[-117.7039,35.4863],[-117.7039,35.4862],[-117.7038,35.4861],[-117.7038,35.486],[-117.7037,35.4859],[-117.7036,35.4859],[-117.7035,35.4858],[-117.7035,35.4857],[-117.7034,35.4857],[-117.7033,35.4856],[-117.7032,35.4855],[-117.7031,35.4855],[-117.703,35.4854],[-117.7029,35.4853],[-117.7028,35.4852],[-117.7027,35.4852],[-117.7027,35.4851],[-117.7025,35.485],[-117.7024,35.4849],[-117.7023,35.4848],[-117.7022,35.4848],[-117.7021,35.4847],[-117.7019,35.4847],[-117.7018,35.4846],[-117.7017,35.4846],[-117.7015,35.4846],[-117.7014,35.4846],[-117.7013,35.4846],[-117.7011,35.4845],[-117.701,35.4845],[-117.7009,35.4845],[-117.7008,35.4844],[-117.7007,35.4844],[-117.7006,35.4844],[-117.7005,35.4844],[-117.7005,35.4843],[-117.7004,35.4843],[-117.7003,35.4843],[-117.7002,35.4842],[-117.7001,35.4842],[-117.7001,35.4841],[-117.7001,35.484],[-117.7,35.4839],[-117.7,35.4838],[-117.6999,35.4838],[-117.6999,35.4837],[-117.6998,35.4836],[-117.6997,35.4835],[-117.6996,35.4834],[-117.6995,35.4834],[-117.6994,35.4834],[-117.6993,35.4834],[-117.6993,35.4835],[-117.6992,35.4835],[-117.6991,35.4835],[-117.699,35.4835],[-117.6989,35.4835],[-117.6988,35.4835],[-117.6984,35.4835],[-117.6984,35.4834],[-117.6983,35.4834],[-117.6982,35.4834],[-117.6981,35.4833],[-117.698,35.4832],[-117.6979,35.4832],[-117.6978,35.4831],[-117.6977,35.483],[-117.6976,35.483],[-117.6975,35.483],[-117.6974,35.483],[-117.6973,35.483],[-117.6972,35.483],[-117.6971,35.4829],[-117.697,35.4829],[-117.6969,35.4829],[-117.6968,35.4829],[-117.6967,35.4829],[-117.6966,35.4828],[-117.6965,35.4828],[-117.6965,35.4827],[-117.6964,35.4827],[-117.6964,35.4826],[-117.6963,35.4826],[-117.6963,35.4825],[-117.6963,35.4824],[-117.6962,35.4824],[-117.6961,35.4823],[-117.696,35.4822],[-117.6959,35.4821],[-117.6958,35.482],[-117.6957,35.482],[-117.6956,35.4819],[-117.6955,35.4819],[-117.6954,35.4818],[-117.6953,35.4818],[-117.6952,35.4817],[-117.6951,35.4816],[-117.695,35.4815],[-117.6949,35.4814],[-117.6948,35.4813],[-117.6947,35.4812],[-117.6947,35.4811],[-117.6946,35.4811],[-117.6945,35.481],[-117.6944,35.4809],[-117.6944,35.4808],[-117.6943,35.4807],[-117.6942,35.4806],[-117.6941,35.4806],[-117.6941,35.4805],[-117.694,35.4805],[-117.6939,35.4805],[-117.6938,35.4805],[-117.6937,35.4804],[-117.6935,35.4804],[-117.6934,35.4804],[-117.6933,35.4804],[-117.6931,35.4804],[-117.693,35.4803],[-117.6928,35.4803],[-117.6927,35.4802],[-117.6926,35.4802],[-117.6925,35.4801],[-117.6924,35.48],[-117.6922,35.4799],[-117.6921,35.4799],[-117.692,35.4798],[-117.6919,35.4798],[-117.6918,35.4798],[-117.6917,35.4797],[-117.6916,35.4796],[-117.6915,35.4796],[-117.6914,35.4795],[-117.6913,35.4795],[-117.6912,35.4794],[-117.691,35.4793],[-117.6909,35.4792],[-117.6908,35.4791],[-117.6907,35.479],[-117.6906,35.4789],[-117.6905,35.4788],[-117.6905,35.4787],[-117.6904,35.4786],[-117.6903,35.4785],[-117.6902,35.4784]]}},{"type":"Feature","properties":{"id":null,"name":null,"kind":"road","access":"green","seasonal":false},"geometry":{"type":"LineString","coordinates":[[-117.7499,35.4718],[-117.7499,35.4719],[-117.7499,35.472],[-117.75,35.4721],[-117.75,35.4722],[-117.7501,35.4723],[-117.7502,35.4723],[-117.7503,35.4724],[-117.7503,35.4725],[-117.7504,35.4726],[-117.7505,35.4726],[-117.7505,35.4727],[-117.7506,35.4727],[-117.7507,35.4728],[-117.7508,35.4728],[-117.7508,35.4729],[-117.7509,35.473],[-117.7509,35.4731],[-117.7509,35.4732],[-117.7509,35.4733],[-117.7509,35.4734],[-117.7508,35.4735],[-117.7507,35.4736],[-117.7506,35.4737],[-117.7505,35.4737],[-117.7504,35.4738],[-117.7503,35.4739],[-117.7502,35.474],[-117.7501,35.4741],[-117.75,35.4741],[-117.7499,35.4742],[-117.7498,35.4743],[-117.7497,35.4744],[-117.7496,35.4744],[-117.7496,35.4745],[-117.7495,35.4746],[-117.7495,35.4748],[-117.7494,35.4749],[-117.7494,35.475],[-117.7494,35.4751],[-117.7493,35.4753],[-117.7493,35.4754],[-117.7492,35.4755],[-117.7492,35.4756],[-117.7491,35.4757],[-117.749,35.4758],[-117.749,35.4759],[-117.7489,35.476],[-117.7488,35.4761],[-117.7487,35.4761],[-117.7487,35.4762],[-117.7486,35.4763],[-117.7485,35.4764],[-117.7484,35.4765],[-117.7483,35.4766],[-117.7483,35.4767],[-117.7482,35.4768],[-117.7482,35.4769],[-117.7481,35.477],[-117.748,35.4771],[-117.748,35.4772],[-117.7479,35.4773],[-117.7478,35.4774],[-117.7477,35.4775],[-117.7476,35.4776],[-117.7475,35.4777],[-117.7474,35.4777],[-117.7473,35.4778],[-117.7472,35.4779],[-117.7471,35.4779],[-117.747,35.478],[-117.7469,35.4781],[-117.747,35.4782],[-117.7469,35.4783],[-117.7469,35.4784],[-117.7469,35.4786],[-117.747,35.4787],[-117.747,35.4788],[-117.747,35.4789],[-117.747,35.4791],[-117.7469,35.4792],[-117.7469,35.4793],[-117.7468,35.4794],[-117.7467,35.4795],[-117.7466,35.4796],[-117.7466,35.4797],[-117.7465,35.4799],[-117.7464,35.48],[-117.7464,35.4801],[-117.7463,35.4802],[-117.7462,35.4803],[-117.7461,35.4804],[-117.746,35.4805],[-117.7459,35.4806],[-117.7458,35.4807],[-117.7458,35.4808],[-117.7457,35.4809],[-117.7457,35.481],[-117.7457,35.4811],[-117.7456,35.4812],[-117.7456,35.4813],[-117.7455,35.4813],[-117.7455,35.4815],[-117.7455,35.4816],[-117.7455,35.4817],[-117.7455,35.4818],[-117.7455,35.4819],[-117.7456,35.482],[-117.7456,35.4821],[-117.7457,35.4822],[-117.7457,35.4823]]}},{"type":"Feature","properties":{"id":null,"name":null,"kind":"road","access":"green","seasonal":false},"geometry":{"type":"LineString","coordinates":[[-117.7618,35.4747],[-117.7619,35.4747],[-117.762,35.4748],[-117.7621,35.4748],[-117.7622,35.4749],[-117.7622,35.475],[-117.7623,35.4751],[-117.7623,35.4752],[-117.7624,35.4753],[-117.7625,35.4754],[-117.7626,35.4755],[-117.7627,35.4756],[-117.7628,35.4757],[-117.7629,35.4758],[-117.7629,35.4759],[-117.7629,35.476],[-117.7629,35.4761],[-117.763,35.4762],[-117.7631,35.4763],[-117.7631,35.4764],[-117.7631,35.4765],[-117.7632,35.4766],[-117.7633,35.4767],[-117.7634,35.4768],[-117.7635,35.4769],[-117.7636,35.4769],[-117.7637,35.477],[-117.7639,35.4771],[-117.764,35.4771],[-117.7641,35.4772],[-117.7643,35.4772],[-117.7644,35.4772],[-117.7645,35.4772],[-117.7647,35.4772],[-117.7648,35.4773],[-117.7649,35.4774],[-117.765,35.4774],[-117.7651,35.4774],[-117.7653,35.4774],[-117.7654,35.4774],[-117.7655,35.4775],[-117.7656,35.4775],[-117.7657,35.4774],[-117.7658,35.4774],[-117.7659,35.4773],[-117.766,35.4773],[-117.7661,35.4773],[-117.7662,35.4773],[-117.7663,35.4774],[-117.7664,35.4775],[-117.7665,35.4776],[-117.7666,35.4776],[-117.7667,35.4777],[-117.7668,35.4777],[-117.7669,35.4777],[-117.767,35.4778],[-117.7671,35.4778],[-117.7672,35.4778],[-117.7673,35.4778],[-117.7674,35.4778],[-117.7675,35.4778],[-117.7676,35.4778],[-117.7677,35.4778],[-117.7678,35.4778],[-117.7679,35.4778],[-117.768,35.4777],[-117.7681,35.4777],[-117.7682,35.4777]]}},{"type":"Feature","properties":{"id":null,"name":null,"kind":"road","access":"green","seasonal":false},"geometry":{"type":"LineString","coordinates":[[-117.6834,35.4924],[-117.6835,35.4924],[-117.6835,35.4925],[-117.6836,35.4925],[-117.6836,35.4926],[-117.6837,35.4927],[-117.6838,35.4928],[-117.6838,35.4929],[-117.6839,35.4929],[-117.6839,35.493],[-117.6839,35.4931],[-117.684,35.4931],[-117.684,35.4932],[-117.684,35.4933],[-117.6841,35.4933],[-117.6841,35.4934],[-117.6842,35.4934],[-117.6843,35.4935],[-117.6844,35.4936],[-117.6845,35.4936],[-117.6845,35.4937],[-117.6846,35.4937],[-117.6846,35.4938],[-117.6847,35.4939],[-117.6847,35.494],[-117.6848,35.494],[-117.6849,35.4941],[-117.6849,35.4942],[-117.685,35.4942],[-117.685,35.4943],[-117.6851,35.4944],[-117.6852,35.4945],[-117.6853,35.4946],[-117.6854,35.4946],[-117.6855,35.4947],[-117.6856,35.4948],[-117.6857,35.4948],[-117.6858,35.4949],[-117.6859,35.4949],[-117.6859,35.495],[-117.686,35.495],[-117.686,35.4951],[-117.6861,35.4951],[-117.6862,35.4952],[-117.6863,35.4952],[-117.6864,35.4953],[-117.6865,35.4954],[-117.6866,35.4955],[-117.6867,35.4955],[-117.6867,35.4956],[-117.6868,35.4956],[-117.6868,35.4957],[-117.6869,35.4957],[-117.687,35.4958],[-117.6871,35.4959],[-117.6872,35.496],[-117.6872,35.4961],[-117.6873,35.4961],[-117.6874,35.4962],[-117.6875,35.4963],[-117.6876,35.4964],[-117.6877,35.4965],[-117.6878,35.4966],[-117.6879,35.4966],[-117.688,35.4967],[-117.6881,35.4967],[-117.6881,35.4968],[-117.6882,35.4968],[-117.6882,35.4969],[-117.6883,35.4969],[-117.6884,35.497],[-117.6885,35.4971],[-117.6886,35.4972],[-117.6887,35.4973],[-117.6888,35.4974],[-117.6889,35.4975],[-117.689,35.4976],[-117.6891,35.4976],[-117.6891,35.4977],[-117.6892,35.4978],[-117.6893,35.4978],[-117.6893,35.4979],[-117.6894,35.498],[-117.6895,35.4981],[-117.6896,35.4982],[-117.6896,35.4983],[-117.6897,35.4983],[-117.6897,35.4984],[-117.6898,35.4985],[-117.6898,35.4986],[-117.6899,35.4986],[-117.6899,35.4987],[-117.69,35.4987],[-117.69,35.4988],[-117.6901,35.4988],[-117.6902,35.4989],[-117.6903,35.499],[-117.6904,35.499],[-117.6905,35.499],[-117.6905,35.4991],[-117.6906,35.4991],[-117.6907,35.4991],[-117.6908,35.4992],[-117.6909,35.4992],[-117.691,35.4992],[-117.6911,35.4992],[-117.6912,35.4992],[-117.6913,35.4992],[-117.6914,35.4992],[-117.6915,35.4991],[-117.6916,35.4991],[-117.6917,35.4991],[-117.6918,35.4991],[-117.6919,35.4991],[-117.692,35.4991],[-117.6921,35.4991],[-117.6922,35.4991],[-117.6923,35.4991],[-117.6924,35.4991],[-117.6925,35.4991],[-117.6926,35.4991],[-117.6927,35.4992],[-117.6928,35.4992],[-117.6929,35.4993],[-117.693,35.4993],[-117.6931,35.4993],[-117.6932,35.4994],[-117.6933,35.4994],[-117.6934,35.4994],[-117.6935,35.4995],[-117.6936,35.4995],[-117.6937,35.4996],[-117.6938,35.4996],[-117.6939,35.4996],[-117.6939,35.4997],[-117.694,35.4997],[-117.6941,35.4997],[-117.6941,35.4998],[-117.6942,35.4998],[-117.6943,35.4999],[-117.6944,35.4999],[-117.6945,35.5],[-117.6946,35.5],[-117.6947,35.5],[-117.6948,35.5001],[-117.6949,35.5001],[-117.695,35.5001],[-117.6951,35.5001],[-117.6952,35.5001],[-117.6952,35.5002],[-117.6953,35.5002],[-117.6954,35.5002],[-117.6955,35.5002],[-117.6956,35.5002],[-117.6957,35.5002]]}},{"type":"Feature","properties":{"id":null,"name":null,"kind":"road","access":"green","seasonal":false},"geometry":{"type":"LineString","coordinates":[[-117.8616,35.4397],[-117.8617,35.4397],[-117.8618,35.4397],[-117.8619,35.4398],[-117.8619,35.4399],[-117.8619,35.44],[-117.8618,35.44],[-117.8618,35.4401],[-117.8618,35.4402],[-117.8618,35.4403],[-117.8619,35.4404],[-117.862,35.4404],[-117.8621,35.4404],[-117.8623,35.4404],[-117.8624,35.4404],[-117.8625,35.4404],[-117.8627,35.4404],[-117.8628,35.4405],[-117.8629,35.4405],[-117.863,35.4405],[-117.8631,35.4406],[-117.8632,35.4406],[-117.8633,35.4407],[-117.8634,35.4407],[-117.8635,35.4407],[-117.8636,35.4407],[-117.8637,35.4407],[-117.8637,35.4408],[-117.8638,35.4408],[-117.8639,35.4408],[-117.864,35.4408],[-117.8641,35.4408],[-117.8642,35.4409],[-117.8643,35.4409],[-117.8643,35.441],[-117.8644,35.441],[-117.8644,35.4411],[-117.8644,35.4412],[-117.8645,35.4412],[-117.8645,35.4413],[-117.8646,35.4414],[-117.8646,35.4415],[-117.8647,35.4415],[-117.8647,35.4416],[-117.8648,35.4418],[-117.8648,35.4419],[-117.8648,35.442],[-117.8649,35.442],[-117.865,35.4421],[-117.8651,35.4421],[-117.8652,35.4421],[-117.8653,35.4422],[-117.8654,35.4422],[-117.8655,35.4422],[-117.8655,35.4423],[-117.8656,35.4424],[-117.8657,35.4424],[-117.8658,35.4425],[-117.8657,35.4425],[-117.8656,35.4426],[-117.8655,35.4426],[-117.8655,35.4427],[-117.8654,35.4427],[-117.8653,35.4428],[-117.8653,35.4429],[-117.8652,35.4429],[-117.8652,35.443],[-117.8651,35.443],[-117.8651,35.4431],[-117.865,35.4431],[-117.865,35.4432],[-117.8649,35.4433],[-117.8649,35.4434],[-117.8648,35.4435],[-117.8648,35.4436],[-117.8648,35.4437],[-117.8647,35.4438],[-117.8648,35.4439],[-117.8647,35.444],[-117.8647,35.4441],[-117.8646,35.4441],[-117.8646,35.4442],[-117.8645,35.4442],[-117.8645,35.4443],[-117.8644,35.4443],[-117.8644,35.4444],[-117.8643,35.4445],[-117.8643,35.4446],[-117.8643,35.4447],[-117.8643,35.4448],[-117.8643,35.4449],[-117.8643,35.445],[-117.8644,35.445],[-117.8644,35.4451],[-117.8645,35.4452],[-117.8646,35.4452],[-117.8647,35.4452],[-117.8648,35.4452],[-117.8649,35.4453],[-117.865,35.4453],[-117.8651,35.4454],[-117.8652,35.4455],[-117.8654,35.4455],[-117.8655,35.4456],[-117.8657,35.4456],[-117.8658,35.4457],[-117.866,35.4457],[-117.8662,35.4457],[-117.8664,35.4457],[-117.8666,35.4456],[-117.8668,35.4456],[-117.867,35.4455],[-117.8671,35.4455],[-117.8673,35.4455],[-117.8675,35.4455],[-117.8676,35.4455],[-117.8677,35.4454],[-117.8677,35.4455],[-117.8678,35.4455],[-117.8678,35.4456],[-117.8679,35.4457],[-117.8679,35.4458],[-117.868,35.4458],[-117.868,35.4459],[-117.8681,35.446],[-117.8681,35.4461],[-117.8682,35.4462],[-117.8682,35.4463],[-117.8682,35.4464],[-117.8683,35.4464],[-117.8683,35.4465],[-117.8683,35.4466],[-117.8684,35.4467],[-117.8684,35.4468],[-117.8685,35.4469],[-117.8686,35.4469],[-117.8687,35.4469],[-117.8688,35.447],[-117.8688,35.4471],[-117.8689,35.4471],[-117.8689,35.4472],[-117.869,35.4472],[-117.8691,35.4472],[-117.8692,35.4471],[-117.8693,35.4471],[-117.8694,35.4471],[-117.8694,35.447],[-117.8695,35.447],[-117.8696,35.447],[-117.8697,35.447],[-117.8697,35.4471],[-117.8697,35.4472],[-117.8696,35.4472],[-117.8696,35.4473],[-117.8696,35.4474],[-117.8697,35.4474],[-117.8698,35.4474],[-117.8699,35.4474],[-117.87,35.4474],[-117.8701,35.4474],[-117.8702,35.4474],[-117.8703,35.4473],[-117.8704,35.4473],[-117.8705,35.4472],[-117.8706,35.4472],[-117.8707,35.4472],[-117.8708,35.4471],[-117.8709,35.4471],[-117.871,35.447],[-117.8711,35.447],[-117.8712,35.4469],[-117.8712,35.4468],[-117.8713,35.4468],[-117.8713,35.4467],[-117.8714,35.4467],[-117.8715,35.4467],[-117.8716,35.4467],[-117.8717,35.4466],[-117.8718,35.4466],[-117.8719,35.4466],[-117.872,35.4466],[-117.8721,35.4466],[-117.8722,35.4465],[-117.8723,35.4465],[-117.8724,35.4464],[-117.8724,35.4463],[-117.8725,35.4463],[-117.8726,35.4463],[-117.8727,35.4462],[-117.8727,35.4461],[-117.8727,35.446],[-117.8728,35.446],[-117.8729,35.446],[-117.873,35.446],[-117.8731,35.4459],[-117.8732,35.4458],[-117.8733,35.4458],[-117.8733,35.4457],[-117.8734,35.4457],[-117.8735,35.4457],[-117.8735,35.4456],[-117.8736,35.4456],[-117.8737,35.4455],[-117.8738,35.4455],[-117.8739,35.4455],[-117.874,35.4454],[-117.8741,35.4454],[-117.8742,35.4454],[-117.8743,35.4454],[-117.8743,35.4455]]}},{"type":"Feature","properties":{"id":null,"name":null,"kind":"road","access":"green","seasonal":false},"geometry":{"type":"LineString","coordinates":[[-117.8012,35.5007],[-117.8011,35.5007],[-117.801,35.5006],[-117.8009,35.5006],[-117.8008,35.5006],[-117.8007,35.5007],[-117.8006,35.5007],[-117.8005,35.5007],[-117.8003,35.5008],[-117.8002,35.5008],[-117.8001,35.5008],[-117.8,35.5008],[-117.7999,35.5009],[-117.7998,35.5009],[-117.7997,35.5009],[-117.7996,35.5009],[-117.7996,35.5008],[-117.7995,35.5008],[-117.7994,35.5007],[-117.7993,35.5006],[-117.7992,35.5006],[-117.7991,35.5007],[-117.799,35.5007],[-117.7989,35.5008],[-117.7988,35.5008],[-117.7987,35.5008],[-117.7986,35.5008],[-117.7985,35.5007],[-117.7984,35.5007],[-117.7983,35.5007],[-117.7982,35.5007],[-117.7981,35.5007],[-117.798,35.5006],[-117.7979,35.5006],[-117.7978,35.5005],[-117.7977,35.5005],[-117.7976,35.5004],[-117.7975,35.5003],[-117.7974,35.5003],[-117.7973,35.5003],[-117.7972,35.5003],[-117.7971,35.5002],[-117.797,35.5001],[-117.7969,35.5],[-117.7968,35.5],[-117.7967,35.4999],[-117.7966,35.4999],[-117.7965,35.4999],[-117.7964,35.4999],[-117.7963,35.4999],[-117.7962,35.4999],[-117.7962,35.4998]]}},{"type":"Feature","properties":{"id":"EP137","name":"EP137","kind":"road","access":"green","seasonal":false},"geometry":{"type":"LineString","coordinates":[[-117.856,35.4146],[-117.8561,35.4145],[-117.8562,35.4144],[-117.8563,35.4143],[-117.8563,35.4142],[-117.8564,35.4141],[-117.8564,35.414],[-117.8565,35.4139],[-117.8566,35.4138],[-117.8567,35.4138],[-117.8568,35.4138],[-117.8569,35.4138],[-117.857,35.4138],[-117.8572,35.4138],[-117.8573,35.4138],[-117.8574,35.4138],[-117.8575,35.4138],[-117.8576,35.4138],[-117.8577,35.4138],[-117.8578,35.4138],[-117.8579,35.4138],[-117.858,35.4138],[-117.8581,35.4137],[-117.8582,35.4136],[-117.8582,35.4135],[-117.8583,35.4135],[-117.8583,35.4134],[-117.8584,35.4134],[-117.8584,35.4133],[-117.8585,35.4133],[-117.8585,35.4132],[-117.8586,35.4132],[-117.8587,35.4131],[-117.8588,35.4131],[-117.8588,35.413],[-117.8589,35.4129],[-117.859,35.4129],[-117.8591,35.413],[-117.8592,35.413],[-117.8592,35.4131],[-117.8593,35.4131],[-117.8593,35.4132],[-117.8594,35.4132],[-117.8594,35.4133],[-117.8595,35.4133],[-117.8595,35.4134],[-117.8596,35.4134],[-117.8597,35.4134],[-117.8598,35.4135],[-117.8599,35.4135],[-117.86,35.4135],[-117.8601,35.4136],[-117.8602,35.4136],[-117.8602,35.4137],[-117.8603,35.4137]]}},{"type":"Feature","properties":{"id":null,"name":null,"kind":"road","access":"green","seasonal":false},"geometry":{"type":"LineString","coordinates":[[-117.6543,35.4602],[-117.6544,35.4601],[-117.6544,35.4599],[-117.6545,35.4596],[-117.6544,35.4595],[-117.6544,35.4593],[-117.6544,35.4592],[-117.6543,35.459],[-117.6543,35.4588],[-117.6543,35.4587],[-117.6543,35.4586],[-117.6542,35.4585]]}},{"type":"Feature","properties":{"id":null,"name":null,"kind":"road","access":"green","seasonal":false},"geometry":{"type":"LineString","coordinates":[[-117.7675,35.4364],[-117.7674,35.4364],[-117.7674,35.4363],[-117.7673,35.4362],[-117.7672,35.4362],[-117.7671,35.4361],[-117.767,35.4361],[-117.767,35.436],[-117.7669,35.4359],[-117.7669,35.4358],[-117.7668,35.4357],[-117.7668,35.4356],[-117.7667,35.4356],[-117.7666,35.4355],[-117.7665,35.4355],[-117.7664,35.4355],[-117.7663,35.4356],[-117.7661,35.4357],[-117.766,35.4357],[-117.7659,35.4358],[-117.7658,35.4358],[-117.7657,35.4358],[-117.7656,35.4358],[-117.7656,35.4357],[-117.7655,35.4357],[-117.7655,35.4356],[-117.7654,35.4356],[-117.7653,35.4356],[-117.7651,35.4356],[-117.765,35.4356],[-117.7649,35.4356],[-117.7648,35.4356],[-117.7647,35.4357],[-117.7647,35.4358],[-117.7646,35.4358],[-117.7645,35.4359],[-117.7644,35.4359],[-117.7643,35.4359],[-117.7642,35.4359],[-117.7641,35.4359],[-117.764,35.436],[-117.7639,35.436],[-117.7639,35.4361],[-117.7638,35.4361],[-117.7637,35.4362],[-117.7636,35.4362],[-117.7635,35.4363],[-117.7634,35.4363],[-117.7633,35.4364],[-117.7632,35.4365],[-117.7631,35.4365],[-117.763,35.4366],[-117.7629,35.4367],[-117.7629,35.4368],[-117.7629,35.4369],[-117.7629,35.437],[-117.7629,35.4371],[-117.7628,35.4371],[-117.7627,35.4371],[-117.7626,35.4371],[-117.7625,35.437],[-117.7624,35.437],[-117.7623,35.4371],[-117.7622,35.4371],[-117.7622,35.4372],[-117.7621,35.4372],[-117.762,35.4372],[-117.762,35.4371],[-117.762,35.437],[-117.7619,35.4369],[-117.7618,35.4368],[-117.7617,35.4368],[-117.7616,35.4367],[-117.7616,35.4366],[-117.7616,35.4365],[-117.7615,35.4364],[-117.7614,35.4363],[-117.7612,35.4363],[-117.7611,35.4363],[-117.761,35.4363],[-117.7609,35.4363],[-117.7608,35.4363],[-117.7607,35.4363],[-117.7606,35.4362],[-117.7606,35.4361],[-117.7606,35.436]]}},{"type":"Feature","properties":{"id":null,"name":null,"kind":"road","access":"green","seasonal":false},"geometry":{"type":"LineString","coordinates":[[-117.6492,35.3661],[-117.6492,35.366],[-117.6492,35.3658],[-117.6493,35.3655]]}},{"type":"Feature","properties":{"id":null,"name":null,"kind":"road","access":"green","seasonal":false},"geometry":{"type":"LineString","coordinates":[[-117.8504,35.4194],[-117.8505,35.4193],[-117.8506,35.4192],[-117.8507,35.4192],[-117.8507,35.4191],[-117.8508,35.419],[-117.8508,35.4189],[-117.8509,35.4188],[-117.8509,35.4187],[-117.851,35.4187],[-117.851,35.4186],[-117.8511,35.4186],[-117.8512,35.4185],[-117.8512,35.4184],[-117.8512,35.4183],[-117.8513,35.4183]]}},{"type":"Feature","properties":{"id":null,"name":null,"kind":"road","access":"green","seasonal":false},"geometry":{"type":"LineString","coordinates":[[-117.8976,35.4111],[-117.8975,35.4111],[-117.8974,35.4111],[-117.8973,35.4112],[-117.8972,35.4112],[-117.8971,35.4113],[-117.897,35.4113],[-117.8969,35.4113],[-117.8968,35.4113],[-117.8967,35.4112],[-117.8966,35.4112],[-117.8965,35.4111],[-117.8964,35.4111],[-117.8963,35.4111],[-117.8962,35.411],[-117.8961,35.411],[-117.896,35.411],[-117.8959,35.4111],[-117.8958,35.4111],[-117.8957,35.4112],[-117.8957,35.4113],[-117.8957,35.4114],[-117.8957,35.4115],[-117.8957,35.4116],[-117.8957,35.4117],[-117.8957,35.4118],[-117.8956,35.4119],[-117.8955,35.4119],[-117.8954,35.412],[-117.8953,35.412],[-117.8952,35.412],[-117.8951,35.4121],[-117.895,35.4121],[-117.895,35.4122],[-117.895,35.4123],[-117.8949,35.4123],[-117.8949,35.4124],[-117.8949,35.4125],[-117.8949,35.4126],[-117.8949,35.4127],[-117.8949,35.4128],[-117.895,35.4129],[-117.8951,35.413],[-117.8951,35.4131],[-117.8951,35.4132],[-117.8951,35.4133],[-117.895,35.4134],[-117.895,35.4135],[-117.8949,35.4135],[-117.8948,35.4136],[-117.8947,35.4136],[-117.8947,35.4137],[-117.8946,35.4137],[-117.8945,35.4137],[-117.8944,35.4137],[-117.8943,35.4137],[-117.8942,35.4138],[-117.8941,35.4138],[-117.894,35.4138],[-117.8939,35.4139],[-117.8939,35.414],[-117.8938,35.414],[-117.8937,35.4141],[-117.8937,35.4142],[-117.8936,35.4142],[-117.8936,35.4143],[-117.8935,35.4143],[-117.8934,35.4143],[-117.8933,35.4143],[-117.8933,35.4142],[-117.8932,35.4142],[-117.8931,35.4142],[-117.893,35.4142],[-117.8929,35.4142],[-117.8928,35.4142],[-117.8927,35.4142],[-117.8926,35.4142],[-117.8925,35.4142],[-117.8924,35.4141],[-117.8923,35.4141],[-117.8922,35.4141],[-117.8921,35.4141],[-117.892,35.414],[-117.8919,35.414],[-117.8918,35.414],[-117.8917,35.414],[-117.8916,35.414],[-117.8915,35.4139],[-117.8914,35.4139],[-117.8913,35.4139],[-117.8912,35.4139],[-117.8911,35.4139],[-117.891,35.414],[-117.8909,35.414],[-117.8908,35.4141],[-117.8908,35.4142],[-117.8907,35.4142],[-117.8907,35.4143],[-117.8906,35.4144],[-117.8906,35.4145],[-117.8906,35.4146],[-117.8905,35.4147],[-117.8904,35.4148],[-117.8903,35.4149],[-117.8902,35.4149],[-117.8901,35.4149],[-117.89,35.4149],[-117.8899,35.4149],[-117.8898,35.4149],[-117.8897,35.4149],[-117.8896,35.4149],[-117.8895,35.4149],[-117.8894,35.4149],[-117.8893,35.4149],[-117.8893,35.4148],[-117.8892,35.4148],[-117.8891,35.4149],[-117.889,35.4149],[-117.8889,35.4149],[-117.8889,35.415],[-117.8888,35.415],[-117.8887,35.415],[-117.8887,35.4151],[-117.8887,35.4152],[-117.8886,35.4152],[-117.8886,35.4153],[-117.8886,35.4154],[-117.8885,35.4155],[-117.8885,35.4156],[-117.8884,35.4157],[-117.8883,35.4158],[-117.8882,35.4158],[-117.8882,35.4159],[-117.8881,35.4159],[-117.8881,35.416],[-117.888,35.416],[-117.888,35.4161],[-117.8879,35.4161]]}},{"type":"Feature","properties":{"id":null,"name":null,"kind":"road","access":"green","seasonal":false},"geometry":{"type":"LineString","coordinates":[[-117.8104,35.4569],[-117.8104,35.4568],[-117.8105,35.4568],[-117.8106,35.4568],[-117.8107,35.4568],[-117.8107,35.4569],[-117.8108,35.4569],[-117.8109,35.4569],[-117.811,35.457],[-117.8111,35.457],[-117.8112,35.4571],[-117.8113,35.4572],[-117.8113,35.4573],[-117.8113,35.4574],[-117.8114,35.4574],[-117.8114,35.4575],[-117.8115,35.4575],[-117.8115,35.4576],[-117.8116,35.4577],[-117.8116,35.4578],[-117.8116,35.4579],[-117.8116,35.458],[-117.8116,35.4581],[-117.8117,35.4581],[-117.8117,35.4582],[-117.8117,35.4583],[-117.8118,35.4584],[-117.8118,35.4585],[-117.8119,35.4585],[-117.8119,35.4586],[-117.8119,35.4587],[-117.812,35.4587],[-117.812,35.4588],[-117.8121,35.4589],[-117.8121,35.459],[-117.8122,35.459],[-117.8122,35.4591],[-117.8123,35.4591],[-117.8123,35.4592],[-117.8124,35.4592],[-117.8125,35.4592],[-117.8125,35.4593],[-117.8126,35.4593],[-117.8126,35.4594],[-117.8127,35.4594],[-117.8127,35.4595],[-117.8127,35.4596],[-117.8127,35.4597],[-117.8127,35.4598],[-117.8128,35.4598],[-117.8128,35.4599],[-117.8129,35.46],[-117.8129,35.4601],[-117.813,35.4601],[-117.813,35.4602],[-117.8131,35.4603],[-117.8131,35.4604],[-117.8132,35.4604],[-117.8132,35.4605],[-117.8133,35.4606],[-117.8133,35.4607],[-117.8134,35.4607],[-117.8134,35.4608],[-117.8133,35.4608],[-117.8133,35.4609],[-117.8134,35.461],[-117.8135,35.4611],[-117.8136,35.4611],[-117.8137,35.4611],[-117.8137,35.4612],[-117.8138,35.4612],[-117.8139,35.4612],[-117.814,35.4612],[-117.8141,35.4613],[-117.8142,35.4614],[-117.8142,35.4615],[-117.8142,35.4616],[-117.8142,35.4617],[-117.8142,35.4618],[-117.8141,35.4618],[-117.8141,35.4619],[-117.8141,35.462],[-117.8141,35.4621],[-117.8141,35.4622],[-117.814,35.4623],[-117.814,35.4624],[-117.814,35.4625],[-117.814,35.4626],[-117.814,35.4627],[-117.8139,35.4627],[-117.8139,35.4628],[-117.8139,35.4629],[-117.8139,35.463],[-117.8138,35.463],[-117.8138,35.4631],[-117.8138,35.4632],[-117.8139,35.4633],[-117.814,35.4633],[-117.8141,35.4633],[-117.8142,35.4633],[-117.8142,35.4632],[-117.8143,35.4632],[-117.8144,35.4632],[-117.8145,35.4632],[-117.8145,35.4631],[-117.8146,35.4631],[-117.8147,35.4631],[-117.8148,35.4631],[-117.8149,35.4631],[-117.8149,35.463],[-117.815,35.463],[-117.815,35.4629],[-117.815,35.4628],[-117.815,35.4627],[-117.815,35.4626],[-117.815,35.4625],[-117.815,35.4624],[-117.8151,35.4624],[-117.8151,35.4623],[-117.8152,35.4622],[-117.8153,35.4621],[-117.8153,35.462],[-117.8154,35.462],[-117.8154,35.4619],[-117.8155,35.4618],[-117.8156,35.4618],[-117.8156,35.4617],[-117.8157,35.4617],[-117.8157,35.4616],[-117.8158,35.4616],[-117.8159,35.4616],[-117.816,35.4616],[-117.8161,35.4616],[-117.8162,35.4616],[-117.8163,35.4616],[-117.8164,35.4615],[-117.8165,35.4615],[-117.8166,35.4615],[-117.8167,35.4614],[-117.8168,35.4614],[-117.8169,35.4614],[-117.817,35.4614],[-117.8171,35.4614],[-117.8173,35.4614],[-117.8174,35.4613],[-117.8175,35.4613],[-117.8176,35.4613],[-117.8177,35.4613],[-117.8178,35.4613],[-117.8179,35.4613],[-117.8179,35.4612],[-117.818,35.4612],[-117.8181,35.4612],[-117.8182,35.4611],[-117.8183,35.4611],[-117.8184,35.4611],[-117.8185,35.461],[-117.8186,35.461],[-117.8187,35.4609],[-117.8188,35.4609],[-117.8189,35.4608],[-117.819,35.4608],[-117.8191,35.4607],[-117.8192,35.4607],[-117.8193,35.4606],[-117.8194,35.4606],[-117.8194,35.4605],[-117.8195,35.4605],[-117.8196,35.4605],[-117.8196,35.4604],[-117.8196,35.4603],[-117.8196,35.4602],[-117.8196,35.4601],[-117.8197,35.4601],[-117.8197,35.46],[-117.8198,35.4599],[-117.8198,35.4598],[-117.8199,35.4597],[-117.82,35.4597],[-117.8201,35.4597],[-117.8202,35.4597],[-117.8203,35.4597],[-117.8203,35.4596],[-117.8204,35.4596],[-117.8205,35.4596],[-117.8206,35.4595],[-117.8207,35.4595],[-117.8208,35.4594],[-117.8209,35.4593],[-117.821,35.4593],[-117.8211,35.4592],[-117.8212,35.4591],[-117.8212,35.459],[-117.8213,35.459],[-117.8213,35.4589],[-117.8213,35.4588],[-117.8214,35.4588],[-117.8214,35.4587],[-117.8215,35.4586],[-117.8216,35.4585],[-117.8217,35.4584],[-117.8217,35.4583],[-117.8218,35.4583],[-117.8218,35.4582],[-117.8219,35.4581],[-117.8219,35.458],[-117.822,35.4579],[-117.822,35.4578],[-117.822,35.4577],[-117.8221,35.4577],[-117.8221,35.4576],[-117.8221,35.4575],[-117.8222,35.4574],[-117.8222,35.4573],[-117.8223,35.4572],[-117.8223,35.4571],[-117.8223,35.457],[-117.8224,35.457],[-117.8224,35.4569],[-117.8224,35.4568],[-117.8225,35.4567],[-117.8225,35.4566],[-117.8225,35.4565],[-117.8225,35.4563],[-117.8226,35.4562],[-117.8226,35.4561],[-117.8227,35.4559],[-117.8227,35.4558],[-117.8227,35.4556],[-117.8228,35.4554],[-117.8227,35.4553],[-117.8227,35.4552],[-117.8227,35.4551],[-117.8228,35.4551],[-117.8228,35.455],[-117.8229,35.4549],[-117.8229,35.4548],[-117.8229,35.4547],[-117.823,35.4547],[-117.823,35.4545],[-117.823,35.4544],[-117.8231,35.4543],[-117.8232,35.4542],[-117.8232,35.4541],[-117.8233,35.454],[-117.8233,35.4539],[-117.8234,35.4538],[-117.8234,35.4537],[-117.8235,35.4536],[-117.8236,35.4535],[-117.8237,35.4534],[-117.8237,35.4533],[-117.8238,35.4532],[-117.8239,35.4531],[-117.824,35.453],[-117.824,35.4529],[-117.8241,35.4529],[-117.8241,35.4528],[-117.8241,35.4527],[-117.8242,35.4527],[-117.8242,35.4526],[-117.8243,35.4526],[-117.8243,35.4525],[-117.8244,35.4525],[-117.8244,35.4524],[-117.8244,35.4523],[-117.8245,35.4523],[-117.8245,35.4522],[-117.8245,35.4521],[-117.8245,35.452],[-117.8245,35.4519],[-117.8246,35.4518],[-117.8246,35.4517],[-117.8246,35.4516],[-117.8247,35.4515],[-117.8247,35.4514],[-117.8248,35.4513],[-117.8249,35.4512],[-117.825,35.4511],[-117.825,35.451],[-117.8251,35.451],[-117.8251,35.4509],[-117.8252,35.4509],[-117.8253,35.4508],[-117.8254,35.4507],[-117.8255,35.4507],[-117.8256,35.4507],[-117.8257,35.4506],[-117.8258,35.4505],[-117.8259,35.4505],[-117.826,35.4504],[-117.8261,35.4503],[-117.8262,35.4502],[-117.8263,35.4501],[-117.8263,35.45],[-117.8264,35.45],[-117.8265,35.4499],[-117.8266,35.4499],[-117.8267,35.4498],[-117.8268,35.4498],[-117.8269,35.4498],[-117.8269,35.4497],[-117.827,35.4497],[-117.8271,35.4496],[-117.8272,35.4496],[-117.8273,35.4495],[-117.8274,35.4493],[-117.8275,35.4492],[-117.8276,35.4492],[-117.8277,35.4491],[-117.8278,35.4489],[-117.8278,35.4488],[-117.8279,35.4488]]}},{"type":"Feature","properties":{"id":null,"name":null,"kind":"road","access":"green","seasonal":false},"geometry":{"type":"LineString","coordinates":[[-117.8218,35.4417],[-117.8218,35.4416],[-117.8218,35.4415],[-117.8218,35.4414],[-117.8217,35.4414],[-117.8217,35.4413],[-117.8217,35.4412],[-117.8217,35.4411],[-117.8217,35.441],[-117.8216,35.441],[-117.8216,35.4409],[-117.8215,35.4408],[-117.8215,35.4407],[-117.8215,35.4406],[-117.8215,35.4405],[-117.8214,35.4405],[-117.8214,35.4404]]}},{"type":"Feature","properties":{"id":null,"name":null,"kind":"road","access":"green","seasonal":false},"geometry":{"type":"LineString","coordinates":[[-117.9458,35.4773],[-117.9456,35.4772],[-117.9455,35.4771],[-117.9451,35.4769],[-117.945,35.4768],[-117.9447,35.4765],[-117.9445,35.4764],[-117.9444,35.4761],[-117.9443,35.4759],[-117.9442,35.4757],[-117.9441,35.4755],[-117.944,35.4755],[-117.944,35.4753],[-117.944,35.4752],[-117.9439,35.475],[-117.9438,35.4747],[-117.9437,35.4745],[-117.9436,35.4743],[-117.9436,35.4741],[-117.9435,35.4739],[-117.9434,35.4737],[-117.9432,35.4736],[-117.9431,35.4733],[-117.9431,35.4731],[-117.943,35.4729],[-117.9429,35.4728],[-117.9428,35.4727],[-117.9427,35.4725],[-117.9425,35.4723],[-117.9423,35.4721],[-117.9422,35.4719],[-117.942,35.4717],[-117.9419,35.4716],[-117.9417,35.4714],[-117.9416,35.4711],[-117.9415,35.4709],[-117.9415,35.4707]]}},{"type":"Feature","properties":{"id":null,"name":null,"kind":"road","access":"green","seasonal":false},"geometry":{"type":"LineString","coordinates":[[-117.8907,35.4332],[-117.8907,35.4333],[-117.8907,35.4334],[-117.8907,35.4335],[-117.8908,35.4336],[-117.8908,35.4337],[-117.8908,35.4338],[-117.8908,35.4339],[-117.8909,35.4339],[-117.8909,35.434],[-117.891,35.4341],[-117.891,35.4342],[-117.891,35.4343],[-117.8909,35.4343],[-117.8909,35.4344],[-117.8908,35.4345],[-117.8907,35.4346],[-117.8906,35.4347],[-117.8905,35.4348],[-117.8905,35.4349],[-117.8904,35.435],[-117.8903,35.4351],[-117.8903,35.4352],[-117.8902,35.4353],[-117.8902,35.4354],[-117.8901,35.4354],[-117.8901,35.4355],[-117.8901,35.4356],[-117.89,35.4356],[-117.89,35.4357],[-117.89,35.4358],[-117.89,35.4359],[-117.89,35.436],[-117.8899,35.4361],[-117.8899,35.4362],[-117.8898,35.4363],[-117.8898,35.4364],[-117.8897,35.4364],[-117.8897,35.4365],[-117.8896,35.4366],[-117.8895,35.4367],[-117.8894,35.4368],[-117.8894,35.4369],[-117.8893,35.437],[-117.8893,35.4371],[-117.8892,35.4371],[-117.8892,35.4372],[-117.8892,35.4373],[-117.8891,35.4373],[-117.8891,35.4374],[-117.889,35.4375],[-117.8889,35.4376],[-117.8888,35.4376],[-117.8888,35.4377],[-117.8887,35.4377],[-117.8887,35.4378],[-117.8886,35.4378],[-117.8885,35.4379],[-117.8884,35.438],[-117.8883,35.4381],[-117.8882,35.4382],[-117.8882,35.4383],[-117.8881,35.4384],[-117.8881,35.4385],[-117.8881,35.4386],[-117.8881,35.4387],[-117.888,35.4388],[-117.888,35.4389],[-117.888,35.439],[-117.8879,35.4391],[-117.8879,35.4392],[-117.8879,35.4393],[-117.8879,35.4394],[-117.8879,35.4395],[-117.8878,35.4395],[-117.8878,35.4396],[-117.8878,35.4397],[-117.8878,35.4398],[-117.8878,35.4399],[-117.8877,35.4399],[-117.8877,35.44],[-117.8876,35.44],[-117.8875,35.4401],[-117.8874,35.4402],[-117.8873,35.4402],[-117.8872,35.4402],[-117.8871,35.4403],[-117.887,35.4403],[-117.8869,35.4403],[-117.8868,35.4404],[-117.8867,35.4404],[-117.8866,35.4404],[-117.8865,35.4405],[-117.8864,35.4405],[-117.8863,35.4406],[-117.8863,35.4407],[-117.8861,35.4407],[-117.886,35.4407],[-117.8859,35.4408],[-117.8858,35.4409],[-117.8857,35.4409],[-117.8855,35.441],[-117.8854,35.441],[-117.8853,35.4411],[-117.8852,35.4412],[-117.8851,35.4412],[-117.885,35.4413],[-117.885,35.4414],[-117.8849,35.4414],[-117.8849,35.4415],[-117.8848,35.4416],[-117.8847,35.4417],[-117.8846,35.4418],[-117.8846,35.4419],[-117.8845,35.4419],[-117.8845,35.442],[-117.8845,35.4421],[-117.8845,35.4422],[-117.8845,35.4423],[-117.8844,35.4424],[-117.8844,35.4425],[-117.8844,35.4426],[-117.8843,35.4427],[-117.8842,35.4428],[-117.8841,35.4429],[-117.8841,35.4431],[-117.8841,35.4432],[-117.884,35.4433],[-117.884,35.4434],[-117.884,35.4435],[-117.884,35.4436],[-117.8839,35.4437],[-117.8839,35.4438],[-117.8838,35.4438],[-117.8837,35.4439],[-117.8836,35.444],[-117.8836,35.4441],[-117.8835,35.4442],[-117.8834,35.4443],[-117.8832,35.4444],[-117.8831,35.4445],[-117.8831,35.4446],[-117.883,35.4447],[-117.8829,35.4448],[-117.8828,35.4449],[-117.8827,35.445],[-117.8827,35.4451],[-117.8826,35.4451]]}},{"type":"Feature","properties":{"id":null,"name":null,"kind":"road","access":"green","seasonal":false},"geometry":{"type":"LineString","coordinates":[[-117.7605,35.4663],[-117.7604,35.4663],[-117.7604,35.4662],[-117.7603,35.4661],[-117.7602,35.466],[-117.7601,35.4659],[-117.76,35.4658],[-117.7599,35.4657],[-117.7599,35.4656],[-117.7598,35.4656],[-117.7597,35.4655],[-117.7596,35.4654],[-117.7595,35.4653],[-117.7594,35.4652],[-117.7593,35.4651],[-117.7592,35.465],[-117.7591,35.4649],[-117.759,35.4649],[-117.7589,35.4648],[-117.7588,35.4648],[-117.7587,35.4647],[-117.7586,35.4647],[-117.7585,35.4646],[-117.7584,35.4646],[-117.7583,35.4645],[-117.7582,35.4645],[-117.758,35.4644],[-117.7579,35.4644],[-117.7578,35.4644],[-117.7577,35.4644],[-117.7575,35.4644],[-117.7574,35.4644],[-117.7573,35.4644],[-117.7572,35.4644],[-117.7571,35.4643],[-117.757,35.4644],[-117.7569,35.4644],[-117.7568,35.4644],[-117.7567,35.4644],[-117.7566,35.4645],[-117.7565,35.4645],[-117.7564,35.4645],[-117.7563,35.4646],[-117.7562,35.4646],[-117.7561,35.4646],[-117.756,35.4646],[-117.7558,35.4646],[-117.7557,35.4646],[-117.7555,35.4646],[-117.7553,35.4647],[-117.7551,35.4647],[-117.7549,35.4647],[-117.7547,35.4647],[-117.7546,35.4647],[-117.7544,35.4647],[-117.7542,35.4646],[-117.7542,35.4645],[-117.7541,35.4644],[-117.754,35.4643],[-117.7539,35.4643],[-117.7538,35.4642],[-117.7538,35.4641],[-117.7537,35.464],[-117.7537,35.4639],[-117.7537,35.4638]]}},{"type":"Feature","properties":{"id":null,"name":null,"kind":"road","access":"green","seasonal":false},"geometry":{"type":"LineString","coordinates":[[-117.6786,35.4545],[-117.6786,35.4544],[-117.6786,35.4543],[-117.6786,35.4542],[-117.6786,35.4541],[-117.6786,35.454]]}},{"type":"Feature","properties":{"id":null,"name":null,"kind":"road","access":"green","seasonal":false},"geometry":{"type":"LineString","coordinates":[[-117.8519,35.4276],[-117.8518,35.4276],[-117.8517,35.4276],[-117.8516,35.4276],[-117.8515,35.4276],[-117.8513,35.4276],[-117.8512,35.4276],[-117.8511,35.4276],[-117.8509,35.4277],[-117.8508,35.4278],[-117.8507,35.4279],[-117.8506,35.4279],[-117.8504,35.428]]}},{"type":"Feature","properties":{"id":null,"name":null,"kind":"road","access":"green","seasonal":false},"geometry":{"type":"LineString","coordinates":[[-117.819,35.4402],[-117.8189,35.4403],[-117.8188,35.4403],[-117.8187,35.4403],[-117.8186,35.4403],[-117.8186,35.4402],[-117.8185,35.4402],[-117.8183,35.4402],[-117.818,35.4401],[-117.818,35.44],[-117.8179,35.44],[-117.8179,35.4399],[-117.8178,35.4399],[-117.8177,35.4398],[-117.8176,35.4397],[-117.8175,35.4397],[-117.8175,35.4396],[-117.8174,35.4396]]}},{"type":"Feature","properties":{"id":null,"name":null,"kind":"road","access":"green","seasonal":false},"geometry":{"type":"LineString","coordinates":[[-117.92,35.4665],[-117.9201,35.4666],[-117.9201,35.4667],[-117.9202,35.4668],[-117.9203,35.467],[-117.9203,35.4672],[-117.9204,35.4673],[-117.9204,35.4675],[-117.9205,35.4676],[-117.9206,35.4677],[-117.9207,35.4678],[-117.9208,35.468],[-117.9209,35.4681],[-117.921,35.4683],[-117.9212,35.4684],[-117.9213,35.4685],[-117.9214,35.4687],[-117.9215,35.4688],[-117.9217,35.4689],[-117.9218,35.4691],[-117.9219,35.4692],[-117.9221,35.4694],[-117.9222,35.4695],[-117.9223,35.4696]]}},{"type":"Feature","properties":{"id":null,"name":null,"kind":"road","access":"green","seasonal":false},"geometry":{"type":"LineString","coordinates":[[-117.7013,35.4413],[-117.7013,35.4414],[-117.7013,35.4415],[-117.7014,35.4415],[-117.7014,35.4416],[-117.7014,35.4417],[-117.7015,35.4417],[-117.7015,35.4418],[-117.7015,35.4419],[-117.7016,35.4419],[-117.7016,35.442],[-117.7016,35.4421]]}},{"type":"Feature","properties":{"id":null,"name":null,"kind":"road","access":"green","seasonal":false},"geometry":{"type":"LineString","coordinates":[[-117.8919,35.433],[-117.8923,35.4329],[-117.8924,35.4329],[-117.8925,35.4329],[-117.8927,35.4329],[-117.8928,35.4329],[-117.8929,35.4329],[-117.893,35.433],[-117.8931,35.433],[-117.8934,35.433],[-117.8937,35.433],[-117.8938,35.4331],[-117.894,35.4331],[-117.8941,35.4332],[-117.8942,35.4332],[-117.8943,35.4333],[-117.8945,35.4334],[-117.8946,35.4335],[-117.8948,35.4335],[-117.8949,35.4336],[-117.8951,35.4336],[-117.8956,35.4338],[-117.8957,35.4339],[-117.8959,35.4339],[-117.896,35.4339],[-117.8961,35.434],[-117.8962,35.434],[-117.8963,35.434],[-117.8963,35.4341],[-117.8964,35.4341],[-117.8965,35.4342]]}},{"type":"Feature","properties":{"id":null,"name":null,"kind":"road","access":"green","seasonal":false},"geometry":{"type":"LineString","coordinates":[[-117.6354,35.4403],[-117.6352,35.4403],[-117.6351,35.4402],[-117.6349,35.4401],[-117.6346,35.4399],[-117.6345,35.4398],[-117.6342,35.4397],[-117.6338,35.4396],[-117.6337,35.4395],[-117.6336,35.4395],[-117.6333,35.4396],[-117.633,35.4397],[-117.6326,35.4399],[-117.6324,35.4401]]}},{"type":"Feature","properties":{"id":null,"name":null,"kind":"road","access":"green","seasonal":false},"geometry":{"type":"LineString","coordinates":[[-117.6555,35.4491],[-117.6555,35.449],[-117.6558,35.4486],[-117.656,35.4484],[-117.6564,35.448],[-117.6569,35.4476],[-117.6575,35.4471],[-117.6581,35.4467],[-117.6587,35.4462],[-117.6593,35.4457],[-117.6598,35.4452],[-117.6605,35.4446],[-117.6608,35.4443],[-117.6616,35.4434],[-117.6618,35.443],[-117.6621,35.4427],[-117.6623,35.4424],[-117.6625,35.4423],[-117.6627,35.442],[-117.6632,35.4417],[-117.6634,35.4414],[-117.6643,35.4408],[-117.6646,35.4406],[-117.6649,35.4405],[-117.6651,35.4404],[-117.6653,35.4403],[-117.6655,35.4401],[-117.6658,35.44],[-117.666,35.4399],[-117.6662,35.4397],[-117.6667,35.4394],[-117.667,35.4392],[-117.6674,35.4391],[-117.6678,35.439],[-117.6679,35.4389],[-117.6681,35.4386],[-117.6683,35.4384],[-117.6684,35.4381],[-117.6685,35.4379],[-117.6685,35.4378],[-117.6686,35.4374],[-117.6687,35.4372],[-117.6689,35.4367],[-117.6691,35.4364],[-117.6692,35.4363],[-117.6697,35.4358],[-117.67,35.4356],[-117.6702,35.4354],[-117.6705,35.4351],[-117.6707,35.4349],[-117.671,35.4347],[-117.6712,35.4345],[-117.6713,35.4343],[-117.6713,35.4341],[-117.6713,35.4338],[-117.6714,35.4337],[-117.6715,35.4336],[-117.6716,35.4335],[-117.6717,35.4334]]}},{"type":"Feature","properties":{"id":null,"name":null,"kind":"road","access":"green","seasonal":false},"geometry":{"type":"LineString","coordinates":[[-117.8179,35.4418],[-117.818,35.4418],[-117.8181,35.4418],[-117.8182,35.4418],[-117.8183,35.4418],[-117.8183,35.4417],[-117.8184,35.4417],[-117.8185,35.4416],[-117.8186,35.4416],[-117.8187,35.4415],[-117.8188,35.4415],[-117.8189,35.4415],[-117.819,35.4415],[-117.8191,35.4415],[-117.8192,35.4415],[-117.8193,35.4415],[-117.8194,35.4415],[-117.8195,35.4415],[-117.8196,35.4415],[-117.8198,35.4416],[-117.8199,35.4416],[-117.82,35.4416],[-117.8201,35.4416],[-117.8202,35.4417],[-117.8203,35.4417],[-117.8204,35.4417],[-117.8205,35.4417],[-117.8206,35.4418],[-117.8207,35.4418],[-117.8208,35.4418],[-117.8209,35.4419],[-117.821,35.4419],[-117.8211,35.4419],[-117.8212,35.4419],[-117.8213,35.4418],[-117.8214,35.4418],[-117.8215,35.4418],[-117.8216,35.4417],[-117.8217,35.4417],[-117.8218,35.4417],[-117.8219,35.4417],[-117.8219,35.4416],[-117.822,35.4416],[-117.8221,35.4416]]}},{"type":"Feature","properties":{"id":null,"name":null,"kind":"road","access":"green","seasonal":false},"geometry":{"type":"LineString","coordinates":[[-117.7935,35.4916],[-117.7936,35.4916],[-117.7937,35.4916],[-117.7938,35.4916],[-117.7938,35.4915],[-117.7939,35.4915],[-117.794,35.4915],[-117.794,35.4914],[-117.7941,35.4914],[-117.7942,35.4914],[-117.7942,35.4913],[-117.7943,35.4913],[-117.7944,35.4913],[-117.7945,35.4913],[-117.7946,35.4913],[-117.7947,35.4912],[-117.7948,35.4912],[-117.7948,35.4911],[-117.7949,35.4911],[-117.795,35.4911],[-117.7951,35.4911],[-117.7952,35.4911],[-117.7952,35.491],[-117.7953,35.491],[-117.7954,35.491],[-117.7955,35.491],[-117.7956,35.4909],[-117.7957,35.4909],[-117.7958,35.4909],[-117.7959,35.4909],[-117.796,35.4908],[-117.7961,35.4908],[-117.7962,35.4908],[-117.7963,35.4907],[-117.7964,35.4907],[-117.7965,35.4907],[-117.7966,35.4907],[-117.7967,35.4907],[-117.7967,35.4906],[-117.7968,35.4906],[-117.7969,35.4906],[-117.797,35.4906],[-117.797,35.4907],[-117.7971,35.4907],[-117.7972,35.4907],[-117.7973,35.4908],[-117.7974,35.4908],[-117.7975,35.4908],[-117.7975,35.4907],[-117.7976,35.4908],[-117.7977,35.4908],[-117.7978,35.4908],[-117.7979,35.4908],[-117.7981,35.4909],[-117.7982,35.4909],[-117.7983,35.491],[-117.7984,35.4911],[-117.7984,35.4912],[-117.7985,35.4912],[-117.7985,35.4913],[-117.7986,35.4913],[-117.7987,35.4913],[-117.7987,35.4914],[-117.7988,35.4914],[-117.7989,35.4914],[-117.799,35.4915],[-117.7991,35.4915],[-117.7992,35.4915],[-117.7993,35.4915],[-117.7994,35.4916],[-117.7995,35.4916],[-117.7996,35.4916],[-117.7997,35.4916],[-117.7998,35.4916],[-117.7999,35.4916],[-117.8,35.4916],[-117.8001,35.4916],[-117.8002,35.4916],[-117.8003,35.4916],[-117.8004,35.4916],[-117.8005,35.4916],[-117.8006,35.4916],[-117.8007,35.4916],[-117.8008,35.4916],[-117.8009,35.4916],[-117.801,35.4916],[-117.8011,35.4916],[-117.8012,35.4915],[-117.8013,35.4915],[-117.8014,35.4915],[-117.8015,35.4915],[-117.8016,35.4915],[-117.8017,35.4915],[-117.8018,35.4915],[-117.8019,35.4915],[-117.802,35.4916],[-117.8021,35.4916],[-117.8022,35.4916],[-117.8023,35.4916],[-117.8024,35.4916],[-117.8025,35.4916],[-117.8026,35.4915],[-117.8027,35.4915],[-117.8028,35.4916],[-117.8029,35.4916],[-117.803,35.4916],[-117.8031,35.4917],[-117.8032,35.4917],[-117.8033,35.4916],[-117.8034,35.4916],[-117.8035,35.4916],[-117.8036,35.4916],[-117.8037,35.4915],[-117.8038,35.4915],[-117.8039,35.4915],[-117.804,35.4915],[-117.8041,35.4915],[-117.8042,35.4915],[-117.8042,35.4914],[-117.8043,35.4914],[-117.8044,35.4914],[-117.8045,35.4914],[-117.8045,35.4913],[-117.8046,35.4913],[-117.8047,35.4913],[-117.8048,35.4912],[-117.8049,35.4912],[-117.805,35.4912],[-117.8051,35.4912],[-117.8052,35.4912],[-117.8053,35.4912],[-117.8054,35.4911],[-117.8055,35.4911],[-117.8055,35.491],[-117.8056,35.491],[-117.8057,35.4909],[-117.8058,35.4909],[-117.8059,35.4908],[-117.806,35.4908],[-117.8062,35.4908],[-117.8063,35.4908],[-117.8063,35.4909],[-117.8064,35.4909],[-117.8064,35.4908],[-117.8065,35.4908],[-117.8066,35.4908],[-117.8067,35.4907],[-117.8068,35.4907]]}},{"type":"Feature","properties":{"id":null,"name":null,"kind":"road","access":"green","seasonal":false},"geometry":{"type":"LineString","coordinates":[[-117.6711,35.4491],[-117.6711,35.4492],[-117.6711,35.4493]]}},{"type":"Feature","properties":{"id":null,"name":null,"kind":"road","access":"green","seasonal":false},"geometry":{"type":"LineString","coordinates":[[-117.6958,35.4753],[-117.6958,35.4754],[-117.6959,35.4754],[-117.696,35.4754],[-117.6961,35.4755],[-117.6962,35.4755],[-117.6963,35.4755],[-117.6964,35.4755],[-117.6965,35.4756],[-117.6966,35.4756],[-117.6967,35.4756],[-117.6968,35.4757],[-117.6969,35.4757],[-117.697,35.4757],[-117.6971,35.4758],[-117.6972,35.4758],[-117.6973,35.4758],[-117.6974,35.4759],[-117.6974,35.476],[-117.6975,35.4761],[-117.6976,35.4762],[-117.6977,35.4763],[-117.6977,35.4764],[-117.6977,35.4765],[-117.6977,35.4766],[-117.6977,35.4767],[-117.6978,35.4768],[-117.6979,35.4769],[-117.698,35.477],[-117.698,35.4771],[-117.6981,35.4772],[-117.6982,35.4773],[-117.6983,35.4773],[-117.6984,35.4774]]}},{"type":"Feature","properties":{"id":null,"name":null,"kind":"road","access":"green","seasonal":false},"geometry":{"type":"LineString","coordinates":[[-117.8206,35.4785],[-117.8206,35.4786],[-117.8207,35.4786],[-117.8208,35.4786]]}},{"type":"Feature","properties":{"id":null,"name":null,"kind":"road","access":"green","seasonal":false},"geometry":{"type":"LineString","coordinates":[[-117.8427,35.4364],[-117.8428,35.4365],[-117.8429,35.4365],[-117.843,35.4365],[-117.8431,35.4366],[-117.8432,35.4366],[-117.8432,35.4365],[-117.8433,35.4365],[-117.8434,35.4365],[-117.8435,35.4365],[-117.8436,35.4365],[-117.8437,35.4366],[-117.8438,35.4366],[-117.8439,35.4366],[-117.844,35.4366],[-117.8441,35.4366],[-117.8442,35.4365],[-117.8444,35.4365],[-117.8445,35.4364],[-117.8446,35.4364],[-117.8447,35.4364],[-117.8448,35.4364],[-117.8449,35.4364],[-117.845,35.4363],[-117.8451,35.4363],[-117.8452,35.4363],[-117.8453,35.4363],[-117.8455,35.4364],[-117.8457,35.4364],[-117.8458,35.4364],[-117.8459,35.4364],[-117.846,35.4364],[-117.8462,35.4365],[-117.8463,35.4365],[-117.8464,35.4365],[-117.8465,35.4365],[-117.8466,35.4365],[-117.8467,35.4365],[-117.8468,35.4365],[-117.8469,35.4365],[-117.847,35.4365],[-117.8471,35.4365],[-117.8472,35.4364],[-117.8474,35.4363],[-117.8475,35.4363],[-117.8476,35.4362],[-117.8477,35.4362],[-117.8478,35.4361],[-117.8479,35.4361],[-117.848,35.436],[-117.8481,35.436],[-117.8482,35.436],[-117.8483,35.436],[-117.8484,35.4359],[-117.8485,35.4359],[-117.8486,35.4358],[-117.8487,35.4357],[-117.8488,35.4357],[-117.8488,35.4356],[-117.8489,35.4356],[-117.849,35.4356],[-117.8491,35.4355],[-117.8492,35.4355],[-117.8493,35.4354],[-117.8494,35.4353],[-117.8494,35.4352],[-117.8495,35.4352],[-117.8496,35.4351],[-117.8496,35.435],[-117.8496,35.4348],[-117.8497,35.4347],[-117.8498,35.4346],[-117.8499,35.4345],[-117.85,35.4345],[-117.8501,35.4344],[-117.8502,35.4344],[-117.8503,35.4344],[-117.8504,35.4344],[-117.8505,35.4344],[-117.8505,35.4345],[-117.8506,35.4345],[-117.8507,35.4345],[-117.8507,35.4346],[-117.8508,35.4346],[-117.8509,35.4347],[-117.851,35.4347],[-117.8512,35.4347],[-117.8513,35.4348],[-117.8514,35.4347],[-117.8515,35.4347],[-117.8516,35.4347],[-117.8517,35.4347],[-117.8518,35.4347],[-117.8519,35.4347],[-117.8519,35.4348],[-117.852,35.4348],[-117.8521,35.4348],[-117.8522,35.4348],[-117.8523,35.4348],[-117.8523,35.4349],[-117.8524,35.4349],[-117.8525,35.4349],[-117.8527,35.4349],[-117.8528,35.435],[-117.8529,35.435],[-117.853,35.4351],[-117.8532,35.4352],[-117.8533,35.4352],[-117.8533,35.4353],[-117.8534,35.4353],[-117.8535,35.4353],[-117.8536,35.4353],[-117.8536,35.4354],[-117.8537,35.4354],[-117.8538,35.4354],[-117.8539,35.4354],[-117.854,35.4354],[-117.8541,35.4354],[-117.8542,35.4355],[-117.8543,35.4354],[-117.8544,35.4354],[-117.8545,35.4354],[-117.8546,35.4354],[-117.8547,35.4354],[-117.8548,35.4354],[-117.8549,35.4354],[-117.8551,35.4354],[-117.8552,35.4354],[-117.8553,35.4354],[-117.8553,35.4353],[-117.8554,35.4353],[-117.8555,35.4353],[-117.8556,35.4353],[-117.8558,35.4353],[-117.8559,35.4352],[-117.856,35.4352],[-117.8562,35.4352],[-117.8563,35.4351],[-117.8565,35.4351],[-117.8565,35.435],[-117.8566,35.435],[-117.8567,35.435],[-117.8568,35.4349],[-117.8569,35.4349],[-117.8571,35.4349],[-117.8572,35.4349],[-117.8573,35.4348],[-117.8574,35.4348],[-117.8575,35.4348],[-117.8576,35.4348],[-117.8578,35.4348],[-117.8579,35.4348],[-117.858,35.4347],[-117.8581,35.4347],[-117.8582,35.4347],[-117.8583,35.4347],[-117.8584,35.4347],[-117.8585,35.4347],[-117.8586,35.4347],[-117.8587,35.4347],[-117.8589,35.4347],[-117.859,35.4347],[-117.8591,35.4347],[-117.8592,35.4346],[-117.8593,35.4346],[-117.8594,35.4346],[-117.8595,35.4346],[-117.8596,35.4346],[-117.8597,35.4346],[-117.8598,35.4345],[-117.8599,35.4345],[-117.86,35.4345],[-117.8602,35.4345],[-117.8603,35.4344],[-117.8604,35.4344],[-117.8605,35.4344],[-117.8606,35.4343],[-117.8607,35.4343],[-117.8609,35.4343],[-117.861,35.4342],[-117.8611,35.4342],[-117.8612,35.4342],[-117.8613,35.4341],[-117.8614,35.4341],[-117.8615,35.4341],[-117.8616,35.4341],[-117.8617,35.434],[-117.8618,35.434],[-117.8619,35.434],[-117.862,35.434],[-117.862,35.4339],[-117.8621,35.4339],[-117.8623,35.4339],[-117.8624,35.4338],[-117.8625,35.4338],[-117.8626,35.4338],[-117.8626,35.4337],[-117.8627,35.4337],[-117.8628,35.4336],[-117.8629,35.4336],[-117.863,35.4336],[-117.8631,35.4335],[-117.8632,35.4335],[-117.8633,35.4335],[-117.8634,35.4334],[-117.8635,35.4334],[-117.8636,35.4334],[-117.8637,35.4333],[-117.8638,35.4333],[-117.8639,35.4332],[-117.864,35.4332],[-117.8641,35.4332],[-117.8641,35.4331],[-117.8642,35.4331],[-117.8643,35.4331],[-117.8644,35.433],[-117.8645,35.4329],[-117.8646,35.4329],[-117.8647,35.4328],[-117.8648,35.4328],[-117.8648,35.4327],[-117.8649,35.4327],[-117.865,35.4326],[-117.8651,35.4326],[-117.8652,35.4325],[-117.8653,35.4324],[-117.8653,35.4323],[-117.8654,35.4322],[-117.8654,35.4321],[-117.8655,35.4321],[-117.8655,35.432],[-117.8656,35.432],[-117.8656,35.4319],[-117.8657,35.4319],[-117.8658,35.4318],[-117.8659,35.4317],[-117.866,35.4317],[-117.8661,35.4316],[-117.8661,35.4315],[-117.8662,35.4315],[-117.8662,35.4314],[-117.8663,35.4314],[-117.8663,35.4313],[-117.8664,35.4312],[-117.8665,35.4312],[-117.8665,35.4311],[-117.8666,35.431],[-117.8666,35.4309],[-117.8667,35.4309],[-117.8667,35.4308],[-117.8668,35.4308],[-117.8669,35.4307],[-117.867,35.4307],[-117.867,35.4306],[-117.8671,35.4306],[-117.8672,35.4305],[-117.8673,35.4304],[-117.8674,35.4303],[-117.8674,35.4302],[-117.8675,35.4302],[-117.8676,35.4301],[-117.8677,35.43],[-117.8677,35.4299],[-117.8677,35.4298],[-117.8677,35.4297],[-117.8678,35.4296],[-117.8678,35.4295],[-117.8678,35.4294],[-117.8678,35.4293],[-117.8678,35.4292],[-117.8678,35.4291],[-117.8679,35.4291],[-117.8679,35.429],[-117.8679,35.4289],[-117.8679,35.4288],[-117.8679,35.4287],[-117.868,35.4287],[-117.868,35.4286],[-117.868,35.4285],[-117.868,35.4284],[-117.868,35.4283],[-117.8681,35.4282],[-117.8681,35.4281],[-117.8681,35.428],[-117.8681,35.4279],[-117.8681,35.4278],[-117.8681,35.4276],[-117.8681,35.4275],[-117.8681,35.4274],[-117.8681,35.4273],[-117.868,35.4272],[-117.868,35.4271],[-117.868,35.427],[-117.8679,35.4269],[-117.8679,35.4268],[-117.8679,35.4267],[-117.868,35.4267],[-117.868,35.4266],[-117.868,35.4265],[-117.868,35.4264],[-117.868,35.4263],[-117.8681,35.4262],[-117.8681,35.4261],[-117.8681,35.426],[-117.8681,35.4259],[-117.8681,35.4258],[-117.8682,35.4257],[-117.8683,35.4256],[-117.8683,35.4255],[-117.8683,35.4254],[-117.8683,35.4253],[-117.8683,35.4252],[-117.8683,35.4251],[-117.8682,35.4251],[-117.8682,35.425],[-117.8682,35.4249],[-117.8682,35.4248],[-117.8682,35.4247],[-117.8682,35.4246],[-117.8681,35.4246],[-117.8681,35.4245],[-117.868,35.4244],[-117.868,35.4243],[-117.868,35.4242],[-117.8679,35.4241],[-117.8679,35.4239],[-117.8679,35.4238],[-117.8678,35.4237],[-117.8678,35.4236],[-117.8678,35.4235],[-117.8678,35.4234],[-117.8679,35.4233],[-117.8679,35.4232],[-117.8679,35.4231],[-117.8679,35.423],[-117.8679,35.4229],[-117.8679,35.4228],[-117.8679,35.4227],[-117.8679,35.4226],[-117.8679,35.4225],[-117.8679,35.4224],[-117.8679,35.4223],[-117.868,35.4222],[-117.8681,35.4222],[-117.8682,35.4221],[-117.8683,35.4221],[-117.8684,35.4221],[-117.8685,35.4221],[-117.8686,35.4221],[-117.8687,35.422],[-117.8688,35.422],[-117.8689,35.4219],[-117.869,35.4218],[-117.8692,35.4217],[-117.8693,35.4217],[-117.8694,35.4216],[-117.8695,35.4216],[-117.8696,35.4215],[-117.8697,35.4215],[-117.8697,35.4214],[-117.8698,35.4214],[-117.8699,35.4214],[-117.87,35.4213],[-117.8701,35.4212],[-117.8702,35.4212],[-117.8703,35.4212],[-117.8704,35.4211],[-117.8705,35.4211],[-117.8706,35.4211],[-117.8707,35.4211],[-117.8708,35.421],[-117.8709,35.421],[-117.8709,35.4209],[-117.871,35.4209],[-117.8711,35.4208],[-117.8711,35.4207],[-117.8712,35.4206],[-117.8713,35.4205],[-117.8714,35.4204],[-117.8715,35.4203],[-117.8716,35.4203],[-117.8717,35.4203],[-117.8717,35.4202],[-117.8718,35.4202],[-117.8719,35.4202],[-117.872,35.4202],[-117.8721,35.4202],[-117.8722,35.4201],[-117.8723,35.4201],[-117.8723,35.42]]}},{"type":"Feature","properties":{"id":null,"name":null,"kind":"road","access":"green","seasonal":false},"geometry":{"type":"LineString","coordinates":[[-117.703,35.4228],[-117.7034,35.4229],[-117.7043,35.4231],[-117.705,35.4233],[-117.7056,35.4234],[-117.7062,35.4236],[-117.7066,35.4237],[-117.7076,35.4239],[-117.7081,35.424],[-117.7085,35.4241],[-117.7093,35.4243],[-117.7102,35.4245],[-117.7106,35.4246],[-117.7109,35.4246],[-117.7116,35.4246],[-117.7119,35.4245],[-117.7127,35.4245],[-117.7135,35.4245],[-117.7143,35.4246],[-117.715,35.4246],[-117.7157,35.4246],[-117.7167,35.4247],[-117.718,35.4249],[-117.719,35.425],[-117.7196,35.425],[-117.7198,35.4251],[-117.7202,35.4251],[-117.7205,35.4251],[-117.7207,35.4252],[-117.7209,35.4251],[-117.7211,35.4251]]}},{"type":"Feature","properties":{"id":null,"name":null,"kind":"road","access":"green","seasonal":false},"geometry":{"type":"LineString","coordinates":[[-117.7775,35.4628],[-117.7776,35.4628],[-117.7776,35.4627],[-117.7777,35.4627],[-117.7778,35.4627],[-117.7778,35.4626],[-117.7779,35.4626],[-117.7779,35.4625],[-117.778,35.4625],[-117.778,35.4624],[-117.7781,35.4624],[-117.7781,35.4623],[-117.7782,35.4622],[-117.7783,35.4622],[-117.7784,35.4622],[-117.7785,35.4622],[-117.7786,35.4622],[-117.7787,35.4623],[-117.7788,35.4623],[-117.7789,35.4623],[-117.779,35.4623],[-117.7791,35.4623],[-117.7792,35.4623],[-117.7793,35.4623],[-117.7794,35.4623],[-117.7795,35.4623],[-117.7795,35.4624],[-117.7796,35.4624],[-117.7796,35.4625],[-117.7796,35.4626],[-117.7797,35.4626],[-117.7797,35.4627],[-117.7798,35.4627],[-117.7798,35.4628],[-117.7799,35.4628],[-117.7799,35.4629],[-117.78,35.4629],[-117.7801,35.463],[-117.7802,35.4631],[-117.7803,35.4631],[-117.7803,35.4632],[-117.7804,35.4633],[-117.7804,35.4634],[-117.7805,35.4634],[-117.7806,35.4635],[-117.7807,35.4635],[-117.7808,35.4636],[-117.7809,35.4636],[-117.781,35.4636],[-117.7811,35.4636],[-117.7812,35.4636],[-117.7813,35.4636],[-117.7814,35.4637],[-117.7815,35.4637],[-117.7816,35.4638],[-117.7817,35.4638],[-117.7818,35.4638],[-117.7819,35.4638],[-117.782,35.4639],[-117.7821,35.464],[-117.7821,35.4641],[-117.7822,35.4641],[-117.7823,35.4642],[-117.7824,35.4642],[-117.7825,35.4642],[-117.7825,35.4643],[-117.7826,35.4643],[-117.7827,35.4643],[-117.7828,35.4643],[-117.7828,35.4644],[-117.7829,35.4644],[-117.783,35.4644],[-117.7831,35.4645],[-117.7832,35.4646],[-117.7833,35.4646],[-117.7834,35.4647],[-117.7835,35.4648],[-117.7836,35.4649],[-117.7837,35.465],[-117.7838,35.4651],[-117.7838,35.4652],[-117.7839,35.4652],[-117.7839,35.4653],[-117.784,35.4653],[-117.7841,35.4654],[-117.7841,35.4655],[-117.7842,35.4655],[-117.7842,35.4656],[-117.7843,35.4656],[-117.7844,35.4657],[-117.7845,35.4657],[-117.7846,35.4658],[-117.7847,35.4658],[-117.7848,35.4658],[-117.7849,35.4659],[-117.785,35.4659],[-117.7851,35.4659],[-117.7852,35.4659],[-117.7853,35.4659],[-117.7855,35.466],[-117.7856,35.466],[-117.7857,35.466],[-117.7858,35.4661],[-117.7859,35.4661],[-117.786,35.4661],[-117.7861,35.4661],[-117.7862,35.4662],[-117.7864,35.4662],[-117.7865,35.4662],[-117.7866,35.4663],[-117.7867,35.4663],[-117.7868,35.4663]]}},{"type":"Feature","properties":{"id":null,"name":null,"kind":"road","access":"green","seasonal":false},"geometry":{"type":"LineString","coordinates":[[-117.8826,35.4451],[-117.8825,35.4452],[-117.8824,35.4452],[-117.8823,35.4453],[-117.8822,35.4453],[-117.8822,35.4454],[-117.8822,35.4455],[-117.8821,35.4455],[-117.8821,35.4456],[-117.882,35.4457],[-117.882,35.4458],[-117.882,35.4459],[-117.8819,35.446],[-117.8819,35.4461],[-117.8818,35.4462],[-117.8818,35.4463],[-117.8817,35.4464],[-117.8817,35.4465],[-117.8817,35.4466],[-117.8816,35.4467],[-117.8816,35.4468],[-117.8815,35.4469],[-117.8815,35.447],[-117.8814,35.4471],[-117.8814,35.4472],[-117.8813,35.4472],[-117.8813,35.4473],[-117.8812,35.4474],[-117.8812,35.4475],[-117.8812,35.4476],[-117.8811,35.4476],[-117.8811,35.4477],[-117.8811,35.4478],[-117.881,35.4479],[-117.881,35.448],[-117.8809,35.4481],[-117.8808,35.4481],[-117.8808,35.4482],[-117.8807,35.4483],[-117.8807,35.4484],[-117.8806,35.4485],[-117.8806,35.4486],[-117.8805,35.4487],[-117.8805,35.4488],[-117.8805,35.4489],[-117.8805,35.449],[-117.8805,35.4491],[-117.8804,35.4492],[-117.8804,35.4493],[-117.8803,35.4494],[-117.8803,35.4495],[-117.8803,35.4496],[-117.8803,35.4497],[-117.8803,35.4498],[-117.8802,35.4499],[-117.8802,35.45],[-117.8801,35.4501],[-117.8801,35.4502],[-117.8801,35.4503],[-117.8801,35.4504],[-117.88,35.4504],[-117.88,35.4505],[-117.88,35.4506],[-117.88,35.4507],[-117.8801,35.4507],[-117.8801,35.4508],[-117.8802,35.4508],[-117.8802,35.4509],[-117.8803,35.4509],[-117.8803,35.4508],[-117.8804,35.4508],[-117.8805,35.4508],[-117.8805,35.4507],[-117.8806,35.4507],[-117.8807,35.4507],[-117.8808,35.4506],[-117.8809,35.4506],[-117.881,35.4506],[-117.8811,35.4505],[-117.8812,35.4505],[-117.8813,35.4504],[-117.8814,35.4504],[-117.8815,35.4503],[-117.8816,35.4503],[-117.8817,35.4503],[-117.8818,35.4503],[-117.8819,35.4503],[-117.882,35.4503],[-117.882,35.4504],[-117.8821,35.4504],[-117.8821,35.4505],[-117.8822,35.4505],[-117.8823,35.4506],[-117.8823,35.4507],[-117.8823,35.4508],[-117.8824,35.4508],[-117.8824,35.4509],[-117.8824,35.451],[-117.8824,35.4511],[-117.8824,35.4512],[-117.8825,35.4512],[-117.8825,35.4513],[-117.8826,35.4514],[-117.8827,35.4515],[-117.8828,35.4515],[-117.8829,35.4515],[-117.883,35.4515],[-117.883,35.4514],[-117.8831,35.4514],[-117.8832,35.4513],[-117.8832,35.4512],[-117.8833,35.4512],[-117.8833,35.4511],[-117.8834,35.451],[-117.8835,35.451],[-117.8836,35.451],[-117.8836,35.4509],[-117.8837,35.4509],[-117.8838,35.4508],[-117.8839,35.4508],[-117.8839,35.4507],[-117.884,35.4507],[-117.8841,35.4507],[-117.8842,35.4507],[-117.8843,35.4508],[-117.8844,35.4508],[-117.8845,35.4508],[-117.8846,35.4508],[-117.8847,35.4509],[-117.8848,35.4509],[-117.8849,35.451],[-117.885,35.451],[-117.8851,35.451],[-117.8852,35.451],[-117.8853,35.4511],[-117.8854,35.4511],[-117.8856,35.4512],[-117.8857,35.4512],[-117.8858,35.4512],[-117.8858,35.4513],[-117.8859,35.4513],[-117.886,35.4513],[-117.8861,35.4513],[-117.8862,35.4513],[-117.8863,35.4513],[-117.8864,35.4513],[-117.8865,35.4513],[-117.8865,35.4514],[-117.8866,35.4514],[-117.8867,35.4514],[-117.8868,35.4514],[-117.8869,35.4515],[-117.887,35.4515],[-117.8871,35.4515],[-117.8873,35.4516],[-117.8874,35.4516],[-117.8875,35.4517],[-117.8876,35.4517],[-117.8877,35.4518],[-117.8878,35.4518],[-117.8879,35.4519],[-117.888,35.452],[-117.8881,35.452],[-117.8883,35.4521],[-117.8884,35.4521],[-117.8886,35.4522],[-117.8887,35.4522],[-117.8888,35.4522],[-117.889,35.4522],[-117.8891,35.4523],[-117.8893,35.4523],[-117.8895,35.4523],[-117.8896,35.4524],[-117.8898,35.4524],[-117.8899,35.4524],[-117.89,35.4525],[-117.8901,35.4525],[-117.8902,35.4525],[-117.8903,35.4525],[-117.8904,35.4524],[-117.8906,35.4524],[-117.8907,35.4524],[-117.8909,35.4524],[-117.891,35.4524],[-117.8912,35.4524],[-117.8913,35.4524],[-117.8914,35.4524],[-117.8915,35.4524],[-117.8916,35.4524],[-117.8917,35.4524],[-117.8918,35.4524],[-117.8919,35.4523],[-117.892,35.4523],[-117.892,35.4522],[-117.8921,35.452],[-117.8921,35.4519],[-117.8922,35.4518],[-117.8922,35.4517],[-117.8923,35.4516],[-117.8924,35.4514],[-117.8924,35.4513],[-117.8925,35.4512],[-117.8925,35.4511],[-117.8926,35.451],[-117.8927,35.4509],[-117.8927,35.4508],[-117.8928,35.4507],[-117.8928,35.4506],[-117.8928,35.4505],[-117.8929,35.4504],[-117.893,35.4503],[-117.8931,35.4503],[-117.8932,35.4502],[-117.8932,35.4501],[-117.8933,35.45],[-117.8934,35.4499],[-117.8935,35.4498],[-117.8936,35.4497],[-117.8937,35.4496],[-117.8938,35.4496],[-117.8939,35.4495],[-117.894,35.4495],[-117.8941,35.4494],[-117.8943,35.4493],[-117.8944,35.4493],[-117.8945,35.4492],[-117.8946,35.4491],[-117.8947,35.449],[-117.8948,35.4489],[-117.8949,35.4489],[-117.895,35.4489],[-117.895,35.4488],[-117.8951,35.4488],[-117.8952,35.4488],[-117.8952,35.4487],[-117.8953,35.4487]]}},{"type":"Feature","properties":{"id":null,"name":null,"kind":"road","access":"green","seasonal":false},"geometry":{"type":"LineString","coordinates":[[-117.8101,35.4371],[-117.8101,35.4372],[-117.81,35.4372],[-117.8099,35.4372],[-117.8098,35.4372],[-117.8097,35.4372],[-117.8096,35.4372],[-117.8095,35.4372],[-117.8095,35.4373],[-117.8094,35.4373],[-117.8093,35.4373],[-117.8092,35.4373],[-117.8091,35.4373],[-117.809,35.4373],[-117.8089,35.4372],[-117.8088,35.4372],[-117.8087,35.4373],[-117.8086,35.4373],[-117.8085,35.4373],[-117.8084,35.4373],[-117.8083,35.4373],[-117.8083,35.4374],[-117.8082,35.4374],[-117.8081,35.4374],[-117.808,35.4374],[-117.808,35.4373],[-117.8079,35.4373],[-117.8078,35.4373],[-117.8077,35.4373],[-117.8076,35.4372],[-117.8075,35.4372],[-117.8074,35.4372],[-117.8073,35.4372],[-117.8072,35.4372],[-117.8071,35.4372],[-117.807,35.4372],[-117.8069,35.4372],[-117.8069,35.4373],[-117.8068,35.4373],[-117.8067,35.4373],[-117.8067,35.4374],[-117.8066,35.4374],[-117.8065,35.4374],[-117.8064,35.4375],[-117.8063,35.4375],[-117.8062,35.4375],[-117.8061,35.4375],[-117.8061,35.4376],[-117.806,35.4376],[-117.8059,35.4376],[-117.8058,35.4376],[-117.8057,35.4376],[-117.8056,35.4376],[-117.8056,35.4377],[-117.8055,35.4377],[-117.8054,35.4377],[-117.8053,35.4378],[-117.8052,35.4378],[-117.8051,35.4378],[-117.805,35.4378],[-117.8049,35.4379],[-117.8048,35.4379],[-117.8047,35.4379],[-117.8046,35.4379],[-117.8045,35.4379],[-117.8044,35.4379],[-117.8043,35.4379],[-117.8042,35.4379],[-117.8041,35.4379],[-117.804,35.4378],[-117.8039,35.4378],[-117.8038,35.4378],[-117.8038,35.4379],[-117.8037,35.4379],[-117.8036,35.4379],[-117.8035,35.4379],[-117.8035,35.438],[-117.8034,35.438],[-117.8033,35.438],[-117.8033,35.4381],[-117.8032,35.4381],[-117.8032,35.4382],[-117.8031,35.4382],[-117.803,35.4382],[-117.803,35.4383],[-117.8029,35.4383],[-117.8028,35.4383],[-117.8028,35.4384],[-117.8027,35.4384],[-117.8026,35.4384],[-117.8019,35.4387],[-117.8018,35.4387],[-117.8017,35.4387],[-117.8016,35.4387],[-117.8015,35.4388],[-117.8014,35.4388],[-117.8013,35.4388],[-117.8012,35.4389],[-117.8011,35.439],[-117.801,35.439],[-117.801,35.4391],[-117.8009,35.4391],[-117.8009,35.4392],[-117.8008,35.4392],[-117.8006,35.4393],[-117.8005,35.4394],[-117.8004,35.4394],[-117.8004,35.4395],[-117.8004,35.4396],[-117.8003,35.4396],[-117.8003,35.4397],[-117.8003,35.4398],[-117.8002,35.4398],[-117.8002,35.4399],[-117.8001,35.4399],[-117.8001,35.44],[-117.8001,35.4401],[-117.8,35.4402]]}},{"type":"Feature","properties":{"id":null,"name":null,"kind":"road","access":"green","seasonal":false},"geometry":{"type":"LineString","coordinates":[[-117.7539,35.463],[-117.7537,35.463],[-117.7536,35.463],[-117.7535,35.4631]]}},{"type":"Feature","properties":{"id":null,"name":null,"kind":"road","access":"green","seasonal":false},"geometry":{"type":"LineString","coordinates":[[-117.8822,35.3698],[-117.8821,35.3697],[-117.8821,35.3696],[-117.8819,35.3696],[-117.8818,35.3695]]}},{"type":"Feature","properties":{"id":null,"name":null,"kind":"road","access":"green","seasonal":false},"geometry":{"type":"LineString","coordinates":[[-117.888,35.4275],[-117.888,35.4273],[-117.8881,35.4272],[-117.8882,35.4271],[-117.8883,35.4271],[-117.8884,35.427],[-117.8884,35.4269],[-117.8885,35.4268],[-117.8885,35.4267],[-117.8885,35.4266],[-117.8885,35.4265],[-117.8886,35.4264],[-117.8887,35.4263],[-117.8888,35.4263],[-117.8888,35.4262],[-117.8889,35.4261],[-117.889,35.426],[-117.889,35.4259],[-117.8891,35.4258],[-117.8891,35.4257],[-117.8892,35.4256],[-117.8892,35.4255],[-117.8893,35.4254],[-117.8893,35.4253],[-117.8894,35.4252],[-117.8895,35.4251],[-117.8895,35.425],[-117.8895,35.4249],[-117.8896,35.4248],[-117.8897,35.4248],[-117.8897,35.4247],[-117.8898,35.4247],[-117.8898,35.4246]]}},{"type":"Feature","properties":{"id":null,"name":null,"kind":"road","access":"green","seasonal":false},"geometry":{"type":"LineString","coordinates":[[-117.651,35.4376],[-117.6511,35.4377],[-117.6511,35.4378],[-117.6512,35.438],[-117.6514,35.4381],[-117.6514,35.4383]]}},{"type":"Feature","properties":{"id":null,"name":null,"kind":"road","access":"green","seasonal":false},"geometry":{"type":"LineString","coordinates":[[-117.7682,35.4777],[-117.7682,35.4776],[-117.7681,35.4775],[-117.7681,35.4774],[-117.7681,35.4773],[-117.768,35.4772],[-117.7679,35.4771],[-117.7679,35.477],[-117.7678,35.4769],[-117.7678,35.4768],[-117.7678,35.4767],[-117.7678,35.4766],[-117.7678,35.4765],[-117.7678,35.4764],[-117.7678,35.4763],[-117.7678,35.4762],[-117.7678,35.4761],[-117.7678,35.476],[-117.7678,35.4759],[-117.7678,35.4758],[-117.7677,35.4757],[-117.7677,35.4756],[-117.7677,35.4755],[-117.7677,35.4754],[-117.7678,35.4753],[-117.7678,35.4752],[-117.7678,35.4751],[-117.7678,35.475],[-117.7678,35.4749],[-117.7678,35.4748],[-117.7678,35.4747]]}},{"type":"Feature","properties":{"id":null,"name":null,"kind":"road","access":"green","seasonal":false},"geometry":{"type":"LineString","coordinates":[[-117.8623,35.3778],[-117.8623,35.3779],[-117.8623,35.378],[-117.8624,35.378],[-117.8624,35.3781]]}},{"type":"Feature","properties":{"id":null,"name":null,"kind":"road","access":"green","seasonal":false},"geometry":{"type":"LineString","coordinates":[[-117.707,35.4907],[-117.707,35.4908],[-117.7071,35.4908],[-117.7072,35.4909],[-117.7073,35.491],[-117.7074,35.4911],[-117.7075,35.4911],[-117.7075,35.4912],[-117.7076,35.4913],[-117.7077,35.4914],[-117.7078,35.4914],[-117.7079,35.4915],[-117.708,35.4915],[-117.7081,35.4916],[-117.7082,35.4917],[-117.7083,35.4917],[-117.7084,35.4918],[-117.7085,35.4919],[-117.7086,35.492],[-117.7087,35.492],[-117.7088,35.4921],[-117.7089,35.4922],[-117.7089,35.4923],[-117.709,35.4923],[-117.7091,35.4924]]}},{"type":"Feature","properties":{"id":null,"name":null,"kind":"road","access":"green","seasonal":false},"geometry":{"type":"LineString","coordinates":[[-117.7901,35.4569],[-117.7901,35.4568],[-117.7902,35.4567],[-117.7902,35.4566],[-117.7903,35.4566],[-117.7903,35.4565],[-117.7903,35.4564],[-117.7904,35.4564],[-117.7904,35.4563],[-117.7905,35.4562],[-117.7905,35.4561],[-117.7906,35.456],[-117.7906,35.4559],[-117.7907,35.4558],[-117.7908,35.4557],[-117.7909,35.4556],[-117.791,35.4555],[-117.7911,35.4554],[-117.7911,35.4553],[-117.7912,35.4553],[-117.7912,35.4552],[-117.7913,35.4551],[-117.7913,35.455],[-117.7914,35.4549],[-117.7914,35.4548],[-117.7915,35.4547],[-117.7916,35.4546],[-117.7916,35.4545],[-117.7917,35.4544],[-117.7918,35.4543],[-117.7919,35.4542],[-117.792,35.4541],[-117.7921,35.454],[-117.7922,35.454],[-117.7922,35.4539],[-117.7923,35.4539],[-117.7924,35.4539],[-117.7925,35.4539],[-117.7926,35.4539],[-117.7927,35.4539],[-117.7928,35.4539],[-117.7929,35.4539],[-117.793,35.4539],[-117.7931,35.4539],[-117.7933,35.4539],[-117.7934,35.454],[-117.7935,35.454],[-117.7936,35.454],[-117.7937,35.454],[-117.7938,35.4541],[-117.7939,35.4541],[-117.794,35.4541],[-117.794,35.4542],[-117.7941,35.4542],[-117.7942,35.4542],[-117.7943,35.4543],[-117.7944,35.4543],[-117.7945,35.4544],[-117.7946,35.4544],[-117.7947,35.4545],[-117.7948,35.4545],[-117.7949,35.4545],[-117.7949,35.4546],[-117.795,35.4546],[-117.7951,35.4546],[-117.7952,35.4546],[-117.7952,35.4547],[-117.7953,35.4547],[-117.7954,35.4547],[-117.7954,35.4548],[-117.7955,35.4548],[-117.7956,35.4548],[-117.7957,35.4548],[-117.7958,35.4548],[-117.7959,35.4548],[-117.796,35.4548],[-117.7961,35.4549],[-117.7962,35.4549],[-117.7963,35.455],[-117.7964,35.455],[-117.7965,35.455],[-117.7965,35.4549],[-117.7966,35.4549],[-117.7967,35.455],[-117.7968,35.4551],[-117.7969,35.4551],[-117.797,35.4551],[-117.7971,35.4551],[-117.7972,35.4551],[-117.7973,35.4552],[-117.7974,35.4553],[-117.7975,35.4553],[-117.7975,35.4554],[-117.7976,35.4554],[-117.7977,35.4554],[-117.7978,35.4554],[-117.7978,35.4555],[-117.7979,35.4555],[-117.798,35.4555],[-117.7981,35.4555],[-117.7981,35.4556],[-117.7982,35.4556],[-117.7983,35.4556],[-117.7984,35.4557],[-117.7985,35.4557],[-117.7986,35.4558],[-117.7987,35.4559],[-117.7988,35.4559],[-117.7989,35.456],[-117.799,35.4561],[-117.7992,35.4561],[-117.7993,35.4562],[-117.7994,35.4562],[-117.7995,35.4563],[-117.7996,35.4563],[-117.7996,35.4564],[-117.7997,35.4564],[-117.7997,35.4565],[-117.7998,35.4565],[-117.7999,35.4566],[-117.8,35.4566],[-117.8001,35.4566],[-117.8002,35.4566],[-117.8003,35.4566],[-117.8004,35.4566],[-117.8005,35.4566],[-117.8006,35.4566],[-117.8007,35.4566],[-117.8008,35.4566],[-117.8009,35.4567],[-117.801,35.4567],[-117.8011,35.4567],[-117.8012,35.4567],[-117.8013,35.4567],[-117.8014,35.4567],[-117.8015,35.4567],[-117.8016,35.4567],[-117.8017,35.4567],[-117.8018,35.4567],[-117.8019,35.4567],[-117.802,35.4567],[-117.802,35.4568],[-117.8021,35.4569],[-117.8022,35.457],[-117.8022,35.4571],[-117.8023,35.4572],[-117.8024,35.4573],[-117.8024,35.4574],[-117.8025,35.4574],[-117.8025,35.4575],[-117.8026,35.4575],[-117.8026,35.4576],[-117.8027,35.4576],[-117.8027,35.4577],[-117.8027,35.4578],[-117.8028,35.4578],[-117.8029,35.4579],[-117.803,35.4579],[-117.803,35.458],[-117.8031,35.458],[-117.8032,35.458],[-117.8033,35.458],[-117.8034,35.4581],[-117.8035,35.4581],[-117.8036,35.4581],[-117.8037,35.4581],[-117.8038,35.4581],[-117.8039,35.4582],[-117.804,35.4582],[-117.804,35.4583],[-117.8041,35.4583],[-117.8042,35.4583],[-117.8043,35.4583],[-117.8044,35.4583],[-117.8045,35.4583],[-117.8046,35.4583],[-117.8047,35.4583],[-117.8048,35.4583],[-117.8048,35.4582],[-117.8049,35.4582],[-117.8049,35.4581],[-117.805,35.4581],[-117.8051,35.458],[-117.8052,35.458],[-117.8052,35.4579],[-117.8053,35.4579],[-117.8054,35.4578],[-117.8055,35.4578],[-117.8056,35.4578],[-117.8056,35.4577],[-117.8057,35.4577],[-117.8057,35.4576],[-117.8058,35.4576],[-117.8058,35.4575],[-117.8058,35.4574],[-117.8059,35.4573],[-117.806,35.4572],[-117.8061,35.4572],[-117.8063,35.4572],[-117.8063,35.4571],[-117.8064,35.4571],[-117.8065,35.4571],[-117.8066,35.4571],[-117.8067,35.4571],[-117.8068,35.4571],[-117.8069,35.4571],[-117.807,35.4571],[-117.8071,35.4571],[-117.8072,35.4571],[-117.8073,35.4571],[-117.8075,35.4571],[-117.8076,35.4571],[-117.8077,35.4571],[-117.8078,35.457],[-117.8079,35.457],[-117.808,35.457],[-117.8081,35.457],[-117.8082,35.457],[-117.8083,35.457],[-117.8084,35.457],[-117.8085,35.457],[-117.8086,35.457],[-117.8087,35.457],[-117.8088,35.457],[-117.8089,35.457],[-117.809,35.457],[-117.8091,35.457],[-117.8092,35.457],[-117.8093,35.457],[-117.8094,35.4571],[-117.8095,35.4571],[-117.8097,35.4571],[-117.8098,35.4571],[-117.8099,35.457],[-117.81,35.457],[-117.8101,35.457],[-117.8102,35.457],[-117.8103,35.4569],[-117.8104,35.4569]]}},{"type":"Feature","properties":{"id":null,"name":null,"kind":"road","access":"green","seasonal":false},"geometry":{"type":"LineString","coordinates":[[-117.715,35.4619],[-117.715,35.462],[-117.7149,35.4621],[-117.7149,35.4622],[-117.7148,35.4622],[-117.7148,35.4623],[-117.7148,35.4624],[-117.7147,35.4624],[-117.7147,35.4625],[-117.7147,35.4626]]}},{"type":"Feature","properties":{"id":null,"name":null,"kind":"road","access":"green","seasonal":false},"geometry":{"type":"LineString","coordinates":[[-117.7305,35.4472],[-117.7306,35.4472],[-117.7307,35.4472],[-117.7308,35.4472],[-117.7309,35.4471],[-117.731,35.4472],[-117.7311,35.4472],[-117.7311,35.4471],[-117.7312,35.4471],[-117.7312,35.447],[-117.7313,35.447],[-117.7313,35.4469],[-117.7314,35.4469],[-117.7315,35.4468],[-117.7316,35.4468],[-117.7317,35.4468],[-117.7318,35.4468],[-117.7318,35.4467],[-117.7319,35.4466],[-117.732,35.4466],[-117.732,35.4465],[-117.7321,35.4465],[-117.7322,35.4464],[-117.7323,35.4464],[-117.7323,35.4465],[-117.7324,35.4465],[-117.7325,35.4466],[-117.7326,35.4466],[-117.7327,35.4466],[-117.7328,35.4466],[-117.7329,35.4466],[-117.733,35.4466],[-117.7331,35.4466],[-117.7332,35.4466],[-117.7333,35.4466],[-117.7334,35.4466],[-117.7335,35.4466],[-117.7335,35.4465],[-117.7336,35.4465],[-117.7337,35.4465],[-117.7339,35.4466],[-117.734,35.4466],[-117.7341,35.4466],[-117.7342,35.4465],[-117.7343,35.4465],[-117.7344,35.4465],[-117.7345,35.4464],[-117.7346,35.4464],[-117.7347,35.4464],[-117.7348,35.4464],[-117.7349,35.4464],[-117.735,35.4465],[-117.7351,35.4465],[-117.7352,35.4466],[-117.7353,35.4466],[-117.7354,35.4466],[-117.7354,35.4467],[-117.7355,35.4467],[-117.7356,35.4468],[-117.7357,35.4469],[-117.7358,35.447],[-117.7359,35.447],[-117.736,35.447],[-117.7361,35.4469],[-117.7362,35.4469],[-117.7363,35.4469],[-117.7365,35.4469],[-117.7366,35.4469],[-117.7367,35.4469],[-117.7368,35.4469],[-117.7369,35.4469],[-117.7371,35.4469],[-117.7372,35.4469],[-117.7373,35.4469],[-117.7375,35.4469],[-117.7376,35.4469],[-117.7377,35.4469],[-117.7377,35.4468]]}},{"type":"Feature","properties":{"id":null,"name":null,"kind":"road","access":"green","seasonal":false},"geometry":{"type":"LineString","coordinates":[[-117.7241,35.4469],[-117.7242,35.4469],[-117.7242,35.447],[-117.7243,35.447],[-117.7243,35.4471]]}},{"type":"Feature","properties":{"id":null,"name":null,"kind":"road","access":"green","seasonal":false},"geometry":{"type":"LineString","coordinates":[[-117.8387,35.4341],[-117.8386,35.4342],[-117.8385,35.4342],[-117.8384,35.4342],[-117.8383,35.4343],[-117.8382,35.4344],[-117.8381,35.4345],[-117.838,35.4346],[-117.8379,35.4347],[-117.8379,35.4348],[-117.8378,35.4349],[-117.8377,35.4349],[-117.8377,35.435],[-117.8376,35.4351],[-117.8375,35.4351],[-117.8374,35.4352],[-117.8374,35.4353],[-117.8373,35.4353],[-117.8373,35.4354],[-117.8372,35.4354],[-117.8372,35.4355],[-117.8371,35.4355],[-117.837,35.4356],[-117.8369,35.4357],[-117.8368,35.4358],[-117.8368,35.4359],[-117.8367,35.4359],[-117.8366,35.436],[-117.8364,35.4362],[-117.836,35.4365],[-117.8359,35.4366],[-117.8358,35.4367],[-117.8357,35.4367],[-117.8357,35.4368],[-117.8356,35.4368],[-117.8355,35.4369],[-117.8354,35.437],[-117.8353,35.4371],[-117.8352,35.4371],[-117.8352,35.4372],[-117.8351,35.4373],[-117.835,35.4374],[-117.8349,35.4374],[-117.8349,35.4375],[-117.8348,35.4375],[-117.8347,35.4376],[-117.8346,35.4376],[-117.8346,35.4377],[-117.8345,35.4377],[-117.8344,35.4378],[-117.8343,35.4378],[-117.8342,35.4379],[-117.8341,35.4379],[-117.834,35.438],[-117.8339,35.438],[-117.8339,35.4381],[-117.8338,35.4381],[-117.8337,35.4381],[-117.8336,35.4382],[-117.8335,35.4382],[-117.8334,35.4383],[-117.8333,35.4383],[-117.8332,35.4384],[-117.8331,35.4384],[-117.833,35.4384],[-117.833,35.4385],[-117.8329,35.4385],[-117.8328,35.4385],[-117.8327,35.4386],[-117.8326,35.4386],[-117.8325,35.4386],[-117.8324,35.4385],[-117.8323,35.4385]]}},{"type":"Feature","properties":{"id":null,"name":null,"kind":"road","access":"green","seasonal":false},"geometry":{"type":"LineString","coordinates":[[-117.7738,35.4776],[-117.7739,35.4776],[-117.774,35.4776],[-117.7741,35.4777]]}},{"type":"Feature","properties":{"id":null,"name":null,"kind":"road","access":"green","seasonal":false},"geometry":{"type":"LineString","coordinates":[[-117.764,35.4539],[-117.764,35.4538],[-117.7641,35.4538],[-117.7642,35.4538],[-117.7643,35.4538],[-117.7644,35.4538],[-117.7645,35.4538],[-117.7646,35.4538],[-117.7647,35.4538],[-117.7648,35.4538],[-117.7648,35.4539],[-117.7649,35.4539],[-117.7649,35.454],[-117.765,35.454],[-117.765,35.4541],[-117.7651,35.4541],[-117.7652,35.4541],[-117.7653,35.4541],[-117.7654,35.4542],[-117.7655,35.4542],[-117.7656,35.4542],[-117.7657,35.4541],[-117.7657,35.454],[-117.7657,35.4539],[-117.7658,35.4539],[-117.7659,35.4538],[-117.766,35.4538],[-117.7661,35.4538],[-117.7662,35.4538],[-117.7663,35.4538],[-117.7664,35.4538],[-117.7666,35.4539],[-117.7667,35.4539],[-117.7669,35.4539],[-117.767,35.454],[-117.7671,35.454],[-117.7673,35.4541],[-117.7674,35.4541],[-117.7675,35.4541],[-117.7677,35.4541],[-117.7678,35.4542],[-117.7679,35.4542],[-117.768,35.4542]]}},{"type":"Feature","properties":{"id":null,"name":null,"kind":"road","access":"green","seasonal":false},"geometry":{"type":"LineString","coordinates":[[-117.6731,35.4781],[-117.6731,35.4782],[-117.6731,35.4783],[-117.6731,35.4784],[-117.6731,35.4785],[-117.6731,35.4786],[-117.6731,35.4787],[-117.6731,35.4788],[-117.6731,35.4789],[-117.6731,35.479],[-117.6731,35.4791],[-117.6732,35.4791],[-117.6732,35.4792],[-117.6732,35.4793],[-117.6733,35.4793],[-117.6733,35.4794],[-117.6733,35.4795],[-117.6733,35.4796],[-117.6733,35.4797],[-117.6733,35.4798],[-117.6733,35.4799],[-117.6733,35.48],[-117.6733,35.4801],[-117.6733,35.4802],[-117.6734,35.4803],[-117.6734,35.4804],[-117.6734,35.4805],[-117.6735,35.4806],[-117.6735,35.4807],[-117.6735,35.4808],[-117.6735,35.4809],[-117.6735,35.481],[-117.6736,35.481],[-117.6736,35.4811],[-117.6736,35.4812],[-117.6737,35.4813],[-117.6737,35.4814],[-117.6737,35.4815],[-117.6737,35.4816],[-117.6737,35.4817],[-117.6737,35.4818],[-117.6737,35.4819],[-117.6737,35.482]]}},{"type":"Feature","properties":{"id":null,"name":null,"kind":"road","access":"green","seasonal":false},"geometry":{"type":"LineString","coordinates":[[-117.7695,35.4798],[-117.7695,35.4797],[-117.7694,35.4797],[-117.7694,35.4796],[-117.7693,35.4795],[-117.7692,35.4794],[-117.7692,35.4793],[-117.7691,35.4792],[-117.769,35.4792],[-117.769,35.4791],[-117.7689,35.479],[-117.7689,35.4789],[-117.7688,35.4789],[-117.7688,35.4788],[-117.7688,35.4787],[-117.7687,35.4787],[-117.7686,35.4786],[-117.7686,35.4785],[-117.7685,35.4784],[-117.7684,35.4783],[-117.7684,35.4782],[-117.7683,35.4782],[-117.7683,35.4781],[-117.7682,35.478],[-117.7682,35.4779],[-117.7682,35.4778],[-117.7682,35.4777]]}},{"type":"Feature","properties":{"id":null,"name":null,"kind":"road","access":"green","seasonal":false},"geometry":{"type":"LineString","coordinates":[[-117.6312,35.3689],[-117.631,35.3689],[-117.6308,35.3689],[-117.6306,35.3689],[-117.6304,35.369],[-117.6302,35.369],[-117.6301,35.369]]}},{"type":"Feature","properties":{"id":null,"name":null,"kind":"road","access":"green","seasonal":false},"geometry":{"type":"LineString","coordinates":[[-117.7987,35.4642],[-117.7988,35.4643],[-117.7989,35.4643],[-117.799,35.4643],[-117.799,35.4644],[-117.7991,35.4644],[-117.7992,35.4644],[-117.7993,35.4644],[-117.7994,35.4644],[-117.7995,35.4644],[-117.7996,35.4644],[-117.7997,35.4644],[-117.7999,35.4644],[-117.8,35.4644],[-117.8002,35.4644],[-117.8003,35.4644],[-117.8005,35.4643],[-117.8006,35.4643],[-117.8008,35.4643],[-117.8009,35.4643],[-117.801,35.4642],[-117.8011,35.4642],[-117.8012,35.4643],[-117.8014,35.4643],[-117.8015,35.4643],[-117.8016,35.4643],[-117.8018,35.4644],[-117.8019,35.4644],[-117.802,35.4644],[-117.8022,35.4644],[-117.8023,35.4644],[-117.8024,35.4645],[-117.8025,35.4645],[-117.8026,35.4645],[-117.8027,35.4646],[-117.8028,35.4646],[-117.8029,35.4647],[-117.8029,35.4648],[-117.803,35.4648],[-117.803,35.4649],[-117.8029,35.4649],[-117.8029,35.465],[-117.8028,35.465],[-117.8028,35.4651],[-117.8028,35.4652],[-117.8028,35.4653],[-117.8028,35.4654],[-117.8028,35.4655],[-117.8028,35.4656],[-117.8029,35.4656],[-117.8029,35.4657]]}},{"type":"Feature","properties":{"id":null,"name":null,"kind":"road","access":"green","seasonal":false},"geometry":{"type":"LineString","coordinates":[[-117.6711,35.4493],[-117.6711,35.4494],[-117.6712,35.4494],[-117.6712,35.4495],[-117.6712,35.4496],[-117.6713,35.4496],[-117.6713,35.4497],[-117.6714,35.4498],[-117.6714,35.4499],[-117.6715,35.45],[-117.6715,35.4501],[-117.6715,35.4502],[-117.6715,35.4503],[-117.6715,35.4504],[-117.6716,35.4505],[-117.6716,35.4506],[-117.6717,35.4507],[-117.6717,35.4508],[-117.6717,35.4509],[-117.6718,35.451],[-117.6718,35.4511],[-117.6719,35.4511],[-117.6719,35.4512],[-117.6719,35.4513],[-117.672,35.4514],[-117.672,35.4515],[-117.6721,35.4515],[-117.6722,35.4516],[-117.6722,35.4517],[-117.6723,35.4517],[-117.6724,35.4518],[-117.6725,35.4519],[-117.6726,35.4519],[-117.6727,35.452],[-117.6728,35.452],[-117.6729,35.452],[-117.673,35.4521],[-117.6731,35.4521],[-117.6732,35.4522],[-117.6733,35.4522],[-117.6734,35.4523],[-117.6734,35.4524],[-117.6735,35.4524],[-117.6737,35.4525],[-117.6738,35.4526],[-117.674,35.4526],[-117.6741,35.4526],[-117.6742,35.4527],[-117.6743,35.4527],[-117.6744,35.4528],[-117.6745,35.4529],[-117.6747,35.453],[-117.6748,35.453],[-117.6749,35.4531],[-117.675,35.4531],[-117.6751,35.4531],[-117.6752,35.4531],[-117.6753,35.4532],[-117.6754,35.4532],[-117.6754,35.4533],[-117.6755,35.4533],[-117.6755,35.4534],[-117.6756,35.4535],[-117.6757,35.4536],[-117.6758,35.4537],[-117.6759,35.4538],[-117.676,35.4538],[-117.6761,35.4539],[-117.6762,35.4539],[-117.6763,35.4539],[-117.6763,35.454],[-117.6764,35.454],[-117.6765,35.454],[-117.6765,35.4541],[-117.6766,35.4541],[-117.6766,35.4542],[-117.6767,35.4542],[-117.6767,35.4543],[-117.6768,35.4543]]}},{"type":"Feature","properties":{"id":null,"name":null,"kind":"road","access":"green","seasonal":false},"geometry":{"type":"LineString","coordinates":[[-117.6382,35.4389],[-117.6381,35.4389],[-117.638,35.439],[-117.6377,35.4393],[-117.6376,35.4394],[-117.6375,35.4395],[-117.6373,35.4396],[-117.6372,35.4397],[-117.6369,35.4398],[-117.6365,35.4399],[-117.6361,35.44],[-117.6356,35.4402],[-117.6355,35.4403],[-117.6354,35.4403],[-117.635,35.4405],[-117.6348,35.4406],[-117.6344,35.4408],[-117.6341,35.441],[-117.6339,35.4411],[-117.6339,35.4412],[-117.6338,35.4414],[-117.6339,35.4416],[-117.6339,35.4419],[-117.6339,35.442],[-117.6339,35.4421],[-117.6339,35.4422],[-117.6339,35.4424],[-117.6339,35.4426],[-117.6337,35.4428],[-117.6335,35.443],[-117.6334,35.4431],[-117.6331,35.4433],[-117.6329,35.4436],[-117.6327,35.4438],[-117.6326,35.4438],[-117.6324,35.444],[-117.632,35.4443],[-117.6316,35.4446],[-117.6314,35.4447],[-117.6311,35.445],[-117.6308,35.4452],[-117.6306,35.4454],[-117.6305,35.4455],[-117.6301,35.4458],[-117.6297,35.4463],[-117.6293,35.4466],[-117.6292,35.4468],[-117.6292,35.4469],[-117.6291,35.4469],[-117.6289,35.447],[-117.6287,35.447],[-117.6285,35.447],[-117.6281,35.447],[-117.6278,35.447]]}},{"type":"Feature","properties":{"id":null,"name":null,"kind":"road","access":"green","seasonal":false},"geometry":{"type":"LineString","coordinates":[[-117.8302,35.439],[-117.83,35.439],[-117.8299,35.4391],[-117.8298,35.4391],[-117.8297,35.4391],[-117.8296,35.4391],[-117.8295,35.4391],[-117.8293,35.4391],[-117.8292,35.4391],[-117.8291,35.4392],[-117.829,35.4392],[-117.8289,35.4393],[-117.8288,35.4393],[-117.8287,35.4394],[-117.8287,35.4395],[-117.8286,35.4395],[-117.8285,35.4395],[-117.8284,35.4395],[-117.8283,35.4395],[-117.8282,35.4395],[-117.8281,35.4395],[-117.828,35.4396],[-117.8279,35.4396],[-117.8278,35.4397]]}},{"type":"Feature","properties":{"id":null,"name":null,"kind":"road","access":"green","seasonal":false},"geometry":{"type":"LineString","coordinates":[[-117.7858,35.4744],[-117.7857,35.4745],[-117.7856,35.4745],[-117.7855,35.4745],[-117.7854,35.4745],[-117.7853,35.4745],[-117.7852,35.4746],[-117.7851,35.4746],[-117.785,35.4746],[-117.7849,35.4747],[-117.7848,35.4747],[-117.7848,35.4748],[-117.7847,35.4748],[-117.7847,35.4749],[-117.7846,35.4749],[-117.7845,35.4749],[-117.7844,35.4749],[-117.7843,35.4749],[-117.7843,35.475],[-117.7842,35.475],[-117.7842,35.4751],[-117.7842,35.4752],[-117.7842,35.4753],[-117.7842,35.4754],[-117.7842,35.4755],[-117.7842,35.4756],[-117.7843,35.4757],[-117.7843,35.4758],[-117.7842,35.4758],[-117.7841,35.4758],[-117.7841,35.4759],[-117.784,35.476],[-117.784,35.4761],[-117.784,35.4762],[-117.784,35.4763],[-117.784,35.4764],[-117.784,35.4765],[-117.784,35.4766],[-117.7839,35.4767],[-117.7839,35.4768],[-117.7838,35.4768],[-117.7837,35.4769],[-117.7836,35.4769],[-117.7836,35.477],[-117.7835,35.477],[-117.7834,35.477],[-117.7833,35.4771],[-117.7832,35.4771],[-117.7831,35.4771],[-117.783,35.4772],[-117.7829,35.4772],[-117.7828,35.4773],[-117.7827,35.4774],[-117.7826,35.4774],[-117.7825,35.4775],[-117.7824,35.4775],[-117.7823,35.4775],[-117.7822,35.4776],[-117.7821,35.4776],[-117.782,35.4776],[-117.7819,35.4776],[-117.7818,35.4776],[-117.7817,35.4777],[-117.7816,35.4777],[-117.7815,35.4777],[-117.7813,35.4777],[-117.7812,35.4777],[-117.7811,35.4777],[-117.781,35.4777],[-117.7809,35.4777],[-117.7808,35.4778],[-117.7807,35.4778],[-117.7806,35.4779],[-117.7805,35.4779],[-117.7804,35.478],[-117.7803,35.478],[-117.7803,35.4781],[-117.7802,35.4781],[-117.7801,35.4782],[-117.78,35.4783],[-117.7799,35.4784],[-117.7798,35.4785],[-117.7797,35.4785],[-117.7796,35.4786],[-117.7795,35.4786],[-117.7794,35.4786],[-117.7793,35.4787],[-117.7792,35.4787],[-117.7791,35.4787],[-117.7789,35.4788],[-117.7788,35.4788],[-117.7787,35.4788],[-117.7786,35.4788],[-117.7784,35.4789],[-117.7783,35.4789],[-117.7783,35.479],[-117.7782,35.4791],[-117.7782,35.4792],[-117.7782,35.4793],[-117.7782,35.4794],[-117.7782,35.4795],[-117.7782,35.4796],[-117.7782,35.4797],[-117.7782,35.4798],[-117.7781,35.4798],[-117.7781,35.4799],[-117.7781,35.48],[-117.778,35.48],[-117.778,35.4801],[-117.7779,35.4801],[-117.7779,35.4802],[-117.7778,35.4802],[-117.7778,35.4803],[-117.7777,35.4803],[-117.7777,35.4804],[-117.7777,35.4805],[-117.7776,35.4806],[-117.7776,35.4807],[-117.7776,35.4808],[-117.7776,35.4809],[-117.7776,35.481],[-117.7776,35.4811],[-117.7775,35.4812],[-117.7774,35.4813],[-117.7774,35.4814],[-117.7774,35.4815],[-117.7774,35.4816],[-117.7774,35.4817],[-117.7773,35.4817],[-117.7773,35.4818],[-117.7772,35.4819],[-117.7771,35.4819],[-117.777,35.482],[-117.777,35.4821],[-117.7769,35.4821],[-117.7769,35.4822],[-117.7768,35.4822],[-117.7768,35.4823],[-117.7768,35.4824],[-117.7767,35.4825],[-117.7766,35.4825],[-117.7766,35.4826],[-117.7765,35.4827],[-117.7765,35.4828],[-117.7764,35.4828],[-117.7764,35.4829]]}},{"type":"Feature","properties":{"id":null,"name":null,"kind":"road","access":"green","seasonal":false},"geometry":{"type":"LineString","coordinates":[[-117.7868,35.4663],[-117.7869,35.4663],[-117.7869,35.4664],[-117.787,35.4664],[-117.7871,35.4665],[-117.7872,35.4665],[-117.7873,35.4665],[-117.7873,35.4666],[-117.7874,35.4666],[-117.7875,35.4666],[-117.7876,35.4666],[-117.7877,35.4667],[-117.7878,35.4667],[-117.7879,35.4668],[-117.788,35.4668],[-117.7881,35.4669],[-117.7882,35.4669],[-117.7882,35.467],[-117.7883,35.467],[-117.7884,35.467],[-117.7885,35.4671],[-117.7886,35.4671],[-117.7887,35.4672],[-117.7888,35.4673],[-117.7889,35.4673],[-117.789,35.4674],[-117.7891,35.4674],[-117.7892,35.4675],[-117.7893,35.4675],[-117.7894,35.4676],[-117.7895,35.4676],[-117.7896,35.4677],[-117.7897,35.4678],[-117.7898,35.4678],[-117.7899,35.4678],[-117.79,35.4679],[-117.7901,35.4679],[-117.7902,35.468],[-117.7903,35.468],[-117.7904,35.4681],[-117.7905,35.4681],[-117.7906,35.4681],[-117.7907,35.4682],[-117.7908,35.4682],[-117.7909,35.4683],[-117.791,35.4683],[-117.7911,35.4684],[-117.7912,35.4684],[-117.7913,35.4684],[-117.7914,35.4685],[-117.7915,35.4685],[-117.7916,35.4685],[-117.7917,35.4686],[-117.7918,35.4686],[-117.7919,35.4687],[-117.792,35.4688],[-117.792,35.4689],[-117.7921,35.4689],[-117.7921,35.469],[-117.7921,35.4691],[-117.7921,35.4692],[-117.7921,35.4693],[-117.7921,35.4694],[-117.7921,35.4695],[-117.7922,35.4695],[-117.7923,35.4695],[-117.7924,35.4695],[-117.7925,35.4695],[-117.7926,35.4695],[-117.7926,35.4694],[-117.7927,35.4694],[-117.7928,35.4694],[-117.7929,35.4695],[-117.793,35.4695],[-117.7931,35.4695],[-117.7932,35.4695],[-117.7932,35.4696],[-117.7933,35.4696],[-117.7933,35.4697],[-117.7934,35.4697],[-117.7934,35.4698],[-117.7935,35.4698],[-117.7935,35.4699],[-117.7936,35.47],[-117.7936,35.4701],[-117.7937,35.4701],[-117.7937,35.4702],[-117.7938,35.4703],[-117.7938,35.4704],[-117.7939,35.4704],[-117.7939,35.4705],[-117.794,35.4705],[-117.794,35.4706]]}},{"type":"Feature","properties":{"id":null,"name":null,"kind":"road","access":"green","seasonal":false},"geometry":{"type":"LineString","coordinates":[[-117.6698,35.488],[-117.6699,35.488],[-117.67,35.488],[-117.6701,35.488],[-117.6702,35.488],[-117.6703,35.4881],[-117.6704,35.4882],[-117.6705,35.4882],[-117.6706,35.4883],[-117.6707,35.4883],[-117.6708,35.4884],[-117.6709,35.4884],[-117.671,35.4884],[-117.6711,35.4885],[-117.6712,35.4885],[-117.6713,35.4885],[-117.6714,35.4885],[-117.6715,35.4885],[-117.6716,35.4885],[-117.6717,35.4885],[-117.6718,35.4885],[-117.6719,35.4885],[-117.672,35.4885],[-117.6721,35.4885],[-117.6722,35.4885],[-117.6723,35.4885],[-117.6724,35.4885],[-117.6725,35.4885],[-117.6726,35.4885],[-117.6727,35.4885],[-117.6728,35.4885],[-117.6729,35.4885],[-117.673,35.4885],[-117.6731,35.4885],[-117.6732,35.4885],[-117.6733,35.4886],[-117.6734,35.4886],[-117.6735,35.4886],[-117.6736,35.4887],[-117.6737,35.4887],[-117.6738,35.4887],[-117.6739,35.4888],[-117.674,35.4888],[-117.6741,35.4888],[-117.6742,35.4888],[-117.6743,35.4889],[-117.6744,35.4889],[-117.6745,35.4889],[-117.6746,35.4889],[-117.6747,35.4889],[-117.6749,35.4889],[-117.675,35.4889],[-117.6751,35.4889],[-117.6752,35.4889],[-117.6753,35.4889],[-117.6754,35.4889],[-117.6755,35.489],[-117.6756,35.489],[-117.6757,35.489],[-117.6758,35.489],[-117.6759,35.489],[-117.676,35.489],[-117.676,35.4891],[-117.6761,35.4891],[-117.6762,35.4891],[-117.6762,35.4892],[-117.6763,35.4892],[-117.6763,35.4893],[-117.6764,35.4893],[-117.6764,35.4894],[-117.6765,35.4894],[-117.6766,35.4895],[-117.6767,35.4895],[-117.6768,35.4896],[-117.6769,35.4896],[-117.677,35.4897],[-117.6771,35.4897],[-117.6771,35.4898],[-117.6772,35.4898],[-117.6773,35.4898],[-117.6774,35.4898],[-117.6775,35.4899],[-117.6776,35.4899],[-117.6776,35.49],[-117.6777,35.49],[-117.6778,35.49],[-117.6778,35.4901],[-117.6779,35.4901],[-117.678,35.4902],[-117.6781,35.4902],[-117.6782,35.4902],[-117.6783,35.4903],[-117.6784,35.4903],[-117.6785,35.4903],[-117.6786,35.4903],[-117.6787,35.4903],[-117.6788,35.4903]]}},{"type":"Feature","properties":{"id":null,"name":null,"kind":"road","access":"green","seasonal":false},"geometry":{"type":"LineString","coordinates":[[-117.8278,35.4397],[-117.8277,35.4398],[-117.8276,35.4398],[-117.8275,35.4399],[-117.8275,35.44],[-117.8274,35.44]]}},{"type":"Feature","properties":{"id":null,"name":null,"kind":"road","access":"green","seasonal":false},"geometry":{"type":"LineString","coordinates":[[-117.6754,35.3466],[-117.6756,35.3464],[-117.6758,35.3463],[-117.676,35.3462],[-117.6761,35.3461],[-117.6764,35.3458],[-117.6765,35.3454],[-117.6766,35.3453],[-117.6768,35.3451],[-117.6769,35.3449],[-117.6771,35.3447],[-117.6771,35.3445],[-117.6772,35.3445],[-117.6773,35.3442],[-117.6774,35.344],[-117.6775,35.344]]}},{"type":"Feature","properties":{"id":null,"name":null,"kind":"road","access":"green","seasonal":false},"geometry":{"type":"LineString","coordinates":[[-117.6213,35.3628],[-117.6214,35.3627],[-117.6214,35.3626],[-117.6214,35.3625],[-117.6214,35.3624],[-117.6215,35.3623],[-117.6215,35.3622],[-117.6215,35.362],[-117.6215,35.3618],[-117.6216,35.3615],[-117.6216,35.3613],[-117.6216,35.3612],[-117.6216,35.3611],[-117.6215,35.3611],[-117.6214,35.3611],[-117.6212,35.3611],[-117.6211,35.3611],[-117.621,35.361],[-117.621,35.3609],[-117.621,35.3607],[-117.621,35.3606],[-117.621,35.3605],[-117.6211,35.3603],[-117.6212,35.3601],[-117.6213,35.3599],[-117.6213,35.3597],[-117.6214,35.3594],[-117.6215,35.3593],[-117.6216,35.3591],[-117.6216,35.359],[-117.6217,35.3587],[-117.6218,35.3585],[-117.6218,35.3583],[-117.6219,35.3581],[-117.622,35.358],[-117.622,35.3578],[-117.622,35.3577],[-117.6221,35.3576],[-117.6222,35.3574],[-117.6222,35.3573],[-117.6223,35.3571],[-117.6223,35.357],[-117.6224,35.357],[-117.6225,35.3569],[-117.6226,35.3568],[-117.6228,35.3567],[-117.6229,35.3565],[-117.6231,35.3564],[-117.6232,35.3563],[-117.6233,35.3562],[-117.6234,35.3561],[-117.6235,35.3561],[-117.6236,35.356],[-117.6237,35.3559],[-117.6238,35.3559],[-117.624,35.3558],[-117.6242,35.3558],[-117.6243,35.3558],[-117.6244,35.3558],[-117.6245,35.3558]]}},{"type":"Feature","properties":{"id":null,"name":null,"kind":"road","access":"green","seasonal":false},"geometry":{"type":"LineString","coordinates":[[-117.6324,35.4401],[-117.6325,35.4401],[-117.6327,35.4403],[-117.6329,35.4404],[-117.633,35.4405],[-117.6332,35.4406],[-117.6334,35.4407],[-117.6336,35.4409],[-117.6337,35.4411],[-117.6338,35.4413],[-117.6338,35.4414]]}},{"type":"Feature","properties":{"id":null,"name":null,"kind":"road","access":"green","seasonal":false},"geometry":{"type":"LineString","coordinates":[[-117.8408,35.4389],[-117.8408,35.439],[-117.8409,35.4392],[-117.841,35.4394],[-117.8413,35.4396],[-117.8414,35.4397],[-117.8415,35.4399],[-117.8417,35.4401],[-117.8418,35.4403],[-117.8418,35.4404],[-117.8419,35.4405],[-117.842,35.4405],[-117.8421,35.4405],[-117.8421,35.4404]]}},{"type":"Feature","properties":{"id":null,"name":null,"kind":"road","access":"green","seasonal":false},"geometry":{"type":"LineString","coordinates":[[-117.8879,35.4161],[-117.8878,35.4161],[-117.8877,35.4162],[-117.8876,35.4162],[-117.8875,35.4162],[-117.8874,35.4162],[-117.8873,35.4163],[-117.8872,35.4163],[-117.8872,35.4164],[-117.8871,35.4164],[-117.8871,35.4165],[-117.887,35.4165],[-117.8868,35.4165],[-117.8867,35.4165],[-117.8866,35.4165],[-117.8865,35.4164],[-117.8864,35.4164],[-117.8863,35.4163],[-117.8862,35.4163],[-117.8861,35.4164],[-117.8861,35.4165],[-117.886,35.4166],[-117.8859,35.4167],[-117.8858,35.4167],[-117.8858,35.4168],[-117.8857,35.4169],[-117.8857,35.417],[-117.8857,35.4171],[-117.8857,35.4172],[-117.8856,35.4173],[-117.8856,35.4174],[-117.8855,35.4175],[-117.8854,35.4176],[-117.8854,35.4177],[-117.8853,35.4178],[-117.8852,35.4179],[-117.885,35.418],[-117.8849,35.4181],[-117.8848,35.4182],[-117.8848,35.4183],[-117.8848,35.4184],[-117.8847,35.4185],[-117.8847,35.4186],[-117.8846,35.4187],[-117.8846,35.4188],[-117.8845,35.4189],[-117.8845,35.419],[-117.8844,35.4191],[-117.8844,35.4192],[-117.8843,35.4192],[-117.8843,35.4193],[-117.8842,35.4194],[-117.8842,35.4195],[-117.8841,35.4196],[-117.884,35.4197],[-117.8839,35.4198],[-117.8838,35.4198],[-117.8837,35.4199],[-117.8836,35.42],[-117.8836,35.4201],[-117.8835,35.4202],[-117.8835,35.4203],[-117.8835,35.4204],[-117.8835,35.4205],[-117.8835,35.4206],[-117.8835,35.4207],[-117.8835,35.4209],[-117.8836,35.421],[-117.8836,35.4211],[-117.8837,35.4212],[-117.8837,35.4213],[-117.8837,35.4214],[-117.8837,35.4216],[-117.8838,35.4217],[-117.8838,35.4218],[-117.8839,35.4219],[-117.8839,35.422],[-117.884,35.4222],[-117.884,35.4223],[-117.8841,35.4223],[-117.8841,35.4224],[-117.8841,35.4226],[-117.8841,35.4227],[-117.8841,35.4228],[-117.884,35.423],[-117.884,35.4231],[-117.884,35.4232],[-117.884,35.4234],[-117.8839,35.4235],[-117.884,35.4237],[-117.884,35.4238],[-117.8841,35.4239],[-117.8841,35.424],[-117.8842,35.4242],[-117.8843,35.4243],[-117.8844,35.4244],[-117.8845,35.4246],[-117.8846,35.4247],[-117.8847,35.4248],[-117.8848,35.4249],[-117.8849,35.425],[-117.885,35.4251],[-117.885,35.4253],[-117.8851,35.4254],[-117.8852,35.4255],[-117.8852,35.4256],[-117.8853,35.4258],[-117.8854,35.4259],[-117.8855,35.426],[-117.8856,35.4261],[-117.8857,35.4262],[-117.8857,35.4263],[-117.8858,35.4265],[-117.8857,35.4266],[-117.8857,35.4267],[-117.8857,35.4269],[-117.8856,35.427],[-117.8856,35.4271],[-117.8855,35.4273],[-117.8855,35.4274],[-117.8855,35.4275],[-117.8854,35.4276],[-117.8854,35.4278],[-117.8854,35.4279],[-117.8854,35.428],[-117.8855,35.428],[-117.8856,35.4281],[-117.8858,35.4281],[-117.8859,35.4282],[-117.8859,35.4284],[-117.886,35.4285],[-117.886,35.4286],[-117.8861,35.4287],[-117.8862,35.4289],[-117.8863,35.429],[-117.8864,35.4291],[-117.8865,35.4293],[-117.8866,35.4293],[-117.8868,35.4294],[-117.8869,35.4294],[-117.8871,35.4294],[-117.8873,35.4295],[-117.8875,35.4295],[-117.8876,35.4296],[-117.8878,35.4297],[-117.8879,35.4297],[-117.888,35.4298],[-117.8881,35.4299],[-117.8881,35.43],[-117.8882,35.4301],[-117.8882,35.4302],[-117.8882,35.4303],[-117.8882,35.4305],[-117.8882,35.4306],[-117.8883,35.4307],[-117.8883,35.4308],[-117.8883,35.4309],[-117.8883,35.4311],[-117.8884,35.4312],[-117.8884,35.4313],[-117.8884,35.4314],[-117.8885,35.4315],[-117.8885,35.4316],[-117.8885,35.4317],[-117.8886,35.4318],[-117.8886,35.4319],[-117.8886,35.432],[-117.8886,35.4321],[-117.8886,35.4322],[-117.8886,35.4323],[-117.8887,35.4323],[-117.8887,35.4324],[-117.8887,35.4325]]}},{"type":"Feature","properties":{"id":null,"name":null,"kind":"road","access":"green","seasonal":false},"geometry":{"type":"LineString","coordinates":[[-117.7635,35.4511],[-117.7635,35.4512],[-117.7636,35.4512],[-117.7637,35.4513],[-117.7638,35.4513],[-117.7638,35.4514],[-117.7639,35.4515],[-117.764,35.4515],[-117.764,35.4516],[-117.7641,35.4516],[-117.7642,35.4517],[-117.7643,35.4517],[-117.7644,35.4518],[-117.7645,35.4518],[-117.7646,35.4518],[-117.7646,35.4519],[-117.7647,35.4519],[-117.7648,35.4519],[-117.7649,35.4519],[-117.765,35.4519],[-117.7651,35.452],[-117.7652,35.452],[-117.7653,35.452],[-117.7654,35.4521],[-117.7655,35.4521],[-117.7656,35.4522],[-117.7657,35.4522],[-117.7658,35.4522],[-117.7659,35.4523],[-117.766,35.4523],[-117.766,35.4524],[-117.7663,35.4525]]}},{"type":"Feature","properties":{"id":null,"name":null,"kind":"road","access":"green","seasonal":false},"geometry":{"type":"LineString","coordinates":[[-117.6824,35.4635],[-117.6824,35.4634],[-117.6823,35.4634],[-117.6823,35.4633],[-117.6822,35.4632],[-117.6822,35.4631],[-117.6822,35.463],[-117.6823,35.4629],[-117.6823,35.4628],[-117.6822,35.4628],[-117.6822,35.4627],[-117.6822,35.4626],[-117.6821,35.4625],[-117.6821,35.4624],[-117.6821,35.4623],[-117.682,35.4622],[-117.682,35.4621],[-117.6819,35.462],[-117.6819,35.4619],[-117.6819,35.4618],[-117.6818,35.4617],[-117.6817,35.4615],[-117.6817,35.4614],[-117.6816,35.4613],[-117.6816,35.4612],[-117.6816,35.4611],[-117.6815,35.4611],[-117.6815,35.461],[-117.6815,35.4609],[-117.6814,35.4608],[-117.6814,35.4607],[-117.6813,35.4607],[-117.6813,35.4606],[-117.6812,35.4605],[-117.6812,35.4604],[-117.6812,35.4603],[-117.6811,35.4603],[-117.6811,35.4602],[-117.681,35.4601],[-117.681,35.46],[-117.6809,35.46],[-117.6809,35.4599],[-117.6809,35.4598],[-117.6808,35.4597],[-117.6808,35.4596],[-117.6808,35.4595],[-117.6808,35.4594],[-117.6808,35.4593],[-117.6807,35.4592],[-117.6807,35.4591],[-117.6806,35.459]]}},{"type":"Feature","properties":{"id":null,"name":null,"kind":"road","access":"green","seasonal":false},"geometry":{"type":"LineString","coordinates":[[-117.9257,35.3474],[-117.9259,35.3477],[-117.9259,35.3478],[-117.9261,35.3479],[-117.9262,35.3481],[-117.9264,35.3485],[-117.9265,35.3486],[-117.9266,35.3488],[-117.9268,35.349],[-117.927,35.3493],[-117.9271,35.3494],[-117.9272,35.3497],[-117.9273,35.3499],[-117.9273,35.3502],[-117.9274,35.3505],[-117.9275,35.3506],[-117.9276,35.3509],[-117.9277,35.3511],[-117.9277,35.3512],[-117.9277,35.3515],[-117.9277,35.3516],[-117.9278,35.352],[-117.9279,35.3524],[-117.928,35.3527],[-117.928,35.3529],[-117.9281,35.3532],[-117.9281,35.3533],[-117.9282,35.3534],[-117.9282,35.3536]]}},{"type":"Feature","properties":{"id":null,"name":null,"kind":"road","access":"green","seasonal":false},"geometry":{"type":"LineString","coordinates":[[-117.814,35.4633],[-117.8141,35.4634],[-117.8142,35.4635],[-117.8143,35.4636],[-117.8142,35.4637],[-117.8141,35.4637],[-117.8141,35.4638],[-117.8141,35.4639],[-117.814,35.4639],[-117.814,35.464],[-117.8139,35.464],[-117.8138,35.4641],[-117.8137,35.4642],[-117.8136,35.4643],[-117.8135,35.4643],[-117.8134,35.4644],[-117.8133,35.4645],[-117.8132,35.4645],[-117.8132,35.4646],[-117.8131,35.4646],[-117.8131,35.4647],[-117.8132,35.4648],[-117.8132,35.4649],[-117.8132,35.465],[-117.8132,35.4651],[-117.8133,35.4651],[-117.8133,35.4652]]}},{"type":"Feature","properties":{"id":null,"name":null,"kind":"road","access":"green","seasonal":false},"geometry":{"type":"LineString","coordinates":[[-117.724,35.4466],[-117.724,35.4467],[-117.7241,35.4467],[-117.7241,35.4468],[-117.7241,35.4469],[-117.7241,35.447],[-117.7242,35.447],[-117.7242,35.4471],[-117.7243,35.4471],[-117.7244,35.4472],[-117.7244,35.4473],[-117.7245,35.4473],[-117.7245,35.4474],[-117.7246,35.4474],[-117.7247,35.4475],[-117.7248,35.4475],[-117.7248,35.4476],[-117.7249,35.4476],[-117.725,35.4476],[-117.7251,35.4477],[-117.7252,35.4477],[-117.7253,35.4477],[-117.7254,35.4477],[-117.7255,35.4477],[-117.7256,35.4478],[-117.7257,35.4478],[-117.7258,35.4478],[-117.7259,35.4478],[-117.726,35.4479],[-117.7261,35.4479],[-117.7262,35.448],[-117.7263,35.448],[-117.7264,35.448],[-117.7264,35.4481],[-117.7265,35.4481],[-117.7266,35.4481],[-117.7267,35.4481],[-117.7268,35.4481],[-117.7269,35.4481],[-117.727,35.4481],[-117.7271,35.4481],[-117.7271,35.448],[-117.7272,35.448],[-117.7273,35.448],[-117.7274,35.4479],[-117.7275,35.4479],[-117.7276,35.4479],[-117.7277,35.4479],[-117.7278,35.4479],[-117.7279,35.4479],[-117.728,35.4479],[-117.7281,35.4479],[-117.7282,35.4479],[-117.7283,35.4479],[-117.7284,35.4478],[-117.7285,35.4478],[-117.7286,35.4478],[-117.7287,35.4478]]}},{"type":"Feature","properties":{"id":null,"name":null,"kind":"road","access":"green","seasonal":false},"geometry":{"type":"LineString","coordinates":[[-117.621,35.3641],[-117.621,35.3643],[-117.6209,35.3644],[-117.6208,35.3645],[-117.6208,35.3647],[-117.6207,35.3649],[-117.6205,35.365],[-117.6204,35.3652],[-117.6203,35.3653],[-117.6201,35.3654],[-117.6201,35.3655]]}},{"type":"Feature","properties":{"id":null,"name":null,"kind":"road","access":"green","seasonal":false},"geometry":{"type":"LineString","coordinates":[[-117.626,35.4443],[-117.6262,35.4442],[-117.6263,35.444],[-117.6264,35.4438],[-117.6266,35.4436],[-117.6268,35.4434],[-117.6269,35.4432],[-117.627,35.4431],[-117.6272,35.4428],[-117.6273,35.4426],[-117.6274,35.4425],[-117.6276,35.4424],[-117.6277,35.4422],[-117.628,35.4421],[-117.6283,35.4419],[-117.6285,35.4418],[-117.6287,35.4416],[-117.6289,35.4414],[-117.6293,35.4412],[-117.6297,35.441],[-117.63,35.4409],[-117.6301,35.4408],[-117.6302,35.4407],[-117.6304,35.4407],[-117.6307,35.4406],[-117.6309,35.4406],[-117.6312,35.4404],[-117.6318,35.4402],[-117.632,35.4401],[-117.6321,35.4401],[-117.6323,35.4401],[-117.6324,35.4401]]}},{"type":"Feature","properties":{"id":null,"name":null,"kind":"road","access":"green","seasonal":false},"geometry":{"type":"LineString","coordinates":[[-117.7245,35.4327],[-117.7245,35.4328],[-117.7245,35.4329],[-117.7245,35.433],[-117.7245,35.4331],[-117.7244,35.4331],[-117.7244,35.4332],[-117.7244,35.4333],[-117.7244,35.4334],[-117.7244,35.4335],[-117.7243,35.4335],[-117.7243,35.4336],[-117.7243,35.4337],[-117.7243,35.4338],[-117.7243,35.4339],[-117.7242,35.434],[-117.7242,35.4341],[-117.7242,35.4342],[-117.7242,35.4343],[-117.7242,35.4344],[-117.7242,35.4345],[-117.7241,35.4345],[-117.7241,35.4346],[-117.7241,35.4347],[-117.7241,35.4348],[-117.7241,35.4349],[-117.724,35.435],[-117.724,35.4351],[-117.724,35.4352],[-117.724,35.4353],[-117.724,35.4354],[-117.724,35.4355],[-117.7239,35.4355],[-117.7239,35.4356],[-117.7239,35.4357],[-117.7239,35.4358],[-117.7239,35.4359],[-117.7238,35.4359],[-117.7238,35.436],[-117.7238,35.4361],[-117.7238,35.4362],[-117.7238,35.4363],[-117.7238,35.4364],[-117.7237,35.4364],[-117.7237,35.4365],[-117.7237,35.4366],[-117.7237,35.4367],[-117.7237,35.4368],[-117.7236,35.4368],[-117.7236,35.4369],[-117.7236,35.437],[-117.7236,35.4371],[-117.7235,35.4371],[-117.7234,35.4371]]}},{"type":"Feature","properties":{"id":null,"name":null,"kind":"road","access":"green","seasonal":false},"geometry":{"type":"LineString","coordinates":[[-117.7018,35.4798],[-117.7019,35.4798],[-117.7019,35.4797],[-117.702,35.4796],[-117.7021,35.4796],[-117.7021,35.4795],[-117.7022,35.4795],[-117.7023,35.4795],[-117.7023,35.4794],[-117.7023,35.4793],[-117.7024,35.4793],[-117.7024,35.4792],[-117.7025,35.4791],[-117.7026,35.479],[-117.7026,35.4789],[-117.7026,35.4788],[-117.7027,35.4788],[-117.7027,35.4787],[-117.7026,35.4787],[-117.7026,35.4786],[-117.7025,35.4785],[-117.7025,35.4784],[-117.7024,35.4784],[-117.7024,35.4783],[-117.7023,35.4782],[-117.7023,35.4781],[-117.7024,35.4781],[-117.7024,35.478],[-117.7024,35.4779],[-117.7024,35.4778],[-117.7025,35.4777],[-117.7025,35.4776],[-117.7026,35.4776],[-117.7026,35.4775],[-117.7026,35.4774],[-117.7026,35.4773],[-117.7026,35.4772],[-117.7027,35.4772],[-117.7027,35.4771],[-117.7028,35.4771],[-117.7028,35.477],[-117.7029,35.477],[-117.7029,35.4769],[-117.7029,35.4768],[-117.7029,35.4767],[-117.703,35.4767],[-117.703,35.4766],[-117.703,35.4765],[-117.703,35.4764],[-117.7031,35.4764],[-117.7031,35.4763],[-117.7031,35.4762]]}},{"type":"Feature","properties":{"id":null,"name":null,"kind":"road","access":"green","seasonal":false},"geometry":{"type":"LineString","coordinates":[[-117.9419,35.4929],[-117.9419,35.4928],[-117.9418,35.4928],[-117.9417,35.4928],[-117.9416,35.4928],[-117.9415,35.4928],[-117.9414,35.4928],[-117.9414,35.4929],[-117.9413,35.4929],[-117.9412,35.4929],[-117.9411,35.493],[-117.941,35.493],[-117.941,35.4931],[-117.9409,35.4931],[-117.9408,35.4932],[-117.9407,35.4932],[-117.9406,35.4932],[-117.9406,35.4933],[-117.9405,35.4933],[-117.9404,35.4933],[-117.9403,35.4934],[-117.9402,35.4934],[-117.9401,35.4935],[-117.94,35.4935],[-117.9399,35.4936],[-117.9398,35.4936],[-117.9397,35.4937],[-117.9396,35.4937],[-117.9395,35.4937],[-117.9395,35.4938],[-117.9394,35.4938],[-117.9393,35.4939],[-117.9392,35.494],[-117.9391,35.494],[-117.939,35.4941],[-117.9389,35.4941],[-117.9388,35.4942],[-117.9387,35.4942],[-117.9386,35.4943],[-117.9385,35.4943],[-117.9384,35.4943],[-117.9384,35.4944],[-117.9383,35.4944],[-117.9382,35.4944],[-117.9382,35.4945],[-117.9381,35.4945],[-117.938,35.4945],[-117.938,35.4946],[-117.9379,35.4946],[-117.9378,35.4947],[-117.9377,35.4947],[-117.9376,35.4948],[-117.9375,35.4948],[-117.9374,35.4949],[-117.9373,35.4949],[-117.9372,35.495],[-117.9371,35.495],[-117.9371,35.4951],[-117.937,35.4951],[-117.9369,35.4951],[-117.9368,35.4952],[-117.9367,35.4952],[-117.9366,35.4953],[-117.9365,35.4953],[-117.9364,35.4954],[-117.9363,35.4954],[-117.9363,35.4955],[-117.9362,35.4955],[-117.9361,35.4955],[-117.9361,35.4956],[-117.936,35.4956],[-117.9359,35.4956],[-117.9359,35.4957],[-117.9358,35.4957],[-117.9357,35.4958],[-117.9356,35.4958],[-117.9356,35.4959],[-117.9355,35.4959],[-117.9354,35.496],[-117.9353,35.496],[-117.9353,35.4961],[-117.9352,35.4961],[-117.9351,35.4961],[-117.9351,35.4962],[-117.935,35.4962],[-117.9349,35.4962],[-117.9349,35.4963],[-117.9348,35.4963],[-117.9347,35.4963],[-117.9346,35.4964],[-117.9345,35.4965],[-117.9344,35.4965],[-117.9343,35.4966],[-117.9342,35.4966],[-117.9342,35.4967],[-117.9341,35.4967],[-117.934,35.4967],[-117.9339,35.4968],[-117.9338,35.4968],[-117.9338,35.4969],[-117.9337,35.4969],[-117.9336,35.4969],[-117.9335,35.497],[-117.9334,35.497],[-117.9333,35.4971],[-117.9332,35.4971],[-117.9331,35.4972],[-117.933,35.4972],[-117.9329,35.4973],[-117.9328,35.4973],[-117.9328,35.4974],[-117.9327,35.4974],[-117.9326,35.4975],[-117.9325,35.4975],[-117.9324,35.4975],[-117.9324,35.4976],[-117.9323,35.4976],[-117.9322,35.4976],[-117.9321,35.4977],[-117.932,35.4977],[-117.932,35.4978],[-117.9319,35.4978],[-117.9318,35.4979],[-117.9317,35.4979],[-117.9317,35.498],[-117.9316,35.498],[-117.9315,35.498],[-117.9314,35.4981],[-117.9313,35.4981],[-117.9312,35.4981],[-117.9311,35.4981],[-117.931,35.4982],[-117.9309,35.4982],[-117.9308,35.4982],[-117.9308,35.4983],[-117.9307,35.4983],[-117.9306,35.4983],[-117.9305,35.4984],[-117.9304,35.4984],[-117.9303,35.4984],[-117.9302,35.4984],[-117.9302,35.4985],[-117.9301,35.4985],[-117.93,35.4985],[-117.9299,35.4985],[-117.9299,35.4986],[-117.9298,35.4986],[-117.9297,35.4986],[-117.9297,35.4987],[-117.9296,35.4987],[-117.9295,35.4987],[-117.9295,35.4988],[-117.9294,35.4988],[-117.9293,35.4988],[-117.9292,35.4989],[-117.9291,35.4989],[-117.9291,35.499],[-117.929,35.499],[-117.9289,35.499],[-117.9288,35.499],[-117.9287,35.4991],[-117.9286,35.4991],[-117.9285,35.4991],[-117.9284,35.4991],[-117.9284,35.4992],[-117.9283,35.4992],[-117.9282,35.4992],[-117.9281,35.4993],[-117.928,35.4993],[-117.928,35.4994],[-117.9279,35.4994],[-117.9279,35.4995],[-117.9278,35.4995],[-117.9278,35.4996],[-117.9277,35.4996],[-117.9277,35.4997],[-117.9276,35.4997],[-117.9276,35.4998],[-117.9275,35.4998],[-117.9275,35.4999],[-117.9274,35.4999],[-117.9274,35.5],[-117.9273,35.5],[-117.9273,35.5001],[-117.9272,35.5002],[-117.9271,35.5003],[-117.927,35.5003],[-117.927,35.5004],[-117.9269,35.5004],[-117.9269,35.5005],[-117.9268,35.5005],[-117.9268,35.5006],[-117.9267,35.5006],[-117.9267,35.5007],[-117.9266,35.5007],[-117.9266,35.5008],[-117.9265,35.5008],[-117.9265,35.5009],[-117.9264,35.5009],[-117.9264,35.501],[-117.9263,35.501],[-117.9263,35.5011],[-117.9262,35.5011],[-117.9262,35.5012],[-117.9261,35.5013],[-117.926,35.5014],[-117.9259,35.5015],[-117.9258,35.5016],[-117.9257,35.5017],[-117.9256,35.5018],[-117.9256,35.5019],[-117.9255,35.5019],[-117.9255,35.502],[-117.9254,35.502],[-117.9254,35.5021],[-117.9253,35.5021],[-117.9253,35.5022],[-117.9252,35.5022],[-117.9252,35.5023],[-117.9251,35.5023],[-117.9251,35.5024],[-117.925,35.5024],[-117.925,35.5025],[-117.9249,35.5025],[-117.9249,35.5026],[-117.9248,35.5027],[-117.9247,35.5027],[-117.9247,35.5028],[-117.9246,35.5029],[-117.9245,35.503],[-117.9244,35.5031],[-117.9243,35.5032],[-117.9242,35.5033],[-117.9241,35.5034],[-117.9241,35.5035],[-117.924,35.5035],[-117.9239,35.5036],[-117.9239,35.5037],[-117.9238,35.5037],[-117.9238,35.5038],[-117.9237,35.5038],[-117.9237,35.5039],[-117.9236,35.5039],[-117.9236,35.504],[-117.9235,35.504],[-117.9235,35.5041],[-117.9234,35.5041],[-117.9234,35.5042],[-117.9233,35.5043],[-117.9232,35.5044],[-117.9231,35.5045],[-117.923,35.5046],[-117.923,35.5047],[-117.9229,35.5047],[-117.9229,35.5048],[-117.9228,35.5048],[-117.9228,35.5049],[-117.9227,35.5049],[-117.9227,35.505],[-117.9226,35.505],[-117.9226,35.5051],[-117.9225,35.5051],[-117.9225,35.5052],[-117.9224,35.5053],[-117.9223,35.5054],[-117.9222,35.5055],[-117.9221,35.5056],[-117.922,35.5057],[-117.922,35.5058],[-117.9219,35.5058],[-117.9219,35.5059],[-117.9218,35.5059],[-117.9218,35.506],[-117.9217,35.506],[-117.9217,35.5061],[-117.9216,35.5061],[-117.9216,35.5062],[-117.9215,35.5062],[-117.9215,35.5063],[-117.9214,35.5063],[-117.9214,35.5064],[-117.9213,35.5064],[-117.9213,35.5065],[-117.9212,35.5065],[-117.9212,35.5066],[-117.9211,35.5066],[-117.9211,35.5067],[-117.921,35.5067],[-117.921,35.5068],[-117.921,35.5069],[-117.9209,35.5069],[-117.9209,35.507],[-117.9208,35.5071],[-117.9208,35.5072],[-117.9207,35.5072],[-117.9207,35.5073],[-117.9206,35.5073],[-117.9206,35.5074],[-117.9205,35.5075],[-117.9204,35.5075],[-117.9204,35.5076],[-117.9203,35.5077],[-117.9203,35.5078],[-117.9202,35.5078],[-117.9202,35.5079],[-117.9201,35.508],[-117.9201,35.5081],[-117.92,35.5081],[-117.92,35.5082],[-117.9199,35.5083],[-117.9198,35.5083],[-117.9198,35.5084],[-117.9197,35.5084],[-117.9197,35.5085],[-117.9196,35.5085],[-117.9196,35.5086],[-117.9195,35.5087],[-117.9195,35.5088],[-117.9194,35.5088],[-117.9194,35.5089],[-117.9193,35.5089],[-117.9193,35.509],[-117.9192,35.509],[-117.9192,35.5091],[-117.9191,35.5091],[-117.9191,35.5092],[-117.919,35.5092],[-117.919,35.5093],[-117.9189,35.5094],[-117.9188,35.5095],[-117.9187,35.5096],[-117.9186,35.5097],[-117.9185,35.5098],[-117.9185,35.5099],[-117.9184,35.5099],[-117.9184,35.51],[-117.9183,35.5101],[-117.9183,35.5102],[-117.9182,35.5102],[-117.9182,35.5103],[-117.9181,35.5104],[-117.9181,35.5105],[-117.918,35.5105],[-117.918,35.5106],[-117.918,35.5107],[-117.9179,35.5107],[-117.9179,35.5108],[-117.9178,35.5108],[-117.9178,35.5109],[-117.9177,35.5109],[-117.9177,35.511],[-117.9177,35.5111],[-117.9176,35.5111],[-117.9176,35.5112],[-117.9176,35.5113],[-117.9175,35.5113],[-117.9175,35.5114],[-117.9174,35.5114],[-117.9174,35.5115],[-117.9173,35.5115],[-117.9173,35.5116],[-117.9172,35.5117],[-117.9172,35.5118],[-117.9171,35.5118],[-117.9171,35.5119],[-117.917,35.5119],[-117.917,35.512],[-117.9169,35.5121],[-117.9169,35.5122],[-117.9168,35.5122],[-117.9168,35.5123],[-117.9167,35.5123],[-117.9167,35.5124],[-117.9166,35.5125],[-117.9166,35.5126],[-117.9165,35.5126],[-117.9165,35.5127],[-117.9164,35.5127],[-117.9164,35.5128],[-117.9163,35.5128],[-117.9163,35.5129],[-117.9162,35.5129],[-117.9162,35.513],[-117.9161,35.513],[-117.9161,35.5131],[-117.916,35.5132],[-117.9159,35.5132],[-117.9159,35.5133],[-117.9158,35.5134],[-117.9158,35.5135],[-117.9157,35.5135],[-117.9157,35.5136],[-117.9157,35.5137],[-117.9156,35.5137],[-117.9156,35.5138],[-117.9155,35.5139],[-117.9155,35.514],[-117.9154,35.514],[-117.9154,35.5141],[-117.9153,35.5141],[-117.9153,35.5142],[-117.9152,35.5142],[-117.9152,35.5143],[-117.9151,35.5143],[-117.9151,35.5144],[-117.9151,35.5145],[-117.915,35.5145],[-117.9149,35.5146],[-117.9149,35.5147],[-117.9148,35.5147],[-117.9148,35.5148],[-117.9147,35.5148],[-117.9147,35.5149],[-117.9146,35.5149],[-117.9146,35.515],[-117.9146,35.5151],[-117.9145,35.5151],[-117.9145,35.5152],[-117.9145,35.5153],[-117.9144,35.5153],[-117.9144,35.5154],[-117.9143,35.5154],[-117.9143,35.5155],[-117.9143,35.5156],[-117.9142,35.5156],[-117.9142,35.5157],[-117.9142,35.5158],[-117.9141,35.5158],[-117.9141,35.5159],[-117.9141,35.516],[-117.914,35.516],[-117.914,35.5161],[-117.9139,35.5162],[-117.9139,35.5163],[-117.9138,35.5163],[-117.9138,35.5164],[-117.9138,35.5165],[-117.9137,35.5165],[-117.9137,35.5166],[-117.9136,35.5166],[-117.9136,35.5167],[-117.9136,35.5168],[-117.9135,35.5168],[-117.9135,35.5169],[-117.9134,35.5169],[-117.9134,35.517],[-117.9133,35.5171],[-117.9133,35.5172],[-117.9132,35.5172],[-117.9132,35.5173],[-117.9131,35.5174],[-117.9131,35.5175],[-117.913,35.5175],[-117.9129,35.5176],[-117.9129,35.5177],[-117.9128,35.5177],[-117.9128,35.5178],[-117.9127,35.5178],[-117.9127,35.5179],[-117.9127,35.518],[-117.9126,35.518],[-117.9126,35.5181],[-117.9125,35.5181],[-117.9125,35.5182],[-117.9124,35.5183],[-117.9124,35.5184],[-117.9123,35.5184],[-117.9123,35.5185],[-117.9122,35.5185],[-117.9122,35.5186],[-117.9121,35.5186],[-117.9121,35.5187],[-117.912,35.5187],[-117.912,35.5188],[-117.9119,35.5188],[-117.9119,35.5189],[-117.9118,35.5189],[-117.9118,35.519],[-117.9117,35.519],[-117.9117,35.5191],[-117.9116,35.5191],[-117.9116,35.5192],[-117.9115,35.5193],[-117.9114,35.5194],[-117.9114,35.5195],[-117.9113,35.5195],[-117.9113,35.5196],[-117.9113,35.5197],[-117.9112,35.5197],[-117.9112,35.5198],[-117.9112,35.5199],[-117.9111,35.5199],[-117.9111,35.52],[-117.911,35.5201],[-117.911,35.5202],[-117.9109,35.5203],[-117.9109,35.5204],[-117.9108,35.5204],[-117.9108,35.5205],[-117.9107,35.5206],[-117.9107,35.5207],[-117.9106,35.5207],[-117.9106,35.5208],[-117.9105,35.5209],[-117.9105,35.521],[-117.9104,35.5211],[-117.9104,35.5212],[-117.9104,35.5213],[-117.9104,35.5214],[-117.9104,35.5215],[-117.9103,35.5215],[-117.9103,35.5216],[-117.9103,35.5217],[-117.9103,35.5218],[-117.9103,35.5219],[-117.9102,35.5219],[-117.9102,35.522],[-117.9102,35.5221],[-117.9101,35.5222],[-117.9101,35.5223],[-117.9101,35.5224],[-117.91,35.5224],[-117.91,35.5225],[-117.91,35.5226],[-117.91,35.5227],[-117.9099,35.5227],[-117.9099,35.5228],[-117.9099,35.5229],[-117.9098,35.5229],[-117.9098,35.523],[-117.9098,35.5231],[-117.9097,35.5232],[-117.9097,35.5233],[-117.9097,35.5234],[-117.9096,35.5234],[-117.9096,35.5235],[-117.9096,35.5236],[-117.9095,35.5236],[-117.9095,35.5237],[-117.9095,35.5238],[-117.9094,35.5238],[-117.9094,35.5239],[-117.9094,35.524],[-117.9093,35.524],[-117.9093,35.5241],[-117.9093,35.5242],[-117.9092,35.5243],[-117.9092,35.5244],[-117.9091,35.5245],[-117.9091,35.5246],[-117.9091,35.5247],[-117.909,35.5247],[-117.909,35.5248],[-117.9089,35.5249],[-117.9089,35.525],[-117.9089,35.5251],[-117.9088,35.5251],[-117.9088,35.5252],[-117.9087,35.5253],[-117.9087,35.5254],[-117.9086,35.5255],[-117.9086,35.5256],[-117.9085,35.5256],[-117.9085,35.5257],[-117.9085,35.5258],[-117.9084,35.5258],[-117.9084,35.5259],[-117.9084,35.526],[-117.9083,35.526],[-117.9083,35.5261],[-117.9082,35.5262],[-117.9082,35.5263],[-117.9081,35.5263],[-117.9081,35.5264],[-117.9081,35.5265],[-117.908,35.5265],[-117.908,35.5266],[-117.908,35.5267],[-117.9079,35.5267],[-117.9079,35.5268],[-117.9079,35.5269],[-117.9079,35.527],[-117.9078,35.527],[-117.9078,35.5271],[-117.9078,35.5272],[-117.9077,35.5272],[-117.9077,35.5273],[-117.9077,35.5274],[-117.9076,35.5275],[-117.9076,35.5276],[-117.9076,35.5277],[-117.9076,35.5278],[-117.9075,35.5278],[-117.9075,35.5279],[-117.9075,35.528],[-117.9075,35.5281],[-117.9075,35.5282],[-117.9074,35.5282],[-117.9074,35.5283],[-117.9074,35.5284],[-117.9074,35.5285],[-117.9074,35.5286],[-117.9073,35.5286],[-117.9073,35.5287],[-117.9073,35.5288],[-117.9072,35.5288],[-117.9072,35.5289],[-117.9071,35.5289],[-117.9071,35.529],[-117.907,35.5291],[-117.907,35.5292],[-117.9069,35.5293],[-117.9069,35.5294],[-117.9068,35.5294],[-117.9068,35.5295],[-117.9067,35.5296],[-117.9067,35.5297],[-117.9066,35.5297],[-117.9066,35.5298],[-117.9065,35.5298],[-117.9065,35.5299],[-117.9064,35.53],[-117.9064,35.5301],[-117.9063,35.5301],[-117.9063,35.5302],[-117.9063,35.5303],[-117.9062,35.5303],[-117.9062,35.5304],[-117.9061,35.5304],[-117.9061,35.5305],[-117.9061,35.5306],[-117.906,35.5306],[-117.906,35.5307],[-117.9059,35.5307],[-117.9059,35.5308],[-117.9058,35.5309],[-117.9058,35.531],[-117.9058,35.5311],[-117.9057,35.5311],[-117.9057,35.5312],[-117.9057,35.5313],[-117.9056,35.5314],[-117.9056,35.5315],[-117.9056,35.5316],[-117.9056,35.5317],[-117.9055,35.5318],[-117.9055,35.5319],[-117.9055,35.532],[-117.9054,35.532],[-117.9054,35.5321],[-117.9053,35.5322],[-117.9053,35.5323],[-117.9052,35.5324],[-117.9052,35.5325],[-117.9052,35.5326],[-117.9051,35.5326],[-117.9051,35.5327],[-117.9051,35.5328],[-117.9051,35.5329],[-117.905,35.533],[-117.905,35.5331],[-117.905,35.5332],[-117.905,35.5333],[-117.9049,35.5333],[-117.9049,35.5334],[-117.9049,35.5335],[-117.9048,35.5335],[-117.9048,35.5336],[-117.9047,35.5337],[-117.9047,35.5338],[-117.9046,35.5338],[-117.9046,35.5339],[-117.9046,35.534],[-117.9045,35.5341],[-117.9045,35.5342],[-117.9045,35.5343],[-117.9044,35.5344],[-117.9044,35.5345],[-117.9044,35.5346],[-117.9044,35.5347],[-117.9044,35.5348],[-117.9043,35.5348],[-117.9043,35.5349],[-117.9043,35.535],[-117.9043,35.5351],[-117.9043,35.5352],[-117.9043,35.5353],[-117.9042,35.5353],[-117.9042,35.5354],[-117.9042,35.5355],[-117.9041,35.5355],[-117.9041,35.5356],[-117.9041,35.5357],[-117.9041,35.5358],[-117.904,35.5359],[-117.904,35.536],[-117.904,35.5361],[-117.9039,35.5361],[-117.9039,35.5362],[-117.9039,35.5363],[-117.9039,35.5364],[-117.9038,35.5364],[-117.9038,35.5365],[-117.9038,35.5366],[-117.9037,35.5366],[-117.9037,35.5367],[-117.9037,35.5368],[-117.9036,35.5368],[-117.9036,35.5369],[-117.9036,35.537],[-117.9035,35.537],[-117.9035,35.5371],[-117.9035,35.5372],[-117.9034,35.5373],[-117.9034,35.5374],[-117.9034,35.5375],[-117.9033,35.5375],[-117.9033,35.5376],[-117.9033,35.5377],[-117.9032,35.5378],[-117.9032,35.5379],[-117.9031,35.538],[-117.9031,35.5381],[-117.9031,35.5382],[-117.903,35.5382],[-117.903,35.5383],[-117.9029,35.5384],[-117.9029,35.5385],[-117.9028,35.5385],[-117.9028,35.5386],[-117.9028,35.5387],[-117.9027,35.5387],[-117.9027,35.5388],[-117.9026,35.5389],[-117.9025,35.539],[-117.9025,35.5391],[-117.9024,35.5391],[-117.9024,35.5392],[-117.9023,35.5392],[-117.9023,35.5393],[-117.9022,35.5394],[-117.9022,35.5395],[-117.9021,35.5395],[-117.9021,35.5396],[-117.902,35.5397],[-117.902,35.5398],[-117.9019,35.5399],[-117.9019,35.54],[-117.9018,35.54],[-117.9018,35.5401],[-117.9017,35.5401],[-117.9017,35.5402],[-117.9016,35.5402],[-117.9016,35.5403],[-117.9016,35.5404],[-117.9015,35.5404],[-117.9015,35.5405],[-117.9014,35.5405],[-117.9014,35.5406],[-117.9013,35.5407],[-117.9013,35.5408],[-117.9012,35.5408],[-117.9012,35.5409],[-117.9012,35.541],[-117.9011,35.541],[-117.9011,35.5411],[-117.9011,35.5412],[-117.9011,35.5413],[-117.901,35.5413],[-117.901,35.5414],[-117.901,35.5415],[-117.9009,35.5415],[-117.9009,35.5416],[-117.9008,35.5416],[-117.9008,35.5417],[-117.9007,35.5417],[-117.9007,35.5418],[-117.9006,35.5419],[-117.9005,35.5419],[-117.9005,35.542],[-117.9005,35.5421],[-117.9004,35.5421],[-117.9004,35.5422],[-117.9003,35.5422],[-117.9003,35.5423],[-117.9003,35.5424],[-117.9002,35.5424]]}},{"type":"Feature","properties":{"id":null,"name":null,"kind":"road","access":"green","seasonal":false},"geometry":{"type":"LineString","coordinates":[[-117.706,35.4343],[-117.7061,35.4344],[-117.7062,35.4344],[-117.7062,35.4345],[-117.7063,35.4345],[-117.7063,35.4346],[-117.7064,35.4346],[-117.7064,35.4347]]}},{"type":"Feature","properties":{"id":null,"name":null,"kind":"road","access":"green","seasonal":false},"geometry":{"type":"LineString","coordinates":[[-117.8363,35.4372],[-117.8364,35.4372],[-117.8364,35.4371],[-117.8365,35.437],[-117.8366,35.4369],[-117.8367,35.4369],[-117.8368,35.4368],[-117.8369,35.4368],[-117.837,35.4368],[-117.8371,35.4368],[-117.8372,35.4368],[-117.8373,35.4368],[-117.8374,35.4368],[-117.8375,35.4368],[-117.8376,35.4368],[-117.8377,35.4368],[-117.8378,35.4368],[-117.8379,35.4368],[-117.838,35.4367],[-117.8381,35.4367]]}},{"type":"Feature","properties":{"id":null,"name":null,"kind":"road","access":"green","seasonal":false},"geometry":{"type":"LineString","coordinates":[[-117.6435,35.4481],[-117.6438,35.4481],[-117.644,35.4481],[-117.6443,35.4481]]}},{"type":"Feature","properties":{"id":null,"name":null,"kind":"road","access":"green","seasonal":false},"geometry":{"type":"LineString","coordinates":[[-117.6612,35.4941],[-117.6607,35.4943],[-117.6603,35.4943],[-117.6597,35.4944],[-117.6594,35.4944],[-117.6587,35.4945],[-117.6575,35.4949],[-117.6571,35.495],[-117.656,35.4952],[-117.6548,35.4954],[-117.6545,35.4955],[-117.654,35.4955],[-117.6538,35.4955],[-117.6534,35.4955],[-117.6531,35.4956],[-117.6529,35.4956],[-117.6526,35.4957],[-117.6515,35.4958],[-117.6503,35.496],[-117.6499,35.4961],[-117.6489,35.4962],[-117.6488,35.4963],[-117.6486,35.4965],[-117.6483,35.4967],[-117.648,35.4967],[-117.6478,35.4969]]}},{"type":"Feature","properties":{"id":null,"name":null,"kind":"road","access":"green","seasonal":false},"geometry":{"type":"LineString","coordinates":[[-117.8395,35.4371],[-117.8393,35.4371],[-117.8392,35.4371],[-117.8391,35.4371],[-117.839,35.4371],[-117.8389,35.4371],[-117.8388,35.4371],[-117.8387,35.4371],[-117.8386,35.437],[-117.8385,35.437],[-117.8384,35.437],[-117.8383,35.4369],[-117.8382,35.4368],[-117.8381,35.4368],[-117.8381,35.4367]]}},{"type":"Feature","properties":{"id":null,"name":null,"kind":"road","access":"green","seasonal":false},"geometry":{"type":"LineString","coordinates":[[-117.6313,35.3524],[-117.6317,35.3523],[-117.6319,35.3523],[-117.6321,35.3522]]}},{"type":"Feature","properties":{"id":null,"name":null,"kind":"road","access":"green","seasonal":false},"geometry":{"type":"LineString","coordinates":[[-117.7824,35.4868],[-117.7823,35.4867],[-117.7822,35.4866],[-117.7821,35.4865],[-117.7821,35.4864],[-117.7822,35.4863],[-117.7823,35.4863],[-117.7824,35.4862],[-117.7824,35.4861],[-117.7824,35.486],[-117.7824,35.4859],[-117.7824,35.4858],[-117.7825,35.4858],[-117.7825,35.4857],[-117.7825,35.4856],[-117.7825,35.4855],[-117.7825,35.4854],[-117.7825,35.4853],[-117.7824,35.4853],[-117.7823,35.4853],[-117.7822,35.4853],[-117.7821,35.4853],[-117.7821,35.4852],[-117.782,35.4852],[-117.7819,35.4852],[-117.7818,35.4851],[-117.7817,35.4851],[-117.7816,35.4851],[-117.7815,35.485],[-117.7814,35.485],[-117.7813,35.4849],[-117.7812,35.4849],[-117.7811,35.4848],[-117.781,35.4848],[-117.7809,35.4848],[-117.7808,35.4848],[-117.7807,35.4848],[-117.7806,35.4848],[-117.7805,35.4847],[-117.7804,35.4847],[-117.7803,35.4847],[-117.7802,35.4846],[-117.7801,35.4846],[-117.7801,35.4845],[-117.78,35.4845],[-117.7799,35.4844],[-117.7798,35.4844],[-117.7797,35.4843],[-117.7796,35.4843],[-117.7795,35.4843],[-117.7794,35.4843],[-117.7794,35.4842],[-117.7793,35.4842],[-117.7792,35.4842],[-117.7791,35.4842],[-117.779,35.4841],[-117.7789,35.4841],[-117.7788,35.4841],[-117.7787,35.4841],[-117.7786,35.4841],[-117.7785,35.4841],[-117.7784,35.484],[-117.7784,35.4839],[-117.7783,35.4839],[-117.7783,35.4838],[-117.7782,35.4838],[-117.7782,35.4837],[-117.7781,35.4837],[-117.7781,35.4836],[-117.778,35.4836],[-117.778,35.4835],[-117.7779,35.4834],[-117.7778,35.4834],[-117.7777,35.4834],[-117.7776,35.4834],[-117.7776,35.4833],[-117.7775,35.4833],[-117.7774,35.4833],[-117.7773,35.4833],[-117.7772,35.4833],[-117.7771,35.4833],[-117.777,35.4832],[-117.7769,35.4832],[-117.7768,35.4832],[-117.7767,35.4832],[-117.7767,35.4831],[-117.7766,35.4831],[-117.7765,35.4831],[-117.7765,35.483],[-117.7764,35.483],[-117.7764,35.4829]]}},{"type":"Feature","properties":{"id":null,"name":null,"kind":"road","access":"green","seasonal":false},"geometry":{"type":"LineString","coordinates":[[-117.9393,35.4809],[-117.9395,35.4809],[-117.9401,35.4809],[-117.9407,35.4809],[-117.9411,35.4809],[-117.9414,35.4809],[-117.942,35.4808],[-117.9424,35.4809],[-117.9433,35.4809],[-117.9438,35.4809]]}},{"type":"Feature","properties":{"id":null,"name":null,"kind":"road","access":"green","seasonal":false},"geometry":{"type":"LineString","coordinates":[[-117.8025,35.5038],[-117.8025,35.5037],[-117.8025,35.5036],[-117.8025,35.5035],[-117.8025,35.5034],[-117.8025,35.5033],[-117.8025,35.5032],[-117.8025,35.5031],[-117.8025,35.503],[-117.8024,35.503],[-117.8024,35.5029],[-117.8024,35.5028],[-117.8024,35.5027],[-117.8023,35.5026],[-117.8023,35.5025],[-117.8023,35.5024],[-117.8023,35.5023],[-117.8023,35.5022],[-117.8023,35.5021],[-117.8023,35.502],[-117.8022,35.5018],[-117.8022,35.5017],[-117.8022,35.5016],[-117.8022,35.5015],[-117.8022,35.5014],[-117.8022,35.5013],[-117.8022,35.5012],[-117.8022,35.5011],[-117.8022,35.501],[-117.8022,35.5009],[-117.8023,35.5008],[-117.8023,35.5007],[-117.8024,35.5006],[-117.8024,35.5005],[-117.8025,35.5005],[-117.8025,35.5004],[-117.8026,35.5002],[-117.8027,35.5002],[-117.8027,35.5001],[-117.8028,35.5001],[-117.8029,35.5001],[-117.8029,35.5],[-117.803,35.5],[-117.8031,35.5],[-117.8032,35.4999],[-117.8033,35.4999],[-117.8034,35.4999]]}},{"type":"Feature","properties":{"id":null,"name":null,"kind":"road","access":"green","seasonal":false},"geometry":{"type":"LineString","coordinates":[[-117.8034,35.4999],[-117.8034,35.4998],[-117.8035,35.4998],[-117.8036,35.4998],[-117.8037,35.4997],[-117.8038,35.4997],[-117.8039,35.4996]]}},{"type":"Feature","properties":{"id":null,"name":null,"kind":"road","access":"green","seasonal":false},"geometry":{"type":"LineString","coordinates":[[-117.8381,35.3902],[-117.8382,35.3903],[-117.8383,35.3903],[-117.8383,35.3904],[-117.8383,35.3905]]}},{"type":"Feature","properties":{"id":null,"name":null,"kind":"road","access":"green","seasonal":false},"geometry":{"type":"LineString","coordinates":[[-117.85,35.443],[-117.8499,35.4429],[-117.8499,35.4428],[-117.8498,35.4427],[-117.8497,35.4426],[-117.8496,35.4425],[-117.8495,35.4424],[-117.8495,35.4423],[-117.8494,35.4423],[-117.8494,35.4422],[-117.8493,35.4422],[-117.8493,35.4421],[-117.8492,35.4421],[-117.8492,35.442],[-117.8491,35.442],[-117.8491,35.4419],[-117.849,35.4419],[-117.849,35.4418],[-117.8489,35.4418],[-117.8488,35.4417],[-117.8487,35.4416],[-117.8486,35.4415],[-117.8485,35.4414],[-117.8485,35.4413],[-117.8485,35.4412],[-117.8484,35.4411],[-117.8484,35.441],[-117.8483,35.4409],[-117.8483,35.4408],[-117.8484,35.4407],[-117.8484,35.4406],[-117.8484,35.4405],[-117.8484,35.4404],[-117.8484,35.4403],[-117.8484,35.4402],[-117.8484,35.4401],[-117.8484,35.44]]}},{"type":"Feature","properties":{"id":null,"name":null,"kind":"road","access":"green","seasonal":false},"geometry":{"type":"LineString","coordinates":[[-117.7062,35.4668],[-117.7063,35.4668],[-117.7063,35.4667],[-117.7064,35.4667],[-117.7064,35.4666],[-117.7065,35.4666],[-117.7065,35.4665],[-117.7066,35.4665],[-117.7066,35.4664],[-117.7067,35.4663],[-117.7067,35.4662],[-117.7068,35.4661],[-117.7068,35.466],[-117.7068,35.4659],[-117.7069,35.4659],[-117.7069,35.4658],[-117.7069,35.4657],[-117.7069,35.4656],[-117.7069,35.4655],[-117.707,35.4655],[-117.707,35.4654],[-117.707,35.4653],[-117.707,35.4652],[-117.707,35.4651],[-117.7071,35.4651],[-117.7071,35.465],[-117.7071,35.4649],[-117.7071,35.4648],[-117.7071,35.4647],[-117.7072,35.4647],[-117.7072,35.4646],[-117.7072,35.4645],[-117.7072,35.4644],[-117.7071,35.4644],[-117.7071,35.4643],[-117.7071,35.4642],[-117.7071,35.4641],[-117.7072,35.4641],[-117.7072,35.464],[-117.7072,35.4639],[-117.7073,35.4639],[-117.7073,35.4638],[-117.7074,35.4637],[-117.7075,35.4637],[-117.7076,35.4637],[-117.7077,35.4637],[-117.7078,35.4637],[-117.7079,35.4637],[-117.708,35.4637],[-117.708,35.4638],[-117.7081,35.4638],[-117.7082,35.4638],[-117.7082,35.4639],[-117.7083,35.4639],[-117.7084,35.4639],[-117.7084,35.464],[-117.7085,35.464],[-117.7085,35.4641],[-117.7086,35.4641],[-117.7087,35.4641],[-117.7088,35.4642],[-117.7089,35.4642],[-117.7089,35.4643],[-117.709,35.4643],[-117.7091,35.4643],[-117.7092,35.4643],[-117.7093,35.4643],[-117.7093,35.4644],[-117.7094,35.4644],[-117.7095,35.4644],[-117.7096,35.4644],[-117.7096,35.4645],[-117.7097,35.4645],[-117.7097,35.4646],[-117.7097,35.4647],[-117.7097,35.4648],[-117.7098,35.4648],[-117.7098,35.4649],[-117.7098,35.465],[-117.7098,35.4651],[-117.7099,35.4651],[-117.7099,35.4652],[-117.7099,35.4653],[-117.7099,35.4654],[-117.7099,35.4655],[-117.7098,35.4655],[-117.7098,35.4656],[-117.7097,35.4657],[-117.7097,35.4658],[-117.7096,35.4659],[-117.7096,35.466],[-117.7095,35.4661],[-117.7095,35.4662],[-117.7095,35.4663],[-117.7094,35.4664],[-117.7095,35.4664],[-117.7094,35.4664],[-117.7094,35.4665],[-117.7095,35.4665],[-117.7095,35.4666],[-117.7095,35.4667],[-117.7095,35.4668],[-117.7095,35.4669],[-117.7095,35.467],[-117.7094,35.467],[-117.7093,35.467],[-117.7093,35.4671],[-117.7092,35.4671],[-117.7091,35.4671],[-117.709,35.4672],[-117.7089,35.4672],[-117.7088,35.4672],[-117.7087,35.4673],[-117.7086,35.4673],[-117.7086,35.4674],[-117.7085,35.4674],[-117.7084,35.4674],[-117.7083,35.4674],[-117.7082,35.4674],[-117.7081,35.4674],[-117.708,35.4674],[-117.7079,35.4675],[-117.7078,35.4676]]}},{"type":"Feature","properties":{"id":null,"name":null,"kind":"road","access":"green","seasonal":false},"geometry":{"type":"LineString","coordinates":[[-117.9257,35.3474],[-117.9255,35.3472],[-117.9255,35.3471],[-117.9254,35.347],[-117.9253,35.3469],[-117.9253,35.3467],[-117.9251,35.3465],[-117.9251,35.3463],[-117.9249,35.3459]]}},{"type":"Feature","properties":{"id":null,"name":null,"kind":"road","access":"green","seasonal":false},"geometry":{"type":"LineString","coordinates":[[-117.7779,35.4472],[-117.7779,35.4473],[-117.778,35.4474],[-117.7781,35.4475],[-117.7782,35.4475],[-117.7783,35.4476],[-117.7784,35.4476],[-117.7784,35.4477],[-117.7785,35.4478],[-117.7786,35.4479],[-117.7787,35.448],[-117.7788,35.448],[-117.7788,35.4481],[-117.7789,35.4482],[-117.779,35.4483],[-117.7791,35.4483],[-117.7792,35.4484],[-117.7793,35.4485],[-117.7795,35.4485],[-117.7796,35.4486],[-117.7797,35.4487],[-117.7798,35.4488],[-117.7799,35.4488],[-117.7801,35.4489],[-117.7802,35.449],[-117.7803,35.449],[-117.7805,35.4491],[-117.7806,35.4491],[-117.7808,35.4492],[-117.7809,35.4493],[-117.781,35.4493],[-117.7812,35.4494],[-117.7813,35.4495],[-117.7814,35.4496],[-117.7815,35.4496],[-117.7816,35.4497],[-117.7818,35.4498],[-117.7819,35.4498],[-117.7821,35.4499],[-117.7822,35.4499],[-117.7824,35.4499],[-117.7825,35.45],[-117.7826,35.45],[-117.7828,35.4501],[-117.7829,35.4502],[-117.7831,35.4503],[-117.7832,35.4504],[-117.7833,35.4504],[-117.7835,35.4505],[-117.7836,35.4506],[-117.7837,35.4507],[-117.7839,35.4508],[-117.784,35.4508],[-117.7842,35.4509],[-117.7843,35.4509],[-117.7845,35.4509],[-117.7846,35.451],[-117.7847,35.4511],[-117.7848,35.4512],[-117.7849,35.4513],[-117.785,35.4514],[-117.7851,35.4514]]}},{"type":"Feature","properties":{"id":null,"name":null,"kind":"road","access":"green","seasonal":false},"geometry":{"type":"LineString","coordinates":[[-117.6522,35.4661],[-117.653,35.465],[-117.6533,35.4648],[-117.6539,35.4641],[-117.654,35.464],[-117.6543,35.4637],[-117.6547,35.4633],[-117.655,35.463]]}},{"type":"Feature","properties":{"id":null,"name":null,"kind":"road","access":"green","seasonal":false},"geometry":{"type":"LineString","coordinates":[[-117.848,35.4393],[-117.8481,35.4393],[-117.8482,35.4394],[-117.8483,35.4395],[-117.8483,35.4396],[-117.8483,35.4397],[-117.8484,35.4398],[-117.8484,35.4399],[-117.8484,35.44],[-117.8485,35.44],[-117.8486,35.44],[-117.8487,35.44],[-117.8487,35.4401],[-117.8488,35.4401],[-117.8488,35.4402],[-117.8489,35.4402],[-117.849,35.4402],[-117.8491,35.4402],[-117.8492,35.4402],[-117.8493,35.4402],[-117.8494,35.4402],[-117.8495,35.4402],[-117.8495,35.4403],[-117.8496,35.4403],[-117.8497,35.4403],[-117.8498,35.4403],[-117.8499,35.4403],[-117.85,35.4402],[-117.8501,35.4402],[-117.8502,35.4402],[-117.8503,35.4402],[-117.8504,35.4403],[-117.8505,35.4402],[-117.8506,35.4402],[-117.8507,35.4402],[-117.8508,35.4401],[-117.8509,35.4401],[-117.851,35.44],[-117.8511,35.44],[-117.8512,35.44],[-117.8513,35.44],[-117.8514,35.44],[-117.8515,35.44],[-117.8516,35.44],[-117.8517,35.44],[-117.8518,35.44],[-117.8519,35.44],[-117.852,35.44],[-117.8522,35.44],[-117.8523,35.44],[-117.8524,35.44],[-117.8525,35.44],[-117.8527,35.44],[-117.8528,35.4399],[-117.8529,35.4399],[-117.853,35.4399],[-117.8531,35.4399],[-117.8532,35.4399],[-117.8534,35.44],[-117.8535,35.4399],[-117.8536,35.4399],[-117.8537,35.4399],[-117.8538,35.4399],[-117.854,35.4398],[-117.8541,35.4398],[-117.8542,35.4397],[-117.8543,35.4396],[-117.8544,35.4396],[-117.8546,35.4395],[-117.8547,35.4394],[-117.8548,35.4394],[-117.8549,35.4393],[-117.855,35.4392],[-117.8551,35.4392],[-117.8552,35.4391],[-117.8553,35.4391],[-117.8554,35.439],[-117.8555,35.439],[-117.8556,35.4389],[-117.8557,35.4389],[-117.8559,35.4388],[-117.856,35.4388],[-117.8561,35.4388],[-117.8562,35.4388],[-117.8563,35.4388],[-117.8564,35.4388],[-117.8565,35.4388],[-117.8567,35.4388],[-117.8568,35.4387],[-117.8569,35.4387],[-117.857,35.4387],[-117.8572,35.4387],[-117.8572,35.4388],[-117.8573,35.4388],[-117.8574,35.4388],[-117.8575,35.4388],[-117.8576,35.4388],[-117.8577,35.4388],[-117.8578,35.4388],[-117.8579,35.4388],[-117.858,35.4388],[-117.8581,35.4387],[-117.8582,35.4387],[-117.8584,35.4387],[-117.8585,35.4387],[-117.8587,35.4387],[-117.8588,35.4387],[-117.859,35.4386],[-117.8591,35.4386],[-117.8592,35.4386],[-117.8594,35.4386],[-117.8595,35.4386],[-117.8596,35.4386],[-117.8597,35.4385],[-117.8598,35.4385]]}},{"type":"Feature","properties":{"id":null,"name":null,"kind":"road","access":"green","seasonal":false},"geometry":{"type":"LineString","coordinates":[[-117.6442,35.4818],[-117.6455,35.4817],[-117.6506,35.4816],[-117.6519,35.4815],[-117.6534,35.4815],[-117.6544,35.4814],[-117.6548,35.4815],[-117.6549,35.4817],[-117.6551,35.482],[-117.6553,35.4822],[-117.6556,35.4824],[-117.6559,35.4826]]}},{"type":"Feature","properties":{"id":"65040: BLACK MTN ROAD","name":"65040: BLACK MTN ROAD","kind":"road","access":"green","seasonal":false},"geometry":{"type":"LineString","coordinates":[[-117.9489,35.5009],[-117.9486,35.5006],[-117.9485,35.5005],[-117.9484,35.5003],[-117.9483,35.5002],[-117.9482,35.5],[-117.9481,35.4999],[-117.948,35.4998],[-117.9478,35.4996],[-117.9477,35.4994],[-117.9476,35.4993],[-117.9475,35.4992],[-117.9473,35.499],[-117.9472,35.4989],[-117.9471,35.4987],[-117.9469,35.4986],[-117.9468,35.4985],[-117.9467,35.4983],[-117.9466,35.4982],[-117.9465,35.4981],[-117.9464,35.498],[-117.9463,35.4978],[-117.9462,35.4977],[-117.9461,35.4976],[-117.946,35.4974],[-117.9459,35.4973],[-117.9458,35.4972],[-117.9457,35.4971],[-117.9455,35.497],[-117.9454,35.4969],[-117.9453,35.4968],[-117.9452,35.4966],[-117.945,35.4965],[-117.9449,35.4964],[-117.9448,35.4962],[-117.9446,35.4961],[-117.9445,35.4959],[-117.9444,35.4958],[-117.9444,35.4957],[-117.9442,35.4955],[-117.9441,35.4954],[-117.9439,35.4952],[-117.9438,35.4951],[-117.9436,35.4949],[-117.9435,35.4947],[-117.9433,35.4945],[-117.9432,35.4944],[-117.9431,35.4942],[-117.943,35.4941],[-117.9428,35.494],[-117.9428,35.4938],[-117.9427,35.4937],[-117.9426,35.4936],[-117.9424,35.4935],[-117.9423,35.4933],[-117.9422,35.4932],[-117.942,35.493],[-117.9419,35.4929],[-117.9418,35.4927],[-117.9416,35.4925],[-117.9415,35.4923],[-117.9413,35.4922],[-117.9412,35.492],[-117.9412,35.4919],[-117.9411,35.4917],[-117.941,35.4916],[-117.9409,35.4915],[-117.9408,35.4913],[-117.9407,35.4912],[-117.9405,35.4911],[-117.9404,35.491],[-117.9403,35.4908],[-117.9401,35.4907],[-117.9399,35.4905],[-117.9398,35.4904],[-117.9397,35.4902],[-117.9396,35.4901],[-117.9395,35.49],[-117.9394,35.4899],[-117.9393,35.4897],[-117.9392,35.4896],[-117.939,35.4895],[-117.9389,35.4893],[-117.9388,35.4892],[-117.9386,35.489],[-117.9385,35.4889],[-117.9383,35.4888],[-117.9382,35.4886],[-117.938,35.4885],[-117.9379,35.4883],[-117.9377,35.4882],[-117.9376,35.488],[-117.9376,35.4878],[-117.9375,35.4876],[-117.9374,35.4874],[-117.9373,35.4872],[-117.9371,35.487],[-117.9369,35.4868],[-117.9368,35.4867],[-117.9366,35.4865],[-117.9364,35.4863],[-117.9362,35.4861],[-117.936,35.4859],[-117.9358,35.4857],[-117.9356,35.4855],[-117.9355,35.4853],[-117.9353,35.4852],[-117.9352,35.485],[-117.9351,35.4849],[-117.9349,35.4847],[-117.9348,35.4845],[-117.9346,35.4844],[-117.9345,35.4842],[-117.9344,35.4841],[-117.9343,35.4839],[-117.9341,35.4838],[-117.934,35.4837],[-117.9339,35.4835],[-117.9338,35.4834],[-117.9337,35.4832],[-117.9335,35.483],[-117.9334,35.4828],[-117.9332,35.4827],[-117.9331,35.4825],[-117.933,35.4823],[-117.9328,35.4822],[-117.9327,35.482],[-117.9326,35.4819],[-117.9325,35.4817],[-117.9324,35.4816],[-117.9323,35.4815],[-117.9322,35.4813],[-117.9321,35.4812],[-117.932,35.4811],[-117.9318,35.4809],[-117.9317,35.4808],[-117.9316,35.4807],[-117.9315,35.4805],[-117.9313,35.4804],[-117.9312,35.4802],[-117.9311,35.48],[-117.931,35.4799],[-117.9309,35.4797],[-117.9308,35.4796],[-117.9307,35.4794],[-117.9305,35.4792],[-117.9304,35.4791],[-117.9303,35.4789],[-117.9302,35.4788],[-117.9301,35.4786],[-117.9299,35.4784],[-117.9298,35.4783],[-117.9297,35.4781],[-117.9296,35.4779],[-117.9296,35.4778],[-117.9295,35.4776],[-117.9294,35.4775],[-117.9292,35.4774],[-117.9291,35.4773],[-117.929,35.4771],[-117.9289,35.477],[-117.9287,35.4769],[-117.9286,35.4768],[-117.9285,35.4766],[-117.9284,35.4765],[-117.9283,35.4764],[-117.9282,35.4762],[-117.9281,35.4761],[-117.928,35.476],[-117.9279,35.4758],[-117.9278,35.4757],[-117.9277,35.4756],[-117.9275,35.4755],[-117.9273,35.4754],[-117.9271,35.4752],[-117.927,35.4751],[-117.9269,35.475],[-117.9268,35.4748],[-117.9267,35.4747],[-117.9266,35.4745],[-117.9265,35.4744],[-117.9264,35.4743],[-117.9262,35.4741],[-117.9261,35.474],[-117.9259,35.4738],[-117.9258,35.4736],[-117.9256,35.4734],[-117.9255,35.4732],[-117.9253,35.473],[-117.9251,35.4728],[-117.925,35.4726],[-117.9248,35.4723],[-117.9246,35.4721],[-117.9244,35.4719],[-117.9242,35.4717],[-117.9241,35.4715],[-117.9239,35.4712],[-117.9237,35.471],[-117.9235,35.4708],[-117.9234,35.4707],[-117.9233,35.4705],[-117.9232,35.4704],[-117.923,35.4703],[-117.9229,35.4702],[-117.9228,35.47],[-117.9227,35.4699],[-117.9225,35.4697],[-117.9224,35.4695],[-117.9223,35.4693],[-117.9221,35.4692],[-117.922,35.469],[-117.9219,35.4688],[-117.9217,35.4686],[-117.9216,35.4684],[-117.9214,35.4682],[-117.9213,35.468],[-117.9211,35.4678],[-117.9209,35.4676],[-117.9208,35.4674],[-117.9207,35.4672],[-117.9206,35.4671],[-117.9204,35.467],[-117.9203,35.4668],[-117.9202,35.4667],[-117.9201,35.4666],[-117.9201,35.4665],[-117.92,35.4665],[-117.9199,35.4663],[-117.9198,35.4662],[-117.9197,35.4661],[-117.9196,35.466],[-117.9195,35.4658],[-117.9194,35.4657],[-117.9193,35.4656],[-117.9191,35.4654],[-117.919,35.4653],[-117.9189,35.4651],[-117.9187,35.465],[-117.9186,35.4648],[-117.9185,35.4647],[-117.9183,35.4645],[-117.9182,35.4644],[-117.918,35.4642],[-117.9179,35.4641],[-117.9177,35.4639],[-117.9176,35.4638],[-117.9174,35.4636],[-117.9173,35.4634],[-117.9171,35.4633],[-117.917,35.4632],[-117.9169,35.4631],[-117.9167,35.4629],[-117.9166,35.4628],[-117.9164,35.4626],[-117.9163,35.4625],[-117.9161,35.4623],[-117.9159,35.4622],[-117.9157,35.462],[-117.9155,35.4619],[-117.9153,35.4617],[-117.9151,35.4615],[-117.9149,35.4613],[-117.9147,35.4611],[-117.9145,35.4609],[-117.9143,35.4607],[-117.914,35.4605],[-117.9138,35.4603],[-117.9137,35.4602],[-117.9136,35.4601],[-117.9134,35.4599],[-117.9132,35.4597],[-117.913,35.4595],[-117.9128,35.4594],[-117.9127,35.4592],[-117.9125,35.4591],[-117.9124,35.459],[-117.9123,35.4589],[-117.9121,35.4588],[-117.912,35.4586],[-117.9118,35.4585],[-117.9117,35.4584],[-117.9116,35.4583],[-117.9114,35.4582],[-117.9112,35.4582],[-117.911,35.4582],[-117.9108,35.4582],[-117.9106,35.4581],[-117.9103,35.4581],[-117.9101,35.458],[-117.91,35.4579],[-117.9099,35.4578],[-117.9097,35.4577],[-117.9096,35.4576],[-117.9094,35.4575],[-117.9093,35.4573],[-117.9092,35.4572],[-117.9091,35.4571],[-117.9089,35.457],[-117.9087,35.4569],[-117.9085,35.4568],[-117.9084,35.4567],[-117.9082,35.4566],[-117.9081,35.4565],[-117.9079,35.4564],[-117.9077,35.4563],[-117.9075,35.4562],[-117.9073,35.4561],[-117.9071,35.456],[-117.9069,35.456],[-117.9067,35.4559],[-117.9066,35.4559],[-117.9064,35.4558],[-117.9063,35.4557],[-117.9061,35.4556],[-117.906,35.4555],[-117.9058,35.4555],[-117.9056,35.4554],[-117.9054,35.4553],[-117.9052,35.4553],[-117.9051,35.4552],[-117.9049,35.4551],[-117.9048,35.455],[-117.9046,35.4548],[-117.9045,35.4547],[-117.9043,35.4546],[-117.9041,35.4545],[-117.9039,35.4544],[-117.9037,35.4543],[-117.9035,35.4543],[-117.9033,35.4542],[-117.9031,35.4541],[-117.9029,35.454],[-117.9028,35.4539],[-117.9026,35.4538],[-117.9025,35.4536],[-117.9024,35.4535],[-117.9022,35.4534],[-117.9021,35.4533],[-117.902,35.4532],[-117.9018,35.453],[-117.9017,35.4529],[-117.9016,35.4527],[-117.9014,35.4526],[-117.9013,35.4524],[-117.9012,35.4523],[-117.9011,35.4521],[-117.9009,35.4519],[-117.9008,35.4518],[-117.9007,35.4517],[-117.9005,35.4516],[-117.9003,35.4515],[-117.9002,35.4514],[-117.9,35.4514],[-117.8998,35.4514],[-117.8997,35.4514],[-117.8994,35.4514],[-117.8992,35.4514],[-117.899,35.4513],[-117.8988,35.4512],[-117.8986,35.4512],[-117.8984,35.4512],[-117.8983,35.4512],[-117.8981,35.4512],[-117.8979,35.4513],[-117.8977,35.4513],[-117.8975,35.4513],[-117.8973,35.4513],[-117.8972,35.4512],[-117.897,35.4511],[-117.8969,35.451],[-117.8968,35.4509],[-117.8966,35.4507],[-117.8965,35.4506],[-117.8963,35.4505],[-117.8962,35.4505],[-117.896,35.4504],[-117.8958,35.4503],[-117.8957,35.4502],[-117.8955,35.4501],[-117.8954,35.4499],[-117.8954,35.4498],[-117.8953,35.4496],[-117.8953,35.4494],[-117.8952,35.4493],[-117.8953,35.4491],[-117.8953,35.4489],[-117.8953,35.4487]]}},{"type":"Feature","properties":{"id":null,"name":null,"kind":"road","access":"green","seasonal":false},"geometry":{"type":"LineString","coordinates":[[-117.6314,35.3555],[-117.6311,35.3555],[-117.631,35.3555],[-117.6309,35.3556],[-117.6308,35.3556],[-117.6306,35.3557],[-117.6305,35.3557],[-117.6305,35.3558],[-117.6303,35.3559],[-117.6301,35.3559],[-117.63,35.3559],[-117.6299,35.3559]]}},{"type":"Feature","properties":{"id":null,"name":null,"kind":"road","access":"green","seasonal":false},"geometry":{"type":"LineString","coordinates":[[-117.6548,35.4815],[-117.6547,35.4812]]}},{"type":"Feature","properties":{"id":null,"name":null,"kind":"road","access":"green","seasonal":false},"geometry":{"type":"LineString","coordinates":[[-117.7468,35.4518],[-117.7469,35.4518],[-117.747,35.4518],[-117.7471,35.4518],[-117.7471,35.4517],[-117.7472,35.4517],[-117.7473,35.4517],[-117.7474,35.4517],[-117.7475,35.4517],[-117.7476,35.4517],[-117.7477,35.4517],[-117.7478,35.4517],[-117.7479,35.4517],[-117.748,35.4516],[-117.7481,35.4516],[-117.7482,35.4516],[-117.7483,35.4515],[-117.7484,35.4514],[-117.7485,35.4516],[-117.7486,35.4517],[-117.7487,35.4517],[-117.7488,35.4517],[-117.7489,35.4517],[-117.749,35.4517]]}},{"type":"Feature","properties":{"id":null,"name":null,"kind":"road","access":"green","seasonal":false},"geometry":{"type":"LineString","coordinates":[[-117.6758,35.3478],[-117.6758,35.3477],[-117.6758,35.3476],[-117.6758,35.3475],[-117.6757,35.3473],[-117.6756,35.347],[-117.6755,35.3468],[-117.6755,35.3467],[-117.6754,35.3466]]}},{"type":"Feature","properties":{"id":null,"name":null,"kind":"road","access":"green","seasonal":false},"geometry":{"type":"LineString","coordinates":[[-117.6816,35.3565],[-117.6817,35.3564],[-117.6817,35.3563],[-117.6817,35.3562],[-117.6817,35.356],[-117.6817,35.3559],[-117.6816,35.3559],[-117.6816,35.3558],[-117.6815,35.3558],[-117.6814,35.3557],[-117.6813,35.3556],[-117.6813,35.3555],[-117.6812,35.3554],[-117.6811,35.3552],[-117.681,35.3551],[-117.6809,35.355],[-117.6808,35.3548],[-117.6807,35.3547],[-117.6806,35.3547],[-117.6804,35.3546],[-117.6802,35.3546],[-117.6802,35.3545],[-117.6801,35.3545],[-117.68,35.3545],[-117.6799,35.3545],[-117.6797,35.3545],[-117.6796,35.3544],[-117.6795,35.3544],[-117.6794,35.3544],[-117.6792,35.3543],[-117.679,35.3542],[-117.6789,35.3542],[-117.6789,35.3541],[-117.6788,35.354],[-117.6787,35.354],[-117.6786,35.3539],[-117.6785,35.3539],[-117.6784,35.3537],[-117.6783,35.3536],[-117.6782,35.3534],[-117.6782,35.3532]]}},{"type":"Feature","properties":{"id":null,"name":null,"kind":"road","access":"green","seasonal":false},"geometry":{"type":"LineString","coordinates":[[-117.8008,35.4451],[-117.8008,35.4452],[-117.8007,35.4452],[-117.8006,35.4452],[-117.8005,35.4452],[-117.8004,35.4452],[-117.8003,35.4452],[-117.8002,35.4452],[-117.8001,35.4452],[-117.8,35.4452],[-117.7999,35.4452],[-117.7998,35.4453],[-117.7997,35.4453],[-117.7996,35.4453],[-117.7995,35.4453]]}},{"type":"Feature","properties":{"id":null,"name":null,"kind":"road","access":"green","seasonal":false},"geometry":{"type":"LineString","coordinates":[[-117.7741,35.4823],[-117.7741,35.4822],[-117.7741,35.4821],[-117.7741,35.482],[-117.7741,35.4819],[-117.7741,35.4818],[-117.7741,35.4817],[-117.7741,35.4816],[-117.7741,35.4815],[-117.7741,35.4814],[-117.774,35.4814],[-117.774,35.4813],[-117.774,35.4812],[-117.774,35.4811],[-117.7739,35.481],[-117.7739,35.4809],[-117.7739,35.4808],[-117.7738,35.4807],[-117.7738,35.4806],[-117.7737,35.4806],[-117.7737,35.4805],[-117.7736,35.4804],[-117.7736,35.4803],[-117.7735,35.4803],[-117.7734,35.4802],[-117.7733,35.4802],[-117.7733,35.4801],[-117.7732,35.4801],[-117.7732,35.48]]}},{"type":"Feature","properties":{"id":null,"name":null,"kind":"road","access":"green","seasonal":false},"geometry":{"type":"LineString","coordinates":[[-117.8871,35.4165],[-117.887,35.4166],[-117.8869,35.4167],[-117.8869,35.4168],[-117.8868,35.4168]]}},{"type":"Feature","properties":{"id":null,"name":null,"kind":"road","access":"green","seasonal":false},"geometry":{"type":"LineString","coordinates":[[-117.6479,35.3376],[-117.6481,35.3374],[-117.6483,35.3371],[-117.6485,35.3369],[-117.6486,35.3368],[-117.6488,35.3366],[-117.649,35.3364],[-117.6492,35.3362],[-117.6495,35.3358],[-117.6497,35.3355],[-117.65,35.3352],[-117.6504,35.3348],[-117.6507,35.3344],[-117.6509,35.3342],[-117.6511,35.3338],[-117.6512,35.3337],[-117.6515,35.3334],[-117.652,35.3329]]}},{"type":"Feature","properties":{"id":null,"name":null,"kind":"road","access":"green","seasonal":false},"geometry":{"type":"LineString","coordinates":[[-117.6737,35.482],[-117.6737,35.4821],[-117.6737,35.4822],[-117.6737,35.4823],[-117.6736,35.4823],[-117.6736,35.4824],[-117.6736,35.4825],[-117.6735,35.4826],[-117.6735,35.4827],[-117.6734,35.4828],[-117.6734,35.4829],[-117.6733,35.483],[-117.6732,35.4831],[-117.6731,35.4832],[-117.6731,35.4833],[-117.673,35.4833],[-117.673,35.4834],[-117.6729,35.4835],[-117.6728,35.4836],[-117.6727,35.4837],[-117.6726,35.4838],[-117.6725,35.4839],[-117.6724,35.4839],[-117.6724,35.484],[-117.6723,35.484],[-117.6723,35.4841],[-117.6722,35.4842],[-117.6722,35.4843],[-117.6721,35.4843],[-117.6721,35.4844],[-117.672,35.4845],[-117.6719,35.4846],[-117.6718,35.4847],[-117.6718,35.4848],[-117.6717,35.4849],[-117.6716,35.485],[-117.6715,35.4851],[-117.6715,35.4852],[-117.6715,35.4853],[-117.6714,35.4853],[-117.6714,35.4854],[-117.6714,35.4855],[-117.6713,35.4856],[-117.6712,35.4857],[-117.6711,35.4858],[-117.6711,35.4859],[-117.671,35.486],[-117.671,35.4861],[-117.671,35.4862],[-117.6709,35.4863],[-117.6709,35.4864],[-117.6708,35.4865],[-117.6708,35.4866],[-117.6707,35.4867],[-117.6707,35.4868],[-117.6707,35.4869],[-117.6706,35.487],[-117.6705,35.4871],[-117.6704,35.4872],[-117.6703,35.4873],[-117.6702,35.4874],[-117.6701,35.4875],[-117.6701,35.4876],[-117.67,35.4877],[-117.6699,35.4878],[-117.6699,35.4879],[-117.6698,35.4879],[-117.6698,35.488]]}},{"type":"Feature","properties":{"id":null,"name":null,"kind":"road","access":"green","seasonal":false},"geometry":{"type":"LineString","coordinates":[[-117.7801,35.4453],[-117.7802,35.4453],[-117.7803,35.4454],[-117.7805,35.4454],[-117.7806,35.4454],[-117.7807,35.4455],[-117.7808,35.4455],[-117.7809,35.4455],[-117.7811,35.4456],[-117.7812,35.4456],[-117.7813,35.4456],[-117.7815,35.4456],[-117.7816,35.4457],[-117.7817,35.4457],[-117.7818,35.4457],[-117.782,35.4457],[-117.7821,35.4458],[-117.7822,35.4458],[-117.7824,35.4459],[-117.7825,35.4459],[-117.7826,35.446],[-117.7828,35.446],[-117.7829,35.446],[-117.783,35.446],[-117.7832,35.446],[-117.7833,35.446],[-117.7834,35.4461],[-117.7836,35.4461],[-117.7837,35.4461],[-117.7838,35.4462],[-117.7839,35.4462],[-117.7841,35.4463],[-117.7842,35.4463],[-117.7843,35.4464],[-117.7845,35.4464],[-117.7846,35.4464],[-117.7846,35.4463],[-117.7847,35.4463],[-117.7848,35.4463],[-117.7849,35.4463],[-117.785,35.4463],[-117.7851,35.4463],[-117.7852,35.4463],[-117.7854,35.4463],[-117.7855,35.4463],[-117.7856,35.4463],[-117.7857,35.4463],[-117.7859,35.4463],[-117.786,35.4463],[-117.7861,35.4463],[-117.7862,35.4463],[-117.7864,35.4464],[-117.7865,35.4463],[-117.7867,35.4463],[-117.7868,35.4463],[-117.7869,35.4463],[-117.787,35.4463],[-117.7871,35.4462],[-117.7872,35.4463],[-117.7873,35.4463],[-117.7874,35.4463],[-117.7874,35.4464],[-117.7875,35.4464],[-117.7876,35.4463],[-117.7877,35.4463],[-117.7878,35.4463],[-117.7879,35.4463],[-117.788,35.4463],[-117.7881,35.4463],[-117.7883,35.4462],[-117.7884,35.4462],[-117.7885,35.4462],[-117.7886,35.4462],[-117.7888,35.4461],[-117.7889,35.4461],[-117.789,35.4461],[-117.7892,35.4461],[-117.7893,35.446],[-117.7894,35.446],[-117.7895,35.4459],[-117.7895,35.4458],[-117.7896,35.4457],[-117.7896,35.4456],[-117.7897,35.4455],[-117.7898,35.4455],[-117.7899,35.4454],[-117.7901,35.4454],[-117.7902,35.4454],[-117.7903,35.4454],[-117.7904,35.4453],[-117.7905,35.4453],[-117.7906,35.4452],[-117.7907,35.4451]]}},{"type":"Feature","properties":{"id":null,"name":null,"kind":"road","access":"green","seasonal":false},"geometry":{"type":"LineString","coordinates":[[-117.745,35.4258],[-117.7452,35.4261],[-117.7453,35.4262]]}},{"type":"Feature","properties":{"id":null,"name":null,"kind":"road","access":"green","seasonal":false},"geometry":{"type":"LineString","coordinates":[[-117.8042,35.4447],[-117.8043,35.4447],[-117.8044,35.4447],[-117.8045,35.4448],[-117.8046,35.4448],[-117.8048,35.4448],[-117.805,35.4448],[-117.8051,35.4448],[-117.8052,35.4448],[-117.8053,35.4448],[-117.8054,35.4448],[-117.8055,35.4448],[-117.8056,35.4448],[-117.8057,35.4448],[-117.8058,35.4449],[-117.806,35.4449],[-117.8061,35.445],[-117.8063,35.445],[-117.8065,35.445],[-117.8067,35.4451],[-117.8069,35.4451],[-117.807,35.4451],[-117.8072,35.4451],[-117.8073,35.4451],[-117.8074,35.4452],[-117.8075,35.4452],[-117.8075,35.4453],[-117.8076,35.4454],[-117.8077,35.4456],[-117.8079,35.4457],[-117.808,35.4457],[-117.808,35.4458],[-117.8081,35.4459],[-117.8082,35.446],[-117.8083,35.4461],[-117.8083,35.4462],[-117.8084,35.4462],[-117.8084,35.4463],[-117.8085,35.4464],[-117.8086,35.4464],[-117.8087,35.4464],[-117.8088,35.4465],[-117.8089,35.4466],[-117.8089,35.4467],[-117.809,35.4468],[-117.8091,35.4469],[-117.8092,35.4469],[-117.8093,35.4469],[-117.8095,35.447],[-117.8096,35.4471],[-117.8097,35.4472],[-117.8098,35.4473],[-117.8099,35.4474],[-117.81,35.4475],[-117.8101,35.4476],[-117.8102,35.4478],[-117.8102,35.4479],[-117.8101,35.448],[-117.8101,35.4481],[-117.81,35.4481],[-117.8098,35.4482],[-117.8096,35.4483],[-117.8094,35.4483],[-117.8093,35.4484],[-117.8091,35.4485],[-117.809,35.4485],[-117.8089,35.4486],[-117.8088,35.4487],[-117.8088,35.4488],[-117.8087,35.4488]]}},{"type":"Feature","properties":{"id":null,"name":null,"kind":"road","access":"green","seasonal":false},"geometry":{"type":"LineString","coordinates":[[-117.6509,35.4387],[-117.6509,35.4386],[-117.6507,35.4384],[-117.6507,35.4383],[-117.6507,35.4382]]}},{"type":"Feature","properties":{"id":null,"name":null,"kind":"road","access":"green","seasonal":false},"geometry":{"type":"LineString","coordinates":[[-117.8101,35.4481],[-117.8102,35.4481],[-117.8103,35.4481],[-117.8105,35.4481],[-117.8106,35.4481],[-117.8108,35.4481],[-117.8109,35.4481],[-117.8111,35.4481],[-117.8112,35.4481],[-117.8114,35.4481],[-117.8115,35.4482],[-117.8117,35.4483],[-117.8118,35.4483],[-117.812,35.4484],[-117.8121,35.4485],[-117.8122,35.4485],[-117.8123,35.4484],[-117.8124,35.4484],[-117.8125,35.4484]]}},{"type":"Feature","properties":{"id":null,"name":null,"kind":"road","access":"green","seasonal":false},"geometry":{"type":"LineString","coordinates":[[-117.6586,35.4558],[-117.6585,35.4558],[-117.6584,35.4558],[-117.6583,35.4558],[-117.6582,35.4558],[-117.6581,35.4558],[-117.6579,35.4558],[-117.6578,35.4558],[-117.6577,35.4558],[-117.6576,35.4558],[-117.6575,35.4557],[-117.6573,35.4557],[-117.6572,35.4557],[-117.6571,35.4557],[-117.6571,35.4556],[-117.657,35.4556],[-117.6569,35.4556],[-117.6568,35.4556],[-117.6567,35.4556],[-117.6566,35.4556],[-117.6565,35.4556],[-117.6565,35.4557],[-117.6564,35.4557],[-117.6562,35.4557],[-117.6561,35.4557],[-117.656,35.4558],[-117.6559,35.4558],[-117.6558,35.4559],[-117.6557,35.4559],[-117.6556,35.456],[-117.6555,35.456],[-117.6554,35.4561],[-117.6553,35.4561],[-117.6553,35.4562],[-117.6552,35.4562],[-117.6551,35.4563],[-117.655,35.4563],[-117.655,35.4564],[-117.6549,35.4564],[-117.6549,35.4565],[-117.6548,35.4565],[-117.6548,35.4566],[-117.6546,35.4567]]}},{"type":"Feature","properties":{"id":null,"name":null,"kind":"road","access":"green","seasonal":false},"geometry":{"type":"LineString","coordinates":[[-117.7882,35.4426],[-117.7883,35.4426],[-117.7883,35.4425],[-117.7884,35.4425],[-117.7885,35.4425],[-117.7886,35.4424],[-117.7887,35.4424],[-117.7888,35.4424],[-117.7889,35.4423],[-117.789,35.4423],[-117.7891,35.4423],[-117.7891,35.4422],[-117.7892,35.4422],[-117.7893,35.4422],[-117.7894,35.4421]]}},{"type":"Feature","properties":{"id":null,"name":null,"kind":"road","access":"green","seasonal":false},"geometry":{"type":"LineString","coordinates":[[-117.7731,35.4624],[-117.7732,35.4624],[-117.7733,35.4624],[-117.7733,35.4625],[-117.7734,35.4625],[-117.7735,35.4625],[-117.7736,35.4625],[-117.7737,35.4625],[-117.7737,35.4626],[-117.7738,35.4626],[-117.7738,35.4627],[-117.7739,35.4627],[-117.7739,35.4628],[-117.774,35.4628],[-117.7741,35.4628],[-117.7742,35.4628],[-117.7742,35.4629],[-117.7743,35.4629],[-117.7744,35.4629],[-117.7745,35.4629],[-117.7746,35.463],[-117.7747,35.463],[-117.7748,35.463],[-117.7749,35.463],[-117.775,35.4631],[-117.7751,35.4631],[-117.7752,35.4632],[-117.7753,35.4632],[-117.7754,35.4632],[-117.7755,35.4632],[-117.7756,35.4632],[-117.7757,35.4632],[-117.7758,35.4632],[-117.7759,35.4632],[-117.776,35.4632],[-117.7761,35.4633],[-117.7762,35.4633],[-117.7763,35.4633],[-117.7764,35.4633],[-117.7765,35.4633],[-117.7766,35.4633],[-117.7766,35.4632],[-117.7767,35.4632],[-117.7768,35.4632],[-117.7769,35.4632],[-117.7769,35.4631],[-117.777,35.4631],[-117.7771,35.4631],[-117.7773,35.463],[-117.7774,35.4629],[-117.7775,35.4629],[-117.7775,35.4628]]}},{"type":"Feature","properties":{"id":null,"name":null,"kind":"road","access":"green","seasonal":false},"geometry":{"type":"LineString","coordinates":[[-117.6509,35.4387],[-117.6509,35.4388],[-117.6506,35.4388],[-117.6502,35.4389],[-117.65,35.439],[-117.6499,35.4391],[-117.6498,35.4392],[-117.6497,35.4394],[-117.6496,35.4395],[-117.6494,35.4397],[-117.6491,35.4399],[-117.6489,35.44],[-117.6487,35.44],[-117.6485,35.44],[-117.6482,35.4399],[-117.648,35.4399],[-117.6478,35.4398],[-117.6475,35.4399],[-117.6473,35.44],[-117.6471,35.44],[-117.6469,35.4399],[-117.6468,35.4399],[-117.6464,35.4399],[-117.6462,35.4399],[-117.6461,35.4399],[-117.6461,35.44],[-117.6461,35.4401],[-117.6461,35.4402],[-117.6461,35.4403],[-117.6461,35.4404],[-117.6462,35.4406],[-117.6464,35.4407],[-117.6466,35.4408],[-117.6466,35.4409]]}},{"type":"Feature","properties":{"id":null,"name":null,"kind":"road","access":"green","seasonal":false},"geometry":{"type":"LineString","coordinates":[[-117.7471,35.4536],[-117.7471,35.4537],[-117.747,35.4537],[-117.747,35.4538],[-117.747,35.4539],[-117.747,35.454],[-117.7469,35.4541],[-117.7469,35.4542],[-117.7468,35.4543],[-117.7467,35.4543],[-117.7467,35.4544],[-117.7466,35.4545],[-117.7465,35.4545],[-117.7465,35.4546]]}},{"type":"Feature","properties":{"id":null,"name":null,"kind":"road","access":"green","seasonal":false},"geometry":{"type":"LineString","coordinates":[[-117.768,35.4542],[-117.7681,35.4542],[-117.7682,35.4542],[-117.7683,35.4543],[-117.7685,35.4543],[-117.7686,35.4543],[-117.7687,35.4543],[-117.7688,35.4543],[-117.7689,35.4543],[-117.769,35.4543],[-117.7691,35.4543],[-117.7692,35.4543],[-117.7693,35.4543],[-117.7694,35.4543],[-117.7694,35.4542],[-117.7695,35.4542],[-117.7695,35.4541],[-117.7696,35.454],[-117.7696,35.4539],[-117.7695,35.4538],[-117.7694,35.4537],[-117.7694,35.4536],[-117.7693,35.4536],[-117.7693,35.4535],[-117.7693,35.4534],[-117.7694,35.4534],[-117.7695,35.4535],[-117.7696,35.4536],[-117.7697,35.4536],[-117.7698,35.4537],[-117.7699,35.4538],[-117.77,35.4538],[-117.7701,35.4538],[-117.7702,35.4539],[-117.7703,35.4539],[-117.7704,35.4538],[-117.7705,35.4538],[-117.7706,35.4538],[-117.7707,35.4538],[-117.7708,35.4538],[-117.7709,35.4538],[-117.771,35.4538],[-117.7711,35.4538],[-117.7712,35.4538],[-117.7713,35.4538],[-117.7714,35.4538],[-117.7715,35.4538],[-117.7716,35.4539],[-117.7717,35.4539],[-117.7718,35.454],[-117.7719,35.454],[-117.7719,35.4541],[-117.772,35.4541],[-117.7721,35.4542],[-117.7722,35.4542],[-117.7723,35.4543],[-117.7724,35.4544],[-117.7725,35.4544],[-117.7726,35.4545],[-117.7727,35.4545],[-117.7728,35.4545],[-117.7729,35.4545],[-117.773,35.4545],[-117.7732,35.4544],[-117.7733,35.4544],[-117.7734,35.4544],[-117.7735,35.4544],[-117.7736,35.4544],[-117.7737,35.4544],[-117.7738,35.4544],[-117.7739,35.4544],[-117.774,35.4544],[-117.7741,35.4544],[-117.7742,35.4544],[-117.7742,35.4543],[-117.7743,35.4543],[-117.7743,35.4542],[-117.7744,35.4542],[-117.7745,35.4541],[-117.7745,35.454],[-117.7745,35.4539],[-117.7746,35.4539],[-117.7746,35.4538],[-117.7746,35.4537]]}},{"type":"Feature","properties":{"id":null,"name":null,"kind":"road","access":"green","seasonal":false},"geometry":{"type":"LineString","coordinates":[[-117.7779,35.4472],[-117.7778,35.4472],[-117.7779,35.4471],[-117.7779,35.447],[-117.7779,35.4469],[-117.7779,35.4468],[-117.778,35.4467],[-117.7781,35.4466],[-117.7782,35.4465],[-117.7783,35.4464],[-117.7784,35.4464],[-117.7785,35.4463],[-117.7786,35.4462],[-117.7787,35.4462],[-117.7788,35.4461],[-117.7789,35.446],[-117.779,35.446],[-117.7792,35.446],[-117.7793,35.446],[-117.7794,35.446],[-117.7796,35.4459],[-117.7797,35.4459],[-117.7798,35.4458],[-117.7799,35.4457],[-117.7799,35.4456],[-117.78,35.4456],[-117.78,35.4455],[-117.7801,35.4454],[-117.7801,35.4453]]}},{"type":"Feature","properties":{"id":null,"name":null,"kind":"road","access":"green","seasonal":false},"geometry":{"type":"LineString","coordinates":[[-117.737,35.4279],[-117.737,35.428],[-117.7369,35.428],[-117.7369,35.4281],[-117.7368,35.4281],[-117.7367,35.4281],[-117.7367,35.4282],[-117.7366,35.4282],[-117.7365,35.4282],[-117.7364,35.4282],[-117.7363,35.4282],[-117.7362,35.4282],[-117.7361,35.4282],[-117.736,35.4283],[-117.7359,35.4283],[-117.7358,35.4283],[-117.7358,35.4284],[-117.7357,35.4284],[-117.7357,35.4285],[-117.7357,35.4286],[-117.7356,35.4286],[-117.7356,35.4287],[-117.7355,35.4287],[-117.7355,35.4288],[-117.7354,35.4288],[-117.7354,35.4289],[-117.7353,35.4289],[-117.7352,35.4289],[-117.7352,35.429],[-117.7351,35.429],[-117.735,35.429],[-117.7349,35.429],[-117.7348,35.429],[-117.7347,35.429],[-117.7346,35.429],[-117.7345,35.429],[-117.7345,35.4289],[-117.7344,35.4289],[-117.7343,35.4288],[-117.7342,35.4288],[-117.7342,35.4287],[-117.7341,35.4287],[-117.734,35.4287],[-117.7339,35.4286],[-117.7338,35.4286],[-117.7337,35.4286],[-117.7336,35.4287],[-117.7335,35.4287],[-117.7334,35.4287],[-117.7333,35.4287],[-117.7332,35.4287],[-117.7331,35.4287],[-117.733,35.4287],[-117.7329,35.4287],[-117.7328,35.4287],[-117.7327,35.4287],[-117.7326,35.4288],[-117.7325,35.4288],[-117.7324,35.4288],[-117.7323,35.4288],[-117.7322,35.4288],[-117.7321,35.4288],[-117.732,35.4288],[-117.7319,35.4288],[-117.7318,35.4288],[-117.7317,35.4288],[-117.7316,35.4289],[-117.7315,35.4289],[-117.7314,35.4289],[-117.7313,35.4289],[-117.7312,35.4289],[-117.7311,35.4289],[-117.731,35.4289],[-117.7309,35.4289],[-117.7308,35.4289],[-117.7307,35.4289],[-117.7306,35.429],[-117.7305,35.429],[-117.7304,35.429],[-117.7303,35.429],[-117.7302,35.429],[-117.7301,35.4291],[-117.73,35.4291],[-117.7299,35.4291],[-117.7298,35.4291],[-117.7298,35.4292],[-117.7297,35.4292],[-117.7296,35.4292],[-117.7295,35.4292],[-117.7294,35.4293],[-117.7293,35.4293],[-117.7292,35.4293],[-117.7291,35.4294],[-117.729,35.4294],[-117.7289,35.4294],[-117.7288,35.4294],[-117.7287,35.4294],[-117.7286,35.4294],[-117.7285,35.4293]]}},{"type":"Feature","properties":{"id":null,"name":null,"kind":"road","access":"green","seasonal":false},"geometry":{"type":"LineString","coordinates":[[-117.8039,35.4996],[-117.8039,35.4995],[-117.804,35.4995],[-117.804,35.4994],[-117.804,35.4993],[-117.8041,35.4992],[-117.8041,35.4991],[-117.8041,35.499],[-117.8041,35.4989],[-117.8042,35.4988],[-117.8043,35.4987],[-117.8044,35.4987],[-117.8044,35.4986],[-117.8045,35.4985],[-117.8045,35.4984],[-117.8046,35.4984],[-117.8046,35.4983],[-117.8045,35.4983],[-117.8045,35.4982],[-117.8045,35.4981],[-117.8045,35.498],[-117.8045,35.4979],[-117.8045,35.4978],[-117.8044,35.4978],[-117.8044,35.4977],[-117.8044,35.4976],[-117.8045,35.4975],[-117.8046,35.4973],[-117.8046,35.4972],[-117.8047,35.4971],[-117.8047,35.497],[-117.8048,35.497],[-117.8048,35.4969],[-117.8049,35.4969],[-117.8049,35.4968],[-117.8049,35.4967],[-117.805,35.4967],[-117.805,35.4966],[-117.805,35.4965],[-117.805,35.4964],[-117.805,35.4963],[-117.805,35.4962],[-117.805,35.4961],[-117.805,35.496],[-117.8049,35.496],[-117.8049,35.4959],[-117.8049,35.4958],[-117.805,35.4957],[-117.805,35.4956],[-117.805,35.4955],[-117.805,35.4954],[-117.8049,35.4954],[-117.8049,35.4953],[-117.8048,35.4953],[-117.8049,35.4952],[-117.8049,35.4951],[-117.805,35.495],[-117.805,35.4949],[-117.8051,35.4948],[-117.8051,35.4947],[-117.8052,35.4946],[-117.8053,35.4945],[-117.8053,35.4944],[-117.8053,35.4943],[-117.8054,35.4942],[-117.8054,35.4941],[-117.8054,35.494],[-117.8054,35.4939],[-117.8054,35.4938],[-117.8054,35.4937],[-117.8054,35.4936],[-117.8055,35.4936],[-117.8055,35.4935],[-117.8055,35.4934],[-117.8055,35.4933],[-117.8056,35.4932],[-117.8056,35.4931],[-117.8057,35.4931],[-117.8057,35.493],[-117.8057,35.4929],[-117.8057,35.4928],[-117.8056,35.4928],[-117.8056,35.4927],[-117.8056,35.4926],[-117.8057,35.4925],[-117.8057,35.4924],[-117.8057,35.4923],[-117.8058,35.4922],[-117.8059,35.4922],[-117.8059,35.4921],[-117.806,35.4921],[-117.8061,35.492],[-117.8061,35.4919],[-117.8062,35.4919],[-117.8063,35.4918],[-117.8064,35.4917],[-117.8064,35.4916],[-117.8065,35.4915],[-117.8065,35.4914],[-117.8066,35.4914],[-117.8067,35.4913],[-117.8067,35.4912],[-117.8067,35.4911],[-117.8067,35.491],[-117.8067,35.4909],[-117.8067,35.4908],[-117.8068,35.4907],[-117.8068,35.4906],[-117.8068,35.4905],[-117.8068,35.4904],[-117.8068,35.4903],[-117.8069,35.4902],[-117.807,35.4901],[-117.807,35.49],[-117.807,35.4899],[-117.807,35.4898],[-117.8071,35.4898],[-117.8071,35.4897],[-117.8071,35.4896],[-117.807,35.4896],[-117.807,35.4895],[-117.807,35.4894],[-117.807,35.4893],[-117.807,35.4892],[-117.8069,35.4891],[-117.8069,35.489],[-117.8069,35.4889],[-117.8069,35.4888],[-117.8069,35.4887],[-117.8069,35.4886],[-117.8069,35.4885],[-117.8069,35.4884],[-117.8069,35.4883],[-117.8069,35.4882],[-117.8069,35.4881],[-117.8069,35.488],[-117.8068,35.4879],[-117.8068,35.4878],[-117.8068,35.4877],[-117.8068,35.4876],[-117.8068,35.4875],[-117.8067,35.4874],[-117.8067,35.4873],[-117.8067,35.4872],[-117.8067,35.4871],[-117.8068,35.4871],[-117.8068,35.487],[-117.8069,35.4869],[-117.807,35.4868],[-117.807,35.4867],[-117.807,35.4866],[-117.807,35.4865],[-117.807,35.4864],[-117.8071,35.4863],[-117.8071,35.4862],[-117.8072,35.4862],[-117.8073,35.4861],[-117.8074,35.486],[-117.8075,35.486],[-117.8076,35.4859],[-117.8077,35.4858],[-117.8078,35.4858],[-117.8078,35.4857],[-117.8079,35.4857],[-117.808,35.4856],[-117.8081,35.4856],[-117.8082,35.4855],[-117.8083,35.4854],[-117.8083,35.4853],[-117.8083,35.4852],[-117.8082,35.4851],[-117.8083,35.485],[-117.8083,35.4849],[-117.8083,35.4848],[-117.8083,35.4847],[-117.8083,35.4846],[-117.8083,35.4845],[-117.8083,35.4844],[-117.8083,35.4843],[-117.8083,35.4842],[-117.8083,35.4841],[-117.8082,35.4841],[-117.8082,35.484],[-117.8081,35.484],[-117.808,35.484],[-117.808,35.4839],[-117.8079,35.4839],[-117.8078,35.4838],[-117.8077,35.4838],[-117.8076,35.4837],[-117.8075,35.4837],[-117.8074,35.4836],[-117.8073,35.4836],[-117.8072,35.4836],[-117.8071,35.4836],[-117.8071,35.4835],[-117.807,35.4835],[-117.8069,35.4835],[-117.8068,35.4835],[-117.8068,35.4834],[-117.8067,35.4833],[-117.8066,35.4833],[-117.8065,35.4832],[-117.8064,35.4832],[-117.8062,35.4832],[-117.8061,35.4831],[-117.806,35.4831],[-117.8059,35.4831],[-117.8058,35.483],[-117.8057,35.483],[-117.8056,35.4829],[-117.8055,35.4829],[-117.8054,35.4828],[-117.8053,35.4828],[-117.8052,35.4828],[-117.8052,35.4827],[-117.8052,35.4826],[-117.8051,35.4826]]}},{"type":"Feature","properties":{"id":null,"name":null,"kind":"road","access":"green","seasonal":false},"geometry":{"type":"LineString","coordinates":[[-117.8,35.4402],[-117.7999,35.4402],[-117.7999,35.4401],[-117.7998,35.44],[-117.7997,35.4399],[-117.7996,35.4398],[-117.7995,35.4397],[-117.7994,35.4397],[-117.7993,35.4397],[-117.7992,35.4397],[-117.7991,35.4397],[-117.799,35.4397],[-117.7989,35.4397],[-117.7988,35.4397],[-117.7987,35.4396],[-117.7986,35.4395],[-117.7985,35.4395],[-117.7985,35.4394],[-117.7984,35.4394],[-117.7983,35.4393],[-117.7982,35.4393],[-117.7981,35.4392],[-117.798,35.4392],[-117.7979,35.4392],[-117.7978,35.4392],[-117.7977,35.4391],[-117.7976,35.4391],[-117.7976,35.439],[-117.7975,35.439],[-117.7974,35.4389],[-117.7973,35.4389],[-117.7973,35.4388],[-117.7972,35.4388],[-117.7972,35.4387],[-117.7971,35.4387],[-117.797,35.4386],[-117.7969,35.4385],[-117.7968,35.4384],[-117.7967,35.4383],[-117.7966,35.4383],[-117.7965,35.4382],[-117.7964,35.4382],[-117.7964,35.4381],[-117.7963,35.4381],[-117.7962,35.4381],[-117.7961,35.438],[-117.796,35.438],[-117.7959,35.4379],[-117.7958,35.4379],[-117.7957,35.4379],[-117.7956,35.4379],[-117.7955,35.4379],[-117.7954,35.4379],[-117.7953,35.4379],[-117.7952,35.4379],[-117.7951,35.4379],[-117.795,35.4378],[-117.7949,35.4378],[-117.7948,35.4379],[-117.7947,35.4379],[-117.7946,35.4379],[-117.7945,35.4379],[-117.7944,35.4379],[-117.7943,35.4379],[-117.7943,35.438],[-117.7942,35.438],[-117.7941,35.438],[-117.794,35.438],[-117.7939,35.438],[-117.7938,35.438],[-117.7937,35.438],[-117.7936,35.438],[-117.7936,35.4381],[-117.7935,35.4381],[-117.7935,35.4382],[-117.7934,35.4382]]}},{"type":"Feature","properties":{"id":null,"name":null,"kind":"road","access":"green","seasonal":false},"geometry":{"type":"LineString","coordinates":[[-117.7444,35.4252],[-117.7445,35.4253],[-117.7446,35.4253],[-117.7446,35.4254],[-117.7447,35.4254],[-117.7447,35.4255],[-117.7448,35.4255],[-117.7448,35.4256],[-117.7449,35.4256],[-117.7449,35.4257],[-117.745,35.4258],[-117.745,35.4259],[-117.745,35.426],[-117.7451,35.426],[-117.7451,35.4261],[-117.7451,35.4262],[-117.745,35.4263],[-117.745,35.4264],[-117.745,35.4265],[-117.7449,35.4265],[-117.7449,35.4266],[-117.7449,35.4267],[-117.7449,35.4268],[-117.7449,35.4269],[-117.7449,35.427],[-117.7449,35.4271],[-117.7449,35.4272],[-117.7449,35.4273],[-117.7449,35.4274],[-117.7449,35.4275],[-117.7449,35.4276],[-117.7449,35.4277],[-117.745,35.4278],[-117.745,35.4279],[-117.745,35.428],[-117.745,35.4281],[-117.7451,35.4282],[-117.7451,35.4283],[-117.7451,35.4284],[-117.7451,35.4285],[-117.7451,35.4286],[-117.7451,35.4287],[-117.7451,35.4288],[-117.7452,35.4289],[-117.7452,35.429],[-117.7452,35.4292],[-117.7452,35.4293],[-117.7451,35.4294],[-117.7451,35.4295],[-117.7451,35.4296],[-117.7451,35.4297],[-117.7451,35.4298],[-117.7451,35.4299],[-117.7451,35.43],[-117.7451,35.4301],[-117.7451,35.4302],[-117.7452,35.4303],[-117.7452,35.4304],[-117.7452,35.4305],[-117.7452,35.4306],[-117.7452,35.4307],[-117.7452,35.4308],[-117.7452,35.4309],[-117.7452,35.431],[-117.7453,35.431],[-117.7453,35.4311],[-117.7453,35.4312],[-117.7454,35.4312],[-117.7454,35.4313],[-117.7455,35.4314],[-117.7456,35.4315],[-117.7456,35.4316],[-117.7457,35.4316],[-117.7457,35.4317],[-117.7458,35.4317],[-117.7458,35.4318],[-117.7459,35.4318],[-117.7459,35.4319],[-117.746,35.432],[-117.7461,35.4321],[-117.7461,35.4322]]}},{"type":"Feature","properties":{"id":null,"name":null,"kind":"road","access":"green","seasonal":false},"geometry":{"type":"LineString","coordinates":[[-117.7535,35.4631],[-117.7535,35.463],[-117.7535,35.4629],[-117.7534,35.4628],[-117.7533,35.4628],[-117.7532,35.4628],[-117.7531,35.4627],[-117.7529,35.4627],[-117.7528,35.4626],[-117.7527,35.4626],[-117.7526,35.4625],[-117.7525,35.4625],[-117.7524,35.4624],[-117.7523,35.4624],[-117.7523,35.4623],[-117.7522,35.4623],[-117.752,35.4622],[-117.7519,35.4621],[-117.7518,35.4621],[-117.7516,35.462],[-117.7515,35.462],[-117.7513,35.462],[-117.7512,35.4619],[-117.7511,35.4618],[-117.751,35.4617],[-117.7508,35.4617],[-117.7507,35.4617],[-117.7505,35.4617],[-117.7504,35.4618],[-117.7502,35.4618],[-117.7501,35.4619],[-117.75,35.462],[-117.7499,35.462]]}},{"type":"Feature","properties":{"id":null,"name":null,"kind":"road","access":"green","seasonal":false},"geometry":{"type":"LineString","coordinates":[[-117.725,35.431],[-117.7251,35.431],[-117.7252,35.431],[-117.7253,35.431],[-117.7254,35.431],[-117.7254,35.4309],[-117.7255,35.4309],[-117.7256,35.4309],[-117.7256,35.4308],[-117.7257,35.4308],[-117.7258,35.4308]]}},{"type":"Feature","properties":{"id":null,"name":null,"kind":"road","access":"green","seasonal":false},"geometry":{"type":"LineString","coordinates":[[-117.6538,35.4575],[-117.6537,35.4573]]}},{"type":"Feature","properties":{"id":null,"name":null,"kind":"road","access":"green","seasonal":false},"geometry":{"type":"LineString","coordinates":[[-117.8214,35.4404],[-117.8213,35.4404],[-117.8212,35.4404],[-117.8211,35.4404],[-117.821,35.4403],[-117.8209,35.4403],[-117.8208,35.4403],[-117.8207,35.4403],[-117.8206,35.4403],[-117.8205,35.4403],[-117.8204,35.4403],[-117.8203,35.4402],[-117.8201,35.4402],[-117.82,35.4402],[-117.8199,35.4402],[-117.8198,35.4402],[-117.8197,35.4402],[-117.8196,35.4402],[-117.8195,35.4402],[-117.8194,35.4402],[-117.8193,35.4402],[-117.8192,35.4402],[-117.8191,35.4402],[-117.819,35.4402]]}},{"type":"Feature","properties":{"id":null,"name":null,"kind":"road","access":"green","seasonal":false},"geometry":{"type":"LineString","coordinates":[[-117.6702,35.4366],[-117.6702,35.4365],[-117.6701,35.4364]]}},{"type":"Feature","properties":{"id":null,"name":null,"kind":"road","access":"green","seasonal":false},"geometry":{"type":"LineString","coordinates":[[-117.7537,35.4638],[-117.7536,35.4637],[-117.7536,35.4636],[-117.7536,35.4635],[-117.7536,35.4634],[-117.7535,35.4633],[-117.7535,35.4632],[-117.7535,35.4631]]}},{"type":"Feature","properties":{"id":null,"name":null,"kind":"road","access":"green","seasonal":false},"geometry":{"type":"LineString","coordinates":[[-117.9282,35.3536],[-117.9283,35.3537],[-117.9285,35.3539],[-117.9288,35.3542],[-117.929,35.3544],[-117.9294,35.3548],[-117.9298,35.3551],[-117.9301,35.3554],[-117.9306,35.3558],[-117.9308,35.356],[-117.931,35.3561],[-117.9311,35.3562],[-117.9315,35.3565],[-117.9318,35.3568],[-117.932,35.3569],[-117.9324,35.3572],[-117.9329,35.3575],[-117.9329,35.3576]]}},{"type":"Feature","properties":{"id":null,"name":null,"kind":"road","access":"green","seasonal":false},"geometry":{"type":"LineString","coordinates":[[-117.9028,35.4539],[-117.9028,35.4538],[-117.9028,35.4537]]}},{"type":"Feature","properties":{"id":null,"name":null,"kind":"road","access":"green","seasonal":false},"geometry":{"type":"LineString","coordinates":[[-117.7215,35.4704],[-117.7216,35.4704],[-117.7217,35.4703],[-117.7218,35.4702],[-117.7219,35.4702],[-117.7219,35.4701],[-117.722,35.4701],[-117.7221,35.4701],[-117.7221,35.47],[-117.7222,35.4699],[-117.7223,35.4699],[-117.7224,35.4699],[-117.7224,35.4698],[-117.7225,35.4698],[-117.7226,35.4697],[-117.7227,35.4696],[-117.7228,35.4696],[-117.7229,35.4695],[-117.723,35.4694],[-117.7231,35.4694],[-117.7231,35.4693],[-117.7232,35.4693],[-117.7232,35.4692]]}},{"type":"Feature","properties":{"id":null,"name":null,"kind":"road","access":"green","seasonal":false},"geometry":{"type":"LineString","coordinates":[[-117.831,35.4464],[-117.8311,35.4465],[-117.8311,35.4466],[-117.8312,35.4467],[-117.8312,35.4468],[-117.8312,35.4469],[-117.8312,35.447],[-117.8312,35.4471],[-117.8312,35.4472],[-117.8311,35.4472],[-117.8311,35.4473],[-117.8311,35.4474],[-117.8312,35.4475],[-117.8312,35.4476],[-117.8313,35.4476],[-117.8313,35.4477],[-117.8313,35.4478],[-117.8313,35.4479],[-117.8314,35.448],[-117.8314,35.4481]]}},{"type":"Feature","properties":{"id":null,"name":null,"kind":"road","access":"green","seasonal":false},"geometry":{"type":"LineString","coordinates":[[-117.6312,35.3689],[-117.6312,35.3691],[-117.6312,35.3692],[-117.6313,35.3693],[-117.6313,35.3694],[-117.6313,35.3695]]}},{"type":"Feature","properties":{"id":null,"name":null,"kind":"road","access":"green","seasonal":false},"geometry":{"type":"LineString","coordinates":[[-117.7331,35.4328],[-117.7331,35.4329],[-117.7331,35.433],[-117.7331,35.4331],[-117.7332,35.4331],[-117.7332,35.4332],[-117.7332,35.4333],[-117.7333,35.4334],[-117.7333,35.4335],[-117.7333,35.4336],[-117.7334,35.4336],[-117.7334,35.4337],[-117.7335,35.4337],[-117.7335,35.4338],[-117.7335,35.4339],[-117.7335,35.434],[-117.7336,35.4341],[-117.7336,35.4342],[-117.7336,35.4343]]}},{"type":"Feature","properties":{"id":null,"name":null,"kind":"road","access":"green","seasonal":false},"geometry":{"type":"LineString","coordinates":[[-117.7572,35.4644],[-117.7573,35.4643],[-117.7574,35.4643],[-117.7575,35.4643],[-117.7575,35.4642],[-117.7576,35.4642],[-117.7577,35.4641],[-117.7578,35.4641],[-117.7579,35.464],[-117.758,35.464],[-117.7581,35.464],[-117.7582,35.464],[-117.7583,35.464],[-117.7584,35.464],[-117.7585,35.4639],[-117.7586,35.4639],[-117.7587,35.4639],[-117.7588,35.4639],[-117.7589,35.4639],[-117.759,35.4639],[-117.7591,35.4639],[-117.7592,35.4639],[-117.7593,35.4638],[-117.7594,35.4638],[-117.7595,35.4638],[-117.7596,35.4637],[-117.7597,35.4637],[-117.7598,35.4637],[-117.7599,35.4636],[-117.76,35.4636],[-117.7601,35.4635],[-117.7602,35.4634],[-117.7603,35.4634],[-117.7603,35.4633],[-117.7603,35.4632],[-117.7604,35.4632],[-117.7604,35.4631],[-117.7604,35.463],[-117.7604,35.4629],[-117.7605,35.4628],[-117.7605,35.4627],[-117.7606,35.4626],[-117.7607,35.4625],[-117.7609,35.4624],[-117.761,35.4624],[-117.7611,35.4624],[-117.7612,35.4623],[-117.7613,35.4623],[-117.7614,35.4623],[-117.7615,35.4623],[-117.7616,35.4623],[-117.7617,35.4622],[-117.7618,35.4622],[-117.7619,35.4622],[-117.762,35.4621],[-117.7621,35.4621],[-117.7622,35.462],[-117.7623,35.462],[-117.7624,35.462],[-117.7624,35.4619],[-117.7625,35.4618],[-117.7626,35.4617],[-117.7627,35.4616],[-117.7627,35.4615],[-117.7628,35.4614],[-117.7629,35.4613],[-117.7629,35.4612],[-117.763,35.4612],[-117.7631,35.4612],[-117.7632,35.4611],[-117.7633,35.4611],[-117.7634,35.4612],[-117.7635,35.4612],[-117.7636,35.4612],[-117.7637,35.4612],[-117.7638,35.4612],[-117.7639,35.4612],[-117.764,35.4612],[-117.7641,35.4612],[-117.7642,35.4611],[-117.7643,35.4611],[-117.7644,35.4611],[-117.7645,35.4611],[-117.7647,35.461],[-117.7648,35.461],[-117.7649,35.461],[-117.765,35.461],[-117.7651,35.4611],[-117.7652,35.4611],[-117.7653,35.4611],[-117.7654,35.4611],[-117.7655,35.4611],[-117.7656,35.4611],[-117.7655,35.4612],[-117.7655,35.4613],[-117.7655,35.4614],[-117.7654,35.4614],[-117.7654,35.4615],[-117.7653,35.4616],[-117.7652,35.4617],[-117.7651,35.4617],[-117.765,35.4618],[-117.7649,35.4618],[-117.7648,35.4619],[-117.7647,35.4619],[-117.7646,35.4619],[-117.7644,35.4619],[-117.7644,35.462],[-117.7643,35.462],[-117.7642,35.462],[-117.7641,35.4621],[-117.764,35.4621],[-117.7639,35.4622],[-117.7638,35.4623],[-117.7637,35.4623],[-117.7637,35.4624],[-117.7636,35.4624],[-117.7636,35.4625],[-117.7635,35.4625],[-117.7635,35.4626],[-117.7634,35.4627],[-117.7633,35.4627],[-117.7633,35.4628],[-117.7632,35.4628],[-117.7631,35.4629],[-117.7631,35.463],[-117.763,35.463],[-117.7629,35.4631],[-117.7629,35.4632],[-117.7628,35.4633],[-117.7627,35.4633],[-117.7627,35.4634],[-117.7626,35.4635],[-117.7625,35.4636],[-117.7625,35.4637],[-117.7624,35.4638],[-117.7623,35.4639],[-117.7623,35.464],[-117.7622,35.4641],[-117.7621,35.4642],[-117.7621,35.4643],[-117.762,35.4644],[-117.762,35.4645],[-117.7619,35.4645],[-117.7619,35.4646],[-117.7618,35.4647],[-117.7618,35.4648],[-117.7617,35.4649],[-117.7616,35.465],[-117.7615,35.4651],[-117.7614,35.4651],[-117.7612,35.4651],[-117.7611,35.4652],[-117.761,35.4652],[-117.7609,35.4653],[-117.7608,35.4653],[-117.7607,35.4654],[-117.7606,35.4655],[-117.7605,35.4655],[-117.7605,35.4656],[-117.7605,35.4657],[-117.7604,35.4658],[-117.7604,35.4659],[-117.7604,35.466],[-117.7604,35.4661],[-117.7605,35.4662],[-117.7605,35.4663]]}},{"type":"Feature","properties":{"id":null,"name":null,"kind":"road","access":"green","seasonal":false},"geometry":{"type":"LineString","coordinates":[[-117.7174,35.4466],[-117.7174,35.4465],[-117.7175,35.4465],[-117.7175,35.4464],[-117.7175,35.4463],[-117.7176,35.4463],[-117.7176,35.4462],[-117.7176,35.4461],[-117.7177,35.4461],[-117.7177,35.446],[-117.7178,35.446],[-117.7178,35.4459],[-117.7179,35.4458],[-117.718,35.4457],[-117.7181,35.4456],[-117.7181,35.4455],[-117.7182,35.4455],[-117.7183,35.4454],[-117.7184,35.4454],[-117.7185,35.4453],[-117.7186,35.4453],[-117.7187,35.4453],[-117.7188,35.4454],[-117.7189,35.4455],[-117.719,35.4455],[-117.7191,35.4455],[-117.7192,35.4455],[-117.7193,35.4455],[-117.7194,35.4455],[-117.7195,35.4455],[-117.7195,35.4454],[-117.7196,35.4454],[-117.7197,35.4454],[-117.7198,35.4454],[-117.7199,35.4454],[-117.7199,35.4453],[-117.72,35.4453],[-117.7202,35.4452],[-117.7203,35.4451],[-117.7204,35.4451],[-117.7205,35.4451],[-117.7206,35.4451],[-117.7207,35.445],[-117.7207,35.4451],[-117.7208,35.4451],[-117.7209,35.4451],[-117.721,35.4451],[-117.7211,35.4451],[-117.7212,35.445],[-117.7213,35.445],[-117.7214,35.445],[-117.7215,35.445],[-117.7216,35.445],[-117.7218,35.445],[-117.7219,35.445],[-117.722,35.445],[-117.7221,35.445],[-117.7222,35.4451],[-117.7223,35.4451],[-117.7224,35.4451],[-117.7225,35.4451],[-117.7225,35.4452],[-117.7226,35.4452],[-117.7226,35.4453],[-117.7227,35.4453],[-117.7227,35.4454],[-117.7228,35.4454],[-117.7228,35.4455],[-117.7229,35.4455],[-117.723,35.4456],[-117.723,35.4457],[-117.7231,35.4457],[-117.7232,35.4458],[-117.7233,35.4458],[-117.7234,35.4459],[-117.7235,35.4459],[-117.7235,35.446],[-117.7236,35.446],[-117.7237,35.4461],[-117.7238,35.4461],[-117.7238,35.4462],[-117.7238,35.4463],[-117.7239,35.4463],[-117.7239,35.4464],[-117.7239,35.4465],[-117.724,35.4465],[-117.724,35.4466]]}},{"type":"Feature","properties":{"id":null,"name":null,"kind":"road","access":"green","seasonal":false},"geometry":{"type":"LineString","coordinates":[[-117.7355,35.4906],[-117.7356,35.4906],[-117.7356,35.4905],[-117.7357,35.4905],[-117.7357,35.4904],[-117.7358,35.4903],[-117.7359,35.4902],[-117.736,35.4901],[-117.7361,35.49],[-117.7362,35.4899],[-117.7362,35.4898],[-117.7363,35.4897],[-117.7364,35.4897],[-117.7366,35.4896],[-117.7367,35.4896],[-117.7367,35.4895],[-117.7368,35.4894],[-117.7369,35.4894],[-117.737,35.4893],[-117.7371,35.4892],[-117.7372,35.4891],[-117.7373,35.489],[-117.7374,35.4889],[-117.7375,35.4889],[-117.7376,35.4888],[-117.7376,35.4887],[-117.7378,35.4886],[-117.7379,35.4885],[-117.738,35.4885],[-117.7382,35.4884],[-117.7383,35.4884],[-117.7384,35.4883],[-117.7385,35.4883],[-117.7387,35.4882],[-117.7388,35.4881],[-117.7389,35.4881],[-117.739,35.488],[-117.7391,35.4879],[-117.7392,35.4878],[-117.7393,35.4878],[-117.7394,35.4877],[-117.7395,35.4876],[-117.7396,35.4876],[-117.7398,35.4875],[-117.7399,35.4874],[-117.74,35.4874],[-117.7401,35.4873],[-117.7403,35.4873],[-117.7404,35.4873],[-117.7406,35.4872],[-117.7407,35.4872],[-117.7408,35.4872],[-117.741,35.4871],[-117.7411,35.4871],[-117.7412,35.4871],[-117.7414,35.4871],[-117.7415,35.4871],[-117.7416,35.487],[-117.7418,35.487],[-117.7418,35.4869],[-117.7419,35.4868],[-117.742,35.4867],[-117.7421,35.4866],[-117.7422,35.4866],[-117.7423,35.4865],[-117.7424,35.4864],[-117.7425,35.4863],[-117.7426,35.4863],[-117.7427,35.4862],[-117.7428,35.4861],[-117.7428,35.486],[-117.7429,35.4859],[-117.7429,35.4858],[-117.7429,35.4857],[-117.7429,35.4856],[-117.7428,35.4855],[-117.7429,35.4854],[-117.7429,35.4853],[-117.743,35.4852],[-117.7431,35.4852],[-117.7431,35.4851],[-117.7432,35.4851],[-117.7433,35.485],[-117.7435,35.485],[-117.7436,35.4849],[-117.7437,35.4848],[-117.7438,35.4847],[-117.7439,35.4846],[-117.7439,35.4845],[-117.744,35.4844],[-117.744,35.4842],[-117.7441,35.4841],[-117.7442,35.484],[-117.7443,35.4839],[-117.7444,35.4838]]}},{"type":"Feature","properties":{"id":null,"name":null,"kind":"road","access":"green","seasonal":false},"geometry":{"type":"LineString","coordinates":[[-117.6185,35.3513],[-117.6185,35.3512],[-117.6186,35.3511],[-117.6187,35.351],[-117.6187,35.3509],[-117.6189,35.3508],[-117.619,35.3506],[-117.6191,35.3504],[-117.6192,35.3503],[-117.6193,35.35],[-117.6193,35.3497],[-117.6194,35.3494],[-117.6195,35.3493],[-117.6196,35.3491],[-117.6197,35.349],[-117.6197,35.3488],[-117.6198,35.3485],[-117.6201,35.3474],[-117.6202,35.3471],[-117.6202,35.3469],[-117.6202,35.3467],[-117.6202,35.3465],[-117.6202,35.3464],[-117.6202,35.3462],[-117.6202,35.346],[-117.6201,35.3457],[-117.6198,35.3451],[-117.6196,35.3444],[-117.6193,35.3437],[-117.6192,35.3434],[-117.6188,35.3425],[-117.6186,35.3419],[-117.6183,35.3412],[-117.6183,35.3411],[-117.618,35.3404],[-117.6177,35.3398],[-117.6177,35.3395],[-117.6176,35.3392],[-117.6176,35.3389],[-117.6177,35.3386],[-117.6177,35.3383],[-117.618,35.3377],[-117.6182,35.3372],[-117.6183,35.3371],[-117.6184,35.3369],[-117.6185,35.3367],[-117.6186,35.3365],[-117.6185,35.3364],[-117.6185,35.3362],[-117.6185,35.3359],[-117.6184,35.3354],[-117.6183,35.3344],[-117.6182,35.3339],[-117.6181,35.3325],[-117.618,35.3318],[-117.6179,35.3317],[-117.6179,35.3316],[-117.6178,35.3314],[-117.6176,35.3312],[-117.6175,35.3311],[-117.6173,35.3308],[-117.6171,35.3305],[-117.6169,35.3301],[-117.6167,35.3299],[-117.6164,35.3296],[-117.6163,35.3295],[-117.6161,35.3292],[-117.616,35.3291],[-117.6159,35.329],[-117.6158,35.3288],[-117.6156,35.3286],[-117.6155,35.3285],[-117.6153,35.3284],[-117.615,35.3281],[-117.6148,35.328],[-117.6147,35.3278],[-117.6146,35.3277],[-117.6143,35.3276],[-117.6141,35.3274],[-117.6138,35.3272],[-117.6136,35.3269],[-117.6134,35.3268],[-117.6126,35.3259],[-117.6118,35.325],[-117.6114,35.3246],[-117.6108,35.3238],[-117.6105,35.3235],[-117.6101,35.323]]}},{"type":"Feature","properties":{"id":null,"name":null,"kind":"road","access":"green","seasonal":false},"geometry":{"type":"LineString","coordinates":[[-117.8492,35.4305],[-117.8492,35.4304],[-117.8493,35.4303],[-117.8494,35.4302],[-117.8495,35.4301],[-117.8495,35.43],[-117.8495,35.4299],[-117.8496,35.4299],[-117.8497,35.4298],[-117.8498,35.4298],[-117.8499,35.4298],[-117.85,35.4297],[-117.8501,35.4297],[-117.8502,35.4297],[-117.8503,35.4297],[-117.8504,35.4296],[-117.8505,35.4296],[-117.8506,35.4295],[-117.8507,35.4295],[-117.8508,35.4294],[-117.8509,35.4294],[-117.851,35.4294],[-117.8511,35.4294],[-117.8512,35.4293],[-117.8513,35.4293],[-117.8514,35.4293],[-117.8515,35.4292],[-117.8516,35.4291],[-117.8516,35.429],[-117.8516,35.4289],[-117.8517,35.4289],[-117.8517,35.4288],[-117.8518,35.4287],[-117.8518,35.4286],[-117.8518,35.4285],[-117.8519,35.4285],[-117.8519,35.4284],[-117.8519,35.4283],[-117.852,35.4283],[-117.852,35.4282],[-117.8521,35.4282],[-117.8522,35.4281],[-117.8523,35.428],[-117.8524,35.428],[-117.8525,35.4279]]}},{"type":"Feature","properties":{"id":null,"name":null,"kind":"road","access":"green","seasonal":false},"geometry":{"type":"LineString","coordinates":[[-117.8909,35.4339],[-117.8908,35.4339],[-117.8907,35.4339],[-117.8906,35.4339],[-117.8904,35.4339],[-117.8903,35.4339],[-117.8902,35.4339],[-117.8901,35.4339],[-117.89,35.4339],[-117.8899,35.434],[-117.8898,35.4341],[-117.8897,35.4342],[-117.8896,35.4343],[-117.8895,35.4344],[-117.8894,35.4344],[-117.8893,35.4345],[-117.8892,35.4346],[-117.8891,35.4346],[-117.889,35.4347],[-117.8888,35.4348],[-117.8887,35.4348],[-117.8886,35.4349],[-117.8885,35.435],[-117.8884,35.435],[-117.8883,35.4351],[-117.8882,35.4351],[-117.8881,35.4352],[-117.8879,35.4352],[-117.8878,35.4353],[-117.8877,35.4353],[-117.8876,35.4354],[-117.8875,35.4354],[-117.8874,35.4355],[-117.8873,35.4355],[-117.8872,35.4356],[-117.8871,35.4356],[-117.887,35.4357],[-117.8869,35.4357],[-117.8868,35.4357],[-117.8867,35.4357],[-117.8866,35.4357],[-117.8865,35.4357],[-117.8864,35.4357],[-117.8862,35.4357],[-117.8861,35.4357],[-117.886,35.4357],[-117.8859,35.4357],[-117.8858,35.4356],[-117.8857,35.4356],[-117.8856,35.4356],[-117.8854,35.4356],[-117.8853,35.4355],[-117.8852,35.4355],[-117.8851,35.4355],[-117.885,35.4355],[-117.8848,35.4355],[-117.8847,35.4355],[-117.8845,35.4354],[-117.8844,35.4354],[-117.8842,35.4354],[-117.8841,35.4353],[-117.8839,35.4353],[-117.8837,35.4352],[-117.8836,35.4352],[-117.8834,35.4352],[-117.8832,35.4352],[-117.883,35.4352],[-117.8829,35.4352],[-117.8827,35.4353],[-117.8825,35.4353],[-117.8823,35.4353],[-117.882,35.4354],[-117.8818,35.4354],[-117.8816,35.4354],[-117.8814,35.4353],[-117.8813,35.4353],[-117.8812,35.4353],[-117.881,35.4353],[-117.8808,35.4353],[-117.8806,35.4352],[-117.8804,35.4352],[-117.8802,35.4352],[-117.88,35.4352],[-117.8798,35.4353],[-117.8797,35.4354],[-117.8795,35.4354],[-117.8794,35.4354],[-117.8792,35.4354],[-117.879,35.4354],[-117.8789,35.4354],[-117.8788,35.4354],[-117.8787,35.4354],[-117.8786,35.4354],[-117.8785,35.4354],[-117.8783,35.4354],[-117.8782,35.4355],[-117.878,35.4355],[-117.8778,35.4355],[-117.8776,35.4355],[-117.8775,35.4355],[-117.8773,35.4355],[-117.8772,35.4355],[-117.877,35.4355],[-117.8769,35.4355],[-117.8768,35.4354],[-117.8766,35.4353],[-117.8764,35.4353],[-117.8763,35.4352],[-117.8761,35.4352],[-117.8759,35.4352],[-117.8756,35.4352],[-117.8754,35.4352],[-117.8752,35.4353],[-117.8749,35.4353],[-117.8747,35.4353],[-117.8745,35.4354],[-117.8742,35.4354],[-117.874,35.4354],[-117.8738,35.4354],[-117.8736,35.4353],[-117.8734,35.4351],[-117.8733,35.435],[-117.8731,35.4349],[-117.8729,35.4348],[-117.8726,35.4347],[-117.8724,35.4346],[-117.8722,35.4345],[-117.8721,35.4344],[-117.8719,35.4343],[-117.8717,35.4342],[-117.8715,35.4342],[-117.8712,35.4342],[-117.871,35.4342],[-117.8708,35.4343],[-117.8706,35.4343],[-117.8705,35.4345],[-117.8703,35.4346],[-117.8702,35.4347],[-117.87,35.4348],[-117.8698,35.4348],[-117.8697,35.4348],[-117.8695,35.4348],[-117.8694,35.4349],[-117.8692,35.435],[-117.8691,35.4351],[-117.869,35.4352],[-117.8688,35.4352],[-117.8686,35.4352],[-117.8685,35.4352],[-117.8683,35.4353],[-117.8681,35.4353],[-117.8679,35.4352],[-117.8676,35.4352],[-117.8674,35.4352],[-117.8672,35.4353],[-117.8669,35.4353],[-117.8667,35.4353],[-117.8665,35.4353],[-117.8663,35.4352],[-117.8661,35.4352],[-117.8659,35.4351],[-117.8657,35.4351],[-117.8656,35.4352],[-117.8654,35.4353],[-117.8652,35.4354],[-117.8651,35.4355],[-117.8649,35.4356],[-117.8648,35.4357],[-117.8647,35.4358],[-117.8645,35.4358],[-117.8643,35.4359],[-117.8642,35.4359],[-117.864,35.436],[-117.8639,35.436],[-117.8637,35.436],[-117.8635,35.436],[-117.8633,35.436],[-117.8631,35.436],[-117.8629,35.436],[-117.8627,35.4359],[-117.8625,35.4359],[-117.8623,35.4359],[-117.8621,35.4359],[-117.8619,35.4359],[-117.8618,35.4359],[-117.8617,35.4359],[-117.8616,35.4359],[-117.8615,35.4359],[-117.8614,35.4359],[-117.8613,35.4359],[-117.8612,35.4359],[-117.8611,35.4359],[-117.861,35.4359],[-117.8609,35.4359],[-117.8608,35.4358],[-117.8607,35.4358],[-117.8605,35.4358],[-117.8604,35.4358],[-117.8603,35.4358],[-117.8602,35.4358],[-117.8601,35.4358],[-117.8599,35.4358],[-117.8598,35.4359],[-117.8597,35.4359],[-117.8596,35.4359],[-117.8594,35.4359],[-117.8593,35.4358],[-117.8592,35.4358],[-117.859,35.4358],[-117.8589,35.4359],[-117.8587,35.4359],[-117.8585,35.4359],[-117.8582,35.4359],[-117.858,35.4359],[-117.8578,35.4359],[-117.8575,35.4359],[-117.8573,35.4359],[-117.8571,35.4358],[-117.8568,35.4358],[-117.8566,35.4357],[-117.8564,35.4357],[-117.8562,35.4357],[-117.856,35.4356],[-117.8558,35.4356],[-117.8557,35.4356],[-117.8556,35.4356],[-117.8555,35.4356],[-117.8554,35.4356],[-117.8553,35.4356],[-117.8552,35.4356],[-117.855,35.4356],[-117.8548,35.4356],[-117.8547,35.4355],[-117.8545,35.4355],[-117.8544,35.4355],[-117.8543,35.4355],[-117.8542,35.4355]]}},{"type":"Feature","properties":{"id":null,"name":null,"kind":"road","access":"green","seasonal":false},"geometry":{"type":"LineString","coordinates":[[-117.898,35.4482],[-117.8979,35.4484],[-117.8975,35.4485],[-117.8973,35.4486],[-117.8971,35.4487],[-117.897,35.4488],[-117.897,35.449],[-117.8969,35.4492],[-117.8968,35.4495],[-117.8967,35.4496],[-117.8963,35.4499],[-117.896,35.4501],[-117.8959,35.4501],[-117.8957,35.4502]]}},{"type":"Feature","properties":{"id":null,"name":null,"kind":"road","access":"green","seasonal":false},"geometry":{"type":"LineString","coordinates":[[-117.7096,35.4644],[-117.7097,35.4644],[-117.7098,35.4645],[-117.7099,35.4645],[-117.71,35.4645],[-117.7101,35.4645],[-117.7102,35.4645],[-117.7103,35.4645],[-117.7104,35.4645],[-117.7105,35.4645],[-117.7106,35.4645],[-117.7107,35.4645],[-117.7107,35.4644],[-117.7108,35.4644],[-117.7109,35.4644],[-117.711,35.4644],[-117.7111,35.4644],[-117.7111,35.4643],[-117.7111,35.4642],[-117.7112,35.4642],[-117.7112,35.4641],[-117.7112,35.464],[-117.7112,35.4639],[-117.7112,35.4638],[-117.7113,35.4637],[-117.7113,35.4636],[-117.7114,35.4636],[-117.7114,35.4635],[-117.7114,35.4634],[-117.7114,35.4633],[-117.7114,35.4632],[-117.7115,35.4631],[-117.7115,35.463],[-117.7116,35.4629],[-117.7116,35.4628],[-117.7116,35.4627],[-117.7116,35.4626],[-117.7116,35.4625],[-117.7117,35.4624],[-117.7117,35.4623],[-117.7118,35.4623],[-117.7118,35.4622],[-117.7119,35.4622],[-117.7119,35.4621],[-117.712,35.462],[-117.7121,35.4619],[-117.7122,35.4618],[-117.7123,35.4618],[-117.7124,35.4617],[-117.7125,35.4617],[-117.7126,35.4616],[-117.7127,35.4616],[-117.7128,35.4616],[-117.7129,35.4616],[-117.7129,35.4615],[-117.713,35.4615]]}},{"type":"Feature","properties":{"id":null,"name":null,"kind":"road","access":"green","seasonal":false},"geometry":{"type":"LineString","coordinates":[[-117.9416,35.4773],[-117.9409,35.4773],[-117.9403,35.4773],[-117.9399,35.4773],[-117.9396,35.4773],[-117.9388,35.4773],[-117.9384,35.4773],[-117.9382,35.4773]]}},{"type":"Feature","properties":{"id":null,"name":null,"kind":"road","access":"green","seasonal":false},"geometry":{"type":"LineString","coordinates":[[-117.9324,35.4794],[-117.9324,35.4793],[-117.9324,35.4792],[-117.9324,35.4791],[-117.9324,35.479],[-117.9324,35.4789],[-117.9324,35.4788],[-117.9324,35.4787],[-117.9324,35.4786],[-117.9324,35.4785],[-117.9324,35.4784],[-117.9324,35.4783],[-117.9324,35.4782],[-117.9324,35.4781],[-117.9324,35.478],[-117.9324,35.4779],[-117.9324,35.4778],[-117.9324,35.4777],[-117.9325,35.4776],[-117.9325,35.4775],[-117.9325,35.4774],[-117.9325,35.4773],[-117.9325,35.4772],[-117.9325,35.4771],[-117.9325,35.477],[-117.9325,35.4769],[-117.9325,35.4768],[-117.9326,35.4767],[-117.9326,35.4766],[-117.9326,35.4765],[-117.9326,35.4763],[-117.9326,35.4762],[-117.9326,35.4761],[-117.9326,35.476],[-117.9326,35.4759],[-117.9326,35.4758],[-117.9326,35.4757],[-117.9326,35.4756],[-117.9326,35.4755],[-117.9326,35.4754],[-117.9326,35.4753],[-117.9326,35.4752],[-117.9326,35.4751],[-117.9327,35.4751],[-117.9327,35.475],[-117.9327,35.4749],[-117.9327,35.4748],[-117.9327,35.4747],[-117.9328,35.4747],[-117.9328,35.4746],[-117.9328,35.4745],[-117.9328,35.4744],[-117.9328,35.4743],[-117.9329,35.4742],[-117.9329,35.4741],[-117.9329,35.474],[-117.9329,35.4739],[-117.933,35.4738],[-117.933,35.4737],[-117.933,35.4736],[-117.933,35.4735],[-117.933,35.4734],[-117.9331,35.4734],[-117.9331,35.4733],[-117.9331,35.4732],[-117.9331,35.4731],[-117.9332,35.473],[-117.9332,35.4729],[-117.9332,35.4728],[-117.9333,35.4727],[-117.9333,35.4726],[-117.9333,35.4725],[-117.9334,35.4725],[-117.9334,35.4724],[-117.9334,35.4723],[-117.9335,35.4722],[-117.9335,35.4721],[-117.9335,35.472],[-117.9336,35.472],[-117.9336,35.4719],[-117.9337,35.4718],[-117.9337,35.4717],[-117.9337,35.4716],[-117.9338,35.4715],[-117.9339,35.4714],[-117.9339,35.4713],[-117.9339,35.4712],[-117.934,35.4712],[-117.934,35.4711],[-117.934,35.471],[-117.9341,35.4709],[-117.9341,35.4708],[-117.9342,35.4707],[-117.9342,35.4706],[-117.9342,35.4705],[-117.9343,35.4704],[-117.9343,35.4703],[-117.9343,35.4702],[-117.9344,35.4702],[-117.9344,35.4701],[-117.9344,35.47],[-117.9344,35.4699],[-117.9345,35.4698],[-117.9345,35.4697],[-117.9345,35.4696],[-117.9345,35.4695],[-117.9346,35.4695],[-117.9346,35.4694],[-117.9345,35.4693],[-117.9345,35.4692],[-117.9345,35.4691],[-117.9346,35.469],[-117.9346,35.4689],[-117.9346,35.4688],[-117.9347,35.4688],[-117.9347,35.4687],[-117.9347,35.4686],[-117.9347,35.4685],[-117.9348,35.4685],[-117.9348,35.4684],[-117.9348,35.4683],[-117.9348,35.4682],[-117.9349,35.4681],[-117.9349,35.468],[-117.935,35.4679],[-117.935,35.4678],[-117.9351,35.4677],[-117.9351,35.4676],[-117.9351,35.4675],[-117.9351,35.4674],[-117.9352,35.4673],[-117.9352,35.4672],[-117.9352,35.4671],[-117.9352,35.467],[-117.9353,35.467],[-117.9353,35.4669],[-117.9353,35.4668],[-117.9353,35.4667],[-117.9353,35.4666],[-117.9353,35.4665],[-117.9353,35.4664],[-117.9354,35.4663],[-117.9354,35.4662],[-117.9355,35.4661],[-117.9355,35.466],[-117.9356,35.4659],[-117.9356,35.4658],[-117.9357,35.4657],[-117.9357,35.4656],[-117.9357,35.4655],[-117.9358,35.4655],[-117.9358,35.4654],[-117.9358,35.4653],[-117.9358,35.4652],[-117.9359,35.4651],[-117.9359,35.465],[-117.936,35.465],[-117.936,35.4649],[-117.936,35.4648],[-117.936,35.4647],[-117.9361,35.4646],[-117.9361,35.4645],[-117.9361,35.4644],[-117.9361,35.4643],[-117.9362,35.4642],[-117.9362,35.4641],[-117.9362,35.464],[-117.9363,35.4639],[-117.9363,35.4638],[-117.9363,35.4637],[-117.9362,35.4636],[-117.9362,35.4635],[-117.9362,35.4634],[-117.9362,35.4633],[-117.9363,35.4632],[-117.9364,35.4631],[-117.9364,35.463],[-117.9365,35.4629],[-117.9365,35.4628],[-117.9366,35.4627],[-117.9366,35.4626],[-117.9366,35.4625],[-117.9366,35.4624],[-117.9366,35.4623],[-117.9367,35.4622],[-117.9367,35.4621],[-117.9367,35.462],[-117.9367,35.4619],[-117.9368,35.4619],[-117.9368,35.4618],[-117.9368,35.4617],[-117.9368,35.4616],[-117.9369,35.4615],[-117.9369,35.4614],[-117.9369,35.4613],[-117.9369,35.4612],[-117.9369,35.4611],[-117.937,35.461],[-117.937,35.4609],[-117.9369,35.4608],[-117.9369,35.4607],[-117.9369,35.4606],[-117.9369,35.4605],[-117.9369,35.4604],[-117.9369,35.4603],[-117.9369,35.4602],[-117.9369,35.4601],[-117.9369,35.46],[-117.9369,35.4599],[-117.9369,35.4598],[-117.9369,35.4597],[-117.9369,35.4596],[-117.9369,35.4595],[-117.9369,35.4594],[-117.9369,35.4593],[-117.9369,35.4592],[-117.937,35.4592],[-117.937,35.4591],[-117.937,35.459],[-117.937,35.4589],[-117.937,35.4588],[-117.9371,35.4587],[-117.9371,35.4586],[-117.9371,35.4585],[-117.9372,35.4584],[-117.9372,35.4583],[-117.9372,35.4582],[-117.9372,35.4581],[-117.9373,35.458],[-117.9373,35.4579],[-117.9373,35.4578],[-117.9373,35.4577],[-117.9374,35.4576],[-117.9374,35.4575],[-117.9374,35.4574],[-117.9375,35.4573],[-117.9375,35.4572],[-117.9375,35.4571],[-117.9376,35.457],[-117.9376,35.4569],[-117.9376,35.4568],[-117.9377,35.4567],[-117.9377,35.4566],[-117.9377,35.4565],[-117.9378,35.4564],[-117.9378,35.4563],[-117.9378,35.4562],[-117.9379,35.4561],[-117.9379,35.456],[-117.9379,35.4559],[-117.9379,35.4558],[-117.938,35.4558],[-117.938,35.4557],[-117.938,35.4556],[-117.938,35.4555],[-117.9381,35.4554],[-117.9381,35.4553],[-117.9381,35.4552],[-117.9381,35.4551],[-117.9382,35.455],[-117.9382,35.4549],[-117.9382,35.4548]]}},{"type":"Feature","properties":{"id":null,"name":null,"kind":"road","access":"green","seasonal":false},"geometry":{"type":"LineString","coordinates":[[-117.7081,35.4981],[-117.7082,35.4981],[-117.7082,35.498],[-117.7082,35.4979],[-117.7082,35.4978],[-117.7083,35.4977],[-117.7083,35.4976],[-117.7083,35.4975]]}},{"type":"Feature","properties":{"id":null,"name":null,"kind":"road","access":"green","seasonal":false},"geometry":{"type":"LineString","coordinates":[[-117.6924,35.4991],[-117.6923,35.499],[-117.6922,35.499],[-117.6921,35.4989],[-117.692,35.4989],[-117.6919,35.4988],[-117.6918,35.4988],[-117.6917,35.4987],[-117.6916,35.4987],[-117.6915,35.4986],[-117.6914,35.4986],[-117.6913,35.4986],[-117.6912,35.4985],[-117.6911,35.4985],[-117.691,35.4984],[-117.6909,35.4983],[-117.6908,35.4982],[-117.6908,35.4981],[-117.6907,35.4981],[-117.6906,35.4981],[-117.6905,35.4981],[-117.6904,35.4981],[-117.6903,35.4981],[-117.6902,35.4981],[-117.6901,35.4981],[-117.69,35.498],[-117.6899,35.498],[-117.6898,35.498],[-117.6897,35.4979],[-117.6896,35.4979],[-117.6895,35.4978],[-117.6894,35.4978],[-117.6893,35.4978],[-117.6892,35.4977],[-117.6891,35.4977]]}},{"type":"Feature","properties":{"id":null,"name":null,"kind":"road","access":"green","seasonal":false},"geometry":{"type":"LineString","coordinates":[[-117.9371,35.4787],[-117.9371,35.4788],[-117.937,35.479]]}},{"type":"Feature","properties":{"id":null,"name":null,"kind":"road","access":"green","seasonal":false},"geometry":{"type":"LineString","coordinates":[[-117.766,35.4448],[-117.766,35.4449],[-117.7661,35.4449],[-117.7661,35.445],[-117.7661,35.4451],[-117.7662,35.4452],[-117.7662,35.4453],[-117.7663,35.4453],[-117.7663,35.4454],[-117.7664,35.4454],[-117.7664,35.4455],[-117.7665,35.4456],[-117.7664,35.4457],[-117.7664,35.4458],[-117.7663,35.4458],[-117.7662,35.4459],[-117.7661,35.446]]}},{"type":"Feature","properties":{"id":null,"name":null,"kind":"road","access":"green","seasonal":false},"geometry":{"type":"LineString","coordinates":[[-117.7621,35.4394],[-117.7622,35.4396],[-117.7622,35.4397],[-117.7623,35.4397],[-117.7623,35.4398],[-117.7623,35.4399],[-117.7624,35.4399],[-117.7624,35.44],[-117.7625,35.44],[-117.7625,35.4401],[-117.7626,35.4401],[-117.7626,35.4402],[-117.7626,35.4403],[-117.7625,35.4403],[-117.7626,35.4404],[-117.7627,35.4404],[-117.7627,35.4405],[-117.7628,35.4405],[-117.7628,35.4406],[-117.7629,35.4406],[-117.7629,35.4407],[-117.7629,35.4408],[-117.763,35.4408],[-117.763,35.4409],[-117.7631,35.4409],[-117.7631,35.441],[-117.7632,35.4411],[-117.7633,35.4411],[-117.7633,35.4412],[-117.7633,35.4413],[-117.7634,35.4413],[-117.7634,35.4414],[-117.7635,35.4414],[-117.7635,35.4415],[-117.7636,35.4415],[-117.7636,35.4416],[-117.7636,35.4417],[-117.7637,35.4417],[-117.7637,35.4418],[-117.7638,35.4418],[-117.7638,35.4419],[-117.7638,35.442],[-117.7639,35.4421],[-117.7639,35.4422]]}},{"type":"Feature","properties":{"id":null,"name":null,"kind":"road","access":"green","seasonal":false},"geometry":{"type":"LineString","coordinates":[[-117.8088,35.4042],[-117.8088,35.4043],[-117.8089,35.4043],[-117.809,35.4044],[-117.809,35.4045],[-117.8091,35.4045],[-117.8091,35.4046],[-117.8092,35.4046],[-117.8092,35.4047],[-117.8093,35.4047],[-117.8093,35.4048],[-117.8094,35.4048],[-117.8095,35.4049],[-117.8096,35.4049],[-117.8096,35.405],[-117.8097,35.405],[-117.8098,35.405],[-117.8098,35.4051],[-117.8099,35.4051],[-117.81,35.4051],[-117.81,35.4052],[-117.8101,35.4052],[-117.8102,35.4052],[-117.8102,35.4053],[-117.8103,35.4053],[-117.8104,35.4053],[-117.8105,35.4053],[-117.8106,35.4054],[-117.8107,35.4054],[-117.8108,35.4054],[-117.8109,35.4054],[-117.811,35.4054],[-117.8111,35.4055],[-117.8112,35.4055],[-117.8113,35.4055],[-117.8114,35.4055],[-117.8115,35.4055],[-117.8116,35.4055],[-117.8116,35.4054],[-117.8117,35.4054],[-117.8118,35.4054],[-117.8119,35.4054],[-117.812,35.4054],[-117.8121,35.4054],[-117.8122,35.4054],[-117.8123,35.4054],[-117.8124,35.4054],[-117.8124,35.4053],[-117.8125,35.4053],[-117.8126,35.4053],[-117.8127,35.4053],[-117.8128,35.4054],[-117.8129,35.4054],[-117.813,35.4054],[-117.8131,35.4054],[-117.8132,35.4054],[-117.8133,35.4054],[-117.8134,35.4055],[-117.8135,35.4055],[-117.8136,35.4055],[-117.8137,35.4055],[-117.8138,35.4055],[-117.8139,35.4056],[-117.814,35.4056],[-117.8141,35.4056],[-117.8142,35.4056],[-117.8143,35.4056],[-117.8144,35.4057],[-117.8145,35.4057],[-117.8146,35.4058],[-117.8147,35.4058],[-117.8148,35.4059],[-117.8149,35.4059],[-117.815,35.406],[-117.8151,35.406],[-117.8152,35.406],[-117.8152,35.4061],[-117.8153,35.4061],[-117.8154,35.4061],[-117.8154,35.4062],[-117.8155,35.4062],[-117.8156,35.4062],[-117.8157,35.4062],[-117.8157,35.4063],[-117.8158,35.4063],[-117.8159,35.4064],[-117.816,35.4065],[-117.8161,35.4065],[-117.8161,35.4066],[-117.8162,35.4066],[-117.8162,35.4067],[-117.8163,35.4067],[-117.8163,35.4068],[-117.8164,35.4069],[-117.8165,35.407],[-117.8166,35.4071],[-117.8166,35.4072],[-117.8167,35.4072],[-117.8168,35.4073],[-117.8169,35.4073],[-117.8169,35.4074]]}},{"type":"Feature","properties":{"id":null,"name":null,"kind":"road","access":"green","seasonal":false},"geometry":{"type":"LineString","coordinates":[[-117.7717,35.4376],[-117.7716,35.4376],[-117.7716,35.4375],[-117.7715,35.4375],[-117.7715,35.4374],[-117.7714,35.4374],[-117.7713,35.4373],[-117.7712,35.4372],[-117.7711,35.4371],[-117.771,35.437],[-117.7709,35.437],[-117.7709,35.4371],[-117.7708,35.4371],[-117.7708,35.4372],[-117.7708,35.4373],[-117.7709,35.4374],[-117.7709,35.4375],[-117.771,35.4375],[-117.771,35.4376],[-117.771,35.4377],[-117.7711,35.4377],[-117.7711,35.4378],[-117.7712,35.4379],[-117.7712,35.438],[-117.7712,35.4381],[-117.7712,35.4382],[-117.7712,35.4383],[-117.7713,35.4384],[-117.7713,35.4385],[-117.7714,35.4386],[-117.7714,35.4387],[-117.7714,35.4388],[-117.7714,35.4389],[-117.7715,35.439],[-117.7715,35.4391],[-117.7715,35.4392],[-117.7715,35.4393],[-117.7715,35.4394],[-117.7715,35.4395],[-117.7714,35.4395],[-117.7714,35.4396],[-117.7713,35.4396],[-117.7712,35.4396],[-117.7712,35.4397],[-117.7711,35.4398],[-117.7711,35.4399],[-117.771,35.4399],[-117.771,35.44],[-117.7709,35.4401],[-117.7708,35.4401],[-117.7707,35.4401],[-117.7706,35.4402],[-117.7706,35.4403],[-117.7706,35.4404],[-117.7705,35.4404]]}},{"type":"Feature","properties":{"id":null,"name":null,"kind":"road","access":"green","seasonal":false},"geometry":{"type":"LineString","coordinates":[[-117.9461,35.4773],[-117.9458,35.4773],[-117.9453,35.4774],[-117.9451,35.4774],[-117.9446,35.4773],[-117.9441,35.4773],[-117.9438,35.4773]]}},{"type":"Feature","properties":{"id":null,"name":null,"kind":"road","access":"green","seasonal":false},"geometry":{"type":"LineString","coordinates":[[-117.7606,35.436],[-117.7605,35.436],[-117.7605,35.4361],[-117.7604,35.4361],[-117.7603,35.4361],[-117.7602,35.4361],[-117.7601,35.4361],[-117.76,35.4361],[-117.7599,35.4362],[-117.7598,35.4362],[-117.7597,35.4362],[-117.7596,35.4362],[-117.7595,35.4362],[-117.7595,35.4363],[-117.7594,35.4363],[-117.7594,35.4364],[-117.7593,35.4364],[-117.7592,35.4364],[-117.7592,35.4363],[-117.7591,35.4363],[-117.759,35.4363],[-117.7589,35.4363],[-117.7588,35.4363],[-117.7587,35.4364],[-117.7586,35.4364],[-117.7585,35.4364],[-117.7584,35.4364],[-117.7584,35.4365],[-117.7583,35.4365],[-117.7582,35.4365],[-117.7581,35.4366],[-117.758,35.4366],[-117.758,35.4367],[-117.7578,35.4367],[-117.7577,35.4368],[-117.7576,35.4369],[-117.7576,35.437],[-117.7576,35.4371],[-117.7575,35.4372],[-117.7575,35.4373],[-117.7574,35.4374],[-117.7573,35.4374],[-117.7572,35.4375],[-117.7571,35.4375],[-117.757,35.4375],[-117.757,35.4376],[-117.7569,35.4376],[-117.7568,35.4376],[-117.7568,35.4377],[-117.7566,35.4377],[-117.7565,35.4378],[-117.7564,35.4378],[-117.7563,35.4379],[-117.7562,35.4379],[-117.7561,35.4379],[-117.756,35.4379],[-117.7559,35.4379],[-117.7558,35.4379],[-117.7557,35.4379],[-117.7556,35.4379],[-117.7555,35.4379],[-117.7554,35.4379],[-117.7553,35.4379],[-117.7552,35.4378],[-117.7551,35.4378],[-117.755,35.4378],[-117.7549,35.4379],[-117.7548,35.4379],[-117.7547,35.4379],[-117.7546,35.4379],[-117.7545,35.4379],[-117.7544,35.4379],[-117.7543,35.4379],[-117.7542,35.4379],[-117.7542,35.438],[-117.7541,35.438],[-117.754,35.438],[-117.7539,35.438],[-117.7538,35.438],[-117.7538,35.4381],[-117.7537,35.4381],[-117.7536,35.4381],[-117.7536,35.4382],[-117.7535,35.4382],[-117.7534,35.4382],[-117.7533,35.4381],[-117.7532,35.4382],[-117.7531,35.4382]]}},{"type":"Feature","properties":{"id":null,"name":null,"kind":"road","access":"green","seasonal":false},"geometry":{"type":"LineString","coordinates":[[-117.8421,35.4332],[-117.842,35.4332],[-117.842,35.4333],[-117.8419,35.4334],[-117.8418,35.4335],[-117.8417,35.4335],[-117.8416,35.4336],[-117.8415,35.4336],[-117.8414,35.4337],[-117.8413,35.4337],[-117.8412,35.4337],[-117.8411,35.4338],[-117.841,35.4338],[-117.8409,35.4339],[-117.8408,35.4339],[-117.8407,35.4339],[-117.8406,35.434],[-117.8405,35.4341],[-117.8404,35.4341],[-117.8403,35.4341],[-117.8401,35.4342],[-117.84,35.4342],[-117.8399,35.4342],[-117.8398,35.4342],[-117.8397,35.4342],[-117.8396,35.4342],[-117.8395,35.4342],[-117.8394,35.4342],[-117.8393,35.4342],[-117.8392,35.4342],[-117.8391,35.4342],[-117.839,35.4342],[-117.8389,35.4341],[-117.8388,35.4341],[-117.8387,35.4341]]}},{"type":"Feature","properties":{"id":null,"name":null,"kind":"road","access":"green","seasonal":false},"geometry":{"type":"LineString","coordinates":[[-117.8898,35.4246],[-117.8899,35.4245],[-117.89,35.4244],[-117.8901,35.4243],[-117.8901,35.4242],[-117.8902,35.4241],[-117.8903,35.424],[-117.8904,35.424],[-117.8904,35.4239],[-117.8905,35.4239],[-117.8905,35.4238],[-117.8905,35.4237],[-117.8906,35.4237],[-117.8906,35.4236],[-117.8906,35.4235],[-117.8906,35.4234],[-117.8907,35.4234],[-117.8907,35.4233],[-117.8908,35.4232],[-117.8909,35.4232],[-117.891,35.4232],[-117.8911,35.4231],[-117.8912,35.4231],[-117.8913,35.423],[-117.8914,35.4229],[-117.8915,35.4228],[-117.8916,35.4228]]}},{"type":"Feature","properties":{"id":null,"name":null,"kind":"road","access":"green","seasonal":false},"geometry":{"type":"LineString","coordinates":[[-117.8731,35.4106],[-117.873,35.4106],[-117.8729,35.4106],[-117.8728,35.4106],[-117.8727,35.4106],[-117.8726,35.4106],[-117.8725,35.4106],[-117.8724,35.4106],[-117.8723,35.4106],[-117.8722,35.4105],[-117.8721,35.4105],[-117.872,35.4105],[-117.8719,35.4104],[-117.8718,35.4104],[-117.8717,35.4104],[-117.8716,35.4103],[-117.8715,35.4103],[-117.8714,35.4103],[-117.8713,35.4104],[-117.8712,35.4104],[-117.8711,35.4105],[-117.871,35.4105],[-117.871,35.4106],[-117.8709,35.4107],[-117.8708,35.4107],[-117.8707,35.4108],[-117.8706,35.4108],[-117.8705,35.4108],[-117.8705,35.4107],[-117.8704,35.4107],[-117.8703,35.4106],[-117.8702,35.4106],[-117.8701,35.4105],[-117.87,35.4105],[-117.87,35.4104],[-117.8699,35.4103],[-117.8698,35.4102],[-117.8697,35.4101],[-117.8696,35.4101],[-117.8695,35.41],[-117.8694,35.41],[-117.8693,35.41],[-117.8692,35.41],[-117.8691,35.41],[-117.869,35.41],[-117.869,35.4101],[-117.8689,35.4101],[-117.8689,35.4102],[-117.8688,35.4103],[-117.8688,35.4104],[-117.8687,35.4104],[-117.8687,35.4105],[-117.8686,35.4106],[-117.8686,35.4107],[-117.8685,35.4107],[-117.8685,35.4108],[-117.8684,35.4108],[-117.8684,35.4109],[-117.8684,35.411],[-117.8684,35.4111],[-117.8684,35.4112],[-117.8684,35.4113],[-117.8684,35.4114],[-117.8685,35.4115],[-117.8685,35.4116],[-117.8684,35.4117],[-117.8684,35.4118],[-117.8684,35.4119],[-117.8683,35.4119],[-117.8683,35.412],[-117.8683,35.4121],[-117.8683,35.4122],[-117.8683,35.4123],[-117.8682,35.4124],[-117.8681,35.4125],[-117.868,35.4125],[-117.8679,35.4125],[-117.8678,35.4125],[-117.8677,35.4125],[-117.8676,35.4125],[-117.8675,35.4125],[-117.8674,35.4125],[-117.8673,35.4126],[-117.8671,35.4126],[-117.867,35.4127],[-117.8669,35.4127],[-117.8668,35.4127],[-117.8667,35.4127],[-117.8666,35.4127],[-117.8665,35.4128],[-117.8665,35.4129],[-117.8664,35.413],[-117.8664,35.4131],[-117.8663,35.4132],[-117.8662,35.4133],[-117.8661,35.4134],[-117.866,35.4134],[-117.8659,35.4135],[-117.8658,35.4136],[-117.8657,35.4136],[-117.8656,35.4136],[-117.8655,35.4136],[-117.8654,35.4136],[-117.8653,35.4137],[-117.8652,35.4138],[-117.8651,35.4139],[-117.865,35.414],[-117.865,35.4141],[-117.865,35.4142],[-117.865,35.4143],[-117.8649,35.4144],[-117.8649,35.4145],[-117.8648,35.4145],[-117.8648,35.4146],[-117.8647,35.4147],[-117.8646,35.4148],[-117.8645,35.4149],[-117.8644,35.415],[-117.8643,35.4151],[-117.8642,35.4151],[-117.8641,35.4152],[-117.864,35.4152],[-117.8639,35.4152],[-117.8638,35.4153],[-117.8636,35.4153],[-117.8635,35.4153],[-117.8634,35.4154],[-117.8633,35.4155],[-117.8633,35.4156],[-117.8633,35.4157],[-117.8632,35.4158],[-117.8631,35.4158],[-117.863,35.4159],[-117.8629,35.4159],[-117.8628,35.416],[-117.8627,35.416],[-117.8626,35.4161],[-117.8625,35.4162],[-117.8624,35.4162],[-117.8623,35.4163],[-117.8622,35.4164],[-117.8621,35.4164],[-117.8619,35.4164],[-117.8618,35.4165],[-117.8617,35.4165],[-117.8616,35.4165],[-117.8615,35.4165],[-117.8615,35.4166],[-117.8614,35.4166],[-117.8613,35.4167],[-117.8612,35.4167],[-117.8611,35.4168],[-117.8611,35.4167],[-117.861,35.4167],[-117.861,35.4166],[-117.861,35.4165],[-117.861,35.4164],[-117.8609,35.4163],[-117.8609,35.4162],[-117.8608,35.4161],[-117.8607,35.4161],[-117.8606,35.4161],[-117.8605,35.4161],[-117.8604,35.4161],[-117.8603,35.4161],[-117.8602,35.4162],[-117.8601,35.4162],[-117.86,35.4162],[-117.8599,35.4162],[-117.8598,35.4162],[-117.8597,35.4162],[-117.8596,35.4162],[-117.8595,35.4162],[-117.8594,35.4162],[-117.8593,35.4162],[-117.8592,35.4162],[-117.8591,35.4163],[-117.859,35.4163],[-117.8589,35.4163],[-117.8588,35.4163],[-117.8587,35.4162],[-117.8586,35.4162],[-117.8585,35.4161],[-117.8585,35.416],[-117.8584,35.416],[-117.8583,35.4159],[-117.8582,35.4158],[-117.8581,35.4158],[-117.858,35.4158],[-117.8579,35.4158],[-117.8578,35.4158],[-117.8576,35.4157],[-117.8575,35.4157],[-117.8574,35.4158],[-117.8573,35.4158],[-117.8572,35.4157],[-117.8571,35.4157],[-117.857,35.4156],[-117.8569,35.4155],[-117.8568,35.4155],[-117.8567,35.4154],[-117.8566,35.4153],[-117.8566,35.4152],[-117.8565,35.4152],[-117.8565,35.4151],[-117.8565,35.415],[-117.8565,35.4149],[-117.8564,35.4149],[-117.8564,35.4148],[-117.8564,35.4147],[-117.8563,35.4147],[-117.8563,35.4146],[-117.8562,35.4146],[-117.8561,35.4146],[-117.856,35.4146],[-117.856,35.4147],[-117.8559,35.4147],[-117.8559,35.4148],[-117.8559,35.4149],[-117.8558,35.4149],[-117.8558,35.415],[-117.8557,35.4151],[-117.8557,35.4152],[-117.8556,35.4152],[-117.8555,35.4152],[-117.8554,35.4152],[-117.8554,35.4153],[-117.8553,35.4153],[-117.8552,35.4153],[-117.8551,35.4154],[-117.855,35.4155],[-117.855,35.4156],[-117.855,35.4157],[-117.8549,35.4158],[-117.8549,35.4159],[-117.8549,35.416],[-117.8548,35.4161],[-117.8547,35.4161],[-117.8547,35.4162],[-117.8546,35.4163],[-117.8545,35.4163],[-117.8544,35.4164],[-117.8543,35.4164],[-117.8542,35.4164],[-117.8541,35.4164],[-117.854,35.4163],[-117.8539,35.4163],[-117.8538,35.4163],[-117.8537,35.4163],[-117.8537,35.4164],[-117.8536,35.4164],[-117.8535,35.4164],[-117.8534,35.4165],[-117.8533,35.4165],[-117.8532,35.4165],[-117.8532,35.4166],[-117.8531,35.4166],[-117.853,35.4166],[-117.8529,35.4167],[-117.8528,35.4167],[-117.8527,35.4167],[-117.8527,35.4168],[-117.8526,35.4168],[-117.8525,35.4168],[-117.8524,35.4168],[-117.8524,35.4169],[-117.8523,35.4169],[-117.8523,35.417]]}},{"type":"Feature","properties":{"id":null,"name":null,"kind":"road","access":"green","seasonal":false},"geometry":{"type":"LineString","coordinates":[[-117.718,35.5053],[-117.718,35.5052],[-117.7179,35.5052],[-117.7179,35.5051],[-117.7178,35.505],[-117.7177,35.505],[-117.7177,35.5049],[-117.7176,35.5049],[-117.7176,35.5048],[-117.7175,35.5048],[-117.7175,35.5047],[-117.7174,35.5046],[-117.7174,35.5045],[-117.7173,35.5044],[-117.7172,35.5043],[-117.7172,35.5042],[-117.7171,35.5042],[-117.7171,35.5041],[-117.717,35.504],[-117.7169,35.5039],[-117.7168,35.5038],[-117.7167,35.5037],[-117.7167,35.5036],[-117.7166,35.5036],[-117.7166,35.5035],[-117.7165,35.5035],[-117.7165,35.5034],[-117.7164,35.5034],[-117.7164,35.5033],[-117.7164,35.5032],[-117.7163,35.5032],[-117.7163,35.5031],[-117.7162,35.503],[-117.7161,35.5029],[-117.716,35.5028],[-117.716,35.5027],[-117.7159,35.5027],[-117.7159,35.5026],[-117.7158,35.5025],[-117.7157,35.5024],[-117.7156,35.5023],[-117.7156,35.5022],[-117.7155,35.5022],[-117.7155,35.5021],[-117.7154,35.502],[-117.7153,35.5019],[-117.7153,35.5018],[-117.7152,35.5018],[-117.7152,35.5017],[-117.7151,35.5016],[-117.715,35.5015],[-117.7149,35.5014],[-117.7149,35.5013],[-117.7148,35.5013],[-117.7148,35.5012],[-117.7147,35.5011],[-117.7147,35.501],[-117.7146,35.5009],[-117.7145,35.5009],[-117.7145,35.5008],[-117.7144,35.5007],[-117.7144,35.5006],[-117.7143,35.5006],[-117.7143,35.5005],[-117.7142,35.5004],[-117.7141,35.5003],[-117.7141,35.5002],[-117.714,35.5002],[-117.714,35.5001],[-117.7139,35.5001],[-117.7139,35.5],[-117.7138,35.4999],[-117.7138,35.4998]]}},{"type":"Feature","properties":{"id":null,"name":null,"kind":"road","access":"green","seasonal":false},"geometry":{"type":"LineString","coordinates":[[-117.7595,35.4792],[-117.7596,35.4792],[-117.7597,35.4792],[-117.7598,35.4792],[-117.7599,35.4792],[-117.76,35.4792],[-117.7601,35.4792],[-117.7602,35.4792],[-117.7603,35.4792],[-117.7603,35.4793],[-117.7604,35.4793],[-117.7604,35.4794],[-117.7605,35.4794],[-117.7605,35.4795],[-117.7606,35.4795],[-117.7607,35.4795],[-117.7608,35.4795],[-117.7609,35.4795],[-117.761,35.4796],[-117.7611,35.4796],[-117.7611,35.4797],[-117.7611,35.4798],[-117.7612,35.4798],[-117.7612,35.4799],[-117.7612,35.48],[-117.7611,35.4801],[-117.7611,35.4802],[-117.761,35.4803]]}},{"type":"Feature","properties":{"id":null,"name":null,"kind":"road","access":"green","seasonal":false},"geometry":{"type":"LineString","coordinates":[[-117.7608,35.4973],[-117.7608,35.4972],[-117.7608,35.4971],[-117.7607,35.4971],[-117.7607,35.497],[-117.7607,35.4969],[-117.7606,35.4969],[-117.7606,35.4968],[-117.7606,35.4967],[-117.7606,35.4966],[-117.7606,35.4965],[-117.7605,35.4964],[-117.7605,35.4963],[-117.7604,35.4963],[-117.7604,35.4962],[-117.7604,35.4961],[-117.7604,35.496],[-117.7604,35.4959],[-117.7603,35.4959],[-117.7603,35.4958],[-117.7602,35.4958],[-117.7602,35.4957],[-117.7602,35.4956],[-117.7602,35.4955],[-117.7602,35.4954],[-117.7602,35.4953],[-117.7601,35.4953],[-117.7601,35.4952],[-117.76,35.4952],[-117.7599,35.4951],[-117.7599,35.495],[-117.7598,35.495],[-117.7597,35.4949],[-117.7596,35.4948],[-117.7596,35.4947],[-117.7595,35.4946],[-117.7594,35.4945],[-117.7593,35.4944],[-117.7593,35.4943],[-117.7592,35.4942],[-117.7591,35.4941],[-117.7591,35.494],[-117.759,35.494],[-117.759,35.4939],[-117.759,35.4938],[-117.7589,35.4938],[-117.7589,35.4937],[-117.7589,35.4936],[-117.7589,35.4935],[-117.759,35.4935],[-117.759,35.4934],[-117.7591,35.4934],[-117.7591,35.4933],[-117.7592,35.4933],[-117.7592,35.4932]]}},{"type":"Feature","properties":{"id":null,"name":null,"kind":"road","access":"green","seasonal":false},"geometry":{"type":"LineString","coordinates":[[-117.6788,35.4713],[-117.6789,35.4714],[-117.6791,35.4715],[-117.6792,35.4717],[-117.6794,35.4719],[-117.6795,35.4721],[-117.6796,35.4722],[-117.6796,35.4723],[-117.6796,35.4724],[-117.6797,35.4725],[-117.6797,35.4726],[-117.6798,35.4727],[-117.6799,35.4729],[-117.68,35.4731],[-117.6801,35.4734],[-117.6802,35.4736],[-117.6803,35.4738],[-117.6804,35.474],[-117.6805,35.4743],[-117.6806,35.4745],[-117.6807,35.4748],[-117.6809,35.475],[-117.681,35.4753],[-117.6811,35.4755],[-117.6812,35.4758],[-117.6814,35.4761],[-117.6814,35.4763],[-117.6814,35.4766],[-117.6814,35.4769],[-117.6814,35.4771],[-117.6814,35.4774],[-117.6813,35.4776],[-117.6813,35.4778],[-117.6812,35.478],[-117.6811,35.4781],[-117.681,35.4781],[-117.6809,35.4781],[-117.6808,35.478],[-117.6807,35.478],[-117.6807,35.4779],[-117.6806,35.4779],[-117.6805,35.4778],[-117.6804,35.4777],[-117.6802,35.4776],[-117.6801,35.4775],[-117.6799,35.4774],[-117.6798,35.4773],[-117.6797,35.4773],[-117.6795,35.4774],[-117.6795,35.4775],[-117.6795,35.4776],[-117.6796,35.4777],[-117.6797,35.4778],[-117.6798,35.478],[-117.6799,35.4781],[-117.68,35.4782],[-117.68,35.4784],[-117.6801,35.4785],[-117.6802,35.4787],[-117.6804,35.4788],[-117.6804,35.479],[-117.6805,35.4791],[-117.6806,35.4793],[-117.6807,35.4794],[-117.6808,35.4795],[-117.6809,35.4796],[-117.6811,35.4796],[-117.6813,35.4796],[-117.6814,35.4796],[-117.6815,35.4797],[-117.6818,35.4798],[-117.682,35.4798],[-117.6821,35.4798],[-117.6822,35.4798],[-117.6824,35.4797],[-117.6827,35.4796],[-117.683,35.4795]]}},{"type":"Feature","properties":{"id":null,"name":null,"kind":"road","access":"green","seasonal":false},"geometry":{"type":"LineString","coordinates":[[-117.8881,35.4299],[-117.8881,35.4298],[-117.888,35.4297],[-117.888,35.4296],[-117.888,35.4295],[-117.888,35.4294],[-117.8879,35.4293],[-117.8879,35.4291],[-117.8879,35.429],[-117.8878,35.4289],[-117.8878,35.4288],[-117.8878,35.4287],[-117.8878,35.4286],[-117.8878,35.4285],[-117.8879,35.4284],[-117.8879,35.4282],[-117.888,35.4281],[-117.888,35.428],[-117.8881,35.4279],[-117.8881,35.4278],[-117.8881,35.4277],[-117.8881,35.4276],[-117.888,35.4275]]}},{"type":"Feature","properties":{"id":null,"name":null,"kind":"road","access":"green","seasonal":false},"geometry":{"type":"LineString","coordinates":[[-117.9116,35.4523],[-117.9117,35.4523]]}},{"type":"Feature","properties":{"id":null,"name":null,"kind":"road","access":"green","seasonal":false},"geometry":{"type":"LineString","coordinates":[[-117.9191,35.4654],[-117.9191,35.4652],[-117.9192,35.4652],[-117.9192,35.4651],[-117.9192,35.465],[-117.9193,35.4649],[-117.9193,35.4648],[-117.9193,35.4647],[-117.9194,35.4646],[-117.9194,35.4644],[-117.9194,35.4643],[-117.9194,35.4642],[-117.9195,35.4641],[-117.9195,35.464],[-117.9195,35.4639],[-117.9196,35.4638],[-117.9196,35.4637],[-117.9196,35.4636],[-117.9197,35.4635],[-117.9197,35.4634],[-117.9198,35.4632],[-117.9198,35.4631],[-117.9198,35.463],[-117.9199,35.4629],[-117.9199,35.4628],[-117.9199,35.4627],[-117.92,35.4626],[-117.92,35.4625],[-117.92,35.4624],[-117.9201,35.4623],[-117.9201,35.4622],[-117.9201,35.4621],[-117.9202,35.462],[-117.9202,35.4619],[-117.9202,35.4618],[-117.9203,35.4617],[-117.9203,35.4616],[-117.9204,35.4615],[-117.9204,35.4614],[-117.9204,35.4613],[-117.9205,35.4612],[-117.9205,35.4611],[-117.9205,35.461],[-117.9206,35.4609],[-117.9206,35.4608],[-117.9206,35.4607],[-117.9207,35.4606],[-117.9207,35.4605],[-117.9208,35.4604],[-117.9209,35.4603],[-117.9209,35.4601],[-117.921,35.46],[-117.921,35.4599],[-117.9211,35.4598],[-117.9211,35.4597],[-117.9211,35.4596],[-117.921,35.4596],[-117.921,35.4595],[-117.921,35.4594],[-117.921,35.4593],[-117.921,35.4592],[-117.9211,35.4591],[-117.9212,35.459],[-117.9212,35.4589],[-117.9213,35.4588],[-117.9213,35.4587],[-117.9214,35.4586],[-117.9214,35.4585],[-117.9214,35.4584],[-117.9215,35.4583],[-117.9216,35.4583],[-117.9217,35.4582],[-117.9218,35.4582],[-117.9219,35.4581],[-117.922,35.4581],[-117.9221,35.4581],[-117.9221,35.458],[-117.9222,35.4579],[-117.9223,35.4579],[-117.9224,35.4578],[-117.9225,35.4577],[-117.9226,35.4577],[-117.9227,35.4576],[-117.9227,35.4575],[-117.9228,35.4575],[-117.9228,35.4574],[-117.9229,35.4574],[-117.923,35.4574],[-117.9231,35.4575],[-117.9231,35.4576]]}},{"type":"Feature","properties":{"id":null,"name":null,"kind":"road","access":"green","seasonal":false},"geometry":{"type":"LineString","coordinates":[[-117.8556,35.4356],[-117.8556,35.4357],[-117.8557,35.4357],[-117.8558,35.4358],[-117.8559,35.4359],[-117.856,35.4359],[-117.8561,35.436],[-117.8561,35.4361],[-117.8562,35.4361],[-117.8563,35.4362],[-117.8564,35.4363],[-117.8565,35.4363],[-117.8566,35.4364],[-117.8567,35.4364],[-117.8568,35.4365],[-117.8568,35.4366],[-117.8569,35.4367],[-117.857,35.4367],[-117.8571,35.4368],[-117.8572,35.4368],[-117.8573,35.4369],[-117.8574,35.437],[-117.8576,35.437],[-117.8577,35.4371],[-117.8578,35.4372],[-117.8579,35.4372],[-117.858,35.4373],[-117.8581,35.4374],[-117.8582,35.4374],[-117.8584,35.4375],[-117.8585,35.4376],[-117.8586,35.4377],[-117.8587,35.4377],[-117.8587,35.4378],[-117.8588,35.4378],[-117.8589,35.4379],[-117.859,35.4379],[-117.8591,35.438],[-117.8592,35.4381],[-117.8593,35.4382],[-117.8594,35.4383],[-117.8595,35.4384],[-117.8596,35.4384],[-117.8597,35.4385],[-117.8598,35.4385],[-117.8599,35.4386],[-117.86,35.4387],[-117.8601,35.4388],[-117.8602,35.4389],[-117.8603,35.4389],[-117.8604,35.439],[-117.8605,35.4391],[-117.8606,35.4392],[-117.8607,35.4393],[-117.8608,35.4393],[-117.8609,35.4394],[-117.861,35.4395],[-117.861,35.4396],[-117.861,35.4397],[-117.8611,35.4397],[-117.8612,35.4397],[-117.8613,35.4398],[-117.8614,35.4398],[-117.8615,35.4398],[-117.8616,35.4398],[-117.8616,35.4397]]}},{"type":"Feature","properties":{"id":"EP161","name":"EP161","kind":"road","access":"green","seasonal":false},"geometry":{"type":"LineString","coordinates":[[-117.7881,35.454],[-117.7882,35.454],[-117.7883,35.4539],[-117.7884,35.4539],[-117.7884,35.4538],[-117.7885,35.4538],[-117.7886,35.4537],[-117.7887,35.4537],[-117.7888,35.4536],[-117.7889,35.4536],[-117.7889,35.4535],[-117.789,35.4535],[-117.7891,35.4534],[-117.7893,35.4534],[-117.7894,35.4533],[-117.7895,35.4533],[-117.7896,35.4533],[-117.7897,35.4532],[-117.7898,35.4532],[-117.7899,35.4532],[-117.79,35.4531],[-117.7901,35.4531],[-117.7902,35.453],[-117.7904,35.453],[-117.7905,35.4529],[-117.7906,35.4529],[-117.7907,35.4528],[-117.7908,35.4527],[-117.7909,35.4527],[-117.791,35.4526],[-117.7911,35.4525],[-117.7912,35.4524],[-117.7913,35.4523],[-117.7913,35.4522],[-117.7914,35.4522],[-117.7915,35.4521],[-117.7915,35.452],[-117.7916,35.4519],[-117.7916,35.4518],[-117.7917,35.4518],[-117.7917,35.4517],[-117.7918,35.4517],[-117.7918,35.4516],[-117.7918,35.4515],[-117.7919,35.4515],[-117.7919,35.4514],[-117.792,35.4514],[-117.792,35.4513]]}},{"type":"Feature","properties":{"id":null,"name":null,"kind":"road","access":"green","seasonal":false},"geometry":{"type":"LineString","coordinates":[[-117.7995,35.4453],[-117.7996,35.4454],[-117.7997,35.4455],[-117.7998,35.4455],[-117.7999,35.4456],[-117.8,35.4457],[-117.8001,35.4458],[-117.8001,35.4459],[-117.8002,35.446],[-117.8002,35.4461],[-117.8003,35.4462],[-117.8004,35.4463],[-117.8004,35.4464],[-117.8005,35.4465],[-117.8005,35.4466],[-117.8005,35.4467],[-117.8006,35.4468],[-117.8006,35.4469],[-117.8006,35.447],[-117.8006,35.4471],[-117.8006,35.4472],[-117.8006,35.4473],[-117.8006,35.4474],[-117.8006,35.4475],[-117.8007,35.4476],[-117.8007,35.4477],[-117.8008,35.4478],[-117.8008,35.4479],[-117.8009,35.448],[-117.801,35.4481],[-117.801,35.4482],[-117.8011,35.4482],[-117.8011,35.4483],[-117.8012,35.4484],[-117.8012,35.4485],[-117.8013,35.4485],[-117.8013,35.4486],[-117.8014,35.4486],[-117.8014,35.4487],[-117.8015,35.4488],[-117.8016,35.449],[-117.8016,35.4491],[-117.8017,35.4491],[-117.8018,35.4492],[-117.8019,35.4493],[-117.802,35.4494],[-117.802,35.4495],[-117.8021,35.4496],[-117.8022,35.4497],[-117.8023,35.4498],[-117.8024,35.4498],[-117.8025,35.4499],[-117.8026,35.45],[-117.8027,35.45],[-117.8028,35.4501],[-117.8029,35.4501],[-117.8029,35.4502],[-117.803,35.4502],[-117.803,35.4503],[-117.8031,35.4503],[-117.8031,35.4504],[-117.8032,35.4504],[-117.8032,35.4505],[-117.8032,35.4506],[-117.8033,35.4506],[-117.8033,35.4507],[-117.8034,35.4508],[-117.8034,35.4509],[-117.8035,35.4509],[-117.8035,35.451],[-117.8036,35.4511],[-117.8037,35.4512],[-117.8037,35.4513],[-117.8037,35.4514],[-117.8037,35.4515],[-117.8038,35.4515],[-117.8038,35.4516],[-117.8039,35.4516],[-117.8039,35.4517],[-117.804,35.4517],[-117.804,35.4518],[-117.8041,35.4518],[-117.8041,35.4519],[-117.8041,35.452],[-117.8042,35.452],[-117.8042,35.4521],[-117.8043,35.4522],[-117.8044,35.4523],[-117.8046,35.4523],[-117.8047,35.4524],[-117.8048,35.4525],[-117.8049,35.4525],[-117.8049,35.4526],[-117.805,35.4526],[-117.805,35.4527],[-117.8051,35.4527],[-117.8051,35.4528],[-117.8052,35.4528],[-117.8052,35.4529],[-117.8052,35.453],[-117.8053,35.4531],[-117.8053,35.4532],[-117.8053,35.4533],[-117.8054,35.4533],[-117.8054,35.4534],[-117.8054,35.4535],[-117.8055,35.4535],[-117.8055,35.4536],[-117.8055,35.4537],[-117.8056,35.4537],[-117.8057,35.4538],[-117.8058,35.4538],[-117.8058,35.4539],[-117.8059,35.4539],[-117.8059,35.454],[-117.806,35.454],[-117.806,35.4541],[-117.8061,35.4541],[-117.8061,35.4542],[-117.8061,35.4543],[-117.8062,35.4543],[-117.8062,35.4544],[-117.8063,35.4544],[-117.8064,35.4545],[-117.8065,35.4545],[-117.8065,35.4546],[-117.8066,35.4546],[-117.8066,35.4547],[-117.8067,35.4547],[-117.8067,35.4548],[-117.8068,35.4548],[-117.8069,35.4548],[-117.8069,35.4549],[-117.807,35.4549]]}},{"type":"Feature","properties":{"id":null,"name":null,"kind":"road","access":"green","seasonal":false},"geometry":{"type":"LineString","coordinates":[[-117.7555,35.4701],[-117.7556,35.47],[-117.7557,35.4699],[-117.7558,35.4699],[-117.7559,35.4698],[-117.756,35.4698],[-117.7561,35.4697],[-117.7562,35.4697],[-117.7563,35.4696],[-117.7564,35.4695],[-117.7565,35.4695],[-117.7566,35.4694],[-117.7567,35.4694],[-117.7568,35.4693],[-117.7568,35.4692],[-117.7569,35.4692],[-117.757,35.4691],[-117.7571,35.469],[-117.7572,35.4689],[-117.7573,35.4689],[-117.7574,35.4689],[-117.7576,35.4688],[-117.7577,35.4688],[-117.7578,35.4688],[-117.7579,35.4688],[-117.758,35.4688],[-117.7581,35.4687],[-117.7582,35.4687],[-117.7582,35.4686],[-117.7583,35.4685],[-117.7584,35.4685],[-117.7585,35.4684],[-117.7586,35.4683],[-117.7587,35.4683],[-117.7588,35.4683],[-117.7589,35.4682],[-117.7589,35.4681],[-117.759,35.4681],[-117.7591,35.468],[-117.7591,35.4679],[-117.7592,35.4678],[-117.7593,35.4677],[-117.7594,35.4676],[-117.7595,35.4675],[-117.7596,35.4674],[-117.7598,35.4673],[-117.7599,35.4673],[-117.76,35.4672],[-117.7601,35.4672],[-117.7602,35.4671],[-117.7603,35.4671],[-117.7604,35.467],[-117.7605,35.4669],[-117.7605,35.4668],[-117.7606,35.4667],[-117.7606,35.4666]]}},{"type":"Feature","properties":{"id":null,"name":null,"kind":"road","access":"green","seasonal":false},"geometry":{"type":"LineString","coordinates":[[-117.7732,35.48],[-117.7731,35.48],[-117.7731,35.4799],[-117.7731,35.4798],[-117.7732,35.4798],[-117.7732,35.4797],[-117.7733,35.4797],[-117.7733,35.4796],[-117.7733,35.4795],[-117.7734,35.4794],[-117.7734,35.4793],[-117.7734,35.4792],[-117.7733,35.4791],[-117.7734,35.479],[-117.7734,35.4789],[-117.7735,35.4789],[-117.7735,35.4788],[-117.7734,35.4788],[-117.7734,35.4787],[-117.7734,35.4786],[-117.7734,35.4785],[-117.7734,35.4784],[-117.7735,35.4784],[-117.7735,35.4783],[-117.7736,35.4783],[-117.7736,35.4782],[-117.7736,35.4781],[-117.7736,35.478],[-117.7736,35.4779],[-117.7737,35.4778],[-117.7737,35.4777],[-117.7738,35.4777],[-117.7738,35.4776]]}},{"type":"Feature","properties":{"id":null,"name":null,"kind":"road","access":"green","seasonal":false},"geometry":{"type":"LineString","coordinates":[[-117.8083,35.4404],[-117.8082,35.4404],[-117.8082,35.4405],[-117.8081,35.4406],[-117.8081,35.4407],[-117.808,35.4408],[-117.8079,35.4409],[-117.8079,35.441],[-117.8078,35.4411],[-117.8077,35.4411],[-117.8077,35.4412],[-117.8077,35.4413],[-117.8076,35.4413],[-117.8076,35.4414],[-117.8075,35.4415],[-117.8074,35.4416],[-117.8074,35.4417],[-117.8073,35.4419],[-117.8072,35.442],[-117.8071,35.4421],[-117.8071,35.4423],[-117.807,35.4424],[-117.8069,35.4425],[-117.8069,35.4426],[-117.8068,35.4426],[-117.8067,35.4427],[-117.8066,35.4428],[-117.8065,35.4429],[-117.8064,35.443],[-117.8063,35.443],[-117.8062,35.4431],[-117.8061,35.4432],[-117.806,35.4433],[-117.8058,35.4435],[-117.8057,35.4436],[-117.8056,35.4438],[-117.8055,35.444],[-117.8054,35.4441],[-117.8053,35.4442],[-117.8053,35.4443],[-117.8052,35.4444],[-117.805,35.4445],[-117.8049,35.4446],[-117.8047,35.4446],[-117.8045,35.4447],[-117.8044,35.4447],[-117.8043,35.4447],[-117.8042,35.4447],[-117.804,35.4448],[-117.8039,35.4448],[-117.8037,35.4449],[-117.8035,35.4449],[-117.8034,35.445],[-117.8032,35.445],[-117.803,35.4451],[-117.8029,35.4451],[-117.8027,35.4451],[-117.8025,35.4451],[-117.8024,35.4451],[-117.8022,35.4451],[-117.802,35.4451],[-117.8018,35.4451],[-117.8017,35.4451],[-117.8015,35.4452],[-117.8013,35.4452],[-117.8012,35.4452],[-117.801,35.4452],[-117.8009,35.4452],[-117.8008,35.4452],[-117.8008,35.4451]]}},{"type":"Feature","properties":{"id":null,"name":null,"kind":"road","access":"green","seasonal":false},"geometry":{"type":"LineString","coordinates":[[-117.6631,35.4994],[-117.6627,35.4987],[-117.6624,35.4979],[-117.662,35.4972],[-117.6607,35.4943],[-117.6606,35.4942],[-117.6595,35.4918],[-117.659,35.4906],[-117.6572,35.4867],[-117.6565,35.4852],[-117.6557,35.4835],[-117.655,35.482],[-117.6548,35.4815]]}},{"type":"Feature","properties":{"id":null,"name":null,"kind":"road","access":"green","seasonal":false},"geometry":{"type":"LineString","coordinates":[[-117.7049,35.4915],[-117.7048,35.4915],[-117.7047,35.4915],[-117.7046,35.4916],[-117.7045,35.4916],[-117.7044,35.4916],[-117.7043,35.4917],[-117.7042,35.4917],[-117.7041,35.4918],[-117.704,35.4918],[-117.7039,35.4918],[-117.7037,35.4919],[-117.7035,35.4919],[-117.7033,35.4918],[-117.7031,35.4918],[-117.703,35.4917],[-117.7028,35.4917],[-117.7026,35.4916],[-117.7024,35.4916],[-117.7023,35.4915],[-117.7021,35.4915],[-117.702,35.4915],[-117.7019,35.4915],[-117.7018,35.4915],[-117.7017,35.4915],[-117.7016,35.4915],[-117.7015,35.4915],[-117.7014,35.4914],[-117.7013,35.4914],[-117.7012,35.4914],[-117.7011,35.4914],[-117.7009,35.4914],[-117.7008,35.4914],[-117.7007,35.4914],[-117.7006,35.4914],[-117.7005,35.4914],[-117.7004,35.4914],[-117.7003,35.4914],[-117.7002,35.4914],[-117.7001,35.4914],[-117.7,35.4914],[-117.6999,35.4914],[-117.6998,35.4914],[-117.6997,35.4914],[-117.6996,35.4914],[-117.6995,35.4914],[-117.6994,35.4914],[-117.6992,35.4914],[-117.6991,35.4914],[-117.699,35.4915],[-117.6989,35.4915],[-117.6988,35.4915],[-117.6987,35.4915],[-117.6985,35.4915],[-117.6984,35.4915],[-117.6983,35.4915],[-117.6982,35.4915],[-117.6981,35.4915],[-117.698,35.4915],[-117.6979,35.4915],[-117.6977,35.4915],[-117.6976,35.4915],[-117.6975,35.4915],[-117.6974,35.4914],[-117.6973,35.4914],[-117.6973,35.4913],[-117.6972,35.4912],[-117.6971,35.4911],[-117.697,35.4911],[-117.6969,35.491],[-117.6968,35.491],[-117.6967,35.491],[-117.6966,35.4909],[-117.6965,35.4909],[-117.6964,35.4909],[-117.6963,35.4909],[-117.6961,35.4909],[-117.696,35.491],[-117.6959,35.491],[-117.6958,35.491],[-117.6956,35.491],[-117.6955,35.491],[-117.6954,35.4911],[-117.6953,35.4911],[-117.6952,35.4911],[-117.695,35.4911],[-117.6949,35.4911],[-117.6948,35.4911],[-117.6946,35.4912],[-117.6945,35.4912],[-117.6944,35.4912],[-117.6943,35.4912],[-117.6941,35.4912],[-117.694,35.4912],[-117.6939,35.4912],[-117.6937,35.4912],[-117.6936,35.4912],[-117.6935,35.4912],[-117.6933,35.4912],[-117.6932,35.4912],[-117.6931,35.4912],[-117.6929,35.4912],[-117.6928,35.4912],[-117.6927,35.4912],[-117.6926,35.4912],[-117.6925,35.4912],[-117.6923,35.4912],[-117.6922,35.4911],[-117.6921,35.4911],[-117.692,35.4911],[-117.6919,35.4911],[-117.6918,35.4911],[-117.6917,35.491],[-117.6916,35.491],[-117.6914,35.491],[-117.6913,35.4909],[-117.6912,35.4909],[-117.6911,35.4909],[-117.691,35.4908],[-117.6909,35.4908],[-117.6908,35.4908],[-117.6907,35.4908],[-117.6906,35.4908],[-117.6905,35.4907],[-117.6904,35.4907],[-117.6903,35.4907],[-117.6902,35.4906],[-117.6901,35.4906],[-117.69,35.4906],[-117.6899,35.4906],[-117.6898,35.4906],[-117.6897,35.4906],[-117.6896,35.4907],[-117.6895,35.4907],[-117.6894,35.4908],[-117.6893,35.4908],[-117.6892,35.4909],[-117.6891,35.491],[-117.689,35.491],[-117.689,35.4911],[-117.6889,35.4911],[-117.6888,35.4912],[-117.6887,35.4912],[-117.6886,35.4912],[-117.6885,35.4912],[-117.6884,35.4912],[-117.6883,35.4912],[-117.6882,35.4912],[-117.6881,35.4913],[-117.688,35.4913],[-117.6879,35.4914],[-117.6878,35.4914],[-117.6877,35.4915],[-117.6876,35.4915],[-117.6875,35.4916],[-117.6874,35.4917],[-117.6873,35.4918],[-117.6872,35.4919],[-117.6871,35.492],[-117.687,35.4921],[-117.687,35.4922],[-117.6869,35.4923],[-117.6869,35.4924],[-117.6869,35.4925],[-117.6869,35.4926],[-117.6868,35.4926],[-117.6868,35.4927],[-117.6868,35.4928],[-117.6867,35.4929],[-117.6866,35.493],[-117.6865,35.493],[-117.6864,35.4931],[-117.6863,35.4931],[-117.6862,35.4932],[-117.6861,35.4932],[-117.6861,35.4933],[-117.686,35.4933],[-117.6859,35.4934],[-117.6858,35.4934],[-117.6858,35.4935],[-117.6857,35.4935],[-117.6857,35.4936],[-117.6856,35.4937],[-117.6856,35.4938],[-117.6856,35.4939],[-117.6856,35.494],[-117.6857,35.4941],[-117.6857,35.4942],[-117.6857,35.4943],[-117.6858,35.4944],[-117.6858,35.4945],[-117.6858,35.4946],[-117.6858,35.4947],[-117.6857,35.4947],[-117.6856,35.4948]]}},{"type":"Feature","properties":{"id":null,"name":null,"kind":"road","access":"green","seasonal":false},"geometry":{"type":"LineString","coordinates":[[-117.6957,35.5002],[-117.6958,35.5002],[-117.6959,35.5002],[-117.696,35.5003],[-117.6961,35.5003],[-117.6962,35.5003],[-117.6962,35.5004],[-117.6963,35.5004],[-117.6964,35.5004],[-117.6964,35.5005],[-117.6965,35.5005],[-117.6966,35.5005],[-117.6967,35.5006],[-117.6968,35.5006],[-117.6969,35.5006],[-117.697,35.5007],[-117.6972,35.5007],[-117.6973,35.5007],[-117.6974,35.5008],[-117.6975,35.5008],[-117.6977,35.5008],[-117.6978,35.5008],[-117.6979,35.5009],[-117.6981,35.5009],[-117.6982,35.5009],[-117.6984,35.5009],[-117.6985,35.501],[-117.6987,35.501],[-117.6988,35.5009],[-117.699,35.5009],[-117.6991,35.5009],[-117.6992,35.5009],[-117.6993,35.5009],[-117.6994,35.5009],[-117.6996,35.5008],[-117.6997,35.5008],[-117.6998,35.5008],[-117.6999,35.5008],[-117.7,35.5008],[-117.7001,35.5008],[-117.7002,35.5008],[-117.7003,35.5007],[-117.7005,35.5007],[-117.7006,35.5007],[-117.7007,35.5007],[-117.7009,35.5007],[-117.701,35.5007],[-117.7011,35.5007],[-117.7013,35.5006],[-117.7014,35.5006],[-117.7015,35.5006],[-117.7017,35.5006],[-117.7018,35.5006],[-117.7019,35.5005],[-117.7021,35.5005],[-117.7022,35.5005],[-117.7023,35.5004],[-117.7024,35.5004],[-117.7025,35.5004],[-117.7026,35.5003],[-117.7027,35.5003],[-117.7029,35.5002],[-117.703,35.5002],[-117.7031,35.5002],[-117.7032,35.5002],[-117.7033,35.5001],[-117.7034,35.5001],[-117.7036,35.5001],[-117.7037,35.5],[-117.7039,35.5],[-117.704,35.5],[-117.7042,35.4999],[-117.7044,35.4999],[-117.7045,35.4998],[-117.7047,35.4997],[-117.7049,35.4997],[-117.705,35.4996],[-117.7052,35.4996],[-117.7053,35.4995],[-117.7055,35.4994],[-117.7056,35.4994],[-117.7058,35.4993],[-117.706,35.4992],[-117.7061,35.4992],[-117.7063,35.4991],[-117.7065,35.499],[-117.7068,35.4989],[-117.707,35.4987]]}},{"type":"Feature","properties":{"id":null,"name":null,"kind":"road","access":"green","seasonal":false},"geometry":{"type":"LineString","coordinates":[[-117.6559,35.4826],[-117.6561,35.4827],[-117.6561,35.4828],[-117.6562,35.4828],[-117.6563,35.4829],[-117.6564,35.4829],[-117.6564,35.483],[-117.6565,35.483],[-117.6566,35.4831],[-117.6567,35.4832],[-117.6568,35.4833],[-117.6569,35.4833],[-117.657,35.4833],[-117.6571,35.4834],[-117.6572,35.4834],[-117.6573,35.4835],[-117.6574,35.4836],[-117.6575,35.4836],[-117.6575,35.4837],[-117.6576,35.4838],[-117.6577,35.4838],[-117.6578,35.4839],[-117.6578,35.484],[-117.6579,35.484],[-117.658,35.484],[-117.658,35.4841],[-117.6581,35.4841],[-117.6582,35.4842],[-117.6583,35.4842],[-117.6584,35.4843],[-117.6585,35.4843],[-117.6586,35.4844],[-117.6587,35.4844],[-117.6588,35.4844],[-117.6588,35.4845],[-117.6589,35.4845],[-117.6589,35.4846],[-117.659,35.4846],[-117.659,35.4847],[-117.6591,35.4847],[-117.6591,35.4848],[-117.6592,35.4848],[-117.6593,35.4849],[-117.6594,35.4849],[-117.6595,35.485],[-117.6596,35.485],[-117.6597,35.485],[-117.6598,35.4851],[-117.6599,35.4851],[-117.66,35.4852],[-117.6601,35.4852],[-117.6602,35.4853],[-117.6603,35.4853],[-117.6604,35.4853],[-117.6605,35.4854],[-117.6606,35.4854],[-117.6607,35.4855],[-117.6608,35.4855],[-117.6609,35.4856],[-117.661,35.4856],[-117.6611,35.4856],[-117.6611,35.4857],[-117.6612,35.4857],[-117.6613,35.4857],[-117.6613,35.4858],[-117.6614,35.4858],[-117.6615,35.4859],[-117.6616,35.4859],[-117.6617,35.486],[-117.6618,35.486],[-117.6619,35.486],[-117.662,35.4861],[-117.6621,35.4861],[-117.6622,35.4861],[-117.6623,35.4862],[-117.6624,35.4862],[-117.6625,35.4862],[-117.6626,35.4862],[-117.6627,35.4863],[-117.6628,35.4863],[-117.6628,35.4864],[-117.6629,35.4864],[-117.663,35.4864],[-117.6631,35.4865],[-117.6632,35.4865],[-117.6632,35.4866],[-117.6633,35.4866],[-117.6634,35.4866],[-117.6635,35.4867],[-117.6636,35.4867],[-117.6636,35.4868],[-117.6637,35.4868],[-117.6638,35.4869],[-117.6639,35.4869],[-117.664,35.487],[-117.6641,35.487],[-117.6642,35.4871],[-117.6643,35.4871],[-117.6644,35.4872],[-117.6645,35.4872],[-117.6646,35.4872],[-117.6646,35.4873],[-117.6647,35.4873],[-117.6648,35.4873],[-117.6649,35.4874],[-117.665,35.4874],[-117.6651,35.4875],[-117.6652,35.4875],[-117.6653,35.4875],[-117.6654,35.4876],[-117.6655,35.4876],[-117.6656,35.4876],[-117.6657,35.4876],[-117.6658,35.4877],[-117.666,35.4877],[-117.6661,35.4877],[-117.6662,35.4877],[-117.6663,35.4877],[-117.6664,35.4878],[-117.6665,35.4878],[-117.6666,35.4878],[-117.6667,35.4878],[-117.6668,35.4878],[-117.6669,35.4878],[-117.667,35.4878],[-117.6671,35.4879],[-117.6672,35.4879],[-117.6673,35.4879],[-117.6674,35.4879],[-117.6675,35.4879],[-117.6676,35.4879],[-117.6677,35.4879],[-117.6678,35.4879],[-117.6679,35.4879],[-117.668,35.4879],[-117.6681,35.488],[-117.6682,35.488],[-117.6683,35.488],[-117.6685,35.488],[-117.6686,35.488],[-117.6688,35.488],[-117.6689,35.488],[-117.669,35.488],[-117.6692,35.488],[-117.6693,35.488],[-117.6694,35.488],[-117.6695,35.488],[-117.6696,35.488],[-117.6697,35.488],[-117.6698,35.488]]}},{"type":"Feature","properties":{"id":null,"name":null,"kind":"road","access":"green","seasonal":false},"geometry":{"type":"LineString","coordinates":[[-117.8078,35.4539],[-117.8078,35.454],[-117.8078,35.4541],[-117.8077,35.4542],[-117.8076,35.4543],[-117.8075,35.4543],[-117.8074,35.4544],[-117.8074,35.4545],[-117.8073,35.4546],[-117.8072,35.4546],[-117.8072,35.4547],[-117.8071,35.4548],[-117.807,35.4548],[-117.807,35.4549],[-117.8069,35.455],[-117.8068,35.4551],[-117.8068,35.4552],[-117.8067,35.4552],[-117.8067,35.4553],[-117.8067,35.4554],[-117.8066,35.4555],[-117.8066,35.4556],[-117.8066,35.4557],[-117.8066,35.4558],[-117.8066,35.4559],[-117.8065,35.4559],[-117.8065,35.456],[-117.8065,35.4561],[-117.8066,35.4561],[-117.8066,35.4562],[-117.8066,35.4563],[-117.8065,35.4564],[-117.8064,35.4564],[-117.8064,35.4565],[-117.8064,35.4566],[-117.8063,35.4567],[-117.8062,35.4568],[-117.8062,35.4569],[-117.8062,35.457],[-117.8062,35.4571],[-117.8061,35.4571],[-117.8061,35.4572]]}},{"type":"Feature","properties":{"id":null,"name":null,"kind":"road","access":"green","seasonal":false},"geometry":{"type":"LineString","coordinates":[[-117.7704,35.4739],[-117.7705,35.4738],[-117.7706,35.4738],[-117.7707,35.4738],[-117.7708,35.4737],[-117.7709,35.4737],[-117.771,35.4737],[-117.7711,35.4737],[-117.7712,35.4736],[-117.7712,35.4737],[-117.7713,35.4737],[-117.7714,35.4737],[-117.7715,35.4737],[-117.7716,35.4737],[-117.7717,35.4737],[-117.7718,35.4737],[-117.7719,35.4737],[-117.7719,35.4736],[-117.772,35.4736]]}},{"type":"Feature","properties":{"id":null,"name":null,"kind":"road","access":"green","seasonal":false},"geometry":{"type":"LineString","coordinates":[[-117.6655,35.423],[-117.6655,35.4232],[-117.6655,35.4234],[-117.6655,35.4236],[-117.6654,35.4237],[-117.6654,35.424],[-117.6653,35.4244],[-117.6653,35.4246],[-117.6653,35.4248],[-117.6653,35.4249],[-117.6652,35.4251],[-117.6652,35.4253],[-117.6652,35.4255],[-117.6653,35.4257],[-117.6654,35.4259],[-117.6655,35.4262],[-117.6657,35.4266],[-117.6658,35.4268],[-117.6659,35.4271],[-117.6661,35.4274],[-117.6662,35.4276],[-117.6663,35.4278],[-117.6664,35.4279],[-117.6665,35.4282],[-117.6665,35.4284],[-117.6667,35.4286],[-117.6668,35.4289],[-117.6669,35.4292],[-117.667,35.4293],[-117.6671,35.4294],[-117.6672,35.4297],[-117.6672,35.4299],[-117.6673,35.4301],[-117.6674,35.4303],[-117.6676,35.4306],[-117.6677,35.431],[-117.6679,35.4313],[-117.668,35.4316],[-117.6681,35.4317],[-117.6682,35.4319],[-117.6683,35.4321],[-117.6683,35.4323],[-117.6684,35.4324],[-117.6684,35.4325],[-117.6685,35.4328],[-117.6687,35.433],[-117.6687,35.4331],[-117.6688,35.4332],[-117.6688,35.4333],[-117.6689,35.4335],[-117.6692,35.4341],[-117.6693,35.4343],[-117.6694,35.4345],[-117.6695,35.4345],[-117.6697,35.4347],[-117.67,35.4348],[-117.6702,35.435],[-117.6705,35.4351]]}},{"type":"Feature","properties":{"id":null,"name":null,"kind":"road","access":"green","seasonal":false},"geometry":{"type":"LineString","coordinates":[[-117.8603,35.4137],[-117.8602,35.4137],[-117.8601,35.4137],[-117.86,35.4137],[-117.8599,35.4137],[-117.8598,35.4137],[-117.8597,35.4137],[-117.8596,35.4136],[-117.8595,35.4136],[-117.8594,35.4136],[-117.8593,35.4135],[-117.8592,35.4135],[-117.8591,35.4134],[-117.859,35.4134],[-117.8589,35.4134],[-117.8588,35.4134],[-117.8587,35.4134],[-117.8586,35.4133],[-117.8585,35.4133],[-117.8584,35.4133],[-117.8584,35.4134]]}},{"type":"Feature","properties":{"id":null,"name":null,"kind":"road","access":"green","seasonal":false},"geometry":{"type":"LineString","coordinates":[[-117.715,35.4619],[-117.7151,35.4618],[-117.7151,35.4617],[-117.7151,35.4616],[-117.7151,35.4615],[-117.7151,35.4614],[-117.7151,35.4613],[-117.7152,35.4612],[-117.7152,35.4611],[-117.7153,35.461],[-117.7153,35.4609],[-117.7153,35.4608],[-117.7153,35.4607],[-117.7153,35.4606],[-117.7154,35.4605],[-117.7154,35.4604],[-117.7154,35.4603],[-117.7153,35.4603],[-117.7153,35.4602],[-117.7152,35.4602],[-117.7151,35.4602],[-117.7151,35.4601],[-117.715,35.4601],[-117.7149,35.4601],[-117.7148,35.4601],[-117.7147,35.4601],[-117.7146,35.46],[-117.7145,35.46],[-117.7145,35.4599],[-117.7144,35.4599],[-117.7144,35.4598],[-117.7143,35.4598],[-117.7142,35.4598],[-117.7142,35.4597],[-117.7141,35.4597],[-117.7141,35.4596],[-117.714,35.4595],[-117.714,35.4594],[-117.7139,35.4594],[-117.7139,35.4593],[-117.7139,35.4592],[-117.7138,35.4592],[-117.7138,35.4591],[-117.7138,35.459],[-117.7137,35.459],[-117.7137,35.4589],[-117.7137,35.4588],[-117.7136,35.4588],[-117.7136,35.4587],[-117.7135,35.4587],[-117.7135,35.4586],[-117.7134,35.4586],[-117.7134,35.4585],[-117.7134,35.4584],[-117.7133,35.4584],[-117.7133,35.4583],[-117.7132,35.4582],[-117.7132,35.4581],[-117.7132,35.458],[-117.7131,35.4579],[-117.713,35.4579],[-117.7129,35.4578],[-117.7128,35.4577],[-117.7128,35.4576],[-117.7127,35.4576],[-117.7127,35.4575],[-117.7126,35.4574],[-117.7125,35.4573],[-117.7125,35.4572],[-117.7124,35.4571],[-117.7123,35.457],[-117.7123,35.4569],[-117.7122,35.4569],[-117.7122,35.4568],[-117.7122,35.4567],[-117.7122,35.4566],[-117.7121,35.4565],[-117.7121,35.4564],[-117.7121,35.4563],[-117.712,35.4563],[-117.712,35.4562],[-117.7119,35.4561],[-117.7119,35.456],[-117.7118,35.4559],[-117.7118,35.4558],[-117.7118,35.4557],[-117.7119,35.4557],[-117.7119,35.4556],[-117.712,35.4555],[-117.712,35.4554],[-117.7121,35.4554],[-117.7121,35.4553],[-117.7121,35.4552],[-117.7121,35.4551],[-117.7121,35.455],[-117.7121,35.4549],[-117.7121,35.4548],[-117.7121,35.4547],[-117.712,35.4546],[-117.712,35.4545],[-117.712,35.4544],[-117.7121,35.4543],[-117.7121,35.4542],[-117.7121,35.4541],[-117.7121,35.454],[-117.7121,35.4539],[-117.7121,35.4538],[-117.7121,35.4537],[-117.7122,35.4537],[-117.7122,35.4536],[-117.7123,35.4536],[-117.7123,35.4535],[-117.7124,35.4534],[-117.7124,35.4533],[-117.7125,35.4533],[-117.7125,35.4532],[-117.7126,35.4531],[-117.7126,35.453],[-117.7127,35.453],[-117.7127,35.4529],[-117.7127,35.4528],[-117.7128,35.4528],[-117.7128,35.4527],[-117.7129,35.4526],[-117.7129,35.4525],[-117.7129,35.4524],[-117.713,35.4524],[-117.713,35.4523],[-117.7131,35.4523],[-117.7131,35.4522],[-117.7131,35.4521],[-117.7132,35.452],[-117.7132,35.4519],[-117.7133,35.4519],[-117.7132,35.4518],[-117.7132,35.4517],[-117.7131,35.4517],[-117.7131,35.4516],[-117.713,35.4516],[-117.7129,35.4515],[-117.7128,35.4515],[-117.7127,35.4514],[-117.7126,35.4514],[-117.7126,35.4513],[-117.7125,35.4512],[-117.7124,35.4512],[-117.7123,35.4512],[-117.7122,35.4513],[-117.7121,35.4513],[-117.7121,35.4512],[-117.712,35.4512],[-117.7119,35.4513],[-117.7118,35.4513],[-117.7117,35.4513],[-117.7116,35.4513],[-117.7115,35.4513],[-117.7114,35.4513],[-117.7113,35.4513],[-117.7112,35.4514],[-117.7111,35.4514],[-117.711,35.4514],[-117.7109,35.4514],[-117.7108,35.4514],[-117.7107,35.4514],[-117.7106,35.4514],[-117.7105,35.4514],[-117.7103,35.4514],[-117.7102,35.4514],[-117.7102,35.4515],[-117.7101,35.4515],[-117.71,35.4516],[-117.7099,35.4516],[-117.7098,35.4517],[-117.7097,35.4517],[-117.7096,35.4517],[-117.7095,35.4517],[-117.7095,35.4516],[-117.7094,35.4516],[-117.7093,35.4516],[-117.7093,35.4515],[-117.7092,35.4515],[-117.7091,35.4514],[-117.709,35.4513],[-117.7089,35.4512],[-117.7088,35.4512],[-117.7088,35.4511],[-117.7087,35.4511],[-117.7086,35.451],[-117.7085,35.4509],[-117.7084,35.4508],[-117.7083,35.4507],[-117.7082,35.4507],[-117.7081,35.4507],[-117.708,35.4506],[-117.7079,35.4506],[-117.7078,35.4506],[-117.7077,35.4505],[-117.7076,35.4505],[-117.7076,35.4504],[-117.7075,35.4504],[-117.7074,35.4503],[-117.7073,35.4502],[-117.7072,35.4501],[-117.7071,35.4501],[-117.7071,35.45],[-117.707,35.45],[-117.7069,35.45],[-117.7068,35.45],[-117.7067,35.45],[-117.7066,35.45],[-117.7065,35.45],[-117.7065,35.4499],[-117.7064,35.4499],[-117.7063,35.4499],[-117.7062,35.4499],[-117.7061,35.4499],[-117.706,35.4499],[-117.7059,35.4499],[-117.7059,35.4498],[-117.7058,35.4497],[-117.7058,35.4496],[-117.7057,35.4496],[-117.7057,35.4495],[-117.7057,35.4494],[-117.7057,35.4493],[-117.7056,35.4492],[-117.7056,35.4491],[-117.7057,35.449],[-117.7057,35.4489],[-117.7057,35.4488],[-117.7058,35.4488],[-117.7058,35.4487],[-117.7058,35.4486],[-117.7059,35.4486],[-117.7059,35.4485],[-117.7059,35.4484],[-117.706,35.4484],[-117.706,35.4483],[-117.706,35.4482],[-117.706,35.4481],[-117.706,35.448],[-117.706,35.4479],[-117.7061,35.4478],[-117.7061,35.4477],[-117.7061,35.4476],[-117.7061,35.4475],[-117.7062,35.4475],[-117.7062,35.4474],[-117.7062,35.4473],[-117.7062,35.4472],[-117.7063,35.4472],[-117.7063,35.4471],[-117.7063,35.447],[-117.7063,35.4469],[-117.7063,35.4468],[-117.7063,35.4467],[-117.7063,35.4466],[-117.7063,35.4465],[-117.7063,35.4464],[-117.7062,35.4464],[-117.7062,35.4463],[-117.7062,35.4462],[-117.7062,35.4461],[-117.7062,35.446],[-117.7062,35.4459],[-117.7061,35.4459],[-117.7061,35.4458],[-117.706,35.4457],[-117.7059,35.4456],[-117.7059,35.4455],[-117.7058,35.4455],[-117.7058,35.4454],[-117.7057,35.4454],[-117.7057,35.4453],[-117.7056,35.4453],[-117.7056,35.4452],[-117.7055,35.4451],[-117.7054,35.445],[-117.7053,35.4449],[-117.7052,35.4449],[-117.7051,35.4449],[-117.705,35.4448],[-117.7049,35.4448],[-117.7048,35.4447],[-117.7047,35.4446],[-117.7046,35.4446],[-117.7045,35.4445],[-117.7044,35.4444],[-117.7043,35.4444],[-117.7043,35.4443],[-117.7042,35.4442],[-117.7042,35.4441],[-117.7041,35.4441],[-117.704,35.444],[-117.7039,35.4439],[-117.7038,35.4439],[-117.7037,35.4439],[-117.7036,35.4438],[-117.7035,35.4438],[-117.7034,35.4437],[-117.7033,35.4437],[-117.7032,35.4436],[-117.7031,35.4436],[-117.703,35.4436],[-117.7029,35.4435],[-117.7028,35.4435],[-117.7027,35.4436],[-117.7026,35.4435],[-117.7025,35.4435],[-117.7025,35.4434],[-117.7024,35.4434],[-117.7023,35.4433],[-117.7022,35.4433],[-117.7022,35.4432],[-117.7021,35.4432],[-117.702,35.4432],[-117.702,35.4431],[-117.7019,35.4431],[-117.7018,35.443],[-117.7017,35.4429],[-117.7016,35.4429],[-117.7016,35.4428],[-117.7015,35.4427],[-117.7015,35.4426],[-117.7016,35.4426],[-117.7016,35.4425],[-117.7016,35.4424],[-117.7016,35.4423],[-117.7016,35.4422],[-117.7016,35.4421]]}},{"type":"Feature","properties":{"id":null,"name":null,"kind":"road","access":"green","seasonal":false},"geometry":{"type":"LineString","coordinates":[[-117.6756,35.4858],[-117.6757,35.4859],[-117.6756,35.4859],[-117.6756,35.486],[-117.6756,35.4861],[-117.6755,35.4862],[-117.6755,35.4863],[-117.6755,35.4864],[-117.6755,35.4865],[-117.6755,35.4866],[-117.6754,35.4866],[-117.6754,35.4867],[-117.6754,35.4868],[-117.6754,35.4869],[-117.6754,35.487],[-117.6755,35.4871],[-117.6755,35.4872],[-117.6755,35.4873],[-117.6755,35.4874],[-117.6755,35.4875],[-117.6755,35.4876],[-117.6756,35.4877],[-117.6756,35.4878],[-117.6756,35.4879],[-117.6756,35.488],[-117.6756,35.4881],[-117.6756,35.4882],[-117.6756,35.4883],[-117.6757,35.4884],[-117.6757,35.4885],[-117.6757,35.4886],[-117.6758,35.4887],[-117.6758,35.4888],[-117.6759,35.4889],[-117.676,35.489],[-117.6761,35.4891]]}},{"type":"Feature","properties":{"id":null,"name":null,"kind":"road","access":"green","seasonal":false},"geometry":{"type":"LineString","coordinates":[[-117.6884,35.4772],[-117.6884,35.4771],[-117.6882,35.477],[-117.6881,35.4769],[-117.688,35.4768],[-117.6879,35.4767],[-117.6878,35.4766],[-117.6877,35.4764],[-117.6876,35.4763],[-117.6875,35.4762],[-117.6874,35.476],[-117.6874,35.4759],[-117.6873,35.4757],[-117.6872,35.4756],[-117.6871,35.4755],[-117.687,35.4753],[-117.6869,35.4752],[-117.6868,35.475],[-117.6867,35.4749],[-117.6867,35.4747],[-117.6866,35.4746],[-117.6865,35.4744],[-117.6863,35.4743],[-117.6861,35.4743],[-117.6859,35.4742],[-117.6856,35.4741],[-117.6854,35.474],[-117.6851,35.4739],[-117.6849,35.4738],[-117.6847,35.4738],[-117.6844,35.4737],[-117.6842,35.4736],[-117.684,35.4735],[-117.6837,35.4734],[-117.6835,35.4733],[-117.6833,35.4732],[-117.6831,35.4731],[-117.6829,35.473],[-117.6826,35.4728],[-117.6824,35.4727],[-117.6822,35.4726],[-117.6819,35.4725],[-117.6817,35.4725],[-117.6814,35.4724],[-117.6811,35.4723],[-117.6809,35.4722],[-117.6806,35.4721],[-117.6804,35.472],[-117.6801,35.4719],[-117.6799,35.4717],[-117.6796,35.4716],[-117.6793,35.4715],[-117.6791,35.4714],[-117.6788,35.4713]]}},{"type":"Feature","properties":{"id":null,"name":null,"kind":"road","access":"green","seasonal":false},"geometry":{"type":"LineString","coordinates":[[-117.7618,35.4747],[-117.7619,35.4746],[-117.762,35.4746],[-117.7621,35.4746],[-117.7622,35.4745],[-117.7623,35.4745],[-117.7623,35.4744],[-117.7624,35.4744],[-117.7625,35.4744],[-117.7626,35.4743],[-117.7627,35.4743],[-117.7628,35.4742],[-117.7629,35.4742],[-117.763,35.4741],[-117.7631,35.474],[-117.7632,35.474],[-117.7633,35.474],[-117.7633,35.4739],[-117.7634,35.4738],[-117.7635,35.4738],[-117.7635,35.4737],[-117.7636,35.4737],[-117.7636,35.4736],[-117.7637,35.4736],[-117.7637,35.4735],[-117.7637,35.4734],[-117.7638,35.4734],[-117.7639,35.4733],[-117.764,35.4733],[-117.7641,35.4733],[-117.7642,35.4733],[-117.7643,35.4733],[-117.7643,35.4734],[-117.7644,35.4734],[-117.7645,35.4734],[-117.7645,35.4735],[-117.7646,35.4735],[-117.7647,35.4735],[-117.7647,35.4736],[-117.7648,35.4736],[-117.7649,35.4737],[-117.7649,35.4738],[-117.765,35.4738],[-117.7651,35.4739],[-117.7652,35.474],[-117.7653,35.474],[-117.7654,35.474],[-117.7655,35.474],[-117.7656,35.474],[-117.7657,35.4739],[-117.7658,35.4739],[-117.7658,35.4738],[-117.7659,35.4738],[-117.766,35.4738],[-117.7661,35.4738],[-117.7662,35.4738],[-117.7663,35.4738],[-117.7664,35.4738],[-117.7665,35.4738],[-117.7665,35.4739],[-117.7666,35.4739],[-117.7666,35.474],[-117.7667,35.4741],[-117.7667,35.4742],[-117.7668,35.4742],[-117.7668,35.4743],[-117.7669,35.4743],[-117.767,35.4743],[-117.7671,35.4743],[-117.7672,35.4744],[-117.7673,35.4744],[-117.7674,35.4744],[-117.7675,35.4745],[-117.7676,35.4746],[-117.7677,35.4746],[-117.7677,35.4747],[-117.7678,35.4747],[-117.7679,35.4747],[-117.7679,35.4748],[-117.768,35.4748],[-117.7681,35.4748],[-117.7682,35.4748],[-117.7683,35.4748],[-117.7684,35.4748],[-117.7685,35.4748],[-117.7686,35.4748],[-117.7687,35.4748],[-117.7687,35.4747],[-117.7688,35.4747],[-117.7689,35.4747],[-117.7689,35.4746],[-117.769,35.4746],[-117.7691,35.4746],[-117.7692,35.4746],[-117.7693,35.4745],[-117.7694,35.4745],[-117.7695,35.4745],[-117.7695,35.4744],[-117.7696,35.4744],[-117.7697,35.4744],[-117.7698,35.4743],[-117.7699,35.4743],[-117.77,35.4743],[-117.77,35.4742],[-117.7701,35.4742],[-117.7701,35.4741],[-117.7702,35.4741],[-117.7702,35.474],[-117.7703,35.474],[-117.7704,35.4739],[-117.7705,35.4738],[-117.7705,35.4737],[-117.7706,35.4737],[-117.7706,35.4736],[-117.7706,35.4735],[-117.7707,35.4734],[-117.7707,35.4733],[-117.7708,35.4733],[-117.7708,35.4732],[-117.7708,35.4731],[-117.7709,35.4731],[-117.7709,35.473],[-117.7709,35.4729],[-117.771,35.4729],[-117.771,35.4728]]}},{"type":"Feature","properties":{"id":null,"name":null,"kind":"road","access":"green","seasonal":false},"geometry":{"type":"LineString","coordinates":[[-117.9272,35.4481],[-117.9271,35.4481],[-117.9271,35.4482],[-117.927,35.4482],[-117.927,35.4483],[-117.9269,35.4483],[-117.9269,35.4484],[-117.9268,35.4484],[-117.9267,35.4485],[-117.9267,35.4486],[-117.9266,35.4486],[-117.9266,35.4487],[-117.9265,35.4487],[-117.9265,35.4488],[-117.9264,35.4488],[-117.9264,35.4489],[-117.9263,35.4489],[-117.9262,35.449],[-117.9261,35.4491],[-117.926,35.4492],[-117.9259,35.4493],[-117.9258,35.4493],[-117.9258,35.4494],[-117.9257,35.4495],[-117.9256,35.4496],[-117.9255,35.4497],[-117.9254,35.4498],[-117.9253,35.4499],[-117.9252,35.4499],[-117.9251,35.45],[-117.925,35.4501],[-117.9249,35.4502],[-117.9248,35.4502],[-117.9247,35.4503],[-117.9246,35.4503],[-117.9245,35.4504],[-117.9244,35.4504],[-117.9244,35.4505],[-117.9243,35.4505],[-117.9242,35.4506],[-117.9241,35.4506],[-117.9241,35.4507],[-117.924,35.4507],[-117.9239,35.4508],[-117.9238,35.4508],[-117.9237,35.4509],[-117.9236,35.4509],[-117.9235,35.451],[-117.9234,35.4511],[-117.9233,35.4511],[-117.9232,35.4511],[-117.9231,35.4512],[-117.923,35.4513],[-117.9229,35.4513],[-117.9228,35.4514],[-117.9227,35.4514],[-117.9227,35.4515],[-117.9226,35.4515],[-117.9225,35.4516],[-117.9224,35.4517],[-117.9223,35.4517],[-117.9223,35.4518],[-117.9222,35.4518],[-117.9222,35.4519],[-117.9221,35.4519],[-117.922,35.452],[-117.9219,35.4521],[-117.9218,35.4521],[-117.9218,35.4522],[-117.9217,35.4522],[-117.9216,35.4522],[-117.9216,35.4523],[-117.9215,35.4524],[-117.9214,35.4524],[-117.9213,35.4525],[-117.9212,35.4525],[-117.9211,35.4526],[-117.9211,35.4527],[-117.921,35.4527],[-117.9209,35.4528],[-117.9208,35.4529],[-117.9207,35.4529],[-117.9207,35.453],[-117.9206,35.453],[-117.9205,35.4531],[-117.9204,35.4532],[-117.9203,35.4533],[-117.9202,35.4534],[-117.9201,35.4535],[-117.9201,35.4536],[-117.92,35.4536],[-117.9199,35.4537],[-117.9198,35.4538],[-117.9197,35.4539],[-117.9197,35.454],[-117.9196,35.454],[-117.9196,35.4541],[-117.9195,35.4542],[-117.9194,35.4543],[-117.9193,35.4543],[-117.9193,35.4544],[-117.9192,35.4544],[-117.9192,35.4545],[-117.9191,35.4546],[-117.919,35.4546],[-117.9189,35.4547],[-117.9188,35.4548],[-117.9187,35.4548],[-117.9186,35.4549],[-117.9185,35.455],[-117.9184,35.455],[-117.9183,35.4551],[-117.9182,35.4552],[-117.9181,35.4553],[-117.918,35.4554],[-117.9179,35.4554],[-117.9179,35.4555],[-117.9178,35.4555],[-117.9178,35.4556],[-117.9177,35.4556],[-117.9177,35.4557],[-117.9176,35.4557],[-117.9176,35.4558],[-117.9175,35.4558],[-117.9175,35.4559],[-117.9174,35.4559],[-117.9173,35.4559],[-117.9173,35.456],[-117.9172,35.4561],[-117.9171,35.4561],[-117.917,35.4562],[-117.9169,35.4562],[-117.9168,35.4563],[-117.9167,35.4563],[-117.9167,35.4564],[-117.9166,35.4564],[-117.9165,35.4565],[-117.9164,35.4565],[-117.9163,35.4566],[-117.9162,35.4566],[-117.9161,35.4567],[-117.916,35.4567],[-117.9159,35.4568],[-117.9158,35.4568],[-117.9157,35.4569],[-117.9156,35.4569],[-117.9155,35.4569],[-117.9154,35.457],[-117.9153,35.457],[-117.9152,35.4571],[-117.9151,35.4571],[-117.915,35.4572],[-117.9149,35.4572],[-117.9148,35.4573],[-117.9147,35.4573],[-117.9146,35.4574],[-117.9145,35.4574],[-117.9144,35.4575],[-117.9142,35.4575],[-117.9141,35.4576],[-117.914,35.4576],[-117.9138,35.4576],[-117.9137,35.4577],[-117.9136,35.4577],[-117.9135,35.4577],[-117.9134,35.4578],[-117.9133,35.4578],[-117.9132,35.4579],[-117.9131,35.4579],[-117.913,35.4579],[-117.9129,35.458],[-117.9128,35.458],[-117.9127,35.458],[-117.9126,35.458],[-117.9125,35.4581],[-117.9124,35.4581],[-117.9122,35.4581],[-117.912,35.4581],[-117.9119,35.4581],[-117.9117,35.4582],[-117.9116,35.4582],[-117.9115,35.4582],[-117.9114,35.4582]]}},{"type":"Feature","properties":{"id":null,"name":null,"kind":"road","access":"green","seasonal":false},"geometry":{"type":"LineString","coordinates":[[-117.6569,35.4556],[-117.657,35.4556],[-117.6571,35.4556],[-117.6572,35.4556],[-117.6572,35.4555],[-117.6573,35.4555],[-117.6574,35.4554],[-117.6575,35.4553],[-117.6576,35.4553],[-117.6578,35.4553],[-117.6579,35.4552],[-117.658,35.4552],[-117.6582,35.4552],[-117.6583,35.4551],[-117.6584,35.4551],[-117.6586,35.4551],[-117.6587,35.455],[-117.6589,35.4551],[-117.659,35.4551],[-117.6591,35.4551],[-117.6592,35.4551],[-117.6593,35.4551],[-117.6594,35.455],[-117.6595,35.455],[-117.6595,35.4549],[-117.6596,35.4549],[-117.6596,35.4548],[-117.6597,35.4548],[-117.6597,35.4547],[-117.6598,35.4546],[-117.6599,35.4545],[-117.6599,35.4544],[-117.6599,35.4543],[-117.6599,35.4542],[-117.6599,35.4541],[-117.6599,35.454],[-117.66,35.4539],[-117.66,35.4538],[-117.6601,35.4537],[-117.6601,35.4536],[-117.6602,35.4536],[-117.6603,35.4536],[-117.6604,35.4536],[-117.6605,35.4535],[-117.6606,35.4535],[-117.6607,35.4535],[-117.6608,35.4535],[-117.6609,35.4535],[-117.661,35.4535],[-117.6611,35.4535],[-117.6612,35.4535],[-117.6613,35.4535],[-117.6614,35.4535],[-117.6615,35.4535],[-117.6616,35.4535],[-117.6617,35.4535],[-117.6618,35.4535],[-117.6619,35.4535],[-117.662,35.4535],[-117.6621,35.4535],[-117.6622,35.4535],[-117.6622,35.4534],[-117.6623,35.4534],[-117.6624,35.4534],[-117.6625,35.4534],[-117.6626,35.4534],[-117.6627,35.4534],[-117.6628,35.4534],[-117.663,35.4534],[-117.6631,35.4534],[-117.6632,35.4534],[-117.6633,35.4534],[-117.6634,35.4534],[-117.6635,35.4533],[-117.6636,35.4533],[-117.6637,35.4532],[-117.6638,35.4532],[-117.6639,35.4531],[-117.664,35.4531],[-117.6641,35.4531],[-117.6642,35.453],[-117.6643,35.453],[-117.6644,35.4529],[-117.6645,35.4529],[-117.6646,35.4528],[-117.6647,35.4528],[-117.6648,35.4528],[-117.6648,35.4527],[-117.6649,35.4527],[-117.665,35.4527],[-117.6651,35.4526],[-117.6652,35.4526],[-117.6653,35.4525],[-117.6654,35.4525],[-117.6655,35.4524],[-117.6656,35.4524],[-117.6657,35.4524],[-117.6658,35.4523],[-117.6659,35.4523],[-117.666,35.4522],[-117.6661,35.4522],[-117.6662,35.4521],[-117.6663,35.4521],[-117.6664,35.4521],[-117.6664,35.452],[-117.6665,35.452],[-117.6666,35.452],[-117.6666,35.4519],[-117.6667,35.4519],[-117.6667,35.4518]]}},{"type":"Feature","properties":{"id":null,"name":null,"kind":"road","access":"green","seasonal":false},"geometry":{"type":"LineString","coordinates":[[-117.7707,35.4411],[-117.7706,35.4411],[-117.7705,35.4412],[-117.7704,35.4412],[-117.7704,35.4413],[-117.7703,35.4414],[-117.7702,35.4414],[-117.7702,35.4415],[-117.7701,35.4415],[-117.7701,35.4416],[-117.77,35.4417],[-117.7699,35.4417],[-117.7698,35.4417],[-117.7697,35.4418],[-117.7696,35.4418],[-117.7696,35.4419],[-117.7695,35.442],[-117.7695,35.4421],[-117.7694,35.4422],[-117.7694,35.4423],[-117.7694,35.4424],[-117.7693,35.4424],[-117.7693,35.4425],[-117.7693,35.4426],[-117.7693,35.4427],[-117.7692,35.4427],[-117.7692,35.4428],[-117.7692,35.4429],[-117.7692,35.443],[-117.7692,35.4431],[-117.7692,35.4432],[-117.7691,35.4432],[-117.7691,35.4433],[-117.7691,35.4434],[-117.769,35.4435],[-117.769,35.4436],[-117.769,35.4437],[-117.7691,35.4437],[-117.7691,35.4438],[-117.7692,35.4438],[-117.7693,35.4439],[-117.7694,35.444],[-117.7695,35.444],[-117.7695,35.4441],[-117.7696,35.4441],[-117.7697,35.4441],[-117.7698,35.4442],[-117.7699,35.4442],[-117.77,35.4442],[-117.7701,35.4443],[-117.7702,35.4443],[-117.7703,35.4444],[-117.7704,35.4444],[-117.7705,35.4445],[-117.7705,35.4446],[-117.7706,35.4446],[-117.7707,35.4446],[-117.7708,35.4447],[-117.7709,35.4448],[-117.771,35.4449],[-117.771,35.445],[-117.7711,35.4451],[-117.7712,35.4451],[-117.7712,35.4452],[-117.7713,35.4453],[-117.7714,35.4453],[-117.7715,35.4453],[-117.7716,35.4453],[-117.7717,35.4453],[-117.7718,35.4453],[-117.7718,35.4454],[-117.7719,35.4455],[-117.7719,35.4456],[-117.772,35.4457],[-117.7721,35.4457],[-117.7721,35.4458],[-117.7722,35.4459],[-117.7722,35.446],[-117.7723,35.4461],[-117.7723,35.4462],[-117.7724,35.4463],[-117.7725,35.4464],[-117.7725,35.4465],[-117.7725,35.4466],[-117.7725,35.4467],[-117.7724,35.4467],[-117.7724,35.4468],[-117.7723,35.4469],[-117.7723,35.447],[-117.7724,35.4471],[-117.7724,35.447],[-117.7725,35.447],[-117.7726,35.447],[-117.7727,35.4469],[-117.7728,35.4469],[-117.7729,35.4468],[-117.773,35.4468],[-117.7731,35.4467],[-117.7732,35.4467],[-117.7733,35.4467],[-117.7734,35.4467],[-117.7735,35.4467],[-117.7736,35.4467],[-117.7737,35.4467],[-117.7738,35.4467],[-117.7738,35.4468],[-117.7738,35.4469],[-117.7738,35.447],[-117.7738,35.4471],[-117.7738,35.4472],[-117.7738,35.4473],[-117.7739,35.4474],[-117.774,35.4475],[-117.7741,35.4475],[-117.7741,35.4476],[-117.7742,35.4476],[-117.7743,35.4477],[-117.7743,35.4478],[-117.7744,35.4479],[-117.7745,35.4479],[-117.7745,35.448],[-117.7746,35.448],[-117.7746,35.4481],[-117.7747,35.4481],[-117.7748,35.4481],[-117.7749,35.4481],[-117.775,35.4482],[-117.7751,35.4482],[-117.7752,35.4482],[-117.7753,35.4482],[-117.7754,35.4482],[-117.7755,35.4482],[-117.7756,35.4482],[-117.7757,35.4482],[-117.7758,35.4482],[-117.7759,35.4483],[-117.776,35.4483],[-117.7761,35.4483],[-117.7762,35.4484],[-117.7763,35.4484],[-117.7764,35.4484],[-117.7765,35.4484],[-117.7766,35.4484],[-117.7766,35.4483]]}},{"type":"Feature","properties":{"id":null,"name":null,"kind":"road","access":"green","seasonal":false},"geometry":{"type":"LineString","coordinates":[[-117.8543,35.4354],[-117.8543,35.4353],[-117.8543,35.4352],[-117.8543,35.4351],[-117.8542,35.435],[-117.8542,35.4349],[-117.8542,35.4348],[-117.8542,35.4347],[-117.8542,35.4346],[-117.8542,35.4345],[-117.8542,35.4344],[-117.8541,35.4343],[-117.8541,35.4342],[-117.854,35.4341],[-117.8539,35.434],[-117.8538,35.4339],[-117.8538,35.4338],[-117.8537,35.4337],[-117.8536,35.4336],[-117.8537,35.4332],[-117.8537,35.4331]]}},{"type":"Feature","properties":{"id":null,"name":null,"kind":"road","access":"green","seasonal":false},"geometry":{"type":"LineString","coordinates":[[-117.8437,35.4289],[-117.8438,35.4289],[-117.8439,35.4288],[-117.844,35.4288],[-117.8441,35.4287],[-117.8441,35.4286],[-117.8441,35.4285],[-117.8441,35.4284],[-117.8441,35.4283],[-117.8442,35.4282],[-117.8442,35.4281],[-117.8443,35.428],[-117.8444,35.4279],[-117.8445,35.4278],[-117.8446,35.4278],[-117.8446,35.4277],[-117.8447,35.4276],[-117.8449,35.4276],[-117.845,35.4275],[-117.8451,35.4275],[-117.8452,35.4274],[-117.8453,35.4274],[-117.8455,35.4273],[-117.8456,35.4273],[-117.8457,35.4272],[-117.8458,35.4271],[-117.8459,35.4271],[-117.846,35.427],[-117.8461,35.4269],[-117.8462,35.4269],[-117.8462,35.4267],[-117.8464,35.4266],[-117.8465,35.4265],[-117.8466,35.4264],[-117.8467,35.4263],[-117.8468,35.4263],[-117.8469,35.4262],[-117.847,35.4261],[-117.8471,35.426],[-117.8472,35.4259],[-117.8473,35.4259],[-117.8473,35.4258]]}},{"type":"Feature","properties":{"id":null,"name":null,"kind":"road","access":"green","seasonal":false},"geometry":{"type":"LineString","coordinates":[[-117.7964,35.4627],[-117.7963,35.4627],[-117.7962,35.4627],[-117.7961,35.4627],[-117.796,35.4627],[-117.7959,35.4627],[-117.7958,35.4627],[-117.7957,35.4627],[-117.7956,35.4627],[-117.7956,35.4628],[-117.7955,35.4628],[-117.7954,35.4628],[-117.7953,35.4628],[-117.7952,35.4628],[-117.7951,35.4628],[-117.795,35.4628],[-117.7948,35.4628],[-117.7947,35.4628],[-117.7946,35.4627],[-117.7944,35.4627],[-117.7943,35.4627],[-117.7942,35.4627],[-117.7941,35.4627],[-117.794,35.4628],[-117.7939,35.4628],[-117.7938,35.4628],[-117.7937,35.4628],[-117.7935,35.4628],[-117.7934,35.4628],[-117.7932,35.4628],[-117.7931,35.4628],[-117.7929,35.4628],[-117.7928,35.4628],[-117.7927,35.4628],[-117.7925,35.4628],[-117.7924,35.4628],[-117.7923,35.4628],[-117.7922,35.4628],[-117.7921,35.4628],[-117.792,35.4628],[-117.7919,35.4628],[-117.7918,35.4628],[-117.7917,35.4628],[-117.7916,35.4628],[-117.7915,35.4628],[-117.7914,35.4628],[-117.7913,35.4628],[-117.7912,35.4628],[-117.7911,35.4628],[-117.7909,35.4628],[-117.7908,35.4628],[-117.7907,35.4628],[-117.7906,35.4628],[-117.7905,35.4628],[-117.7904,35.4627],[-117.7903,35.4627],[-117.7902,35.4627],[-117.7901,35.4627],[-117.79,35.4627],[-117.7899,35.4627],[-117.7898,35.4627],[-117.7897,35.4627],[-117.7896,35.4627],[-117.7895,35.4627],[-117.7894,35.4627],[-117.7893,35.4627],[-117.7892,35.4627],[-117.7891,35.4627],[-117.789,35.4627],[-117.7889,35.4627],[-117.7888,35.4627],[-117.7887,35.4627],[-117.7886,35.4627],[-117.7885,35.4627],[-117.7884,35.4627],[-117.7883,35.4627],[-117.7882,35.4627],[-117.7882,35.4628],[-117.7881,35.4628],[-117.788,35.4628],[-117.7879,35.4628],[-117.7878,35.4628],[-117.7877,35.4628],[-117.7876,35.4628],[-117.7875,35.4629],[-117.7874,35.4629],[-117.7873,35.4629],[-117.7872,35.4629],[-117.7871,35.4629],[-117.787,35.4629],[-117.7869,35.4629],[-117.7868,35.4629],[-117.7867,35.4629],[-117.7866,35.4629],[-117.7865,35.4629],[-117.7864,35.4629],[-117.7863,35.4628],[-117.7862,35.4628],[-117.7861,35.4628],[-117.786,35.4628],[-117.786,35.4627],[-117.7859,35.4627]]}},{"type":"Feature","properties":{"id":null,"name":null,"kind":"road","access":"green","seasonal":false},"geometry":{"type":"LineString","coordinates":[[-117.9298,35.448],[-117.9299,35.4481],[-117.93,35.4481],[-117.93,35.4482],[-117.9301,35.4483],[-117.9302,35.4484],[-117.9303,35.4484],[-117.9304,35.4485],[-117.9305,35.4486],[-117.9306,35.4487],[-117.9308,35.4488],[-117.9309,35.4488],[-117.931,35.4489],[-117.9312,35.449],[-117.9313,35.4491],[-117.9315,35.4492],[-117.9316,35.4493],[-117.9317,35.4494],[-117.9319,35.4494],[-117.932,35.4495],[-117.9321,35.4496],[-117.9322,35.4497],[-117.9323,35.4498],[-117.9325,35.4498],[-117.9326,35.4499],[-117.9328,35.45],[-117.9329,35.4501],[-117.9331,35.4502],[-117.9332,35.4503],[-117.9333,35.4504],[-117.9334,35.4505],[-117.9335,35.4506],[-117.9335,35.4508],[-117.9336,35.4509],[-117.9336,35.451],[-117.9336,35.4512],[-117.9337,35.4513],[-117.9337,35.4514],[-117.9337,35.4515],[-117.9338,35.4517],[-117.9339,35.4518],[-117.9339,35.4519],[-117.934,35.452],[-117.9341,35.4522],[-117.9342,35.4523],[-117.9343,35.4524],[-117.9344,35.4525],[-117.9345,35.4527],[-117.9346,35.4528],[-117.9348,35.4529],[-117.9349,35.453],[-117.9351,35.4531],[-117.9352,35.4532],[-117.9354,35.4533],[-117.9355,35.4533],[-117.9357,35.4534],[-117.9358,35.4535],[-117.936,35.4536],[-117.9361,35.4537],[-117.9363,35.4538],[-117.9364,35.4539],[-117.9365,35.4539],[-117.9366,35.454],[-117.9367,35.454],[-117.9368,35.4541],[-117.9369,35.4541],[-117.9369,35.4542],[-117.937,35.4542],[-117.9372,35.4543],[-117.9373,35.4544],[-117.9375,35.4545],[-117.9377,35.4546],[-117.9379,35.4547],[-117.938,35.4548],[-117.9382,35.4548],[-117.9386,35.4551],[-117.9388,35.4552],[-117.9389,35.4552],[-117.939,35.4553],[-117.9392,35.4553],[-117.9393,35.4554],[-117.9395,35.4554],[-117.9396,35.4555],[-117.9398,35.4555],[-117.9399,35.4556],[-117.94,35.4556],[-117.9402,35.4557],[-117.9403,35.4557],[-117.9405,35.4558],[-117.9406,35.4559],[-117.9408,35.4559],[-117.941,35.456],[-117.9411,35.456],[-117.9413,35.4561],[-117.9415,35.4561],[-117.9416,35.4562],[-117.9418,35.4563],[-117.9419,35.4564],[-117.9421,35.4564],[-117.9422,35.4565],[-117.9424,35.4566],[-117.9426,35.4566],[-117.9427,35.4567],[-117.9429,35.4567],[-117.943,35.4568],[-117.9431,35.4568],[-117.9432,35.4569],[-117.9434,35.4569],[-117.9435,35.4569],[-117.9436,35.4569],[-117.9438,35.457],[-117.944,35.457],[-117.9441,35.457],[-117.9443,35.4571],[-117.9445,35.4572],[-117.9446,35.4572],[-117.9448,35.4573],[-117.9449,35.4575],[-117.9451,35.4576],[-117.9452,35.4577],[-117.9454,35.4579],[-117.9455,35.458],[-117.9456,35.4581],[-117.9458,35.4583],[-117.9459,35.4584],[-117.9461,35.4585],[-117.9462,35.4587],[-117.9463,35.4588],[-117.9465,35.4589],[-117.9466,35.459],[-117.9467,35.4591],[-117.9468,35.4591],[-117.9468,35.4592],[-117.9468,35.4593],[-117.9469,35.4594],[-117.9469,35.4595],[-117.947,35.4597],[-117.947,35.4598],[-117.9471,35.4599],[-117.9471,35.46],[-117.9471,35.4601],[-117.9472,35.4602],[-117.9472,35.4603],[-117.9473,35.4603]]}},{"type":"Feature","properties":{"id":null,"name":null,"kind":"road","access":"green","seasonal":false},"geometry":{"type":"LineString","coordinates":[[-117.7293,35.4742],[-117.7292,35.4742],[-117.7291,35.4742],[-117.729,35.4741],[-117.7289,35.4741],[-117.7288,35.4741],[-117.7287,35.474],[-117.7286,35.474],[-117.7285,35.4739],[-117.7284,35.4739],[-117.7282,35.4738],[-117.7281,35.4738],[-117.728,35.4738],[-117.7279,35.4738],[-117.7278,35.4738],[-117.7277,35.4738],[-117.7276,35.4738],[-117.7274,35.4737]]}},{"type":"Feature","properties":{"id":null,"name":null,"kind":"road","access":"green","seasonal":false},"geometry":{"type":"LineString","coordinates":[[-117.809,35.4085],[-117.809,35.4086],[-117.809,35.4087],[-117.809,35.4088],[-117.809,35.4089],[-117.809,35.409],[-117.809,35.4091],[-117.809,35.4092],[-117.809,35.4094]]}},{"type":"Feature","properties":{"id":null,"name":null,"kind":"road","access":"green","seasonal":false},"geometry":{"type":"LineString","coordinates":[[-117.7013,35.4413],[-117.7012,35.4413],[-117.7011,35.4413],[-117.701,35.4413],[-117.7009,35.4413],[-117.7008,35.4412],[-117.7007,35.4412],[-117.7006,35.4412],[-117.7006,35.4411],[-117.7005,35.4411],[-117.7004,35.4411],[-117.7004,35.441],[-117.7003,35.441],[-117.7002,35.441],[-117.7001,35.441],[-117.7,35.441],[-117.6999,35.4409],[-117.6998,35.4409],[-117.6997,35.4409],[-117.6996,35.4408],[-117.6995,35.4408],[-117.6994,35.4408],[-117.6993,35.4408],[-117.6993,35.4407],[-117.6992,35.4407],[-117.6991,35.4407],[-117.699,35.4407],[-117.6989,35.4407],[-117.6988,35.4407],[-117.6987,35.4407],[-117.6986,35.4407],[-117.6985,35.4407],[-117.6984,35.4407],[-117.6984,35.4406],[-117.6983,35.4406],[-117.6982,35.4405],[-117.6981,35.4404],[-117.698,35.4403],[-117.6979,35.4402],[-117.6978,35.4402],[-117.6977,35.4401],[-117.6976,35.44],[-117.6976,35.4399],[-117.6976,35.4398],[-117.6975,35.4398],[-117.6974,35.4397],[-117.6973,35.4396],[-117.6972,35.4395],[-117.6971,35.4394],[-117.697,35.4394],[-117.6969,35.4393],[-117.6968,35.4393],[-117.6967,35.4393],[-117.6966,35.4393],[-117.6966,35.4392],[-117.6965,35.4392],[-117.6964,35.4392]]}},{"type":"Feature","properties":{"id":null,"name":null,"kind":"road","access":"green","seasonal":false},"geometry":{"type":"LineString","coordinates":[[-117.8652,35.3753],[-117.8648,35.3754],[-117.8644,35.3756],[-117.864,35.3758],[-117.8637,35.3759],[-117.8635,35.376],[-117.8632,35.3761],[-117.8629,35.3762],[-117.8626,35.3763],[-117.8622,35.3765],[-117.8616,35.3767],[-117.8613,35.3769],[-117.8612,35.3769]]}},{"type":"Feature","properties":{"id":null,"name":null,"kind":"road","access":"green","seasonal":false},"geometry":{"type":"LineString","coordinates":[[-117.6911,35.4992],[-117.6911,35.4993],[-117.691,35.4994],[-117.691,35.4995],[-117.6909,35.4996],[-117.6909,35.4997],[-117.6908,35.4998],[-117.6907,35.4999],[-117.6907,35.5],[-117.6906,35.5],[-117.6906,35.5001],[-117.6905,35.5002],[-117.6904,35.5003],[-117.6903,35.5003],[-117.6902,35.5004],[-117.6901,35.5005],[-117.69,35.5006],[-117.6899,35.5007],[-117.6898,35.5008],[-117.6897,35.5009],[-117.6896,35.501],[-117.6895,35.5011],[-117.6894,35.5012],[-117.6894,35.5013],[-117.6893,35.5014],[-117.6892,35.5015],[-117.6892,35.5016],[-117.6891,35.5017],[-117.689,35.5018],[-117.689,35.5019],[-117.6889,35.502],[-117.6889,35.5022],[-117.6888,35.5023],[-117.6887,35.5024],[-117.6887,35.5025],[-117.6886,35.5026]]}},{"type":"Feature","properties":{"id":null,"name":null,"kind":"road","access":"green","seasonal":false},"geometry":{"type":"LineString","coordinates":[[-117.773,35.4619],[-117.7731,35.4619],[-117.7731,35.462],[-117.7731,35.4621],[-117.7731,35.4622],[-117.7731,35.4623],[-117.7731,35.4624]]}},{"type":"Feature","properties":{"id":null,"name":null,"kind":"road","access":"green","seasonal":false},"geometry":{"type":"LineString","coordinates":[[-117.8588,35.4321],[-117.859,35.432],[-117.8591,35.432],[-117.8593,35.4319],[-117.8594,35.4319],[-117.8596,35.4318],[-117.8597,35.4318],[-117.8599,35.4318],[-117.8601,35.4317],[-117.8602,35.4317],[-117.8604,35.4316],[-117.8605,35.4316],[-117.8607,35.4315],[-117.8608,35.4315],[-117.8609,35.4314],[-117.861,35.4313],[-117.8611,35.4313],[-117.8612,35.4313],[-117.8613,35.4312],[-117.8614,35.4312],[-117.8615,35.4312],[-117.8617,35.4312],[-117.8618,35.4312],[-117.8619,35.4312],[-117.862,35.4312],[-117.8622,35.4312],[-117.8623,35.4312],[-117.8624,35.4312],[-117.8625,35.4312],[-117.8627,35.4311],[-117.8628,35.4311],[-117.8629,35.4311],[-117.8631,35.431],[-117.8632,35.431],[-117.8633,35.431],[-117.8634,35.431],[-117.8635,35.431],[-117.8636,35.431],[-117.8637,35.431],[-117.8638,35.4311],[-117.8639,35.4311],[-117.864,35.4311],[-117.8642,35.4311],[-117.8643,35.4311],[-117.8645,35.431],[-117.8646,35.431],[-117.8648,35.431],[-117.865,35.431],[-117.8651,35.431],[-117.8652,35.431],[-117.8653,35.431],[-117.8654,35.431],[-117.8655,35.4309],[-117.8656,35.4308],[-117.8657,35.4308],[-117.8658,35.4307],[-117.8659,35.4307],[-117.8659,35.4306],[-117.866,35.4306],[-117.8661,35.4306],[-117.8661,35.4305],[-117.8662,35.4305],[-117.8663,35.4304],[-117.8663,35.4303],[-117.8664,35.4302],[-117.8664,35.4301],[-117.8665,35.43],[-117.8665,35.4299],[-117.8666,35.4298],[-117.8666,35.4297],[-117.8667,35.4296],[-117.8667,35.4295],[-117.8668,35.4293],[-117.8668,35.4292],[-117.8668,35.4291],[-117.8669,35.429],[-117.867,35.4289],[-117.867,35.4288],[-117.8671,35.4287],[-117.8671,35.4285],[-117.8672,35.4284],[-117.8672,35.4282],[-117.8673,35.4281],[-117.8673,35.4279],[-117.8674,35.4278],[-117.8675,35.4277],[-117.8675,35.4276],[-117.8675,35.4275],[-117.8675,35.4274],[-117.8675,35.4273],[-117.8675,35.4272],[-117.8675,35.4271],[-117.8675,35.427],[-117.8675,35.4268],[-117.8675,35.4267],[-117.8676,35.4266],[-117.8676,35.4265],[-117.8676,35.4264],[-117.8676,35.4263],[-117.8677,35.4263],[-117.8677,35.4262],[-117.8678,35.4262],[-117.8678,35.4261],[-117.8679,35.4261],[-117.8679,35.426],[-117.868,35.426],[-117.8681,35.4259]]}},{"type":"Feature","properties":{"id":null,"name":null,"kind":"road","access":"green","seasonal":false},"geometry":{"type":"LineString","coordinates":[[-117.6962,35.5004],[-117.6962,35.5003],[-117.6962,35.5002],[-117.6961,35.5002],[-117.6961,35.5001],[-117.696,35.5],[-117.6959,35.5],[-117.6959,35.4999],[-117.6958,35.4999],[-117.6958,35.4998],[-117.6957,35.4997],[-117.6956,35.4996],[-117.6956,35.4995],[-117.6957,35.4995],[-117.6957,35.4994],[-117.6957,35.4993],[-117.6957,35.4992],[-117.6957,35.4991],[-117.6957,35.499],[-117.6957,35.4989],[-117.6957,35.4988],[-117.6957,35.4987],[-117.6957,35.4986],[-117.6957,35.4985],[-117.6957,35.4984],[-117.6957,35.4983],[-117.6957,35.4982],[-117.6956,35.4982],[-117.6956,35.4981],[-117.6956,35.498],[-117.6956,35.4979],[-117.6956,35.4978],[-117.6956,35.4977],[-117.6955,35.4977],[-117.6955,35.4976],[-117.6955,35.4975],[-117.6955,35.4974],[-117.6955,35.4973],[-117.6955,35.4972],[-117.6955,35.4971],[-117.6955,35.497],[-117.6955,35.4969],[-117.6955,35.4968],[-117.6955,35.4967],[-117.6955,35.4966],[-117.6955,35.4965],[-117.6955,35.4964],[-117.6955,35.4963],[-117.6955,35.4962],[-117.6954,35.4962],[-117.6954,35.4961],[-117.6954,35.496],[-117.6954,35.4959],[-117.6953,35.4958],[-117.6953,35.4957],[-117.6952,35.4956],[-117.6952,35.4955],[-117.6951,35.4954],[-117.6951,35.4953],[-117.6951,35.4952],[-117.695,35.4952],[-117.695,35.4951],[-117.695,35.495],[-117.6949,35.495],[-117.6949,35.4949],[-117.6949,35.4948],[-117.6949,35.4947],[-117.6949,35.4946],[-117.6949,35.4945],[-117.6949,35.4944],[-117.6949,35.4943],[-117.6949,35.4942],[-117.695,35.4941],[-117.695,35.494],[-117.695,35.4939],[-117.6951,35.4939],[-117.6951,35.4938],[-117.6951,35.4937],[-117.6951,35.4936],[-117.695,35.4936],[-117.695,35.4935],[-117.695,35.4934],[-117.695,35.4933],[-117.6951,35.4933],[-117.6951,35.4932],[-117.6952,35.4932],[-117.6952,35.4931],[-117.6953,35.4931],[-117.6953,35.493],[-117.6954,35.4929],[-117.6954,35.4928],[-117.6955,35.4928],[-117.6954,35.4927],[-117.6955,35.4927],[-117.6954,35.4927],[-117.6954,35.4926],[-117.6954,35.4925],[-117.6954,35.4924],[-117.6954,35.4923],[-117.6954,35.4922],[-117.6954,35.4921],[-117.6953,35.4921],[-117.6953,35.492],[-117.6953,35.4919],[-117.6953,35.4918],[-117.6953,35.4917],[-117.6953,35.4916],[-117.6953,35.4915],[-117.6953,35.4914],[-117.6953,35.4913],[-117.6953,35.4912],[-117.6953,35.4911]]}},{"type":"Feature","properties":{"id":null,"name":null,"kind":"road","access":"green","seasonal":false},"geometry":{"type":"LineString","coordinates":[[-117.7525,35.4483],[-117.7524,35.4483],[-117.7524,35.4484],[-117.7524,35.4485],[-117.7523,35.4485]]}},{"type":"Feature","properties":{"id":null,"name":null,"kind":"road","access":"green","seasonal":false},"geometry":{"type":"LineString","coordinates":[[-117.669,35.4471],[-117.669,35.447],[-117.669,35.4469],[-117.6691,35.4468],[-117.6691,35.4467],[-117.669,35.4466],[-117.669,35.4465],[-117.669,35.4463],[-117.669,35.4462],[-117.669,35.4461],[-117.669,35.446],[-117.669,35.4459],[-117.669,35.4458],[-117.669,35.4457],[-117.669,35.4455],[-117.669,35.4454],[-117.669,35.4453],[-117.669,35.4452],[-117.6691,35.445],[-117.6691,35.4449],[-117.6691,35.4448],[-117.6692,35.4447],[-117.6692,35.4446],[-117.6692,35.4445],[-117.6691,35.4444],[-117.6691,35.4443],[-117.6691,35.4442],[-117.6691,35.4441],[-117.6691,35.444],[-117.669,35.4439],[-117.669,35.4438],[-117.669,35.4436],[-117.669,35.4435],[-117.6689,35.4434],[-117.6689,35.4432],[-117.6689,35.4431],[-117.6689,35.4429],[-117.6689,35.4428],[-117.6689,35.4427],[-117.6689,35.4426],[-117.6689,35.4425],[-117.6689,35.4424],[-117.6689,35.4423],[-117.669,35.4422],[-117.669,35.4421],[-117.6691,35.442],[-117.6692,35.4419],[-117.6693,35.4418],[-117.6693,35.4416],[-117.6694,35.4415],[-117.6694,35.4414],[-117.6694,35.4413],[-117.6694,35.4412],[-117.6694,35.4411],[-117.6694,35.441],[-117.6694,35.4408],[-117.6694,35.4407],[-117.6694,35.4406],[-117.6694,35.4405],[-117.6694,35.4404],[-117.6694,35.4402],[-117.6694,35.4401],[-117.6694,35.4399],[-117.6694,35.4398],[-117.6694,35.4396],[-117.6694,35.4395],[-117.6694,35.4393],[-117.6693,35.4391],[-117.6693,35.439],[-117.6693,35.4389],[-117.6693,35.4388],[-117.6693,35.4387],[-117.6693,35.4386],[-117.6693,35.4385],[-117.6692,35.4385],[-117.6692,35.4384],[-117.6692,35.4383],[-117.6692,35.4382],[-117.6692,35.4381],[-117.6692,35.438],[-117.6692,35.4379],[-117.6692,35.4378]]}},{"type":"Feature","properties":{"id":null,"name":null,"kind":"road","access":"green","seasonal":false},"geometry":{"type":"LineString","coordinates":[[-117.7964,35.4627],[-117.7965,35.4627],[-117.7966,35.4628],[-117.7966,35.4629],[-117.7967,35.4629],[-117.7968,35.463],[-117.7968,35.4631],[-117.7969,35.4631],[-117.797,35.4631],[-117.797,35.4632],[-117.7971,35.4632],[-117.7971,35.4633],[-117.7972,35.4633],[-117.7972,35.4634],[-117.7973,35.4635],[-117.7974,35.4636],[-117.7975,35.4637],[-117.7976,35.4637],[-117.7977,35.4638],[-117.7978,35.4638],[-117.7979,35.4638],[-117.798,35.4639],[-117.7981,35.4639],[-117.7982,35.4639],[-117.7983,35.464],[-117.7984,35.464],[-117.7985,35.4641],[-117.7986,35.4642],[-117.7987,35.4642]]}},{"type":"Feature","properties":{"id":null,"name":null,"kind":"road","access":"green","seasonal":false},"geometry":{"type":"LineString","coordinates":[[-117.6208,35.3647],[-117.6209,35.3649],[-117.6209,35.3651],[-117.6209,35.3653],[-117.6208,35.3654],[-117.6207,35.3655],[-117.6205,35.3656],[-117.6204,35.3657]]}},{"type":"Feature","properties":{"id":null,"name":null,"kind":"road","access":"green","seasonal":false},"geometry":{"type":"LineString","coordinates":[[-117.6245,35.3558],[-117.6246,35.3558],[-117.6247,35.3558],[-117.6249,35.3558],[-117.625,35.3558],[-117.6251,35.3558],[-117.6252,35.3558],[-117.6258,35.3558],[-117.626,35.3558],[-117.6264,35.3558],[-117.6266,35.3558],[-117.6269,35.3557],[-117.6271,35.3558],[-117.6272,35.3558],[-117.6274,35.3559],[-117.6275,35.3559],[-117.6276,35.3559],[-117.6277,35.3559],[-117.6278,35.3559],[-117.628,35.3559],[-117.6281,35.3559],[-117.6282,35.356]]}},{"type":"Feature","properties":{"id":null,"name":null,"kind":"road","access":"green","seasonal":false},"geometry":{"type":"LineString","coordinates":[[-117.6784,35.4544],[-117.6785,35.4544],[-117.6785,35.4545],[-117.6786,35.4545],[-117.6787,35.4546],[-117.6788,35.4547],[-117.6788,35.4548],[-117.6789,35.4548],[-117.6789,35.4549],[-117.679,35.455],[-117.679,35.4551],[-117.6791,35.4551],[-117.6791,35.4552],[-117.6791,35.4553],[-117.6792,35.4553],[-117.6792,35.4554],[-117.6792,35.4555],[-117.6792,35.4556],[-117.6792,35.4557],[-117.6792,35.4558],[-117.6792,35.4559],[-117.6792,35.456],[-117.6793,35.4561],[-117.6793,35.4562],[-117.6794,35.4563],[-117.6794,35.4564],[-117.6794,35.4565],[-117.6795,35.4566],[-117.6795,35.4567],[-117.6795,35.4568],[-117.6796,35.4568],[-117.6796,35.4569],[-117.6796,35.457],[-117.6797,35.457],[-117.6797,35.4571],[-117.6798,35.4572],[-117.6798,35.4573],[-117.6799,35.4574],[-117.6799,35.4575],[-117.6799,35.4576],[-117.68,35.4576],[-117.68,35.4577],[-117.68,35.4578],[-117.68,35.4579],[-117.6801,35.458],[-117.6801,35.4581],[-117.6802,35.4582],[-117.6802,35.4583],[-117.6803,35.4584],[-117.6803,35.4585],[-117.6804,35.4586],[-117.6804,35.4587],[-117.6805,35.4588],[-117.6805,35.4589],[-117.6806,35.4589],[-117.6806,35.459]]}},{"type":"Feature","properties":{"id":null,"name":null,"kind":"road","access":"green","seasonal":false},"geometry":{"type":"LineString","coordinates":[[-117.8089,35.4562],[-117.809,35.4562],[-117.8091,35.4563],[-117.8092,35.4563],[-117.8092,35.4564],[-117.8093,35.4564],[-117.8094,35.4565],[-117.8095,35.4565],[-117.8095,35.4566],[-117.8096,35.4566],[-117.8097,35.4567],[-117.8098,35.4567],[-117.8099,35.4568],[-117.81,35.4568],[-117.81,35.4569],[-117.8101,35.4569],[-117.8102,35.4569],[-117.8102,35.457]]}},{"type":"Feature","properties":{"id":null,"name":null,"kind":"road","access":"green","seasonal":false},"geometry":{"type":"LineString","coordinates":[[-117.8489,35.4193],[-117.8488,35.4194],[-117.8487,35.4194],[-117.8486,35.4195],[-117.8485,35.4195],[-117.8485,35.4196],[-117.8484,35.4196],[-117.8484,35.4197],[-117.8483,35.4197],[-117.8482,35.4198],[-117.8482,35.4199],[-117.8481,35.4199],[-117.8481,35.42],[-117.848,35.42],[-117.848,35.4201],[-117.8479,35.4201],[-117.8479,35.4202],[-117.8478,35.4202],[-117.8478,35.4203],[-117.8477,35.4203],[-117.8476,35.4204],[-117.8476,35.4205],[-117.8476,35.4206],[-117.8476,35.4207],[-117.8476,35.4208],[-117.8477,35.4209],[-117.8478,35.421],[-117.8478,35.4211],[-117.8479,35.4211],[-117.8479,35.4212],[-117.848,35.4212],[-117.848,35.4213],[-117.848,35.4214],[-117.8481,35.4214],[-117.8481,35.4215],[-117.8481,35.4216],[-117.8481,35.4217],[-117.8482,35.4218],[-117.8482,35.4219],[-117.8482,35.422],[-117.8482,35.4221],[-117.8482,35.4222],[-117.8482,35.4223],[-117.8483,35.4223],[-117.8483,35.4224],[-117.8483,35.4225],[-117.8484,35.4225],[-117.8484,35.4226],[-117.8485,35.4226],[-117.8485,35.4227],[-117.8485,35.4228],[-117.8486,35.4229],[-117.8486,35.423],[-117.8487,35.4231]]}},{"type":"Feature","properties":{"id":null,"name":null,"kind":"road","access":"green","seasonal":false},"geometry":{"type":"LineString","coordinates":[[-117.7977,35.3905],[-117.7988,35.3897],[-117.7999,35.3888],[-117.8009,35.3879],[-117.8016,35.3873],[-117.8022,35.3869],[-117.8027,35.3866],[-117.8033,35.3863],[-117.8045,35.3858],[-117.8053,35.3854],[-117.8061,35.385],[-117.8067,35.3847],[-117.8075,35.3842],[-117.8081,35.3838]]}},{"type":"Feature","properties":{"id":null,"name":null,"kind":"road","access":"green","seasonal":false},"geometry":{"type":"LineString","coordinates":[[-117.6518,35.4577],[-117.6519,35.4577],[-117.6525,35.4579],[-117.653,35.4582],[-117.6533,35.4583],[-117.6538,35.4587],[-117.654,35.4589],[-117.6544,35.4592],[-117.6548,35.4596],[-117.655,35.4597],[-117.6553,35.4601]]}},{"type":"Feature","properties":{"id":null,"name":null,"kind":"road","access":"green","seasonal":false},"geometry":{"type":"LineString","coordinates":[[-117.8089,35.4562],[-117.8089,35.4561],[-117.8088,35.4561],[-117.8087,35.456],[-117.8086,35.456],[-117.8085,35.456],[-117.8084,35.456],[-117.8084,35.4559],[-117.8083,35.4559],[-117.8082,35.4559],[-117.8081,35.4559],[-117.8081,35.4558],[-117.808,35.4558],[-117.8079,35.4557],[-117.8078,35.4556],[-117.8077,35.4555],[-117.8077,35.4554],[-117.8078,35.4554],[-117.8078,35.4553],[-117.8078,35.4552],[-117.8079,35.4551],[-117.808,35.4551],[-117.8081,35.455],[-117.8081,35.4549],[-117.8082,35.4549],[-117.8083,35.4548],[-117.8084,35.4548],[-117.8084,35.4547],[-117.8085,35.4547],[-117.8086,35.4547],[-117.8087,35.4546],[-117.8088,35.4546],[-117.8088,35.4545],[-117.8089,35.4545],[-117.8089,35.4544],[-117.809,35.4544],[-117.809,35.4543]]}},{"type":"Feature","properties":{"id":null,"name":null,"kind":"road","access":"green","seasonal":false},"geometry":{"type":"LineString","coordinates":[[-117.737,35.4279],[-117.7371,35.4279],[-117.7371,35.4278],[-117.7371,35.4277],[-117.7372,35.4277],[-117.7372,35.4276],[-117.7373,35.4276],[-117.7373,35.4275],[-117.7374,35.4275],[-117.7374,35.4274],[-117.7375,35.4274],[-117.7375,35.4273],[-117.7375,35.4272],[-117.7376,35.4272],[-117.7376,35.4271],[-117.7377,35.4271],[-117.7377,35.427],[-117.7378,35.4269],[-117.7378,35.4268],[-117.7379,35.4268],[-117.7379,35.4267],[-117.738,35.4267],[-117.738,35.4266],[-117.7381,35.4266],[-117.7381,35.4265],[-117.7382,35.4265],[-117.7382,35.4264],[-117.7383,35.4264],[-117.7383,35.4263],[-117.7384,35.4262],[-117.7384,35.4261],[-117.7384,35.426],[-117.7384,35.4259],[-117.7384,35.4258],[-117.7384,35.4257],[-117.7384,35.4256],[-117.7384,35.4255],[-117.7384,35.4254],[-117.7384,35.4253],[-117.7384,35.4252],[-117.7384,35.4251],[-117.7384,35.425],[-117.7385,35.4249],[-117.7385,35.4248],[-117.7385,35.4247],[-117.7386,35.4247],[-117.7387,35.4246]]}},{"type":"Feature","properties":{"id":null,"name":null,"kind":"road","access":"green","seasonal":false},"geometry":{"type":"LineString","coordinates":[[-117.7531,35.4716],[-117.7532,35.4716],[-117.7532,35.4715],[-117.7533,35.4714],[-117.7533,35.4713],[-117.7534,35.4712],[-117.7534,35.4711],[-117.7535,35.471],[-117.7536,35.4709],[-117.7536,35.4708],[-117.7537,35.4707],[-117.7538,35.4706],[-117.7539,35.4705],[-117.754,35.4705],[-117.7541,35.4704],[-117.7543,35.4703],[-117.7544,35.4703],[-117.7546,35.4703],[-117.7548,35.4703],[-117.755,35.4703],[-117.7552,35.4703],[-117.7553,35.4702],[-117.7554,35.4702],[-117.7555,35.4701]]}},{"type":"Feature","properties":{"id":null,"name":null,"kind":"road","access":"green","seasonal":false},"geometry":{"type":"LineString","coordinates":[[-117.8274,35.44],[-117.8274,35.4401],[-117.8273,35.4402],[-117.8272,35.4403],[-117.8271,35.4404],[-117.8269,35.4408],[-117.8268,35.4408],[-117.8268,35.4409],[-117.8267,35.4409],[-117.8266,35.4409],[-117.8265,35.441],[-117.8264,35.4412]]}},{"type":"Feature","properties":{"id":null,"name":null,"kind":"road","access":"green","seasonal":false},"geometry":{"type":"LineString","coordinates":[[-117.6853,35.4606],[-117.6853,35.4607],[-117.6852,35.4608],[-117.6851,35.4609],[-117.685,35.4609],[-117.685,35.461],[-117.6849,35.461],[-117.6848,35.4611],[-117.6847,35.4611],[-117.6846,35.4612],[-117.6844,35.4612],[-117.6843,35.4613],[-117.6842,35.4613],[-117.6841,35.4614],[-117.684,35.4615],[-117.6839,35.4616],[-117.6838,35.4617],[-117.6837,35.4618],[-117.6836,35.4619],[-117.6835,35.462],[-117.6834,35.4621],[-117.6833,35.4622],[-117.6832,35.4623],[-117.6831,35.4624],[-117.683,35.4625],[-117.6829,35.4625],[-117.6828,35.4626],[-117.6827,35.4627],[-117.6827,35.4628],[-117.6827,35.4629],[-117.6827,35.463],[-117.6827,35.4631],[-117.6827,35.4632],[-117.6826,35.4632],[-117.6826,35.4633],[-117.6825,35.4633],[-117.6824,35.4634],[-117.6824,35.4635]]}},{"type":"Feature","properties":{"id":null,"name":null,"kind":"road","access":"green","seasonal":false},"geometry":{"type":"LineString","coordinates":[[-117.6957,35.5002],[-117.6957,35.5001],[-117.6957,35.5],[-117.6957,35.4999],[-117.6956,35.4998],[-117.6956,35.4997],[-117.6956,35.4996]]}},{"type":"Feature","properties":{"id":null,"name":null,"kind":"road","access":"green","seasonal":false},"geometry":{"type":"LineString","coordinates":[[-117.6934,35.4273],[-117.6933,35.4273],[-117.6932,35.4273],[-117.6931,35.4273],[-117.693,35.4273],[-117.6929,35.4273],[-117.6928,35.4273],[-117.6927,35.4273],[-117.6926,35.4273],[-117.6925,35.4273],[-117.6924,35.4273],[-117.6923,35.4273],[-117.6922,35.4273],[-117.6921,35.4273],[-117.692,35.4273],[-117.6919,35.4273],[-117.6918,35.4273],[-117.6917,35.4273],[-117.6916,35.4273],[-117.6915,35.4273],[-117.6914,35.4273],[-117.6913,35.4273],[-117.6912,35.4273],[-117.6911,35.4273],[-117.691,35.4273],[-117.6909,35.4273],[-117.6908,35.4273],[-117.6907,35.4273],[-117.6906,35.4273],[-117.6905,35.4273],[-117.6904,35.4273],[-117.6903,35.4273],[-117.6902,35.4273]]}},{"type":"Feature","properties":{"id":null,"name":null,"kind":"road","access":"green","seasonal":false},"geometry":{"type":"LineString","coordinates":[[-117.8012,35.3905],[-117.8017,35.3903],[-117.8025,35.3899],[-117.8031,35.3897],[-117.8038,35.3893],[-117.8045,35.389],[-117.8052,35.3887],[-117.8056,35.3885],[-117.8061,35.3884],[-117.8066,35.3881],[-117.8071,35.3879],[-117.8075,35.3877],[-117.8082,35.3874]]}},{"type":"Feature","properties":{"id":null,"name":null,"kind":"road","access":"green","seasonal":false},"geometry":{"type":"LineString","coordinates":[[-117.704,35.4878],[-117.704,35.4879],[-117.7039,35.488],[-117.7039,35.4881],[-117.7038,35.4882],[-117.7038,35.4883],[-117.7038,35.4884],[-117.7038,35.4885],[-117.7038,35.4886],[-117.7038,35.4887],[-117.7038,35.4888],[-117.7039,35.4889],[-117.7039,35.489],[-117.7039,35.4891],[-117.7039,35.4892],[-117.704,35.4893],[-117.704,35.4894],[-117.7041,35.4895],[-117.7042,35.4897],[-117.7042,35.4898],[-117.7043,35.4899],[-117.7043,35.49],[-117.7044,35.4901],[-117.7044,35.4903],[-117.7045,35.4904],[-117.7046,35.4905],[-117.7046,35.4906],[-117.7047,35.4908],[-117.7047,35.4909],[-117.7047,35.491],[-117.7047,35.4911],[-117.7048,35.4912],[-117.7049,35.4913],[-117.7049,35.4914],[-117.7049,35.4915],[-117.705,35.4915],[-117.7051,35.4916],[-117.7052,35.4917],[-117.7053,35.4918],[-117.7053,35.492],[-117.7054,35.4921],[-117.7054,35.4922],[-117.7055,35.4924],[-117.7055,35.4925],[-117.7056,35.4926],[-117.7057,35.4928],[-117.7057,35.4929],[-117.7058,35.4929],[-117.7059,35.493],[-117.7059,35.4931],[-117.706,35.4932],[-117.706,35.4933],[-117.7061,35.4934]]}},{"type":"Feature","properties":{"id":null,"name":null,"kind":"road","access":"green","seasonal":false},"geometry":{"type":"LineString","coordinates":[[-117.7147,35.4626],[-117.7149,35.4627],[-117.715,35.4628],[-117.7151,35.4628],[-117.7151,35.4629],[-117.7152,35.4629],[-117.7152,35.463],[-117.7153,35.463],[-117.7153,35.4631],[-117.7154,35.4631],[-117.7154,35.4632],[-117.7155,35.4633],[-117.7155,35.4634],[-117.7156,35.4635],[-117.7157,35.4636],[-117.7157,35.4637],[-117.7157,35.4638],[-117.7157,35.4639],[-117.7157,35.464],[-117.7157,35.4641],[-117.7157,35.4642],[-117.7157,35.4643],[-117.7158,35.4644],[-117.7158,35.4645],[-117.7158,35.4646],[-117.7158,35.4647],[-117.7158,35.4648],[-117.7158,35.4649],[-117.7159,35.465],[-117.7159,35.4651],[-117.716,35.4652],[-117.716,35.4653],[-117.716,35.4654],[-117.7161,35.4654],[-117.7161,35.4655],[-117.7162,35.4656],[-117.7162,35.4657],[-117.7163,35.4658],[-117.7164,35.4659],[-117.7165,35.4659],[-117.7166,35.4659],[-117.7167,35.466],[-117.7168,35.466],[-117.7168,35.4661],[-117.7169,35.4661],[-117.717,35.4662],[-117.7171,35.4663],[-117.7172,35.4664],[-117.7172,35.4665],[-117.7173,35.4665],[-117.7173,35.4666],[-117.7174,35.4667],[-117.7175,35.4668],[-117.7176,35.4669],[-117.7177,35.467],[-117.7178,35.4671],[-117.7178,35.4672],[-117.7179,35.4672],[-117.718,35.4673],[-117.718,35.4674],[-117.7181,35.4674],[-117.7181,35.4675],[-117.7182,35.4675],[-117.7182,35.4676],[-117.7183,35.4677],[-117.7184,35.4677],[-117.7184,35.4678],[-117.7185,35.4679],[-117.7186,35.4679],[-117.7187,35.468],[-117.7188,35.4681],[-117.7189,35.4681],[-117.7189,35.4682],[-117.7189,35.4683],[-117.719,35.4684],[-117.7191,35.4685],[-117.7191,35.4686],[-117.7191,35.4687],[-117.7192,35.4687],[-117.7192,35.4688],[-117.7192,35.4689],[-117.7193,35.469],[-117.7194,35.4691],[-117.7194,35.4692],[-117.7195,35.4692],[-117.7195,35.4693],[-117.7196,35.4694],[-117.7197,35.4694],[-117.7197,35.4695],[-117.7198,35.4695],[-117.7198,35.4696],[-117.7198,35.4697],[-117.7198,35.4698],[-117.7198,35.4699]]}},{"type":"Feature","properties":{"id":null,"name":null,"kind":"road","access":"green","seasonal":false},"geometry":{"type":"LineString","coordinates":[[-117.6631,35.4233],[-117.6635,35.4232],[-117.6637,35.4232],[-117.6639,35.4232],[-117.6642,35.4233],[-117.6646,35.4233],[-117.6649,35.4233],[-117.665,35.4233],[-117.6652,35.4234],[-117.6655,35.4234],[-117.6658,35.4235],[-117.666,35.4235],[-117.6662,35.4236],[-117.6666,35.4237],[-117.6669,35.4238],[-117.6671,35.4238],[-117.6674,35.4239],[-117.668,35.424],[-117.6684,35.4241],[-117.669,35.4241],[-117.6695,35.4242],[-117.67,35.4242],[-117.6703,35.4242],[-117.6705,35.4241],[-117.6707,35.4241],[-117.6709,35.4239],[-117.6711,35.4239],[-117.6715,35.4237],[-117.6719,35.4236],[-117.6721,35.4236]]}},{"type":"Feature","properties":{"id":null,"name":null,"kind":"road","access":"green","seasonal":false},"geometry":{"type":"LineString","coordinates":[[-117.8975,35.4515],[-117.8974,35.4515],[-117.8973,35.4515],[-117.8971,35.4515],[-117.8969,35.4515],[-117.8966,35.4514],[-117.8964,35.4514],[-117.8961,35.4514],[-117.8959,35.4515],[-117.8956,35.4517],[-117.895,35.4522],[-117.8948,35.4524],[-117.8946,35.4525],[-117.8942,35.4527],[-117.8941,35.4528],[-117.8939,35.4531],[-117.8938,35.4532],[-117.8936,35.4533],[-117.8933,35.4534],[-117.8932,35.4535],[-117.893,35.4535],[-117.8928,35.4535]]}},{"type":"Feature","properties":{"id":null,"name":null,"kind":"road","access":"green","seasonal":false},"geometry":{"type":"LineString","coordinates":[[-117.6954,35.4741],[-117.6955,35.4741],[-117.6956,35.4741],[-117.6957,35.4741],[-117.6958,35.474],[-117.6959,35.474],[-117.696,35.474],[-117.6961,35.4739],[-117.6962,35.4739],[-117.6963,35.4738],[-117.6964,35.4738],[-117.6964,35.4737],[-117.6965,35.4737],[-117.6965,35.4736],[-117.6966,35.4735],[-117.6967,35.4734],[-117.6968,35.4733],[-117.6969,35.4733],[-117.6969,35.4732],[-117.697,35.4732],[-117.6971,35.4732],[-117.6971,35.4731],[-117.6972,35.4731],[-117.6973,35.4731],[-117.6973,35.473],[-117.6974,35.473],[-117.6975,35.473],[-117.6976,35.4729],[-117.6977,35.4729],[-117.6978,35.4729],[-117.6979,35.4729],[-117.698,35.4729],[-117.6981,35.4729],[-117.6982,35.4729],[-117.6983,35.4729],[-117.6984,35.4729],[-117.6985,35.4729],[-117.6986,35.4729],[-117.6987,35.4729],[-117.6988,35.4729],[-117.6989,35.473],[-117.699,35.473],[-117.6991,35.473],[-117.6992,35.473],[-117.6993,35.473],[-117.6994,35.473],[-117.6995,35.473],[-117.6996,35.473],[-117.6997,35.4731],[-117.6998,35.4731],[-117.6999,35.4731],[-117.7,35.4731],[-117.7001,35.4731],[-117.7002,35.4731],[-117.7003,35.4732],[-117.7004,35.4732],[-117.7005,35.4732],[-117.7005,35.4731],[-117.7006,35.4731],[-117.7007,35.4731],[-117.7008,35.4731],[-117.7009,35.4731],[-117.701,35.4731],[-117.7011,35.4731],[-117.7012,35.4731],[-117.7013,35.4731],[-117.7014,35.473],[-117.7015,35.473],[-117.7016,35.473],[-117.7017,35.473],[-117.7018,35.4729],[-117.7019,35.4729],[-117.702,35.4729],[-117.7021,35.4729],[-117.7022,35.4729],[-117.7023,35.4729],[-117.7024,35.4729],[-117.7024,35.4728],[-117.7025,35.4728],[-117.7026,35.4728],[-117.7027,35.4728],[-117.7028,35.4728],[-117.7028,35.4727],[-117.7029,35.4727],[-117.703,35.4727],[-117.703,35.4726],[-117.7031,35.4726],[-117.7032,35.4725],[-117.7033,35.4725],[-117.7033,35.4724],[-117.7034,35.4724],[-117.7035,35.4723],[-117.7036,35.4723],[-117.7037,35.4722],[-117.7038,35.4722],[-117.7039,35.4721],[-117.704,35.4721],[-117.7041,35.4721],[-117.7042,35.472],[-117.7043,35.472],[-117.7044,35.472],[-117.7045,35.472],[-117.7046,35.4719],[-117.7047,35.4719],[-117.7048,35.4718],[-117.7049,35.4718],[-117.705,35.4718],[-117.7051,35.4718],[-117.7051,35.4717],[-117.7052,35.4717],[-117.7053,35.4717],[-117.7054,35.4716],[-117.7055,35.4716],[-117.7055,35.4715],[-117.7056,35.4715],[-117.7057,35.4715],[-117.7057,35.4714],[-117.7058,35.4714],[-117.7058,35.4713],[-117.7059,35.4713],[-117.7059,35.4712],[-117.706,35.4712],[-117.7061,35.4711],[-117.7062,35.4711],[-117.7062,35.471],[-117.7063,35.471],[-117.7064,35.471],[-117.7065,35.471],[-117.7065,35.4709]]}},{"type":"Feature","properties":{"id":null,"name":null,"kind":"road","access":"green","seasonal":false},"geometry":{"type":"LineString","coordinates":[[-117.7315,35.4289],[-117.7314,35.4289],[-117.7313,35.429],[-117.7312,35.429],[-117.7312,35.4291],[-117.7311,35.4291],[-117.731,35.4291],[-117.7309,35.4292],[-117.7308,35.4292],[-117.7307,35.4293],[-117.7306,35.4293],[-117.7305,35.4293],[-117.7304,35.4293],[-117.7303,35.4294],[-117.7302,35.4294],[-117.7301,35.4294],[-117.73,35.4294],[-117.73,35.4295],[-117.7299,35.4295],[-117.7298,35.4295],[-117.7297,35.4295],[-117.7297,35.4296],[-117.7296,35.4296],[-117.7295,35.4296],[-117.7294,35.4297],[-117.7293,35.4297],[-117.7292,35.4296],[-117.7291,35.4296],[-117.729,35.4296],[-117.7289,35.4296],[-117.7288,35.4296],[-117.7288,35.4297],[-117.7287,35.4297],[-117.7286,35.4297],[-117.7285,35.4297],[-117.7284,35.4297],[-117.7283,35.4297],[-117.7283,35.4298],[-117.7282,35.4298],[-117.7281,35.4298],[-117.728,35.4298],[-117.7279,35.4299],[-117.7278,35.43],[-117.7277,35.43],[-117.7276,35.4301],[-117.7275,35.4302],[-117.7274,35.4302],[-117.7273,35.4303],[-117.7272,35.4303],[-117.7271,35.4303],[-117.727,35.4303],[-117.7269,35.4303],[-117.7268,35.4304],[-117.7267,35.4304],[-117.7266,35.4304],[-117.7265,35.4305],[-117.7264,35.4305],[-117.7263,35.4305],[-117.7262,35.4306],[-117.7261,35.4306],[-117.726,35.4306],[-117.7259,35.4307],[-117.7258,35.4307],[-117.7258,35.4308]]}},{"type":"Feature","properties":{"id":null,"name":null,"kind":"road","access":"green","seasonal":false},"geometry":{"type":"LineString","coordinates":[[-117.9506,35.4773],[-117.9504,35.4773],[-117.9494,35.4773]]}},{"type":"Feature","properties":{"id":null,"name":null,"kind":"road","access":"green","seasonal":false},"geometry":{"type":"LineString","coordinates":[[-117.7119,35.4386],[-117.7119,35.4387],[-117.7119,35.4388],[-117.712,35.4388],[-117.712,35.4389],[-117.712,35.439],[-117.712,35.4391],[-117.712,35.4392],[-117.7121,35.4393],[-117.7121,35.4394],[-117.7121,35.4395],[-117.7122,35.4396],[-117.7122,35.4397],[-117.7122,35.4398],[-117.7122,35.4399],[-117.7123,35.44],[-117.7123,35.4401],[-117.7123,35.4402],[-117.7123,35.4403],[-117.7124,35.4403],[-117.7124,35.4404],[-117.7124,35.4405],[-117.7124,35.4406],[-117.7124,35.4407],[-117.7124,35.4408],[-117.7124,35.4409],[-117.7123,35.4409],[-117.7123,35.441],[-117.7123,35.4411],[-117.7123,35.4412],[-117.7122,35.4412],[-117.7122,35.4413],[-117.7122,35.4414],[-117.7122,35.4415],[-117.7121,35.4415],[-117.7121,35.4416],[-117.7121,35.4417],[-117.7121,35.4418],[-117.7121,35.4419],[-117.712,35.442],[-117.712,35.4421],[-117.712,35.4422],[-117.712,35.4423],[-117.7121,35.4423]]}},{"type":"Feature","properties":{"id":null,"name":null,"kind":"road","access":"green","seasonal":false},"geometry":{"type":"LineString","coordinates":[[-117.8002,35.4668],[-117.8004,35.4669],[-117.8005,35.467],[-117.8006,35.467],[-117.8007,35.467],[-117.8009,35.4669],[-117.801,35.4669],[-117.8012,35.4669],[-117.8013,35.4668],[-117.8014,35.4668],[-117.8015,35.4668],[-117.8016,35.4669],[-117.8017,35.467],[-117.8018,35.467],[-117.8019,35.4671],[-117.802,35.4671],[-117.8021,35.4671],[-117.8022,35.4671],[-117.8024,35.4671],[-117.8025,35.4672],[-117.8027,35.4673],[-117.8029,35.4674],[-117.803,35.4674],[-117.8032,35.4675],[-117.8033,35.4676],[-117.8034,35.4677],[-117.8036,35.4676],[-117.8037,35.4676],[-117.8037,35.4675],[-117.8038,35.4674]]}},{"type":"Feature","properties":{"id":null,"name":null,"kind":"road","access":"green","seasonal":false},"geometry":{"type":"LineString","coordinates":[[-117.7105,35.4344],[-117.7104,35.4344],[-117.7104,35.4345],[-117.7103,35.4345],[-117.7103,35.4346],[-117.7102,35.4346],[-117.7102,35.4347],[-117.7101,35.4347],[-117.7101,35.4348],[-117.71,35.4348],[-117.71,35.4349],[-117.7099,35.435],[-117.7098,35.435],[-117.7097,35.435],[-117.7097,35.4351],[-117.7096,35.4351],[-117.7095,35.4351],[-117.7095,35.4352],[-117.7094,35.4352]]}},{"type":"Feature","properties":{"id":null,"name":null,"kind":"road","access":"green","seasonal":false},"geometry":{"type":"LineString","coordinates":[[-117.7261,35.4679],[-117.7262,35.4679],[-117.7263,35.4679],[-117.7264,35.4679],[-117.7265,35.4679],[-117.7266,35.4679],[-117.7267,35.4679],[-117.7268,35.4679],[-117.7269,35.468],[-117.727,35.468]]}},{"type":"Feature","properties":{"id":null,"name":null,"kind":"road","access":"green","seasonal":false},"geometry":{"type":"LineString","coordinates":[[-117.8529,35.4263],[-117.8529,35.4264],[-117.853,35.4265],[-117.853,35.4266]]}},{"type":"Feature","properties":{"id":null,"name":null,"kind":"road","access":"green","seasonal":false},"geometry":{"type":"LineString","coordinates":[[-117.8508,35.4346],[-117.8509,35.4345],[-117.8509,35.4344],[-117.851,35.4342],[-117.851,35.4341],[-117.851,35.434],[-117.851,35.4339],[-117.8511,35.4338],[-117.8511,35.4337],[-117.8513,35.4336],[-117.8514,35.4335],[-117.8515,35.4335],[-117.8516,35.4334],[-117.8516,35.4333],[-117.8517,35.4333],[-117.8518,35.4332],[-117.8519,35.4332],[-117.852,35.4332],[-117.8521,35.4333],[-117.8523,35.4333],[-117.8524,35.4333],[-117.8526,35.4333],[-117.8527,35.4333],[-117.8528,35.4333],[-117.853,35.4333],[-117.8531,35.4333],[-117.8532,35.4333],[-117.8533,35.4333],[-117.8535,35.4332],[-117.8536,35.4332],[-117.8537,35.4331],[-117.8538,35.4331],[-117.8539,35.433],[-117.854,35.433],[-117.8541,35.4329],[-117.8543,35.4328],[-117.8544,35.4328],[-117.8546,35.4327],[-117.8547,35.4326],[-117.8549,35.4326],[-117.8551,35.4325],[-117.8552,35.4325],[-117.8554,35.4325],[-117.8555,35.4324],[-117.8557,35.4324],[-117.8559,35.4323],[-117.856,35.4323],[-117.8562,35.4323],[-117.8563,35.4322],[-117.8564,35.4322],[-117.8566,35.4322],[-117.8567,35.4321],[-117.8568,35.4321],[-117.857,35.4321],[-117.8571,35.4321],[-117.8573,35.4321],[-117.8574,35.4321],[-117.8575,35.4321],[-117.8576,35.4321],[-117.8577,35.4321],[-117.8579,35.4321],[-117.858,35.4321],[-117.8582,35.4321],[-117.8584,35.4321],[-117.8586,35.4321],[-117.8587,35.4321],[-117.8588,35.4321]]}},{"type":"Feature","properties":{"id":null,"name":null,"kind":"road","access":"green","seasonal":false},"geometry":{"type":"LineString","coordinates":[[-117.8907,35.4332],[-117.8906,35.4332],[-117.8905,35.4333],[-117.8904,35.4333],[-117.8904,35.4334],[-117.8903,35.4334],[-117.8902,35.4335],[-117.8901,35.4335],[-117.89,35.4336],[-117.8899,35.4337],[-117.8898,35.4338],[-117.8897,35.4339],[-117.8896,35.434],[-117.8896,35.4341],[-117.8895,35.4341],[-117.8895,35.4342],[-117.8895,35.4343],[-117.8894,35.4343],[-117.8894,35.4344],[-117.8893,35.4345]]}},{"type":"Feature","properties":{"id":null,"name":null,"kind":"road","access":"green","seasonal":false},"geometry":{"type":"LineString","coordinates":[[-117.8924,35.4531],[-117.8923,35.453],[-117.892,35.4527],[-117.8919,35.4526],[-117.8916,35.4525]]}},{"type":"Feature","properties":{"id":null,"name":null,"kind":"road","access":"green","seasonal":false},"geometry":{"type":"LineString","coordinates":[[-117.8133,35.4365],[-117.8133,35.4364],[-117.8132,35.4364],[-117.8131,35.4363],[-117.813,35.4363],[-117.813,35.4362],[-117.8129,35.4362],[-117.8128,35.4362],[-117.8128,35.4361],[-117.8127,35.4361],[-117.8126,35.4361],[-117.8126,35.4362],[-117.8125,35.4362],[-117.8125,35.4363],[-117.8125,35.4364],[-117.8124,35.4365],[-117.8123,35.4365],[-117.8122,35.4365],[-117.8122,35.4366],[-117.8121,35.4366],[-117.812,35.4366],[-117.812,35.4367],[-117.8119,35.4367],[-117.8118,35.4368],[-117.8117,35.4368],[-117.8116,35.4369],[-117.8115,35.437],[-117.8114,35.437],[-117.8113,35.4371],[-117.8112,35.4371],[-117.8112,35.4372],[-117.8111,35.4372],[-117.811,35.4372],[-117.811,35.4373],[-117.8109,35.4373],[-117.8108,35.4373],[-117.8107,35.4372],[-117.8106,35.4372],[-117.8105,35.4372],[-117.8105,35.4371],[-117.8104,35.4371],[-117.8103,35.4371],[-117.8102,35.4371],[-117.8101,35.4371]]}},{"type":"Feature","properties":{"id":null,"name":null,"kind":"road","access":"green","seasonal":false},"geometry":{"type":"LineString","coordinates":[[-117.7672,35.4405],[-117.7672,35.4406],[-117.7671,35.4405],[-117.7671,35.4406],[-117.767,35.4406],[-117.7669,35.4406],[-117.7668,35.4406],[-117.7667,35.4406],[-117.7667,35.4405],[-117.7666,35.4405],[-117.7665,35.4405],[-117.7664,35.4405],[-117.7663,35.4405],[-117.7662,35.4405],[-117.7661,35.4405],[-117.766,35.4406],[-117.7659,35.4406],[-117.7658,35.4407],[-117.7657,35.4407],[-117.7656,35.4408],[-117.7656,35.4409],[-117.7655,35.4409],[-117.7654,35.441],[-117.7654,35.4411],[-117.7653,35.4411],[-117.7653,35.4412],[-117.7652,35.4413],[-117.7651,35.4413],[-117.765,35.4414],[-117.765,35.4415],[-117.7649,35.4415],[-117.7648,35.4416],[-117.7647,35.4417],[-117.7645,35.4417],[-117.7645,35.4418],[-117.7644,35.4418],[-117.7643,35.4419],[-117.7642,35.4419],[-117.7642,35.442],[-117.7641,35.442],[-117.764,35.442],[-117.764,35.4421],[-117.7639,35.4421],[-117.7639,35.4422]]}},{"type":"Feature","properties":{"id":null,"name":null,"kind":"road","access":"green","seasonal":false},"geometry":{"type":"LineString","coordinates":[[-117.727,35.468],[-117.7271,35.468],[-117.7272,35.468],[-117.7273,35.4681],[-117.7274,35.4681],[-117.7275,35.4681],[-117.7276,35.4682],[-117.7278,35.4682],[-117.7279,35.4682],[-117.728,35.4683]]}},{"type":"Feature","properties":{"id":null,"name":null,"kind":"road","access":"green","seasonal":false},"geometry":{"type":"LineString","coordinates":[[-117.6269,35.3697],[-117.6266,35.3697],[-117.6264,35.3698],[-117.6263,35.3699],[-117.6261,35.37],[-117.6253,35.3704],[-117.6237,35.3713],[-117.6229,35.3717],[-117.6213,35.3725],[-117.6198,35.3734],[-117.6196,35.3736],[-117.6194,35.3737],[-117.6192,35.374],[-117.619,35.3743],[-117.6189,35.3744],[-117.6188,35.3744],[-117.6186,35.3744]]}},{"type":"Feature","properties":{"id":null,"name":null,"kind":"road","access":"green","seasonal":false},"geometry":{"type":"LineString","coordinates":[[-117.7287,35.4478],[-117.7287,35.4477],[-117.7288,35.4477],[-117.7288,35.4476],[-117.7289,35.4475],[-117.7289,35.4474],[-117.729,35.4474],[-117.729,35.4473],[-117.7291,35.4473],[-117.7291,35.4472],[-117.7292,35.4472],[-117.7293,35.4471],[-117.7294,35.447],[-117.7295,35.447],[-117.7295,35.4469],[-117.7296,35.4469],[-117.7297,35.4469],[-117.7298,35.4469],[-117.73,35.447],[-117.7302,35.447],[-117.7303,35.4471],[-117.7304,35.4471],[-117.7305,35.4472]]}},{"type":"Feature","properties":{"id":null,"name":null,"kind":"road","access":"green","seasonal":false},"geometry":{"type":"LineString","coordinates":[[-117.6647,35.423],[-117.6649,35.423],[-117.6651,35.4231],[-117.6653,35.4231],[-117.6655,35.4232],[-117.6657,35.4232],[-117.666,35.4233],[-117.6663,35.4234],[-117.6667,35.4235],[-117.6669,35.4236],[-117.6671,35.4236],[-117.6673,35.4236],[-117.6675,35.4236],[-117.6677,35.4237],[-117.6678,35.4238],[-117.668,35.4238],[-117.6682,35.4238],[-117.6684,35.4238],[-117.6687,35.4238],[-117.6689,35.4238],[-117.6691,35.4239],[-117.6694,35.4239],[-117.6696,35.4239],[-117.6697,35.4239],[-117.67,35.4239],[-117.6704,35.4239],[-117.6706,35.4238],[-117.671,35.4238],[-117.6714,35.4237],[-117.6717,35.4235],[-117.6719,35.4235],[-117.672,35.4234]]}},{"type":"Feature","properties":{"id":null,"name":null,"kind":"road","access":"green","seasonal":false},"geometry":{"type":"LineString","coordinates":[[-117.7837,35.4846],[-117.7837,35.4847],[-117.7836,35.4847],[-117.7835,35.4847],[-117.7835,35.4848],[-117.7834,35.4848],[-117.7833,35.4848],[-117.7833,35.4849],[-117.7832,35.4849],[-117.7831,35.485],[-117.783,35.485],[-117.7829,35.4851],[-117.7828,35.4851],[-117.7827,35.4852],[-117.7826,35.4852],[-117.7825,35.4853]]}},{"type":"Feature","properties":{"id":null,"name":null,"kind":"road","access":"green","seasonal":false},"geometry":{"type":"LineString","coordinates":[[-117.7004,35.4777],[-117.7004,35.4776],[-117.7005,35.4776],[-117.7005,35.4775],[-117.7005,35.4774],[-117.7006,35.4774],[-117.7006,35.4773],[-117.7007,35.4773],[-117.7007,35.4772],[-117.7008,35.4772],[-117.7009,35.4772],[-117.701,35.4771],[-117.7011,35.4771],[-117.7012,35.4771],[-117.7013,35.4771],[-117.7014,35.4771],[-117.7014,35.477]]}},{"type":"Feature","properties":{"id":null,"name":null,"kind":"road","access":"green","seasonal":false},"geometry":{"type":"LineString","coordinates":[[-117.7566,35.4285],[-117.7567,35.4286],[-117.7568,35.4286],[-117.7568,35.4287],[-117.7569,35.4287],[-117.757,35.4288],[-117.7571,35.4288],[-117.7572,35.4288],[-117.7573,35.4288],[-117.7574,35.4288],[-117.7574,35.4289],[-117.7575,35.4289],[-117.7576,35.4289],[-117.7577,35.4289],[-117.7578,35.429],[-117.7579,35.429],[-117.7579,35.4291],[-117.758,35.4291],[-117.7581,35.4292],[-117.7582,35.4292],[-117.7582,35.4293],[-117.7583,35.4293],[-117.7584,35.4294],[-117.7585,35.4294],[-117.7586,35.4295],[-117.7586,35.4296],[-117.7587,35.4296],[-117.7587,35.4297],[-117.7588,35.4297],[-117.7589,35.4298],[-117.759,35.4299],[-117.759,35.43],[-117.7591,35.43],[-117.7592,35.43],[-117.7593,35.43],[-117.7594,35.43],[-117.7595,35.43],[-117.7596,35.43],[-117.7596,35.4301],[-117.7595,35.4302],[-117.7595,35.4303],[-117.7595,35.4304],[-117.7595,35.4305],[-117.7595,35.4306],[-117.7596,35.4307],[-117.7596,35.4308],[-117.7597,35.4308],[-117.7597,35.4309],[-117.7597,35.431],[-117.7597,35.4311],[-117.7597,35.4312],[-117.7597,35.4313],[-117.7598,35.4314],[-117.7598,35.4315],[-117.7599,35.4316],[-117.76,35.4317],[-117.76,35.4318],[-117.76,35.4319],[-117.76,35.432],[-117.7601,35.432],[-117.7602,35.4321],[-117.7603,35.4321],[-117.7604,35.4322],[-117.7604,35.4323],[-117.7605,35.4323],[-117.7605,35.4324],[-117.7606,35.4324],[-117.7607,35.4325],[-117.7608,35.4325],[-117.7609,35.4325],[-117.761,35.4325],[-117.7611,35.4325],[-117.7612,35.4325],[-117.7613,35.4325],[-117.7614,35.4325],[-117.7615,35.4325],[-117.7616,35.4326],[-117.7617,35.4326],[-117.7618,35.4326],[-117.7619,35.4326],[-117.762,35.4327],[-117.7621,35.4327],[-117.7621,35.4328],[-117.7622,35.4328],[-117.7623,35.4329],[-117.7624,35.4329],[-117.7625,35.4329],[-117.7626,35.433],[-117.7627,35.433],[-117.7628,35.433],[-117.7629,35.433],[-117.7629,35.4331],[-117.7629,35.4332],[-117.7628,35.4333],[-117.7628,35.4334],[-117.7627,35.4335],[-117.7627,35.4336],[-117.7627,35.4337],[-117.7627,35.4338],[-117.7627,35.4339],[-117.7627,35.434],[-117.7627,35.4341]]}},{"type":"Feature","properties":{"id":null,"name":null,"kind":"road","access":"green","seasonal":false},"geometry":{"type":"LineString","coordinates":[[-117.7854,35.4686],[-117.7854,35.4685],[-117.7853,35.4685],[-117.7853,35.4684],[-117.7852,35.4683],[-117.7852,35.4682],[-117.7851,35.4681],[-117.7851,35.468],[-117.785,35.4679],[-117.7849,35.4678],[-117.7849,35.4677],[-117.7848,35.4677],[-117.7848,35.4676],[-117.7847,35.4676],[-117.7846,35.4675],[-117.7845,35.4675],[-117.7843,35.4674],[-117.7842,35.4674],[-117.784,35.4673],[-117.7839,35.4672],[-117.7838,35.4672],[-117.7836,35.4671],[-117.7835,35.467],[-117.7834,35.4669],[-117.7832,35.4669],[-117.7831,35.4669],[-117.783,35.4669],[-117.7829,35.467],[-117.7827,35.467],[-117.7826,35.467],[-117.7824,35.467],[-117.7823,35.4669],[-117.7822,35.4668],[-117.782,35.4668],[-117.7819,35.4667],[-117.7817,35.4666],[-117.7816,35.4666],[-117.7815,35.4665],[-117.7814,35.4665],[-117.7813,35.4664],[-117.7812,35.4663],[-117.7813,35.4662],[-117.7814,35.4661],[-117.7815,35.466],[-117.7815,35.4659],[-117.7815,35.4658],[-117.7814,35.4657],[-117.7813,35.4656],[-117.7812,35.4655],[-117.7812,35.4654],[-117.781,35.4653],[-117.7809,35.4653],[-117.7808,35.4653],[-117.7807,35.4653],[-117.7806,35.4652],[-117.7806,35.4651],[-117.7806,35.465],[-117.7806,35.4649],[-117.7806,35.4648],[-117.7806,35.4647],[-117.7806,35.4646],[-117.7805,35.4646],[-117.7804,35.4646],[-117.7803,35.4646],[-117.7802,35.4646],[-117.7801,35.4646],[-117.78,35.4645],[-117.7799,35.4644],[-117.7798,35.4644],[-117.7797,35.4643],[-117.7796,35.4642],[-117.7796,35.4641],[-117.7794,35.4641],[-117.7793,35.4641],[-117.7792,35.4641],[-117.7791,35.4641],[-117.779,35.4641],[-117.7789,35.464],[-117.7789,35.4639],[-117.7788,35.4639],[-117.7788,35.4638],[-117.7787,35.4638],[-117.7786,35.4638],[-117.7785,35.4638],[-117.7784,35.4638],[-117.7783,35.4638],[-117.7782,35.4638],[-117.7781,35.4638],[-117.778,35.4638],[-117.7779,35.4638],[-117.7778,35.4638],[-117.7777,35.4638],[-117.7776,35.4638],[-117.7775,35.4638],[-117.7775,35.4637],[-117.7774,35.4637],[-117.7773,35.4637],[-117.7772,35.4637],[-117.7771,35.4637],[-117.777,35.4637],[-117.7769,35.4637],[-117.7768,35.4637],[-117.7767,35.4637],[-117.7766,35.4637],[-117.7765,35.4637],[-117.7764,35.4638],[-117.7763,35.4637],[-117.7762,35.4637],[-117.7761,35.4637],[-117.776,35.4637],[-117.7759,35.4636],[-117.7758,35.4636],[-117.7757,35.4636],[-117.7756,35.4636],[-117.7755,35.4636],[-117.7755,35.4635],[-117.7754,35.4635],[-117.7753,35.4635],[-117.7752,35.4635],[-117.7751,35.4636],[-117.775,35.4636],[-117.775,35.4635],[-117.7749,35.4635],[-117.7748,35.4634],[-117.7748,35.4633]]}},{"type":"Feature","properties":{"id":null,"name":null,"kind":"road","access":"green","seasonal":false},"geometry":{"type":"LineString","coordinates":[[-117.6918,35.4265],[-117.6919,35.4265],[-117.692,35.4266],[-117.6921,35.4266],[-117.6922,35.4267],[-117.6923,35.4267],[-117.6924,35.4268],[-117.6925,35.4268],[-117.6926,35.4269],[-117.6927,35.4269],[-117.6928,35.4269],[-117.6928,35.427],[-117.6929,35.427],[-117.693,35.4271],[-117.6931,35.4271],[-117.6932,35.4271],[-117.6932,35.4272],[-117.6933,35.4272],[-117.6934,35.4272],[-117.6934,35.4273]]}},{"type":"Feature","properties":{"id":null,"name":null,"kind":"road","access":"green","seasonal":false},"geometry":{"type":"LineString","coordinates":[[-117.6853,35.4606],[-117.6853,35.4607],[-117.6854,35.4608],[-117.6854,35.4609],[-117.6855,35.4609],[-117.6855,35.461],[-117.6855,35.4611],[-117.6855,35.4612],[-117.6855,35.4613],[-117.6855,35.4614],[-117.6855,35.4615],[-117.6855,35.4616],[-117.6855,35.4617],[-117.6854,35.4618],[-117.6854,35.4619],[-117.6854,35.4621],[-117.6854,35.4622],[-117.6854,35.4623],[-117.6854,35.4624],[-117.6854,35.4625],[-117.6853,35.4627],[-117.6853,35.4628],[-117.6853,35.4629],[-117.6852,35.4631],[-117.6851,35.4632],[-117.685,35.4633],[-117.6849,35.4634],[-117.6848,35.4635],[-117.6847,35.4636],[-117.6846,35.4637],[-117.6845,35.4638],[-117.6845,35.464],[-117.6845,35.4641],[-117.6845,35.4642],[-117.6846,35.4643],[-117.6847,35.4644],[-117.6847,35.4646],[-117.6848,35.4647],[-117.6849,35.4648],[-117.685,35.465],[-117.685,35.4651],[-117.685,35.4653],[-117.6851,35.4654],[-117.6851,35.4655],[-117.6851,35.4657],[-117.6851,35.4658],[-117.6851,35.466],[-117.6852,35.4661],[-117.6852,35.4663],[-117.6852,35.4664],[-117.6853,35.4666],[-117.6853,35.4667],[-117.6853,35.4669],[-117.6853,35.467],[-117.6853,35.4671],[-117.6854,35.4673],[-117.6854,35.4674],[-117.6855,35.4675],[-117.6855,35.4677],[-117.6855,35.4678],[-117.6856,35.4679],[-117.6855,35.4681],[-117.6855,35.4682],[-117.6856,35.4684],[-117.6856,35.4685],[-117.6856,35.4686],[-117.6856,35.4688],[-117.6856,35.4689],[-117.6856,35.469],[-117.6856,35.4691],[-117.6856,35.4692],[-117.6856,35.4693],[-117.6856,35.4694],[-117.6855,35.4695],[-117.6854,35.4696],[-117.6854,35.4697]]}},{"type":"Feature","properties":{"id":null,"name":null,"kind":"road","access":"green","seasonal":false},"geometry":{"type":"LineString","coordinates":[[-117.7625,35.4437],[-117.7625,35.4438],[-117.7626,35.4438],[-117.7626,35.4439],[-117.7627,35.444],[-117.7628,35.4441],[-117.7628,35.4442],[-117.7629,35.4442],[-117.7629,35.4443],[-117.763,35.4444],[-117.763,35.4445],[-117.7631,35.4445],[-117.7631,35.4446],[-117.7631,35.4447],[-117.7632,35.4448],[-117.7632,35.4449],[-117.7633,35.445],[-117.7633,35.4451],[-117.7633,35.4452],[-117.7634,35.4453],[-117.7634,35.4454],[-117.7635,35.4454],[-117.7635,35.4455],[-117.7636,35.4455],[-117.7637,35.4455],[-117.7638,35.4455],[-117.7639,35.4455],[-117.764,35.4456],[-117.7641,35.4456],[-117.7642,35.4456],[-117.7643,35.4456],[-117.7644,35.4456],[-117.7645,35.4456],[-117.7646,35.4456],[-117.7646,35.4457],[-117.7647,35.4457],[-117.7648,35.4457],[-117.7649,35.4457],[-117.765,35.4457],[-117.7651,35.4457],[-117.7652,35.4456],[-117.7653,35.4456],[-117.7654,35.4456],[-117.7655,35.4455],[-117.7656,35.4454],[-117.7657,35.4453],[-117.7657,35.4452],[-117.7658,35.4452],[-117.7658,35.4451],[-117.7659,35.445],[-117.766,35.4449],[-117.766,35.4448]]}},{"type":"Feature","properties":{"id":null,"name":null,"kind":"road","access":"green","seasonal":false},"geometry":{"type":"LineString","coordinates":[[-117.8723,35.42],[-117.8724,35.42],[-117.8724,35.4201],[-117.8725,35.4201],[-117.8725,35.4202],[-117.8726,35.4203],[-117.8727,35.4204],[-117.8728,35.4206],[-117.8729,35.4206],[-117.873,35.4207],[-117.8732,35.4208],[-117.8733,35.4209],[-117.8734,35.421],[-117.8735,35.421],[-117.8736,35.4211],[-117.8737,35.4211],[-117.8738,35.4212],[-117.8739,35.4212],[-117.874,35.4212],[-117.8742,35.4213],[-117.8743,35.4213],[-117.8745,35.4213],[-117.8746,35.4213],[-117.8747,35.4213],[-117.8748,35.4213],[-117.8749,35.4213],[-117.8751,35.4213],[-117.8752,35.4214],[-117.8753,35.4214],[-117.8754,35.4214],[-117.8756,35.4215],[-117.8757,35.4216],[-117.8758,35.4217],[-117.8759,35.4218],[-117.876,35.4218],[-117.876,35.4219],[-117.8761,35.4219],[-117.8762,35.422],[-117.8763,35.4221],[-117.8764,35.4221],[-117.8764,35.4222],[-117.8765,35.4222],[-117.8766,35.4223],[-117.8767,35.4224],[-117.8768,35.4225],[-117.8769,35.4225],[-117.877,35.4226],[-117.8771,35.4227],[-117.8772,35.4228],[-117.8773,35.4229],[-117.8774,35.4229],[-117.8775,35.423],[-117.8775,35.4231],[-117.8776,35.4232],[-117.8777,35.4233],[-117.8777,35.4234],[-117.8778,35.4235],[-117.8778,35.4236],[-117.8778,35.4237],[-117.8779,35.4238],[-117.8779,35.4239],[-117.8779,35.4241],[-117.878,35.4242],[-117.878,35.4243],[-117.878,35.4245],[-117.878,35.4246],[-117.878,35.4247],[-117.8781,35.4248],[-117.8781,35.425],[-117.8781,35.4251],[-117.8782,35.4252],[-117.8782,35.4254],[-117.8784,35.4255],[-117.8785,35.4256],[-117.8786,35.4257],[-117.8786,35.4258],[-117.8787,35.4259],[-117.8788,35.426],[-117.8788,35.4261],[-117.8789,35.4262],[-117.879,35.4263],[-117.8791,35.4264],[-117.8792,35.4265],[-117.8793,35.4266],[-117.8794,35.4267],[-117.8794,35.4268],[-117.8795,35.4268],[-117.8796,35.4269],[-117.8797,35.4271],[-117.8798,35.4272],[-117.8799,35.4273],[-117.8801,35.4274],[-117.8802,35.4276],[-117.8804,35.4277],[-117.8805,35.4277],[-117.8807,35.4278],[-117.8809,35.4279],[-117.881,35.4279],[-117.8812,35.4279],[-117.8814,35.4279],[-117.8816,35.4279],[-117.8817,35.4278],[-117.8818,35.4278],[-117.882,35.4278],[-117.8821,35.4279],[-117.8823,35.4279],[-117.8825,35.4279],[-117.8826,35.428],[-117.8827,35.4281],[-117.8828,35.4281],[-117.8829,35.4282],[-117.8829,35.4283],[-117.883,35.4284],[-117.883,35.4285],[-117.8831,35.4286],[-117.8831,35.4288],[-117.883,35.4289],[-117.883,35.429],[-117.8831,35.4291],[-117.8831,35.4292],[-117.8831,35.4293],[-117.8832,35.4294],[-117.8833,35.4295],[-117.8834,35.4295],[-117.8835,35.4296],[-117.8837,35.4296],[-117.8838,35.4297],[-117.884,35.4298],[-117.8841,35.4299],[-117.8842,35.43],[-117.8844,35.43],[-117.8844,35.4301],[-117.8845,35.4301],[-117.8845,35.4302],[-117.8846,35.4302],[-117.8847,35.4303],[-117.8848,35.4303],[-117.8849,35.4303],[-117.885,35.4303],[-117.8851,35.4303],[-117.8853,35.4303],[-117.8854,35.4303],[-117.8856,35.4303],[-117.8857,35.4304],[-117.8858,35.4305],[-117.8858,35.4306],[-117.8859,35.4306],[-117.8859,35.4307],[-117.8859,35.4308],[-117.886,35.4309],[-117.886,35.431],[-117.8861,35.4311],[-117.8863,35.4312],[-117.8864,35.4312],[-117.8865,35.4312],[-117.8867,35.4313],[-117.8868,35.4313],[-117.887,35.4313],[-117.8872,35.4313],[-117.8873,35.4314],[-117.8874,35.4315],[-117.8876,35.4315],[-117.8877,35.4316],[-117.8878,35.4317],[-117.8879,35.4318],[-117.888,35.4319],[-117.8881,35.432],[-117.8883,35.4321],[-117.8883,35.4322],[-117.8884,35.4323],[-117.8885,35.4323],[-117.8887,35.4325],[-117.8888,35.4325],[-117.8888,35.4326],[-117.8889,35.4327],[-117.8891,35.4327],[-117.8892,35.4327],[-117.8893,35.4328],[-117.8894,35.4328],[-117.8895,35.4328],[-117.8896,35.4328],[-117.8898,35.4329],[-117.8899,35.4329],[-117.89,35.4329],[-117.8901,35.433],[-117.8902,35.433],[-117.8903,35.433],[-117.8904,35.433],[-117.8904,35.4331],[-117.8905,35.4331],[-117.8906,35.4331],[-117.8906,35.4332],[-117.8907,35.4332]]}},{"type":"Feature","properties":{"id":null,"name":null,"kind":"road","access":"green","seasonal":false},"geometry":{"type":"LineString","coordinates":[[-117.6335,35.3551],[-117.6335,35.3552],[-117.6334,35.3552],[-117.6333,35.3554],[-117.6331,35.3554],[-117.6329,35.3556],[-117.6326,35.3557],[-117.6324,35.3557],[-117.6321,35.3558],[-117.632,35.3558],[-117.6319,35.3557],[-117.6318,35.3557],[-117.6316,35.3556],[-117.6315,35.3555],[-117.6314,35.3555]]}},{"type":"Feature","properties":{"id":null,"name":null,"kind":"road","access":"green","seasonal":false},"geometry":{"type":"LineString","coordinates":[[-117.8839,35.3679],[-117.8837,35.3681],[-117.8835,35.3683],[-117.8834,35.3684],[-117.8832,35.3686],[-117.883,35.3687],[-117.8827,35.369],[-117.8826,35.3691],[-117.8824,35.3692],[-117.8823,35.3693],[-117.8818,35.3695],[-117.8816,35.3696],[-117.8812,35.3698],[-117.8809,35.3699],[-117.8805,35.3701],[-117.8801,35.3702],[-117.8798,35.3703],[-117.8792,35.3705],[-117.8787,35.3707],[-117.8782,35.3709],[-117.8774,35.3712],[-117.8772,35.3713],[-117.8769,35.3714],[-117.8767,35.3714],[-117.876,35.3717],[-117.8755,35.3719],[-117.875,35.372],[-117.8745,35.3722],[-117.8739,35.3724],[-117.8735,35.3725],[-117.8733,35.3726],[-117.8728,35.3728],[-117.8723,35.3729],[-117.872,35.373],[-117.8717,35.3731],[-117.8712,35.3733],[-117.871,35.3734],[-117.8708,35.3734],[-117.8704,35.3736],[-117.8702,35.3736]]}},{"type":"Feature","properties":{"id":null,"name":null,"kind":"road","access":"green","seasonal":false},"geometry":{"type":"LineString","coordinates":[[-117.9194,35.4543],[-117.9193,35.4543],[-117.9193,35.4542],[-117.9192,35.4542],[-117.9191,35.4541],[-117.9191,35.454],[-117.919,35.454],[-117.9189,35.4539],[-117.9188,35.4539],[-117.9187,35.4538],[-117.9186,35.4538],[-117.9185,35.4538],[-117.9184,35.4537],[-117.9183,35.4537],[-117.9182,35.4537],[-117.9181,35.4537],[-117.918,35.4536],[-117.918,35.4535],[-117.9179,35.4534],[-117.9179,35.4532],[-117.9179,35.4531],[-117.9178,35.453],[-117.9178,35.4529],[-117.9177,35.4528],[-117.9177,35.4527],[-117.9177,35.4526],[-117.9177,35.4525],[-117.9176,35.4525],[-117.9175,35.4524],[-117.9175,35.4523],[-117.9174,35.4522],[-117.9173,35.4521],[-117.9173,35.452],[-117.9172,35.452],[-117.9171,35.4519],[-117.917,35.4519],[-117.917,35.4518],[-117.9169,35.4518],[-117.9168,35.4517],[-117.9168,35.4516],[-117.9167,35.4516],[-117.9166,35.4515],[-117.9165,35.4515],[-117.9164,35.4515],[-117.9163,35.4514],[-117.9162,35.4513],[-117.9161,35.4513],[-117.9161,35.4512],[-117.916,35.4511],[-117.916,35.451],[-117.9159,35.4509],[-117.9159,35.4508],[-117.9158,35.4507],[-117.9157,35.4506],[-117.9156,35.4505],[-117.9156,35.4504],[-117.9155,35.4504],[-117.9154,35.4503],[-117.9154,35.4502],[-117.9153,35.4501],[-117.9152,35.45],[-117.9152,35.4499],[-117.9151,35.4498],[-117.915,35.4497],[-117.915,35.4496],[-117.9149,35.4496],[-117.9149,35.4495],[-117.9148,35.4495],[-117.9148,35.4494],[-117.9147,35.4494],[-117.9146,35.4495],[-117.9145,35.4495],[-117.9144,35.4495],[-117.9143,35.4495],[-117.9142,35.4495],[-117.9141,35.4496],[-117.914,35.4496],[-117.9139,35.4496],[-117.9139,35.4497],[-117.9139,35.4498],[-117.9139,35.4499],[-117.9139,35.45],[-117.9139,35.4501],[-117.914,35.4501],[-117.914,35.4502],[-117.9141,35.4502],[-117.9142,35.4503],[-117.9142,35.4504],[-117.9143,35.4504],[-117.9143,35.4505],[-117.9144,35.4505],[-117.9144,35.4506],[-117.9144,35.4507],[-117.9144,35.4508],[-117.9144,35.4509],[-117.9143,35.4509],[-117.9143,35.451]]}},{"type":"Feature","properties":{"id":null,"name":null,"kind":"road","access":"green","seasonal":false},"geometry":{"type":"LineString","coordinates":[[-117.6665,35.4546],[-117.6664,35.4547],[-117.6663,35.4548],[-117.6663,35.4549],[-117.6662,35.455],[-117.6661,35.4551],[-117.666,35.4552],[-117.6659,35.4553],[-117.6658,35.4554],[-117.6657,35.4555],[-117.6657,35.4556],[-117.6656,35.4556],[-117.6655,35.4556],[-117.6655,35.4557],[-117.6654,35.4557],[-117.6653,35.4558],[-117.6652,35.4558],[-117.6652,35.4559],[-117.6651,35.4559],[-117.665,35.456],[-117.6649,35.456],[-117.6649,35.4561],[-117.6648,35.4561],[-117.6647,35.4562],[-117.6647,35.4563],[-117.6646,35.4563],[-117.6645,35.4563],[-117.6644,35.4563],[-117.6643,35.4563],[-117.6643,35.4564],[-117.6642,35.4564],[-117.6641,35.4564],[-117.664,35.4564],[-117.6639,35.4564],[-117.6638,35.4564],[-117.6637,35.4564],[-117.6636,35.4564],[-117.6635,35.4564],[-117.6634,35.4564],[-117.6633,35.4564],[-117.6632,35.4564],[-117.6631,35.4564],[-117.663,35.4564],[-117.6628,35.4564],[-117.6627,35.4565],[-117.6626,35.4565],[-117.6625,35.4565],[-117.6624,35.4565],[-117.6623,35.4566],[-117.6622,35.4566],[-117.6621,35.4566],[-117.662,35.4566],[-117.6619,35.4566],[-117.6618,35.4566],[-117.6617,35.4566],[-117.6616,35.4565],[-117.6615,35.4565],[-117.6614,35.4565],[-117.6613,35.4564],[-117.6612,35.4564],[-117.661,35.4564],[-117.6609,35.4564],[-117.6608,35.4564],[-117.6607,35.4563],[-117.6606,35.4563],[-117.6604,35.4562],[-117.6603,35.4562],[-117.6602,35.4561],[-117.6601,35.4561],[-117.66,35.4561],[-117.6599,35.4561],[-117.6599,35.456],[-117.6598,35.456],[-117.6597,35.4559],[-117.6596,35.4559],[-117.6595,35.4559],[-117.6594,35.4558],[-117.6593,35.4558],[-117.6592,35.4558],[-117.6591,35.4558],[-117.659,35.4558],[-117.6589,35.4559],[-117.6588,35.4559],[-117.6587,35.4558],[-117.6586,35.4558]]}},{"type":"Feature","properties":{"id":null,"name":null,"kind":"road","access":"green","seasonal":false},"geometry":{"type":"LineString","coordinates":[[-117.6532,35.4747],[-117.6533,35.4741],[-117.6533,35.4738],[-117.6534,35.4736],[-117.6534,35.4735],[-117.6533,35.4734]]}},{"type":"Feature","properties":{"id":null,"name":null,"kind":"road","access":"green","seasonal":false},"geometry":{"type":"LineString","coordinates":[[-117.7468,35.4518],[-117.7468,35.4519],[-117.7468,35.452],[-117.7467,35.452],[-117.7467,35.4521],[-117.7467,35.4522],[-117.7467,35.4523],[-117.7467,35.4524],[-117.7468,35.4525],[-117.7468,35.4526],[-117.7468,35.4527],[-117.7469,35.4527],[-117.7469,35.4528],[-117.7469,35.4529],[-117.7469,35.453],[-117.7469,35.4531],[-117.7469,35.4532],[-117.747,35.4533],[-117.747,35.4534],[-117.7471,35.4534],[-117.7471,35.4535],[-117.7471,35.4536]]}},{"type":"Feature","properties":{"id":null,"name":null,"kind":"road","access":"green","seasonal":false},"geometry":{"type":"LineString","coordinates":[[-117.741,35.505],[-117.7409,35.5049],[-117.7409,35.5048],[-117.7409,35.5047],[-117.7408,35.5047],[-117.7408,35.5046],[-117.7408,35.5045],[-117.7408,35.5044],[-117.7407,35.5044],[-117.7407,35.5043],[-117.7407,35.5042],[-117.7406,35.5041],[-117.7406,35.504],[-117.7406,35.5039],[-117.7405,35.5038],[-117.7405,35.5037],[-117.7404,35.5036],[-117.7404,35.5035],[-117.7404,35.5034],[-117.7403,35.5033],[-117.7403,35.5032],[-117.7403,35.5031],[-117.7402,35.503],[-117.7402,35.5029],[-117.7402,35.5028],[-117.7401,35.5028],[-117.7401,35.5027],[-117.7401,35.5026],[-117.74,35.5025],[-117.74,35.5024],[-117.74,35.5023],[-117.7399,35.5022],[-117.7399,35.5021],[-117.7398,35.502],[-117.7398,35.5019],[-117.7397,35.5018],[-117.7397,35.5017],[-117.7396,35.5015],[-117.7396,35.5014],[-117.7395,35.5013],[-117.7395,35.5012],[-117.7395,35.5011],[-117.7394,35.501],[-117.7393,35.5007],[-117.7392,35.5005],[-117.7392,35.5002],[-117.7391,35.5],[-117.739,35.4998],[-117.7389,35.4997],[-117.7389,35.4995],[-117.7388,35.4994],[-117.7388,35.4992],[-117.7387,35.4991],[-117.7386,35.4989],[-117.7386,35.4988],[-117.7385,35.4987],[-117.7385,35.4985],[-117.7384,35.4984],[-117.7384,35.4983],[-117.7383,35.4981],[-117.7383,35.498],[-117.7383,35.4979],[-117.7382,35.4978],[-117.7382,35.4976],[-117.7381,35.4975],[-117.7381,35.4974],[-117.738,35.4972],[-117.738,35.4971],[-117.7379,35.497],[-117.7378,35.4968],[-117.7378,35.4967],[-117.7377,35.4966],[-117.7377,35.4964],[-117.7376,35.4963],[-117.7376,35.4962],[-117.7376,35.4961],[-117.7375,35.496],[-117.7375,35.4959],[-117.7374,35.4958],[-117.7374,35.4957],[-117.7373,35.4956],[-117.7373,35.4955],[-117.7373,35.4954],[-117.7372,35.4953],[-117.7372,35.4952],[-117.7372,35.4951],[-117.7371,35.4949],[-117.7371,35.4948],[-117.737,35.4947],[-117.737,35.4946],[-117.737,35.4945],[-117.7369,35.4944],[-117.7369,35.4943],[-117.7368,35.4942],[-117.7368,35.4941],[-117.7367,35.4939],[-117.7367,35.4938],[-117.7366,35.4936],[-117.7366,35.4935],[-117.7365,35.4933],[-117.7364,35.4932],[-117.7364,35.4931],[-117.7363,35.4929],[-117.7363,35.4928],[-117.7362,35.4927],[-117.7362,35.4925],[-117.7361,35.4924],[-117.7361,35.4923],[-117.736,35.4922],[-117.736,35.492],[-117.7359,35.4919],[-117.7359,35.4918],[-117.7358,35.4916],[-117.7358,35.4915],[-117.7358,35.4914],[-117.7357,35.4913],[-117.7357,35.4911],[-117.7356,35.491],[-117.7356,35.4909],[-117.7355,35.4908],[-117.7355,35.4907],[-117.7355,35.4906],[-117.7355,35.4905],[-117.7354,35.4905],[-117.7354,35.4904],[-117.7354,35.4903],[-117.7353,35.4902],[-117.7353,35.4901],[-117.7353,35.49],[-117.7352,35.4899],[-117.7352,35.4898],[-117.7351,35.4897],[-117.7351,35.4896],[-117.735,35.4895],[-117.735,35.4893],[-117.7349,35.4892],[-117.7349,35.4891],[-117.7349,35.489],[-117.7348,35.4889],[-117.7348,35.4888],[-117.7347,35.4886],[-117.7347,35.4885],[-117.7347,35.4884],[-117.7346,35.4884],[-117.7346,35.4883],[-117.7346,35.4882],[-117.7345,35.4882],[-117.7345,35.4881],[-117.7345,35.4879],[-117.7344,35.4878],[-117.7344,35.4877],[-117.7343,35.4876],[-117.7343,35.4875],[-117.7343,35.4874],[-117.7342,35.4873],[-117.7342,35.4872],[-117.7341,35.4871],[-117.7341,35.487],[-117.7341,35.4869],[-117.734,35.4868],[-117.734,35.4867],[-117.7339,35.4866],[-117.7339,35.4865],[-117.7339,35.4864],[-117.7338,35.4863],[-117.7338,35.4861],[-117.7337,35.486],[-117.7337,35.4859],[-117.7337,35.4858],[-117.7336,35.4857],[-117.7336,35.4856],[-117.7335,35.4855],[-117.7335,35.4854],[-117.7334,35.4853],[-117.7334,35.4852],[-117.7334,35.4851],[-117.7333,35.485],[-117.7333,35.4849],[-117.7333,35.4848],[-117.7332,35.4847],[-117.7332,35.4846],[-117.7332,35.4845],[-117.7331,35.4844],[-117.7331,35.4843],[-117.733,35.4842],[-117.733,35.4841],[-117.7329,35.484],[-117.7329,35.4839],[-117.7329,35.4838],[-117.7328,35.4837],[-117.7328,35.4836],[-117.7328,35.4835],[-117.7327,35.4833],[-117.7327,35.4832],[-117.7326,35.4831],[-117.7326,35.483],[-117.7325,35.4829],[-117.7325,35.4828],[-117.7325,35.4827],[-117.7324,35.4826],[-117.7324,35.4825],[-117.7323,35.4823],[-117.7323,35.4822],[-117.7322,35.4822],[-117.7322,35.4821],[-117.7322,35.482],[-117.7322,35.4819],[-117.7321,35.4819],[-117.732,35.4818],[-117.732,35.4817],[-117.7319,35.4816],[-117.7318,35.4815],[-117.7318,35.4814],[-117.7317,35.4813],[-117.7316,35.4813],[-117.7316,35.4812],[-117.7315,35.4811],[-117.7314,35.4811],[-117.7313,35.481],[-117.7312,35.4809],[-117.7311,35.4808],[-117.731,35.4807],[-117.731,35.4806],[-117.731,35.4805],[-117.7309,35.4804],[-117.7309,35.4803],[-117.731,35.4801],[-117.7309,35.48],[-117.7309,35.4799],[-117.7309,35.4798],[-117.7308,35.4798],[-117.7308,35.4797],[-117.7307,35.4795],[-117.7306,35.4794],[-117.7306,35.4793],[-117.7305,35.4792],[-117.7305,35.4791],[-117.7305,35.479],[-117.7305,35.4789],[-117.7305,35.4788],[-117.7305,35.4787],[-117.7304,35.4786],[-117.7304,35.4785],[-117.7303,35.4784],[-117.7303,35.4783],[-117.7303,35.4782],[-117.7304,35.4781],[-117.7304,35.478],[-117.7304,35.4779],[-117.7305,35.4778],[-117.7305,35.4777],[-117.7305,35.4776],[-117.7305,35.4775],[-117.7305,35.4774],[-117.7304,35.4774],[-117.7304,35.4773],[-117.7304,35.4772],[-117.7303,35.4771],[-117.7303,35.477],[-117.7302,35.4769],[-117.7302,35.4768],[-117.7301,35.4767],[-117.7301,35.4766],[-117.73,35.4764],[-117.73,35.4763],[-117.73,35.4762],[-117.73,35.4761],[-117.73,35.476],[-117.7299,35.4759],[-117.7299,35.4758],[-117.7299,35.4757],[-117.7299,35.4756],[-117.7299,35.4755],[-117.7299,35.4754],[-117.7298,35.4753],[-117.7298,35.4752],[-117.7297,35.4752],[-117.7296,35.4751],[-117.7296,35.475],[-117.7295,35.4749],[-117.7295,35.4748],[-117.7294,35.4747],[-117.7294,35.4746],[-117.7293,35.4745],[-117.7293,35.4744],[-117.7293,35.4743],[-117.7293,35.4742]]}},{"type":"Feature","properties":{"id":null,"name":null,"kind":"road","access":"green","seasonal":false},"geometry":{"type":"LineString","coordinates":[[-117.6883,35.458],[-117.6885,35.4581],[-117.6886,35.4582],[-117.6887,35.4582],[-117.6888,35.4583],[-117.6889,35.4584],[-117.689,35.4584],[-117.6891,35.4585],[-117.6892,35.4585],[-117.6894,35.4586],[-117.6895,35.4586],[-117.6896,35.4587],[-117.6897,35.4587],[-117.6898,35.4587],[-117.69,35.4588],[-117.6901,35.4588],[-117.6902,35.4589],[-117.6904,35.4589],[-117.6905,35.4589],[-117.6907,35.459],[-117.6908,35.459],[-117.6909,35.4591],[-117.6911,35.4592],[-117.6912,35.4592],[-117.6914,35.4593],[-117.6915,35.4594],[-117.6916,35.4595],[-117.6918,35.4595],[-117.6919,35.4596],[-117.692,35.4597],[-117.6921,35.4598],[-117.6922,35.4598],[-117.6923,35.4599],[-117.6924,35.4599],[-117.6924,35.46],[-117.6925,35.46],[-117.6927,35.4601],[-117.6927,35.4602],[-117.6928,35.4602],[-117.6929,35.4602],[-117.693,35.4603],[-117.6931,35.4604],[-117.6932,35.4604],[-117.6933,35.4605],[-117.6934,35.4605],[-117.6935,35.4606],[-117.6936,35.4606],[-117.6937,35.4607],[-117.6938,35.4608],[-117.6939,35.4608],[-117.694,35.4609],[-117.6941,35.4609],[-117.6942,35.461],[-117.6943,35.461],[-117.6944,35.4611],[-117.6945,35.4611],[-117.6946,35.4611],[-117.6946,35.4612],[-117.6947,35.4612],[-117.6948,35.4613],[-117.6949,35.4614],[-117.695,35.4614],[-117.6951,35.4615],[-117.6952,35.4616],[-117.6953,35.4617],[-117.6954,35.4617],[-117.6955,35.4618],[-117.6956,35.4618],[-117.6956,35.4619],[-117.6957,35.4619],[-117.6958,35.462],[-117.6959,35.462],[-117.696,35.4621],[-117.6961,35.4621],[-117.6962,35.4622],[-117.6963,35.4622],[-117.6964,35.4623],[-117.6965,35.4623],[-117.6966,35.4624],[-117.6968,35.4625],[-117.6969,35.4625],[-117.697,35.4626],[-117.6971,35.4627],[-117.6972,35.4627],[-117.6973,35.4628],[-117.6974,35.4628],[-117.6975,35.4629],[-117.6976,35.4629],[-117.6978,35.463],[-117.6979,35.463],[-117.698,35.4631],[-117.6981,35.4631],[-117.6982,35.4631],[-117.6983,35.4632],[-117.6984,35.4632],[-117.6984,35.4633],[-117.6985,35.4633],[-117.6986,35.4634],[-117.6987,35.4634],[-117.6987,35.4635],[-117.6988,35.4635],[-117.6989,35.4636],[-117.699,35.4637],[-117.6991,35.4638],[-117.6992,35.4638],[-117.6993,35.4639],[-117.6994,35.4639],[-117.6995,35.4639],[-117.6996,35.4639],[-117.6997,35.4639],[-117.6998,35.464],[-117.6999,35.4641],[-117.7,35.4641],[-117.7,35.4642],[-117.7,35.4643],[-117.7001,35.4644],[-117.7002,35.4645],[-117.7003,35.4646],[-117.7005,35.4648],[-117.7006,35.4648],[-117.7006,35.4649],[-117.7007,35.4649],[-117.7007,35.465],[-117.7008,35.465],[-117.7008,35.4651],[-117.7009,35.4651],[-117.7011,35.4652],[-117.7012,35.4653],[-117.7013,35.4653],[-117.7014,35.4653],[-117.7015,35.4654],[-117.7016,35.4654],[-117.7016,35.4655],[-117.7017,35.4655],[-117.7018,35.4655],[-117.7019,35.4656],[-117.702,35.4656],[-117.7021,35.4656],[-117.7022,35.4657],[-117.7023,35.4658],[-117.7024,35.4658],[-117.7024,35.4659],[-117.7025,35.466],[-117.7025,35.4661],[-117.7025,35.4662],[-117.7026,35.4663],[-117.7026,35.4664],[-117.7026,35.4665],[-117.7027,35.4666],[-117.7027,35.4667],[-117.7027,35.4668],[-117.7028,35.4668],[-117.7029,35.4669],[-117.703,35.467],[-117.703,35.4671],[-117.7031,35.4672],[-117.7032,35.4673],[-117.7033,35.4673],[-117.7033,35.4674],[-117.7034,35.4674],[-117.7035,35.4675],[-117.7037,35.4675],[-117.7038,35.4675],[-117.7039,35.4675],[-117.704,35.4675],[-117.7041,35.4675],[-117.7042,35.4675],[-117.7043,35.4675],[-117.7044,35.4675],[-117.7045,35.4675],[-117.7046,35.4675],[-117.7047,35.4675],[-117.7048,35.4675],[-117.7049,35.4675],[-117.705,35.4675],[-117.7051,35.4675],[-117.7052,35.4675],[-117.7052,35.4676],[-117.7053,35.4676],[-117.7054,35.4676],[-117.7055,35.4676],[-117.7056,35.4677],[-117.7057,35.4677],[-117.7058,35.4678],[-117.7059,35.4678],[-117.706,35.4679],[-117.7061,35.4679],[-117.7062,35.4679],[-117.7062,35.468],[-117.7063,35.468],[-117.7064,35.468],[-117.7065,35.468],[-117.7066,35.468],[-117.7067,35.468],[-117.7068,35.468],[-117.7069,35.468],[-117.707,35.468],[-117.7071,35.468],[-117.7072,35.468],[-117.7073,35.468],[-117.7074,35.468],[-117.7075,35.468],[-117.7075,35.4679],[-117.7076,35.4679],[-117.7076,35.4678],[-117.7076,35.4677],[-117.7077,35.4677],[-117.7077,35.4676],[-117.7078,35.4676],[-117.7079,35.4677],[-117.708,35.4677],[-117.7081,35.4678],[-117.7082,35.4678],[-117.7083,35.4679],[-117.7084,35.4679],[-117.7085,35.4679],[-117.7087,35.468],[-117.7088,35.468],[-117.7089,35.468],[-117.709,35.4681],[-117.7092,35.4681],[-117.7093,35.4681],[-117.7094,35.4681],[-117.7096,35.4681],[-117.7097,35.4681],[-117.7098,35.4681],[-117.7099,35.4681],[-117.71,35.468],[-117.7101,35.468],[-117.7101,35.4679],[-117.7102,35.4679],[-117.7103,35.4678],[-117.7105,35.4677],[-117.7106,35.4677],[-117.7107,35.4677],[-117.7108,35.4677],[-117.7109,35.4677],[-117.711,35.4677],[-117.7111,35.4678],[-117.7112,35.4678],[-117.7113,35.4678],[-117.7114,35.4678],[-117.7115,35.4678],[-117.7116,35.4678],[-117.7117,35.4678],[-117.7118,35.4678],[-117.712,35.4678],[-117.7121,35.4678],[-117.7122,35.4678],[-117.7123,35.4678],[-117.7124,35.4679],[-117.7125,35.4679],[-117.7126,35.468],[-117.7127,35.468],[-117.7128,35.4681],[-117.7129,35.4681],[-117.7129,35.4682],[-117.713,35.4682],[-117.713,35.4683],[-117.7131,35.4683],[-117.7132,35.4684],[-117.7133,35.4684],[-117.7134,35.4684],[-117.7135,35.4684],[-117.7136,35.4684],[-117.7137,35.4684],[-117.7139,35.4683],[-117.714,35.4683],[-117.7141,35.4683],[-117.7142,35.4683],[-117.7143,35.4683],[-117.7144,35.4684],[-117.7145,35.4684],[-117.7146,35.4685],[-117.7147,35.4685],[-117.7148,35.4686],[-117.7149,35.4686],[-117.715,35.4687],[-117.7151,35.4687],[-117.7152,35.4688],[-117.7153,35.4688],[-117.7154,35.4688],[-117.7155,35.4689],[-117.7156,35.4689],[-117.7157,35.469],[-117.7158,35.469],[-117.7159,35.4691],[-117.716,35.4691],[-117.716,35.4692],[-117.7161,35.4692],[-117.7161,35.4693],[-117.7162,35.4694],[-117.7163,35.4695],[-117.7164,35.4695],[-117.7165,35.4695],[-117.7166,35.4695],[-117.7167,35.4695],[-117.7168,35.4695],[-117.7169,35.4695],[-117.717,35.4696],[-117.7171,35.4696],[-117.7172,35.4696],[-117.7174,35.4696],[-117.7175,35.4696],[-117.7176,35.4696],[-117.7178,35.4696],[-117.718,35.4696],[-117.7182,35.4696],[-117.7183,35.4696],[-117.7184,35.4696],[-117.7185,35.4696],[-117.7186,35.4696],[-117.7187,35.4696],[-117.7188,35.4696],[-117.7189,35.4697],[-117.7191,35.4697],[-117.7192,35.4697],[-117.7192,35.4698],[-117.7193,35.4698],[-117.7194,35.4698],[-117.7195,35.4698],[-117.7195,35.4699],[-117.7196,35.4699],[-117.7197,35.4699],[-117.7198,35.4699],[-117.7199,35.4699],[-117.7199,35.47],[-117.72,35.47],[-117.7201,35.47],[-117.7202,35.4701],[-117.7203,35.4701],[-117.7204,35.4701],[-117.7204,35.4702],[-117.7205,35.4702],[-117.7206,35.4702],[-117.7207,35.4702],[-117.7207,35.4703],[-117.7208,35.4703],[-117.721,35.4703],[-117.7211,35.4703],[-117.7212,35.4703],[-117.7213,35.4703],[-117.7214,35.4704],[-117.7215,35.4704],[-117.7216,35.4704],[-117.7218,35.4704],[-117.7218,35.4705],[-117.7219,35.4705],[-117.722,35.4705],[-117.7222,35.4706],[-117.7223,35.4706],[-117.7223,35.4707],[-117.7224,35.4707],[-117.7225,35.4707],[-117.7226,35.4709],[-117.7227,35.4709],[-117.7227,35.471],[-117.7228,35.471],[-117.7228,35.4711],[-117.7229,35.4712],[-117.723,35.4712],[-117.7231,35.4713],[-117.7231,35.4714],[-117.7232,35.4714],[-117.7233,35.4715],[-117.7234,35.4716],[-117.7235,35.4716],[-117.7236,35.4717],[-117.7237,35.4718],[-117.7238,35.4719],[-117.7239,35.472],[-117.724,35.4721],[-117.7241,35.4722],[-117.7242,35.4723],[-117.7243,35.4724],[-117.7244,35.4725],[-117.7245,35.4726],[-117.7246,35.4726],[-117.7246,35.4727],[-117.7247,35.4727],[-117.7248,35.4728],[-117.7249,35.4728],[-117.725,35.4728],[-117.7251,35.4728],[-117.7252,35.4729],[-117.7253,35.4729],[-117.7254,35.473],[-117.7255,35.473],[-117.7256,35.4731],[-117.7257,35.4732],[-117.7259,35.4732],[-117.726,35.4733],[-117.7261,35.4734],[-117.7263,35.4734],[-117.7265,35.4735],[-117.7266,35.4735],[-117.7268,35.4736],[-117.727,35.4736],[-117.7272,35.4737],[-117.7273,35.4737],[-117.7274,35.4737],[-117.7275,35.4737],[-117.7276,35.4737],[-117.7277,35.4737],[-117.7278,35.4737],[-117.7279,35.4737],[-117.728,35.4737],[-117.7282,35.4736],[-117.7283,35.4736],[-117.7285,35.4735],[-117.7286,35.4735],[-117.7286,35.4734],[-117.7287,35.4733],[-117.7288,35.4733],[-117.7289,35.4732],[-117.729,35.4732],[-117.7291,35.4731]]}},{"type":"Feature","properties":{"id":null,"name":null,"kind":"road","access":"green","seasonal":false},"geometry":{"type":"LineString","coordinates":[[-117.8427,35.4364],[-117.8426,35.4363],[-117.8425,35.4363],[-117.8425,35.4362],[-117.8424,35.4362],[-117.8423,35.4362],[-117.8423,35.4361],[-117.8422,35.4361],[-117.8421,35.4361],[-117.8421,35.436],[-117.842,35.436],[-117.8419,35.436],[-117.8418,35.4359],[-117.8417,35.4359],[-117.8416,35.4358],[-117.8415,35.4358],[-117.8414,35.4357],[-117.8413,35.4357],[-117.8411,35.4357]]}},{"type":"Feature","properties":{"id":null,"name":null,"kind":"road","access":"green","seasonal":false},"geometry":{"type":"LineString","coordinates":[[-117.8504,35.428],[-117.8503,35.428],[-117.8503,35.4281],[-117.8502,35.4281],[-117.8502,35.4282],[-117.8501,35.4282],[-117.8501,35.4283],[-117.85,35.4283],[-117.8499,35.4284],[-117.8499,35.4285],[-117.8498,35.4285],[-117.8497,35.4286],[-117.8496,35.4286],[-117.8496,35.4287],[-117.8495,35.4287],[-117.8494,35.4287],[-117.8493,35.4287],[-117.8493,35.4288],[-117.8492,35.4288],[-117.8491,35.4288],[-117.849,35.4288],[-117.849,35.4289],[-117.8489,35.4289],[-117.8488,35.4289],[-117.8487,35.4289],[-117.8486,35.4289],[-117.8485,35.4289],[-117.8484,35.4289],[-117.8483,35.4289],[-117.8482,35.4289],[-117.8481,35.4289],[-117.848,35.4289],[-117.8479,35.4289],[-117.8479,35.429],[-117.8478,35.429],[-117.8478,35.4289],[-117.8477,35.4289],[-117.8476,35.4289],[-117.8475,35.4289],[-117.8474,35.4289],[-117.8473,35.4289],[-117.8472,35.4289],[-117.8471,35.4289],[-117.847,35.4289],[-117.8469,35.4289],[-117.8468,35.4289],[-117.8467,35.4289],[-117.8466,35.4289],[-117.8465,35.4289],[-117.8464,35.4289],[-117.8463,35.4289],[-117.8462,35.4289],[-117.8461,35.4289],[-117.846,35.4289],[-117.8459,35.4289],[-117.8458,35.4289],[-117.8457,35.4288],[-117.8456,35.4288],[-117.8455,35.4288],[-117.8454,35.4288],[-117.8453,35.4288],[-117.8452,35.4288],[-117.8451,35.4288],[-117.845,35.4287],[-117.8449,35.4287],[-117.8448,35.4287],[-117.8448,35.4288],[-117.8447,35.4288],[-117.8446,35.4288],[-117.8445,35.4288],[-117.8444,35.4288],[-117.8443,35.4288],[-117.8442,35.4288],[-117.8441,35.4288],[-117.844,35.4288],[-117.844,35.4289],[-117.8439,35.4289],[-117.8438,35.4289],[-117.8437,35.4289],[-117.8436,35.4289],[-117.8435,35.4289],[-117.8434,35.429],[-117.8433,35.429],[-117.8432,35.429],[-117.8431,35.429],[-117.843,35.429],[-117.8429,35.429],[-117.8428,35.429],[-117.8427,35.429],[-117.8426,35.429],[-117.8425,35.429],[-117.8424,35.429],[-117.8423,35.429],[-117.8422,35.429],[-117.8421,35.429],[-117.842,35.429],[-117.8419,35.4289],[-117.8417,35.4289],[-117.8416,35.4289],[-117.8415,35.4288],[-117.8414,35.4288],[-117.8413,35.4288],[-117.8412,35.4288],[-117.8411,35.4287],[-117.841,35.4287],[-117.8409,35.4287],[-117.8407,35.4287],[-117.8406,35.4287],[-117.8405,35.4286],[-117.8404,35.4286],[-117.8403,35.4286],[-117.8402,35.4286],[-117.8401,35.4285],[-117.84,35.4285],[-117.8399,35.4285],[-117.8398,35.4285],[-117.8398,35.4284],[-117.8397,35.4284]]}},{"type":"Feature","properties":{"id":null,"name":null,"kind":"road","access":"green","seasonal":false},"geometry":{"type":"LineString","coordinates":[[-117.8463,35.4169],[-117.8464,35.4169],[-117.8465,35.4169],[-117.8466,35.4169],[-117.8467,35.4169],[-117.8468,35.4169],[-117.8468,35.417],[-117.8469,35.417],[-117.847,35.417],[-117.8471,35.417],[-117.8472,35.4171],[-117.8473,35.4171],[-117.8474,35.4172],[-117.8476,35.4173],[-117.8476,35.4174],[-117.8477,35.4174],[-117.8478,35.4175],[-117.8479,35.4175],[-117.8479,35.4176],[-117.8479,35.4177],[-117.8478,35.4178],[-117.8478,35.4179],[-117.8477,35.4179],[-117.8477,35.418],[-117.8477,35.4181],[-117.8476,35.4182],[-117.8476,35.4183],[-117.8476,35.4184],[-117.8475,35.4185],[-117.8475,35.4186],[-117.8476,35.4186],[-117.8476,35.4187],[-117.8477,35.4187],[-117.8477,35.4188],[-117.8478,35.4188],[-117.8479,35.4188],[-117.8479,35.4189],[-117.848,35.4189],[-117.8481,35.419],[-117.8482,35.419],[-117.8482,35.4191],[-117.8483,35.4191],[-117.8483,35.4192],[-117.8484,35.4192],[-117.8485,35.4192],[-117.8486,35.4192],[-117.8486,35.4193],[-117.8487,35.4193],[-117.8488,35.4193],[-117.8489,35.4193],[-117.849,35.4193],[-117.8491,35.4193],[-117.8492,35.4193],[-117.8493,35.4193],[-117.8494,35.4193],[-117.8494,35.4194],[-117.8495,35.4194],[-117.8496,35.4194],[-117.8497,35.4194],[-117.8498,35.4194],[-117.8499,35.4194],[-117.85,35.4194],[-117.8501,35.4194],[-117.8502,35.4194],[-117.8503,35.4194],[-117.8504,35.4194],[-117.8505,35.4195],[-117.8505,35.4196],[-117.8506,35.4196],[-117.8507,35.4196],[-117.8507,35.4197],[-117.8508,35.4197],[-117.8509,35.4197],[-117.851,35.4197],[-117.8511,35.4197],[-117.8512,35.4197],[-117.8513,35.4197],[-117.8513,35.4198],[-117.8514,35.4198],[-117.8515,35.4199],[-117.8516,35.42],[-117.8517,35.42],[-117.8517,35.4201],[-117.8518,35.4201],[-117.8518,35.4202],[-117.8519,35.4202],[-117.8519,35.4203],[-117.852,35.4203],[-117.852,35.4204],[-117.8521,35.4204],[-117.8522,35.4204],[-117.8522,35.4205],[-117.8523,35.4205],[-117.8523,35.4204],[-117.8524,35.4204],[-117.8525,35.4204],[-117.8526,35.4204],[-117.8527,35.4204],[-117.8527,35.4205],[-117.8528,35.4205],[-117.8529,35.4205],[-117.853,35.4206],[-117.8531,35.4206],[-117.8532,35.4207],[-117.8533,35.4207],[-117.8534,35.4208],[-117.8535,35.4208],[-117.8535,35.4209],[-117.8536,35.4209],[-117.8536,35.421],[-117.8537,35.421],[-117.8537,35.4211],[-117.8537,35.4212],[-117.8537,35.4213],[-117.8538,35.4213],[-117.8538,35.4214],[-117.8538,35.4215],[-117.8538,35.4216],[-117.8538,35.4217],[-117.8537,35.4217],[-117.8537,35.4218],[-117.8537,35.4219],[-117.8537,35.422],[-117.8537,35.4221],[-117.8537,35.4222],[-117.8537,35.4223],[-117.8537,35.4224],[-117.8537,35.4225],[-117.8536,35.4226],[-117.8535,35.4227],[-117.8535,35.4228],[-117.8534,35.4229],[-117.8534,35.423],[-117.8535,35.4231],[-117.8535,35.4232],[-117.8535,35.4233],[-117.8535,35.4234],[-117.8534,35.4235],[-117.8534,35.4236],[-117.8534,35.4237],[-117.8534,35.4238],[-117.8534,35.4239],[-117.8533,35.4239],[-117.8533,35.424],[-117.8532,35.4241],[-117.8532,35.4242],[-117.8531,35.4243],[-117.8531,35.4244],[-117.853,35.4244],[-117.853,35.4245],[-117.8529,35.4246]]}},{"type":"Feature","properties":{"id":null,"name":null,"kind":"road","access":"green","seasonal":false},"geometry":{"type":"LineString","coordinates":[[-117.7925,35.4919],[-117.7926,35.4919],[-117.7927,35.4919],[-117.7928,35.4918],[-117.7929,35.4918],[-117.7929,35.4917],[-117.793,35.4917],[-117.793,35.4916],[-117.7931,35.4916],[-117.7932,35.4916],[-117.7933,35.4916],[-117.7934,35.4916],[-117.7935,35.4916]]}},{"type":"Feature","properties":{"id":null,"name":null,"kind":"road","access":"green","seasonal":false},"geometry":{"type":"LineString","coordinates":[[-117.7192,35.4851],[-117.7192,35.4852],[-117.7192,35.4853],[-117.7192,35.4854],[-117.7192,35.4855],[-117.7192,35.4856],[-117.7192,35.4857],[-117.7192,35.4858],[-117.7192,35.4859],[-117.7192,35.486],[-117.7192,35.4861],[-117.7192,35.4862],[-117.7193,35.4863],[-117.7193,35.4864],[-117.7194,35.4865],[-117.7195,35.4866],[-117.7195,35.4867],[-117.7195,35.4868],[-117.7195,35.4869],[-117.7195,35.487]]}},{"type":"Feature","properties":{"id":null,"name":null,"kind":"road","access":"green","seasonal":false},"geometry":{"type":"LineString","coordinates":[[-117.9468,35.4591],[-117.9469,35.4592],[-117.947,35.4592],[-117.9471,35.4593],[-117.9472,35.4593],[-117.9474,35.4593],[-117.9476,35.4593],[-117.9477,35.4593],[-117.9479,35.4593],[-117.948,35.4592],[-117.9481,35.4592],[-117.9482,35.4591],[-117.9483,35.4591],[-117.9484,35.4591]]}},{"type":"Feature","properties":{"id":null,"name":null,"kind":"road","access":"green","seasonal":false},"geometry":{"type":"LineString","coordinates":[[-117.7149,35.4627],[-117.7149,35.4628],[-117.7148,35.4628],[-117.7147,35.4629],[-117.7146,35.4629],[-117.7145,35.463],[-117.7144,35.463],[-117.7143,35.463],[-117.7142,35.463],[-117.7141,35.4631],[-117.714,35.4632],[-117.7139,35.4632],[-117.7138,35.4633],[-117.7137,35.4634],[-117.7136,35.4634],[-117.7135,35.4635],[-117.7134,35.4635],[-117.7133,35.4636],[-117.7132,35.4636],[-117.7131,35.4637],[-117.713,35.4638],[-117.7129,35.4638],[-117.7128,35.4639],[-117.7127,35.4639],[-117.7126,35.4639],[-117.7125,35.4639],[-117.7124,35.4639],[-117.7123,35.4639],[-117.7122,35.4639],[-117.7121,35.4639],[-117.712,35.4639],[-117.7119,35.4639],[-117.7118,35.4639],[-117.7117,35.4639],[-117.7116,35.4639],[-117.7115,35.4639],[-117.7115,35.464],[-117.7114,35.464],[-117.7113,35.464],[-117.7113,35.4641],[-117.7112,35.4641]]}},{"type":"Feature","properties":{"id":null,"name":null,"kind":"road","access":"green","seasonal":false},"geometry":{"type":"LineString","coordinates":[[-117.6547,35.4266],[-117.6549,35.4266],[-117.6552,35.4267],[-117.6555,35.4267],[-117.6557,35.4267],[-117.6558,35.4267],[-117.656,35.4267],[-117.6562,35.4268],[-117.6563,35.4268],[-117.6566,35.4268],[-117.6568,35.4267],[-117.6571,35.4267],[-117.6574,35.4266],[-117.6576,35.4266]]}},{"type":"Feature","properties":{"id":null,"name":null,"kind":"road","access":"green","seasonal":false},"geometry":{"type":"LineString","coordinates":[[-117.8529,35.4246],[-117.8529,35.4247],[-117.8528,35.4247],[-117.8528,35.4248],[-117.8527,35.4249],[-117.8527,35.425],[-117.8527,35.4251]]}},{"type":"Feature","properties":{"id":null,"name":null,"kind":"road","access":"green","seasonal":false},"geometry":{"type":"LineString","coordinates":[[-117.6924,35.46],[-117.6925,35.46],[-117.6925,35.4601],[-117.6925,35.4602],[-117.6925,35.4603],[-117.6925,35.4604],[-117.6925,35.4605],[-117.6925,35.4606],[-117.6925,35.4607],[-117.6925,35.4608],[-117.6926,35.4609],[-117.6926,35.461],[-117.6927,35.4611],[-117.6928,35.4612],[-117.6928,35.4613],[-117.6929,35.4613],[-117.693,35.4614],[-117.6931,35.4615],[-117.6932,35.4616],[-117.6932,35.4617],[-117.6932,35.4618],[-117.6932,35.4619],[-117.6932,35.462],[-117.6932,35.4621],[-117.6931,35.4622],[-117.6931,35.4623],[-117.6932,35.4624],[-117.6932,35.4625],[-117.6932,35.4626],[-117.6933,35.4626],[-117.6933,35.4627],[-117.6932,35.4628],[-117.6932,35.4629],[-117.6931,35.463],[-117.693,35.4631],[-117.693,35.4632],[-117.693,35.4633],[-117.693,35.4634],[-117.693,35.4635],[-117.693,35.4636],[-117.6931,35.4637],[-117.6931,35.4638],[-117.6931,35.464],[-117.6931,35.4641],[-117.6931,35.4642],[-117.6931,35.4643],[-117.6931,35.4645],[-117.6931,35.4647],[-117.6931,35.4648],[-117.6931,35.4649],[-117.6931,35.4651],[-117.6932,35.4652],[-117.6932,35.4653],[-117.6932,35.4654],[-117.6933,35.4655],[-117.6933,35.4656],[-117.6933,35.4657],[-117.6933,35.4659],[-117.6933,35.466],[-117.6932,35.4661],[-117.6932,35.4662],[-117.6932,35.4663],[-117.6933,35.4664],[-117.6933,35.4665],[-117.6933,35.4666],[-117.6933,35.4667],[-117.6933,35.4668],[-117.6933,35.4669],[-117.6932,35.467],[-117.6931,35.4671],[-117.6931,35.4672],[-117.6932,35.4673],[-117.6932,35.4674],[-117.6932,35.4675],[-117.6932,35.4676],[-117.6932,35.4677],[-117.6932,35.4678],[-117.6933,35.4679],[-117.6934,35.468],[-117.6934,35.4681],[-117.6935,35.4682],[-117.6936,35.4683],[-117.6936,35.4684],[-117.6937,35.4685],[-117.6937,35.4686],[-117.6937,35.4687],[-117.6937,35.4688],[-117.6937,35.4689],[-117.6936,35.469],[-117.6936,35.4691],[-117.6935,35.4691],[-117.6935,35.4692],[-117.6934,35.4693],[-117.6933,35.4694],[-117.6933,35.4695],[-117.6932,35.4695],[-117.6932,35.4696],[-117.6931,35.4697],[-117.6931,35.4698],[-117.6931,35.4699],[-117.6932,35.4699],[-117.6932,35.47],[-117.6932,35.4701],[-117.6933,35.4701],[-117.6933,35.4702],[-117.6934,35.4702],[-117.6935,35.4703],[-117.6935,35.4704],[-117.6936,35.4705],[-117.6937,35.4705],[-117.6937,35.4706],[-117.6938,35.4707],[-117.6939,35.4708],[-117.694,35.4709],[-117.6941,35.471],[-117.6942,35.4711],[-117.6942,35.4712],[-117.6943,35.4713],[-117.6944,35.4714],[-117.6945,35.4715],[-117.6946,35.4716],[-117.6946,35.4717],[-117.6947,35.4718],[-117.6947,35.4719],[-117.6948,35.4719],[-117.6948,35.472],[-117.6948,35.4721],[-117.6949,35.4722],[-117.6949,35.4723],[-117.6949,35.4724],[-117.6949,35.4725],[-117.695,35.4726],[-117.695,35.4727],[-117.6951,35.4728],[-117.6951,35.4729],[-117.6952,35.473],[-117.6953,35.4731],[-117.6953,35.4732],[-117.6953,35.4733],[-117.6953,35.4734],[-117.6954,35.4735],[-117.6954,35.4736],[-117.6954,35.4737],[-117.6954,35.4738],[-117.6954,35.4739],[-117.6954,35.474],[-117.6954,35.4741],[-117.6954,35.4742],[-117.6954,35.4743],[-117.6954,35.4744],[-117.6954,35.4745],[-117.6954,35.4746],[-117.6955,35.4746],[-117.6955,35.4747],[-117.6955,35.4748],[-117.6955,35.4749],[-117.6956,35.4749],[-117.6956,35.475],[-117.6956,35.4751],[-117.6956,35.4752],[-117.6957,35.4752],[-117.6957,35.4753],[-117.6958,35.4753]]}},{"type":"Feature","properties":{"id":null,"name":null,"kind":"road","access":"green","seasonal":false},"geometry":{"type":"LineString","coordinates":[[-117.7546,35.4306],[-117.7546,35.4307],[-117.7547,35.4308],[-117.7547,35.4309],[-117.7548,35.4309],[-117.7549,35.431],[-117.755,35.431],[-117.7551,35.431],[-117.7552,35.431],[-117.7553,35.431],[-117.7554,35.431],[-117.7555,35.431],[-117.7556,35.431],[-117.7557,35.431],[-117.7558,35.431],[-117.7559,35.431],[-117.756,35.431],[-117.7561,35.4309],[-117.7562,35.4309],[-117.7563,35.4309],[-117.7564,35.431],[-117.7565,35.431],[-117.7566,35.431],[-117.7567,35.4311],[-117.7568,35.4311],[-117.7569,35.4311],[-117.757,35.4311],[-117.7571,35.4312],[-117.7572,35.4312],[-117.7573,35.4312],[-117.7574,35.4313],[-117.7575,35.4313],[-117.7576,35.4314],[-117.7577,35.4314],[-117.7578,35.4314],[-117.7578,35.4315],[-117.7579,35.4315],[-117.7579,35.4316],[-117.758,35.4316],[-117.7581,35.4317],[-117.7582,35.4318],[-117.7582,35.4319],[-117.7583,35.4319],[-117.7583,35.432],[-117.7584,35.432],[-117.7584,35.4321],[-117.7585,35.4322],[-117.7585,35.4323],[-117.7586,35.4323],[-117.7586,35.4324],[-117.7586,35.4325],[-117.7587,35.4326],[-117.7588,35.4327],[-117.7589,35.4328],[-117.759,35.4328],[-117.7591,35.4329],[-117.7591,35.433],[-117.7592,35.433],[-117.7592,35.4331],[-117.7592,35.4332],[-117.7592,35.4333],[-117.7593,35.4333],[-117.7593,35.4334],[-117.7593,35.4335],[-117.7593,35.4336],[-117.7593,35.4337],[-117.7593,35.4338],[-117.7593,35.4339],[-117.7594,35.434],[-117.7594,35.4341],[-117.7595,35.4342],[-117.7596,35.4343],[-117.7596,35.4344],[-117.7597,35.4344],[-117.7598,35.4344],[-117.7599,35.4344],[-117.76,35.4345],[-117.7601,35.4345],[-117.7601,35.4344],[-117.7602,35.4344],[-117.7603,35.4344],[-117.7605,35.4344],[-117.7606,35.4343],[-117.7607,35.4343],[-117.7608,35.4343],[-117.7609,35.4343],[-117.761,35.4344],[-117.7611,35.4344],[-117.7612,35.4343],[-117.7613,35.4343],[-117.7614,35.4343],[-117.7615,35.4343],[-117.7616,35.4342],[-117.7617,35.4343],[-117.7618,35.4343],[-117.7619,35.4343],[-117.762,35.4342],[-117.7621,35.4342],[-117.7622,35.4342],[-117.7623,35.4342],[-117.7624,35.4341],[-117.7626,35.4341],[-117.7627,35.4341]]}},{"type":"Feature","properties":{"id":null,"name":null,"kind":"road","access":"green","seasonal":false},"geometry":{"type":"LineString","coordinates":[[-117.7004,35.427],[-117.7005,35.427],[-117.7006,35.427],[-117.7007,35.427],[-117.7009,35.4269],[-117.701,35.4269],[-117.7011,35.4269],[-117.7012,35.4268],[-117.7013,35.4268],[-117.7014,35.4267],[-117.7014,35.4266],[-117.7015,35.4265],[-117.7015,35.4264]]}},{"type":"Feature","properties":{"id":null,"name":null,"kind":"road","access":"green","seasonal":false},"geometry":{"type":"LineString","coordinates":[[-117.9215,35.494],[-117.9216,35.4941],[-117.9217,35.4942],[-117.9218,35.4943],[-117.9219,35.4944],[-117.922,35.4944],[-117.922,35.4945],[-117.9221,35.4945],[-117.9222,35.4946],[-117.9223,35.4947],[-117.9224,35.4947],[-117.9224,35.4948],[-117.9225,35.4948],[-117.9226,35.4949],[-117.9227,35.4949],[-117.9227,35.495],[-117.9228,35.4951],[-117.9229,35.4951],[-117.923,35.4952],[-117.9231,35.4952],[-117.9232,35.4953],[-117.9233,35.4954],[-117.9234,35.4955],[-117.9235,35.4955],[-117.9236,35.4956],[-117.9237,35.4956],[-117.9238,35.4957],[-117.9239,35.4958],[-117.924,35.4959],[-117.9241,35.496],[-117.9242,35.496],[-117.9242,35.4961],[-117.9243,35.4961],[-117.9244,35.4962],[-117.9245,35.4963],[-117.9246,35.4964],[-117.9247,35.4965],[-117.9248,35.4966],[-117.9249,35.4967],[-117.925,35.4967],[-117.9251,35.4968],[-117.9252,35.4969],[-117.9253,35.497],[-117.9254,35.4971],[-117.9255,35.4971],[-117.9256,35.4972],[-117.9257,35.4973],[-117.9258,35.4973],[-117.9259,35.4974],[-117.9259,35.4975],[-117.926,35.4976],[-117.9261,35.4976],[-117.9262,35.4977],[-117.9263,35.4978],[-117.9264,35.4978],[-117.9265,35.4979],[-117.9266,35.498],[-117.9267,35.4981],[-117.9268,35.4982],[-117.9269,35.4982],[-117.927,35.4983],[-117.9271,35.4984],[-117.9272,35.4985],[-117.9273,35.4986],[-117.9274,35.4986],[-117.9275,35.4987],[-117.9275,35.4988],[-117.9276,35.4988],[-117.9277,35.4989],[-117.9278,35.4989],[-117.9279,35.499],[-117.928,35.4991],[-117.9281,35.4991],[-117.9283,35.4992]]}},{"type":"Feature","properties":{"id":null,"name":null,"kind":"road","access":"green","seasonal":false},"geometry":{"type":"LineString","coordinates":[[-117.7707,35.4411],[-117.7707,35.441],[-117.7708,35.4409],[-117.7707,35.4408],[-117.7707,35.4407],[-117.7707,35.4406],[-117.7707,35.4405],[-117.7706,35.4404],[-117.7705,35.4404],[-117.7704,35.4404],[-117.7703,35.4404],[-117.7702,35.4404],[-117.7701,35.4404],[-117.77,35.4404],[-117.7699,35.4404],[-117.7698,35.4405],[-117.7697,35.4405],[-117.7696,35.4405],[-117.7695,35.4405],[-117.7694,35.4405],[-117.7694,35.4404],[-117.7693,35.4404],[-117.7692,35.4404],[-117.7692,35.4403],[-117.7691,35.4403]]}},{"type":"Feature","properties":{"id":null,"name":null,"kind":"road","access":"green","seasonal":false},"geometry":{"type":"LineString","coordinates":[[-117.6314,35.3719],[-117.6313,35.3719],[-117.631,35.3718],[-117.6307,35.3717],[-117.6299,35.3715],[-117.6295,35.3713],[-117.6291,35.3712],[-117.628,35.3707],[-117.6261,35.37],[-117.6239,35.3691],[-117.6232,35.3688],[-117.6218,35.3683],[-117.6206,35.3679],[-117.6203,35.3677],[-117.6201,35.3676],[-117.6198,35.3673],[-117.6196,35.3671]]}},{"type":"Feature","properties":{"id":null,"name":null,"kind":"road","access":"green","seasonal":false},"geometry":{"type":"LineString","coordinates":[[-117.8323,35.4387],[-117.8323,35.4388],[-117.8322,35.4388],[-117.8321,35.4388],[-117.832,35.4388],[-117.8319,35.4388],[-117.8318,35.4388],[-117.8317,35.4388],[-117.8316,35.4388],[-117.8315,35.4388],[-117.8314,35.4388],[-117.8314,35.4389],[-117.8313,35.4389],[-117.8313,35.439],[-117.8312,35.439],[-117.8311,35.439],[-117.831,35.439],[-117.831,35.4389],[-117.8309,35.4389],[-117.8308,35.4389],[-117.8307,35.4389],[-117.8307,35.4388],[-117.8306,35.4388],[-117.8306,35.4389],[-117.8305,35.4389],[-117.8304,35.4389],[-117.8303,35.4389],[-117.8303,35.439],[-117.8302,35.439]]}},{"type":"Feature","properties":{"id":null,"name":null,"kind":"road","access":"green","seasonal":false},"geometry":{"type":"LineString","coordinates":[[-117.6701,35.4364],[-117.6702,35.4363],[-117.6702,35.4362],[-117.6702,35.4361],[-117.6701,35.436],[-117.67,35.4358],[-117.67,35.4357],[-117.67,35.4356]]}},{"type":"Feature","properties":{"id":null,"name":null,"kind":"road","access":"green","seasonal":false},"geometry":{"type":"LineString","coordinates":[[-117.8264,35.4412],[-117.8264,35.4415],[-117.8263,35.4417],[-117.8263,35.4418],[-117.8264,35.4421],[-117.8264,35.4422],[-117.8263,35.4425],[-117.8263,35.4426]]}},{"type":"Feature","properties":{"id":null,"name":null,"kind":"road","access":"green","seasonal":false},"geometry":{"type":"LineString","coordinates":[[-117.8139,35.4365],[-117.8138,35.4365],[-117.8137,35.4365],[-117.8136,35.4365],[-117.8135,35.4365],[-117.8134,35.4365],[-117.8133,35.4365]]}},{"type":"Feature","properties":{"id":null,"name":null,"kind":"road","access":"green","seasonal":false},"geometry":{"type":"LineString","coordinates":[[-117.8569,35.4155],[-117.8569,35.4156],[-117.857,35.4157],[-117.857,35.4158],[-117.8571,35.4159],[-117.8571,35.416],[-117.8572,35.416],[-117.8573,35.4161],[-117.8574,35.4161],[-117.8575,35.4162],[-117.8576,35.4162],[-117.8577,35.4163],[-117.8578,35.4163],[-117.8579,35.4164],[-117.858,35.4164],[-117.858,35.4165],[-117.8581,35.4165],[-117.8581,35.4166],[-117.8582,35.4166],[-117.8582,35.4167],[-117.8581,35.4168],[-117.8581,35.4169],[-117.8582,35.4169],[-117.8582,35.417],[-117.8582,35.4171],[-117.8582,35.4172],[-117.8582,35.4173],[-117.8581,35.4173],[-117.8581,35.4174],[-117.8581,35.4175],[-117.8581,35.4176],[-117.8581,35.4177],[-117.8581,35.4178],[-117.858,35.4179],[-117.858,35.418],[-117.858,35.4181],[-117.8581,35.4182],[-117.858,35.4182]]}},{"type":"Feature","properties":{"id":null,"name":null,"kind":"road","access":"green","seasonal":false},"geometry":{"type":"LineString","coordinates":[[-117.7567,35.4227],[-117.7567,35.4228],[-117.7567,35.4229],[-117.7567,35.423],[-117.7567,35.4231],[-117.7567,35.4232],[-117.7567,35.4233],[-117.7567,35.4234],[-117.7567,35.4235],[-117.7567,35.4236],[-117.7567,35.4237],[-117.7567,35.4238],[-117.7567,35.4239],[-117.7567,35.424],[-117.7567,35.4241],[-117.7567,35.4242],[-117.7567,35.4243],[-117.7567,35.4244],[-117.7567,35.4245],[-117.7567,35.4246],[-117.7567,35.4247],[-117.7567,35.4248],[-117.7566,35.4248],[-117.7566,35.4249],[-117.7566,35.425],[-117.7566,35.4251],[-117.7565,35.4251],[-117.7565,35.4252],[-117.7565,35.4253],[-117.7564,35.4254],[-117.7564,35.4255],[-117.7564,35.4256],[-117.7564,35.4257],[-117.7563,35.4258],[-117.7563,35.4259],[-117.7563,35.426],[-117.7563,35.4261],[-117.7562,35.4262],[-117.7562,35.4263],[-117.7561,35.4264],[-117.7561,35.4265]]}},{"type":"Feature","properties":{"id":null,"name":null,"kind":"road","access":"green","seasonal":false},"geometry":{"type":"LineString","coordinates":[[-117.8429,35.4209],[-117.8429,35.4208],[-117.8429,35.4207],[-117.843,35.4206],[-117.8431,35.4206],[-117.8432,35.4205],[-117.8433,35.4205],[-117.8433,35.4204],[-117.8434,35.4204],[-117.8435,35.4204],[-117.8435,35.4203],[-117.8436,35.4203],[-117.8436,35.4202],[-117.8437,35.4202],[-117.8437,35.4201],[-117.8438,35.42],[-117.8438,35.4199],[-117.8439,35.4199],[-117.8439,35.4198],[-117.844,35.4197],[-117.844,35.4196],[-117.844,35.4195],[-117.844,35.4194],[-117.844,35.4193],[-117.844,35.4192],[-117.844,35.4191],[-117.844,35.419],[-117.8439,35.419],[-117.8439,35.4189],[-117.8439,35.4188],[-117.844,35.4188],[-117.844,35.4187],[-117.844,35.4186],[-117.8441,35.4185],[-117.8441,35.4184],[-117.8442,35.4184],[-117.8442,35.4183],[-117.8443,35.4182],[-117.8443,35.4181],[-117.8444,35.4181],[-117.8444,35.418],[-117.8445,35.4179],[-117.8445,35.4178],[-117.8446,35.4178],[-117.8447,35.4177],[-117.8448,35.4177],[-117.8448,35.4176],[-117.8449,35.4176],[-117.845,35.4176],[-117.8451,35.4176],[-117.8452,35.4176],[-117.8453,35.4176],[-117.8454,35.4176],[-117.8455,35.4176],[-117.8456,35.4175],[-117.8457,35.4175],[-117.8458,35.4175],[-117.8459,35.4175],[-117.846,35.4175],[-117.8461,35.4175],[-117.8461,35.4174],[-117.8462,35.4173],[-117.8462,35.4172],[-117.8463,35.4171],[-117.8463,35.417],[-117.8463,35.4169]]}},{"type":"Feature","properties":{"id":null,"name":null,"kind":"road","access":"green","seasonal":false},"geometry":{"type":"LineString","coordinates":[[-117.7746,35.4537],[-117.7747,35.4536],[-117.7747,35.4535],[-117.7748,35.4535],[-117.7748,35.4534],[-117.7748,35.4533],[-117.7749,35.4532],[-117.7749,35.4531],[-117.7749,35.453],[-117.7749,35.4529],[-117.7749,35.4528],[-117.7749,35.4527],[-117.7748,35.4526],[-117.7748,35.4525],[-117.7747,35.4525],[-117.7747,35.4524],[-117.7747,35.4523],[-117.7747,35.4522],[-117.7747,35.4521],[-117.7747,35.452],[-117.7747,35.4518],[-117.7747,35.4517],[-117.7747,35.4516],[-117.7747,35.4515],[-117.7747,35.4514],[-117.7747,35.4513],[-117.7746,35.4512],[-117.7747,35.4511],[-117.7747,35.451],[-117.7747,35.4509],[-117.7748,35.4508],[-117.7749,35.4507],[-117.775,35.4506],[-117.775,35.4505],[-117.7751,35.4504],[-117.7752,35.4503],[-117.7753,35.4502],[-117.7754,35.4501],[-117.7754,35.45],[-117.7755,35.4499],[-117.7756,35.4498],[-117.7756,35.4496],[-117.7757,35.4495],[-117.7758,35.4494],[-117.7759,35.4493],[-117.776,35.4492],[-117.776,35.4491],[-117.7761,35.449],[-117.7762,35.4488],[-117.7762,35.4487],[-117.7764,35.4486],[-117.7765,35.4485],[-117.7766,35.4484],[-117.7766,35.4483]]}},{"type":"Feature","properties":{"id":null,"name":null,"kind":"road","access":"green","seasonal":false},"geometry":{"type":"LineString","coordinates":[[-117.8004,35.477],[-117.8004,35.4769],[-117.8005,35.4768],[-117.8006,35.4768],[-117.8006,35.4767],[-117.8007,35.4767],[-117.8007,35.4766],[-117.8007,35.4765],[-117.8007,35.4764],[-117.8007,35.4763],[-117.8007,35.4762],[-117.8008,35.4761],[-117.8008,35.476],[-117.8008,35.4759],[-117.8009,35.4758],[-117.801,35.4758],[-117.8011,35.4757],[-117.8012,35.4757],[-117.8012,35.4756],[-117.8013,35.4756],[-117.8013,35.4755],[-117.8014,35.4755],[-117.8014,35.4754],[-117.8015,35.4754],[-117.8016,35.4753],[-117.8017,35.4753],[-117.8018,35.4753],[-117.8019,35.4754],[-117.802,35.4754],[-117.8021,35.4754],[-117.8022,35.4754],[-117.8024,35.4754],[-117.8025,35.4754],[-117.8026,35.4754],[-117.8027,35.4755],[-117.8028,35.4755],[-117.8029,35.4756],[-117.803,35.4756],[-117.8031,35.4756],[-117.8031,35.4757],[-117.8032,35.4757],[-117.8033,35.4758],[-117.8034,35.4758],[-117.8035,35.4759],[-117.8036,35.4759],[-117.8037,35.4759],[-117.8038,35.4759],[-117.8039,35.476],[-117.804,35.476],[-117.8042,35.476],[-117.8043,35.476],[-117.8045,35.476],[-117.8046,35.476],[-117.8048,35.4761],[-117.8049,35.4761],[-117.8051,35.4761],[-117.8052,35.4761],[-117.8054,35.4762],[-117.8056,35.4762],[-117.8057,35.4762],[-117.8059,35.4762],[-117.806,35.4762],[-117.8061,35.4762],[-117.8063,35.4763],[-117.8064,35.4763],[-117.8066,35.4763],[-117.8067,35.4763],[-117.8069,35.4763],[-117.807,35.4763],[-117.8072,35.4764],[-117.8073,35.4764],[-117.8075,35.4764],[-117.8077,35.4764],[-117.8079,35.4764],[-117.808,35.4764],[-117.8082,35.4764],[-117.8083,35.4764],[-117.8085,35.4764],[-117.8087,35.4764],[-117.8088,35.4764],[-117.8089,35.4764],[-117.8091,35.4764],[-117.8092,35.4764],[-117.8093,35.4765],[-117.8095,35.4765],[-117.8096,35.4765],[-117.8097,35.4766],[-117.8098,35.4766],[-117.8099,35.4767],[-117.81,35.4767],[-117.8101,35.4767],[-117.8102,35.4767],[-117.8102,35.4768],[-117.8103,35.4768],[-117.8104,35.4768],[-117.8105,35.4768],[-117.8106,35.4768],[-117.8107,35.4768],[-117.8108,35.4769],[-117.8109,35.4769],[-117.811,35.4769],[-117.8111,35.4769],[-117.8112,35.4769],[-117.8113,35.4769],[-117.8114,35.4769],[-117.8115,35.4769],[-117.8116,35.4769],[-117.8117,35.4769],[-117.8118,35.4769],[-117.8119,35.477],[-117.812,35.477],[-117.8121,35.477],[-117.8122,35.477],[-117.8123,35.4771],[-117.8124,35.4771],[-117.8125,35.4772],[-117.8126,35.4772],[-117.8128,35.4773],[-117.8129,35.4774],[-117.813,35.4774],[-117.8131,35.4775],[-117.8132,35.4775],[-117.8133,35.4776],[-117.8134,35.4776]]}},{"type":"Feature","properties":{"id":null,"name":null,"kind":"road","access":"green","seasonal":false},"geometry":{"type":"LineString","coordinates":[[-117.6192,35.3374],[-117.6195,35.3376],[-117.6197,35.3379],[-117.6208,35.339],[-117.6217,35.3398],[-117.6223,35.3402],[-117.6226,35.3404],[-117.6234,35.3408],[-117.6244,35.3412],[-117.625,35.3414]]}},{"type":"Feature","properties":{"id":null,"name":null,"kind":"road","access":"green","seasonal":false},"geometry":{"type":"MultiLineString","coordinates":[[[-117.6802,35.3417],[-117.6801,35.3415],[-117.6801,35.3414],[-117.6801,35.3413],[-117.6801,35.3412],[-117.6801,35.3411],[-117.6799,35.341],[-117.6798,35.341],[-117.6797,35.3409],[-117.6796,35.3408],[-117.6795,35.3407],[-117.6794,35.3407],[-117.6793,35.3406],[-117.6791,35.3405],[-117.679,35.3404],[-117.6788,35.3403],[-117.6788,35.3402],[-117.6788,35.3401],[-117.6787,35.34],[-117.6787,35.3399],[-117.6786,35.3399],[-117.6785,35.3398],[-117.6784,35.3397],[-117.6783,35.3396],[-117.6782,35.3395],[-117.6781,35.3395],[-117.6781,35.3394],[-117.678,35.3393],[-117.6778,35.3391],[-117.6777,35.339],[-117.6776,35.3389],[-117.6774,35.3388],[-117.6774,35.3387],[-117.6772,35.3387],[-117.6771,35.3387],[-117.6769,35.3387],[-117.6768,35.3387],[-117.6767,35.3386],[-117.6765,35.3386],[-117.6764,35.3386],[-117.6762,35.3386],[-117.6761,35.3387],[-117.676,35.3387],[-117.6759,35.3388],[-117.6759,35.3389],[-117.6758,35.3389],[-117.6756,35.3388],[-117.6755,35.3388],[-117.6755,35.3387],[-117.6755,35.3386],[-117.6755,35.3385],[-117.6754,35.3384],[-117.6753,35.3383],[-117.6751,35.3383],[-117.6749,35.3382],[-117.6748,35.3382],[-117.6746,35.3382],[-117.6744,35.3383],[-117.6743,35.3383],[-117.6741,35.3384],[-117.674,35.3385],[-117.6738,35.3385],[-117.6736,35.3384],[-117.6734,35.3382],[-117.6732,35.3381],[-117.673,35.338],[-117.6727,35.3379],[-117.6725,35.3378],[-117.6723,35.3376],[-117.6721,35.3374],[-117.6719,35.3372],[-117.6716,35.3369],[-117.6715,35.3368],[-117.6715,35.3366],[-117.6715,35.3365],[-117.6716,35.3364],[-117.6716,35.3363],[-117.6716,35.3362],[-117.6716,35.3361],[-117.6717,35.3359],[-117.6718,35.3358],[-117.6718,35.3356],[-117.6718,35.3355],[-117.6718,35.3354],[-117.6717,35.3353],[-117.6716,35.3352],[-117.6715,35.3352],[-117.6715,35.335],[-117.6714,35.3349],[-117.6714,35.3348],[-117.6713,35.3348],[-117.6711,35.3347],[-117.671,35.3347],[-117.6709,35.3346],[-117.6708,35.3345],[-117.6707,35.3344],[-117.6706,35.3343],[-117.6705,35.3342],[-117.6703,35.3342],[-117.6702,35.3342],[-117.67,35.3341],[-117.6699,35.334],[-117.6698,35.3339],[-117.6697,35.3339],[-117.6696,35.3338],[-117.6695,35.3337],[-117.6694,35.3336],[-117.6693,35.3335],[-117.6692,35.3335],[-117.6691,35.3334],[-117.6688,35.3332],[-117.6687,35.3331],[-117.6687,35.333],[-117.6687,35.3329],[-117.6687,35.3328],[-117.6686,35.3328]],[[-117.6668,35.3311],[-117.6666,35.3311],[-117.6665,35.3311],[-117.6664,35.3311],[-117.6663,35.3311],[-117.666,35.3311],[-117.6659,35.331],[-117.6657,35.331],[-117.6655,35.331],[-117.6652,35.331],[-117.6647,35.3309],[-117.6646,35.3309],[-117.6645,35.3309],[-117.6639,35.3308],[-117.6637,35.3307],[-117.6634,35.3307],[-117.6631,35.3306],[-117.6629,35.3306],[-117.6624,35.3306],[-117.6618,35.3305],[-117.6615,35.3305],[-117.6611,35.3305],[-117.661,35.3305],[-117.6602,35.3304],[-117.6596,35.3304],[-117.6591,35.3304],[-117.6589,35.3303],[-117.6585,35.3303],[-117.6581,35.3303],[-117.6577,35.3303],[-117.6575,35.3302],[-117.6573,35.3302],[-117.6571,35.3302],[-117.6568,35.3303],[-117.6565,35.3304],[-117.6562,35.3305],[-117.656,35.3306],[-117.6557,35.3307],[-117.6555,35.3309],[-117.655,35.3312],[-117.6549,35.3312],[-117.6542,35.3315],[-117.6536,35.3318],[-117.6534,35.332],[-117.6532,35.3321],[-117.6529,35.3322],[-117.6527,35.3323],[-117.6526,35.3324],[-117.6523,35.3326],[-117.6521,35.3328],[-117.652,35.3329],[-117.6515,35.3333],[-117.6512,35.3336],[-117.6507,35.334],[-117.6503,35.3344],[-117.6501,35.3346],[-117.6494,35.3351],[-117.6489,35.3355],[-117.6489,35.3356],[-117.6482,35.3362],[-117.6476,35.3366],[-117.6475,35.3367],[-117.6473,35.3369],[-117.6471,35.337],[-117.6469,35.3372],[-117.6467,35.3374],[-117.6464,35.3377],[-117.6459,35.3381]]]}},{"type":"Feature","properties":{"id":null,"name":null,"kind":"road","access":"green","seasonal":false},"geometry":{"type":"LineString","coordinates":[[-117.6303,35.4353],[-117.6305,35.4352],[-117.6307,35.4352],[-117.6309,35.4351],[-117.6312,35.435],[-117.6314,35.4349],[-117.6316,35.4349],[-117.6317,35.4349],[-117.6318,35.4348],[-117.632,35.4348],[-117.6321,35.4348],[-117.6321,35.4346],[-117.6322,35.4346]]}},{"type":"Feature","properties":{"id":null,"name":null,"kind":"road","access":"green","seasonal":false},"geometry":{"type":"LineString","coordinates":[[-117.6844,35.3544],[-117.6842,35.3542],[-117.684,35.3541],[-117.6839,35.3539],[-117.6838,35.3538],[-117.6838,35.3537],[-117.6838,35.3536],[-117.6837,35.3534],[-117.6836,35.3532],[-117.6835,35.3531],[-117.6834,35.353],[-117.6833,35.3529],[-117.6831,35.3528],[-117.683,35.3528],[-117.6829,35.3527],[-117.6828,35.3527],[-117.6828,35.3525],[-117.6828,35.3523],[-117.6826,35.3521],[-117.6825,35.3519],[-117.6823,35.3518],[-117.6821,35.3517],[-117.682,35.3517],[-117.6818,35.3517],[-117.6816,35.3517],[-117.6814,35.3517],[-117.6811,35.3517],[-117.681,35.3518],[-117.6808,35.3518],[-117.6807,35.3517],[-117.6805,35.3517],[-117.6804,35.3517],[-117.6803,35.3518],[-117.6802,35.3519],[-117.6801,35.352],[-117.68,35.352],[-117.6799,35.3521],[-117.6798,35.3521],[-117.6797,35.3521],[-117.6794,35.352],[-117.6792,35.3519],[-117.6791,35.3518],[-117.6789,35.3518],[-117.6786,35.3517],[-117.6784,35.3517],[-117.6781,35.3517],[-117.678,35.3517],[-117.6777,35.3516]]}},{"type":"Feature","properties":{"id":null,"name":null,"kind":"road","access":"green","seasonal":false},"geometry":{"type":"LineString","coordinates":[[-117.8436,35.3313],[-117.8436,35.3314],[-117.8439,35.3314]]}},{"type":"Feature","properties":{"id":null,"name":null,"kind":"road","access":"green","seasonal":false},"geometry":{"type":"MultiLineString","coordinates":[[[-117.7739,35.4088],[-117.7738,35.4085],[-117.7737,35.4083],[-117.7736,35.4081],[-117.7735,35.4079],[-117.7734,35.4077],[-117.7733,35.4076],[-117.7733,35.4074],[-117.7733,35.4072],[-117.7733,35.407],[-117.7733,35.4068],[-117.7732,35.4066],[-117.7732,35.4065],[-117.7732,35.4063],[-117.7732,35.4062],[-117.7731,35.4061],[-117.7731,35.4059],[-117.773,35.4058],[-117.773,35.4057],[-117.773,35.4055],[-117.7729,35.4054],[-117.7729,35.4052],[-117.7729,35.4051]],[[-117.7727,35.3905],[-117.7727,35.3901],[-117.7727,35.3898]]]}},{"type":"Feature","properties":{"id":null,"name":null,"kind":"road","access":"green","seasonal":false},"geometry":{"type":"LineString","coordinates":[[-117.6775,35.344],[-117.6776,35.3439],[-117.6777,35.3439],[-117.6779,35.3439],[-117.678,35.3439],[-117.6781,35.3439],[-117.6782,35.3439],[-117.6783,35.344],[-117.6784,35.344],[-117.6785,35.344],[-117.6786,35.3439],[-117.6786,35.3438],[-117.6786,35.3437],[-117.6785,35.3436],[-117.6785,35.3435],[-117.6785,35.3434],[-117.6785,35.3433],[-117.6786,35.3431],[-117.6787,35.3431],[-117.679,35.343],[-117.6792,35.3429],[-117.6795,35.3428],[-117.6796,35.3427],[-117.6797,35.3427],[-117.6797,35.3426],[-117.6797,35.3424],[-117.6798,35.3423],[-117.6798,35.3421],[-117.6798,35.342],[-117.6799,35.3419],[-117.68,35.3418],[-117.6802,35.3417],[-117.6803,35.3415],[-117.6804,35.3414],[-117.6805,35.3413],[-117.6806,35.3413],[-117.6806,35.3412],[-117.6805,35.3411],[-117.6805,35.341],[-117.6806,35.3409],[-117.6806,35.3408],[-117.6807,35.3408],[-117.6807,35.3407],[-117.6807,35.3406],[-117.6807,35.3405],[-117.6807,35.3404],[-117.6808,35.3403],[-117.681,35.3402],[-117.6811,35.3402],[-117.6812,35.3401],[-117.6813,35.3401],[-117.6814,35.34],[-117.6814,35.3399],[-117.6815,35.3398],[-117.6815,35.3397],[-117.6816,35.3395],[-117.6817,35.3394],[-117.6818,35.3394],[-117.6819,35.3393],[-117.682,35.3394],[-117.6822,35.3394],[-117.6823,35.3395],[-117.6825,35.3395],[-117.6827,35.3394],[-117.6829,35.3394],[-117.683,35.3393],[-117.6831,35.3393],[-117.6832,35.3393],[-117.6832,35.3392],[-117.6833,35.3391],[-117.6833,35.339],[-117.6833,35.3389],[-117.6834,35.3388],[-117.6835,35.3387],[-117.6836,35.3386],[-117.6836,35.3385],[-117.6837,35.3385],[-117.6838,35.3385],[-117.6839,35.3384],[-117.684,35.3384],[-117.684,35.3383],[-117.6841,35.3382],[-117.6841,35.3381],[-117.6842,35.338],[-117.6843,35.338]]}},{"type":"Feature","properties":{"id":null,"name":null,"kind":"road","access":"green","seasonal":false},"geometry":{"type":"LineString","coordinates":[[-117.6734,35.3768],[-117.6732,35.3767],[-117.6729,35.3763],[-117.6727,35.3762],[-117.6725,35.376],[-117.6722,35.3758],[-117.6719,35.3756],[-117.6716,35.3753],[-117.6714,35.3751]]}},{"type":"Feature","properties":{"id":null,"name":null,"kind":"road","access":"green","seasonal":false},"geometry":{"type":"MultiLineString","coordinates":[[[-117.648,35.4345],[-117.6479,35.4345],[-117.6475,35.4347],[-117.6471,35.4348]],[[-117.6725,35.426],[-117.6722,35.4261],[-117.672,35.4261],[-117.6719,35.4261],[-117.6713,35.4263],[-117.6707,35.4264],[-117.6705,35.4265],[-117.6703,35.4266],[-117.6697,35.4268],[-117.669,35.427],[-117.6682,35.4272],[-117.6675,35.4275],[-117.667,35.4276],[-117.6667,35.4277],[-117.6663,35.4278],[-117.6659,35.4279],[-117.6653,35.4281],[-117.6647,35.4283],[-117.664,35.4284],[-117.6636,35.4285],[-117.6632,35.4286],[-117.6627,35.4286],[-117.6623,35.4287],[-117.6621,35.4287],[-117.6615,35.4289],[-117.6606,35.4291],[-117.66,35.4293],[-117.6594,35.4295],[-117.6589,35.4295],[-117.6585,35.4296],[-117.6581,35.4297],[-117.6572,35.43],[-117.6568,35.4301],[-117.6565,35.4302],[-117.6561,35.4304],[-117.6555,35.4308],[-117.655,35.4311],[-117.6548,35.4313],[-117.6545,35.4315],[-117.6543,35.4317],[-117.6541,35.4318],[-117.6538,35.4319],[-117.6534,35.4321],[-117.6529,35.4323],[-117.6526,35.4325],[-117.6522,35.4327],[-117.6519,35.4329],[-117.6516,35.433],[-117.6512,35.4332],[-117.651,35.4333],[-117.6507,35.4334],[-117.6504,35.4335],[-117.6501,35.4336],[-117.6498,35.4336],[-117.6495,35.4337],[-117.6494,35.4337],[-117.6493,35.4338]]]}},{"type":"Feature","properties":{"id":null,"name":null,"kind":"road","access":"green","seasonal":false},"geometry":{"type":"LineString","coordinates":[[-117.6202,35.4394],[-117.6202,35.4393],[-117.6202,35.4391],[-117.6202,35.439],[-117.6202,35.4389],[-117.6202,35.4388],[-117.6201,35.4387],[-117.6201,35.4386],[-117.6201,35.4385],[-117.6201,35.4384],[-117.6201,35.4382],[-117.6201,35.4381],[-117.6201,35.4379],[-117.62,35.4376],[-117.62,35.4374],[-117.6199,35.4371],[-117.6199,35.437],[-117.6199,35.4368],[-117.6198,35.4366],[-117.6198,35.4365],[-117.6197,35.4363],[-117.6196,35.4361],[-117.6194,35.4359],[-117.6194,35.4357],[-117.6192,35.4355],[-117.6192,35.4353],[-117.6191,35.4353],[-117.6191,35.4352],[-117.619,35.4351],[-117.619,35.435],[-117.6189,35.4349],[-117.6188,35.4348],[-117.6188,35.4347],[-117.6187,35.4347],[-117.6187,35.4346],[-117.6187,35.4345],[-117.6186,35.4345],[-117.6185,35.4345],[-117.6185,35.4344],[-117.6185,35.4343],[-117.6185,35.4342],[-117.6184,35.4342]]}},{"type":"Feature","properties":{"id":null,"name":null,"kind":"road","access":"green","seasonal":false},"geometry":{"type":"LineString","coordinates":[[-117.6495,35.4277],[-117.6496,35.4277],[-117.6497,35.4275],[-117.6498,35.4274],[-117.65,35.4272],[-117.6502,35.4271],[-117.6504,35.4269],[-117.6506,35.4268],[-117.6509,35.4267],[-117.6511,35.4266]]}},{"type":"Feature","properties":{"id":null,"name":null,"kind":"road","access":"green","seasonal":false},"geometry":{"type":"LineString","coordinates":[[-117.7726,35.3864]]}},{"type":"Feature","properties":{"id":null,"name":null,"kind":"road","access":"green","seasonal":false},"geometry":{"type":"LineString","coordinates":[[-117.6668,35.3243],[-117.6667,35.3243],[-117.6665,35.3243],[-117.6662,35.3243],[-117.6655,35.3243],[-117.6648,35.3243],[-117.6643,35.3244],[-117.6639,35.3244],[-117.6637,35.3244],[-117.6634,35.3244],[-117.663,35.3244],[-117.6624,35.3245],[-117.6622,35.3245],[-117.6597,35.3246],[-117.6594,35.3246],[-117.6592,35.3246],[-117.659,35.3246],[-117.6582,35.3247],[-117.6579,35.3247],[-117.6576,35.3247],[-117.6575,35.3247],[-117.6572,35.3247],[-117.6569,35.3247],[-117.6558,35.3248],[-117.6554,35.3248],[-117.653,35.3249],[-117.6529,35.3249],[-117.6523,35.3249],[-117.6498,35.325],[-117.6488,35.325],[-117.6481,35.325],[-117.6477,35.325],[-117.6472,35.325],[-117.6463,35.3251],[-117.6456,35.3251],[-117.6451,35.3251],[-117.6445,35.3251],[-117.6441,35.3252],[-117.644,35.3252],[-117.6437,35.3252],[-117.6436,35.3252]]}},{"type":"Feature","properties":{"id":null,"name":null,"kind":"road","access":"green","seasonal":false},"geometry":{"type":"LineString","coordinates":[[-117.7719,35.4104],[-117.772,35.4104],[-117.7726,35.4105],[-117.7732,35.4106]]}},{"type":"Feature","properties":{"id":null,"name":null,"kind":"road","access":"green","seasonal":false},"geometry":{"type":"LineString","coordinates":[[-117.6645,35.3309],[-117.6643,35.3306],[-117.6641,35.3304],[-117.664,35.3303],[-117.664,35.3301],[-117.6638,35.3298],[-117.6637,35.3297],[-117.6637,35.3295],[-117.6636,35.3293],[-117.6635,35.3291],[-117.6633,35.3289],[-117.6631,35.3287],[-117.6631,35.3286],[-117.6629,35.3284],[-117.6628,35.3282],[-117.6626,35.328],[-117.6626,35.3279],[-117.6624,35.3276],[-117.6623,35.3275],[-117.6622,35.3273],[-117.6621,35.3271],[-117.6619,35.3269],[-117.6617,35.3267],[-117.6615,35.3265],[-117.6613,35.3264],[-117.6612,35.3262],[-117.661,35.326],[-117.6607,35.3257],[-117.6605,35.3256],[-117.6604,35.3254],[-117.6602,35.3252],[-117.6602,35.3251],[-117.6601,35.325],[-117.66,35.3249],[-117.6599,35.3248],[-117.6598,35.3247],[-117.6597,35.3246],[-117.6594,35.3243],[-117.6592,35.324],[-117.659,35.3238],[-117.6588,35.3235],[-117.6585,35.3232],[-117.6583,35.3229],[-117.6581,35.3227],[-117.658,35.3224],[-117.6576,35.322],[-117.6575,35.3219],[-117.6574,35.3217],[-117.6573,35.3216],[-117.6571,35.3215],[-117.657,35.3213],[-117.6569,35.3212],[-117.6568,35.3211],[-117.6567,35.321],[-117.6566,35.3208],[-117.6565,35.3207],[-117.6564,35.3206],[-117.6562,35.3204],[-117.6561,35.3202],[-117.6559,35.3199],[-117.6556,35.3197],[-117.6554,35.3194],[-117.6553,35.3193],[-117.6552,35.3192],[-117.6551,35.3191],[-117.655,35.319],[-117.6549,35.3189],[-117.6548,35.3188],[-117.6546,35.3186],[-117.6545,35.3185],[-117.6544,35.3184]]}},{"type":"Feature","properties":{"id":null,"name":null,"kind":"road","access":"green","seasonal":false},"geometry":{"type":"LineString","coordinates":[[-117.7567,35.4227],[-117.7568,35.4227],[-117.7568,35.4226],[-117.7568,35.4225],[-117.7569,35.4225],[-117.7569,35.4224],[-117.757,35.4223],[-117.7571,35.4223],[-117.7572,35.4222],[-117.7573,35.4222],[-117.7574,35.4221],[-117.7575,35.4221],[-117.7576,35.422],[-117.7578,35.422],[-117.7579,35.4219],[-117.758,35.4219],[-117.7581,35.4218],[-117.7583,35.4218],[-117.7584,35.4218],[-117.7585,35.4217],[-117.7586,35.4217],[-117.7587,35.4216],[-117.7588,35.4215],[-117.7589,35.4215],[-117.7591,35.4214],[-117.7592,35.4214],[-117.7593,35.4213],[-117.7595,35.4213],[-117.7597,35.4213],[-117.7599,35.4213],[-117.76,35.4212],[-117.7601,35.4212],[-117.7603,35.4212],[-117.7604,35.4211],[-117.7606,35.421],[-117.7607,35.4209],[-117.7609,35.4208],[-117.7611,35.4207],[-117.7613,35.4206],[-117.7615,35.4205],[-117.7616,35.4203],[-117.7618,35.4201],[-117.7619,35.42],[-117.762,35.4198],[-117.7621,35.4197]]}},{"type":"Feature","properties":{"id":null,"name":null,"kind":"road","access":"green","seasonal":false},"geometry":{"type":"LineString","coordinates":[[-117.6846,35.3767],[-117.6847,35.3766],[-117.6847,35.3765],[-117.6848,35.3764],[-117.6849,35.3763],[-117.685,35.3762],[-117.6851,35.3761],[-117.6852,35.376],[-117.6853,35.3759],[-117.6854,35.3759],[-117.6855,35.3759],[-117.6857,35.3759]]}},{"type":"Feature","properties":{"id":null,"name":null,"kind":"road","access":"green","seasonal":false},"geometry":{"type":"MultiLineString","coordinates":[[[-117.6741,35.3437],[-117.6741,35.3436],[-117.674,35.3435],[-117.674,35.3434],[-117.6739,35.3433],[-117.6739,35.3431],[-117.6739,35.3429],[-117.6738,35.3427],[-117.6737,35.3426],[-117.6736,35.3425],[-117.6735,35.3424],[-117.6732,35.3424],[-117.6731,35.3424],[-117.673,35.3424],[-117.6728,35.3424],[-117.6727,35.3424],[-117.6725,35.3424],[-117.6723,35.3423],[-117.6721,35.3422],[-117.6719,35.3421],[-117.6719,35.342],[-117.6718,35.3418],[-117.6717,35.3416],[-117.6717,35.3415],[-117.6717,35.3413],[-117.6716,35.3413],[-117.6716,35.3411],[-117.6715,35.3411],[-117.6713,35.3409],[-117.6712,35.3408],[-117.6712,35.3406],[-117.6711,35.3404],[-117.671,35.3403],[-117.6709,35.3402],[-117.6708,35.3401],[-117.6707,35.34],[-117.6707,35.3398],[-117.6707,35.3397],[-117.6707,35.3396],[-117.6708,35.3395],[-117.6708,35.3393],[-117.6709,35.3392],[-117.6709,35.3391],[-117.6709,35.3389],[-117.6709,35.3388],[-117.6708,35.3387],[-117.6708,35.3386],[-117.6708,35.3385],[-117.6708,35.3383],[-117.6708,35.3382],[-117.6708,35.3381],[-117.6707,35.338],[-117.6706,35.338],[-117.6705,35.3379],[-117.6704,35.3378],[-117.6703,35.3377],[-117.6701,35.3374],[-117.67,35.3373],[-117.6699,35.3372],[-117.6698,35.3372],[-117.6698,35.3371],[-117.6697,35.337],[-117.6697,35.3369],[-117.6696,35.3368],[-117.6695,35.3367],[-117.6694,35.3366],[-117.6694,35.3365],[-117.6694,35.3364],[-117.6694,35.3363],[-117.6694,35.3361],[-117.6694,35.3359],[-117.6694,35.3358],[-117.6694,35.3357],[-117.6694,35.3355],[-117.6694,35.3354],[-117.6694,35.3353],[-117.6694,35.3352],[-117.6693,35.3351],[-117.6692,35.3351],[-117.6692,35.335],[-117.6692,35.3349],[-117.6692,35.3348],[-117.6691,35.3347],[-117.669,35.3347],[-117.669,35.3346],[-117.6689,35.3345],[-117.6688,35.3345],[-117.6687,35.3346],[-117.6686,35.3346],[-117.6685,35.3345],[-117.6684,35.3345],[-117.6683,35.3344],[-117.6682,35.3343],[-117.6682,35.3342],[-117.6682,35.3341],[-117.6682,35.334],[-117.6681,35.3339],[-117.668,35.3338],[-117.6679,35.3336],[-117.6679,35.3335],[-117.6678,35.3333],[-117.6677,35.3331],[-117.6677,35.333],[-117.6677,35.3328]],[[-117.6668,35.332],[-117.6666,35.3319],[-117.6666,35.3318],[-117.6665,35.3318],[-117.6664,35.3317],[-117.6662,35.3315],[-117.6662,35.3313],[-117.6661,35.3312],[-117.666,35.3311]]]}},{"type":"Feature","properties":{"id":null,"name":null,"kind":"road","access":"green","seasonal":false},"geometry":{"type":"LineString","coordinates":[[-117.6308,35.3713],[-117.6303,35.3714],[-117.6299,35.3715],[-117.6295,35.3713],[-117.6293,35.3713],[-117.6292,35.3713],[-117.6291,35.3714],[-117.629,35.3717],[-117.6288,35.372],[-117.6287,35.3723],[-117.6286,35.3726],[-117.6285,35.3727],[-117.6285,35.3728],[-117.6284,35.3729],[-117.6284,35.3731],[-117.6284,35.3733],[-117.6284,35.3734],[-117.6285,35.3736],[-117.6286,35.3738],[-117.6286,35.3739],[-117.6287,35.374],[-117.6289,35.3742],[-117.629,35.3743],[-117.6291,35.3745],[-117.629,35.3746],[-117.629,35.3747],[-117.6287,35.3749],[-117.6286,35.375],[-117.6285,35.3752],[-117.6284,35.3753],[-117.6283,35.3755],[-117.6282,35.3756],[-117.6281,35.3757],[-117.6281,35.376],[-117.6281,35.3762],[-117.6281,35.3763]]}},{"type":"Feature","properties":{"id":null,"name":null,"kind":"road","access":"green","seasonal":false},"geometry":{"type":"LineString","coordinates":[[-117.6806,35.3681],[-117.6804,35.3683],[-117.6803,35.3684],[-117.6803,35.3685],[-117.6802,35.3686],[-117.6802,35.3687],[-117.6802,35.3688],[-117.6802,35.3689],[-117.6803,35.3689],[-117.6804,35.369],[-117.6805,35.3691],[-117.6807,35.3692],[-117.6807,35.3693],[-117.6808,35.3694],[-117.6809,35.3695],[-117.681,35.3697],[-117.6811,35.3699],[-117.6812,35.3702],[-117.6813,35.3705],[-117.6813,35.3706],[-117.6814,35.3708],[-117.6814,35.371],[-117.6814,35.3712],[-117.6813,35.3714],[-117.6813,35.3716],[-117.6813,35.3717],[-117.6814,35.3718],[-117.6814,35.372],[-117.6814,35.3721],[-117.6814,35.3723],[-117.6815,35.3725],[-117.6815,35.3729],[-117.6816,35.3733],[-117.6817,35.3736],[-117.6817,35.3739],[-117.6819,35.3742],[-117.6821,35.3745],[-117.6822,35.3746],[-117.6823,35.3747],[-117.6824,35.3748],[-117.6825,35.3749],[-117.6826,35.375],[-117.6827,35.3752],[-117.6829,35.3754],[-117.6831,35.3755],[-117.6832,35.3756],[-117.6833,35.3757],[-117.6835,35.3758],[-117.6836,35.3759],[-117.6837,35.376],[-117.6838,35.376],[-117.684,35.3761],[-117.6841,35.3762],[-117.6843,35.3763],[-117.6844,35.3764],[-117.6845,35.3766],[-117.6847,35.3766],[-117.6848,35.3766],[-117.6849,35.3767]]}},{"type":"Feature","properties":{"id":null,"name":null,"kind":"road","access":"green","seasonal":false},"geometry":{"type":"LineString","coordinates":[[-117.6852,35.3703],[-117.6852,35.3702],[-117.6851,35.3701],[-117.6849,35.37],[-117.6848,35.3699],[-117.6846,35.3699],[-117.6845,35.3697],[-117.6844,35.3696],[-117.6842,35.3695],[-117.6841,35.3693],[-117.684,35.3691],[-117.6839,35.369],[-117.6838,35.3689],[-117.6837,35.3688],[-117.6835,35.3687],[-117.6835,35.3686],[-117.6834,35.3685],[-117.6833,35.3684],[-117.6832,35.3683],[-117.6831,35.3683],[-117.6829,35.3682],[-117.6828,35.3682],[-117.6826,35.3681],[-117.6825,35.3681],[-117.6823,35.3681],[-117.6821,35.3681],[-117.682,35.3681],[-117.6819,35.368],[-117.6817,35.3679],[-117.6816,35.3678],[-117.6815,35.3677],[-117.6814,35.3676],[-117.6812,35.3676],[-117.6811,35.3676],[-117.681,35.3677],[-117.6809,35.3678],[-117.6809,35.3679],[-117.6808,35.368],[-117.6807,35.368],[-117.6806,35.3681]]}},{"type":"Feature","properties":{"id":null,"name":null,"kind":"road","access":"green","seasonal":false},"geometry":{"type":"LineString","coordinates":[[-117.657,35.4202],[-117.6568,35.4202],[-117.6565,35.4203],[-117.6562,35.4205],[-117.656,35.4206],[-117.6558,35.4207],[-117.6556,35.421],[-117.6554,35.4211],[-117.6551,35.4212],[-117.6549,35.4212],[-117.6547,35.4213],[-117.6542,35.4214],[-117.6539,35.4214],[-117.6537,35.4215],[-117.6535,35.4215],[-117.6534,35.4215],[-117.6533,35.4215],[-117.6532,35.4214],[-117.6531,35.4214],[-117.6526,35.4214],[-117.6523,35.4215],[-117.652,35.4216],[-117.6518,35.4217],[-117.6516,35.4219],[-117.6515,35.4219],[-117.6512,35.4221],[-117.6508,35.4224],[-117.6503,35.4226],[-117.65,35.4228],[-117.6498,35.423],[-117.6496,35.4231]]}},{"type":"Feature","properties":{"id":null,"name":null,"kind":"road","access":"green","seasonal":false},"geometry":{"type":"LineString","coordinates":[[-117.6394,35.3413],[-117.6393,35.3411],[-117.6393,35.3409],[-117.6391,35.3404],[-117.639,35.3401],[-117.6389,35.3395],[-117.6388,35.3391],[-117.6386,35.3387],[-117.6386,35.3384],[-117.6385,35.3381],[-117.6384,35.3378],[-117.6383,35.3374],[-117.6382,35.3371],[-117.6381,35.3368],[-117.638,35.3364],[-117.6379,35.3362],[-117.6379,35.336],[-117.6379,35.3358],[-117.6379,35.3357],[-117.6379,35.3355],[-117.6378,35.3353],[-117.6377,35.3349],[-117.6377,35.3348],[-117.6376,35.3346],[-117.6376,35.3344],[-117.6375,35.3342],[-117.6375,35.334],[-117.6374,35.3339],[-117.6374,35.3338],[-117.6374,35.3337],[-117.6373,35.3335],[-117.6372,35.3332],[-117.6371,35.3326],[-117.637,35.3323],[-117.6369,35.3319],[-117.6368,35.3317],[-117.6368,35.3315],[-117.6367,35.3313],[-117.6366,35.331],[-117.6366,35.3308],[-117.6365,35.3306],[-117.6364,35.3302]]}},{"type":"Feature","properties":{"id":"65093: R43 WILLIS WELL ROAD","name":"65093: R43 WILLIS WELL ROAD","kind":"road","access":"green","seasonal":false},"geometry":{"type":"MultiLineString","coordinates":[[[-117.7727,35.3898],[-117.7726,35.3896],[-117.7726,35.3895],[-117.7726,35.3891],[-117.7727,35.389],[-117.7726,35.3886],[-117.7726,35.3881],[-117.7726,35.3876],[-117.7726,35.3871],[-117.7726,35.3866],[-117.7726,35.3864],[-117.7726,35.3861],[-117.7726,35.3857],[-117.7726,35.3851],[-117.7726,35.3849],[-117.7726,35.3842],[-117.7726,35.3833],[-117.7726,35.383],[-117.7726,35.3828],[-117.7726,35.3821],[-117.7726,35.3818],[-117.7727,35.3814],[-117.7726,35.381],[-117.7726,35.3805],[-117.7727,35.3799],[-117.7727,35.3796],[-117.7727,35.379],[-117.7727,35.3787],[-117.7727,35.3781],[-117.7727,35.3777],[-117.7727,35.3774],[-117.7726,35.377],[-117.7726,35.3767],[-117.7726,35.3763],[-117.7726,35.3761],[-117.7726,35.3757],[-117.7726,35.3755],[-117.7726,35.3751],[-117.7726,35.3749],[-117.7726,35.3748],[-117.7726,35.3746],[-117.7726,35.3741],[-117.7726,35.3739],[-117.7726,35.3738],[-117.7726,35.3735]],[[-117.7726,35.3732],[-117.7726,35.3731],[-117.7726,35.3729],[-117.7726,35.3727]],[[-117.7726,35.3723],[-117.7726,35.3722],[-117.7726,35.372]],[[-117.7726,35.3709],[-117.7726,35.3706],[-117.7726,35.3702],[-117.7726,35.3701]]]}},{"type":"Feature","properties":{"id":null,"name":null,"kind":"road","access":"green","seasonal":false},"geometry":{"type":"LineString","coordinates":[[-117.6493,35.4339],[-117.6494,35.434],[-117.6494,35.4343],[-117.6495,35.4347],[-117.6495,35.4348],[-117.6495,35.4349],[-117.6495,35.435],[-117.6496,35.4352],[-117.6496,35.4354],[-117.6496,35.4355],[-117.6495,35.4357],[-117.6494,35.4359],[-117.6494,35.4362],[-117.6495,35.4363],[-117.6495,35.4365],[-117.6496,35.4366],[-117.6497,35.4367],[-117.6499,35.4368],[-117.6501,35.4369],[-117.6502,35.4371],[-117.6504,35.4372],[-117.6505,35.4372],[-117.6507,35.4373],[-117.6508,35.4375],[-117.651,35.4376]]}},{"type":"Feature","properties":{"id":null,"name":null,"kind":"road","access":"green","seasonal":false},"geometry":{"type":"LineString","coordinates":[[-117.6836,35.3532],[-117.6837,35.3531],[-117.6837,35.353],[-117.6837,35.3529],[-117.6837,35.3528],[-117.6837,35.3526],[-117.6836,35.3525],[-117.6836,35.3523],[-117.6835,35.3521],[-117.6834,35.352],[-117.6833,35.3518],[-117.6832,35.3517],[-117.6832,35.3516],[-117.6833,35.3514],[-117.6833,35.3511],[-117.6832,35.3509],[-117.6831,35.3508],[-117.6831,35.3507],[-117.683,35.3507],[-117.6829,35.3507],[-117.6828,35.3506],[-117.6828,35.3505],[-117.6828,35.3504],[-117.6827,35.3503],[-117.6826,35.3503],[-117.6825,35.3502],[-117.6824,35.3501],[-117.6823,35.35],[-117.6823,35.3499],[-117.6824,35.3498],[-117.6825,35.3497],[-117.6824,35.3496],[-117.6823,35.3495],[-117.6824,35.3494],[-117.6825,35.3494],[-117.6826,35.3494],[-117.6827,35.3495],[-117.6828,35.3495],[-117.6829,35.3496],[-117.683,35.3497],[-117.6831,35.3497],[-117.6831,35.3496],[-117.6832,35.3496],[-117.6833,35.3496],[-117.6834,35.3496],[-117.6835,35.3496],[-117.6837,35.3496],[-117.6838,35.3496],[-117.6839,35.3495],[-117.684,35.3494],[-117.6841,35.3493],[-117.6842,35.3493],[-117.6842,35.3494],[-117.6842,35.3495],[-117.6842,35.3497],[-117.6842,35.3498],[-117.6844,35.3499]]}},{"type":"Feature","properties":{"id":null,"name":null,"kind":"road","access":"green","seasonal":false},"geometry":{"type":"LineString","coordinates":[[-117.7343,35.4198],[-117.734,35.4199],[-117.7338,35.4201],[-117.7336,35.4202]]}},{"type":"Feature","properties":{"id":null,"name":null,"kind":"road","access":"green","seasonal":false},"geometry":{"type":"LineString","coordinates":[[-117.7516,35.4196],[-117.7516,35.4197],[-117.7516,35.4198]]}},{"type":"Feature","properties":{"id":null,"name":null,"kind":"road","access":"green","seasonal":false},"geometry":{"type":"LineString","coordinates":[[-117.6645,35.3121],[-117.6648,35.312],[-117.6651,35.312],[-117.6653,35.312]]}},{"type":"Feature","properties":{"id":null,"name":null,"kind":"road","access":"green","seasonal":false},"geometry":{"type":"LineString","coordinates":[[-117.6412,35.3764]]}},{"type":"Feature","properties":{"id":null,"name":null,"kind":"road","access":"green","seasonal":false},"geometry":{"type":"LineString","coordinates":[[-117.763,35.4197],[-117.7631,35.4198],[-117.7632,35.4199],[-117.7633,35.42],[-117.7634,35.42],[-117.7635,35.4201],[-117.7636,35.4202],[-117.7637,35.4203],[-117.7638,35.4204],[-117.7639,35.4205],[-117.764,35.4206],[-117.7641,35.4207],[-117.7642,35.4208],[-117.7643,35.4209],[-117.7644,35.4209],[-117.7644,35.421],[-117.7645,35.4211],[-117.7646,35.4211],[-117.7646,35.4212],[-117.7647,35.4212],[-117.7648,35.4213],[-117.7649,35.4213],[-117.7649,35.4214],[-117.765,35.4214],[-117.7651,35.4214],[-117.7651,35.4215],[-117.7652,35.4216],[-117.7653,35.4217],[-117.7654,35.4218],[-117.7654,35.4219],[-117.7655,35.4219],[-117.7655,35.422],[-117.7656,35.4221],[-117.7656,35.4223],[-117.7656,35.4224],[-117.7656,35.4225],[-117.7656,35.4226],[-117.7656,35.4227],[-117.7656,35.4228],[-117.7656,35.4229],[-117.7657,35.423],[-117.7657,35.4231],[-117.7657,35.4232],[-117.7657,35.4233],[-117.7658,35.4233],[-117.7658,35.4234],[-117.7658,35.4235],[-117.7658,35.4236],[-117.7659,35.4237],[-117.7659,35.4238],[-117.7659,35.4239],[-117.766,35.4239],[-117.7661,35.424],[-117.7662,35.4241],[-117.7663,35.4241],[-117.7663,35.4242],[-117.7664,35.4243],[-117.7665,35.4243],[-117.7666,35.4244],[-117.7666,35.4245],[-117.7667,35.4246],[-117.7667,35.4247],[-117.7668,35.4248],[-117.7669,35.4249],[-117.7669,35.425],[-117.767,35.425],[-117.7671,35.4251],[-117.7671,35.4252],[-117.7672,35.4253],[-117.7672,35.4254],[-117.7673,35.4255],[-117.7674,35.4256],[-117.7675,35.4257],[-117.7676,35.4258],[-117.7677,35.4258],[-117.7678,35.4259],[-117.7679,35.426],[-117.768,35.426],[-117.7681,35.4261],[-117.7682,35.4261],[-117.7683,35.4262],[-117.7684,35.4263],[-117.7685,35.4264],[-117.7686,35.4265],[-117.7687,35.4266],[-117.7687,35.4267],[-117.7688,35.4268],[-117.7688,35.4269],[-117.7689,35.427],[-117.7689,35.4271],[-117.769,35.4271],[-117.769,35.4272],[-117.7691,35.4272],[-117.7692,35.4272],[-117.7692,35.4273],[-117.7693,35.4273],[-117.7693,35.4274],[-117.7694,35.4274],[-117.7694,35.4275],[-117.7694,35.4276],[-117.7694,35.4277],[-117.7695,35.4277],[-117.7695,35.4278],[-117.7696,35.4278],[-117.7696,35.4279],[-117.7697,35.4279],[-117.7697,35.428],[-117.7698,35.428],[-117.7698,35.4281],[-117.7698,35.4282],[-117.7698,35.4283],[-117.7698,35.4284],[-117.7698,35.4285],[-117.7698,35.4286],[-117.7698,35.4288],[-117.7698,35.4289],[-117.7698,35.429],[-117.7698,35.4291],[-117.7697,35.4292],[-117.7697,35.4293],[-117.7697,35.4294],[-117.7697,35.4295],[-117.7697,35.4296],[-117.7698,35.4296],[-117.7698,35.4297],[-117.7699,35.4297],[-117.7699,35.4298],[-117.7699,35.4299],[-117.7699,35.43],[-117.7698,35.4301],[-117.7698,35.4302],[-117.7698,35.4303],[-117.7698,35.4304],[-117.7699,35.4304],[-117.7699,35.4305],[-117.77,35.4306],[-117.7701,35.4307],[-117.7702,35.4308],[-117.7702,35.4309],[-117.7701,35.431],[-117.77,35.4311],[-117.77,35.4312],[-117.7699,35.4313],[-117.7698,35.4314],[-117.7698,35.4315],[-117.7697,35.4315],[-117.7697,35.4316],[-117.7696,35.4317],[-117.7696,35.4318],[-117.7696,35.4319],[-117.7696,35.432],[-117.7696,35.4321],[-117.7695,35.4323],[-117.7696,35.4324],[-117.7696,35.4326],[-117.7696,35.4327],[-117.7697,35.4328],[-117.7698,35.4329],[-117.7699,35.4329],[-117.77,35.4329],[-117.7701,35.4329],[-117.7701,35.433],[-117.7702,35.433],[-117.7703,35.4331],[-117.7704,35.4331],[-117.7705,35.4331],[-117.7706,35.4331],[-117.7707,35.4331],[-117.7708,35.4331],[-117.7709,35.433],[-117.771,35.433],[-117.7711,35.433],[-117.7712,35.4331],[-117.7713,35.4331],[-117.7714,35.4331],[-117.7715,35.4332],[-117.7716,35.4332],[-117.7717,35.4333],[-117.7718,35.4333],[-117.7719,35.4333],[-117.772,35.4334],[-117.7721,35.4334],[-117.7722,35.4335],[-117.7723,35.4335],[-117.7724,35.4336],[-117.7725,35.4336],[-117.7726,35.4336],[-117.7727,35.4337],[-117.7728,35.4337],[-117.7729,35.4337],[-117.773,35.4338],[-117.7731,35.4338],[-117.7732,35.4339],[-117.7733,35.4339],[-117.7734,35.4339],[-117.7735,35.4339],[-117.7735,35.434],[-117.7736,35.434],[-117.7737,35.4341],[-117.7738,35.4341],[-117.7739,35.4342],[-117.774,35.4342],[-117.774,35.4343],[-117.7741,35.4343],[-117.7742,35.4343],[-117.7742,35.4344],[-117.7743,35.4344],[-117.7744,35.4345],[-117.7745,35.4346],[-117.7746,35.4346],[-117.7747,35.4346],[-117.7747,35.4347],[-117.7748,35.4347],[-117.7749,35.4347],[-117.7749,35.4348],[-117.775,35.4348],[-117.7751,35.4348],[-117.7752,35.4348],[-117.7753,35.4348],[-117.7754,35.4349],[-117.7756,35.4349],[-117.7757,35.4349],[-117.7758,35.4349],[-117.7759,35.4349],[-117.776,35.4349],[-117.7761,35.4349],[-117.7762,35.4349],[-117.7763,35.435],[-117.7764,35.435],[-117.7765,35.435],[-117.7766,35.4349],[-117.7768,35.4349],[-117.7769,35.4349],[-117.7771,35.4348],[-117.7772,35.4348],[-117.7773,35.4348],[-117.7774,35.4347],[-117.7775,35.4347],[-117.7776,35.4347],[-117.7777,35.4347],[-117.7778,35.4347],[-117.778,35.4346],[-117.7781,35.4346],[-117.7782,35.4346],[-117.7784,35.4346],[-117.7785,35.4347],[-117.7787,35.4347],[-117.7788,35.4347],[-117.7789,35.4348],[-117.779,35.4348],[-117.779,35.4349],[-117.7791,35.4349],[-117.7792,35.435],[-117.7794,35.4351],[-117.7795,35.4352],[-117.7796,35.4353],[-117.7797,35.4355],[-117.7798,35.4356],[-117.7799,35.4357],[-117.78,35.4359],[-117.7801,35.436],[-117.7802,35.4361],[-117.7804,35.4363],[-117.7806,35.4364],[-117.7808,35.4364],[-117.781,35.4365],[-117.7811,35.4367],[-117.7813,35.4368],[-117.7814,35.4369],[-117.7816,35.437],[-117.7818,35.4371],[-117.782,35.4372],[-117.7822,35.4373],[-117.7823,35.4374],[-117.7825,35.4375],[-117.7826,35.4376],[-117.7827,35.4377],[-117.7828,35.4378],[-117.783,35.4379],[-117.7831,35.4381],[-117.7832,35.4382],[-117.7833,35.4383],[-117.7835,35.4384],[-117.7837,35.4384],[-117.7838,35.4385],[-117.784,35.4386],[-117.7842,35.4386],[-117.7844,35.4387],[-117.7846,35.4388],[-117.7848,35.4388],[-117.785,35.4389],[-117.7852,35.4389],[-117.7854,35.4389],[-117.7856,35.439],[-117.7857,35.439],[-117.7858,35.439],[-117.7859,35.4391],[-117.786,35.4391],[-117.786,35.4392],[-117.7861,35.4392],[-117.7861,35.4393],[-117.7862,35.4393],[-117.7863,35.4394],[-117.7864,35.4395],[-117.7865,35.4395],[-117.7866,35.4396],[-117.7867,35.4397],[-117.7868,35.4397],[-117.7868,35.4398],[-117.7869,35.4399],[-117.7869,35.44],[-117.787,35.44],[-117.787,35.4401],[-117.7871,35.4401],[-117.7871,35.4402],[-117.7872,35.4402],[-117.7873,35.4403],[-117.7874,35.4403],[-117.7874,35.4404],[-117.7875,35.4404],[-117.7875,35.4405],[-117.7876,35.4405],[-117.7876,35.4406],[-117.7877,35.4406],[-117.7877,35.4407],[-117.7878,35.4407],[-117.7878,35.4408],[-117.7879,35.4408],[-117.7879,35.4409],[-117.7879,35.441],[-117.788,35.4411],[-117.788,35.4412],[-117.788,35.4413],[-117.7881,35.4413],[-117.7881,35.4414],[-117.7882,35.4415],[-117.7883,35.4416],[-117.7884,35.4417],[-117.7885,35.4418],[-117.7886,35.4418],[-117.7887,35.4418],[-117.7887,35.4419],[-117.7888,35.4419],[-117.7889,35.4419],[-117.789,35.442],[-117.7891,35.442]]}},{"type":"Feature","properties":{"id":null,"name":null,"kind":"road","access":"green","seasonal":false},"geometry":{"type":"MultiLineString","coordinates":[[[-117.8526,35.3166],[-117.8525,35.3168],[-117.8523,35.3171],[-117.8523,35.3174],[-117.8522,35.3175],[-117.8521,35.3178],[-117.8521,35.3181],[-117.852,35.3184],[-117.852,35.3188],[-117.852,35.3191],[-117.8519,35.3196],[-117.8519,35.3202],[-117.8519,35.3205],[-117.8519,35.3211],[-117.8519,35.3214],[-117.852,35.3216],[-117.8521,35.3219],[-117.8521,35.322],[-117.852,35.3223],[-117.852,35.3229],[-117.8519,35.3231],[-117.8519,35.3234],[-117.8518,35.324],[-117.8517,35.3244],[-117.8517,35.3249],[-117.8515,35.3253],[-117.8514,35.3256],[-117.8513,35.3258],[-117.8513,35.326],[-117.8512,35.3262],[-117.8509,35.3265],[-117.8506,35.3268],[-117.85,35.3272],[-117.8496,35.3276],[-117.8494,35.3278],[-117.8491,35.3281],[-117.8488,35.3284],[-117.8486,35.3286],[-117.8484,35.3287],[-117.8481,35.3289],[-117.8479,35.329],[-117.8476,35.3292],[-117.8474,35.3293],[-117.8471,35.3296],[-117.8466,35.3299],[-117.846,35.3303],[-117.8456,35.3305],[-117.8452,35.3307],[-117.8448,35.3309],[-117.8445,35.3311],[-117.8442,35.3313],[-117.8439,35.3314]],[[-117.8712,35.3018],[-117.8711,35.3019],[-117.8709,35.3021],[-117.8705,35.3025],[-117.8702,35.3028],[-117.8701,35.303],[-117.8698,35.3032],[-117.8696,35.3035],[-117.8693,35.3037],[-117.8691,35.3039],[-117.8688,35.3041],[-117.8685,35.3044],[-117.8683,35.3045],[-117.8681,35.3048],[-117.8679,35.305],[-117.8674,35.3054],[-117.8671,35.3057],[-117.8669,35.3059],[-117.8665,35.3061],[-117.8663,35.3062],[-117.866,35.3064],[-117.8658,35.3066],[-117.8656,35.3068],[-117.8654,35.3069],[-117.8652,35.307],[-117.8649,35.3072],[-117.8647,35.3072],[-117.8646,35.3072],[-117.8644,35.3073],[-117.8642,35.3075],[-117.8639,35.3077],[-117.8638,35.3079],[-117.8635,35.3083],[-117.8632,35.3084],[-117.8631,35.3086],[-117.8629,35.3087],[-117.8626,35.3089],[-117.8622,35.3092],[-117.8619,35.3094]]]}},{"type":"Feature","properties":{"id":null,"name":null,"kind":"road","access":"green","seasonal":false},"geometry":{"type":"LineString","coordinates":[[-117.627,35.3763],[-117.6273,35.3762],[-117.6276,35.3761],[-117.6278,35.3761],[-117.628,35.376],[-117.6281,35.376]]}},{"type":"Feature","properties":{"id":null,"name":null,"kind":"road","access":"green","seasonal":false},"geometry":{"type":"LineString","coordinates":[[-117.6703,35.4202]]}},{"type":"Feature","properties":{"id":null,"name":null,"kind":"road","access":"green","seasonal":false},"geometry":{"type":"MultiLineString","coordinates":[[[-117.6845,35.3601],[-117.6844,35.3601],[-117.6844,35.36],[-117.6844,35.3599],[-117.6844,35.3598]],[[-117.6844,35.3594],[-117.6844,35.3593],[-117.6843,35.3592],[-117.6841,35.3592],[-117.684,35.3591],[-117.6839,35.3591],[-117.6839,35.359],[-117.6838,35.3589],[-117.6838,35.3588],[-117.6838,35.3587],[-117.6838,35.3586],[-117.6839,35.3585],[-117.6839,35.3584],[-117.6838,35.3583],[-117.6837,35.3583],[-117.6836,35.3582],[-117.6835,35.3582],[-117.6834,35.3582],[-117.6833,35.3583],[-117.6832,35.3583],[-117.6831,35.3582],[-117.6831,35.358],[-117.683,35.3577],[-117.6829,35.3576],[-117.6829,35.3573],[-117.6828,35.3573],[-117.6828,35.3571],[-117.6827,35.3571],[-117.6826,35.357],[-117.6825,35.357],[-117.6824,35.3569],[-117.6822,35.3568],[-117.682,35.3568],[-117.6817,35.3567],[-117.6817,35.3566],[-117.6816,35.3565]]]}},{"type":"Feature","properties":{"id":null,"name":null,"kind":"road","access":"green","seasonal":false},"geometry":{"type":"LineString","coordinates":[[-117.6836,35.3386],[-117.6836,35.3385],[-117.6835,35.3383],[-117.6835,35.3382],[-117.6835,35.3381],[-117.6835,35.3379],[-117.6835,35.3378],[-117.6835,35.3377],[-117.6834,35.3376],[-117.6832,35.3374],[-117.6831,35.3373],[-117.6831,35.3372],[-117.683,35.3371],[-117.6829,35.337],[-117.6828,35.3369],[-117.6827,35.3369],[-117.6826,35.3369],[-117.6824,35.3368],[-117.6822,35.3366],[-117.682,35.3364],[-117.682,35.3363],[-117.6819,35.3362],[-117.6818,35.336],[-117.6817,35.3358],[-117.6816,35.3357],[-117.6815,35.3356],[-117.6813,35.3354],[-117.6812,35.3352],[-117.681,35.335],[-117.6809,35.3349],[-117.6808,35.3348],[-117.6806,35.3345],[-117.6806,35.3344],[-117.6805,35.3342],[-117.6805,35.3339],[-117.6805,35.3338],[-117.6804,35.3336],[-117.6805,35.3334],[-117.6804,35.3332],[-117.6803,35.333],[-117.6803,35.3328],[-117.6803,35.3327],[-117.6803,35.3326],[-117.6803,35.3325],[-117.6803,35.3324],[-117.6803,35.3323]]}},{"type":"Feature","properties":{"id":null,"name":null,"kind":"road","access":"green","seasonal":false},"geometry":{"type":"LineString","coordinates":[[-117.8436,35.3246],[-117.8436,35.3249],[-117.8436,35.3254],[-117.8436,35.326],[-117.8436,35.3263],[-117.8436,35.3268],[-117.8436,35.3273],[-117.8436,35.3277],[-117.8436,35.3283],[-117.8436,35.3288],[-117.8436,35.3294],[-117.8436,35.3299],[-117.8436,35.3308],[-117.8436,35.3311]]}},{"type":"Feature","properties":{"id":null,"name":null,"kind":"road","access":"green","seasonal":false},"geometry":{"type":"LineString","coordinates":[[-117.754,35.4197]]}},{"type":"Feature","properties":{"id":null,"name":null,"kind":"trail","access":"green","seasonal":false},"geometry":{"type":"LineString","coordinates":[[-117.7922,35.4894],[-117.7921,35.4894],[-117.792,35.4894]]}}]}