{"type":"FeatureCollection","metadata":{"source":"USFS Motor Vehicle Use Map (MVUM), EDW_MVUM_01","area":"lake-arrowhead","bbox":"-117.42,34.20,-117.06,34.42","fetched":"2026-06-28","counts":{"plate":61,"green":37}},"features":[{"type":"Feature","properties":{"id":"2N33Y","name":"TENT PEG","kind":"road","access":"plate","seasonal":false},"geometry":{"type":"LineString","coordinates":[[-117.1004,34.2621],[-117.1003,34.2621],[-117.1002,34.2619],[-117.1001,34.2618],[-117.1,34.2618],[-117.0999,34.2617],[-117.0998,34.2617],[-117.0998,34.2616],[-117.0998,34.2615],[-117.0998,34.2613],[-117.0998,34.2612],[-117.0997,34.2611]]}},{"type":"Feature","properties":{"id":"2N54","name":"GREEN VALLEY BYPASS","kind":"road","access":"plate","seasonal":false},"geometry":{"type":"LineString","coordinates":[[-117.0613,34.2494],[-117.0616,34.2494],[-117.0618,34.2494],[-117.062,34.2495],[-117.0621,34.2495],[-117.0622,34.2495],[-117.0624,34.2495],[-117.0625,34.2495],[-117.0627,34.2495],[-117.0628,34.2495],[-117.063,34.2496],[-117.0632,34.2496],[-117.0634,34.2497],[-117.0635,34.2498],[-117.0636,34.2498],[-117.0636,34.2497],[-117.0637,34.2497],[-117.0638,34.2497],[-117.0639,34.2497],[-117.064,34.2497],[-117.0641,34.2497],[-117.0642,34.2497],[-117.0643,34.2497],[-117.0644,34.2497],[-117.0644,34.2498],[-117.0644,34.2499],[-117.0644,34.25],[-117.0645,34.25],[-117.0648,34.2501],[-117.065,34.2503],[-117.0651,34.2503],[-117.0652,34.2502],[-117.0654,34.2502],[-117.0655,34.2501],[-117.0656,34.2501],[-117.0657,34.2501],[-117.0657,34.25],[-117.0657,34.2499],[-117.0656,34.2498],[-117.0656,34.2497],[-117.0657,34.2496],[-117.0658,34.2496],[-117.0659,34.2496],[-117.0661,34.2495],[-117.0663,34.2495],[-117.0665,34.2495],[-117.0666,34.2495],[-117.0667,34.2495],[-117.0668,34.2495],[-117.0669,34.2495],[-117.067,34.2495],[-117.0671,34.2494],[-117.0672,34.2493],[-117.0673,34.2493],[-117.0674,34.2493],[-117.0675,34.2493],[-117.0676,34.2493],[-117.0677,34.2494],[-117.0677,34.2495],[-117.0679,34.2495],[-117.0681,34.2496],[-117.0683,34.2497],[-117.0686,34.2497],[-117.0688,34.2498],[-117.069,34.2498],[-117.0691,34.2498],[-117.0693,34.2497],[-117.0694,34.2496],[-117.0695,34.2495],[-117.0696,34.2495],[-117.0697,34.2495],[-117.0698,34.2495],[-117.07,34.2495],[-117.0702,34.2495],[-117.0703,34.2495],[-117.0705,34.2496],[-117.0706,34.2496],[-117.0708,34.2496],[-117.0709,34.2495],[-117.0711,34.2495],[-117.0712,34.2494],[-117.0713,34.2494],[-117.0714,34.2494],[-117.0715,34.2495],[-117.0716,34.2495],[-117.0717,34.2495],[-117.0718,34.2495],[-117.0719,34.2495],[-117.072,34.2495],[-117.0721,34.2495],[-117.0722,34.2495],[-117.0723,34.2496],[-117.0724,34.2496],[-117.0725,34.2496],[-117.0727,34.2496],[-117.0729,34.2496],[-117.0731,34.2496],[-117.0733,34.2496],[-117.0734,34.2497],[-117.0736,34.2497],[-117.0737,34.2497],[-117.0738,34.2498],[-117.0739,34.2497],[-117.074,34.2497],[-117.0741,34.2496],[-117.0742,34.2496],[-117.0743,34.2495],[-117.0743,34.2494],[-117.0743,34.2493],[-117.0743,34.2492],[-117.0743,34.2491],[-117.0744,34.249],[-117.0745,34.2489],[-117.0745,34.2488],[-117.0746,34.2488],[-117.0747,34.2487],[-117.0747,34.2486],[-117.0748,34.2486],[-117.0749,34.2486],[-117.075,34.2486],[-117.0752,34.2486],[-117.0753,34.2485],[-117.0754,34.2485],[-117.0755,34.2485],[-117.0756,34.2484],[-117.0757,34.2484],[-117.0758,34.2484],[-117.0759,34.2483],[-117.076,34.2482],[-117.076,34.2481],[-117.0761,34.2481],[-117.0763,34.2481],[-117.0764,34.248],[-117.0766,34.2479],[-117.0768,34.2479],[-117.0769,34.2479],[-117.0771,34.2479],[-117.0773,34.2479],[-117.0774,34.2479],[-117.0776,34.2478],[-117.0778,34.2478],[-117.0779,34.2478],[-117.078,34.2478],[-117.078,34.2479],[-117.0781,34.248],[-117.0781,34.2481],[-117.0781,34.2482],[-117.0783,34.2483],[-117.0785,34.2485],[-117.0786,34.2486],[-117.0787,34.2486],[-117.0788,34.2487],[-117.0789,34.2487],[-117.079,34.2486],[-117.0791,34.2486],[-117.0792,34.2486],[-117.0793,34.2486],[-117.0793,34.2487],[-117.0794,34.2488],[-117.0794,34.2489],[-117.0795,34.249],[-117.0795,34.2491],[-117.0796,34.2492],[-117.0797,34.2492],[-117.0798,34.2492],[-117.0799,34.2492],[-117.08,34.2492],[-117.0801,34.2492],[-117.0803,34.2492],[-117.0804,34.2492],[-117.0805,34.2491],[-117.0805,34.249],[-117.0806,34.2488],[-117.0807,34.2487],[-117.0807,34.2486],[-117.0808,34.2486],[-117.0808,34.2485],[-117.0809,34.2485],[-117.081,34.2485],[-117.0811,34.2486],[-117.0812,34.2486],[-117.0812,34.2487],[-117.0813,34.2487],[-117.0815,34.2487],[-117.0816,34.2487],[-117.0817,34.2486],[-117.0818,34.2485],[-117.0818,34.2484],[-117.0819,34.2484],[-117.082,34.2484],[-117.0821,34.2485],[-117.0822,34.2485],[-117.0823,34.2485],[-117.0824,34.2485],[-117.0825,34.2485],[-117.0826,34.2485],[-117.0827,34.2485],[-117.0829,34.2485],[-117.083,34.2486],[-117.0831,34.2486],[-117.0831,34.2485],[-117.0832,34.2485],[-117.0833,34.2484],[-117.0834,34.2484],[-117.0835,34.2483],[-117.0836,34.2483],[-117.0837,34.2483],[-117.0837,34.2482],[-117.0836,34.2481],[-117.0837,34.248],[-117.0838,34.248],[-117.0839,34.248],[-117.084,34.248],[-117.0841,34.2481],[-117.0842,34.2481],[-117.0844,34.2481],[-117.0845,34.248],[-117.0846,34.248],[-117.0847,34.248],[-117.0848,34.248],[-117.0848,34.2479],[-117.0849,34.2479],[-117.085,34.248],[-117.0851,34.248],[-117.0851,34.2481],[-117.0852,34.2481],[-117.0853,34.2481],[-117.0853,34.248],[-117.0854,34.248],[-117.0854,34.2479],[-117.0854,34.2478],[-117.0854,34.2477],[-117.0854,34.2476],[-117.0855,34.2476],[-117.0856,34.2476],[-117.0857,34.2476],[-117.0858,34.2477],[-117.0859,34.2477],[-117.086,34.2477],[-117.0861,34.2476],[-117.0862,34.2476],[-117.0862,34.2475],[-117.0863,34.2474],[-117.0864,34.2474],[-117.0865,34.2473],[-117.0866,34.2473],[-117.0869,34.2471]]}},{"type":"Feature","properties":{"id":"2N38X","name":"METATE TRAILHEAD","kind":"road","access":"plate","seasonal":false},"geometry":{"type":"LineString","coordinates":[[-117.214,34.2875],[-117.2142,34.2875],[-117.2145,34.2875]]}},{"type":"Feature","properties":{"id":"3N34X","name":"WILLOW BYPASS (OHV)","kind":"road","access":"green","seasonal":false},"geometry":{"type":"LineString","coordinates":[[-117.1993,34.298],[-117.1993,34.2982],[-117.1992,34.2982],[-117.199,34.2983],[-117.1988,34.2983],[-117.1986,34.2983],[-117.1984,34.2983],[-117.1982,34.2983],[-117.1979,34.2983],[-117.1977,34.2982],[-117.1975,34.2983],[-117.1973,34.2983],[-117.1972,34.2983],[-117.197,34.2984],[-117.197,34.2985],[-117.1969,34.2985],[-117.1968,34.2985],[-117.1965,34.2985],[-117.1963,34.2985],[-117.1961,34.2986],[-117.1959,34.2986],[-117.1958,34.2985],[-117.1957,34.2985],[-117.1956,34.2984],[-117.1955,34.2984],[-117.1954,34.2983],[-117.1952,34.2983],[-117.195,34.2983],[-117.195,34.2982],[-117.1949,34.2982],[-117.1947,34.2982],[-117.1946,34.2983],[-117.1944,34.2983],[-117.1942,34.2984],[-117.194,34.2984],[-117.1939,34.2984],[-117.1938,34.2984],[-117.1936,34.2984],[-117.1935,34.2984],[-117.1934,34.2985],[-117.1932,34.2986],[-117.1931,34.2987],[-117.193,34.2987],[-117.1929,34.2987],[-117.1927,34.2987],[-117.1925,34.2988],[-117.1924,34.2989],[-117.1923,34.299],[-117.1921,34.2991],[-117.192,34.2991],[-117.1918,34.2992],[-117.1916,34.2992],[-117.1915,34.2992],[-117.1913,34.2993],[-117.1911,34.2994],[-117.1909,34.2994],[-117.1908,34.2994],[-117.1906,34.2995],[-117.1905,34.2995],[-117.1903,34.2996],[-117.1901,34.2996],[-117.1899,34.2997],[-117.1898,34.2997],[-117.1896,34.2998],[-117.1895,34.2998],[-117.1893,34.2999],[-117.1891,34.3],[-117.1889,34.3],[-117.1887,34.3001],[-117.1886,34.3001],[-117.1885,34.3001],[-117.1884,34.3001],[-117.1883,34.3001],[-117.188,34.3],[-117.1879,34.3],[-117.1878,34.3],[-117.1876,34.3],[-117.1875,34.2999],[-117.1874,34.2998],[-117.1873,34.2997],[-117.1872,34.2997],[-117.1871,34.2997],[-117.1868,34.2997],[-117.1865,34.2998],[-117.1864,34.2998],[-117.1862,34.2999],[-117.1859,34.3],[-117.1857,34.3],[-117.1855,34.3],[-117.1853,34.3],[-117.1851,34.3],[-117.185,34.3],[-117.1847,34.3],[-117.1846,34.3],[-117.1844,34.3001],[-117.1842,34.3002],[-117.1841,34.3003],[-117.1841,34.3004],[-117.1841,34.3005],[-117.184,34.3006],[-117.1839,34.3007],[-117.1838,34.3007],[-117.1837,34.3007]]}},{"type":"Feature","properties":{"id":"1N96","name":"KELLER PEAK","kind":"road","access":"plate","seasonal":false},"geometry":{"type":"LineString","coordinates":[[-117.0881,34.2037],[-117.088,34.2037],[-117.088,34.2036],[-117.0879,34.2035],[-117.0878,34.2034],[-117.0877,34.2031],[-117.0875,34.2028],[-117.0873,34.2024],[-117.0872,34.2023],[-117.0871,34.2022],[-117.087,34.2022],[-117.0869,34.2022],[-117.0868,34.2023],[-117.0867,34.2024],[-117.0867,34.2025],[-117.0867,34.2026],[-117.0868,34.2028],[-117.0868,34.203],[-117.0868,34.2031],[-117.0867,34.2032],[-117.0866,34.2032],[-117.0865,34.2032],[-117.0864,34.2032],[-117.0863,34.2031],[-117.0862,34.2029],[-117.0861,34.2028],[-117.086,34.2028],[-117.0859,34.2027],[-117.0857,34.2027],[-117.0856,34.2027],[-117.0841,34.2028],[-117.084,34.2028],[-117.0839,34.2028],[-117.0838,34.2028],[-117.0837,34.2027],[-117.0836,34.2026],[-117.0835,34.2026],[-117.0834,34.2026],[-117.0832,34.2026],[-117.0831,34.2026],[-117.083,34.2026],[-117.0829,34.2026],[-117.0828,34.2027],[-117.0826,34.2027],[-117.0825,34.2028],[-117.0823,34.2029],[-117.0822,34.203],[-117.0821,34.203],[-117.082,34.203],[-117.082,34.2029],[-117.0819,34.2029],[-117.0819,34.2028],[-117.0819,34.2027],[-117.0819,34.2026],[-117.082,34.2025],[-117.082,34.2024],[-117.082,34.2023],[-117.0819,34.2022],[-117.0818,34.2022],[-117.0817,34.2022],[-117.0816,34.2022],[-117.0815,34.2022],[-117.0814,34.2023],[-117.0813,34.2023],[-117.0813,34.2024],[-117.0812,34.2024],[-117.0812,34.2025],[-117.0812,34.2027],[-117.0811,34.2028],[-117.081,34.2029],[-117.0809,34.203],[-117.0808,34.2031],[-117.0807,34.2032],[-117.0805,34.2034],[-117.0802,34.2036],[-117.0801,34.2037],[-117.0799,34.2037],[-117.0798,34.2038],[-117.0798,34.2039],[-117.0797,34.2039],[-117.0797,34.204],[-117.0797,34.2041],[-117.0798,34.2042],[-117.0798,34.2043],[-117.0798,34.2044],[-117.0799,34.2045],[-117.0799,34.2046],[-117.0799,34.2047],[-117.0799,34.2048],[-117.0798,34.2049],[-117.0797,34.2049],[-117.0796,34.205],[-117.0794,34.205],[-117.0793,34.205],[-117.0792,34.205],[-117.0791,34.205],[-117.079,34.2051],[-117.0789,34.205],[-117.0788,34.205],[-117.0788,34.2049],[-117.0788,34.2048],[-117.0787,34.2047],[-117.0786,34.2047],[-117.0785,34.2046],[-117.0784,34.2046],[-117.0782,34.2047],[-117.078,34.2049],[-117.0778,34.205],[-117.0777,34.205],[-117.0776,34.2051],[-117.0775,34.2052],[-117.0774,34.2053],[-117.0773,34.2054],[-117.0772,34.2055],[-117.0772,34.2056],[-117.0771,34.2057],[-117.0771,34.2058],[-117.077,34.2061],[-117.0769,34.2063],[-117.0769,34.2065],[-117.0768,34.2066],[-117.0768,34.2067],[-117.0767,34.2068],[-117.0766,34.2069],[-117.0765,34.2069],[-117.0764,34.207],[-117.0763,34.207],[-117.0762,34.207],[-117.0761,34.2069],[-117.076,34.2069],[-117.0759,34.2069],[-117.0757,34.2069],[-117.0756,34.2069],[-117.0755,34.207],[-117.0753,34.207],[-117.0751,34.2071],[-117.075,34.2071],[-117.0749,34.2071],[-117.0748,34.207],[-117.0747,34.207],[-117.0747,34.2069],[-117.0746,34.2068],[-117.0746,34.2067],[-117.0745,34.2066],[-117.0744,34.2066],[-117.0743,34.2066],[-117.0742,34.2066],[-117.0741,34.2066],[-117.0739,34.2066],[-117.0738,34.2065],[-117.0737,34.2065],[-117.0735,34.2064],[-117.0734,34.2063],[-117.0733,34.2063],[-117.0732,34.2062],[-117.073,34.2061],[-117.0729,34.2061],[-117.0727,34.206],[-117.0726,34.206],[-117.0724,34.2059],[-117.0721,34.2059],[-117.0719,34.2058],[-117.0718,34.2058],[-117.0717,34.2057],[-117.0716,34.2057],[-117.0715,34.2056],[-117.0714,34.2056],[-117.0713,34.2056],[-117.0712,34.2056],[-117.0711,34.2056],[-117.071,34.2056],[-117.071,34.2057],[-117.071,34.2058],[-117.0709,34.2058],[-117.0708,34.2059],[-117.0708,34.206],[-117.0707,34.2061],[-117.0706,34.2061],[-117.0705,34.2062],[-117.0704,34.2063],[-117.0703,34.2063],[-117.0702,34.2064],[-117.0701,34.2064],[-117.0699,34.2064],[-117.0698,34.2064],[-117.0697,34.2064],[-117.0696,34.2064],[-117.0695,34.2064],[-117.0694,34.2064],[-117.0694,34.2065],[-117.0693,34.2065],[-117.0693,34.2066],[-117.0693,34.2067],[-117.0694,34.2067],[-117.0694,34.2068],[-117.0695,34.2069],[-117.0695,34.207],[-117.0694,34.2071],[-117.0693,34.2072],[-117.069,34.2073],[-117.0688,34.2075],[-117.0687,34.2076],[-117.0686,34.2076],[-117.0685,34.2077],[-117.0684,34.2077],[-117.0683,34.2078],[-117.0682,34.2078],[-117.0681,34.2079],[-117.0681,34.208],[-117.068,34.208],[-117.0679,34.2081],[-117.0677,34.2081],[-117.0676,34.2082],[-117.0675,34.2082],[-117.0675,34.2083],[-117.0674,34.2083],[-117.0674,34.2084],[-117.0674,34.2085],[-117.0674,34.2087],[-117.0674,34.2088],[-117.0674,34.2089],[-117.0673,34.209],[-117.0673,34.2091],[-117.0672,34.2091],[-117.0671,34.2092],[-117.067,34.2093],[-117.0669,34.2094],[-117.0668,34.2094],[-117.0667,34.2095],[-117.0666,34.2095],[-117.0665,34.2096],[-117.0663,34.2096],[-117.0662,34.2096],[-117.066,34.2097],[-117.0659,34.2097],[-117.0657,34.2097],[-117.0656,34.2097],[-117.0655,34.2098],[-117.0654,34.2098],[-117.0653,34.2098],[-117.0652,34.2099],[-117.0652,34.21],[-117.0651,34.21],[-117.065,34.2101],[-117.0648,34.2102],[-117.0647,34.2103],[-117.0646,34.2104],[-117.0644,34.2105],[-117.0643,34.2105],[-117.0641,34.2106],[-117.0639,34.2106],[-117.0638,34.2106],[-117.0636,34.2106],[-117.0633,34.2105],[-117.0632,34.2105],[-117.0632,34.2104],[-117.0631,34.2104],[-117.0631,34.2103],[-117.063,34.2102],[-117.0631,34.2101],[-117.0632,34.21],[-117.0632,34.2099],[-117.0634,34.2097],[-117.0635,34.2096],[-117.0636,34.2095],[-117.0636,34.2094],[-117.0637,34.2094],[-117.0637,34.2093],[-117.0637,34.2092],[-117.0637,34.2091],[-117.0636,34.209],[-117.0636,34.2089],[-117.0635,34.2089],[-117.0635,34.2088],[-117.0634,34.2088],[-117.0634,34.2087],[-117.0634,34.2086],[-117.0634,34.2085],[-117.0634,34.2084],[-117.0634,34.2083],[-117.0634,34.2082],[-117.0634,34.2081],[-117.0634,34.208],[-117.0633,34.2079],[-117.0633,34.2078],[-117.0632,34.2077],[-117.0632,34.2076],[-117.0631,34.2074],[-117.063,34.2073],[-117.063,34.2072],[-117.0629,34.2071],[-117.0628,34.2071],[-117.0627,34.207],[-117.0626,34.207],[-117.0625,34.2069],[-117.0624,34.2069],[-117.0622,34.2069],[-117.0618,34.2068],[-117.0617,34.2068],[-117.0616,34.2068],[-117.0615,34.2068],[-117.0615,34.2067],[-117.0614,34.2066],[-117.0614,34.2065],[-117.0614,34.2064],[-117.0615,34.2063],[-117.0615,34.2062],[-117.0614,34.2061],[-117.0613,34.206],[-117.0612,34.206],[-117.0611,34.206],[-117.061,34.206],[-117.0609,34.206],[-117.0608,34.2061],[-117.0608,34.2062],[-117.0608,34.2063],[-117.0607,34.2064],[-117.0607,34.2065],[-117.0606,34.2066],[-117.0605,34.2067],[-117.0605,34.2068],[-117.0603,34.2069],[-117.0602,34.207],[-117.06,34.207],[-117.0598,34.2071],[-117.0596,34.2072],[-117.0595,34.2072],[-117.0594,34.2072],[-117.0592,34.2072],[-117.0591,34.2072],[-117.059,34.2072],[-117.0589,34.2073],[-117.0588,34.2073],[-117.0587,34.2074],[-117.0585,34.2075],[-117.0584,34.2075],[-117.0583,34.2076],[-117.0582,34.2075],[-117.0581,34.2075],[-117.0581,34.2074],[-117.0581,34.2073],[-117.0582,34.2072],[-117.0584,34.2071],[-117.0585,34.207],[-117.0585,34.2069],[-117.0585,34.2068],[-117.0584,34.2068],[-117.0584,34.2067],[-117.0583,34.2067],[-117.0582,34.2067],[-117.0581,34.2068],[-117.0579,34.2068],[-117.0578,34.2069],[-117.0576,34.2069],[-117.0575,34.2069],[-117.0574,34.2069],[-117.0573,34.2069],[-117.0572,34.2069],[-117.0571,34.2069],[-117.057,34.2069],[-117.0569,34.207],[-117.0567,34.2071],[-117.0566,34.2071],[-117.0564,34.2071],[-117.0563,34.2071],[-117.0562,34.2072],[-117.0561,34.2072],[-117.056,34.2073],[-117.0559,34.2074],[-117.0558,34.2075],[-117.0557,34.2075],[-117.0556,34.2075],[-117.0555,34.2075],[-117.0554,34.2074],[-117.0554,34.2073],[-117.0554,34.2072],[-117.0555,34.2072],[-117.0556,34.2071],[-117.0556,34.207],[-117.0557,34.2069],[-117.0558,34.2069],[-117.0558,34.2068],[-117.0558,34.2067],[-117.0558,34.2066],[-117.0557,34.2065],[-117.0557,34.2064],[-117.0557,34.2063],[-117.0558,34.2062],[-117.0559,34.2062],[-117.0559,34.2061],[-117.056,34.206],[-117.056,34.2059],[-117.056,34.2058],[-117.056,34.2057],[-117.0559,34.2056],[-117.0557,34.2054],[-117.0556,34.2053],[-117.0553,34.2051],[-117.0552,34.205],[-117.0551,34.205],[-117.055,34.2049],[-117.0549,34.2049],[-117.0548,34.2049],[-117.0547,34.2049],[-117.0546,34.2049],[-117.0545,34.2049],[-117.0544,34.2049],[-117.0543,34.2048],[-117.0542,34.2048],[-117.0541,34.2047],[-117.054,34.2046],[-117.0539,34.2045],[-117.0538,34.2044],[-117.0537,34.2044],[-117.0536,34.2044],[-117.0535,34.2044],[-117.0534,34.2044],[-117.0533,34.2044],[-117.0532,34.2044],[-117.0531,34.2045],[-117.053,34.2045],[-117.0529,34.2045],[-117.0528,34.2046],[-117.0528,34.2045],[-117.0527,34.2045],[-117.0526,34.2045],[-117.0525,34.2044],[-117.0524,34.2044],[-117.0522,34.2043],[-117.0521,34.2042],[-117.052,34.2042],[-117.0518,34.2041],[-117.0517,34.2041],[-117.0515,34.2041],[-117.0514,34.2041],[-117.0513,34.2041],[-117.0512,34.2041],[-117.0511,34.2042],[-117.051,34.2042],[-117.0509,34.2043],[-117.0508,34.2043],[-117.0507,34.2043],[-117.0506,34.2043],[-117.0502,34.2044],[-117.0499,34.2044],[-117.0497,34.2045],[-117.0496,34.2045],[-117.0495,34.2046],[-117.0494,34.2047],[-117.0492,34.2047],[-117.049,34.2048],[-117.0487,34.2049],[-117.0485,34.2049],[-117.0484,34.205],[-117.0482,34.205],[-117.0481,34.2051],[-117.048,34.2052],[-117.0478,34.2053],[-117.0477,34.2053],[-117.0477,34.2054],[-117.0476,34.2055],[-117.0475,34.2056],[-117.0474,34.2057],[-117.0473,34.2058],[-117.0472,34.2059],[-117.0472,34.206],[-117.0471,34.2061],[-117.0471,34.2062],[-117.047,34.2063],[-117.047,34.2064],[-117.0469,34.2066],[-117.0468,34.2067],[-117.0467,34.2067],[-117.0466,34.2067],[-117.0465,34.2067],[-117.0464,34.2067],[-117.0463,34.2066],[-117.0463,34.2065],[-117.0463,34.2063],[-117.0464,34.206],[-117.0464,34.2059],[-117.0464,34.2058],[-117.0463,34.2058],[-117.0463,34.2057],[-117.0462,34.2057],[-117.0461,34.2057],[-117.046,34.2057],[-117.0459,34.2057],[-117.0458,34.2058],[-117.0457,34.2059],[-117.0456,34.2059],[-117.0455,34.206],[-117.0454,34.206],[-117.0453,34.206],[-117.0452,34.206],[-117.045,34.206],[-117.0449,34.2061],[-117.0448,34.2061],[-117.0446,34.2061],[-117.0445,34.2062],[-117.0443,34.2062],[-117.0442,34.2063],[-117.044,34.2064],[-117.0439,34.2065],[-117.0438,34.2065],[-117.0437,34.2065],[-117.0436,34.2064],[-117.0436,34.2063],[-117.0436,34.2061],[-117.0436,34.206],[-117.0437,34.2058],[-117.0438,34.2057],[-117.0439,34.2056],[-117.0439,34.2055],[-117.0439,34.2054],[-117.0438,34.2053],[-117.0438,34.2052],[-117.0438,34.2051],[-117.0437,34.205],[-117.0437,34.2049],[-117.0437,34.2048],[-117.0438,34.2048],[-117.0438,34.2047],[-117.0439,34.2046],[-117.044,34.2046],[-117.044,34.2045],[-117.044,34.2044],[-117.0439,34.2044],[-117.0438,34.2043],[-117.0436,34.2042],[-117.0435,34.2042],[-117.0433,34.2041],[-117.0432,34.2041],[-117.0431,34.204],[-117.043,34.204],[-117.043,34.2039],[-117.043,34.2038],[-117.0431,34.2037],[-117.0432,34.2037],[-117.0433,34.2036],[-117.0433,34.2035],[-117.0434,34.2035],[-117.0434,34.2034],[-117.0434,34.2033],[-117.0434,34.2032],[-117.0434,34.2031],[-117.0435,34.2031],[-117.0435,34.203],[-117.0436,34.203],[-117.0436,34.2029],[-117.0437,34.2028],[-117.0438,34.2028],[-117.0439,34.2027],[-117.0441,34.2026],[-117.0442,34.2025],[-117.0442,34.2024],[-117.0443,34.2024],[-117.0444,34.2023],[-117.0445,34.2022],[-117.0446,34.2021],[-117.0447,34.202],[-117.0447,34.2019],[-117.0446,34.2018],[-117.0445,34.2018],[-117.0445,34.2017],[-117.0444,34.2017],[-117.0444,34.2016],[-117.0444,34.2015],[-117.0444,34.2014],[-117.0443,34.2014],[-117.0443,34.2013],[-117.0444,34.2013],[-117.0444,34.2012],[-117.0445,34.2012],[-117.0445,34.2011],[-117.0445,34.201],[-117.0445,34.2009],[-117.0444,34.2009],[-117.0445,34.2008],[-117.0445,34.2007],[-117.0445,34.2006],[-117.0445,34.2005],[-117.0446,34.2004],[-117.0446,34.2003],[-117.0446,34.2002],[-117.0446,34.2001],[-117.0445,34.2001],[-117.0445,34.2],[-117.0444,34.1999],[-117.0443,34.1998],[-117.0444,34.1997],[-117.0445,34.1997],[-117.0446,34.1996],[-117.0447,34.1996],[-117.0449,34.1996],[-117.045,34.1996],[-117.0451,34.1996],[-117.0451,34.1995],[-117.0452,34.1994],[-117.0452,34.1993],[-117.0453,34.1993],[-117.0454,34.1993],[-117.0455,34.1992],[-117.0456,34.1992],[-117.0457,34.1992],[-117.0458,34.1992],[-117.0459,34.1992],[-117.046,34.1992],[-117.0461,34.1992],[-117.0462,34.1992],[-117.0463,34.1992],[-117.0464,34.1992],[-117.0464,34.1993],[-117.0465,34.1993],[-117.0465,34.1994],[-117.0465,34.1995],[-117.0465,34.1996],[-117.0465,34.1997],[-117.0464,34.1997],[-117.0464,34.1998],[-117.0465,34.1998],[-117.0465,34.1999],[-117.0466,34.1999],[-117.0467,34.1999],[-117.0468,34.1999],[-117.0469,34.1998],[-117.047,34.1998],[-117.0471,34.1998],[-117.0472,34.1999],[-117.0473,34.1999],[-117.0473,34.1998],[-117.0474,34.1998],[-117.0474,34.1997],[-117.0474,34.1996],[-117.0474,34.1995],[-117.0474,34.1994],[-117.0474,34.1993],[-117.0474,34.1992],[-117.0473,34.1991],[-117.0473,34.199],[-117.0473,34.1989],[-117.0472,34.1988],[-117.0471,34.1988],[-117.0471,34.1987],[-117.047,34.1986],[-117.047,34.1985],[-117.047,34.1984],[-117.047,34.1983],[-117.047,34.1982],[-117.047,34.1981],[-117.047,34.198],[-117.047,34.1979],[-117.0471,34.1978],[-117.0472,34.1977],[-117.0473,34.1976],[-117.0474,34.1975],[-117.0474,34.1974],[-117.0474,34.1973],[-117.0474,34.1972],[-117.0474,34.197],[-117.0474,34.1968],[-117.0474,34.1967],[-117.0475,34.1967],[-117.0475,34.1966],[-117.0476,34.1965],[-117.0477,34.1964],[-117.0478,34.1963],[-117.0478,34.1962],[-117.0479,34.1962],[-117.0479,34.1961],[-117.048,34.196],[-117.0481,34.1959],[-117.0483,34.1957],[-117.0484,34.1956],[-117.0485,34.1955],[-117.0485,34.1954],[-117.0486,34.1953],[-117.0487,34.1952],[-117.0488,34.1951],[-117.0488,34.195],[-117.0489,34.195],[-117.049,34.1949],[-117.0491,34.1949],[-117.0493,34.1949],[-117.0495,34.1949],[-117.0497,34.1949],[-117.0499,34.1949],[-117.0501,34.1949],[-117.0503,34.1949],[-117.0504,34.1949],[-117.0505,34.1949],[-117.0506,34.1949],[-117.0507,34.1949],[-117.0507,34.195],[-117.0508,34.1951],[-117.0509,34.1952],[-117.051,34.1953],[-117.0511,34.1953],[-117.0512,34.1953],[-117.0513,34.1954],[-117.0514,34.1954],[-117.0515,34.1955],[-117.0516,34.1956],[-117.0517,34.1957],[-117.0517,34.1958],[-117.0518,34.1958],[-117.0518,34.1959],[-117.0519,34.196],[-117.0519,34.1961],[-117.052,34.1963],[-117.052,34.1964],[-117.052,34.1965],[-117.052,34.1966],[-117.0519,34.1967],[-117.0518,34.1967],[-117.0517,34.1968],[-117.0515,34.1968],[-117.0513,34.1969],[-117.0512,34.1969],[-117.051,34.1969],[-117.0509,34.1969],[-117.0508,34.1969],[-117.0507,34.1969],[-117.0507,34.1968],[-117.0506,34.1968],[-117.0505,34.1967],[-117.0505,34.1966],[-117.0505,34.1965],[-117.0506,34.1964],[-117.0506,34.1963],[-117.0506,34.1962],[-117.0506,34.1961],[-117.0506,34.196],[-117.0506,34.1959],[-117.0505,34.1958],[-117.0504,34.1957],[-117.0502,34.1956],[-117.0501,34.1955],[-117.05,34.1955],[-117.0499,34.1954],[-117.0498,34.1954],[-117.0497,34.1954],[-117.0496,34.1954],[-117.0495,34.1954],[-117.0494,34.1955],[-117.0493,34.1956],[-117.0492,34.1957],[-117.0491,34.1958],[-117.049,34.1959],[-117.049,34.196],[-117.0489,34.1961],[-117.0489,34.1962],[-117.0489,34.1963],[-117.0489,34.1964],[-117.0489,34.1965],[-117.049,34.1966],[-117.0491,34.1967],[-117.0492,34.1966],[-117.0493,34.1966],[-117.0493,34.1965],[-117.0494,34.1964],[-117.0493,34.1964],[-117.0493,34.1963],[-117.0494,34.1962],[-117.0494,34.196]]}},{"type":"Feature","properties":{"id":"2N13X","name":"SAWPIT CONNECTOR              ","kind":"road","access":"plate","seasonal":false},"geometry":{"type":"LineString","coordinates":[[-117.3217,34.2706],[-117.3218,34.2706],[-117.3219,34.2706],[-117.3221,34.2705],[-117.3221,34.2706],[-117.3222,34.2706],[-117.3222,34.2707],[-117.3221,34.2708],[-117.322,34.2709],[-117.3219,34.271],[-117.3218,34.2711],[-117.3217,34.2712],[-117.3217,34.2713],[-117.3218,34.2714],[-117.3219,34.2714],[-117.322,34.2715],[-117.3224,34.2717],[-117.3226,34.2718],[-117.3228,34.2719],[-117.3229,34.272],[-117.3231,34.272],[-117.3232,34.272],[-117.3233,34.272],[-117.3233,34.2719],[-117.3234,34.2718],[-117.3235,34.2717],[-117.3236,34.2714],[-117.3237,34.2712],[-117.3237,34.2711],[-117.3237,34.271],[-117.3236,34.2709],[-117.3235,34.2708],[-117.3236,34.2707],[-117.3237,34.2706],[-117.3237,34.2705],[-117.3238,34.2705],[-117.3238,34.2704],[-117.3239,34.2704],[-117.324,34.2703],[-117.3241,34.2704],[-117.3242,34.2705],[-117.3243,34.2706],[-117.3244,34.2707],[-117.3246,34.2708],[-117.3248,34.271],[-117.3248,34.2711],[-117.3249,34.2712],[-117.325,34.2713],[-117.3252,34.2713],[-117.3253,34.2713],[-117.3255,34.2714],[-117.3256,34.2714],[-117.3256,34.2715],[-117.3257,34.2716],[-117.3258,34.2716],[-117.3259,34.2717],[-117.326,34.272]]}},{"type":"Feature","properties":{"id":"3N98","name":"PINE SPRING","kind":"road","access":"plate","seasonal":false},"geometry":{"type":"LineString","coordinates":[[-117.1054,34.3523],[-117.1053,34.3521],[-117.1052,34.3521],[-117.1051,34.352],[-117.105,34.3519],[-117.1049,34.3518],[-117.1048,34.3518],[-117.1048,34.3517],[-117.1047,34.3517],[-117.1045,34.3516],[-117.1044,34.3515],[-117.1042,34.3514],[-117.104,34.3513],[-117.1039,34.3512],[-117.1038,34.3511],[-117.1037,34.3511],[-117.1036,34.3511],[-117.1035,34.3511],[-117.1034,34.351],[-117.1034,34.3509],[-117.1033,34.3509],[-117.1033,34.3508],[-117.1032,34.3508],[-117.1031,34.3507],[-117.103,34.3507],[-117.1029,34.3506],[-117.1028,34.3505],[-117.1027,34.3505],[-117.1027,34.3504],[-117.1026,34.3504],[-117.1025,34.3503],[-117.1024,34.3503],[-117.1023,34.3503],[-117.1022,34.3502],[-117.1021,34.3502],[-117.102,34.3502],[-117.102,34.3501],[-117.1019,34.3501],[-117.1018,34.3501],[-117.1017,34.3501],[-117.1016,34.35],[-117.1015,34.35],[-117.1014,34.35],[-117.1012,34.3499],[-117.1011,34.3499],[-117.101,34.3498],[-117.1009,34.3497],[-117.1008,34.3496],[-117.1008,34.3495],[-117.1007,34.3495],[-117.1006,34.3494],[-117.1005,34.3494],[-117.1004,34.3494],[-117.1003,34.3494],[-117.1003,34.3493],[-117.1002,34.3493],[-117.1001,34.3493],[-117.1,34.3492],[-117.0999,34.3492],[-117.0998,34.3492],[-117.0998,34.3491],[-117.0997,34.3491],[-117.0996,34.349],[-117.0995,34.349],[-117.0995,34.3489],[-117.0994,34.3489],[-117.0993,34.3488],[-117.0992,34.3488],[-117.0991,34.3487],[-117.099,34.3487]]}},{"type":"Feature","properties":{"id":"1N96B","name":"KELLER YP03","kind":"road","access":"plate","seasonal":false},"geometry":{"type":"LineString","coordinates":[[-117.0652,34.2099],[-117.0652,34.2098],[-117.0653,34.2097],[-117.0653,34.2096],[-117.0653,34.2095],[-117.0652,34.2094],[-117.0652,34.2093],[-117.0651,34.2093],[-117.0651,34.2092],[-117.065,34.2091],[-117.0651,34.209],[-117.0651,34.2089],[-117.065,34.2088],[-117.065,34.2087],[-117.065,34.2086]]}},{"type":"Feature","properties":{"id":"3N14","name":"COXEY","kind":"road","access":"green","seasonal":false},"geometry":{"type":"LineString","coordinates":[[-117.0641,34.3432],[-117.0641,34.3433],[-117.0641,34.3434],[-117.0641,34.3435],[-117.0641,34.3436],[-117.0642,34.3437],[-117.0644,34.3438],[-117.0645,34.3439],[-117.0646,34.344],[-117.0648,34.3441],[-117.0649,34.3442],[-117.065,34.3443],[-117.0651,34.3444],[-117.0652,34.3444],[-117.0653,34.3445],[-117.0654,34.3445],[-117.0655,34.3445],[-117.0656,34.3446],[-117.0657,34.3446],[-117.0658,34.3447],[-117.0658,34.3448],[-117.0658,34.3449],[-117.0658,34.345],[-117.0659,34.3451],[-117.066,34.3452],[-117.0661,34.3452],[-117.0662,34.3453],[-117.0663,34.3453],[-117.0665,34.3453],[-117.0666,34.3454],[-117.0667,34.3454],[-117.0667,34.3455],[-117.0668,34.3455],[-117.0669,34.3456],[-117.067,34.3457],[-117.067,34.3458],[-117.0671,34.3459],[-117.0672,34.3459],[-117.0673,34.346],[-117.0674,34.3461],[-117.0675,34.3461],[-117.0676,34.3462],[-117.0677,34.3462],[-117.0678,34.3464],[-117.0678,34.3465],[-117.0679,34.3466],[-117.0679,34.3467],[-117.068,34.3467],[-117.0681,34.3468],[-117.0682,34.3468],[-117.0683,34.3468],[-117.0684,34.3468],[-117.0685,34.3467],[-117.0687,34.3467],[-117.0688,34.3467],[-117.0689,34.3466],[-117.0691,34.3467],[-117.0692,34.3467],[-117.0693,34.3467],[-117.0695,34.3467],[-117.0696,34.3467],[-117.0697,34.3467],[-117.0699,34.3466],[-117.07,34.3465],[-117.0702,34.3465],[-117.0703,34.3464],[-117.0705,34.3464],[-117.0706,34.3464],[-117.0707,34.3465],[-117.0708,34.3466],[-117.0709,34.3466],[-117.071,34.3466],[-117.0711,34.3466],[-117.0712,34.3466],[-117.0713,34.3465],[-117.0714,34.3466],[-117.0715,34.3466],[-117.0716,34.3466],[-117.0718,34.3466],[-117.0719,34.3465],[-117.072,34.3465],[-117.0722,34.3464],[-117.0723,34.3463],[-117.0724,34.3462],[-117.0725,34.3462],[-117.0727,34.3461],[-117.0728,34.3461],[-117.0729,34.3461],[-117.073,34.3461],[-117.0731,34.3462],[-117.0732,34.3463],[-117.0733,34.3464],[-117.0734,34.3464],[-117.0734,34.3465],[-117.0736,34.3465],[-117.0736,34.3464],[-117.0737,34.3464],[-117.0738,34.3463],[-117.0739,34.3462],[-117.074,34.3461],[-117.0742,34.3461],[-117.0743,34.346],[-117.0745,34.346],[-117.0746,34.3461],[-117.0747,34.3461],[-117.0748,34.3462],[-117.0748,34.3463],[-117.0749,34.3464],[-117.0749,34.3465],[-117.0749,34.3466],[-117.075,34.3466],[-117.0751,34.3467],[-117.0752,34.3467],[-117.0753,34.3467],[-117.0754,34.3467],[-117.0755,34.3467],[-117.0756,34.3466],[-117.0757,34.3466],[-117.0758,34.3466],[-117.0759,34.3466],[-117.076,34.3466],[-117.0762,34.3467],[-117.0763,34.3467],[-117.0764,34.3468],[-117.0766,34.3468],[-117.0768,34.3468],[-117.077,34.3468],[-117.0772,34.3469],[-117.0773,34.3469],[-117.0775,34.3469],[-117.0776,34.347],[-117.0777,34.347],[-117.0778,34.347],[-117.0779,34.3469],[-117.078,34.3469],[-117.0781,34.3469],[-117.0783,34.3468],[-117.0784,34.3468],[-117.0785,34.3467],[-117.0786,34.3467],[-117.0787,34.3466],[-117.0789,34.3466],[-117.079,34.3466],[-117.0791,34.3465],[-117.0793,34.3465],[-117.0794,34.3465],[-117.0796,34.3465],[-117.0797,34.3465],[-117.0799,34.3465],[-117.08,34.3464],[-117.0802,34.3464],[-117.0804,34.3463],[-117.0805,34.3463],[-117.0806,34.3462],[-117.0808,34.3462],[-117.0809,34.3461],[-117.081,34.346],[-117.0812,34.3459],[-117.0813,34.3459],[-117.0814,34.3459],[-117.0815,34.3458],[-117.0817,34.3458],[-117.0818,34.3458],[-117.0819,34.3458],[-117.0825,34.3458],[-117.0828,34.3458],[-117.0829,34.3458],[-117.083,34.3458],[-117.0831,34.3458],[-117.0832,34.3458],[-117.0833,34.3459],[-117.0834,34.346],[-117.0835,34.3461],[-117.0836,34.3462],[-117.0837,34.3463],[-117.0838,34.3464],[-117.0839,34.3465],[-117.0841,34.3465],[-117.0842,34.3466],[-117.0844,34.3467],[-117.0845,34.3467],[-117.0846,34.3467],[-117.0848,34.3467],[-117.0849,34.3468],[-117.0851,34.3469],[-117.0853,34.347],[-117.0853,34.3471],[-117.0854,34.3471],[-117.0855,34.3472],[-117.0856,34.3474],[-117.0856,34.3475],[-117.0856,34.3476],[-117.0856,34.3477],[-117.0856,34.3478],[-117.0855,34.348],[-117.0855,34.3481],[-117.0855,34.3482],[-117.0856,34.3482],[-117.0857,34.3482],[-117.0858,34.3482],[-117.0859,34.3482],[-117.0859,34.3481],[-117.0861,34.348],[-117.0862,34.3479],[-117.0863,34.3479],[-117.0864,34.3479],[-117.0865,34.3479],[-117.0866,34.3479],[-117.0867,34.3479],[-117.0869,34.348],[-117.0871,34.348],[-117.0872,34.348],[-117.0873,34.3481],[-117.0874,34.3481],[-117.0875,34.3481],[-117.0876,34.3481],[-117.0877,34.3481],[-117.0878,34.3482],[-117.0879,34.3482],[-117.088,34.3483],[-117.0881,34.3484],[-117.0882,34.3484],[-117.0884,34.3484],[-117.0886,34.3485],[-117.0887,34.3485],[-117.0889,34.3486],[-117.089,34.3487],[-117.0891,34.3487],[-117.0893,34.3487],[-117.0894,34.3487],[-117.0895,34.3487],[-117.0896,34.3488],[-117.0897,34.3488],[-117.0897,34.3489],[-117.0898,34.3489],[-117.0899,34.349],[-117.09,34.3491],[-117.0902,34.3492],[-117.0903,34.3492],[-117.0904,34.3493],[-117.0904,34.3494],[-117.0905,34.3495],[-117.0905,34.3496],[-117.0906,34.3496],[-117.0907,34.3497],[-117.0908,34.3498],[-117.0909,34.3499],[-117.091,34.35],[-117.0911,34.3501],[-117.0912,34.3502],[-117.0913,34.3503],[-117.0913,34.3504],[-117.0914,34.3504],[-117.0914,34.3505],[-117.0915,34.3506],[-117.0916,34.3507],[-117.0916,34.3508],[-117.0917,34.3509],[-117.0918,34.3509],[-117.0921,34.3509],[-117.0924,34.3509],[-117.0925,34.3509],[-117.0926,34.351],[-117.0927,34.351],[-117.0928,34.3511],[-117.0928,34.3512],[-117.0929,34.3513],[-117.093,34.3514],[-117.0931,34.3515],[-117.0932,34.3515],[-117.0933,34.3515],[-117.0934,34.3515],[-117.0936,34.3515],[-117.0938,34.3515],[-117.0939,34.3515],[-117.094,34.3515],[-117.0941,34.3515],[-117.0942,34.3516],[-117.0943,34.3516],[-117.0944,34.3517],[-117.0946,34.3518],[-117.0947,34.3519],[-117.0948,34.352],[-117.0949,34.3521],[-117.0949,34.3522],[-117.0949,34.3523],[-117.0949,34.3525],[-117.0949,34.3526],[-117.0949,34.3527],[-117.0949,34.3528],[-117.095,34.353],[-117.0951,34.3532],[-117.0951,34.3535],[-117.0952,34.3538],[-117.0952,34.354],[-117.0953,34.3541],[-117.0955,34.3543],[-117.0957,34.3545],[-117.0958,34.3547],[-117.096,34.3548],[-117.0961,34.3549],[-117.0961,34.355],[-117.0962,34.3551],[-117.0963,34.3556],[-117.0964,34.356],[-117.0964,34.3561],[-117.0964,34.3562],[-117.0963,34.3563],[-117.0963,34.3564],[-117.0962,34.3565],[-117.0962,34.3566],[-117.0962,34.3567],[-117.0962,34.3568],[-117.0962,34.3569],[-117.0962,34.3571],[-117.0961,34.3572],[-117.0959,34.3574],[-117.0957,34.3577],[-117.0955,34.358],[-117.0954,34.3582],[-117.0953,34.3584],[-117.0951,34.3586],[-117.0949,34.3587],[-117.0948,34.3588],[-117.0947,34.3589],[-117.0947,34.359],[-117.0947,34.3592],[-117.0947,34.3594],[-117.0946,34.3595],[-117.0946,34.3596],[-117.0947,34.3597],[-117.0947,34.3599],[-117.0947,34.3601],[-117.0946,34.3602],[-117.0946,34.3604],[-117.0945,34.3606],[-117.0944,34.3607],[-117.0942,34.3609],[-117.0941,34.361],[-117.094,34.3611],[-117.0939,34.3612],[-117.0938,34.3613],[-117.0938,34.3614],[-117.0938,34.3615],[-117.0938,34.3618],[-117.0938,34.3619],[-117.0938,34.362],[-117.0938,34.3621],[-117.0937,34.3621],[-117.0935,34.3621],[-117.0934,34.3621],[-117.093,34.362],[-117.0929,34.3619],[-117.0928,34.3618],[-117.0927,34.3619],[-117.0927,34.362],[-117.0928,34.3621],[-117.0928,34.3622],[-117.0929,34.3623],[-117.0929,34.3624],[-117.0929,34.3625],[-117.093,34.3626],[-117.0931,34.3627],[-117.0932,34.3629],[-117.0932,34.363],[-117.0931,34.3631],[-117.0931,34.3632],[-117.093,34.3633],[-117.0929,34.3634],[-117.0929,34.3635],[-117.0929,34.3636],[-117.0929,34.3637],[-117.0929,34.3638],[-117.0929,34.3639],[-117.0928,34.3639],[-117.0928,34.364],[-117.0927,34.364],[-117.0926,34.364],[-117.0926,34.3641],[-117.0926,34.3642],[-117.0926,34.3643],[-117.0927,34.3644],[-117.0927,34.3645],[-117.0927,34.3646],[-117.0927,34.3647],[-117.0928,34.3647],[-117.0929,34.3647],[-117.093,34.3646],[-117.093,34.3645],[-117.093,34.3644],[-117.0931,34.3643],[-117.0932,34.3643],[-117.0933,34.3643],[-117.0934,34.3644],[-117.0935,34.3644],[-117.0936,34.3644],[-117.0937,34.3644],[-117.0937,34.3643],[-117.0937,34.3642],[-117.0938,34.3641],[-117.0938,34.364],[-117.0939,34.364],[-117.094,34.364],[-117.0941,34.3641],[-117.0942,34.3642],[-117.0943,34.3642],[-117.0944,34.3643],[-117.0945,34.3643],[-117.0946,34.3644],[-117.0947,34.3645],[-117.0947,34.3646],[-117.0948,34.3647],[-117.0948,34.3648],[-117.0949,34.3649],[-117.095,34.3651],[-117.0951,34.3652],[-117.0953,34.3654],[-117.0954,34.3656],[-117.0954,34.3657],[-117.0956,34.3658],[-117.0957,34.3659],[-117.0958,34.366],[-117.096,34.3661],[-117.0961,34.3662],[-117.0962,34.3662],[-117.0964,34.3664],[-117.0966,34.3665],[-117.0967,34.3665],[-117.0969,34.3666],[-117.097,34.3666],[-117.0972,34.3666],[-117.0973,34.3667],[-117.0974,34.3667],[-117.0975,34.3667],[-117.0981,34.3666],[-117.0983,34.3666],[-117.0984,34.3665],[-117.0985,34.3664],[-117.0987,34.3662],[-117.0988,34.366],[-117.0989,34.3658],[-117.099,34.3658],[-117.0991,34.3657],[-117.0994,34.3655],[-117.0997,34.3653],[-117.0999,34.3652],[-117.1,34.3652],[-117.1001,34.3652],[-117.1003,34.3651],[-117.1004,34.3651],[-117.1006,34.365],[-117.1007,34.365],[-117.1008,34.3649],[-117.1009,34.3649],[-117.101,34.3649],[-117.1013,34.3649],[-117.1014,34.3649],[-117.1015,34.3648],[-117.1017,34.3648],[-117.1018,34.3647],[-117.102,34.3647],[-117.1021,34.3646],[-117.1023,34.3646],[-117.1024,34.3646],[-117.1025,34.3646],[-117.1027,34.3646],[-117.1029,34.3646],[-117.1033,34.3645],[-117.1037,34.3645],[-117.1039,34.3645],[-117.104,34.3646]]}},{"type":"Feature","properties":{"id":"3N14","name":"COXEY","kind":"road","access":"plate","seasonal":false},"geometry":{"type":"LineString","coordinates":[[-117.104,34.3646],[-117.1041,34.3646],[-117.1042,34.3646],[-117.1043,34.3646],[-117.1045,34.3646],[-117.1046,34.3646],[-117.1048,34.3646],[-117.1049,34.3647],[-117.105,34.3648],[-117.1051,34.3649],[-117.1052,34.365],[-117.1053,34.365],[-117.1054,34.3651],[-117.1055,34.3651],[-117.1056,34.3651],[-117.1057,34.3652],[-117.1056,34.3653],[-117.1055,34.3653],[-117.1054,34.3654],[-117.1053,34.3655],[-117.1053,34.3656],[-117.1052,34.3657],[-117.1053,34.3658],[-117.1053,34.366],[-117.1053,34.3661],[-117.1053,34.3662],[-117.1054,34.3663],[-117.1054,34.3664],[-117.1054,34.3665],[-117.1053,34.3667],[-117.1053,34.3668],[-117.1054,34.3669],[-117.1054,34.3671],[-117.1054,34.3672],[-117.1054,34.3674],[-117.1054,34.3675],[-117.1054,34.3677],[-117.1054,34.3679],[-117.1055,34.368],[-117.1055,34.3681],[-117.1056,34.3682],[-117.1057,34.3683],[-117.1057,34.3684],[-117.1057,34.3685],[-117.1057,34.3687],[-117.1057,34.3688],[-117.1058,34.369],[-117.1059,34.3691],[-117.1062,34.3693],[-117.1065,34.3696],[-117.1066,34.3697],[-117.1067,34.3697],[-117.1069,34.3697],[-117.1071,34.3698],[-117.1073,34.3698],[-117.1074,34.3698],[-117.1076,34.3698],[-117.1077,34.3698],[-117.1078,34.3699],[-117.108,34.37],[-117.1082,34.3701],[-117.1084,34.3703],[-117.1084,34.3704],[-117.1085,34.3705],[-117.1086,34.3706],[-117.1086,34.3707],[-117.1086,34.3708],[-117.1086,34.3709],[-117.1087,34.3711],[-117.1087,34.3712],[-117.1087,34.3713],[-117.1087,34.3714],[-117.1087,34.3716],[-117.1086,34.3718],[-117.1086,34.372],[-117.1086,34.3722],[-117.1086,34.3724],[-117.1086,34.3725],[-117.1086,34.3727],[-117.1086,34.3728],[-117.1086,34.3729],[-117.1086,34.373],[-117.1086,34.3731],[-117.1086,34.3732],[-117.1085,34.3731],[-117.1084,34.3731],[-117.1083,34.3731],[-117.1081,34.373],[-117.108,34.373],[-117.1079,34.373],[-117.1078,34.373],[-117.1077,34.373],[-117.1076,34.373],[-117.1075,34.3731],[-117.1075,34.3733],[-117.1074,34.3734],[-117.1074,34.3735],[-117.1073,34.3735],[-117.1072,34.3736],[-117.107,34.3736],[-117.1069,34.3736],[-117.1068,34.3736],[-117.1068,34.3735],[-117.1067,34.3734],[-117.1066,34.3734],[-117.1065,34.3734],[-117.1064,34.3734],[-117.1063,34.3735],[-117.1062,34.3736],[-117.1062,34.3737],[-117.1064,34.3738],[-117.1069,34.3742],[-117.107,34.3743],[-117.1071,34.3744],[-117.1073,34.3745],[-117.1074,34.3746],[-117.1076,34.3746],[-117.1077,34.3746],[-117.1078,34.3747],[-117.1079,34.3747],[-117.108,34.3748],[-117.1081,34.3748],[-117.1082,34.3749],[-117.1084,34.3749],[-117.1085,34.3749],[-117.1086,34.3749],[-117.1087,34.3749],[-117.1089,34.3749],[-117.1091,34.3748],[-117.1092,34.3748],[-117.1094,34.3748],[-117.1095,34.3747],[-117.1096,34.3747],[-117.1097,34.3747],[-117.1098,34.3748],[-117.1098,34.3749],[-117.1097,34.375],[-117.1095,34.3752],[-117.1094,34.3753],[-117.1093,34.3754],[-117.1093,34.3755],[-117.1092,34.3756],[-117.1092,34.3758],[-117.1093,34.3759],[-117.1094,34.3759],[-117.1096,34.3759],[-117.1097,34.3759],[-117.1099,34.3759],[-117.11,34.3759],[-117.1101,34.3759],[-117.1102,34.376],[-117.1101,34.376],[-117.1101,34.3761],[-117.11,34.3763],[-117.11,34.3764],[-117.11,34.3765],[-117.11,34.3766],[-117.1101,34.3766],[-117.1101,34.3767],[-117.1103,34.3767],[-117.1105,34.3768],[-117.1105,34.3769],[-117.1106,34.377],[-117.1107,34.3771],[-117.1107,34.3773],[-117.1107,34.3774],[-117.1108,34.3774],[-117.1109,34.3774],[-117.111,34.3774],[-117.1111,34.3773],[-117.1112,34.3773],[-117.1114,34.3773],[-117.1115,34.3773],[-117.1116,34.3773],[-117.1116,34.3774],[-117.1117,34.3774],[-117.1119,34.3774],[-117.112,34.3775],[-117.1121,34.3775],[-117.1122,34.3776],[-117.1123,34.3777],[-117.1124,34.3778],[-117.1126,34.378],[-117.1128,34.3782],[-117.1129,34.3783],[-117.1129,34.3784],[-117.1128,34.3786],[-117.1128,34.3788],[-117.1128,34.379],[-117.1129,34.3792],[-117.1129,34.3793],[-117.1129,34.3795],[-117.113,34.3797],[-117.1131,34.3799],[-117.1132,34.38],[-117.1132,34.3801],[-117.1132,34.3803],[-117.1133,34.3804],[-117.1134,34.3804],[-117.1136,34.3804],[-117.1137,34.3804],[-117.1138,34.3804],[-117.1139,34.3805],[-117.114,34.3805],[-117.1141,34.3806],[-117.1142,34.3806],[-117.1144,34.3807],[-117.1145,34.3807],[-117.1146,34.3808],[-117.1147,34.3809],[-117.1148,34.381],[-117.1149,34.3811],[-117.115,34.3813],[-117.1151,34.3814],[-117.1151,34.3815],[-117.1152,34.3816],[-117.1153,34.3818],[-117.1154,34.382],[-117.1155,34.3822],[-117.1156,34.3824],[-117.1156,34.3825],[-117.1157,34.3825],[-117.1157,34.3826],[-117.1158,34.3827],[-117.1158,34.3828],[-117.1158,34.3829],[-117.1158,34.383],[-117.1159,34.3831],[-117.1159,34.3832],[-117.1158,34.3834],[-117.1158,34.3835],[-117.1157,34.3836],[-117.1157,34.3837],[-117.1158,34.3838],[-117.1159,34.3839],[-117.116,34.384],[-117.1161,34.384],[-117.1162,34.3841],[-117.1165,34.3841],[-117.1168,34.3841],[-117.117,34.3842],[-117.1171,34.3842],[-117.1172,34.3843],[-117.1174,34.3844],[-117.1177,34.3845],[-117.1179,34.3846],[-117.1181,34.3848],[-117.1184,34.385],[-117.1185,34.3851],[-117.1186,34.3852],[-117.1187,34.3854],[-117.1189,34.3858],[-117.1191,34.3862],[-117.1192,34.3864],[-117.1193,34.3865],[-117.1194,34.3866],[-117.1196,34.3866],[-117.1198,34.3867],[-117.1199,34.3868],[-117.1201,34.3868],[-117.1202,34.3869],[-117.1203,34.387],[-117.1204,34.387],[-117.1205,34.3872],[-117.1206,34.3873],[-117.1207,34.3874],[-117.1208,34.3875],[-117.1209,34.3876],[-117.1211,34.3877],[-117.1212,34.3877],[-117.1212,34.3878],[-117.1212,34.3879],[-117.1211,34.388],[-117.1211,34.3881],[-117.1211,34.3882],[-117.1214,34.3885],[-117.1216,34.389],[-117.1217,34.3891],[-117.1217,34.3892],[-117.1218,34.3894],[-117.1219,34.3895],[-117.1222,34.3899],[-117.1224,34.39],[-117.1224,34.3901],[-117.1224,34.3902],[-117.1224,34.3903],[-117.1223,34.3904],[-117.1223,34.3908],[-117.1223,34.3909],[-117.1224,34.391],[-117.1224,34.3911],[-117.1224,34.3913],[-117.1224,34.3914],[-117.1223,34.3915],[-117.1223,34.3916],[-117.1222,34.3917],[-117.1222,34.3918],[-117.1222,34.3919],[-117.1223,34.3924],[-117.1223,34.3928],[-117.1223,34.393],[-117.1224,34.3931],[-117.1225,34.3931],[-117.1226,34.3931],[-117.1227,34.3932],[-117.123,34.3933],[-117.1232,34.3934],[-117.1235,34.3935],[-117.1236,34.3936],[-117.1238,34.3936],[-117.1239,34.3937],[-117.124,34.3939],[-117.1241,34.3941],[-117.1242,34.3943],[-117.1244,34.3945],[-117.1245,34.3948],[-117.1246,34.3949],[-117.1248,34.3951],[-117.1249,34.3952],[-117.1251,34.3954],[-117.1253,34.3956],[-117.1255,34.3957]]}},{"type":"Feature","properties":{"id":"2N67","name":"CREST PARK PICNIC AREA        ","kind":"road","access":"plate","seasonal":false},"geometry":{"type":"LineString","coordinates":[[-117.1977,34.2327],[-117.1976,34.2327],[-117.1975,34.2327],[-117.1975,34.2326],[-117.1975,34.2325],[-117.1976,34.2324],[-117.1977,34.2323],[-117.1977,34.2322],[-117.1977,34.2321],[-117.1978,34.232],[-117.1979,34.232],[-117.198,34.232],[-117.198,34.2321],[-117.1981,34.2321],[-117.1981,34.2322],[-117.198,34.2322],[-117.198,34.2323],[-117.1979,34.2323],[-117.1978,34.2323],[-117.1977,34.2323]]}},{"type":"Feature","properties":{"id":"4N16","name":"GRAPEVINE CANYON","kind":"road","access":"green","seasonal":false},"geometry":{"type":"LineString","coordinates":[[-117.0641,34.3432],[-117.064,34.3432],[-117.0639,34.3433],[-117.0638,34.3433],[-117.0637,34.3434],[-117.0636,34.3435],[-117.0635,34.3435],[-117.0635,34.3436],[-117.0635,34.3437],[-117.0634,34.3437],[-117.0634,34.3438],[-117.0633,34.3438],[-117.0632,34.3439],[-117.0629,34.3441],[-117.0628,34.3442],[-117.0627,34.3443],[-117.0626,34.3444],[-117.0626,34.3445],[-117.0626,34.3447],[-117.0625,34.3448],[-117.0625,34.345],[-117.0626,34.3451],[-117.0626,34.3452],[-117.0626,34.3454],[-117.0627,34.3456],[-117.0627,34.3457],[-117.0626,34.3459],[-117.0626,34.346],[-117.0625,34.3461],[-117.0624,34.3464],[-117.0623,34.3464],[-117.0623,34.3465],[-117.0622,34.3467],[-117.0621,34.3468],[-117.062,34.3469],[-117.0619,34.3471],[-117.0618,34.3471],[-117.0618,34.3472],[-117.0617,34.3473],[-117.0616,34.3474],[-117.0615,34.3475],[-117.0614,34.3476],[-117.0614,34.3477],[-117.0613,34.3478],[-117.0612,34.3479],[-117.0611,34.348],[-117.061,34.3481],[-117.061,34.3482],[-117.0609,34.3482],[-117.0608,34.3483],[-117.0607,34.3484],[-117.0606,34.3484],[-117.0605,34.3485],[-117.0604,34.3485],[-117.0603,34.3486],[-117.0602,34.3486],[-117.0601,34.3487],[-117.06,34.3487],[-117.0599,34.3488],[-117.0599,34.3489],[-117.0598,34.3489],[-117.0598,34.349],[-117.0598,34.3491],[-117.0598,34.3492],[-117.0598,34.3493],[-117.0597,34.3494],[-117.0597,34.3495],[-117.0598,34.3495],[-117.0598,34.3496],[-117.0598,34.3497],[-117.0598,34.3498],[-117.0598,34.3501],[-117.0598,34.3502],[-117.0598,34.3504],[-117.0598,34.3506],[-117.0599,34.3507],[-117.0598,34.3507],[-117.0598,34.3508],[-117.0597,34.3509],[-117.0596,34.3509],[-117.0596,34.351],[-117.0595,34.351],[-117.0594,34.3511],[-117.0593,34.3512],[-117.0592,34.3512],[-117.0591,34.3513],[-117.059,34.3513],[-117.059,34.3514],[-117.0589,34.3515],[-117.0589,34.3516],[-117.0588,34.3517],[-117.0588,34.3518],[-117.0588,34.3519],[-117.0588,34.352],[-117.0587,34.3521],[-117.0586,34.3522],[-117.0585,34.3523],[-117.0584,34.3524],[-117.0583,34.3524],[-117.0583,34.3525],[-117.0582,34.3526],[-117.0582,34.3527],[-117.0581,34.3528],[-117.0581,34.3529],[-117.058,34.353],[-117.0579,34.3531],[-117.0578,34.3532],[-117.0578,34.3533],[-117.0577,34.3534],[-117.0577,34.3535],[-117.0576,34.3535],[-117.0576,34.3536],[-117.0575,34.3536],[-117.0575,34.3537],[-117.0575,34.3538],[-117.0574,34.3539],[-117.0574,34.3541],[-117.0574,34.3542],[-117.0573,34.3543],[-117.0573,34.3544],[-117.0572,34.3546],[-117.0572,34.3547],[-117.0572,34.3548],[-117.0572,34.3549],[-117.0572,34.3551],[-117.0572,34.3552],[-117.0572,34.3555],[-117.0571,34.3558],[-117.0571,34.3559],[-117.0571,34.3561],[-117.0571,34.3562],[-117.0571,34.3563],[-117.0571,34.3564],[-117.057,34.3564],[-117.057,34.3565],[-117.0569,34.3567],[-117.0569,34.3569],[-117.0569,34.357],[-117.0569,34.3571],[-117.0569,34.3572],[-117.0569,34.3573],[-117.0569,34.3575],[-117.0569,34.3577],[-117.0569,34.3578],[-117.0569,34.3579],[-117.0569,34.358],[-117.0569,34.3581],[-117.0569,34.3582],[-117.0569,34.3583],[-117.0569,34.3585],[-117.0569,34.3587],[-117.057,34.3589],[-117.057,34.3591],[-117.0571,34.3592],[-117.0571,34.3593],[-117.0571,34.3594],[-117.0571,34.3595],[-117.0572,34.3596],[-117.0573,34.3598],[-117.0574,34.36],[-117.0574,34.3601],[-117.0575,34.3603],[-117.0575,34.3604],[-117.0576,34.3605],[-117.0576,34.3606],[-117.0576,34.3607],[-117.0577,34.3608],[-117.0578,34.3609],[-117.0579,34.3611],[-117.0579,34.3612],[-117.0579,34.3613],[-117.058,34.3614],[-117.058,34.3615],[-117.0581,34.3616],[-117.0581,34.3617],[-117.0582,34.3618],[-117.0583,34.3619],[-117.0584,34.362],[-117.0584,34.3621],[-117.0584,34.3622],[-117.0584,34.3623],[-117.0584,34.3624],[-117.0584,34.3625],[-117.0585,34.3626],[-117.0585,34.3627],[-117.0586,34.3627],[-117.0586,34.3628],[-117.0588,34.363],[-117.059,34.3632],[-117.0591,34.3633],[-117.0592,34.3634],[-117.0592,34.3635],[-117.0592,34.3636],[-117.0592,34.3637],[-117.0592,34.3638],[-117.0592,34.3639],[-117.0592,34.364],[-117.0592,34.3641],[-117.0592,34.3642],[-117.0592,34.3643],[-117.0593,34.3644],[-117.0593,34.3646],[-117.0594,34.3647],[-117.0594,34.3648],[-117.0594,34.3649],[-117.0594,34.365],[-117.0595,34.365],[-117.0595,34.3651],[-117.0595,34.3652],[-117.0596,34.3653],[-117.0598,34.3654],[-117.0598,34.3655],[-117.0599,34.3656],[-117.06,34.3657],[-117.06,34.3659],[-117.0601,34.3659],[-117.0601,34.366],[-117.0601,34.3661],[-117.0601,34.3663],[-117.0601,34.3664],[-117.0601,34.3666],[-117.0601,34.3667],[-117.0601,34.3668],[-117.0601,34.3669],[-117.0601,34.367],[-117.0602,34.367],[-117.0602,34.3671],[-117.0603,34.3672],[-117.0603,34.3673],[-117.0603,34.3674]]}},{"type":"Feature","properties":{"id":"2N25","name":"ROUSE RANCH","kind":"road","access":"plate","seasonal":false},"geometry":{"type":"LineString","coordinates":[[-117.1529,34.2764],[-117.153,34.2765],[-117.1532,34.2766],[-117.1533,34.2766],[-117.1534,34.2766],[-117.1535,34.2766],[-117.1536,34.2765],[-117.1538,34.2763],[-117.1539,34.2762],[-117.154,34.2762],[-117.1541,34.2762],[-117.1542,34.2761],[-117.1543,34.276],[-117.1543,34.2758],[-117.1542,34.2757],[-117.1543,34.2756],[-117.1543,34.2755],[-117.1544,34.2754],[-117.1545,34.2754],[-117.1545,34.2753],[-117.1545,34.2752],[-117.1544,34.2752],[-117.1542,34.2752],[-117.1542,34.2751],[-117.1541,34.2751],[-117.1541,34.2749],[-117.154,34.2747],[-117.1539,34.2746],[-117.1539,34.2745],[-117.1539,34.2744],[-117.154,34.2743],[-117.1541,34.2742],[-117.1542,34.2742],[-117.1543,34.2742],[-117.1545,34.2742],[-117.1547,34.2742],[-117.1548,34.2742],[-117.1549,34.2742],[-117.155,34.2742],[-117.155,34.2741],[-117.1551,34.2741],[-117.1552,34.2741],[-117.1553,34.2741],[-117.1554,34.2742],[-117.1555,34.2742],[-117.1556,34.2742],[-117.1556,34.2741],[-117.1557,34.2741],[-117.1558,34.274],[-117.1559,34.2739],[-117.156,34.2739],[-117.1561,34.2739],[-117.1562,34.2739],[-117.1562,34.274],[-117.1563,34.274],[-117.1564,34.2741],[-117.1565,34.2741],[-117.1565,34.2742],[-117.1566,34.2742],[-117.1567,34.2742],[-117.1567,34.2741],[-117.1568,34.2741],[-117.1569,34.2741],[-117.157,34.2742],[-117.1571,34.2743],[-117.1572,34.2744],[-117.1573,34.2743],[-117.1573,34.2742],[-117.1573,34.2741],[-117.1573,34.274],[-117.1573,34.2739],[-117.1572,34.2738],[-117.1571,34.2737],[-117.157,34.2737],[-117.1569,34.2736],[-117.1568,34.2735],[-117.1568,34.2734],[-117.1568,34.2733],[-117.1568,34.2732],[-117.1569,34.2731],[-117.1569,34.273],[-117.1568,34.2729],[-117.1567,34.2728],[-117.1567,34.2727],[-117.1566,34.2727],[-117.1566,34.2726],[-117.1566,34.2725],[-117.1567,34.2724],[-117.1568,34.2723],[-117.1568,34.2722],[-117.1569,34.2722],[-117.1569,34.2721],[-117.1569,34.272],[-117.157,34.272],[-117.157,34.2719],[-117.1571,34.2719],[-117.1571,34.2718],[-117.1572,34.2718],[-117.1573,34.2718],[-117.1573,34.2717],[-117.1572,34.2716],[-117.1571,34.2714],[-117.1569,34.2713],[-117.1568,34.2712],[-117.1568,34.2711],[-117.1568,34.271],[-117.1568,34.2709],[-117.1569,34.2708],[-117.1569,34.2707],[-117.157,34.2706],[-117.1571,34.2706],[-117.1572,34.2705],[-117.1574,34.2705],[-117.1575,34.2705],[-117.1578,34.2705],[-117.1579,34.2705],[-117.158,34.2706],[-117.1581,34.2706],[-117.1582,34.2707],[-117.1584,34.2708],[-117.1585,34.2708],[-117.1586,34.2708],[-117.1587,34.2709],[-117.1588,34.2709],[-117.1589,34.2709],[-117.159,34.2709],[-117.159,34.2708],[-117.159,34.2706],[-117.159,34.2705],[-117.159,34.2704],[-117.159,34.2703],[-117.1591,34.2703],[-117.1592,34.2702],[-117.1593,34.2702],[-117.1594,34.2701],[-117.1595,34.2701],[-117.1596,34.2701],[-117.1598,34.2701],[-117.1599,34.2702],[-117.1601,34.2702],[-117.1602,34.2702],[-117.1603,34.2703],[-117.1604,34.2704],[-117.1605,34.2704],[-117.1605,34.2703],[-117.1606,34.2703],[-117.1605,34.2702],[-117.1603,34.27],[-117.1602,34.2699],[-117.1601,34.2698],[-117.1601,34.2697],[-117.1601,34.2696],[-117.1602,34.2695],[-117.1603,34.2695],[-117.1603,34.2694],[-117.1604,34.2693],[-117.1604,34.2692],[-117.1605,34.2692],[-117.1605,34.2691],[-117.1605,34.269],[-117.1606,34.2689],[-117.1607,34.2688],[-117.1608,34.2688],[-117.1609,34.2687],[-117.1611,34.2687],[-117.1612,34.2687],[-117.1613,34.2687],[-117.1614,34.2686],[-117.1615,34.2686],[-117.1616,34.2686],[-117.1617,34.2685],[-117.1618,34.2685],[-117.1619,34.2684],[-117.162,34.2684],[-117.1621,34.2683],[-117.1621,34.2682],[-117.1621,34.2681],[-117.162,34.2679],[-117.1619,34.2678],[-117.1618,34.2677],[-117.1617,34.2677],[-117.1617,34.2676],[-117.1617,34.2675],[-117.1616,34.2673],[-117.1617,34.2673],[-117.1617,34.2672],[-117.1618,34.2671],[-117.162,34.2669],[-117.1622,34.2667],[-117.1622,34.2666],[-117.1622,34.2665],[-117.1621,34.2664],[-117.162,34.2661],[-117.1619,34.2659],[-117.1617,34.2654],[-117.1616,34.2653]]}},{"type":"Feature","properties":{"id":"2N25","name":"ROUSE RANCH","kind":"road","access":"green","seasonal":false},"geometry":{"type":"LineString","coordinates":[[-117.1385,34.2787],[-117.1386,34.2786],[-117.1388,34.2786],[-117.1389,34.2786],[-117.139,34.2787],[-117.1392,34.2788],[-117.1393,34.2788],[-117.1394,34.2787],[-117.1396,34.2787],[-117.1396,34.2786],[-117.1397,34.2787],[-117.1398,34.2787],[-117.14,34.2787],[-117.1401,34.2787],[-117.1402,34.2787],[-117.1403,34.2786],[-117.1404,34.2786],[-117.1405,34.2786],[-117.1406,34.2786],[-117.1408,34.2785],[-117.1409,34.2784],[-117.1409,34.2783],[-117.141,34.2782],[-117.141,34.2781],[-117.1409,34.278],[-117.1409,34.2779],[-117.1408,34.2779],[-117.1409,34.2778],[-117.141,34.2778],[-117.1411,34.2778],[-117.1412,34.2777],[-117.1413,34.2776],[-117.1413,34.2775],[-117.1413,34.2774],[-117.1415,34.2774],[-117.1416,34.2773],[-117.1417,34.2773],[-117.1418,34.2772],[-117.142,34.277],[-117.1421,34.2768],[-117.1422,34.2767],[-117.1423,34.2766],[-117.1423,34.2765],[-117.1424,34.2764],[-117.1425,34.2764],[-117.1427,34.2764],[-117.1428,34.2763],[-117.143,34.2763],[-117.1432,34.2762],[-117.1434,34.2762],[-117.1435,34.2762],[-117.1436,34.2761],[-117.1438,34.276],[-117.1439,34.2759],[-117.144,34.2758],[-117.144,34.2757],[-117.1441,34.2757],[-117.1442,34.2757],[-117.1442,34.2758],[-117.1443,34.2759],[-117.1444,34.2759],[-117.1445,34.276],[-117.1446,34.276],[-117.1448,34.2759],[-117.1449,34.2759],[-117.1451,34.2758],[-117.1453,34.2758],[-117.1455,34.2758],[-117.1456,34.2758],[-117.1456,34.2759],[-117.1455,34.276],[-117.1455,34.2761],[-117.1455,34.2762],[-117.1456,34.2762],[-117.1456,34.2763],[-117.1457,34.2764],[-117.1457,34.2765],[-117.1457,34.2766],[-117.1457,34.2767],[-117.1457,34.2768],[-117.1458,34.2768],[-117.1459,34.2769],[-117.146,34.2769],[-117.1461,34.277],[-117.1461,34.2771],[-117.1461,34.2772],[-117.1462,34.2773],[-117.1463,34.2773],[-117.1464,34.2773],[-117.1465,34.2774],[-117.1467,34.2774],[-117.1469,34.2774],[-117.147,34.2775],[-117.1471,34.2775],[-117.1473,34.2775],[-117.1475,34.2774],[-117.1476,34.2774],[-117.1477,34.2773],[-117.1478,34.2772],[-117.1479,34.2771],[-117.148,34.2771],[-117.1482,34.2771],[-117.1483,34.2771],[-117.1484,34.2772],[-117.1486,34.2772],[-117.1489,34.2771],[-117.1492,34.277],[-117.1493,34.2769],[-117.1495,34.2769],[-117.1496,34.2769],[-117.1498,34.277],[-117.1499,34.2771],[-117.15,34.2772],[-117.1501,34.2772],[-117.1502,34.2772],[-117.1504,34.2772],[-117.1505,34.2771],[-117.1506,34.2771],[-117.1507,34.2771],[-117.1508,34.2771],[-117.151,34.2771],[-117.1511,34.2771],[-117.1512,34.2771],[-117.1513,34.2771],[-117.1514,34.277],[-117.1514,34.2769],[-117.1515,34.2768],[-117.1515,34.2767],[-117.1515,34.2765],[-117.1516,34.2764],[-117.1517,34.2763],[-117.1519,34.2761],[-117.152,34.2761],[-117.1522,34.2761],[-117.1524,34.2761],[-117.1525,34.2761],[-117.1528,34.2763],[-117.1529,34.2764]]}},{"type":"Feature","properties":{"id":"2N31Y","name":"CRAB FLAT LOOP (OHV)","kind":"road","access":"green","seasonal":false},"geometry":{"type":"LineString","coordinates":[[-117.0903,34.2646],[-117.0903,34.2648],[-117.0904,34.2649],[-117.0904,34.265],[-117.0904,34.2651],[-117.0905,34.2652],[-117.0907,34.2653],[-117.0908,34.2654],[-117.0909,34.2655],[-117.0909,34.2656],[-117.0909,34.2657],[-117.091,34.2658],[-117.0911,34.2659],[-117.0913,34.2659],[-117.0913,34.266],[-117.0914,34.266],[-117.0915,34.266],[-117.0916,34.266],[-117.0916,34.2661],[-117.0917,34.2661],[-117.0918,34.266],[-117.0919,34.266],[-117.092,34.266],[-117.0921,34.2661],[-117.0922,34.2661],[-117.0922,34.2662],[-117.0923,34.2663],[-117.0924,34.2664],[-117.0924,34.2665],[-117.0924,34.2666],[-117.0923,34.2667],[-117.0924,34.2668],[-117.0925,34.2669],[-117.0925,34.267],[-117.0926,34.2671],[-117.0928,34.2671],[-117.0929,34.2671],[-117.093,34.2671],[-117.0931,34.2671],[-117.0932,34.2671],[-117.0933,34.2671],[-117.0935,34.267],[-117.0937,34.267],[-117.0938,34.267],[-117.0939,34.267],[-117.094,34.267],[-117.094,34.2669],[-117.0941,34.2668],[-117.0942,34.2666],[-117.0943,34.2666],[-117.0944,34.2665],[-117.0945,34.2665],[-117.0946,34.2666],[-117.0947,34.2666],[-117.0948,34.2665],[-117.0949,34.2665],[-117.0949,34.2664],[-117.095,34.2663],[-117.095,34.2662],[-117.0952,34.2661],[-117.0953,34.266],[-117.0955,34.266],[-117.0956,34.2659],[-117.0957,34.2658],[-117.0958,34.2657],[-117.0959,34.2657],[-117.0959,34.2656],[-117.0959,34.2654],[-117.0959,34.2653],[-117.0959,34.2652],[-117.0959,34.2651],[-117.0959,34.2649],[-117.0959,34.2647],[-117.0959,34.2645],[-117.0958,34.2644],[-117.0957,34.2643],[-117.0956,34.2642],[-117.0953,34.2642],[-117.095,34.2641],[-117.0949,34.264],[-117.0948,34.264],[-117.0947,34.2639],[-117.0946,34.2639],[-117.0945,34.2637]]}},{"type":"Feature","properties":{"id":"2N47","name":"CLEGHORN RIDGE (OHV)","kind":"road","access":"green","seasonal":false},"geometry":{"type":"LineString","coordinates":[[-117.3369,34.3005],[-117.3372,34.3005],[-117.3373,34.3004],[-117.3375,34.3004],[-117.3377,34.3004],[-117.3378,34.3004],[-117.338,34.3004],[-117.3382,34.3004],[-117.3383,34.3005],[-117.3384,34.3005],[-117.3385,34.3007],[-117.3385,34.3008],[-117.3385,34.3009],[-117.3385,34.3012],[-117.3385,34.3014],[-117.3385,34.3015],[-117.3385,34.3016],[-117.3386,34.3017],[-117.3387,34.3018],[-117.3388,34.3019],[-117.3389,34.3019],[-117.339,34.302],[-117.3392,34.3021],[-117.3393,34.3021],[-117.3394,34.3021],[-117.3396,34.3021],[-117.3396,34.3022],[-117.3397,34.3022],[-117.3398,34.3022],[-117.34,34.3023],[-117.3401,34.3023],[-117.3402,34.3023],[-117.3403,34.3024],[-117.3404,34.3024],[-117.3405,34.3024],[-117.3406,34.3025],[-117.3406,34.3026],[-117.3406,34.3027],[-117.3405,34.3028],[-117.3404,34.3029],[-117.3403,34.3029],[-117.3403,34.303],[-117.3402,34.303],[-117.3402,34.3031],[-117.3403,34.3032],[-117.3404,34.3033],[-117.3405,34.3034],[-117.3406,34.3034],[-117.3407,34.3034],[-117.3408,34.3034],[-117.3409,34.3034],[-117.3409,34.3033],[-117.341,34.3032],[-117.3411,34.3032],[-117.3412,34.3032],[-117.3413,34.3033],[-117.3414,34.3034],[-117.3414,34.3035],[-117.3415,34.3036],[-117.3416,34.3038],[-117.3417,34.3039],[-117.3418,34.304],[-117.3419,34.304],[-117.3421,34.3041],[-117.3422,34.3041],[-117.3424,34.3041],[-117.3426,34.3042],[-117.3428,34.3042],[-117.3429,34.3042],[-117.343,34.3042],[-117.3431,34.3042],[-117.3432,34.3042],[-117.3434,34.3041],[-117.3435,34.3041],[-117.3436,34.304],[-117.3436,34.3039],[-117.3437,34.3039],[-117.3437,34.3038],[-117.3436,34.3037],[-117.3436,34.3036],[-117.3435,34.3035],[-117.3434,34.3034],[-117.3433,34.3034],[-117.3432,34.3033],[-117.3431,34.3031],[-117.3431,34.303],[-117.343,34.3029],[-117.3429,34.3028],[-117.3429,34.3027],[-117.3428,34.3026],[-117.3428,34.3025],[-117.3426,34.3025],[-117.3425,34.3024],[-117.3423,34.3023],[-117.3421,34.3022],[-117.342,34.3021],[-117.3418,34.302],[-117.3417,34.3019],[-117.3416,34.3018],[-117.3415,34.3017],[-117.3415,34.3016],[-117.3414,34.3015],[-117.3414,34.3014],[-117.3413,34.3014],[-117.3412,34.3013],[-117.3411,34.3013],[-117.341,34.3012],[-117.341,34.3011],[-117.341,34.301],[-117.3411,34.301],[-117.3412,34.3009],[-117.3413,34.3009],[-117.3414,34.3009],[-117.3414,34.301],[-117.3415,34.301],[-117.3415,34.3011],[-117.3415,34.3012],[-117.3415,34.3013],[-117.3416,34.3014],[-117.3417,34.3015],[-117.3418,34.3016],[-117.3419,34.3017],[-117.342,34.3017],[-117.342,34.3018],[-117.3421,34.3018],[-117.3422,34.3018],[-117.3423,34.3018],[-117.3424,34.3018],[-117.3426,34.3017],[-117.3427,34.3017],[-117.3428,34.3016],[-117.3429,34.3016],[-117.3429,34.3015],[-117.343,34.3014],[-117.3431,34.3013],[-117.3431,34.3012],[-117.3432,34.3011],[-117.3432,34.301],[-117.3433,34.301],[-117.3435,34.301],[-117.3436,34.301],[-117.3437,34.301],[-117.3439,34.301],[-117.344,34.3009],[-117.3442,34.3009],[-117.3443,34.3008],[-117.3444,34.3008],[-117.3445,34.3008],[-117.3445,34.3009],[-117.3446,34.3009],[-117.3446,34.301],[-117.3447,34.3011],[-117.3448,34.3011],[-117.3448,34.3012],[-117.3449,34.3012],[-117.345,34.3012],[-117.3451,34.3012],[-117.3452,34.3012],[-117.3454,34.3011],[-117.3456,34.3011],[-117.3458,34.301],[-117.3459,34.3009],[-117.346,34.3008],[-117.346,34.3007],[-117.3461,34.3006],[-117.3462,34.3005],[-117.3462,34.3004],[-117.3462,34.3003],[-117.3462,34.3002],[-117.3461,34.3001],[-117.3461,34.2999],[-117.3461,34.2998],[-117.346,34.2996],[-117.346,34.2995],[-117.346,34.2994],[-117.346,34.2993],[-117.3461,34.2993],[-117.3461,34.2992],[-117.3461,34.2991],[-117.3462,34.299],[-117.3462,34.2989],[-117.3462,34.2987],[-117.3462,34.2986],[-117.3461,34.2985],[-117.3462,34.2984],[-117.3463,34.2983],[-117.3464,34.2983],[-117.3465,34.2982],[-117.3466,34.2982],[-117.3467,34.2982],[-117.3468,34.2983],[-117.3469,34.2984],[-117.347,34.2986],[-117.3472,34.2987],[-117.3472,34.2988],[-117.3473,34.2988],[-117.3473,34.2989],[-117.3474,34.299],[-117.3475,34.2991],[-117.3476,34.2991],[-117.3477,34.2991],[-117.3479,34.2991],[-117.348,34.299],[-117.3482,34.299],[-117.3483,34.299],[-117.3485,34.2989],[-117.3486,34.2988],[-117.3487,34.2989],[-117.3488,34.2989],[-117.3489,34.2989],[-117.349,34.299],[-117.3491,34.2991],[-117.3492,34.2991],[-117.3493,34.2991],[-117.3494,34.2991],[-117.3495,34.2991],[-117.3496,34.299],[-117.3497,34.299],[-117.3498,34.299],[-117.3499,34.299],[-117.35,34.2991],[-117.3501,34.2991],[-117.3502,34.2992],[-117.3503,34.2991],[-117.3504,34.2991],[-117.3504,34.299],[-117.3505,34.2989],[-117.3506,34.2989],[-117.3507,34.2989],[-117.3508,34.2989],[-117.3509,34.299],[-117.351,34.2991],[-117.351,34.2992],[-117.3511,34.2992],[-117.3512,34.2993],[-117.3513,34.2994],[-117.3513,34.2995],[-117.3514,34.2996],[-117.3515,34.2996],[-117.3516,34.2996],[-117.3517,34.2996],[-117.3519,34.2996],[-117.3521,34.2995],[-117.3522,34.2995],[-117.3523,34.2994],[-117.3523,34.2993],[-117.3524,34.2993],[-117.3524,34.2992],[-117.3523,34.2991],[-117.3522,34.2991],[-117.3521,34.299],[-117.3519,34.299],[-117.3518,34.299],[-117.3516,34.2989],[-117.3515,34.2989],[-117.3514,34.2988],[-117.3513,34.2987],[-117.3512,34.2987],[-117.3511,34.2986],[-117.351,34.2985],[-117.3509,34.2984],[-117.3508,34.2984],[-117.3507,34.2983],[-117.3506,34.2983],[-117.3505,34.2983],[-117.3504,34.2983],[-117.3503,34.2982],[-117.3502,34.2981],[-117.3502,34.298],[-117.3502,34.2979],[-117.3502,34.2978],[-117.3502,34.2977],[-117.3503,34.2976],[-117.3505,34.2976],[-117.3506,34.2975],[-117.3508,34.2974],[-117.3509,34.2974],[-117.3509,34.2973],[-117.351,34.2972],[-117.3511,34.2971],[-117.3512,34.2969],[-117.3514,34.2968],[-117.3514,34.2967],[-117.3515,34.2967],[-117.3516,34.2967],[-117.3517,34.2967],[-117.3518,34.2967],[-117.3519,34.2967],[-117.352,34.2967],[-117.352,34.2966],[-117.3521,34.2965],[-117.3521,34.2964],[-117.3522,34.2964],[-117.3523,34.2963],[-117.3524,34.2963],[-117.3525,34.2963],[-117.3526,34.2964],[-117.3527,34.2965],[-117.3529,34.2966],[-117.3531,34.2968],[-117.3534,34.297],[-117.3535,34.2971],[-117.3536,34.2971],[-117.3537,34.2971],[-117.3539,34.2971],[-117.354,34.297],[-117.3541,34.297],[-117.3542,34.2969],[-117.3543,34.2969],[-117.3544,34.2969],[-117.3545,34.2969],[-117.3547,34.2969],[-117.3548,34.2969],[-117.3549,34.2969],[-117.355,34.2969],[-117.3551,34.297],[-117.3552,34.297],[-117.3553,34.297],[-117.3554,34.2971],[-117.3556,34.2971],[-117.3556,34.2972],[-117.3557,34.2972],[-117.3557,34.2973],[-117.3558,34.2974],[-117.3559,34.2974],[-117.356,34.2975],[-117.3561,34.2975],[-117.3562,34.2975],[-117.3563,34.2976],[-117.3564,34.2976],[-117.3565,34.2977],[-117.3566,34.2977],[-117.3567,34.2977],[-117.3568,34.2977],[-117.3569,34.2976],[-117.357,34.2976],[-117.3572,34.2975],[-117.3574,34.2975],[-117.3575,34.2975],[-117.3576,34.2975],[-117.3577,34.2976],[-117.3578,34.2977],[-117.3579,34.2978],[-117.358,34.2978],[-117.3581,34.2979],[-117.3582,34.2979],[-117.3584,34.2979],[-117.3585,34.2978],[-117.3587,34.2977],[-117.3588,34.2977],[-117.3589,34.2976],[-117.3591,34.2976],[-117.3592,34.2977],[-117.3595,34.2977],[-117.3596,34.2977],[-117.3597,34.2978],[-117.3599,34.2978],[-117.36,34.2978],[-117.3602,34.2979],[-117.3603,34.2979],[-117.3604,34.2978],[-117.3606,34.2977],[-117.3607,34.2977],[-117.3608,34.2976],[-117.361,34.2975],[-117.3611,34.2974],[-117.3612,34.2973],[-117.3614,34.2973],[-117.3615,34.2972],[-117.3616,34.2972],[-117.3616,34.2973],[-117.3617,34.2973],[-117.3618,34.2973],[-117.3619,34.2973],[-117.362,34.2973],[-117.3621,34.2972],[-117.3622,34.2971],[-117.3624,34.2971],[-117.3626,34.2971],[-117.3628,34.2971],[-117.3629,34.2971],[-117.3629,34.297],[-117.363,34.297],[-117.3631,34.297],[-117.3631,34.2969],[-117.3632,34.2969],[-117.3633,34.2969],[-117.3634,34.2969],[-117.3636,34.2969],[-117.3637,34.2969],[-117.3639,34.2969],[-117.364,34.2969],[-117.3642,34.2969],[-117.3644,34.297],[-117.3646,34.297],[-117.3649,34.2971],[-117.3651,34.2972],[-117.3653,34.2974],[-117.3655,34.2975],[-117.3656,34.2976],[-117.3657,34.2976],[-117.3658,34.2977],[-117.3659,34.2978],[-117.366,34.2978],[-117.3661,34.2978],[-117.3661,34.2977],[-117.3663,34.2976],[-117.3664,34.2974],[-117.3665,34.2973],[-117.3666,34.2973],[-117.3667,34.2973],[-117.3668,34.2974],[-117.367,34.2975],[-117.3671,34.2976],[-117.3672,34.2976],[-117.3673,34.2977],[-117.3674,34.2977],[-117.3675,34.2977],[-117.3676,34.2977],[-117.3676,34.2976],[-117.3677,34.2976],[-117.3677,34.2975],[-117.3678,34.2974],[-117.3678,34.2973],[-117.3679,34.2973],[-117.368,34.2973],[-117.3681,34.2973],[-117.3682,34.2974],[-117.3683,34.2974],[-117.3684,34.2975],[-117.3685,34.2975],[-117.3687,34.2975],[-117.3688,34.2975],[-117.3689,34.2975],[-117.369,34.2975],[-117.3691,34.2974],[-117.3692,34.2973],[-117.3693,34.2973],[-117.3694,34.2973],[-117.3695,34.2973],[-117.3696,34.2973],[-117.3697,34.2974],[-117.3698,34.2974],[-117.3699,34.2974],[-117.37,34.2973],[-117.3702,34.2973],[-117.3704,34.2972],[-117.3705,34.2971],[-117.3706,34.297],[-117.3707,34.2969],[-117.3708,34.2968],[-117.3709,34.2967],[-117.371,34.2966],[-117.3711,34.2966],[-117.3712,34.2965],[-117.3713,34.2965],[-117.3715,34.2965],[-117.3716,34.2965],[-117.3717,34.2965],[-117.3718,34.2966],[-117.372,34.2967],[-117.3722,34.2967],[-117.3723,34.2968],[-117.3724,34.2969],[-117.3725,34.297],[-117.3726,34.297],[-117.3726,34.2971],[-117.3727,34.2972],[-117.3728,34.2972],[-117.3729,34.2972],[-117.373,34.2972],[-117.3732,34.2971],[-117.3733,34.2971],[-117.3734,34.297],[-117.3736,34.297],[-117.3737,34.2969],[-117.3738,34.2969],[-117.3739,34.2969],[-117.374,34.2969],[-117.3741,34.297],[-117.3743,34.297],[-117.3744,34.2971],[-117.3745,34.2971],[-117.3746,34.2971],[-117.3747,34.2971],[-117.3748,34.297],[-117.3749,34.297],[-117.375,34.297],[-117.3751,34.297],[-117.3751,34.2969],[-117.3752,34.2969],[-117.3753,34.2968],[-117.3754,34.2968],[-117.3755,34.2968],[-117.3755,34.2967],[-117.3756,34.2966],[-117.3756,34.2965],[-117.3756,34.2964],[-117.3756,34.2963],[-117.3757,34.2962],[-117.3759,34.2961],[-117.3763,34.2961],[-117.3766,34.2961],[-117.3771,34.2961],[-117.3773,34.2961],[-117.3775,34.2961],[-117.3776,34.296],[-117.3776,34.2959],[-117.3776,34.2958],[-117.3776,34.2957],[-117.3777,34.2957],[-117.3778,34.2957],[-117.3778,34.2956],[-117.3779,34.2956],[-117.378,34.2954],[-117.3781,34.2953],[-117.378,34.2951],[-117.378,34.295],[-117.378,34.2949],[-117.3781,34.2948],[-117.3782,34.2947],[-117.3783,34.2946],[-117.3782,34.2945],[-117.3781,34.2944],[-117.3781,34.2943],[-117.378,34.2942],[-117.378,34.2941],[-117.3779,34.294],[-117.3779,34.2939],[-117.3778,34.2939],[-117.3777,34.2938],[-117.3776,34.2938],[-117.3776,34.2937],[-117.3775,34.2936],[-117.3775,34.2935],[-117.3775,34.2934],[-117.3775,34.2933],[-117.3775,34.2932],[-117.3774,34.2932],[-117.3774,34.2931],[-117.3774,34.293],[-117.3773,34.293],[-117.3773,34.2929],[-117.3772,34.2929],[-117.3772,34.2928],[-117.3771,34.2928],[-117.3771,34.2927],[-117.3771,34.2926],[-117.3772,34.2925],[-117.3772,34.2924],[-117.3773,34.2924],[-117.3774,34.2924],[-117.3775,34.2923],[-117.3776,34.2923],[-117.3777,34.2922],[-117.3779,34.2921],[-117.3779,34.292],[-117.3779,34.2919],[-117.3779,34.2918],[-117.378,34.2918],[-117.3781,34.2917],[-117.3782,34.2916],[-117.3783,34.2917],[-117.3784,34.2917],[-117.3785,34.2917],[-117.3786,34.2917],[-117.3787,34.2917],[-117.3788,34.2917],[-117.3789,34.2917],[-117.379,34.2917],[-117.3792,34.2917],[-117.3793,34.2917],[-117.3795,34.2918],[-117.3796,34.2918],[-117.3797,34.2918],[-117.3798,34.2919],[-117.3799,34.292],[-117.38,34.292],[-117.3801,34.292],[-117.3802,34.292],[-117.3804,34.292],[-117.3805,34.292],[-117.3806,34.292],[-117.3807,34.2921],[-117.3809,34.2921],[-117.381,34.2921],[-117.3811,34.2922],[-117.3812,34.2922],[-117.3812,34.2923],[-117.3812,34.2924],[-117.3812,34.2925],[-117.3811,34.2926],[-117.3812,34.2926],[-117.3812,34.2927],[-117.3813,34.2927],[-117.3813,34.2928],[-117.3814,34.2928],[-117.3815,34.2928],[-117.3817,34.2928],[-117.3818,34.2928],[-117.382,34.2928],[-117.3821,34.2927],[-117.3823,34.2927],[-117.3824,34.2926],[-117.3825,34.2926],[-117.3825,34.2925],[-117.3825,34.2924],[-117.3825,34.2923],[-117.3824,34.2923],[-117.3823,34.2923],[-117.3822,34.2922],[-117.3821,34.2921],[-117.382,34.2921],[-117.382,34.292],[-117.3819,34.292],[-117.3819,34.2919],[-117.3819,34.2918],[-117.382,34.2918],[-117.382,34.2917],[-117.3821,34.2916],[-117.3822,34.2916],[-117.3823,34.2916],[-117.3823,34.2915],[-117.3823,34.2914],[-117.3823,34.2913],[-117.3822,34.2912],[-117.3821,34.2912],[-117.3821,34.2911],[-117.382,34.2911],[-117.382,34.291],[-117.382,34.2909],[-117.3821,34.2909],[-117.3822,34.2909],[-117.3823,34.2909],[-117.3824,34.2909],[-117.3826,34.2909],[-117.3827,34.2909],[-117.3828,34.2909],[-117.3829,34.2909],[-117.383,34.2909],[-117.3831,34.2909],[-117.3832,34.2909],[-117.3833,34.2908],[-117.3834,34.2907],[-117.3835,34.2907],[-117.3836,34.2907],[-117.3837,34.2907],[-117.3838,34.2907],[-117.384,34.2907],[-117.3841,34.2907],[-117.3842,34.2906],[-117.3843,34.2906],[-117.3844,34.2906],[-117.3845,34.2905],[-117.3847,34.2905],[-117.3848,34.2905],[-117.3849,34.2904],[-117.385,34.2904],[-117.3851,34.2904],[-117.3851,34.2903],[-117.3852,34.2903],[-117.3853,34.2902],[-117.3854,34.2902],[-117.3855,34.2902],[-117.3856,34.2901],[-117.3857,34.2901],[-117.3858,34.2901],[-117.3859,34.2901],[-117.386,34.2901],[-117.3861,34.2901],[-117.3862,34.2902],[-117.3863,34.2903],[-117.3865,34.2903],[-117.3866,34.2903],[-117.3867,34.2903],[-117.3868,34.2903],[-117.3869,34.2903],[-117.387,34.2903],[-117.3871,34.2903],[-117.3872,34.2903],[-117.3872,34.2904],[-117.3873,34.2904],[-117.3873,34.2906],[-117.3873,34.2907],[-117.3873,34.2908],[-117.3873,34.291],[-117.3872,34.2911],[-117.3871,34.2913],[-117.3871,34.2915],[-117.3872,34.2916],[-117.3873,34.2916],[-117.3875,34.2916],[-117.3876,34.2917],[-117.3877,34.2917],[-117.3878,34.2917],[-117.3878,34.2918],[-117.3879,34.2918],[-117.388,34.2917],[-117.3881,34.2917],[-117.3881,34.2916],[-117.3883,34.2915],[-117.3883,34.2914],[-117.3884,34.2913],[-117.3885,34.2912],[-117.3885,34.291],[-117.3886,34.2909],[-117.3886,34.2908],[-117.3886,34.2907],[-117.3887,34.2906],[-117.3888,34.2906],[-117.3889,34.2905],[-117.389,34.2905],[-117.3891,34.2904],[-117.3892,34.2903],[-117.3893,34.2902],[-117.3894,34.2901],[-117.3895,34.2901],[-117.3896,34.29],[-117.3897,34.29],[-117.3897,34.2899],[-117.3898,34.2899],[-117.3898,34.2898],[-117.3899,34.2897],[-117.39,34.2897],[-117.3901,34.2896],[-117.3902,34.2896],[-117.3903,34.2896],[-117.3903,34.2895],[-117.3904,34.2895],[-117.3905,34.2895],[-117.3906,34.2895],[-117.3907,34.2895],[-117.3908,34.2895],[-117.3909,34.2896],[-117.3909,34.2897],[-117.3909,34.2898],[-117.3909,34.2899],[-117.391,34.2899],[-117.3911,34.29],[-117.3912,34.2901],[-117.3913,34.2902],[-117.3913,34.2903],[-117.3914,34.2904],[-117.3915,34.2905],[-117.3916,34.2905],[-117.3917,34.2906],[-117.3918,34.2906],[-117.3919,34.2907],[-117.3921,34.2907],[-117.3922,34.2907],[-117.3923,34.2907],[-117.3925,34.2907],[-117.3926,34.2907],[-117.3928,34.2906],[-117.3929,34.2906],[-117.393,34.2906],[-117.3931,34.2906],[-117.3932,34.2907],[-117.3933,34.2907],[-117.3934,34.2907],[-117.3935,34.2907],[-117.3936,34.2906],[-117.3937,34.2906],[-117.3938,34.2905],[-117.3938,34.2904],[-117.3938,34.2903],[-117.3937,34.2902],[-117.3937,34.2901],[-117.3936,34.29],[-117.3936,34.2899],[-117.3937,34.2899],[-117.3937,34.2898],[-117.3938,34.2898],[-117.3938,34.2897],[-117.3939,34.2897],[-117.394,34.2897],[-117.3941,34.2896],[-117.3942,34.2896],[-117.3944,34.2896],[-117.3945,34.2896],[-117.3946,34.2896],[-117.3947,34.2896],[-117.3948,34.2896],[-117.3948,34.2897],[-117.3949,34.2897],[-117.3949,34.2898],[-117.3949,34.29],[-117.3949,34.2902],[-117.3949,34.2903],[-117.3949,34.2905],[-117.395,34.2907],[-117.3951,34.2909],[-117.3951,34.2912],[-117.3952,34.2913],[-117.3953,34.2913],[-117.3955,34.2913],[-117.3956,34.2912],[-117.3958,34.2912],[-117.396,34.2913],[-117.3962,34.2913],[-117.3962,34.2912],[-117.3963,34.2912],[-117.3964,34.2911],[-117.3965,34.291],[-117.3967,34.2909],[-117.3968,34.2909],[-117.3969,34.291],[-117.3969,34.2912],[-117.3969,34.2913],[-117.397,34.2914],[-117.3971,34.2915],[-117.3973,34.2915],[-117.3975,34.2915],[-117.3976,34.2915],[-117.3978,34.2914],[-117.3979,34.2914],[-117.398,34.2913],[-117.398,34.2912],[-117.3981,34.2912],[-117.3982,34.2911],[-117.3983,34.291],[-117.3984,34.2909],[-117.3984,34.2908],[-117.3985,34.2908],[-117.3985,34.2906],[-117.3986,34.2906],[-117.3987,34.2906],[-117.3988,34.2906],[-117.3989,34.2906],[-117.399,34.2907],[-117.3991,34.2907],[-117.3993,34.2909],[-117.3994,34.2911],[-117.3996,34.2912],[-117.3997,34.2913],[-117.3998,34.2913],[-117.3999,34.2914],[-117.4,34.2914],[-117.4001,34.2914],[-117.4002,34.2914],[-117.4003,34.2914],[-117.4003,34.2915],[-117.4004,34.2915],[-117.4005,34.2916],[-117.4006,34.2916],[-117.4007,34.2916],[-117.4009,34.2916],[-117.401,34.2915],[-117.4011,34.2915],[-117.4011,34.2914],[-117.4012,34.2914],[-117.4014,34.2914],[-117.4015,34.2913],[-117.4016,34.2913],[-117.4017,34.2913],[-117.4019,34.2912],[-117.4021,34.2912],[-117.4022,34.2912],[-117.4023,34.2911],[-117.4025,34.2911],[-117.4027,34.291],[-117.4029,34.2909],[-117.4031,34.2909],[-117.4033,34.2908],[-117.4034,34.2908],[-117.4035,34.2908],[-117.4036,34.2908],[-117.4037,34.2908],[-117.4037,34.2909],[-117.4038,34.2909],[-117.4039,34.2909],[-117.404,34.2909],[-117.4041,34.2909],[-117.4042,34.2908],[-117.4043,34.2908],[-117.4044,34.2908],[-117.4045,34.2908],[-117.4046,34.2909],[-117.4047,34.2909],[-117.4048,34.291],[-117.4049,34.2912],[-117.405,34.2913],[-117.405,34.2915],[-117.4051,34.2916],[-117.4052,34.2916],[-117.4052,34.2917],[-117.4053,34.2917],[-117.4054,34.2917]]}},{"type":"Feature","properties":{"id":"2N47","name":"CLEGHORN RIDGE (OHV)","kind":"road","access":"green","seasonal":false},"geometry":{"type":"LineString","coordinates":[[-117.4054,34.2917],[-117.4056,34.2917],[-117.4057,34.2917],[-117.4058,34.2916],[-117.4059,34.2916],[-117.406,34.2915],[-117.4061,34.2914],[-117.4062,34.2913],[-117.4062,34.2912],[-117.4063,34.2911],[-117.4064,34.2911],[-117.4066,34.291],[-117.4067,34.291],[-117.4068,34.2911],[-117.407,34.2911],[-117.4072,34.2912],[-117.4074,34.2913],[-117.4075,34.2914],[-117.4076,34.2914],[-117.4077,34.2914],[-117.4078,34.2914],[-117.4079,34.2914],[-117.408,34.2914],[-117.4081,34.2914],[-117.4082,34.2914],[-117.4083,34.2915],[-117.4084,34.2916],[-117.4084,34.2917],[-117.4085,34.2918],[-117.4086,34.2918],[-117.4087,34.2919],[-117.4087,34.292],[-117.4088,34.2921],[-117.4088,34.2922],[-117.4088,34.2923],[-117.4089,34.2924],[-117.409,34.2924],[-117.4091,34.2923],[-117.4092,34.2923],[-117.4093,34.2923],[-117.4094,34.2923],[-117.4095,34.2923],[-117.4095,34.2924],[-117.4096,34.2924],[-117.4096,34.2925],[-117.4096,34.2926],[-117.4096,34.2927],[-117.4096,34.2928],[-117.4097,34.2928],[-117.4097,34.2929],[-117.4099,34.2929],[-117.41,34.2929],[-117.4101,34.293],[-117.4102,34.293],[-117.4103,34.2931],[-117.4105,34.2932],[-117.4106,34.2932],[-117.4106,34.2933],[-117.4107,34.2933],[-117.4108,34.2933],[-117.4109,34.2933],[-117.4109,34.2934],[-117.411,34.2934],[-117.4111,34.2934],[-117.4112,34.2934],[-117.4113,34.2934],[-117.4113,34.2933],[-117.4114,34.2933],[-117.4115,34.2933],[-117.4116,34.2933],[-117.4117,34.2933],[-117.4118,34.2934],[-117.4119,34.2935],[-117.412,34.2935],[-117.412,34.2936],[-117.412,34.2937],[-117.412,34.2938],[-117.4119,34.2939],[-117.4119,34.294],[-117.4119,34.2941],[-117.4119,34.2943],[-117.4119,34.2944],[-117.412,34.2944],[-117.412,34.2945],[-117.4121,34.2946],[-117.4122,34.2946],[-117.4123,34.2946],[-117.4124,34.2947],[-117.4125,34.2947],[-117.4126,34.2946],[-117.4127,34.2946],[-117.4129,34.2945],[-117.413,34.2944],[-117.4131,34.2944],[-117.4132,34.2943],[-117.4133,34.2944],[-117.4134,34.2944],[-117.4135,34.2944],[-117.4136,34.2944],[-117.4137,34.2944],[-117.4138,34.2944],[-117.4139,34.2943],[-117.4141,34.2942],[-117.4142,34.2942],[-117.4142,34.2941],[-117.4143,34.2941],[-117.4144,34.2941],[-117.4145,34.2941],[-117.4146,34.2941],[-117.4147,34.2941],[-117.4148,34.2941],[-117.4149,34.2941],[-117.415,34.2941],[-117.4151,34.2942],[-117.4152,34.2942],[-117.4153,34.2942],[-117.4154,34.2942],[-117.4155,34.2942],[-117.4156,34.2942],[-117.4157,34.2943],[-117.4158,34.2944],[-117.4159,34.2944],[-117.4159,34.2945],[-117.4161,34.2945],[-117.4162,34.2945],[-117.4162,34.2946],[-117.4163,34.2946],[-117.4165,34.2946],[-117.4165,34.2947],[-117.4166,34.2948],[-117.4167,34.2948],[-117.4168,34.2949],[-117.417,34.295],[-117.4171,34.2951],[-117.4172,34.2951],[-117.4174,34.2951],[-117.4176,34.2951],[-117.4178,34.2951],[-117.418,34.2951],[-117.4183,34.2951],[-117.4186,34.2952],[-117.4188,34.2952],[-117.4189,34.2952],[-117.419,34.2952],[-117.419,34.2953],[-117.4191,34.2953],[-117.4191,34.2954],[-117.4192,34.2954],[-117.4194,34.2956],[-117.4195,34.2957],[-117.4197,34.2958],[-117.4199,34.2958],[-117.4201,34.2959],[-117.4202,34.296],[-117.4203,34.2961],[-117.4204,34.2962],[-117.4204,34.2963],[-117.4204,34.2964],[-117.4205,34.2964],[-117.4207,34.2964],[-117.4208,34.2964],[-117.421,34.2963],[-117.4212,34.2962],[-117.4213,34.2962],[-117.4214,34.2962],[-117.4215,34.2961],[-117.4216,34.296],[-117.4217,34.296],[-117.4219,34.2959],[-117.422,34.2959],[-117.4222,34.2959],[-117.4223,34.296],[-117.4225,34.296],[-117.4225,34.2961],[-117.4226,34.2961],[-117.4227,34.2963],[-117.4229,34.2965],[-117.423,34.2967],[-117.4232,34.2968],[-117.4233,34.2969],[-117.4233,34.297],[-117.4233,34.2971],[-117.4232,34.2971],[-117.4231,34.2972],[-117.423,34.2973],[-117.423,34.2974],[-117.423,34.2975],[-117.423,34.2976],[-117.4231,34.2977],[-117.4232,34.2977],[-117.4233,34.2977],[-117.4234,34.2977],[-117.4235,34.2977],[-117.4235,34.2976],[-117.4236,34.2975],[-117.4237,34.2974],[-117.4238,34.2973],[-117.4239,34.2973],[-117.424,34.2973],[-117.424,34.2974],[-117.4241,34.2974],[-117.4242,34.2974],[-117.4243,34.2974],[-117.4244,34.2974],[-117.4245,34.2974],[-117.4246,34.2975],[-117.4246,34.2976],[-117.4247,34.2977],[-117.4248,34.2979],[-117.4249,34.298],[-117.425,34.2981],[-117.4251,34.2981],[-117.4253,34.2981],[-117.4254,34.2981],[-117.4255,34.2981],[-117.4256,34.2981],[-117.4258,34.2982],[-117.4259,34.2983],[-117.4259,34.2984],[-117.4258,34.2985],[-117.4258,34.2986],[-117.4258,34.2987],[-117.4258,34.2988],[-117.4259,34.2989],[-117.426,34.2989],[-117.4261,34.2989],[-117.4262,34.2989],[-117.4263,34.2989],[-117.4264,34.2989],[-117.4265,34.2989],[-117.4266,34.2989],[-117.4266,34.299],[-117.4266,34.2991],[-117.4266,34.2992],[-117.4266,34.2995],[-117.4266,34.2996],[-117.4267,34.2997],[-117.4268,34.2997],[-117.4269,34.2997],[-117.427,34.2997],[-117.427,34.2996],[-117.4271,34.2995],[-117.4272,34.2995],[-117.4273,34.2994],[-117.4274,34.2994],[-117.4275,34.2995],[-117.4276,34.2996],[-117.4278,34.2997],[-117.4279,34.2998],[-117.4281,34.3],[-117.4281,34.3001],[-117.4282,34.3002],[-117.4282,34.3003],[-117.4282,34.3004],[-117.4283,34.3005],[-117.4284,34.3005],[-117.4285,34.3006],[-117.4286,34.3006],[-117.4287,34.3007],[-117.4288,34.3007],[-117.4289,34.3007],[-117.4289,34.3006],[-117.429,34.3005],[-117.4289,34.3004],[-117.4288,34.3003],[-117.4288,34.3002],[-117.4289,34.3001],[-117.4289,34.3],[-117.429,34.3],[-117.4291,34.2999],[-117.4292,34.2999],[-117.4294,34.2999],[-117.4295,34.2999],[-117.4296,34.2999],[-117.4297,34.2999],[-117.4298,34.2998],[-117.4299,34.2999],[-117.43,34.2999],[-117.4301,34.3],[-117.4303,34.3001],[-117.4304,34.3002],[-117.4305,34.3002],[-117.4306,34.3002],[-117.4307,34.3003],[-117.4308,34.3002],[-117.431,34.3002],[-117.4311,34.3002],[-117.4313,34.3001],[-117.4314,34.3001],[-117.4316,34.3],[-117.4317,34.3],[-117.4318,34.3],[-117.4319,34.3],[-117.432,34.3],[-117.4321,34.3],[-117.4322,34.3],[-117.4323,34.3],[-117.4324,34.3],[-117.4325,34.3],[-117.4327,34.3],[-117.4328,34.3],[-117.4329,34.2999],[-117.433,34.2999],[-117.4332,34.2999],[-117.4333,34.3],[-117.4334,34.3],[-117.4335,34.3001],[-117.4336,34.3002],[-117.4337,34.3003],[-117.4337,34.3004],[-117.4337,34.3006],[-117.4336,34.3007],[-117.4335,34.3008],[-117.4334,34.3009],[-117.4333,34.301],[-117.4332,34.301],[-117.4332,34.3011],[-117.4332,34.3012],[-117.4332,34.3013],[-117.4332,34.3014],[-117.4332,34.3015],[-117.4331,34.3016],[-117.433,34.3016],[-117.433,34.3017],[-117.4329,34.3017],[-117.433,34.3018],[-117.4331,34.3018],[-117.4332,34.3018],[-117.4333,34.3017],[-117.4334,34.3016],[-117.4335,34.3014],[-117.4336,34.3013],[-117.4337,34.3013],[-117.4338,34.3013],[-117.434,34.3013],[-117.4341,34.3013],[-117.4342,34.3014],[-117.4342,34.3015],[-117.4341,34.3016],[-117.434,34.3016],[-117.4339,34.3016],[-117.4338,34.3015],[-117.4337,34.3016],[-117.4336,34.3016],[-117.4335,34.3017],[-117.4335,34.3018],[-117.4334,34.3019],[-117.4334,34.302],[-117.4334,34.3021],[-117.4333,34.3022],[-117.4333,34.3023],[-117.4332,34.3023],[-117.4331,34.3024],[-117.4331,34.3025],[-117.4331,34.3026],[-117.433,34.3027],[-117.4329,34.3028],[-117.4328,34.3028],[-117.4326,34.303],[-117.4324,34.3032],[-117.4323,34.3033],[-117.4322,34.3034],[-117.4322,34.3035],[-117.4321,34.3036],[-117.4321,34.3037],[-117.432,34.3038],[-117.4318,34.3039],[-117.4317,34.304],[-117.4316,34.304],[-117.4315,34.3042],[-117.4315,34.3043],[-117.4315,34.3044],[-117.4315,34.3045],[-117.4316,34.3045],[-117.4317,34.3046],[-117.4318,34.3047],[-117.4318,34.3048],[-117.4317,34.3049],[-117.4316,34.305],[-117.4315,34.3051],[-117.4315,34.3052],[-117.4314,34.3053],[-117.4314,34.3054],[-117.4314,34.3055],[-117.4313,34.3055],[-117.4313,34.3057],[-117.4312,34.3058],[-117.431,34.3059],[-117.4308,34.306],[-117.4307,34.306],[-117.4307,34.3061],[-117.4306,34.3061],[-117.4305,34.3062],[-117.4305,34.3063],[-117.4306,34.3065],[-117.4307,34.3066],[-117.4307,34.3067],[-117.4306,34.3068],[-117.4305,34.3069],[-117.4305,34.307],[-117.4305,34.3071],[-117.4306,34.3072],[-117.4307,34.3072],[-117.4308,34.3072],[-117.4309,34.3072],[-117.431,34.3073],[-117.4311,34.3073],[-117.4311,34.3074],[-117.4311,34.3077],[-117.4311,34.3078],[-117.4311,34.3079],[-117.4312,34.308],[-117.4313,34.3081],[-117.4313,34.3082],[-117.4313,34.3083],[-117.4312,34.3084],[-117.4312,34.3085],[-117.4311,34.3086],[-117.4311,34.3087],[-117.4312,34.3087],[-117.4312,34.3088],[-117.4313,34.3089],[-117.4314,34.309],[-117.4316,34.309],[-117.4317,34.3091],[-117.4318,34.3091],[-117.4319,34.3091],[-117.432,34.3092],[-117.4321,34.3092],[-117.4322,34.3092],[-117.4322,34.3093],[-117.4323,34.3093],[-117.4323,34.3094],[-117.4324,34.3095],[-117.4324,34.3096],[-117.4325,34.3098],[-117.4325,34.3099],[-117.4325,34.31],[-117.4325,34.3101],[-117.4326,34.3101],[-117.4327,34.3102],[-117.4328,34.3103],[-117.4328,34.3104],[-117.4329,34.3105],[-117.4329,34.3106],[-117.4328,34.3107],[-117.4327,34.3107],[-117.4326,34.3107],[-117.4325,34.3108],[-117.4324,34.3108],[-117.4323,34.3109],[-117.4323,34.311],[-117.4322,34.3111],[-117.4322,34.3112],[-117.4322,34.3113],[-117.4321,34.3114],[-117.4321,34.3115],[-117.4321,34.3116],[-117.4322,34.3116],[-117.4322,34.3117],[-117.4323,34.3117],[-117.4324,34.3117],[-117.4325,34.3117],[-117.4326,34.3116],[-117.4327,34.3116],[-117.4328,34.3116],[-117.4329,34.3115],[-117.433,34.3115],[-117.4331,34.3115],[-117.4332,34.3115],[-117.4333,34.3115],[-117.4334,34.3115],[-117.4335,34.3115],[-117.4336,34.3115],[-117.4337,34.3116],[-117.4338,34.3117],[-117.4337,34.3118],[-117.4337,34.3119],[-117.4337,34.312],[-117.4336,34.3121],[-117.4336,34.3122],[-117.4336,34.3123],[-117.4336,34.3124],[-117.4336,34.3125],[-117.4336,34.3126],[-117.4335,34.3126],[-117.4334,34.3127],[-117.4333,34.3127],[-117.4333,34.3128],[-117.4332,34.3129],[-117.4331,34.313],[-117.433,34.313],[-117.4329,34.3131],[-117.4327,34.3133],[-117.4326,34.3134],[-117.4325,34.3136],[-117.4324,34.3136],[-117.4324,34.3137],[-117.4324,34.3138],[-117.4323,34.3139],[-117.4323,34.314],[-117.4323,34.3141],[-117.4322,34.3142],[-117.4322,34.3143],[-117.4321,34.3143],[-117.4321,34.3144],[-117.4321,34.3145],[-117.4321,34.3146],[-117.432,34.3147],[-117.432,34.3149],[-117.4319,34.3149],[-117.4319,34.315],[-117.4319,34.3151],[-117.432,34.3152],[-117.4321,34.3152],[-117.4322,34.3152],[-117.4322,34.3151],[-117.4323,34.3151],[-117.4323,34.315],[-117.4324,34.3149],[-117.4324,34.3148],[-117.4325,34.3147],[-117.4326,34.3147],[-117.4326,34.3146],[-117.4327,34.3146],[-117.4328,34.3145],[-117.4329,34.3145],[-117.433,34.3144],[-117.433,34.3143],[-117.433,34.3142],[-117.433,34.3141],[-117.4331,34.3141],[-117.4331,34.314],[-117.4332,34.314],[-117.4333,34.3139],[-117.4334,34.3139],[-117.4335,34.3139],[-117.4335,34.314],[-117.4336,34.314],[-117.4337,34.314],[-117.4338,34.314],[-117.4339,34.3139],[-117.434,34.3139],[-117.4341,34.3139],[-117.4343,34.3139],[-117.4344,34.3139],[-117.4345,34.3139],[-117.4346,34.3139],[-117.4347,34.3139],[-117.4348,34.3139],[-117.4348,34.314],[-117.4349,34.3141],[-117.4349,34.3142],[-117.435,34.3142],[-117.4351,34.3142],[-117.4352,34.3142],[-117.4353,34.3141],[-117.4354,34.314],[-117.4354,34.3139],[-117.4355,34.3139],[-117.4356,34.3138],[-117.4356,34.3137],[-117.4357,34.3137],[-117.4358,34.3136],[-117.4359,34.3135],[-117.436,34.3134],[-117.4361,34.3134],[-117.4362,34.3134],[-117.4363,34.3134],[-117.4364,34.3134],[-117.4365,34.3134],[-117.4366,34.3134],[-117.4367,34.3134],[-117.4368,34.3133],[-117.4369,34.3133],[-117.4369,34.3132],[-117.4369,34.3131],[-117.4369,34.313],[-117.4369,34.3129],[-117.437,34.3129],[-117.4371,34.3129],[-117.4372,34.3129],[-117.4373,34.3128],[-117.4374,34.3128],[-117.4375,34.3127],[-117.4376,34.3126],[-117.4376,34.3125],[-117.4377,34.3125],[-117.4377,34.3124],[-117.4378,34.3123],[-117.4379,34.3123],[-117.438,34.3122],[-117.4381,34.3122],[-117.4382,34.3122],[-117.4383,34.3122],[-117.4384,34.3122],[-117.4384,34.3121],[-117.4385,34.312],[-117.4386,34.3119],[-117.4386,34.3118],[-117.4386,34.3117],[-117.4387,34.3115],[-117.4388,34.3113],[-117.4388,34.3112],[-117.4388,34.3111],[-117.4388,34.311],[-117.4388,34.3109],[-117.4387,34.3109],[-117.4386,34.3109],[-117.4385,34.3108],[-117.4384,34.3107],[-117.4383,34.3106],[-117.4383,34.3105],[-117.4383,34.3104],[-117.4383,34.3103],[-117.4382,34.3102],[-117.4381,34.3101],[-117.438,34.31],[-117.438,34.3099],[-117.4379,34.3098],[-117.4379,34.3096],[-117.4379,34.3095],[-117.4379,34.3094],[-117.4379,34.3093],[-117.4379,34.3092],[-117.438,34.3091],[-117.4381,34.3091],[-117.4382,34.3091],[-117.4382,34.309],[-117.4383,34.309],[-117.4384,34.3089],[-117.4384,34.3088],[-117.4385,34.3088],[-117.4387,34.3087],[-117.4389,34.3086],[-117.439,34.3085],[-117.4392,34.3084],[-117.4394,34.3084],[-117.4395,34.3084],[-117.4396,34.3084],[-117.4397,34.3083],[-117.4398,34.3083],[-117.4399,34.3083],[-117.44,34.3084],[-117.4401,34.3084],[-117.4402,34.3083],[-117.4403,34.3083],[-117.4403,34.3082],[-117.4404,34.3082],[-117.4405,34.3082],[-117.4407,34.3081],[-117.4409,34.3081],[-117.4411,34.308],[-117.4413,34.308],[-117.4414,34.308],[-117.4415,34.308],[-117.4416,34.308],[-117.4417,34.3081],[-117.4418,34.3081],[-117.4419,34.3082],[-117.442,34.3082],[-117.4421,34.3082],[-117.4422,34.3082],[-117.4423,34.3081],[-117.4424,34.308],[-117.4424,34.3079],[-117.4425,34.3079],[-117.4426,34.3079],[-117.4427,34.3079],[-117.4428,34.3079],[-117.4429,34.3079],[-117.443,34.3079],[-117.4431,34.308],[-117.4432,34.3081],[-117.4433,34.3081],[-117.4434,34.3081],[-117.4434,34.3082],[-117.4436,34.3082],[-117.4437,34.3082],[-117.4438,34.3082],[-117.4439,34.3082],[-117.444,34.3082],[-117.4441,34.3082],[-117.4442,34.3082],[-117.4443,34.3081],[-117.4444,34.3081],[-117.4445,34.3081],[-117.4446,34.3081],[-117.4446,34.308],[-117.4447,34.308],[-117.4447,34.3079],[-117.4447,34.3078],[-117.4447,34.3077],[-117.4448,34.3076],[-117.4449,34.3075],[-117.4448,34.3074],[-117.4448,34.3073],[-117.4448,34.3072],[-117.4448,34.3071],[-117.4449,34.307],[-117.4449,34.3069],[-117.445,34.3069],[-117.4451,34.3069],[-117.4452,34.3069],[-117.4453,34.3069],[-117.4453,34.3068],[-117.4454,34.3068],[-117.4454,34.3067],[-117.4455,34.3067],[-117.4455,34.3066],[-117.4456,34.3066],[-117.4457,34.3066],[-117.4458,34.3067],[-117.4459,34.3068],[-117.4459,34.3069],[-117.446,34.3069],[-117.4461,34.3069],[-117.4462,34.3069],[-117.4463,34.3069],[-117.4464,34.3068],[-117.4464,34.3067],[-117.4465,34.3066],[-117.4465,34.3065],[-117.4465,34.3064],[-117.4465,34.3063],[-117.4465,34.3062],[-117.4465,34.3061],[-117.4466,34.3061],[-117.4467,34.3061],[-117.4468,34.3061],[-117.4469,34.3062],[-117.447,34.3062],[-117.4471,34.3063],[-117.4472,34.3063],[-117.4473,34.3063],[-117.4474,34.3063],[-117.4474,34.3062],[-117.4475,34.3062],[-117.4476,34.3061],[-117.4477,34.3061],[-117.4478,34.3061],[-117.448,34.3061],[-117.4481,34.3061],[-117.4481,34.306],[-117.4482,34.306],[-117.4482,34.3059],[-117.4482,34.3058],[-117.4481,34.3058],[-117.448,34.3057],[-117.4479,34.3056],[-117.4479,34.3055],[-117.4478,34.3054],[-117.4478,34.3053],[-117.4478,34.3052],[-117.4478,34.3051],[-117.4479,34.3051],[-117.448,34.3051],[-117.4481,34.3052],[-117.4482,34.3053],[-117.4482,34.3054],[-117.4483,34.3054],[-117.4484,34.3054],[-117.4484,34.3055],[-117.4485,34.3055],[-117.4485,34.3056],[-117.4486,34.3057],[-117.4486,34.3058],[-117.4487,34.3059],[-117.4488,34.306],[-117.4489,34.306],[-117.4489,34.3061],[-117.449,34.3062],[-117.449,34.3063],[-117.449,34.3064],[-117.4489,34.3064],[-117.4489,34.3065],[-117.4488,34.3065],[-117.4487,34.3065],[-117.4486,34.3064],[-117.4485,34.3064],[-117.4484,34.3064],[-117.4483,34.3064],[-117.4482,34.3065],[-117.4482,34.3066],[-117.4481,34.3067],[-117.4481,34.3068],[-117.448,34.3069],[-117.4481,34.307],[-117.4481,34.3071],[-117.4481,34.3072],[-117.4481,34.3073],[-117.4481,34.3074],[-117.448,34.3075],[-117.448,34.3076],[-117.4479,34.3078],[-117.4478,34.308],[-117.4477,34.3081],[-117.4476,34.3082],[-117.4475,34.3083],[-117.4474,34.3084],[-117.4473,34.3085],[-117.4472,34.3085],[-117.4471,34.3086],[-117.447,34.3086],[-117.4469,34.3087],[-117.447,34.3088],[-117.4471,34.3088],[-117.4472,34.3089],[-117.4473,34.3089],[-117.4474,34.3089],[-117.4474,34.309],[-117.4474,34.3091],[-117.4474,34.3092],[-117.4473,34.3093],[-117.4472,34.3093],[-117.4472,34.3094],[-117.4472,34.3095],[-117.4472,34.3096],[-117.4473,34.3096],[-117.4474,34.3097],[-117.4475,34.3097],[-117.4476,34.3097],[-117.4476,34.3096],[-117.4477,34.3096],[-117.4478,34.3095],[-117.4478,34.3094],[-117.4478,34.3093],[-117.4478,34.3092],[-117.4477,34.3091],[-117.4477,34.309],[-117.4477,34.3089],[-117.4478,34.3089],[-117.4479,34.3088],[-117.4479,34.3087],[-117.448,34.3086],[-117.4481,34.3085],[-117.4482,34.3085],[-117.4483,34.3085],[-117.4484,34.3084],[-117.4486,34.3084],[-117.4487,34.3084],[-117.4488,34.3084],[-117.4489,34.3084],[-117.449,34.3084],[-117.4492,34.3084],[-117.4493,34.3085],[-117.4494,34.3084],[-117.4495,34.3083],[-117.4496,34.3082],[-117.4496,34.3081],[-117.4497,34.308],[-117.4498,34.3079],[-117.4499,34.3079],[-117.45,34.3079],[-117.4501,34.3078],[-117.4502,34.3077],[-117.4502,34.3076],[-117.4502,34.3075],[-117.4503,34.3074],[-117.4503,34.3073],[-117.4504,34.3072],[-117.4504,34.3071],[-117.4503,34.307],[-117.4502,34.307],[-117.4502,34.3069],[-117.4502,34.3068],[-117.4502,34.3067],[-117.4503,34.3067],[-117.4504,34.3066],[-117.4505,34.3066],[-117.4506,34.3066],[-117.4507,34.3065],[-117.4508,34.3065],[-117.4509,34.3065],[-117.4511,34.3064],[-117.4512,34.3063],[-117.4513,34.3062],[-117.4512,34.3061],[-117.4511,34.306],[-117.4509,34.3059],[-117.4508,34.3058],[-117.4507,34.3057],[-117.4506,34.3056],[-117.4505,34.3055],[-117.4505,34.3054],[-117.4505,34.3053],[-117.4504,34.3053],[-117.4504,34.3052],[-117.4504,34.3051],[-117.4505,34.3051],[-117.4507,34.3051],[-117.4509,34.305],[-117.451,34.305],[-117.4512,34.305],[-117.4513,34.3049],[-117.4514,34.3049],[-117.4514,34.3048],[-117.4514,34.3047],[-117.4513,34.3047],[-117.4512,34.3047],[-117.4511,34.3046],[-117.451,34.3046],[-117.451,34.3045],[-117.451,34.3044],[-117.451,34.3043],[-117.451,34.3042],[-117.4511,34.3041],[-117.4511,34.3039],[-117.4511,34.3038],[-117.451,34.3037],[-117.451,34.3036],[-117.451,34.3035],[-117.4509,34.3035],[-117.4509,34.3034],[-117.4508,34.3034],[-117.4508,34.3033],[-117.4507,34.3033],[-117.4506,34.3034],[-117.4505,34.3034],[-117.4504,34.3034],[-117.4503,34.3034],[-117.4502,34.3034],[-117.4501,34.3033],[-117.45,34.3032],[-117.4499,34.3032],[-117.4499,34.3031],[-117.4498,34.3032],[-117.4496,34.3032],[-117.4495,34.3032],[-117.4494,34.3031],[-117.4494,34.303],[-117.4494,34.3029],[-117.4494,34.3028],[-117.4494,34.3027],[-117.4495,34.3027],[-117.4496,34.3027],[-117.4497,34.3027],[-117.4498,34.3026],[-117.4499,34.3025],[-117.4499,34.3024],[-117.4499,34.3023],[-117.4499,34.3022],[-117.4499,34.3021],[-117.45,34.302],[-117.4501,34.3019],[-117.4502,34.3019],[-117.4502,34.3018],[-117.4502,34.3017],[-117.4503,34.3016],[-117.4504,34.3016],[-117.4504,34.3015],[-117.4505,34.3014],[-117.4506,34.3014],[-117.4505,34.3013],[-117.4504,34.3012],[-117.4503,34.3011],[-117.4503,34.301],[-117.4503,34.3009],[-117.4503,34.3008],[-117.4503,34.3007],[-117.4504,34.3007],[-117.4504,34.3006],[-117.4505,34.3005],[-117.4506,34.3004],[-117.4506,34.3003],[-117.4507,34.3002],[-117.4507,34.3001],[-117.4507,34.3],[-117.4507,34.2999],[-117.4508,34.2998],[-117.4509,34.2997],[-117.451,34.2997],[-117.451,34.2998],[-117.4511,34.2998],[-117.451,34.2999],[-117.451,34.3],[-117.4509,34.3001],[-117.4509,34.3002],[-117.4509,34.3003],[-117.4508,34.3003],[-117.4508,34.3004],[-117.4508,34.3005],[-117.4507,34.3006],[-117.4506,34.3006],[-117.4506,34.3007],[-117.4506,34.3008],[-117.4505,34.3009],[-117.4506,34.301],[-117.4506,34.3011],[-117.4507,34.3011],[-117.4508,34.3012],[-117.4509,34.3012],[-117.4509,34.3013],[-117.451,34.3013],[-117.451,34.3014],[-117.4509,34.3015],[-117.4508,34.3015],[-117.4507,34.3016],[-117.4507,34.3017],[-117.4506,34.3017],[-117.4507,34.3017],[-117.4507,34.3018],[-117.4506,34.3018],[-117.4506,34.3019],[-117.4505,34.3019],[-117.4505,34.302],[-117.4504,34.3021],[-117.4503,34.3021],[-117.4503,34.3022],[-117.4503,34.3023],[-117.4502,34.3024],[-117.4502,34.3025],[-117.4503,34.3026],[-117.4503,34.3027],[-117.4504,34.3028],[-117.4505,34.3028],[-117.4506,34.3027],[-117.4506,34.3026],[-117.4507,34.3026],[-117.4507,34.3025],[-117.4508,34.3025],[-117.4509,34.3024],[-117.451,34.3024],[-117.4511,34.3024],[-117.4512,34.3025],[-117.4513,34.3025],[-117.4513,34.3026],[-117.4513,34.3027],[-117.4513,34.3028],[-117.4514,34.3028],[-117.4514,34.3029],[-117.4514,34.303],[-117.4514,34.3031],[-117.4514,34.3032],[-117.4515,34.3032],[-117.4516,34.3032],[-117.4516,34.3033],[-117.4517,34.3033],[-117.4517,34.3034],[-117.4517,34.3035],[-117.4517,34.3036],[-117.4518,34.3038],[-117.4518,34.3039],[-117.4518,34.304],[-117.4518,34.3041],[-117.4519,34.3041],[-117.4519,34.3042],[-117.452,34.3042],[-117.4521,34.3042],[-117.4522,34.3043],[-117.4523,34.3044],[-117.4523,34.3045],[-117.4524,34.3046],[-117.4525,34.3046],[-117.4526,34.3047],[-117.4527,34.3047],[-117.4528,34.3047],[-117.4529,34.3047],[-117.4529,34.3048],[-117.453,34.3048],[-117.4531,34.3049],[-117.4532,34.3052],[-117.4533,34.3053],[-117.4534,34.3053],[-117.4534,34.3054],[-117.4535,34.3054],[-117.4536,34.3054],[-117.4537,34.3054],[-117.4538,34.3054],[-117.4538,34.3053],[-117.4538,34.3052],[-117.4538,34.3051],[-117.4537,34.305],[-117.4537,34.3049],[-117.4538,34.3048],[-117.4538,34.3047],[-117.4538,34.3046],[-117.4538,34.3045],[-117.4538,34.3044],[-117.4537,34.3043],[-117.4536,34.3042],[-117.4535,34.3042],[-117.4534,34.3041],[-117.4533,34.3041],[-117.4532,34.304],[-117.4531,34.3039],[-117.453,34.3039],[-117.453,34.3038],[-117.453,34.3037],[-117.4531,34.3037],[-117.4531,34.3036],[-117.4532,34.3035],[-117.4532,34.3034],[-117.4532,34.3033],[-117.4532,34.3032],[-117.4532,34.3031],[-117.4531,34.3029],[-117.453,34.3028],[-117.4529,34.3027],[-117.4528,34.3026],[-117.4527,34.3025],[-117.4526,34.3025],[-117.4526,34.3024],[-117.4526,34.3023],[-117.4527,34.3022],[-117.4528,34.3021],[-117.4529,34.302],[-117.4528,34.302],[-117.4528,34.3019],[-117.4528,34.3018],[-117.4528,34.3017],[-117.4529,34.3016],[-117.4529,34.3015],[-117.453,34.3014],[-117.4529,34.3013],[-117.4529,34.3012],[-117.4528,34.3011],[-117.4528,34.301],[-117.4528,34.3009],[-117.4528,34.3008],[-117.4529,34.3008],[-117.453,34.3008],[-117.4531,34.3008],[-117.4531,34.3007],[-117.4532,34.3007],[-117.4533,34.3006],[-117.4534,34.3005],[-117.4535,34.3004],[-117.4535,34.3003],[-117.4535,34.3002],[-117.4536,34.3001],[-117.4536,34.3],[-117.4536,34.2999],[-117.4535,34.2998],[-117.4535,34.2997],[-117.4535,34.2996],[-117.4534,34.2995],[-117.4535,34.2995],[-117.4535,34.2994],[-117.4536,34.2993],[-117.4537,34.2992],[-117.4538,34.2992],[-117.4539,34.2991],[-117.454,34.299],[-117.4541,34.299],[-117.4542,34.2989],[-117.4543,34.2989],[-117.4544,34.2989],[-117.4546,34.299],[-117.4548,34.2991],[-117.455,34.2992],[-117.4551,34.2992],[-117.4552,34.2993],[-117.4553,34.2993],[-117.4554,34.2994],[-117.4556,34.2995],[-117.4557,34.2995],[-117.4558,34.2996],[-117.4558,34.2997],[-117.4559,34.2997],[-117.456,34.2998],[-117.4561,34.2998],[-117.4562,34.2998],[-117.4563,34.2997],[-117.4564,34.2997],[-117.4565,34.2996],[-117.4566,34.2996]]}},{"type":"Feature","properties":{"id":"2N82","name":"SWITZER PARK PICNIC AREA      ","kind":"road","access":"plate","seasonal":false},"geometry":{"type":"LineString","coordinates":[[-117.1864,34.2331],[-117.1864,34.233],[-117.1861,34.2328]]}},{"type":"Feature","properties":{"id":"2N13","name":"SNOW SLIDE","kind":"road","access":"plate","seasonal":false},"geometry":{"type":"LineString","coordinates":[[-117.0679,34.2438],[-117.0679,34.244],[-117.0678,34.244],[-117.0677,34.2441],[-117.0676,34.2441],[-117.0675,34.2442],[-117.0673,34.2443],[-117.0672,34.2443],[-117.0672,34.2444],[-117.0671,34.2444],[-117.0671,34.2445],[-117.0672,34.2446],[-117.0672,34.2447],[-117.0673,34.2447],[-117.0674,34.2447],[-117.0676,34.2447],[-117.0677,34.2447],[-117.0678,34.2448],[-117.0678,34.2449],[-117.0677,34.245],[-117.0677,34.2451],[-117.0676,34.2453],[-117.0676,34.2454],[-117.0676,34.2455],[-117.0675,34.2456],[-117.0674,34.2456],[-117.0673,34.2456],[-117.0672,34.2457],[-117.0671,34.2457],[-117.0669,34.2457],[-117.0668,34.2457],[-117.0668,34.2458],[-117.0667,34.2458],[-117.0667,34.2459],[-117.0666,34.246],[-117.0666,34.2461],[-117.0666,34.2462],[-117.0666,34.2464],[-117.0665,34.2465],[-117.0665,34.2466],[-117.0664,34.2466],[-117.0663,34.2467],[-117.0663,34.2468],[-117.0662,34.2468],[-117.0661,34.2468],[-117.066,34.2468],[-117.0657,34.2468],[-117.0654,34.2468],[-117.0653,34.2469],[-117.0652,34.2469],[-117.0651,34.2469],[-117.0651,34.247],[-117.0651,34.2471],[-117.0651,34.2472],[-117.065,34.2472],[-117.065,34.2473],[-117.0649,34.2474],[-117.0649,34.2475],[-117.065,34.2476],[-117.065,34.2479],[-117.065,34.2481],[-117.065,34.2482],[-117.0651,34.2483],[-117.0651,34.2484],[-117.065,34.2484],[-117.065,34.2485],[-117.0649,34.2485],[-117.0648,34.2485],[-117.0647,34.2486],[-117.0647,34.2487],[-117.0647,34.2488],[-117.0647,34.2489],[-117.0647,34.249],[-117.0647,34.2491],[-117.0646,34.2491],[-117.0645,34.2492],[-117.0644,34.2492],[-117.0643,34.2492],[-117.064,34.2492],[-117.0638,34.2492],[-117.0637,34.2493],[-117.0636,34.2493],[-117.0635,34.2493],[-117.0634,34.2493],[-117.0632,34.2493],[-117.0628,34.2493],[-117.0624,34.2493],[-117.0621,34.2492],[-117.0619,34.2492],[-117.0617,34.2492],[-117.0616,34.2492],[-117.0615,34.2492],[-117.0614,34.2493],[-117.0613,34.2494],[-117.0612,34.2494],[-117.0611,34.2494],[-117.061,34.2494],[-117.0609,34.2494],[-117.0608,34.2493],[-117.0607,34.2492],[-117.0606,34.2492],[-117.0604,34.2491],[-117.0603,34.2491],[-117.0602,34.2491],[-117.0601,34.2492],[-117.06,34.2492],[-117.0599,34.2493],[-117.0598,34.2493],[-117.0595,34.2494],[-117.0593,34.2494],[-117.0592,34.2495],[-117.0591,34.2495],[-117.059,34.2495],[-117.0587,34.2495],[-117.0584,34.2495],[-117.0582,34.2495],[-117.058,34.2495],[-117.0578,34.2495],[-117.0577,34.2494],[-117.0575,34.2493],[-117.0575,34.2492],[-117.0574,34.2491],[-117.0574,34.249],[-117.0573,34.2488],[-117.0572,34.2487],[-117.0572,34.2486],[-117.0572,34.2485],[-117.0572,34.2484],[-117.0572,34.2483],[-117.0571,34.2482],[-117.0569,34.2482],[-117.0568,34.2481],[-117.0567,34.2481],[-117.0566,34.248],[-117.0565,34.248],[-117.0564,34.248],[-117.0563,34.2481],[-117.0563,34.2482],[-117.0564,34.2484],[-117.0565,34.2486],[-117.0566,34.2488],[-117.0567,34.2491],[-117.0567,34.2493],[-117.0567,34.2494],[-117.0567,34.2496],[-117.0566,34.2496],[-117.0565,34.2497],[-117.0564,34.2498],[-117.0563,34.2498],[-117.0562,34.2498],[-117.0561,34.2498],[-117.056,34.2498],[-117.0559,34.2497],[-117.0558,34.2497],[-117.0557,34.2497],[-117.0556,34.2497],[-117.0554,34.2497],[-117.0553,34.2496],[-117.0552,34.2495],[-117.0551,34.2495],[-117.0551,34.2494],[-117.0551,34.2493],[-117.055,34.2492],[-117.0549,34.2492],[-117.0548,34.2493],[-117.0546,34.2494],[-117.0544,34.2495],[-117.0543,34.2495],[-117.0541,34.2493],[-117.054,34.2492],[-117.0539,34.2492],[-117.0538,34.2492],[-117.0537,34.2492],[-117.0537,34.2493],[-117.0536,34.2494],[-117.0536,34.2495],[-117.0537,34.2496],[-117.0537,34.2498],[-117.0537,34.2499],[-117.0537,34.25],[-117.0536,34.2502],[-117.0535,34.2505],[-117.0533,34.2508],[-117.0532,34.251],[-117.0531,34.251],[-117.053,34.251],[-117.0529,34.2508],[-117.0528,34.2507],[-117.0527,34.2506],[-117.0525,34.2504],[-117.0525,34.2503],[-117.0524,34.2503],[-117.0523,34.2503],[-117.0523,34.2504],[-117.0521,34.2504],[-117.052,34.2504],[-117.0518,34.2504],[-117.0518,34.2503],[-117.0517,34.2502],[-117.0515,34.2502],[-117.0514,34.2502],[-117.0513,34.2502],[-117.0513,34.2503],[-117.0512,34.2503],[-117.0512,34.2504],[-117.0511,34.2504],[-117.0511,34.2505],[-117.0511,34.2506],[-117.051,34.2506],[-117.051,34.2507],[-117.051,34.2509],[-117.051,34.251],[-117.051,34.2511],[-117.0509,34.2512],[-117.0508,34.2512],[-117.0506,34.2513],[-117.0505,34.2513],[-117.0504,34.2513],[-117.0503,34.2513],[-117.0501,34.2513],[-117.05,34.2512],[-117.0499,34.2512],[-117.0498,34.2511],[-117.0496,34.2511],[-117.0496,34.251],[-117.0494,34.2509],[-117.0493,34.2509],[-117.0493,34.2508],[-117.0493,34.2507],[-117.0493,34.2506],[-117.0493,34.2505],[-117.0493,34.2504],[-117.0492,34.2504],[-117.049,34.2503],[-117.0489,34.2502],[-117.0488,34.2501],[-117.0487,34.25],[-117.0485,34.2499],[-117.0484,34.2499],[-117.0483,34.2498],[-117.0481,34.2498],[-117.048,34.2497],[-117.0479,34.2497],[-117.0478,34.2497],[-117.0477,34.2498],[-117.0475,34.2498],[-117.0474,34.2498],[-117.0474,34.2499],[-117.0473,34.25],[-117.0474,34.2501],[-117.0475,34.2502],[-117.0476,34.2502],[-117.0477,34.2503],[-117.0478,34.2504],[-117.0479,34.2505],[-117.0479,34.2506],[-117.0479,34.2507],[-117.0479,34.2508],[-117.0479,34.2509],[-117.048,34.251],[-117.048,34.2511],[-117.0481,34.2511],[-117.0481,34.2512],[-117.048,34.2513],[-117.0479,34.2513],[-117.0478,34.2513],[-117.0477,34.2513],[-117.0476,34.2514],[-117.0476,34.2515],[-117.0476,34.2516],[-117.0476,34.2517],[-117.0476,34.2518],[-117.0475,34.2519],[-117.0474,34.252],[-117.0473,34.252],[-117.0472,34.2521],[-117.0471,34.2521],[-117.0471,34.2522],[-117.047,34.2522],[-117.047,34.2523],[-117.047,34.2524],[-117.0469,34.2524],[-117.0468,34.2524],[-117.0467,34.2524],[-117.0466,34.2524],[-117.0466,34.2523],[-117.0464,34.2522],[-117.0462,34.2521],[-117.0461,34.252],[-117.0461,34.2519],[-117.046,34.2519],[-117.0459,34.2519],[-117.0458,34.2519],[-117.0457,34.2519],[-117.0457,34.252],[-117.0457,34.2521],[-117.0457,34.2522],[-117.0457,34.2523],[-117.0457,34.2524],[-117.0458,34.2525],[-117.0459,34.2525],[-117.046,34.2526],[-117.0461,34.2527],[-117.0462,34.2528],[-117.0462,34.2529],[-117.0461,34.253],[-117.0461,34.2531],[-117.046,34.2531],[-117.0459,34.2532],[-117.0458,34.2532],[-117.0458,34.2533],[-117.0457,34.2534],[-117.0456,34.2534],[-117.0455,34.2535],[-117.0454,34.2535],[-117.0453,34.2536],[-117.0452,34.2536],[-117.045,34.2535],[-117.0449,34.2535],[-117.0448,34.2535],[-117.0448,34.2534],[-117.0447,34.2534],[-117.0447,34.2533],[-117.0447,34.2532],[-117.0447,34.2531],[-117.0447,34.253],[-117.0446,34.253],[-117.0445,34.253],[-117.0444,34.2529],[-117.0443,34.2529],[-117.0443,34.2528],[-117.0442,34.2527],[-117.0441,34.2527],[-117.044,34.2527],[-117.0439,34.2528],[-117.0438,34.2528],[-117.0437,34.2528],[-117.0436,34.2528],[-117.0435,34.2528],[-117.0435,34.2529],[-117.0435,34.253],[-117.0435,34.2531],[-117.0435,34.2532],[-117.0434,34.2532],[-117.0433,34.2532],[-117.0432,34.2532],[-117.0431,34.2532],[-117.043,34.2532],[-117.0429,34.2531],[-117.0427,34.253],[-117.0425,34.2529],[-117.0423,34.2529],[-117.0422,34.2528],[-117.042,34.2528],[-117.0419,34.2528],[-117.0418,34.2528],[-117.0417,34.2527],[-117.0416,34.2527],[-117.0415,34.2527],[-117.0413,34.2527],[-117.0412,34.2527],[-117.0411,34.2527],[-117.0409,34.2526],[-117.0408,34.2526],[-117.0407,34.2526],[-117.0406,34.2526],[-117.0405,34.2526],[-117.0404,34.2527],[-117.0403,34.2527],[-117.0402,34.2528],[-117.04,34.2528],[-117.0398,34.2529],[-117.0397,34.2529],[-117.0397,34.253],[-117.0396,34.253],[-117.0396,34.2531],[-117.0396,34.2532],[-117.0397,34.2532],[-117.0397,34.2533],[-117.0397,34.2534],[-117.0396,34.2534],[-117.0396,34.2535],[-117.0396,34.2536],[-117.0397,34.2536],[-117.0397,34.2537],[-117.0398,34.2537],[-117.0399,34.2538],[-117.04,34.2538],[-117.0402,34.2538],[-117.0402,34.2539],[-117.0403,34.2539],[-117.0403,34.254],[-117.0403,34.2541],[-117.0402,34.2541],[-117.0401,34.2541],[-117.04,34.2542],[-117.0399,34.2542],[-117.0398,34.2542],[-117.0397,34.2543],[-117.0396,34.2544],[-117.0395,34.2544],[-117.0394,34.2544],[-117.0393,34.2544],[-117.0392,34.2545],[-117.0391,34.2546],[-117.0392,34.2547],[-117.0392,34.2548],[-117.0391,34.2549],[-117.039,34.255],[-117.0389,34.2551],[-117.0388,34.2552],[-117.0387,34.2552],[-117.0385,34.2553],[-117.0384,34.2554],[-117.0383,34.2554],[-117.0383,34.2555],[-117.0382,34.2556],[-117.0382,34.2557],[-117.0382,34.2558],[-117.0381,34.2558],[-117.038,34.2558],[-117.0379,34.2558],[-117.0378,34.2558],[-117.0377,34.2558],[-117.0375,34.2559],[-117.0374,34.256],[-117.0373,34.2561],[-117.0373,34.2562],[-117.0373,34.2563],[-117.0373,34.2564],[-117.0373,34.2565],[-117.0374,34.2566],[-117.0374,34.2567],[-117.0374,34.2568],[-117.0374,34.2569],[-117.0373,34.2569],[-117.0373,34.257],[-117.0373,34.2571],[-117.0374,34.2572],[-117.0375,34.2572],[-117.0375,34.2573],[-117.0375,34.2574],[-117.0374,34.2575],[-117.0372,34.2575],[-117.0371,34.2576],[-117.0371,34.2577],[-117.037,34.2577],[-117.037,34.2578],[-117.037,34.2579],[-117.0371,34.2579],[-117.0371,34.258],[-117.0372,34.2581],[-117.0372,34.2582],[-117.0371,34.2582],[-117.0371,34.2583],[-117.037,34.2584],[-117.0369,34.2585],[-117.0368,34.2586],[-117.0367,34.2587],[-117.0366,34.2587],[-117.0365,34.2588],[-117.0364,34.2588],[-117.0362,34.259],[-117.0361,34.259],[-117.036,34.2591],[-117.0357,34.2592],[-117.0356,34.2593],[-117.0354,34.2593],[-117.0353,34.2594],[-117.0352,34.2594],[-117.0351,34.2594],[-117.0349,34.2593],[-117.0348,34.2593],[-117.0347,34.2592],[-117.0346,34.2592],[-117.0346,34.2591],[-117.0345,34.259],[-117.0345,34.2589],[-117.0344,34.2588],[-117.0343,34.2587],[-117.0343,34.2586],[-117.0342,34.2586],[-117.0341,34.2586],[-117.034,34.2586],[-117.0339,34.2585],[-117.0338,34.2585],[-117.0337,34.2585],[-117.0336,34.2585],[-117.0336,34.2586],[-117.0336,34.2587],[-117.0335,34.2588],[-117.0335,34.2589],[-117.0334,34.2589],[-117.0334,34.259],[-117.0333,34.259],[-117.0332,34.2591],[-117.0331,34.2591],[-117.033,34.2592],[-117.0329,34.2592],[-117.0328,34.2592],[-117.0327,34.2592],[-117.0326,34.2592],[-117.0325,34.2592],[-117.0325,34.2591],[-117.0325,34.259],[-117.0325,34.2589],[-117.0325,34.2588],[-117.0325,34.2587],[-117.0324,34.2587],[-117.0323,34.2586],[-117.0322,34.2585],[-117.0321,34.2585],[-117.032,34.2585],[-117.0319,34.2585],[-117.0318,34.2585],[-117.0317,34.2585],[-117.0316,34.2586],[-117.0315,34.2587],[-117.0314,34.2588],[-117.0312,34.2589],[-117.0311,34.259],[-117.0309,34.2592],[-117.0307,34.2593],[-117.0305,34.2593],[-117.0304,34.2594],[-117.0302,34.2594],[-117.03,34.2595],[-117.0299,34.2596],[-117.0298,34.2596],[-117.0297,34.2596],[-117.0296,34.2595],[-117.0295,34.2594],[-117.0294,34.2593],[-117.0292,34.2593],[-117.0291,34.2592],[-117.029,34.2592],[-117.0289,34.2591],[-117.0287,34.259],[-117.0286,34.2589],[-117.0284,34.2588],[-117.0283,34.2587],[-117.0281,34.2586],[-117.028,34.2585],[-117.0279,34.2584],[-117.0278,34.2584],[-117.0277,34.2583],[-117.0276,34.2583],[-117.0275,34.2582],[-117.0273,34.2582],[-117.0272,34.2582],[-117.0268,34.2582],[-117.0266,34.2582],[-117.0264,34.2582],[-117.0263,34.2582],[-117.0262,34.2583],[-117.0261,34.2583],[-117.026,34.2584],[-117.0259,34.2585],[-117.0257,34.2586],[-117.0256,34.2587],[-117.0255,34.2587],[-117.0254,34.2587],[-117.0253,34.2587],[-117.0251,34.2586],[-117.025,34.2586],[-117.0248,34.2585],[-117.0247,34.2585],[-117.0246,34.2585],[-117.0245,34.2585],[-117.0243,34.2586],[-117.0242,34.2586],[-117.0241,34.2587],[-117.024,34.2588],[-117.0237,34.2589],[-117.0236,34.259],[-117.0235,34.259],[-117.0234,34.2591],[-117.0233,34.2591],[-117.0233,34.2592],[-117.0232,34.2593],[-117.0231,34.2594],[-117.023,34.2595],[-117.0229,34.2595],[-117.0228,34.2596],[-117.0227,34.2597],[-117.0226,34.2598],[-117.0226,34.2599],[-117.0225,34.26],[-117.0224,34.2601],[-117.0223,34.2602],[-117.0222,34.2602],[-117.022,34.2603],[-117.0219,34.2603],[-117.0217,34.2603],[-117.0215,34.2603],[-117.0214,34.2602],[-117.0213,34.2602],[-117.0213,34.2603],[-117.0212,34.2603],[-117.0212,34.2604],[-117.0212,34.2605],[-117.0213,34.2605],[-117.0213,34.2606],[-117.0213,34.2607],[-117.0213,34.2608],[-117.0213,34.2609],[-117.0212,34.2608],[-117.0212,34.2607],[-117.0211,34.2607],[-117.021,34.2606],[-117.0209,34.2606],[-117.0207,34.2606],[-117.0206,34.2606],[-117.0204,34.2606],[-117.0202,34.2607],[-117.02,34.2607],[-117.0199,34.2607],[-117.0198,34.2608],[-117.0196,34.2608],[-117.0195,34.2608],[-117.0194,34.2608],[-117.0192,34.2608],[-117.0191,34.2609],[-117.019,34.2609],[-117.0188,34.261],[-117.0187,34.261],[-117.0186,34.261],[-117.0185,34.261],[-117.0184,34.261],[-117.0183,34.2609],[-117.0182,34.2609],[-117.0181,34.261],[-117.018,34.261],[-117.0179,34.2611],[-117.0177,34.2611],[-117.0176,34.2611],[-117.0174,34.2611],[-117.0172,34.2611],[-117.017,34.2611],[-117.0169,34.2612],[-117.0167,34.2612],[-117.0166,34.2613],[-117.0165,34.2614],[-117.0164,34.2615],[-117.0163,34.2615],[-117.0162,34.2615],[-117.0161,34.2615],[-117.0161,34.2616],[-117.0161,34.2617],[-117.0161,34.2618],[-117.016,34.2618],[-117.016,34.2619],[-117.0159,34.2619],[-117.0158,34.262],[-117.0158,34.2621],[-117.0157,34.2621],[-117.0157,34.2622],[-117.0156,34.2622],[-117.0155,34.2622],[-117.0154,34.2621],[-117.0153,34.2621],[-117.0152,34.2622],[-117.0151,34.2623],[-117.0149,34.2624],[-117.0146,34.2626],[-117.0145,34.2627],[-117.0143,34.2627],[-117.0142,34.2628],[-117.0141,34.2628],[-117.0139,34.2628],[-117.0138,34.2628],[-117.0136,34.2627],[-117.0134,34.2626],[-117.0133,34.2626],[-117.0131,34.2625],[-117.013,34.2625],[-117.0128,34.2624],[-117.0127,34.2624],[-117.0126,34.2624],[-117.0125,34.2624],[-117.0125,34.2625],[-117.0125,34.2626],[-117.0125,34.2627],[-117.0125,34.263],[-117.0126,34.2631],[-117.0126,34.2632],[-117.0125,34.2632],[-117.0124,34.2633],[-117.0122,34.2633],[-117.0122,34.2634],[-117.0121,34.2635],[-117.012,34.2636],[-117.012,34.2637],[-117.012,34.2638],[-117.012,34.2639],[-117.012,34.264],[-117.0119,34.2641],[-117.0119,34.2642],[-117.0118,34.2643],[-117.0117,34.2645],[-117.0114,34.265],[-117.0113,34.2651],[-117.0113,34.2652],[-117.0112,34.2653],[-117.0111,34.2654],[-117.011,34.2654],[-117.011,34.2655],[-117.0109,34.2655],[-117.0107,34.2655],[-117.0106,34.2656],[-117.0105,34.2656],[-117.0104,34.2657],[-117.0104,34.2658],[-117.0103,34.2659],[-117.0102,34.2659],[-117.0101,34.2659],[-117.01,34.2659],[-117.01,34.266],[-117.0099,34.266],[-117.0098,34.2661],[-117.0098,34.2662],[-117.0097,34.2662],[-117.0096,34.2662],[-117.0095,34.2663],[-117.0094,34.2663],[-117.0093,34.2664],[-117.0093,34.2666],[-117.0094,34.2668],[-117.0094,34.2669],[-117.0093,34.267],[-117.0093,34.2671],[-117.0092,34.2671],[-117.0091,34.2671],[-117.009,34.2672],[-117.0089,34.2672],[-117.0088,34.2673],[-117.0087,34.2673],[-117.0086,34.2674],[-117.0085,34.2674],[-117.0084,34.2673],[-117.0082,34.2672],[-117.0081,34.2672],[-117.008,34.2671],[-117.0079,34.2671],[-117.0078,34.2671],[-117.0077,34.2671],[-117.0076,34.2672],[-117.0075,34.2673],[-117.0074,34.2673],[-117.0073,34.2674],[-117.0072,34.2673],[-117.0071,34.2673],[-117.007,34.2672],[-117.0069,34.2671],[-117.0069,34.267],[-117.0069,34.2669],[-117.0068,34.2668],[-117.0067,34.2668],[-117.0067,34.2667],[-117.0066,34.2667],[-117.0064,34.2666],[-117.0063,34.2666],[-117.0062,34.2665],[-117.0061,34.2664],[-117.006,34.2663],[-117.0059,34.2663],[-117.0058,34.2662],[-117.0057,34.2662],[-117.0056,34.2661],[-117.0054,34.2661],[-117.0053,34.266],[-117.0052,34.266],[-117.0052,34.2659],[-117.0051,34.2659],[-117.0051,34.2658],[-117.0051,34.2657],[-117.005,34.2657],[-117.0049,34.2656],[-117.0048,34.2656],[-117.0048,34.2657],[-117.0047,34.2657],[-117.0047,34.2658],[-117.0047,34.2659],[-117.0047,34.266],[-117.0046,34.266],[-117.0045,34.266],[-117.0043,34.2661],[-117.0042,34.2661],[-117.0041,34.2661],[-117.004,34.2661],[-117.0039,34.2661],[-117.0039,34.2662],[-117.0038,34.2662],[-117.0037,34.2661],[-117.0036,34.2661],[-117.0034,34.266],[-117.0033,34.2659],[-117.0032,34.2658],[-117.0031,34.2657],[-117.003,34.2656],[-117.0026,34.2653],[-117.0025,34.2652],[-117.0025,34.2651],[-117.0024,34.2651],[-117.0024,34.265],[-117.0024,34.2649],[-117.0023,34.2648],[-117.0023,34.2647],[-117.0022,34.2647],[-117.0021,34.2647],[-117.0019,34.2648],[-117.0017,34.2648],[-117.0015,34.2649],[-117.0013,34.2649],[-117.0012,34.265],[-117.0011,34.265],[-117.001,34.265],[-117.001,34.2651],[-117.0009,34.2652],[-117.0008,34.2653],[-117.0008,34.2654],[-117.0007,34.2655],[-117.0006,34.2655],[-117.0005,34.2655],[-117.0005,34.2656],[-117.0004,34.2656],[-117.0003,34.2657],[-117.0002,34.2657],[-117,34.2658],[-116.9999,34.2658],[-116.9998,34.2658],[-116.9997,34.2658],[-116.9996,34.2658],[-116.9994,34.2658],[-116.9993,34.2658],[-116.9992,34.2657],[-116.9991,34.2657],[-116.999,34.2658],[-116.9988,34.2659],[-116.9986,34.266],[-116.9983,34.2661],[-116.9982,34.2661],[-116.9982,34.2662],[-116.9981,34.2662],[-116.998,34.2662],[-116.9979,34.2662],[-116.9978,34.2661],[-116.9977,34.2661],[-116.9976,34.2662],[-116.9975,34.2663],[-116.9973,34.2664],[-116.9972,34.2664],[-116.9971,34.2664],[-116.997,34.2663],[-116.9969,34.2663],[-116.9968,34.2663],[-116.9967,34.2663],[-116.9966,34.2664],[-116.9966,34.2665],[-116.9965,34.2666],[-116.9965,34.2667],[-116.9964,34.2668],[-116.9963,34.2669],[-116.9963,34.267],[-116.9962,34.267],[-116.9962,34.2671],[-116.996,34.2672],[-116.9959,34.2672],[-116.9958,34.2673],[-116.9957,34.2674],[-116.9956,34.2674],[-116.9954,34.2675],[-116.9954,34.2676],[-116.9953,34.2677],[-116.9953,34.2678],[-116.9953,34.2679],[-116.9953,34.268],[-116.9952,34.2681],[-116.9951,34.2681],[-116.995,34.2682],[-116.995,34.2683],[-116.9949,34.2684],[-116.9949,34.2685],[-116.9948,34.2686],[-116.9947,34.2686],[-116.9946,34.2686],[-116.9944,34.2686],[-116.9943,34.2686],[-116.9942,34.2686],[-116.9941,34.2686],[-116.994,34.2687],[-116.9939,34.2686],[-116.9938,34.2686],[-116.9936,34.2686],[-116.9936,34.2685],[-116.9935,34.2684],[-116.9934,34.2683],[-116.9933,34.2682],[-116.9932,34.2681],[-116.9931,34.2681],[-116.9931,34.268],[-116.993,34.268],[-116.9928,34.2679],[-116.9927,34.2679],[-116.9925,34.2679],[-116.9923,34.2679],[-116.9922,34.2679],[-116.992,34.268],[-116.9919,34.268],[-116.9918,34.2679],[-116.9917,34.2679],[-116.9916,34.2679],[-116.9915,34.2679],[-116.9914,34.268],[-116.9913,34.2681],[-116.9912,34.2682],[-116.9911,34.2683],[-116.991,34.2683],[-116.9909,34.2684],[-116.9908,34.2684],[-116.9908,34.2685],[-116.9907,34.2685],[-116.9906,34.2686],[-116.9905,34.2686],[-116.9904,34.2687],[-116.9903,34.2688],[-116.9902,34.2689],[-116.9902,34.269],[-116.9901,34.2691],[-116.9901,34.2692],[-116.9901,34.2693],[-116.9901,34.2694],[-116.9902,34.2695],[-116.9903,34.2696],[-116.9903,34.2697],[-116.9903,34.2698],[-116.9903,34.2699],[-116.9902,34.2699],[-116.9901,34.2699],[-116.99,34.2698],[-116.9899,34.2698],[-116.9898,34.2698],[-116.9897,34.2698],[-116.9897,34.2697],[-116.9897,34.2696],[-116.9897,34.2695],[-116.9897,34.2694],[-116.9898,34.2693],[-116.9898,34.2692],[-116.9898,34.2691],[-116.9898,34.269],[-116.9898,34.2689],[-116.9899,34.2688],[-116.9899,34.2686],[-116.99,34.2685],[-116.9899,34.2684],[-116.9898,34.2683],[-116.9897,34.2682],[-116.9896,34.2681],[-116.9895,34.2681],[-116.9895,34.268],[-116.9894,34.268],[-116.9894,34.2679],[-116.9892,34.2677],[-116.9891,34.2675],[-116.989,34.2674],[-116.9889,34.2673],[-116.9887,34.2672],[-116.9884,34.267],[-116.9882,34.267],[-116.9879,34.2669],[-116.9877,34.2669],[-116.9874,34.2668],[-116.9872,34.2668],[-116.9867,34.2667],[-116.9864,34.2666],[-116.9862,34.2666],[-116.986,34.2665],[-116.9858,34.2665],[-116.9857,34.2665],[-116.9857,34.2664],[-116.9856,34.2664],[-116.9855,34.2663],[-116.9852,34.2661],[-116.9851,34.2661],[-116.9847,34.2659],[-116.9843,34.2657],[-116.984,34.2656],[-116.9837,34.2655],[-116.9834,34.2653],[-116.9832,34.2652],[-116.9829,34.2652],[-116.9828,34.2651],[-116.9827,34.2651],[-116.9826,34.2651],[-116.9825,34.265],[-116.9823,34.2649],[-116.9822,34.2648],[-116.9821,34.2648],[-116.982,34.2648],[-116.9819,34.2648],[-116.9818,34.2649],[-116.9817,34.265],[-116.9817,34.2651],[-116.9817,34.2652],[-116.9817,34.2653],[-116.9817,34.2654],[-116.9818,34.2655],[-116.9817,34.2655],[-116.9817,34.2656],[-116.9816,34.2657],[-116.9814,34.2658],[-116.9812,34.2659],[-116.9811,34.2659],[-116.981,34.266],[-116.9809,34.2661],[-116.9808,34.2662],[-116.9807,34.2662],[-116.9806,34.2663],[-116.9805,34.2664],[-116.9804,34.2664],[-116.9803,34.2664],[-116.9803,34.2665],[-116.9801,34.2665],[-116.98,34.2666],[-116.9798,34.2667],[-116.9798,34.2668],[-116.9796,34.2668],[-116.9795,34.2669],[-116.9793,34.267],[-116.9791,34.2671],[-116.979,34.2672],[-116.9789,34.2673],[-116.9787,34.2675],[-116.9786,34.2677],[-116.9784,34.2679],[-116.9783,34.268],[-116.9782,34.2682],[-116.9781,34.2683],[-116.978,34.2684],[-116.9779,34.2685],[-116.9778,34.2685],[-116.9776,34.2685],[-116.9775,34.2686],[-116.9774,34.2687],[-116.9773,34.2688],[-116.9772,34.269],[-116.9771,34.2691],[-116.977,34.2693],[-116.977,34.2694],[-116.9769,34.2694],[-116.9769,34.2695],[-116.9768,34.2696],[-116.9767,34.2697],[-116.9766,34.2698],[-116.9765,34.2698],[-116.9764,34.2698],[-116.9763,34.2698],[-116.9761,34.2698],[-116.976,34.2698],[-116.976,34.2699],[-116.9759,34.2699],[-116.9758,34.27],[-116.9758,34.2701],[-116.9757,34.2701],[-116.9756,34.2701],[-116.9755,34.2702],[-116.9754,34.2702],[-116.9754,34.2703],[-116.9753,34.2704],[-116.9752,34.2705],[-116.9751,34.2706],[-116.975,34.2707],[-116.9749,34.2708],[-116.9748,34.2709],[-116.9748,34.271],[-116.9747,34.271],[-116.9746,34.271],[-116.9745,34.271],[-116.9745,34.2711],[-116.9744,34.2711],[-116.9744,34.2712],[-116.9743,34.2712],[-116.9742,34.2712],[-116.9741,34.2712],[-116.974,34.2713],[-116.9739,34.2714],[-116.9737,34.2716],[-116.9736,34.2718],[-116.9735,34.2718],[-116.9733,34.2719],[-116.9732,34.2719],[-116.973,34.2721],[-116.9727,34.2722],[-116.9724,34.2723],[-116.9723,34.2723],[-116.9722,34.2724],[-116.9721,34.2724],[-116.972,34.2724],[-116.9718,34.2725],[-116.9717,34.2726],[-116.9716,34.2727],[-116.9716,34.2728],[-116.9714,34.2728],[-116.9713,34.2729],[-116.9711,34.273],[-116.9709,34.2731],[-116.9708,34.2732],[-116.9707,34.2733],[-116.9706,34.2734],[-116.9704,34.2735],[-116.9701,34.2737],[-116.97,34.2737],[-116.9699,34.2737],[-116.9698,34.2737],[-116.9697,34.2737],[-116.9696,34.2737],[-116.9695,34.2737],[-116.9694,34.2737],[-116.9693,34.2737],[-116.9691,34.2737],[-116.969,34.2738],[-116.9689,34.2739],[-116.9687,34.2741],[-116.9686,34.2742],[-116.9684,34.2743],[-116.9683,34.2743],[-116.9682,34.2744],[-116.9681,34.2744],[-116.9678,34.2744],[-116.9676,34.2745],[-116.9673,34.2745],[-116.9671,34.2746],[-116.9669,34.2747],[-116.9667,34.2747],[-116.9666,34.2749],[-116.9664,34.275],[-116.9662,34.2751],[-116.9661,34.2752],[-116.9659,34.2753],[-116.9658,34.2754],[-116.9658,34.2755],[-116.9658,34.2756],[-116.9657,34.2757],[-116.9656,34.2758],[-116.9655,34.2758],[-116.9654,34.2759],[-116.9653,34.276],[-116.9653,34.2761],[-116.9653,34.2762],[-116.9652,34.2762],[-116.9651,34.2763],[-116.965,34.2763],[-116.9648,34.2763],[-116.9647,34.2764],[-116.9647,34.2765],[-116.9647,34.2766],[-116.9646,34.2766],[-116.9646,34.2767],[-116.9645,34.2768],[-116.9646,34.2769],[-116.9647,34.277],[-116.9647,34.2771],[-116.9647,34.2772],[-116.9647,34.2773],[-116.9646,34.2773],[-116.9646,34.2774],[-116.9645,34.2774],[-116.9644,34.2775],[-116.9643,34.2775],[-116.9643,34.2776],[-116.9643,34.2777],[-116.9643,34.2778],[-116.9644,34.2778],[-116.9645,34.2778],[-116.9645,34.2779],[-116.9645,34.278],[-116.9645,34.2781],[-116.9645,34.2782],[-116.9645,34.2784],[-116.9644,34.2785],[-116.9642,34.2786],[-116.964,34.2788],[-116.9638,34.279],[-116.9637,34.2792],[-116.9636,34.2793],[-116.9635,34.2794],[-116.9634,34.2794],[-116.9632,34.2795],[-116.963,34.2796],[-116.9628,34.2796],[-116.9628,34.2797],[-116.9626,34.2798],[-116.9625,34.2798],[-116.9624,34.2799],[-116.9623,34.2799],[-116.9621,34.2798],[-116.962,34.2798],[-116.9619,34.2798],[-116.9617,34.2796]]}},{"type":"Feature","properties":{"id":"2N43","name":"SAWPIT CANYON","kind":"road","access":"plate","seasonal":false},"geometry":{"type":"LineString","coordinates":[[-117.3284,34.2759],[-117.3285,34.2758],[-117.3286,34.2757],[-117.3287,34.2756],[-117.3288,34.2756],[-117.3289,34.2756],[-117.3291,34.2756],[-117.3292,34.2755],[-117.3293,34.2754],[-117.3294,34.2755],[-117.3295,34.2755],[-117.3295,34.2756],[-117.3296,34.2756],[-117.3297,34.2756],[-117.3298,34.2757],[-117.3299,34.2758],[-117.33,34.2758],[-117.3301,34.2758],[-117.3302,34.2757],[-117.3303,34.2757],[-117.3304,34.2756],[-117.3305,34.2755],[-117.3306,34.2754],[-117.3306,34.2753],[-117.3307,34.2753],[-117.3308,34.2753],[-117.3309,34.2753],[-117.331,34.2754],[-117.3311,34.2754],[-117.3312,34.2754],[-117.3313,34.2753],[-117.3314,34.2752],[-117.3316,34.2752],[-117.3317,34.2752],[-117.3318,34.2752],[-117.3319,34.2753],[-117.332,34.2754],[-117.3321,34.2754],[-117.3322,34.2754],[-117.3323,34.2754],[-117.3324,34.2754],[-117.3324,34.2753],[-117.3323,34.2753],[-117.3321,34.2752],[-117.332,34.2752],[-117.3319,34.2751],[-117.3318,34.2751],[-117.3317,34.275],[-117.3316,34.275],[-117.3315,34.275],[-117.3314,34.275],[-117.3313,34.2751],[-117.3311,34.2751],[-117.331,34.275],[-117.3309,34.275],[-117.3308,34.2749],[-117.3307,34.2749],[-117.3306,34.2749],[-117.3305,34.2749],[-117.3304,34.2749],[-117.3303,34.2749],[-117.3302,34.2749],[-117.3302,34.275],[-117.3301,34.2749],[-117.33,34.2748],[-117.3299,34.2748],[-117.3298,34.2748],[-117.3297,34.2747],[-117.3296,34.2746],[-117.3296,34.2745],[-117.3295,34.2744],[-117.3294,34.2744],[-117.3293,34.2744],[-117.3292,34.2745],[-117.3291,34.2746],[-117.329,34.2746],[-117.329,34.2747],[-117.3289,34.2746],[-117.3288,34.2746],[-117.3287,34.2746],[-117.3286,34.2747],[-117.3285,34.2747],[-117.3283,34.2747],[-117.3282,34.2747],[-117.3282,34.2748],[-117.3281,34.2748],[-117.3281,34.2749],[-117.328,34.2749],[-117.3279,34.2749],[-117.3278,34.2748],[-117.3277,34.2748],[-117.3277,34.2747],[-117.3277,34.2746],[-117.3278,34.2745],[-117.3278,34.2744],[-117.3278,34.2743],[-117.3278,34.2742],[-117.3278,34.2741],[-117.3279,34.2741],[-117.328,34.274],[-117.3281,34.274],[-117.3282,34.274],[-117.3283,34.274],[-117.3283,34.2739],[-117.3284,34.2739],[-117.3284,34.2738],[-117.3283,34.2738],[-117.3283,34.2737],[-117.3283,34.2736],[-117.3283,34.2735],[-117.3283,34.2734],[-117.3283,34.2733],[-117.3283,34.2732],[-117.3283,34.2731],[-117.3284,34.273],[-117.3283,34.2729],[-117.3283,34.2728],[-117.3283,34.2727],[-117.3283,34.2726],[-117.3283,34.2725],[-117.3284,34.2725],[-117.3284,34.2724],[-117.3283,34.2723],[-117.3283,34.2722],[-117.3282,34.2722],[-117.3281,34.2723],[-117.328,34.2723],[-117.3278,34.2723],[-117.3277,34.2723],[-117.3276,34.2723],[-117.3275,34.2723],[-117.3274,34.2722],[-117.3273,34.2721],[-117.3273,34.2719],[-117.3272,34.2718],[-117.3271,34.2718],[-117.3271,34.2717],[-117.327,34.2717],[-117.3269,34.2717],[-117.3268,34.2716],[-117.3267,34.2716],[-117.3266,34.2717],[-117.3265,34.2717],[-117.3264,34.2718],[-117.3263,34.272],[-117.3262,34.2721],[-117.3261,34.2721],[-117.3261,34.2722],[-117.326,34.2722],[-117.3259,34.2722],[-117.3259,34.2721],[-117.3259,34.272],[-117.326,34.272],[-117.3261,34.2719],[-117.3262,34.2717],[-117.3263,34.2716],[-117.3263,34.2715],[-117.3264,34.2714],[-117.3265,34.2714],[-117.3266,34.2713],[-117.3268,34.2713],[-117.3269,34.2713],[-117.3269,34.2712],[-117.327,34.2712],[-117.3271,34.2712],[-117.3272,34.2713],[-117.3274,34.2713],[-117.3275,34.2714],[-117.3276,34.2715],[-117.3277,34.2715],[-117.3278,34.2715],[-117.3279,34.2715],[-117.328,34.2715],[-117.3282,34.2715],[-117.3283,34.2714],[-117.3284,34.2714],[-117.3285,34.2714],[-117.3286,34.2714],[-117.3287,34.2714],[-117.3288,34.2714],[-117.3289,34.2713],[-117.329,34.2713],[-117.3291,34.2713],[-117.3292,34.2713],[-117.3292,34.2714],[-117.3293,34.2715],[-117.3294,34.2716],[-117.3294,34.2717],[-117.3295,34.2717],[-117.3295,34.2718],[-117.3296,34.2719],[-117.3297,34.2719],[-117.3298,34.2719],[-117.3299,34.2719],[-117.3301,34.2719],[-117.3302,34.2719],[-117.3304,34.2719],[-117.3305,34.2719],[-117.3306,34.2719],[-117.3307,34.272],[-117.3306,34.2721],[-117.3306,34.2722],[-117.3305,34.2722],[-117.3305,34.2723],[-117.3306,34.2724],[-117.3307,34.2724],[-117.3308,34.2724],[-117.3309,34.2723],[-117.3309,34.2722],[-117.331,34.2721],[-117.3311,34.272],[-117.3312,34.2719],[-117.3313,34.2719],[-117.3314,34.2719],[-117.3315,34.2719],[-117.3317,34.2719],[-117.3318,34.2719],[-117.3319,34.2719],[-117.332,34.2718],[-117.332,34.2717],[-117.3319,34.2716],[-117.3319,34.2715],[-117.3319,34.2714],[-117.3319,34.2713],[-117.332,34.2711],[-117.3321,34.271],[-117.3321,34.2709],[-117.3322,34.2708],[-117.3323,34.2708],[-117.3324,34.2708],[-117.3324,34.2707],[-117.3325,34.2707],[-117.3326,34.2706],[-117.3327,34.2706],[-117.3328,34.2705],[-117.3329,34.2704],[-117.333,34.2703],[-117.333,34.2702],[-117.3329,34.2701],[-117.3329,34.27],[-117.3329,34.2699],[-117.333,34.2699],[-117.3331,34.2698],[-117.3331,34.2697],[-117.3332,34.2697],[-117.3332,34.2696],[-117.3332,34.2695],[-117.3333,34.2695],[-117.3333,34.2694],[-117.3333,34.2693],[-117.3333,34.2692],[-117.3332,34.2691],[-117.3332,34.269],[-117.3333,34.269],[-117.3333,34.2689],[-117.3334,34.2689],[-117.3335,34.2689],[-117.3336,34.2689],[-117.3337,34.2689],[-117.3338,34.2688],[-117.3339,34.2688],[-117.3339,34.2687],[-117.3339,34.2686],[-117.3339,34.2685],[-117.3339,34.2684],[-117.3338,34.2683],[-117.3337,34.2682],[-117.3336,34.268],[-117.3335,34.2679],[-117.3336,34.2678],[-117.3337,34.2677],[-117.3338,34.2676],[-117.3339,34.2676],[-117.3341,34.2676],[-117.3341,34.2675],[-117.3342,34.2674],[-117.3342,34.2673],[-117.3343,34.2672],[-117.3344,34.2671],[-117.3344,34.267],[-117.3345,34.267],[-117.3345,34.2669],[-117.3344,34.2668],[-117.3343,34.2667],[-117.3343,34.2666],[-117.3342,34.2666],[-117.3342,34.2665],[-117.3342,34.2664],[-117.3342,34.2663],[-117.3342,34.2662],[-117.3343,34.2661]]}},{"type":"Feature","properties":{"id":"2N45","name":"NORTH SPUR","kind":"road","access":"plate","seasonal":false},"geometry":{"type":"LineString","coordinates":[[-117.3547,34.2737],[-117.3548,34.2737],[-117.3549,34.2737],[-117.355,34.2737],[-117.3551,34.2737],[-117.3552,34.2737],[-117.3554,34.2737],[-117.3554,34.2736],[-117.3554,34.2735],[-117.3555,34.2735],[-117.3556,34.2735],[-117.3558,34.2734],[-117.356,34.2733],[-117.3562,34.2733],[-117.3563,34.2732],[-117.3564,34.2732],[-117.3565,34.2732],[-117.3566,34.2733],[-117.3566,34.2734],[-117.3567,34.2734],[-117.3568,34.2734],[-117.3568,34.2733],[-117.3568,34.2732],[-117.3567,34.2731],[-117.3567,34.273],[-117.3566,34.273],[-117.3565,34.2729],[-117.3564,34.2729],[-117.3563,34.2729],[-117.3562,34.2729],[-117.3561,34.2729],[-117.356,34.2729],[-117.3559,34.2729],[-117.3559,34.2728],[-117.3558,34.2728],[-117.3557,34.2727],[-117.3557,34.2726],[-117.3556,34.2725],[-117.3555,34.2725],[-117.3554,34.2725],[-117.3553,34.2724],[-117.3552,34.2723],[-117.3552,34.2722],[-117.3551,34.2722],[-117.355,34.2723],[-117.3549,34.2724],[-117.3548,34.2724],[-117.3547,34.2724],[-117.3546,34.2724],[-117.3545,34.2724],[-117.3544,34.2723],[-117.3544,34.2722],[-117.3545,34.2722],[-117.3546,34.2722],[-117.3547,34.2722],[-117.3548,34.2722],[-117.3549,34.2721],[-117.3549,34.272],[-117.355,34.272],[-117.3551,34.2719],[-117.3553,34.2719],[-117.3554,34.2718],[-117.3555,34.2718],[-117.3556,34.2719],[-117.3557,34.2719],[-117.3558,34.272],[-117.3559,34.272],[-117.356,34.2721],[-117.3561,34.2721],[-117.3562,34.2721],[-117.3563,34.2721],[-117.3564,34.2721],[-117.3565,34.2721],[-117.3566,34.2721],[-117.3567,34.272],[-117.3567,34.2719],[-117.3566,34.2719],[-117.3565,34.2719],[-117.3564,34.2719],[-117.3563,34.2718],[-117.3562,34.2718],[-117.3561,34.2717],[-117.3561,34.2716],[-117.356,34.2715],[-117.3559,34.2715],[-117.356,34.2714],[-117.3561,34.2714],[-117.3563,34.2715],[-117.3564,34.2715],[-117.3566,34.2716],[-117.3567,34.2716],[-117.3568,34.2716],[-117.3569,34.2716],[-117.357,34.2715],[-117.3571,34.2715],[-117.3572,34.2715],[-117.3573,34.2715],[-117.3574,34.2714],[-117.3575,34.2714],[-117.3576,34.2714],[-117.3577,34.2714],[-117.3577,34.2713],[-117.3576,34.2712],[-117.3575,34.2712],[-117.3574,34.2712],[-117.3574,34.2711],[-117.3572,34.2711],[-117.3571,34.2711],[-117.357,34.2711],[-117.3569,34.2711],[-117.3568,34.271],[-117.3568,34.2709],[-117.3569,34.2709],[-117.3571,34.2709],[-117.3572,34.2709],[-117.3573,34.2709],[-117.3574,34.2708],[-117.3575,34.2708],[-117.3576,34.2708],[-117.3578,34.2708],[-117.358,34.2708],[-117.3581,34.2708],[-117.3583,34.2708],[-117.3584,34.2708],[-117.3585,34.2707],[-117.3585,34.2706],[-117.3584,34.2706],[-117.3583,34.2706],[-117.3581,34.2706],[-117.358,34.2706],[-117.3579,34.2705],[-117.3578,34.2705],[-117.3577,34.2705],[-117.3576,34.2704],[-117.3577,34.2704],[-117.3578,34.2704],[-117.3579,34.2704],[-117.358,34.2704],[-117.3582,34.2704],[-117.3583,34.2703],[-117.3585,34.2703],[-117.3586,34.2702],[-117.3587,34.2702],[-117.3588,34.2701],[-117.359,34.2701],[-117.3591,34.27],[-117.3593,34.27],[-117.3594,34.27],[-117.3595,34.27],[-117.3595,34.2701],[-117.3596,34.2701],[-117.3596,34.2702],[-117.3597,34.2702],[-117.3597,34.2703],[-117.3598,34.2703],[-117.3599,34.2703],[-117.36,34.2702],[-117.3601,34.2701],[-117.3601,34.27],[-117.3602,34.27],[-117.3603,34.2699],[-117.3603,34.2698],[-117.3605,34.2697],[-117.3606,34.2697],[-117.3607,34.2698],[-117.3607,34.2699],[-117.3607,34.27],[-117.3608,34.2701],[-117.3609,34.2701],[-117.361,34.2701],[-117.3611,34.27],[-117.3613,34.27],[-117.3614,34.2699],[-117.3615,34.2699],[-117.3615,34.2698],[-117.3616,34.2697],[-117.3616,34.2696],[-117.3616,34.2695],[-117.3616,34.2694],[-117.3617,34.2693],[-117.3617,34.2692],[-117.3618,34.2692],[-117.3619,34.2692],[-117.362,34.2692],[-117.3621,34.2692],[-117.3622,34.2692],[-117.3623,34.2693],[-117.3624,34.2693],[-117.3625,34.2692],[-117.3626,34.2692],[-117.3627,34.2691],[-117.3627,34.269],[-117.3628,34.269],[-117.3629,34.269],[-117.363,34.269],[-117.3631,34.2689],[-117.3631,34.2688],[-117.363,34.2687],[-117.3629,34.2687],[-117.3628,34.2686],[-117.3627,34.2686],[-117.3626,34.2685],[-117.3626,34.2684],[-117.3627,34.2683],[-117.3628,34.2683],[-117.3629,34.2683],[-117.363,34.2683],[-117.363,34.2682],[-117.3631,34.2682],[-117.3632,34.2681],[-117.3633,34.268],[-117.3633,34.2679],[-117.3633,34.2678],[-117.3632,34.2677],[-117.3632,34.2676],[-117.3631,34.2675],[-117.363,34.2674],[-117.3629,34.2673],[-117.3628,34.2672],[-117.3627,34.2671],[-117.3625,34.267],[-117.3624,34.2669],[-117.3623,34.2668],[-117.3622,34.2667],[-117.3621,34.2665],[-117.362,34.2664],[-117.3619,34.2662],[-117.3619,34.2661],[-117.3618,34.266],[-117.3617,34.2659],[-117.3616,34.2658],[-117.3615,34.2657],[-117.3613,34.2656],[-117.3612,34.2654],[-117.3611,34.2653],[-117.3611,34.2652],[-117.3611,34.2651],[-117.3611,34.265],[-117.3611,34.2649],[-117.3611,34.2647],[-117.3612,34.2647],[-117.3612,34.2646],[-117.3612,34.2645],[-117.3612,34.2644],[-117.3612,34.2642],[-117.3612,34.2641],[-117.3612,34.264],[-117.3612,34.2638],[-117.3611,34.2638],[-117.3611,34.2637],[-117.361,34.2637],[-117.3608,34.2637],[-117.3607,34.2637],[-117.3607,34.2636],[-117.3608,34.2636],[-117.361,34.2636],[-117.3611,34.2636],[-117.3612,34.2636],[-117.3613,34.2637],[-117.3613,34.2638],[-117.3614,34.2638],[-117.3615,34.264],[-117.3615,34.2641],[-117.3616,34.2642],[-117.3616,34.2643],[-117.3616,34.2644],[-117.3616,34.2645],[-117.3617,34.2645],[-117.3617,34.2646],[-117.3617,34.2647],[-117.3618,34.2647],[-117.362,34.2647],[-117.362,34.2648],[-117.3621,34.2648],[-117.3622,34.2648],[-117.3623,34.2648],[-117.3624,34.2648],[-117.3625,34.2648],[-117.3625,34.2647],[-117.3626,34.2646],[-117.3627,34.2645],[-117.3628,34.2644],[-117.3628,34.2643],[-117.3628,34.2642],[-117.3628,34.2641],[-117.3627,34.264],[-117.3626,34.264],[-117.3625,34.264],[-117.3625,34.2641],[-117.3624,34.2641],[-117.3623,34.2642],[-117.3622,34.2642],[-117.3621,34.2642],[-117.3621,34.2641],[-117.3621,34.264],[-117.3622,34.2639],[-117.3623,34.2639],[-117.3624,34.2639],[-117.3625,34.2639],[-117.3625,34.2638],[-117.3626,34.2638],[-117.3626,34.2637],[-117.3627,34.2637],[-117.3628,34.2637],[-117.363,34.2637],[-117.3631,34.2638],[-117.3632,34.2638],[-117.3633,34.2638],[-117.3634,34.2638],[-117.3635,34.2638],[-117.3636,34.2637],[-117.3637,34.2636],[-117.3638,34.2636],[-117.3639,34.2636],[-117.3639,34.2637],[-117.364,34.2637],[-117.3641,34.2638],[-117.3641,34.2637],[-117.364,34.2637],[-117.364,34.2636],[-117.3639,34.2636],[-117.3639,34.2635],[-117.3639,34.2634],[-117.3638,34.2634],[-117.3637,34.2634],[-117.3636,34.2634],[-117.3635,34.2634],[-117.3634,34.2634],[-117.3633,34.2634],[-117.3632,34.2633],[-117.3631,34.2632],[-117.363,34.2632],[-117.3629,34.2631],[-117.3629,34.263],[-117.3628,34.263],[-117.3628,34.2629],[-117.3627,34.2629],[-117.3627,34.2628],[-117.3626,34.2627],[-117.3626,34.2626],[-117.3625,34.2625],[-117.3624,34.2624],[-117.3623,34.2623],[-117.3623,34.2622],[-117.3624,34.2621],[-117.3625,34.2621],[-117.3626,34.2621],[-117.3627,34.2621],[-117.3629,34.2621],[-117.363,34.2621],[-117.3632,34.2621],[-117.3633,34.2621],[-117.3633,34.2622],[-117.3635,34.2622],[-117.3636,34.2623],[-117.3637,34.2622],[-117.3638,34.2621],[-117.3638,34.262],[-117.3639,34.262],[-117.364,34.2619],[-117.3641,34.262],[-117.3642,34.262],[-117.3643,34.2621],[-117.3644,34.262],[-117.3645,34.262],[-117.3646,34.2619],[-117.3647,34.2618],[-117.3648,34.2618],[-117.365,34.2618],[-117.3652,34.2618],[-117.3654,34.2618],[-117.3656,34.2617],[-117.3657,34.2617],[-117.3663,34.2616],[-117.3664,34.2615],[-117.3666,34.2615],[-117.3668,34.2614],[-117.367,34.2614],[-117.3671,34.2613],[-117.3671,34.2612],[-117.3672,34.2611],[-117.3673,34.261],[-117.3675,34.2609],[-117.3676,34.2609],[-117.3678,34.2609],[-117.3679,34.2608],[-117.368,34.2607],[-117.3681,34.2607],[-117.3682,34.2607],[-117.3684,34.2608],[-117.3685,34.2609],[-117.3687,34.2609],[-117.3688,34.261],[-117.3689,34.261],[-117.3691,34.261],[-117.3693,34.261],[-117.3694,34.261],[-117.3696,34.261],[-117.3698,34.261],[-117.37,34.2611],[-117.3702,34.2611],[-117.3703,34.2611],[-117.3704,34.2612],[-117.3705,34.2612],[-117.3706,34.2613],[-117.3707,34.2614],[-117.3708,34.2614]]}},{"type":"Feature","properties":{"id":"2N26Y","name":"HOOK CREEK","kind":"road","access":"plate","seasonal":false},"geometry":{"type":"LineString","coordinates":[[-117.139,34.268],[-117.139,34.2681],[-117.139,34.2682],[-117.139,34.2683],[-117.1389,34.2683],[-117.1389,34.2684],[-117.1388,34.2684],[-117.1387,34.2685],[-117.1387,34.2686],[-117.1387,34.2689],[-117.1387,34.269],[-117.1387,34.2691],[-117.1386,34.2692],[-117.1385,34.2693],[-117.1384,34.2693],[-117.1384,34.2694],[-117.1383,34.2694],[-117.1382,34.2694],[-117.1381,34.2696],[-117.138,34.2697],[-117.1379,34.2698]]}},{"type":"Feature","properties":{"id":"2N75","name":"ASH MEADOWS","kind":"road","access":"green","seasonal":false},"geometry":{"type":"LineString","coordinates":[[-117.1576,34.2931],[-117.1575,34.293],[-117.1574,34.293],[-117.1573,34.2929],[-117.1573,34.2928],[-117.1571,34.2928],[-117.157,34.2927],[-117.1569,34.2926],[-117.1568,34.2926],[-117.1567,34.2926],[-117.1566,34.2926],[-117.1565,34.2926],[-117.1564,34.2926],[-117.1563,34.2925],[-117.1562,34.2925],[-117.1559,34.2923],[-117.1557,34.2921],[-117.1555,34.2921],[-117.1554,34.292],[-117.1553,34.2919],[-117.1552,34.2915],[-117.1552,34.2914],[-117.1552,34.2913],[-117.1553,34.2913],[-117.1554,34.2912],[-117.1555,34.2911],[-117.1556,34.291],[-117.1557,34.2909],[-117.1557,34.2908],[-117.1557,34.2907],[-117.1557,34.2906],[-117.1558,34.2905],[-117.1558,34.2904],[-117.1559,34.2903],[-117.1562,34.29],[-117.1563,34.2899],[-117.1563,34.2898],[-117.1563,34.2897],[-117.1562,34.2896],[-117.1561,34.2895],[-117.1561,34.2894],[-117.1561,34.2893],[-117.1562,34.2891],[-117.1563,34.289],[-117.1564,34.2889],[-117.1565,34.2889],[-117.1566,34.2889],[-117.1567,34.2889],[-117.1568,34.2888],[-117.1569,34.2888],[-117.157,34.2887],[-117.1571,34.2887],[-117.1571,34.2886],[-117.1572,34.2884],[-117.1572,34.2883],[-117.1573,34.2882],[-117.1574,34.2882],[-117.1575,34.2881],[-117.1576,34.2881],[-117.1577,34.2881],[-117.1579,34.2881],[-117.158,34.2881],[-117.1581,34.288],[-117.1583,34.2879],[-117.1585,34.2878],[-117.1586,34.2877],[-117.1587,34.2875],[-117.1587,34.2874],[-117.1587,34.2873],[-117.1587,34.2869],[-117.1587,34.2867],[-117.1587,34.2866],[-117.1587,34.2864],[-117.1586,34.2864],[-117.1586,34.2863],[-117.1586,34.2862],[-117.1586,34.2861],[-117.1586,34.286],[-117.1586,34.2859],[-117.1587,34.2857],[-117.1587,34.2856],[-117.1588,34.2855],[-117.1589,34.2853],[-117.159,34.2852],[-117.1593,34.2851],[-117.1594,34.285],[-117.1595,34.2849],[-117.1597,34.2848],[-117.1598,34.2848],[-117.16,34.2846],[-117.1602,34.2845],[-117.1604,34.2844],[-117.1606,34.2843],[-117.1606,34.2842],[-117.1607,34.2841],[-117.1607,34.284],[-117.1608,34.2839],[-117.1613,34.2835],[-117.1614,34.2834],[-117.1615,34.2834],[-117.1617,34.2834],[-117.1619,34.2834],[-117.1621,34.2834],[-117.1622,34.2834],[-117.1623,34.2835],[-117.1624,34.2835],[-117.1625,34.2834],[-117.1626,34.2834],[-117.1626,34.2833],[-117.1628,34.2832],[-117.1629,34.2831],[-117.1631,34.2831],[-117.1632,34.2831],[-117.1634,34.2832],[-117.1636,34.2833],[-117.1637,34.2833],[-117.1638,34.2833],[-117.1639,34.2834],[-117.164,34.2833],[-117.1642,34.2833],[-117.1643,34.2832],[-117.1644,34.2832],[-117.1645,34.2833],[-117.1646,34.2833],[-117.1647,34.2833],[-117.1648,34.2833],[-117.1649,34.2833],[-117.165,34.2832],[-117.1652,34.2832],[-117.1653,34.2832],[-117.1654,34.2832],[-117.1655,34.2831],[-117.1656,34.2831],[-117.1657,34.283],[-117.1658,34.2829],[-117.166,34.2829],[-117.1661,34.2828],[-117.1664,34.2829],[-117.1666,34.2829],[-117.1667,34.2828],[-117.1668,34.2828],[-117.1668,34.2826],[-117.167,34.2825],[-117.1671,34.2824],[-117.1672,34.2824],[-117.1673,34.2824],[-117.1675,34.2824],[-117.1676,34.2824],[-117.1678,34.2824],[-117.168,34.2825],[-117.1682,34.2825],[-117.1683,34.2825],[-117.1685,34.2826],[-117.1688,34.2826],[-117.1689,34.2826],[-117.169,34.2825],[-117.1691,34.2825],[-117.1692,34.2824],[-117.1693,34.2824],[-117.1695,34.2823],[-117.1696,34.2823],[-117.1698,34.2822],[-117.1699,34.2821],[-117.1699,34.282],[-117.17,34.2819],[-117.17,34.2817],[-117.17,34.2816],[-117.17,34.2815],[-117.1699,34.2813],[-117.1698,34.2812],[-117.1697,34.2811],[-117.1697,34.281]]}},{"type":"Feature","properties":{"id":"2N75","name":"ASH MEADOWS","kind":"road","access":"plate","seasonal":false},"geometry":{"type":"LineString","coordinates":[[-117.1697,34.281],[-117.1696,34.2809],[-117.1697,34.2809],[-117.1697,34.2808],[-117.1697,34.2806],[-117.1698,34.2805],[-117.1698,34.2804],[-117.1699,34.2803],[-117.17,34.2802],[-117.1701,34.2801],[-117.1702,34.28],[-117.1703,34.28],[-117.1703,34.2799],[-117.1704,34.2798],[-117.1705,34.2797],[-117.1706,34.2794],[-117.1708,34.2793],[-117.1709,34.2792],[-117.1711,34.2791],[-117.1712,34.279],[-117.1713,34.279],[-117.1714,34.2789],[-117.1716,34.2787],[-117.1718,34.2786],[-117.1718,34.2785],[-117.1719,34.2784],[-117.172,34.2783],[-117.1721,34.2781],[-117.1721,34.278],[-117.1722,34.2779],[-117.1723,34.2779],[-117.1726,34.2779],[-117.1729,34.2779]]}},{"type":"Feature","properties":{"id":"2N35Y","name":"NORTH FORK","kind":"road","access":"plate","seasonal":false},"geometry":{"type":"LineString","coordinates":[[-117.0637,34.2235],[-117.0636,34.2235],[-117.0634,34.2234],[-117.0633,34.2234],[-117.0632,34.2235],[-117.0631,34.2236],[-117.063,34.2236],[-117.063,34.2237],[-117.0629,34.2237],[-117.0629,34.2238],[-117.0628,34.2238],[-117.0627,34.2238],[-117.0626,34.2237],[-117.0626,34.2236],[-117.0626,34.2235],[-117.0625,34.2235],[-117.0624,34.2235],[-117.0623,34.2235],[-117.0624,34.2234],[-117.0625,34.2233],[-117.0624,34.2232],[-117.0624,34.2231],[-117.0624,34.223],[-117.0623,34.223],[-117.0622,34.223],[-117.0622,34.2231],[-117.0622,34.2232],[-117.0621,34.2232],[-117.062,34.2232],[-117.0619,34.2232],[-117.0618,34.2232],[-117.0617,34.2233],[-117.0616,34.2233],[-117.0615,34.2233],[-117.0614,34.2233],[-117.0613,34.2233],[-117.0613,34.2232],[-117.0613,34.2231],[-117.0613,34.223],[-117.0614,34.223],[-117.0615,34.223],[-117.0616,34.223],[-117.0616,34.2229],[-117.0617,34.2229],[-117.0617,34.2228],[-117.0617,34.2227],[-117.0618,34.2226],[-117.0618,34.2225],[-117.0619,34.2225],[-117.0619,34.2224],[-117.0619,34.2223],[-117.062,34.2222],[-117.062,34.2221],[-117.0619,34.222],[-117.0619,34.2219],[-117.0617,34.2218],[-117.0616,34.2217],[-117.0615,34.2216],[-117.0614,34.2216],[-117.0613,34.2216],[-117.0613,34.2215],[-117.0612,34.2215],[-117.0612,34.2214],[-117.0613,34.2214],[-117.0614,34.2214],[-117.0616,34.2213],[-117.0617,34.2213],[-117.0618,34.2213],[-117.062,34.2212],[-117.0621,34.2212],[-117.0622,34.2211],[-117.0623,34.2211],[-117.0623,34.221],[-117.0623,34.2209],[-117.0624,34.2208],[-117.0625,34.2207],[-117.0626,34.2207],[-117.0627,34.2208],[-117.0627,34.2209],[-117.0626,34.2209],[-117.0625,34.221],[-117.0624,34.221],[-117.0624,34.2211],[-117.0623,34.2211]]}},{"type":"Feature","properties":{"id":"2N19","name":"LITTLE GREEN VALLEY","kind":"road","access":"plate","seasonal":false},"geometry":{"type":"LineString","coordinates":[[-117.0855,34.2236],[-117.0855,34.2237],[-117.0855,34.2238],[-117.0856,34.2238],[-117.0857,34.2238],[-117.0858,34.2238],[-117.0858,34.2237],[-117.0859,34.2237],[-117.086,34.2236],[-117.0862,34.2236],[-117.0863,34.2236],[-117.0864,34.2237],[-117.0865,34.2238],[-117.0864,34.2239],[-117.0865,34.224],[-117.0866,34.2241],[-117.0867,34.2242],[-117.0867,34.2243],[-117.0866,34.2243],[-117.0866,34.2244],[-117.0865,34.2244],[-117.0864,34.2244],[-117.0863,34.2244],[-117.0863,34.2245],[-117.0862,34.2245],[-117.0863,34.2246],[-117.0864,34.2247],[-117.0864,34.2248],[-117.0863,34.2249],[-117.0862,34.225],[-117.0861,34.225],[-117.086,34.2249],[-117.0859,34.2249],[-117.0858,34.2249],[-117.0857,34.2249],[-117.0856,34.2249],[-117.0855,34.2249],[-117.0854,34.225],[-117.0853,34.225],[-117.0852,34.2251],[-117.0851,34.225],[-117.085,34.225],[-117.0848,34.2251],[-117.0846,34.2251],[-117.0845,34.2251],[-117.0844,34.2251],[-117.0843,34.225],[-117.0842,34.225],[-117.0841,34.225],[-117.084,34.2251],[-117.0839,34.2252],[-117.0837,34.2253],[-117.0836,34.2254],[-117.0834,34.2255],[-117.0833,34.2255],[-117.0832,34.2256],[-117.0831,34.2256],[-117.083,34.2257],[-117.083,34.2258],[-117.083,34.2259],[-117.0829,34.2259],[-117.0828,34.2259],[-117.0826,34.226],[-117.0825,34.226],[-117.0824,34.226],[-117.0823,34.226],[-117.0822,34.2261],[-117.0821,34.2262],[-117.0821,34.2263],[-117.0821,34.2264],[-117.0821,34.2265],[-117.082,34.2266],[-117.0818,34.2266],[-117.0817,34.2267],[-117.0816,34.2267],[-117.0816,34.2268],[-117.0815,34.2269],[-117.0814,34.2269],[-117.0813,34.2268],[-117.0812,34.2268],[-117.0811,34.2268],[-117.081,34.2268],[-117.081,34.2269],[-117.081,34.227],[-117.081,34.2271],[-117.081,34.2272],[-117.081,34.2273],[-117.0809,34.2273],[-117.0809,34.2274],[-117.0808,34.2274],[-117.0807,34.2274],[-117.0806,34.2274],[-117.0805,34.2275],[-117.0804,34.2275],[-117.0803,34.2276],[-117.0802,34.2276],[-117.0801,34.2276],[-117.08,34.2276],[-117.0799,34.2276],[-117.0798,34.2276],[-117.0797,34.2276],[-117.0795,34.2277],[-117.0794,34.2277],[-117.0793,34.2277],[-117.0792,34.2278],[-117.0791,34.2278],[-117.079,34.2279],[-117.0789,34.2279],[-117.0786,34.2279],[-117.0785,34.2279],[-117.0784,34.2279],[-117.0782,34.2279],[-117.0781,34.228],[-117.0779,34.2281],[-117.0778,34.2282],[-117.0777,34.2283],[-117.0776,34.2284],[-117.0775,34.2286],[-117.0775,34.2287],[-117.0774,34.2289],[-117.0774,34.2291],[-117.0773,34.2292],[-117.0773,34.2293],[-117.0772,34.2294],[-117.0771,34.2295],[-117.0771,34.2296],[-117.0771,34.2297],[-117.0771,34.2298],[-117.0771,34.23],[-117.077,34.23],[-117.077,34.2301],[-117.0769,34.2301],[-117.0768,34.2301],[-117.0766,34.2301],[-117.0765,34.2302],[-117.0764,34.2302],[-117.0763,34.2303],[-117.0761,34.2303],[-117.0761,34.2304],[-117.076,34.2304],[-117.0759,34.2306],[-117.0758,34.2307],[-117.0756,34.2307],[-117.0754,34.2308],[-117.0751,34.2308],[-117.0749,34.2308],[-117.0748,34.2308],[-117.0746,34.2309],[-117.0745,34.2309],[-117.0745,34.231],[-117.0744,34.2311],[-117.0743,34.2312],[-117.0743,34.2313],[-117.0743,34.2314],[-117.0742,34.2314],[-117.0741,34.2314],[-117.0739,34.2314],[-117.0738,34.2314],[-117.0738,34.2315],[-117.0737,34.2315],[-117.0737,34.2316],[-117.0736,34.2317],[-117.0735,34.2318],[-117.0735,34.2319],[-117.0734,34.2319],[-117.0733,34.2319],[-117.0732,34.2319],[-117.0731,34.2319],[-117.073,34.232],[-117.0729,34.2321],[-117.0728,34.2323],[-117.0727,34.2324],[-117.0726,34.2325],[-117.0725,34.2326],[-117.0725,34.2327],[-117.0724,34.2327],[-117.0723,34.2327],[-117.0722,34.2327],[-117.072,34.2327],[-117.0719,34.2327],[-117.0718,34.2327],[-117.0716,34.2328],[-117.0715,34.2328],[-117.0714,34.2329],[-117.0713,34.2329],[-117.0711,34.233],[-117.071,34.2331],[-117.0709,34.2332],[-117.0708,34.2332],[-117.0708,34.2333],[-117.0707,34.2333],[-117.0706,34.2333],[-117.0706,34.2332],[-117.0705,34.2332],[-117.0704,34.2332],[-117.0702,34.2332],[-117.0701,34.2333],[-117.07,34.2333],[-117.0699,34.2332],[-117.0698,34.2332],[-117.0697,34.2332],[-117.0696,34.2332],[-117.0695,34.2333],[-117.0694,34.2333],[-117.0693,34.2334],[-117.0691,34.2334],[-117.069,34.2334],[-117.0689,34.2334],[-117.0688,34.2335],[-117.0687,34.2335],[-117.0686,34.2336],[-117.0685,34.2336],[-117.0684,34.2336],[-117.0683,34.2336],[-117.0682,34.2336],[-117.0681,34.2336],[-117.068,34.2336],[-117.0679,34.2336],[-117.0677,34.2335],[-117.0676,34.2334],[-117.0675,34.2334],[-117.0673,34.2334],[-117.0672,34.2333],[-117.0671,34.2334],[-117.0668,34.2334],[-117.0666,34.2334],[-117.0665,34.2334],[-117.0664,34.2334],[-117.0663,34.2334],[-117.0662,34.2334],[-117.0661,34.2334],[-117.066,34.2334],[-117.0659,34.2334],[-117.0658,34.2333],[-117.0657,34.2333],[-117.0656,34.2333],[-117.0655,34.2334],[-117.0654,34.2335],[-117.0652,34.2335],[-117.0651,34.2335],[-117.065,34.2336],[-117.0649,34.2336],[-117.0648,34.2336],[-117.0647,34.2336],[-117.0646,34.2336],[-117.0645,34.2336],[-117.0644,34.2336],[-117.0643,34.2336],[-117.0643,34.2335],[-117.0642,34.2334],[-117.0641,34.2333],[-117.064,34.2333],[-117.064,34.2332],[-117.0638,34.2332],[-117.0637,34.2332],[-117.0635,34.2331],[-117.0634,34.2331],[-117.0634,34.233],[-117.0633,34.2329],[-117.0631,34.2329],[-117.063,34.2329],[-117.0629,34.2328],[-117.0628,34.2329],[-117.0627,34.2329],[-117.0626,34.2329],[-117.0625,34.233],[-117.0624,34.233],[-117.0623,34.233],[-117.0622,34.233],[-117.0622,34.2329],[-117.0622,34.2328],[-117.0622,34.2327],[-117.0623,34.2326],[-117.0624,34.2326],[-117.0625,34.2325],[-117.0627,34.2324],[-117.0629,34.2322],[-117.0631,34.2322],[-117.0632,34.232],[-117.0633,34.2319],[-117.0634,34.2319],[-117.0634,34.2318],[-117.0634,34.2316],[-117.0634,34.2314],[-117.0633,34.2314],[-117.0633,34.2313],[-117.0632,34.2313],[-117.0631,34.2312],[-117.063,34.2312],[-117.063,34.2313],[-117.0629,34.2313],[-117.0628,34.2315],[-117.0627,34.2316],[-117.0626,34.2316],[-117.0625,34.2317],[-117.0624,34.2316],[-117.0622,34.2316],[-117.0621,34.2316],[-117.0619,34.2316],[-117.0618,34.2316],[-117.0617,34.2317],[-117.0615,34.2317],[-117.0614,34.2317],[-117.0613,34.2317],[-117.0612,34.2317],[-117.0611,34.2316],[-117.0609,34.2315],[-117.0608,34.2315],[-117.0607,34.2315],[-117.0606,34.2315],[-117.0605,34.2315],[-117.0604,34.2315],[-117.0603,34.2315],[-117.0602,34.2314],[-117.0601,34.2313],[-117.06,34.2313],[-117.0598,34.2314],[-117.0597,34.2314],[-117.0596,34.2314],[-117.0595,34.2315],[-117.0594,34.2315],[-117.0593,34.2314],[-117.0592,34.2314],[-117.0591,34.2314],[-117.059,34.2314],[-117.0589,34.2315],[-117.0588,34.2316],[-117.0587,34.2316],[-117.0586,34.2316],[-117.0585,34.2316],[-117.0584,34.2316],[-117.0583,34.2316],[-117.0582,34.2316],[-117.0581,34.2317],[-117.0581,34.2318],[-117.058,34.2319],[-117.058,34.232],[-117.0579,34.2321],[-117.0578,34.2321],[-117.0578,34.2322],[-117.0577,34.2323],[-117.0577,34.2324],[-117.0576,34.2324],[-117.0575,34.2325],[-117.0574,34.2327],[-117.0573,34.2328],[-117.0572,34.2328],[-117.0571,34.2329],[-117.0569,34.2329],[-117.0568,34.233],[-117.0568,34.2331],[-117.0567,34.2332],[-117.0567,34.2333],[-117.0568,34.2334],[-117.0569,34.2334],[-117.057,34.2334],[-117.057,34.2335],[-117.057,34.2336],[-117.0569,34.2337],[-117.0568,34.2338],[-117.0568,34.2339],[-117.0568,34.234],[-117.0567,34.2341],[-117.0566,34.2342],[-117.0565,34.2342],[-117.0564,34.2343],[-117.0563,34.2343],[-117.0563,34.2344],[-117.0563,34.2345],[-117.0563,34.2346],[-117.0563,34.2347],[-117.0562,34.2347],[-117.0562,34.2348],[-117.0561,34.2349],[-117.056,34.235],[-117.0559,34.235],[-117.0559,34.2351],[-117.0558,34.2351],[-117.0558,34.2352],[-117.0558,34.2353],[-117.0558,34.2354],[-117.0558,34.2355],[-117.0557,34.2356],[-117.0557,34.2357],[-117.0558,34.2358],[-117.0558,34.2359],[-117.0559,34.2359],[-117.0559,34.236],[-117.056,34.236],[-117.0561,34.2361],[-117.0564,34.2362],[-117.0567,34.2363],[-117.057,34.2364],[-117.0571,34.2364],[-117.0572,34.2365],[-117.0574,34.2367],[-117.0575,34.2368],[-117.0576,34.237],[-117.0577,34.2371],[-117.0577,34.2372],[-117.0578,34.2372],[-117.0579,34.2372],[-117.058,34.2373],[-117.0582,34.2372],[-117.0583,34.2373],[-117.0585,34.2373],[-117.0587,34.2373],[-117.0588,34.2373],[-117.0588,34.2374],[-117.0589,34.2374],[-117.0591,34.2376],[-117.0591,34.2377],[-117.0592,34.2378],[-117.0593,34.2378],[-117.0594,34.2378],[-117.0595,34.2378],[-117.0596,34.2378],[-117.0596,34.2379],[-117.0598,34.238],[-117.0598,34.2381],[-117.0599,34.2382],[-117.06,34.2382],[-117.0601,34.2383],[-117.0602,34.2383],[-117.0603,34.2383],[-117.0604,34.2383],[-117.0605,34.2383],[-117.0606,34.2383],[-117.0608,34.2382],[-117.0609,34.2382],[-117.061,34.2382],[-117.0611,34.2382],[-117.0612,34.2382],[-117.0613,34.2383],[-117.0613,34.2384],[-117.0613,34.2385],[-117.0614,34.2386],[-117.0615,34.2387],[-117.0616,34.2387],[-117.0618,34.2387],[-117.0619,34.2387],[-117.062,34.2387],[-117.0622,34.2387],[-117.0623,34.2387],[-117.0623,34.2388],[-117.0624,34.239],[-117.0624,34.2391],[-117.0624,34.2392],[-117.0623,34.2392],[-117.0622,34.2392],[-117.0621,34.2392],[-117.0621,34.2391],[-117.062,34.2391],[-117.062,34.2392],[-117.0619,34.2392],[-117.0618,34.2392],[-117.0618,34.2393],[-117.0617,34.2394],[-117.0616,34.2394],[-117.0615,34.2394],[-117.0615,34.2395],[-117.0614,34.2395],[-117.0614,34.2396],[-117.0614,34.2397],[-117.0614,34.2398],[-117.0615,34.2399],[-117.0615,34.24],[-117.0616,34.24],[-117.0616,34.2401],[-117.0615,34.2401],[-117.0615,34.2402],[-117.0614,34.2402],[-117.0613,34.2403],[-117.0612,34.2403],[-117.0611,34.2403],[-117.061,34.2403],[-117.0609,34.2403],[-117.0608,34.2404],[-117.0608,34.2405],[-117.0607,34.2406],[-117.0607,34.2408],[-117.0606,34.241],[-117.0605,34.2411],[-117.0604,34.2411],[-117.0602,34.2412],[-117.0601,34.2413],[-117.06,34.2414],[-117.0599,34.2414],[-117.0598,34.2414],[-117.0597,34.2414],[-117.0596,34.2414],[-117.0595,34.2415],[-117.0596,34.2416],[-117.0597,34.2417],[-117.0598,34.2417],[-117.0599,34.2417],[-117.06,34.2417],[-117.0601,34.2417],[-117.0602,34.2418],[-117.0604,34.2419],[-117.0605,34.242],[-117.0605,34.2421],[-117.0606,34.2421],[-117.0607,34.2422],[-117.0608,34.2422],[-117.061,34.2423],[-117.0611,34.2423],[-117.0612,34.2424],[-117.0613,34.2424],[-117.0614,34.2424],[-117.0615,34.2424],[-117.0616,34.2423],[-117.0617,34.2423],[-117.0618,34.2423],[-117.0619,34.2422],[-117.062,34.2422],[-117.062,34.2423],[-117.0621,34.2423],[-117.0622,34.2425],[-117.0624,34.2426],[-117.0626,34.2428],[-117.0629,34.2431],[-117.0632,34.2432],[-117.0634,34.2434],[-117.0635,34.2434],[-117.0635,34.2435]]}},{"type":"Feature","properties":{"id":"2N24Y","name":"CAMP PAIVIKA                  ","kind":"road","access":"plate","seasonal":false},"geometry":{"type":"LineString","coordinates":[[-117.3199,34.2367],[-117.32,34.2367],[-117.3201,34.2368],[-117.3202,34.2369],[-117.3203,34.2369],[-117.3203,34.237],[-117.3204,34.2371],[-117.3205,34.2371],[-117.3207,34.2371],[-117.3209,34.2371],[-117.321,34.2371],[-117.3212,34.2371],[-117.3214,34.2371],[-117.3215,34.2371],[-117.3216,34.2371],[-117.3217,34.2371],[-117.3218,34.237],[-117.3219,34.2369],[-117.3221,34.2368],[-117.3222,34.2366],[-117.3225,34.2363],[-117.3227,34.2361],[-117.3228,34.2361],[-117.3229,34.236],[-117.3231,34.2361],[-117.3232,34.2362],[-117.3238,34.2365],[-117.3239,34.2365],[-117.324,34.2366],[-117.3242,34.2368],[-117.3244,34.2369],[-117.3245,34.2371],[-117.3246,34.2372],[-117.3246,34.2373],[-117.3247,34.2374],[-117.3248,34.2374],[-117.3249,34.2375],[-117.325,34.2376],[-117.3251,34.2377],[-117.3252,34.2377],[-117.3252,34.2378],[-117.3253,34.2379],[-117.3253,34.238],[-117.3254,34.2381],[-117.3254,34.2382],[-117.3255,34.2383],[-117.3256,34.2384],[-117.3258,34.2384],[-117.3259,34.2385],[-117.326,34.2387],[-117.3262,34.2388],[-117.3262,34.239],[-117.3262,34.2391],[-117.3262,34.2393],[-117.3262,34.2395],[-117.3262,34.2396],[-117.3263,34.2397],[-117.3263,34.2398],[-117.3263,34.2399],[-117.3263,34.24],[-117.3263,34.2401],[-117.3262,34.2403],[-117.3261,34.2404],[-117.326,34.2405],[-117.326,34.2407],[-117.326,34.2408],[-117.326,34.241],[-117.326,34.2411],[-117.3262,34.2414],[-117.3262,34.2415],[-117.3263,34.2416],[-117.3264,34.2417],[-117.3265,34.2418],[-117.3266,34.2421],[-117.3266,34.2422],[-117.3267,34.2424],[-117.3267,34.2425],[-117.3267,34.2426],[-117.3268,34.2427],[-117.3268,34.2428],[-117.327,34.2429],[-117.3271,34.243],[-117.3272,34.2432],[-117.3272,34.2433],[-117.3273,34.2434],[-117.3275,34.2436],[-117.3276,34.2437],[-117.3277,34.2438],[-117.3277,34.2439],[-117.3279,34.2441],[-117.3279,34.2442],[-117.3281,34.2443],[-117.3282,34.2444]]}},{"type":"Feature","properties":{"id":"2N26Y","name":"HOOK CREEK","kind":"road","access":"plate","seasonal":false},"geometry":{"type":"LineString","coordinates":[[-117.1466,34.2632],[-117.1465,34.2634],[-117.1464,34.2635],[-117.1463,34.2636],[-117.1462,34.2636],[-117.1461,34.2636],[-117.146,34.2637],[-117.1459,34.2637],[-117.1458,34.2638],[-117.1457,34.2638],[-117.1456,34.2639],[-117.1455,34.2641],[-117.1454,34.2642],[-117.1453,34.2643],[-117.1452,34.2644],[-117.1451,34.2644],[-117.145,34.2644],[-117.1449,34.2644],[-117.1447,34.2644],[-117.1446,34.2644],[-117.1445,34.2644],[-117.1444,34.2644],[-117.1443,34.2645],[-117.1442,34.2645],[-117.1441,34.2646],[-117.144,34.2647],[-117.1441,34.2648],[-117.1441,34.2649],[-117.1441,34.265],[-117.144,34.2651],[-117.1437,34.2653],[-117.1436,34.2653],[-117.1435,34.2654],[-117.1435,34.2655],[-117.1435,34.2656],[-117.1436,34.2656],[-117.1436,34.2657],[-117.1436,34.2658],[-117.1435,34.2658],[-117.1434,34.2659],[-117.1432,34.266],[-117.1431,34.266],[-117.143,34.2661],[-117.1429,34.2661],[-117.1428,34.2661],[-117.1427,34.2661],[-117.1426,34.2662],[-117.1425,34.2663],[-117.1424,34.2663],[-117.1423,34.2663],[-117.1422,34.2663],[-117.1421,34.2664],[-117.142,34.2664],[-117.1419,34.2665],[-117.1418,34.2666],[-117.1417,34.2666],[-117.1416,34.2667],[-117.1414,34.267],[-117.141,34.2673],[-117.1408,34.2675],[-117.1407,34.2676],[-117.1406,34.2676],[-117.1404,34.2676],[-117.1403,34.2676],[-117.1402,34.2676],[-117.1401,34.2676],[-117.14,34.2676],[-117.1399,34.2676],[-117.1398,34.2676],[-117.1397,34.2677],[-117.1398,34.2677],[-117.1398,34.2678],[-117.1399,34.2678],[-117.1401,34.2679],[-117.1402,34.268],[-117.1403,34.268],[-117.1404,34.2681],[-117.1404,34.2682],[-117.1405,34.2682],[-117.1405,34.2683],[-117.1405,34.2684],[-117.1405,34.2685],[-117.1404,34.2685],[-117.1403,34.2686],[-117.1402,34.2686],[-117.14,34.2686],[-117.1399,34.2685],[-117.1399,34.2684],[-117.1398,34.2684],[-117.1397,34.2683],[-117.1396,34.2683],[-117.1395,34.2682],[-117.1394,34.2681],[-117.1393,34.268],[-117.1392,34.268],[-117.1391,34.268],[-117.139,34.268]]}},{"type":"Feature","properties":{"id":"3N34","name":"CRAB FLATS","kind":"road","access":"green","seasonal":false},"geometry":{"type":"LineString","coordinates":[[-117.1369,34.271],[-117.1368,34.2711],[-117.1365,34.2713],[-117.1363,34.2714],[-117.1362,34.2715],[-117.136,34.2718],[-117.136,34.2719],[-117.1359,34.272],[-117.1358,34.272],[-117.1356,34.2721],[-117.1356,34.2722],[-117.1355,34.2722],[-117.1355,34.2723],[-117.1354,34.2723],[-117.1353,34.2723],[-117.1352,34.2724],[-117.1351,34.2724],[-117.135,34.2724],[-117.1349,34.2724],[-117.1348,34.2724],[-117.1347,34.2724],[-117.1347,34.2725],[-117.1346,34.2725],[-117.1346,34.2726],[-117.1346,34.2727],[-117.1346,34.2728],[-117.1345,34.2729],[-117.1345,34.273],[-117.1344,34.273],[-117.1344,34.2731],[-117.1343,34.2732],[-117.1342,34.2732],[-117.1341,34.2732],[-117.134,34.2732],[-117.1339,34.2732],[-117.1338,34.2733],[-117.1336,34.2734],[-117.1335,34.2734],[-117.1334,34.2735],[-117.1333,34.2735],[-117.1332,34.2736],[-117.1331,34.2737],[-117.1331,34.2738],[-117.1331,34.2739],[-117.1332,34.274],[-117.1332,34.2741],[-117.1332,34.2742],[-117.1331,34.2743],[-117.133,34.2743],[-117.133,34.2744],[-117.1329,34.2744],[-117.1329,34.2745],[-117.1329,34.2746],[-117.133,34.2747],[-117.133,34.2748],[-117.1331,34.2749],[-117.1332,34.2749],[-117.1333,34.2749],[-117.1334,34.275],[-117.1334,34.2751],[-117.1335,34.2753],[-117.1335,34.2754],[-117.1335,34.2755],[-117.1334,34.2755],[-117.1334,34.2756],[-117.1333,34.2756],[-117.1333,34.2757],[-117.1333,34.2758],[-117.1334,34.2759],[-117.1334,34.276],[-117.1333,34.2761],[-117.1331,34.2762],[-117.1331,34.2763],[-117.133,34.2763],[-117.133,34.2764],[-117.1331,34.2765],[-117.1332,34.2767],[-117.1334,34.2769]]}},{"type":"Feature","properties":{"id":"2N37","name":"MILLER CANYON (OHV)","kind":"road","access":"green","seasonal":false},"geometry":{"type":"LineString","coordinates":[[-117.2903,34.2701],[-117.2902,34.2706],[-117.2903,34.2707],[-117.2903,34.2708],[-117.2903,34.2709],[-117.2904,34.2709],[-117.2904,34.271],[-117.2903,34.2711],[-117.2902,34.2712],[-117.2901,34.2712],[-117.2899,34.2712],[-117.2898,34.2712],[-117.2896,34.2712],[-117.2894,34.2711],[-117.2892,34.2711],[-117.2889,34.271],[-117.2886,34.271],[-117.2884,34.2709],[-117.2882,34.2708],[-117.2877,34.2707],[-117.2874,34.2707],[-117.2873,34.2706],[-117.2871,34.2706],[-117.287,34.2706],[-117.2869,34.2706],[-117.2868,34.2705],[-117.2866,34.2705],[-117.2865,34.2705],[-117.2863,34.2704],[-117.2861,34.2704],[-117.2859,34.2704],[-117.2858,34.2703],[-117.2857,34.2703],[-117.2856,34.2702],[-117.2855,34.2702],[-117.2854,34.2702],[-117.2852,34.2701],[-117.2846,34.27],[-117.2844,34.27],[-117.2838,34.2698],[-117.2834,34.2697],[-117.283,34.2697],[-117.2829,34.2697],[-117.2827,34.2697],[-117.2826,34.2698],[-117.2824,34.2699],[-117.2822,34.27],[-117.2819,34.2701],[-117.2816,34.2702],[-117.2814,34.2702],[-117.2811,34.2703],[-117.2809,34.2704],[-117.2808,34.2704],[-117.2807,34.2704],[-117.2806,34.2704],[-117.2805,34.2704],[-117.2803,34.2702],[-117.2801,34.27],[-117.2801,34.2699],[-117.28,34.2699],[-117.2799,34.2699],[-117.2798,34.27],[-117.2799,34.2701],[-117.2799,34.2702],[-117.2799,34.2705],[-117.2799,34.2706],[-117.2798,34.2707],[-117.2796,34.2707],[-117.2795,34.2708],[-117.2794,34.2708],[-117.2793,34.2708],[-117.2792,34.2708],[-117.2791,34.2707],[-117.2792,34.2707],[-117.2792,34.2706],[-117.2794,34.2706],[-117.2795,34.2706],[-117.2796,34.2706],[-117.2796,34.2705],[-117.2797,34.2705],[-117.2796,34.2704],[-117.2796,34.2703],[-117.2795,34.2701],[-117.2795,34.27],[-117.2794,34.2699],[-117.2793,34.2698],[-117.2792,34.2698],[-117.2791,34.2697],[-117.279,34.2697],[-117.2789,34.2696],[-117.2788,34.2696],[-117.2786,34.2696],[-117.2784,34.2696],[-117.2781,34.2696],[-117.2779,34.2697],[-117.2777,34.2698],[-117.2776,34.2698],[-117.2775,34.2699],[-117.2774,34.2699],[-117.2773,34.2698],[-117.2771,34.2698],[-117.277,34.2698],[-117.2769,34.2697],[-117.2767,34.2697],[-117.2766,34.2697],[-117.2765,34.2697],[-117.2763,34.2697],[-117.2762,34.2697],[-117.2761,34.2696],[-117.276,34.2696],[-117.2759,34.2696],[-117.2757,34.2695],[-117.2755,34.2694],[-117.2753,34.2693],[-117.2751,34.2692],[-117.275,34.2691],[-117.2749,34.2691],[-117.2748,34.2691],[-117.2745,34.2691],[-117.2744,34.2691],[-117.2742,34.2692],[-117.2741,34.2692],[-117.274,34.2692],[-117.2739,34.2693],[-117.2738,34.2693],[-117.2736,34.2692],[-117.2735,34.2693],[-117.2734,34.2693],[-117.2732,34.2693],[-117.2731,34.2693],[-117.273,34.2693],[-117.2729,34.2694],[-117.2728,34.2693],[-117.2726,34.2693],[-117.2725,34.2693],[-117.2724,34.2693],[-117.2723,34.2693],[-117.2721,34.2694],[-117.272,34.2695],[-117.2719,34.2696],[-117.2718,34.2696],[-117.2715,34.2697],[-117.2714,34.2697],[-117.2713,34.2699],[-117.2712,34.2699],[-117.2711,34.27],[-117.2708,34.2701],[-117.2707,34.2702],[-117.2704,34.2702],[-117.2702,34.2703],[-117.27,34.2703],[-117.2698,34.2703],[-117.2694,34.2703],[-117.2693,34.2703],[-117.269,34.2703],[-117.2688,34.2703],[-117.2685,34.2703],[-117.2683,34.2703],[-117.2682,34.2703],[-117.2679,34.2703],[-117.2678,34.2703],[-117.2677,34.2704],[-117.2675,34.2704],[-117.2673,34.2704],[-117.267,34.2704],[-117.2668,34.2704],[-117.2666,34.2704],[-117.2665,34.2704],[-117.2663,34.2704],[-117.2661,34.2704],[-117.2659,34.2704],[-117.2658,34.2704],[-117.2657,34.2704],[-117.2655,34.2704],[-117.2654,34.2704],[-117.2652,34.2704],[-117.265,34.2704],[-117.2649,34.2703],[-117.2647,34.2703],[-117.2645,34.2702],[-117.2644,34.2702],[-117.2642,34.2702],[-117.2641,34.2702],[-117.2639,34.2701],[-117.2637,34.2701],[-117.2636,34.27],[-117.2635,34.2699],[-117.2635,34.2698],[-117.2635,34.2697],[-117.2635,34.2696],[-117.2635,34.2695],[-117.2635,34.2694],[-117.2634,34.2694],[-117.2633,34.2694],[-117.2632,34.2693],[-117.2631,34.2693],[-117.263,34.2692],[-117.2629,34.2692],[-117.2627,34.2691],[-117.2626,34.2691],[-117.2625,34.2691],[-117.2623,34.269],[-117.2621,34.2689],[-117.2618,34.2688],[-117.2617,34.2688],[-117.2616,34.2689],[-117.2614,34.269],[-117.2612,34.269],[-117.2611,34.269],[-117.261,34.269],[-117.2608,34.269],[-117.2607,34.2689],[-117.2605,34.2689],[-117.2603,34.2689],[-117.2602,34.2689],[-117.2601,34.2689],[-117.26,34.2688],[-117.2598,34.2688],[-117.2595,34.2688],[-117.2593,34.2688],[-117.2592,34.2688],[-117.2591,34.2689],[-117.2589,34.2689],[-117.2588,34.269],[-117.2586,34.269],[-117.2585,34.2691],[-117.2584,34.2691],[-117.2583,34.2691],[-117.2581,34.2691],[-117.2579,34.2691],[-117.2578,34.2691],[-117.2577,34.2692],[-117.2576,34.2692],[-117.2575,34.2692],[-117.2574,34.2693],[-117.2573,34.2693],[-117.2572,34.2693],[-117.2571,34.2693],[-117.257,34.2693],[-117.2569,34.2693],[-117.2568,34.2693],[-117.2566,34.2693],[-117.2565,34.2692],[-117.2564,34.2692],[-117.2563,34.2692],[-117.2562,34.2691],[-117.2561,34.2691],[-117.256,34.269],[-117.2559,34.269],[-117.2558,34.269],[-117.2557,34.2689],[-117.2556,34.2689],[-117.2554,34.2689],[-117.2552,34.2688],[-117.2551,34.2688],[-117.2549,34.2688],[-117.2548,34.2687],[-117.2547,34.2687],[-117.2547,34.2686],[-117.2546,34.2685],[-117.2546,34.2684],[-117.2546,34.2683],[-117.2545,34.2682],[-117.2544,34.2682],[-117.2543,34.2681],[-117.2542,34.2681],[-117.254,34.268],[-117.2539,34.268],[-117.2538,34.2679],[-117.2536,34.2679],[-117.2535,34.2679],[-117.2534,34.268],[-117.2532,34.268],[-117.2531,34.2681],[-117.2529,34.2682],[-117.2527,34.2682],[-117.2526,34.2683],[-117.2524,34.2684],[-117.2522,34.2685],[-117.2521,34.2685],[-117.252,34.2685],[-117.2519,34.2684],[-117.2518,34.2683],[-117.2517,34.2682],[-117.2516,34.2681],[-117.2515,34.2681],[-117.2513,34.268],[-117.2512,34.268],[-117.2511,34.268],[-117.251,34.268],[-117.2509,34.268],[-117.2508,34.2679],[-117.2507,34.2679],[-117.2506,34.2679],[-117.2504,34.2679],[-117.2503,34.2679],[-117.2502,34.268],[-117.2501,34.268],[-117.25,34.2681],[-117.2499,34.2681],[-117.2498,34.2681],[-117.2497,34.2681],[-117.2495,34.2681],[-117.2494,34.2681],[-117.2493,34.2681],[-117.2492,34.2681],[-117.249,34.2682],[-117.2489,34.2683],[-117.2488,34.2683],[-117.2487,34.2684],[-117.2486,34.2684],[-117.2485,34.2684],[-117.2483,34.2684],[-117.2482,34.2684],[-117.248,34.2684],[-117.2479,34.2684],[-117.2478,34.2684],[-117.2476,34.2684],[-117.2474,34.2683],[-117.2472,34.2682],[-117.2471,34.2682],[-117.247,34.2681],[-117.2468,34.268],[-117.2467,34.268],[-117.2466,34.268],[-117.2464,34.2679],[-117.2461,34.2679],[-117.2458,34.2679],[-117.2457,34.2679],[-117.2455,34.2678],[-117.2454,34.2678],[-117.2452,34.2677],[-117.2451,34.2677],[-117.245,34.2676],[-117.2449,34.2676],[-117.2448,34.2676],[-117.2447,34.2677],[-117.2446,34.2677],[-117.2445,34.2677],[-117.2444,34.2678],[-117.2443,34.2678],[-117.2442,34.2678],[-117.2441,34.2678],[-117.244,34.2677],[-117.2438,34.2677],[-117.2437,34.2677],[-117.2436,34.2676],[-117.2434,34.2676],[-117.2433,34.2676],[-117.2432,34.2676],[-117.2431,34.2676],[-117.243,34.2676],[-117.2428,34.2675],[-117.2427,34.2675],[-117.2426,34.2674],[-117.2425,34.2673],[-117.2423,34.2672],[-117.2422,34.2671],[-117.242,34.267],[-117.2419,34.2669],[-117.2417,34.2669],[-117.2415,34.2668],[-117.2414,34.2667],[-117.2412,34.2667],[-117.241,34.2666],[-117.2409,34.2665],[-117.2408,34.2666],[-117.2407,34.2666],[-117.2406,34.2666],[-117.2405,34.2667],[-117.2403,34.2667],[-117.2402,34.2666],[-117.2401,34.2666],[-117.24,34.2666],[-117.2399,34.2666],[-117.2397,34.2667],[-117.2395,34.2667],[-117.2394,34.2667],[-117.2392,34.2667],[-117.2389,34.2666],[-117.2387,34.2667],[-117.2386,34.2667],[-117.2385,34.2668],[-117.2385,34.2669],[-117.2385,34.267],[-117.2384,34.2671],[-117.2382,34.2671],[-117.238,34.2672],[-117.2378,34.2673],[-117.2377,34.2673],[-117.2376,34.2674],[-117.2374,34.2674],[-117.2372,34.2674],[-117.2371,34.2675],[-117.237,34.2675],[-117.237,34.2676],[-117.237,34.2677],[-117.2371,34.2677],[-117.2372,34.2678],[-117.2373,34.2678],[-117.2376,34.2678],[-117.2377,34.2678],[-117.2378,34.2678],[-117.2378,34.2679],[-117.2379,34.2679],[-117.238,34.2679],[-117.2381,34.2679],[-117.2382,34.2679],[-117.2383,34.268],[-117.2384,34.268],[-117.2384,34.2681],[-117.2385,34.2681],[-117.2386,34.2681],[-117.2387,34.2682],[-117.2388,34.2682],[-117.2389,34.2682],[-117.239,34.2681],[-117.2391,34.268],[-117.2392,34.268],[-117.2393,34.268],[-117.2394,34.268],[-117.2394,34.2681],[-117.2393,34.2681],[-117.2392,34.2682],[-117.2391,34.2682],[-117.2391,34.2683],[-117.239,34.2683],[-117.239,34.2684],[-117.2389,34.2685],[-117.2388,34.2685],[-117.2387,34.2685],[-117.2386,34.2685],[-117.2384,34.2684],[-117.2383,34.2684],[-117.2382,34.2684],[-117.2381,34.2684],[-117.238,34.2684],[-117.2378,34.2685],[-117.2377,34.2685],[-117.2377,34.2684],[-117.2375,34.2684],[-117.2374,34.2684],[-117.2373,34.2684],[-117.2372,34.2685],[-117.2371,34.2686],[-117.2371,34.2687],[-117.237,34.2688],[-117.237,34.2689],[-117.2367,34.2691],[-117.2367,34.2692],[-117.2367,34.2693],[-117.2367,34.2695],[-117.2367,34.2696],[-117.2368,34.2697],[-117.2368,34.2698],[-117.2367,34.2698],[-117.2366,34.2699],[-117.2365,34.27],[-117.2365,34.2701],[-117.2364,34.2702],[-117.2364,34.2703],[-117.2363,34.2704],[-117.2362,34.2704],[-117.2361,34.2705],[-117.2359,34.2705],[-117.2358,34.2705],[-117.2357,34.2706],[-117.2355,34.2706],[-117.2354,34.2706],[-117.2353,34.2706],[-117.2352,34.2706],[-117.2352,34.2707],[-117.2351,34.2708],[-117.2351,34.2709],[-117.235,34.271],[-117.2349,34.271],[-117.2348,34.2711],[-117.2347,34.2711],[-117.2347,34.2712],[-117.2348,34.2712],[-117.2348,34.2713],[-117.2349,34.2713],[-117.235,34.2712],[-117.2351,34.2711],[-117.2352,34.2711],[-117.2352,34.271],[-117.2353,34.271],[-117.2354,34.271],[-117.2355,34.271],[-117.2355,34.2711],[-117.2356,34.2711],[-117.2356,34.2712],[-117.2356,34.2713],[-117.2356,34.2714],[-117.2355,34.2715],[-117.2353,34.2715],[-117.2353,34.2716],[-117.2353,34.2717],[-117.2354,34.2717],[-117.2355,34.2717],[-117.2356,34.2717],[-117.2358,34.2717],[-117.2359,34.2717],[-117.2359,34.2718],[-117.236,34.2718],[-117.2361,34.2719],[-117.2362,34.2719],[-117.2363,34.2719],[-117.2365,34.2719],[-117.2365,34.2718],[-117.2366,34.2719]]}},{"type":"Feature","properties":{"id":"2N33","name":"PILOT ROCK","kind":"road","access":"green","seasonal":false},"geometry":{"type":"LineString","coordinates":[[-117.2194,34.2854],[-117.2195,34.2853],[-117.2196,34.2852],[-117.2197,34.285],[-117.2198,34.2848],[-117.2199,34.2847],[-117.2199,34.2845],[-117.2199,34.2844],[-117.2199,34.2842],[-117.2198,34.2841],[-117.2198,34.284],[-117.2198,34.2839],[-117.2199,34.2839],[-117.22,34.2839],[-117.2201,34.2839],[-117.2202,34.2839],[-117.2203,34.2839],[-117.2204,34.2838],[-117.2205,34.2837],[-117.2205,34.2836],[-117.2206,34.2835],[-117.2207,34.2835],[-117.2208,34.2834],[-117.2208,34.2833],[-117.2207,34.2831],[-117.2207,34.283],[-117.2207,34.2829],[-117.2208,34.2828],[-117.2208,34.2826],[-117.2208,34.2824],[-117.2208,34.2823],[-117.2209,34.2823],[-117.2211,34.2822],[-117.2212,34.2822],[-117.2213,34.2821],[-117.2214,34.2821],[-117.2215,34.282],[-117.2215,34.2819],[-117.2215,34.2818],[-117.2215,34.2817],[-117.2215,34.2816],[-117.2215,34.2815],[-117.2216,34.2814],[-117.2216,34.2813],[-117.2217,34.2811],[-117.2218,34.281],[-117.2219,34.281],[-117.222,34.281],[-117.222,34.2811],[-117.2221,34.2811],[-117.2222,34.281],[-117.2222,34.2809],[-117.2222,34.2808],[-117.2223,34.2807],[-117.2223,34.2806],[-117.2223,34.2804],[-117.2224,34.2803],[-117.2225,34.2803],[-117.2226,34.2804],[-117.2226,34.2805],[-117.2226,34.2807],[-117.2226,34.2809],[-117.2226,34.281],[-117.2226,34.2811],[-117.2226,34.2812],[-117.2226,34.2813],[-117.2226,34.2815],[-117.2227,34.2816],[-117.2228,34.2817],[-117.2229,34.2817],[-117.223,34.2817],[-117.2231,34.2816],[-117.2232,34.2815],[-117.2234,34.2814],[-117.2235,34.2814],[-117.2237,34.2813],[-117.2238,34.2813],[-117.224,34.2811],[-117.224,34.281],[-117.2241,34.2809],[-117.2241,34.2807],[-117.2241,34.2806],[-117.2242,34.2805],[-117.2244,34.2805],[-117.2245,34.2804],[-117.2246,34.2803],[-117.2248,34.2803],[-117.2249,34.2803],[-117.2251,34.2802],[-117.2252,34.2802],[-117.2253,34.2801],[-117.2253,34.28],[-117.2254,34.2799],[-117.2254,34.2797],[-117.2255,34.2796],[-117.2256,34.2795],[-117.2257,34.2795],[-117.2258,34.2794],[-117.226,34.2794],[-117.2262,34.2794],[-117.2265,34.2794],[-117.2267,34.2793],[-117.2268,34.2793],[-117.2269,34.2792],[-117.227,34.2792],[-117.2273,34.2792],[-117.2276,34.2792],[-117.2278,34.2791],[-117.228,34.2791],[-117.2282,34.279],[-117.2284,34.2789],[-117.2285,34.2789],[-117.2286,34.2788],[-117.2287,34.2788],[-117.2289,34.2787],[-117.229,34.2786],[-117.2291,34.2786],[-117.2292,34.2786],[-117.2294,34.2786],[-117.2296,34.2786],[-117.2298,34.2785],[-117.23,34.2783],[-117.2303,34.2782],[-117.2306,34.2781],[-117.2309,34.2781],[-117.2312,34.2781],[-117.2314,34.278],[-117.2317,34.278],[-117.232,34.2779],[-117.2321,34.2778],[-117.2324,34.2778],[-117.2325,34.2778],[-117.2326,34.2777],[-117.2327,34.2776],[-117.2328,34.2776],[-117.2329,34.2775],[-117.2331,34.2775],[-117.2332,34.2774],[-117.2334,34.2774],[-117.2335,34.2774],[-117.2336,34.2774],[-117.2336,34.2773],[-117.2337,34.2772],[-117.2339,34.2772],[-117.2341,34.2772],[-117.2342,34.2772],[-117.2344,34.2772],[-117.2345,34.2772],[-117.2346,34.2773],[-117.2348,34.2773],[-117.235,34.2773],[-117.2351,34.2772],[-117.2353,34.2772],[-117.2354,34.2772],[-117.2355,34.2771],[-117.2356,34.2771],[-117.2358,34.2771],[-117.2359,34.2771],[-117.2361,34.2771],[-117.2363,34.277],[-117.2365,34.277],[-117.2366,34.2771],[-117.2368,34.2771],[-117.2369,34.2772],[-117.237,34.2772],[-117.2372,34.2772],[-117.2373,34.2772],[-117.2374,34.2772],[-117.2375,34.2772],[-117.2376,34.2772],[-117.2381,34.2772],[-117.2383,34.2771],[-117.2384,34.2771],[-117.2386,34.2771],[-117.2388,34.2771],[-117.239,34.2771],[-117.2392,34.2771],[-117.2397,34.277],[-117.2399,34.277],[-117.2401,34.277],[-117.2405,34.277],[-117.2408,34.2771],[-117.2409,34.2771],[-117.2411,34.2771],[-117.2413,34.2771],[-117.2415,34.2771],[-117.2417,34.2772],[-117.2419,34.2772],[-117.2421,34.2773],[-117.2423,34.2773],[-117.2425,34.2774],[-117.2426,34.2775],[-117.2427,34.2775],[-117.2428,34.2775],[-117.243,34.2775],[-117.2431,34.2775],[-117.2432,34.2775],[-117.2434,34.2775],[-117.2436,34.2774],[-117.2438,34.2774],[-117.2439,34.2774],[-117.244,34.2775],[-117.2443,34.2775],[-117.2444,34.2776],[-117.2446,34.2776],[-117.2448,34.2775],[-117.2448,34.2776],[-117.245,34.2777],[-117.2452,34.2777],[-117.2454,34.2778],[-117.2456,34.2778],[-117.2458,34.2779],[-117.2462,34.2779],[-117.2463,34.2779],[-117.2464,34.278],[-117.2466,34.278],[-117.2467,34.278],[-117.2468,34.2781],[-117.247,34.2781],[-117.2471,34.2781],[-117.2472,34.2781],[-117.2474,34.278],[-117.2476,34.278],[-117.2478,34.2779],[-117.2479,34.2779],[-117.2481,34.2778],[-117.2482,34.2778],[-117.2483,34.2777],[-117.2483,34.2778],[-117.2484,34.2778],[-117.2485,34.2778],[-117.2486,34.2778],[-117.2487,34.2779],[-117.2488,34.278],[-117.249,34.278],[-117.2491,34.2781],[-117.2492,34.2781],[-117.2493,34.2782],[-117.2494,34.2783],[-117.2494,34.2784],[-117.2495,34.2785],[-117.2496,34.2786],[-117.2497,34.2787],[-117.25,34.2787],[-117.2503,34.2788],[-117.2505,34.2788],[-117.2506,34.2788],[-117.2508,34.2788],[-117.251,34.2789],[-117.2511,34.279],[-117.2512,34.279],[-117.2512,34.2791],[-117.2513,34.2793],[-117.2514,34.2794],[-117.2514,34.2795],[-117.2515,34.2796],[-117.2516,34.2796],[-117.2518,34.2796],[-117.2519,34.2797],[-117.252,34.2797],[-117.2521,34.2797],[-117.2522,34.2797],[-117.2523,34.2797],[-117.2524,34.2797],[-117.2525,34.2796],[-117.2526,34.2795],[-117.2527,34.2795],[-117.2529,34.2794],[-117.253,34.2793],[-117.2531,34.2793],[-117.2532,34.2793],[-117.2532,34.2794],[-117.2533,34.2794],[-117.2534,34.2796],[-117.2535,34.2797],[-117.2536,34.2798],[-117.2537,34.2799],[-117.2538,34.2799],[-117.2539,34.2799],[-117.254,34.28],[-117.2542,34.2801],[-117.2542,34.2802],[-117.2543,34.2802],[-117.2542,34.2803],[-117.2542,34.2804],[-117.2542,34.2806],[-117.2542,34.2807],[-117.2543,34.2808],[-117.2544,34.2809],[-117.2546,34.2809],[-117.2548,34.281],[-117.255,34.281],[-117.2552,34.281],[-117.2554,34.281],[-117.2555,34.281],[-117.2558,34.281],[-117.2559,34.281],[-117.256,34.281],[-117.2561,34.281],[-117.2561,34.2811],[-117.2561,34.2812],[-117.2561,34.2813],[-117.2562,34.2814],[-117.2563,34.2815],[-117.2564,34.2816],[-117.2565,34.2817],[-117.2566,34.2817],[-117.2567,34.2818],[-117.2568,34.2818],[-117.2569,34.2818],[-117.257,34.2818],[-117.2571,34.2819],[-117.2572,34.282],[-117.2572,34.2821],[-117.2573,34.2821],[-117.2574,34.2821],[-117.2575,34.282],[-117.2576,34.2819],[-117.2576,34.2818],[-117.2577,34.2817],[-117.2578,34.2815],[-117.2579,34.2814],[-117.258,34.2813],[-117.2581,34.2812],[-117.2582,34.2812],[-117.2583,34.2811],[-117.2585,34.281],[-117.2587,34.2809],[-117.2588,34.2809],[-117.2589,34.2809],[-117.259,34.2809],[-117.2592,34.2809],[-117.2593,34.2809],[-117.2594,34.2809],[-117.2595,34.2808],[-117.2596,34.2808],[-117.2597,34.2808],[-117.2598,34.2808],[-117.2599,34.2809],[-117.26,34.2809],[-117.2601,34.2809],[-117.2602,34.281],[-117.2602,34.2811],[-117.2603,34.2811],[-117.2604,34.2811],[-117.2605,34.2812],[-117.2605,34.2813],[-117.2606,34.2814],[-117.2607,34.2814],[-117.2608,34.2815],[-117.261,34.2815],[-117.2612,34.2814],[-117.2614,34.2814],[-117.2615,34.2813],[-117.2616,34.2813],[-117.2617,34.2812],[-117.2618,34.2811],[-117.2621,34.281],[-117.2624,34.281],[-117.2628,34.2809],[-117.2629,34.2809],[-117.263,34.2809],[-117.263,34.2808],[-117.263,34.2806],[-117.263,34.2805],[-117.263,34.2804],[-117.2631,34.2804],[-117.2632,34.2803],[-117.2634,34.2803],[-117.2635,34.2803],[-117.2637,34.2804],[-117.2638,34.2804],[-117.2639,34.2804],[-117.264,34.2804],[-117.2642,34.2804],[-117.2644,34.2804],[-117.2645,34.2804],[-117.2646,34.2804],[-117.2646,34.2805],[-117.2647,34.2806],[-117.2648,34.2808],[-117.2649,34.2809],[-117.265,34.2809],[-117.2651,34.2809],[-117.2652,34.2809],[-117.2653,34.281],[-117.2654,34.2811],[-117.2655,34.2812],[-117.2655,34.2813],[-117.2656,34.2814],[-117.2658,34.2814],[-117.266,34.2814],[-117.2662,34.2814],[-117.2664,34.2814],[-117.2665,34.2814],[-117.2666,34.2814],[-117.2667,34.2814],[-117.2669,34.2815],[-117.267,34.2816],[-117.2672,34.2816],[-117.2674,34.2816],[-117.2675,34.2817],[-117.2676,34.2817],[-117.2677,34.2817],[-117.2677,34.2818],[-117.2678,34.2819],[-117.2678,34.282],[-117.2679,34.2821],[-117.268,34.2821],[-117.2682,34.2822],[-117.2683,34.2823],[-117.2684,34.2824],[-117.2685,34.2824],[-117.2685,34.2825],[-117.2686,34.2825],[-117.2688,34.2825],[-117.2689,34.2825],[-117.2689,34.2826],[-117.2691,34.2826],[-117.2692,34.2826],[-117.2693,34.2825],[-117.2694,34.2824],[-117.2696,34.2823],[-117.2698,34.2822],[-117.27,34.2821],[-117.2701,34.282],[-117.2703,34.2819],[-117.2704,34.2819],[-117.2705,34.2819],[-117.2706,34.2819],[-117.2706,34.282],[-117.2706,34.2821],[-117.2706,34.2822],[-117.2706,34.2823],[-117.2706,34.2824],[-117.2707,34.2825],[-117.2709,34.2825],[-117.2711,34.2826],[-117.2712,34.2826],[-117.2714,34.2827],[-117.2716,34.2826],[-117.2717,34.2825],[-117.2718,34.2825],[-117.2719,34.2825],[-117.272,34.2824],[-117.2721,34.2824],[-117.2722,34.2824],[-117.2723,34.2824],[-117.2724,34.2824],[-117.2725,34.2824],[-117.2726,34.2824],[-117.2726,34.2825],[-117.2727,34.2825],[-117.2727,34.2826],[-117.2727,34.2827],[-117.2728,34.2827],[-117.2729,34.2827],[-117.273,34.2827],[-117.2731,34.2827],[-117.2732,34.2826],[-117.2732,34.2825],[-117.2733,34.2825],[-117.2733,34.2824],[-117.2734,34.2824],[-117.2734,34.2823],[-117.2736,34.2823],[-117.2738,34.2823],[-117.2739,34.2823],[-117.274,34.2823],[-117.2741,34.2822],[-117.2742,34.2822],[-117.2743,34.2822],[-117.2744,34.2822],[-117.2745,34.2822],[-117.2746,34.2822],[-117.2747,34.2822],[-117.2748,34.2822],[-117.2749,34.2822],[-117.275,34.2822],[-117.2751,34.2823],[-117.2752,34.2823],[-117.2753,34.2822],[-117.2754,34.2821],[-117.2755,34.2821],[-117.2756,34.2821],[-117.2757,34.2822],[-117.2758,34.2822],[-117.2759,34.2823],[-117.276,34.2823],[-117.2761,34.2823],[-117.2762,34.2822],[-117.2763,34.2822],[-117.2763,34.2823],[-117.2764,34.2824],[-117.2765,34.2825],[-117.2766,34.2825],[-117.2768,34.2824],[-117.277,34.2824],[-117.2772,34.2824],[-117.2773,34.2824],[-117.2774,34.2824],[-117.2776,34.2823],[-117.2778,34.2823],[-117.2779,34.2823],[-117.278,34.2823],[-117.2781,34.2824],[-117.2782,34.2824],[-117.2783,34.2824],[-117.2784,34.2824],[-117.2785,34.2823],[-117.2786,34.2823],[-117.2787,34.2822],[-117.2788,34.2821],[-117.2789,34.2821],[-117.279,34.2821],[-117.2791,34.2821],[-117.2792,34.2823],[-117.2794,34.2824],[-117.2795,34.2824],[-117.2796,34.2824],[-117.2797,34.2823],[-117.2798,34.2823],[-117.2799,34.2823],[-117.2801,34.2823],[-117.2802,34.2823],[-117.2804,34.2823],[-117.2805,34.2823],[-117.2806,34.2823],[-117.2808,34.2822],[-117.2809,34.2822],[-117.2809,34.2823],[-117.281,34.2823],[-117.2812,34.2824],[-117.2814,34.2826],[-117.2815,34.2827],[-117.2816,34.2827],[-117.2817,34.2827],[-117.2818,34.2826],[-117.2819,34.2825],[-117.282,34.2825],[-117.2821,34.2824],[-117.2822,34.2824],[-117.2823,34.2824],[-117.2824,34.2824],[-117.2825,34.2825],[-117.2826,34.2825],[-117.2827,34.2826],[-117.2829,34.2826],[-117.283,34.2826],[-117.283,34.2825],[-117.283,34.2824],[-117.283,34.2823],[-117.283,34.2822],[-117.283,34.2821],[-117.2829,34.2821],[-117.2829,34.282],[-117.2828,34.282],[-117.2828,34.2819],[-117.2828,34.2818],[-117.2828,34.2817],[-117.2828,34.2816],[-117.2829,34.2815],[-117.283,34.2815],[-117.2831,34.2815],[-117.2832,34.2815],[-117.2832,34.2816],[-117.2833,34.2816],[-117.2833,34.2817],[-117.2834,34.2817],[-117.2835,34.2817],[-117.2837,34.2817],[-117.2839,34.2818],[-117.284,34.2818],[-117.2841,34.2817],[-117.2844,34.2816],[-117.2845,34.2816],[-117.2847,34.2815],[-117.2849,34.2815],[-117.2851,34.2814],[-117.2853,34.2814],[-117.2856,34.2813],[-117.2858,34.2813],[-117.286,34.2813],[-117.2863,34.2814],[-117.2865,34.2814],[-117.2867,34.2814],[-117.2869,34.2814],[-117.2872,34.2814],[-117.2873,34.2814],[-117.2874,34.2814],[-117.2875,34.2813],[-117.2876,34.2813],[-117.2877,34.2813],[-117.2878,34.2813],[-117.2879,34.2814],[-117.2881,34.2814],[-117.2882,34.2814],[-117.2884,34.2814],[-117.2885,34.2815],[-117.2887,34.2815],[-117.2887,34.2816],[-117.2888,34.2816],[-117.2889,34.2817],[-117.289,34.2817],[-117.2891,34.2817],[-117.2892,34.2817],[-117.2893,34.2817],[-117.2893,34.2816],[-117.2894,34.2815],[-117.2895,34.2814],[-117.2897,34.2814],[-117.2898,34.2814],[-117.2899,34.2814],[-117.2901,34.2814],[-117.2902,34.2815],[-117.2903,34.2815],[-117.2904,34.2816],[-117.2907,34.2818],[-117.2909,34.282],[-117.291,34.2821],[-117.2912,34.2823],[-117.2913,34.2823],[-117.2914,34.2823],[-117.2915,34.2822],[-117.2916,34.2821],[-117.2917,34.282],[-117.292,34.282],[-117.2921,34.2819],[-117.2922,34.2819],[-117.2923,34.2819],[-117.2925,34.2819],[-117.2927,34.2819],[-117.2928,34.2819],[-117.2929,34.2819],[-117.293,34.282],[-117.2932,34.2821],[-117.2933,34.2822],[-117.2933,34.2823],[-117.2934,34.2824],[-117.2935,34.2825],[-117.2936,34.2825],[-117.2937,34.2826],[-117.2937,34.2827],[-117.2938,34.2827],[-117.2939,34.2827],[-117.294,34.2826],[-117.2941,34.2826],[-117.2942,34.2824],[-117.2942,34.2823],[-117.2943,34.2823],[-117.2944,34.2822],[-117.2945,34.2821],[-117.2946,34.2821],[-117.2946,34.282],[-117.2946,34.2819],[-117.2947,34.2818],[-117.2947,34.2817],[-117.2948,34.2817],[-117.2948,34.2815],[-117.2949,34.2815],[-117.2949,34.2814],[-117.2951,34.2813],[-117.2952,34.2813],[-117.2953,34.2813],[-117.2954,34.2813],[-117.2955,34.2813],[-117.2956,34.2814],[-117.2957,34.2814],[-117.2957,34.2815],[-117.2957,34.2816],[-117.2958,34.2817],[-117.2958,34.2818],[-117.2958,34.2819],[-117.2959,34.2819],[-117.296,34.2821],[-117.2961,34.2822],[-117.2962,34.2822],[-117.2963,34.2822],[-117.2964,34.2822],[-117.2965,34.2822],[-117.2965,34.2821],[-117.2966,34.2821],[-117.2967,34.282],[-117.2967,34.2819],[-117.2968,34.2819],[-117.2969,34.2818],[-117.297,34.2818],[-117.2971,34.2819],[-117.2972,34.2819],[-117.2974,34.282],[-117.2975,34.282],[-117.2976,34.2819],[-117.2977,34.2819],[-117.2978,34.282],[-117.2978,34.2821],[-117.2979,34.2822],[-117.2979,34.2823],[-117.2979,34.2824],[-117.2979,34.2825],[-117.2979,34.2826],[-117.298,34.2826],[-117.2981,34.2827],[-117.2983,34.2827],[-117.2983,34.2828],[-117.2984,34.2828],[-117.2985,34.2829],[-117.2986,34.2829],[-117.2987,34.283],[-117.2988,34.283],[-117.2989,34.283],[-117.299,34.2829],[-117.2991,34.2829],[-117.2992,34.2828],[-117.2992,34.2827],[-117.2993,34.2827],[-117.2994,34.2826],[-117.2995,34.2825],[-117.2996,34.2825],[-117.2997,34.2824],[-117.2998,34.2825],[-117.2999,34.2825],[-117.3001,34.2826],[-117.3003,34.2826],[-117.3004,34.2826],[-117.3005,34.2827],[-117.3006,34.2827],[-117.3007,34.2827],[-117.3009,34.2828],[-117.301,34.2828],[-117.3011,34.2828],[-117.3012,34.2828],[-117.3013,34.2828],[-117.3014,34.2828],[-117.3014,34.2827],[-117.3015,34.2826],[-117.3016,34.2824],[-117.3016,34.2823],[-117.3017,34.2822],[-117.3018,34.2822],[-117.3019,34.2822],[-117.302,34.2822],[-117.3022,34.2822],[-117.3023,34.2823],[-117.3025,34.2823],[-117.3026,34.2823],[-117.3028,34.2824],[-117.3029,34.2824],[-117.303,34.2824],[-117.3031,34.2823],[-117.3031,34.2822],[-117.3031,34.2821],[-117.3031,34.282],[-117.3031,34.2819],[-117.3031,34.2818],[-117.3032,34.2817],[-117.3033,34.2817],[-117.3034,34.2817],[-117.3035,34.2818],[-117.3037,34.2818],[-117.3038,34.2819],[-117.3039,34.282],[-117.3041,34.282],[-117.3043,34.2821],[-117.3044,34.2821],[-117.3045,34.2821],[-117.3046,34.2821],[-117.3047,34.2821],[-117.3048,34.2821],[-117.3049,34.2821],[-117.3049,34.2822],[-117.3049,34.2823],[-117.3049,34.2824],[-117.3049,34.2825],[-117.3048,34.2826],[-117.3048,34.2827],[-117.3047,34.2827],[-117.3047,34.2828],[-117.3047,34.2829],[-117.3047,34.283],[-117.3048,34.283],[-117.3049,34.283],[-117.3051,34.2831],[-117.3052,34.2831],[-117.3053,34.2831],[-117.3053,34.2832],[-117.3054,34.2833],[-117.3054,34.2834],[-117.3054,34.2835],[-117.3055,34.2835],[-117.3056,34.2836],[-117.3057,34.2836],[-117.3058,34.2837],[-117.3059,34.2837],[-117.306,34.2837],[-117.306,34.2838],[-117.3061,34.2837],[-117.3062,34.2837],[-117.3062,34.2836],[-117.3061,34.2835],[-117.3061,34.2834],[-117.3062,34.2833],[-117.3064,34.2832],[-117.3067,34.283],[-117.3069,34.2827],[-117.3072,34.2825],[-117.3073,34.2824],[-117.3074,34.2823],[-117.3076,34.2821],[-117.3077,34.2821],[-117.3078,34.2821],[-117.3079,34.2821],[-117.3079,34.2822],[-117.308,34.2823],[-117.3082,34.2825],[-117.3083,34.2826],[-117.3083,34.2827],[-117.3084,34.2828],[-117.3085,34.2829],[-117.3086,34.2829],[-117.3087,34.283],[-117.3088,34.2831],[-117.309,34.2832],[-117.3091,34.2833],[-117.3092,34.2834],[-117.3093,34.2835],[-117.3094,34.2835],[-117.3095,34.2835],[-117.3096,34.2835],[-117.3098,34.2834],[-117.3099,34.2834],[-117.31,34.2833],[-117.31,34.2832],[-117.31,34.2831],[-117.3101,34.2831],[-117.3102,34.283],[-117.3104,34.2829],[-117.3105,34.2829],[-117.3106,34.2828],[-117.3108,34.2828],[-117.3109,34.2827],[-117.311,34.2826],[-117.3111,34.2825],[-117.3112,34.2825],[-117.3112,34.2824],[-117.3113,34.2824],[-117.3114,34.2825],[-117.3115,34.2826],[-117.3116,34.2826],[-117.3117,34.2826],[-117.3118,34.2826],[-117.3119,34.2827],[-117.3121,34.2827],[-117.3122,34.2827],[-117.3123,34.2827],[-117.3125,34.2827],[-117.3127,34.2827],[-117.3129,34.2827],[-117.3131,34.2827],[-117.3133,34.2827],[-117.3135,34.2827],[-117.3136,34.2827],[-117.3137,34.2827],[-117.3138,34.2828],[-117.314,34.2828],[-117.3141,34.2829],[-117.3142,34.2829],[-117.3143,34.2829],[-117.3144,34.2829],[-117.3145,34.2829],[-117.3146,34.2829],[-117.3147,34.2829],[-117.3148,34.2829],[-117.3149,34.2829],[-117.315,34.283],[-117.3151,34.283],[-117.3152,34.283],[-117.3153,34.2831],[-117.3155,34.2831],[-117.3156,34.2831],[-117.3157,34.2831],[-117.3158,34.2831],[-117.3159,34.2832],[-117.316,34.2832],[-117.3162,34.2832],[-117.3163,34.2833],[-117.3166,34.2834],[-117.3167,34.2834],[-117.3168,34.2834],[-117.3169,34.2835],[-117.317,34.2835],[-117.3171,34.2835],[-117.3173,34.2834],[-117.3174,34.2834],[-117.3175,34.2833],[-117.3176,34.2833],[-117.3178,34.2833],[-117.318,34.2833],[-117.3182,34.2833],[-117.3183,34.2833],[-117.3185,34.2834],[-117.3186,34.2834],[-117.3187,34.2833],[-117.3188,34.2833],[-117.3189,34.2834],[-117.3191,34.2834],[-117.3192,34.2833],[-117.3193,34.2833],[-117.3195,34.2833],[-117.3195,34.2832],[-117.3196,34.2832],[-117.3197,34.2832],[-117.3198,34.2833],[-117.3199,34.2834],[-117.32,34.2835],[-117.3201,34.2836],[-117.3202,34.2836],[-117.3203,34.2836],[-117.3204,34.2836],[-117.3205,34.2836],[-117.3207,34.2836],[-117.3208,34.2836],[-117.3208,34.2835],[-117.3209,34.2835],[-117.321,34.2835],[-117.3212,34.2835],[-117.3213,34.2835],[-117.3214,34.2835],[-117.3215,34.2835],[-117.3216,34.2836],[-117.3217,34.2837],[-117.3217,34.2838],[-117.3217,34.2839],[-117.3216,34.284],[-117.3215,34.284],[-117.3213,34.2839],[-117.3212,34.2839],[-117.3211,34.2838],[-117.321,34.2838],[-117.3209,34.2838],[-117.3208,34.2838],[-117.3207,34.2838],[-117.3206,34.2839],[-117.3205,34.2839],[-117.3204,34.284],[-117.3203,34.284],[-117.3202,34.2841],[-117.3201,34.2842],[-117.32,34.2842],[-117.3198,34.2843],[-117.3197,34.2843],[-117.3196,34.2843],[-117.3195,34.2843],[-117.3194,34.2842],[-117.3193,34.2841],[-117.3192,34.2841],[-117.3191,34.284],[-117.319,34.284],[-117.3189,34.284],[-117.3188,34.284],[-117.3187,34.284],[-117.3186,34.2841],[-117.3185,34.2841],[-117.3184,34.2841],[-117.3183,34.2841],[-117.3182,34.2841],[-117.3181,34.2842],[-117.3181,34.2843],[-117.318,34.2844],[-117.318,34.2845],[-117.318,34.2846],[-117.3179,34.2846],[-117.3178,34.2846],[-117.3177,34.2847],[-117.3176,34.2848],[-117.3176,34.2849],[-117.3177,34.2849],[-117.3177,34.285],[-117.3178,34.285],[-117.3179,34.2851],[-117.3179,34.2852],[-117.3178,34.2852],[-117.3177,34.2853],[-117.3176,34.2853],[-117.3174,34.2853],[-117.3172,34.2853],[-117.3171,34.2853],[-117.317,34.2853],[-117.3169,34.2853],[-117.3168,34.2852],[-117.3167,34.2852],[-117.3166,34.2851],[-117.3165,34.285],[-117.3165,34.2849],[-117.3164,34.2849],[-117.3163,34.2849],[-117.3162,34.2849],[-117.3162,34.285],[-117.3161,34.285],[-117.316,34.285],[-117.3159,34.2851],[-117.3158,34.2852],[-117.3157,34.2852],[-117.3156,34.2853],[-117.3155,34.2853],[-117.3154,34.2852],[-117.3153,34.2852],[-117.3152,34.2851],[-117.3151,34.2851],[-117.315,34.2851],[-117.315,34.2852],[-117.3149,34.2852],[-117.3149,34.2853],[-117.3149,34.2854],[-117.3148,34.2855],[-117.3148,34.2856],[-117.3148,34.2857],[-117.3148,34.2858],[-117.3148,34.2859],[-117.3148,34.286],[-117.3147,34.2861],[-117.3146,34.2861],[-117.3145,34.2861],[-117.3143,34.286],[-117.3142,34.2859],[-117.3141,34.2859],[-117.314,34.2858],[-117.3139,34.2859],[-117.3138,34.2859],[-117.3138,34.2861],[-117.3137,34.2862],[-117.3137,34.2863],[-117.3136,34.2863],[-117.3135,34.2864],[-117.3134,34.2864],[-117.3134,34.2865],[-117.3133,34.2866],[-117.3133,34.2867],[-117.3132,34.2868],[-117.3131,34.2868],[-117.313,34.2869],[-117.3129,34.2869],[-117.3128,34.287],[-117.3127,34.2871],[-117.3126,34.2871],[-117.3125,34.2871],[-117.3124,34.2872],[-117.3123,34.2872],[-117.3122,34.2872],[-117.3121,34.2873],[-117.312,34.2874],[-117.3121,34.2874],[-117.3121,34.2875],[-117.3121,34.2876],[-117.3122,34.2877],[-117.3123,34.2878],[-117.3124,34.2878],[-117.3125,34.2879],[-117.3126,34.2881],[-117.3126,34.2882],[-117.3127,34.2882],[-117.3127,34.2883],[-117.3127,34.2884],[-117.3126,34.2884],[-117.3126,34.2885],[-117.3125,34.2885],[-117.3123,34.2886],[-117.3121,34.2887],[-117.3119,34.2888],[-117.3118,34.2889],[-117.3118,34.289],[-117.3118,34.2891],[-117.3119,34.2892],[-117.312,34.2892],[-117.3121,34.2893],[-117.3122,34.2894],[-117.3123,34.2895],[-117.3123,34.2896],[-117.3124,34.2896],[-117.3125,34.2897],[-117.3125,34.2898],[-117.3126,34.2899],[-117.3127,34.29],[-117.3127,34.2901],[-117.3128,34.2902],[-117.3129,34.2902],[-117.3129,34.2903],[-117.3128,34.2903],[-117.3128,34.2904],[-117.3127,34.2904],[-117.3125,34.2905],[-117.3124,34.2905],[-117.3123,34.2906],[-117.3122,34.2907],[-117.312,34.291],[-117.3119,34.2911],[-117.3118,34.2912],[-117.3118,34.2913],[-117.3117,34.2914],[-117.3116,34.2914],[-117.3115,34.2914],[-117.3111,34.2913],[-117.3109,34.2912],[-117.3107,34.2912],[-117.3105,34.2912],[-117.3104,34.2911],[-117.3102,34.2911],[-117.31,34.2911],[-117.3098,34.2911],[-117.3097,34.2911],[-117.3096,34.2911],[-117.3094,34.2912],[-117.3091,34.2913],[-117.3089,34.2913],[-117.3088,34.2913],[-117.3087,34.2913],[-117.3086,34.2912],[-117.3085,34.2911],[-117.3085,34.291],[-117.3084,34.291],[-117.3084,34.2909],[-117.3083,34.2909],[-117.3082,34.2909],[-117.3081,34.291],[-117.308,34.2911],[-117.308,34.2913],[-117.3079,34.2914],[-117.3078,34.2915],[-117.3077,34.2915],[-117.3076,34.2916],[-117.3074,34.2917],[-117.3073,34.2917],[-117.3072,34.2918],[-117.3071,34.2919],[-117.307,34.2919],[-117.3069,34.292],[-117.3068,34.292],[-117.3067,34.2919],[-117.3066,34.2918],[-117.3065,34.2918],[-117.3065,34.2917],[-117.3064,34.2916],[-117.3063,34.2916],[-117.3062,34.2916],[-117.3061,34.2917],[-117.3061,34.2918],[-117.306,34.2918],[-117.306,34.2919],[-117.306,34.2921],[-117.306,34.2922],[-117.3059,34.2922],[-117.3058,34.2923],[-117.3057,34.2923],[-117.3056,34.2923],[-117.3055,34.2924],[-117.3055,34.2925],[-117.3055,34.2926],[-117.3055,34.2927],[-117.3056,34.2928],[-117.3056,34.2929],[-117.3056,34.2931],[-117.3057,34.2933],[-117.3057,34.2934],[-117.3058,34.2935],[-117.306,34.2937],[-117.306,34.2938],[-117.306,34.2939],[-117.3059,34.2939],[-117.3059,34.294],[-117.3058,34.294],[-117.3056,34.2941],[-117.3055,34.2941],[-117.3055,34.2942],[-117.3055,34.2943],[-117.3056,34.2943],[-117.3056,34.2944],[-117.3058,34.2945],[-117.3059,34.2946],[-117.306,34.2947],[-117.306,34.2948],[-117.306,34.2949],[-117.3059,34.295],[-117.3058,34.295],[-117.3057,34.295],[-117.3056,34.295],[-117.3055,34.2951],[-117.3053,34.2952],[-117.3052,34.2953],[-117.305,34.2953],[-117.3048,34.2954],[-117.3047,34.2954],[-117.3046,34.2954],[-117.3045,34.2953],[-117.3044,34.2953],[-117.3043,34.2952],[-117.3043,34.2953],[-117.3042,34.2953],[-117.3041,34.2954],[-117.304,34.2954],[-117.3039,34.2955],[-117.3037,34.2955],[-117.3035,34.2954],[-117.3033,34.2954],[-117.3032,34.2954],[-117.3032,34.2955],[-117.3031,34.2956],[-117.3031,34.2957],[-117.3032,34.2957],[-117.3032,34.2958],[-117.3033,34.2959],[-117.3034,34.2959],[-117.3037,34.296],[-117.3038,34.2961],[-117.3039,34.2962],[-117.3039,34.2963],[-117.3041,34.2965],[-117.3041,34.2966],[-117.3041,34.2967],[-117.304,34.2968],[-117.3039,34.297],[-117.3038,34.2971],[-117.3038,34.2972],[-117.3037,34.2973],[-117.3036,34.2973],[-117.3035,34.2973],[-117.3033,34.2972],[-117.3032,34.2972],[-117.303,34.2972],[-117.3028,34.2971],[-117.3027,34.2971],[-117.3024,34.297],[-117.3021,34.2969],[-117.3018,34.2968],[-117.3017,34.2967],[-117.3016,34.2967],[-117.3015,34.2967],[-117.3014,34.2966],[-117.3011,34.2966],[-117.301,34.2966],[-117.3009,34.2966],[-117.3008,34.2965],[-117.3007,34.2964],[-117.3006,34.2964],[-117.3005,34.2964],[-117.3003,34.2964],[-117.3,34.2963],[-117.2999,34.2963],[-117.2998,34.2962],[-117.2997,34.2961],[-117.2995,34.2961],[-117.2994,34.2961],[-117.2991,34.296],[-117.2988,34.296],[-117.2986,34.296],[-117.2985,34.296],[-117.2984,34.296],[-117.2983,34.296],[-117.2981,34.2959],[-117.298,34.2959],[-117.2979,34.296],[-117.2978,34.2961],[-117.2977,34.2961],[-117.2977,34.2962],[-117.2976,34.2963],[-117.2977,34.2964],[-117.2977,34.2965],[-117.2978,34.2965],[-117.2979,34.2965],[-117.298,34.2966],[-117.2981,34.2966],[-117.2982,34.2966],[-117.2984,34.2967],[-117.2987,34.2969],[-117.2989,34.297],[-117.299,34.297],[-117.2991,34.2971],[-117.2991,34.2972],[-117.2991,34.2973],[-117.2991,34.2974],[-117.2991,34.2975],[-117.2992,34.2976],[-117.2992,34.2977],[-117.2993,34.2977],[-117.2993,34.2978],[-117.2993,34.2979],[-117.2993,34.298],[-117.2992,34.2981],[-117.2992,34.2983],[-117.2991,34.2984],[-117.299,34.2985],[-117.299,34.2986],[-117.2991,34.2987],[-117.2991,34.2988],[-117.2992,34.2989],[-117.2992,34.299],[-117.2993,34.2991],[-117.2993,34.2992],[-117.2993,34.2993],[-117.2993,34.2994],[-117.2994,34.2995],[-117.2995,34.2996],[-117.2996,34.2997],[-117.2997,34.2997],[-117.2997,34.2999],[-117.2997,34.3],[-117.2997,34.3001],[-117.2998,34.3001],[-117.2999,34.3001],[-117.3,34.3001],[-117.3002,34.3001],[-117.3003,34.3001],[-117.3004,34.3002],[-117.3004,34.3003],[-117.3005,34.3005],[-117.3005,34.3006],[-117.3005,34.3007],[-117.3006,34.3008],[-117.3007,34.3009],[-117.3008,34.301],[-117.3009,34.301],[-117.301,34.3011],[-117.3011,34.3011],[-117.3012,34.3011],[-117.3013,34.301],[-117.3015,34.301],[-117.3016,34.301],[-117.3017,34.301],[-117.3019,34.3011],[-117.302,34.3012],[-117.3021,34.3013],[-117.3022,34.3014],[-117.3023,34.3014],[-117.3024,34.3014],[-117.3025,34.3014],[-117.3027,34.3014],[-117.3028,34.3014],[-117.3028,34.3015],[-117.3029,34.3016],[-117.303,34.3016],[-117.3031,34.3017],[-117.3032,34.3018],[-117.3032,34.3019],[-117.3032,34.302],[-117.3032,34.3021],[-117.3031,34.3022],[-117.3031,34.3023],[-117.3032,34.3024],[-117.3032,34.3025],[-117.3032,34.3026]]}},{"type":"Feature","properties":{"id":"3N34","name":"CRAB FLATS","kind":"road","access":"green","seasonal":false},"geometry":{"type":"LineString","coordinates":[[-117.1334,34.2769],[-117.1334,34.277],[-117.1335,34.277],[-117.1336,34.277],[-117.1337,34.277],[-117.1337,34.2771],[-117.1338,34.2771],[-117.1339,34.2773],[-117.134,34.2773],[-117.134,34.2774],[-117.1341,34.2775],[-117.1341,34.2776],[-117.1342,34.2777],[-117.1343,34.2777],[-117.1344,34.2778],[-117.1345,34.2778],[-117.1346,34.2778],[-117.1347,34.2778],[-117.1348,34.2778],[-117.1349,34.2777],[-117.1351,34.2777],[-117.1352,34.2777],[-117.1354,34.2777],[-117.1355,34.2777],[-117.1357,34.2777],[-117.1359,34.2777],[-117.1361,34.2777],[-117.1362,34.2777],[-117.1364,34.2777],[-117.1366,34.2777],[-117.1368,34.2777],[-117.137,34.2777],[-117.1371,34.2778],[-117.1372,34.2779],[-117.1373,34.278],[-117.1374,34.2782],[-117.1375,34.2783],[-117.1376,34.2784],[-117.1378,34.2786],[-117.1379,34.2788],[-117.138,34.2788],[-117.1381,34.2788],[-117.1382,34.2788],[-117.1383,34.2788],[-117.1385,34.2787],[-117.1386,34.2788],[-117.1388,34.2788],[-117.1389,34.2789],[-117.139,34.2789],[-117.1391,34.279],[-117.1392,34.2791],[-117.1393,34.2792],[-117.1393,34.2793],[-117.1394,34.2793],[-117.1395,34.2794],[-117.1396,34.2794],[-117.1397,34.2795],[-117.1397,34.2796],[-117.1398,34.2797],[-117.1398,34.2798],[-117.1399,34.2799],[-117.1399,34.28],[-117.1398,34.2801],[-117.1398,34.2803],[-117.1398,34.2804],[-117.1398,34.2805],[-117.1398,34.2806],[-117.1398,34.2807],[-117.1397,34.2808],[-117.1397,34.2809],[-117.1396,34.281],[-117.1396,34.2811],[-117.1396,34.2812],[-117.1397,34.2812],[-117.1398,34.2813],[-117.1399,34.2814],[-117.1399,34.2815],[-117.1399,34.2816],[-117.1398,34.2817],[-117.1398,34.2818],[-117.1398,34.282],[-117.1397,34.2821],[-117.1397,34.2822],[-117.1397,34.2823],[-117.1397,34.2824],[-117.1397,34.2825],[-117.1396,34.2826],[-117.1396,34.2827],[-117.1396,34.2828],[-117.1397,34.2828],[-117.1397,34.2829],[-117.1398,34.2829],[-117.1399,34.283],[-117.1399,34.2831],[-117.1399,34.2832],[-117.1398,34.2833],[-117.1398,34.2834],[-117.1397,34.2834],[-117.1396,34.2835],[-117.1395,34.2835],[-117.1394,34.2836],[-117.1394,34.2837],[-117.1394,34.2838],[-117.1394,34.2839],[-117.1394,34.284],[-117.1394,34.2841],[-117.1393,34.2842],[-117.1393,34.2843],[-117.1393,34.2844],[-117.1393,34.2845],[-117.1393,34.2846],[-117.1394,34.2847],[-117.1395,34.2849],[-117.1395,34.285],[-117.1396,34.2851],[-117.1397,34.2852],[-117.1398,34.2853],[-117.1399,34.2853],[-117.1399,34.2854],[-117.14,34.2855],[-117.1401,34.2855],[-117.1402,34.2855],[-117.1403,34.2855],[-117.1404,34.2855],[-117.1406,34.2854],[-117.1407,34.2854],[-117.1408,34.2854],[-117.1409,34.2854],[-117.141,34.2855],[-117.1412,34.2855],[-117.1413,34.2856],[-117.1414,34.2857],[-117.1415,34.2858],[-117.1416,34.2859],[-117.1417,34.2859],[-117.1417,34.286],[-117.1418,34.2861],[-117.1418,34.2862],[-117.1419,34.2863],[-117.142,34.2863],[-117.1421,34.2864],[-117.1422,34.2864],[-117.1423,34.2864],[-117.1423,34.2865],[-117.1424,34.2865],[-117.1425,34.2865],[-117.1425,34.2866],[-117.1426,34.2867],[-117.1427,34.2868],[-117.1428,34.2869],[-117.1428,34.287],[-117.1429,34.2871],[-117.1429,34.2873],[-117.143,34.2875],[-117.143,34.2876],[-117.1431,34.2877],[-117.1431,34.2878],[-117.1432,34.2879],[-117.1433,34.288],[-117.1433,34.2881],[-117.1434,34.2881],[-117.1435,34.2881],[-117.1436,34.2882],[-117.1437,34.2882],[-117.1438,34.2882],[-117.1439,34.2882],[-117.144,34.2883],[-117.1442,34.2883],[-117.1443,34.2884],[-117.1444,34.2884],[-117.1445,34.2885],[-117.1445,34.2886],[-117.1446,34.2886],[-117.1447,34.2887],[-117.1447,34.2888],[-117.1448,34.2889],[-117.1449,34.289],[-117.145,34.2891],[-117.145,34.2892],[-117.1451,34.2894],[-117.1451,34.2895],[-117.1452,34.2896],[-117.1453,34.2896],[-117.1454,34.2897],[-117.1455,34.2898],[-117.1456,34.2898],[-117.1457,34.29],[-117.1457,34.2901],[-117.1457,34.2902],[-117.1456,34.2903],[-117.1455,34.2904],[-117.1454,34.2906],[-117.1452,34.2907],[-117.1451,34.2908],[-117.1451,34.2909],[-117.1451,34.291],[-117.145,34.2911],[-117.145,34.2913],[-117.145,34.2914],[-117.145,34.2915],[-117.145,34.2916],[-117.145,34.2917],[-117.145,34.2918],[-117.145,34.2919],[-117.1451,34.2919],[-117.1451,34.292],[-117.1452,34.2922],[-117.1452,34.2923],[-117.1452,34.2924],[-117.1452,34.2925],[-117.1453,34.2926],[-117.1454,34.2926],[-117.1454,34.2927],[-117.1455,34.2928],[-117.1455,34.2929],[-117.1454,34.2931],[-117.1455,34.2932],[-117.1456,34.2933],[-117.1457,34.2935],[-117.1458,34.2935],[-117.1459,34.2935],[-117.146,34.2935],[-117.1462,34.2935],[-117.1463,34.2935],[-117.1464,34.2936],[-117.1466,34.2936],[-117.1467,34.2937],[-117.1468,34.2937],[-117.1468,34.2938],[-117.1468,34.2939],[-117.1468,34.294],[-117.1468,34.2941],[-117.1469,34.2941],[-117.1469,34.2942],[-117.147,34.2942],[-117.1472,34.2942],[-117.1474,34.2942],[-117.1477,34.2942],[-117.1479,34.2942],[-117.1481,34.2942],[-117.1482,34.2942],[-117.1485,34.2942],[-117.1487,34.2942],[-117.1488,34.2942],[-117.149,34.2941],[-117.1491,34.2942],[-117.1492,34.2942],[-117.1493,34.2942],[-117.1494,34.2942],[-117.1495,34.2942],[-117.1496,34.2942],[-117.1497,34.2942],[-117.1499,34.2941],[-117.1501,34.2941],[-117.1502,34.2941],[-117.1503,34.294],[-117.1505,34.2939],[-117.1506,34.2939],[-117.1508,34.2937],[-117.151,34.2936],[-117.1511,34.2935],[-117.1513,34.2934],[-117.1514,34.2935],[-117.1515,34.2937],[-117.1516,34.2938],[-117.1519,34.294],[-117.1522,34.2941],[-117.1524,34.2942],[-117.1526,34.2943],[-117.1527,34.2943],[-117.1528,34.2942],[-117.153,34.2942],[-117.1532,34.2942],[-117.1533,34.2942],[-117.1535,34.2941],[-117.1536,34.2941],[-117.1537,34.2941],[-117.1538,34.2941],[-117.1539,34.2942],[-117.154,34.2942],[-117.1542,34.2942],[-117.1544,34.2942],[-117.1546,34.2941],[-117.1548,34.2939],[-117.155,34.2938],[-117.1551,34.2938],[-117.1552,34.2938],[-117.1554,34.2938],[-117.1555,34.2939],[-117.1556,34.2939],[-117.1557,34.294],[-117.1559,34.294],[-117.1561,34.2941],[-117.1563,34.2941],[-117.1565,34.2942],[-117.1567,34.2943],[-117.1569,34.2944],[-117.157,34.2944],[-117.1571,34.2944],[-117.1573,34.2943],[-117.1574,34.2943],[-117.1576,34.2943],[-117.1578,34.2942],[-117.1579,34.2941],[-117.158,34.294],[-117.1581,34.294],[-117.1581,34.2939],[-117.1581,34.2938],[-117.1581,34.2937],[-117.158,34.2936],[-117.1578,34.2934],[-117.1578,34.2933],[-117.1577,34.2932],[-117.1576,34.2931],[-117.1578,34.2931],[-117.1579,34.2932],[-117.1581,34.2932],[-117.1582,34.2933],[-117.1583,34.2933],[-117.1584,34.2934],[-117.1585,34.2935],[-117.1587,34.2935],[-117.1588,34.2937],[-117.1589,34.2939],[-117.159,34.294],[-117.1591,34.2941],[-117.1591,34.2942],[-117.1591,34.2943],[-117.159,34.2944],[-117.159,34.2945],[-117.1591,34.2946],[-117.1592,34.2947],[-117.1593,34.2947],[-117.1594,34.2947],[-117.1595,34.2947],[-117.1596,34.2947],[-117.1597,34.2948],[-117.1597,34.2949],[-117.1598,34.2949],[-117.1599,34.2949],[-117.1601,34.2949],[-117.1602,34.295],[-117.1604,34.295],[-117.1605,34.2951],[-117.1606,34.2951],[-117.1607,34.2951],[-117.1608,34.2951],[-117.161,34.2951],[-117.1612,34.2951],[-117.1613,34.2951],[-117.1614,34.2951],[-117.1616,34.2951],[-117.1617,34.2952],[-117.1618,34.2953],[-117.1619,34.2954],[-117.1619,34.2955],[-117.1619,34.2956],[-117.1619,34.2957],[-117.162,34.2958],[-117.1621,34.2959],[-117.1622,34.296],[-117.1624,34.296],[-117.1625,34.2961],[-117.1626,34.2962],[-117.1627,34.2963],[-117.1628,34.2963],[-117.163,34.2963],[-117.1631,34.2964],[-117.1632,34.2964],[-117.1634,34.2965],[-117.1635,34.2966],[-117.1636,34.2967],[-117.1636,34.2968],[-117.1636,34.2969],[-117.1637,34.297],[-117.1637,34.2971],[-117.1637,34.2973],[-117.1638,34.2974],[-117.1639,34.2976],[-117.1639,34.2977],[-117.164,34.2977],[-117.1641,34.2977],[-117.1642,34.2976],[-117.1643,34.2976],[-117.1644,34.2975],[-117.1645,34.2976],[-117.1646,34.2976],[-117.1647,34.2977],[-117.1648,34.2978],[-117.1648,34.2979],[-117.1648,34.298],[-117.1649,34.2981],[-117.165,34.2982],[-117.1651,34.2983],[-117.1652,34.2984],[-117.1653,34.2985],[-117.1655,34.2985],[-117.1656,34.2986],[-117.1657,34.2986],[-117.1658,34.2985],[-117.166,34.2985],[-117.1662,34.2985],[-117.1663,34.2985],[-117.1664,34.2985],[-117.1665,34.2985],[-117.1666,34.2985],[-117.1666,34.2986],[-117.1666,34.2987],[-117.1667,34.2987],[-117.1667,34.2988],[-117.1667,34.2989],[-117.1667,34.299],[-117.1668,34.299],[-117.1669,34.2991],[-117.167,34.2991],[-117.1671,34.2991],[-117.1672,34.2993],[-117.1674,34.2994],[-117.1675,34.2996],[-117.1675,34.2997],[-117.1675,34.2998],[-117.1675,34.2999],[-117.1676,34.3],[-117.1676,34.3001],[-117.1678,34.3002],[-117.1679,34.3003],[-117.168,34.3003],[-117.1681,34.3003],[-117.1682,34.3003],[-117.1683,34.3003],[-117.1684,34.3004],[-117.1685,34.3004],[-117.1685,34.3005],[-117.1686,34.3006],[-117.1686,34.3007],[-117.1687,34.3007],[-117.1688,34.3007],[-117.1689,34.3007],[-117.169,34.3007],[-117.1691,34.3007],[-117.1692,34.3008],[-117.1693,34.3008],[-117.1694,34.3009],[-117.1695,34.3009],[-117.1697,34.3009],[-117.1698,34.3009],[-117.1699,34.3009],[-117.17,34.3009],[-117.1701,34.301],[-117.1703,34.301],[-117.1705,34.3011],[-117.1706,34.3011],[-117.171,34.3012],[-117.1711,34.3012],[-117.1713,34.3012],[-117.1714,34.3013],[-117.1715,34.3013],[-117.1717,34.3013],[-117.1718,34.3013],[-117.1719,34.3013],[-117.172,34.3014],[-117.1721,34.3014],[-117.1721,34.3015],[-117.1722,34.3015],[-117.1723,34.3016],[-117.1724,34.3015],[-117.1725,34.3015],[-117.1726,34.3015],[-117.1727,34.3016],[-117.1728,34.3016],[-117.1728,34.3017],[-117.1728,34.3018],[-117.1729,34.3019],[-117.173,34.302],[-117.1731,34.302],[-117.1733,34.302],[-117.1734,34.302],[-117.1735,34.302],[-117.1737,34.3019],[-117.1738,34.3018],[-117.1738,34.3017],[-117.1739,34.3017],[-117.1741,34.3017],[-117.1742,34.3018],[-117.1743,34.3018],[-117.1744,34.3018],[-117.1745,34.3018],[-117.1746,34.3018],[-117.1747,34.3018],[-117.1748,34.3018],[-117.1749,34.3018],[-117.1751,34.3018],[-117.1753,34.3018],[-117.1754,34.3018],[-117.1755,34.3018],[-117.1756,34.3018],[-117.1757,34.3019],[-117.1758,34.302],[-117.1758,34.3021],[-117.1758,34.3022],[-117.1759,34.3022],[-117.1759,34.3023],[-117.176,34.3023],[-117.1761,34.3023],[-117.1762,34.3023],[-117.1763,34.3022],[-117.1765,34.3021],[-117.1766,34.3021],[-117.1768,34.302],[-117.1769,34.302],[-117.1771,34.3019],[-117.1772,34.3019],[-117.1773,34.3018],[-117.1773,34.3017],[-117.1773,34.3016],[-117.1774,34.3016],[-117.1775,34.3016],[-117.1776,34.3017],[-117.1777,34.3017],[-117.1778,34.3017],[-117.1779,34.3018],[-117.178,34.3019],[-117.1781,34.3018],[-117.1782,34.3018],[-117.1783,34.3018],[-117.1784,34.3019],[-117.1785,34.3019],[-117.1787,34.3019],[-117.1788,34.3019],[-117.1789,34.3019],[-117.179,34.3019],[-117.179,34.3018],[-117.1792,34.3016],[-117.1793,34.3016],[-117.1793,34.3015],[-117.1794,34.3015],[-117.1795,34.3015],[-117.1796,34.3015],[-117.1797,34.3016],[-117.1799,34.3016],[-117.18,34.3017],[-117.1802,34.3017],[-117.1803,34.3017],[-117.1804,34.3018],[-117.1805,34.3018],[-117.1806,34.3017],[-117.1807,34.3017],[-117.1807,34.3016],[-117.1809,34.3015],[-117.1809,34.3014],[-117.1811,34.3013],[-117.1812,34.3012],[-117.1813,34.3011],[-117.1814,34.3011],[-117.1814,34.301],[-117.1815,34.301],[-117.1817,34.301],[-117.1818,34.301],[-117.1819,34.3009],[-117.1821,34.3009],[-117.1822,34.3009],[-117.1824,34.3008],[-117.1825,34.3008],[-117.1826,34.3008],[-117.1827,34.3009],[-117.1828,34.3009],[-117.183,34.3009],[-117.1831,34.3009],[-117.1833,34.3009],[-117.1834,34.3008],[-117.1835,34.3008],[-117.1836,34.3008],[-117.1837,34.3007],[-117.1837,34.3006],[-117.1837,34.3005],[-117.1837,34.3004],[-117.1836,34.3004],[-117.1834,34.3002],[-117.1833,34.3001],[-117.1832,34.3],[-117.1831,34.3],[-117.1828,34.3],[-117.1826,34.2999],[-117.1825,34.2999],[-117.1824,34.2999],[-117.1823,34.2998],[-117.1822,34.2997],[-117.1822,34.2996],[-117.1823,34.2995],[-117.1824,34.2995],[-117.1826,34.2994],[-117.1827,34.2994],[-117.1829,34.2993],[-117.1831,34.2992],[-117.1831,34.2991],[-117.1832,34.299],[-117.1832,34.2989],[-117.1833,34.2988],[-117.1833,34.2987],[-117.1833,34.2986],[-117.1833,34.2985],[-117.1834,34.2984],[-117.1834,34.2983],[-117.1835,34.2982],[-117.1835,34.2981],[-117.1835,34.298],[-117.1836,34.298],[-117.1837,34.298],[-117.1838,34.2979],[-117.1838,34.2978],[-117.1838,34.2977],[-117.1838,34.2976],[-117.1839,34.2976],[-117.1839,34.2975],[-117.1841,34.2974],[-117.1845,34.2973],[-117.1847,34.2973],[-117.1848,34.2973],[-117.1849,34.2973],[-117.185,34.2974],[-117.1851,34.2974],[-117.1852,34.2975],[-117.1853,34.2975],[-117.1854,34.2974],[-117.1855,34.2973],[-117.1855,34.2972],[-117.1855,34.2971],[-117.1856,34.297],[-117.1856,34.2969],[-117.1857,34.2969],[-117.1858,34.2968],[-117.1859,34.2968],[-117.186,34.2969],[-117.1861,34.297],[-117.1861,34.2971],[-117.1862,34.2971],[-117.1863,34.2972],[-117.1865,34.2973],[-117.1867,34.2973],[-117.1868,34.2973],[-117.1869,34.2973],[-117.1871,34.2973],[-117.1873,34.2973],[-117.1875,34.2973],[-117.1876,34.2973],[-117.1877,34.2972],[-117.1878,34.2971],[-117.1878,34.297],[-117.1878,34.2969],[-117.1878,34.2968],[-117.1878,34.2966],[-117.1878,34.2965],[-117.1879,34.2964],[-117.1879,34.2963],[-117.1879,34.2962],[-117.1879,34.296],[-117.188,34.296],[-117.1881,34.2959],[-117.1882,34.2959],[-117.1883,34.2959],[-117.1884,34.2958],[-117.1885,34.2958],[-117.1886,34.2958],[-117.1887,34.2959],[-117.1888,34.2959],[-117.1889,34.296],[-117.1889,34.2961],[-117.189,34.2962],[-117.1892,34.2962],[-117.1893,34.2961],[-117.1894,34.296],[-117.1895,34.2958],[-117.1896,34.2958],[-117.1897,34.2958],[-117.1899,34.2958],[-117.19,34.2959],[-117.1901,34.2959],[-117.1902,34.296],[-117.1904,34.2961],[-117.1905,34.2962],[-117.1907,34.2962],[-117.1908,34.2962],[-117.1909,34.2961],[-117.191,34.2961],[-117.1911,34.2961],[-117.1912,34.2961],[-117.1913,34.2962],[-117.1913,34.2963],[-117.1913,34.2965],[-117.1914,34.2965],[-117.1915,34.2966],[-117.1916,34.2967],[-117.1917,34.2967],[-117.1918,34.2967],[-117.1919,34.2967],[-117.192,34.2966],[-117.1921,34.2965],[-117.1921,34.2964],[-117.1922,34.2963],[-117.1923,34.2963],[-117.1924,34.2963],[-117.1925,34.2963],[-117.1926,34.2963],[-117.1926,34.2964],[-117.1928,34.2964],[-117.1929,34.2964],[-117.193,34.2963],[-117.1931,34.2963],[-117.1932,34.2963],[-117.1933,34.2962],[-117.1935,34.2961],[-117.1936,34.296],[-117.1937,34.296],[-117.1938,34.296],[-117.1939,34.296],[-117.194,34.296],[-117.1941,34.296],[-117.1943,34.296],[-117.1944,34.2959],[-117.1945,34.2959],[-117.1946,34.2959],[-117.1947,34.296],[-117.1948,34.296],[-117.1949,34.296],[-117.195,34.296],[-117.1952,34.2959],[-117.1953,34.2959],[-117.1954,34.2959],[-117.1954,34.2958],[-117.1954,34.2957],[-117.1953,34.2956],[-117.1952,34.2955],[-117.1952,34.2954],[-117.1952,34.2953],[-117.1951,34.2952],[-117.195,34.2952],[-117.1949,34.2952],[-117.1948,34.2952],[-117.1947,34.2953],[-117.1946,34.2952],[-117.1945,34.2952],[-117.1944,34.2951],[-117.1943,34.2951],[-117.1941,34.295],[-117.194,34.295],[-117.1939,34.2949],[-117.194,34.2948],[-117.1942,34.2948],[-117.1943,34.2948],[-117.1944,34.2948],[-117.1945,34.2948],[-117.1946,34.2949],[-117.1947,34.2949],[-117.1948,34.2949],[-117.1949,34.2949],[-117.195,34.2949],[-117.1951,34.2948],[-117.1952,34.2947],[-117.1954,34.2947],[-117.1955,34.2947],[-117.1956,34.2948],[-117.1956,34.2949],[-117.1957,34.295],[-117.1958,34.2951],[-117.196,34.2952],[-117.1961,34.2953],[-117.1963,34.2955],[-117.1964,34.2955],[-117.1965,34.2956],[-117.1966,34.2956],[-117.1967,34.2957],[-117.1968,34.2957],[-117.1969,34.2958],[-117.197,34.2958],[-117.1973,34.2957],[-117.1975,34.2957],[-117.1977,34.2958],[-117.1978,34.2958],[-117.1979,34.2958],[-117.1981,34.2959],[-117.1982,34.296],[-117.1983,34.2962],[-117.1985,34.2963],[-117.1986,34.2964],[-117.1987,34.2964],[-117.1987,34.2965],[-117.1987,34.2966],[-117.1988,34.2969],[-117.1988,34.297],[-117.1989,34.297],[-117.199,34.2971],[-117.1991,34.2971],[-117.1992,34.2971],[-117.1993,34.2971],[-117.1993,34.2972],[-117.1994,34.2973],[-117.1994,34.2974],[-117.1994,34.2975],[-117.1993,34.2976],[-117.1993,34.2978],[-117.1993,34.298],[-117.1994,34.298],[-117.1995,34.2981]]}},{"type":"Feature","properties":{"id":"3N34","name":"CRAB FLATS","kind":"road","access":"plate","seasonal":false},"geometry":{"type":"LineString","coordinates":[[-117.1995,34.2981],[-117.1996,34.2982],[-117.1998,34.2982],[-117.1999,34.2983],[-117.2,34.2984],[-117.2002,34.2985],[-117.2003,34.2985],[-117.2005,34.2986],[-117.2007,34.2987],[-117.2008,34.2988],[-117.2009,34.2989],[-117.201,34.2989],[-117.2011,34.299],[-117.2012,34.2991],[-117.2014,34.2992],[-117.2015,34.2992],[-117.2017,34.2993],[-117.2018,34.2994],[-117.2019,34.2994],[-117.2021,34.2994],[-117.2022,34.2994],[-117.2023,34.2995],[-117.2024,34.2995],[-117.2025,34.2996],[-117.2026,34.2996],[-117.2027,34.2996],[-117.2028,34.2997],[-117.2029,34.2998],[-117.2031,34.2998],[-117.2034,34.2999],[-117.2037,34.2999],[-117.2038,34.3],[-117.204,34.3],[-117.2041,34.3],[-117.2042,34.3001],[-117.2044,34.3001],[-117.2046,34.3002],[-117.2048,34.3002],[-117.2049,34.3002],[-117.2051,34.3002]]}},{"type":"Feature","properties":{"id":"2N33","name":"PILOT ROCK","kind":"road","access":"plate","seasonal":false},"geometry":{"type":"LineString","coordinates":[[-117.3032,34.3026],[-117.3034,34.3027],[-117.3035,34.3027],[-117.3037,34.3028],[-117.3039,34.3029],[-117.304,34.3029],[-117.3041,34.3029],[-117.3042,34.3029],[-117.3045,34.3029],[-117.3047,34.3029],[-117.3048,34.3029],[-117.305,34.303],[-117.3051,34.3031],[-117.3052,34.3032],[-117.3053,34.3033],[-117.3054,34.3034],[-117.3054,34.3035],[-117.3054,34.3036],[-117.3054,34.3038],[-117.3053,34.3039],[-117.3053,34.304],[-117.3053,34.3041],[-117.3054,34.3042],[-117.3055,34.3042],[-117.3056,34.3042],[-117.3058,34.3043],[-117.306,34.3044],[-117.3062,34.3045],[-117.3063,34.3045],[-117.3064,34.3046],[-117.3065,34.3047],[-117.3066,34.3047],[-117.3067,34.3048],[-117.3068,34.3049],[-117.3069,34.3049],[-117.307,34.305],[-117.3071,34.305],[-117.3073,34.305],[-117.3074,34.305],[-117.3076,34.3051],[-117.3078,34.3051],[-117.3079,34.3051],[-117.308,34.3051],[-117.3081,34.3051],[-117.3082,34.3051],[-117.3084,34.3052],[-117.3086,34.3053],[-117.3087,34.3053],[-117.3088,34.3053],[-117.3089,34.3053],[-117.309,34.3053],[-117.3091,34.3052],[-117.3092,34.3051],[-117.3093,34.305],[-117.3094,34.305],[-117.3095,34.305],[-117.3096,34.305],[-117.3097,34.305],[-117.3097,34.3051],[-117.3098,34.3052],[-117.3098,34.3053]]}},{"type":"Feature","properties":{"id":"2N76","name":"BREEZY POINT                  ","kind":"road","access":"plate","seasonal":false},"geometry":{"type":"LineString","coordinates":[[-117.3131,34.2549],[-117.3132,34.2548],[-117.3133,34.2548],[-117.3134,34.2548],[-117.3135,34.2548],[-117.3135,34.2549],[-117.3136,34.2549],[-117.3137,34.255],[-117.3138,34.255],[-117.3139,34.255],[-117.3141,34.255],[-117.3143,34.255],[-117.3145,34.2551],[-117.3147,34.2551],[-117.3148,34.2551],[-117.315,34.2551],[-117.3151,34.2551],[-117.3153,34.2551],[-117.3154,34.2551],[-117.3156,34.2552],[-117.3158,34.2552],[-117.3159,34.2552],[-117.3161,34.2553],[-117.3163,34.2553],[-117.3165,34.2553],[-117.3166,34.2554],[-117.3168,34.2554],[-117.3169,34.2555],[-117.317,34.2555],[-117.3172,34.2555],[-117.3174,34.2555],[-117.3175,34.2555],[-117.3177,34.2555],[-117.3179,34.2556],[-117.3181,34.2556],[-117.3182,34.2556],[-117.3183,34.2556],[-117.3184,34.2556],[-117.3186,34.2555],[-117.3187,34.2555],[-117.319,34.2556],[-117.3191,34.2556],[-117.3192,34.2555],[-117.3194,34.2554],[-117.3196,34.2552],[-117.3198,34.255],[-117.32,34.2549],[-117.3201,34.2548],[-117.3203,34.2548],[-117.3204,34.2547],[-117.3207,34.2547],[-117.3208,34.2547]]}},{"type":"Feature","properties":{"id":"2N73","name":"BAYLIS PARK PICNIC AREA       ","kind":"road","access":"plate","seasonal":false},"geometry":{"type":"LineString","coordinates":[[-117.244,34.2251],[-117.2439,34.225],[-117.2438,34.2249],[-117.2437,34.2249],[-117.2436,34.2249],[-117.2435,34.2251]]}},{"type":"Feature","properties":{"id":"2N49","name":"BAILEY CANYON","kind":"road","access":"plate","seasonal":false},"geometry":{"type":"LineString","coordinates":[[-117.3506,34.2084],[-117.3504,34.2085],[-117.3503,34.2085],[-117.3503,34.2086],[-117.3502,34.2087],[-117.3502,34.2088],[-117.3501,34.2089],[-117.35,34.209],[-117.3499,34.209],[-117.3498,34.2091],[-117.3497,34.2092],[-117.3496,34.2093],[-117.3496,34.2094],[-117.3496,34.2095],[-117.3496,34.2096],[-117.3495,34.2097],[-117.3494,34.2099],[-117.3493,34.21],[-117.3492,34.2102],[-117.3491,34.2103],[-117.3491,34.2104],[-117.349,34.2105],[-117.3489,34.2106],[-117.3489,34.2107],[-117.3488,34.2109],[-117.3488,34.211],[-117.3488,34.2111],[-117.3487,34.2113],[-117.3486,34.2115],[-117.3485,34.2116],[-117.3484,34.2116],[-117.3483,34.2117],[-117.3483,34.2119],[-117.3483,34.212],[-117.3483,34.2121],[-117.3482,34.2122],[-117.3481,34.2122],[-117.348,34.2122],[-117.348,34.2121],[-117.348,34.212],[-117.348,34.2119],[-117.3479,34.2118],[-117.3479,34.2116],[-117.3479,34.2115],[-117.3479,34.2114],[-117.348,34.2113],[-117.348,34.2112],[-117.3479,34.2112],[-117.3478,34.2112],[-117.3478,34.2113],[-117.3477,34.2115],[-117.3477,34.2116],[-117.3477,34.2117],[-117.3477,34.2119],[-117.3477,34.212],[-117.3476,34.2121],[-117.3476,34.2123],[-117.3476,34.2124],[-117.3476,34.2125],[-117.3476,34.2127],[-117.3476,34.2128],[-117.3475,34.2128],[-117.3474,34.2129],[-117.3473,34.2129],[-117.3472,34.2129],[-117.3471,34.2129],[-117.3471,34.213],[-117.3471,34.2131],[-117.347,34.2132],[-117.3468,34.2132],[-117.3467,34.2133],[-117.3466,34.2134],[-117.3465,34.2135],[-117.3463,34.2136],[-117.3462,34.2136],[-117.3461,34.2136],[-117.346,34.2136],[-117.3459,34.2136],[-117.3459,34.2137],[-117.3458,34.2138],[-117.3457,34.2138],[-117.3456,34.2138],[-117.3455,34.2138],[-117.3455,34.2139],[-117.3454,34.2139],[-117.3453,34.214],[-117.3452,34.214],[-117.3451,34.214],[-117.3449,34.214],[-117.3448,34.214],[-117.3447,34.214],[-117.3445,34.214],[-117.3444,34.214],[-117.3443,34.214],[-117.3442,34.214],[-117.3441,34.214],[-117.3441,34.2141],[-117.3441,34.2142],[-117.3441,34.2143],[-117.344,34.2144],[-117.3439,34.2144],[-117.3438,34.2145],[-117.3437,34.2144],[-117.3436,34.2144],[-117.3435,34.2144],[-117.3434,34.2144],[-117.3433,34.2144],[-117.3432,34.2144],[-117.3431,34.2144],[-117.343,34.2145],[-117.343,34.2146],[-117.3429,34.2147],[-117.3428,34.2148],[-117.3427,34.2148],[-117.3427,34.2149],[-117.3427,34.215],[-117.3428,34.2151],[-117.343,34.2152],[-117.343,34.2153],[-117.3431,34.2153],[-117.3431,34.2154],[-117.3431,34.2156],[-117.343,34.2157],[-117.3429,34.2157],[-117.3427,34.2158],[-117.3425,34.2159],[-117.3424,34.216],[-117.3423,34.216],[-117.3422,34.2161],[-117.3421,34.2161],[-117.3419,34.2161],[-117.3418,34.2161],[-117.3417,34.2162],[-117.3417,34.2163],[-117.3416,34.2163],[-117.3415,34.2164],[-117.3415,34.2165],[-117.3416,34.2166],[-117.3416,34.2167],[-117.3416,34.2168],[-117.3415,34.2169],[-117.3414,34.217],[-117.3413,34.2171],[-117.3412,34.2172],[-117.3412,34.2173],[-117.3412,34.2174],[-117.3412,34.2175],[-117.3411,34.2176],[-117.341,34.2176],[-117.3409,34.2177],[-117.3408,34.2177],[-117.3407,34.2177],[-117.3406,34.2178],[-117.3406,34.2179],[-117.3405,34.218],[-117.3404,34.2181],[-117.3403,34.2181],[-117.3401,34.2182],[-117.34,34.2182],[-117.3399,34.2183],[-117.3398,34.2184],[-117.3398,34.2186],[-117.3399,34.2188],[-117.3399,34.2189],[-117.34,34.219],[-117.3401,34.219],[-117.3402,34.219],[-117.3402,34.2191],[-117.3402,34.2192],[-117.3401,34.2193],[-117.34,34.2195],[-117.3399,34.2196],[-117.3398,34.2197],[-117.3398,34.2198],[-117.3399,34.2199],[-117.34,34.22],[-117.3401,34.2201],[-117.3402,34.2202],[-117.3403,34.2203],[-117.3405,34.2203],[-117.3407,34.2203],[-117.3408,34.2203],[-117.3409,34.2203],[-117.341,34.2204],[-117.3411,34.2205],[-117.3411,34.2206],[-117.3412,34.2208],[-117.3412,34.2209],[-117.3413,34.221],[-117.3413,34.2212],[-117.3413,34.2216],[-117.3413,34.2218],[-117.3413,34.2219],[-117.3413,34.2221],[-117.3413,34.2223],[-117.3413,34.2224],[-117.3413,34.2225],[-117.3413,34.2227],[-117.3413,34.2228],[-117.3413,34.2229],[-117.3414,34.223],[-117.3414,34.2231],[-117.3415,34.2232],[-117.3415,34.2233],[-117.3415,34.2235],[-117.3415,34.2236],[-117.3416,34.2237],[-117.3417,34.2237],[-117.3418,34.2238],[-117.3419,34.2238],[-117.342,34.2238],[-117.3421,34.2238],[-117.3422,34.2238],[-117.3422,34.2237],[-117.3423,34.2236],[-117.3424,34.2235],[-117.3425,34.2234],[-117.3426,34.2234],[-117.3427,34.2234],[-117.3427,34.2233],[-117.3428,34.2233],[-117.3428,34.2232],[-117.3429,34.2231],[-117.3429,34.223],[-117.3429,34.2229],[-117.343,34.2228],[-117.343,34.2227],[-117.3431,34.2226],[-117.3432,34.2225],[-117.3432,34.2224],[-117.3432,34.2223],[-117.3433,34.2223],[-117.3433,34.2222],[-117.3434,34.2222],[-117.3434,34.2221],[-117.3435,34.222],[-117.3435,34.2219],[-117.3436,34.2218],[-117.3436,34.2217],[-117.3437,34.2217],[-117.3437,34.2216],[-117.3438,34.2216],[-117.3439,34.2216],[-117.344,34.2216],[-117.3441,34.2216],[-117.3442,34.2216],[-117.3442,34.2215],[-117.3443,34.2215],[-117.3443,34.2214],[-117.3443,34.2213],[-117.3444,34.2213],[-117.3444,34.2212],[-117.3445,34.2212],[-117.3446,34.2212],[-117.3447,34.2212],[-117.3447,34.2213],[-117.3448,34.2215],[-117.3449,34.2215],[-117.345,34.2216],[-117.3451,34.2217],[-117.3452,34.2218],[-117.3453,34.2219],[-117.3454,34.222],[-117.3455,34.2221],[-117.3456,34.2222],[-117.3457,34.2222],[-117.3458,34.2221],[-117.3458,34.222],[-117.3459,34.2219],[-117.346,34.2218],[-117.3461,34.2217],[-117.3462,34.2217],[-117.3462,34.2216],[-117.3463,34.2216],[-117.3463,34.2215],[-117.3464,34.2214],[-117.3464,34.2213],[-117.3465,34.2213],[-117.3466,34.2213],[-117.3466,34.2212],[-117.3467,34.2212],[-117.3468,34.2212],[-117.3468,34.2213],[-117.3469,34.2213],[-117.347,34.2214],[-117.3471,34.2214],[-117.3472,34.2214],[-117.3473,34.2214],[-117.3474,34.2214],[-117.3475,34.2213],[-117.3476,34.2213],[-117.3477,34.2212],[-117.3478,34.2212],[-117.3479,34.2213],[-117.348,34.2213],[-117.348,34.2214],[-117.3481,34.2215],[-117.3482,34.2215],[-117.3483,34.2215],[-117.3484,34.2215],[-117.3484,34.2216],[-117.3484,34.2217],[-117.3485,34.2218],[-117.3485,34.2219],[-117.3484,34.222],[-117.3484,34.2221],[-117.3484,34.2222],[-117.3485,34.2222],[-117.3486,34.2222],[-117.3487,34.2223],[-117.3488,34.2223],[-117.3489,34.2224],[-117.3489,34.2225],[-117.3489,34.2226],[-117.3488,34.2226],[-117.3488,34.2227],[-117.3488,34.2228],[-117.3489,34.2229],[-117.349,34.2229],[-117.3491,34.223],[-117.3492,34.223],[-117.3492,34.2231],[-117.3493,34.2232],[-117.3493,34.2233],[-117.3494,34.2233],[-117.3495,34.2234],[-117.3496,34.2235],[-117.3496,34.2236],[-117.3496,34.2237],[-117.3496,34.2238],[-117.3497,34.2238],[-117.3498,34.2239],[-117.3499,34.2239],[-117.35,34.224],[-117.3501,34.2241],[-117.3501,34.2242],[-117.3501,34.2243],[-117.3502,34.2243],[-117.3503,34.2243],[-117.3504,34.2243],[-117.3505,34.2243],[-117.3506,34.2242],[-117.3508,34.2242],[-117.3509,34.2241],[-117.351,34.2241],[-117.3511,34.2241],[-117.3512,34.2241],[-117.3513,34.2242],[-117.3513,34.2243],[-117.3514,34.2243],[-117.3514,34.2244],[-117.3515,34.2244],[-117.3517,34.2246],[-117.3518,34.2247],[-117.3519,34.2248],[-117.3521,34.225],[-117.3522,34.2251],[-117.3523,34.2252],[-117.3524,34.2253],[-117.3525,34.2253],[-117.3525,34.2254],[-117.3525,34.2255],[-117.3525,34.2256],[-117.3526,34.2257],[-117.3526,34.2258],[-117.3526,34.2259],[-117.3526,34.226],[-117.3525,34.2261],[-117.3525,34.2262],[-117.3525,34.2263],[-117.3525,34.2264],[-117.3526,34.2265],[-117.3526,34.2266],[-117.3526,34.2267],[-117.3527,34.2268],[-117.3528,34.2268],[-117.3528,34.2269],[-117.3528,34.227],[-117.3528,34.2271],[-117.3529,34.2272],[-117.3529,34.2273],[-117.353,34.2273],[-117.3531,34.2273],[-117.3532,34.2272],[-117.3532,34.2271],[-117.3533,34.227],[-117.3534,34.227],[-117.3535,34.227],[-117.3536,34.2269],[-117.3537,34.2268],[-117.3538,34.2267],[-117.3539,34.2266],[-117.354,34.2265],[-117.3541,34.2265],[-117.3543,34.2265],[-117.3544,34.2264],[-117.3545,34.2264],[-117.3546,34.2263],[-117.3547,34.2262],[-117.3548,34.2262],[-117.3549,34.2262],[-117.355,34.2262],[-117.3551,34.2262],[-117.3552,34.2262],[-117.3553,34.2262],[-117.3553,34.2263],[-117.3554,34.2264],[-117.3554,34.2265],[-117.3554,34.2267],[-117.3554,34.2268],[-117.3554,34.2269],[-117.3554,34.227],[-117.3553,34.2271],[-117.3553,34.2272],[-117.3553,34.2273],[-117.3553,34.2274],[-117.3553,34.2275],[-117.3553,34.2277],[-117.3554,34.2279],[-117.3554,34.2281],[-117.3554,34.2282],[-117.3555,34.2283],[-117.3556,34.2284],[-117.3557,34.2285],[-117.3557,34.2286],[-117.3558,34.2287],[-117.3558,34.2288],[-117.3559,34.2289],[-117.356,34.2289],[-117.3561,34.2289],[-117.3561,34.229],[-117.3562,34.229],[-117.3563,34.229],[-117.3564,34.229],[-117.3565,34.229],[-117.3566,34.2291],[-117.3567,34.2291],[-117.3569,34.2291],[-117.3571,34.2291],[-117.3572,34.2291],[-117.3573,34.2291],[-117.3574,34.2292],[-117.3576,34.2292],[-117.3577,34.2293],[-117.3578,34.2294],[-117.358,34.2294],[-117.3582,34.2294],[-117.3584,34.2294],[-117.3585,34.2294],[-117.3586,34.2295],[-117.3587,34.2295],[-117.3587,34.2296],[-117.3586,34.2296],[-117.3585,34.2296],[-117.3583,34.2295],[-117.3582,34.2295],[-117.3581,34.2295],[-117.358,34.2295],[-117.3578,34.2295],[-117.3577,34.2295],[-117.3576,34.2295],[-117.3575,34.2295],[-117.3573,34.2295],[-117.3572,34.2295],[-117.3571,34.2296],[-117.357,34.2296],[-117.3569,34.2296],[-117.3568,34.2296],[-117.3567,34.2296],[-117.3566,34.2296],[-117.3564,34.2295],[-117.3562,34.2295],[-117.3561,34.2295],[-117.356,34.2295],[-117.3559,34.2295],[-117.3558,34.2295],[-117.3557,34.2295],[-117.3555,34.2295],[-117.3554,34.2295],[-117.3553,34.2295],[-117.3553,34.2294],[-117.3552,34.2294],[-117.3552,34.2293],[-117.3551,34.2293],[-117.3551,34.2292],[-117.355,34.2291],[-117.3549,34.2289],[-117.3548,34.2288],[-117.3546,34.2287],[-117.3545,34.2286],[-117.3544,34.2285],[-117.3543,34.2284],[-117.3542,34.2283],[-117.3542,34.2282],[-117.3541,34.2281],[-117.354,34.2281],[-117.3539,34.2281],[-117.3538,34.2282],[-117.3537,34.2283],[-117.3536,34.2283],[-117.3535,34.2285],[-117.3534,34.2286],[-117.3533,34.2287],[-117.3533,34.2288],[-117.3532,34.2288],[-117.3531,34.2288],[-117.3531,34.2289],[-117.353,34.2289],[-117.3529,34.2289],[-117.3529,34.229],[-117.3528,34.2291],[-117.3528,34.2292],[-117.3527,34.2293],[-117.3527,34.2294],[-117.3526,34.2294],[-117.3525,34.2295],[-117.3524,34.2295],[-117.3523,34.2295],[-117.3522,34.2294],[-117.3521,34.2293],[-117.352,34.2292],[-117.352,34.2291],[-117.3519,34.2291],[-117.3518,34.229],[-117.3518,34.2289],[-117.3517,34.2289],[-117.3517,34.2288],[-117.3516,34.2287],[-117.3515,34.2287],[-117.3514,34.2287],[-117.3514,34.2286],[-117.3513,34.2286],[-117.3513,34.2285],[-117.3513,34.2284],[-117.3513,34.2283],[-117.3512,34.2282],[-117.3511,34.2282],[-117.351,34.2281],[-117.3509,34.2281],[-117.3508,34.2281],[-117.3507,34.2281],[-117.3506,34.2281],[-117.3505,34.228],[-117.3503,34.2279],[-117.3502,34.2279],[-117.3501,34.2278],[-117.35,34.2278],[-117.3499,34.2278],[-117.3498,34.2278],[-117.3498,34.2277],[-117.3497,34.2277],[-117.3497,34.2276],[-117.3496,34.2276],[-117.3495,34.2276],[-117.3494,34.2276],[-117.3493,34.2276],[-117.3492,34.2277],[-117.3491,34.2278],[-117.3491,34.2279],[-117.349,34.2281],[-117.3489,34.2282],[-117.3489,34.2283],[-117.3488,34.2283],[-117.3488,34.2284],[-117.3488,34.2285],[-117.3489,34.2286],[-117.3489,34.2287],[-117.3489,34.2288],[-117.3489,34.2289],[-117.3489,34.2291],[-117.3489,34.2293],[-117.3489,34.2294],[-117.3489,34.2295],[-117.3489,34.2296],[-117.3489,34.2297],[-117.3488,34.2298],[-117.3488,34.2299],[-117.3488,34.2301],[-117.3488,34.2302],[-117.3487,34.2303],[-117.3487,34.2304],[-117.3486,34.2305],[-117.3485,34.2306],[-117.3484,34.2306],[-117.3483,34.2307],[-117.3482,34.2308],[-117.3481,34.2308],[-117.348,34.2309],[-117.3479,34.2309],[-117.3478,34.2309],[-117.3477,34.2308],[-117.3476,34.2308],[-117.3475,34.2307],[-117.3474,34.2307],[-117.3473,34.2307],[-117.3473,34.2308],[-117.3472,34.2309],[-117.3472,34.231],[-117.3472,34.2311],[-117.3472,34.2312],[-117.3471,34.2313],[-117.3471,34.2314],[-117.347,34.2315],[-117.347,34.2316],[-117.347,34.2317],[-117.347,34.2318],[-117.347,34.2319],[-117.347,34.232],[-117.347,34.2321],[-117.3469,34.2321],[-117.3469,34.2322],[-117.3469,34.2323],[-117.3469,34.2324],[-117.3469,34.2325],[-117.347,34.2325],[-117.347,34.2326],[-117.347,34.2327],[-117.3471,34.2328],[-117.3471,34.2329],[-117.3472,34.2329],[-117.3472,34.233],[-117.3473,34.233],[-117.3473,34.2331],[-117.3473,34.2333],[-117.3473,34.2335],[-117.3473,34.2336],[-117.3473,34.2337],[-117.3474,34.2339],[-117.3475,34.234],[-117.3475,34.2341],[-117.3476,34.2341],[-117.3476,34.2342],[-117.3475,34.2342],[-117.3474,34.2343],[-117.3473,34.2343],[-117.3472,34.2344],[-117.3471,34.2345],[-117.347,34.2346],[-117.3468,34.2348],[-117.3468,34.2349],[-117.3467,34.2349],[-117.3466,34.235],[-117.3465,34.2352],[-117.3463,34.2353],[-117.3463,34.2354],[-117.3462,34.2354],[-117.3462,34.2355],[-117.3461,34.2355],[-117.3461,34.2356],[-117.346,34.2356],[-117.3459,34.2357],[-117.3458,34.2358],[-117.3457,34.2359],[-117.3456,34.236],[-117.3456,34.2362],[-117.3456,34.2363],[-117.3457,34.2365],[-117.3457,34.2366],[-117.3457,34.2367],[-117.3458,34.2368],[-117.3459,34.2369],[-117.346,34.237],[-117.3462,34.237],[-117.3462,34.2371],[-117.3463,34.2371],[-117.3464,34.2371],[-117.3465,34.2372],[-117.3466,34.2372],[-117.3467,34.2373],[-117.3468,34.2375],[-117.3469,34.2376],[-117.347,34.2377],[-117.3471,34.2377],[-117.3472,34.2378],[-117.3474,34.2379],[-117.3477,34.2379],[-117.3478,34.238],[-117.348,34.238],[-117.3481,34.238],[-117.3481,34.2381],[-117.3482,34.2382],[-117.3484,34.2383],[-117.3485,34.2384],[-117.3485,34.2385],[-117.3486,34.2386],[-117.3487,34.2387],[-117.3488,34.2389],[-117.3489,34.2389],[-117.3489,34.239],[-117.349,34.2391],[-117.3491,34.2392],[-117.3493,34.2393],[-117.3494,34.2393],[-117.3496,34.2394],[-117.3498,34.2395],[-117.3499,34.2395],[-117.35,34.2396],[-117.3502,34.2396],[-117.3503,34.2395],[-117.3504,34.2395],[-117.3506,34.2395],[-117.3507,34.2395],[-117.3508,34.2395],[-117.3509,34.2395],[-117.3509,34.2396],[-117.3511,34.2396],[-117.3512,34.2397],[-117.3514,34.2397],[-117.3516,34.2397],[-117.3518,34.2397],[-117.3521,34.2397],[-117.3522,34.2397],[-117.3524,34.2397],[-117.3526,34.2396],[-117.3527,34.2397],[-117.3529,34.2398],[-117.3531,34.2399],[-117.3532,34.24],[-117.3533,34.24],[-117.3534,34.2401],[-117.3536,34.2401],[-117.3538,34.2401],[-117.3539,34.2401],[-117.354,34.2401],[-117.3542,34.2402],[-117.3543,34.2403],[-117.3543,34.2404],[-117.3544,34.2405],[-117.3544,34.2407],[-117.3545,34.2408],[-117.3546,34.2409],[-117.3546,34.241],[-117.3546,34.2412],[-117.3546,34.2413],[-117.3545,34.2414],[-117.3544,34.2415],[-117.3543,34.2415],[-117.3542,34.2415],[-117.3541,34.2415],[-117.354,34.2416],[-117.3539,34.2416],[-117.3538,34.2416],[-117.3536,34.2417],[-117.3534,34.2417],[-117.3533,34.2417],[-117.3532,34.2417],[-117.3531,34.2417],[-117.353,34.2418],[-117.353,34.2419],[-117.353,34.242],[-117.353,34.2421],[-117.3531,34.2423],[-117.3531,34.2425],[-117.3531,34.2426],[-117.3531,34.2427],[-117.353,34.2429],[-117.353,34.243],[-117.353,34.2431],[-117.353,34.2432],[-117.3529,34.2434],[-117.3529,34.2435],[-117.3528,34.2436],[-117.3528,34.2438],[-117.3528,34.2439],[-117.3528,34.244],[-117.3528,34.2442],[-117.3528,34.2443],[-117.3528,34.2445],[-117.3528,34.2447],[-117.3528,34.2448],[-117.3528,34.245],[-117.3528,34.2451],[-117.3529,34.2452],[-117.353,34.2453],[-117.353,34.2454],[-117.3531,34.2455],[-117.3531,34.2456],[-117.3532,34.2456],[-117.3532,34.2457],[-117.3532,34.2458],[-117.3533,34.2459],[-117.3533,34.246],[-117.3533,34.2461],[-117.3532,34.2461],[-117.3532,34.2462],[-117.3531,34.2462],[-117.353,34.2462],[-117.353,34.2463],[-117.3529,34.2463],[-117.3528,34.2464],[-117.3526,34.2464],[-117.3525,34.2465],[-117.3524,34.2466],[-117.3522,34.2467],[-117.3521,34.2469],[-117.352,34.2469],[-117.3519,34.247],[-117.3518,34.2471],[-117.3517,34.2472],[-117.3517,34.2473],[-117.3517,34.2474],[-117.3517,34.2475],[-117.3518,34.2477],[-117.3518,34.2478],[-117.3518,34.2479],[-117.3518,34.248],[-117.3518,34.2481],[-117.3517,34.2482],[-117.3517,34.2483],[-117.3518,34.2485],[-117.3518,34.2486],[-117.3517,34.2488],[-117.3517,34.249],[-117.3517,34.2491],[-117.3517,34.2493],[-117.3517,34.2494],[-117.3517,34.2495],[-117.3518,34.2496],[-117.3519,34.2497],[-117.352,34.2499],[-117.3521,34.2499],[-117.3522,34.25],[-117.3523,34.2501],[-117.3523,34.2502],[-117.3525,34.2504],[-117.3526,34.2506],[-117.3527,34.2508],[-117.3528,34.2508],[-117.3529,34.2509],[-117.353,34.251],[-117.3532,34.251],[-117.3534,34.2512],[-117.3535,34.2513],[-117.3536,34.2513],[-117.3536,34.2514],[-117.3537,34.2515],[-117.3538,34.2515],[-117.354,34.2515],[-117.3541,34.2515],[-117.3542,34.2516],[-117.3543,34.2516],[-117.3544,34.2516],[-117.3546,34.2517],[-117.3548,34.2517],[-117.3549,34.2517],[-117.3551,34.2517],[-117.3552,34.2517],[-117.3553,34.2516],[-117.3555,34.2516],[-117.3557,34.2516],[-117.3559,34.2516],[-117.3561,34.2516],[-117.3564,34.2517],[-117.3566,34.2517],[-117.3568,34.2517],[-117.357,34.2517],[-117.3572,34.2517],[-117.3575,34.2517],[-117.3577,34.2517],[-117.3578,34.2517],[-117.3579,34.2517],[-117.3581,34.2517],[-117.3583,34.2517],[-117.3584,34.2516],[-117.3585,34.2516],[-117.3587,34.2515],[-117.3588,34.2515],[-117.359,34.2515],[-117.3591,34.2515],[-117.3594,34.2515],[-117.3596,34.2515],[-117.3597,34.2515],[-117.3599,34.2515],[-117.36,34.2515],[-117.3601,34.2514],[-117.3602,34.2514],[-117.3603,34.2514],[-117.3605,34.2514],[-117.3606,34.2514],[-117.3606,34.2515],[-117.3607,34.2516],[-117.3607,34.2517],[-117.3607,34.2518],[-117.3607,34.2519],[-117.3607,34.2521],[-117.3607,34.2522],[-117.3607,34.2523],[-117.3606,34.2523],[-117.3605,34.2525],[-117.3604,34.2526],[-117.3603,34.2527],[-117.3603,34.2528],[-117.3601,34.253],[-117.3601,34.2531],[-117.36,34.2532],[-117.3599,34.2533],[-117.3599,34.2534],[-117.3599,34.2535],[-117.36,34.2536],[-117.36,34.2537],[-117.3601,34.2537],[-117.3601,34.2538],[-117.3601,34.2539],[-117.3601,34.254],[-117.3602,34.254],[-117.3602,34.2541],[-117.3603,34.2542],[-117.3604,34.2543],[-117.3604,34.2544],[-117.3605,34.2545],[-117.3605,34.2546],[-117.3606,34.2547],[-117.3608,34.2548],[-117.3609,34.2549],[-117.361,34.255],[-117.3613,34.2552],[-117.3614,34.2552],[-117.3616,34.2553],[-117.3617,34.2554],[-117.3618,34.2555],[-117.3619,34.2556],[-117.3619,34.2557],[-117.362,34.2558],[-117.3621,34.2559],[-117.3622,34.2561],[-117.3623,34.2562],[-117.3623,34.2563],[-117.3624,34.2564],[-117.3625,34.2565],[-117.3626,34.2565],[-117.3627,34.2566],[-117.3628,34.2566],[-117.3629,34.2566],[-117.3631,34.2566],[-117.3632,34.2566],[-117.3633,34.2566],[-117.3634,34.2565],[-117.3636,34.2565],[-117.3637,34.2566],[-117.3638,34.2566],[-117.3639,34.2566],[-117.364,34.2566],[-117.3641,34.2567],[-117.3641,34.2568],[-117.3642,34.2569],[-117.3643,34.257],[-117.3643,34.2571],[-117.3644,34.2572],[-117.3645,34.2573],[-117.3646,34.2574],[-117.3647,34.2575],[-117.3647,34.2576],[-117.3647,34.2577],[-117.3647,34.2578],[-117.3647,34.2579],[-117.3647,34.258],[-117.3647,34.2581],[-117.3646,34.2582],[-117.3647,34.2582],[-117.3647,34.2583],[-117.3648,34.2584],[-117.3649,34.2584],[-117.3649,34.2585],[-117.3651,34.2585],[-117.3651,34.2586],[-117.3652,34.2587],[-117.3654,34.2588],[-117.3655,34.2589],[-117.3655,34.259],[-117.3656,34.259],[-117.3657,34.2591],[-117.3659,34.2591],[-117.366,34.2591],[-117.3661,34.2592],[-117.3662,34.2592],[-117.3663,34.2593],[-117.3664,34.2594],[-117.3665,34.2594],[-117.3667,34.2595],[-117.3668,34.2595],[-117.3669,34.2595],[-117.367,34.2595],[-117.3671,34.2596],[-117.3672,34.2596],[-117.3673,34.2597],[-117.3674,34.2598],[-117.3674,34.2599],[-117.3674,34.26],[-117.3675,34.26],[-117.3675,34.2601],[-117.3677,34.2601],[-117.3678,34.2601],[-117.368,34.2601],[-117.3681,34.2601],[-117.3682,34.2601],[-117.3684,34.2601],[-117.3685,34.2602],[-117.3686,34.2602],[-117.3689,34.2603],[-117.3691,34.2604],[-117.3693,34.2605],[-117.3695,34.2606],[-117.3697,34.2606],[-117.3698,34.2605],[-117.37,34.2606],[-117.3701,34.2606],[-117.3703,34.2607],[-117.3705,34.2609],[-117.3706,34.261],[-117.3706,34.2611],[-117.3707,34.2612],[-117.3708,34.2613],[-117.3708,34.2614],[-117.3708,34.2615],[-117.3708,34.2616],[-117.3707,34.2618],[-117.3707,34.262],[-117.3707,34.2622],[-117.3707,34.2623],[-117.3707,34.2625],[-117.3707,34.2626],[-117.3708,34.2626],[-117.3709,34.2627],[-117.371,34.2627],[-117.3711,34.2626],[-117.3712,34.2625],[-117.3712,34.2624],[-117.3713,34.2623],[-117.3715,34.2621],[-117.3716,34.2621],[-117.3717,34.262],[-117.3719,34.262],[-117.372,34.2619],[-117.372,34.2618],[-117.3721,34.2618],[-117.3721,34.2617],[-117.3722,34.2616],[-117.3723,34.2615],[-117.3726,34.2614],[-117.3728,34.2614],[-117.373,34.2613],[-117.3732,34.2613],[-117.3733,34.2613],[-117.3734,34.2613],[-117.3736,34.2613],[-117.3738,34.2613],[-117.374,34.2614],[-117.3741,34.2614],[-117.3742,34.2614],[-117.3743,34.2615],[-117.3744,34.2615],[-117.3746,34.2615],[-117.3747,34.2615],[-117.375,34.2615],[-117.3753,34.2615],[-117.3756,34.2615],[-117.3758,34.2615],[-117.376,34.2616],[-117.3761,34.2616],[-117.3762,34.2617],[-117.3762,34.2618],[-117.3763,34.2619],[-117.3764,34.262],[-117.3765,34.262],[-117.3766,34.262],[-117.3767,34.2621],[-117.3768,34.2622],[-117.3769,34.2623],[-117.3771,34.2623],[-117.3772,34.2623],[-117.3773,34.2623],[-117.3774,34.2622],[-117.3775,34.2621],[-117.3777,34.262],[-117.3779,34.2619],[-117.378,34.2618],[-117.3781,34.2618],[-117.3783,34.2617],[-117.3784,34.2617],[-117.3785,34.2617],[-117.3786,34.2616],[-117.3788,34.2614],[-117.3789,34.2613],[-117.3791,34.2612],[-117.3793,34.2611],[-117.3795,34.261],[-117.3796,34.261],[-117.3798,34.261],[-117.3798,34.2611],[-117.3799,34.2611],[-117.38,34.2612],[-117.3801,34.2614],[-117.3802,34.2616],[-117.3803,34.2618],[-117.3804,34.262],[-117.3805,34.2623],[-117.3805,34.2625],[-117.3806,34.2627],[-117.3806,34.2628],[-117.3807,34.2629],[-117.3808,34.2629],[-117.3809,34.263],[-117.3809,34.2631],[-117.3809,34.2632],[-117.381,34.2632],[-117.381,34.2633],[-117.3809,34.2633],[-117.3809,34.2634],[-117.3809,34.2635],[-117.3809,34.2636],[-117.381,34.2637],[-117.3811,34.2637],[-117.3811,34.2638],[-117.3812,34.2638],[-117.3813,34.2638],[-117.3814,34.2638],[-117.3815,34.2638],[-117.3816,34.2639],[-117.3817,34.2639],[-117.3819,34.2639],[-117.382,34.264],[-117.3821,34.2639],[-117.3823,34.2639],[-117.3824,34.2639],[-117.3824,34.2638],[-117.3826,34.2638],[-117.3827,34.2638],[-117.3828,34.2638],[-117.383,34.2638],[-117.3831,34.2638],[-117.3832,34.2637],[-117.3833,34.2637],[-117.3833,34.2636],[-117.3833,34.2635],[-117.3833,34.2634],[-117.3832,34.2633],[-117.3831,34.2633],[-117.383,34.2632],[-117.3829,34.2632],[-117.3828,34.2632],[-117.3827,34.2631],[-117.3826,34.263],[-117.3826,34.2629],[-117.3825,34.2628],[-117.3824,34.2627],[-117.3824,34.2626],[-117.3823,34.2625],[-117.3822,34.2624],[-117.3822,34.2623],[-117.3821,34.2623],[-117.3821,34.2622],[-117.3821,34.2621],[-117.3821,34.262],[-117.3821,34.2619],[-117.3821,34.2618],[-117.3822,34.2618],[-117.3823,34.2617],[-117.3825,34.2617],[-117.3826,34.2617],[-117.3827,34.2617],[-117.3829,34.2616],[-117.383,34.2616],[-117.3831,34.2615],[-117.3831,34.2614],[-117.3831,34.2613],[-117.3832,34.2612],[-117.3833,34.2611],[-117.3833,34.261],[-117.3834,34.261],[-117.3834,34.2609],[-117.3836,34.2608],[-117.3837,34.2608],[-117.3838,34.2608],[-117.3839,34.2608],[-117.3841,34.2608],[-117.3843,34.2609],[-117.3844,34.2609],[-117.3845,34.2609],[-117.3848,34.261],[-117.3849,34.261],[-117.3851,34.261],[-117.3854,34.261],[-117.3856,34.261],[-117.3859,34.261],[-117.386,34.2609],[-117.3861,34.2609],[-117.3862,34.2609],[-117.3863,34.2609],[-117.3865,34.2608],[-117.3866,34.2607],[-117.3868,34.2606],[-117.3869,34.2607],[-117.387,34.2607],[-117.3871,34.2608],[-117.3871,34.2609],[-117.3872,34.261],[-117.3873,34.261],[-117.3874,34.261],[-117.3876,34.261],[-117.3877,34.261],[-117.3878,34.2609],[-117.3878,34.2608],[-117.3879,34.2608],[-117.3879,34.2607],[-117.388,34.2606],[-117.3881,34.2606],[-117.3882,34.2606],[-117.3883,34.2606],[-117.3884,34.2606],[-117.3886,34.2606],[-117.3886,34.2607],[-117.3887,34.2607],[-117.3889,34.2609],[-117.389,34.261],[-117.3892,34.2611],[-117.3893,34.2612],[-117.3895,34.2613],[-117.3896,34.2613],[-117.3897,34.2614],[-117.3898,34.2615],[-117.3899,34.2616],[-117.39,34.2616],[-117.3901,34.2617],[-117.3903,34.2617],[-117.3905,34.2617],[-117.3907,34.2617],[-117.3909,34.2617],[-117.3911,34.2617],[-117.3912,34.2616],[-117.3913,34.2616],[-117.3914,34.2617],[-117.3915,34.2617],[-117.3915,34.2618],[-117.3915,34.2619],[-117.3916,34.2619],[-117.3917,34.2619],[-117.392,34.2619],[-117.3921,34.262],[-117.3923,34.262],[-117.3924,34.262],[-117.3926,34.262],[-117.3927,34.262],[-117.3928,34.2619],[-117.3929,34.2619],[-117.393,34.2619],[-117.3932,34.2619],[-117.3933,34.2619],[-117.3934,34.262],[-117.3935,34.262],[-117.3936,34.2621],[-117.3937,34.2621],[-117.3939,34.262],[-117.394,34.262],[-117.3941,34.262],[-117.3942,34.2619],[-117.3943,34.2619],[-117.3944,34.262],[-117.3945,34.2621],[-117.3947,34.2622],[-117.3949,34.2622],[-117.395,34.2623],[-117.3952,34.2624],[-117.3953,34.2625],[-117.3954,34.2626],[-117.3955,34.2627],[-117.3956,34.2627],[-117.3957,34.2627],[-117.3958,34.2627],[-117.396,34.2628],[-117.3962,34.2629],[-117.3964,34.263],[-117.3964,34.2631],[-117.3965,34.2632],[-117.3965,34.2633],[-117.3966,34.2634],[-117.3967,34.2635],[-117.3969,34.2636],[-117.397,34.2636],[-117.3972,34.2637],[-117.3974,34.2638],[-117.3976,34.2638],[-117.3978,34.2638],[-117.398,34.2638],[-117.3981,34.2638],[-117.3982,34.2638],[-117.3983,34.2638],[-117.3984,34.2638],[-117.3985,34.2638],[-117.3986,34.2638],[-117.3987,34.2637],[-117.3988,34.2637],[-117.3989,34.2637],[-117.399,34.2637],[-117.3992,34.2638],[-117.3994,34.2638],[-117.3995,34.2638],[-117.3996,34.2638],[-117.3997,34.2638],[-117.3998,34.2638],[-117.3999,34.2638],[-117.4,34.2638],[-117.4002,34.2638],[-117.4003,34.2638],[-117.4005,34.2638],[-117.4007,34.2639],[-117.4009,34.264],[-117.4012,34.2641],[-117.4013,34.2642],[-117.4014,34.2642],[-117.4015,34.2642],[-117.4015,34.2643],[-117.4015,34.2644],[-117.4014,34.2644],[-117.4014,34.2645],[-117.4013,34.2645],[-117.4013,34.2646],[-117.4013,34.2647],[-117.4013,34.2648],[-117.4013,34.2649],[-117.4013,34.2651],[-117.4013,34.2652],[-117.4013,34.2653],[-117.4012,34.2654],[-117.4012,34.2655],[-117.4012,34.2657],[-117.4011,34.2658],[-117.4011,34.2659],[-117.4009,34.266],[-117.4008,34.2661],[-117.4007,34.2662],[-117.4006,34.2663],[-117.4004,34.2663],[-117.4004,34.2664],[-117.4003,34.2665],[-117.4004,34.2666],[-117.4005,34.2667],[-117.4005,34.2668],[-117.4007,34.2668],[-117.4008,34.2668],[-117.4009,34.2669],[-117.4011,34.267],[-117.4012,34.2671],[-117.4013,34.2671],[-117.4015,34.2671],[-117.4016,34.2672],[-117.4017,34.2673],[-117.4018,34.2674],[-117.4018,34.2675],[-117.4018,34.2676],[-117.4018,34.2677],[-117.4018,34.2678],[-117.4018,34.268],[-117.4019,34.2681],[-117.402,34.2682],[-117.402,34.2683],[-117.4021,34.2684],[-117.4021,34.2685],[-117.4022,34.2687],[-117.4023,34.2688],[-117.4024,34.2689],[-117.4026,34.269],[-117.4027,34.2691],[-117.4028,34.2692],[-117.4028,34.2694],[-117.4028,34.2695],[-117.4029,34.2696],[-117.403,34.2698],[-117.4031,34.2699],[-117.4032,34.27],[-117.4033,34.2701],[-117.4034,34.2701],[-117.4035,34.2701],[-117.4036,34.2702],[-117.4036,34.2703],[-117.4036,34.2704],[-117.4037,34.2706],[-117.4036,34.2706],[-117.4036,34.2707],[-117.4037,34.2707],[-117.4038,34.2708],[-117.4039,34.2708],[-117.404,34.2708],[-117.404,34.2709],[-117.404,34.271],[-117.404,34.2711],[-117.404,34.2712],[-117.404,34.2713],[-117.4041,34.2713],[-117.4041,34.2714],[-117.404,34.2715],[-117.4039,34.2716],[-117.4039,34.2717],[-117.4038,34.2718],[-117.4037,34.2719],[-117.4036,34.272],[-117.4035,34.272],[-117.4034,34.2721],[-117.4033,34.2721],[-117.4031,34.272],[-117.403,34.272],[-117.4029,34.2719],[-117.4028,34.2719],[-117.4026,34.2719],[-117.4025,34.2719],[-117.4024,34.2719],[-117.4023,34.272],[-117.4022,34.2721],[-117.4021,34.2721],[-117.402,34.2721],[-117.4019,34.2721],[-117.4018,34.272],[-117.4017,34.272],[-117.4016,34.272],[-117.4015,34.272],[-117.4014,34.272],[-117.4013,34.272],[-117.4012,34.2719],[-117.4011,34.2719],[-117.401,34.2718],[-117.4009,34.2717],[-117.4008,34.2717],[-117.4007,34.2716],[-117.4006,34.2715],[-117.4005,34.2715],[-117.4004,34.2714],[-117.4003,34.2714],[-117.4002,34.2714],[-117.4001,34.2714],[-117.3999,34.2714],[-117.3998,34.2714],[-117.3997,34.2714],[-117.3996,34.2714],[-117.3995,34.2714],[-117.3994,34.2715],[-117.3994,34.2716],[-117.3993,34.2717],[-117.3993,34.2718],[-117.3991,34.2718],[-117.399,34.2718],[-117.3989,34.2718],[-117.3988,34.2718],[-117.3988,34.2719],[-117.3988,34.272],[-117.3988,34.2721],[-117.3988,34.2722],[-117.3988,34.2723],[-117.3988,34.2724],[-117.3988,34.2725],[-117.3989,34.2726],[-117.399,34.2727],[-117.3991,34.2728],[-117.3993,34.2728],[-117.3993,34.2729],[-117.3995,34.273],[-117.3997,34.273],[-117.3997,34.2731],[-117.3998,34.2731],[-117.3999,34.2731],[-117.4,34.2732],[-117.4001,34.2732],[-117.4002,34.2734],[-117.4003,34.2735],[-117.4005,34.2736],[-117.4006,34.2737],[-117.4006,34.2738],[-117.4006,34.2739],[-117.4006,34.274],[-117.4007,34.2741],[-117.4008,34.2741],[-117.4009,34.2742],[-117.4009,34.2743],[-117.401,34.2745],[-117.4011,34.2746],[-117.4011,34.2748],[-117.4012,34.2748],[-117.4012,34.2749],[-117.4012,34.275],[-117.4012,34.2751],[-117.4013,34.2752],[-117.4015,34.2754],[-117.4016,34.2754],[-117.4017,34.2755],[-117.4018,34.2755],[-117.4018,34.2756],[-117.4019,34.2757],[-117.4019,34.2759],[-117.402,34.2761],[-117.402,34.2763],[-117.402,34.2764],[-117.402,34.2765],[-117.4019,34.2766],[-117.4018,34.2767],[-117.4017,34.2768],[-117.4016,34.2769],[-117.4016,34.277],[-117.4016,34.2771],[-117.4016,34.2772],[-117.4015,34.2773],[-117.4015,34.2775],[-117.4015,34.2776],[-117.4015,34.2777],[-117.4015,34.2778],[-117.4016,34.2778],[-117.4017,34.2779],[-117.4018,34.2779],[-117.4018,34.278],[-117.4019,34.2781],[-117.402,34.2782],[-117.402,34.2784],[-117.402,34.2785],[-117.4021,34.2786],[-117.402,34.2786],[-117.402,34.2787],[-117.4019,34.2788],[-117.4019,34.2789],[-117.4018,34.2789],[-117.4018,34.279],[-117.4018,34.2791],[-117.4019,34.2792],[-117.4019,34.2793],[-117.4019,34.2794],[-117.4019,34.2795],[-117.4019,34.2796],[-117.4018,34.2797],[-117.4018,34.2798],[-117.4017,34.2798],[-117.4016,34.28],[-117.4016,34.2801],[-117.4016,34.2802],[-117.4016,34.2803],[-117.4019,34.2804],[-117.402,34.2805],[-117.4021,34.2806],[-117.4022,34.2807],[-117.4023,34.2807],[-117.4024,34.2807],[-117.4025,34.2807],[-117.4026,34.2807],[-117.4027,34.2806],[-117.4029,34.2806],[-117.403,34.2806],[-117.4031,34.2805],[-117.4033,34.2803],[-117.4034,34.2802],[-117.4035,34.2801],[-117.4036,34.28],[-117.4037,34.28],[-117.4039,34.2799],[-117.404,34.2799],[-117.4041,34.2799],[-117.4042,34.28],[-117.4043,34.28],[-117.4045,34.28],[-117.4046,34.28],[-117.4047,34.28],[-117.4048,34.2799],[-117.405,34.2797],[-117.4051,34.2797],[-117.4052,34.2797],[-117.4053,34.2797],[-117.4054,34.2797],[-117.4055,34.2796],[-117.4057,34.2796],[-117.4058,34.2795],[-117.4059,34.2794],[-117.406,34.2794],[-117.406,34.2793],[-117.4061,34.2792],[-117.4063,34.2791],[-117.4064,34.279],[-117.4065,34.2789],[-117.4066,34.2788],[-117.4067,34.2787],[-117.4068,34.2786],[-117.4069,34.2785],[-117.407,34.2784],[-117.4071,34.2784],[-117.4072,34.2784],[-117.4073,34.2784],[-117.4075,34.2784],[-117.4077,34.2784],[-117.4078,34.2785],[-117.4078,34.2787],[-117.4078,34.2788],[-117.4078,34.279],[-117.4077,34.2791],[-117.4076,34.2792],[-117.4076,34.2793],[-117.4074,34.2794],[-117.4073,34.2795],[-117.4072,34.2795],[-117.4071,34.2796],[-117.4071,34.2797],[-117.4072,34.2799],[-117.4073,34.28],[-117.4075,34.2801],[-117.4075,34.2802],[-117.4075,34.2803],[-117.4075,34.2804],[-117.4074,34.2806],[-117.4074,34.2808],[-117.4074,34.281],[-117.4074,34.2812],[-117.4074,34.2813],[-117.4075,34.2815],[-117.4074,34.2816],[-117.4073,34.2818],[-117.4072,34.2819],[-117.4071,34.282],[-117.4069,34.282],[-117.4067,34.282],[-117.4066,34.282],[-117.4065,34.282],[-117.4064,34.282],[-117.4064,34.2821],[-117.4063,34.2821],[-117.4063,34.2822],[-117.4063,34.2824],[-117.4062,34.2824],[-117.4061,34.2826],[-117.406,34.2827],[-117.406,34.2828],[-117.4059,34.2828],[-117.4058,34.2828],[-117.4058,34.2829],[-117.4057,34.2829],[-117.4056,34.2829],[-117.4055,34.283],[-117.4054,34.2831],[-117.4054,34.2832],[-117.4054,34.2833],[-117.4055,34.2835],[-117.4055,34.2836],[-117.4056,34.2836],[-117.4058,34.2836],[-117.4059,34.2837],[-117.406,34.2837],[-117.4061,34.2838],[-117.4061,34.2839],[-117.4062,34.2841],[-117.4062,34.2842],[-117.4063,34.2843],[-117.4063,34.2844],[-117.4062,34.2845],[-117.4061,34.2845],[-117.4061,34.2846],[-117.406,34.2846],[-117.406,34.2847],[-117.406,34.2848],[-117.406,34.2849],[-117.4059,34.285],[-117.4058,34.2851],[-117.4059,34.2852],[-117.4059,34.2853],[-117.406,34.2854],[-117.4061,34.2856],[-117.4062,34.2856],[-117.4063,34.2857],[-117.4064,34.2857],[-117.4065,34.2858],[-117.4064,34.2859],[-117.4064,34.2861],[-117.4065,34.2861],[-117.4066,34.2862],[-117.4066,34.2863],[-117.4067,34.2863],[-117.4068,34.2864],[-117.4069,34.2864],[-117.407,34.2865],[-117.4071,34.2865],[-117.4071,34.2866],[-117.4073,34.2867],[-117.4073,34.2868],[-117.4072,34.2868],[-117.4071,34.2868],[-117.4071,34.2867],[-117.407,34.2867],[-117.4069,34.2866],[-117.4068,34.2865],[-117.4066,34.2864],[-117.4065,34.2864],[-117.4064,34.2863],[-117.4063,34.2862],[-117.4062,34.2861],[-117.4061,34.2861],[-117.4061,34.286],[-117.406,34.2859],[-117.4059,34.2858],[-117.4058,34.2857],[-117.4057,34.2856],[-117.4055,34.2855],[-117.4053,34.2853],[-117.4052,34.2853],[-117.4052,34.2851],[-117.4052,34.285],[-117.4052,34.2849],[-117.4053,34.2848],[-117.4053,34.2847],[-117.4053,34.2846],[-117.4053,34.2845],[-117.4053,34.2844],[-117.4052,34.2843],[-117.4051,34.2843],[-117.405,34.2843],[-117.4049,34.2843],[-117.4048,34.2844],[-117.4047,34.2844],[-117.4047,34.2845],[-117.4046,34.2845],[-117.4045,34.2845],[-117.4044,34.2845],[-117.4043,34.2845],[-117.4041,34.2845],[-117.404,34.2844],[-117.4038,34.2843],[-117.4037,34.2842],[-117.4037,34.2841],[-117.4037,34.284],[-117.4037,34.2838],[-117.4038,34.2836],[-117.4038,34.2835],[-117.4038,34.2834],[-117.4038,34.2833],[-117.4038,34.2832],[-117.4039,34.283],[-117.404,34.2829],[-117.4039,34.2829],[-117.4039,34.2828],[-117.4038,34.2828],[-117.4037,34.2828],[-117.4036,34.2829],[-117.4036,34.283],[-117.4037,34.283],[-117.4036,34.2831],[-117.4036,34.2833],[-117.4035,34.2834],[-117.4035,34.2835],[-117.4034,34.2836],[-117.4033,34.2837],[-117.4032,34.2838],[-117.4032,34.2839],[-117.4032,34.2841],[-117.4032,34.2842],[-117.4031,34.2842],[-117.403,34.2843],[-117.4029,34.2844],[-117.4027,34.2845],[-117.4026,34.2846],[-117.4025,34.2846],[-117.4024,34.2846],[-117.4023,34.2846],[-117.4022,34.2846],[-117.402,34.2846],[-117.4018,34.2846],[-117.4015,34.2847],[-117.4013,34.2847],[-117.4009,34.2847],[-117.4007,34.2847],[-117.4006,34.2846],[-117.4005,34.2846],[-117.4003,34.2846],[-117.4002,34.2846],[-117.4,34.2846],[-117.3998,34.2846],[-117.3996,34.2846],[-117.3994,34.2846],[-117.3993,34.2846],[-117.399,34.2846],[-117.3989,34.2846],[-117.3988,34.2846],[-117.3987,34.2846],[-117.3986,34.2845],[-117.3985,34.2845],[-117.3984,34.2844],[-117.3983,34.2844],[-117.3982,34.2844],[-117.3981,34.2844],[-117.3979,34.2845],[-117.3978,34.2845],[-117.3977,34.2846],[-117.3976,34.2846],[-117.3974,34.2847],[-117.3972,34.2847],[-117.3971,34.2847],[-117.397,34.2846],[-117.3968,34.2846],[-117.3966,34.2846],[-117.3965,34.2845],[-117.3962,34.2845],[-117.396,34.2845],[-117.3959,34.2845],[-117.3958,34.2845],[-117.3957,34.2846],[-117.3956,34.2846],[-117.3955,34.2846],[-117.3954,34.2846],[-117.3952,34.2846],[-117.395,34.2845],[-117.3948,34.2845],[-117.3945,34.2845],[-117.3942,34.2845],[-117.3941,34.2845],[-117.3939,34.2845],[-117.3938,34.2845],[-117.3937,34.2845],[-117.3936,34.2845],[-117.3934,34.2845],[-117.3931,34.2846],[-117.3928,34.2846],[-117.3927,34.2846],[-117.3924,34.2847],[-117.3923,34.2847],[-117.3922,34.2847],[-117.3921,34.2847],[-117.392,34.2847],[-117.3919,34.2847],[-117.3918,34.2847],[-117.3917,34.2847],[-117.3916,34.2847],[-117.3914,34.2847],[-117.3913,34.2847],[-117.3911,34.2847],[-117.3909,34.2847],[-117.3907,34.2847],[-117.3905,34.2847],[-117.3903,34.2847],[-117.3901,34.2847],[-117.3899,34.2848],[-117.3898,34.2848],[-117.3897,34.2849],[-117.3895,34.2849],[-117.3894,34.2848],[-117.3893,34.2848],[-117.3893,34.2847],[-117.3894,34.2846],[-117.3895,34.2846],[-117.3896,34.2846],[-117.3897,34.2845],[-117.3898,34.2845],[-117.3899,34.2844],[-117.39,34.2843],[-117.3902,34.2842],[-117.3904,34.2841],[-117.3905,34.284],[-117.3907,34.2839],[-117.3908,34.2838],[-117.391,34.2836],[-117.391,34.2835],[-117.3911,34.2835],[-117.3912,34.2834],[-117.3914,34.2833],[-117.3915,34.2832],[-117.3917,34.2831],[-117.3918,34.283],[-117.3918,34.2829],[-117.3918,34.2828],[-117.3917,34.2828],[-117.3916,34.2827],[-117.3914,34.2827],[-117.3911,34.2828],[-117.3909,34.2828],[-117.3908,34.2828],[-117.3907,34.2828],[-117.3903,34.2829],[-117.3901,34.283],[-117.3899,34.283],[-117.3897,34.2831],[-117.3895,34.2831],[-117.3894,34.2832],[-117.3893,34.2832],[-117.3892,34.2833],[-117.3891,34.2834],[-117.389,34.2834],[-117.3888,34.2835],[-117.3887,34.2835],[-117.3886,34.2835],[-117.3884,34.2835],[-117.3883,34.2836],[-117.3882,34.2836],[-117.3881,34.2836],[-117.388,34.2836],[-117.3879,34.2836],[-117.3877,34.2836],[-117.3875,34.2836],[-117.3873,34.2836],[-117.387,34.2836],[-117.3869,34.2837],[-117.3867,34.2837],[-117.3866,34.2838],[-117.3865,34.2838],[-117.3864,34.2839],[-117.3863,34.2839],[-117.3862,34.2839],[-117.386,34.2839],[-117.3859,34.2839],[-117.3858,34.2839],[-117.3855,34.2837],[-117.3852,34.2836],[-117.385,34.2835],[-117.3849,34.2835],[-117.3848,34.2835],[-117.3847,34.2835],[-117.3846,34.2835],[-117.3845,34.2834],[-117.3843,34.2834],[-117.3842,34.2833],[-117.384,34.2833],[-117.3838,34.2833],[-117.3837,34.2832],[-117.3836,34.2832],[-117.3835,34.2831],[-117.3835,34.283],[-117.3834,34.2829],[-117.3832,34.2829],[-117.383,34.2828],[-117.3829,34.2828],[-117.3828,34.2828],[-117.3828,34.2827],[-117.3827,34.2827],[-117.3826,34.2825],[-117.3826,34.2824],[-117.3824,34.2824],[-117.3823,34.2824],[-117.3823,34.2825],[-117.3822,34.2826],[-117.3821,34.2827],[-117.3821,34.2828],[-117.3821,34.2829],[-117.382,34.283],[-117.382,34.2831],[-117.3819,34.2832],[-117.3818,34.2833],[-117.3818,34.2834],[-117.3817,34.2835],[-117.3817,34.2836],[-117.3817,34.2837],[-117.3817,34.2838],[-117.3817,34.2839],[-117.3817,34.284],[-117.3818,34.284],[-117.3819,34.284],[-117.382,34.2841],[-117.3822,34.2841],[-117.3823,34.2842],[-117.3823,34.2843],[-117.3822,34.2844],[-117.382,34.2845],[-117.3819,34.2845],[-117.3816,34.2846],[-117.3814,34.2846],[-117.3813,34.2846],[-117.3811,34.2846],[-117.381,34.2846],[-117.3809,34.2846],[-117.3807,34.2847],[-117.3806,34.2848],[-117.3804,34.2848],[-117.3803,34.2849],[-117.3802,34.2849],[-117.3801,34.2849],[-117.38,34.2849],[-117.3799,34.285],[-117.3798,34.285],[-117.3797,34.285],[-117.3795,34.285],[-117.3795,34.2849],[-117.3793,34.2849],[-117.3791,34.2849],[-117.3789,34.2849],[-117.3787,34.2849],[-117.3786,34.285],[-117.3785,34.285],[-117.3784,34.285],[-117.3782,34.285],[-117.378,34.285],[-117.3778,34.285],[-117.3777,34.285],[-117.3776,34.2849],[-117.3774,34.2849],[-117.3772,34.2848],[-117.377,34.2848],[-117.3768,34.2848],[-117.3765,34.2848],[-117.3762,34.2848],[-117.3761,34.2848],[-117.376,34.2848],[-117.3758,34.2848],[-117.3754,34.2848],[-117.3752,34.2848],[-117.375,34.2847],[-117.3749,34.2847],[-117.3748,34.2847],[-117.3747,34.2847],[-117.3745,34.2848],[-117.3744,34.2848],[-117.3742,34.2849],[-117.3742,34.285],[-117.3741,34.285],[-117.374,34.2851],[-117.3739,34.2851],[-117.3737,34.2852],[-117.3735,34.2852],[-117.3733,34.2853],[-117.373,34.2853],[-117.3729,34.2853],[-117.3728,34.2853],[-117.3727,34.2854],[-117.3726,34.2855],[-117.3724,34.2856],[-117.3723,34.2856],[-117.3723,34.2857],[-117.3722,34.2858],[-117.372,34.2859],[-117.3719,34.286],[-117.3717,34.2861],[-117.3715,34.2863],[-117.3714,34.2864],[-117.3713,34.2864],[-117.3711,34.2865],[-117.3708,34.2866],[-117.3703,34.2868],[-117.3699,34.2869],[-117.3698,34.2869]]}},{"type":"Feature","properties":{"id":"3N34","name":"CRAB FLATS","kind":"road","access":"green","seasonal":false},"geometry":{"type":"LineString","coordinates":[[-117.0845,34.2607],[-117.0845,34.2608],[-117.0846,34.261],[-117.0847,34.2611],[-117.0848,34.2611],[-117.0848,34.2612],[-117.085,34.2613],[-117.0851,34.2613],[-117.0852,34.2614],[-117.0853,34.2615],[-117.0853,34.2616],[-117.0854,34.2617],[-117.0855,34.2618],[-117.0856,34.2619],[-117.0857,34.2619],[-117.0859,34.262],[-117.086,34.2621],[-117.0861,34.2622],[-117.0862,34.2624],[-117.0862,34.2626],[-117.0863,34.2628],[-117.0864,34.2629]]}},{"type":"Feature","properties":{"id":"2N43","name":"SAWPIT CANYON","kind":"road","access":"plate","seasonal":false},"geometry":{"type":"LineString","coordinates":[[-117.3422,34.2516],[-117.3423,34.2515],[-117.3424,34.2515],[-117.3426,34.2514],[-117.3427,34.2513],[-117.3428,34.2512],[-117.343,34.2511],[-117.343,34.251],[-117.3429,34.251],[-117.3428,34.251],[-117.3428,34.2509],[-117.3429,34.2509],[-117.3429,34.2508],[-117.3429,34.2507],[-117.3429,34.2506],[-117.3428,34.2505],[-117.3428,34.2504],[-117.3429,34.2504],[-117.3429,34.2503],[-117.3431,34.2503],[-117.3432,34.2503],[-117.3432,34.2502],[-117.3433,34.2501],[-117.3433,34.25],[-117.3433,34.2499],[-117.3434,34.2499],[-117.3434,34.2498],[-117.3435,34.2498],[-117.3436,34.2498],[-117.3437,34.2499],[-117.3438,34.2499],[-117.344,34.2499],[-117.3442,34.2499],[-117.3444,34.2498],[-117.3446,34.2498],[-117.3447,34.2498],[-117.3448,34.2498],[-117.3449,34.2498],[-117.345,34.2498],[-117.345,34.2497],[-117.345,34.2496],[-117.345,34.2494],[-117.345,34.2492],[-117.345,34.2491],[-117.345,34.249],[-117.3451,34.249],[-117.3452,34.249],[-117.3453,34.2491],[-117.3454,34.2491],[-117.3455,34.2491],[-117.3456,34.249],[-117.3457,34.2489],[-117.3459,34.2488],[-117.3459,34.2487],[-117.346,34.2486],[-117.3461,34.2485],[-117.3462,34.2484],[-117.3462,34.2483],[-117.3463,34.2483],[-117.3463,34.2482],[-117.3464,34.2481],[-117.3464,34.248],[-117.3465,34.248],[-117.3465,34.2479],[-117.3466,34.2478],[-117.3466,34.2477],[-117.3466,34.2476],[-117.3467,34.2475],[-117.3468,34.2474],[-117.3468,34.2473],[-117.3468,34.2472],[-117.3468,34.2471],[-117.3468,34.247],[-117.3469,34.247],[-117.347,34.2469],[-117.3471,34.2469],[-117.3472,34.2468],[-117.3473,34.2467],[-117.3474,34.2466],[-117.3475,34.2465],[-117.3476,34.2464],[-117.3477,34.2463],[-117.3478,34.2462],[-117.3479,34.2461],[-117.348,34.246],[-117.3481,34.2459],[-117.3482,34.2458],[-117.3483,34.2457],[-117.3484,34.2457],[-117.3485,34.2456],[-117.3486,34.2455],[-117.3487,34.2454],[-117.3487,34.2453],[-117.3489,34.2453],[-117.349,34.2452],[-117.3492,34.2451],[-117.3493,34.2451],[-117.3494,34.245],[-117.3495,34.245],[-117.3496,34.245],[-117.3497,34.245],[-117.3497,34.2451],[-117.3499,34.2451],[-117.35,34.2452],[-117.3501,34.2452],[-117.3502,34.2452],[-117.3503,34.2452],[-117.3504,34.2453],[-117.3505,34.2454],[-117.3506,34.2455],[-117.3507,34.2455],[-117.3508,34.2456],[-117.3509,34.2456],[-117.3511,34.2456],[-117.3513,34.2456],[-117.3515,34.2456],[-117.3516,34.2457],[-117.3519,34.2457],[-117.3521,34.2458],[-117.3522,34.2458],[-117.3523,34.2458],[-117.3524,34.2458],[-117.3525,34.2458],[-117.3526,34.2458],[-117.3527,34.2458],[-117.3528,34.2458],[-117.3529,34.2458],[-117.353,34.2458],[-117.3531,34.2458],[-117.3532,34.2458]]}},{"type":"Feature","properties":{"id":"2N95","name":"NORTH SHORE CAMPGROUND","kind":"road","access":"plate","seasonal":false},"geometry":{"type":"MultiLineString","coordinates":[[[-117.1682,34.2666],[-117.1681,34.2667],[-117.168,34.2668],[-117.1679,34.2669],[-117.1678,34.2669],[-117.1677,34.267],[-117.1676,34.2669],[-117.1675,34.2669],[-117.1674,34.2669],[-117.1673,34.2669],[-117.1672,34.267],[-117.1671,34.267],[-117.167,34.267],[-117.1669,34.2671],[-117.1668,34.2671],[-117.1667,34.2671],[-117.1666,34.267],[-117.1665,34.267]],[[-117.1665,34.267],[-117.1665,34.2669],[-117.1666,34.2668],[-117.1666,34.2667],[-117.1666,34.2666],[-117.1666,34.2665],[-117.1665,34.2665],[-117.1664,34.2664],[-117.1663,34.2664]],[[-117.1663,34.2664],[-117.1662,34.2664]],[[-117.1663,34.2664],[-117.1661,34.2667]],[[-117.1662,34.2664],[-117.166,34.2664],[-117.1659,34.2663]],[[-117.1665,34.267],[-117.1664,34.267],[-117.1663,34.2671],[-117.1662,34.2671],[-117.166,34.2671],[-117.1659,34.2671],[-117.1657,34.2671],[-117.1656,34.2671],[-117.1654,34.2671],[-117.1652,34.2671],[-117.1651,34.2672]],[[-117.1662,34.2664],[-117.1662,34.2663],[-117.1663,34.2663],[-117.1664,34.2663],[-117.1665,34.2663]],[[-117.1651,34.2672],[-117.165,34.2672],[-117.1647,34.2672],[-117.1645,34.2672],[-117.1644,34.2671],[-117.1642,34.2671]],[[-117.1642,34.2671],[-117.164,34.2671],[-117.1638,34.2671]],[[-117.1642,34.2671],[-117.1641,34.2669],[-117.1641,34.2668]],[[-117.1651,34.2672],[-117.165,34.2673],[-117.1648,34.2675],[-117.1646,34.2677],[-117.1648,34.2677],[-117.1649,34.2678],[-117.1651,34.2678],[-117.1653,34.2679]],[[-117.1642,34.2671],[-117.1642,34.2672],[-117.1643,34.2672],[-117.1643,34.2673],[-117.1643,34.2674],[-117.1643,34.2675],[-117.1643,34.2676],[-117.1644,34.2677],[-117.1646,34.2678]],[[-117.1638,34.2671],[-117.164,34.267],[-117.164,34.2669],[-117.1641,34.2669]],[[-117.1638,34.2671],[-117.1635,34.2672],[-117.1633,34.2672],[-117.1632,34.2672],[-117.163,34.2672],[-117.163,34.2671],[-117.163,34.267],[-117.1631,34.267],[-117.1633,34.2669],[-117.1636,34.2668],[-117.1637,34.2668],[-117.1639,34.2668],[-117.164,34.2668],[-117.1641,34.2668],[-117.1641,34.2667],[-117.1641,34.2665],[-117.1641,34.2663],[-117.1641,34.2662],[-117.1642,34.2662]]]}},{"type":"Feature","properties":{"id":"2N59","name":"RAINBOW","kind":"road","access":"plate","seasonal":false},"geometry":{"type":"LineString","coordinates":[[-117.3324,34.2754],[-117.3325,34.2754],[-117.3327,34.2753],[-117.3328,34.2752],[-117.3329,34.2752],[-117.3331,34.2751],[-117.3332,34.2751],[-117.3332,34.275],[-117.3333,34.2749],[-117.3333,34.2748],[-117.3333,34.2747],[-117.3334,34.2746],[-117.3334,34.2745],[-117.3334,34.2744],[-117.3335,34.2744],[-117.3336,34.2743],[-117.3337,34.2742],[-117.3338,34.2741],[-117.3339,34.274],[-117.334,34.274],[-117.334,34.2739],[-117.3341,34.2739],[-117.3343,34.2738],[-117.3344,34.2738],[-117.3345,34.2737],[-117.3345,34.2736],[-117.3346,34.2736],[-117.3346,34.2735],[-117.3347,34.2734],[-117.3349,34.2734],[-117.3352,34.2734],[-117.3353,34.2735],[-117.3354,34.2735],[-117.3355,34.2736],[-117.3355,34.2737],[-117.3355,34.2739],[-117.3355,34.2742],[-117.3355,34.2743],[-117.3355,34.2745],[-117.3356,34.2745],[-117.3358,34.2746],[-117.336,34.2747],[-117.3362,34.2747],[-117.3363,34.2748],[-117.3364,34.2748],[-117.3364,34.2749],[-117.3365,34.275],[-117.3365,34.2751],[-117.3366,34.2752],[-117.3367,34.2752],[-117.3368,34.2752],[-117.3369,34.2752],[-117.3369,34.2751],[-117.337,34.275],[-117.3371,34.2748],[-117.3372,34.2746],[-117.3373,34.2745],[-117.3373,34.2744],[-117.3374,34.2743],[-117.3375,34.2743],[-117.3376,34.2742],[-117.3376,34.2741],[-117.3377,34.274],[-117.3377,34.2739],[-117.3378,34.2738],[-117.3379,34.2737],[-117.338,34.2737],[-117.3382,34.2737],[-117.3384,34.2737],[-117.3385,34.2737],[-117.3386,34.2736],[-117.3387,34.2735],[-117.3388,34.2735],[-117.3389,34.2735],[-117.339,34.2735],[-117.3391,34.2734],[-117.3393,34.2734],[-117.3394,34.2733],[-117.3395,34.2733],[-117.3396,34.2733],[-117.3397,34.2734],[-117.3398,34.2735],[-117.3399,34.2736],[-117.34,34.2736],[-117.3402,34.2736],[-117.3403,34.2736],[-117.3404,34.2737],[-117.3405,34.2737],[-117.3407,34.2738],[-117.3408,34.2738],[-117.341,34.2737],[-117.3411,34.2737],[-117.3412,34.2736],[-117.3413,34.2736],[-117.3413,34.2735],[-117.3414,34.2736],[-117.3415,34.2736],[-117.3416,34.2737],[-117.3417,34.2738],[-117.3418,34.2738],[-117.3419,34.2739],[-117.3422,34.2739],[-117.3424,34.2739],[-117.3426,34.2739],[-117.3427,34.2739],[-117.3428,34.2739],[-117.3429,34.2739],[-117.343,34.274],[-117.3431,34.274],[-117.3433,34.274],[-117.3435,34.274],[-117.3437,34.274],[-117.3438,34.274],[-117.3439,34.2739],[-117.3439,34.2738],[-117.344,34.2738],[-117.3441,34.2737],[-117.3441,34.2736],[-117.3442,34.2736],[-117.3443,34.2736],[-117.3445,34.2737],[-117.3446,34.2737],[-117.3448,34.2737],[-117.345,34.2737],[-117.3453,34.2737],[-117.3456,34.2737],[-117.3457,34.2737],[-117.3458,34.2737],[-117.3459,34.2737],[-117.346,34.2738],[-117.346,34.2739],[-117.346,34.2741],[-117.3459,34.2742],[-117.3458,34.2743],[-117.3456,34.2744],[-117.3455,34.2745],[-117.3454,34.2746],[-117.3453,34.2747],[-117.3453,34.2748],[-117.3454,34.2749],[-117.3455,34.2749],[-117.3456,34.2749],[-117.3457,34.2749],[-117.3459,34.2748],[-117.3461,34.2746],[-117.3463,34.2744],[-117.3465,34.2743],[-117.3465,34.2742],[-117.3468,34.274],[-117.3469,34.2739],[-117.347,34.2738],[-117.347,34.2737],[-117.3471,34.2735],[-117.3472,34.2734],[-117.3473,34.2734],[-117.3474,34.2733],[-117.3475,34.2732],[-117.3476,34.2731],[-117.3477,34.2731],[-117.3479,34.2731],[-117.348,34.2731],[-117.3481,34.2731],[-117.3483,34.2731],[-117.3485,34.273],[-117.3486,34.273],[-117.3487,34.2729],[-117.3487,34.2727],[-117.3488,34.2727],[-117.3488,34.2726],[-117.3489,34.2725],[-117.349,34.2725],[-117.3492,34.2726],[-117.3493,34.2727],[-117.3495,34.2727],[-117.3495,34.2728],[-117.3496,34.2728],[-117.3496,34.2729],[-117.3496,34.273],[-117.3496,34.2731],[-117.3497,34.2732],[-117.3497,34.2733],[-117.3498,34.2734],[-117.3499,34.2734],[-117.35,34.2735],[-117.3501,34.2734],[-117.3502,34.2734],[-117.3503,34.2733],[-117.3505,34.2732],[-117.3506,34.2732],[-117.3507,34.2732],[-117.3508,34.2732],[-117.3508,34.2733],[-117.3509,34.2734],[-117.3509,34.2735],[-117.3508,34.2736],[-117.3508,34.2738],[-117.3508,34.2739],[-117.3508,34.2742],[-117.3508,34.2745],[-117.3508,34.2746],[-117.3507,34.2747],[-117.3507,34.2748],[-117.3505,34.2748],[-117.3505,34.2749],[-117.3504,34.275],[-117.3504,34.2751],[-117.3504,34.2752],[-117.3503,34.2753],[-117.3503,34.2756],[-117.3503,34.2759],[-117.3503,34.276],[-117.3503,34.2761],[-117.3504,34.2761],[-117.3506,34.2762],[-117.3508,34.2762],[-117.351,34.2762],[-117.3512,34.2762],[-117.3514,34.2762],[-117.3515,34.2762],[-117.3516,34.2761],[-117.3517,34.2761],[-117.3518,34.276],[-117.3519,34.276],[-117.3519,34.2759],[-117.352,34.2758],[-117.3521,34.2758],[-117.3522,34.2758],[-117.3524,34.2758],[-117.3525,34.2758],[-117.3526,34.2757],[-117.3527,34.2757],[-117.3527,34.2756],[-117.3529,34.2755],[-117.353,34.2754],[-117.353,34.2753],[-117.3531,34.2753],[-117.353,34.2751],[-117.353,34.275],[-117.3528,34.2749],[-117.3527,34.2749],[-117.3525,34.2748],[-117.3523,34.2747],[-117.3522,34.2747],[-117.3522,34.2746],[-117.3523,34.2744],[-117.3524,34.2742],[-117.3525,34.2741],[-117.3526,34.274],[-117.3528,34.2738],[-117.3529,34.2738],[-117.353,34.2737],[-117.3532,34.2736],[-117.3534,34.2735],[-117.3535,34.2736],[-117.3537,34.2736],[-117.3539,34.2736],[-117.3541,34.2736],[-117.3542,34.2736],[-117.3542,34.2737],[-117.3543,34.2737],[-117.3544,34.2737],[-117.3545,34.2737],[-117.3547,34.2737],[-117.3548,34.2737],[-117.3549,34.2737],[-117.355,34.2737],[-117.3551,34.2737],[-117.3552,34.2737],[-117.3554,34.2737],[-117.3554,34.2736],[-117.3555,34.2736],[-117.3557,34.2736],[-117.3558,34.2736],[-117.3559,34.2736],[-117.3559,34.2737],[-117.356,34.2738],[-117.3559,34.2739],[-117.3558,34.274],[-117.3558,34.2741],[-117.3557,34.2741],[-117.3558,34.2742],[-117.3558,34.2743],[-117.3559,34.2744],[-117.356,34.2745],[-117.3561,34.2745],[-117.3563,34.2745],[-117.3564,34.2745],[-117.3565,34.2745],[-117.3566,34.2745],[-117.3567,34.2745],[-117.3568,34.2746],[-117.3568,34.2747],[-117.3568,34.2748],[-117.3568,34.275],[-117.3568,34.2751],[-117.3568,34.2752],[-117.3568,34.2753],[-117.3567,34.2754],[-117.3567,34.2755],[-117.3566,34.2756],[-117.3565,34.2757],[-117.3564,34.2757],[-117.3563,34.2758],[-117.3563,34.2759],[-117.3563,34.276],[-117.3564,34.2761],[-117.3565,34.2761],[-117.3566,34.2761],[-117.3567,34.276],[-117.3568,34.276],[-117.3568,34.2759],[-117.3569,34.2759],[-117.357,34.2758],[-117.3571,34.2758],[-117.3573,34.2758],[-117.3574,34.2757],[-117.3575,34.2756],[-117.3576,34.2756],[-117.3577,34.2756],[-117.3578,34.2756],[-117.3579,34.2756],[-117.358,34.2756],[-117.3581,34.2756],[-117.3582,34.2756],[-117.3583,34.2757],[-117.3585,34.2756],[-117.3587,34.2756],[-117.3588,34.2755],[-117.3589,34.2754],[-117.359,34.2753],[-117.3591,34.2754],[-117.3592,34.2754],[-117.3594,34.2754],[-117.3595,34.2754],[-117.3597,34.2753],[-117.3598,34.2753],[-117.3599,34.2753],[-117.36,34.2753],[-117.3602,34.2754],[-117.3603,34.2754],[-117.3605,34.2755],[-117.3606,34.2755],[-117.3607,34.2756],[-117.3607,34.2757],[-117.3607,34.2758],[-117.3606,34.2759],[-117.3605,34.2759],[-117.3604,34.276],[-117.3603,34.2762],[-117.3602,34.2763],[-117.3602,34.2764],[-117.3602,34.2766],[-117.3602,34.2768],[-117.3602,34.2769],[-117.3603,34.2774],[-117.3603,34.2775],[-117.3603,34.2776],[-117.3603,34.2777],[-117.3603,34.2778],[-117.3603,34.2779],[-117.3602,34.278],[-117.3601,34.2781],[-117.36,34.2781],[-117.3599,34.2781],[-117.3597,34.2781],[-117.3596,34.2781],[-117.3595,34.2781],[-117.3595,34.2782],[-117.3594,34.2784],[-117.3593,34.2785],[-117.3591,34.2785],[-117.3589,34.2786],[-117.3588,34.2787],[-117.3587,34.2787],[-117.3586,34.2788],[-117.3585,34.2789],[-117.3585,34.2791],[-117.3584,34.2792],[-117.3584,34.2793],[-117.3584,34.2794],[-117.3583,34.2795],[-117.3584,34.2797],[-117.3584,34.2798],[-117.3585,34.2799],[-117.3586,34.28],[-117.3586,34.2801],[-117.3586,34.2802],[-117.3586,34.2803],[-117.3585,34.2804],[-117.3584,34.2805],[-117.3583,34.2805],[-117.3581,34.2806],[-117.358,34.2807],[-117.3579,34.2808],[-117.3578,34.2809],[-117.3578,34.281],[-117.3578,34.2812],[-117.3578,34.2814],[-117.3578,34.2816],[-117.3578,34.2817],[-117.3579,34.2818],[-117.358,34.2818],[-117.3581,34.2819],[-117.3582,34.2819],[-117.3583,34.2819],[-117.3585,34.2819],[-117.3587,34.2819],[-117.3589,34.2818],[-117.3591,34.2817],[-117.3593,34.2816],[-117.3595,34.2816],[-117.3596,34.2816],[-117.3597,34.2816],[-117.3597,34.2817],[-117.3598,34.2817],[-117.3598,34.2818],[-117.3598,34.2819],[-117.3597,34.282],[-117.3595,34.2821],[-117.3594,34.2821],[-117.3593,34.2822],[-117.3592,34.2822],[-117.3591,34.2823],[-117.359,34.2824],[-117.3588,34.2825],[-117.3587,34.2826],[-117.3586,34.2826],[-117.3585,34.2827],[-117.3584,34.2828],[-117.3584,34.2829],[-117.3583,34.2829],[-117.3583,34.283],[-117.3583,34.2831],[-117.3582,34.2832],[-117.3582,34.2833],[-117.3581,34.2833],[-117.3581,34.2834],[-117.3581,34.2835],[-117.3581,34.2836],[-117.3582,34.2836],[-117.3583,34.2837],[-117.3584,34.2837],[-117.3585,34.2837],[-117.3587,34.2837],[-117.359,34.2837],[-117.3592,34.2837],[-117.3593,34.2838],[-117.3595,34.2838],[-117.3596,34.2838],[-117.3598,34.2838],[-117.3599,34.2837],[-117.3601,34.2838],[-117.3602,34.2838],[-117.3603,34.2839],[-117.3603,34.284],[-117.3603,34.2841],[-117.3602,34.2841],[-117.36,34.2842],[-117.3597,34.2843],[-117.3595,34.2844],[-117.3592,34.2845],[-117.359,34.2846],[-117.3588,34.2848],[-117.3585,34.285],[-117.3585,34.2851],[-117.3584,34.2851],[-117.3584,34.2852],[-117.3585,34.2853],[-117.3586,34.2854],[-117.3587,34.2854],[-117.3588,34.2854],[-117.3589,34.2853],[-117.3591,34.2852],[-117.3592,34.2852],[-117.3594,34.2852],[-117.3595,34.2853],[-117.3599,34.2855],[-117.36,34.2855],[-117.3601,34.2856],[-117.3601,34.2857],[-117.3602,34.2857],[-117.3602,34.2858],[-117.3602,34.2859],[-117.3604,34.286],[-117.3605,34.2861],[-117.3607,34.2862],[-117.3608,34.2863],[-117.3609,34.2864],[-117.3609,34.2866],[-117.3609,34.2868],[-117.3609,34.2871],[-117.3609,34.2872]]}},{"type":"Feature","properties":{"id":"3N16","name":"HOLCOMB VALLEY","kind":"road","access":"green","seasonal":false},"geometry":{"type":"LineString","coordinates":[[-117.0844,34.2607],[-117.0845,34.2607]]}},{"type":"Feature","properties":{"id":"2N29Y","name":"PLANTATION","kind":"road","access":"green","seasonal":false},"geometry":{"type":"LineString","coordinates":[[-117.1606,34.2772],[-117.1606,34.2773],[-117.1606,34.2774],[-117.1607,34.2775],[-117.1607,34.2776],[-117.1606,34.2776],[-117.1605,34.2776],[-117.1604,34.2777],[-117.1603,34.2777],[-117.1603,34.2778],[-117.1602,34.2778],[-117.1601,34.2778],[-117.16,34.2778],[-117.1599,34.2778],[-117.1598,34.2778],[-117.1597,34.2779],[-117.1596,34.2779],[-117.1596,34.278],[-117.1595,34.278],[-117.1594,34.2781],[-117.1594,34.2782],[-117.1593,34.2782],[-117.1592,34.2783],[-117.1591,34.2783],[-117.1591,34.2784],[-117.159,34.2784],[-117.1589,34.2785],[-117.1588,34.2786],[-117.1587,34.2787],[-117.1586,34.2788],[-117.1585,34.2789],[-117.1584,34.2789],[-117.1583,34.279],[-117.1583,34.2791],[-117.1582,34.2792],[-117.1581,34.2793],[-117.158,34.2793],[-117.1579,34.2794],[-117.1577,34.2794],[-117.1575,34.2795],[-117.1574,34.2795],[-117.1572,34.2795],[-117.1572,34.2796],[-117.1571,34.2796],[-117.157,34.2797],[-117.1569,34.2798],[-117.1568,34.2799],[-117.1567,34.28],[-117.1566,34.28],[-117.1566,34.2801],[-117.1565,34.2803],[-117.1564,34.2804],[-117.1563,34.2805],[-117.1562,34.2805],[-117.1561,34.2805],[-117.156,34.2806],[-117.1559,34.2806],[-117.1558,34.2807],[-117.1558,34.2808],[-117.1557,34.2809],[-117.1556,34.281],[-117.1555,34.2811],[-117.1554,34.2811],[-117.1553,34.2811],[-117.1552,34.2811],[-117.1551,34.2812],[-117.155,34.2812],[-117.1549,34.2813],[-117.1548,34.2813],[-117.1547,34.2813],[-117.1546,34.2814],[-117.1545,34.2814],[-117.1544,34.2814],[-117.1543,34.2814],[-117.1541,34.2814],[-117.154,34.2814],[-117.1539,34.2814],[-117.1538,34.2814],[-117.1537,34.2815],[-117.1537,34.2816],[-117.1537,34.2817],[-117.1536,34.2817],[-117.1537,34.2818],[-117.1536,34.282],[-117.1536,34.2821],[-117.1537,34.2822],[-117.1537,34.2823],[-117.1537,34.2825],[-117.1537,34.2826],[-117.1538,34.2827],[-117.1538,34.2828],[-117.1538,34.2829],[-117.1538,34.283],[-117.1537,34.2831],[-117.1536,34.2832],[-117.1535,34.2832],[-117.1534,34.2833],[-117.1533,34.2833],[-117.1532,34.2834],[-117.1532,34.2835],[-117.1531,34.2836],[-117.1531,34.2837],[-117.153,34.2838],[-117.1529,34.2839],[-117.1529,34.284],[-117.1529,34.2841],[-117.1529,34.2842],[-117.1529,34.2844],[-117.1529,34.2845],[-117.1528,34.2846],[-117.1527,34.2846],[-117.1526,34.2847],[-117.1525,34.2848],[-117.1524,34.2848],[-117.1524,34.2849],[-117.1524,34.285],[-117.1523,34.2851],[-117.1523,34.2852],[-117.1522,34.2852],[-117.1521,34.2853],[-117.152,34.2853],[-117.1519,34.2854],[-117.1518,34.2855],[-117.1517,34.2856],[-117.1516,34.2856],[-117.1516,34.2857],[-117.1515,34.2858],[-117.1514,34.2858],[-117.1513,34.2859],[-117.1513,34.286],[-117.1512,34.2861],[-117.1511,34.2862],[-117.151,34.2863],[-117.1509,34.2863],[-117.1508,34.2864],[-117.1507,34.2865],[-117.1506,34.2866],[-117.1506,34.2867],[-117.1506,34.2868],[-117.1506,34.2869],[-117.1507,34.287],[-117.1508,34.2871],[-117.1508,34.2872],[-117.1508,34.2873],[-117.1507,34.2873],[-117.1507,34.2874],[-117.1507,34.2875],[-117.1507,34.2876],[-117.1507,34.2877],[-117.1508,34.2878],[-117.1508,34.2879],[-117.1508,34.288],[-117.1508,34.2881],[-117.1508,34.2882],[-117.1507,34.2883],[-117.1507,34.2885],[-117.1508,34.2887],[-117.1508,34.2888],[-117.1509,34.2889],[-117.1509,34.2891],[-117.151,34.2892],[-117.151,34.2893],[-117.1511,34.2894],[-117.1511,34.2895],[-117.1511,34.2896],[-117.1511,34.2897],[-117.1511,34.2898],[-117.1511,34.2899],[-117.1511,34.29],[-117.1511,34.2901],[-117.151,34.2902],[-117.151,34.2903],[-117.1509,34.2903],[-117.1509,34.2904],[-117.1508,34.2905],[-117.1507,34.2907],[-117.1507,34.2909],[-117.1506,34.2911],[-117.1506,34.2912],[-117.1506,34.2913],[-117.1506,34.2914],[-117.1507,34.2915],[-117.1507,34.2916],[-117.1507,34.2917],[-117.1508,34.2918],[-117.1508,34.2919],[-117.1508,34.292],[-117.1509,34.2921],[-117.151,34.2922],[-117.151,34.2923],[-117.1511,34.2924],[-117.1511,34.2926],[-117.1511,34.2927],[-117.1511,34.2928],[-117.1511,34.2929],[-117.1511,34.293],[-117.1512,34.2931],[-117.1513,34.2932],[-117.1513,34.2933],[-117.1513,34.2934]]}},{"type":"Feature","properties":{"id":"3N31","name":"LOWER LYTLE CREEK DIVIDE","kind":"road","access":"plate","seasonal":false},"geometry":{"type":"LineString","coordinates":[[-117.4852,34.2552],[-117.4853,34.2552],[-117.4853,34.2551],[-117.4854,34.2551],[-117.4855,34.255],[-117.4856,34.255],[-117.4857,34.2549],[-117.4858,34.2549],[-117.4858,34.2548],[-117.4858,34.2547],[-117.4859,34.2546],[-117.4859,34.2545],[-117.4859,34.2544],[-117.4859,34.2543],[-117.4859,34.2542],[-117.4859,34.2541],[-117.486,34.2541],[-117.486,34.254],[-117.4861,34.2539],[-117.4862,34.2538],[-117.4862,34.2537],[-117.4861,34.2536],[-117.486,34.2536],[-117.486,34.2535],[-117.4859,34.2534],[-117.4859,34.2533],[-117.4859,34.2532],[-117.4859,34.2531],[-117.4859,34.253],[-117.4858,34.2529],[-117.4857,34.2528],[-117.4856,34.2528],[-117.4855,34.2527],[-117.4854,34.2526],[-117.4853,34.2525],[-117.4853,34.2524],[-117.4852,34.2524],[-117.4853,34.2523],[-117.4854,34.2522],[-117.4855,34.2522],[-117.4856,34.2521],[-117.4856,34.252],[-117.4857,34.252],[-117.4857,34.2519],[-117.4856,34.2518],[-117.4856,34.2517],[-117.4855,34.2516],[-117.4855,34.2515],[-117.4854,34.2515],[-117.4854,34.2514],[-117.4853,34.2513],[-117.4853,34.2512],[-117.4854,34.2511],[-117.4854,34.251],[-117.4854,34.2509],[-117.4854,34.2508],[-117.4854,34.2507],[-117.4853,34.2506],[-117.4852,34.2505],[-117.4852,34.2504],[-117.4851,34.2503],[-117.485,34.2502],[-117.485,34.2501],[-117.4849,34.25],[-117.4848,34.2499],[-117.4847,34.2499],[-117.4847,34.2498],[-117.4846,34.2497],[-117.4845,34.2496],[-117.4845,34.2495],[-117.4844,34.2494],[-117.4843,34.2494],[-117.4842,34.2493],[-117.4841,34.2493],[-117.484,34.2493],[-117.4839,34.2492],[-117.4838,34.2492],[-117.4837,34.2492],[-117.4836,34.2492],[-117.4836,34.2491],[-117.4836,34.249],[-117.4837,34.249],[-117.4837,34.2489],[-117.4838,34.2489],[-117.4838,34.2488],[-117.4838,34.2487],[-117.4839,34.2486],[-117.484,34.2486],[-117.4841,34.2485],[-117.4842,34.2485],[-117.4842,34.2484],[-117.4842,34.2483],[-117.4842,34.2482],[-117.4842,34.2481],[-117.4842,34.248],[-117.4841,34.248],[-117.4841,34.2479],[-117.484,34.2479],[-117.4839,34.2479],[-117.4838,34.2479],[-117.4837,34.2478],[-117.4836,34.2478],[-117.4835,34.2477],[-117.4835,34.2476],[-117.4834,34.2476],[-117.4834,34.2475],[-117.4835,34.2474],[-117.4835,34.2473],[-117.4835,34.2472],[-117.4836,34.2471],[-117.4836,34.247],[-117.4836,34.2469],[-117.4835,34.2468],[-117.4834,34.2467],[-117.4834,34.2466],[-117.4833,34.2466],[-117.4833,34.2465],[-117.4832,34.2464],[-117.4831,34.2464],[-117.483,34.2464],[-117.4829,34.2464],[-117.4828,34.2463],[-117.4828,34.2462],[-117.4827,34.2462],[-117.4826,34.2461],[-117.4825,34.2461],[-117.4823,34.246],[-117.4821,34.2459],[-117.482,34.2459],[-117.482,34.2458],[-117.4819,34.2458],[-117.4818,34.2457],[-117.4817,34.2457],[-117.4816,34.2458],[-117.4814,34.2458],[-117.4813,34.2458],[-117.4812,34.2458],[-117.4811,34.2459],[-117.481,34.2459],[-117.4809,34.2461],[-117.4808,34.2462],[-117.4807,34.2463],[-117.4806,34.2464],[-117.4805,34.2465],[-117.4804,34.2466],[-117.4803,34.2466],[-117.4802,34.2466],[-117.48,34.2466],[-117.4799,34.2466],[-117.4797,34.2466],[-117.4794,34.2466],[-117.4792,34.2466],[-117.4791,34.2466],[-117.479,34.2466],[-117.4789,34.2465],[-117.4788,34.2465],[-117.4786,34.2464],[-117.4785,34.2464],[-117.4783,34.2464],[-117.4782,34.2464],[-117.4781,34.2465],[-117.478,34.2465],[-117.4779,34.2466],[-117.4778,34.2466],[-117.4776,34.2466],[-117.4775,34.2466],[-117.4774,34.2466],[-117.4773,34.2465],[-117.4771,34.2465],[-117.477,34.2464],[-117.4768,34.2463],[-117.4767,34.2463],[-117.4767,34.2462],[-117.4766,34.2462],[-117.4765,34.2461],[-117.4764,34.2461],[-117.4762,34.246],[-117.4761,34.246],[-117.4759,34.246],[-117.4758,34.246],[-117.4757,34.246],[-117.4757,34.2459],[-117.4756,34.2459],[-117.4756,34.2458],[-117.4756,34.2457],[-117.4756,34.2456],[-117.4756,34.2455],[-117.4756,34.2454],[-117.4755,34.2452],[-117.4754,34.2451],[-117.4753,34.245],[-117.4752,34.2449],[-117.4751,34.2449],[-117.475,34.2449],[-117.4748,34.2448],[-117.4747,34.2448],[-117.4746,34.2448],[-117.4745,34.2447],[-117.4744,34.2447],[-117.4744,34.2448],[-117.4743,34.2447],[-117.4742,34.2447],[-117.4741,34.2446],[-117.474,34.2446],[-117.4739,34.2446],[-117.4738,34.2446],[-117.4737,34.2446],[-117.4736,34.2445],[-117.4735,34.2446],[-117.4734,34.2446],[-117.4733,34.2446],[-117.4732,34.2447],[-117.4731,34.2447],[-117.473,34.2448],[-117.473,34.2449],[-117.4729,34.2449],[-117.4729,34.245],[-117.4729,34.2451],[-117.4729,34.2452],[-117.4729,34.2453],[-117.4728,34.2453],[-117.4727,34.2454],[-117.4725,34.2455],[-117.4724,34.2456],[-117.4723,34.2456],[-117.4722,34.2456],[-117.4721,34.2456],[-117.472,34.2455],[-117.4719,34.2455],[-117.4717,34.2454],[-117.4716,34.2454],[-117.4714,34.2453],[-117.4712,34.2453],[-117.471,34.2453],[-117.4709,34.2453],[-117.4707,34.2453],[-117.4706,34.2453],[-117.4705,34.2452],[-117.4704,34.2452],[-117.4702,34.2451],[-117.4701,34.2451],[-117.47,34.245],[-117.4699,34.2449],[-117.4699,34.2448],[-117.4699,34.2447],[-117.4698,34.2446],[-117.4696,34.2445],[-117.4696,34.2443],[-117.4695,34.2443],[-117.4693,34.2442],[-117.4692,34.2442],[-117.4691,34.2442],[-117.4687,34.2442],[-117.4683,34.2442],[-117.468,34.2442],[-117.4679,34.2442],[-117.4677,34.2442],[-117.4676,34.2442],[-117.4675,34.2442],[-117.4673,34.2442],[-117.4672,34.2442],[-117.4671,34.2441],[-117.467,34.244],[-117.4669,34.244],[-117.4668,34.244],[-117.4667,34.244],[-117.4666,34.244],[-117.4665,34.2439],[-117.4664,34.2439],[-117.4663,34.2438],[-117.4661,34.2437],[-117.4659,34.2437],[-117.4659,34.2436],[-117.4658,34.2436],[-117.4657,34.2435],[-117.4657,34.2434],[-117.4658,34.2433],[-117.4659,34.2432],[-117.4659,34.2431],[-117.4658,34.2431],[-117.4657,34.243],[-117.4656,34.2429],[-117.4655,34.2428],[-117.4654,34.2427],[-117.4654,34.2426],[-117.4654,34.2425],[-117.4653,34.2424],[-117.4651,34.2423],[-117.465,34.2422],[-117.4649,34.2421],[-117.4648,34.242],[-117.4646,34.242],[-117.4645,34.2419],[-117.4643,34.2419],[-117.4641,34.2418],[-117.464,34.2417],[-117.4639,34.2416],[-117.4637,34.2415],[-117.4636,34.2414],[-117.4635,34.2413],[-117.4634,34.2412],[-117.4633,34.2412],[-117.4632,34.2412],[-117.4631,34.2412],[-117.463,34.2412],[-117.4628,34.2413],[-117.4627,34.2413],[-117.4626,34.2413],[-117.4625,34.2413],[-117.4624,34.2412],[-117.4623,34.2412],[-117.4622,34.2412],[-117.4621,34.2412],[-117.4621,34.2413],[-117.462,34.2413],[-117.4619,34.2414],[-117.4618,34.2415],[-117.4617,34.2415],[-117.4616,34.2415],[-117.4615,34.2415],[-117.4614,34.2414],[-117.4613,34.2413],[-117.4612,34.2412],[-117.461,34.241],[-117.4609,34.2409],[-117.4609,34.2408],[-117.4608,34.2407],[-117.4607,34.2406],[-117.4605,34.2405],[-117.4603,34.2404],[-117.4602,34.2403],[-117.4601,34.2402],[-117.46,34.2402],[-117.4599,34.2401],[-117.4597,34.2401],[-117.4596,34.2401],[-117.4595,34.24],[-117.4596,34.2399],[-117.4597,34.2399],[-117.4598,34.2399],[-117.46,34.2399],[-117.4601,34.2398],[-117.4602,34.2398],[-117.4602,34.2397],[-117.4603,34.2396],[-117.4603,34.2395],[-117.4602,34.2395],[-117.4602,34.2394],[-117.4601,34.2393],[-117.46,34.2392],[-117.46,34.2391],[-117.46,34.239],[-117.4599,34.2389],[-117.4598,34.2389],[-117.4598,34.2388],[-117.4598,34.2387],[-117.4598,34.2386],[-117.4598,34.2385],[-117.4598,34.2383],[-117.4597,34.2382],[-117.4596,34.2382],[-117.4595,34.2381],[-117.4595,34.238],[-117.4594,34.238],[-117.4593,34.2379],[-117.4592,34.2379],[-117.4591,34.2379],[-117.459,34.2379],[-117.4589,34.2379],[-117.4588,34.2379],[-117.4587,34.2379],[-117.4586,34.2379],[-117.4585,34.2379],[-117.4585,34.2378],[-117.4585,34.2377],[-117.4585,34.2376],[-117.4586,34.2375],[-117.4586,34.2374],[-117.4586,34.2373],[-117.4586,34.2371],[-117.4586,34.237],[-117.4586,34.2369],[-117.4586,34.2368],[-117.4585,34.2368],[-117.4584,34.2368],[-117.4582,34.2368],[-117.4581,34.2367],[-117.4579,34.2366],[-117.4578,34.2366],[-117.4576,34.2366],[-117.4575,34.2366],[-117.4574,34.2366],[-117.4573,34.2365],[-117.4571,34.2365],[-117.4569,34.2365],[-117.4568,34.2365],[-117.4567,34.2365],[-117.4566,34.2365],[-117.4565,34.2365],[-117.4564,34.2366],[-117.4563,34.2365],[-117.4562,34.2365],[-117.4561,34.2365],[-117.4559,34.2364],[-117.4558,34.2363],[-117.4557,34.2363],[-117.4556,34.2362],[-117.4555,34.2362],[-117.4554,34.2362],[-117.4552,34.2361],[-117.455,34.2361],[-117.4549,34.2361],[-117.4548,34.2361],[-117.4547,34.2362],[-117.4546,34.2362],[-117.4545,34.2362],[-117.4544,34.2362],[-117.4543,34.2362],[-117.4543,34.2361],[-117.4543,34.236],[-117.4542,34.2358],[-117.4542,34.2357],[-117.4543,34.2356],[-117.4544,34.2355],[-117.4546,34.2354],[-117.4547,34.2353],[-117.4547,34.2352],[-117.4548,34.2351],[-117.4549,34.235],[-117.455,34.235],[-117.4551,34.2349],[-117.4552,34.2349],[-117.4552,34.2348],[-117.4553,34.2347],[-117.4554,34.2346],[-117.4554,34.2345],[-117.4555,34.2344],[-117.4555,34.2343],[-117.4554,34.2342],[-117.4553,34.2342],[-117.4553,34.2341],[-117.4552,34.2341],[-117.4551,34.234],[-117.455,34.2339],[-117.4549,34.2339],[-117.4547,34.2338],[-117.4546,34.2337],[-117.4545,34.2337],[-117.4544,34.2336],[-117.4542,34.2335],[-117.454,34.2333],[-117.4538,34.2332],[-117.4537,34.2331],[-117.4536,34.2331],[-117.4534,34.233],[-117.4534,34.2329],[-117.4533,34.2328],[-117.4533,34.2327],[-117.4533,34.2326],[-117.4533,34.2325],[-117.4533,34.2324],[-117.4533,34.2323],[-117.4532,34.2322],[-117.4531,34.2322],[-117.4529,34.2322],[-117.4528,34.2323],[-117.4526,34.2323],[-117.4525,34.2323],[-117.4523,34.2323],[-117.4522,34.2322],[-117.452,34.2321],[-117.4519,34.2321],[-117.4518,34.232],[-117.4517,34.232],[-117.4516,34.232],[-117.4515,34.2318],[-117.4513,34.2317],[-117.4511,34.2314],[-117.4509,34.2313],[-117.4507,34.231],[-117.4506,34.231],[-117.4504,34.2308],[-117.4501,34.2306],[-117.4499,34.2304],[-117.4496,34.2303],[-117.4494,34.2302],[-117.4492,34.2301],[-117.4491,34.23],[-117.449,34.2299],[-117.449,34.2298],[-117.4489,34.2298],[-117.4489,34.2297],[-117.4488,34.2296],[-117.4487,34.2296],[-117.4485,34.2297],[-117.4483,34.2297],[-117.4479,34.2299],[-117.4477,34.2299],[-117.4476,34.2299],[-117.4475,34.2299],[-117.4474,34.2299],[-117.4472,34.2297],[-117.4471,34.2296],[-117.4469,34.2295],[-117.4468,34.2295],[-117.4467,34.2295],[-117.4466,34.2295],[-117.4465,34.2295],[-117.4464,34.2295],[-117.4462,34.2295],[-117.4461,34.2295],[-117.4461,34.2294],[-117.446,34.2294],[-117.446,34.2293],[-117.446,34.2292],[-117.446,34.2291],[-117.4459,34.2291],[-117.4457,34.2289],[-117.4456,34.2289],[-117.4455,34.2289],[-117.4455,34.229],[-117.4455,34.2291],[-117.4456,34.2291],[-117.4456,34.2292],[-117.4456,34.2293],[-117.4455,34.2293],[-117.4454,34.2294],[-117.4453,34.2294],[-117.4453,34.2295],[-117.4453,34.2296],[-117.4453,34.2297],[-117.4452,34.2297],[-117.4451,34.2296],[-117.4451,34.2295],[-117.445,34.2294],[-117.445,34.2293],[-117.445,34.2292],[-117.445,34.2291],[-117.4449,34.2291],[-117.4447,34.229],[-117.4446,34.229],[-117.4444,34.229],[-117.4442,34.2289],[-117.4441,34.2289],[-117.4439,34.2288],[-117.4437,34.2287],[-117.4436,34.2286],[-117.4435,34.2285],[-117.4434,34.2284],[-117.4433,34.2283],[-117.4432,34.2283],[-117.4431,34.2283],[-117.443,34.2284],[-117.4429,34.2285],[-117.4428,34.2285],[-117.4427,34.2286],[-117.4427,34.2287],[-117.4426,34.2288],[-117.4425,34.2289],[-117.4425,34.229],[-117.4424,34.2291],[-117.4423,34.2291],[-117.4422,34.2291],[-117.442,34.2292],[-117.4419,34.2292],[-117.4418,34.2292],[-117.4418,34.2293],[-117.4417,34.2293],[-117.4417,34.2294],[-117.4416,34.2295],[-117.4415,34.2295],[-117.4415,34.2296],[-117.4414,34.2297],[-117.4414,34.2298],[-117.4413,34.2298],[-117.4412,34.2298],[-117.441,34.2297],[-117.4409,34.2296],[-117.4407,34.2294],[-117.4406,34.2293],[-117.4406,34.2292],[-117.4405,34.2291],[-117.4405,34.229],[-117.4404,34.2289],[-117.4403,34.2288],[-117.4402,34.2288],[-117.4402,34.2287],[-117.4401,34.2286],[-117.44,34.2285],[-117.4399,34.2284],[-117.4398,34.2283],[-117.4397,34.2282],[-117.4396,34.2282],[-117.4396,34.2281],[-117.4395,34.228],[-117.4393,34.2279],[-117.4393,34.2278],[-117.4393,34.2277],[-117.4393,34.2276],[-117.4394,34.2276],[-117.4395,34.2276],[-117.4396,34.2277],[-117.4397,34.2277],[-117.4397,34.2278],[-117.4398,34.2278],[-117.4399,34.2279],[-117.44,34.2279],[-117.4401,34.2279],[-117.4402,34.2279],[-117.4403,34.2279],[-117.4404,34.2279],[-117.4405,34.2279],[-117.4405,34.2278],[-117.4404,34.2278],[-117.4404,34.2277],[-117.4403,34.2277],[-117.4403,34.2276],[-117.4403,34.2275],[-117.4402,34.2274],[-117.4402,34.2273],[-117.4402,34.2272],[-117.4402,34.227],[-117.4402,34.2269],[-117.4402,34.2268],[-117.4403,34.2267],[-117.4404,34.2266],[-117.4405,34.2265],[-117.4406,34.2264],[-117.4407,34.2263],[-117.4407,34.2262],[-117.4407,34.2261],[-117.4406,34.2261],[-117.4406,34.226],[-117.4405,34.226],[-117.4404,34.2259],[-117.4404,34.2258],[-117.4403,34.2258],[-117.4402,34.2257],[-117.4401,34.2257],[-117.44,34.2256],[-117.44,34.2255],[-117.4399,34.2254],[-117.4398,34.2253],[-117.4397,34.2252],[-117.4396,34.2251],[-117.4397,34.225],[-117.4397,34.2249],[-117.4397,34.2248],[-117.4397,34.2247],[-117.4397,34.2246],[-117.4396,34.2245],[-117.4396,34.2244],[-117.4394,34.2244],[-117.4393,34.2243],[-117.4392,34.2242],[-117.4391,34.2241],[-117.4389,34.2241],[-117.4389,34.224],[-117.4387,34.224],[-117.4385,34.224],[-117.4384,34.224],[-117.4382,34.2241],[-117.4381,34.2241],[-117.4379,34.2241],[-117.4377,34.2241],[-117.4375,34.2241],[-117.4374,34.2241],[-117.4373,34.224],[-117.4373,34.2239],[-117.4372,34.2238],[-117.4372,34.2237],[-117.4372,34.2236],[-117.4371,34.2235],[-117.437,34.2235],[-117.437,34.2234],[-117.4369,34.2234],[-117.4369,34.2233],[-117.4369,34.2232],[-117.4368,34.2232],[-117.4368,34.2231],[-117.4367,34.2231],[-117.4366,34.2231],[-117.4365,34.2232],[-117.4364,34.2233],[-117.4363,34.2233],[-117.4362,34.2233],[-117.4361,34.2234],[-117.436,34.2235],[-117.4359,34.2235],[-117.4358,34.2235],[-117.4357,34.2235],[-117.4357,34.2234],[-117.4356,34.2234],[-117.4355,34.2234],[-117.4354,34.2234],[-117.4353,34.2234],[-117.4353,34.2233],[-117.4352,34.2233],[-117.4352,34.2232],[-117.4352,34.2231],[-117.4352,34.223],[-117.4352,34.2229],[-117.4351,34.2228],[-117.435,34.2227],[-117.4349,34.2226],[-117.4348,34.2225],[-117.4348,34.2224],[-117.4348,34.2223],[-117.4348,34.2222],[-117.4348,34.2221],[-117.4348,34.222],[-117.4347,34.222],[-117.4347,34.2219],[-117.4348,34.2218],[-117.4349,34.2218],[-117.4349,34.2217],[-117.4349,34.2216],[-117.435,34.2215],[-117.435,34.2214],[-117.435,34.2213],[-117.435,34.2212],[-117.435,34.2211],[-117.4349,34.2211],[-117.4349,34.221],[-117.4349,34.2209],[-117.4349,34.2208],[-117.4349,34.2207],[-117.4349,34.2205],[-117.4349,34.2204],[-117.4348,34.2204],[-117.4348,34.2203],[-117.4347,34.2203],[-117.4346,34.2203],[-117.4344,34.2203],[-117.4343,34.2203],[-117.4341,34.2203],[-117.434,34.2202],[-117.4338,34.2201],[-117.4337,34.2201],[-117.4336,34.22],[-117.4336,34.2199],[-117.4337,34.2199],[-117.4338,34.2199],[-117.4339,34.2199],[-117.434,34.2199],[-117.4341,34.2198],[-117.4341,34.2197],[-117.4341,34.2196],[-117.4341,34.2195],[-117.434,34.2194],[-117.4339,34.2194],[-117.4339,34.2193],[-117.4338,34.2193],[-117.4338,34.2192],[-117.4338,34.2191],[-117.4338,34.219],[-117.4337,34.2189],[-117.4336,34.2188],[-117.4335,34.2187],[-117.4335,34.2186],[-117.4335,34.2185],[-117.4335,34.2184],[-117.4335,34.2183],[-117.4335,34.2182],[-117.4334,34.2181],[-117.4333,34.218],[-117.4332,34.218],[-117.4331,34.2179],[-117.433,34.2178],[-117.4329,34.2178],[-117.4329,34.2177],[-117.4328,34.2177],[-117.4327,34.2177],[-117.4326,34.2178],[-117.4324,34.2178],[-117.4322,34.2179],[-117.4321,34.2179],[-117.432,34.2179],[-117.4319,34.2178],[-117.4318,34.2177],[-117.4317,34.2177],[-117.4317,34.2176],[-117.4316,34.2176],[-117.4315,34.2176],[-117.4314,34.2176],[-117.4314,34.2175],[-117.4313,34.2175],[-117.4312,34.2175],[-117.431,34.2175],[-117.4309,34.2175],[-117.4308,34.2175],[-117.4306,34.2175],[-117.4304,34.2175],[-117.4303,34.2176],[-117.4302,34.2176],[-117.43,34.2176],[-117.4299,34.2176],[-117.4298,34.2176],[-117.4296,34.2175],[-117.4295,34.2175],[-117.4294,34.2175],[-117.4292,34.2174],[-117.4291,34.2174],[-117.429,34.2174],[-117.4289,34.2174],[-117.4288,34.2173],[-117.4287,34.2172],[-117.4286,34.2172],[-117.4286,34.2171],[-117.4285,34.217],[-117.4285,34.2169],[-117.4285,34.2168],[-117.4286,34.2167],[-117.4286,34.2166],[-117.4286,34.2165],[-117.4287,34.2163],[-117.4287,34.2162],[-117.4287,34.2161],[-117.4287,34.216],[-117.4287,34.2159],[-117.4286,34.2158],[-117.4285,34.2157],[-117.4284,34.2157],[-117.4284,34.2156],[-117.4284,34.2155],[-117.4283,34.2155],[-117.4284,34.2154],[-117.4284,34.2153],[-117.4285,34.2153],[-117.4285,34.2152],[-117.4285,34.2151],[-117.4284,34.2151],[-117.4283,34.215],[-117.4282,34.215],[-117.4281,34.215],[-117.4281,34.2149],[-117.428,34.2149],[-117.4281,34.2148],[-117.4281,34.2147],[-117.4281,34.2146],[-117.428,34.2146],[-117.428,34.2145],[-117.4279,34.2145],[-117.4277,34.2144],[-117.4275,34.2144],[-117.4274,34.2145],[-117.4272,34.2145],[-117.4271,34.2144],[-117.427,34.2144],[-117.4269,34.2143],[-117.4268,34.2143],[-117.4267,34.2143],[-117.4266,34.2143],[-117.4265,34.2143],[-117.4264,34.2143],[-117.4263,34.2143],[-117.4262,34.2143],[-117.4261,34.2143],[-117.426,34.2142],[-117.4259,34.2141],[-117.4259,34.214],[-117.4258,34.2139],[-117.4258,34.2138],[-117.4258,34.2137],[-117.4258,34.2136],[-117.4258,34.2135],[-117.4257,34.2134],[-117.4256,34.2134],[-117.4255,34.2134],[-117.4255,34.2133],[-117.4254,34.2132],[-117.4254,34.2131],[-117.4254,34.213],[-117.4255,34.2129],[-117.4254,34.2129],[-117.4254,34.2128],[-117.4253,34.2128],[-117.4251,34.2129],[-117.425,34.2129],[-117.4249,34.2129],[-117.4248,34.213],[-117.4248,34.2131],[-117.4247,34.2131],[-117.4246,34.2131],[-117.4245,34.2131],[-117.4244,34.213],[-117.4243,34.213],[-117.4242,34.2129],[-117.4242,34.2128],[-117.4241,34.2127],[-117.4241,34.2126],[-117.4239,34.2125],[-117.4239,34.2124],[-117.4238,34.2124],[-117.4237,34.2124],[-117.4236,34.2123],[-117.4235,34.2123],[-117.4235,34.2122],[-117.4236,34.2121],[-117.4236,34.212],[-117.4237,34.2119],[-117.4236,34.2119],[-117.4235,34.2119],[-117.4233,34.2119],[-117.4232,34.2119],[-117.4231,34.2119],[-117.423,34.2119],[-117.4229,34.212],[-117.423,34.212],[-117.423,34.2121],[-117.4231,34.2122],[-117.4231,34.2123],[-117.423,34.2124],[-117.4229,34.2125],[-117.4229,34.2126],[-117.4229,34.2127],[-117.4228,34.2127],[-117.4227,34.2126],[-117.4228,34.2126],[-117.4228,34.2125],[-117.4229,34.2124],[-117.4229,34.2123],[-117.4229,34.2122],[-117.4228,34.2122],[-117.4227,34.2121],[-117.4227,34.212],[-117.4227,34.2119],[-117.4227,34.2118],[-117.4227,34.2117],[-117.4228,34.2116],[-117.4229,34.2116],[-117.4231,34.2116],[-117.4232,34.2116],[-117.4233,34.2116],[-117.4234,34.2115],[-117.4235,34.2114],[-117.4236,34.2114],[-117.4236,34.2113],[-117.4237,34.2113],[-117.4238,34.2113],[-117.4238,34.2112],[-117.4238,34.2111],[-117.4239,34.2111],[-117.4239,34.2109],[-117.4239,34.2108],[-117.4239,34.2107],[-117.4238,34.2107],[-117.4238,34.2106],[-117.4237,34.2105],[-117.4236,34.2105],[-117.4235,34.2105],[-117.4235,34.2104],[-117.4235,34.2103],[-117.4235,34.2102],[-117.4236,34.2102],[-117.4236,34.2101],[-117.4236,34.21],[-117.4235,34.21],[-117.4235,34.2099],[-117.4234,34.2099],[-117.4233,34.2098],[-117.4233,34.2097],[-117.4233,34.2096],[-117.4232,34.2096],[-117.4231,34.2095],[-117.423,34.2096],[-117.4229,34.2097],[-117.4228,34.2097],[-117.4227,34.2097],[-117.4226,34.2097],[-117.4225,34.2096],[-117.4225,34.2095],[-117.4224,34.2094],[-117.4224,34.2093],[-117.4223,34.2093],[-117.4223,34.2092],[-117.4222,34.2091],[-117.4222,34.209],[-117.4221,34.209],[-117.422,34.209],[-117.4219,34.209],[-117.4218,34.209],[-117.4218,34.2091],[-117.4217,34.2092],[-117.4216,34.2092],[-117.4215,34.2092],[-117.4214,34.2091],[-117.4214,34.209],[-117.4214,34.2089],[-117.4214,34.2088],[-117.4213,34.2087],[-117.4213,34.2086],[-117.4212,34.2085],[-117.4211,34.2085],[-117.4211,34.2084],[-117.4211,34.2083],[-117.421,34.2082],[-117.4209,34.2082],[-117.4209,34.2081],[-117.421,34.208],[-117.421,34.2079],[-117.4209,34.2079],[-117.4209,34.2078],[-117.4208,34.2078],[-117.4207,34.2078],[-117.4206,34.2079],[-117.4205,34.2079],[-117.4205,34.208],[-117.4204,34.208],[-117.4203,34.208],[-117.4202,34.208],[-117.4201,34.208],[-117.42,34.2081],[-117.42,34.2082],[-117.42,34.2083],[-117.42,34.2084],[-117.4199,34.2084],[-117.4199,34.2085],[-117.4197,34.2085],[-117.4196,34.2085],[-117.4196,34.2084],[-117.4194,34.2084],[-117.4193,34.2084],[-117.4192,34.2084],[-117.4191,34.2084],[-117.419,34.2083],[-117.4189,34.2083],[-117.4188,34.2083],[-117.4188,34.2082],[-117.4187,34.2081],[-117.4187,34.208],[-117.4186,34.2079],[-117.4185,34.2079],[-117.4184,34.2079],[-117.4183,34.2078],[-117.4182,34.2078],[-117.4182,34.2077],[-117.4181,34.2077],[-117.418,34.2077],[-117.4179,34.2077],[-117.4179,34.2078],[-117.418,34.2078],[-117.418,34.2079],[-117.4181,34.208],[-117.4182,34.2081],[-117.4182,34.2082],[-117.4182,34.2083],[-117.4181,34.2083],[-117.418,34.2083],[-117.4179,34.2083],[-117.4179,34.2082],[-117.4178,34.2082],[-117.4177,34.2081],[-117.4177,34.208],[-117.4176,34.2079],[-117.4175,34.2079],[-117.4175,34.2078],[-117.4174,34.2077],[-117.4174,34.2076],[-117.4174,34.2075],[-117.4173,34.2075],[-117.4172,34.2075],[-117.4171,34.2074],[-117.417,34.2074],[-117.4169,34.2073],[-117.4169,34.2072],[-117.4169,34.2071],[-117.4168,34.207],[-117.4168,34.2071],[-117.4168,34.2072],[-117.4168,34.2073],[-117.4167,34.2074],[-117.4167,34.2075],[-117.4166,34.2075],[-117.4165,34.2075],[-117.4164,34.2075],[-117.4163,34.2075],[-117.4162,34.2075],[-117.4161,34.2075],[-117.416,34.2075],[-117.4159,34.2075],[-117.4158,34.2075],[-117.4158,34.2076],[-117.4157,34.2076],[-117.4158,34.2077],[-117.4159,34.2077],[-117.416,34.2078],[-117.416,34.2079],[-117.416,34.208],[-117.416,34.2081],[-117.4159,34.2081],[-117.4159,34.2082],[-117.416,34.2083],[-117.416,34.2084],[-117.4159,34.2085],[-117.4159,34.2086],[-117.4158,34.2088],[-117.4157,34.2089],[-117.4156,34.2089],[-117.4155,34.2089],[-117.4154,34.2089],[-117.4153,34.2089],[-117.4153,34.209],[-117.4152,34.2091],[-117.4152,34.2092],[-117.4152,34.2093],[-117.4152,34.2094],[-117.4151,34.2095],[-117.4151,34.2096],[-117.415,34.2097],[-117.415,34.2098],[-117.4151,34.2099],[-117.4152,34.21],[-117.4153,34.21],[-117.4153,34.2101],[-117.4153,34.2102],[-117.4154,34.2102],[-117.4154,34.2103],[-117.4154,34.2105],[-117.4155,34.2106],[-117.4155,34.2107],[-117.4156,34.2107],[-117.4157,34.2107],[-117.4158,34.2106],[-117.4159,34.2106],[-117.416,34.2105],[-117.4161,34.2105],[-117.4162,34.2105],[-117.4163,34.2105],[-117.4164,34.2105],[-117.4165,34.2105],[-117.4165,34.2106],[-117.4165,34.2107],[-117.4164,34.2107],[-117.4163,34.2108],[-117.4162,34.2108],[-117.416,34.2109],[-117.4159,34.2109],[-117.4157,34.211],[-117.4156,34.2111],[-117.4154,34.2111],[-117.4153,34.2111],[-117.4152,34.2111],[-117.4151,34.2111],[-117.415,34.2112],[-117.415,34.2113],[-117.415,34.2114],[-117.4149,34.2115],[-117.4148,34.2115],[-117.4146,34.2115],[-117.4145,34.2115],[-117.4143,34.2116],[-117.4141,34.2116],[-117.4139,34.2116],[-117.4138,34.2116],[-117.4137,34.2117],[-117.4136,34.2118]]}},{"type":"Feature","properties":{"id":"3N16","name":"HOLCOMB VALLEY","kind":"road","access":"green","seasonal":false},"geometry":{"type":"LineString","coordinates":[[-116.9606,34.3278],[-116.9607,34.3277],[-116.9608,34.3276],[-116.9609,34.3275],[-116.9611,34.3273],[-116.9612,34.3272],[-116.9613,34.3271],[-116.9614,34.3271],[-116.9615,34.327],[-116.9616,34.3271],[-116.9618,34.3271],[-116.962,34.3271],[-116.9621,34.3271],[-116.9623,34.3271],[-116.9625,34.3272],[-116.9627,34.3272],[-116.9628,34.3272],[-116.9631,34.3271],[-116.9634,34.327],[-116.9636,34.327],[-116.9637,34.327],[-116.9638,34.3269],[-116.964,34.3269],[-116.9642,34.3269],[-116.9644,34.3268],[-116.9646,34.3268],[-116.9648,34.3267],[-116.965,34.3266],[-116.9651,34.3266],[-116.9653,34.3266],[-116.9655,34.3266],[-116.9659,34.3265],[-116.9662,34.3265],[-116.9664,34.3265],[-116.9665,34.3264],[-116.9667,34.3264],[-116.9668,34.3263],[-116.967,34.3262],[-116.9671,34.3262],[-116.9672,34.3261],[-116.9673,34.3261],[-116.9675,34.3261],[-116.9677,34.3261],[-116.9678,34.3262],[-116.9682,34.3264],[-116.9685,34.3265],[-116.9687,34.3266],[-116.9688,34.3266],[-116.9689,34.3267],[-116.9689,34.3268],[-116.9689,34.327],[-116.969,34.327],[-116.969,34.3271],[-116.9691,34.3271],[-116.9692,34.3271],[-116.9693,34.3271],[-116.9694,34.3271],[-116.9695,34.327],[-116.9696,34.3269],[-116.9698,34.3269],[-116.9699,34.3269],[-116.9701,34.3269],[-116.9703,34.3269],[-116.9705,34.3269],[-116.9706,34.327],[-116.9708,34.327],[-116.9709,34.3271],[-116.971,34.3271],[-116.9711,34.3271],[-116.9712,34.327],[-116.9712,34.3269],[-116.9713,34.3268],[-116.9715,34.3267],[-116.9717,34.3266],[-116.9718,34.3265],[-116.9719,34.3264],[-116.9721,34.3264],[-116.9722,34.3264],[-116.9724,34.3264],[-116.9726,34.3265],[-116.9729,34.3265],[-116.973,34.3265],[-116.9732,34.3265],[-116.9733,34.3266],[-116.9734,34.3266],[-116.9736,34.3267],[-116.9738,34.3268],[-116.9739,34.3268],[-116.9741,34.3268],[-116.9744,34.3268],[-116.9746,34.3268],[-116.9747,34.3268],[-116.9749,34.3267],[-116.9751,34.3267],[-116.9752,34.3266],[-116.9754,34.3265],[-116.9755,34.3265],[-116.9758,34.3264],[-116.976,34.3264],[-116.9762,34.3263],[-116.9764,34.3263],[-116.9766,34.3263],[-116.9767,34.3263],[-116.9769,34.3262],[-116.977,34.3262],[-116.9772,34.3261],[-116.9775,34.326],[-116.9778,34.3258],[-116.978,34.3257],[-116.9781,34.3256],[-116.9782,34.3256],[-116.9783,34.3255],[-116.9786,34.3253],[-116.9787,34.3252],[-116.9789,34.325],[-116.9791,34.3249],[-116.9791,34.3248],[-116.9792,34.3247],[-116.9793,34.3246],[-116.9794,34.3245],[-116.9796,34.3244],[-116.9799,34.3241],[-116.98,34.324],[-116.9801,34.324],[-116.9802,34.3239],[-116.9803,34.3239],[-116.9804,34.324],[-116.9805,34.3241],[-116.9807,34.3241],[-116.9808,34.3242],[-116.981,34.3242],[-116.9812,34.3243],[-116.9813,34.3243],[-116.9815,34.3243],[-116.9816,34.3243],[-116.9817,34.3244],[-116.9818,34.3244],[-116.982,34.3245],[-116.9821,34.3245],[-116.9822,34.3246],[-116.9823,34.3246],[-116.9824,34.3246],[-116.9825,34.3245],[-116.9826,34.3245],[-116.9827,34.3245],[-116.9828,34.3245],[-116.9829,34.3245],[-116.983,34.3246],[-116.9831,34.3246],[-116.9831,34.3245],[-116.9831,34.3243],[-116.983,34.3242],[-116.983,34.3239],[-116.9829,34.3238],[-116.9828,34.3237],[-116.9827,34.3236],[-116.9825,34.3233],[-116.9825,34.3232],[-116.9824,34.3231],[-116.9825,34.323],[-116.9825,34.3229],[-116.9826,34.3229],[-116.9827,34.3229],[-116.9829,34.3229],[-116.983,34.323],[-116.9832,34.323],[-116.9834,34.3231],[-116.9836,34.3231],[-116.9838,34.3232],[-116.9839,34.3233],[-116.984,34.3234],[-116.9841,34.3234],[-116.9843,34.3234],[-116.9845,34.3234],[-116.9847,34.3234],[-116.9849,34.3235],[-116.985,34.3235],[-116.9851,34.3236],[-116.9852,34.3236],[-116.9853,34.3237],[-116.9854,34.3238],[-116.9855,34.3238],[-116.9858,34.3239],[-116.9861,34.324],[-116.9863,34.3241],[-116.9864,34.3241],[-116.9866,34.3241],[-116.9868,34.3241],[-116.9869,34.3241],[-116.987,34.3241],[-116.9872,34.324],[-116.9874,34.3239],[-116.9876,34.3238],[-116.9878,34.3237],[-116.988,34.3236],[-116.9882,34.3235],[-116.9883,34.3234],[-116.9884,34.3233],[-116.9884,34.3232],[-116.9885,34.323],[-116.9886,34.3229],[-116.9886,34.3228],[-116.9886,34.3226],[-116.9886,34.3225],[-116.9886,34.3224],[-116.9886,34.3223],[-116.9887,34.3221],[-116.9888,34.322],[-116.9889,34.322],[-116.9891,34.322],[-116.9892,34.3221],[-116.9893,34.3221],[-116.9895,34.322],[-116.9897,34.322],[-116.99,34.322],[-116.9901,34.322],[-116.9903,34.322],[-116.9904,34.322],[-116.9906,34.3221],[-116.9907,34.3222],[-116.9908,34.3222],[-116.9911,34.3224],[-116.9913,34.3225],[-116.9914,34.3226],[-116.9916,34.3226],[-116.9917,34.3227],[-116.992,34.3229],[-116.9922,34.323],[-116.9924,34.3231],[-116.9927,34.3233],[-116.9929,34.3234],[-116.9931,34.3234],[-116.9932,34.3235],[-116.9934,34.3236],[-116.9935,34.3236],[-116.9938,34.3237],[-116.9939,34.3238],[-116.9941,34.3239],[-116.9942,34.3239],[-116.9943,34.324],[-116.9945,34.324],[-116.9946,34.324],[-116.9948,34.324],[-116.9949,34.3241],[-116.9951,34.3241],[-116.9954,34.3242],[-116.9957,34.3242],[-116.9959,34.3243],[-116.9961,34.3244],[-116.9963,34.3245],[-116.9965,34.3246],[-116.9967,34.3246],[-116.9969,34.3247],[-116.9972,34.3247],[-116.9975,34.3247],[-116.9978,34.3247],[-116.998,34.3247],[-116.9982,34.3247],[-116.9984,34.3246],[-116.9985,34.3246],[-116.9986,34.3245],[-116.9988,34.3244],[-116.9991,34.3242],[-116.9992,34.3241],[-116.9994,34.324],[-116.9995,34.324],[-116.9996,34.3239],[-116.9998,34.3238],[-116.9999,34.3237],[-117.0001,34.3236],[-117.0003,34.3235],[-117.0005,34.3234],[-117.0008,34.3233],[-117.0009,34.3233],[-117.001,34.3232],[-117.0011,34.3232],[-117.0013,34.3231],[-117.0015,34.323],[-117.0017,34.3229],[-117.002,34.3227],[-117.0021,34.3227],[-117.0022,34.3227],[-117.0023,34.3227],[-117.0024,34.3227],[-117.0025,34.3227],[-117.0029,34.3227],[-117.0031,34.3228],[-117.0032,34.3228],[-117.0033,34.3229],[-117.0034,34.3229],[-117.0035,34.323],[-117.0037,34.323],[-117.0038,34.3231],[-117.004,34.3231],[-117.0042,34.3231],[-117.0044,34.3231],[-117.0045,34.3231],[-117.0046,34.3231],[-117.0049,34.3231],[-117.005,34.3231],[-117.0051,34.323],[-117.0052,34.323],[-117.0054,34.3229],[-117.0056,34.3229],[-117.0057,34.3228],[-117.0058,34.3228],[-117.0059,34.3228],[-117.006,34.3227],[-117.0061,34.3227],[-117.0062,34.3226],[-117.0064,34.3224],[-117.0065,34.3224],[-117.0066,34.3223],[-117.0067,34.3221],[-117.0071,34.322],[-117.0072,34.3219],[-117.0074,34.3218],[-117.0076,34.3217],[-117.0078,34.3216],[-117.0079,34.3215],[-117.008,34.3214],[-117.0082,34.3213],[-117.0084,34.3213],[-117.0085,34.3211],[-117.0087,34.321],[-117.0089,34.3209],[-117.0091,34.3207],[-117.0093,34.3205],[-117.0095,34.3204],[-117.0096,34.3203],[-117.0098,34.3202],[-117.01,34.32],[-117.0101,34.3199],[-117.0103,34.3198],[-117.0104,34.3198],[-117.0105,34.3197],[-117.0106,34.3196],[-117.0107,34.3195],[-117.0108,34.3194],[-117.011,34.3192],[-117.0112,34.319],[-117.0114,34.3188],[-117.0115,34.3188],[-117.0115,34.3187],[-117.0117,34.3185],[-117.012,34.3182],[-117.0121,34.3181],[-117.0122,34.318],[-117.0122,34.3179],[-117.0123,34.3178],[-117.0124,34.3176],[-117.0126,34.3171],[-117.0127,34.3168],[-117.0128,34.3167],[-117.0128,34.3165],[-117.0129,34.3164],[-117.013,34.3163],[-117.013,34.3162],[-117.0131,34.3162],[-117.0132,34.3161],[-117.0132,34.3159],[-117.0133,34.3158],[-117.0133,34.3155],[-117.0134,34.3153],[-117.0135,34.3151],[-117.0135,34.315],[-117.0136,34.3149],[-117.0137,34.3147],[-117.0138,34.3146],[-117.014,34.3145],[-117.0141,34.3144],[-117.0142,34.3143],[-117.0143,34.3143],[-117.0144,34.3143],[-117.0146,34.3142],[-117.0148,34.3141],[-117.0149,34.3141],[-117.015,34.314],[-117.0151,34.3139],[-117.0152,34.3137],[-117.0153,34.3135],[-117.0154,34.3133],[-117.0155,34.3132],[-117.0156,34.313],[-117.0157,34.3128],[-117.0159,34.3127],[-117.0159,34.3125],[-117.016,34.3123],[-117.0162,34.3122],[-117.0163,34.3121],[-117.0164,34.312],[-117.0166,34.3118],[-117.0168,34.3117],[-117.0171,34.3115],[-117.0173,34.3113],[-117.0176,34.3112],[-117.0178,34.311],[-117.018,34.3109],[-117.0181,34.3108],[-117.0183,34.3106],[-117.0185,34.3105],[-117.0186,34.3103],[-117.0188,34.3102],[-117.0189,34.3101],[-117.019,34.31],[-117.0191,34.31],[-117.0192,34.31],[-117.0193,34.31],[-117.0194,34.3101],[-117.0195,34.3102],[-117.0196,34.3102],[-117.0197,34.3102],[-117.0198,34.3102],[-117.0199,34.3101],[-117.02,34.3101],[-117.0201,34.3099],[-117.0201,34.3098],[-117.0202,34.3097],[-117.0202,34.3096],[-117.0203,34.3095],[-117.0203,34.3093],[-117.0202,34.3091],[-117.0202,34.3089],[-117.0202,34.3086],[-117.0202,34.3085],[-117.0203,34.3085],[-117.0203,34.3084],[-117.0204,34.3083],[-117.0205,34.3083],[-117.0206,34.3082],[-117.0207,34.3081],[-117.0209,34.308],[-117.021,34.3079],[-117.0211,34.3079],[-117.0212,34.3078],[-117.0215,34.3078],[-117.0216,34.3078],[-117.0217,34.3077],[-117.0219,34.3076],[-117.0221,34.3075],[-117.0223,34.3074],[-117.0224,34.3073],[-117.0224,34.3072],[-117.0225,34.3071],[-117.0225,34.307],[-117.0225,34.3069],[-117.0225,34.3068],[-117.0225,34.3066],[-117.0225,34.3065],[-117.0224,34.3064],[-117.0224,34.3063],[-117.0224,34.3062],[-117.0224,34.306],[-117.0224,34.3058],[-117.0223,34.3057],[-117.0223,34.3056],[-117.0222,34.3055],[-117.0222,34.3052],[-117.0221,34.305],[-117.022,34.3047],[-117.0219,34.3045],[-117.0219,34.3044],[-117.0218,34.3043],[-117.0218,34.3042],[-117.0218,34.304],[-117.0218,34.3038],[-117.0218,34.3037],[-117.0218,34.3035],[-117.0217,34.3033],[-117.0216,34.3031],[-117.0215,34.303],[-117.0213,34.3029],[-117.0212,34.3027],[-117.0211,34.3026],[-117.021,34.3025],[-117.0209,34.3024],[-117.0209,34.3023],[-117.0209,34.302],[-117.0209,34.3019],[-117.0209,34.3018],[-117.021,34.3016],[-117.021,34.3015],[-117.021,34.3014],[-117.021,34.3012],[-117.021,34.3011],[-117.0211,34.301],[-117.0212,34.3009],[-117.0213,34.3008],[-117.0214,34.3007],[-117.0216,34.3006],[-117.0217,34.3006],[-117.0218,34.3004],[-117.0219,34.3003],[-117.0219,34.3001],[-117.022,34.3],[-117.0222,34.2997],[-117.0224,34.2994],[-117.0225,34.2993],[-117.0227,34.2991],[-117.0228,34.299],[-117.0229,34.2988],[-117.023,34.2987],[-117.0231,34.2985],[-117.0231,34.2984],[-117.0232,34.2983],[-117.0233,34.2982],[-117.0233,34.2981],[-117.0234,34.2979],[-117.0234,34.2978],[-117.0234,34.2977],[-117.0233,34.2977],[-117.0233,34.2976],[-117.0232,34.2975],[-117.0231,34.2974],[-117.0231,34.2973],[-117.0231,34.2972],[-117.0231,34.2971],[-117.0232,34.297],[-117.0232,34.2969],[-117.0231,34.2968],[-117.023,34.2967],[-117.0229,34.2966],[-117.0229,34.2965],[-117.0229,34.2964],[-117.023,34.2963],[-117.0231,34.2962],[-117.0232,34.2961],[-117.0234,34.296],[-117.0236,34.2959],[-117.0237,34.2959],[-117.0239,34.2958],[-117.024,34.2957],[-117.0241,34.2956],[-117.0242,34.2956],[-117.0243,34.2955],[-117.0243,34.2954],[-117.0244,34.2953],[-117.0245,34.2952],[-117.0246,34.2951],[-117.0247,34.295],[-117.0249,34.2949],[-117.025,34.2948],[-117.0252,34.2947],[-117.0253,34.2947],[-117.0254,34.2947],[-117.0255,34.2947],[-117.0256,34.2947],[-117.0257,34.2947],[-117.0258,34.2948],[-117.0259,34.2947],[-117.026,34.2946],[-117.0259,34.2946],[-117.0259,34.2945],[-117.0258,34.2944],[-117.0257,34.2943],[-117.0256,34.2942],[-117.0255,34.2941],[-117.0255,34.294],[-117.0256,34.294],[-117.0257,34.2939],[-117.0259,34.2939],[-117.026,34.2938],[-117.0261,34.2937],[-117.0261,34.2936],[-117.026,34.2936],[-117.0259,34.2935],[-117.0258,34.2935],[-117.0257,34.2935],[-117.0256,34.2935],[-117.0255,34.2935],[-117.0255,34.2934],[-117.0255,34.2933],[-117.0254,34.2932],[-117.0255,34.2931],[-117.0255,34.293],[-117.0256,34.2929],[-117.0257,34.2928],[-117.0258,34.2928],[-117.0259,34.2928],[-117.026,34.2927],[-117.026,34.2926],[-117.026,34.2925],[-117.0259,34.2925],[-117.0259,34.2924],[-117.0258,34.2923],[-117.0259,34.2922],[-117.0259,34.292],[-117.0259,34.2919],[-117.0259,34.2917],[-117.0259,34.2916],[-117.026,34.2915],[-117.026,34.2914],[-117.0261,34.2913],[-117.0262,34.2913],[-117.0263,34.2912],[-117.0265,34.2911],[-117.0268,34.291],[-117.0269,34.291],[-117.027,34.291],[-117.0271,34.2909],[-117.0272,34.291],[-117.0273,34.291],[-117.0274,34.291],[-117.0275,34.2911],[-117.0277,34.2912],[-117.0278,34.2913],[-117.0279,34.2913],[-117.028,34.2914],[-117.0281,34.2914],[-117.0283,34.2913],[-117.0284,34.2913],[-117.0286,34.2913],[-117.0287,34.2913],[-117.0288,34.2913],[-117.0289,34.2913],[-117.0289,34.2914],[-117.029,34.2915],[-117.0293,34.2916],[-117.0295,34.2916],[-117.0297,34.2917],[-117.0298,34.2917],[-117.03,34.2918],[-117.0302,34.292],[-117.0302,34.2921],[-117.0303,34.2921],[-117.0304,34.2922],[-117.0305,34.2922],[-117.0305,34.2921],[-117.0306,34.292],[-117.0308,34.2919],[-117.0309,34.2918],[-117.031,34.2917],[-117.031,34.2915],[-117.0311,34.2915],[-117.0312,34.2914],[-117.0313,34.2914],[-117.0314,34.2914],[-117.0315,34.2914],[-117.0316,34.2914],[-117.0317,34.2914],[-117.0317,34.2913],[-117.0318,34.2913],[-117.0319,34.2912],[-117.032,34.2912],[-117.0321,34.2913],[-117.0323,34.2913],[-117.0324,34.2913],[-117.0325,34.2912],[-117.0326,34.2912],[-117.0327,34.291],[-117.0328,34.2909],[-117.0328,34.2907],[-117.0329,34.2905],[-117.0329,34.2904],[-117.0329,34.2903],[-117.0329,34.2902],[-117.0329,34.2901],[-117.033,34.2901],[-117.0332,34.29],[-117.0334,34.29],[-117.0336,34.29],[-117.0339,34.29],[-117.034,34.29],[-117.0342,34.29],[-117.0344,34.29],[-117.0345,34.2901],[-117.0346,34.2901],[-117.0347,34.2902],[-117.0348,34.2902],[-117.0349,34.2903],[-117.0351,34.2903],[-117.0353,34.2902],[-117.0354,34.2902],[-117.0355,34.2901],[-117.0356,34.2901],[-117.0356,34.29],[-117.0356,34.2899],[-117.0356,34.2898],[-117.0357,34.2896],[-117.0358,34.2896],[-117.0359,34.2895],[-117.0362,34.2894],[-117.0362,34.2893],[-117.0363,34.2893],[-117.0364,34.2893],[-117.0366,34.2892],[-117.0368,34.2891],[-117.0369,34.2891],[-117.0371,34.289],[-117.0373,34.2889],[-117.0375,34.2888],[-117.0377,34.2888],[-117.0379,34.2887],[-117.0381,34.2887],[-117.0382,34.2886],[-117.0384,34.2886],[-117.0385,34.2885],[-117.0386,34.2884],[-117.0387,34.2882],[-117.0387,34.2881],[-117.0387,34.288],[-117.0389,34.288],[-117.039,34.2879],[-117.039,34.2878],[-117.039,34.2875],[-117.0391,34.2875],[-117.0392,34.2874],[-117.0392,34.2873],[-117.0394,34.2873],[-117.0396,34.2872],[-117.0397,34.2872],[-117.0397,34.2871],[-117.0397,34.287],[-117.0396,34.2868],[-117.0395,34.2866],[-117.0394,34.2864],[-117.0394,34.2863],[-117.0394,34.2862],[-117.0395,34.2861],[-117.0396,34.286],[-117.0397,34.286],[-117.0397,34.2859],[-117.0398,34.2859],[-117.0398,34.2858],[-117.0399,34.2857],[-117.0399,34.2856],[-117.04,34.2855],[-117.0401,34.2854],[-117.0402,34.2853],[-117.0403,34.2852],[-117.0404,34.2851],[-117.0405,34.2851],[-117.0406,34.285],[-117.0406,34.2849],[-117.0407,34.2848],[-117.0407,34.2847],[-117.0408,34.2846],[-117.0409,34.2845],[-117.041,34.2845],[-117.041,34.2844],[-117.0411,34.2843],[-117.0412,34.2843],[-117.0412,34.2842],[-117.0413,34.2841],[-117.0413,34.284],[-117.0414,34.2839],[-117.0415,34.2838],[-117.0416,34.2837],[-117.0417,34.2837],[-117.0417,34.2836],[-117.0418,34.2834],[-117.0418,34.2832],[-117.0418,34.2831],[-117.0419,34.2831],[-117.042,34.283],[-117.0422,34.283],[-117.0423,34.2831],[-117.0424,34.2831],[-117.0425,34.2832],[-117.0427,34.2831],[-117.0428,34.2831],[-117.043,34.2831],[-117.0431,34.283],[-117.0432,34.283],[-117.0434,34.283],[-117.0435,34.2831],[-117.0437,34.2831],[-117.0438,34.2831],[-117.0439,34.2831],[-117.044,34.2831],[-117.0441,34.2831],[-117.0442,34.2831],[-117.0443,34.283],[-117.0444,34.283],[-117.0445,34.2829],[-117.0446,34.2828],[-117.0447,34.2827],[-117.0449,34.2826],[-117.0451,34.2823],[-117.0453,34.2821],[-117.0454,34.2819],[-117.0456,34.2817],[-117.0458,34.2816],[-117.0459,34.2815],[-117.046,34.2814],[-117.046,34.2812],[-117.0461,34.2811],[-117.0462,34.2811],[-117.0463,34.2811],[-117.0464,34.2811],[-117.0465,34.2811],[-117.0468,34.2812],[-117.0469,34.2812],[-117.047,34.2812],[-117.0471,34.2812],[-117.0473,34.2812],[-117.0474,34.2811],[-117.0474,34.281],[-117.0475,34.2809],[-117.0478,34.2805],[-117.0478,34.2804],[-117.0479,34.2804],[-117.048,34.2804],[-117.0481,34.2804],[-117.0484,34.2803],[-117.0486,34.2803],[-117.0488,34.2803],[-117.049,34.2802],[-117.0492,34.2801],[-117.0494,34.2799],[-117.0496,34.2797],[-117.0497,34.2796],[-117.0497,34.2795],[-117.0498,34.2794],[-117.0499,34.2793],[-117.05,34.2793],[-117.0501,34.2793],[-117.0502,34.2793],[-117.0504,34.2793],[-117.0505,34.2793],[-117.0506,34.2794],[-117.0507,34.2795],[-117.0507,34.2796],[-117.0507,34.2797],[-117.0508,34.2798],[-117.0509,34.2798],[-117.051,34.2798],[-117.0511,34.2798],[-117.0512,34.2798],[-117.0513,34.2797],[-117.0513,34.2796],[-117.0514,34.2795],[-117.0514,34.2794],[-117.0514,34.2793],[-117.0516,34.2792],[-117.0517,34.2792],[-117.0519,34.2792],[-117.052,34.2793],[-117.0521,34.2793],[-117.0522,34.2794],[-117.0524,34.2795],[-117.0525,34.2795],[-117.0526,34.2796],[-117.0528,34.2795],[-117.0529,34.2795],[-117.053,34.2795],[-117.0531,34.2796],[-117.0532,34.2796],[-117.0533,34.2797],[-117.0534,34.2799],[-117.0536,34.28],[-117.0537,34.2801],[-117.0539,34.2801],[-117.054,34.2801],[-117.0542,34.2801],[-117.0543,34.2801],[-117.0543,34.28],[-117.0544,34.2799],[-117.0544,34.2798],[-117.0545,34.2798],[-117.0546,34.2797],[-117.0547,34.2797],[-117.0548,34.2797],[-117.0548,34.2798],[-117.0549,34.2798],[-117.055,34.2799],[-117.0551,34.2799],[-117.0552,34.2799],[-117.0554,34.2799],[-117.0555,34.2797],[-117.0556,34.2796],[-117.0558,34.2794],[-117.0558,34.2792],[-117.0558,34.2791],[-117.0558,34.279],[-117.0558,34.2788],[-117.0558,34.2787],[-117.0557,34.2787],[-117.0556,34.2786],[-117.0554,34.2785],[-117.0553,34.2784],[-117.0554,34.2783],[-117.0554,34.2782],[-117.0555,34.2782],[-117.0557,34.2781],[-117.0558,34.278],[-117.0558,34.2779],[-117.0557,34.2778],[-117.0556,34.2777],[-117.0555,34.2776],[-117.0555,34.2775],[-117.0555,34.2774],[-117.0554,34.2773],[-117.0553,34.2772],[-117.0551,34.2771],[-117.0549,34.277],[-117.0548,34.2769],[-117.0547,34.2769],[-117.0547,34.2768],[-117.0546,34.2768],[-117.0546,34.2767],[-117.0547,34.2766],[-117.0547,34.2765],[-117.0547,34.2764],[-117.0548,34.2764],[-117.0549,34.2763],[-117.0549,34.2762],[-117.0549,34.2761],[-117.0548,34.276],[-117.0547,34.276],[-117.0545,34.276],[-117.0544,34.276],[-117.0543,34.276],[-117.0542,34.276],[-117.0541,34.276],[-117.0541,34.2759],[-117.054,34.2758],[-117.0539,34.2758],[-117.0538,34.2757],[-117.0536,34.2757],[-117.0535,34.2756],[-117.0534,34.2755],[-117.0533,34.2755],[-117.0532,34.2755],[-117.053,34.2755],[-117.0528,34.2754],[-117.0527,34.2754],[-117.0526,34.2755],[-117.0525,34.2755],[-117.0524,34.2755],[-117.0523,34.2756],[-117.0521,34.2756],[-117.052,34.2756],[-117.0518,34.2756],[-117.0517,34.2756],[-117.0516,34.2756],[-117.0515,34.2757],[-117.0513,34.2757],[-117.0511,34.2757],[-117.051,34.2757],[-117.0509,34.2757],[-117.0508,34.2756],[-117.0508,34.2755],[-117.0508,34.2754],[-117.051,34.2753],[-117.0513,34.2752],[-117.0514,34.2752],[-117.0516,34.2751],[-117.0517,34.2751],[-117.0518,34.2751],[-117.052,34.2751],[-117.0521,34.275],[-117.0523,34.2749],[-117.0524,34.2749],[-117.0526,34.2749],[-117.0527,34.2749],[-117.0529,34.2749],[-117.053,34.2749],[-117.053,34.2748],[-117.0532,34.2748],[-117.0534,34.2747],[-117.0535,34.2747],[-117.0536,34.2747],[-117.0539,34.2747],[-117.0542,34.2746],[-117.0545,34.2746],[-117.0548,34.2746],[-117.0549,34.2746],[-117.055,34.2745],[-117.055,34.2744],[-117.0551,34.2742],[-117.0552,34.2741],[-117.0553,34.2741],[-117.0554,34.2741],[-117.0556,34.2742],[-117.0558,34.2744],[-117.0559,34.2745],[-117.0559,34.2746],[-117.0559,34.2747],[-117.0559,34.2748],[-117.0559,34.2749],[-117.056,34.2749],[-117.0561,34.2749],[-117.0562,34.275],[-117.0563,34.275],[-117.0563,34.2751],[-117.0564,34.2752],[-117.0564,34.2753],[-117.0565,34.2753],[-117.0566,34.2754],[-117.0567,34.2754],[-117.0568,34.2754],[-117.0569,34.2755],[-117.057,34.2756],[-117.0571,34.2757],[-117.0572,34.2758],[-117.0573,34.2758],[-117.0575,34.2758],[-117.0577,34.2758],[-117.0578,34.2758],[-117.058,34.276],[-117.0582,34.2761],[-117.0583,34.2761],[-117.0584,34.2761],[-117.0586,34.2761],[-117.0587,34.2761],[-117.0589,34.2761],[-117.059,34.2761],[-117.0592,34.2761],[-117.0593,34.2761],[-117.0594,34.2761],[-117.0595,34.2761],[-117.0597,34.2762],[-117.0598,34.2762],[-117.0599,34.2763],[-117.06,34.2763],[-117.0601,34.2762],[-117.0602,34.2762],[-117.0605,34.2761],[-117.0607,34.276],[-117.0609,34.2759],[-117.0612,34.2759],[-117.0612,34.2758],[-117.0613,34.2758],[-117.0614,34.2757],[-117.0614,34.2756],[-117.0613,34.2755],[-117.0613,34.2754],[-117.0612,34.2753],[-117.0612,34.2751],[-117.0612,34.2748],[-117.0612,34.2747],[-117.0611,34.2746],[-117.0611,34.2745],[-117.0611,34.2742],[-117.0611,34.2741],[-117.0612,34.274],[-117.0613,34.2739],[-117.0614,34.274],[-117.0615,34.274],[-117.0616,34.274],[-117.0617,34.274],[-117.0618,34.274],[-117.0619,34.274],[-117.0621,34.2738],[-117.0622,34.2737],[-117.0623,34.2736],[-117.0624,34.2735],[-117.0626,34.2733],[-117.0627,34.2732],[-117.0628,34.2732],[-117.0629,34.2732],[-117.063,34.2733],[-117.0631,34.2733],[-117.0633,34.2734],[-117.0635,34.2733],[-117.0637,34.2733],[-117.064,34.2732],[-117.0643,34.2731],[-117.0644,34.273],[-117.0645,34.2729],[-117.0646,34.2727],[-117.0646,34.2726],[-117.0646,34.2725],[-117.0646,34.2724],[-117.0646,34.2723],[-117.0646,34.2722],[-117.0647,34.2721],[-117.0648,34.2721],[-117.0649,34.272],[-117.0651,34.2721],[-117.0652,34.2721],[-117.0654,34.2722],[-117.0655,34.2722],[-117.0656,34.2721],[-117.0657,34.2721],[-117.0658,34.272],[-117.0658,34.2719],[-117.0658,34.2717],[-117.0658,34.2715],[-117.0658,34.2714],[-117.0658,34.2713],[-117.0658,34.2712],[-117.0659,34.2711],[-117.0661,34.271],[-117.0664,34.2709],[-117.0665,34.2709],[-117.0666,34.271],[-117.0667,34.271],[-117.0668,34.271],[-117.0669,34.271],[-117.067,34.2709],[-117.0672,34.2709],[-117.0673,34.2708],[-117.0674,34.2709],[-117.0675,34.2708],[-117.0676,34.2708],[-117.0677,34.2706],[-117.0678,34.2705],[-117.068,34.2703],[-117.0682,34.2701],[-117.0683,34.2701],[-117.0684,34.2701],[-117.0685,34.2701],[-117.0686,34.2702],[-117.0688,34.2702],[-117.0688,34.2703],[-117.0689,34.2703],[-117.0691,34.2702],[-117.0692,34.2702],[-117.0693,34.2702],[-117.0695,34.2701],[-117.0697,34.2701],[-117.0697,34.27],[-117.0698,34.2699],[-117.0699,34.2698],[-117.0701,34.2694],[-117.0701,34.2693],[-117.0702,34.2692],[-117.0703,34.2692],[-117.0703,34.2691],[-117.0705,34.2691],[-117.0707,34.2691],[-117.0708,34.2692],[-117.0709,34.2692],[-117.0712,34.2693],[-117.0716,34.2695],[-117.0717,34.2695],[-117.0718,34.2695],[-117.0719,34.2695],[-117.072,34.2695],[-117.0721,34.2695],[-117.0723,34.2692],[-117.0725,34.269],[-117.0727,34.2687],[-117.0728,34.2686],[-117.073,34.2685],[-117.0731,34.2685],[-117.0733,34.2685],[-117.0734,34.2685],[-117.0735,34.2686],[-117.0736,34.2686],[-117.0737,34.2686],[-117.0738,34.2686],[-117.0738,34.2685],[-117.0739,34.2684],[-117.0741,34.2684],[-117.0743,34.2683],[-117.0744,34.2682],[-117.0745,34.2682],[-117.0746,34.2681],[-117.0747,34.268],[-117.0749,34.2679],[-117.075,34.2678],[-117.0751,34.2677],[-117.0751,34.2676],[-117.0751,34.2675],[-117.0751,34.2674],[-117.0752,34.2673],[-117.0753,34.2672],[-117.0753,34.2671],[-117.0753,34.267],[-117.0753,34.2669],[-117.0754,34.2668],[-117.0755,34.2668],[-117.0756,34.2668],[-117.0758,34.2668],[-117.0761,34.2669],[-117.0762,34.2669],[-117.0763,34.2669],[-117.0765,34.2669],[-117.0766,34.2668],[-117.0766,34.2667],[-117.0767,34.2666],[-117.0767,34.2665],[-117.0767,34.2662],[-117.0767,34.2659],[-117.0767,34.2658],[-117.0768,34.2658],[-117.0769,34.2657],[-117.0771,34.2657],[-117.0772,34.2657],[-117.0773,34.2657],[-117.0775,34.2656],[-117.0777,34.2656],[-117.0778,34.2655],[-117.0779,34.2654],[-117.078,34.2653],[-117.0781,34.2652],[-117.0781,34.2651],[-117.0782,34.265],[-117.0785,34.2649],[-117.0786,34.2648],[-117.0787,34.2648],[-117.0788,34.2648],[-117.0789,34.2648],[-117.0791,34.2648],[-117.0794,34.2649],[-117.0796,34.265],[-117.0798,34.265],[-117.0799,34.265],[-117.08,34.265],[-117.0801,34.2649],[-117.0802,34.2649],[-117.0802,34.2647],[-117.0803,34.2646],[-117.0803,34.2644],[-117.0803,34.2643],[-117.0803,34.2642],[-117.0804,34.2642],[-117.0806,34.264],[-117.0807,34.2639],[-117.0809,34.2638],[-117.081,34.2637],[-117.0812,34.2635],[-117.0814,34.2633],[-117.0815,34.2632],[-117.0817,34.263],[-117.082,34.2629],[-117.0821,34.2629],[-117.0822,34.2628],[-117.0823,34.2627],[-117.0822,34.2626],[-117.0822,34.2625],[-117.0821,34.2624],[-117.082,34.2624],[-117.082,34.2623],[-117.0819,34.2622],[-117.0819,34.2621],[-117.0819,34.262],[-117.082,34.2619],[-117.0821,34.2619],[-117.0822,34.2619],[-117.0823,34.2618],[-117.0824,34.2618],[-117.0825,34.2617],[-117.0826,34.2616],[-117.0827,34.2616],[-117.083,34.2615],[-117.0832,34.2614],[-117.0833,34.2614],[-117.0834,34.2613],[-117.0835,34.2612],[-117.0836,34.2611],[-117.0838,34.2609],[-117.0838,34.2608],[-117.0839,34.2607],[-117.084,34.2607],[-117.0842,34.2607],[-117.0844,34.2607]]}},{"type":"Feature","properties":{"id":"2N49C","name":"SUGARPINE SPUR                ","kind":"road","access":"plate","seasonal":false},"geometry":{"type":"LineString","coordinates":[[-117.3534,34.2512],[-117.3533,34.2514],[-117.3533,34.2515],[-117.3533,34.2516],[-117.3532,34.2516],[-117.3532,34.2518],[-117.3531,34.2519],[-117.353,34.2521],[-117.3528,34.2522],[-117.3528,34.2523],[-117.3526,34.2524],[-117.3525,34.2526],[-117.3522,34.2527],[-117.352,34.2528],[-117.3518,34.253],[-117.3517,34.253],[-117.3516,34.2531],[-117.3515,34.2532],[-117.3515,34.2533],[-117.3515,34.2534],[-117.3515,34.2535],[-117.3515,34.2536],[-117.3515,34.2537],[-117.3514,34.2538],[-117.3513,34.2539],[-117.3513,34.2541]]}},{"type":"Feature","properties":{"id":"2N38","name":"VALLEY OF THE MOON","kind":"road","access":"plate","seasonal":false},"geometry":{"type":"LineString","coordinates":[[-117.279,34.2697],[-117.279,34.2696],[-117.2789,34.2695],[-117.2789,34.2694],[-117.2787,34.2693],[-117.2785,34.2692],[-117.2784,34.2691],[-117.2783,34.2691],[-117.2782,34.269],[-117.2782,34.2689],[-117.2782,34.2688],[-117.2782,34.2687],[-117.2781,34.2687],[-117.278,34.2686],[-117.2778,34.2685],[-117.2776,34.2686],[-117.2776,34.2687],[-117.2775,34.2687],[-117.2774,34.2687],[-117.2773,34.2687],[-117.2772,34.2686],[-117.277,34.2685],[-117.2769,34.2684],[-117.2769,34.2683],[-117.2768,34.2682],[-117.2767,34.2682],[-117.2767,34.2681],[-117.2766,34.268],[-117.2765,34.2679],[-117.2764,34.2679],[-117.2763,34.2679],[-117.2762,34.2679],[-117.2761,34.2679],[-117.276,34.2679],[-117.2759,34.2679],[-117.2758,34.2678],[-117.2756,34.2677],[-117.2755,34.2677],[-117.2754,34.2676],[-117.2753,34.2675],[-117.2753,34.2674],[-117.2753,34.2673],[-117.2752,34.2673],[-117.2752,34.2672],[-117.2751,34.2671],[-117.275,34.2671],[-117.2749,34.2671],[-117.2748,34.267],[-117.2746,34.267],[-117.2744,34.267],[-117.2743,34.267],[-117.2742,34.267],[-117.2741,34.267],[-117.2741,34.2669],[-117.274,34.2668],[-117.2739,34.2667],[-117.2738,34.2666],[-117.2737,34.2665],[-117.2736,34.2665],[-117.2735,34.2665],[-117.2735,34.2666],[-117.2734,34.2666],[-117.2734,34.2667],[-117.2733,34.2668],[-117.2733,34.2669],[-117.2732,34.267],[-117.2731,34.267],[-117.273,34.267],[-117.2729,34.2669],[-117.2729,34.2668],[-117.2728,34.2668],[-117.2726,34.2667],[-117.2725,34.2667],[-117.2723,34.2666],[-117.2722,34.2666],[-117.272,34.2666],[-117.2719,34.2666],[-117.2718,34.2665],[-117.2717,34.2664],[-117.2716,34.2664],[-117.2715,34.2664],[-117.2714,34.2663],[-117.2713,34.2663],[-117.2711,34.2664],[-117.271,34.2664],[-117.2709,34.2663],[-117.2708,34.2663],[-117.2706,34.2662],[-117.2705,34.2661],[-117.2704,34.2661],[-117.2703,34.2661],[-117.2703,34.2662],[-117.2702,34.2662],[-117.2701,34.2662],[-117.2701,34.2661],[-117.2701,34.266],[-117.2701,34.2659],[-117.2701,34.2658],[-117.2702,34.2657],[-117.2703,34.2657],[-117.2704,34.2657],[-117.2705,34.2657],[-117.2706,34.2657],[-117.2707,34.2657],[-117.2708,34.2658],[-117.2709,34.2658],[-117.2709,34.2657],[-117.2709,34.2656],[-117.271,34.2655],[-117.271,34.2654],[-117.2711,34.2653],[-117.2712,34.2652],[-117.2713,34.2651],[-117.2713,34.265],[-117.2714,34.265],[-117.2714,34.2649],[-117.2715,34.2649],[-117.2715,34.2648],[-117.2715,34.2647],[-117.2715,34.2646],[-117.2715,34.2645],[-117.2716,34.2644],[-117.2716,34.2643],[-117.2716,34.2642],[-117.2717,34.2641],[-117.2718,34.2641],[-117.2718,34.2642],[-117.2719,34.2642],[-117.2719,34.2643],[-117.2719,34.2644],[-117.272,34.2644],[-117.2721,34.2644],[-117.2722,34.2644],[-117.2722,34.2643],[-117.2723,34.2642],[-117.2723,34.2641],[-117.2723,34.264],[-117.2723,34.2639],[-117.2723,34.2637],[-117.2723,34.2636],[-117.2724,34.2635],[-117.2724,34.2634],[-117.2724,34.2633],[-117.2725,34.2633],[-117.2726,34.2633],[-117.2727,34.2633],[-117.2727,34.2632],[-117.2728,34.2631],[-117.2728,34.263],[-117.2729,34.263],[-117.273,34.263],[-117.2731,34.263],[-117.2732,34.2629],[-117.2732,34.2628],[-117.2731,34.2628],[-117.273,34.2628],[-117.2729,34.2628],[-117.2728,34.2628],[-117.2727,34.2629],[-117.2726,34.2629],[-117.2725,34.2629],[-117.2725,34.263],[-117.2724,34.263],[-117.2723,34.263],[-117.2722,34.2631],[-117.2722,34.2632],[-117.2721,34.2633],[-117.272,34.2633],[-117.2719,34.2634],[-117.2719,34.2633],[-117.2718,34.2633],[-117.2718,34.2632],[-117.2719,34.2632],[-117.2719,34.2631],[-117.272,34.2631],[-117.2721,34.263],[-117.2721,34.2629],[-117.2721,34.2628],[-117.2721,34.2627],[-117.2722,34.2627],[-117.2722,34.2626],[-117.2723,34.2626],[-117.2723,34.2625],[-117.2723,34.2624],[-117.2724,34.2623],[-117.2725,34.2623],[-117.2725,34.2622],[-117.2725,34.2621],[-117.2724,34.2621],[-117.2723,34.2621],[-117.2722,34.2621],[-117.2721,34.2621],[-117.2721,34.262],[-117.272,34.262],[-117.2719,34.262],[-117.2719,34.2619],[-117.2718,34.2619],[-117.2718,34.2618],[-117.2717,34.2617],[-117.2716,34.2617],[-117.2715,34.2616],[-117.2714,34.2616],[-117.2713,34.2615],[-117.2712,34.2615],[-117.2711,34.2614],[-117.271,34.2613],[-117.271,34.2612],[-117.2709,34.2612],[-117.2709,34.2611],[-117.2707,34.261],[-117.2706,34.2609]]}},{"type":"Feature","properties":{"id":"2N38","name":"VALLEY OF THE MOON","kind":"road","access":"plate","seasonal":false},"geometry":{"type":"LineString","coordinates":[[-117.2701,34.2602],[-117.2702,34.26],[-117.2703,34.2599],[-117.2703,34.2598],[-117.2704,34.2596],[-117.2704,34.2595],[-117.2704,34.2594],[-117.2703,34.2594],[-117.2702,34.2593],[-117.2702,34.2592],[-117.2702,34.2591],[-117.2701,34.259],[-117.2701,34.2589],[-117.27,34.2589],[-117.2699,34.2589],[-117.2698,34.2589],[-117.2697,34.2589],[-117.2696,34.2589],[-117.2695,34.2589],[-117.2694,34.2589],[-117.2692,34.259],[-117.2691,34.259],[-117.269,34.259],[-117.2689,34.2591],[-117.2688,34.2591],[-117.2687,34.2591],[-117.2685,34.2591],[-117.2684,34.2591],[-117.2683,34.2591],[-117.2682,34.259],[-117.2681,34.259],[-117.268,34.259],[-117.2679,34.259],[-117.2678,34.259],[-117.2677,34.2591],[-117.2676,34.2591],[-117.2675,34.2591],[-117.2674,34.2591],[-117.2673,34.2591],[-117.2671,34.259],[-117.267,34.259],[-117.2668,34.2589],[-117.2666,34.2588],[-117.2664,34.2587]]}},{"type":"Feature","properties":{"id":"2N83","name":"GREEN VALLEY EDISON           ","kind":"road","access":"plate","seasonal":false},"geometry":{"type":"LineString","coordinates":[[-117.0866,34.247],[-117.0865,34.2471],[-117.0864,34.2471],[-117.0863,34.2471],[-117.0862,34.247],[-117.0861,34.2469],[-117.086,34.2468],[-117.086,34.2467],[-117.0859,34.2466],[-117.0859,34.2465],[-117.0859,34.2464],[-117.0858,34.2464],[-117.0857,34.2464],[-117.0856,34.2464],[-117.0855,34.2465],[-117.0854,34.2465],[-117.0853,34.2465],[-117.0852,34.2465],[-117.0852,34.2464],[-117.0852,34.2463],[-117.0852,34.2462],[-117.0851,34.2462],[-117.0851,34.2461],[-117.085,34.2461],[-117.0849,34.2462],[-117.0848,34.2462],[-117.0847,34.2462],[-117.0846,34.2462],[-117.0845,34.2462],[-117.0844,34.2462],[-117.0843,34.2462],[-117.0842,34.2461],[-117.0841,34.246],[-117.084,34.2459],[-117.084,34.2458],[-117.0839,34.2457],[-117.0838,34.2457],[-117.0837,34.2456],[-117.0836,34.2456],[-117.0834,34.2455],[-117.0833,34.2454],[-117.0831,34.2454],[-117.083,34.2454],[-117.0829,34.2454],[-117.0829,34.2453],[-117.083,34.2452],[-117.0832,34.2451],[-117.0832,34.245],[-117.0831,34.2449],[-117.083,34.2449],[-117.0826,34.2449],[-117.0825,34.2449],[-117.0824,34.2449],[-117.0823,34.2449],[-117.0822,34.245],[-117.0821,34.245],[-117.0821,34.2449],[-117.082,34.2449],[-117.0819,34.2449],[-117.0818,34.2449],[-117.0817,34.2448],[-117.0816,34.2448],[-117.0815,34.2448],[-117.0814,34.2448],[-117.0813,34.2448],[-117.0812,34.2449],[-117.0811,34.2449],[-117.081,34.2449],[-117.0809,34.2449],[-117.0808,34.245],[-117.0806,34.245],[-117.0805,34.245],[-117.0803,34.245],[-117.0802,34.2451],[-117.08,34.2451],[-117.0799,34.2452],[-117.0799,34.2453],[-117.0798,34.2453],[-117.0798,34.2454],[-117.0798,34.2455],[-117.0797,34.2456],[-117.0796,34.2456],[-117.0795,34.2456],[-117.0793,34.2456],[-117.0792,34.2455],[-117.0792,34.2454],[-117.0792,34.2453],[-117.0792,34.2452],[-117.0793,34.2452],[-117.0793,34.2451],[-117.0794,34.245],[-117.0794,34.2449],[-117.0795,34.2449],[-117.0795,34.2448],[-117.0795,34.2447],[-117.0795,34.2446],[-117.0794,34.2445],[-117.0794,34.2444],[-117.0793,34.244],[-117.0793,34.2439],[-117.0792,34.2438]]}},{"type":"Feature","properties":{"id":"2N28Y","name":"BANFF","kind":"road","access":"green","seasonal":false},"geometry":{"type":"LineString","coordinates":[[-117.1529,34.2764],[-117.1528,34.2765],[-117.1528,34.2766],[-117.1529,34.2767],[-117.153,34.2767],[-117.1531,34.2767],[-117.1532,34.2767],[-117.1533,34.2767],[-117.1534,34.2767],[-117.1535,34.2767],[-117.1536,34.2767],[-117.1537,34.2765],[-117.1539,34.2764],[-117.154,34.2763],[-117.1542,34.2763],[-117.1543,34.2762],[-117.1543,34.2761],[-117.1544,34.2761],[-117.1545,34.2761],[-117.1546,34.2761],[-117.1547,34.2762],[-117.1548,34.2762],[-117.1549,34.2761],[-117.155,34.2761],[-117.1552,34.2761],[-117.1553,34.2761],[-117.1554,34.2761],[-117.1554,34.2762],[-117.1555,34.2762],[-117.1557,34.2763],[-117.1558,34.2762],[-117.1559,34.2762],[-117.156,34.2762],[-117.156,34.2763],[-117.1561,34.2763],[-117.1563,34.2764],[-117.1564,34.2764],[-117.1565,34.2764],[-117.1566,34.2764],[-117.1567,34.2765],[-117.1568,34.2765],[-117.1569,34.2765],[-117.157,34.2765],[-117.1571,34.2765],[-117.1571,34.2764],[-117.1572,34.2764],[-117.1573,34.2764],[-117.1574,34.2763],[-117.1576,34.2763],[-117.1577,34.2763],[-117.1579,34.2763],[-117.1581,34.2764],[-117.1583,34.2764],[-117.1584,34.2765],[-117.1585,34.2765],[-117.1586,34.2765],[-117.1587,34.2765],[-117.1589,34.2765],[-117.159,34.2765],[-117.1591,34.2766],[-117.1593,34.2767],[-117.1594,34.2767],[-117.1595,34.2767],[-117.1596,34.2767],[-117.1597,34.2767],[-117.1598,34.2767],[-117.1599,34.2767],[-117.16,34.2767],[-117.1601,34.2767],[-117.1603,34.2768],[-117.1604,34.2769],[-117.1604,34.277],[-117.1605,34.2771],[-117.1605,34.2772],[-117.1606,34.2772],[-117.1608,34.2772],[-117.1608,34.2771],[-117.161,34.2771],[-117.1611,34.2771],[-117.1612,34.2771]]}},{"type":"Feature","properties":{"id":"1N96C","name":"SNOW VALLEY","kind":"road","access":"plate","seasonal":false},"geometry":{"type":"LineString","coordinates":[[-117.0644,34.2105],[-117.0645,34.2106],[-117.0646,34.2107],[-117.0647,34.2107]]}},{"type":"Feature","properties":{"id":"1N96D","name":"KELLER YP07","kind":"road","access":"plate","seasonal":false},"geometry":{"type":"LineString","coordinates":[[-117.0625,34.2069],[-117.0625,34.2068],[-117.0626,34.2067],[-117.0626,34.2066],[-117.0627,34.2066],[-117.0627,34.2065],[-117.0627,34.2064],[-117.0627,34.2065],[-117.0626,34.2065]]}},{"type":"Feature","properties":{"id":"3N16Q","name":"TEJON RANCH","kind":"road","access":"plate","seasonal":false},"geometry":{"type":"LineString","coordinates":[[-117.092,34.248],[-117.0921,34.248],[-117.0921,34.2479],[-117.0923,34.2479],[-117.0924,34.2479],[-117.0924,34.2478],[-117.0925,34.2478],[-117.0926,34.2477],[-117.0927,34.2477],[-117.0928,34.2477],[-117.0929,34.2477],[-117.0931,34.2478],[-117.0933,34.2478],[-117.0934,34.2479],[-117.0935,34.2479],[-117.0936,34.2479],[-117.0937,34.2479],[-117.0938,34.2478],[-117.0938,34.2477],[-117.0939,34.2476],[-117.094,34.2476],[-117.0941,34.2477],[-117.0942,34.2477],[-117.0944,34.2477],[-117.0945,34.2477],[-117.0946,34.2476],[-117.0947,34.2476],[-117.0947,34.2475],[-117.0948,34.2474],[-117.0948,34.2473],[-117.0947,34.2472],[-117.0947,34.2471],[-117.0945,34.247],[-117.0943,34.247],[-117.0942,34.247],[-117.094,34.247],[-117.0938,34.247],[-117.0936,34.247],[-117.0936,34.2471],[-117.0935,34.2471],[-117.0934,34.2471],[-117.0932,34.2471],[-117.0931,34.247],[-117.093,34.247],[-117.0929,34.247],[-117.0929,34.2469],[-117.0929,34.2468],[-117.0929,34.2466],[-117.093,34.2465],[-117.0931,34.2464],[-117.0931,34.2463],[-117.0931,34.2462],[-117.093,34.2461],[-117.0929,34.246],[-117.0928,34.246],[-117.0927,34.246],[-117.0925,34.2461],[-117.0924,34.2461],[-117.0923,34.2461],[-117.0923,34.246],[-117.0924,34.2459],[-117.0925,34.2458],[-117.0927,34.2458],[-117.0928,34.2457],[-117.0929,34.2457],[-117.0931,34.2457],[-117.0932,34.2458],[-117.0933,34.2458],[-117.0935,34.2459],[-117.0936,34.2459],[-117.0937,34.2459],[-117.0938,34.2459],[-117.0939,34.2458],[-117.094,34.2457],[-117.0941,34.2456],[-117.0942,34.2455],[-117.0944,34.2454],[-117.0945,34.2453],[-117.0946,34.2453],[-117.0947,34.2452],[-117.0947,34.2451],[-117.0946,34.245],[-117.0945,34.2447],[-117.0945,34.2446],[-117.0945,34.2445],[-117.0946,34.2444],[-117.0947,34.2442],[-117.0947,34.2441],[-117.0948,34.2441],[-117.0948,34.244],[-117.0948,34.2439],[-117.0947,34.2439],[-117.0947,34.2438],[-117.0946,34.2437],[-117.0945,34.2437],[-117.0945,34.2436],[-117.0946,34.2435],[-117.0947,34.2435],[-117.0948,34.2435],[-117.0949,34.2436],[-117.095,34.2436],[-117.0951,34.2436],[-117.0952,34.2436],[-117.0953,34.2436],[-117.0954,34.2435],[-117.0955,34.2435],[-117.0956,34.2435],[-117.0957,34.2435],[-117.0958,34.2435],[-117.0959,34.2435],[-117.096,34.2435],[-117.0961,34.2436],[-117.0962,34.2436],[-117.0963,34.2437],[-117.0964,34.2437],[-117.0965,34.2437],[-117.0966,34.2437],[-117.0967,34.2437],[-117.0968,34.2437],[-117.0969,34.2436],[-117.097,34.2436],[-117.0971,34.2435]]}},{"type":"Feature","properties":{"id":"2N94","name":"DEER LODGE","kind":"road","access":"plate","seasonal":false},"geometry":{"type":"LineString","coordinates":[[-117.2059,34.2846],[-117.2059,34.2845],[-117.206,34.2844],[-117.206,34.2843],[-117.206,34.2842],[-117.2062,34.2841],[-117.2063,34.284],[-117.2066,34.2838],[-117.2066,34.2837],[-117.2067,34.2836],[-117.2067,34.2835],[-117.2067,34.2834],[-117.2066,34.2834],[-117.2065,34.2832],[-117.2065,34.2831],[-117.2064,34.283],[-117.2063,34.2828],[-117.2063,34.2827],[-117.2063,34.2826],[-117.2062,34.2825],[-117.2061,34.2824],[-117.206,34.2822],[-117.2059,34.2821],[-117.2058,34.2821],[-117.2057,34.282],[-117.2056,34.2819],[-117.2055,34.2819],[-117.2054,34.2819],[-117.2054,34.2818],[-117.2053,34.2818],[-117.2052,34.2817],[-117.2051,34.2817],[-117.205,34.2817],[-117.2049,34.2816],[-117.2048,34.2814],[-117.2046,34.2813],[-117.2045,34.2813],[-117.2044,34.2813],[-117.2043,34.2813],[-117.2042,34.2814],[-117.204,34.2814],[-117.2039,34.2815],[-117.2038,34.2815],[-117.2037,34.2815],[-117.2036,34.2815],[-117.2035,34.2814],[-117.2034,34.2813],[-117.2033,34.2812],[-117.2032,34.2811],[-117.2032,34.281],[-117.2032,34.2809],[-117.2032,34.2807],[-117.2032,34.2806],[-117.2031,34.2806],[-117.2031,34.2805],[-117.203,34.2804],[-117.2029,34.2804],[-117.2028,34.2804],[-117.2026,34.2803],[-117.2024,34.2803],[-117.2022,34.2803],[-117.2021,34.2803],[-117.202,34.2802],[-117.2018,34.2801],[-117.2017,34.2801],[-117.2016,34.2801],[-117.2015,34.2801],[-117.2015,34.2802],[-117.2015,34.2803],[-117.2015,34.2804],[-117.2015,34.2805],[-117.2014,34.2807],[-117.2013,34.2807],[-117.2012,34.2806],[-117.2011,34.2805],[-117.2011,34.2804],[-117.201,34.2804],[-117.201,34.2803],[-117.2009,34.2801],[-117.2008,34.2801],[-117.2007,34.28],[-117.2007,34.2799],[-117.2006,34.2799],[-117.2005,34.2799],[-117.2004,34.2798],[-117.2003,34.2797],[-117.2002,34.2796],[-117.2,34.2795],[-117.2,34.2794],[-117.1999,34.2793],[-117.1997,34.2792],[-117.1996,34.2792],[-117.1994,34.2791],[-117.1993,34.2791],[-117.1992,34.279],[-117.1991,34.279],[-117.199,34.2789],[-117.1988,34.2788],[-117.1988,34.2787],[-117.1987,34.2786],[-117.1986,34.2786],[-117.1985,34.2785],[-117.1985,34.2784],[-117.1985,34.2783]]}},{"type":"Feature","properties":{"id":"2N28Y","name":"BANFF","kind":"road","access":"plate","seasonal":false},"geometry":{"type":"LineString","coordinates":[[-117.1612,34.2771],[-117.1613,34.277],[-117.1615,34.277],[-117.1617,34.2769],[-117.1619,34.2768],[-117.162,34.2767],[-117.1621,34.2766],[-117.1623,34.2765],[-117.1625,34.2763],[-117.1626,34.2761],[-117.1628,34.2759],[-117.163,34.2757],[-117.1631,34.2757],[-117.1632,34.2757],[-117.1633,34.2756],[-117.1634,34.2756],[-117.1637,34.2755],[-117.1639,34.2754],[-117.164,34.2754],[-117.1641,34.2754],[-117.1642,34.2754],[-117.1643,34.2755],[-117.1646,34.2755],[-117.1648,34.2755],[-117.165,34.2755],[-117.1652,34.2755],[-117.1653,34.2755],[-117.1654,34.2754],[-117.1656,34.2754],[-117.1657,34.2754],[-117.1658,34.2754],[-117.1659,34.2755],[-117.166,34.2755],[-117.1662,34.2755],[-117.1663,34.2755],[-117.1664,34.2756],[-117.1665,34.2756],[-117.1668,34.276],[-117.1669,34.2761],[-117.1671,34.2762],[-117.1672,34.2762],[-117.1673,34.2762],[-117.1674,34.2761],[-117.1675,34.2759],[-117.1677,34.2759],[-117.1678,34.2759],[-117.1679,34.2759],[-117.168,34.2758],[-117.1682,34.2758]]}},{"type":"Feature","properties":{"id":"3N34","name":"CRAB FLATS","kind":"road","access":"green","seasonal":false},"geometry":{"type":"LineString","coordinates":[[-117.0864,34.2629],[-117.0865,34.263],[-117.0866,34.2631],[-117.0867,34.2631],[-117.0868,34.2633],[-117.0869,34.2634],[-117.0869,34.2635],[-117.087,34.2636],[-117.0871,34.2636],[-117.0872,34.2636],[-117.0874,34.2636],[-117.0877,34.2637],[-117.0878,34.2637],[-117.088,34.2638],[-117.0881,34.2638],[-117.0882,34.2639],[-117.0884,34.2639],[-117.0885,34.264],[-117.0886,34.264],[-117.0887,34.264],[-117.0888,34.264],[-117.0889,34.2641],[-117.089,34.2642],[-117.0891,34.2643],[-117.0892,34.2644],[-117.0895,34.2645],[-117.0898,34.2646],[-117.0899,34.2646],[-117.0901,34.2646],[-117.0903,34.2646],[-117.0905,34.2646],[-117.0905,34.2645],[-117.0907,34.2645],[-117.0909,34.2644],[-117.091,34.2643],[-117.0912,34.2643],[-117.0914,34.2643],[-117.0915,34.2642],[-117.0917,34.2642],[-117.0918,34.2641],[-117.092,34.2639],[-117.0922,34.2637],[-117.0923,34.2636],[-117.0924,34.2634],[-117.0926,34.2634],[-117.0928,34.2634],[-117.0929,34.2635],[-117.093,34.2636],[-117.0931,34.2636],[-117.0932,34.2638],[-117.0934,34.264],[-117.0935,34.2641],[-117.0936,34.2641],[-117.0937,34.2641],[-117.0938,34.264],[-117.0942,34.2639],[-117.0945,34.2637],[-117.095,34.2635],[-117.0951,34.2633],[-117.0952,34.2633],[-117.0953,34.2632],[-117.0955,34.2631],[-117.0958,34.2629],[-117.0959,34.2628],[-117.0961,34.2628],[-117.0964,34.2626],[-117.0966,34.2625],[-117.0967,34.2624],[-117.0968,34.2623],[-117.097,34.2622],[-117.0971,34.2622],[-117.0971,34.2621],[-117.0972,34.2621],[-117.0973,34.2621],[-117.0976,34.2621],[-117.0977,34.2622],[-117.0978,34.2622],[-117.0981,34.2622],[-117.0983,34.2622],[-117.0985,34.2622],[-117.0987,34.2623],[-117.0988,34.2624],[-117.0989,34.2625],[-117.0991,34.2627],[-117.0993,34.2628],[-117.0994,34.2628],[-117.0995,34.2629],[-117.0996,34.2629],[-117.0996,34.2628],[-117.0997,34.2628],[-117.0999,34.2628],[-117.1001,34.2627],[-117.1002,34.2626],[-117.1003,34.2624],[-117.1003,34.2623],[-117.1004,34.2621],[-117.1004,34.262],[-117.1007,34.2619],[-117.1009,34.2618],[-117.1011,34.2617],[-117.1012,34.2616],[-117.1013,34.2616],[-117.1014,34.2616],[-117.1015,34.2615],[-117.1018,34.2614],[-117.1019,34.2613],[-117.102,34.2613],[-117.1021,34.2614],[-117.1022,34.2615],[-117.1022,34.2616],[-117.1023,34.2616],[-117.1023,34.2617],[-117.1022,34.2618],[-117.1021,34.2619],[-117.1021,34.262],[-117.1021,34.2621],[-117.1022,34.2622],[-117.1023,34.2622],[-117.1024,34.2622],[-117.1025,34.2623],[-117.1026,34.2623],[-117.1027,34.2624],[-117.1028,34.2624],[-117.1029,34.2624],[-117.103,34.2624],[-117.103,34.2625],[-117.103,34.2626],[-117.1031,34.2627],[-117.1032,34.2627],[-117.1033,34.2628],[-117.1034,34.2628],[-117.1037,34.2628],[-117.1039,34.2628],[-117.1042,34.2628],[-117.1043,34.2628],[-117.1044,34.2628],[-117.1044,34.2629],[-117.1045,34.263],[-117.1045,34.2631],[-117.1046,34.2632],[-117.1048,34.2633],[-117.1049,34.2633],[-117.105,34.2633],[-117.1052,34.2632],[-117.1053,34.2632],[-117.1054,34.2633],[-117.1056,34.2635],[-117.1057,34.2636],[-117.1057,34.2638],[-117.1059,34.264],[-117.106,34.2641],[-117.1061,34.2641],[-117.1062,34.2642],[-117.1064,34.2642],[-117.1067,34.2642],[-117.1069,34.2642],[-117.107,34.2642],[-117.1072,34.2643],[-117.1073,34.2643],[-117.1074,34.2643],[-117.1075,34.2644],[-117.1076,34.2643],[-117.1077,34.2643],[-117.1078,34.2642],[-117.1081,34.2641],[-117.1082,34.264],[-117.1083,34.264],[-117.1084,34.264],[-117.1085,34.264],[-117.1086,34.264],[-117.1087,34.2641],[-117.1088,34.2642],[-117.1089,34.2642],[-117.109,34.2643],[-117.1092,34.2644],[-117.1093,34.2645],[-117.1095,34.2646],[-117.1096,34.2646],[-117.1096,34.2647],[-117.1097,34.2647],[-117.1098,34.2647],[-117.1099,34.2648],[-117.11,34.2648],[-117.1101,34.2649],[-117.1102,34.2649],[-117.1102,34.265],[-117.1103,34.265],[-117.1104,34.265],[-117.1105,34.265],[-117.1107,34.265],[-117.1108,34.2651],[-117.1109,34.2651],[-117.111,34.2651],[-117.111,34.2652],[-117.1111,34.2653],[-117.1112,34.2653],[-117.1113,34.2653],[-117.1115,34.2654],[-117.1116,34.2654],[-117.1117,34.2655],[-117.1118,34.2656],[-117.1119,34.2656],[-117.112,34.2656],[-117.1121,34.2656],[-117.1123,34.2655],[-117.1125,34.2655],[-117.1127,34.2655],[-117.1128,34.2655],[-117.113,34.2655],[-117.1131,34.2656],[-117.1133,34.2656],[-117.1134,34.2657],[-117.1135,34.2657],[-117.1137,34.2657],[-117.1138,34.2656],[-117.1139,34.2654],[-117.114,34.2654],[-117.1142,34.2653],[-117.1143,34.2652],[-117.1144,34.2652],[-117.1145,34.2652],[-117.1147,34.2652],[-117.1148,34.2653],[-117.1149,34.2652],[-117.115,34.2652],[-117.1151,34.2652],[-117.1153,34.2651],[-117.1156,34.2651],[-117.1158,34.2651],[-117.116,34.2651],[-117.1162,34.2651],[-117.1164,34.265],[-117.1165,34.265],[-117.1167,34.2649],[-117.1168,34.2649],[-117.1169,34.2648],[-117.117,34.2648],[-117.1171,34.2649],[-117.1174,34.265],[-117.1176,34.2651],[-117.1177,34.2651],[-117.1177,34.2652],[-117.1177,34.2653],[-117.1175,34.2654],[-117.1174,34.2656],[-117.1173,34.2657],[-117.1173,34.2658],[-117.1174,34.2659],[-117.1174,34.2661],[-117.1175,34.2661],[-117.1176,34.2662],[-117.1178,34.2664],[-117.1179,34.2666],[-117.1178,34.2667],[-117.1178,34.2669],[-117.1179,34.2669],[-117.1179,34.267],[-117.118,34.267],[-117.1181,34.2669],[-117.1182,34.2669],[-117.1183,34.2669],[-117.1184,34.267],[-117.1186,34.2671],[-117.1188,34.2671],[-117.1189,34.2671],[-117.119,34.2671],[-117.1192,34.2671],[-117.1193,34.2672],[-117.1193,34.2674],[-117.1193,34.2676],[-117.1193,34.2677],[-117.1194,34.2678],[-117.1195,34.2679],[-117.1195,34.268],[-117.1195,34.2681],[-117.1195,34.2682],[-117.1195,34.2683],[-117.1195,34.2685],[-117.1195,34.2686],[-117.1196,34.2686],[-117.1197,34.2687],[-117.1198,34.2687],[-117.1199,34.2687],[-117.12,34.2687],[-117.1202,34.2687],[-117.1203,34.2687],[-117.1204,34.2687],[-117.1206,34.2688],[-117.1207,34.2688],[-117.1209,34.2688],[-117.121,34.2687],[-117.1211,34.2687],[-117.1213,34.2686],[-117.1214,34.2686],[-117.1215,34.2686],[-117.1216,34.2686],[-117.1216,34.2687],[-117.1217,34.2687],[-117.1218,34.2687],[-117.1219,34.2688],[-117.1221,34.2688],[-117.1222,34.2688],[-117.1224,34.2687],[-117.1225,34.2687],[-117.1226,34.2687],[-117.1227,34.2687],[-117.1229,34.2687],[-117.123,34.2688],[-117.1231,34.2688],[-117.1232,34.2688],[-117.1233,34.2688],[-117.1234,34.2688],[-117.1235,34.2687],[-117.1236,34.2687],[-117.1237,34.2688],[-117.1238,34.2689],[-117.1239,34.2689],[-117.124,34.269],[-117.1241,34.2691],[-117.1242,34.2691],[-117.1242,34.2692],[-117.1243,34.2692],[-117.1244,34.2693],[-117.1245,34.2693],[-117.1246,34.2693],[-117.1247,34.2693],[-117.1248,34.2693],[-117.1249,34.2693],[-117.125,34.2694],[-117.1251,34.2694],[-117.1251,34.2695],[-117.1252,34.2695],[-117.1253,34.2695],[-117.1254,34.2695],[-117.1254,34.2696],[-117.1254,34.2697],[-117.1254,34.2698],[-117.1253,34.2698],[-117.1253,34.2699],[-117.1254,34.2699],[-117.1256,34.27],[-117.1257,34.27],[-117.1257,34.2701],[-117.1256,34.2701],[-117.1255,34.2701],[-117.1254,34.2701],[-117.1253,34.2701],[-117.1252,34.2701],[-117.1251,34.2701],[-117.125,34.2701],[-117.1249,34.27],[-117.1248,34.2699],[-117.1247,34.2698],[-117.1246,34.2697],[-117.1245,34.2697],[-117.1244,34.2698],[-117.1243,34.2698],[-117.1242,34.2698],[-117.1241,34.2697],[-117.124,34.2697],[-117.1239,34.2698],[-117.1239,34.2699],[-117.124,34.2699],[-117.124,34.27],[-117.1241,34.27],[-117.1242,34.2701],[-117.1243,34.2701],[-117.1243,34.2702],[-117.1243,34.2703],[-117.1244,34.2705],[-117.1244,34.2706],[-117.1245,34.2708],[-117.1245,34.2709],[-117.1245,34.271],[-117.1245,34.2711],[-117.1245,34.2712],[-117.1246,34.2712],[-117.1246,34.2713],[-117.1246,34.2714],[-117.1245,34.2715],[-117.1244,34.2716],[-117.1244,34.2717],[-117.1244,34.2718],[-117.1245,34.2718],[-117.1246,34.2717],[-117.1247,34.2717],[-117.1248,34.2716],[-117.1249,34.2716],[-117.125,34.2716],[-117.125,34.2715],[-117.1251,34.2714],[-117.1252,34.2713],[-117.1253,34.2711],[-117.1254,34.2711],[-117.1255,34.2711],[-117.1256,34.2711],[-117.1257,34.2711],[-117.1258,34.2711],[-117.1259,34.2712],[-117.1261,34.2712],[-117.1262,34.2712],[-117.1263,34.2712],[-117.1264,34.2712],[-117.1265,34.2712],[-117.1266,34.2712],[-117.1267,34.2713],[-117.1268,34.2714],[-117.127,34.2715],[-117.1271,34.2715],[-117.1273,34.2715],[-117.1274,34.2714],[-117.1275,34.2714],[-117.1276,34.2713],[-117.1277,34.2713],[-117.1278,34.2713],[-117.1279,34.2713],[-117.128,34.2712],[-117.1281,34.271],[-117.1282,34.2709],[-117.1283,34.2708],[-117.1284,34.2708],[-117.1287,34.2708],[-117.1288,34.2707],[-117.1289,34.2707],[-117.129,34.2706],[-117.1291,34.2705],[-117.1293,34.2704],[-117.1293,34.2703],[-117.1294,34.2702],[-117.1293,34.2701],[-117.1293,34.27],[-117.1292,34.27],[-117.1291,34.2699],[-117.129,34.2699],[-117.1289,34.2698],[-117.1287,34.2697],[-117.1286,34.2697],[-117.1285,34.2697],[-117.1284,34.2696],[-117.1283,34.2696],[-117.1282,34.2696],[-117.1281,34.2695],[-117.1281,34.2694],[-117.1281,34.2693],[-117.1282,34.2692],[-117.1283,34.2691],[-117.1283,34.269],[-117.1283,34.2689],[-117.1284,34.2688],[-117.1285,34.2687],[-117.1285,34.2686],[-117.1286,34.2685],[-117.1287,34.2685],[-117.1287,34.2684],[-117.1288,34.2683],[-117.1289,34.2682],[-117.1291,34.2683],[-117.1292,34.2683],[-117.1293,34.2683],[-117.1294,34.2684],[-117.1295,34.2685],[-117.1295,34.2686],[-117.1294,34.2687],[-117.1294,34.2688],[-117.1294,34.2689],[-117.1295,34.269],[-117.1295,34.2691],[-117.1296,34.2691],[-117.1297,34.2692],[-117.1299,34.2693],[-117.13,34.2693],[-117.1301,34.2694],[-117.1302,34.2694],[-117.1302,34.2695],[-117.1303,34.2695],[-117.1304,34.2695],[-117.1305,34.2695],[-117.1306,34.2695],[-117.1307,34.2696],[-117.1308,34.2697],[-117.1309,34.2697],[-117.131,34.2698],[-117.1311,34.2698],[-117.1312,34.2698],[-117.1313,34.2698],[-117.1313,34.2699],[-117.1314,34.2699],[-117.1314,34.27],[-117.1315,34.27],[-117.1316,34.2701],[-117.1317,34.2701],[-117.1318,34.2702],[-117.1318,34.2703],[-117.1318,34.2704],[-117.1319,34.2705],[-117.1319,34.2706],[-117.1319,34.2707],[-117.132,34.2708],[-117.132,34.2709],[-117.132,34.271],[-117.132,34.2711],[-117.1321,34.2712],[-117.1322,34.2713],[-117.1324,34.2713],[-117.1325,34.2714],[-117.1326,34.2714],[-117.1327,34.2713],[-117.1328,34.2713],[-117.1328,34.2712],[-117.1329,34.2711],[-117.133,34.2711],[-117.1331,34.271],[-117.1332,34.2709],[-117.1334,34.2708],[-117.1335,34.2707],[-117.1336,34.2706],[-117.1337,34.2706],[-117.1339,34.2705],[-117.134,34.2704],[-117.1341,34.2704],[-117.1342,34.2704],[-117.1343,34.2704],[-117.1345,34.2704],[-117.1346,34.2704],[-117.1346,34.2705],[-117.1348,34.2706],[-117.1349,34.2707],[-117.135,34.2707],[-117.1351,34.2707],[-117.1353,34.2707],[-117.1354,34.2707],[-117.1356,34.2707],[-117.1357,34.2707],[-117.1358,34.2707],[-117.136,34.2706],[-117.1361,34.2705],[-117.1363,34.2704],[-117.1364,34.2704],[-117.1366,34.2703],[-117.1367,34.2703],[-117.1369,34.2702],[-117.137,34.2702],[-117.1371,34.2701],[-117.1373,34.27],[-117.1374,34.2699],[-117.1376,34.2699],[-117.1377,34.2698],[-117.1378,34.2697],[-117.1379,34.2698],[-117.1377,34.2699],[-117.1374,34.2702],[-117.1373,34.2704],[-117.1372,34.2705],[-117.1372,34.2706],[-117.1372,34.2708],[-117.1371,34.2709],[-117.137,34.271],[-117.1369,34.271]]}},{"type":"Feature","properties":{"id":"3N14","name":"COXEY","kind":"road","access":"plate","seasonal":false},"geometry":{"type":"LineString","coordinates":[[-117.0147,34.321],[-117.0148,34.3211],[-117.0149,34.3212],[-117.015,34.3213],[-117.0151,34.3214],[-117.0152,34.3215],[-117.0153,34.3215],[-117.0154,34.3215],[-117.0154,34.3214],[-117.0155,34.3214],[-117.0156,34.3215],[-117.0157,34.3215],[-117.0159,34.3215],[-117.016,34.3216],[-117.0162,34.3217],[-117.0163,34.3217],[-117.0163,34.3218],[-117.0164,34.3218],[-117.0165,34.3218],[-117.0166,34.3218],[-117.0167,34.3219],[-117.0167,34.3218],[-117.0168,34.3218],[-117.0169,34.3218],[-117.0169,34.3217],[-117.017,34.3217],[-117.0171,34.3217],[-117.0171,34.3216],[-117.0172,34.3216],[-117.0173,34.3215],[-117.0174,34.3215],[-117.0175,34.3214],[-117.0176,34.3214],[-117.0177,34.3213],[-117.0178,34.3212],[-117.0179,34.3211],[-117.0179,34.321],[-117.018,34.3209],[-117.0181,34.3208],[-117.0182,34.3208],[-117.0183,34.3207],[-117.0184,34.3206],[-117.0184,34.3205],[-117.0185,34.3205],[-117.0185,34.3204],[-117.0185,34.3203],[-117.0185,34.3202],[-117.0185,34.32],[-117.0185,34.3199],[-117.0185,34.3198],[-117.0186,34.3197],[-117.0187,34.3196],[-117.0188,34.3196],[-117.0189,34.3195],[-117.019,34.3194],[-117.0191,34.3193],[-117.0192,34.3193],[-117.0193,34.3192],[-117.0194,34.3191],[-117.0195,34.319],[-117.0197,34.3188],[-117.0198,34.3187],[-117.0199,34.3186],[-117.02,34.3185],[-117.0202,34.3183],[-117.0203,34.3182],[-117.0204,34.3182],[-117.0205,34.3181],[-117.0207,34.318],[-117.0208,34.3179],[-117.021,34.3178],[-117.0211,34.3178],[-117.0213,34.3177],[-117.0215,34.3176],[-117.0216,34.3176],[-117.0217,34.3176],[-117.0218,34.3176],[-117.0219,34.3176],[-117.0221,34.3177],[-117.0223,34.3178],[-117.0225,34.3178],[-117.0227,34.3179],[-117.0229,34.3179],[-117.0231,34.3179],[-117.0232,34.3179],[-117.0234,34.318],[-117.0236,34.3181],[-117.0238,34.3182],[-117.024,34.3182],[-117.0241,34.3183],[-117.0242,34.3183],[-117.0243,34.3184],[-117.0245,34.3184],[-117.0246,34.3185],[-117.0247,34.3185],[-117.0249,34.3185],[-117.025,34.3185],[-117.0251,34.3184],[-117.0253,34.3184],[-117.0254,34.3183],[-117.0256,34.3183],[-117.0259,34.3182],[-117.0262,34.3182],[-117.0265,34.3182],[-117.0266,34.3181],[-117.0268,34.3181],[-117.0269,34.3182],[-117.0271,34.3182],[-117.0273,34.3183],[-117.0275,34.3183],[-117.0278,34.3184],[-117.028,34.3184],[-117.0281,34.3184],[-117.0284,34.3184],[-117.0286,34.3184],[-117.0287,34.3183],[-117.0289,34.3183],[-117.0291,34.3182],[-117.0295,34.3181],[-117.0296,34.3181],[-117.0298,34.3181],[-117.0299,34.3181],[-117.0301,34.3181],[-117.0302,34.3181],[-117.0304,34.3181],[-117.0306,34.3182],[-117.0307,34.3182],[-117.0308,34.3182],[-117.0309,34.3182],[-117.031,34.3182],[-117.0311,34.3182],[-117.0312,34.3181],[-117.0313,34.3181],[-117.0313,34.318],[-117.0314,34.3179],[-117.0315,34.3179],[-117.0315,34.3178],[-117.0316,34.3178],[-117.0317,34.3178],[-117.0319,34.3178],[-117.032,34.3178],[-117.0321,34.3178],[-117.0322,34.3178],[-117.0324,34.3178],[-117.0325,34.3178],[-117.0326,34.3178],[-117.0327,34.3177],[-117.0328,34.3177],[-117.0329,34.3176],[-117.033,34.3176],[-117.0331,34.3175],[-117.0331,34.3174],[-117.0332,34.3174],[-117.0333,34.3173],[-117.0334,34.3172],[-117.0334,34.3171],[-117.0335,34.317],[-117.0336,34.3169],[-117.0337,34.3169],[-117.0338,34.3169],[-117.0339,34.3168],[-117.034,34.3168],[-117.0341,34.3167],[-117.0342,34.3167],[-117.0344,34.3166],[-117.0345,34.3165],[-117.0346,34.3164],[-117.0347,34.3164],[-117.0348,34.3163],[-117.035,34.3163],[-117.0351,34.3162],[-117.0352,34.3161],[-117.0353,34.3161],[-117.0354,34.316],[-117.0355,34.316],[-117.0357,34.3159],[-117.0358,34.3158],[-117.0359,34.3158],[-117.0361,34.3157],[-117.0363,34.3157],[-117.0365,34.3157],[-117.0367,34.3157],[-117.0368,34.3157],[-117.037,34.3158],[-117.0371,34.3158],[-117.0372,34.3159],[-117.0373,34.316],[-117.0374,34.316],[-117.0375,34.3159],[-117.0376,34.3158],[-117.0377,34.3157],[-117.0379,34.3156],[-117.038,34.3155],[-117.0382,34.3155],[-117.0383,34.3155],[-117.0386,34.3155],[-117.0388,34.3155],[-117.0389,34.3156],[-117.0391,34.3156],[-117.0393,34.3156],[-117.0394,34.3157],[-117.0395,34.3158],[-117.0396,34.3159],[-117.0398,34.316],[-117.0399,34.3161],[-117.04,34.3161],[-117.04,34.3162],[-117.0401,34.3162],[-117.0402,34.3162],[-117.0403,34.3162],[-117.0404,34.3162],[-117.0405,34.3161],[-117.0406,34.3161],[-117.0407,34.316],[-117.0409,34.3159],[-117.041,34.3159],[-117.0412,34.3158],[-117.0413,34.3158],[-117.0414,34.3158],[-117.0415,34.3158],[-117.0417,34.3158],[-117.0421,34.3157],[-117.0426,34.3155],[-117.0429,34.3154],[-117.0431,34.3154],[-117.0432,34.3154],[-117.0437,34.3152],[-117.044,34.3152],[-117.0443,34.3152],[-117.0446,34.3151],[-117.0448,34.3151],[-117.0451,34.3151],[-117.0456,34.3151],[-117.0459,34.3152],[-117.046,34.3152],[-117.0461,34.3152],[-117.0462,34.3152],[-117.0463,34.3152],[-117.0465,34.3153],[-117.0467,34.3154],[-117.0469,34.3154],[-117.047,34.3155],[-117.0472,34.3156],[-117.0473,34.3157],[-117.0475,34.3158],[-117.0476,34.3158],[-117.0478,34.3158],[-117.048,34.3158],[-117.0483,34.3159],[-117.0484,34.3159],[-117.0485,34.3159],[-117.0486,34.316],[-117.0487,34.316],[-117.0488,34.3161],[-117.0489,34.3162],[-117.0489,34.3164],[-117.0489,34.3165],[-117.0489,34.3167],[-117.049,34.3168],[-117.0491,34.3169],[-117.0492,34.317],[-117.0493,34.317],[-117.0494,34.317],[-117.0495,34.317],[-117.0497,34.317],[-117.0499,34.317],[-117.05,34.317],[-117.0502,34.3169],[-117.0503,34.3169],[-117.0504,34.3169],[-117.0505,34.3169],[-117.0505,34.317],[-117.0507,34.3172],[-117.0508,34.3173],[-117.0509,34.3174],[-117.051,34.3175],[-117.0511,34.3175],[-117.0512,34.3175],[-117.0514,34.3176],[-117.0516,34.3176],[-117.0518,34.3176],[-117.052,34.3177],[-117.0521,34.3177],[-117.0522,34.3177],[-117.0523,34.3177],[-117.0524,34.3177],[-117.0524,34.3176],[-117.0525,34.3176],[-117.0525,34.3175],[-117.0526,34.3174],[-117.0527,34.3173],[-117.0528,34.3172],[-117.0529,34.3172],[-117.053,34.3171],[-117.0531,34.3171],[-117.0532,34.3171],[-117.0533,34.317],[-117.0535,34.317],[-117.0536,34.317],[-117.0539,34.317],[-117.0541,34.317],[-117.0542,34.317],[-117.0543,34.317],[-117.0544,34.3171],[-117.0545,34.3171],[-117.0545,34.3172],[-117.0546,34.3173],[-117.0546,34.3174],[-117.0546,34.3175],[-117.0545,34.3176],[-117.0545,34.3178],[-117.0543,34.318],[-117.0542,34.3181],[-117.0542,34.3182],[-117.0542,34.3183],[-117.0542,34.3184],[-117.0542,34.3186],[-117.0542,34.3187],[-117.0542,34.3188],[-117.0541,34.319],[-117.054,34.3192],[-117.054,34.3193],[-117.0539,34.3195],[-117.0538,34.3196],[-117.0538,34.3197],[-117.0538,34.3198],[-117.0538,34.32],[-117.0539,34.3202],[-117.0539,34.3203],[-117.054,34.3206],[-117.054,34.3208],[-117.0542,34.3211],[-117.0542,34.3212],[-117.0543,34.3213],[-117.0544,34.3214],[-117.0546,34.3215],[-117.0549,34.3216],[-117.0551,34.3217],[-117.0555,34.3219],[-117.0558,34.322],[-117.0561,34.3222],[-117.0562,34.3222],[-117.0563,34.3223],[-117.0564,34.3224],[-117.0565,34.3225],[-117.0565,34.3226],[-117.0566,34.3228],[-117.0566,34.3229],[-117.0567,34.323],[-117.0568,34.3231],[-117.0569,34.3231],[-117.0571,34.3232],[-117.0573,34.3233],[-117.0575,34.3234],[-117.0576,34.3235],[-117.0578,34.3236],[-117.0579,34.3236],[-117.058,34.3236],[-117.0581,34.3236],[-117.0582,34.3237],[-117.0584,34.3237],[-117.0585,34.3238],[-117.0586,34.3239],[-117.0587,34.3241],[-117.0588,34.3242],[-117.0588,34.3243],[-117.0589,34.3244],[-117.0589,34.3245],[-117.059,34.3246],[-117.0591,34.3247],[-117.0591,34.3248],[-117.0592,34.3249],[-117.0592,34.325],[-117.0592,34.3251],[-117.0593,34.3252],[-117.0593,34.3254],[-117.0594,34.3254],[-117.0594,34.3255],[-117.0594,34.3256],[-117.0594,34.3257],[-117.0594,34.3258],[-117.0595,34.3259],[-117.0595,34.3261],[-117.0595,34.3262],[-117.0595,34.3263],[-117.0596,34.3264],[-117.0596,34.3265],[-117.0596,34.3266],[-117.0596,34.3267],[-117.0596,34.3268],[-117.0595,34.3269],[-117.0595,34.327],[-117.0594,34.3271],[-117.0594,34.3272],[-117.0594,34.3273],[-117.0594,34.3274],[-117.0595,34.3275],[-117.0595,34.3276],[-117.0595,34.3277],[-117.0596,34.3278],[-117.0597,34.3279],[-117.0598,34.3279],[-117.0599,34.328],[-117.06,34.3281],[-117.06,34.3282],[-117.0601,34.3282],[-117.0602,34.3283],[-117.0603,34.3283],[-117.0604,34.3283],[-117.0605,34.3284],[-117.0606,34.3284],[-117.0607,34.3285],[-117.0608,34.3285],[-117.0608,34.3286],[-117.0609,34.3287],[-117.0609,34.3288],[-117.0609,34.3289],[-117.061,34.329],[-117.061,34.3291],[-117.0611,34.3291],[-117.0611,34.3292],[-117.0612,34.3292],[-117.0612,34.3293],[-117.0613,34.3295],[-117.0613,34.3296],[-117.0614,34.3296],[-117.0614,34.3298],[-117.0614,34.3299],[-117.0613,34.33],[-117.0613,34.3302],[-117.0613,34.3304],[-117.0613,34.3305],[-117.0613,34.3306],[-117.0614,34.3307],[-117.0615,34.3308],[-117.0616,34.3309],[-117.0617,34.331],[-117.0618,34.3312],[-117.0619,34.3312],[-117.0619,34.3313],[-117.062,34.3313],[-117.062,34.3314],[-117.0622,34.3314],[-117.0623,34.3315],[-117.0624,34.3315],[-117.0625,34.3315],[-117.0626,34.3315],[-117.0627,34.3315],[-117.0628,34.3315],[-117.0629,34.3316],[-117.063,34.3317],[-117.0631,34.3318],[-117.0632,34.3318],[-117.0633,34.3318],[-117.0634,34.3318],[-117.0636,34.3319],[-117.0637,34.3319],[-117.0638,34.3319],[-117.0639,34.332],[-117.064,34.332],[-117.0641,34.3321],[-117.0642,34.3321],[-117.0643,34.3321],[-117.0644,34.3321],[-117.0645,34.3321],[-117.0646,34.3321],[-117.0647,34.3321],[-117.0648,34.332],[-117.0649,34.332],[-117.065,34.332],[-117.0652,34.3319],[-117.0653,34.3319],[-117.0655,34.3318],[-117.0658,34.3318],[-117.0661,34.3317],[-117.0663,34.3317],[-117.0664,34.3317],[-117.0665,34.3318],[-117.0666,34.3318],[-117.0667,34.3319],[-117.0668,34.332],[-117.0669,34.3321],[-117.067,34.3323],[-117.0671,34.3324],[-117.0671,34.3326],[-117.0672,34.3327],[-117.0672,34.3328],[-117.0673,34.3329],[-117.0673,34.333],[-117.0673,34.3332],[-117.0673,34.3333],[-117.0673,34.3334],[-117.0673,34.3336],[-117.0672,34.3338],[-117.0672,34.334],[-117.0672,34.3341],[-117.0672,34.3342],[-117.0673,34.3343],[-117.0674,34.3344],[-117.0675,34.3344],[-117.0676,34.3344],[-117.0678,34.3344],[-117.068,34.3344],[-117.0682,34.3343],[-117.0683,34.3343],[-117.0684,34.3343],[-117.0685,34.3343],[-117.0686,34.3343],[-117.0686,34.3344],[-117.0687,34.3345],[-117.0689,34.3346],[-117.069,34.3347],[-117.0691,34.3347],[-117.0691,34.3348],[-117.0691,34.3349],[-117.069,34.3351],[-117.069,34.3352],[-117.0689,34.3353],[-117.0689,34.3354],[-117.0688,34.3355],[-117.0687,34.3356],[-117.0686,34.3357],[-117.0686,34.3358],[-117.0687,34.3359],[-117.0687,34.336],[-117.0687,34.3361],[-117.0687,34.3362],[-117.0686,34.3362],[-117.0685,34.3363],[-117.0684,34.3364],[-117.0683,34.3364],[-117.0682,34.3365],[-117.0681,34.3365],[-117.068,34.3366],[-117.0678,34.3366],[-117.0677,34.3367],[-117.0676,34.3367],[-117.0675,34.3368],[-117.0674,34.3368],[-117.0672,34.3369],[-117.0671,34.3369],[-117.067,34.337],[-117.0668,34.3371],[-117.0666,34.3372],[-117.0665,34.3373],[-117.0663,34.3374],[-117.066,34.3376],[-117.0659,34.3377],[-117.0657,34.3378],[-117.0656,34.3378],[-117.0656,34.3379],[-117.0654,34.338],[-117.0654,34.3381],[-117.0653,34.3381],[-117.0652,34.3382],[-117.0651,34.3382],[-117.065,34.3383],[-117.0649,34.3383],[-117.0648,34.3383],[-117.0647,34.3383],[-117.0646,34.3384],[-117.0645,34.3385],[-117.0644,34.3385],[-117.0643,34.3386],[-117.0643,34.3387],[-117.0642,34.3387],[-117.0642,34.3388],[-117.0642,34.3389],[-117.0642,34.3391],[-117.0642,34.3392],[-117.0641,34.3393],[-117.064,34.3394],[-117.064,34.3395],[-117.0639,34.3395],[-117.0639,34.3396],[-117.0638,34.3396],[-117.0637,34.3397],[-117.0637,34.3398],[-117.0636,34.3399],[-117.0636,34.34],[-117.0635,34.3401],[-117.0635,34.3402],[-117.0635,34.3403],[-117.0635,34.3404],[-117.0635,34.3405],[-117.0636,34.3405],[-117.0637,34.3406],[-117.0638,34.3407],[-117.0639,34.3407],[-117.0639,34.3408],[-117.0639,34.3409],[-117.064,34.341],[-117.064,34.3412],[-117.0641,34.3412],[-117.0641,34.3413],[-117.0641,34.3414],[-117.0642,34.3415],[-117.0643,34.3416],[-117.0644,34.3417],[-117.0644,34.3418],[-117.0644,34.3419],[-117.0644,34.342],[-117.0643,34.3421],[-117.0642,34.3422],[-117.0642,34.3423],[-117.0642,34.3424],[-117.0643,34.3426],[-117.0643,34.3428],[-117.0643,34.3429],[-117.0643,34.343],[-117.0642,34.3431],[-117.0641,34.3432]]}},{"type":"Feature","properties":{"id":"1N63A","name":"DEERLICK STATION SPUR","kind":"road","access":"plate","seasonal":false},"geometry":{"type":"LineString","coordinates":[[-117.0884,34.203],[-117.0885,34.2028],[-117.0885,34.2027],[-117.0885,34.2026],[-117.0885,34.2025],[-117.0886,34.2024],[-117.0887,34.2024],[-117.0888,34.2023],[-117.0889,34.2024],[-117.089,34.2024],[-117.0891,34.2024],[-117.0891,34.2023],[-117.0892,34.2023],[-117.0892,34.2022],[-117.0893,34.2022],[-117.0894,34.2021],[-117.0895,34.2021],[-117.0896,34.2021],[-117.0896,34.202],[-117.0895,34.2019],[-117.0893,34.2015]]}},{"type":"Feature","properties":{"id":"3N34A","name":"CRAB FLATS CAMPGROUND","kind":"road","access":"plate","seasonal":false},"geometry":{"type":"LineString","coordinates":[[-117.0867,34.2631],[-117.0867,34.2632],[-117.0867,34.2633],[-117.0866,34.2634],[-117.0866,34.2635],[-117.0865,34.2635],[-117.0864,34.2636],[-117.0863,34.2636],[-117.0863,34.2635],[-117.0862,34.2635],[-117.086,34.2634],[-117.0858,34.2634],[-117.0857,34.2633],[-117.0856,34.2633],[-117.0854,34.2633],[-117.0853,34.2633],[-117.0852,34.2634],[-117.0851,34.2634],[-117.085,34.2634],[-117.0849,34.2633],[-117.0848,34.2632],[-117.0847,34.2631],[-117.0846,34.2631],[-117.0845,34.263],[-117.0845,34.2629],[-117.0844,34.2628],[-117.0843,34.2627],[-117.0842,34.2625],[-117.0842,34.2623],[-117.0842,34.2622],[-117.0843,34.2621],[-117.0845,34.262],[-117.0846,34.2621],[-117.0847,34.2621],[-117.0849,34.2622],[-117.0851,34.2622],[-117.0851,34.2623],[-117.0853,34.2625],[-117.0855,34.2628],[-117.0856,34.2629],[-117.0857,34.263],[-117.0857,34.2631],[-117.0857,34.2632],[-117.0856,34.2633]]}},{"type":"Feature","properties":{"id":"2N72","name":"STRAWBERRY PEAK","kind":"road","access":"plate","seasonal":false},"geometry":{"type":"LineString","coordinates":[[-117.2323,34.2354],[-117.2324,34.2353],[-117.2325,34.2353],[-117.2326,34.2352],[-117.2327,34.2351],[-117.2327,34.235],[-117.2327,34.2349],[-117.2326,34.2348],[-117.2326,34.2347],[-117.2325,34.2346],[-117.2324,34.2345],[-117.2325,34.2344],[-117.2325,34.2342],[-117.2325,34.2341],[-117.2326,34.234],[-117.2326,34.2339],[-117.2327,34.2338],[-117.2328,34.2336],[-117.2329,34.2335],[-117.2329,34.2333],[-117.2329,34.2332],[-117.2329,34.2331],[-117.233,34.2329],[-117.2331,34.2327],[-117.2331,34.2326],[-117.2331,34.2324],[-117.2331,34.2323],[-117.2331,34.2322],[-117.233,34.232],[-117.2329,34.2319],[-117.2328,34.2318],[-117.2327,34.2317],[-117.2327,34.2316],[-117.2327,34.2315],[-117.2328,34.2314],[-117.2329,34.2314],[-117.233,34.2314],[-117.233,34.2315],[-117.233,34.2316],[-117.233,34.2317],[-117.233,34.2319],[-117.2331,34.232],[-117.2332,34.2321],[-117.2333,34.2322],[-117.2334,34.2324],[-117.2336,34.2325],[-117.2338,34.2326],[-117.234,34.2327],[-117.2342,34.2328],[-117.2344,34.2329],[-117.2345,34.2329],[-117.2347,34.2329],[-117.2348,34.2329],[-117.235,34.2329],[-117.2351,34.2329],[-117.2353,34.2328],[-117.2354,34.2327],[-117.2354,34.2326],[-117.2355,34.2325],[-117.2355,34.2324],[-117.2355,34.2323],[-117.2354,34.2323],[-117.2353,34.2322],[-117.2351,34.2322],[-117.2349,34.2322],[-117.2347,34.2322],[-117.2346,34.2321],[-117.2345,34.2321]]}},{"type":"Feature","properties":{"id":"3N34D","name":"DEVILS HOLE","kind":"road","access":"green","seasonal":false},"geometry":{"type":"LineString","coordinates":[[-117.1454,34.2931],[-117.1453,34.2931],[-117.1453,34.2932],[-117.1453,34.2933],[-117.1452,34.2934],[-117.1452,34.2935],[-117.1451,34.2935],[-117.1451,34.2936],[-117.145,34.2936],[-117.1449,34.2937],[-117.1448,34.2937],[-117.1447,34.2938],[-117.1445,34.2939],[-117.1445,34.294],[-117.1444,34.294],[-117.1443,34.294],[-117.1442,34.294],[-117.1441,34.2941],[-117.1438,34.2941],[-117.1437,34.2941],[-117.1435,34.2941],[-117.1433,34.2941],[-117.1432,34.2941],[-117.1431,34.2942],[-117.143,34.2942],[-117.1429,34.2942],[-117.1428,34.2943],[-117.1428,34.2944],[-117.1427,34.2944],[-117.1426,34.2944],[-117.1425,34.2943],[-117.1424,34.2943],[-117.1423,34.2943],[-117.1422,34.2943],[-117.1421,34.2942],[-117.142,34.2942],[-117.1419,34.2942],[-117.1419,34.2943],[-117.1419,34.2944],[-117.1419,34.2945],[-117.1419,34.2946],[-117.1419,34.2947],[-117.1418,34.2947],[-117.1417,34.2948],[-117.1416,34.2948],[-117.1415,34.2949],[-117.1414,34.2949],[-117.1413,34.2949],[-117.1412,34.295],[-117.141,34.2951],[-117.1409,34.2951],[-117.1408,34.2951],[-117.1407,34.2952],[-117.1406,34.2951],[-117.1406,34.2952],[-117.1405,34.2952],[-117.1404,34.2952],[-117.1403,34.2953],[-117.1402,34.2953],[-117.1401,34.2954],[-117.14,34.2954],[-117.1399,34.2953],[-117.1398,34.2953],[-117.1398,34.2954],[-117.1397,34.2954],[-117.1397,34.2955],[-117.1397,34.2956],[-117.1396,34.2957],[-117.1395,34.2958],[-117.1394,34.2958],[-117.1393,34.2958],[-117.1393,34.2959],[-117.1392,34.2959],[-117.1391,34.296],[-117.139,34.2961],[-117.1388,34.2962],[-117.1388,34.2963],[-117.1387,34.2964],[-117.1386,34.2965],[-117.1385,34.2965],[-117.1384,34.2965],[-117.1383,34.2965],[-117.1382,34.2964],[-117.1381,34.2964],[-117.1381,34.2965],[-117.1381,34.2966],[-117.138,34.2967],[-117.1379,34.2968],[-117.1378,34.2968],[-117.1377,34.2968],[-117.1376,34.2969],[-117.1375,34.2969],[-117.1375,34.2968],[-117.1374,34.2968],[-117.1373,34.2969],[-117.1373,34.297],[-117.1372,34.2971],[-117.1371,34.2971],[-117.1371,34.2972],[-117.137,34.2972],[-117.137,34.2971],[-117.1369,34.2971],[-117.1369,34.297],[-117.1369,34.2969],[-117.1368,34.2969],[-117.1367,34.2969],[-117.1366,34.2968],[-117.1365,34.2968],[-117.1364,34.2967],[-117.1364,34.2966],[-117.1364,34.2964],[-117.1363,34.2964],[-117.1362,34.2964],[-117.1361,34.2964],[-117.136,34.2965],[-117.1359,34.2964],[-117.1358,34.2964],[-117.1357,34.2964],[-117.1356,34.2963],[-117.1355,34.2963],[-117.1354,34.2962],[-117.1353,34.2961],[-117.1353,34.296],[-117.1352,34.2959],[-117.1352,34.2958],[-117.1351,34.2957],[-117.135,34.2956],[-117.135,34.2955],[-117.1349,34.2954],[-117.1348,34.2953],[-117.1347,34.2953],[-117.1346,34.2954],[-117.1345,34.2954],[-117.1344,34.2955],[-117.1343,34.2955],[-117.1342,34.2955],[-117.1341,34.2955],[-117.134,34.2956],[-117.1339,34.2957],[-117.1338,34.2958],[-117.1337,34.2959],[-117.1336,34.2959],[-117.1335,34.296],[-117.1334,34.2959],[-117.1333,34.2958],[-117.1332,34.2958],[-117.1331,34.2958],[-117.1331,34.2959],[-117.133,34.2959],[-117.133,34.296],[-117.1329,34.2961],[-117.1328,34.2962],[-117.1327,34.2963],[-117.1327,34.2964],[-117.1327,34.2966],[-117.1326,34.2967],[-117.1325,34.2967],[-117.1324,34.2967],[-117.1323,34.2967],[-117.1321,34.2966],[-117.132,34.2965],[-117.1319,34.2965],[-117.1318,34.2964],[-117.1317,34.2965],[-117.1317,34.2966],[-117.1317,34.2968],[-117.1317,34.2969],[-117.1316,34.2969],[-117.1316,34.297],[-117.1315,34.2971],[-117.1314,34.2972],[-117.1313,34.2972],[-117.1312,34.2972],[-117.1311,34.2972],[-117.1311,34.2973],[-117.1311,34.2974],[-117.131,34.2974],[-117.131,34.2975],[-117.1309,34.2975],[-117.1308,34.2975],[-117.1307,34.2975],[-117.1306,34.2975],[-117.1305,34.2975],[-117.1304,34.2975],[-117.1303,34.2975],[-117.1302,34.2976],[-117.1301,34.2977],[-117.1301,34.2978],[-117.13,34.2978],[-117.1299,34.2978],[-117.1298,34.2978],[-117.1297,34.2979],[-117.1296,34.298],[-117.1295,34.298],[-117.1294,34.298],[-117.1293,34.298],[-117.1292,34.298],[-117.1291,34.298],[-117.129,34.298],[-117.1289,34.2978],[-117.1288,34.2978],[-117.1287,34.2977],[-117.1286,34.2977],[-117.1285,34.2977],[-117.1284,34.2977],[-117.1283,34.2977],[-117.1282,34.2976],[-117.1281,34.2976],[-117.128,34.2976],[-117.1279,34.2976],[-117.1277,34.2976],[-117.1275,34.2976],[-117.1274,34.2976],[-117.1273,34.2976],[-117.1272,34.2977],[-117.1271,34.2977],[-117.127,34.2977],[-117.1269,34.2978],[-117.1268,34.2979],[-117.1267,34.2979],[-117.1266,34.298],[-117.1265,34.2981],[-117.1264,34.2981],[-117.1264,34.2982],[-117.1265,34.2983],[-117.1266,34.2984],[-117.1266,34.2985],[-117.1267,34.2985],[-117.1268,34.2986],[-117.1269,34.2986],[-117.127,34.2986],[-117.1271,34.2987],[-117.1272,34.2987],[-117.1273,34.2988],[-117.1274,34.2989],[-117.1274,34.299],[-117.1273,34.299],[-117.1272,34.2991],[-117.1271,34.2992],[-117.127,34.2992],[-117.127,34.2993],[-117.1271,34.2994],[-117.1272,34.2995],[-117.1273,34.2995],[-117.1274,34.2996],[-117.1273,34.2997],[-117.1273,34.2996],[-117.1272,34.2996],[-117.1271,34.2997],[-117.127,34.2997],[-117.127,34.2998],[-117.1269,34.2998],[-117.1268,34.2999],[-117.1268,34.3],[-117.1267,34.3],[-117.1266,34.3001],[-117.1265,34.3002],[-117.1266,34.3002],[-117.1267,34.3002],[-117.1268,34.3002],[-117.1269,34.3002],[-117.127,34.3001],[-117.1271,34.3001],[-117.1272,34.3002],[-117.1273,34.3002],[-117.1274,34.3002],[-117.1275,34.3003],[-117.1276,34.3003],[-117.1277,34.3003],[-117.1277,34.3004],[-117.1278,34.3004],[-117.1279,34.3005],[-117.128,34.3006],[-117.1281,34.3006]]}},{"type":"Feature","properties":{"id":"3N99","name":"3N99","kind":"road","access":"plate","seasonal":false},"geometry":{"type":"LineString","coordinates":[[-117.0946,34.3518],[-117.0946,34.3517],[-117.0947,34.3517],[-117.0948,34.3516],[-117.0948,34.3515],[-117.0949,34.3515],[-117.095,34.3514],[-117.0951,34.3513],[-117.0951,34.3512],[-117.0952,34.3512],[-117.0953,34.3512],[-117.0953,34.3511],[-117.0954,34.3511],[-117.0955,34.351],[-117.0955,34.3509],[-117.0955,34.3508],[-117.0955,34.3507],[-117.0956,34.3507],[-117.0957,34.3507],[-117.0958,34.3506],[-117.0959,34.3506],[-117.096,34.3506],[-117.0961,34.3506],[-117.0962,34.3505],[-117.0963,34.3505],[-117.0964,34.3505],[-117.0964,34.3504],[-117.0965,34.3504],[-117.0966,34.3504],[-117.0966,34.3503],[-117.0967,34.3503],[-117.0967,34.3502],[-117.0968,34.3502],[-117.0968,34.3501],[-117.0969,34.35],[-117.097,34.35],[-117.0971,34.3499],[-117.0972,34.3499],[-117.0973,34.3498],[-117.0974,34.3497],[-117.0975,34.3497],[-117.0976,34.3497],[-117.0977,34.3497],[-117.0978,34.3497],[-117.0979,34.3496],[-117.098,34.3496],[-117.098,34.3495],[-117.098,34.3494],[-117.0981,34.3493],[-117.0981,34.3492],[-117.0982,34.3491],[-117.0983,34.349],[-117.0983,34.3489],[-117.0984,34.3489],[-117.0985,34.349],[-117.0986,34.349],[-117.0987,34.349],[-117.0988,34.349],[-117.0988,34.3489],[-117.0989,34.3489],[-117.0989,34.3488],[-117.0989,34.3487],[-117.099,34.3487]]}},{"type":"Feature","properties":{"id":"2N27Y","name":"SKYLINE (OHV)","kind":"road","access":"green","seasonal":false},"geometry":{"type":"LineString","coordinates":[[-117.1529,34.2764],[-117.1529,34.2762],[-117.1528,34.2761],[-117.1528,34.276],[-117.1526,34.2759],[-117.1524,34.2759],[-117.1523,34.2759],[-117.1522,34.2758],[-117.1521,34.2758],[-117.152,34.2757],[-117.1519,34.2757],[-117.1518,34.2757],[-117.1517,34.2758],[-117.1517,34.2759],[-117.1516,34.2759],[-117.1515,34.276],[-117.1515,34.2761],[-117.1514,34.2762],[-117.1514,34.2763],[-117.1513,34.2764],[-117.1512,34.2764],[-117.1511,34.2765],[-117.1511,34.2766],[-117.151,34.2767],[-117.1509,34.2768],[-117.1508,34.2768],[-117.1507,34.2768],[-117.1506,34.2768],[-117.1505,34.2768],[-117.1504,34.2767],[-117.1503,34.2766],[-117.1502,34.2765],[-117.15,34.2763],[-117.1498,34.2762],[-117.1497,34.2761],[-117.1497,34.276],[-117.1496,34.2759],[-117.1496,34.2758],[-117.1495,34.2758],[-117.1494,34.2758],[-117.1493,34.2758],[-117.1492,34.2758],[-117.1491,34.2758],[-117.1489,34.2758],[-117.1488,34.2758],[-117.1485,34.2758],[-117.1483,34.2758],[-117.1482,34.2758],[-117.1481,34.2758],[-117.148,34.2758],[-117.1479,34.2758],[-117.1479,34.2759],[-117.1477,34.276],[-117.1475,34.276],[-117.1473,34.276],[-117.1473,34.2761],[-117.1472,34.276],[-117.1471,34.276],[-117.147,34.276],[-117.147,34.2759],[-117.1469,34.2758],[-117.1468,34.2757],[-117.1467,34.2755],[-117.1466,34.2754],[-117.1466,34.2753],[-117.1466,34.2752],[-117.1465,34.2751],[-117.1465,34.275],[-117.1463,34.2749],[-117.1462,34.2748],[-117.1461,34.2747],[-117.146,34.2745],[-117.146,34.2744],[-117.1459,34.2743],[-117.1459,34.2742],[-117.1458,34.2742],[-117.1457,34.2741],[-117.1456,34.2741],[-117.1455,34.274],[-117.1454,34.274],[-117.1454,34.2739],[-117.1453,34.2738],[-117.1452,34.2738],[-117.1452,34.2737],[-117.1452,34.2736],[-117.1453,34.2735],[-117.1453,34.2734],[-117.1452,34.2733],[-117.1452,34.2732],[-117.1451,34.2731],[-117.145,34.2731],[-117.1449,34.273],[-117.1447,34.273],[-117.1446,34.273],[-117.1445,34.273],[-117.1443,34.2731],[-117.1442,34.2731],[-117.1441,34.2731],[-117.1439,34.2731],[-117.1438,34.2731],[-117.1437,34.2731],[-117.1437,34.273],[-117.1436,34.273],[-117.1435,34.273],[-117.1434,34.273],[-117.1433,34.2731],[-117.1432,34.2732],[-117.1431,34.2732],[-117.1429,34.2732],[-117.1428,34.2732],[-117.1427,34.2733],[-117.1426,34.2733],[-117.1426,34.2734],[-117.1425,34.2734],[-117.1424,34.2734],[-117.1422,34.2733],[-117.142,34.2733],[-117.1418,34.2732],[-117.1416,34.2732],[-117.1414,34.2732],[-117.1413,34.2732],[-117.1412,34.2731],[-117.1411,34.2731],[-117.141,34.2731],[-117.1409,34.2731],[-117.1409,34.2732],[-117.1408,34.2732],[-117.1407,34.2733],[-117.1405,34.2734],[-117.1405,34.2735],[-117.1404,34.2736],[-117.1403,34.2737],[-117.1402,34.2737],[-117.1401,34.2737],[-117.1399,34.2737],[-117.1398,34.2737],[-117.1398,34.2738],[-117.1399,34.2739],[-117.1399,34.274],[-117.1398,34.2741],[-117.1397,34.2742],[-117.1396,34.2743],[-117.1395,34.2744],[-117.1394,34.2745],[-117.1393,34.2746],[-117.1392,34.2746],[-117.1391,34.2747],[-117.1389,34.2747],[-117.1387,34.2748],[-117.1386,34.2748],[-117.1385,34.2749],[-117.1384,34.275],[-117.1383,34.2751],[-117.1382,34.2751],[-117.1382,34.2752],[-117.1381,34.2752],[-117.1379,34.2752],[-117.1378,34.2752],[-117.1377,34.2752],[-117.1376,34.2752],[-117.1375,34.2753],[-117.1373,34.2753],[-117.1371,34.2753],[-117.1371,34.2754],[-117.137,34.2755],[-117.1369,34.2756],[-117.1367,34.2757],[-117.1366,34.2757],[-117.1364,34.2757],[-117.1362,34.2757],[-117.1361,34.2757],[-117.1359,34.2757],[-117.1358,34.2757],[-117.1356,34.2757],[-117.1355,34.2757],[-117.1354,34.2757],[-117.1353,34.2758],[-117.1351,34.2758],[-117.135,34.2758],[-117.1349,34.2758],[-117.1348,34.2758],[-117.1347,34.2758],[-117.1346,34.2757],[-117.1345,34.2756],[-117.1343,34.2756],[-117.1342,34.2755],[-117.134,34.2755],[-117.1338,34.2755],[-117.1337,34.2755],[-117.1335,34.2755],[-117.1334,34.2755]]}},{"type":"Feature","properties":{"id":"2N34","name":"TUNNEL TWO","kind":"road","access":"green","seasonal":false},"geometry":{"type":"LineString","coordinates":[[-117.2355,34.2771],[-117.2356,34.277],[-117.2356,34.2769],[-117.2357,34.2769],[-117.2357,34.2768],[-117.2358,34.2767],[-117.2358,34.2766],[-117.2359,34.2766],[-117.236,34.2765],[-117.2361,34.2764],[-117.2362,34.2764],[-117.2362,34.2763],[-117.2363,34.2762],[-117.2363,34.2761],[-117.2362,34.276],[-117.2361,34.2759],[-117.236,34.2759],[-117.236,34.2758],[-117.236,34.2757],[-117.2361,34.2757],[-117.2363,34.2757],[-117.2363,34.2756],[-117.2364,34.2756],[-117.2364,34.2755],[-117.2365,34.2755],[-117.2365,34.2754],[-117.2365,34.2753],[-117.2365,34.2752],[-117.2365,34.2751],[-117.2364,34.275],[-117.2363,34.2749],[-117.2363,34.2748],[-117.2363,34.2747],[-117.2364,34.2746],[-117.2364,34.2744],[-117.2364,34.2743],[-117.2365,34.2742],[-117.2366,34.2741],[-117.2367,34.274],[-117.2368,34.274],[-117.237,34.2739],[-117.2372,34.2739],[-117.2373,34.2738],[-117.2374,34.2738],[-117.2375,34.2738],[-117.2376,34.2738],[-117.2377,34.2737],[-117.2378,34.2736],[-117.2378,34.2735],[-117.2378,34.2733],[-117.2378,34.2731],[-117.2378,34.273],[-117.2378,34.2729],[-117.2378,34.2728],[-117.2378,34.2727],[-117.2378,34.2726],[-117.2378,34.2725],[-117.2377,34.2724],[-117.2376,34.2723],[-117.2375,34.2722],[-117.2374,34.2721],[-117.2373,34.2721],[-117.2373,34.272],[-117.2373,34.2719],[-117.2373,34.2717],[-117.2373,34.2716],[-117.2373,34.2715],[-117.2372,34.2715],[-117.2371,34.2715],[-117.2369,34.2716],[-117.2369,34.2717]]}},{"type":"Feature","properties":{"id":"2N34","name":"TUNNEL TWO","kind":"road","access":"plate","seasonal":false},"geometry":{"type":"LineString","coordinates":[[-117.2369,34.2717],[-117.2368,34.2717],[-117.2366,34.2719],[-117.2365,34.2719],[-117.2364,34.272],[-117.2363,34.272],[-117.2362,34.272],[-117.2361,34.272],[-117.2359,34.2719],[-117.2358,34.2719],[-117.2357,34.2719],[-117.2356,34.272],[-117.2354,34.2721],[-117.2352,34.2722],[-117.2349,34.2723],[-117.2347,34.2724],[-117.2346,34.2725],[-117.2344,34.2726],[-117.2343,34.2728],[-117.2342,34.2728],[-117.2341,34.2729],[-117.234,34.2729],[-117.2339,34.273],[-117.2336,34.273],[-117.2335,34.2731],[-117.2334,34.2731],[-117.2333,34.2731],[-117.2331,34.2731],[-117.2331,34.273],[-117.233,34.273],[-117.2329,34.273],[-117.2328,34.2729],[-117.2328,34.2728],[-117.2327,34.2728],[-117.2326,34.2728],[-117.2325,34.2728],[-117.2324,34.2729],[-117.2323,34.2729],[-117.2322,34.2729],[-117.2321,34.2729],[-117.232,34.2728],[-117.2319,34.2728],[-117.2318,34.2728],[-117.2317,34.2728],[-117.2317,34.2729],[-117.2316,34.2729],[-117.2315,34.273],[-117.2314,34.273],[-117.2314,34.2731],[-117.2313,34.2731],[-117.2313,34.2732],[-117.2312,34.2732],[-117.2311,34.2732],[-117.2309,34.2732],[-117.2308,34.2731],[-117.2307,34.2731],[-117.2307,34.273],[-117.2307,34.2729],[-117.2307,34.2728],[-117.2307,34.2727],[-117.2306,34.2727],[-117.2304,34.2726],[-117.2303,34.2726],[-117.2301,34.2726],[-117.2299,34.2725],[-117.2298,34.2725],[-117.2297,34.2724],[-117.2295,34.2725],[-117.2294,34.2725],[-117.2292,34.2725],[-117.2291,34.2726],[-117.2289,34.2727],[-117.2288,34.2727],[-117.2287,34.2727],[-117.2286,34.2728],[-117.2284,34.2728],[-117.2283,34.2728],[-117.2282,34.2729],[-117.2281,34.2729],[-117.228,34.2731],[-117.2279,34.2731],[-117.2278,34.2732],[-117.2277,34.2732],[-117.2275,34.2732],[-117.2273,34.2731],[-117.2271,34.2731],[-117.227,34.2731],[-117.2269,34.2731],[-117.2268,34.2731],[-117.2268,34.273],[-117.2269,34.273],[-117.227,34.273],[-117.2272,34.273],[-117.2273,34.273],[-117.2274,34.273],[-117.2275,34.273],[-117.2276,34.273],[-117.2277,34.2729],[-117.2278,34.2728],[-117.2279,34.2727],[-117.2279,34.2726],[-117.228,34.2726],[-117.228,34.2725],[-117.228,34.2724],[-117.2281,34.2724],[-117.2282,34.2724],[-117.2283,34.2723],[-117.2284,34.2722],[-117.2284,34.2721],[-117.2285,34.2721],[-117.2285,34.272],[-117.2286,34.272],[-117.2287,34.2719],[-117.2287,34.2718],[-117.2287,34.2717],[-117.2288,34.2716],[-117.2289,34.2716],[-117.229,34.2715],[-117.2291,34.2715],[-117.2291,34.2714],[-117.2292,34.2714],[-117.2293,34.2714],[-117.2294,34.2714],[-117.2296,34.2714],[-117.2298,34.2714],[-117.2299,34.2714],[-117.2301,34.2714],[-117.2303,34.2713],[-117.2304,34.2713],[-117.2305,34.2713],[-117.2306,34.2712],[-117.2306,34.2711],[-117.2305,34.271],[-117.2304,34.2709],[-117.2303,34.2708],[-117.2302,34.2707],[-117.2301,34.2706],[-117.23,34.2705],[-117.2298,34.2703],[-117.2298,34.2702],[-117.2297,34.2702],[-117.2296,34.2701],[-117.2295,34.27],[-117.2294,34.2699],[-117.2293,34.2698],[-117.2293,34.2697],[-117.2292,34.2695],[-117.2292,34.2694],[-117.2292,34.2693],[-117.2292,34.2692],[-117.2292,34.269],[-117.2292,34.2688],[-117.2292,34.2687],[-117.2291,34.2685],[-117.229,34.2683],[-117.229,34.2681],[-117.229,34.268],[-117.229,34.2679],[-117.229,34.2678],[-117.229,34.2676],[-117.2291,34.2675],[-117.2291,34.2673],[-117.2291,34.2672],[-117.2291,34.2671],[-117.229,34.267],[-117.2289,34.2669],[-117.2289,34.2668],[-117.2289,34.2667],[-117.229,34.2666],[-117.229,34.2665],[-117.229,34.2664],[-117.229,34.2663],[-117.229,34.2662],[-117.229,34.2661],[-117.2291,34.266],[-117.2292,34.266],[-117.2293,34.2658],[-117.2295,34.2656],[-117.2296,34.2655],[-117.2297,34.2654],[-117.2298,34.2653],[-117.2298,34.2652],[-117.2299,34.2651],[-117.2299,34.265],[-117.2299,34.2649],[-117.2299,34.2648],[-117.23,34.2647],[-117.23,34.2646],[-117.2301,34.2645],[-117.2301,34.2644],[-117.2302,34.2643],[-117.2303,34.2642],[-117.2303,34.2641],[-117.2303,34.264],[-117.2303,34.2639],[-117.2302,34.2638],[-117.2301,34.2637],[-117.2301,34.2636],[-117.2301,34.2635],[-117.2302,34.2634],[-117.2302,34.2632],[-117.2302,34.263],[-117.2302,34.2629],[-117.2302,34.2627],[-117.2302,34.2625],[-117.2301,34.2625]]}},{"type":"Feature","properties":{"id":"2N17X","name":"PILOT FUELBREAK (0HV)         ","kind":"road","access":"green","seasonal":false},"geometry":{"type":"LineString","coordinates":[[-117.3032,34.3026],[-117.3031,34.3026],[-117.303,34.3025],[-117.3028,34.3025],[-117.3027,34.3026],[-117.3026,34.3026],[-117.3025,34.3026],[-117.3024,34.3026],[-117.3024,34.3025],[-117.3024,34.3022],[-117.3024,34.3021],[-117.3023,34.3021],[-117.3021,34.302],[-117.302,34.302],[-117.302,34.3019],[-117.3019,34.3019],[-117.3017,34.3019],[-117.3016,34.3019],[-117.3015,34.3019],[-117.3014,34.3019],[-117.3014,34.3018],[-117.3013,34.3018],[-117.3013,34.3017],[-117.3012,34.3017],[-117.3011,34.3017],[-117.3009,34.3018],[-117.3008,34.3019],[-117.3007,34.3019],[-117.3006,34.3019],[-117.3005,34.3019],[-117.3004,34.3018],[-117.3003,34.3018],[-117.3002,34.3017],[-117.3001,34.3016],[-117.2999,34.3014],[-117.2998,34.3013],[-117.2997,34.3013],[-117.2996,34.3013],[-117.2995,34.3013],[-117.2992,34.3014],[-117.2991,34.3014],[-117.299,34.3014],[-117.2989,34.3014],[-117.2988,34.3014],[-117.2988,34.3013],[-117.2987,34.3012],[-117.2986,34.3011],[-117.2985,34.3009],[-117.2984,34.3008],[-117.2984,34.3007],[-117.2983,34.3007],[-117.2982,34.3007],[-117.2981,34.3008],[-117.2976,34.3011],[-117.2975,34.3011],[-117.2974,34.3011],[-117.2973,34.3011],[-117.2972,34.3011],[-117.2969,34.3011],[-117.2964,34.301],[-117.2961,34.301],[-117.2958,34.301],[-117.2957,34.301],[-117.2956,34.301],[-117.2955,34.301],[-117.2954,34.301],[-117.2953,34.301],[-117.2951,34.3009],[-117.2948,34.3008],[-117.2947,34.3007],[-117.2945,34.3006],[-117.2944,34.3006],[-117.2943,34.3005],[-117.2942,34.3005],[-117.2939,34.3005],[-117.2938,34.3005],[-117.2937,34.3005],[-117.2935,34.3005],[-117.2935,34.3004],[-117.2934,34.3004],[-117.2933,34.3005],[-117.2932,34.3005],[-117.293,34.3005],[-117.2929,34.3006],[-117.2928,34.3006],[-117.2926,34.3007],[-117.2925,34.3007],[-117.2923,34.3007],[-117.2922,34.3007],[-117.2921,34.3007],[-117.2921,34.3006],[-117.292,34.3005],[-117.2919,34.3005],[-117.2919,34.3004],[-117.2918,34.3004],[-117.2917,34.3003],[-117.2916,34.3003],[-117.2915,34.3003],[-117.2913,34.3002],[-117.2912,34.3002],[-117.2911,34.3002],[-117.291,34.3002],[-117.2909,34.3001],[-117.2908,34.3],[-117.2907,34.2999],[-117.2905,34.2999],[-117.2904,34.2999],[-117.2902,34.2998],[-117.2901,34.2998],[-117.29,34.2997],[-117.2899,34.2997],[-117.2898,34.2994],[-117.2896,34.2992],[-117.2894,34.2991],[-117.2893,34.2991],[-117.2891,34.299],[-117.2889,34.299],[-117.2888,34.299],[-117.2887,34.299],[-117.2886,34.2991],[-117.2885,34.2991],[-117.2884,34.2992],[-117.2883,34.2992],[-117.2881,34.2992],[-117.2879,34.2991],[-117.2878,34.2991],[-117.2876,34.299],[-117.2873,34.2989],[-117.2871,34.2989],[-117.287,34.2989],[-117.2869,34.2988],[-117.2868,34.2987],[-117.2866,34.2986],[-117.2865,34.2985],[-117.2864,34.2985],[-117.2863,34.2984],[-117.286,34.2984],[-117.2858,34.2984],[-117.2857,34.2984],[-117.2856,34.2983],[-117.2854,34.2983],[-117.2853,34.2982],[-117.2851,34.2982],[-117.285,34.2981],[-117.2849,34.298],[-117.2848,34.298],[-117.2847,34.298],[-117.2846,34.298],[-117.2844,34.298],[-117.2843,34.298],[-117.2842,34.298],[-117.2841,34.298],[-117.284,34.298],[-117.2839,34.2981],[-117.2838,34.2981],[-117.2837,34.2981],[-117.2836,34.2981],[-117.2834,34.2981],[-117.2833,34.2981],[-117.2831,34.298],[-117.2829,34.2979],[-117.2828,34.2978],[-117.2826,34.2978],[-117.2825,34.2978],[-117.2825,34.2977],[-117.2825,34.2976],[-117.2825,34.2975],[-117.2824,34.2974],[-117.2824,34.2973],[-117.2823,34.2973],[-117.282,34.2972],[-117.2817,34.297],[-117.2815,34.297],[-117.2815,34.2969],[-117.2814,34.2967],[-117.2813,34.2966],[-117.2813,34.2964],[-117.2813,34.2963],[-117.2813,34.2962],[-117.2813,34.2961],[-117.2812,34.296],[-117.2811,34.296],[-117.281,34.2958],[-117.2808,34.2957],[-117.2807,34.2957],[-117.2806,34.2956],[-117.2804,34.2955],[-117.2803,34.2955],[-117.2801,34.2955],[-117.28,34.2956],[-117.2799,34.2956],[-117.2798,34.2956],[-117.2797,34.2956],[-117.2796,34.2955],[-117.2795,34.2955],[-117.2794,34.2955],[-117.2792,34.2955],[-117.2791,34.2955],[-117.279,34.2954],[-117.2789,34.2953],[-117.2789,34.2951],[-117.2789,34.295],[-117.2788,34.2949],[-117.2788,34.2948],[-117.2786,34.2946],[-117.2786,34.2945],[-117.2785,34.2945],[-117.2785,34.2944],[-117.2784,34.2943],[-117.2782,34.2943],[-117.278,34.2942],[-117.2779,34.2942],[-117.2778,34.2942],[-117.2777,34.2943],[-117.2776,34.2944],[-117.2775,34.2946],[-117.2775,34.2947],[-117.2774,34.2947],[-117.2773,34.2948],[-117.277,34.2948],[-117.2768,34.2948],[-117.2767,34.2949],[-117.2766,34.2949],[-117.2765,34.2948],[-117.2763,34.2946],[-117.2759,34.2943],[-117.2758,34.2942],[-117.2757,34.2942],[-117.2756,34.2941],[-117.2755,34.2941],[-117.2754,34.2941],[-117.2753,34.2941],[-117.2752,34.294],[-117.275,34.2938],[-117.2748,34.2937],[-117.2746,34.2937],[-117.2745,34.2936],[-117.2744,34.2936],[-117.2743,34.2935],[-117.2742,34.2934],[-117.274,34.2931],[-117.2738,34.293],[-117.2737,34.2929],[-117.2735,34.2928],[-117.2734,34.2927],[-117.2732,34.2927],[-117.273,34.2926],[-117.2728,34.2926],[-117.2725,34.2926],[-117.2724,34.2926],[-117.2722,34.2926],[-117.2721,34.2926],[-117.272,34.2926],[-117.2719,34.2926],[-117.2718,34.2926],[-117.2717,34.2926],[-117.2717,34.2927],[-117.2715,34.2928],[-117.2714,34.2929],[-117.2713,34.2929],[-117.2713,34.293],[-117.2712,34.293],[-117.2711,34.2931],[-117.271,34.2931],[-117.2708,34.2931],[-117.2707,34.293],[-117.2706,34.2929],[-117.2705,34.2929],[-117.2703,34.2928],[-117.2702,34.2928],[-117.2701,34.2928],[-117.2698,34.2928],[-117.2697,34.2928],[-117.2696,34.2928],[-117.2695,34.2927],[-117.2694,34.2926],[-117.2693,34.2926],[-117.2692,34.2926],[-117.2691,34.2926],[-117.269,34.2926],[-117.2689,34.2926],[-117.2688,34.2925],[-117.2687,34.2923],[-117.2687,34.2922],[-117.2686,34.2921],[-117.2686,34.292],[-117.2686,34.2919],[-117.2686,34.2918],[-117.2686,34.2917],[-117.2686,34.2916],[-117.2687,34.2915],[-117.2688,34.2914],[-117.269,34.2912],[-117.269,34.2911],[-117.2691,34.291],[-117.2691,34.2909],[-117.269,34.2909],[-117.269,34.2908],[-117.269,34.2907],[-117.269,34.2906],[-117.269,34.2905],[-117.2691,34.2904],[-117.2691,34.2902],[-117.2692,34.2901],[-117.2693,34.29],[-117.2693,34.2899],[-117.2694,34.2899],[-117.2694,34.2898],[-117.2695,34.2897],[-117.2696,34.2897],[-117.2696,34.2896],[-117.2697,34.2895],[-117.2698,34.2894],[-117.2699,34.2893],[-117.2701,34.2891],[-117.2702,34.289],[-117.2702,34.2889],[-117.2703,34.2888],[-117.2704,34.2888],[-117.2705,34.2887],[-117.2706,34.2887],[-117.2707,34.2887],[-117.2709,34.2887],[-117.2711,34.2887],[-117.2712,34.2887],[-117.2713,34.2885],[-117.2714,34.2884],[-117.2715,34.2883],[-117.2716,34.2882],[-117.2718,34.2882],[-117.272,34.2881],[-117.2721,34.2881],[-117.272,34.2877],[-117.272,34.2876],[-117.2719,34.2874],[-117.2719,34.2873],[-117.2718,34.2872],[-117.2717,34.2871],[-117.2717,34.287],[-117.2717,34.2869],[-117.2716,34.2867],[-117.2716,34.2866],[-117.2715,34.2865],[-117.2714,34.2864],[-117.2713,34.2864],[-117.2711,34.2863],[-117.271,34.2862],[-117.2709,34.2861],[-117.2708,34.286],[-117.2706,34.2859],[-117.2704,34.2859],[-117.2703,34.2858],[-117.2702,34.2857],[-117.2702,34.2856],[-117.2702,34.2855],[-117.2701,34.2854],[-117.2701,34.2852],[-117.2701,34.2851],[-117.27,34.285],[-117.27,34.2849],[-117.2701,34.2848],[-117.2701,34.2847],[-117.2702,34.2846],[-117.2702,34.2845],[-117.2702,34.2844],[-117.2702,34.2843],[-117.2702,34.2842],[-117.2703,34.2841],[-117.2703,34.284],[-117.2704,34.284],[-117.2704,34.2839],[-117.2705,34.2838],[-117.2706,34.2838],[-117.2707,34.2837],[-117.2709,34.2835],[-117.271,34.2833],[-117.2712,34.2832],[-117.2714,34.2831],[-117.2714,34.2829],[-117.2714,34.2828],[-117.2714,34.2827]]}},{"type":"Feature","properties":{"id":"2N24","name":"ST. BERNARD","kind":"road","access":"plate","seasonal":false},"geometry":{"type":"LineString","coordinates":[[-117.1887,34.2835],[-117.1887,34.2833],[-117.1886,34.2832],[-117.1886,34.2831],[-117.1887,34.283],[-117.1887,34.2829],[-117.1887,34.2828],[-117.1888,34.2828],[-117.1888,34.2827],[-117.1888,34.2826],[-117.1889,34.2824],[-117.1889,34.2823],[-117.189,34.2823],[-117.1891,34.2822],[-117.1891,34.2821],[-117.1891,34.282],[-117.1891,34.2819],[-117.1892,34.2818],[-117.1893,34.2817],[-117.1894,34.2817],[-117.1894,34.2816],[-117.1893,34.2815],[-117.1894,34.2814],[-117.1894,34.2813],[-117.1895,34.2813],[-117.1895,34.2812],[-117.1895,34.2811],[-117.1895,34.281],[-117.1896,34.2809],[-117.1896,34.2808],[-117.1897,34.2807],[-117.1897,34.2806],[-117.1898,34.2805],[-117.1899,34.2804],[-117.19,34.2804],[-117.1901,34.2804],[-117.1902,34.2803],[-117.1903,34.2803],[-117.1903,34.2804],[-117.1904,34.2804],[-117.1908,34.2806],[-117.1909,34.2806],[-117.191,34.2806],[-117.1912,34.2806],[-117.1913,34.2806],[-117.1914,34.2805],[-117.1914,34.2804],[-117.1914,34.2803],[-117.1913,34.2802],[-117.1912,34.2801],[-117.1912,34.28],[-117.1912,34.2799],[-117.1913,34.2798],[-117.1915,34.2797],[-117.1916,34.2796],[-117.1917,34.2795],[-117.1918,34.2795],[-117.1919,34.2794],[-117.192,34.2794],[-117.192,34.2793],[-117.192,34.2792],[-117.1921,34.2791],[-117.1922,34.279],[-117.1923,34.2789],[-117.1924,34.2789],[-117.1925,34.2788],[-117.1927,34.2788],[-117.1928,34.2788],[-117.1929,34.2787],[-117.1931,34.2787],[-117.1932,34.2787],[-117.1933,34.2787],[-117.1935,34.2787],[-117.1936,34.2787],[-117.1937,34.2788],[-117.1938,34.2788],[-117.1939,34.2789],[-117.194,34.2789],[-117.1942,34.279],[-117.1943,34.2791],[-117.1945,34.2792],[-117.1946,34.2792],[-117.1948,34.2793],[-117.195,34.2793],[-117.1951,34.2794],[-117.1952,34.2794],[-117.1953,34.2793],[-117.1954,34.2793],[-117.1955,34.2793],[-117.1955,34.2792],[-117.1954,34.2791],[-117.1954,34.279],[-117.1954,34.2789],[-117.1955,34.2788],[-117.1955,34.2787],[-117.1956,34.2786],[-117.1956,34.2785],[-117.1956,34.2784],[-117.1955,34.2783],[-117.1955,34.2782],[-117.1956,34.2781],[-117.1957,34.2781],[-117.196,34.278],[-117.1961,34.2779],[-117.1962,34.2779],[-117.1963,34.278],[-117.1964,34.278],[-117.1965,34.2781],[-117.1966,34.2782],[-117.1967,34.2783],[-117.1968,34.2784],[-117.1969,34.2784],[-117.197,34.2783],[-117.1972,34.2783],[-117.1974,34.2782],[-117.1976,34.2782],[-117.1977,34.2782],[-117.1978,34.2783],[-117.1981,34.2784],[-117.1982,34.2784],[-117.1983,34.2784],[-117.1985,34.2783],[-117.1986,34.2783],[-117.1987,34.2782],[-117.1988,34.2782],[-117.1989,34.2781],[-117.199,34.278],[-117.1991,34.2779],[-117.1992,34.2779],[-117.1992,34.2778],[-117.1992,34.2777],[-117.1991,34.2776],[-117.1989,34.2775],[-117.1989,34.2774],[-117.1988,34.2773],[-117.1987,34.2772],[-117.1985,34.277],[-117.1984,34.2769],[-117.1983,34.2767],[-117.1982,34.2766],[-117.1982,34.2765],[-117.1981,34.2765],[-117.198,34.2764],[-117.1979,34.2763],[-117.1978,34.2763],[-117.1977,34.2762],[-117.1976,34.2762],[-117.1976,34.2761],[-117.1976,34.276],[-117.1975,34.276],[-117.1975,34.2759],[-117.1974,34.2758],[-117.1974,34.2757],[-117.1973,34.2756],[-117.1974,34.2755],[-117.1975,34.2754],[-117.1976,34.2754],[-117.1977,34.2753],[-117.1978,34.2752],[-117.1978,34.2751],[-117.1979,34.275],[-117.1979,34.2749],[-117.1978,34.2748],[-117.1978,34.2747],[-117.1979,34.2746],[-117.198,34.2746],[-117.1982,34.2746],[-117.1983,34.2746],[-117.1984,34.2746],[-117.1985,34.2746],[-117.1986,34.2746],[-117.1987,34.2745],[-117.1989,34.2744],[-117.1992,34.2743],[-117.1993,34.2743],[-117.1994,34.2742],[-117.1995,34.2741],[-117.1997,34.274],[-117.1999,34.274],[-117.2,34.2739],[-117.2,34.274],[-117.2002,34.274],[-117.2003,34.274],[-117.2003,34.2741],[-117.2004,34.2741],[-117.2005,34.2741],[-117.2006,34.2741],[-117.2007,34.2741],[-117.2009,34.2741],[-117.201,34.2741],[-117.2011,34.2741],[-117.2013,34.2742],[-117.2015,34.2742],[-117.2016,34.2743],[-117.2017,34.2743],[-117.2019,34.2743],[-117.2021,34.2744],[-117.2022,34.2743],[-117.2023,34.2743],[-117.2024,34.2742],[-117.2025,34.2742],[-117.2025,34.2741],[-117.2026,34.274],[-117.2026,34.2739],[-117.2027,34.2737],[-117.2029,34.2735]]}},{"type":"Feature","properties":{"id":"3N34B","name":"CRAB FLATS SPUR","kind":"road","access":"plate","seasonal":false},"geometry":{"type":"LineString","coordinates":[[-117.0924,34.2634],[-117.0924,34.2633],[-117.0923,34.2631],[-117.0923,34.263],[-117.0922,34.2628],[-117.0921,34.2627],[-117.0921,34.2625],[-117.092,34.2624],[-117.092,34.2623],[-117.092,34.2621],[-117.0919,34.262],[-117.092,34.2619],[-117.092,34.2618],[-117.0922,34.2617],[-117.0924,34.2616],[-117.0924,34.2615],[-117.0925,34.2614],[-117.0925,34.2612],[-117.0924,34.2611],[-117.0923,34.2611]]}},{"type":"Feature","properties":{"id":"2N98","name":"DOGWOOD CAMPGROUND            ","kind":"road","access":"plate","seasonal":false},"geometry":{"type":"MultiLineString","coordinates":[[[-117.2133,34.2339],[-117.2132,34.2338],[-117.2131,34.2338],[-117.213,34.2338],[-117.2129,34.2338],[-117.2128,34.2338],[-117.2127,34.2338],[-117.2127,34.2337],[-117.2126,34.2337],[-117.2125,34.2336],[-117.2124,34.2336],[-117.2123,34.2336],[-117.2122,34.2336]],[[-117.2133,34.2339],[-117.2133,34.2338],[-117.2133,34.2336],[-117.2134,34.2335],[-117.2134,34.2334],[-117.2134,34.2333],[-117.2133,34.2332],[-117.2132,34.2331],[-117.2131,34.2331],[-117.2129,34.2331],[-117.2127,34.233],[-117.2126,34.233],[-117.2125,34.2331],[-117.2124,34.2331],[-117.2124,34.2332],[-117.2123,34.2334],[-117.2123,34.2335],[-117.2122,34.2336]],[[-117.2106,34.2341],[-117.2107,34.234],[-117.2107,34.2339],[-117.2108,34.2338],[-117.2108,34.2337],[-117.2109,34.2337],[-117.211,34.2337],[-117.211,34.2336],[-117.2112,34.2336],[-117.2113,34.2336],[-117.2114,34.2336],[-117.2115,34.2336],[-117.2117,34.2337],[-117.2118,34.2338]],[[-117.2126,34.2343],[-117.2125,34.2342],[-117.2124,34.2342],[-117.2123,34.2342],[-117.212,34.234],[-117.2119,34.2339],[-117.2118,34.2338],[-117.2119,34.2337],[-117.2121,34.2337],[-117.2122,34.2336]],[[-117.2131,34.2346],[-117.2131,34.2345],[-117.213,34.2344],[-117.2128,34.2344],[-117.2126,34.2343]],[[-117.2126,34.2343],[-117.2125,34.2344],[-117.2124,34.2344],[-117.2123,34.2344],[-117.212,34.2345],[-117.2119,34.2346],[-117.2119,34.2345],[-117.2118,34.2344],[-117.2117,34.2343],[-117.2116,34.2343],[-117.2115,34.2342],[-117.2114,34.2342],[-117.2113,34.2341],[-117.2112,34.234],[-117.2111,34.234],[-117.211,34.234],[-117.2109,34.234],[-117.2107,34.234],[-117.2106,34.2341]],[[-117.2148,34.2309],[-117.2147,34.2309],[-117.2145,34.2309],[-117.2142,34.2308],[-117.214,34.2308],[-117.2139,34.2308],[-117.2138,34.2309],[-117.2137,34.2309],[-117.2136,34.2309],[-117.2136,34.231],[-117.2136,34.2311],[-117.2136,34.2312],[-117.2135,34.2314],[-117.2134,34.2315],[-117.2134,34.2316],[-117.2134,34.2317],[-117.2134,34.2318],[-117.2135,34.2319],[-117.2138,34.2321],[-117.2139,34.2322],[-117.2139,34.2323],[-117.214,34.2323],[-117.2141,34.2324],[-117.2142,34.2324],[-117.2143,34.2324],[-117.2144,34.2324],[-117.2145,34.2325],[-117.2145,34.2326],[-117.2146,34.2327],[-117.2147,34.2329],[-117.2148,34.2331],[-117.2148,34.2332],[-117.2148,34.2333],[-117.2147,34.2333],[-117.2146,34.2334],[-117.2144,34.2335],[-117.2143,34.2336],[-117.2142,34.2336],[-117.2142,34.2337],[-117.2143,34.2339],[-117.2143,34.234],[-117.2143,34.2342],[-117.2143,34.2343],[-117.2143,34.2344],[-117.2143,34.2346],[-117.2143,34.2347]],[[-117.2131,34.2346],[-117.2132,34.2346],[-117.2132,34.2347],[-117.2133,34.2347],[-117.2133,34.2348],[-117.2134,34.2348],[-117.2134,34.2349],[-117.2135,34.2349]],[[-117.2143,34.2347],[-117.2144,34.2348],[-117.2144,34.2349]],[[-117.2129,34.235],[-117.213,34.2349],[-117.2131,34.2348],[-117.2131,34.2346]],[[-117.2129,34.235],[-117.2132,34.2349],[-117.2133,34.2349],[-117.2134,34.2349],[-117.2135,34.2349],[-117.2136,34.2349],[-117.2137,34.2349],[-117.2138,34.2348],[-117.2138,34.2347],[-117.2138,34.2346],[-117.2138,34.2344],[-117.2138,34.2343],[-117.2138,34.2342],[-117.2137,34.2341],[-117.2136,34.234],[-117.2135,34.2339],[-117.2133,34.2339]],[[-117.2144,34.2349],[-117.2143,34.235],[-117.2142,34.235]],[[-117.2143,34.2347],[-117.2143,34.2348],[-117.2143,34.2349],[-117.2142,34.235],[-117.2142,34.2352]],[[-117.2144,34.2349],[-117.2144,34.235],[-117.2144,34.2351],[-117.2142,34.2351],[-117.2142,34.2352],[-117.2141,34.2353],[-117.2141,34.2354],[-117.214,34.2354],[-117.2139,34.2354],[-117.2138,34.2354],[-117.2136,34.2354],[-117.2134,34.2354],[-117.2133,34.2354],[-117.2132,34.2355],[-117.213,34.2355],[-117.2129,34.2356],[-117.2128,34.2356],[-117.2127,34.2356],[-117.2126,34.2355],[-117.2126,34.2354],[-117.2126,34.2353],[-117.2126,34.2352],[-117.2127,34.2351],[-117.2129,34.235]],[[-117.2106,34.2341],[-117.2106,34.2342],[-117.2107,34.2343],[-117.2107,34.2344],[-117.2108,34.2346],[-117.2109,34.2348],[-117.2109,34.2349],[-117.2109,34.2351],[-117.2109,34.2352],[-117.2108,34.2353],[-117.2107,34.2353],[-117.2106,34.2354],[-117.2106,34.2355],[-117.2106,34.2356],[-117.2106,34.2357],[-117.2107,34.2358],[-117.2107,34.2359],[-117.2106,34.236],[-117.2105,34.236],[-117.2104,34.2361],[-117.2103,34.2361],[-117.2102,34.2362],[-117.2102,34.2363],[-117.2102,34.2364],[-117.2102,34.2365],[-117.2103,34.2366],[-117.2104,34.2366],[-117.2106,34.2367],[-117.2108,34.2368],[-117.2109,34.2369],[-117.211,34.2369],[-117.211,34.237],[-117.211,34.2371],[-117.211,34.2372],[-117.2109,34.2372],[-117.2109,34.2373],[-117.2108,34.2373],[-117.2108,34.2374],[-117.2107,34.2374],[-117.2106,34.2375],[-117.2106,34.2376]],[[-117.2106,34.2376],[-117.2105,34.2376],[-117.2104,34.2375],[-117.2103,34.2375],[-117.2102,34.2376],[-117.2101,34.2377],[-117.21,34.2379]],[[-117.2106,34.2341],[-117.2104,34.2344],[-117.2103,34.2345],[-117.2102,34.2346],[-117.2101,34.2347],[-117.21,34.2348],[-117.2099,34.2349],[-117.2099,34.235],[-117.21,34.2353],[-117.21,34.2355],[-117.21,34.2356],[-117.21,34.2357],[-117.21,34.2359],[-117.2099,34.236],[-117.2098,34.2361],[-117.2097,34.2362],[-117.2096,34.2363],[-117.2095,34.2363],[-117.2094,34.2363],[-117.2093,34.2363],[-117.2092,34.2364],[-117.2092,34.2365],[-117.2093,34.2366],[-117.2093,34.2367],[-117.2094,34.2368],[-117.2095,34.2368],[-117.2096,34.2368],[-117.2097,34.2368],[-117.2098,34.2368],[-117.21,34.2368],[-117.21,34.2369],[-117.21,34.237],[-117.21,34.2371],[-117.2099,34.2372],[-117.2098,34.2372],[-117.2097,34.2372],[-117.2096,34.2372],[-117.2095,34.2373],[-117.2094,34.2374],[-117.2094,34.2375],[-117.2094,34.2376],[-117.2093,34.2377],[-117.2093,34.2378],[-117.2093,34.2379],[-117.2094,34.2379],[-117.2095,34.238],[-117.2096,34.238],[-117.2097,34.238],[-117.2098,34.238],[-117.2099,34.238],[-117.21,34.2379]],[[-117.2106,34.2376],[-117.2107,34.2377],[-117.2108,34.2379],[-117.2108,34.238],[-117.2108,34.2381],[-117.2107,34.2382],[-117.2107,34.2383],[-117.2106,34.2384],[-117.2104,34.2384],[-117.2103,34.2384],[-117.2102,34.2384],[-117.2102,34.2383],[-117.2101,34.2381],[-117.2101,34.238],[-117.21,34.2379]]]}},{"type":"Feature","properties":{"id":"3N59","name":"CARBINE FLAT (OHV)            ","kind":"road","access":"green","seasonal":false},"geometry":{"type":"LineString","coordinates":[[-117.095,34.353],[-117.0952,34.3529],[-117.0953,34.3529],[-117.0954,34.3529],[-117.0955,34.3529],[-117.0955,34.3528],[-117.0956,34.3528],[-117.0957,34.3526],[-117.0958,34.3525],[-117.0958,34.3524],[-117.0957,34.3523],[-117.0957,34.3522],[-117.0957,34.3521],[-117.0958,34.352],[-117.0959,34.3519],[-117.096,34.3519],[-117.0961,34.3519],[-117.0962,34.3519],[-117.0963,34.3519],[-117.0964,34.3519],[-117.0965,34.3519],[-117.0966,34.3518],[-117.0967,34.3517],[-117.0969,34.3517],[-117.097,34.3516],[-117.0971,34.3516],[-117.0972,34.3516],[-117.0973,34.3515],[-117.0974,34.3515],[-117.0975,34.3514],[-117.0977,34.3513],[-117.0978,34.3513],[-117.0979,34.3513],[-117.0979,34.3514],[-117.098,34.3514],[-117.0981,34.3515],[-117.0981,34.3516],[-117.0981,34.3517],[-117.0982,34.3517],[-117.0983,34.3518],[-117.0983,34.3517],[-117.0984,34.3517],[-117.0985,34.3518],[-117.0986,34.3518],[-117.0986,34.3517],[-117.0986,34.3516],[-117.0986,34.3515],[-117.0985,34.3515],[-117.0985,34.3514],[-117.0986,34.3513],[-117.0986,34.3512],[-117.0985,34.3511],[-117.0984,34.3511],[-117.0983,34.351],[-117.0982,34.351],[-117.0981,34.351],[-117.0981,34.3509],[-117.0981,34.3508],[-117.0982,34.3508],[-117.0983,34.3508],[-117.0984,34.3508],[-117.0986,34.3508],[-117.0987,34.3508],[-117.0988,34.3508],[-117.099,34.3509],[-117.0991,34.3509],[-117.0993,34.3508],[-117.0994,34.3507],[-117.0994,34.3505],[-117.0994,34.3504],[-117.0995,34.3503],[-117.0996,34.3503],[-117.0997,34.3504],[-117.0998,34.3505],[-117.0999,34.3505],[-117.1,34.3506],[-117.1002,34.3506],[-117.1003,34.3506],[-117.1004,34.3506],[-117.1005,34.3506],[-117.1006,34.3505],[-117.1007,34.3505],[-117.1008,34.3505],[-117.1009,34.3506],[-117.1009,34.3507],[-117.1009,34.3508],[-117.101,34.3509],[-117.1011,34.351],[-117.1013,34.3511],[-117.1014,34.3511],[-117.1015,34.3511],[-117.1016,34.3512],[-117.1018,34.3512],[-117.1018,34.3511],[-117.1019,34.3511],[-117.102,34.3511],[-117.1021,34.3512],[-117.1022,34.3513],[-117.1022,34.3514],[-117.1023,34.3515],[-117.1024,34.3515],[-117.1025,34.3516],[-117.1025,34.3517],[-117.1026,34.3517],[-117.1027,34.3518],[-117.1028,34.3518],[-117.1029,34.3519],[-117.103,34.3519],[-117.1031,34.3519],[-117.1032,34.3519],[-117.1032,34.352],[-117.1032,34.3521],[-117.1033,34.3522],[-117.1034,34.3522],[-117.1035,34.3523],[-117.1036,34.3524],[-117.1037,34.3524],[-117.1038,34.3525],[-117.1039,34.3526],[-117.104,34.3526],[-117.1041,34.3527],[-117.1042,34.3527],[-117.1043,34.3527],[-117.1044,34.3527],[-117.1045,34.3527],[-117.1046,34.3527],[-117.1048,34.3526],[-117.1049,34.3526],[-117.105,34.3525],[-117.1052,34.3525],[-117.1054,34.3524],[-117.1054,34.3523],[-117.1055,34.3522],[-117.1055,34.3521],[-117.1056,34.352],[-117.1056,34.3519],[-117.1056,34.3518],[-117.1057,34.3517],[-117.1058,34.3516],[-117.1059,34.3515],[-117.1061,34.3514],[-117.1061,34.3513],[-117.1062,34.3513],[-117.1063,34.3513],[-117.1063,34.3512],[-117.1064,34.3511],[-117.1065,34.3511],[-117.1065,34.351],[-117.1066,34.3509],[-117.1066,34.3508],[-117.1067,34.3508],[-117.1068,34.3507],[-117.1069,34.3507],[-117.107,34.3507],[-117.1071,34.3507],[-117.1071,34.3506],[-117.1073,34.3506],[-117.1075,34.3505],[-117.1077,34.3504],[-117.1079,34.3503],[-117.108,34.3503],[-117.1081,34.3502],[-117.1082,34.3501],[-117.1082,34.35],[-117.1083,34.3499],[-117.1085,34.3498],[-117.1086,34.3497],[-117.1086,34.3496],[-117.1087,34.3495],[-117.1088,34.3495],[-117.1089,34.3494],[-117.109,34.3494],[-117.109,34.3493],[-117.109,34.3492],[-117.1089,34.3492],[-117.1089,34.3491],[-117.1089,34.349],[-117.109,34.3489],[-117.1091,34.3488],[-117.1092,34.3488],[-117.1093,34.3488],[-117.1094,34.3488],[-117.1095,34.3488],[-117.1096,34.3488],[-117.1097,34.3488],[-117.1097,34.3487],[-117.1098,34.3487],[-117.1099,34.3487],[-117.11,34.3486],[-117.1101,34.3485],[-117.1102,34.3485],[-117.1103,34.3484],[-117.1104,34.3483],[-117.1105,34.3483],[-117.1106,34.3482],[-117.1107,34.3481],[-117.1108,34.348],[-117.1109,34.3479],[-117.1109,34.3478],[-117.111,34.3477],[-117.1111,34.3476],[-117.1112,34.3475],[-117.1113,34.3475],[-117.1114,34.3474],[-117.1115,34.3473],[-117.1116,34.3472],[-117.1116,34.3471],[-117.1117,34.3471],[-117.1117,34.347],[-117.1117,34.3468],[-117.1117,34.3465],[-117.1117,34.3464],[-117.1117,34.3463],[-117.1117,34.3462],[-117.1116,34.3462],[-117.1116,34.3461],[-117.1115,34.3461],[-117.1113,34.346],[-117.1112,34.346],[-117.1111,34.346],[-117.111,34.346],[-117.1109,34.3459],[-117.111,34.3458],[-117.1111,34.3457],[-117.1112,34.3456],[-117.1113,34.3456],[-117.1114,34.3455],[-117.1114,34.3454],[-117.1115,34.3454],[-117.1115,34.3453],[-117.1115,34.3452],[-117.1115,34.3451],[-117.1114,34.345],[-117.1115,34.3449],[-117.1116,34.3449],[-117.1117,34.3449],[-117.1118,34.3449],[-117.1119,34.3449],[-117.112,34.3449],[-117.1121,34.3449],[-117.1121,34.3448],[-117.1122,34.3448],[-117.1122,34.3447],[-117.1123,34.3446],[-117.1123,34.3445],[-117.1124,34.3444],[-117.1123,34.3443],[-117.1123,34.3442],[-117.1124,34.3441],[-117.1124,34.344],[-117.1124,34.3439],[-117.1125,34.3439],[-117.1125,34.3438],[-117.1125,34.3437],[-117.1124,34.3437],[-117.1124,34.3436],[-117.1124,34.3435],[-117.1124,34.3434],[-117.1125,34.3434],[-117.1126,34.3433],[-117.1127,34.3433],[-117.1127,34.3432],[-117.1127,34.3431],[-117.1127,34.343],[-117.1128,34.343],[-117.1128,34.3429],[-117.1129,34.3428],[-117.1129,34.3427],[-117.1129,34.3426],[-117.1129,34.3425],[-117.1129,34.3423],[-117.1129,34.3422],[-117.1129,34.3421],[-117.113,34.342],[-117.1131,34.342],[-117.1132,34.342],[-117.1133,34.3421],[-117.1134,34.3421],[-117.1135,34.3421],[-117.1136,34.3421],[-117.1137,34.3421],[-117.1138,34.3421],[-117.1139,34.3421],[-117.114,34.3421],[-117.1141,34.342],[-117.1142,34.342],[-117.1143,34.3419],[-117.1143,34.3418],[-117.1143,34.3417],[-117.1143,34.3416],[-117.1143,34.3415],[-117.1143,34.3413],[-117.1144,34.3413],[-117.1144,34.3412],[-117.1145,34.3412],[-117.1146,34.3411],[-117.1146,34.341],[-117.1146,34.3409],[-117.1145,34.3408],[-117.1144,34.3408],[-117.1143,34.3408],[-117.1143,34.3407],[-117.1142,34.3407],[-117.1141,34.3407],[-117.1142,34.3406],[-117.1142,34.3405],[-117.1143,34.3405],[-117.1144,34.3405],[-117.1145,34.3405],[-117.1145,34.3404],[-117.1146,34.3404],[-117.1147,34.3404],[-117.1148,34.3403],[-117.1148,34.3402],[-117.1149,34.3402],[-117.1149,34.3401],[-117.115,34.34],[-117.115,34.3399],[-117.1151,34.3398],[-117.1151,34.3397],[-117.1152,34.3396],[-117.1152,34.3395],[-117.1152,34.3394],[-117.1152,34.3393],[-117.1151,34.3393],[-117.1151,34.3392],[-117.115,34.3391],[-117.1149,34.3391],[-117.1148,34.339],[-117.1147,34.339],[-117.1147,34.3389],[-117.1147,34.3388],[-117.1148,34.3388],[-117.1148,34.3387],[-117.1149,34.3387],[-117.1149,34.3386],[-117.115,34.3385],[-117.115,34.3384],[-117.1151,34.3383],[-117.1152,34.3382],[-117.1152,34.3381],[-117.1152,34.338],[-117.1152,34.3379],[-117.1152,34.3378],[-117.1152,34.3377],[-117.1152,34.3376],[-117.1152,34.3375],[-117.1152,34.3374],[-117.1152,34.3373],[-117.1152,34.3372],[-117.1152,34.337],[-117.1153,34.337],[-117.1153,34.3369],[-117.1153,34.3368],[-117.1153,34.3367],[-117.1153,34.3366],[-117.1153,34.3365],[-117.1152,34.3365],[-117.1151,34.3364],[-117.1151,34.3363],[-117.115,34.3362],[-117.115,34.3361],[-117.115,34.336],[-117.1151,34.3359],[-117.1151,34.3358],[-117.1152,34.3358],[-117.1152,34.3357],[-117.1153,34.3357],[-117.1153,34.3356],[-117.1153,34.3355],[-117.1153,34.3354],[-117.1153,34.3353],[-117.1153,34.3352],[-117.1154,34.3351],[-117.1154,34.335],[-117.1154,34.3349],[-117.1153,34.3348],[-117.1153,34.3347],[-117.1153,34.3346],[-117.1152,34.3346],[-117.1152,34.3345],[-117.1152,34.3344],[-117.1151,34.3343],[-117.1151,34.3342],[-117.1151,34.3341],[-117.1152,34.3341],[-117.1152,34.334],[-117.1152,34.3339],[-117.1153,34.3338],[-117.1154,34.3338],[-117.1155,34.3337],[-117.1156,34.3336],[-117.1156,34.3335],[-117.1157,34.3334],[-117.1157,34.3333],[-117.1158,34.3332],[-117.1159,34.3331],[-117.116,34.3331],[-117.116,34.333],[-117.1161,34.333],[-117.1162,34.3329],[-117.1162,34.3328],[-117.1162,34.3327],[-117.1162,34.3326],[-117.1162,34.3325],[-117.1162,34.3324],[-117.1162,34.3323],[-117.1163,34.3322],[-117.1164,34.3322],[-117.1165,34.3322],[-117.1166,34.3322],[-117.1166,34.3321],[-117.1166,34.332],[-117.1166,34.3319],[-117.1167,34.3319],[-117.1168,34.3319],[-117.1169,34.3319],[-117.117,34.3319],[-117.117,34.332],[-117.1171,34.3321],[-117.1171,34.3322],[-117.1172,34.3323],[-117.1173,34.3323],[-117.1173,34.3324],[-117.1174,34.3324],[-117.1174,34.3323],[-117.1175,34.3323],[-117.1175,34.3322],[-117.1174,34.3322],[-117.1174,34.3321],[-117.1175,34.332],[-117.1175,34.3319],[-117.1175,34.3318],[-117.1175,34.3317],[-117.1175,34.3316],[-117.1176,34.3316],[-117.1177,34.3315],[-117.1177,34.3314],[-117.1178,34.3314],[-117.1177,34.3313],[-117.1176,34.3312],[-117.1177,34.3311],[-117.1178,34.3311],[-117.1179,34.3311],[-117.118,34.3311],[-117.118,34.3312],[-117.118,34.3313],[-117.118,34.3314],[-117.118,34.3315],[-117.1181,34.3315],[-117.1182,34.3315],[-117.1183,34.3315],[-117.1184,34.3315],[-117.1184,34.3314],[-117.1185,34.3314],[-117.1186,34.3314],[-117.1187,34.3314],[-117.1188,34.3314],[-117.1189,34.3314],[-117.119,34.3314],[-117.1191,34.3315],[-117.1192,34.3315],[-117.1193,34.3315],[-117.1194,34.3315],[-117.1195,34.3315],[-117.1196,34.3314],[-117.1196,34.3313],[-117.1196,34.3312],[-117.1196,34.3311],[-117.1196,34.331],[-117.1196,34.3309],[-117.1196,34.3308],[-117.1196,34.3307],[-117.1195,34.3307],[-117.1195,34.3306],[-117.1195,34.3305],[-117.1196,34.3305],[-117.1196,34.3304],[-117.1197,34.3304],[-117.1198,34.3304],[-117.1199,34.3303],[-117.12,34.3303],[-117.1201,34.3302],[-117.1202,34.3302],[-117.1203,34.3302],[-117.1203,34.3301],[-117.1204,34.3301],[-117.1204,34.33],[-117.1205,34.3299],[-117.1206,34.3299],[-117.1207,34.3299],[-117.1208,34.3298],[-117.1209,34.3297],[-117.121,34.3296],[-117.1211,34.3296],[-117.1211,34.3295],[-117.1212,34.3295],[-117.1212,34.3294],[-117.1213,34.3293],[-117.1214,34.3292],[-117.1215,34.3291],[-117.1215,34.329],[-117.1216,34.329],[-117.1216,34.3289],[-117.1217,34.3289],[-117.1218,34.3288],[-117.1219,34.3288],[-117.1219,34.3287],[-117.122,34.3287],[-117.122,34.3286],[-117.1219,34.3285],[-117.1218,34.3285],[-117.1218,34.3284],[-117.1217,34.3284],[-117.1217,34.3283],[-117.1216,34.3282],[-117.1216,34.3281],[-117.1216,34.328],[-117.1215,34.3279],[-117.1215,34.3278],[-117.1214,34.3278],[-117.1214,34.3277],[-117.1213,34.3277],[-117.1212,34.3277],[-117.1211,34.3276],[-117.1211,34.3275],[-117.121,34.3274],[-117.121,34.3273],[-117.1209,34.3273],[-117.1208,34.3272],[-117.1207,34.3271],[-117.1206,34.3271],[-117.1205,34.327],[-117.1204,34.3269],[-117.1204,34.3268],[-117.1205,34.3268],[-117.1205,34.3267],[-117.1206,34.3266],[-117.1207,34.3265],[-117.1207,34.3264],[-117.1208,34.3264],[-117.1209,34.3264],[-117.1209,34.3263],[-117.1209,34.3262],[-117.1209,34.3261],[-117.1209,34.326],[-117.121,34.3259],[-117.1211,34.3259],[-117.1211,34.3258],[-117.121,34.3258],[-117.121,34.3257],[-117.1209,34.3257],[-117.1209,34.3256],[-117.1209,34.3255],[-117.1209,34.3254],[-117.121,34.3254],[-117.1211,34.3254],[-117.1213,34.3254],[-117.1214,34.3254],[-117.1215,34.3254],[-117.1216,34.3254],[-117.1217,34.3255],[-117.1218,34.3255],[-117.1219,34.3255],[-117.122,34.3256],[-117.1221,34.3256],[-117.1222,34.3256],[-117.1223,34.3256],[-117.1223,34.3255],[-117.1224,34.3255],[-117.1225,34.3254],[-117.1225,34.3253],[-117.1226,34.3253],[-117.1225,34.3252],[-117.1224,34.3252],[-117.1223,34.3252],[-117.1222,34.3252],[-117.1221,34.3252],[-117.122,34.3252],[-117.1219,34.3252],[-117.1218,34.3252],[-117.1217,34.3251],[-117.1216,34.3251],[-117.1214,34.3251],[-117.1213,34.325]]}},{"type":"Feature","properties":{"id":"3N34C","name":"SPLINTERS CABIN","kind":"road","access":"plate","seasonal":false},"geometry":{"type":"LineString","coordinates":[[-117.1363,34.2714],[-117.1361,34.2714],[-117.136,34.2714],[-117.1359,34.2714],[-117.1357,34.2714],[-117.1355,34.2714],[-117.1354,34.2714],[-117.1353,34.2714],[-117.1353,34.2715],[-117.1352,34.2715],[-117.1351,34.2716],[-117.135,34.2716],[-117.1349,34.2717],[-117.1347,34.2717],[-117.1346,34.2717],[-117.1345,34.2717],[-117.1344,34.2718],[-117.1342,34.2718],[-117.1341,34.2719],[-117.1339,34.272],[-117.1337,34.2721],[-117.1336,34.2722],[-117.1335,34.2722],[-117.1334,34.2723],[-117.1333,34.2723],[-117.1332,34.2725],[-117.1331,34.2725],[-117.133,34.2725],[-117.1329,34.2724],[-117.1328,34.2725],[-117.1327,34.2725],[-117.1325,34.2725],[-117.1324,34.2725],[-117.1322,34.2725],[-117.1321,34.2725],[-117.132,34.2725],[-117.1318,34.2725],[-117.1315,34.2725],[-117.1313,34.2725],[-117.1312,34.2725],[-117.1311,34.2725],[-117.1311,34.2724],[-117.131,34.2724],[-117.1309,34.2724],[-117.1308,34.2724],[-117.1307,34.2725],[-117.1306,34.2725],[-117.1305,34.2726],[-117.1304,34.2726],[-117.1303,34.2726],[-117.1301,34.2726],[-117.13,34.2726],[-117.1298,34.2726],[-117.1296,34.2727],[-117.1295,34.2727],[-117.1294,34.2726],[-117.1293,34.2726],[-117.1292,34.2726],[-117.1292,34.2725],[-117.1291,34.2725],[-117.129,34.2725],[-117.1289,34.2726],[-117.1289,34.2727]]}},{"type":"Feature","properties":{"id":"2N03","name":"BURNT MILL","kind":"road","access":"plate","seasonal":false},"geometry":{"type":"LineString","coordinates":[[-117.3172,34.2734],[-117.3172,34.2732],[-117.3172,34.2731],[-117.3171,34.2729],[-117.317,34.2728],[-117.3169,34.2727],[-117.3168,34.2727],[-117.3166,34.2727],[-117.3165,34.2727],[-117.3164,34.2727],[-117.3163,34.2726],[-117.3162,34.2726],[-117.3161,34.2726],[-117.3161,34.2725],[-117.3161,34.2724],[-117.3162,34.2723],[-117.3163,34.2723],[-117.3164,34.2724],[-117.3165,34.2724],[-117.3166,34.2724],[-117.3167,34.2723],[-117.3168,34.2723],[-117.3169,34.2723],[-117.3169,34.2722],[-117.317,34.2722],[-117.3171,34.2721],[-117.3172,34.2721],[-117.3172,34.2722],[-117.3173,34.2722],[-117.3173,34.2723],[-117.3174,34.2724],[-117.3175,34.2724],[-117.3176,34.2725],[-117.3177,34.2725],[-117.3178,34.2725],[-117.3179,34.2726],[-117.318,34.2726],[-117.3181,34.2727],[-117.3182,34.2727],[-117.3183,34.2727],[-117.3184,34.2727],[-117.3185,34.2727],[-117.3186,34.2727],[-117.3186,34.2726],[-117.3187,34.2726],[-117.3187,34.2725],[-117.3187,34.2724],[-117.3187,34.2723],[-117.3186,34.2722],[-117.3186,34.2721],[-117.3186,34.272],[-117.3187,34.272],[-117.3189,34.2718],[-117.319,34.2718],[-117.319,34.2717],[-117.319,34.2716],[-117.319,34.2715],[-117.319,34.2714],[-117.3191,34.2714],[-117.3191,34.2713],[-117.3192,34.2713],[-117.3194,34.2713],[-117.3195,34.2712],[-117.3196,34.2712],[-117.3196,34.2711],[-117.3196,34.271],[-117.3197,34.2709],[-117.3198,34.2709],[-117.3199,34.2709],[-117.32,34.2709],[-117.3201,34.2708],[-117.3202,34.2708],[-117.3203,34.2707],[-117.3204,34.2706],[-117.3205,34.2706],[-117.3205,34.2705],[-117.3206,34.2705],[-117.3207,34.2706],[-117.3209,34.2706],[-117.321,34.2706],[-117.3212,34.2706],[-117.3214,34.2706],[-117.3215,34.2706],[-117.3217,34.2706],[-117.3216,34.2705],[-117.3215,34.2704],[-117.3213,34.2704],[-117.3212,34.2703],[-117.3211,34.2703],[-117.321,34.2703],[-117.3209,34.2702],[-117.3209,34.2701],[-117.3208,34.2701],[-117.3207,34.2701],[-117.3205,34.2701],[-117.3203,34.2701],[-117.32,34.2701],[-117.3199,34.27],[-117.3198,34.27],[-117.3197,34.2699],[-117.3196,34.2698],[-117.3195,34.2696],[-117.3195,34.2695],[-117.3194,34.2694],[-117.3193,34.2693],[-117.3192,34.2693],[-117.3191,34.2694],[-117.319,34.2695],[-117.319,34.2696],[-117.3189,34.2696],[-117.3188,34.2697],[-117.3187,34.2697],[-117.3186,34.2697],[-117.3185,34.2696],[-117.3185,34.2695],[-117.3186,34.2694],[-117.3187,34.2692],[-117.3188,34.2691],[-117.3188,34.269],[-117.3189,34.2689],[-117.3189,34.2688],[-117.319,34.2688],[-117.3191,34.2687],[-117.3192,34.2687],[-117.3193,34.2686],[-117.3194,34.2686],[-117.3195,34.2686],[-117.3195,34.2685],[-117.3196,34.2684],[-117.3196,34.2683],[-117.3197,34.2683],[-117.3199,34.2683],[-117.32,34.2682],[-117.3201,34.2682],[-117.3201,34.2683],[-117.3202,34.2684],[-117.3203,34.2684],[-117.3204,34.2685],[-117.3205,34.2685],[-117.3206,34.2685],[-117.3207,34.2685],[-117.3207,34.2684],[-117.3206,34.2684],[-117.3206,34.2683],[-117.3205,34.2682],[-117.3204,34.2681],[-117.3204,34.268],[-117.3205,34.2679],[-117.3205,34.2678],[-117.3204,34.2677],[-117.3203,34.2677],[-117.3201,34.2677],[-117.32,34.2676],[-117.3199,34.2676],[-117.3198,34.2675],[-117.3197,34.2675],[-117.3197,34.2674],[-117.3197,34.2673],[-117.3198,34.2672],[-117.3197,34.2671],[-117.3198,34.267],[-117.3198,34.2669],[-117.3198,34.2668],[-117.3199,34.2667],[-117.32,34.2666],[-117.3201,34.2665],[-117.3202,34.2664],[-117.3202,34.2663],[-117.3202,34.2662],[-117.3202,34.2661]]}},{"type":"Feature","properties":{"id":"2N03","name":"BURNT MILL","kind":"road","access":"plate","seasonal":false},"geometry":{"type":"LineString","coordinates":[[-117.3133,34.259],[-117.3133,34.2589],[-117.3134,34.2587],[-117.3134,34.2584],[-117.3135,34.2583],[-117.3135,34.2581],[-117.3135,34.258],[-117.3135,34.2579],[-117.3134,34.2577],[-117.3134,34.2576],[-117.3134,34.2575],[-117.3134,34.2574],[-117.3134,34.2573],[-117.3133,34.2572],[-117.3132,34.257],[-117.3131,34.2568],[-117.313,34.2567],[-117.313,34.2566],[-117.313,34.2564],[-117.313,34.2563],[-117.313,34.2562],[-117.313,34.2561],[-117.313,34.256],[-117.3131,34.2558],[-117.3131,34.2557],[-117.313,34.2556],[-117.313,34.2555],[-117.3129,34.2555],[-117.3128,34.2555],[-117.3127,34.2555],[-117.3127,34.2554],[-117.3126,34.2553],[-117.3127,34.2552],[-117.3127,34.2551],[-117.3128,34.2551],[-117.3129,34.255],[-117.313,34.2549],[-117.3131,34.2549]]}},{"type":"Feature","properties":{"id":"2N63","name":"4000 FOOT","kind":"road","access":"plate","seasonal":false},"geometry":{"type":"LineString","coordinates":[[-117.3152,34.2728],[-117.3151,34.2729],[-117.315,34.273],[-117.3148,34.273],[-117.3146,34.2731],[-117.3144,34.2731],[-117.3143,34.2732],[-117.3142,34.2732],[-117.314,34.2732],[-117.3138,34.2732],[-117.3138,34.2731],[-117.3137,34.273],[-117.3136,34.273],[-117.3137,34.2729],[-117.3138,34.2724],[-117.3139,34.2723],[-117.314,34.2722],[-117.3141,34.2721],[-117.3142,34.272],[-117.3143,34.2719],[-117.3143,34.2718],[-117.3144,34.2717],[-117.3144,34.2716],[-117.3144,34.2715],[-117.3143,34.2715],[-117.3142,34.2715],[-117.3141,34.2715],[-117.3139,34.2716],[-117.3136,34.2717],[-117.3133,34.2717],[-117.3132,34.2718],[-117.3131,34.2717],[-117.313,34.2717],[-117.3129,34.2716],[-117.3129,34.2715],[-117.3129,34.2714],[-117.3129,34.2712],[-117.3129,34.2711],[-117.313,34.271],[-117.313,34.2709],[-117.313,34.2708],[-117.3129,34.2708],[-117.3128,34.2708],[-117.3127,34.2709],[-117.3126,34.2709],[-117.3125,34.2709],[-117.3123,34.2709],[-117.3122,34.2708],[-117.3121,34.2708],[-117.312,34.2707],[-117.3119,34.2707],[-117.3119,34.2706],[-117.3119,34.2705],[-117.3118,34.2705],[-117.3118,34.2704],[-117.3117,34.2704],[-117.3116,34.2705],[-117.3116,34.2706],[-117.3115,34.2708],[-117.3114,34.2708],[-117.3113,34.2708],[-117.3112,34.2708],[-117.3111,34.2707],[-117.311,34.2707],[-117.3109,34.2707],[-117.3107,34.2707],[-117.3105,34.2707],[-117.3102,34.2706],[-117.3101,34.2706],[-117.3101,34.2705],[-117.31,34.2705],[-117.31,34.2704],[-117.31,34.2703],[-117.3099,34.2702],[-117.3098,34.2702],[-117.3097,34.2701],[-117.3096,34.27],[-117.3096,34.2699],[-117.3095,34.2698],[-117.3094,34.2697],[-117.3094,34.2696],[-117.3094,34.2695],[-117.3093,34.2695],[-117.3091,34.2694],[-117.3089,34.2693],[-117.3088,34.2692],[-117.3087,34.2692],[-117.3086,34.2693],[-117.3086,34.2694],[-117.3085,34.2695],[-117.3083,34.2695],[-117.3082,34.2695],[-117.3081,34.2695],[-117.308,34.2695],[-117.3079,34.2695],[-117.3078,34.2694],[-117.3077,34.2693],[-117.3076,34.2693],[-117.3076,34.2692],[-117.3075,34.2692],[-117.3075,34.2691],[-117.3074,34.2691],[-117.3073,34.2691],[-117.3072,34.2691],[-117.3071,34.2692],[-117.307,34.2692],[-117.3069,34.2693],[-117.3068,34.2692],[-117.3067,34.2692],[-117.3065,34.2691],[-117.3064,34.269],[-117.3062,34.2689],[-117.3061,34.2689],[-117.306,34.2689],[-117.3059,34.2689],[-117.3058,34.2689],[-117.3058,34.269],[-117.3058,34.2691],[-117.3057,34.2692],[-117.3057,34.2693],[-117.3057,34.2695],[-117.3056,34.2696],[-117.3055,34.2696],[-117.3055,34.2697],[-117.3054,34.2697],[-117.3053,34.2698],[-117.3052,34.2697],[-117.3052,34.2696],[-117.3051,34.2695],[-117.305,34.2694],[-117.3048,34.2692],[-117.3046,34.2691],[-117.3045,34.2689],[-117.3044,34.2688],[-117.3042,34.2687],[-117.3041,34.2686],[-117.3038,34.2683],[-117.3036,34.2681],[-117.3034,34.268],[-117.3033,34.2679],[-117.3033,34.2678],[-117.3032,34.2677],[-117.3032,34.2676],[-117.3031,34.2675],[-117.303,34.2674],[-117.3029,34.2673],[-117.3028,34.2673],[-117.3026,34.2674],[-117.3025,34.2675],[-117.3024,34.2676],[-117.3023,34.2677],[-117.3022,34.2678],[-117.3021,34.2679],[-117.3019,34.2679],[-117.3018,34.268],[-117.3016,34.2681],[-117.3015,34.2681],[-117.3014,34.2681],[-117.3013,34.2681],[-117.3012,34.2681],[-117.3011,34.2681],[-117.301,34.2681],[-117.3009,34.2682],[-117.3008,34.2683],[-117.3008,34.2684],[-117.3008,34.2685],[-117.3008,34.2687],[-117.3008,34.2688],[-117.3007,34.2688],[-117.3006,34.2689],[-117.3005,34.2689],[-117.3004,34.2689],[-117.3003,34.2688],[-117.3002,34.2688],[-117.3001,34.2687],[-117.3001,34.2686],[-117.3,34.2686],[-117.2998,34.2685],[-117.2997,34.2684],[-117.2996,34.2684],[-117.2995,34.2684],[-117.2993,34.2684],[-117.2992,34.2684],[-117.2991,34.2684],[-117.299,34.2684],[-117.2988,34.2685],[-117.2987,34.2685],[-117.2986,34.2686],[-117.2985,34.2686],[-117.2984,34.2686],[-117.2984,34.2685],[-117.2985,34.2684],[-117.2986,34.2683],[-117.2987,34.2682],[-117.2987,34.2681],[-117.2987,34.268],[-117.2986,34.268],[-117.2984,34.2679],[-117.2983,34.268],[-117.2982,34.268],[-117.2981,34.2679],[-117.298,34.2679],[-117.2979,34.2678],[-117.2978,34.2678],[-117.2977,34.2677],[-117.2976,34.2677],[-117.2975,34.2678],[-117.2975,34.2679],[-117.2974,34.2679],[-117.2973,34.268],[-117.2972,34.2681],[-117.2971,34.2681],[-117.297,34.268],[-117.2969,34.268],[-117.2968,34.2679],[-117.2967,34.2679],[-117.2966,34.2678],[-117.2964,34.2678],[-117.2963,34.2678],[-117.2962,34.2679],[-117.296,34.2679],[-117.2959,34.268],[-117.2959,34.2681],[-117.2958,34.2681],[-117.2957,34.2682],[-117.2955,34.2682],[-117.2954,34.2682],[-117.2953,34.2683],[-117.2952,34.2683],[-117.2951,34.2683],[-117.295,34.2683],[-117.2949,34.2682],[-117.2948,34.2682],[-117.2946,34.2681],[-117.2945,34.2681],[-117.2943,34.268],[-117.2942,34.2679],[-117.2941,34.2679],[-117.294,34.2679],[-117.2939,34.2679],[-117.2938,34.2679],[-117.2937,34.2679],[-117.2937,34.2678],[-117.2936,34.2678],[-117.2936,34.2677],[-117.2937,34.2676],[-117.2936,34.2675],[-117.2935,34.2675],[-117.2934,34.2674],[-117.2933,34.2673],[-117.2932,34.2673],[-117.2931,34.2672],[-117.293,34.2671],[-117.293,34.267],[-117.293,34.2669],[-117.2931,34.2668],[-117.2931,34.2667],[-117.2931,34.2666],[-117.2932,34.2665],[-117.2933,34.2664],[-117.2934,34.2663],[-117.2934,34.2662],[-117.2934,34.2661],[-117.2933,34.266],[-117.2933,34.2659],[-117.2933,34.2658],[-117.2932,34.2657],[-117.2931,34.2657],[-117.293,34.2658],[-117.2929,34.2658],[-117.2927,34.2659],[-117.2925,34.266],[-117.2923,34.2661],[-117.2923,34.2662],[-117.2922,34.2662]]}},{"type":"Feature","properties":{"id":"1N96C1","name":"KELLER YP06","kind":"road","access":"plate","seasonal":false},"geometry":{"type":"LineString","coordinates":[[-117.0647,34.2107],[-117.0648,34.2107],[-117.0649,34.2107],[-117.065,34.2107],[-117.0651,34.2107],[-117.0652,34.2107],[-117.0653,34.2107],[-117.0654,34.2107],[-117.0654,34.2106]]}},{"type":"Feature","properties":{"id":"1N96A","name":"KELLER YP01","kind":"road","access":"plate","seasonal":false},"geometry":{"type":"LineString","coordinates":[[-117.0768,34.2066],[-117.077,34.2067]]}},{"type":"Feature","properties":{"id":"3N67","name":"3N67","kind":"road","access":"green","seasonal":false},"geometry":{"type":"LineString","coordinates":[[-117.1054,34.3524],[-117.1054,34.3525],[-117.1053,34.3526],[-117.1053,34.3527],[-117.1053,34.3528],[-117.1053,34.3529],[-117.1054,34.3529],[-117.1055,34.3529],[-117.1056,34.353],[-117.1059,34.353],[-117.106,34.353],[-117.1061,34.353],[-117.1065,34.353],[-117.1066,34.353],[-117.1067,34.3529],[-117.1068,34.3529],[-117.1069,34.3529],[-117.1071,34.3529],[-117.1073,34.3529],[-117.1074,34.3529],[-117.1074,34.353],[-117.1075,34.353],[-117.1076,34.353],[-117.1077,34.353],[-117.1078,34.3529],[-117.1079,34.3529],[-117.108,34.3528],[-117.1081,34.3528],[-117.1082,34.3528],[-117.1084,34.3528],[-117.1085,34.3528],[-117.1086,34.3528],[-117.1087,34.3528],[-117.1088,34.3528],[-117.1089,34.3528],[-117.109,34.3528],[-117.1091,34.3528],[-117.1092,34.3528],[-117.1094,34.3528],[-117.1095,34.3529],[-117.1096,34.3529],[-117.1097,34.3529],[-117.1098,34.353],[-117.1099,34.353],[-117.1099,34.3529],[-117.11,34.3529],[-117.1101,34.3528],[-117.1102,34.3528],[-117.1103,34.3528],[-117.1104,34.3528],[-117.1105,34.3528],[-117.1105,34.3529],[-117.1106,34.3529],[-117.1107,34.3529],[-117.1108,34.3529],[-117.1109,34.3529],[-117.111,34.3529],[-117.1111,34.3529],[-117.1112,34.3529],[-117.1113,34.3529],[-117.1114,34.3529],[-117.1115,34.3529],[-117.1116,34.3529],[-117.1117,34.3528],[-117.1118,34.3528],[-117.1119,34.3527],[-117.112,34.3527],[-117.1121,34.3527],[-117.1122,34.3527],[-117.1123,34.3526],[-117.1124,34.3526],[-117.1125,34.3525],[-117.1126,34.3525],[-117.1128,34.3524],[-117.1129,34.3523],[-117.113,34.3523],[-117.113,34.3522],[-117.1131,34.3522],[-117.1132,34.3521],[-117.1133,34.352],[-117.1134,34.352],[-117.1135,34.3519],[-117.1136,34.3519],[-117.1137,34.3519],[-117.1137,34.3518],[-117.1138,34.3518],[-117.1139,34.3518],[-117.114,34.3517],[-117.1141,34.3517],[-117.1142,34.3517],[-117.1143,34.3516],[-117.1144,34.3516],[-117.1145,34.3517],[-117.1146,34.3517],[-117.1147,34.3517],[-117.1148,34.3517],[-117.1149,34.3517],[-117.115,34.3517],[-117.1151,34.3517],[-117.1152,34.3517],[-117.1154,34.3517],[-117.1155,34.3517],[-117.1156,34.3517],[-117.1157,34.3517],[-117.1158,34.3517],[-117.1159,34.3516],[-117.116,34.3516],[-117.1161,34.3516],[-117.1162,34.3515],[-117.1163,34.3515],[-117.1164,34.3514],[-117.1165,34.3514],[-117.1165,34.3513],[-117.1165,34.3512],[-117.1166,34.3511],[-117.1166,34.351],[-117.1166,34.3509],[-117.1167,34.3509],[-117.1167,34.3508],[-117.1167,34.3507],[-117.1167,34.3506],[-117.1167,34.3505],[-117.1167,34.3504],[-117.1166,34.3503],[-117.1166,34.3502],[-117.1166,34.3501],[-117.1167,34.3501],[-117.1167,34.35],[-117.1168,34.35],[-117.1169,34.3499],[-117.117,34.3499],[-117.1171,34.3499],[-117.1172,34.3499],[-117.1173,34.3499],[-117.1173,34.35],[-117.1174,34.35],[-117.1175,34.35],[-117.1176,34.35],[-117.1177,34.35],[-117.1178,34.35],[-117.1179,34.35],[-117.118,34.35],[-117.1181,34.3501],[-117.1182,34.3501],[-117.1183,34.3501],[-117.1184,34.3501],[-117.1185,34.3501],[-117.1186,34.3502],[-117.1187,34.3502],[-117.1188,34.3502],[-117.1189,34.3502],[-117.119,34.3502],[-117.1191,34.3503],[-117.1192,34.3503],[-117.1193,34.3504],[-117.1194,34.3504],[-117.1194,34.3505],[-117.1195,34.3505],[-117.1196,34.3505],[-117.1197,34.3505],[-117.1198,34.3505],[-117.1199,34.3505],[-117.12,34.3505],[-117.1201,34.3505],[-117.1201,34.3506],[-117.1202,34.3506],[-117.1203,34.3507],[-117.1203,34.3508],[-117.1204,34.3508],[-117.1204,34.3509],[-117.1204,34.351],[-117.1203,34.351],[-117.1204,34.3511],[-117.1204,34.3512],[-117.1204,34.3513],[-117.1205,34.3513],[-117.1206,34.3513],[-117.1207,34.3513],[-117.1207,34.3514],[-117.1208,34.3514],[-117.1209,34.3514],[-117.121,34.3515],[-117.1211,34.3515],[-117.1212,34.3516],[-117.1213,34.3516],[-117.1214,34.3516],[-117.1214,34.3517],[-117.1215,34.3517],[-117.1216,34.3517],[-117.1217,34.3518],[-117.1218,34.3518],[-117.1219,34.3518],[-117.122,34.3518],[-117.1221,34.3518],[-117.1221,34.3517],[-117.1222,34.3517],[-117.1223,34.3518],[-117.1224,34.3519],[-117.1225,34.352],[-117.1226,34.3521],[-117.1227,34.3522],[-117.1228,34.3522],[-117.1229,34.3522],[-117.123,34.3522],[-117.123,34.3523],[-117.1231,34.3522],[-117.1232,34.3522],[-117.1233,34.3522],[-117.1234,34.3523],[-117.1235,34.3523],[-117.1236,34.3523],[-117.1236,34.3522],[-117.1237,34.3522],[-117.1238,34.3522],[-117.1239,34.3522],[-117.124,34.3522],[-117.1241,34.3522],[-117.1242,34.3522],[-117.1243,34.3522],[-117.1244,34.3522],[-117.1245,34.3523],[-117.1246,34.3523],[-117.1247,34.3523],[-117.1247,34.3524],[-117.1248,34.3525],[-117.1249,34.3525],[-117.125,34.3525],[-117.125,34.3526],[-117.1251,34.3526],[-117.1252,34.3527],[-117.1252,34.3526],[-117.1253,34.3526],[-117.1253,34.3525],[-117.1254,34.3526],[-117.1255,34.3526],[-117.1256,34.3527],[-117.1257,34.3527],[-117.1258,34.3528],[-117.1258,34.3529],[-117.1259,34.3529],[-117.1259,34.353],[-117.126,34.353],[-117.126,34.3531],[-117.1261,34.3532],[-117.1261,34.3533],[-117.1262,34.3533],[-117.1262,34.3534],[-117.1263,34.3534],[-117.1264,34.3534],[-117.1265,34.3534],[-117.1266,34.3534],[-117.1266,34.3535],[-117.1268,34.3535],[-117.1269,34.3534],[-117.127,34.3534],[-117.127,34.3533],[-117.1271,34.3533],[-117.1272,34.3534],[-117.1273,34.3534],[-117.1274,34.3535],[-117.1275,34.3535],[-117.1276,34.3535],[-117.1278,34.3536],[-117.1279,34.3536],[-117.128,34.3536],[-117.128,34.3537],[-117.1281,34.3537],[-117.1282,34.3537],[-117.1283,34.3537],[-117.1284,34.3537],[-117.1284,34.3538],[-117.1285,34.3538],[-117.1286,34.3538],[-117.1287,34.3539],[-117.1289,34.3539],[-117.129,34.3539],[-117.1291,34.3539],[-117.1292,34.354],[-117.1293,34.354],[-117.1294,34.354],[-117.1295,34.3541],[-117.1296,34.3541],[-117.1297,34.3541],[-117.1298,34.3541],[-117.1299,34.3541],[-117.1301,34.3542],[-117.1302,34.3542],[-117.1304,34.3542],[-117.1305,34.3542],[-117.1306,34.3542],[-117.1307,34.3542],[-117.1308,34.3543],[-117.131,34.3543],[-117.1311,34.3543],[-117.1313,34.3544],[-117.1314,34.3544],[-117.1315,34.3544],[-117.1316,34.3544],[-117.1317,34.3544],[-117.1318,34.3544],[-117.1319,34.3544],[-117.132,34.3544],[-117.1321,34.3544],[-117.1322,34.3544],[-117.1323,34.3544],[-117.1324,34.3544],[-117.1326,34.3544],[-117.1327,34.3544],[-117.1327,34.3545],[-117.1328,34.3545],[-117.1329,34.3545],[-117.133,34.3546],[-117.1331,34.3546],[-117.1332,34.3546],[-117.1333,34.3546],[-117.1334,34.3545],[-117.1335,34.3545],[-117.1336,34.3545],[-117.1337,34.3545],[-117.1339,34.3545],[-117.134,34.3545],[-117.1341,34.3545],[-117.1342,34.3545],[-117.1343,34.3545],[-117.1344,34.3544],[-117.1346,34.3544],[-117.1347,34.3544],[-117.1348,34.3544],[-117.1349,34.3545],[-117.135,34.3546],[-117.1351,34.3546],[-117.1352,34.3547],[-117.1352,34.3548],[-117.1353,34.3549],[-117.1354,34.3549],[-117.1354,34.355],[-117.1355,34.355],[-117.1356,34.3551],[-117.1357,34.3551],[-117.1358,34.3551],[-117.1359,34.3552],[-117.1361,34.3552],[-117.1362,34.3552],[-117.1363,34.3552],[-117.1364,34.3551],[-117.1365,34.3551],[-117.1366,34.355],[-117.1367,34.3549],[-117.1368,34.3549],[-117.1369,34.3549],[-117.137,34.3549],[-117.1371,34.3549],[-117.1372,34.3549],[-117.1373,34.3549],[-117.1374,34.3549],[-117.1375,34.3549],[-117.1375,34.355],[-117.1376,34.355],[-117.1377,34.355],[-117.1377,34.3551],[-117.1378,34.3551],[-117.1379,34.3551],[-117.138,34.3551],[-117.1381,34.3551],[-117.1382,34.3551],[-117.1383,34.3551],[-117.1384,34.3551],[-117.1385,34.355],[-117.1386,34.3551],[-117.1386,34.3552],[-117.1387,34.3553],[-117.1388,34.3553],[-117.1388,34.3554],[-117.1389,34.3554],[-117.1391,34.3555],[-117.1392,34.3555],[-117.1393,34.3555],[-117.1394,34.3555],[-117.1395,34.3554],[-117.1396,34.3553],[-117.1397,34.3553],[-117.1398,34.3552],[-117.1399,34.3552],[-117.14,34.3551],[-117.1401,34.3552],[-117.1402,34.3552],[-117.1403,34.3553],[-117.1404,34.3553],[-117.1404,34.3554],[-117.1405,34.3554],[-117.1406,34.3555],[-117.1407,34.3555],[-117.1408,34.3555],[-117.1409,34.3555],[-117.141,34.3555],[-117.1411,34.3555],[-117.1411,34.3556],[-117.1412,34.3556],[-117.1414,34.3557],[-117.1415,34.3557],[-117.1416,34.3557],[-117.1417,34.3557],[-117.1418,34.3558],[-117.1419,34.3558],[-117.142,34.3558],[-117.1421,34.3558],[-117.1422,34.3558],[-117.1423,34.3558],[-117.1425,34.3558],[-117.1427,34.3558],[-117.1429,34.3558],[-117.143,34.3558],[-117.1432,34.3558],[-117.1433,34.3557],[-117.1434,34.3557],[-117.1435,34.3557],[-117.1436,34.3557],[-117.1436,34.3556],[-117.1437,34.3556],[-117.1438,34.3556],[-117.1439,34.3556],[-117.144,34.3556],[-117.1441,34.3556],[-117.1442,34.3557],[-117.1443,34.3557],[-117.1444,34.3557],[-117.1445,34.3556],[-117.1446,34.3556],[-117.1447,34.3556],[-117.1448,34.3556],[-117.1449,34.3556],[-117.145,34.3556],[-117.1451,34.3555],[-117.1452,34.3554],[-117.1452,34.3553],[-117.1453,34.3553],[-117.1454,34.3553],[-117.1455,34.3553],[-117.1456,34.3553],[-117.1457,34.3553],[-117.1458,34.3553],[-117.1459,34.3553],[-117.146,34.3553],[-117.1461,34.3552],[-117.1462,34.3552],[-117.1463,34.3551],[-117.1464,34.3551],[-117.1464,34.355],[-117.1465,34.3549],[-117.1466,34.3548],[-117.1467,34.3548],[-117.1469,34.3548],[-117.147,34.3548],[-117.1471,34.3547],[-117.1472,34.3546],[-117.1474,34.3546],[-117.1475,34.3545],[-117.1476,34.3544],[-117.1477,34.3543],[-117.1478,34.3542],[-117.1479,34.3541],[-117.148,34.354],[-117.1481,34.3539],[-117.1482,34.3539],[-117.1484,34.3539],[-117.1485,34.3539],[-117.1486,34.354],[-117.1487,34.3541],[-117.1488,34.3542],[-117.1488,34.3544],[-117.1489,34.3544],[-117.149,34.3545],[-117.1491,34.3546],[-117.1493,34.3546],[-117.1494,34.3547],[-117.1496,34.3547],[-117.1498,34.3546],[-117.1499,34.3546],[-117.15,34.3545],[-117.1501,34.3545],[-117.1502,34.3544],[-117.1502,34.3543],[-117.1503,34.3542],[-117.1503,34.3541],[-117.1504,34.3541],[-117.1506,34.3541],[-117.1508,34.3541],[-117.151,34.3542],[-117.1511,34.3542],[-117.1512,34.3541],[-117.1513,34.3541],[-117.1514,34.354],[-117.1515,34.354],[-117.1516,34.354],[-117.1517,34.354],[-117.1518,34.354],[-117.1519,34.354],[-117.152,34.3541],[-117.1521,34.3541],[-117.1522,34.3541],[-117.1523,34.3542],[-117.1524,34.3542],[-117.1525,34.3542],[-117.1525,34.3543],[-117.1526,34.3544],[-117.1527,34.3545],[-117.1529,34.3545],[-117.153,34.3545],[-117.1532,34.3544],[-117.1533,34.3544],[-117.1534,34.3545],[-117.1535,34.3545],[-117.1536,34.3545],[-117.1538,34.3545],[-117.154,34.3545],[-117.1542,34.3545],[-117.1544,34.3545],[-117.1546,34.3545],[-117.1547,34.3545],[-117.1548,34.3546],[-117.155,34.3547],[-117.1551,34.3546],[-117.1552,34.3546],[-117.1554,34.3545],[-117.1555,34.3545],[-117.1557,34.3544],[-117.1558,34.3544],[-117.156,34.3543],[-117.1561,34.3543],[-117.1563,34.3543],[-117.1564,34.3544],[-117.1565,34.3544],[-117.1566,34.3544],[-117.1567,34.3545],[-117.1568,34.3546],[-117.1569,34.3546],[-117.157,34.3547],[-117.1572,34.3547],[-117.1573,34.3547],[-117.1574,34.3548],[-117.1575,34.3547],[-117.1576,34.3548],[-117.1577,34.3548],[-117.1578,34.3548],[-117.1579,34.3547],[-117.1581,34.3547],[-117.1582,34.3548],[-117.1583,34.3548],[-117.1584,34.3548],[-117.1585,34.3548],[-117.1586,34.3548],[-117.1586,34.3549],[-117.1587,34.355],[-117.1588,34.355],[-117.1589,34.355],[-117.159,34.355],[-117.159,34.3549],[-117.159,34.3548],[-117.1591,34.3547],[-117.1591,34.3545],[-117.1592,34.3544],[-117.1593,34.3544],[-117.1594,34.3544],[-117.1595,34.3544],[-117.1596,34.3544],[-117.1597,34.3544],[-117.1597,34.3545],[-117.1598,34.3545],[-117.1599,34.3545],[-117.1601,34.3545],[-117.1602,34.3546],[-117.1603,34.3546],[-117.1604,34.3547],[-117.1604,34.3548],[-117.1605,34.3549],[-117.1606,34.3549],[-117.1607,34.3548],[-117.1608,34.3547],[-117.1609,34.3546],[-117.161,34.3545],[-117.161,34.3543],[-117.1611,34.3542],[-117.1611,34.3541],[-117.1612,34.3539],[-117.1613,34.3538],[-117.1613,34.3537],[-117.1614,34.3536],[-117.1615,34.3535],[-117.1617,34.3534],[-117.1618,34.3534],[-117.1619,34.3534],[-117.162,34.3534],[-117.1621,34.3534],[-117.1623,34.3534],[-117.1624,34.3534],[-117.1625,34.3534],[-117.1626,34.3534],[-117.1628,34.3535],[-117.1629,34.3536],[-117.163,34.3536],[-117.1633,34.3536],[-117.1634,34.3536],[-117.1636,34.3536],[-117.1637,34.3537],[-117.1638,34.3535],[-117.1639,34.3534],[-117.1639,34.3533],[-117.1639,34.3532],[-117.1638,34.3532],[-117.1638,34.353],[-117.1639,34.353],[-117.1639,34.3528],[-117.164,34.3527],[-117.1641,34.3527],[-117.1642,34.3526],[-117.1643,34.3525],[-117.1644,34.3524],[-117.1644,34.3523],[-117.1644,34.3521],[-117.1644,34.352],[-117.1644,34.3519],[-117.1644,34.3518],[-117.1644,34.3517],[-117.1644,34.3515],[-117.1643,34.3515],[-117.1643,34.3514],[-117.1642,34.3513],[-117.1642,34.3512],[-117.1642,34.3511],[-117.1642,34.351],[-117.1643,34.3509],[-117.1644,34.3508],[-117.1645,34.3507],[-117.1646,34.3506],[-117.1647,34.3506],[-117.1648,34.3506],[-117.165,34.3506],[-117.1652,34.3506],[-117.1653,34.3507],[-117.1654,34.3507],[-117.1655,34.3507],[-117.1656,34.3508],[-117.1656,34.3509],[-117.1656,34.3511],[-117.1656,34.3512],[-117.1656,34.3513],[-117.1656,34.3515],[-117.1657,34.3516],[-117.1658,34.3518],[-117.1659,34.3519],[-117.166,34.352],[-117.1661,34.352],[-117.1662,34.352],[-117.1663,34.352],[-117.1665,34.352],[-117.1666,34.352],[-117.1668,34.3521],[-117.167,34.3521],[-117.1672,34.3522],[-117.1673,34.3523],[-117.1674,34.3523],[-117.1675,34.3524],[-117.1676,34.3524],[-117.1677,34.3525],[-117.1678,34.3526],[-117.1678,34.3527],[-117.1679,34.3527],[-117.1679,34.3528],[-117.168,34.3529],[-117.1681,34.353],[-117.1682,34.3531],[-117.1682,34.3532],[-117.1682,34.3533],[-117.1683,34.3533],[-117.1684,34.3534],[-117.1686,34.3534],[-117.1686,34.3535],[-117.1687,34.3535],[-117.1688,34.3536],[-117.1689,34.3536],[-117.169,34.3536],[-117.1691,34.3536],[-117.1692,34.3537],[-117.1693,34.3537],[-117.1695,34.3538],[-117.1697,34.3539],[-117.1698,34.3539],[-117.1699,34.3539],[-117.17,34.354],[-117.1701,34.3541],[-117.1702,34.3541],[-117.1703,34.3542],[-117.1704,34.3542],[-117.1705,34.3543],[-117.1705,34.3544],[-117.1706,34.3544],[-117.1706,34.3545],[-117.1707,34.3546],[-117.1708,34.3547],[-117.1709,34.3547],[-117.171,34.3548],[-117.1711,34.3548],[-117.1712,34.3548],[-117.1713,34.3548],[-117.1714,34.3547],[-117.1715,34.3546],[-117.1716,34.3545],[-117.1717,34.3545],[-117.1718,34.3544],[-117.1719,34.3544],[-117.1719,34.3543],[-117.1721,34.3543],[-117.1721,34.3542],[-117.1723,34.3542],[-117.1724,34.3542],[-117.1725,34.3541],[-117.1726,34.3541],[-117.1726,34.354],[-117.1727,34.354],[-117.1727,34.3539],[-117.1728,34.3538],[-117.1728,34.3537],[-117.1729,34.3536],[-117.173,34.3536],[-117.1731,34.3536],[-117.1731,34.3535],[-117.1732,34.3534],[-117.1733,34.3534],[-117.1734,34.3533],[-117.1735,34.3533],[-117.1736,34.3533],[-117.1737,34.3532],[-117.1738,34.3532],[-117.174,34.3532],[-117.1741,34.3532],[-117.1742,34.3532],[-117.1743,34.3532],[-117.1744,34.3532],[-117.1745,34.3532],[-117.1745,34.3533],[-117.1746,34.3533],[-117.1747,34.3532],[-117.1748,34.3532],[-117.1749,34.3532],[-117.1749,34.3531],[-117.175,34.353],[-117.1751,34.353],[-117.1752,34.353],[-117.1753,34.3529],[-117.1754,34.3529],[-117.1755,34.3528],[-117.1757,34.3528],[-117.1758,34.3527],[-117.176,34.3527],[-117.1762,34.3527],[-117.1763,34.3527],[-117.1765,34.3528],[-117.1766,34.3529],[-117.1768,34.3529],[-117.1769,34.353],[-117.177,34.353],[-117.1772,34.353],[-117.1773,34.353],[-117.1775,34.3529],[-117.1776,34.3529],[-117.1777,34.3529],[-117.1777,34.353],[-117.1778,34.353],[-117.1779,34.3531],[-117.178,34.3532],[-117.1781,34.3532],[-117.1781,34.3533],[-117.1782,34.3534],[-117.1783,34.3535],[-117.1784,34.3536]]}},{"type":"Feature","properties":{"id":"3N38","name":"SQUINTS RANCH","kind":"road","access":"plate","seasonal":false},"geometry":{"type":"LineString","coordinates":[[-117.1569,34.2944],[-117.1569,34.2946],[-117.1569,34.2947],[-117.157,34.2948],[-117.157,34.2949],[-117.157,34.295],[-117.1571,34.2951],[-117.1571,34.2953],[-117.1572,34.2954],[-117.1573,34.2955],[-117.1575,34.2956],[-117.1576,34.2957],[-117.1576,34.2958],[-117.1577,34.296],[-117.1577,34.2961],[-117.1577,34.2963],[-117.1576,34.2964],[-117.1576,34.2965],[-117.1575,34.2966],[-117.1574,34.2967],[-117.1573,34.2969],[-117.1572,34.297],[-117.1572,34.2971],[-117.1572,34.2977],[-117.1572,34.2978],[-117.1571,34.2979],[-117.157,34.2982],[-117.1568,34.2984],[-117.1567,34.2984],[-117.1566,34.2985],[-117.1564,34.2984],[-117.1558,34.2984],[-117.1556,34.2983],[-117.1554,34.2983],[-117.1552,34.2983],[-117.1551,34.2983],[-117.155,34.2983],[-117.1547,34.2984],[-117.1544,34.2986],[-117.1539,34.2987],[-117.1535,34.2989],[-117.1533,34.2989],[-117.1532,34.299],[-117.1531,34.2991],[-117.1531,34.2993],[-117.153,34.2996],[-117.1529,34.2998],[-117.1528,34.2999],[-117.1526,34.3002],[-117.1525,34.3003],[-117.1523,34.3004],[-117.1521,34.3006],[-117.152,34.3007],[-117.1519,34.3009],[-117.1518,34.301],[-117.1518,34.3011],[-117.1518,34.3014],[-117.1517,34.3015],[-117.1517,34.3016],[-117.1517,34.3017],[-117.1517,34.3018],[-117.1517,34.302],[-117.1517,34.3021],[-117.1517,34.3022],[-117.1516,34.3022],[-117.1515,34.3022],[-117.1514,34.3022],[-117.1513,34.3021],[-117.1512,34.3021],[-117.1511,34.302],[-117.1509,34.3019],[-117.1506,34.3018],[-117.1504,34.3017],[-117.1503,34.3017],[-117.1502,34.3017],[-117.1501,34.3018],[-117.15,34.3019],[-117.1497,34.302],[-117.1495,34.3021],[-117.1493,34.3021],[-117.1491,34.302],[-117.149,34.302],[-117.1487,34.3019],[-117.1485,34.3019],[-117.1485,34.3018],[-117.1484,34.3018],[-117.1481,34.3016],[-117.1479,34.3015],[-117.1478,34.3013],[-117.1477,34.3012],[-117.1476,34.3012],[-117.1473,34.301],[-117.147,34.3009],[-117.1467,34.3008],[-117.1466,34.3008],[-117.1465,34.3008],[-117.1464,34.3007],[-117.1463,34.3006],[-117.1462,34.3006],[-117.1461,34.3005],[-117.1461,34.3004],[-117.1461,34.3003],[-117.146,34.3002],[-117.146,34.3001],[-117.1459,34.3001],[-117.1459,34.3],[-117.1459,34.2999],[-117.1459,34.2997],[-117.146,34.2996],[-117.1461,34.2995],[-117.1462,34.2994],[-117.1462,34.2993],[-117.1462,34.2991],[-117.1463,34.299],[-117.1463,34.2989],[-117.1464,34.2988],[-117.1464,34.2987],[-117.1463,34.2986],[-117.1462,34.2985],[-117.1461,34.2984],[-117.146,34.2984],[-117.1459,34.2984],[-117.1458,34.2984],[-117.1457,34.2984],[-117.1456,34.2984],[-117.1455,34.2983],[-117.1455,34.2982],[-117.1455,34.298],[-117.1454,34.2979],[-117.1454,34.2978],[-117.1455,34.2977],[-117.1456,34.2977],[-117.1458,34.2977],[-117.1459,34.2976],[-117.1459,34.2975],[-117.146,34.2974],[-117.146,34.2973],[-117.1461,34.2972],[-117.1462,34.2972],[-117.1463,34.2971],[-117.1464,34.2971],[-117.1465,34.297],[-117.1465,34.2969],[-117.1465,34.2968],[-117.1466,34.2967],[-117.1466,34.2966],[-117.1465,34.2965],[-117.1465,34.2964],[-117.1465,34.2963],[-117.1466,34.2962],[-117.1466,34.2961],[-117.1467,34.2961],[-117.1467,34.296],[-117.1468,34.296],[-117.1468,34.2959],[-117.1468,34.2958],[-117.1469,34.2957],[-117.1469,34.2956],[-117.1469,34.2955],[-117.1469,34.2954],[-117.147,34.2952],[-117.147,34.2951],[-117.147,34.295],[-117.1471,34.295],[-117.1471,34.2948],[-117.1471,34.2947],[-117.1471,34.2946],[-117.1471,34.2945],[-117.147,34.2944],[-117.147,34.2942]]}},{"type":"Feature","properties":{"id":"3N34F","name":"PINNACLES STAGING AREA OHV","kind":"road","access":"green","seasonal":false},"geometry":{"type":"LineString","coordinates":[[-117.1995,34.2981],[-117.1996,34.298],[-117.1997,34.298],[-117.2004,34.2979],[-117.2005,34.2978],[-117.2007,34.2978],[-117.2011,34.298],[-117.2013,34.298],[-117.2015,34.298],[-117.2016,34.298],[-117.2016,34.2979],[-117.2018,34.2978],[-117.2019,34.2977],[-117.202,34.2976],[-117.2019,34.2974]]}},{"type":"Feature","properties":{"id":"4N16A","name":"HORSE SPRINGS","kind":"road","access":"plate","seasonal":false},"geometry":{"type":"LineString","coordinates":[[-117.0572,34.3551],[-117.0573,34.355],[-117.0575,34.355],[-117.0576,34.3549],[-117.0577,34.3549],[-117.0579,34.3548],[-117.0581,34.3548],[-117.0582,34.3548],[-117.0584,34.3548],[-117.0585,34.3547],[-117.0586,34.3547],[-117.0587,34.3547],[-117.0588,34.3547],[-117.0589,34.3547],[-117.059,34.3546],[-117.0591,34.3546],[-117.0592,34.3546],[-117.0593,34.3546],[-117.0594,34.3546],[-117.0595,34.3546],[-117.0596,34.3547],[-117.0598,34.3547],[-117.0599,34.3548],[-117.06,34.3548],[-117.0601,34.3548],[-117.0601,34.3549],[-117.0602,34.3549],[-117.0604,34.3549],[-117.0605,34.3549],[-117.0606,34.3549],[-117.0607,34.3549],[-117.0608,34.3549],[-117.061,34.3549],[-117.0612,34.3549],[-117.0613,34.3549],[-117.0614,34.3549],[-117.0616,34.3549],[-117.0617,34.355],[-117.0618,34.355],[-117.0619,34.3549],[-117.062,34.3549],[-117.0621,34.3548],[-117.0623,34.3548],[-117.0624,34.3547],[-117.0625,34.3547],[-117.0626,34.3546],[-117.0628,34.3546],[-117.0629,34.3546],[-117.063,34.3545],[-117.0631,34.3545],[-117.0632,34.3546],[-117.0633,34.3546],[-117.0634,34.3545],[-117.0635,34.3545],[-117.0636,34.3545],[-117.0637,34.3544],[-117.0639,34.3542],[-117.0639,34.354],[-117.064,34.354],[-117.064,34.3539],[-117.064,34.3538],[-117.0641,34.3538],[-117.0641,34.3537],[-117.0642,34.3537],[-117.0643,34.3537],[-117.0645,34.3537],[-117.0647,34.3536],[-117.0649,34.3536],[-117.065,34.3536],[-117.0651,34.3535],[-117.0652,34.3535],[-117.0653,34.3535],[-117.0654,34.3534],[-117.0655,34.3534],[-117.0656,34.3534],[-117.0657,34.3534],[-117.0659,34.3534],[-117.066,34.3534],[-117.0661,34.3534],[-117.0662,34.3534],[-117.0663,34.3534],[-117.0665,34.3535],[-117.0666,34.3535],[-117.0667,34.3535],[-117.0668,34.3535],[-117.067,34.3535],[-117.0671,34.3536],[-117.0672,34.3536],[-117.0673,34.3537],[-117.0674,34.3537],[-117.0675,34.3537],[-117.0676,34.3537],[-117.0677,34.3537],[-117.0677,34.3536],[-117.0678,34.3535],[-117.0679,34.3534],[-117.068,34.3534],[-117.0681,34.3533],[-117.0681,34.3532],[-117.0682,34.3532],[-117.0682,34.3531],[-117.0683,34.3531],[-117.0684,34.3531],[-117.0685,34.3531],[-117.0686,34.3531],[-117.0688,34.3531],[-117.0689,34.3531],[-117.0691,34.3531],[-117.0692,34.3531],[-117.0693,34.353],[-117.0695,34.353],[-117.0697,34.3529],[-117.0698,34.3529],[-117.0699,34.3528],[-117.0701,34.3528],[-117.0701,34.3527],[-117.0702,34.3526],[-117.0703,34.3526],[-117.0705,34.3525],[-117.0708,34.3524],[-117.0709,34.3524],[-117.071,34.3524],[-117.0711,34.3525],[-117.0712,34.3525],[-117.0714,34.3524],[-117.0716,34.3523],[-117.0717,34.3523],[-117.0717,34.3522],[-117.0716,34.3522],[-117.0716,34.3521],[-117.0715,34.3521],[-117.0714,34.3521],[-117.0713,34.3521],[-117.0712,34.3521],[-117.0711,34.352],[-117.071,34.3519],[-117.0709,34.3518],[-117.0707,34.3517],[-117.0706,34.3517],[-117.0704,34.3516],[-117.0703,34.3515],[-117.0702,34.3515],[-117.0701,34.3515],[-117.0701,34.3516],[-117.0701,34.3517],[-117.0701,34.3518],[-117.0701,34.3519],[-117.0701,34.352],[-117.07,34.3521],[-117.07,34.3522],[-117.07,34.3523],[-117.0701,34.3524],[-117.0702,34.3525],[-117.0702,34.3526]]}},{"type":"Feature","properties":{"id":"2N40","name":"CLOUDLAND TRUCK TRAIL","kind":"road","access":"plate","seasonal":false},"geometry":{"type":"LineString","coordinates":[[-117.2997,34.2247],[-117.2996,34.2245],[-117.2996,34.2243],[-117.2995,34.2243],[-117.2995,34.2242],[-117.2993,34.224],[-117.2993,34.2239],[-117.2993,34.2238],[-117.2992,34.2238],[-117.2991,34.2237],[-117.299,34.2236],[-117.299,34.2235],[-117.2989,34.2234],[-117.2988,34.2234],[-117.2988,34.2233],[-117.2987,34.2232],[-117.2986,34.2231],[-117.2986,34.223],[-117.2986,34.2229],[-117.2986,34.2228],[-117.2986,34.2227],[-117.2987,34.2227],[-117.2988,34.2227],[-117.2988,34.2226],[-117.2989,34.2225],[-117.2989,34.2224],[-117.299,34.2223],[-117.299,34.2222],[-117.299,34.2221],[-117.2991,34.222],[-117.2991,34.2219],[-117.2991,34.2218],[-117.299,34.2217],[-117.299,34.2216],[-117.2989,34.2215],[-117.2988,34.2214],[-117.2987,34.2214],[-117.2986,34.2213],[-117.2985,34.2213],[-117.2985,34.2212],[-117.2985,34.2211],[-117.2985,34.221],[-117.2986,34.2209],[-117.2987,34.2208],[-117.2988,34.2208],[-117.2989,34.2208],[-117.299,34.2208],[-117.2991,34.2208],[-117.2992,34.2208],[-117.2993,34.2207],[-117.2993,34.2205],[-117.2993,34.2203],[-117.2992,34.2201],[-117.2991,34.22],[-117.299,34.2199],[-117.2989,34.2199],[-117.2988,34.2198],[-117.2988,34.2197],[-117.2988,34.2196],[-117.2989,34.2196],[-117.299,34.2196],[-117.2991,34.2195],[-117.2992,34.2194],[-117.2993,34.2194],[-117.2994,34.2194],[-117.2995,34.2194],[-117.2996,34.2193],[-117.2996,34.2192],[-117.2996,34.2191],[-117.2995,34.2189],[-117.2995,34.2188],[-117.2995,34.2187],[-117.2995,34.2186],[-117.2995,34.2184],[-117.2995,34.2182],[-117.2994,34.2182],[-117.2994,34.2181],[-117.2993,34.2181],[-117.2992,34.218],[-117.2991,34.218],[-117.299,34.2179],[-117.2989,34.2178],[-117.2988,34.2178],[-117.2987,34.2177],[-117.2986,34.2177],[-117.2985,34.2176],[-117.2983,34.2176],[-117.2982,34.2175],[-117.2981,34.2174],[-117.298,34.2173],[-117.2979,34.2172],[-117.2978,34.2171],[-117.2978,34.217],[-117.2977,34.217],[-117.2977,34.2169],[-117.2977,34.2168],[-117.2976,34.2167],[-117.2976,34.2166],[-117.2975,34.2166],[-117.2974,34.2165],[-117.2973,34.2164],[-117.2972,34.2163],[-117.2971,34.2162],[-117.2971,34.2161],[-117.297,34.216],[-117.297,34.2159],[-117.2969,34.2158],[-117.2968,34.2157],[-117.2967,34.2156],[-117.2967,34.2155],[-117.2966,34.2154],[-117.2965,34.2153],[-117.2965,34.2152],[-117.2965,34.2151],[-117.2966,34.215],[-117.2967,34.2149],[-117.2968,34.2149],[-117.2968,34.2148],[-117.2969,34.2148],[-117.297,34.2148],[-117.2971,34.2148],[-117.2972,34.2148],[-117.2973,34.2148],[-117.2974,34.2148],[-117.2975,34.2148],[-117.2976,34.2148],[-117.2977,34.2148],[-117.2979,34.2148],[-117.2982,34.2148],[-117.2983,34.2149],[-117.2984,34.2149],[-117.2985,34.2149],[-117.2985,34.215],[-117.2986,34.215],[-117.2987,34.215],[-117.2988,34.215],[-117.2989,34.2149],[-117.2989,34.2148],[-117.2988,34.2146],[-117.2988,34.2145],[-117.2987,34.2143],[-117.2987,34.2142],[-117.2987,34.214],[-117.2986,34.2139],[-117.2986,34.2138],[-117.2987,34.2137],[-117.2988,34.2136],[-117.2988,34.2135],[-117.2989,34.2134],[-117.2989,34.2133],[-117.299,34.2133],[-117.299,34.2131],[-117.299,34.213],[-117.299,34.2129],[-117.2991,34.2128],[-117.2992,34.2127],[-117.2993,34.2127],[-117.2995,34.2128],[-117.2996,34.2128],[-117.2997,34.2127],[-117.2997,34.2126],[-117.2997,34.2125],[-117.2998,34.2124],[-117.2999,34.2123],[-117.2999,34.2122],[-117.3,34.2121],[-117.3002,34.212],[-117.3003,34.2119],[-117.3004,34.2118],[-117.3006,34.2117],[-117.3007,34.2117],[-117.3009,34.2116],[-117.301,34.2116],[-117.3011,34.2116],[-117.3012,34.2116],[-117.3013,34.2116],[-117.3014,34.2116],[-117.3016,34.2116],[-117.3017,34.2116],[-117.3018,34.2116],[-117.3019,34.2116],[-117.302,34.2115],[-117.3021,34.2115],[-117.3022,34.2115],[-117.3023,34.2115],[-117.3025,34.2116],[-117.3027,34.2116],[-117.3029,34.2116],[-117.3031,34.2117],[-117.3032,34.2117],[-117.3033,34.2117],[-117.3035,34.2118],[-117.3037,34.2118],[-117.304,34.2119],[-117.3041,34.2119],[-117.3043,34.2119],[-117.3045,34.212],[-117.3046,34.212],[-117.3047,34.212],[-117.3048,34.212],[-117.3049,34.212],[-117.305,34.212],[-117.3051,34.212],[-117.3052,34.2119],[-117.3054,34.2119],[-117.3056,34.2119],[-117.3058,34.2119],[-117.306,34.2119],[-117.3061,34.2119],[-117.3062,34.2119],[-117.3064,34.2118],[-117.3065,34.2118],[-117.3066,34.2118],[-117.3067,34.2118],[-117.3068,34.2119],[-117.3069,34.2119],[-117.3071,34.212],[-117.3072,34.212],[-117.3073,34.212],[-117.3074,34.212],[-117.3076,34.2121],[-117.3078,34.2121],[-117.3079,34.2122],[-117.308,34.2122],[-117.3081,34.2122],[-117.3084,34.2123],[-117.3086,34.2123],[-117.3088,34.2123],[-117.309,34.2123],[-117.3091,34.2123],[-117.3091,34.2122],[-117.3092,34.2121],[-117.3093,34.212],[-117.3094,34.212],[-117.3095,34.2119],[-117.3096,34.2119],[-117.3097,34.2119],[-117.3098,34.212],[-117.3099,34.212],[-117.31,34.212],[-117.3101,34.212],[-117.3102,34.212],[-117.3103,34.212],[-117.3104,34.212],[-117.3104,34.2121],[-117.3105,34.2122],[-117.3105,34.2123],[-117.3106,34.2123],[-117.3107,34.2124],[-117.311,34.2125],[-117.3111,34.2126],[-117.3112,34.2126],[-117.3113,34.2127],[-117.3114,34.2127],[-117.3115,34.2127],[-117.3116,34.2127],[-117.3117,34.2127],[-117.3119,34.2127],[-117.3121,34.2128],[-117.3122,34.2128],[-117.3123,34.2128],[-117.3124,34.2128],[-117.3126,34.2128],[-117.3126,34.2129],[-117.3127,34.2129],[-117.3128,34.2128],[-117.3128,34.2127],[-117.3128,34.2126],[-117.3127,34.2126],[-117.3127,34.2125],[-117.3127,34.2124],[-117.3127,34.2123],[-117.3127,34.2122],[-117.3127,34.2121],[-117.3128,34.2121],[-117.3128,34.212],[-117.3129,34.2121],[-117.313,34.2121],[-117.3132,34.2121],[-117.3133,34.2121],[-117.3134,34.2121],[-117.3135,34.2121],[-117.3136,34.2121],[-117.3137,34.212],[-117.3138,34.2121],[-117.3139,34.2121],[-117.314,34.2121],[-117.3141,34.2121],[-117.3142,34.2121],[-117.3142,34.212],[-117.3143,34.212],[-117.3145,34.212],[-117.3146,34.212],[-117.3147,34.212],[-117.3148,34.2119],[-117.3149,34.2118],[-117.315,34.2117],[-117.3151,34.2116],[-117.3151,34.2115],[-117.3152,34.2114],[-117.3153,34.2113],[-117.3153,34.2112],[-117.3154,34.2112],[-117.3155,34.2112],[-117.3156,34.2111],[-117.3157,34.211],[-117.3158,34.211],[-117.3159,34.211],[-117.316,34.2109],[-117.3161,34.2108],[-117.3162,34.2107],[-117.3162,34.2106],[-117.3163,34.2106],[-117.3164,34.2105],[-117.3166,34.2105],[-117.3167,34.2105],[-117.3168,34.2104],[-117.317,34.2103],[-117.3172,34.2102],[-117.3173,34.2102],[-117.3174,34.2102],[-117.3175,34.2101],[-117.3176,34.2101],[-117.3177,34.21],[-117.3178,34.21],[-117.3179,34.21],[-117.318,34.21],[-117.318,34.2101],[-117.3181,34.2101],[-117.3182,34.2102],[-117.3184,34.2103],[-117.3185,34.2103],[-117.3186,34.2103],[-117.3187,34.2103],[-117.3188,34.2102],[-117.3189,34.2102],[-117.3191,34.2101],[-117.3193,34.21],[-117.3193,34.2099],[-117.3195,34.2098],[-117.3196,34.2097],[-117.3198,34.2096],[-117.3199,34.2095],[-117.3201,34.2095],[-117.3202,34.2095],[-117.3204,34.2095],[-117.3205,34.2095],[-117.3206,34.2095],[-117.3207,34.2096],[-117.3208,34.2096],[-117.3208,34.2097],[-117.3208,34.2098],[-117.3207,34.2099],[-117.3206,34.2099],[-117.3206,34.21],[-117.3205,34.21],[-117.3204,34.2101],[-117.3203,34.2102],[-117.3203,34.2103],[-117.3202,34.2103],[-117.3201,34.2104],[-117.32,34.2105],[-117.3199,34.2106],[-117.3198,34.2107],[-117.3197,34.2108],[-117.3196,34.2108],[-117.3196,34.2109],[-117.3195,34.211],[-117.3194,34.2111],[-117.3193,34.2112],[-117.3192,34.2112],[-117.3192,34.2113],[-117.3192,34.2114],[-117.3192,34.2115],[-117.3193,34.2115],[-117.3193,34.2116],[-117.3194,34.2116],[-117.3194,34.2117],[-117.3194,34.2118],[-117.3194,34.2119],[-117.3193,34.212],[-117.3193,34.2121],[-117.3193,34.2122],[-117.3194,34.2123],[-117.3195,34.2124],[-117.3196,34.2124],[-117.3197,34.2123],[-117.3198,34.2122],[-117.3199,34.212],[-117.32,34.2119],[-117.32,34.2118],[-117.32,34.2117],[-117.32,34.2116],[-117.32,34.2115],[-117.3199,34.2115],[-117.3198,34.2114],[-117.3198,34.2113],[-117.3199,34.2113],[-117.32,34.2112],[-117.3202,34.2111],[-117.3203,34.2111],[-117.3203,34.211],[-117.3204,34.211],[-117.3205,34.211],[-117.3206,34.2109],[-117.3208,34.2109],[-117.3209,34.2108],[-117.321,34.2108],[-117.3212,34.2108],[-117.3215,34.2108],[-117.3219,34.2108],[-117.3223,34.2108],[-117.3226,34.2108],[-117.3228,34.2108],[-117.3229,34.2108],[-117.323,34.2107],[-117.3231,34.2107],[-117.3231,34.2106],[-117.3231,34.2105],[-117.323,34.2104],[-117.323,34.2103],[-117.323,34.2102],[-117.3229,34.21],[-117.3229,34.2099],[-117.3228,34.2099],[-117.3228,34.2098],[-117.3228,34.2097],[-117.3229,34.2096],[-117.3229,34.2095],[-117.3229,34.2094],[-117.3229,34.2093],[-117.3228,34.2092],[-117.3229,34.2092],[-117.3229,34.2091],[-117.323,34.2091],[-117.3231,34.2091],[-117.3231,34.209],[-117.3231,34.2089],[-117.323,34.2088],[-117.323,34.2087],[-117.3229,34.2087],[-117.3228,34.2086],[-117.3228,34.2085],[-117.3228,34.2084],[-117.3228,34.2083],[-117.3228,34.2082],[-117.3229,34.2082],[-117.323,34.2082],[-117.3231,34.2081],[-117.3232,34.2081],[-117.3233,34.2081],[-117.3233,34.208],[-117.3233,34.2079],[-117.3233,34.2078],[-117.3233,34.2077],[-117.3232,34.2077],[-117.3231,34.2077],[-117.323,34.2076],[-117.3229,34.2076],[-117.3228,34.2076],[-117.3227,34.2076],[-117.3225,34.2076],[-117.3223,34.2076],[-117.3221,34.2077],[-117.322,34.2077],[-117.3219,34.2078],[-117.3218,34.2078],[-117.3217,34.2078],[-117.3216,34.2079],[-117.3216,34.208],[-117.3216,34.2081],[-117.3216,34.2082],[-117.3215,34.2083],[-117.3214,34.2083],[-117.3213,34.2083],[-117.3212,34.2083],[-117.3211,34.2083],[-117.321,34.2083],[-117.3209,34.2082],[-117.3207,34.2081],[-117.3206,34.2081],[-117.3205,34.2081],[-117.3205,34.208],[-117.3204,34.2079],[-117.3203,34.2078],[-117.3202,34.2077],[-117.3201,34.2077],[-117.3201,34.2076],[-117.32,34.2076],[-117.3199,34.2075],[-117.3198,34.2075],[-117.3197,34.2076],[-117.3196,34.2076],[-117.3195,34.2076],[-117.3194,34.2077],[-117.3193,34.2077],[-117.3193,34.2076],[-117.3192,34.2076],[-117.3191,34.2076],[-117.319,34.2076],[-117.3189,34.2077],[-117.3189,34.2076],[-117.3188,34.2076],[-117.3187,34.2076],[-117.3187,34.2075],[-117.3186,34.2075],[-117.3185,34.2075],[-117.3184,34.2075],[-117.3183,34.2075],[-117.3182,34.2075],[-117.3182,34.2074],[-117.3181,34.2074],[-117.318,34.2074],[-117.3179,34.2073],[-117.3178,34.2073],[-117.3177,34.2072],[-117.3176,34.2072],[-117.3176,34.2071],[-117.3176,34.207],[-117.3177,34.207],[-117.3177,34.2069],[-117.3177,34.2068],[-117.3176,34.2067],[-117.3176,34.2066],[-117.3177,34.2066],[-117.3178,34.2065],[-117.3178,34.2064],[-117.3179,34.2064],[-117.3179,34.2063],[-117.3179,34.2062],[-117.318,34.2061],[-117.318,34.206],[-117.318,34.2059],[-117.318,34.2058],[-117.318,34.2056],[-117.318,34.2055],[-117.318,34.2054],[-117.3179,34.2053],[-117.3179,34.2052],[-117.3179,34.2051],[-117.3179,34.205],[-117.3178,34.205],[-117.3177,34.2049],[-117.3177,34.2048],[-117.3177,34.2047],[-117.3178,34.2046],[-117.3178,34.2045],[-117.3178,34.2044],[-117.3178,34.2043],[-117.3177,34.2043],[-117.3177,34.2042],[-117.3176,34.2041],[-117.3176,34.204],[-117.3175,34.204],[-117.3174,34.204],[-117.3173,34.204],[-117.3172,34.2039],[-117.3171,34.2039],[-117.3171,34.2038],[-117.3171,34.2037],[-117.3171,34.2036],[-117.3172,34.2036],[-117.3172,34.2035],[-117.3173,34.2034],[-117.3173,34.2033],[-117.3172,34.2032],[-117.3171,34.2032],[-117.317,34.2031],[-117.3169,34.203],[-117.3168,34.203],[-117.3166,34.203],[-117.3165,34.2031],[-117.3164,34.2031],[-117.3164,34.2032],[-117.3163,34.2032],[-117.3162,34.2033],[-117.3161,34.2033],[-117.3161,34.2034],[-117.316,34.2035],[-117.3159,34.2035],[-117.3158,34.2035],[-117.3158,34.2034],[-117.3157,34.2033],[-117.3157,34.2032],[-117.3156,34.2031],[-117.3155,34.2031],[-117.3153,34.203],[-117.3152,34.2029],[-117.3151,34.2028],[-117.315,34.2028],[-117.3149,34.2027],[-117.3149,34.2026],[-117.315,34.2025],[-117.3151,34.2025],[-117.3151,34.2026],[-117.3152,34.2026],[-117.3153,34.2027],[-117.3153,34.2028],[-117.3154,34.2029],[-117.3155,34.2029],[-117.3156,34.2029],[-117.3157,34.203],[-117.3158,34.203],[-117.3159,34.2029],[-117.3158,34.2028],[-117.3158,34.2027],[-117.3158,34.2025],[-117.3158,34.2024],[-117.3157,34.2024],[-117.3157,34.2023],[-117.3156,34.2022],[-117.3155,34.2022],[-117.3155,34.2021],[-117.3153,34.202],[-117.3152,34.202],[-117.3151,34.2019],[-117.315,34.2018],[-117.315,34.2017],[-117.315,34.2016],[-117.3151,34.2015],[-117.3153,34.2015],[-117.3153,34.2014],[-117.3154,34.2014],[-117.3156,34.2014],[-117.3156,34.2013],[-117.3158,34.2013],[-117.3159,34.2013],[-117.316,34.2013],[-117.316,34.2014],[-117.3161,34.2014],[-117.3162,34.2015],[-117.3164,34.2016],[-117.3165,34.2017],[-117.3166,34.2017],[-117.3166,34.2018],[-117.3167,34.2018],[-117.3168,34.2018],[-117.3168,34.2017],[-117.3169,34.2017],[-117.3169,34.2016],[-117.3169,34.2015],[-117.317,34.2015],[-117.3171,34.2014],[-117.3172,34.2014],[-117.3173,34.2014],[-117.3174,34.2014],[-117.3174,34.2013],[-117.3175,34.2013],[-117.3175,34.2012],[-117.3174,34.2012],[-117.3173,34.2011],[-117.3172,34.2012],[-117.3171,34.2012],[-117.317,34.2013],[-117.3169,34.2013],[-117.3168,34.2014],[-117.3168,34.2015],[-117.3167,34.2015],[-117.3166,34.2015],[-117.3165,34.2014],[-117.3164,34.2013],[-117.3163,34.2012],[-117.3162,34.2011],[-117.3162,34.201],[-117.3161,34.2009],[-117.316,34.2009],[-117.3159,34.2008],[-117.3158,34.2008],[-117.3157,34.2008],[-117.3157,34.2007],[-117.3156,34.2007],[-117.3155,34.2006],[-117.3155,34.2005],[-117.3154,34.2005],[-117.3153,34.2004],[-117.3152,34.2004],[-117.3152,34.2005],[-117.3151,34.2005],[-117.315,34.2005],[-117.3149,34.2005],[-117.3148,34.2005],[-117.3147,34.2004],[-117.3146,34.2004],[-117.3146,34.2003],[-117.3146,34.2002],[-117.3147,34.2002],[-117.3148,34.2002],[-117.3149,34.2003],[-117.315,34.2003],[-117.3151,34.2003],[-117.3152,34.2003],[-117.3153,34.2002],[-117.3154,34.2002],[-117.3154,34.2001],[-117.3155,34.2001],[-117.3156,34.2001],[-117.3157,34.2001],[-117.3158,34.2001],[-117.3158,34.2002],[-117.3158,34.2003],[-117.3159,34.2004],[-117.316,34.2004],[-117.3161,34.2004],[-117.3162,34.2004],[-117.3163,34.2003],[-117.3164,34.2003],[-117.3165,34.2003],[-117.3166,34.2003],[-117.3167,34.2003],[-117.3167,34.2002],[-117.3168,34.2001],[-117.3168,34.2],[-117.3169,34.2],[-117.317,34.2001],[-117.3171,34.2001],[-117.3172,34.2002],[-117.3173,34.2003],[-117.3174,34.2004],[-117.3175,34.2005],[-117.3176,34.2005],[-117.3177,34.2006],[-117.3178,34.2006],[-117.3179,34.2006],[-117.318,34.2006],[-117.318,34.2007],[-117.3181,34.2007],[-117.3182,34.2006],[-117.3183,34.2006],[-117.3184,34.2006],[-117.3185,34.2006],[-117.3186,34.2007],[-117.3187,34.2007],[-117.3188,34.2007],[-117.3188,34.2008],[-117.3188,34.2009],[-117.3187,34.201],[-117.3187,34.2011],[-117.3187,34.2012],[-117.3188,34.2012],[-117.3188,34.2013],[-117.3189,34.2014],[-117.319,34.2014],[-117.3191,34.2014],[-117.3191,34.2013],[-117.3192,34.2013],[-117.3193,34.2012],[-117.3193,34.2011],[-117.3194,34.2011],[-117.3195,34.201],[-117.3196,34.201],[-117.3197,34.201],[-117.3198,34.201],[-117.3199,34.2011],[-117.32,34.2011],[-117.32,34.2012],[-117.3201,34.2012],[-117.3202,34.2012],[-117.3203,34.2012],[-117.3204,34.2012],[-117.3204,34.2013],[-117.3205,34.2014],[-117.3206,34.2015],[-117.3206,34.2017],[-117.3207,34.2018],[-117.3207,34.2019],[-117.3207,34.202],[-117.3207,34.2021],[-117.3206,34.2022],[-117.3206,34.2023],[-117.3205,34.2024],[-117.3205,34.2025],[-117.3206,34.2026],[-117.3207,34.2026],[-117.3207,34.2027],[-117.3208,34.2027],[-117.3209,34.2027],[-117.3209,34.2028],[-117.3209,34.2029],[-117.3209,34.203],[-117.3208,34.203],[-117.3208,34.2031],[-117.3208,34.2032],[-117.3208,34.2033],[-117.3208,34.2034],[-117.3209,34.2034],[-117.3208,34.2035],[-117.3208,34.2036],[-117.3207,34.2036],[-117.3206,34.2037],[-117.3205,34.2037],[-117.3204,34.2038],[-117.3203,34.2039],[-117.3203,34.204],[-117.3203,34.2041],[-117.3203,34.2042],[-117.3204,34.2042],[-117.3205,34.2042],[-117.3206,34.2042],[-117.3207,34.2042],[-117.3208,34.2041],[-117.3209,34.2041],[-117.321,34.2041],[-117.3211,34.2041],[-117.3212,34.2041],[-117.3213,34.204],[-117.3214,34.204],[-117.3214,34.2039],[-117.3215,34.2039],[-117.3216,34.2039],[-117.3217,34.2039],[-117.3218,34.2039],[-117.3218,34.204],[-117.3219,34.204],[-117.322,34.2039],[-117.322,34.2038],[-117.322,34.2037],[-117.322,34.2036],[-117.322,34.2035],[-117.322,34.2034],[-117.3221,34.2034],[-117.3221,34.2033],[-117.3222,34.2033],[-117.3223,34.2033],[-117.3224,34.2033],[-117.3224,34.2032],[-117.3224,34.2031],[-117.3225,34.203],[-117.3225,34.2029],[-117.3226,34.2029],[-117.3227,34.2028],[-117.3228,34.2027],[-117.3229,34.2026],[-117.323,34.2026],[-117.3231,34.2026],[-117.3232,34.2026],[-117.3233,34.2025],[-117.3233,34.2024],[-117.3233,34.2023],[-117.3234,34.2022],[-117.3235,34.2021],[-117.3235,34.202],[-117.3234,34.2019],[-117.3234,34.2018],[-117.3233,34.2018],[-117.3233,34.2017],[-117.3233,34.2016],[-117.3233,34.2015],[-117.3233,34.2014],[-117.3232,34.2013],[-117.3232,34.2012],[-117.3232,34.2011],[-117.3232,34.201],[-117.3232,34.2009],[-117.3232,34.2008],[-117.3233,34.2008],[-117.3234,34.2008],[-117.3235,34.2009],[-117.3236,34.2009],[-117.3237,34.2009],[-117.3238,34.2009],[-117.3238,34.2008],[-117.3239,34.2008],[-117.324,34.2007],[-117.324,34.2006],[-117.324,34.2005],[-117.324,34.2004],[-117.324,34.2003],[-117.3241,34.2002],[-117.3242,34.2001],[-117.3243,34.2001],[-117.3244,34.2001],[-117.3245,34.2002],[-117.3246,34.2003],[-117.3247,34.2004],[-117.3247,34.2005],[-117.3248,34.2005],[-117.3249,34.2005],[-117.325,34.2004],[-117.325,34.2003],[-117.325,34.2002],[-117.325,34.2001],[-117.325,34.2],[-117.325,34.1999],[-117.325,34.1998],[-117.325,34.1997],[-117.3251,34.1996],[-117.3252,34.1996],[-117.3253,34.1996],[-117.3254,34.1996],[-117.3255,34.1996],[-117.3256,34.1996],[-117.3257,34.1996],[-117.3258,34.1996],[-117.3259,34.1996],[-117.3259,34.1997],[-117.326,34.1998],[-117.326,34.1999],[-117.3261,34.2],[-117.3262,34.2001],[-117.3263,34.2001],[-117.3264,34.2001],[-117.3264,34.2],[-117.3265,34.2],[-117.3266,34.2],[-117.3267,34.1999],[-117.3268,34.1999],[-117.3269,34.1998],[-117.327,34.1998],[-117.3271,34.1998],[-117.3272,34.1998],[-117.3273,34.1998],[-117.3274,34.1998],[-117.3275,34.1998],[-117.3276,34.1998],[-117.3276,34.1999],[-117.3277,34.2],[-117.3277,34.2001],[-117.3277,34.2002],[-117.3278,34.2003],[-117.3278,34.2004],[-117.3278,34.2005],[-117.3279,34.2006],[-117.328,34.2006],[-117.3281,34.2006],[-117.3282,34.2005],[-117.3283,34.2005],[-117.3284,34.2005],[-117.3285,34.2005],[-117.3286,34.2005],[-117.3287,34.2005],[-117.3288,34.2006],[-117.3289,34.2006],[-117.329,34.2006],[-117.329,34.2007],[-117.3291,34.2008],[-117.3291,34.2009],[-117.3291,34.2011],[-117.3291,34.2012],[-117.3292,34.2013],[-117.3293,34.2013],[-117.3294,34.2013],[-117.3295,34.2012],[-117.3296,34.2012],[-117.3298,34.2012],[-117.3299,34.2011],[-117.33,34.2011],[-117.3301,34.2011],[-117.3302,34.2012],[-117.3303,34.2013],[-117.3303,34.2014],[-117.3303,34.2015],[-117.3303,34.2016],[-117.3304,34.2016],[-117.3305,34.2017],[-117.3306,34.2017],[-117.3307,34.2017],[-117.3308,34.2017],[-117.331,34.2017],[-117.331,34.2016],[-117.3311,34.2016],[-117.3311,34.2015],[-117.3311,34.2014],[-117.331,34.2014],[-117.331,34.2013],[-117.331,34.2012],[-117.331,34.2011],[-117.331,34.201],[-117.3311,34.201],[-117.3316,34.201]]}},{"type":"Feature","properties":{"id":"2N16","name":"GREEN VALLEY CAMPGROUND","kind":"road","access":"plate","seasonal":false},"geometry":{"type":"LineString","coordinates":[[-117.0572,34.2483],[-117.0574,34.2483],[-117.0576,34.2484],[-117.0578,34.2484],[-117.058,34.2485],[-117.0583,34.2486],[-117.0584,34.2487],[-117.0585,34.2487],[-117.0586,34.2487],[-117.0587,34.2486],[-117.0588,34.2485],[-117.0589,34.2484],[-117.0589,34.2483],[-117.059,34.2482],[-117.0591,34.2481],[-117.0593,34.2481],[-117.0594,34.248],[-117.0596,34.248],[-117.0597,34.2479],[-117.0598,34.2478],[-117.0598,34.2476],[-117.0599,34.2475],[-117.0599,34.2474],[-117.0599,34.2473],[-117.0599,34.2472],[-117.0599,34.2471],[-117.06,34.247],[-117.0601,34.2469],[-117.0602,34.2469],[-117.0603,34.2468],[-117.0604,34.2467],[-117.0604,34.2466],[-117.0604,34.2465],[-117.0605,34.2465],[-117.0605,34.2464],[-117.0606,34.2464],[-117.0607,34.2464],[-117.0608,34.2463],[-117.0608,34.2462],[-117.0609,34.2462],[-117.061,34.2462],[-117.061,34.2461],[-117.0611,34.2461],[-117.0612,34.246],[-117.0613,34.2459],[-117.0614,34.2459],[-117.0615,34.2458],[-117.0615,34.2457],[-117.0616,34.2456],[-117.0617,34.2456],[-117.0618,34.2455],[-117.0619,34.2454],[-117.062,34.2454],[-117.0621,34.2453],[-117.0622,34.2453],[-117.0623,34.2453],[-117.0624,34.2453],[-117.0625,34.2453],[-117.0628,34.2453],[-117.063,34.2454],[-117.0632,34.2454],[-117.0633,34.2454],[-117.0634,34.2454],[-117.0635,34.2455],[-117.0636,34.2454],[-117.0637,34.2454],[-117.0639,34.2454],[-117.064,34.2453],[-117.0641,34.2453],[-117.0641,34.2452],[-117.064,34.2451],[-117.0639,34.245],[-117.0639,34.2449],[-117.0638,34.2449],[-117.0638,34.2447],[-117.0639,34.2446],[-117.064,34.2445],[-117.0642,34.2444]]}},{"type":"Feature","properties":{"id":"1N63","name":"DEERLICK STATION","kind":"road","access":"plate","seasonal":false},"geometry":{"type":"LineString","coordinates":[[-117.0897,34.2034],[-117.0895,34.2031],[-117.0892,34.2031],[-117.0891,34.2031],[-117.0886,34.2032],[-117.0885,34.2032],[-117.0884,34.203],[-117.0883,34.203],[-117.0882,34.203],[-117.088,34.2031],[-117.0878,34.2034]]}},{"type":"Feature","properties":{"id":"2N36","name":"PILOT ROCK RIDGE (OHV         ","kind":"road","access":"green","seasonal":false},"geometry":{"type":"LineString","coordinates":[[-117.2894,34.2815],[-117.2893,34.2814],[-117.2892,34.2813],[-117.2891,34.2813],[-117.289,34.2812],[-117.2889,34.2812],[-117.2889,34.2811],[-117.2888,34.281],[-117.2887,34.2808],[-117.2886,34.2807],[-117.2885,34.2807],[-117.2884,34.2806],[-117.2883,34.2806],[-117.2882,34.2806],[-117.2881,34.2806],[-117.288,34.2807],[-117.2879,34.2807],[-117.2878,34.2807],[-117.2877,34.2806],[-117.2876,34.2806],[-117.2875,34.2806],[-117.2873,34.2806],[-117.2872,34.2806],[-117.2871,34.2806],[-117.287,34.2806],[-117.2869,34.2807],[-117.2867,34.2806],[-117.2866,34.2806],[-117.2865,34.2805],[-117.2863,34.2805],[-117.2862,34.2805],[-117.2861,34.2804],[-117.286,34.2804],[-117.2859,34.2805],[-117.2857,34.2805],[-117.2856,34.2805],[-117.2854,34.2804],[-117.2853,34.2804],[-117.2852,34.2804],[-117.2851,34.2804],[-117.285,34.2804],[-117.2849,34.2804],[-117.2849,34.2803],[-117.2849,34.2802],[-117.285,34.2801],[-117.2851,34.28],[-117.2851,34.2799],[-117.2852,34.2798],[-117.2853,34.2797],[-117.2853,34.2796],[-117.2853,34.2795],[-117.2853,34.2794],[-117.2853,34.2793],[-117.2852,34.2792],[-117.2851,34.2791],[-117.285,34.2791],[-117.2849,34.2791],[-117.2847,34.2791],[-117.2846,34.2791],[-117.2845,34.2791],[-117.2844,34.279],[-117.2843,34.279],[-117.2842,34.2789],[-117.2841,34.2788],[-117.2841,34.2787],[-117.284,34.2787],[-117.2839,34.2787],[-117.2838,34.2788],[-117.2837,34.2789],[-117.2836,34.2789],[-117.2835,34.2789],[-117.2834,34.2788],[-117.2834,34.2787],[-117.2833,34.2786],[-117.2832,34.2785],[-117.2831,34.2784],[-117.283,34.2783],[-117.2829,34.2782],[-117.2829,34.2781],[-117.2829,34.278],[-117.2828,34.2779],[-117.2827,34.2778],[-117.2826,34.2777],[-117.2825,34.2776],[-117.2823,34.2775],[-117.2822,34.2775],[-117.2821,34.2774],[-117.282,34.2774],[-117.2818,34.2774],[-117.2817,34.2774],[-117.2816,34.2775],[-117.2815,34.2776],[-117.2814,34.2776],[-117.2813,34.2777],[-117.2812,34.2779],[-117.2811,34.278],[-117.281,34.2781],[-117.2809,34.2782],[-117.2809,34.2783],[-117.2809,34.2784],[-117.2809,34.2785],[-117.2808,34.2785],[-117.2807,34.2785],[-117.2806,34.2785],[-117.2805,34.2786],[-117.2805,34.2787],[-117.2805,34.2788],[-117.2805,34.2789],[-117.2804,34.279],[-117.2803,34.279],[-117.2802,34.2789],[-117.2801,34.2788],[-117.28,34.2787],[-117.2799,34.2786],[-117.2798,34.2786],[-117.2797,34.2787],[-117.2796,34.2788],[-117.2795,34.2789],[-117.2794,34.279],[-117.2793,34.279],[-117.2792,34.2789],[-117.2792,34.2788],[-117.2792,34.2787],[-117.2791,34.2786],[-117.2791,34.2785],[-117.2791,34.2784],[-117.2791,34.2783],[-117.2792,34.2782],[-117.2791,34.2782],[-117.279,34.2781],[-117.2789,34.2782],[-117.2787,34.2782],[-117.2786,34.2782],[-117.2785,34.2782],[-117.2784,34.2783],[-117.2783,34.2784],[-117.2782,34.2784],[-117.2781,34.2784],[-117.278,34.2784],[-117.278,34.2783],[-117.278,34.2782],[-117.278,34.2781],[-117.278,34.278],[-117.278,34.2779],[-117.278,34.2778],[-117.2779,34.2777],[-117.2778,34.2776],[-117.2778,34.2775],[-117.2778,34.2774],[-117.2777,34.2773],[-117.2776,34.2773],[-117.2775,34.2774],[-117.2774,34.2774],[-117.2773,34.2774],[-117.2772,34.2773],[-117.2772,34.2772],[-117.2772,34.2771],[-117.2771,34.277],[-117.2772,34.2769],[-117.2772,34.2768],[-117.2771,34.2768],[-117.2771,34.2767],[-117.2769,34.2767],[-117.2768,34.2767],[-117.2768,34.2766],[-117.2767,34.2765],[-117.2767,34.2764],[-117.2767,34.2763],[-117.2766,34.2762],[-117.2765,34.276],[-117.2764,34.2759],[-117.2763,34.2758],[-117.2762,34.2758],[-117.2762,34.2757],[-117.2762,34.2756],[-117.2762,34.2755],[-117.2763,34.2755],[-117.2763,34.2754],[-117.2763,34.2753],[-117.2764,34.2752],[-117.2764,34.2751],[-117.2765,34.275],[-117.2766,34.2749],[-117.2767,34.2749],[-117.2769,34.2749],[-117.277,34.2748],[-117.277,34.2747],[-117.277,34.2746],[-117.2769,34.2746],[-117.2768,34.2746],[-117.2767,34.2746],[-117.2767,34.2745],[-117.2766,34.2745],[-117.2765,34.2745],[-117.2764,34.2745],[-117.2763,34.2744],[-117.2762,34.2744],[-117.2761,34.2743],[-117.276,34.2743],[-117.276,34.2742],[-117.2761,34.2741],[-117.2762,34.2741],[-117.2763,34.2741],[-117.2764,34.2741],[-117.2766,34.2741],[-117.2766,34.274],[-117.2767,34.274],[-117.2767,34.2739],[-117.2766,34.2738],[-117.2766,34.2737],[-117.2766,34.2736],[-117.2766,34.2735],[-117.2767,34.2734],[-117.2768,34.2734],[-117.2769,34.2733],[-117.2769,34.2732],[-117.2768,34.2731],[-117.2768,34.273],[-117.2768,34.2729],[-117.2768,34.2728],[-117.2769,34.2727],[-117.2769,34.2726],[-117.2769,34.2725],[-117.2769,34.2724],[-117.2769,34.2723],[-117.2769,34.2722],[-117.277,34.2721],[-117.2771,34.272],[-117.2772,34.2719],[-117.2773,34.2718],[-117.2774,34.2717],[-117.2775,34.2717],[-117.2775,34.2718],[-117.2776,34.2718],[-117.2776,34.2719],[-117.2777,34.2719],[-117.2777,34.272],[-117.2778,34.272],[-117.2778,34.2719],[-117.2779,34.2718],[-117.278,34.2717],[-117.2782,34.2714],[-117.2783,34.2714],[-117.2784,34.2714],[-117.2785,34.2714],[-117.2786,34.2714],[-117.2786,34.2715],[-117.2788,34.2715],[-117.2789,34.2715],[-117.279,34.2716],[-117.2791,34.2716],[-117.2793,34.2716],[-117.2794,34.2716],[-117.2795,34.2716],[-117.2796,34.2716],[-117.2796,34.2715],[-117.2796,34.2714],[-117.2796,34.2713],[-117.2795,34.2712],[-117.2794,34.2711],[-117.2793,34.2711],[-117.2792,34.2711],[-117.2791,34.2711],[-117.2791,34.271],[-117.2791,34.2709],[-117.2791,34.2708],[-117.2791,34.2707]]}},{"type":"Feature","properties":{"id":"3N16","name":"HOLCOMB VALLEY","kind":"road","access":"plate","seasonal":false},"geometry":{"type":"LineString","coordinates":[[-117.0845,34.2607],[-117.0844,34.2607],[-117.0844,34.2605],[-117.0844,34.2604],[-117.0843,34.2603],[-117.0843,34.2602],[-117.0842,34.26],[-117.0841,34.2598],[-117.0841,34.2596],[-117.0841,34.2595],[-117.0841,34.2594],[-117.0841,34.2593],[-117.0842,34.2592],[-117.0843,34.2591],[-117.0844,34.2591],[-117.0845,34.2591],[-117.0845,34.2592],[-117.0846,34.2593],[-117.0847,34.2594],[-117.0848,34.2595],[-117.085,34.2595],[-117.0854,34.2596],[-117.0857,34.2596],[-117.0858,34.2596],[-117.0859,34.2596],[-117.0859,34.2595],[-117.0859,34.2593],[-117.086,34.2592],[-117.0862,34.2591],[-117.0863,34.259],[-117.0864,34.2589],[-117.0865,34.2589],[-117.0865,34.2588],[-117.0866,34.2587],[-117.0866,34.2586],[-117.0866,34.2585],[-117.0865,34.2584],[-117.0864,34.2583],[-117.0864,34.2581],[-117.0863,34.258],[-117.0862,34.2579],[-117.0861,34.2578],[-117.0861,34.2577],[-117.0861,34.2575],[-117.086,34.2573],[-117.086,34.2572],[-117.0859,34.2571],[-117.0858,34.257],[-117.0858,34.2569],[-117.0855,34.2568],[-117.0854,34.2567],[-117.0853,34.2567],[-117.0851,34.2567],[-117.085,34.2567],[-117.0849,34.2567],[-117.0848,34.2567],[-117.0845,34.2566],[-117.0843,34.2565],[-117.0842,34.2565],[-117.0841,34.2564],[-117.0839,34.2562],[-117.0838,34.2561],[-117.0837,34.2561],[-117.0837,34.256],[-117.0837,34.2559],[-117.0838,34.2558],[-117.0839,34.2557],[-117.084,34.2557],[-117.0841,34.2557],[-117.0842,34.2558],[-117.0844,34.2559],[-117.0844,34.256],[-117.0845,34.2561],[-117.0846,34.2561],[-117.0847,34.2561],[-117.0848,34.256],[-117.0849,34.2559],[-117.0852,34.2554],[-117.0853,34.2553],[-117.0853,34.2552],[-117.0854,34.2552],[-117.0856,34.2552],[-117.0857,34.2551],[-117.0859,34.2551],[-117.086,34.2551],[-117.0861,34.2551],[-117.0862,34.255],[-117.0863,34.2549],[-117.0865,34.2548],[-117.0866,34.2548],[-117.0868,34.2548],[-117.0869,34.2548],[-117.087,34.2548],[-117.0871,34.2547],[-117.0871,34.2546],[-117.0871,34.2544],[-117.0871,34.2543],[-117.0872,34.2542],[-117.0873,34.2542],[-117.0873,34.2541],[-117.0874,34.2539],[-117.0875,34.2538],[-117.0876,34.2538],[-117.0877,34.2537],[-117.0878,34.2536],[-117.0879,34.2535],[-117.0879,34.2534],[-117.0879,34.2533],[-117.0879,34.2532],[-117.0878,34.2532],[-117.0877,34.2531],[-117.0876,34.2531],[-117.0875,34.253],[-117.0874,34.2529],[-117.0874,34.2528],[-117.0874,34.2527],[-117.0874,34.2526],[-117.0875,34.2525],[-117.0876,34.2525],[-117.0878,34.2524],[-117.0879,34.2523],[-117.088,34.2522],[-117.0881,34.2521],[-117.0881,34.2519],[-117.0881,34.2518],[-117.0881,34.2517],[-117.0881,34.2516],[-117.0881,34.2515],[-117.0881,34.2514],[-117.0882,34.2513],[-117.0883,34.2513],[-117.0884,34.2513],[-117.0885,34.2513],[-117.0886,34.2514],[-117.0887,34.2515],[-117.0888,34.2515],[-117.0889,34.2515],[-117.0891,34.2515],[-117.0892,34.2514],[-117.0893,34.2513],[-117.0894,34.2512],[-117.0895,34.2511],[-117.0897,34.251],[-117.0899,34.2509],[-117.0899,34.2508],[-117.09,34.2507],[-117.0901,34.2506],[-117.0901,34.2505],[-117.09,34.2503],[-117.0899,34.2502],[-117.0899,34.2501],[-117.0899,34.25],[-117.09,34.2499],[-117.0901,34.2499],[-117.0902,34.2499],[-117.0903,34.25],[-117.0904,34.25],[-117.0905,34.25],[-117.0906,34.25],[-117.0908,34.2501],[-117.091,34.2502],[-117.0911,34.2502],[-117.0912,34.2502],[-117.0913,34.2501],[-117.0913,34.25],[-117.0914,34.2499],[-117.0915,34.2499],[-117.0916,34.2498],[-117.0916,34.2497],[-117.0917,34.2497],[-117.0918,34.2497],[-117.0919,34.2497],[-117.092,34.2496],[-117.0921,34.2494],[-117.0922,34.2494],[-117.0922,34.2493],[-117.0921,34.2492],[-117.092,34.249],[-117.0919,34.2489],[-117.0919,34.2488],[-117.0919,34.2487],[-117.092,34.2486],[-117.0922,34.2486],[-117.0924,34.2487],[-117.0925,34.2486],[-117.0926,34.2485],[-117.0926,34.2484],[-117.0926,34.2483],[-117.0925,34.2482],[-117.0922,34.2481],[-117.092,34.248],[-117.0919,34.2481],[-117.0917,34.2481],[-117.0915,34.2481],[-117.0913,34.2481],[-117.0912,34.2481],[-117.091,34.248],[-117.091,34.2479],[-117.0909,34.2478],[-117.0909,34.2477],[-117.0909,34.2476],[-117.091,34.2475],[-117.091,34.2474],[-117.0909,34.2473],[-117.0908,34.2472],[-117.0907,34.2472],[-117.0905,34.2473],[-117.0904,34.2473],[-117.0902,34.2474],[-117.0901,34.2476],[-117.09,34.2477],[-117.0899,34.2477],[-117.0895,34.2478],[-117.0891,34.2479],[-117.089,34.2479],[-117.0889,34.248],[-117.0889,34.2481],[-117.089,34.2482],[-117.089,34.2484],[-117.0889,34.2485],[-117.0888,34.2485],[-117.0887,34.2485],[-117.0881,34.2484],[-117.088,34.2483],[-117.0879,34.2482],[-117.0878,34.2481],[-117.0877,34.2481],[-117.0876,34.2481],[-117.0874,34.2481],[-117.0873,34.2481],[-117.0872,34.2481],[-117.0871,34.248],[-117.0871,34.2479],[-117.0871,34.2477],[-117.0872,34.2475],[-117.0871,34.2473],[-117.087,34.2472],[-117.087,34.2471],[-117.0869,34.2471],[-117.0867,34.247],[-117.0866,34.247],[-117.0865,34.2469],[-117.0865,34.2468],[-117.0864,34.2466],[-117.0864,34.2465],[-117.0864,34.2464],[-117.0863,34.2463],[-117.0862,34.2462],[-117.086,34.246],[-117.0859,34.246],[-117.0858,34.2458],[-117.0858,34.2457],[-117.0857,34.2456],[-117.0858,34.2455],[-117.0858,34.2453],[-117.0857,34.2452],[-117.0856,34.2451],[-117.0855,34.245],[-117.0854,34.2449],[-117.0852,34.2448],[-117.0851,34.2447],[-117.0851,34.2446],[-117.0852,34.2446],[-117.0854,34.2445],[-117.0856,34.2445],[-117.0858,34.2444],[-117.086,34.2443],[-117.0862,34.2443],[-117.0864,34.2443],[-117.0866,34.2443],[-117.0869,34.2442],[-117.087,34.2442],[-117.0871,34.2442],[-117.0871,34.2441],[-117.0872,34.244],[-117.0873,34.2439],[-117.0873,34.2438],[-117.0874,34.2437],[-117.0875,34.2436],[-117.0876,34.2435],[-117.0877,34.2434],[-117.0878,34.2434],[-117.0879,34.2433],[-117.0881,34.2433],[-117.0882,34.2432],[-117.0884,34.2432],[-117.0885,34.2432],[-117.0886,34.2431],[-117.0888,34.243],[-117.0891,34.2428],[-117.0892,34.2427],[-117.0893,34.2426],[-117.0893,34.2425],[-117.0894,34.2424],[-117.0895,34.2424],[-117.0897,34.2424],[-117.09,34.2424],[-117.0901,34.2423],[-117.0902,34.2423],[-117.0903,34.2422],[-117.0903,34.2421],[-117.0903,34.242],[-117.0903,34.2419],[-117.0904,34.2418],[-117.0905,34.2417],[-117.0906,34.2417],[-117.0908,34.2417],[-117.0909,34.2417],[-117.0911,34.2417],[-117.0912,34.2416],[-117.0914,34.2414],[-117.0916,34.2413],[-117.0917,34.2413],[-117.0918,34.2412],[-117.0919,34.2411],[-117.092,34.2411],[-117.0921,34.241],[-117.0921,34.2409],[-117.092,34.2408],[-117.092,34.2407],[-117.0919,34.2407],[-117.0918,34.2406],[-117.0917,34.2405],[-117.0916,34.2404],[-117.0916,34.2403],[-117.0916,34.2401],[-117.0916,34.24],[-117.0915,34.2399],[-117.0915,34.2398],[-117.0913,34.2397],[-117.0911,34.2395],[-117.091,34.2395],[-117.0908,34.2395],[-117.0907,34.2395],[-117.0906,34.2396],[-117.0905,34.2397],[-117.0904,34.2396],[-117.0903,34.2396],[-117.0901,34.2395],[-117.0899,34.2395],[-117.0898,34.2395],[-117.0897,34.2395],[-117.0895,34.2395],[-117.0893,34.2395],[-117.0891,34.2396],[-117.089,34.2397],[-117.0889,34.2397],[-117.0888,34.2397],[-117.0886,34.2396],[-117.0885,34.2396],[-117.0884,34.2396],[-117.0883,34.2396],[-117.0881,34.2398],[-117.088,34.2398],[-117.0879,34.2399],[-117.0878,34.2399],[-117.0877,34.2399],[-117.0876,34.2398],[-117.0875,34.2397],[-117.0875,34.2396],[-117.0876,34.2394],[-117.0877,34.2393],[-117.0877,34.2392],[-117.0876,34.2391],[-117.0875,34.2389],[-117.0875,34.2388],[-117.0873,34.2387],[-117.0872,34.2386],[-117.0872,34.2385],[-117.0873,34.2385],[-117.0873,34.2384],[-117.0874,34.2383],[-117.0875,34.2383],[-117.0877,34.2382],[-117.0878,34.2382],[-117.0879,34.2382],[-117.088,34.2382],[-117.0881,34.2381],[-117.0881,34.238],[-117.0881,34.2378],[-117.088,34.2377],[-117.0879,34.2376],[-117.0879,34.2375],[-117.0879,34.2373],[-117.0879,34.2372],[-117.0878,34.2372],[-117.0878,34.2371],[-117.0877,34.2371],[-117.0875,34.237],[-117.0874,34.237],[-117.0874,34.2369],[-117.0874,34.2368],[-117.0874,34.2367],[-117.0875,34.2367],[-117.0876,34.2366],[-117.0876,34.2365],[-117.0876,34.2364],[-117.0875,34.2363],[-117.0874,34.2362],[-117.0874,34.2361],[-117.0874,34.236],[-117.0874,34.2359],[-117.0874,34.2358],[-117.0874,34.2357],[-117.0874,34.2356],[-117.0873,34.2355],[-117.0871,34.2355],[-117.0869,34.2354],[-117.0868,34.2354],[-117.0867,34.2353],[-117.0866,34.2353],[-117.0866,34.2352],[-117.0866,34.2351],[-117.0866,34.235],[-117.0867,34.2348],[-117.0868,34.2348],[-117.0869,34.2348],[-117.0871,34.2347],[-117.0875,34.2346],[-117.0876,34.2346],[-117.0877,34.2346],[-117.0878,34.2347],[-117.0879,34.2348],[-117.088,34.2349],[-117.0881,34.235],[-117.0882,34.2351],[-117.0884,34.2351],[-117.0886,34.2351],[-117.0888,34.2351],[-117.0889,34.2352],[-117.0891,34.2353],[-117.0892,34.2353],[-117.0892,34.2352],[-117.0894,34.2352],[-117.0895,34.2351],[-117.0897,34.2351],[-117.0898,34.2351],[-117.0899,34.2351],[-117.09,34.235],[-117.0901,34.2349],[-117.0901,34.2348],[-117.0901,34.2346],[-117.0901,34.2345],[-117.09,34.2344],[-117.0897,34.2342],[-117.0896,34.2342],[-117.0895,34.234],[-117.0895,34.2337],[-117.0895,34.2334]]}},{"type":"Feature","properties":{"id":"3W49","name":null,"kind":"trail","access":"green","seasonal":false},"geometry":{"type":"LineString","coordinates":[[-117.2013,34.298],[-117.2013,34.2981],[-117.2013,34.2982],[-117.2013,34.2983],[-117.2014,34.2984],[-117.2015,34.2985],[-117.2016,34.2985],[-117.2017,34.2985],[-117.2018,34.2985],[-117.2019,34.2985],[-117.2019,34.2986],[-117.202,34.2986],[-117.2021,34.2986],[-117.2022,34.2986],[-117.2023,34.2986],[-117.2023,34.2987],[-117.2024,34.2987],[-117.2025,34.2986],[-117.2026,34.2986],[-117.2026,34.2985],[-117.2027,34.2985],[-117.2028,34.2985],[-117.2029,34.2984],[-117.203,34.2984],[-117.203,34.2985],[-117.2031,34.2985],[-117.2032,34.2985],[-117.2032,34.2984],[-117.2033,34.2984],[-117.2033,34.2983],[-117.2035,34.2981],[-117.2036,34.298],[-117.2036,34.2979],[-117.2037,34.2979],[-117.2037,34.2978],[-117.2037,34.2977],[-117.2038,34.2976],[-117.2039,34.2975],[-117.2039,34.2974],[-117.204,34.2973],[-117.204,34.2971],[-117.204,34.2969],[-117.204,34.2968],[-117.204,34.2966],[-117.2041,34.2965],[-117.2041,34.2964],[-117.2042,34.2963],[-117.2043,34.2963],[-117.2044,34.2963],[-117.2045,34.2963],[-117.2046,34.2963],[-117.2047,34.2964],[-117.2048,34.2965],[-117.2049,34.2966],[-117.2051,34.2967],[-117.2052,34.2967],[-117.2053,34.2968],[-117.2055,34.2968],[-117.2055,34.2969],[-117.2056,34.2968],[-117.2057,34.2968],[-117.2058,34.2968],[-117.2058,34.2969],[-117.2059,34.2969],[-117.206,34.297],[-117.2061,34.297],[-117.2061,34.2971],[-117.2062,34.2971],[-117.2063,34.2971],[-117.2063,34.297],[-117.2064,34.297],[-117.2064,34.2968],[-117.2064,34.2967],[-117.2064,34.2966],[-117.2065,34.2966],[-117.2065,34.2965],[-117.2066,34.2965],[-117.2067,34.2965],[-117.2067,34.2964],[-117.2068,34.2964],[-117.2069,34.2964],[-117.2069,34.2963],[-117.207,34.2963],[-117.207,34.2962],[-117.2071,34.2962],[-117.2072,34.2962],[-117.2072,34.2963],[-117.2073,34.2962],[-117.2074,34.2962],[-117.2074,34.2961],[-117.2075,34.296],[-117.2076,34.2959],[-117.2077,34.2958],[-117.2078,34.2958],[-117.2079,34.2958],[-117.208,34.2958],[-117.2082,34.2958],[-117.2083,34.2958],[-117.2084,34.2957],[-117.2084,34.2956],[-117.2085,34.2956],[-117.2085,34.2955],[-117.2086,34.2954],[-117.2087,34.2954],[-117.2088,34.2953],[-117.2089,34.2953],[-117.2089,34.2952],[-117.209,34.2952],[-117.209,34.2951],[-117.2091,34.295],[-117.2091,34.2949],[-117.2092,34.2949],[-117.2092,34.2948],[-117.2092,34.2947],[-117.2092,34.2946],[-117.2093,34.2946],[-117.2093,34.2945],[-117.2094,34.2945],[-117.2095,34.2944],[-117.2096,34.2943],[-117.2096,34.2942],[-117.2095,34.2942],[-117.2095,34.2941],[-117.2096,34.294],[-117.2097,34.2939],[-117.2098,34.2939],[-117.2098,34.2938],[-117.2099,34.2938],[-117.2099,34.2937],[-117.21,34.2937],[-117.2101,34.2936],[-117.2102,34.2935],[-117.2102,34.2934],[-117.2102,34.2933],[-117.2102,34.2932],[-117.2103,34.2931],[-117.2104,34.2929],[-117.2106,34.2928],[-117.2106,34.2927],[-117.2107,34.2927],[-117.2108,34.2927],[-117.2109,34.2927],[-117.211,34.2927],[-117.2111,34.2927],[-117.2112,34.2927],[-117.2112,34.2928],[-117.2113,34.2928],[-117.2114,34.2929],[-117.2115,34.2929],[-117.2116,34.2928],[-117.2117,34.2928],[-117.2117,34.2927],[-117.2118,34.2926],[-117.2119,34.2926],[-117.212,34.2925],[-117.212,34.2926],[-117.2121,34.2926],[-117.2122,34.2927],[-117.2123,34.2928],[-117.2124,34.2928],[-117.2125,34.2928],[-117.2126,34.2928],[-117.2126,34.2927],[-117.2126,34.2926],[-117.2126,34.2925],[-117.2127,34.2925],[-117.2128,34.2925],[-117.2129,34.2925],[-117.2129,34.2924],[-117.2129,34.2923],[-117.213,34.2923],[-117.213,34.2924],[-117.2131,34.2924],[-117.2132,34.2925],[-117.2133,34.2925],[-117.2134,34.2925],[-117.2135,34.2925],[-117.2136,34.2925],[-117.2137,34.2926],[-117.2137,34.2927],[-117.2138,34.2927],[-117.2139,34.2927],[-117.2139,34.2926],[-117.214,34.2927],[-117.2141,34.2927],[-117.2142,34.2927],[-117.2143,34.2927],[-117.2143,34.2928],[-117.2143,34.2929],[-117.2143,34.2931],[-117.2142,34.2932],[-117.2142,34.2933]]}},{"type":"Feature","properties":{"id":"3W09","name":null,"kind":"trail","access":"green","seasonal":false},"geometry":{"type":"LineString","coordinates":[[-117.2013,34.298],[-117.2013,34.2979],[-117.2012,34.2979],[-117.2011,34.2979],[-117.2011,34.2978],[-117.201,34.2977],[-117.201,34.2976],[-117.201,34.2975],[-117.201,34.2974],[-117.2011,34.2974],[-117.2011,34.2973],[-117.201,34.2972],[-117.2009,34.2971],[-117.2009,34.297],[-117.2008,34.297],[-117.2008,34.2969],[-117.2008,34.2968],[-117.2009,34.2968],[-117.2009,34.2967],[-117.201,34.2967],[-117.2011,34.2966],[-117.2012,34.2966],[-117.2013,34.2965],[-117.2014,34.2965],[-117.2016,34.2965],[-117.2017,34.2965],[-117.2018,34.2965],[-117.2019,34.2965],[-117.2019,34.2966],[-117.202,34.2967],[-117.2021,34.2968],[-117.202,34.2968],[-117.202,34.2969],[-117.2019,34.297],[-117.2018,34.297],[-117.2017,34.297],[-117.2016,34.297],[-117.2015,34.297],[-117.2014,34.2971],[-117.2014,34.2972],[-117.2014,34.2973],[-117.2014,34.2974],[-117.2014,34.2975],[-117.2015,34.2975],[-117.2015,34.2976],[-117.2014,34.2976],[-117.2014,34.2977],[-117.2013,34.2978],[-117.2013,34.2979]]}},{"type":"Feature","properties":{"id":"4W33","name":null,"kind":"trail","access":"plate","seasonal":false},"geometry":{"type":"LineString","coordinates":[[-117.256,34.281],[-117.256,34.2809],[-117.2561,34.2808],[-117.2563,34.2808],[-117.2564,34.2808],[-117.2565,34.2807],[-117.2566,34.2806],[-117.2567,34.2806],[-117.2568,34.2805],[-117.2569,34.2805],[-117.257,34.2806],[-117.2571,34.2806],[-117.2572,34.2807],[-117.2573,34.2807],[-117.2574,34.2807],[-117.2575,34.2808],[-117.2576,34.2808],[-117.2577,34.2809],[-117.2578,34.2809],[-117.2578,34.2808],[-117.2579,34.2808],[-117.258,34.2808],[-117.2581,34.2808],[-117.2582,34.2807],[-117.2583,34.2807],[-117.2584,34.2807],[-117.2585,34.2807],[-117.2585,34.2806],[-117.2586,34.2806],[-117.2587,34.2806],[-117.2588,34.2806],[-117.2589,34.2806],[-117.259,34.2806],[-117.2591,34.2807],[-117.2591,34.2806],[-117.2592,34.2806],[-117.2593,34.2806],[-117.2594,34.2806],[-117.2595,34.2806],[-117.2596,34.2807],[-117.2597,34.2807],[-117.2597,34.2808],[-117.2598,34.2807],[-117.26,34.2807],[-117.2601,34.2807],[-117.2602,34.2807],[-117.2603,34.2807],[-117.2605,34.2808],[-117.2607,34.2808],[-117.2608,34.2808],[-117.2609,34.2808],[-117.261,34.2809],[-117.2611,34.2808],[-117.2612,34.2808],[-117.2613,34.2808],[-117.2615,34.2808],[-117.2616,34.2808],[-117.2618,34.2808],[-117.2619,34.2807],[-117.262,34.2807],[-117.2621,34.2807],[-117.2623,34.2807],[-117.2624,34.2807],[-117.2625,34.2808],[-117.2626,34.2808],[-117.2627,34.2808],[-117.2628,34.2807],[-117.2628,34.2806],[-117.2629,34.2805],[-117.263,34.2805],[-117.2629,34.2804],[-117.2629,34.2803],[-117.263,34.2803],[-117.263,34.2802],[-117.2631,34.2801],[-117.2632,34.2801],[-117.2633,34.2801],[-117.2633,34.2802],[-117.2634,34.2802],[-117.2635,34.2803],[-117.2637,34.2804],[-117.2638,34.2804],[-117.2639,34.2804],[-117.264,34.2804],[-117.2642,34.2804],[-117.2644,34.2804],[-117.2645,34.2804],[-117.2646,34.2804],[-117.2647,34.2804],[-117.2647,34.2805],[-117.2648,34.2805],[-117.2649,34.2805],[-117.265,34.2805],[-117.2651,34.2805],[-117.2652,34.2806],[-117.2654,34.2806],[-117.2657,34.2807],[-117.2658,34.2808],[-117.2659,34.2809],[-117.2661,34.2809],[-117.2663,34.281],[-117.2664,34.281],[-117.2665,34.281],[-117.2666,34.2811],[-117.2668,34.2811],[-117.2668,34.2812],[-117.267,34.2812],[-117.2671,34.2813],[-117.2673,34.2813],[-117.2674,34.2812],[-117.2676,34.2812],[-117.2677,34.2812],[-117.2679,34.2812],[-117.268,34.2812],[-117.2681,34.2812],[-117.2682,34.2812],[-117.2683,34.2813],[-117.2684,34.2814],[-117.2685,34.2814],[-117.2686,34.2815],[-117.2687,34.2815],[-117.2688,34.2816],[-117.2688,34.2817],[-117.2689,34.2818],[-117.269,34.2819],[-117.2691,34.2819],[-117.2692,34.2819],[-117.2693,34.2819],[-117.2694,34.2818],[-117.2695,34.2818],[-117.2697,34.2818],[-117.2699,34.2818],[-117.27,34.2817],[-117.2701,34.2817],[-117.2703,34.2816],[-117.2704,34.2817],[-117.2704,34.2818],[-117.2705,34.2819],[-117.2705,34.2818],[-117.2706,34.2818],[-117.2707,34.2818],[-117.2708,34.2819],[-117.271,34.2819],[-117.2713,34.282],[-117.2715,34.282],[-117.2717,34.282],[-117.2719,34.282],[-117.2721,34.282],[-117.2722,34.2821],[-117.2723,34.2821],[-117.2724,34.2822],[-117.2724,34.2823],[-117.2725,34.2823],[-117.2726,34.2823],[-117.2727,34.2824],[-117.2728,34.2825],[-117.2729,34.2826],[-117.273,34.2826],[-117.2731,34.2827],[-117.2732,34.2827],[-117.2733,34.2827],[-117.2733,34.2826],[-117.2734,34.2826],[-117.2735,34.2826],[-117.2737,34.2826],[-117.2738,34.2826],[-117.2739,34.2825],[-117.274,34.2825],[-117.2741,34.2825],[-117.2742,34.2825],[-117.2743,34.2825],[-117.2744,34.2825],[-117.2745,34.2825],[-117.2746,34.2825],[-117.2746,34.2824],[-117.2747,34.2824],[-117.2748,34.2824],[-117.2748,34.2825],[-117.2749,34.2825],[-117.275,34.2825],[-117.2751,34.2826],[-117.2752,34.2826],[-117.2753,34.2826],[-117.2754,34.2826],[-117.2755,34.2826],[-117.2756,34.2826],[-117.2757,34.2826],[-117.2758,34.2825],[-117.2759,34.2825],[-117.276,34.2825],[-117.2761,34.2825],[-117.2762,34.2824],[-117.2763,34.2825],[-117.2764,34.2825],[-117.2765,34.2825],[-117.2766,34.2825],[-117.2768,34.2824],[-117.277,34.2824],[-117.2772,34.2824],[-117.2773,34.2824],[-117.2774,34.2824],[-117.2776,34.2823],[-117.2778,34.2823],[-117.2779,34.2823],[-117.278,34.2823],[-117.2781,34.2824],[-117.2782,34.2824],[-117.2783,34.2825],[-117.2783,34.2826],[-117.2784,34.2826],[-117.2785,34.2826],[-117.2785,34.2827],[-117.2786,34.2827],[-117.2787,34.2827],[-117.2787,34.2828],[-117.2788,34.2828],[-117.2789,34.2828],[-117.279,34.2828],[-117.2791,34.2827],[-117.2792,34.2827],[-117.2793,34.2827],[-117.2794,34.2827],[-117.2795,34.2826],[-117.2796,34.2825],[-117.2796,34.2824],[-117.2797,34.2823],[-117.2798,34.2823],[-117.2798,34.2822],[-117.28,34.2822],[-117.2801,34.2821],[-117.2803,34.2821],[-117.2806,34.282],[-117.2807,34.282],[-117.2808,34.282],[-117.2809,34.2821],[-117.281,34.2821],[-117.2811,34.2821],[-117.2811,34.2822],[-117.2812,34.2822],[-117.2813,34.2822],[-117.2814,34.2822],[-117.2815,34.2822],[-117.2816,34.2822],[-117.2816,34.2821],[-117.2817,34.2821],[-117.2818,34.2821],[-117.2819,34.2821],[-117.282,34.2821],[-117.2821,34.2821],[-117.2822,34.2821],[-117.2823,34.2821],[-117.2824,34.282],[-117.2824,34.2819],[-117.2824,34.2818],[-117.2824,34.2817],[-117.2824,34.2816],[-117.2825,34.2815],[-117.2825,34.2814],[-117.2826,34.2813],[-117.2826,34.2812],[-117.2827,34.2812],[-117.2827,34.2811],[-117.2828,34.2811],[-117.2828,34.281],[-117.2829,34.281],[-117.283,34.281],[-117.2831,34.281],[-117.2831,34.2811],[-117.2832,34.2811],[-117.2833,34.2812],[-117.2834,34.2813],[-117.2835,34.2813],[-117.2835,34.2814],[-117.2836,34.2814],[-117.2836,34.2815],[-117.2837,34.2816],[-117.2838,34.2816],[-117.2839,34.2816],[-117.284,34.2816],[-117.2841,34.2816],[-117.2842,34.2816],[-117.2843,34.2816],[-117.2844,34.2816],[-117.2845,34.2816],[-117.2847,34.2815],[-117.2849,34.2815],[-117.2851,34.2814],[-117.2853,34.2814],[-117.2856,34.2813],[-117.2858,34.2813],[-117.286,34.2813],[-117.2863,34.2814],[-117.2865,34.2814],[-117.2867,34.2814],[-117.2869,34.2814],[-117.2872,34.2814],[-117.2873,34.2814],[-117.2874,34.2815],[-117.2875,34.2815],[-117.2876,34.2814],[-117.2877,34.2814],[-117.2878,34.2815],[-117.2879,34.2816],[-117.288,34.2816],[-117.2881,34.2816],[-117.2882,34.2816],[-117.2882,34.2815],[-117.2883,34.2815],[-117.2884,34.2815],[-117.2885,34.2815],[-117.2886,34.2815],[-117.2887,34.2815],[-117.2888,34.2816],[-117.2889,34.2816],[-117.2891,34.2816],[-117.2892,34.2816],[-117.2893,34.2816],[-117.2894,34.2815],[-117.2895,34.2814],[-117.2897,34.2814],[-117.2898,34.2814],[-117.2899,34.2814],[-117.2901,34.2814],[-117.2903,34.2815],[-117.2904,34.2815],[-117.2905,34.2815],[-117.2906,34.2815],[-117.2907,34.2816],[-117.2908,34.2816],[-117.2909,34.2816],[-117.2909,34.2817],[-117.291,34.2817],[-117.291,34.2818],[-117.2911,34.2818],[-117.2912,34.2818],[-117.2913,34.2818],[-117.2914,34.2818],[-117.2915,34.2817],[-117.2916,34.2817],[-117.2917,34.2816],[-117.2918,34.2816],[-117.2919,34.2816],[-117.292,34.2815],[-117.2921,34.2815],[-117.2922,34.2816],[-117.2924,34.2816],[-117.2926,34.2815],[-117.2928,34.2815],[-117.2929,34.2815],[-117.293,34.2815],[-117.2931,34.2816],[-117.2932,34.2817],[-117.2934,34.2818],[-117.2935,34.2818],[-117.2935,34.2819],[-117.2936,34.2819],[-117.2936,34.282],[-117.2937,34.282],[-117.2938,34.282],[-117.2939,34.2819],[-117.294,34.2819],[-117.2941,34.2818],[-117.2942,34.2818],[-117.2943,34.2818],[-117.2944,34.2817],[-117.2945,34.2817],[-117.2946,34.2816],[-117.2947,34.2816],[-117.2948,34.2815],[-117.2949,34.2814],[-117.295,34.2813],[-117.2951,34.2813],[-117.2951,34.2812],[-117.2952,34.2812],[-117.2953,34.2812],[-117.2954,34.2811],[-117.2955,34.2811],[-117.2956,34.2811],[-117.2958,34.2811],[-117.2959,34.2811],[-117.296,34.2811],[-117.2961,34.2811],[-117.2962,34.2812],[-117.2963,34.2812],[-117.2964,34.2812],[-117.2965,34.2812],[-117.2966,34.2812],[-117.2968,34.2812],[-117.2969,34.2812],[-117.297,34.2812],[-117.2971,34.2812],[-117.2972,34.2812],[-117.2973,34.2812],[-117.2974,34.2812],[-117.2975,34.2812],[-117.2977,34.2813],[-117.2978,34.2813],[-117.2979,34.2813],[-117.298,34.2813],[-117.2981,34.2814],[-117.2983,34.2814],[-117.2984,34.2815],[-117.2985,34.2816],[-117.2986,34.2816],[-117.2987,34.2816],[-117.2988,34.2816],[-117.2989,34.2816],[-117.299,34.2816],[-117.2991,34.2816],[-117.2992,34.2816],[-117.2993,34.2815],[-117.2994,34.2815],[-117.2995,34.2815],[-117.2996,34.2815],[-117.2997,34.2815],[-117.2998,34.2815],[-117.2999,34.2816],[-117.3,34.2816],[-117.3001,34.2817],[-117.3002,34.2817],[-117.3003,34.2817],[-117.3005,34.2816],[-117.3006,34.2816],[-117.3007,34.2816],[-117.3008,34.2817],[-117.3008,34.2816],[-117.301,34.2816],[-117.3013,34.2815],[-117.3015,34.2815],[-117.3016,34.2814],[-117.3018,34.2813],[-117.302,34.2812],[-117.3021,34.2812],[-117.3022,34.2811],[-117.3023,34.2811],[-117.3024,34.2811],[-117.3025,34.281],[-117.3026,34.281],[-117.3027,34.281],[-117.3028,34.2809],[-117.3029,34.2809],[-117.3029,34.2808],[-117.303,34.2808],[-117.3031,34.2808],[-117.3032,34.2808],[-117.3032,34.2809],[-117.3033,34.2809],[-117.3033,34.281],[-117.3034,34.281],[-117.3035,34.2812],[-117.3036,34.2813],[-117.3036,34.2814],[-117.3037,34.2814],[-117.3038,34.2815],[-117.3038,34.2816],[-117.3039,34.2816],[-117.304,34.2817],[-117.3041,34.2817],[-117.3042,34.2818],[-117.3044,34.2818],[-117.3045,34.2819],[-117.3046,34.2819],[-117.3047,34.282],[-117.3048,34.282],[-117.3048,34.2821],[-117.3049,34.2821],[-117.3049,34.2822],[-117.305,34.2822],[-117.3051,34.2823],[-117.3052,34.2823],[-117.3052,34.2824],[-117.3053,34.2824],[-117.3054,34.2824],[-117.3055,34.2824],[-117.3056,34.2824],[-117.3057,34.2824],[-117.3057,34.2825],[-117.3058,34.2826],[-117.3058,34.2827],[-117.3059,34.2827],[-117.3059,34.2828],[-117.306,34.2828],[-117.306,34.2827],[-117.3061,34.2827],[-117.3062,34.2826],[-117.3062,34.2825],[-117.3063,34.2825],[-117.3064,34.2825],[-117.3064,34.2824],[-117.3064,34.2823],[-117.3065,34.2823],[-117.3065,34.2822],[-117.3066,34.2822],[-117.3066,34.2821],[-117.3067,34.282],[-117.3068,34.282],[-117.3068,34.2819],[-117.3069,34.2818],[-117.3069,34.2817],[-117.307,34.2817],[-117.3071,34.2817],[-117.3072,34.2817],[-117.3074,34.2816],[-117.3075,34.2816],[-117.3076,34.2816],[-117.3077,34.2816],[-117.3077,34.2815],[-117.3078,34.2815],[-117.3079,34.2815],[-117.308,34.2815],[-117.3081,34.2815],[-117.3082,34.2815],[-117.3083,34.2815],[-117.3084,34.2816],[-117.3085,34.2816],[-117.3086,34.2817],[-117.3087,34.2818],[-117.3087,34.2819],[-117.3087,34.282],[-117.3088,34.2821],[-117.3088,34.2822],[-117.3089,34.2822],[-117.3089,34.2823],[-117.309,34.2823],[-117.309,34.2824],[-117.3091,34.2825],[-117.3091,34.2826],[-117.3092,34.2826],[-117.3093,34.2826],[-117.3093,34.2825],[-117.3094,34.2825],[-117.3095,34.2824],[-117.3096,34.2823],[-117.3097,34.2823],[-117.3098,34.2823],[-117.3099,34.2822],[-117.31,34.2822],[-117.3101,34.2821],[-117.3102,34.2821],[-117.3103,34.2821],[-117.3104,34.2821],[-117.3105,34.2821],[-117.3106,34.2821],[-117.3106,34.2822],[-117.3107,34.2822],[-117.3107,34.2821],[-117.3108,34.2821],[-117.3109,34.2821],[-117.311,34.2821],[-117.3111,34.2821],[-117.3112,34.2821],[-117.3112,34.2822],[-117.3113,34.2822],[-117.3114,34.2822],[-117.3115,34.2822],[-117.3116,34.2822],[-117.3117,34.2822],[-117.3118,34.2822],[-117.3119,34.2822],[-117.312,34.2823],[-117.3121,34.2823],[-117.3122,34.2824],[-117.3123,34.2825],[-117.3124,34.2825],[-117.3125,34.2825],[-117.3126,34.2825],[-117.3128,34.2825],[-117.3129,34.2825],[-117.3131,34.2825],[-117.3134,34.2826],[-117.3136,34.2826],[-117.3138,34.2825],[-117.3139,34.2825],[-117.3141,34.2825],[-117.3142,34.2825],[-117.3144,34.2826],[-117.3145,34.2826],[-117.3146,34.2826],[-117.3148,34.2827],[-117.3149,34.2827],[-117.3151,34.2828],[-117.3155,34.2828],[-117.3157,34.2828],[-117.3159,34.2828],[-117.3161,34.2828],[-117.3163,34.2828],[-117.3164,34.2828],[-117.3167,34.2828],[-117.3169,34.2828],[-117.317,34.2829],[-117.3172,34.2829],[-117.3174,34.283],[-117.3176,34.283],[-117.3178,34.2831],[-117.318,34.283],[-117.3181,34.283],[-117.3184,34.283],[-117.3186,34.2831],[-117.3188,34.2831],[-117.3191,34.2832],[-117.3193,34.2832],[-117.3195,34.2833]]}},{"type":"Feature","properties":{"id":"1W17","name":null,"kind":"trail","access":"green","seasonal":false},"geometry":{"type":"LineString","coordinates":[[-117.0903,34.2648],[-117.0902,34.2648],[-117.0901,34.2649],[-117.0901,34.265],[-117.0902,34.2652],[-117.0902,34.2653],[-117.0902,34.2654],[-117.0902,34.2655],[-117.0901,34.2655],[-117.0901,34.2656],[-117.0901,34.2657],[-117.09,34.2658],[-117.0899,34.2658],[-117.0898,34.2659],[-117.0897,34.266],[-117.0896,34.2661],[-117.0896,34.2662],[-117.0895,34.2663],[-117.0895,34.2664],[-117.0896,34.2665],[-117.0895,34.2666],[-117.0895,34.2667],[-117.0894,34.2667],[-117.0894,34.2668],[-117.0893,34.2668],[-117.0892,34.267],[-117.0891,34.2671],[-117.089,34.2672],[-117.0889,34.2674],[-117.0889,34.2675],[-117.0889,34.2676],[-117.0889,34.2677],[-117.0889,34.2678],[-117.0888,34.2679],[-117.0889,34.2679],[-117.0889,34.268],[-117.0889,34.2681],[-117.0888,34.2682],[-117.0888,34.2683],[-117.0887,34.2684],[-117.0885,34.2687],[-117.0884,34.2689],[-117.0883,34.2689],[-117.0882,34.269],[-117.0881,34.2691],[-117.0881,34.2692],[-117.0881,34.2693],[-117.0881,34.2695],[-117.0881,34.2696],[-117.088,34.2696],[-117.0879,34.2697],[-117.0878,34.2697],[-117.0876,34.2697],[-117.0875,34.2697],[-117.0874,34.2696],[-117.0873,34.2696],[-117.0872,34.2696],[-117.0872,34.2697],[-117.0872,34.2698],[-117.0873,34.2698],[-117.0873,34.2699],[-117.0873,34.27],[-117.0874,34.27],[-117.0874,34.2701],[-117.0874,34.2702],[-117.0874,34.2703],[-117.0873,34.2703],[-117.0872,34.2704],[-117.0871,34.2704],[-117.0871,34.2705],[-117.0872,34.2705],[-117.0873,34.2706],[-117.0872,34.2706],[-117.0872,34.2707],[-117.0872,34.2708],[-117.0869,34.2709],[-117.0868,34.271],[-117.0868,34.2711],[-117.0867,34.2712],[-117.0867,34.2713],[-117.0866,34.2714],[-117.0865,34.2714],[-117.0864,34.2715],[-117.0864,34.2716],[-117.0864,34.2717],[-117.0864,34.2718],[-117.0864,34.2719],[-117.0864,34.272],[-117.0863,34.272],[-117.0863,34.2721],[-117.0861,34.2721],[-117.086,34.2722],[-117.0859,34.2723],[-117.0858,34.2724],[-117.0857,34.2724],[-117.0856,34.2725],[-117.0855,34.2726],[-117.0854,34.2727],[-117.0854,34.2728],[-117.0852,34.2728],[-117.085,34.2728],[-117.0849,34.2728],[-117.0848,34.2728],[-117.0847,34.2727],[-117.0846,34.2726],[-117.0845,34.2725],[-117.0844,34.2726],[-117.0843,34.2726],[-117.0843,34.2727],[-117.0842,34.2729],[-117.0841,34.2731],[-117.0839,34.2732],[-117.0838,34.2732],[-117.0837,34.2733],[-117.0836,34.2733],[-117.0835,34.2733],[-117.0835,34.2734],[-117.0835,34.2735],[-117.0834,34.2736],[-117.0833,34.2736],[-117.0832,34.2736],[-117.0832,34.2737],[-117.0832,34.2738],[-117.0831,34.2738],[-117.083,34.2739],[-117.083,34.274],[-117.0829,34.274],[-117.0828,34.274],[-117.0827,34.2741],[-117.0826,34.2742],[-117.0825,34.2742],[-117.0824,34.2743],[-117.0823,34.2743],[-117.0822,34.2744],[-117.0822,34.2745],[-117.0821,34.2746],[-117.0821,34.2747],[-117.082,34.2748],[-117.0819,34.2748],[-117.0818,34.2748],[-117.0816,34.2748],[-117.0815,34.2748],[-117.0814,34.2748],[-117.0814,34.2749],[-117.0814,34.275],[-117.0813,34.2751],[-117.0811,34.2752],[-117.081,34.2752],[-117.0809,34.2752],[-117.0808,34.2753],[-117.0808,34.2754],[-117.0807,34.2755],[-117.0806,34.2755],[-117.0805,34.2755],[-117.0804,34.2755],[-117.0802,34.2755],[-117.0801,34.2755],[-117.08,34.2755],[-117.0799,34.2754],[-117.0798,34.2754],[-117.0797,34.2754],[-117.0795,34.2756],[-117.0794,34.2757],[-117.0793,34.2758],[-117.0792,34.2758],[-117.0791,34.2759],[-117.079,34.2759],[-117.0789,34.2759],[-117.0788,34.2758],[-117.0787,34.2758],[-117.0786,34.2758],[-117.0786,34.2759],[-117.0786,34.276],[-117.0786,34.2761],[-117.0786,34.2762],[-117.0785,34.2763],[-117.0784,34.2763],[-117.0783,34.2763],[-117.0782,34.2764],[-117.0781,34.2764],[-117.078,34.2764],[-117.0779,34.2765],[-117.0778,34.2765],[-117.0777,34.2765],[-117.0776,34.2765],[-117.0775,34.2765],[-117.0775,34.2766],[-117.0775,34.2767],[-117.0774,34.2767],[-117.0773,34.2768],[-117.0773,34.2769],[-117.0774,34.277],[-117.0776,34.2771],[-117.0777,34.2772],[-117.0777,34.2773],[-117.0776,34.2775],[-117.0775,34.2776],[-117.0774,34.2777],[-117.0774,34.2778],[-117.0773,34.2778],[-117.0772,34.2778],[-117.0771,34.2778],[-117.077,34.2779],[-117.0768,34.2779],[-117.0768,34.278],[-117.0767,34.2781],[-117.0766,34.2781],[-117.0765,34.2781],[-117.0764,34.2781],[-117.0763,34.2781],[-117.0762,34.2781],[-117.0761,34.2781],[-117.076,34.2781],[-117.0759,34.2781],[-117.0757,34.278],[-117.0756,34.278],[-117.0754,34.278],[-117.0753,34.2781],[-117.0752,34.2781],[-117.0751,34.2781],[-117.075,34.2781],[-117.075,34.2782],[-117.0749,34.2782],[-117.0748,34.2783],[-117.0747,34.2783],[-117.0746,34.2784],[-117.0745,34.2785],[-117.0745,34.2786],[-117.0745,34.2787],[-117.0745,34.2788],[-117.0744,34.2788],[-117.0743,34.2788],[-117.0743,34.2789],[-117.0742,34.2789],[-117.0741,34.2789],[-117.074,34.2788],[-117.0739,34.2788],[-117.0739,34.2789],[-117.0738,34.2789],[-117.0738,34.279],[-117.0737,34.2791],[-117.0737,34.2792],[-117.0736,34.2792],[-117.0735,34.2793],[-117.0734,34.2793],[-117.0733,34.2793],[-117.0732,34.2794],[-117.0732,34.2795],[-117.0731,34.2795],[-117.0731,34.2796],[-117.073,34.2796],[-117.073,34.2797],[-117.073,34.2798],[-117.0729,34.2799],[-117.0729,34.28],[-117.073,34.2801],[-117.073,34.2802],[-117.073,34.2803],[-117.0729,34.2803],[-117.0729,34.2804],[-117.0728,34.2805],[-117.0728,34.2806],[-117.0728,34.2807],[-117.0729,34.2807],[-117.0729,34.2808],[-117.073,34.2809],[-117.073,34.281],[-117.0729,34.2811],[-117.0729,34.2813],[-117.0729,34.2814],[-117.0728,34.2814],[-117.0728,34.2815],[-117.0727,34.2816],[-117.0727,34.2817],[-117.0726,34.2817],[-117.0725,34.2817],[-117.0724,34.2817],[-117.0723,34.2817],[-117.0722,34.2818],[-117.0721,34.2819],[-117.072,34.2819],[-117.072,34.282],[-117.072,34.2821],[-117.0719,34.2821],[-117.0719,34.2822],[-117.0718,34.2822],[-117.0717,34.2823],[-117.0716,34.2824],[-117.0715,34.2824],[-117.0715,34.2825],[-117.0714,34.2825],[-117.0714,34.2826],[-117.0714,34.2827],[-117.0714,34.2829],[-117.0713,34.2829],[-117.0713,34.283],[-117.0712,34.283],[-117.0711,34.2831],[-117.0709,34.2832],[-117.0709,34.2833],[-117.0709,34.2834],[-117.0709,34.2835],[-117.071,34.2836],[-117.0709,34.2837],[-117.071,34.2837],[-117.071,34.2838],[-117.071,34.2839],[-117.0709,34.2839],[-117.0709,34.284],[-117.0708,34.284],[-117.0706,34.284],[-117.0705,34.284],[-117.0704,34.284],[-117.0705,34.284],[-117.0706,34.2841],[-117.0707,34.2841],[-117.0708,34.2841],[-117.0708,34.2842],[-117.0709,34.2842],[-117.071,34.2842],[-117.0711,34.2842],[-117.0712,34.2842],[-117.0713,34.2841],[-117.0714,34.2841],[-117.0714,34.2842],[-117.0713,34.2842],[-117.0713,34.2843],[-117.0713,34.2844],[-117.0712,34.2845],[-117.0711,34.2845],[-117.0711,34.2846],[-117.071,34.2846],[-117.0709,34.2846],[-117.0708,34.2847],[-117.0707,34.2847],[-117.0706,34.2846],[-117.0705,34.2846],[-117.0705,34.2847],[-117.0706,34.2847],[-117.0706,34.2848],[-117.0707,34.2848],[-117.0708,34.2848],[-117.0708,34.2849],[-117.0707,34.2849],[-117.0705,34.2849],[-117.0704,34.2849],[-117.0703,34.285],[-117.0702,34.285],[-117.0702,34.2851],[-117.0701,34.2852],[-117.07,34.2853],[-117.0699,34.2853],[-117.0698,34.2854],[-117.0697,34.2854],[-117.0696,34.2854],[-117.0695,34.2855],[-117.0695,34.2856],[-117.0694,34.2857],[-117.0693,34.2858],[-117.0692,34.2859],[-117.0692,34.286],[-117.0691,34.2861],[-117.069,34.2861],[-117.0689,34.2862],[-117.0688,34.2862],[-117.0688,34.2863],[-117.0688,34.2864],[-117.0687,34.2865],[-117.0687,34.2866],[-117.0686,34.2866],[-117.0685,34.2867],[-117.0684,34.2867],[-117.0683,34.2868],[-117.0682,34.2868],[-117.0682,34.2869],[-117.068,34.287],[-117.0679,34.287],[-117.0678,34.2871],[-117.0677,34.2871],[-117.0676,34.2872],[-117.0676,34.2873],[-117.0675,34.2874],[-117.0674,34.2875],[-117.0673,34.2876],[-117.0672,34.2877],[-117.0671,34.2877],[-117.0671,34.2878],[-117.067,34.2879],[-117.067,34.288],[-117.0669,34.2881],[-117.0669,34.2882],[-117.0669,34.2883],[-117.0668,34.2884],[-117.0667,34.2884],[-117.0666,34.2885],[-117.0664,34.2885],[-117.0663,34.2885],[-117.0662,34.2886],[-117.0659,34.2886],[-117.0658,34.2887],[-117.0657,34.2887],[-117.0656,34.2887],[-117.0655,34.2887],[-117.0654,34.2888],[-117.0652,34.2888],[-117.0651,34.2888],[-117.0651,34.2889],[-117.065,34.289],[-117.0649,34.289],[-117.0648,34.2891],[-117.0647,34.2892],[-117.0646,34.2893],[-117.0646,34.2894],[-117.0645,34.2894],[-117.0644,34.2895],[-117.0644,34.2896],[-117.0643,34.2896],[-117.0643,34.2897],[-117.0642,34.2897],[-117.0641,34.2897],[-117.064,34.2897],[-117.0639,34.2897],[-117.0638,34.2897],[-117.0637,34.2898],[-117.0636,34.2898],[-117.0635,34.2898],[-117.0634,34.2898],[-117.0633,34.2899],[-117.0632,34.29],[-117.0631,34.29],[-117.063,34.29],[-117.0629,34.29],[-117.0628,34.29],[-117.0627,34.2899],[-117.0626,34.2899],[-117.0625,34.2899],[-117.0623,34.2899],[-117.0621,34.2899],[-117.062,34.2899],[-117.0619,34.2898],[-117.0618,34.2898],[-117.0617,34.2898],[-117.0616,34.2899],[-117.0615,34.2899],[-117.0614,34.2899],[-117.0612,34.29],[-117.0611,34.29],[-117.061,34.2901],[-117.0609,34.2901],[-117.0608,34.2901],[-117.0607,34.2901],[-117.0606,34.2901],[-117.0605,34.2901],[-117.0604,34.29],[-117.0603,34.2901],[-117.0602,34.29],[-117.0601,34.29],[-117.06,34.29],[-117.0599,34.29],[-117.0599,34.2901],[-117.0598,34.2901],[-117.0597,34.2901],[-117.0596,34.2902],[-117.0594,34.2902],[-117.0593,34.2902],[-117.0592,34.2902],[-117.0591,34.2903],[-117.059,34.2903],[-117.0589,34.2903],[-117.0588,34.2903],[-117.0588,34.2904],[-117.0587,34.2904],[-117.0586,34.2904],[-117.0585,34.2905],[-117.0584,34.2905],[-117.0583,34.2905],[-117.0582,34.2905],[-117.058,34.2906],[-117.0579,34.2906],[-117.0578,34.2906],[-117.0578,34.2907],[-117.0577,34.2907],[-117.0577,34.2908],[-117.0577,34.2909],[-117.0576,34.291],[-117.0576,34.2911],[-117.0576,34.2912],[-117.0575,34.2912],[-117.0574,34.2912],[-117.0572,34.2912],[-117.0571,34.2913],[-117.0569,34.2913],[-117.0568,34.2913],[-117.0567,34.2914],[-117.0567,34.2915],[-117.0566,34.2915],[-117.0566,34.2917],[-117.0565,34.2918],[-117.0564,34.2919],[-117.0564,34.292],[-117.0564,34.2921],[-117.0563,34.2922],[-117.0563,34.2923],[-117.0563,34.2924],[-117.0563,34.2925],[-117.0562,34.2926],[-117.0561,34.2927],[-117.0561,34.2928],[-117.056,34.2928],[-117.056,34.2929],[-117.056,34.293],[-117.0561,34.2931],[-117.0561,34.2932],[-117.0561,34.2933],[-117.0561,34.2934],[-117.0561,34.2935],[-117.056,34.2936],[-117.056,34.2937],[-117.0559,34.2938],[-117.0559,34.2939],[-117.0559,34.294],[-117.056,34.294],[-117.056,34.2941],[-117.0561,34.2942],[-117.0561,34.2943],[-117.0562,34.2944],[-117.0563,34.2945],[-117.0564,34.2946],[-117.0565,34.2947],[-117.0566,34.2947],[-117.0567,34.2948],[-117.0568,34.2948],[-117.0569,34.2948],[-117.057,34.2949],[-117.0571,34.2949],[-117.0572,34.2949],[-117.0573,34.2949],[-117.0574,34.295],[-117.0575,34.295],[-117.0575,34.2951],[-117.0574,34.2951],[-117.0573,34.2951],[-117.0573,34.2952],[-117.0572,34.2952],[-117.0571,34.2953],[-117.057,34.2954],[-117.0569,34.2954],[-117.0568,34.2954],[-117.0567,34.2955],[-117.0566,34.2955],[-117.0565,34.2955],[-117.0564,34.2955],[-117.0563,34.2956],[-117.0562,34.2956],[-117.0561,34.2957],[-117.0561,34.2958],[-117.056,34.2959],[-117.056,34.296],[-117.056,34.2961],[-117.056,34.2962],[-117.056,34.2963],[-117.0559,34.2963],[-117.0559,34.2964],[-117.0559,34.2965],[-117.0558,34.2966],[-117.0557,34.2966],[-117.0556,34.2967],[-117.0555,34.2968],[-117.0555,34.2969],[-117.0555,34.297],[-117.0554,34.2971],[-117.0554,34.2972],[-117.0553,34.2974],[-117.0552,34.2974],[-117.0552,34.2975],[-117.0552,34.2976],[-117.0552,34.2977],[-117.0553,34.2978],[-117.0553,34.2979],[-117.0554,34.298],[-117.0554,34.2981],[-117.0554,34.2983],[-117.0554,34.2984],[-117.0554,34.2986],[-117.0553,34.2986],[-117.0554,34.2988],[-117.0554,34.2989],[-117.0554,34.299],[-117.0553,34.299],[-117.0552,34.299],[-117.0551,34.2989],[-117.055,34.2989],[-117.0549,34.2988],[-117.0548,34.2988],[-117.0547,34.2987],[-117.0546,34.2987],[-117.0546,34.2986],[-117.0545,34.2986],[-117.0544,34.2986],[-117.0543,34.2986],[-117.0542,34.2987],[-117.054,34.2988],[-117.0539,34.299],[-117.0538,34.2991],[-117.0537,34.2992],[-117.0536,34.2993],[-117.0534,34.2993],[-117.0533,34.2993],[-117.0532,34.2993],[-117.0531,34.2994],[-117.053,34.2995],[-117.0528,34.2996],[-117.0527,34.2997],[-117.0526,34.2997],[-117.0525,34.2998],[-117.0524,34.2998],[-117.0523,34.2999],[-117.0522,34.2999],[-117.0521,34.2999],[-117.052,34.2999],[-117.0519,34.2998],[-117.0518,34.2998],[-117.0517,34.2998],[-117.0517,34.2997],[-117.0516,34.2997],[-117.0515,34.2997],[-117.0514,34.2998],[-117.0512,34.2998],[-117.0511,34.2998],[-117.051,34.2998],[-117.051,34.2999],[-117.0509,34.2999],[-117.051,34.3],[-117.051,34.3001],[-117.051,34.3002],[-117.0509,34.3002],[-117.0508,34.3003],[-117.0506,34.3003],[-117.0505,34.3004],[-117.0504,34.3004],[-117.0503,34.3004],[-117.0502,34.3005],[-117.05,34.3005],[-117.0499,34.3005],[-117.0497,34.3005],[-117.0496,34.3005],[-117.0495,34.3005],[-117.0494,34.3006],[-117.0493,34.3007],[-117.0492,34.3006],[-117.0491,34.3006],[-117.049,34.3006],[-117.0489,34.3006],[-117.0489,34.3005],[-117.0488,34.3006],[-117.0487,34.3006],[-117.0486,34.3006],[-117.0485,34.3006],[-117.0484,34.3006],[-117.0484,34.3007],[-117.0483,34.3007],[-117.0482,34.3008],[-117.0481,34.3008],[-117.048,34.3009],[-117.0479,34.3009],[-117.0479,34.301],[-117.0478,34.301],[-117.0478,34.3011],[-117.0478,34.3012],[-117.0477,34.3013],[-117.0477,34.3014],[-117.0477,34.3015],[-117.0477,34.3016],[-117.0476,34.3017],[-117.0476,34.3018],[-117.0475,34.3019],[-117.0475,34.302],[-117.0474,34.302],[-117.0473,34.302],[-117.0472,34.302],[-117.0471,34.302],[-117.047,34.302],[-117.0469,34.302],[-117.0468,34.302],[-117.0468,34.3021],[-117.0467,34.3021],[-117.0467,34.3022],[-117.0466,34.3022],[-117.0465,34.3023],[-117.0464,34.3023],[-117.0463,34.3023],[-117.0462,34.3022],[-117.0461,34.3022],[-117.0461,34.3021],[-117.046,34.302],[-117.046,34.3019],[-117.046,34.3018],[-117.046,34.3017],[-117.046,34.3016],[-117.0459,34.3016],[-117.0458,34.3016],[-117.0458,34.3015],[-117.0457,34.3015],[-117.0457,34.3014],[-117.0457,34.3013],[-117.0456,34.3013],[-117.0455,34.3012],[-117.0454,34.3012],[-117.0454,34.3011],[-117.0453,34.3011],[-117.0453,34.301],[-117.0452,34.301],[-117.0451,34.3009],[-117.0451,34.301],[-117.045,34.301],[-117.045,34.3009],[-117.0449,34.3009],[-117.0448,34.3008],[-117.0447,34.3008],[-117.0446,34.3008],[-117.0445,34.3007],[-117.0444,34.3006],[-117.0443,34.3006],[-117.0442,34.3005],[-117.0441,34.3005],[-117.044,34.3005],[-117.0439,34.3005],[-117.0438,34.3005],[-117.0437,34.3005],[-117.0436,34.3006],[-117.0434,34.3006],[-117.0433,34.3007],[-117.0431,34.3007],[-117.043,34.3008],[-117.0428,34.3008],[-117.0427,34.3008],[-117.0426,34.3009],[-117.0425,34.3009],[-117.0424,34.3009],[-117.0424,34.301],[-117.0423,34.3011],[-117.0422,34.3011],[-117.0421,34.3012],[-117.042,34.3013],[-117.042,34.3014],[-117.042,34.3015],[-117.0419,34.3015],[-117.0418,34.3015],[-117.0417,34.3016],[-117.0415,34.3017],[-117.0414,34.3017],[-117.0414,34.3018],[-117.0413,34.3019],[-117.0412,34.3019],[-117.041,34.3019],[-117.0409,34.3019],[-117.0408,34.302],[-117.0407,34.302],[-117.0406,34.302],[-117.0405,34.302],[-117.0404,34.302],[-117.0402,34.302],[-117.0401,34.302],[-117.04,34.302],[-117.0399,34.302],[-117.0398,34.302],[-117.0397,34.302],[-117.0396,34.302],[-117.0395,34.302],[-117.0394,34.302],[-117.0393,34.302],[-117.0392,34.302],[-117.0391,34.3019],[-117.039,34.3019],[-117.0389,34.3019],[-117.0388,34.3019],[-117.0388,34.3018],[-117.0387,34.3018],[-117.0386,34.3018],[-117.0385,34.3019],[-117.0384,34.3019],[-117.0383,34.302],[-117.0381,34.302],[-117.038,34.302],[-117.0379,34.302],[-117.0378,34.302],[-117.0376,34.3019],[-117.0375,34.3019],[-117.0374,34.3019],[-117.0373,34.3019],[-117.0373,34.302],[-117.0373,34.3021],[-117.0373,34.3022],[-117.0373,34.3023],[-117.0372,34.3024],[-117.0371,34.3024],[-117.037,34.3024],[-117.0368,34.3023],[-117.0367,34.3023],[-117.0366,34.3023],[-117.0365,34.3023],[-117.0365,34.3024],[-117.0364,34.3025],[-117.0364,34.3026],[-117.0363,34.3027],[-117.0362,34.3027],[-117.0361,34.3028],[-117.036,34.3029],[-117.0359,34.3029],[-117.0357,34.303],[-117.0356,34.303],[-117.0355,34.3031],[-117.0354,34.3031],[-117.0352,34.3031],[-117.0351,34.3031],[-117.035,34.3032],[-117.035,34.3033],[-117.0349,34.3033],[-117.0348,34.3034],[-117.0347,34.3034],[-117.0347,34.3035],[-117.0348,34.3036],[-117.0349,34.3036],[-117.0349,34.3037],[-117.0349,34.3038],[-117.0348,34.3039],[-117.0348,34.304],[-117.0347,34.3041],[-117.0347,34.3042],[-117.0347,34.3043],[-117.0346,34.3043],[-117.0346,34.3044],[-117.0346,34.3045],[-117.0346,34.3046],[-117.0345,34.3046],[-117.0345,34.3047],[-117.0345,34.3048],[-117.0345,34.3049],[-117.0345,34.305],[-117.0346,34.3051],[-117.0346,34.3052],[-117.0346,34.3053],[-117.0346,34.3054],[-117.0345,34.3055],[-117.0345,34.3056],[-117.0344,34.3057],[-117.0343,34.3058],[-117.0343,34.3059],[-117.0342,34.3059],[-117.0342,34.306],[-117.0341,34.3061],[-117.034,34.3062],[-117.0339,34.3063],[-117.0339,34.3064],[-117.0338,34.3064],[-117.0338,34.3065],[-117.0338,34.3066],[-117.0337,34.3066],[-117.0336,34.3066],[-117.0336,34.3065],[-117.0335,34.3064],[-117.0335,34.3063],[-117.0335,34.3062],[-117.0335,34.306],[-117.0334,34.3057],[-117.0334,34.3056],[-117.0334,34.3055],[-117.0334,34.3054],[-117.0334,34.3053],[-117.0334,34.3051],[-117.0334,34.305],[-117.0334,34.3049],[-117.0333,34.3049],[-117.0333,34.305],[-117.0332,34.3051],[-117.0331,34.3052],[-117.033,34.3053],[-117.033,34.3054],[-117.0329,34.3055],[-117.0328,34.3055],[-117.0327,34.3056],[-117.0326,34.3056],[-117.0326,34.3055],[-117.0325,34.3054],[-117.0325,34.3053],[-117.0325,34.3052],[-117.0325,34.3051],[-117.0324,34.3052],[-117.0323,34.3052],[-117.0322,34.3052],[-117.0322,34.3053],[-117.0322,34.3054],[-117.0321,34.3054],[-117.0321,34.3055],[-117.032,34.3055],[-117.032,34.3056],[-117.032,34.3057],[-117.032,34.3058],[-117.0319,34.3058],[-117.0318,34.3057],[-117.0317,34.3056],[-117.0316,34.3056],[-117.0314,34.3057],[-117.0313,34.3058],[-117.0312,34.3058],[-117.0311,34.3058],[-117.031,34.3058],[-117.031,34.3059],[-117.031,34.306],[-117.0309,34.306],[-117.0308,34.3061],[-117.0307,34.3062],[-117.0306,34.3063],[-117.0305,34.3063],[-117.0304,34.3064],[-117.0303,34.3065],[-117.0303,34.3066],[-117.0302,34.3067],[-117.0301,34.3068],[-117.0301,34.3069],[-117.03,34.307],[-117.0299,34.3071],[-117.0299,34.3072],[-117.0298,34.3072],[-117.0297,34.3072],[-117.0296,34.3073],[-117.0295,34.3073],[-117.0294,34.3073],[-117.0294,34.3074],[-117.0293,34.3074],[-117.0292,34.3074],[-117.0292,34.3075],[-117.0291,34.3077],[-117.0289,34.3078],[-117.0289,34.3079],[-117.0288,34.308],[-117.0287,34.3081],[-117.0286,34.3082],[-117.0286,34.3083],[-117.0285,34.3084],[-117.0284,34.3084],[-117.0284,34.3083],[-117.0283,34.3083],[-117.0283,34.3084],[-117.0282,34.3084],[-117.0282,34.3085],[-117.0282,34.3086],[-117.0282,34.3087],[-117.0281,34.3087],[-117.028,34.3087],[-117.028,34.3088],[-117.0279,34.3088],[-117.0279,34.3089],[-117.0278,34.3089],[-117.0278,34.309],[-117.0277,34.309],[-117.0276,34.309],[-117.0276,34.3091],[-117.0275,34.3091],[-117.0274,34.3091],[-117.0273,34.3092],[-117.0272,34.3092],[-117.0272,34.3093],[-117.0272,34.3094],[-117.0271,34.3094],[-117.027,34.3095],[-117.0269,34.3095],[-117.0268,34.3095],[-117.0267,34.3095],[-117.0267,34.3096],[-117.0267,34.3097],[-117.0266,34.3098],[-117.0265,34.3099],[-117.0265,34.31],[-117.0264,34.3101],[-117.0264,34.3102],[-117.0264,34.3103],[-117.0264,34.3104],[-117.0263,34.3105],[-117.0263,34.3106],[-117.0262,34.3106],[-117.0262,34.3107],[-117.0261,34.3107],[-117.026,34.3108],[-117.026,34.3109],[-117.026,34.311],[-117.026,34.3111],[-117.026,34.3112],[-117.026,34.3113],[-117.0259,34.3113],[-117.0259,34.3114],[-117.0259,34.3115],[-117.0258,34.3116],[-117.0258,34.3117],[-117.0257,34.3117],[-117.0256,34.3117],[-117.0255,34.3117],[-117.0254,34.3118],[-117.0253,34.3118],[-117.0252,34.3118],[-117.0251,34.3119],[-117.0251,34.312],[-117.025,34.3121],[-117.0249,34.3121],[-117.0248,34.3122],[-117.0248,34.3123],[-117.0247,34.3124],[-117.0247,34.3125],[-117.0247,34.3126],[-117.0246,34.3126],[-117.0245,34.3127],[-117.0245,34.3128],[-117.0244,34.3128],[-117.0243,34.3128],[-117.0243,34.3129],[-117.0242,34.3129],[-117.0242,34.313],[-117.0241,34.3131],[-117.0241,34.3132],[-117.024,34.3133],[-117.024,34.3134],[-117.0239,34.3134],[-117.0238,34.3134],[-117.0237,34.3134],[-117.0236,34.3135],[-117.0235,34.3135],[-117.0234,34.3135],[-117.0233,34.3135],[-117.0232,34.3135],[-117.0231,34.3134],[-117.023,34.3134],[-117.0229,34.3134],[-117.0228,34.3133],[-117.0227,34.3133],[-117.0226,34.3133],[-117.0226,34.3132],[-117.0225,34.3132],[-117.0225,34.3133],[-117.0225,34.3134],[-117.0225,34.3135],[-117.0226,34.3135],[-117.0226,34.3136],[-117.0226,34.3137],[-117.0225,34.3137],[-117.0225,34.3138],[-117.0225,34.3139],[-117.0225,34.314],[-117.0224,34.314],[-117.0223,34.314],[-117.0222,34.314],[-117.0221,34.314],[-117.0221,34.3141],[-117.022,34.3141],[-117.0219,34.3142],[-117.0218,34.3142],[-117.0217,34.3143],[-117.0216,34.3143],[-117.0215,34.3143],[-117.0214,34.3143],[-117.0213,34.3144],[-117.0212,34.3145],[-117.0212,34.3146],[-117.0212,34.3147],[-117.0212,34.3148],[-117.0212,34.3149],[-117.0211,34.3149],[-117.0211,34.315],[-117.021,34.315],[-117.0209,34.3151],[-117.0209,34.3152],[-117.0207,34.3153],[-117.0206,34.3153],[-117.0205,34.3153],[-117.0204,34.3154],[-117.0203,34.3154],[-117.0202,34.3154],[-117.0201,34.3154],[-117.02,34.3155],[-117.0199,34.3155],[-117.0198,34.3155],[-117.0197,34.3155],[-117.0196,34.3155],[-117.0195,34.3155],[-117.0194,34.3155],[-117.0193,34.3155],[-117.0192,34.3156],[-117.0192,34.3157],[-117.0192,34.3158],[-117.0193,34.3158],[-117.0194,34.3158],[-117.0195,34.3159],[-117.0196,34.3159],[-117.0195,34.316],[-117.0195,34.3161],[-117.0195,34.3162],[-117.0195,34.3163],[-117.0194,34.3164],[-117.0193,34.3164],[-117.0193,34.3165],[-117.0192,34.3165],[-117.0191,34.3166],[-117.0191,34.3167],[-117.019,34.3168],[-117.019,34.3169],[-117.0189,34.3169],[-117.0189,34.317],[-117.0188,34.317],[-117.0188,34.3171],[-117.0187,34.3171],[-117.0187,34.3172],[-117.0186,34.3172],[-117.0186,34.3173],[-117.0186,34.3174],[-117.0185,34.3175],[-117.0185,34.3176],[-117.0184,34.3177],[-117.0184,34.3178],[-117.0184,34.3179],[-117.0184,34.318],[-117.0183,34.3181],[-117.0182,34.3182],[-117.0181,34.3182],[-117.0181,34.3183],[-117.018,34.3183],[-117.018,34.3184],[-117.018,34.3185],[-117.0179,34.3186],[-117.0178,34.3187],[-117.0177,34.3188],[-117.0177,34.3189],[-117.0177,34.319],[-117.0176,34.319],[-117.0176,34.3191],[-117.0175,34.3191],[-117.0175,34.3192],[-117.0174,34.3192],[-117.0173,34.3193],[-117.0172,34.3194],[-117.0171,34.3194],[-117.017,34.3194],[-117.017,34.3195],[-117.017,34.3196],[-117.017,34.3197],[-117.017,34.3198],[-117.0169,34.3198],[-117.0169,34.3199],[-117.0168,34.3199],[-117.0166,34.32],[-117.0164,34.32],[-117.0163,34.32],[-117.0163,34.3201],[-117.0162,34.3201],[-117.0161,34.3202],[-117.016,34.3203],[-117.0159,34.3204],[-117.0158,34.3205],[-117.0157,34.3205],[-117.0157,34.3206],[-117.0156,34.3207],[-117.0155,34.3207],[-117.0155,34.3208],[-117.0154,34.3208],[-117.0154,34.3209],[-117.0153,34.3209],[-117.0152,34.3209],[-117.0151,34.3209],[-117.015,34.321],[-117.0149,34.321],[-117.0148,34.321],[-117.0147,34.321],[-117.0146,34.3211],[-117.0145,34.3211],[-117.0145,34.3212],[-117.0144,34.3212],[-117.0144,34.3213],[-117.0144,34.3214],[-117.0145,34.3215],[-117.0146,34.3215],[-117.0146,34.3216],[-117.0147,34.3216],[-117.0147,34.3217],[-117.0147,34.3218],[-117.0146,34.3219],[-117.0146,34.322],[-117.0146,34.3221],[-117.0147,34.3221],[-117.0147,34.3222],[-117.0147,34.3223],[-117.0147,34.3224],[-117.0146,34.3224],[-117.0146,34.3225],[-117.0147,34.3225],[-117.0147,34.3226],[-117.0147,34.3227],[-117.0148,34.3227],[-117.0148,34.3228],[-117.0149,34.3228],[-117.0149,34.3229],[-117.015,34.3229],[-117.015,34.323],[-117.015,34.3231],[-117.0151,34.3231],[-117.0151,34.3232],[-117.0152,34.3233],[-117.0153,34.3234],[-117.0154,34.3235],[-117.0155,34.3236],[-117.0155,34.3237],[-117.0156,34.3237],[-117.0157,34.3238],[-117.0158,34.3238],[-117.0159,34.3239],[-117.016,34.324],[-117.016,34.3241],[-117.016,34.3242],[-117.0161,34.3242],[-117.0161,34.3243],[-117.0162,34.3243],[-117.0163,34.3243],[-117.0164,34.3243],[-117.0165,34.3243],[-117.0166,34.3243],[-117.0167,34.3242],[-117.0167,34.3243],[-117.0168,34.3243],[-117.0169,34.3243],[-117.0169,34.3244],[-117.017,34.3244],[-117.0171,34.3245],[-117.0171,34.3246],[-117.0172,34.3246],[-117.0172,34.3247],[-117.0173,34.3248],[-117.0172,34.3249],[-117.0172,34.325],[-117.0172,34.3251],[-117.0173,34.3251],[-117.0173,34.3252],[-117.0174,34.3252],[-117.0175,34.3252],[-117.0175,34.3251],[-117.0175,34.325],[-117.0176,34.3249],[-117.0177,34.3248],[-117.0177,34.3247],[-117.0178,34.3247],[-117.0179,34.3247],[-117.018,34.3247],[-117.018,34.3248],[-117.0181,34.3248],[-117.0181,34.3249],[-117.0182,34.3249],[-117.0182,34.325],[-117.0182,34.3251],[-117.0183,34.3251],[-117.0183,34.3252],[-117.0182,34.3253],[-117.0181,34.3253],[-117.018,34.3254],[-117.018,34.3255],[-117.0181,34.3256],[-117.0182,34.3257],[-117.0183,34.3257],[-117.0183,34.3258],[-117.0184,34.3258],[-117.0185,34.3258],[-117.0186,34.3259],[-117.0187,34.3259],[-117.0188,34.3259],[-117.0188,34.326],[-117.0189,34.326],[-117.0189,34.3261],[-117.0188,34.3261],[-117.0188,34.3262],[-117.0187,34.3262],[-117.0187,34.3263],[-117.0187,34.3264],[-117.0187,34.3265],[-117.0186,34.3266],[-117.0185,34.3266],[-117.0185,34.3267],[-117.0185,34.3268],[-117.0185,34.3269],[-117.0186,34.3269],[-117.0186,34.327],[-117.0187,34.327],[-117.0187,34.3271],[-117.0188,34.3271],[-117.0188,34.3272],[-117.0189,34.3273],[-117.019,34.3273],[-117.019,34.3274],[-117.019,34.3275],[-117.0189,34.3275],[-117.0188,34.3275],[-117.0188,34.3276],[-117.0187,34.3276],[-117.0186,34.3276],[-117.0185,34.3276],[-117.0184,34.3276],[-117.0183,34.3277],[-117.0182,34.3277],[-117.0182,34.3278],[-117.0182,34.3279],[-117.0181,34.3279],[-117.018,34.3279],[-117.0179,34.3279],[-117.0178,34.3279],[-117.0177,34.3279],[-117.0176,34.3279],[-117.0175,34.3279],[-117.0174,34.3279],[-117.0173,34.3279],[-117.0172,34.3279],[-117.0172,34.3278],[-117.0171,34.3278],[-117.0171,34.3279],[-117.017,34.3279],[-117.0168,34.3279],[-117.0167,34.3279],[-117.0166,34.3279],[-117.0165,34.3279],[-117.0164,34.3279],[-117.0163,34.3278],[-117.0162,34.3278],[-117.0161,34.3278],[-117.0159,34.3277],[-117.0158,34.3277],[-117.0157,34.3277],[-117.0156,34.3277],[-117.0155,34.3277],[-117.0154,34.3277],[-117.0153,34.3277],[-117.0152,34.3277],[-117.0151,34.3277],[-117.015,34.3277],[-117.015,34.3278],[-117.0149,34.3278],[-117.0148,34.3278],[-117.0147,34.3278],[-117.0147,34.3279],[-117.0146,34.3279],[-117.0145,34.3279],[-117.0144,34.3279],[-117.0144,34.3278],[-117.0144,34.3277],[-117.0144,34.3276],[-117.0143,34.3275],[-117.0144,34.3274],[-117.0144,34.3273],[-117.0145,34.3273],[-117.0146,34.3272],[-117.0146,34.3271],[-117.0145,34.3271],[-117.0145,34.327],[-117.0144,34.327],[-117.0143,34.3269],[-117.0142,34.3269],[-117.0141,34.327],[-117.014,34.327],[-117.0139,34.327],[-117.0138,34.327],[-117.0137,34.327],[-117.0137,34.3269],[-117.0136,34.3269],[-117.0135,34.3269],[-117.0134,34.3269],[-117.0133,34.3269],[-117.0132,34.3269],[-117.013,34.3269],[-117.0129,34.3269],[-117.0128,34.3269],[-117.0127,34.3269],[-117.0126,34.3269],[-117.0125,34.3269],[-117.0125,34.3268],[-117.0124,34.3268],[-117.0123,34.3268],[-117.0122,34.3268],[-117.0121,34.3267],[-117.012,34.3268],[-117.0119,34.3268],[-117.0118,34.3268],[-117.0117,34.3268],[-117.0116,34.3268],[-117.0115,34.3269],[-117.0114,34.3269],[-117.0113,34.327],[-117.0112,34.327],[-117.0111,34.327],[-117.011,34.327],[-117.0109,34.327],[-117.0108,34.327],[-117.0108,34.3271],[-117.0107,34.3271],[-117.0106,34.3271],[-117.0105,34.3271],[-117.0104,34.327],[-117.0103,34.327],[-117.0102,34.327],[-117.0102,34.3269],[-117.0101,34.3269],[-117.0101,34.3268],[-117.01,34.3268],[-117.0099,34.3268],[-117.0098,34.3268],[-117.0097,34.3267],[-117.0096,34.3267],[-117.0095,34.3267],[-117.0095,34.3266],[-117.0094,34.3266],[-117.0093,34.3266],[-117.0092,34.3266],[-117.0091,34.3266],[-117.0091,34.3267],[-117.009,34.3267],[-117.009,34.3268],[-117.0089,34.3268],[-117.0088,34.3268],[-117.0087,34.3269],[-117.0086,34.327],[-117.0085,34.327],[-117.0085,34.3271],[-117.0084,34.3271],[-117.0083,34.3271],[-117.0083,34.3272],[-117.0082,34.3273],[-117.0081,34.3273],[-117.008,34.3274],[-117.0079,34.3274],[-117.0078,34.3275],[-117.0077,34.3275],[-117.0076,34.3275],[-117.0075,34.3275],[-117.0074,34.3275],[-117.0073,34.3276],[-117.0072,34.3276],[-117.0072,34.3277],[-117.0071,34.3277],[-117.007,34.3278],[-117.0069,34.3278],[-117.0068,34.3279],[-117.0067,34.328],[-117.0067,34.3281],[-117.0066,34.3281],[-117.0066,34.3282],[-117.0065,34.3282],[-117.0065,34.3283],[-117.0065,34.3284],[-117.0064,34.3285],[-117.0064,34.3286],[-117.0063,34.3287],[-117.0063,34.3288],[-117.0062,34.3288]]}},{"type":"Feature","properties":{"id":"3W65","name":null,"kind":"trail","access":"green","seasonal":false},"geometry":{"type":"LineString","coordinates":[[-117.186,34.2969],[-117.186,34.2968],[-117.1861,34.2966],[-117.1861,34.2965],[-117.1861,34.2964],[-117.1861,34.2963],[-117.1862,34.2963],[-117.1863,34.2963],[-117.1864,34.2964],[-117.1865,34.2964],[-117.1865,34.2963],[-117.1865,34.2962],[-117.1864,34.2962],[-117.1864,34.2961],[-117.1864,34.296],[-117.1865,34.296],[-117.1865,34.2959],[-117.1866,34.2959],[-117.1867,34.2958],[-117.1868,34.2957],[-117.1869,34.2957],[-117.1869,34.2956],[-117.1869,34.2955],[-117.187,34.2955],[-117.187,34.2954],[-117.1871,34.2954],[-117.1872,34.2954],[-117.1872,34.2953],[-117.1873,34.2953],[-117.1874,34.2952],[-117.1875,34.2952],[-117.1876,34.2951],[-117.1877,34.2951],[-117.1878,34.2951],[-117.1879,34.295],[-117.188,34.2949],[-117.1881,34.2948],[-117.1882,34.2948],[-117.1882,34.2947],[-117.1884,34.2947],[-117.1885,34.2947],[-117.1886,34.2947],[-117.1887,34.2946],[-117.1889,34.2945],[-117.189,34.2945],[-117.1891,34.2944],[-117.1892,34.2943],[-117.1892,34.2942],[-117.1893,34.2941],[-117.1894,34.294],[-117.1894,34.2939],[-117.1895,34.2939],[-117.1895,34.2938],[-117.1895,34.2937],[-117.1895,34.2936],[-117.1896,34.2936],[-117.1897,34.2935],[-117.1898,34.2934],[-117.1899,34.2933],[-117.19,34.2933],[-117.1901,34.2933],[-117.1902,34.2932],[-117.1903,34.2932],[-117.1904,34.2931],[-117.1905,34.2931],[-117.1906,34.293],[-117.1908,34.2929],[-117.1908,34.2928],[-117.1909,34.2927],[-117.1909,34.2926],[-117.1911,34.2925],[-117.1911,34.2924],[-117.1912,34.2924],[-117.1913,34.2924],[-117.1914,34.2924],[-117.1915,34.2924],[-117.1916,34.2924],[-117.1917,34.2924],[-117.1918,34.2924],[-117.1919,34.2923],[-117.192,34.2922],[-117.1921,34.2921],[-117.1922,34.2921],[-117.1923,34.292],[-117.1924,34.2919],[-117.1925,34.2919],[-117.1926,34.2918],[-117.1926,34.2917],[-117.1926,34.2915],[-117.1926,34.2914],[-117.1925,34.2914],[-117.1925,34.2913],[-117.1925,34.2912],[-117.1926,34.2912],[-117.1927,34.2911],[-117.1928,34.2911],[-117.1928,34.291],[-117.1928,34.2909],[-117.1929,34.2909],[-117.193,34.2908],[-117.1931,34.2908],[-117.1932,34.2908],[-117.1932,34.2907],[-117.1933,34.2907],[-117.1933,34.2906],[-117.1934,34.2906],[-117.1934,34.2905],[-117.1935,34.2905],[-117.1936,34.2904],[-117.1936,34.2903],[-117.1936,34.2902],[-117.1936,34.2901],[-117.1937,34.2901],[-117.1937,34.29],[-117.1937,34.2899],[-117.1938,34.2898],[-117.1938,34.2897],[-117.1939,34.2896],[-117.1939,34.2895],[-117.1939,34.2894],[-117.1939,34.2892],[-117.1938,34.2891],[-117.1937,34.289],[-117.1937,34.2889],[-117.1936,34.2889],[-117.1936,34.2888],[-117.1936,34.2887],[-117.1936,34.2885],[-117.1936,34.2884],[-117.1936,34.2883],[-117.1936,34.2882],[-117.1937,34.2881],[-117.1937,34.288],[-117.1936,34.2879],[-117.1935,34.2878],[-117.1934,34.2878],[-117.1934,34.2877],[-117.1934,34.2876],[-117.1934,34.2875],[-117.1933,34.2875],[-117.1932,34.2874],[-117.1931,34.2873],[-117.193,34.2872],[-117.1929,34.2872],[-117.1928,34.2871],[-117.1927,34.2871],[-117.1924,34.2869],[-117.1922,34.2868],[-117.192,34.2867],[-117.1919,34.2866],[-117.1918,34.2866],[-117.1917,34.2866],[-117.1916,34.2866],[-117.1915,34.2866],[-117.1914,34.2867],[-117.1913,34.2867],[-117.1913,34.2866],[-117.1912,34.2866],[-117.1911,34.2866],[-117.191,34.2865],[-117.1909,34.2864],[-117.1908,34.2863],[-117.1907,34.2861],[-117.1907,34.286],[-117.1906,34.286],[-117.1905,34.2859],[-117.1904,34.2858],[-117.1903,34.2857],[-117.1902,34.2857],[-117.1902,34.2856],[-117.1901,34.2856],[-117.1901,34.2855],[-117.19,34.2855],[-117.1898,34.2855],[-117.1897,34.2855],[-117.1896,34.2854],[-117.1895,34.2854],[-117.1894,34.2854],[-117.1893,34.2853],[-117.1891,34.2852],[-117.189,34.2851],[-117.1888,34.285],[-117.1887,34.2849],[-117.1887,34.2848],[-117.1886,34.2848],[-117.1885,34.2847],[-117.1884,34.2845],[-117.1883,34.2845],[-117.1883,34.2844],[-117.1882,34.2844],[-117.1881,34.2844],[-117.188,34.2844],[-117.1879,34.2844],[-117.1878,34.2844],[-117.1877,34.2845],[-117.1876,34.2845],[-117.1875,34.2846],[-117.1874,34.2847],[-117.1873,34.2848],[-117.1871,34.2848],[-117.187,34.2849],[-117.1869,34.2849],[-117.1868,34.2849],[-117.1867,34.2848],[-117.1866,34.2847],[-117.1865,34.2846],[-117.1865,34.2845],[-117.1865,34.2844],[-117.1865,34.2843],[-117.1865,34.2842],[-117.1865,34.284],[-117.1865,34.2838],[-117.1864,34.2838],[-117.1864,34.2837],[-117.1863,34.2837],[-117.1861,34.2836],[-117.186,34.2835],[-117.186,34.2834],[-117.1859,34.2833],[-117.1858,34.2833],[-117.1856,34.2831],[-117.1855,34.283],[-117.1854,34.283],[-117.1853,34.2829],[-117.1852,34.2828],[-117.1851,34.2826],[-117.185,34.2825],[-117.1848,34.2823],[-117.1847,34.2822],[-117.1846,34.2821],[-117.1845,34.2821],[-117.1844,34.2822],[-117.1843,34.2822],[-117.1842,34.2822],[-117.1842,34.2823],[-117.1841,34.2823],[-117.184,34.2823],[-117.1839,34.2824],[-117.1838,34.2825],[-117.1837,34.2826],[-117.1836,34.2827],[-117.1835,34.2828],[-117.1834,34.2829],[-117.1833,34.2829],[-117.1832,34.283],[-117.1831,34.283],[-117.183,34.2831],[-117.1829,34.2831],[-117.1828,34.2831],[-117.1827,34.2832],[-117.1826,34.2833],[-117.1825,34.2834],[-117.1824,34.2834],[-117.1824,34.2835],[-117.1823,34.2835],[-117.1821,34.2836],[-117.1819,34.2837],[-117.1818,34.2838],[-117.1818,34.2839],[-117.1817,34.284],[-117.1815,34.2842],[-117.1814,34.2842],[-117.1813,34.2843],[-117.1812,34.2843],[-117.1811,34.2843],[-117.181,34.2844],[-117.1809,34.2845],[-117.1808,34.2845],[-117.1807,34.2846],[-117.1807,34.2847],[-117.1806,34.2848],[-117.1805,34.2848],[-117.1805,34.2849],[-117.1804,34.285],[-117.1804,34.2851],[-117.1803,34.2851],[-117.1803,34.2852],[-117.1802,34.2852],[-117.1801,34.2852],[-117.18,34.2853],[-117.1798,34.2853],[-117.1797,34.2854],[-117.1796,34.2854],[-117.1795,34.2854],[-117.1794,34.2855],[-117.1793,34.2856],[-117.1792,34.2856],[-117.1791,34.2857],[-117.179,34.2857],[-117.1789,34.2857],[-117.1788,34.2857],[-117.1787,34.2856],[-117.1786,34.2857],[-117.1785,34.2857],[-117.1784,34.2857],[-117.1783,34.2856],[-117.1781,34.2856],[-117.178,34.2855],[-117.1779,34.2854],[-117.1778,34.2854],[-117.1778,34.2853],[-117.1777,34.2853],[-117.1776,34.2853],[-117.1775,34.2853],[-117.1774,34.2853],[-117.1773,34.2853],[-117.1773,34.2852],[-117.1771,34.2852],[-117.177,34.2852],[-117.1769,34.2852],[-117.1768,34.2852],[-117.1767,34.2853],[-117.1768,34.2853],[-117.1768,34.2854],[-117.1767,34.2855],[-117.1766,34.2856],[-117.1765,34.2857],[-117.1764,34.2858],[-117.1763,34.2859],[-117.1762,34.286],[-117.1761,34.286],[-117.1759,34.2861],[-117.1758,34.2862],[-117.1757,34.2863],[-117.1756,34.2864],[-117.1755,34.2864],[-117.1754,34.2864],[-117.1753,34.2864],[-117.1752,34.2864],[-117.175,34.2864],[-117.1749,34.2864],[-117.1748,34.2864],[-117.1746,34.2863],[-117.1745,34.2863],[-117.1744,34.2863],[-117.1743,34.2864],[-117.1742,34.2864],[-117.1741,34.2864],[-117.174,34.2865],[-117.1739,34.2865],[-117.1738,34.2866],[-117.1737,34.2867],[-117.1737,34.2868],[-117.1736,34.2868],[-117.1735,34.2869],[-117.1734,34.287],[-117.1733,34.287],[-117.1732,34.2871],[-117.1731,34.2871],[-117.173,34.2871],[-117.1729,34.2871],[-117.1729,34.2872],[-117.1728,34.2872],[-117.1727,34.2872],[-117.1726,34.2872]]}},{"type":"Feature","properties":{"id":"2W11","name":null,"kind":"trail","access":"green","seasonal":false},"geometry":{"type":"LineString","coordinates":[[-117.1368,34.2711],[-117.1368,34.2712],[-117.1368,34.2713],[-117.1369,34.2714],[-117.1369,34.2715],[-117.1368,34.2715],[-117.1368,34.2716],[-117.1367,34.2716],[-117.1367,34.2717],[-117.1366,34.2717],[-117.1365,34.2718],[-117.1364,34.2718],[-117.1364,34.2719],[-117.1365,34.2719],[-117.1365,34.272],[-117.1365,34.2721],[-117.1364,34.2721],[-117.1364,34.2722],[-117.1363,34.2723],[-117.1362,34.2723],[-117.1362,34.2724],[-117.1361,34.2724],[-117.136,34.2724],[-117.1359,34.2724],[-117.1358,34.2724],[-117.1358,34.2725],[-117.1357,34.2725],[-117.1357,34.2726],[-117.1357,34.2727],[-117.1356,34.2727],[-117.1355,34.2727],[-117.1355,34.2728],[-117.1354,34.2728],[-117.1353,34.2729],[-117.1352,34.2729],[-117.1351,34.2729],[-117.135,34.273],[-117.1349,34.2731],[-117.1348,34.2731],[-117.1348,34.2732],[-117.1346,34.2733],[-117.1346,34.2734],[-117.1346,34.2735],[-117.1345,34.2735],[-117.1344,34.2735],[-117.1344,34.2736],[-117.1343,34.2736],[-117.1343,34.2737],[-117.1344,34.2737],[-117.1344,34.2738],[-117.1344,34.2739],[-117.1344,34.274],[-117.1344,34.2741],[-117.1344,34.2742],[-117.1344,34.2743],[-117.1344,34.2744],[-117.1344,34.2745],[-117.1344,34.2746],[-117.1344,34.2747],[-117.1345,34.2748],[-117.1345,34.2749],[-117.1345,34.275],[-117.1346,34.275],[-117.1347,34.275],[-117.1348,34.275],[-117.1349,34.275],[-117.135,34.2751],[-117.1351,34.2751],[-117.1352,34.2751],[-117.1353,34.2751],[-117.1353,34.2752],[-117.1352,34.2752],[-117.1352,34.2753],[-117.1352,34.2754],[-117.1353,34.2754],[-117.1353,34.2755],[-117.1353,34.2756],[-117.1353,34.2757],[-117.1354,34.2757]]}},{"type":"Feature","properties":{"id":"5W47","name":null,"kind":"trail","access":"plate","seasonal":false},"geometry":{"type":"LineString","coordinates":[[-117.3396,34.3022],[-117.3397,34.3021],[-117.3398,34.3021],[-117.3399,34.3021],[-117.3399,34.302],[-117.34,34.3019],[-117.34,34.3018],[-117.3401,34.3018],[-117.3401,34.3017],[-117.3402,34.3017],[-117.3403,34.3017],[-117.3404,34.3017],[-117.3405,34.3017],[-117.3406,34.3016],[-117.3407,34.3015],[-117.3407,34.3014],[-117.3408,34.3014],[-117.3409,34.3013],[-117.341,34.3012],[-117.341,34.3011],[-117.341,34.301],[-117.3411,34.301],[-117.3412,34.3009],[-117.3413,34.3009],[-117.3414,34.3009],[-117.3415,34.3009],[-117.3416,34.3009],[-117.3416,34.301],[-117.3416,34.3011],[-117.3417,34.3011],[-117.3418,34.3011],[-117.3419,34.3011],[-117.3421,34.3011],[-117.3423,34.3011],[-117.3424,34.3011],[-117.3425,34.3011],[-117.3426,34.3011],[-117.3427,34.301],[-117.3427,34.3009],[-117.3428,34.3009],[-117.343,34.3008],[-117.3431,34.3007],[-117.3432,34.3006],[-117.3433,34.3006],[-117.3433,34.3005],[-117.3434,34.3004],[-117.3434,34.3003],[-117.3435,34.3002],[-117.3436,34.3001],[-117.3438,34.3],[-117.3439,34.2999],[-117.344,34.2999],[-117.3441,34.2998],[-117.3442,34.2998],[-117.3442,34.2997],[-117.3442,34.2996],[-117.3442,34.2995],[-117.3442,34.2994],[-117.3442,34.2992],[-117.3442,34.2991],[-117.3443,34.299],[-117.3445,34.2989],[-117.3448,34.2987],[-117.3451,34.2986],[-117.3452,34.2985],[-117.3452,34.2984],[-117.3452,34.2982],[-117.3453,34.298],[-117.3453,34.2978],[-117.3453,34.2977],[-117.3454,34.2975],[-117.3454,34.2974],[-117.3454,34.2973],[-117.3455,34.2973],[-117.3455,34.2972],[-117.3456,34.2972],[-117.3457,34.2972],[-117.3457,34.2971],[-117.3458,34.2971],[-117.3459,34.2971],[-117.3459,34.297],[-117.346,34.2969],[-117.3461,34.2969],[-117.3462,34.2968],[-117.3463,34.2967],[-117.3464,34.2967],[-117.3465,34.2967],[-117.3466,34.2967],[-117.3467,34.2967],[-117.3468,34.2967],[-117.3469,34.2967],[-117.347,34.2967],[-117.3471,34.2967],[-117.3472,34.2967],[-117.3474,34.2967],[-117.3476,34.2967],[-117.3477,34.2967],[-117.3478,34.2967],[-117.348,34.2968],[-117.3481,34.2968],[-117.3482,34.2968],[-117.3484,34.2968],[-117.3485,34.2968],[-117.3486,34.2968],[-117.3487,34.2967],[-117.3488,34.2966],[-117.3491,34.2964],[-117.3492,34.2964],[-117.3493,34.2963],[-117.3494,34.2963],[-117.3495,34.2963],[-117.3496,34.2964],[-117.3497,34.2964],[-117.3498,34.2964],[-117.3499,34.2963],[-117.35,34.2963],[-117.3501,34.2964],[-117.3503,34.2964],[-117.3504,34.2964],[-117.3506,34.2965],[-117.3507,34.2965],[-117.3508,34.2965],[-117.3508,34.2966],[-117.3509,34.2966],[-117.3511,34.2966],[-117.3512,34.2966],[-117.3513,34.2966],[-117.3514,34.2966],[-117.3515,34.2966],[-117.3516,34.2967],[-117.3517,34.2967],[-117.3518,34.2967],[-117.3519,34.2967],[-117.352,34.2967],[-117.3521,34.2967],[-117.3522,34.2967],[-117.3523,34.2967],[-117.3524,34.2968],[-117.3525,34.2968],[-117.3526,34.2968],[-117.3528,34.2969],[-117.3529,34.2969],[-117.353,34.2969],[-117.3531,34.297],[-117.3532,34.297],[-117.3533,34.297],[-117.3534,34.297],[-117.3535,34.2969],[-117.3536,34.2969],[-117.3537,34.2968],[-117.3538,34.2968],[-117.3539,34.2968],[-117.354,34.2968],[-117.3541,34.2968],[-117.3542,34.2968],[-117.3543,34.2969],[-117.3544,34.2969],[-117.3545,34.2969],[-117.3547,34.2969],[-117.3548,34.2969],[-117.3549,34.2969],[-117.355,34.2969],[-117.3551,34.297],[-117.3552,34.297],[-117.3553,34.297],[-117.3554,34.2971],[-117.3556,34.2971],[-117.3556,34.2972],[-117.3557,34.2972],[-117.3557,34.2973],[-117.3558,34.2974],[-117.3559,34.2974],[-117.356,34.2975],[-117.3561,34.2975],[-117.3562,34.2975],[-117.3563,34.2976],[-117.3564,34.2976],[-117.3565,34.2977],[-117.3566,34.2977],[-117.3567,34.2977],[-117.3568,34.2978],[-117.3569,34.2978],[-117.357,34.2979],[-117.3572,34.2979],[-117.3573,34.298],[-117.3574,34.298],[-117.3576,34.298],[-117.3577,34.298],[-117.3578,34.298],[-117.3579,34.298],[-117.358,34.2979],[-117.3581,34.2979],[-117.3582,34.2979],[-117.3584,34.2979],[-117.3585,34.2978],[-117.3587,34.2977],[-117.3588,34.2977],[-117.3589,34.2976],[-117.3591,34.2976],[-117.3592,34.2977],[-117.3595,34.2977],[-117.3596,34.2977],[-117.3597,34.2977],[-117.3598,34.2977],[-117.3599,34.2977],[-117.36,34.2977],[-117.3601,34.2977],[-117.3602,34.2977],[-117.3602,34.2976],[-117.3603,34.2976],[-117.3604,34.2976],[-117.3604,34.2975],[-117.3605,34.2975],[-117.3606,34.2974],[-117.3606,34.2973],[-117.3607,34.2972],[-117.3608,34.2971],[-117.3608,34.297],[-117.3609,34.2969],[-117.361,34.2969],[-117.3611,34.2968],[-117.3612,34.2968],[-117.3613,34.2968],[-117.3614,34.2967],[-117.3615,34.2967],[-117.3617,34.2967],[-117.3618,34.2968],[-117.362,34.2968],[-117.3621,34.2968],[-117.3622,34.2969],[-117.3624,34.2969],[-117.3625,34.2969],[-117.3626,34.2969],[-117.3627,34.297],[-117.3629,34.297],[-117.363,34.297],[-117.3631,34.297],[-117.3631,34.2969],[-117.3632,34.2969],[-117.3632,34.2968],[-117.3633,34.2967],[-117.3634,34.2967],[-117.3635,34.2967],[-117.3636,34.2967],[-117.3636,34.2968],[-117.3638,34.2968],[-117.3638,34.2969],[-117.3639,34.2969],[-117.364,34.2969],[-117.3641,34.2969],[-117.3642,34.2968],[-117.3643,34.2968],[-117.3644,34.2968],[-117.3645,34.2968],[-117.3646,34.2968],[-117.3647,34.2969],[-117.3648,34.2969],[-117.365,34.2968],[-117.3651,34.2968],[-117.3652,34.2968],[-117.3653,34.2967],[-117.3655,34.2967],[-117.3656,34.2967],[-117.3658,34.2967],[-117.3659,34.2967],[-117.366,34.2967],[-117.3661,34.2967],[-117.3662,34.2967],[-117.3663,34.2967],[-117.3664,34.2968],[-117.3665,34.2968],[-117.3666,34.2968],[-117.3667,34.2968],[-117.3668,34.2968],[-117.367,34.2969],[-117.3671,34.2969],[-117.3672,34.2969],[-117.3673,34.2969],[-117.3674,34.2969],[-117.3675,34.2969],[-117.3676,34.2968],[-117.3677,34.2968],[-117.3678,34.2968],[-117.3679,34.2967],[-117.368,34.2967],[-117.3681,34.2967],[-117.3683,34.2967],[-117.3684,34.2967],[-117.3685,34.2967],[-117.3686,34.2966],[-117.3688,34.2966],[-117.3689,34.2965],[-117.369,34.2964],[-117.3691,34.2963],[-117.3692,34.2963],[-117.3693,34.2963],[-117.3694,34.2963],[-117.3695,34.2963],[-117.3696,34.2963],[-117.3697,34.2963],[-117.3698,34.2963],[-117.3699,34.2963],[-117.3699,34.2962],[-117.37,34.2962],[-117.3701,34.2962],[-117.3702,34.2962],[-117.3703,34.2961],[-117.3704,34.2961],[-117.3705,34.2961],[-117.3706,34.2961],[-117.3708,34.2962],[-117.371,34.2961],[-117.3711,34.2962],[-117.3713,34.2962],[-117.3714,34.2963],[-117.3715,34.2963],[-117.3717,34.2964],[-117.3719,34.2965],[-117.3721,34.2966],[-117.3722,34.2966],[-117.3723,34.2967],[-117.3724,34.2967],[-117.3725,34.2967],[-117.3726,34.2967],[-117.3727,34.2967],[-117.3728,34.2967],[-117.3728,34.2968],[-117.3729,34.2968],[-117.3729,34.2967],[-117.373,34.2967],[-117.373,34.2966],[-117.373,34.2965],[-117.3731,34.2965],[-117.3731,34.2964],[-117.3732,34.2963],[-117.3732,34.2962],[-117.3733,34.2962],[-117.3734,34.2962],[-117.3735,34.2962],[-117.3736,34.2962],[-117.3736,34.2963],[-117.3737,34.2963],[-117.3738,34.2964],[-117.3739,34.2964],[-117.374,34.2965],[-117.3741,34.2966],[-117.3742,34.2967],[-117.3743,34.2967],[-117.3744,34.2968],[-117.3745,34.2968],[-117.3746,34.2968],[-117.3747,34.2967],[-117.3748,34.2967],[-117.3748,34.2966],[-117.3748,34.2965],[-117.3748,34.2964],[-117.3749,34.2963],[-117.3749,34.2962],[-117.375,34.2962],[-117.375,34.2961],[-117.3751,34.2961],[-117.3752,34.2961],[-117.3753,34.2961],[-117.3754,34.296],[-117.3755,34.2961],[-117.3755,34.296],[-117.3756,34.296],[-117.3757,34.296],[-117.3758,34.296],[-117.3759,34.296],[-117.376,34.296],[-117.3761,34.296],[-117.3762,34.296],[-117.3763,34.296],[-117.3764,34.296],[-117.3765,34.2959],[-117.3766,34.2959],[-117.3767,34.2959],[-117.3768,34.2959],[-117.3769,34.2959],[-117.377,34.2959],[-117.3771,34.2959],[-117.3772,34.2959],[-117.3773,34.2959],[-117.3774,34.2959],[-117.3775,34.2959],[-117.3775,34.2958],[-117.3776,34.2958],[-117.3776,34.2957],[-117.3777,34.2957],[-117.3778,34.2957],[-117.3778,34.2956],[-117.3779,34.2956],[-117.378,34.2954],[-117.3781,34.2953],[-117.378,34.2951],[-117.378,34.295],[-117.378,34.2949],[-117.3781,34.2948],[-117.3782,34.2947],[-117.3783,34.2946],[-117.3782,34.2945],[-117.3781,34.2944],[-117.3781,34.2943],[-117.378,34.2942],[-117.378,34.2941],[-117.3779,34.294],[-117.3779,34.2939],[-117.3778,34.2939],[-117.3777,34.2938],[-117.3776,34.2938],[-117.3776,34.2937],[-117.3775,34.2936],[-117.3775,34.2935],[-117.3775,34.2934],[-117.3775,34.2933],[-117.3775,34.2932],[-117.3774,34.2932],[-117.3774,34.2931],[-117.3774,34.293],[-117.3773,34.293],[-117.3773,34.2929],[-117.3772,34.2929],[-117.3772,34.2928],[-117.3771,34.2928],[-117.3771,34.2927],[-117.3771,34.2926],[-117.3772,34.2925],[-117.3772,34.2924],[-117.3773,34.2924],[-117.3774,34.2924],[-117.3775,34.2923],[-117.3776,34.2923],[-117.3777,34.2922],[-117.3779,34.2921],[-117.3779,34.292],[-117.3779,34.2919],[-117.3779,34.2918],[-117.378,34.2918],[-117.3781,34.2917],[-117.3782,34.2916],[-117.3783,34.2917],[-117.3784,34.2917],[-117.3785,34.2917],[-117.3786,34.2917],[-117.3787,34.2917],[-117.3788,34.2917],[-117.3789,34.2917],[-117.379,34.2917],[-117.3792,34.2917],[-117.3793,34.2917],[-117.3795,34.2918],[-117.3796,34.2918],[-117.3797,34.2918],[-117.3798,34.2919],[-117.3799,34.292],[-117.38,34.292],[-117.3801,34.292],[-117.3802,34.292],[-117.3804,34.292],[-117.3805,34.292],[-117.3806,34.292],[-117.3807,34.2921],[-117.3809,34.2921],[-117.381,34.2921],[-117.3811,34.2922],[-117.3812,34.2922],[-117.3812,34.2923],[-117.3812,34.2924],[-117.3812,34.2925],[-117.3811,34.2926],[-117.3812,34.2926],[-117.3812,34.2927],[-117.3813,34.2928],[-117.3813,34.2929],[-117.3814,34.293],[-117.3814,34.2931],[-117.3815,34.2932],[-117.3816,34.2932],[-117.3817,34.2932],[-117.3818,34.2932],[-117.3819,34.2932],[-117.3819,34.2931],[-117.382,34.2931],[-117.3821,34.2931],[-117.3822,34.293],[-117.3822,34.2929],[-117.3822,34.2928],[-117.3823,34.2927],[-117.3824,34.2926],[-117.3825,34.2926],[-117.3825,34.2925],[-117.3826,34.2924],[-117.3827,34.2923],[-117.3827,34.2922],[-117.3826,34.2921],[-117.3827,34.292],[-117.3827,34.2919],[-117.3827,34.2918],[-117.3827,34.2917],[-117.3828,34.2916],[-117.3829,34.2915],[-117.3829,34.2914],[-117.383,34.2914],[-117.383,34.2913],[-117.3831,34.2912],[-117.3832,34.2912],[-117.3833,34.2912],[-117.3834,34.2912],[-117.3835,34.2912],[-117.3836,34.2912],[-117.3837,34.2912],[-117.3838,34.2912],[-117.3839,34.2913],[-117.384,34.2913],[-117.3841,34.2913],[-117.3843,34.2912],[-117.3844,34.2912],[-117.3845,34.2911],[-117.3846,34.291],[-117.3846,34.2909],[-117.3847,34.2909],[-117.3847,34.2908],[-117.3847,34.2907],[-117.3848,34.2907],[-117.3849,34.2906],[-117.385,34.2905],[-117.385,34.2904],[-117.3851,34.2903],[-117.3851,34.2902],[-117.3852,34.2901],[-117.3853,34.2901],[-117.3854,34.2901],[-117.3855,34.29],[-117.3856,34.29],[-117.3857,34.29],[-117.3857,34.2901],[-117.3858,34.29],[-117.3859,34.29],[-117.386,34.29],[-117.386,34.2899],[-117.3861,34.2899],[-117.3862,34.2899],[-117.3863,34.29],[-117.3864,34.29],[-117.3865,34.29],[-117.3866,34.29],[-117.3867,34.29],[-117.3867,34.2899],[-117.3868,34.2899],[-117.3869,34.2899],[-117.387,34.2899],[-117.3871,34.2898],[-117.3872,34.2898],[-117.3873,34.2898],[-117.3873,34.2897],[-117.3874,34.2897],[-117.3874,34.2896],[-117.3875,34.2895],[-117.3876,34.2894],[-117.3876,34.2893],[-117.3877,34.2893],[-117.3878,34.2893],[-117.3879,34.2893],[-117.388,34.2893],[-117.3881,34.2893],[-117.3882,34.2893],[-117.3884,34.2894],[-117.3885,34.2894],[-117.3885,34.2895],[-117.3886,34.2895],[-117.3887,34.2895],[-117.3888,34.2896],[-117.3889,34.2896],[-117.389,34.2896],[-117.3891,34.2896],[-117.3892,34.2896],[-117.3893,34.2896],[-117.3894,34.2896],[-117.3894,34.2895],[-117.3895,34.2895],[-117.3896,34.2894],[-117.3896,34.2893],[-117.3897,34.2892],[-117.3898,34.2891],[-117.3899,34.2891],[-117.39,34.2891],[-117.3901,34.2891],[-117.3902,34.289],[-117.3903,34.289],[-117.3904,34.289],[-117.3905,34.2891],[-117.3906,34.2891],[-117.3907,34.2891],[-117.3908,34.2891],[-117.3909,34.2891],[-117.391,34.2891],[-117.3911,34.2892],[-117.3913,34.2892],[-117.3914,34.2892],[-117.3915,34.2892],[-117.3916,34.2893],[-117.3917,34.2893],[-117.3918,34.2893],[-117.3919,34.2894],[-117.392,34.2894],[-117.3921,34.2894],[-117.3921,34.2895],[-117.3922,34.2895],[-117.3922,34.2896],[-117.3923,34.2897],[-117.3924,34.2897],[-117.3925,34.2897],[-117.3926,34.2897],[-117.3927,34.2897],[-117.3928,34.2897],[-117.3929,34.2897],[-117.393,34.2897],[-117.393,34.2898],[-117.3931,34.2898],[-117.3932,34.2898],[-117.3933,34.2897],[-117.3934,34.2897],[-117.3935,34.2898],[-117.3936,34.2898],[-117.3937,34.2897],[-117.3938,34.2897],[-117.3939,34.2897],[-117.394,34.2897],[-117.3941,34.2897],[-117.3942,34.2897],[-117.3943,34.2897],[-117.3944,34.2897],[-117.3945,34.2896],[-117.3946,34.2896],[-117.3947,34.2896],[-117.3948,34.2896],[-117.3949,34.2896],[-117.395,34.2897],[-117.3951,34.2897],[-117.3952,34.2897],[-117.3953,34.2898],[-117.3955,34.2898],[-117.3956,34.2899],[-117.3957,34.29],[-117.3959,34.2901],[-117.396,34.2902],[-117.3961,34.2903],[-117.3962,34.2903],[-117.3963,34.2903],[-117.3964,34.2904],[-117.3965,34.2903],[-117.3966,34.2903],[-117.3967,34.2903],[-117.3969,34.2903],[-117.397,34.2903],[-117.3971,34.2903],[-117.3973,34.2904],[-117.3974,34.2904],[-117.3976,34.2905],[-117.3977,34.2905],[-117.3978,34.2906],[-117.3979,34.2907],[-117.398,34.2907],[-117.3981,34.2907],[-117.3982,34.2907],[-117.3983,34.2907],[-117.3984,34.2906],[-117.3985,34.2906],[-117.3986,34.2906],[-117.3987,34.2906],[-117.3988,34.2906],[-117.3989,34.2906],[-117.399,34.2907],[-117.3991,34.2907],[-117.3993,34.2909],[-117.3994,34.2911],[-117.3996,34.2912],[-117.3997,34.2913],[-117.3998,34.2913],[-117.3999,34.2914],[-117.4,34.2914],[-117.4001,34.2914],[-117.4002,34.2914],[-117.4003,34.2914],[-117.4003,34.2915],[-117.4004,34.2915],[-117.4005,34.2916],[-117.4006,34.2916],[-117.4007,34.2916],[-117.4009,34.2916],[-117.401,34.2915],[-117.4011,34.2915],[-117.4011,34.2914],[-117.4012,34.2914],[-117.4014,34.2914],[-117.4015,34.2913],[-117.4016,34.2913],[-117.4017,34.2913],[-117.4019,34.2912],[-117.4021,34.2912],[-117.4022,34.2912],[-117.4023,34.2911],[-117.4025,34.2911],[-117.4026,34.2911],[-117.4027,34.2911],[-117.4029,34.2911],[-117.4031,34.2911],[-117.4032,34.2911],[-117.4033,34.291],[-117.4034,34.291],[-117.4036,34.291],[-117.4037,34.2911],[-117.4039,34.2911],[-117.404,34.2911],[-117.4042,34.2912],[-117.4043,34.2913],[-117.4044,34.2914],[-117.4045,34.2915],[-117.4046,34.2915],[-117.4046,34.2916],[-117.4047,34.2917],[-117.4047,34.2918],[-117.4047,34.2919],[-117.4047,34.292],[-117.4047,34.2921],[-117.4047,34.2922],[-117.4048,34.2922],[-117.4049,34.2922],[-117.405,34.2922],[-117.405,34.2921],[-117.4051,34.2921],[-117.4053,34.292],[-117.4054,34.2919],[-117.4056,34.2918],[-117.4057,34.2917],[-117.4058,34.2916],[-117.4059,34.2916],[-117.406,34.2915],[-117.4061,34.2915],[-117.4062,34.2915],[-117.4063,34.2915],[-117.4064,34.2915],[-117.4065,34.2915],[-117.4066,34.2915],[-117.4067,34.2915],[-117.4068,34.2915],[-117.4069,34.2915],[-117.407,34.2915],[-117.4072,34.2915],[-117.4073,34.2915],[-117.4074,34.2915],[-117.4075,34.2915],[-117.4077,34.2914],[-117.4078,34.2914],[-117.4079,34.2914],[-117.408,34.2914],[-117.4081,34.2914],[-117.4082,34.2914],[-117.4083,34.2915],[-117.4084,34.2916],[-117.4084,34.2917],[-117.4085,34.2918],[-117.4086,34.2918],[-117.4087,34.2919],[-117.4087,34.292],[-117.4088,34.2921],[-117.4088,34.2922],[-117.4088,34.2923],[-117.4089,34.2924],[-117.409,34.2924],[-117.4091,34.2923],[-117.4092,34.2923],[-117.4093,34.2923],[-117.4094,34.2923],[-117.4095,34.2923],[-117.4095,34.2924],[-117.4096,34.2924],[-117.4096,34.2925],[-117.4096,34.2926],[-117.4096,34.2927],[-117.4096,34.2928],[-117.4097,34.2928],[-117.4097,34.2929],[-117.4099,34.2929],[-117.41,34.2929],[-117.4101,34.293],[-117.4102,34.293],[-117.4103,34.2931],[-117.4105,34.2932],[-117.4106,34.2932],[-117.4106,34.2933],[-117.4107,34.2933],[-117.4108,34.2933],[-117.4109,34.2933],[-117.4109,34.2934],[-117.411,34.2934],[-117.4111,34.2934],[-117.4112,34.2934],[-117.4113,34.2934],[-117.4113,34.2933],[-117.4114,34.2933],[-117.4115,34.2933],[-117.4116,34.2933],[-117.4117,34.2933],[-117.4118,34.2934],[-117.4119,34.2935],[-117.412,34.2935],[-117.412,34.2936],[-117.412,34.2937],[-117.412,34.2938],[-117.4119,34.2939],[-117.4119,34.294],[-117.4119,34.2941],[-117.4119,34.2943],[-117.4119,34.2944],[-117.412,34.2944],[-117.412,34.2945],[-117.4121,34.2946],[-117.4122,34.2946],[-117.4123,34.2946],[-117.4124,34.2947],[-117.4125,34.2947],[-117.4126,34.2946],[-117.4127,34.2946],[-117.4129,34.2945],[-117.413,34.2944],[-117.4131,34.2944],[-117.4132,34.2943],[-117.4133,34.2944],[-117.4134,34.2944],[-117.4135,34.2944],[-117.4136,34.2944],[-117.4137,34.2944],[-117.4138,34.2944],[-117.4139,34.2943],[-117.4141,34.2942],[-117.4142,34.2942],[-117.4142,34.2941],[-117.4143,34.2942],[-117.4144,34.2943],[-117.4145,34.2944],[-117.4146,34.2944],[-117.4147,34.2944],[-117.4149,34.2945],[-117.415,34.2945],[-117.4151,34.2945],[-117.4152,34.2945],[-117.4153,34.2945],[-117.4154,34.2945],[-117.4155,34.2945],[-117.4156,34.2945],[-117.4157,34.2945],[-117.4158,34.2945],[-117.4159,34.2945],[-117.4161,34.2945],[-117.4162,34.2945],[-117.4162,34.2946],[-117.4163,34.2946],[-117.4165,34.2946],[-117.4165,34.2947],[-117.4166,34.2948],[-117.4167,34.2949],[-117.4168,34.2951],[-117.4169,34.2952],[-117.417,34.2952],[-117.4171,34.2951],[-117.4172,34.2951],[-117.4174,34.2951],[-117.4176,34.2951],[-117.4178,34.2951],[-117.418,34.2951],[-117.4183,34.2951],[-117.4186,34.2952],[-117.4188,34.2952],[-117.4189,34.2952],[-117.419,34.2952],[-117.419,34.2953],[-117.4191,34.2953],[-117.419,34.2954],[-117.419,34.2955],[-117.419,34.2956],[-117.419,34.2958],[-117.419,34.2959],[-117.4191,34.296],[-117.4191,34.2961],[-117.4192,34.2961],[-117.4193,34.2961],[-117.4194,34.2961],[-117.4196,34.296],[-117.4197,34.296],[-117.4199,34.2959],[-117.42,34.2959],[-117.4201,34.2959],[-117.4202,34.2958],[-117.4204,34.2958],[-117.4205,34.2958],[-117.4206,34.2958],[-117.4207,34.2958],[-117.4208,34.2958],[-117.4209,34.2959],[-117.4211,34.296],[-117.4212,34.2961],[-117.4213,34.2962],[-117.4214,34.2962],[-117.4215,34.2961],[-117.4216,34.296],[-117.4218,34.296],[-117.4219,34.296],[-117.422,34.296],[-117.4221,34.296],[-117.4223,34.296],[-117.4224,34.296],[-117.4225,34.296],[-117.4225,34.2961],[-117.4226,34.2961],[-117.4227,34.2963],[-117.4229,34.2965],[-117.423,34.2967],[-117.4232,34.2968],[-117.4233,34.2969],[-117.4233,34.297],[-117.4233,34.2971],[-117.4232,34.2971],[-117.4231,34.2972],[-117.423,34.2973],[-117.423,34.2974],[-117.423,34.2975],[-117.423,34.2976],[-117.4231,34.2977],[-117.4232,34.2977],[-117.4233,34.2977],[-117.4234,34.2977],[-117.4235,34.2977],[-117.4235,34.2976],[-117.4236,34.2975],[-117.4237,34.2974],[-117.4238,34.2973],[-117.4239,34.2973],[-117.424,34.2973],[-117.424,34.2974],[-117.4241,34.2974],[-117.4242,34.2974],[-117.4243,34.2974],[-117.4244,34.2974],[-117.4245,34.2974],[-117.4246,34.2975],[-117.4246,34.2976],[-117.4247,34.2977],[-117.4248,34.2979],[-117.4249,34.298],[-117.425,34.2981],[-117.4251,34.2981],[-117.4253,34.2981],[-117.4254,34.2981],[-117.4255,34.2981],[-117.4256,34.2981],[-117.4258,34.2982],[-117.4259,34.2983],[-117.4259,34.2984],[-117.4258,34.2985],[-117.4258,34.2986],[-117.4258,34.2987],[-117.4258,34.2988],[-117.4259,34.2989],[-117.426,34.2989],[-117.4261,34.2989],[-117.4262,34.2989],[-117.4263,34.2989],[-117.4264,34.2989],[-117.4265,34.2989],[-117.4266,34.2989],[-117.4266,34.299],[-117.4266,34.2991],[-117.4266,34.2992],[-117.4266,34.2995],[-117.4266,34.2996],[-117.4267,34.2997],[-117.4268,34.2997],[-117.4269,34.2997],[-117.427,34.2997],[-117.427,34.2996],[-117.4271,34.2995],[-117.4272,34.2995],[-117.4273,34.2994],[-117.4274,34.2994],[-117.4275,34.2995],[-117.4276,34.2996],[-117.4278,34.2997],[-117.4279,34.2998],[-117.4281,34.3],[-117.4281,34.3001],[-117.4282,34.3002],[-117.4282,34.3003],[-117.4282,34.3004],[-117.4283,34.3005],[-117.4284,34.3005],[-117.4285,34.3006],[-117.4286,34.3006],[-117.4287,34.3007],[-117.4288,34.3007],[-117.4289,34.3007],[-117.4289,34.3006],[-117.429,34.3005],[-117.4289,34.3004],[-117.4288,34.3003],[-117.4288,34.3002],[-117.4289,34.3001],[-117.4289,34.3],[-117.429,34.3],[-117.4291,34.2999],[-117.4292,34.2999],[-117.4294,34.2999],[-117.4295,34.2999],[-117.4296,34.2999],[-117.4297,34.2999],[-117.4298,34.2998],[-117.4299,34.2999],[-117.43,34.2999],[-117.4301,34.3],[-117.4303,34.3001],[-117.4304,34.3002],[-117.4305,34.3002],[-117.4306,34.3002],[-117.4307,34.3003],[-117.4308,34.3002],[-117.431,34.3002],[-117.4311,34.3002],[-117.4313,34.3001],[-117.4314,34.3001],[-117.4316,34.3],[-117.4317,34.3],[-117.4318,34.3],[-117.4319,34.3],[-117.432,34.3],[-117.4321,34.3],[-117.4322,34.3],[-117.4323,34.3],[-117.4324,34.3],[-117.4324,34.3001],[-117.4324,34.3002],[-117.4325,34.3004],[-117.4325,34.3006],[-117.4326,34.3007],[-117.4327,34.3008],[-117.4328,34.3009],[-117.4328,34.301],[-117.4329,34.3011],[-117.433,34.3011],[-117.433,34.3012],[-117.433,34.3013],[-117.433,34.3014],[-117.433,34.3015],[-117.433,34.3016],[-117.433,34.3017],[-117.4329,34.3017],[-117.433,34.3018],[-117.4329,34.3018],[-117.433,34.3019],[-117.433,34.302],[-117.433,34.3022],[-117.433,34.3024],[-117.433,34.3025],[-117.433,34.3026],[-117.4329,34.3026],[-117.4328,34.3027],[-117.4326,34.3028],[-117.4324,34.303],[-117.4322,34.303],[-117.4321,34.3032],[-117.432,34.3033],[-117.4318,34.3035],[-117.4316,34.3037],[-117.4314,34.3038],[-117.4313,34.3039],[-117.4313,34.304],[-117.4314,34.3041],[-117.4314,34.3042],[-117.4314,34.3043],[-117.4314,34.3044],[-117.4315,34.3045],[-117.4316,34.3046],[-117.4316,34.3047],[-117.4315,34.3048],[-117.4314,34.3049],[-117.4313,34.305],[-117.4312,34.3051],[-117.4313,34.3052],[-117.4313,34.3053],[-117.4314,34.3054]]}},{"type":"Feature","properties":{"id":"3W13","name":null,"kind":"trail","access":"green","seasonal":false},"geometry":{"type":"LineString","coordinates":[[-117.1612,34.2771],[-117.1613,34.2772],[-117.1614,34.2772],[-117.1615,34.2773],[-117.1615,34.2774],[-117.1616,34.2774],[-117.1617,34.2774],[-117.1618,34.2774],[-117.1619,34.2774],[-117.162,34.2774],[-117.1621,34.2774],[-117.1622,34.2773],[-117.1623,34.2773],[-117.1624,34.2773],[-117.1625,34.2772],[-117.1626,34.2772],[-117.1627,34.2771],[-117.1628,34.2771],[-117.1628,34.277],[-117.1628,34.2769],[-117.1628,34.2768],[-117.1629,34.2768],[-117.163,34.2768],[-117.1631,34.2768],[-117.1632,34.2769],[-117.1633,34.2769],[-117.1633,34.277],[-117.1634,34.277],[-117.1635,34.277],[-117.1636,34.277],[-117.1637,34.2771],[-117.1638,34.2771],[-117.1639,34.2771],[-117.164,34.2771],[-117.1641,34.2771],[-117.1641,34.2772],[-117.1642,34.2772],[-117.1642,34.2773],[-117.1642,34.2774],[-117.1642,34.2775],[-117.1643,34.2776],[-117.1643,34.2777],[-117.1643,34.2778],[-117.1643,34.2779],[-117.1642,34.2779],[-117.1641,34.2779],[-117.164,34.2779],[-117.1639,34.2779],[-117.1639,34.278],[-117.1638,34.278],[-117.1637,34.278],[-117.1636,34.278],[-117.1635,34.278],[-117.1634,34.2781],[-117.1633,34.2781],[-117.1633,34.2782],[-117.1633,34.2783],[-117.1634,34.2783],[-117.1635,34.2783],[-117.1635,34.2784],[-117.1635,34.2785],[-117.1634,34.2786],[-117.1634,34.2787],[-117.1633,34.2788],[-117.1633,34.2789],[-117.1633,34.279],[-117.1634,34.279],[-117.1634,34.2791],[-117.1634,34.2792],[-117.1634,34.2793],[-117.1634,34.2794],[-117.1635,34.2795],[-117.1636,34.2796],[-117.1637,34.2796],[-117.1638,34.2796],[-117.1639,34.2797],[-117.164,34.2797],[-117.1641,34.2797],[-117.1642,34.2797],[-117.1643,34.2797],[-117.1644,34.2798],[-117.1644,34.2799],[-117.1644,34.28],[-117.1643,34.28],[-117.1643,34.2801],[-117.1642,34.2801],[-117.1642,34.2802],[-117.1641,34.2802],[-117.1641,34.2803],[-117.1642,34.2803],[-117.1642,34.2804],[-117.1642,34.2805],[-117.1642,34.2806],[-117.1643,34.2806],[-117.1644,34.2807],[-117.1645,34.2807],[-117.1646,34.2807],[-117.1647,34.2807],[-117.1649,34.2807],[-117.165,34.2807],[-117.1651,34.2807],[-117.1652,34.2807],[-117.1653,34.2807],[-117.1654,34.2807],[-117.1655,34.2807],[-117.1656,34.2807],[-117.1657,34.2807],[-117.1658,34.2807],[-117.1659,34.2806],[-117.166,34.2806],[-117.166,34.2807],[-117.1661,34.2807],[-117.1661,34.2808],[-117.1662,34.2808],[-117.1663,34.2807],[-117.1664,34.2807],[-117.1665,34.2806],[-117.1666,34.2806],[-117.1667,34.2805],[-117.1668,34.2804],[-117.1669,34.2804],[-117.167,34.2804],[-117.1672,34.2804],[-117.1672,34.2805],[-117.1673,34.2805],[-117.1674,34.2806],[-117.1675,34.2807],[-117.1676,34.2807],[-117.1677,34.2807],[-117.1678,34.2807],[-117.1679,34.2807],[-117.168,34.2807],[-117.1681,34.2808],[-117.1682,34.2808],[-117.1683,34.2808],[-117.1684,34.2808],[-117.1685,34.2808],[-117.1686,34.2808],[-117.1687,34.2808],[-117.1688,34.2808],[-117.1688,34.2809],[-117.1689,34.2809],[-117.169,34.2809],[-117.1691,34.2809],[-117.1692,34.2809],[-117.1693,34.281],[-117.1693,34.2811],[-117.1694,34.2811],[-117.1695,34.2812],[-117.1695,34.2811],[-117.1696,34.2811],[-117.1696,34.281],[-117.1697,34.281],[-117.1698,34.281],[-117.1699,34.281],[-117.17,34.281],[-117.1701,34.281],[-117.1702,34.281],[-117.1703,34.281],[-117.1704,34.281],[-117.1705,34.281],[-117.1705,34.2811],[-117.1706,34.2811],[-117.1706,34.2812],[-117.1707,34.2812],[-117.1707,34.2813],[-117.1708,34.2813],[-117.1708,34.2814],[-117.1709,34.2814],[-117.171,34.2815],[-117.1711,34.2815],[-117.1711,34.2816],[-117.1711,34.2817],[-117.1712,34.2818],[-117.1712,34.2819],[-117.1713,34.282],[-117.1713,34.2821],[-117.1713,34.2822],[-117.1714,34.2822],[-117.1715,34.2822],[-117.1716,34.2822],[-117.1717,34.2822],[-117.1718,34.2822],[-117.1718,34.2823],[-117.1718,34.2824],[-117.1719,34.2825],[-117.1719,34.2826],[-117.172,34.2826],[-117.1721,34.2827],[-117.1721,34.2828],[-117.1723,34.2829],[-117.1724,34.283],[-117.1725,34.283],[-117.1726,34.2831],[-117.1727,34.2832],[-117.1727,34.2833],[-117.1727,34.2834],[-117.1727,34.2835],[-117.1727,34.2836],[-117.1727,34.2837],[-117.1726,34.2837],[-117.1727,34.2838],[-117.1727,34.2839],[-117.1728,34.2839],[-117.1729,34.2839],[-117.173,34.2839],[-117.1731,34.2839],[-117.1732,34.284],[-117.1732,34.2841],[-117.1733,34.2841],[-117.1734,34.2842],[-117.1735,34.2841],[-117.1736,34.2842],[-117.1737,34.2842],[-117.1737,34.2843],[-117.1737,34.2844],[-117.1737,34.2845],[-117.1738,34.2845],[-117.1738,34.2846],[-117.1738,34.2847],[-117.1739,34.2848],[-117.1739,34.2849],[-117.1739,34.285],[-117.1739,34.2851],[-117.1738,34.2852],[-117.1738,34.2853],[-117.1738,34.2854],[-117.1737,34.2854],[-117.1736,34.2854],[-117.1735,34.2854],[-117.1734,34.2855],[-117.1733,34.2855],[-117.1732,34.2855],[-117.1731,34.2856],[-117.1731,34.2857],[-117.173,34.2857],[-117.173,34.2858],[-117.173,34.2859],[-117.173,34.286],[-117.173,34.2861],[-117.173,34.2862],[-117.1731,34.2862],[-117.1731,34.2863],[-117.1731,34.2864],[-117.173,34.2865],[-117.1729,34.2866],[-117.1728,34.2867],[-117.1728,34.2868],[-117.1727,34.2869],[-117.1727,34.287],[-117.1726,34.2871],[-117.1726,34.2872],[-117.1726,34.2873],[-117.1726,34.2874],[-117.1727,34.2874],[-117.1727,34.2875],[-117.1728,34.2875],[-117.1728,34.2876],[-117.1729,34.2876],[-117.173,34.2876],[-117.173,34.2877],[-117.1731,34.2878],[-117.1732,34.2879],[-117.1733,34.2879],[-117.1734,34.2879],[-117.1734,34.288],[-117.1733,34.2881],[-117.1733,34.2882],[-117.1732,34.2882],[-117.1732,34.2883],[-117.1731,34.2883],[-117.173,34.2884],[-117.1729,34.2884],[-117.1728,34.2885],[-117.1727,34.2885],[-117.1727,34.2886],[-117.1727,34.2887],[-117.1726,34.2887],[-117.1726,34.2888],[-117.1725,34.2889],[-117.1723,34.289],[-117.1722,34.289],[-117.172,34.2891],[-117.1719,34.2891],[-117.1719,34.289],[-117.1718,34.289],[-117.1717,34.289],[-117.1716,34.289],[-117.1715,34.2891],[-117.1714,34.2891],[-117.1713,34.2891],[-117.1712,34.2891],[-117.1711,34.2892],[-117.171,34.2892],[-117.1709,34.2892],[-117.1708,34.2892],[-117.1707,34.2892],[-117.1707,34.2893],[-117.1706,34.2893],[-117.1705,34.2894],[-117.1704,34.2894],[-117.1704,34.2895],[-117.1703,34.2895],[-117.1702,34.2896],[-117.1701,34.2897],[-117.17,34.2898],[-117.1698,34.2898],[-117.1696,34.2898],[-117.1694,34.2898],[-117.1693,34.2899],[-117.1692,34.2899],[-117.1691,34.2899],[-117.169,34.2899],[-117.1689,34.2899],[-117.1688,34.29],[-117.1687,34.29],[-117.1687,34.2901],[-117.1686,34.2901],[-117.1685,34.2902],[-117.1684,34.2902],[-117.1682,34.2903],[-117.1681,34.2904],[-117.168,34.2904],[-117.168,34.2905],[-117.1679,34.2906],[-117.1679,34.2907],[-117.1679,34.2908],[-117.168,34.2909],[-117.1681,34.291],[-117.1682,34.2911],[-117.1683,34.2911],[-117.1683,34.2912],[-117.1684,34.2912],[-117.1685,34.2913],[-117.1686,34.2914],[-117.1686,34.2915],[-117.1687,34.2916],[-117.1687,34.2917],[-117.1688,34.2918],[-117.1689,34.2918],[-117.169,34.2918],[-117.1691,34.2919],[-117.1691,34.292],[-117.1692,34.2921],[-117.1693,34.2921],[-117.1693,34.2922],[-117.1694,34.2922],[-117.1695,34.2922],[-117.1695,34.2923],[-117.1694,34.2924],[-117.1693,34.2924],[-117.1692,34.2924],[-117.1691,34.2924],[-117.169,34.2925],[-117.1689,34.2925],[-117.1688,34.2926],[-117.1687,34.2926],[-117.1687,34.2927],[-117.1686,34.2928],[-117.1686,34.293],[-117.1686,34.2931],[-117.1686,34.2932],[-117.1687,34.2933],[-117.1688,34.2934],[-117.1689,34.2935],[-117.169,34.2935],[-117.169,34.2936],[-117.1691,34.2936],[-117.1691,34.2937],[-117.1692,34.2937],[-117.1693,34.2938],[-117.1694,34.2939],[-117.1695,34.2939],[-117.1696,34.2939],[-117.1697,34.2939],[-117.1697,34.2938],[-117.1698,34.2938],[-117.1699,34.2938],[-117.17,34.2939],[-117.17,34.294],[-117.1702,34.294],[-117.1703,34.294],[-117.1704,34.2941],[-117.1705,34.2942],[-117.1706,34.2942],[-117.1707,34.2942],[-117.1707,34.2943],[-117.1707,34.2944],[-117.1707,34.2946],[-117.1707,34.2948],[-117.1707,34.2952],[-117.1707,34.2953],[-117.1707,34.2954],[-117.1707,34.2955],[-117.1707,34.2956],[-117.1707,34.2957],[-117.1706,34.2958],[-117.1706,34.2959],[-117.1706,34.296],[-117.1706,34.2962],[-117.1706,34.2963],[-117.1706,34.2964],[-117.1707,34.2965],[-117.1707,34.2966],[-117.1708,34.2967],[-117.1709,34.2968],[-117.171,34.2969],[-117.171,34.297],[-117.1711,34.297],[-117.1712,34.297],[-117.1713,34.297],[-117.1714,34.2969],[-117.1715,34.2969],[-117.1717,34.2968],[-117.1718,34.2968],[-117.1719,34.2968],[-117.172,34.2969],[-117.1722,34.2969],[-117.1723,34.297],[-117.1724,34.297],[-117.1725,34.2971],[-117.1726,34.2971],[-117.1727,34.2972],[-117.1728,34.2973],[-117.1729,34.2974],[-117.173,34.2974],[-117.1731,34.2975],[-117.1731,34.2976],[-117.1731,34.2977],[-117.1732,34.2977],[-117.1732,34.2978],[-117.1733,34.2979],[-117.1733,34.298],[-117.1733,34.2981],[-117.1734,34.2981],[-117.1735,34.2982],[-117.1736,34.2983],[-117.1737,34.2983],[-117.1738,34.2983],[-117.1739,34.2984],[-117.174,34.2985]]}},{"type":"Feature","properties":{"id":"3W14","name":null,"kind":"trail","access":"green","seasonal":false},"geometry":{"type":"LineString","coordinates":[[-117.2198,34.2848],[-117.2199,34.2848],[-117.2199,34.2849],[-117.2199,34.285],[-117.2198,34.285],[-117.2198,34.2851],[-117.2199,34.2851],[-117.2199,34.2852],[-117.22,34.2853],[-117.22,34.2854],[-117.2201,34.2854],[-117.2202,34.2855],[-117.2203,34.2856],[-117.2203,34.2857],[-117.2204,34.2858],[-117.2205,34.2858],[-117.2206,34.2859],[-117.2207,34.2859],[-117.2207,34.286],[-117.2208,34.286],[-117.2209,34.286],[-117.221,34.286],[-117.2211,34.286],[-117.2212,34.286],[-117.2213,34.2859],[-117.2214,34.2859],[-117.2216,34.2859],[-117.2217,34.286],[-117.2219,34.286],[-117.2221,34.2861],[-117.2222,34.2861],[-117.2222,34.2862],[-117.2223,34.2863],[-117.2223,34.2864],[-117.2223,34.2865],[-117.2223,34.2867],[-117.2223,34.2868],[-117.2222,34.2869],[-117.222,34.287],[-117.2219,34.287],[-117.2218,34.2871],[-117.2217,34.2872],[-117.2216,34.2872],[-117.2215,34.2871],[-117.2214,34.2871],[-117.2213,34.2871],[-117.2212,34.2871],[-117.2211,34.2871],[-117.221,34.2871],[-117.2209,34.2871],[-117.2208,34.2871],[-117.2206,34.2872],[-117.2204,34.2872],[-117.2203,34.2872],[-117.2202,34.2871],[-117.2201,34.2871],[-117.22,34.2871],[-117.2199,34.2872],[-117.2199,34.2873],[-117.2197,34.2873],[-117.2196,34.2874],[-117.2195,34.2874],[-117.2193,34.2875],[-117.2192,34.2875],[-117.2192,34.2876],[-117.2191,34.2876],[-117.219,34.2877],[-117.2189,34.2877],[-117.2189,34.2878],[-117.219,34.2879],[-117.219,34.288],[-117.2189,34.288],[-117.2188,34.2879],[-117.2187,34.2879],[-117.2186,34.288],[-117.2185,34.2881],[-117.2185,34.2882],[-117.2184,34.2883],[-117.2184,34.2884],[-117.2184,34.2885],[-117.2183,34.2886],[-117.2182,34.2887],[-117.2181,34.2887],[-117.2181,34.2888],[-117.218,34.2888],[-117.2179,34.2889],[-117.2178,34.2889],[-117.2177,34.2889],[-117.2175,34.2889],[-117.2175,34.289],[-117.2175,34.2891],[-117.2174,34.2892],[-117.2173,34.2893],[-117.2173,34.2894],[-117.2172,34.2896],[-117.2171,34.2896],[-117.217,34.2897],[-117.2169,34.2897],[-117.2168,34.2897],[-117.2167,34.2897],[-117.2166,34.2898],[-117.2165,34.2899],[-117.2164,34.2899],[-117.2162,34.29],[-117.2161,34.2901],[-117.216,34.2902],[-117.2159,34.2903],[-117.2159,34.2904],[-117.2158,34.2905],[-117.2157,34.2906],[-117.2157,34.2907],[-117.2157,34.2908],[-117.2157,34.2909],[-117.2156,34.2909],[-117.2156,34.291],[-117.2155,34.2911],[-117.2155,34.2912],[-117.2154,34.2913],[-117.2154,34.2914],[-117.2153,34.2914],[-117.2153,34.2915],[-117.2152,34.2916],[-117.2152,34.2917],[-117.2152,34.2919],[-117.2151,34.292],[-117.2151,34.2922],[-117.2151,34.2923],[-117.215,34.2924],[-117.2149,34.2924],[-117.2149,34.2925],[-117.2148,34.2926],[-117.2147,34.2927],[-117.2147,34.2929],[-117.2146,34.293],[-117.2146,34.2931],[-117.2145,34.2932],[-117.2144,34.2933],[-117.2143,34.2933],[-117.2142,34.2933],[-117.2141,34.2934],[-117.214,34.2935],[-117.2139,34.2936],[-117.2138,34.2936],[-117.2136,34.2937],[-117.2136,34.2938],[-117.2135,34.2938],[-117.2134,34.2939],[-117.2133,34.2939],[-117.2132,34.2939],[-117.2131,34.294],[-117.213,34.2941],[-117.2129,34.2942],[-117.2128,34.2943],[-117.2127,34.2943],[-117.2127,34.2944],[-117.2126,34.2945],[-117.2125,34.2945],[-117.2124,34.2946],[-117.2123,34.2947],[-117.2122,34.2948],[-117.2121,34.2949],[-117.2121,34.295],[-117.2121,34.2951],[-117.2121,34.2952],[-117.2121,34.2953],[-117.212,34.2954],[-117.2119,34.2955],[-117.2118,34.2956],[-117.2117,34.2957],[-117.2116,34.2958],[-117.2115,34.2959],[-117.2113,34.296],[-117.2112,34.2961],[-117.211,34.2961],[-117.2109,34.2961],[-117.2107,34.2961],[-117.2106,34.2961],[-117.2105,34.2961],[-117.2104,34.296],[-117.2103,34.296],[-117.2102,34.296],[-117.2101,34.296],[-117.21,34.2961],[-117.2099,34.2962],[-117.2096,34.2962],[-117.2094,34.2963],[-117.2092,34.2963],[-117.2091,34.2963],[-117.2089,34.2964],[-117.2088,34.2964],[-117.2087,34.2964],[-117.2086,34.2964],[-117.2085,34.2964],[-117.2085,34.2963],[-117.2084,34.2963],[-117.2084,34.2962],[-117.2084,34.2961],[-117.2084,34.296],[-117.2085,34.296],[-117.2085,34.2959],[-117.2085,34.2958],[-117.2084,34.2958],[-117.2083,34.2958]]}},{"type":"Feature","properties":{"id":"3W13.1","name":null,"kind":"trail","access":"green","seasonal":false},"geometry":{"type":"LineString","coordinates":[[-117.174,34.2985],[-117.1739,34.2985],[-117.1738,34.2986],[-117.1737,34.2987],[-117.1735,34.2989],[-117.1735,34.2991],[-117.1734,34.2991],[-117.1735,34.2992],[-117.1736,34.2993],[-117.1738,34.2995],[-117.1741,34.2998],[-117.1743,34.3001],[-117.1745,34.3004],[-117.1745,34.3006],[-117.1744,34.3008],[-117.1743,34.301],[-117.1744,34.3011],[-117.1745,34.3012],[-117.1746,34.3013],[-117.1747,34.3016],[-117.1746,34.3018]]}},{"type":"Feature","properties":{"id":"3W11","name":null,"kind":"trail","access":"green","seasonal":false},"geometry":{"type":"LineString","coordinates":[[-117.2095,34.2941],[-117.2094,34.294],[-117.2093,34.2939],[-117.2092,34.2938],[-117.2091,34.2938],[-117.209,34.2937],[-117.2089,34.2936],[-117.2088,34.2936],[-117.2087,34.2935],[-117.2086,34.2935],[-117.2085,34.2935],[-117.2085,34.2934],[-117.2084,34.2934],[-117.2084,34.2933],[-117.2083,34.2933],[-117.2082,34.2933],[-117.2081,34.2934],[-117.208,34.2934],[-117.2079,34.2934],[-117.2079,34.2933],[-117.2077,34.2932],[-117.2076,34.2931],[-117.2076,34.293],[-117.2076,34.2929],[-117.2076,34.2928],[-117.2075,34.2927],[-117.2075,34.2926],[-117.2074,34.2926],[-117.2073,34.2925],[-117.2072,34.2923],[-117.2071,34.2923],[-117.207,34.2923],[-117.2069,34.2922],[-117.2068,34.2922],[-117.2067,34.2922],[-117.2066,34.2922],[-117.2065,34.2922],[-117.2063,34.2922],[-117.2062,34.2923],[-117.2062,34.2924],[-117.2062,34.2925],[-117.2062,34.2926],[-117.2061,34.2926],[-117.206,34.2925],[-117.206,34.2924],[-117.2059,34.2923],[-117.2058,34.2923],[-117.2057,34.2924],[-117.2057,34.2925],[-117.2057,34.2926],[-117.2056,34.2926],[-117.2056,34.2927],[-117.2054,34.2928],[-117.2053,34.2928],[-117.2052,34.2929],[-117.2051,34.2929],[-117.205,34.2929],[-117.205,34.2928],[-117.205,34.2927],[-117.205,34.2926],[-117.2049,34.2926],[-117.2048,34.2927],[-117.2047,34.2927],[-117.2046,34.2927],[-117.2046,34.2926],[-117.2045,34.2926],[-117.2045,34.2927],[-117.2044,34.2927],[-117.2043,34.2928],[-117.2042,34.2928],[-117.2041,34.2928],[-117.204,34.2928],[-117.2039,34.2928],[-117.2039,34.2929],[-117.2038,34.2929],[-117.2038,34.293],[-117.2037,34.293],[-117.2037,34.2929],[-117.2037,34.2928],[-117.2036,34.2927],[-117.2036,34.2926],[-117.2035,34.2924],[-117.2035,34.2923],[-117.2035,34.2922],[-117.2034,34.2922],[-117.2034,34.2921],[-117.2033,34.2922],[-117.2033,34.2923],[-117.2033,34.2924],[-117.2032,34.2924],[-117.2031,34.2925],[-117.203,34.2925],[-117.203,34.2926],[-117.2029,34.2926],[-117.2028,34.2927],[-117.2027,34.2927],[-117.2026,34.2927],[-117.2025,34.2928],[-117.2025,34.2929],[-117.2024,34.2929],[-117.2024,34.293],[-117.2023,34.293],[-117.2022,34.293],[-117.2021,34.293],[-117.202,34.293],[-117.2019,34.293],[-117.2018,34.293],[-117.2018,34.2929],[-117.2018,34.2928],[-117.2017,34.2928],[-117.2017,34.2927],[-117.2016,34.2928],[-117.2016,34.2929],[-117.2015,34.293],[-117.2015,34.2931],[-117.2014,34.2931],[-117.2014,34.2932],[-117.2013,34.2933],[-117.2012,34.2933],[-117.2012,34.2934],[-117.2012,34.2935],[-117.2011,34.2936],[-117.201,34.2937],[-117.2009,34.2938],[-117.2008,34.2938],[-117.2008,34.2939],[-117.2008,34.294],[-117.2008,34.2941],[-117.2008,34.2942],[-117.2007,34.2943],[-117.2006,34.2943],[-117.2005,34.2944],[-117.2004,34.2944],[-117.2003,34.2945],[-117.2002,34.2945],[-117.2001,34.2945],[-117.2,34.2945],[-117.1999,34.2945],[-117.1998,34.2945],[-117.1997,34.2944],[-117.1996,34.2944],[-117.1996,34.2943],[-117.1995,34.2943],[-117.1995,34.2942],[-117.1994,34.2942],[-117.1993,34.2942],[-117.1992,34.2942],[-117.1992,34.2941],[-117.1992,34.294],[-117.1992,34.2939],[-117.1991,34.2938],[-117.1992,34.2937],[-117.1992,34.2936],[-117.1991,34.2935],[-117.199,34.2935],[-117.1989,34.2936],[-117.1989,34.2935],[-117.1988,34.2935],[-117.1987,34.2935],[-117.1986,34.2935],[-117.1986,34.2934],[-117.1985,34.2934],[-117.1984,34.2934],[-117.1983,34.2934],[-117.1982,34.2934],[-117.1981,34.2933],[-117.1979,34.2933],[-117.1978,34.2933],[-117.1978,34.2934],[-117.1977,34.2934],[-117.1977,34.2935],[-117.1977,34.2936],[-117.1976,34.2936],[-117.1976,34.2937],[-117.1975,34.2937],[-117.1974,34.2937],[-117.1973,34.2937],[-117.1972,34.2936],[-117.1973,34.2935],[-117.1972,34.2934],[-117.1972,34.2933],[-117.1971,34.2933],[-117.197,34.2933],[-117.1969,34.2932],[-117.1968,34.2931],[-117.1967,34.2931],[-117.1966,34.2931],[-117.1965,34.293],[-117.1964,34.293],[-117.1963,34.293],[-117.1962,34.293],[-117.1961,34.293],[-117.1961,34.2929],[-117.196,34.2929],[-117.1959,34.2928],[-117.1958,34.2928],[-117.1957,34.2927],[-117.1956,34.2927],[-117.1955,34.2927],[-117.1954,34.2927],[-117.1953,34.2927],[-117.1953,34.2926],[-117.1954,34.2926],[-117.1954,34.2925],[-117.1953,34.2924],[-117.1952,34.2923],[-117.1952,34.2922],[-117.1951,34.2922],[-117.195,34.2921],[-117.1949,34.2921],[-117.1949,34.292],[-117.1948,34.292],[-117.1947,34.292],[-117.1946,34.292],[-117.1945,34.292],[-117.1944,34.2919],[-117.1943,34.2919],[-117.1942,34.2919],[-117.1941,34.2918],[-117.194,34.2918],[-117.1939,34.2918],[-117.1938,34.2918],[-117.1937,34.2918],[-117.1936,34.2917],[-117.1935,34.2917],[-117.1935,34.2916],[-117.1934,34.2916],[-117.1935,34.2916],[-117.1934,34.2916],[-117.1934,34.2915],[-117.1933,34.2915],[-117.1933,34.2916],[-117.1932,34.2916],[-117.1931,34.2916],[-117.193,34.2916],[-117.1929,34.2916],[-117.1928,34.2916],[-117.1927,34.2916],[-117.1926,34.2916],[-117.1926,34.2915]]}},{"type":"Feature","properties":{"id":"2W01","name":null,"kind":"trail","access":"green","seasonal":false},"geometry":{"type":"LineString","coordinates":[[-117.1213,34.325],[-117.1212,34.325],[-117.1209,34.325],[-117.1208,34.325],[-117.1207,34.325],[-117.1207,34.3249],[-117.1206,34.3249],[-117.1206,34.3248],[-117.1206,34.3247],[-117.1205,34.3247],[-117.1205,34.3246],[-117.1204,34.3245],[-117.1204,34.3244],[-117.1205,34.3244],[-117.1205,34.3243],[-117.1204,34.3243],[-117.1204,34.3242],[-117.1203,34.3241],[-117.1203,34.324],[-117.1204,34.324],[-117.1205,34.324],[-117.1206,34.324],[-117.1206,34.3239],[-117.1207,34.3239],[-117.1208,34.3239],[-117.1209,34.3238],[-117.121,34.3238],[-117.121,34.3237],[-117.1211,34.3236],[-117.1212,34.3236],[-117.1213,34.3235],[-117.1213,34.3234],[-117.1213,34.3233],[-117.1212,34.3232],[-117.1211,34.3231],[-117.1211,34.323],[-117.1211,34.3229],[-117.1212,34.3228],[-117.1212,34.3227],[-117.1213,34.3226],[-117.1214,34.3225],[-117.1214,34.3224],[-117.1214,34.3223],[-117.1213,34.3222],[-117.1213,34.3221],[-117.1213,34.322],[-117.1213,34.3219],[-117.1214,34.3218],[-117.1214,34.3217],[-117.1214,34.3216],[-117.1215,34.3216],[-117.1215,34.3215],[-117.1214,34.3214],[-117.1214,34.3213],[-117.1214,34.3212],[-117.1213,34.3212],[-117.1213,34.3211],[-117.1212,34.321],[-117.1212,34.3209],[-117.1211,34.3208],[-117.1212,34.3207],[-117.1211,34.3206],[-117.1212,34.3206],[-117.1212,34.3205],[-117.1213,34.3205],[-117.1213,34.3204],[-117.1213,34.3203],[-117.1212,34.3203],[-117.1212,34.3202],[-117.1211,34.3201],[-117.1211,34.32],[-117.1211,34.3199],[-117.121,34.3199],[-117.121,34.3198],[-117.1209,34.3197],[-117.1209,34.3196],[-117.1209,34.3195],[-117.1209,34.3194],[-117.121,34.3193],[-117.1211,34.3192],[-117.1211,34.3191],[-117.1211,34.319],[-117.1211,34.3189],[-117.1212,34.3188],[-117.1212,34.3187],[-117.1212,34.3186],[-117.1212,34.3185],[-117.1212,34.3184],[-117.1213,34.3183],[-117.1213,34.3182],[-117.1212,34.3182],[-117.1212,34.3181],[-117.1212,34.318],[-117.1212,34.3179],[-117.1212,34.3178],[-117.1212,34.3177],[-117.1212,34.3176],[-117.1212,34.3175],[-117.1213,34.3174],[-117.1215,34.3174],[-117.1215,34.3173],[-117.1216,34.3173],[-117.1217,34.3172],[-117.1218,34.3172],[-117.1219,34.3171],[-117.122,34.3171],[-117.1221,34.317],[-117.1222,34.3169],[-117.1223,34.3169],[-117.1223,34.3168],[-117.1224,34.3168],[-117.1224,34.3167],[-117.1224,34.3166],[-117.1225,34.3166],[-117.1225,34.3165],[-117.1226,34.3164],[-117.1227,34.3164],[-117.1227,34.3163],[-117.1228,34.3163],[-117.1228,34.3162],[-117.1228,34.3161],[-117.1229,34.316],[-117.123,34.316],[-117.123,34.3159],[-117.1231,34.3159],[-117.1232,34.316],[-117.1233,34.316],[-117.1234,34.316],[-117.1234,34.3159],[-117.1234,34.3158],[-117.1233,34.3158],[-117.1233,34.3157],[-117.1234,34.3156],[-117.1234,34.3155],[-117.1235,34.3154],[-117.1236,34.3154],[-117.1236,34.3153],[-117.1237,34.3153],[-117.1238,34.3153],[-117.1239,34.3153],[-117.1239,34.3152],[-117.124,34.3152],[-117.124,34.3151],[-117.124,34.315],[-117.1241,34.315],[-117.1242,34.3151],[-117.1243,34.3151],[-117.1243,34.315],[-117.1244,34.315],[-117.1245,34.315],[-117.1246,34.3149],[-117.1247,34.3149],[-117.1247,34.3148],[-117.1247,34.3147],[-117.1248,34.3146],[-117.1249,34.3146],[-117.125,34.3146],[-117.1251,34.3147],[-117.1252,34.3147],[-117.1253,34.3148],[-117.1254,34.3148],[-117.1255,34.3149],[-117.1256,34.3149],[-117.1256,34.315],[-117.1257,34.315],[-117.1258,34.315],[-117.1259,34.315],[-117.1259,34.3149],[-117.126,34.3149],[-117.1261,34.3148],[-117.1262,34.3148],[-117.1262,34.3147],[-117.1263,34.3147],[-117.1264,34.3146],[-117.1265,34.3146],[-117.1264,34.3145],[-117.1263,34.3145],[-117.1262,34.3145],[-117.1261,34.3144],[-117.126,34.3144],[-117.1259,34.3144],[-117.1258,34.3143],[-117.1258,34.3142],[-117.1257,34.3142],[-117.1257,34.3141],[-117.1256,34.3141],[-117.1255,34.314],[-117.1255,34.3139],[-117.1254,34.3139],[-117.1253,34.3138],[-117.1252,34.3137],[-117.1251,34.3137],[-117.125,34.3137],[-117.125,34.3136],[-117.1249,34.3136],[-117.1248,34.3136],[-117.1247,34.3136],[-117.1246,34.3136],[-117.1245,34.3136],[-117.1245,34.3135],[-117.1245,34.3134],[-117.1245,34.3133],[-117.1244,34.3133],[-117.1243,34.3132],[-117.1242,34.3132],[-117.1242,34.3131],[-117.1241,34.3131],[-117.1241,34.313],[-117.1241,34.3129],[-117.1241,34.3128],[-117.124,34.3128],[-117.1239,34.3128],[-117.1238,34.3128],[-117.1238,34.3127],[-117.1237,34.3127],[-117.1236,34.3128],[-117.1235,34.3128],[-117.1234,34.3128],[-117.1233,34.3128],[-117.1233,34.3127],[-117.1232,34.3126],[-117.1231,34.3125],[-117.123,34.3125],[-117.1229,34.3125],[-117.1229,34.3126],[-117.1228,34.3125],[-117.1227,34.3124],[-117.1228,34.3123],[-117.1228,34.3122],[-117.1228,34.3121],[-117.1228,34.312],[-117.1228,34.3119],[-117.1229,34.3118],[-117.123,34.3117],[-117.1231,34.3117],[-117.1231,34.3116],[-117.1232,34.3115],[-117.1232,34.3114],[-117.1232,34.3113],[-117.1232,34.3112],[-117.1231,34.3112],[-117.1231,34.3111],[-117.1231,34.311],[-117.1231,34.3109],[-117.1231,34.3108],[-117.123,34.3108],[-117.123,34.3107],[-117.123,34.3106],[-117.1231,34.3105],[-117.1232,34.3104],[-117.1233,34.3104],[-117.1233,34.3103],[-117.1234,34.3102],[-117.1233,34.3102],[-117.1232,34.3101],[-117.1231,34.31],[-117.1231,34.3099],[-117.1231,34.3098],[-117.123,34.3098],[-117.1229,34.3098],[-117.1228,34.3098],[-117.1228,34.3097],[-117.1228,34.3096],[-117.1229,34.3096],[-117.1229,34.3095],[-117.123,34.3095],[-117.1231,34.3094],[-117.1232,34.3094],[-117.1233,34.3094],[-117.1234,34.3093],[-117.1233,34.3092],[-117.1233,34.3091],[-117.1233,34.309],[-117.1232,34.309],[-117.1232,34.3089],[-117.1232,34.3088],[-117.1231,34.3087],[-117.123,34.3087],[-117.1229,34.3086],[-117.1228,34.3086],[-117.1228,34.3085],[-117.1227,34.3085],[-117.1225,34.3085],[-117.1224,34.3085],[-117.1223,34.3084],[-117.1222,34.3084],[-117.1221,34.3084],[-117.1221,34.3083],[-117.122,34.3083],[-117.1219,34.3083],[-117.1219,34.3082],[-117.122,34.3082],[-117.1221,34.3082],[-117.1222,34.3082],[-117.1223,34.3082],[-117.1224,34.3082],[-117.1225,34.3082],[-117.1225,34.3081],[-117.1226,34.3081],[-117.1227,34.3081],[-117.1228,34.3081],[-117.1229,34.3081],[-117.123,34.3081],[-117.1231,34.3081],[-117.1232,34.308],[-117.1233,34.3079],[-117.1233,34.3078],[-117.1234,34.3078],[-117.1235,34.3077],[-117.1236,34.3077],[-117.1236,34.3076],[-117.1237,34.3076],[-117.1237,34.3075],[-117.1237,34.3074],[-117.1237,34.3073],[-117.1238,34.3073],[-117.1239,34.3072],[-117.1239,34.3071],[-117.1239,34.307],[-117.124,34.307],[-117.1241,34.3069],[-117.1242,34.3068],[-117.1242,34.3067],[-117.1242,34.3066],[-117.1243,34.3066],[-117.1243,34.3065],[-117.1243,34.3064],[-117.1243,34.3063],[-117.1242,34.3063],[-117.1241,34.3062],[-117.124,34.3062],[-117.1239,34.3062],[-117.1238,34.3062],[-117.1237,34.3061],[-117.1236,34.3061],[-117.1236,34.306],[-117.1236,34.3059],[-117.1235,34.3059],[-117.1235,34.3058],[-117.1234,34.3058],[-117.1233,34.3058],[-117.1233,34.3057],[-117.1234,34.3056],[-117.1235,34.3056],[-117.1236,34.3056],[-117.1237,34.3056],[-117.1238,34.3056],[-117.1239,34.3056],[-117.124,34.3057],[-117.1241,34.3057],[-117.1242,34.3056],[-117.1242,34.3055],[-117.1242,34.3054],[-117.1243,34.3054],[-117.1243,34.3053],[-117.1244,34.3052],[-117.1245,34.3051],[-117.1245,34.305],[-117.1245,34.3049],[-117.1245,34.3048],[-117.1245,34.3047],[-117.1244,34.3047],[-117.1245,34.3047],[-117.1246,34.3046],[-117.1246,34.3045],[-117.1247,34.3045],[-117.1248,34.3045],[-117.125,34.3045],[-117.1251,34.3045],[-117.1252,34.3045],[-117.1253,34.3045],[-117.1254,34.3045],[-117.1255,34.3045],[-117.1256,34.3045],[-117.1256,34.3044],[-117.1257,34.3044],[-117.1257,34.3043],[-117.1258,34.3043],[-117.1259,34.3042],[-117.126,34.3042],[-117.126,34.3041],[-117.1261,34.3041],[-117.1262,34.3041],[-117.1262,34.3042],[-117.1263,34.3042],[-117.1264,34.3042],[-117.1265,34.3042],[-117.1265,34.3041],[-117.1266,34.3041],[-117.1267,34.3041],[-117.1268,34.3041],[-117.1268,34.3042],[-117.1269,34.3042],[-117.127,34.3042],[-117.1271,34.3042],[-117.1271,34.3041],[-117.1272,34.3041],[-117.1273,34.3041],[-117.1273,34.304],[-117.1274,34.304],[-117.1275,34.304],[-117.1275,34.3039],[-117.1276,34.3039],[-117.1277,34.3038],[-117.1278,34.3037],[-117.1278,34.3036],[-117.1278,34.3035],[-117.1277,34.3035],[-117.1277,34.3034],[-117.1276,34.3034],[-117.1276,34.3033],[-117.1275,34.3033],[-117.1275,34.3032],[-117.1274,34.3032],[-117.1273,34.3032],[-117.1272,34.3032],[-117.1272,34.3031],[-117.1271,34.3031],[-117.1272,34.303],[-117.1273,34.303],[-117.1274,34.3029],[-117.1275,34.3028],[-117.1276,34.3028],[-117.1276,34.3027],[-117.1276,34.3026],[-117.1276,34.3025],[-117.1276,34.3024],[-117.1276,34.3023],[-117.1276,34.3022],[-117.1276,34.3021],[-117.1275,34.302],[-117.1274,34.302],[-117.1274,34.3019],[-117.1275,34.3019],[-117.1275,34.3018],[-117.1276,34.3018],[-117.1277,34.3018],[-117.1278,34.3018],[-117.1279,34.3018],[-117.128,34.3019],[-117.1281,34.3019],[-117.1282,34.3019],[-117.1282,34.3018],[-117.1283,34.3017],[-117.1283,34.3016],[-117.1284,34.3015],[-117.1285,34.3014],[-117.1286,34.3013],[-117.1286,34.3012],[-117.1287,34.3012],[-117.1286,34.3011],[-117.1286,34.301],[-117.1285,34.301],[-117.1283,34.3008],[-117.1281,34.3006]]}},{"type":"Feature","properties":{"id":"2W20","name":null,"kind":"trail","access":"green","seasonal":false},"geometry":{"type":"LineString","coordinates":[[-117.0985,34.3664],[-117.0986,34.3665],[-117.0986,34.3666],[-117.0986,34.3667],[-117.0985,34.3668],[-117.0985,34.3669],[-117.0984,34.367],[-117.0983,34.3672],[-117.0983,34.3673],[-117.0982,34.3673],[-117.0982,34.3674],[-117.0981,34.3675]]}}]}