{"type":"FeatureCollection","metadata":{"source":"USFS Motor Vehicle Use Map (MVUM), EDW_MVUM_01","area":"san-gorgonio","bbox":"-117.05,34.08,-116.65,34.22","fetched":"2026-06-28","counts":{"plate":101}},"features":[{"type":"Feature","properties":{"id":"1S42","name":"MOMYER PARKING","kind":"road","access":"plate","seasonal":false},"geometry":{"type":"LineString","coordinates":[[-116.9148,34.0866],[-116.9148,34.0869],[-116.9148,34.087],[-116.9149,34.0872]]}},{"type":"Feature","properties":{"id":"1N12D","name":"CRYSTAL PEAK HELIPORT         ","kind":"road","access":"plate","seasonal":false},"geometry":{"type":"LineString","coordinates":[[-117.0345,34.1234],[-117.0346,34.1235],[-117.0347,34.1235],[-117.0348,34.1236],[-117.0349,34.1236],[-117.035,34.1236],[-117.0351,34.1237],[-117.0352,34.1237],[-117.0353,34.1237],[-117.0354,34.1236],[-117.0355,34.1236],[-117.0356,34.1236],[-117.0357,34.1236],[-117.0358,34.1236],[-117.0359,34.1236],[-117.036,34.1236],[-117.0361,34.1236],[-117.0362,34.1237],[-117.0363,34.1237],[-117.0363,34.1238],[-117.0364,34.1238],[-117.0365,34.1239],[-117.0366,34.124],[-117.0367,34.1242],[-117.0368,34.1242],[-117.0368,34.1243],[-117.0369,34.1243],[-117.037,34.1244],[-117.0371,34.1244],[-117.0372,34.1245],[-117.0374,34.1245],[-117.0375,34.1245],[-117.0376,34.1245],[-117.0377,34.1245],[-117.0378,34.1245],[-117.0379,34.1245],[-117.038,34.1244],[-117.0381,34.1244],[-117.0382,34.1244],[-117.0383,34.1244],[-117.0384,34.1244],[-117.0387,34.1244],[-117.0389,34.1244],[-117.039,34.1244],[-117.0391,34.1245],[-117.0392,34.1245],[-117.0394,34.1245],[-117.0395,34.1245],[-117.0395,34.1246],[-117.0396,34.1246],[-117.0397,34.1246],[-117.0398,34.1246],[-117.0399,34.1246],[-117.04,34.1246],[-117.0401,34.1246],[-117.0402,34.1247],[-117.0404,34.1248]]}},{"type":"Feature","properties":{"id":"1N96YA","name":"CHILDREN'S FOREST TRAILHEAD","kind":"road","access":"plate","seasonal":false},"geometry":{"type":"LineString","coordinates":[[-117.0436,34.2078],[-117.0435,34.2079],[-117.0434,34.208],[-117.0435,34.2081],[-117.0436,34.2081],[-117.044,34.2081],[-117.0441,34.2081],[-117.0441,34.208],[-117.044,34.2079]]}},{"type":"Feature","properties":{"id":"1S03B","name":"FALLS TRAILHEAD","kind":"road","access":"plate","seasonal":false},"geometry":{"type":"LineString","coordinates":[[-116.8938,34.0812],[-116.8937,34.0813],[-116.8936,34.0815],[-116.8935,34.0816],[-116.8934,34.0817],[-116.8934,34.0818],[-116.8934,34.0822],[-116.8934,34.0823],[-116.8935,34.0823],[-116.8936,34.0823],[-116.8936,34.0822],[-116.8936,34.0818],[-116.8936,34.0817],[-116.8935,34.0817],[-116.8935,34.0816]]}},{"type":"Feature","properties":{"id":"1S03C","name":"VIVIAN TRAILHEAD","kind":"road","access":"plate","seasonal":false},"geometry":{"type":"LineString","coordinates":[[-116.8911,34.0817],[-116.891,34.0819],[-116.891,34.082],[-116.8911,34.082],[-116.8912,34.082],[-116.8912,34.0821],[-116.8913,34.0821],[-116.8914,34.082],[-116.8915,34.0819],[-116.8915,34.0818],[-116.8916,34.0813]]}},{"type":"Feature","properties":{"id":"1N02","name":"COON CREEK JUMPOFF","kind":"road","access":"plate","seasonal":false},"geometry":{"type":"LineString","coordinates":[[-116.7858,34.1622],[-116.7857,34.1621],[-116.7857,34.162],[-116.7856,34.162],[-116.7855,34.1619],[-116.7853,34.1619],[-116.7852,34.1619],[-116.7851,34.1618],[-116.785,34.1618],[-116.7849,34.1617],[-116.7849,34.1616],[-116.7849,34.1615],[-116.7849,34.1614],[-116.785,34.1613],[-116.7852,34.1611],[-116.7856,34.1607],[-116.7859,34.1606],[-116.786,34.1605],[-116.786,34.1604],[-116.786,34.1603],[-116.786,34.1602],[-116.7859,34.16],[-116.7859,34.1599],[-116.7858,34.1597],[-116.7856,34.1595],[-116.7855,34.1594],[-116.7854,34.1591],[-116.7853,34.1588],[-116.7851,34.1584],[-116.7849,34.158],[-116.7847,34.1577],[-116.7845,34.1575],[-116.7845,34.1574],[-116.7843,34.1572],[-116.7842,34.1571],[-116.784,34.1569],[-116.7832,34.1563],[-116.7826,34.1559],[-116.7824,34.1557]]}},{"type":"Feature","properties":{"id":"1N04","name":"RADFORD FRONT LINE","kind":"road","access":"plate","seasonal":false},"geometry":{"type":"LineString","coordinates":[[-116.9557,34.1754],[-116.9558,34.1753],[-116.9559,34.1753],[-116.9561,34.1753],[-116.9562,34.1752],[-116.9563,34.1752],[-116.9564,34.1751],[-116.9566,34.175],[-116.9567,34.1749],[-116.9569,34.1747],[-116.957,34.1746],[-116.9571,34.1746],[-116.9572,34.1746],[-116.9573,34.1746],[-116.9574,34.1746],[-116.9575,34.1746],[-116.9577,34.1746],[-116.9579,34.1747],[-116.958,34.1747],[-116.9581,34.1747],[-116.9582,34.1748],[-116.9584,34.1748],[-116.9585,34.1748],[-116.9586,34.1748],[-116.9587,34.1748],[-116.9588,34.1749],[-116.959,34.1749],[-116.9592,34.175],[-116.9595,34.1751],[-116.9597,34.1751],[-116.9598,34.1752]]}},{"type":"Feature","properties":{"id":"1N04","name":"RADFORD FRONT LINE","kind":"road","access":"plate","seasonal":false},"geometry":{"type":"LineString","coordinates":[[-116.8262,34.1706],[-116.8262,34.1708],[-116.8261,34.1708],[-116.8262,34.1709],[-116.8263,34.1709],[-116.8264,34.171],[-116.8267,34.171],[-116.8269,34.171],[-116.8272,34.171],[-116.8276,34.1711],[-116.8277,34.1711],[-116.8278,34.1711],[-116.828,34.1711],[-116.8281,34.1711],[-116.8283,34.1712],[-116.8283,34.1713],[-116.8284,34.1714],[-116.8285,34.1714],[-116.8286,34.1716],[-116.8287,34.1718],[-116.8289,34.1719],[-116.829,34.172],[-116.8291,34.1721],[-116.8292,34.1721],[-116.8294,34.1722],[-116.8296,34.1723],[-116.8298,34.1724],[-116.8299,34.1724],[-116.83,34.1725],[-116.8301,34.1725],[-116.8303,34.1726],[-116.8304,34.1727],[-116.8305,34.1728],[-116.8305,34.1729],[-116.8304,34.173],[-116.8304,34.1731],[-116.8304,34.1732],[-116.8305,34.1732],[-116.8306,34.1732],[-116.8308,34.1731],[-116.8309,34.1731],[-116.831,34.1731],[-116.8312,34.1731],[-116.8313,34.1732],[-116.8314,34.1732],[-116.8315,34.1732],[-116.8317,34.1732],[-116.8318,34.1732],[-116.8319,34.1732],[-116.832,34.1732],[-116.8321,34.1732],[-116.8323,34.1732],[-116.8324,34.1732],[-116.8325,34.1733],[-116.8326,34.1733],[-116.8327,34.1733],[-116.8327,34.1734],[-116.8328,34.1735],[-116.8329,34.1736],[-116.8329,34.1737],[-116.8329,34.1738],[-116.833,34.1738],[-116.8331,34.1738],[-116.8333,34.1739],[-116.8334,34.1739],[-116.8335,34.1739],[-116.8335,34.174],[-116.8336,34.1741],[-116.8337,34.1741],[-116.8338,34.1741],[-116.834,34.1742],[-116.8342,34.1742],[-116.8344,34.1742],[-116.8345,34.1743],[-116.8346,34.1743],[-116.8347,34.1743],[-116.8348,34.1744],[-116.8349,34.1744],[-116.835,34.1745],[-116.8351,34.1745],[-116.8352,34.1745],[-116.8353,34.1745],[-116.8354,34.1745],[-116.8355,34.1746],[-116.8356,34.1747],[-116.8357,34.1748],[-116.8358,34.1749],[-116.8359,34.1749],[-116.836,34.1749],[-116.8361,34.175],[-116.8362,34.175],[-116.8363,34.1751],[-116.8364,34.1752],[-116.8365,34.1753],[-116.8366,34.1754],[-116.8367,34.1755],[-116.8368,34.1755],[-116.837,34.1756],[-116.8371,34.1756],[-116.8372,34.1756],[-116.8374,34.1757],[-116.8375,34.1757],[-116.8376,34.1757],[-116.8377,34.1757],[-116.8379,34.1757],[-116.838,34.1757],[-116.8381,34.1757],[-116.8382,34.1756],[-116.8383,34.1756],[-116.8384,34.1757],[-116.8386,34.1757],[-116.8387,34.1757],[-116.8388,34.1757],[-116.839,34.1757],[-116.8392,34.1758],[-116.8393,34.1758],[-116.8394,34.1758],[-116.8394,34.1759],[-116.8395,34.1759],[-116.8395,34.176],[-116.8395,34.1761],[-116.8396,34.1762],[-116.8397,34.1763],[-116.8398,34.1764],[-116.8398,34.1765],[-116.8398,34.1766],[-116.8399,34.1767],[-116.84,34.1768],[-116.8401,34.1768],[-116.8402,34.1769],[-116.8403,34.1769],[-116.8404,34.177],[-116.8405,34.1771],[-116.8406,34.1771],[-116.8406,34.1772],[-116.8407,34.1772],[-116.8408,34.1772],[-116.8409,34.1772],[-116.841,34.1772],[-116.841,34.1773],[-116.8411,34.1774],[-116.8411,34.1775],[-116.8412,34.1777],[-116.8413,34.1778],[-116.8414,34.1778],[-116.8416,34.1779],[-116.8417,34.1779],[-116.8418,34.1779],[-116.8419,34.1779],[-116.842,34.1779],[-116.8421,34.1779],[-116.8422,34.1779],[-116.8424,34.1779],[-116.8425,34.1778],[-116.8426,34.1778],[-116.8428,34.1778],[-116.843,34.1779],[-116.8432,34.1779],[-116.8435,34.178],[-116.8438,34.1781],[-116.844,34.1782],[-116.8442,34.1782],[-116.8444,34.1783],[-116.8444,34.1784],[-116.8446,34.1785],[-116.8447,34.1785],[-116.8447,34.1786],[-116.8449,34.1786],[-116.845,34.1787],[-116.8451,34.1787],[-116.8452,34.1788],[-116.8453,34.1789],[-116.8454,34.1789],[-116.8455,34.179],[-116.8455,34.1791],[-116.8457,34.1793],[-116.8458,34.1795],[-116.846,34.1797],[-116.8461,34.1799],[-116.8461,34.18],[-116.8462,34.1802],[-116.8462,34.1803],[-116.8463,34.1804],[-116.8464,34.1805],[-116.8465,34.1805],[-116.8466,34.1806],[-116.8467,34.1807],[-116.8468,34.1808],[-116.8469,34.1809],[-116.847,34.181],[-116.8471,34.1811],[-116.8472,34.1811],[-116.8474,34.1811],[-116.8475,34.1812],[-116.8476,34.1812],[-116.8477,34.1813],[-116.8479,34.1813],[-116.848,34.1814],[-116.8481,34.1815],[-116.8482,34.1815],[-116.8483,34.1816],[-116.8483,34.1817],[-116.8484,34.1817],[-116.8484,34.1818],[-116.8485,34.1819],[-116.8486,34.1819],[-116.8487,34.182],[-116.8489,34.182],[-116.8491,34.1821],[-116.8492,34.1822],[-116.8494,34.1822],[-116.8496,34.1823],[-116.8497,34.1823],[-116.8499,34.1824],[-116.85,34.1825],[-116.8501,34.1825],[-116.8504,34.1826],[-116.8505,34.1827],[-116.8506,34.1827],[-116.8507,34.1828],[-116.8508,34.1828],[-116.8509,34.1828],[-116.851,34.1828],[-116.8511,34.1828],[-116.8512,34.1829],[-116.8513,34.1829],[-116.8515,34.1829],[-116.8516,34.1829],[-116.8518,34.1829],[-116.8519,34.1829],[-116.852,34.1829],[-116.8521,34.183],[-116.8522,34.183],[-116.8524,34.183],[-116.8525,34.1831],[-116.8526,34.1831],[-116.8527,34.1831],[-116.8528,34.1831],[-116.8529,34.1831],[-116.853,34.1832],[-116.8531,34.1832],[-116.8533,34.1833],[-116.8534,34.1833],[-116.8537,34.1833],[-116.8539,34.1834],[-116.8541,34.1834],[-116.8542,34.1834],[-116.8544,34.1834],[-116.8545,34.1835],[-116.8546,34.1835],[-116.8547,34.1835],[-116.8548,34.1835],[-116.8549,34.1835],[-116.8551,34.1836],[-116.8553,34.1836],[-116.8554,34.1836],[-116.8556,34.1837],[-116.8558,34.1837],[-116.8559,34.1837],[-116.8562,34.1837],[-116.8563,34.1837],[-116.8565,34.1837],[-116.8566,34.1837],[-116.8567,34.1838],[-116.8568,34.1837],[-116.857,34.1837],[-116.8571,34.1837],[-116.8572,34.1837],[-116.8572,34.1836],[-116.8574,34.1835],[-116.8575,34.1834],[-116.8576,34.1833],[-116.8578,34.1833],[-116.8579,34.1832],[-116.8581,34.1831],[-116.8583,34.1831],[-116.8584,34.1831],[-116.8585,34.1831],[-116.8586,34.1831],[-116.8587,34.1831],[-116.8588,34.1831],[-116.8589,34.1831],[-116.8591,34.1832],[-116.8592,34.1832],[-116.8593,34.1831],[-116.8596,34.1832],[-116.8598,34.1832],[-116.8601,34.1832],[-116.8603,34.1832],[-116.8604,34.1832],[-116.8607,34.1833],[-116.8609,34.1834],[-116.861,34.1834]]}},{"type":"Feature","properties":{"id":"1N04","name":"RADFORD FRONT LINE","kind":"road","access":"plate","seasonal":false},"geometry":{"type":"LineString","coordinates":[[-116.861,34.1834],[-116.8613,34.1835],[-116.8615,34.1835],[-116.8617,34.1835],[-116.8619,34.1836],[-116.862,34.1836],[-116.8621,34.1837],[-116.8624,34.1839],[-116.8626,34.184],[-116.8628,34.1841],[-116.863,34.1841],[-116.8632,34.1842],[-116.8634,34.1843],[-116.8635,34.1844],[-116.8636,34.1844],[-116.8637,34.1844],[-116.8638,34.1845],[-116.8639,34.1845],[-116.864,34.1845],[-116.8642,34.1845],[-116.8643,34.1844],[-116.8645,34.1844],[-116.8647,34.1844],[-116.8647,34.1845],[-116.8648,34.1845],[-116.8649,34.1846],[-116.865,34.1846],[-116.865,34.1847],[-116.8652,34.1847],[-116.8654,34.1848],[-116.8655,34.1849],[-116.8657,34.185]]}},{"type":"Feature","properties":{"id":"1N04","name":"RADFORD FRONT LINE","kind":"road","access":"plate","seasonal":false},"geometry":{"type":"LineString","coordinates":[[-116.8657,34.185],[-116.8658,34.185],[-116.8659,34.185],[-116.866,34.185],[-116.8662,34.185],[-116.8663,34.1851],[-116.8665,34.1851],[-116.8666,34.1851],[-116.8668,34.1852],[-116.867,34.1853],[-116.8671,34.1853],[-116.8672,34.1853],[-116.8673,34.1853],[-116.8674,34.1854],[-116.8676,34.1854],[-116.8677,34.1854],[-116.8678,34.1854],[-116.8679,34.1854],[-116.868,34.1855],[-116.8681,34.1855],[-116.8683,34.1854],[-116.8684,34.1854],[-116.8685,34.1854],[-116.8686,34.1853],[-116.8688,34.1853],[-116.869,34.1852],[-116.8691,34.1852],[-116.8692,34.1852],[-116.8693,34.1853],[-116.8694,34.1853],[-116.8697,34.1854],[-116.8698,34.1854],[-116.87,34.1855],[-116.8701,34.1855],[-116.8703,34.1855],[-116.8707,34.1854],[-116.8709,34.1854],[-116.8712,34.1854],[-116.8715,34.1854],[-116.8716,34.1853],[-116.8717,34.1853],[-116.8718,34.1853],[-116.8719,34.1853],[-116.872,34.1854],[-116.872,34.1855],[-116.872,34.1856],[-116.872,34.1857],[-116.872,34.1858],[-116.872,34.1859],[-116.872,34.186],[-116.8719,34.186],[-116.8718,34.1861],[-116.8717,34.1861],[-116.8716,34.1862],[-116.8715,34.1863],[-116.8715,34.1864],[-116.8716,34.1865],[-116.8716,34.1866],[-116.8717,34.1866],[-116.8718,34.1866],[-116.8719,34.1866],[-116.872,34.1866],[-116.8722,34.1866],[-116.8723,34.1865],[-116.8725,34.1864],[-116.8726,34.1863],[-116.8727,34.1863],[-116.8727,34.1862],[-116.8728,34.1862],[-116.8728,34.1861],[-116.8729,34.1859],[-116.873,34.1858],[-116.8731,34.1856],[-116.8732,34.1856],[-116.8733,34.1856],[-116.8734,34.1856],[-116.8736,34.1856],[-116.8737,34.1856],[-116.8738,34.1856],[-116.8739,34.1856],[-116.8741,34.1857],[-116.8742,34.1857],[-116.8743,34.1857],[-116.8745,34.1857],[-116.8746,34.1857],[-116.8748,34.1857],[-116.8749,34.1857],[-116.875,34.1857],[-116.8752,34.1857],[-116.8753,34.1857],[-116.8754,34.1856],[-116.8758,34.1856],[-116.876,34.1855],[-116.8762,34.1855],[-116.8764,34.1854],[-116.8766,34.1854],[-116.8768,34.1854],[-116.8769,34.1854],[-116.8773,34.1853],[-116.8774,34.1853],[-116.8775,34.1852],[-116.8777,34.1852],[-116.8779,34.1852],[-116.8781,34.1852],[-116.8782,34.1852],[-116.8784,34.1853],[-116.8786,34.1853],[-116.8787,34.1853],[-116.8789,34.1854],[-116.8792,34.1854],[-116.8794,34.1854],[-116.8795,34.1855],[-116.8797,34.1855],[-116.8798,34.1856],[-116.88,34.1856],[-116.8801,34.1857],[-116.8802,34.1857],[-116.8803,34.1858],[-116.8804,34.1858],[-116.8804,34.1859],[-116.8804,34.186],[-116.8804,34.1861],[-116.8804,34.1862],[-116.8803,34.1862],[-116.8803,34.1863],[-116.8803,34.1864],[-116.8803,34.1865],[-116.8804,34.1865],[-116.8804,34.1867],[-116.8804,34.1868],[-116.8804,34.1869],[-116.8804,34.187],[-116.8804,34.1871],[-116.8804,34.1872],[-116.8805,34.1872],[-116.8806,34.1872],[-116.8807,34.1872],[-116.8808,34.1871],[-116.8809,34.187],[-116.881,34.187],[-116.8811,34.1869],[-116.8812,34.1868],[-116.8812,34.1867],[-116.8813,34.1866],[-116.8815,34.1866],[-116.8817,34.1865],[-116.8818,34.1865],[-116.8819,34.1864],[-116.882,34.1864],[-116.8821,34.1865],[-116.8822,34.1865],[-116.8823,34.1866],[-116.8825,34.1866],[-116.8826,34.1867],[-116.8827,34.1867],[-116.8828,34.1868],[-116.8829,34.1868],[-116.883,34.1868],[-116.8831,34.1868],[-116.8833,34.1868],[-116.8835,34.1869],[-116.8836,34.1869],[-116.8837,34.1869],[-116.8838,34.1869],[-116.8838,34.187],[-116.8839,34.187],[-116.884,34.1871],[-116.884,34.1872],[-116.884,34.1873],[-116.8841,34.1874],[-116.8842,34.1875],[-116.8843,34.1875],[-116.8843,34.1876],[-116.8844,34.1876],[-116.8844,34.1877],[-116.8843,34.1878],[-116.8844,34.1878],[-116.8844,34.1879],[-116.8845,34.1879],[-116.8846,34.1878],[-116.8847,34.1878],[-116.8848,34.1878],[-116.8849,34.1878],[-116.885,34.1878],[-116.8852,34.1878],[-116.8854,34.1878],[-116.8856,34.1879],[-116.8857,34.1879],[-116.8858,34.188],[-116.8858,34.1881],[-116.8858,34.1882],[-116.8859,34.1882],[-116.8859,34.1883],[-116.886,34.1883],[-116.8861,34.1884],[-116.8862,34.1884],[-116.8863,34.1885],[-116.8864,34.1885],[-116.8865,34.1885],[-116.8865,34.1884],[-116.8866,34.1884],[-116.8867,34.1883],[-116.8868,34.1883],[-116.8869,34.1883],[-116.887,34.1883],[-116.8872,34.1883],[-116.8873,34.1883],[-116.8874,34.1883],[-116.8875,34.1884],[-116.8877,34.1885],[-116.8879,34.1886],[-116.8882,34.1887],[-116.8884,34.1888],[-116.8885,34.1889],[-116.8885,34.189],[-116.8885,34.1891],[-116.8886,34.1891],[-116.8886,34.1892],[-116.8886,34.1893],[-116.8887,34.1894],[-116.8888,34.1894],[-116.8888,34.1895],[-116.8889,34.1895],[-116.889,34.1894],[-116.8893,34.1894],[-116.8894,34.1893],[-116.8895,34.1893],[-116.8896,34.1893],[-116.8897,34.1893],[-116.8897,34.1894],[-116.8898,34.1894],[-116.8898,34.1895],[-116.8898,34.1896],[-116.8898,34.1897],[-116.8899,34.1897],[-116.8899,34.1898],[-116.89,34.1898],[-116.8901,34.1897],[-116.8902,34.1897],[-116.8903,34.1896],[-116.8904,34.1896],[-116.8905,34.1897],[-116.8906,34.1897],[-116.8908,34.1897],[-116.891,34.1897],[-116.8912,34.1898],[-116.8914,34.1898],[-116.8915,34.1898],[-116.8916,34.1898],[-116.8917,34.1898],[-116.8919,34.1897],[-116.892,34.1896],[-116.8921,34.1896],[-116.8922,34.1896],[-116.8923,34.1896],[-116.8924,34.1897],[-116.8926,34.1897],[-116.8927,34.1897],[-116.8928,34.1897],[-116.8929,34.1897],[-116.893,34.1896],[-116.8931,34.1895],[-116.8932,34.1895],[-116.8933,34.1895],[-116.8934,34.1895],[-116.8935,34.1895],[-116.8936,34.1895],[-116.8937,34.1894],[-116.8938,34.1894],[-116.894,34.1893],[-116.8941,34.1893],[-116.8942,34.1894],[-116.8943,34.1894],[-116.8945,34.1894],[-116.8946,34.1895],[-116.8947,34.1896],[-116.8948,34.1897],[-116.8949,34.1898],[-116.8949,34.1899],[-116.8949,34.19],[-116.8948,34.1902],[-116.8948,34.1903],[-116.8948,34.1904],[-116.8949,34.1904],[-116.895,34.1905],[-116.8951,34.1905],[-116.8953,34.1906],[-116.8954,34.1906],[-116.8955,34.1906],[-116.8956,34.1906],[-116.8957,34.1906],[-116.8958,34.1906],[-116.8959,34.1905],[-116.896,34.1904],[-116.8961,34.1903],[-116.8962,34.1902],[-116.8964,34.1901],[-116.8967,34.19],[-116.8969,34.1899],[-116.897,34.1898],[-116.8972,34.1898],[-116.8973,34.1897],[-116.8974,34.1897],[-116.8975,34.1896],[-116.8976,34.1895],[-116.8978,34.1894],[-116.8979,34.1893],[-116.898,34.1893],[-116.898,34.1892],[-116.8981,34.1892],[-116.8982,34.1892],[-116.8983,34.1893],[-116.8984,34.1895],[-116.8985,34.1898],[-116.8986,34.19],[-116.8987,34.1902],[-116.8988,34.1904],[-116.8988,34.1906],[-116.8988,34.1907],[-116.8989,34.1909],[-116.8989,34.1911],[-116.899,34.1914],[-116.899,34.1915],[-116.8991,34.1915],[-116.8991,34.1916],[-116.8992,34.1917],[-116.8993,34.1917],[-116.8995,34.1919],[-116.8996,34.192],[-116.8998,34.192],[-116.8999,34.1921],[-116.9001,34.1922],[-116.9003,34.1923],[-116.9005,34.1924],[-116.9007,34.1926],[-116.9009,34.1927],[-116.901,34.1928],[-116.9011,34.1929],[-116.9012,34.193],[-116.9014,34.1931],[-116.9016,34.1931],[-116.9017,34.1932],[-116.9019,34.1932],[-116.902,34.1933],[-116.9022,34.1934],[-116.9023,34.1934],[-116.9024,34.1935],[-116.9025,34.1936],[-116.9026,34.1937],[-116.9027,34.1937],[-116.9028,34.1938],[-116.903,34.1939],[-116.9031,34.194],[-116.9033,34.194],[-116.9035,34.1941],[-116.9035,34.1942],[-116.9036,34.1942],[-116.9037,34.1942],[-116.9037,34.1943],[-116.9038,34.1944],[-116.9039,34.1944],[-116.904,34.1946],[-116.9041,34.1946],[-116.9042,34.1946],[-116.9043,34.1947],[-116.9044,34.1947],[-116.9045,34.1946],[-116.9046,34.1946],[-116.9047,34.1945],[-116.9048,34.1944],[-116.9049,34.1943],[-116.9049,34.1942],[-116.905,34.1941],[-116.9051,34.194],[-116.9052,34.1939],[-116.9053,34.1938],[-116.9054,34.1938],[-116.9055,34.1937],[-116.9056,34.1937],[-116.9057,34.1938],[-116.9058,34.1938],[-116.9058,34.1939],[-116.9058,34.194],[-116.9058,34.1941],[-116.9058,34.1942],[-116.9058,34.1943],[-116.9058,34.1944],[-116.9058,34.1945],[-116.9059,34.1946],[-116.9059,34.1947],[-116.9059,34.1948],[-116.906,34.1948],[-116.9061,34.1948],[-116.9062,34.1947],[-116.9063,34.1946],[-116.9064,34.1945],[-116.9065,34.1945],[-116.9066,34.1944],[-116.9067,34.1944],[-116.9068,34.1943],[-116.9069,34.1943],[-116.907,34.1944],[-116.9071,34.1945],[-116.9072,34.1945],[-116.9072,34.1946],[-116.9073,34.1946],[-116.9074,34.1946],[-116.9075,34.1946],[-116.9076,34.1946],[-116.9076,34.1947],[-116.9077,34.1947],[-116.9078,34.1947],[-116.9079,34.1948],[-116.9081,34.1948],[-116.9082,34.1949],[-116.9085,34.195],[-116.9086,34.1951],[-116.9087,34.1952],[-116.9088,34.1952],[-116.9089,34.1953],[-116.9091,34.1954],[-116.9092,34.1953],[-116.9094,34.1952],[-116.9095,34.1952],[-116.9097,34.1951],[-116.9099,34.195],[-116.91,34.1949],[-116.9101,34.1949],[-116.9102,34.1949],[-116.9104,34.1949],[-116.9107,34.1948],[-116.9109,34.1947],[-116.9111,34.1947],[-116.9112,34.1947],[-116.9114,34.1947],[-116.9115,34.1947],[-116.9117,34.1947],[-116.9118,34.1947],[-116.9119,34.1947],[-116.9121,34.1947],[-116.9123,34.1947],[-116.9125,34.1947],[-116.9129,34.1947],[-116.9132,34.1947],[-116.9133,34.1947],[-116.9134,34.1947],[-116.9135,34.1947],[-116.9136,34.1947],[-116.9137,34.1947],[-116.9138,34.1947],[-116.9139,34.1947],[-116.914,34.1947],[-116.914,34.1946],[-116.9141,34.1946],[-116.9142,34.1945],[-116.9143,34.1945],[-116.9144,34.1944],[-116.9145,34.1944],[-116.9147,34.1945],[-116.9147,34.1946],[-116.9148,34.1946],[-116.9149,34.1946],[-116.915,34.1946],[-116.9151,34.1946],[-116.9152,34.1945],[-116.9153,34.1945],[-116.9153,34.1944],[-116.9154,34.1943],[-116.9156,34.1943],[-116.9157,34.1943],[-116.9157,34.1942],[-116.9158,34.1942],[-116.916,34.1942],[-116.9161,34.1942],[-116.9162,34.1942],[-116.9163,34.1943],[-116.9164,34.1943],[-116.9165,34.1943],[-116.9166,34.1943],[-116.9167,34.1943],[-116.9169,34.1942],[-116.917,34.1942],[-116.9172,34.1941],[-116.9173,34.1941],[-116.9174,34.1941],[-116.9175,34.1941],[-116.9177,34.1941],[-116.9179,34.1941],[-116.918,34.1941],[-116.9181,34.1941],[-116.9182,34.1941],[-116.9183,34.1942],[-116.9185,34.1943],[-116.9187,34.1944],[-116.9188,34.1944],[-116.9189,34.1945],[-116.919,34.1945],[-116.9191,34.1946],[-116.9191,34.1947],[-116.9191,34.1948],[-116.9192,34.1948],[-116.9192,34.1949],[-116.9193,34.195],[-116.9193,34.1951],[-116.9194,34.1952],[-116.9194,34.1953],[-116.9194,34.1954],[-116.9194,34.1955],[-116.9195,34.1955],[-116.9195,34.1956],[-116.9196,34.1956],[-116.9196,34.1957],[-116.9197,34.1957],[-116.9198,34.1957],[-116.9199,34.1957],[-116.92,34.1956],[-116.92,34.1955],[-116.92,34.1954],[-116.92,34.1953],[-116.92,34.1952],[-116.92,34.1951],[-116.92,34.195],[-116.9201,34.195],[-116.9202,34.1949],[-116.9203,34.1949],[-116.9204,34.1948],[-116.9205,34.1948],[-116.9205,34.1947],[-116.9206,34.1947],[-116.9206,34.1946],[-116.9207,34.1946],[-116.9207,34.1945],[-116.9208,34.1945],[-116.9208,34.1944],[-116.9209,34.1945],[-116.921,34.1945],[-116.921,34.1946],[-116.9211,34.1946],[-116.9212,34.1946],[-116.9213,34.1947],[-116.9214,34.1947],[-116.9216,34.1947],[-116.9218,34.1947],[-116.922,34.1948],[-116.9222,34.1948],[-116.9224,34.1948],[-116.9225,34.1949],[-116.9227,34.1949],[-116.9229,34.195],[-116.923,34.1951],[-116.9231,34.1951],[-116.9232,34.1951],[-116.9233,34.1951],[-116.9234,34.195],[-116.9235,34.195],[-116.9236,34.195],[-116.9237,34.195],[-116.9238,34.195],[-116.9238,34.1951],[-116.9239,34.1951],[-116.9239,34.1952],[-116.924,34.1952],[-116.9241,34.1952],[-116.9243,34.1953],[-116.9244,34.1953],[-116.9246,34.1954],[-116.9248,34.1955],[-116.9249,34.1956],[-116.925,34.1956],[-116.9251,34.1957],[-116.9252,34.1957],[-116.9253,34.1957],[-116.9254,34.1957],[-116.9255,34.1957],[-116.9255,34.1958],[-116.9256,34.1958],[-116.9257,34.1959],[-116.9258,34.1959],[-116.9259,34.1959],[-116.926,34.1959],[-116.9262,34.1959],[-116.9264,34.1959],[-116.9266,34.1958],[-116.9267,34.1958],[-116.9268,34.1957],[-116.9269,34.1956],[-116.927,34.1955],[-116.9271,34.1955],[-116.9272,34.1955],[-116.9273,34.1954],[-116.9274,34.1953],[-116.9275,34.1953],[-116.9276,34.1953],[-116.9277,34.1953],[-116.9277,34.1954],[-116.9278,34.1955],[-116.9279,34.1955],[-116.928,34.1955],[-116.9281,34.1954],[-116.9282,34.1953],[-116.9283,34.1951],[-116.9283,34.195],[-116.9284,34.1949],[-116.9285,34.1948],[-116.9289,34.1944],[-116.9292,34.1939],[-116.9294,34.1937],[-116.9295,34.1936],[-116.9295,34.1935],[-116.9296,34.1934],[-116.9297,34.1933],[-116.9298,34.1932],[-116.9299,34.1932],[-116.93,34.193],[-116.9301,34.1929],[-116.9302,34.1928],[-116.9303,34.1927],[-116.9305,34.1926],[-116.9306,34.1925],[-116.9307,34.1924],[-116.9309,34.1924],[-116.931,34.1924],[-116.9311,34.1923],[-116.9312,34.1923],[-116.9314,34.1923],[-116.9316,34.1922],[-116.9319,34.1921],[-116.9321,34.1921],[-116.9322,34.192],[-116.9323,34.192],[-116.9323,34.1921],[-116.9324,34.1921],[-116.9325,34.1921],[-116.9326,34.1921],[-116.9326,34.192],[-116.9326,34.1919],[-116.9326,34.1918],[-116.9326,34.1917],[-116.9325,34.1916],[-116.9325,34.1915],[-116.9325,34.1914],[-116.9325,34.1913],[-116.9326,34.1912],[-116.9326,34.1911],[-116.9326,34.191],[-116.9327,34.191],[-116.9328,34.1909],[-116.9329,34.1908],[-116.933,34.1907],[-116.933,34.1906],[-116.9331,34.1905],[-116.9332,34.1904],[-116.9332,34.1903],[-116.9333,34.1902],[-116.9335,34.19],[-116.9336,34.1898],[-116.9338,34.1897],[-116.9338,34.1896],[-116.9338,34.1895],[-116.9338,34.1894],[-116.9338,34.1893],[-116.9338,34.1892],[-116.9338,34.1891],[-116.9338,34.189],[-116.9339,34.1889],[-116.934,34.1887],[-116.9341,34.1886],[-116.9342,34.1885],[-116.9344,34.1883],[-116.9345,34.1881],[-116.9347,34.1879],[-116.9349,34.1876],[-116.9351,34.1872],[-116.9353,34.1869],[-116.9358,34.1863],[-116.936,34.186],[-116.9362,34.1857],[-116.9364,34.1853],[-116.9367,34.1849],[-116.9369,34.1847],[-116.937,34.1846],[-116.937,34.1845],[-116.9371,34.1845],[-116.9373,34.1844],[-116.9374,34.1844],[-116.9375,34.1844],[-116.9377,34.1844],[-116.9378,34.1844],[-116.9379,34.1844],[-116.9381,34.1845],[-116.9382,34.1845],[-116.9383,34.1846],[-116.9384,34.1846],[-116.9385,34.1846],[-116.9386,34.1846],[-116.9387,34.1846],[-116.9388,34.1847],[-116.9389,34.1848],[-116.939,34.1849],[-116.939,34.185],[-116.9391,34.185],[-116.9391,34.1851],[-116.9392,34.1852],[-116.9393,34.1852],[-116.9393,34.1853],[-116.9394,34.1853],[-116.9394,34.1854],[-116.9394,34.1855],[-116.9394,34.1856],[-116.9395,34.1856],[-116.9395,34.1857],[-116.9397,34.1858],[-116.9399,34.186],[-116.9401,34.1861],[-116.9401,34.1862],[-116.9402,34.1862],[-116.9402,34.1863],[-116.9403,34.1864],[-116.9404,34.1866],[-116.9404,34.1867],[-116.9405,34.1868],[-116.9405,34.1869],[-116.9406,34.1869],[-116.9407,34.187],[-116.9408,34.187],[-116.9409,34.187],[-116.941,34.1871],[-116.9411,34.1871],[-116.9412,34.187],[-116.9413,34.1869],[-116.9415,34.1868],[-116.9415,34.1866],[-116.9416,34.1865],[-116.9416,34.1864],[-116.9417,34.1863],[-116.9417,34.1862],[-116.9418,34.1861],[-116.9419,34.186],[-116.9419,34.1859],[-116.9419,34.1858],[-116.9419,34.1857],[-116.9419,34.1856],[-116.9419,34.1855],[-116.9419,34.1854],[-116.9419,34.1853],[-116.9419,34.1851],[-116.9419,34.185],[-116.942,34.1849],[-116.9421,34.1848],[-116.9423,34.1847],[-116.9424,34.1845],[-116.9425,34.1844],[-116.9426,34.1843],[-116.9427,34.1842],[-116.9428,34.184],[-116.9428,34.1839],[-116.9429,34.1839],[-116.943,34.1839],[-116.9431,34.1839],[-116.9431,34.184],[-116.9432,34.1841],[-116.9433,34.1842],[-116.9434,34.1842],[-116.9435,34.1843],[-116.9436,34.1843],[-116.9437,34.1843],[-116.9438,34.1843],[-116.9439,34.1843],[-116.944,34.1843],[-116.9441,34.1843],[-116.9442,34.1843],[-116.9443,34.1844],[-116.9444,34.1844],[-116.9444,34.1843],[-116.9445,34.1842],[-116.9446,34.1842],[-116.9447,34.1841],[-116.9448,34.1841],[-116.9449,34.1841],[-116.945,34.1841],[-116.9451,34.184],[-116.9452,34.184],[-116.9452,34.1839],[-116.9452,34.1838],[-116.9452,34.1837],[-116.9452,34.1836],[-116.9453,34.1835],[-116.9454,34.1835],[-116.9455,34.1835],[-116.9456,34.1835],[-116.9457,34.1835],[-116.9458,34.1835],[-116.9459,34.1834],[-116.946,34.1834],[-116.9462,34.1833],[-116.9465,34.1831],[-116.9467,34.183],[-116.9468,34.183],[-116.9469,34.183],[-116.947,34.183],[-116.9471,34.183],[-116.9472,34.183],[-116.9474,34.183],[-116.9475,34.183],[-116.9476,34.183],[-116.9477,34.183],[-116.9477,34.1829],[-116.9478,34.1829],[-116.9479,34.1828],[-116.948,34.1828],[-116.9481,34.1828],[-116.9482,34.1827],[-116.9483,34.1827],[-116.9484,34.1827],[-116.9484,34.1826],[-116.9485,34.1826],[-116.9485,34.1825],[-116.9484,34.1824],[-116.9483,34.1823],[-116.9482,34.1821],[-116.948,34.182],[-116.9478,34.1818],[-116.9478,34.1817],[-116.9477,34.1817],[-116.9477,34.1816],[-116.9477,34.1815],[-116.9477,34.1814],[-116.9476,34.1814],[-116.9475,34.1813],[-116.9474,34.1813],[-116.9473,34.1813],[-116.9472,34.1812],[-116.9471,34.1812],[-116.947,34.1811],[-116.9469,34.181],[-116.9467,34.1809],[-116.9466,34.1809],[-116.9466,34.1808],[-116.9465,34.1807],[-116.9465,34.1806],[-116.9464,34.1805],[-116.9464,34.1804],[-116.9464,34.1803],[-116.9466,34.1802],[-116.9467,34.1802],[-116.9468,34.1802],[-116.947,34.1801],[-116.9472,34.1801],[-116.9475,34.18],[-116.9478,34.1799],[-116.9479,34.1799],[-116.948,34.1798],[-116.9481,34.1797],[-116.9482,34.1797],[-116.9483,34.1795],[-116.9484,34.1794],[-116.9485,34.1792],[-116.9486,34.1791],[-116.9487,34.179],[-116.9488,34.1789],[-116.9489,34.1788],[-116.949,34.1787],[-116.949,34.1786],[-116.9491,34.1785],[-116.9493,34.1785],[-116.9494,34.1785],[-116.9495,34.1785],[-116.9496,34.1785],[-116.9497,34.1785],[-116.9498,34.1785],[-116.9498,34.1784],[-116.9499,34.1784],[-116.95,34.1783],[-116.9501,34.1782],[-116.9502,34.1781],[-116.9503,34.1781],[-116.9504,34.1781],[-116.9505,34.1781],[-116.9506,34.178],[-116.9507,34.178],[-116.9508,34.1779],[-116.9509,34.1778],[-116.951,34.1778],[-116.9511,34.1777],[-116.9511,34.1776]]}},{"type":"Feature","properties":{"id":"1N04","name":"RADFORD FRONT LINE","kind":"road","access":"plate","seasonal":false},"geometry":{"type":"LineString","coordinates":[[-116.9511,34.1776],[-116.9512,34.1776],[-116.9513,34.1776],[-116.9514,34.1777],[-116.9516,34.1777],[-116.9517,34.1778],[-116.9518,34.1778],[-116.9518,34.1779],[-116.9519,34.1779],[-116.952,34.178],[-116.952,34.1781],[-116.9521,34.1782],[-116.9522,34.1782],[-116.9523,34.1782],[-116.9524,34.1782],[-116.9525,34.1781],[-116.9526,34.178],[-116.9527,34.1779],[-116.9527,34.1778],[-116.9529,34.1777],[-116.953,34.1776],[-116.953,34.1775],[-116.953,34.1774],[-116.953,34.1773],[-116.953,34.1772],[-116.9531,34.1771],[-116.9532,34.177],[-116.9533,34.1769],[-116.9534,34.1767],[-116.9536,34.1766],[-116.9538,34.1765],[-116.9539,34.1765],[-116.9541,34.1765],[-116.9543,34.1765],[-116.9544,34.1764],[-116.9545,34.1764],[-116.9545,34.1763],[-116.9545,34.1762],[-116.9545,34.1761],[-116.9544,34.1761],[-116.9544,34.176],[-116.9544,34.1759],[-116.9544,34.1758],[-116.9545,34.1758],[-116.9546,34.1758],[-116.9547,34.1757],[-116.9548,34.1757],[-116.9549,34.1757],[-116.9551,34.1756],[-116.9552,34.1756],[-116.9553,34.1756],[-116.9554,34.1755],[-116.9555,34.1755],[-116.9557,34.1754]]}},{"type":"Feature","properties":{"id":"2N01","name":"BROOM FLATS","kind":"road","access":"plate","seasonal":false},"geometry":{"type":"LineString","coordinates":[[-116.738,34.2073],[-116.7379,34.2074],[-116.7378,34.2074],[-116.7377,34.2075],[-116.7375,34.2075],[-116.7373,34.2075],[-116.7372,34.2076],[-116.7371,34.2076],[-116.7369,34.2076],[-116.7368,34.2076],[-116.7367,34.2076],[-116.7366,34.2075],[-116.7365,34.2075],[-116.7364,34.2076],[-116.7363,34.2076],[-116.7362,34.2076],[-116.7361,34.2076],[-116.7359,34.2076],[-116.7357,34.2076],[-116.7355,34.2076],[-116.7354,34.2076],[-116.7353,34.2076],[-116.7352,34.2076],[-116.7351,34.2076],[-116.735,34.2075],[-116.7349,34.2075],[-116.7348,34.2074],[-116.7347,34.2074],[-116.7345,34.2075],[-116.7344,34.2075],[-116.7343,34.2075],[-116.7342,34.2075],[-116.7341,34.2075],[-116.734,34.2074],[-116.734,34.2073],[-116.7339,34.2073],[-116.7338,34.2072],[-116.7338,34.2071],[-116.7337,34.2071],[-116.7336,34.2072],[-116.7335,34.2072],[-116.7335,34.2073],[-116.7334,34.2073],[-116.7332,34.2073],[-116.7331,34.2073],[-116.733,34.2073],[-116.7329,34.2073],[-116.7327,34.2073],[-116.7325,34.2074],[-116.7323,34.2074],[-116.7322,34.2074],[-116.7321,34.2074],[-116.732,34.2073],[-116.7319,34.2073],[-116.7318,34.2073],[-116.7317,34.2073],[-116.7316,34.2073],[-116.7315,34.2073],[-116.7314,34.2073],[-116.7312,34.2073],[-116.7311,34.2072],[-116.731,34.2072],[-116.7309,34.2072],[-116.7309,34.2071],[-116.7308,34.2071],[-116.7307,34.2071],[-116.7306,34.2071],[-116.7305,34.2071],[-116.7304,34.2071],[-116.7303,34.2071],[-116.7302,34.2071],[-116.7302,34.2072],[-116.7301,34.2072],[-116.7301,34.2073],[-116.7301,34.2074],[-116.7301,34.2075],[-116.7301,34.2076],[-116.7302,34.2078],[-116.7302,34.2079],[-116.7302,34.208],[-116.7302,34.2081],[-116.7302,34.2082],[-116.7302,34.2083],[-116.7302,34.2084],[-116.7303,34.2085],[-116.7303,34.2086],[-116.7304,34.2086],[-116.7304,34.2087],[-116.7304,34.2088],[-116.7303,34.2089],[-116.7303,34.209],[-116.7304,34.2091],[-116.7305,34.2092],[-116.7305,34.2093],[-116.7305,34.2094],[-116.7304,34.2095],[-116.7304,34.2096],[-116.7304,34.2097],[-116.7303,34.2098],[-116.7302,34.2099],[-116.7302,34.21],[-116.7301,34.21],[-116.73,34.21],[-116.7299,34.21],[-116.7298,34.2101],[-116.7297,34.2101],[-116.7296,34.2101],[-116.7295,34.2102],[-116.7294,34.2102],[-116.7293,34.2103],[-116.7294,34.2103],[-116.7294,34.2104],[-116.7296,34.2105],[-116.7297,34.2107],[-116.7299,34.2109],[-116.73,34.211],[-116.73,34.2111],[-116.7301,34.2113],[-116.7301,34.2114],[-116.7302,34.2116],[-116.7302,34.2117],[-116.7302,34.2118],[-116.7302,34.2119],[-116.7301,34.212],[-116.73,34.2121],[-116.7299,34.2121],[-116.7298,34.2122],[-116.7297,34.2123],[-116.7295,34.2124],[-116.7294,34.2125],[-116.7293,34.2126],[-116.7292,34.2126],[-116.7291,34.2127],[-116.7289,34.2128],[-116.7288,34.2128],[-116.7287,34.2129],[-116.7286,34.2129],[-116.7285,34.2129],[-116.7284,34.2129],[-116.7283,34.2128],[-116.7281,34.2128],[-116.7279,34.2128],[-116.7278,34.2127],[-116.7276,34.2126],[-116.7275,34.2126],[-116.7274,34.2125],[-116.7273,34.2124],[-116.7272,34.2124],[-116.7271,34.2124],[-116.727,34.2124],[-116.7269,34.2124],[-116.7269,34.2125],[-116.7268,34.2126],[-116.7268,34.2127],[-116.7267,34.2127],[-116.7267,34.2128],[-116.7267,34.2129],[-116.7267,34.213],[-116.7267,34.2131],[-116.7267,34.2132],[-116.7267,34.2133],[-116.7266,34.2134],[-116.7265,34.2135],[-116.7264,34.2135],[-116.7263,34.2136],[-116.7262,34.2137],[-116.7261,34.2138],[-116.726,34.2139],[-116.726,34.214],[-116.7259,34.214],[-116.7258,34.214],[-116.7257,34.214],[-116.7256,34.214],[-116.7255,34.214],[-116.7255,34.2139],[-116.7254,34.2139],[-116.7253,34.2138],[-116.7252,34.2137],[-116.7251,34.2136],[-116.725,34.2136],[-116.725,34.2137],[-116.725,34.2138],[-116.7251,34.214],[-116.7251,34.2141],[-116.7251,34.2142],[-116.7251,34.2143],[-116.7251,34.2144],[-116.7251,34.2146],[-116.725,34.2147],[-116.725,34.2148],[-116.7249,34.2149],[-116.7248,34.215],[-116.7247,34.215],[-116.7246,34.2151],[-116.7245,34.2151],[-116.7244,34.2151],[-116.7243,34.2151],[-116.7242,34.2151],[-116.7241,34.215],[-116.724,34.215],[-116.7239,34.215],[-116.7238,34.215],[-116.7237,34.215],[-116.7236,34.215],[-116.7235,34.2151],[-116.7236,34.2152],[-116.7237,34.2153],[-116.7238,34.2155],[-116.7239,34.2156],[-116.7239,34.2157],[-116.724,34.2159],[-116.724,34.216],[-116.724,34.2161],[-116.7239,34.2162]]}},{"type":"Feature","properties":{"id":"1N02","name":"COON CREEK JUMPOFF","kind":"road","access":"plate","seasonal":false},"geometry":{"type":"LineString","coordinates":[[-116.7824,34.1557],[-116.7817,34.1552],[-116.7811,34.1548],[-116.7804,34.1543],[-116.7799,34.1538],[-116.7793,34.1534],[-116.7792,34.1533],[-116.7791,34.1532],[-116.779,34.1532],[-116.7787,34.1531],[-116.7783,34.153],[-116.7782,34.153],[-116.7772,34.1527],[-116.7769,34.1526],[-116.7765,34.1525],[-116.7759,34.1524],[-116.7754,34.1523],[-116.775,34.1522],[-116.7746,34.1521],[-116.7742,34.152],[-116.7739,34.1519],[-116.7735,34.1517],[-116.7731,34.1515],[-116.7726,34.1513],[-116.7723,34.1511],[-116.7721,34.1511],[-116.772,34.151],[-116.7718,34.151],[-116.7717,34.151],[-116.7716,34.151],[-116.7713,34.151],[-116.771,34.151],[-116.7707,34.1511],[-116.7704,34.1511],[-116.7701,34.1511],[-116.7699,34.1511],[-116.7698,34.1511],[-116.7697,34.151],[-116.7694,34.151],[-116.7693,34.151],[-116.7689,34.1509],[-116.7688,34.1509],[-116.7687,34.1509],[-116.7685,34.1508],[-116.7684,34.1508],[-116.7683,34.1509],[-116.7681,34.1509],[-116.768,34.1509],[-116.7679,34.1509],[-116.7677,34.1508],[-116.7675,34.1508],[-116.7673,34.1508],[-116.7671,34.1507],[-116.767,34.1507],[-116.7669,34.1507],[-116.7666,34.1506],[-116.7665,34.1505],[-116.7664,34.1505],[-116.7663,34.1505],[-116.7661,34.1504],[-116.766,34.1504],[-116.7659,34.1504],[-116.7658,34.1504],[-116.7656,34.1505],[-116.7655,34.1505],[-116.7653,34.1506],[-116.7652,34.1506],[-116.7651,34.1506],[-116.765,34.1506],[-116.7649,34.1507],[-116.7647,34.1508],[-116.7644,34.1509],[-116.7643,34.151],[-116.7641,34.151],[-116.7639,34.151],[-116.7638,34.1511],[-116.7636,34.1513],[-116.7634,34.1515],[-116.7632,34.1516],[-116.7629,34.1519],[-116.7628,34.152],[-116.7627,34.1521],[-116.7626,34.1521],[-116.7624,34.1522],[-116.7623,34.1522],[-116.7621,34.1522],[-116.7619,34.1523],[-116.7617,34.1523],[-116.7616,34.1524],[-116.7614,34.1525],[-116.7613,34.1525],[-116.7612,34.1526],[-116.761,34.1527],[-116.7609,34.1527],[-116.7608,34.1528],[-116.7607,34.1529],[-116.7606,34.1529],[-116.7605,34.153],[-116.7604,34.153],[-116.7601,34.153],[-116.76,34.153],[-116.7597,34.153],[-116.7595,34.1531],[-116.7594,34.1531],[-116.7592,34.1531],[-116.7591,34.1532],[-116.7589,34.1533],[-116.7587,34.1535],[-116.7586,34.1536],[-116.7585,34.1536],[-116.7583,34.1537],[-116.7581,34.1539],[-116.7579,34.154],[-116.7576,34.1541],[-116.7573,34.1542],[-116.7571,34.1543],[-116.7569,34.1543],[-116.7567,34.1543],[-116.7566,34.1544],[-116.7564,34.1544],[-116.7563,34.1544],[-116.7562,34.1544],[-116.7561,34.1545],[-116.756,34.1545],[-116.756,34.1546],[-116.7559,34.1546],[-116.7557,34.1547],[-116.7556,34.1548],[-116.7555,34.1548],[-116.7554,34.1548],[-116.7553,34.1548],[-116.7552,34.1547],[-116.755,34.1547],[-116.7548,34.1547],[-116.7547,34.1547],[-116.7545,34.1546],[-116.7542,34.1546],[-116.7541,34.1546],[-116.7539,34.1546],[-116.7537,34.1545],[-116.7534,34.1546],[-116.7532,34.1546],[-116.7531,34.1546],[-116.753,34.1546],[-116.7528,34.1546],[-116.7527,34.1546],[-116.7525,34.1546],[-116.7524,34.1546],[-116.7522,34.1546],[-116.752,34.1546],[-116.7518,34.1545],[-116.7516,34.1545],[-116.7513,34.1545],[-116.7511,34.1545],[-116.7509,34.1545],[-116.7508,34.1544],[-116.7507,34.1544],[-116.7506,34.1544],[-116.7504,34.1544],[-116.7502,34.1544],[-116.7501,34.1544],[-116.7499,34.1544],[-116.7497,34.1544],[-116.7496,34.1543],[-116.7493,34.1542],[-116.7491,34.1541],[-116.7489,34.154],[-116.7488,34.154],[-116.7486,34.154],[-116.7484,34.1539],[-116.7482,34.154],[-116.748,34.154],[-116.7477,34.154],[-116.7474,34.154],[-116.7472,34.1541],[-116.747,34.1541],[-116.7468,34.1543],[-116.7466,34.1544],[-116.7464,34.1545],[-116.7463,34.1546],[-116.7462,34.1547],[-116.7461,34.1548],[-116.746,34.1548],[-116.7459,34.1548],[-116.7457,34.1549],[-116.7456,34.1549],[-116.7455,34.155],[-116.7453,34.155],[-116.7452,34.1551],[-116.745,34.1552],[-116.745,34.1553],[-116.7449,34.1553],[-116.7448,34.1553],[-116.7447,34.1553],[-116.7447,34.1552],[-116.7446,34.1551],[-116.7446,34.1549],[-116.7447,34.1548],[-116.7447,34.1547],[-116.7447,34.1546],[-116.7447,34.1545],[-116.7447,34.1544],[-116.7446,34.1543],[-116.7444,34.1542],[-116.7442,34.1542],[-116.744,34.1541],[-116.7439,34.1541],[-116.7438,34.1541],[-116.7437,34.154],[-116.7436,34.154],[-116.7435,34.1539],[-116.7432,34.1536],[-116.743,34.1535],[-116.7428,34.1532],[-116.7426,34.153],[-116.7425,34.1528],[-116.7424,34.1527],[-116.7423,34.1526],[-116.7422,34.1525],[-116.7421,34.1524],[-116.742,34.1521],[-116.7419,34.152],[-116.7417,34.1518],[-116.7416,34.1517],[-116.7415,34.1516],[-116.7413,34.1514],[-116.7412,34.1514],[-116.7411,34.1513],[-116.741,34.1513],[-116.7408,34.1512],[-116.7406,34.1512],[-116.7404,34.1511],[-116.7402,34.1511],[-116.74,34.1512],[-116.7398,34.1512],[-116.7396,34.1512],[-116.7395,34.1512],[-116.7394,34.1513],[-116.7392,34.1513],[-116.7391,34.1514],[-116.7389,34.1514],[-116.7387,34.1515],[-116.7386,34.1515],[-116.7384,34.1515],[-116.7382,34.1516],[-116.7381,34.1516],[-116.7381,34.1515],[-116.7378,34.1514],[-116.7377,34.1514],[-116.7376,34.1513],[-116.7374,34.1513],[-116.7373,34.1513],[-116.7371,34.1513],[-116.737,34.1513],[-116.7369,34.1513],[-116.7367,34.1514],[-116.7365,34.1514],[-116.7364,34.1515],[-116.7362,34.1515],[-116.7361,34.1515],[-116.736,34.1515],[-116.7359,34.1515],[-116.7357,34.1515],[-116.7356,34.1514],[-116.7353,34.1513],[-116.7351,34.1512],[-116.735,34.1512],[-116.7349,34.1512],[-116.7348,34.1512],[-116.7346,34.1512],[-116.7343,34.1512],[-116.734,34.1513],[-116.7339,34.1513],[-116.7337,34.1513],[-116.7336,34.1513],[-116.7334,34.1513],[-116.7332,34.1513],[-116.7331,34.1514],[-116.7329,34.1514],[-116.7328,34.1514],[-116.7326,34.1514],[-116.7324,34.1514],[-116.7322,34.1514],[-116.732,34.1514],[-116.7318,34.1513],[-116.7316,34.1512],[-116.7313,34.1511],[-116.7312,34.151],[-116.7311,34.151],[-116.7308,34.1511],[-116.7304,34.151],[-116.73,34.151],[-116.7298,34.151],[-116.7297,34.151],[-116.7295,34.1509],[-116.7293,34.1508],[-116.7291,34.1508],[-116.729,34.1508],[-116.7287,34.1508],[-116.7284,34.1507],[-116.728,34.1507],[-116.7277,34.1506],[-116.7275,34.1506],[-116.7274,34.1506],[-116.7272,34.1505],[-116.7268,34.1504],[-116.7266,34.1503],[-116.7264,34.1502],[-116.7261,34.15],[-116.7259,34.1499],[-116.7257,34.1498],[-116.7256,34.1497],[-116.7255,34.1497],[-116.7253,34.1497],[-116.7252,34.1497],[-116.7251,34.1497],[-116.7249,34.1496],[-116.7248,34.1496],[-116.7247,34.1496],[-116.7246,34.1495],[-116.7245,34.1495],[-116.7243,34.1494],[-116.7241,34.1494],[-116.7239,34.1493],[-116.7238,34.1493],[-116.7235,34.1493],[-116.723,34.1493],[-116.7228,34.1493],[-116.7226,34.1493],[-116.7224,34.1493],[-116.7222,34.1493],[-116.722,34.1493],[-116.7219,34.1493],[-116.7217,34.1493],[-116.7215,34.1493],[-116.7213,34.1492],[-116.7212,34.1492],[-116.721,34.1492],[-116.7209,34.1492],[-116.7208,34.1493],[-116.7205,34.1493],[-116.7202,34.1493],[-116.72,34.1493],[-116.7198,34.1493],[-116.7197,34.1493],[-116.7196,34.1493],[-116.7194,34.1492],[-116.7193,34.1492],[-116.7192,34.1492],[-116.7191,34.1491],[-116.7189,34.1491],[-116.7187,34.149],[-116.7185,34.1489],[-116.7184,34.1489],[-116.7183,34.1489],[-116.7181,34.1489],[-116.718,34.1489],[-116.7177,34.1489],[-116.7174,34.1489],[-116.7172,34.1489],[-116.717,34.149],[-116.7168,34.149],[-116.7167,34.149],[-116.7165,34.1489],[-116.7163,34.1489],[-116.7162,34.1489],[-116.716,34.1488],[-116.7159,34.1488],[-116.7158,34.1488],[-116.7158,34.1487],[-116.7156,34.1485],[-116.7153,34.1483],[-116.7152,34.1482],[-116.7151,34.1482],[-116.715,34.1481],[-116.7147,34.148],[-116.7146,34.148],[-116.7144,34.148],[-116.7142,34.148],[-116.7141,34.148],[-116.714,34.148],[-116.7139,34.148],[-116.7138,34.148],[-116.7136,34.148],[-116.7134,34.1481],[-116.7132,34.1481],[-116.7131,34.1481],[-116.7129,34.1482],[-116.7128,34.1482],[-116.7127,34.1482],[-116.7126,34.1482],[-116.7124,34.1483],[-116.7123,34.1483],[-116.7122,34.1483],[-116.7121,34.1483],[-116.712,34.1483],[-116.7118,34.1484],[-116.7116,34.1484],[-116.7114,34.1485],[-116.7112,34.1486],[-116.7111,34.1486],[-116.7109,34.1486],[-116.7107,34.1487],[-116.7104,34.1488],[-116.7103,34.1488],[-116.7102,34.1489],[-116.7101,34.1489],[-116.71,34.149],[-116.7099,34.1491],[-116.7098,34.1491],[-116.7097,34.1492],[-116.7096,34.1492],[-116.7094,34.1492],[-116.7092,34.1493],[-116.709,34.1494],[-116.7088,34.1494],[-116.7086,34.1494],[-116.7084,34.1495],[-116.7083,34.1495],[-116.7081,34.1495],[-116.708,34.1495],[-116.7078,34.1495],[-116.7077,34.1495],[-116.7076,34.1495],[-116.7075,34.1495],[-116.7074,34.1496],[-116.7072,34.1496],[-116.7071,34.1496],[-116.7069,34.1496],[-116.7068,34.1497],[-116.7067,34.1497],[-116.7066,34.1498],[-116.7064,34.1499],[-116.7063,34.1499],[-116.7062,34.15],[-116.7062,34.1501],[-116.7061,34.1502],[-116.706,34.1502],[-116.7059,34.1503],[-116.7057,34.1503],[-116.7055,34.1504],[-116.7053,34.1505],[-116.7051,34.1506],[-116.705,34.1506],[-116.7049,34.1506],[-116.7048,34.1506],[-116.7047,34.1506],[-116.7046,34.1506],[-116.7045,34.1506],[-116.7045,34.1507],[-116.7044,34.1507],[-116.7044,34.1508],[-116.7043,34.1509],[-116.7043,34.151],[-116.7042,34.151],[-116.7041,34.1511],[-116.704,34.1511],[-116.7039,34.1511],[-116.7038,34.1511],[-116.7037,34.1512],[-116.7036,34.1512],[-116.7035,34.1512],[-116.7034,34.1512],[-116.7034,34.1513],[-116.7033,34.1513],[-116.7032,34.1515],[-116.703,34.1516],[-116.7029,34.1517],[-116.7028,34.1518],[-116.7027,34.1518],[-116.7026,34.1519],[-116.7025,34.1519],[-116.7024,34.1519],[-116.7023,34.1519],[-116.7022,34.1519],[-116.7021,34.1518],[-116.702,34.1518],[-116.7019,34.1518],[-116.7018,34.1518],[-116.7017,34.1518],[-116.7015,34.1519],[-116.7014,34.1519],[-116.7013,34.1519],[-116.7012,34.1519],[-116.7011,34.1519],[-116.701,34.1519],[-116.7009,34.1519],[-116.7008,34.152],[-116.7007,34.152],[-116.7006,34.152],[-116.7005,34.152],[-116.7003,34.1521],[-116.7002,34.1521],[-116.7001,34.1521],[-116.7,34.1521],[-116.6999,34.1521],[-116.6997,34.1521],[-116.6996,34.1521],[-116.6995,34.1521],[-116.6994,34.1521],[-116.6993,34.1521],[-116.6992,34.1521],[-116.699,34.1522],[-116.6988,34.1522],[-116.6987,34.1522],[-116.6985,34.1523],[-116.6984,34.1523],[-116.6982,34.1523],[-116.6981,34.1524],[-116.698,34.1524],[-116.6979,34.1525],[-116.6978,34.1526],[-116.6977,34.1527],[-116.6976,34.1528],[-116.6975,34.1529],[-116.6974,34.1529],[-116.6973,34.1529],[-116.6971,34.1529],[-116.697,34.1529],[-116.6968,34.1529],[-116.6967,34.1529],[-116.6966,34.1529],[-116.6964,34.1528],[-116.6963,34.1527],[-116.6961,34.1527],[-116.696,34.1526],[-116.6958,34.1526],[-116.6956,34.1526],[-116.6954,34.1526],[-116.6952,34.1526],[-116.6951,34.1526],[-116.6949,34.1526],[-116.6947,34.1526],[-116.6945,34.1526],[-116.6944,34.1526],[-116.6942,34.1526],[-116.694,34.1525],[-116.6939,34.1525],[-116.6938,34.1526],[-116.6936,34.1526],[-116.6935,34.1527],[-116.6934,34.1527],[-116.6933,34.1527],[-116.6931,34.1526],[-116.693,34.1526],[-116.6928,34.1526],[-116.6927,34.1526],[-116.6926,34.1526],[-116.6924,34.1526],[-116.692,34.1528],[-116.6918,34.1529],[-116.6916,34.1529],[-116.6915,34.153],[-116.6914,34.1531],[-116.6913,34.1532],[-116.6912,34.1531],[-116.6911,34.1531],[-116.6911,34.153],[-116.6912,34.1529],[-116.6912,34.1528],[-116.6912,34.1527],[-116.6911,34.1527],[-116.6911,34.1526],[-116.6911,34.1525],[-116.691,34.1524],[-116.691,34.1523],[-116.6909,34.1522],[-116.6909,34.1521],[-116.6909,34.152],[-116.6908,34.152],[-116.6908,34.1519],[-116.6907,34.1519],[-116.6906,34.1519],[-116.6905,34.1519],[-116.6904,34.1519],[-116.6903,34.1519],[-116.6901,34.1519],[-116.69,34.1519],[-116.6898,34.1519],[-116.6897,34.1519],[-116.6896,34.152],[-116.6894,34.152],[-116.6893,34.152],[-116.6892,34.1519],[-116.6891,34.1518],[-116.689,34.1517],[-116.6888,34.1516],[-116.6887,34.1516],[-116.6885,34.1515],[-116.6884,34.1515],[-116.6883,34.1515],[-116.6882,34.1515],[-116.6881,34.1516],[-116.688,34.1517],[-116.6879,34.1516],[-116.6879,34.1515],[-116.688,34.1515],[-116.688,34.1514],[-116.6881,34.1514],[-116.6882,34.1514],[-116.6883,34.1514],[-116.6884,34.1513],[-116.6885,34.1513],[-116.6886,34.1513],[-116.6886,34.1514],[-116.6887,34.1514],[-116.6889,34.1514],[-116.689,34.1514],[-116.6891,34.1514],[-116.6892,34.1514],[-116.6893,34.1514],[-116.6894,34.1514],[-116.6894,34.1513],[-116.6893,34.1513],[-116.6891,34.1513],[-116.689,34.1513],[-116.6889,34.1512],[-116.6887,34.1512],[-116.6886,34.1511],[-116.6884,34.1511],[-116.6883,34.1511],[-116.6882,34.1511],[-116.688,34.1511],[-116.6879,34.1511],[-116.6877,34.1512],[-116.6876,34.1512],[-116.6875,34.1513],[-116.6875,34.1514],[-116.6875,34.1515],[-116.6875,34.1516],[-116.6875,34.1518],[-116.6876,34.1519],[-116.6877,34.152],[-116.6878,34.1521],[-116.6878,34.1522],[-116.6879,34.1523],[-116.6879,34.1524],[-116.6878,34.1524],[-116.6877,34.1524],[-116.6876,34.1523],[-116.6875,34.1522],[-116.6874,34.1521],[-116.6872,34.152],[-116.6872,34.1519],[-116.6871,34.1519],[-116.687,34.1519],[-116.6869,34.1518],[-116.6868,34.1518],[-116.6867,34.1518],[-116.6866,34.1518],[-116.6864,34.1518],[-116.6863,34.1518],[-116.6862,34.1517],[-116.6861,34.1516],[-116.686,34.1516],[-116.6859,34.1516],[-116.6858,34.1516],[-116.6857,34.1516],[-116.6856,34.1517],[-116.6854,34.1517],[-116.6853,34.1517],[-116.6852,34.1517],[-116.6851,34.1516],[-116.685,34.1516],[-116.6848,34.1515],[-116.6846,34.1515],[-116.6845,34.1515],[-116.6844,34.1516],[-116.6842,34.1516],[-116.6841,34.1517],[-116.684,34.1517],[-116.6839,34.1517],[-116.6838,34.1517],[-116.6837,34.1517],[-116.6836,34.1517],[-116.6835,34.1517],[-116.6833,34.1518],[-116.6832,34.1518],[-116.6831,34.1518],[-116.6829,34.1517],[-116.6828,34.1517],[-116.6827,34.1517],[-116.6825,34.1517],[-116.6824,34.1517],[-116.6822,34.1518],[-116.6821,34.1517],[-116.682,34.1517],[-116.682,34.1514],[-116.682,34.1513],[-116.682,34.1512],[-116.682,34.1511],[-116.6819,34.1509],[-116.6819,34.1508],[-116.6818,34.1508],[-116.6817,34.1507],[-116.6816,34.1506],[-116.6815,34.1506],[-116.6814,34.1504],[-116.6813,34.1503],[-116.6812,34.1503],[-116.681,34.1502],[-116.6808,34.1502],[-116.6807,34.1501],[-116.6806,34.1501],[-116.6804,34.15],[-116.6803,34.15],[-116.6801,34.15],[-116.68,34.1499],[-116.6799,34.1498],[-116.6798,34.1497],[-116.6797,34.1496],[-116.6797,34.1495],[-116.6796,34.1493],[-116.6795,34.1492],[-116.6794,34.1491],[-116.6793,34.149],[-116.6792,34.1488],[-116.6792,34.1487],[-116.6792,34.1486],[-116.6793,34.1486],[-116.6795,34.1486],[-116.6796,34.1486],[-116.6797,34.1486],[-116.6798,34.1485],[-116.6799,34.1485],[-116.68,34.1484],[-116.68,34.1483],[-116.6799,34.1482],[-116.6797,34.1482],[-116.6795,34.1481],[-116.6793,34.1481],[-116.6792,34.148]]}},{"type":"Feature","properties":{"id":"2N01","name":"BROOM FLATS","kind":"road","access":"plate","seasonal":false},"geometry":{"type":"LineString","coordinates":[[-116.7239,34.2162],[-116.7239,34.2163],[-116.7238,34.2164],[-116.7237,34.2165],[-116.7236,34.2167],[-116.7235,34.2168],[-116.7234,34.2169],[-116.7234,34.217],[-116.7234,34.2171],[-116.7234,34.2172],[-116.7235,34.2172],[-116.7235,34.2173],[-116.7236,34.2173],[-116.7237,34.2174],[-116.7239,34.2174],[-116.724,34.2175],[-116.7241,34.2176],[-116.7242,34.2176],[-116.7243,34.2176],[-116.7244,34.2176],[-116.7245,34.2176],[-116.7246,34.2175],[-116.7247,34.2175],[-116.7248,34.2175],[-116.7249,34.2174],[-116.725,34.2174],[-116.7251,34.2174],[-116.7253,34.2173],[-116.7254,34.2172],[-116.7256,34.2172],[-116.7257,34.2171],[-116.7258,34.2171],[-116.7259,34.217],[-116.726,34.2169],[-116.7261,34.2169],[-116.7262,34.2168],[-116.7263,34.2167],[-116.7265,34.2166],[-116.7267,34.2166],[-116.7267,34.2165],[-116.7268,34.2165],[-116.7269,34.2166],[-116.727,34.2167],[-116.7271,34.2168],[-116.7272,34.2168],[-116.7272,34.2169],[-116.7273,34.217],[-116.7273,34.2171],[-116.7273,34.2172],[-116.7273,34.2173],[-116.7273,34.2174],[-116.7273,34.2175],[-116.7272,34.2175],[-116.7272,34.2176],[-116.7271,34.2177],[-116.727,34.2178],[-116.7269,34.2178],[-116.7268,34.2179],[-116.7267,34.218],[-116.7266,34.2181],[-116.7266,34.2182],[-116.7267,34.2182],[-116.7267,34.2183],[-116.7268,34.2182],[-116.7269,34.2182],[-116.727,34.2182],[-116.7271,34.2183],[-116.7272,34.2183],[-116.7273,34.2184],[-116.7274,34.2185],[-116.7275,34.2185],[-116.7275,34.2186],[-116.7276,34.2186],[-116.7277,34.2187],[-116.7279,34.2187],[-116.728,34.2187],[-116.7281,34.2187],[-116.7282,34.2187],[-116.7283,34.2188],[-116.7285,34.2189],[-116.7285,34.219],[-116.7286,34.2191],[-116.7287,34.2191],[-116.7288,34.2192],[-116.7288,34.2193],[-116.7287,34.2194],[-116.7286,34.2195],[-116.7285,34.2196],[-116.7285,34.2197],[-116.7284,34.2198],[-116.7283,34.2199],[-116.7283,34.22],[-116.7283,34.2201],[-116.7282,34.2202],[-116.7282,34.2204],[-116.7282,34.2205],[-116.7281,34.2206],[-116.728,34.2207],[-116.7279,34.2207],[-116.7278,34.2208],[-116.7278,34.2209],[-116.7277,34.221],[-116.7276,34.221],[-116.7275,34.2211],[-116.7274,34.2212],[-116.7273,34.2213],[-116.7272,34.2214],[-116.7271,34.2214],[-116.727,34.2215],[-116.7269,34.2216],[-116.7269,34.2217],[-116.7269,34.2218],[-116.7269,34.2219],[-116.7269,34.222],[-116.7269,34.2221],[-116.7269,34.2222],[-116.7268,34.2223],[-116.7267,34.2223],[-116.7266,34.2224],[-116.7265,34.2225],[-116.7263,34.2226],[-116.7261,34.2227],[-116.726,34.2228],[-116.7259,34.2228],[-116.7258,34.2229],[-116.7257,34.223],[-116.7257,34.2231],[-116.7257,34.2232],[-116.7257,34.2234],[-116.7256,34.2235],[-116.7256,34.2236],[-116.7255,34.2237],[-116.7254,34.2238],[-116.7254,34.224],[-116.7253,34.2241],[-116.7252,34.2242],[-116.725,34.2243],[-116.7249,34.2244],[-116.7248,34.2245],[-116.7248,34.2246],[-116.7247,34.2247],[-116.7247,34.2248],[-116.7246,34.2249],[-116.7245,34.225],[-116.7241,34.2255],[-116.7239,34.2257],[-116.7238,34.2258],[-116.7238,34.2259],[-116.7238,34.226],[-116.7237,34.226],[-116.7237,34.2261],[-116.7236,34.2262],[-116.7236,34.2263],[-116.7235,34.2264],[-116.7234,34.2266],[-116.7232,34.2267],[-116.7231,34.2268],[-116.723,34.2269],[-116.7228,34.227],[-116.7226,34.2272],[-116.7224,34.2274],[-116.7222,34.2276],[-116.722,34.2277],[-116.7219,34.2279],[-116.7218,34.228],[-116.7216,34.2281],[-116.7215,34.2282],[-116.7213,34.2283],[-116.7211,34.2285],[-116.721,34.2286],[-116.7209,34.2286],[-116.7208,34.2287],[-116.7208,34.2288],[-116.7207,34.2289],[-116.7206,34.229],[-116.7205,34.229],[-116.7204,34.2291],[-116.7203,34.2292],[-116.7203,34.2293],[-116.7203,34.2294],[-116.7203,34.2295],[-116.7203,34.2296],[-116.7203,34.2297],[-116.7202,34.2298],[-116.7201,34.2299],[-116.7201,34.23],[-116.7201,34.2301],[-116.72,34.2302],[-116.72,34.2303],[-116.72,34.2305],[-116.72,34.2306],[-116.72,34.2307],[-116.7201,34.2307],[-116.7202,34.2308],[-116.7203,34.2309],[-116.7204,34.231],[-116.7205,34.2311],[-116.7206,34.2311],[-116.7206,34.2312],[-116.7207,34.2312],[-116.7207,34.2314],[-116.7208,34.2316],[-116.7208,34.2317],[-116.7209,34.2318],[-116.7209,34.2319],[-116.721,34.232],[-116.721,34.2321],[-116.721,34.2322],[-116.721,34.2323],[-116.7209,34.2324],[-116.7209,34.2325],[-116.7209,34.2326],[-116.7209,34.2327],[-116.721,34.2327],[-116.721,34.2328],[-116.7211,34.2329],[-116.7211,34.233],[-116.7211,34.2331],[-116.7212,34.2331],[-116.7212,34.2332],[-116.7213,34.2333],[-116.7214,34.2334],[-116.7215,34.2334],[-116.7216,34.2335],[-116.7216,34.2336],[-116.7215,34.2337],[-116.7214,34.2338],[-116.7214,34.2339],[-116.7214,34.234],[-116.7214,34.2342],[-116.7214,34.2344],[-116.7214,34.2346],[-116.7213,34.2346],[-116.7213,34.2348],[-116.7212,34.2349],[-116.7212,34.235],[-116.7212,34.2351],[-116.7212,34.2352],[-116.7212,34.2353],[-116.7213,34.2354],[-116.7213,34.2355],[-116.7214,34.2357],[-116.7216,34.2358],[-116.7217,34.2359],[-116.7219,34.236],[-116.722,34.236],[-116.7221,34.2361],[-116.7221,34.2362],[-116.7221,34.2363],[-116.7221,34.2364],[-116.7221,34.2365],[-116.722,34.2367],[-116.7219,34.2369],[-116.7219,34.237],[-116.7219,34.2371],[-116.7219,34.2372],[-116.7219,34.2373],[-116.7219,34.2374],[-116.7219,34.2375],[-116.7219,34.2376],[-116.7219,34.2377],[-116.722,34.2378],[-116.722,34.2379],[-116.722,34.238],[-116.722,34.2381],[-116.722,34.2382],[-116.722,34.2383],[-116.7219,34.2384],[-116.7219,34.2385],[-116.7219,34.2386],[-116.7219,34.2387],[-116.7218,34.2388],[-116.7218,34.2389],[-116.7218,34.239],[-116.7218,34.2391],[-116.7219,34.2392],[-116.722,34.2393],[-116.7221,34.2394],[-116.7223,34.2395],[-116.7224,34.2396],[-116.7225,34.2396],[-116.7226,34.2396],[-116.7227,34.2396],[-116.7228,34.2396],[-116.7229,34.2396],[-116.7229,34.2397],[-116.723,34.2397],[-116.723,34.2398],[-116.7229,34.2399],[-116.7229,34.24],[-116.7229,34.2402],[-116.7228,34.2402],[-116.7228,34.2403],[-116.7228,34.2404],[-116.7227,34.2404],[-116.7226,34.2404],[-116.7225,34.2404],[-116.7224,34.2403],[-116.7223,34.2403],[-116.7221,34.2404],[-116.722,34.2404],[-116.7219,34.2405],[-116.7217,34.2406],[-116.7216,34.2406],[-116.7215,34.2406],[-116.7214,34.2406],[-116.7213,34.2406],[-116.7212,34.2406],[-116.7211,34.2406],[-116.721,34.2406],[-116.7209,34.2406],[-116.7208,34.2407],[-116.7207,34.2408],[-116.7207,34.2409],[-116.7207,34.241],[-116.7206,34.2411],[-116.7206,34.2412],[-116.7206,34.2413],[-116.7206,34.2415],[-116.7206,34.2416],[-116.7207,34.2418],[-116.7207,34.2419],[-116.7208,34.242],[-116.7209,34.2422],[-116.721,34.2423],[-116.7211,34.2425],[-116.7211,34.2427],[-116.7212,34.2428],[-116.7214,34.2431],[-116.7215,34.2432],[-116.7215,34.2433],[-116.7215,34.2434],[-116.7215,34.2435],[-116.7215,34.2437],[-116.7215,34.2438],[-116.7215,34.2439],[-116.7215,34.244],[-116.7215,34.2441],[-116.7215,34.2442],[-116.7214,34.2443],[-116.7213,34.2443],[-116.7212,34.2443],[-116.7211,34.2443],[-116.721,34.2443],[-116.7209,34.2444],[-116.7208,34.2444],[-116.7207,34.2444],[-116.7206,34.2445],[-116.7204,34.2445],[-116.7203,34.2445],[-116.7202,34.2444],[-116.7201,34.2444],[-116.72,34.2443],[-116.7199,34.2443],[-116.7199,34.2442],[-116.7198,34.2441],[-116.7198,34.244],[-116.7197,34.2439],[-116.7196,34.2439],[-116.7195,34.2438],[-116.7194,34.2438],[-116.7193,34.2438],[-116.7191,34.2438],[-116.719,34.2437],[-116.7188,34.2437],[-116.7187,34.2437],[-116.7186,34.2437],[-116.7185,34.2438],[-116.7186,34.2439],[-116.7187,34.244],[-116.7187,34.2441],[-116.7187,34.2443],[-116.7187,34.2444],[-116.7187,34.2445],[-116.7186,34.2446],[-116.7185,34.2447],[-116.7185,34.2448],[-116.7184,34.2448],[-116.7183,34.2449],[-116.7182,34.2449],[-116.7181,34.245],[-116.718,34.245],[-116.7178,34.245],[-116.7177,34.2451],[-116.7176,34.2451],[-116.7175,34.2452],[-116.7174,34.2453],[-116.7173,34.2453],[-116.7172,34.2454],[-116.7171,34.2455],[-116.717,34.2456],[-116.7169,34.2456],[-116.7168,34.2457],[-116.7168,34.2458],[-116.7167,34.2459],[-116.7167,34.246],[-116.7167,34.2461],[-116.7166,34.2462],[-116.7164,34.2464],[-116.7163,34.2465],[-116.7162,34.2466],[-116.7162,34.2467],[-116.7161,34.2468],[-116.716,34.2469],[-116.7159,34.247],[-116.7158,34.2471],[-116.7158,34.2472],[-116.7158,34.2473],[-116.7157,34.2474],[-116.7158,34.2475],[-116.7158,34.2477],[-116.716,34.248],[-116.716,34.2482],[-116.716,34.2484],[-116.7159,34.2485],[-116.7158,34.2487],[-116.7158,34.2488],[-116.7157,34.2489],[-116.7156,34.2489],[-116.7155,34.249],[-116.7153,34.249],[-116.7152,34.2491],[-116.7151,34.2491],[-116.7149,34.2491],[-116.7148,34.2491],[-116.7147,34.2491],[-116.7146,34.249],[-116.7145,34.2489],[-116.7144,34.2488],[-116.7143,34.2487],[-116.7141,34.2485],[-116.7139,34.2484],[-116.7137,34.2482],[-116.7136,34.2481],[-116.7135,34.248],[-116.7134,34.248],[-116.7133,34.248],[-116.7132,34.248],[-116.7131,34.2481],[-116.713,34.2481],[-116.7129,34.2482],[-116.7128,34.2483],[-116.7128,34.2485],[-116.7128,34.2486],[-116.7128,34.2488],[-116.7128,34.2489],[-116.7129,34.2491],[-116.713,34.2492],[-116.713,34.2493],[-116.7131,34.2494],[-116.7131,34.2495],[-116.713,34.2496],[-116.7129,34.2497],[-116.7128,34.2497],[-116.7127,34.2496],[-116.7126,34.2496],[-116.7126,34.2495],[-116.7125,34.2495],[-116.7125,34.2494],[-116.7125,34.2493],[-116.7125,34.2492],[-116.7125,34.2491],[-116.7124,34.249],[-116.7123,34.2489],[-116.7122,34.2488],[-116.7121,34.2487],[-116.712,34.2486],[-116.712,34.2485],[-116.7119,34.2484],[-116.7119,34.2483],[-116.7119,34.2481],[-116.7119,34.248],[-116.7119,34.2478],[-116.7119,34.2477],[-116.7119,34.2476],[-116.7119,34.2475],[-116.7118,34.2475],[-116.7118,34.2474],[-116.7117,34.2473],[-116.7116,34.2472],[-116.7115,34.2472],[-116.7113,34.2471],[-116.7112,34.2471],[-116.7111,34.2471],[-116.711,34.247],[-116.7109,34.2469],[-116.7108,34.2469],[-116.7107,34.2468],[-116.7107,34.2467],[-116.7106,34.2466],[-116.7105,34.2464],[-116.7105,34.2463],[-116.7104,34.2462],[-116.7103,34.2461],[-116.7102,34.2459],[-116.71,34.2457],[-116.71,34.2456],[-116.7099,34.2455],[-116.7099,34.2454],[-116.7099,34.2453],[-116.71,34.2451],[-116.7101,34.245],[-116.7101,34.2449],[-116.71,34.2448],[-116.71,34.2447],[-116.7098,34.2444],[-116.7097,34.2441],[-116.7096,34.244],[-116.7095,34.2439],[-116.7093,34.2438],[-116.7092,34.2437],[-116.709,34.2437],[-116.7089,34.2436],[-116.7088,34.2436],[-116.7086,34.2435],[-116.7084,34.2435],[-116.7082,34.2435],[-116.708,34.2435],[-116.7078,34.2435],[-116.7076,34.2435],[-116.7075,34.2435],[-116.7073,34.2435],[-116.7072,34.2435],[-116.7071,34.2435],[-116.707,34.2436]]}},{"type":"Feature","properties":{"id":"1N19A","name":"WILDHORSE SPUR","kind":"road","access":"plate","seasonal":false},"geometry":{"type":"LineString","coordinates":[[-116.7637,34.2064],[-116.7635,34.2064],[-116.7634,34.2064],[-116.7632,34.2064]]}},{"type":"Feature","properties":{"id":"1N37","name":"BEAN FLAT","kind":"road","access":"plate","seasonal":false},"geometry":{"type":"LineString","coordinates":[[-116.7708,34.149],[-116.7707,34.1489],[-116.7706,34.1488],[-116.7705,34.1487],[-116.7703,34.1487],[-116.7701,34.1487],[-116.7699,34.1487],[-116.7697,34.1487],[-116.7696,34.1488],[-116.7695,34.1488],[-116.7693,34.1489],[-116.7692,34.1489],[-116.7691,34.1489],[-116.769,34.1489],[-116.7688,34.1489],[-116.7687,34.1489],[-116.7686,34.1489],[-116.7685,34.1489],[-116.7684,34.149],[-116.7683,34.149],[-116.7682,34.1491],[-116.7681,34.1491],[-116.768,34.1491],[-116.7677,34.149],[-116.7676,34.149],[-116.7674,34.149],[-116.7673,34.149],[-116.7672,34.1489],[-116.7671,34.1489],[-116.767,34.1488],[-116.7669,34.1488],[-116.7667,34.1489],[-116.7666,34.1488],[-116.7665,34.1488],[-116.7664,34.1488],[-116.7663,34.1488],[-116.7662,34.1488],[-116.7661,34.1488],[-116.766,34.1488],[-116.7659,34.1488],[-116.7658,34.1488],[-116.7657,34.1488],[-116.7656,34.1489],[-116.7655,34.1489],[-116.7655,34.149],[-116.7654,34.1491],[-116.7653,34.1492],[-116.7652,34.1492],[-116.7651,34.1493],[-116.765,34.1494],[-116.7649,34.1494],[-116.7648,34.1495],[-116.7647,34.1495],[-116.7647,34.1496],[-116.7645,34.1497],[-116.7644,34.1498],[-116.7643,34.1498],[-116.7642,34.1499],[-116.7641,34.15],[-116.764,34.1501],[-116.764,34.1502],[-116.764,34.1503],[-116.7641,34.1503],[-116.7642,34.1503],[-116.7643,34.1503],[-116.7644,34.1504],[-116.7645,34.1504],[-116.7647,34.1505],[-116.7648,34.1505],[-116.7649,34.1506],[-116.7651,34.1506],[-116.7652,34.1506]]}},{"type":"Feature","properties":{"id":"1N46","name":"BARTON FLATS CAMPGROUND","kind":"road","access":"plate","seasonal":false},"geometry":{"type":"MultiLineString","coordinates":[[[-116.8744,34.1704],[-116.8746,34.1706],[-116.8746,34.1707],[-116.8748,34.1708],[-116.8749,34.1709]],[[-116.8749,34.1709],[-116.8748,34.171],[-116.8748,34.1711],[-116.8748,34.1712],[-116.8749,34.1712],[-116.8749,34.1713],[-116.875,34.1713],[-116.8751,34.1713],[-116.8752,34.1713],[-116.8753,34.1713],[-116.8753,34.1712],[-116.8754,34.1712]],[[-116.8749,34.1709],[-116.8751,34.171],[-116.8754,34.1712],[-116.8755,34.1712],[-116.8756,34.1713],[-116.8757,34.1714]],[[-116.8757,34.1714],[-116.8759,34.1714],[-116.8761,34.1713],[-116.8762,34.1713],[-116.8764,34.1713],[-116.8765,34.1713],[-116.8767,34.1713],[-116.8769,34.1714],[-116.877,34.1714],[-116.8771,34.1714],[-116.8772,34.1714],[-116.8773,34.1715],[-116.8774,34.1715],[-116.8776,34.1716],[-116.8777,34.1717],[-116.8778,34.1717],[-116.8779,34.1718],[-116.878,34.1718],[-116.8782,34.1718],[-116.8783,34.1717],[-116.8785,34.1718],[-116.8788,34.1718],[-116.8789,34.1718],[-116.879,34.1719],[-116.879,34.172],[-116.879,34.1721],[-116.8789,34.1722],[-116.8789,34.1723],[-116.8787,34.1723],[-116.8786,34.1724],[-116.8784,34.1724],[-116.8783,34.1723],[-116.8782,34.1723],[-116.878,34.1722],[-116.8779,34.1722],[-116.8777,34.1722],[-116.8776,34.1722],[-116.8775,34.1723],[-116.8774,34.1723],[-116.8773,34.1724],[-116.8772,34.1725],[-116.8771,34.1725],[-116.877,34.1726],[-116.8769,34.1726],[-116.8768,34.1725],[-116.8767,34.1725],[-116.8766,34.1724],[-116.8765,34.1723],[-116.8765,34.1722],[-116.8765,34.1721],[-116.8766,34.172],[-116.8767,34.1719],[-116.8767,34.1717],[-116.8768,34.1716],[-116.8768,34.1715],[-116.8769,34.1714]],[[-116.8757,34.1714],[-116.8754,34.1715],[-116.8753,34.1715],[-116.8752,34.1716],[-116.8751,34.1718],[-116.875,34.1719],[-116.8749,34.172],[-116.8748,34.1721],[-116.8747,34.1722],[-116.8746,34.1723],[-116.8745,34.1724],[-116.8745,34.1725],[-116.8745,34.1726],[-116.8745,34.1727],[-116.8746,34.1728],[-116.8746,34.1729],[-116.8747,34.173],[-116.8748,34.173],[-116.8749,34.173],[-116.875,34.173],[-116.8751,34.173],[-116.8753,34.1729],[-116.8754,34.1728],[-116.8755,34.1726],[-116.8757,34.1724],[-116.8758,34.1723],[-116.8759,34.1722],[-116.8759,34.1721],[-116.876,34.172],[-116.8759,34.1719],[-116.8759,34.1718],[-116.8758,34.1717],[-116.8758,34.1716],[-116.8757,34.1715],[-116.8757,34.1714]]]}},{"type":"Feature","properties":{"id":"2N76YB","name":"ANTELOPE CK SPUR (OHV)","kind":"road","access":"plate","seasonal":false},"geometry":{"type":"LineString","coordinates":[[-116.6523,34.2162],[-116.6522,34.2163],[-116.6521,34.2163],[-116.6521,34.2164],[-116.652,34.2164],[-116.652,34.2165],[-116.6519,34.2165],[-116.6519,34.2166],[-116.6519,34.2167],[-116.6519,34.2168],[-116.6518,34.2168],[-116.6518,34.2169],[-116.6518,34.217],[-116.6517,34.2171],[-116.6516,34.2171],[-116.6515,34.2171],[-116.6514,34.2171],[-116.6513,34.2171],[-116.6512,34.2171],[-116.6511,34.2171],[-116.6511,34.217],[-116.651,34.217],[-116.6509,34.2169],[-116.6508,34.2169],[-116.6508,34.217],[-116.6507,34.217],[-116.6506,34.2169],[-116.6505,34.2169],[-116.6505,34.217],[-116.6503,34.2171],[-116.6502,34.2171],[-116.6501,34.2171],[-116.65,34.2172],[-116.6499,34.2172],[-116.6499,34.2173],[-116.6497,34.2173],[-116.6496,34.2174],[-116.6495,34.2174],[-116.6494,34.2174],[-116.6493,34.2175],[-116.6492,34.2175],[-116.6491,34.2175],[-116.6491,34.2176],[-116.649,34.2176],[-116.6489,34.2176],[-116.6488,34.2177],[-116.6487,34.2178],[-116.6486,34.2178],[-116.6484,34.2179],[-116.6483,34.2179],[-116.6482,34.2179],[-116.6481,34.2179],[-116.6481,34.218],[-116.648,34.218],[-116.6479,34.218],[-116.6478,34.218],[-116.6478,34.2181],[-116.6477,34.2181],[-116.6476,34.2181],[-116.6476,34.2182],[-116.6475,34.2182],[-116.6474,34.2182],[-116.6473,34.2182],[-116.6473,34.2183]]}},{"type":"Feature","properties":{"id":"1N64","name":"SEVEN PINES","kind":"road","access":"plate","seasonal":false},"geometry":{"type":"LineString","coordinates":[[-116.971,34.1834],[-116.9711,34.1833],[-116.9712,34.1833],[-116.9713,34.1834],[-116.9714,34.1835],[-116.9716,34.1836],[-116.9716,34.1837],[-116.9717,34.1838],[-116.9719,34.1839],[-116.972,34.1841],[-116.9721,34.1841],[-116.9722,34.1842],[-116.9723,34.1843],[-116.9724,34.1843],[-116.9724,34.1844],[-116.9725,34.1844],[-116.9725,34.1843],[-116.9725,34.1842],[-116.9724,34.1841],[-116.9723,34.184],[-116.9723,34.1839],[-116.9722,34.1838],[-116.9722,34.1837],[-116.9722,34.1835],[-116.9722,34.1834],[-116.9722,34.1833],[-116.9723,34.1832],[-116.9723,34.1831],[-116.9723,34.183],[-116.9724,34.1829],[-116.9723,34.1828],[-116.9723,34.1827],[-116.9723,34.1826],[-116.9721,34.1825],[-116.972,34.1825],[-116.9719,34.1824],[-116.9719,34.1823],[-116.9717,34.1822],[-116.9715,34.1822],[-116.9714,34.1821],[-116.9713,34.182],[-116.9713,34.1819],[-116.9713,34.1818],[-116.9714,34.1818],[-116.9715,34.1819],[-116.9716,34.1819],[-116.9717,34.1819],[-116.9718,34.182],[-116.972,34.182],[-116.9721,34.182],[-116.9722,34.182],[-116.9723,34.182],[-116.9724,34.1821],[-116.9725,34.1822],[-116.9726,34.1822],[-116.9727,34.1822],[-116.9728,34.1822],[-116.9729,34.1822],[-116.973,34.1822],[-116.9731,34.1822],[-116.9732,34.1822],[-116.9733,34.1822],[-116.9734,34.1822],[-116.9735,34.1822],[-116.9736,34.1822],[-116.9737,34.1822],[-116.9738,34.1822],[-116.9739,34.1822],[-116.974,34.1822],[-116.9741,34.1822],[-116.9742,34.1821],[-116.9743,34.1821],[-116.9744,34.1821],[-116.9745,34.1821],[-116.9746,34.1821],[-116.9747,34.1822],[-116.9748,34.1822],[-116.9748,34.1823],[-116.9749,34.1824],[-116.9749,34.1825],[-116.9749,34.1826],[-116.975,34.1827],[-116.9751,34.1828],[-116.9752,34.1828],[-116.9753,34.1828],[-116.9754,34.1828],[-116.9754,34.1829],[-116.9755,34.183],[-116.9756,34.1831],[-116.9757,34.1831],[-116.9758,34.1831],[-116.9763,34.1829],[-116.9764,34.1829],[-116.9765,34.183],[-116.9765,34.1831],[-116.9764,34.1832],[-116.9764,34.1833],[-116.9763,34.1834],[-116.9763,34.1835],[-116.9764,34.1836],[-116.9768,34.1837],[-116.9769,34.1837],[-116.977,34.1837],[-116.977,34.1836],[-116.9771,34.1836],[-116.9772,34.1836],[-116.9773,34.1836],[-116.9774,34.1837],[-116.9775,34.1838],[-116.9776,34.1839],[-116.9778,34.1842],[-116.978,34.1844],[-116.9782,34.1846],[-116.9782,34.1847],[-116.9783,34.1848],[-116.9784,34.1848],[-116.9785,34.1848],[-116.9786,34.1847],[-116.9787,34.1846],[-116.9787,34.1845],[-116.9787,34.1844],[-116.9788,34.1843],[-116.9789,34.1843],[-116.979,34.1843],[-116.979,34.1844],[-116.979,34.1847],[-116.979,34.1848],[-116.9791,34.1848],[-116.9792,34.1848],[-116.9795,34.1846],[-116.9797,34.1845],[-116.9798,34.1844],[-116.9799,34.1844],[-116.98,34.1844],[-116.9801,34.1844],[-116.9802,34.1844],[-116.9803,34.1845],[-116.9803,34.1846],[-116.9804,34.1848],[-116.9804,34.1849],[-116.9805,34.185],[-116.9806,34.185],[-116.9807,34.1851],[-116.9808,34.1851],[-116.9809,34.1851],[-116.9809,34.185],[-116.9809,34.1849],[-116.9809,34.1848],[-116.9809,34.1846],[-116.9809,34.1845],[-116.981,34.1844],[-116.981,34.1842],[-116.9809,34.1841],[-116.9809,34.184],[-116.9809,34.1839],[-116.9809,34.1838],[-116.981,34.1838],[-116.981,34.1837],[-116.9811,34.1837],[-116.9812,34.1836],[-116.9813,34.1836],[-116.9814,34.1837],[-116.9815,34.1837],[-116.9816,34.1836],[-116.9817,34.1836],[-116.9818,34.1836],[-116.9819,34.1836],[-116.982,34.1835],[-116.9821,34.1834],[-116.9823,34.1833],[-116.9824,34.1833],[-116.9825,34.1832],[-116.9826,34.1832],[-116.9827,34.1832],[-116.9827,34.1831],[-116.9827,34.183],[-116.9827,34.1829],[-116.9828,34.1829],[-116.9828,34.1828],[-116.9829,34.1828],[-116.9829,34.1827],[-116.983,34.1827],[-116.983,34.1826],[-116.9831,34.1826],[-116.9832,34.1826],[-116.9833,34.1827],[-116.9834,34.1827],[-116.9835,34.1828],[-116.9839,34.183],[-116.984,34.1831],[-116.9842,34.1832],[-116.9843,34.1833],[-116.9844,34.1834],[-116.9845,34.1835],[-116.9846,34.1835],[-116.9847,34.1835],[-116.9849,34.1835],[-116.985,34.1835],[-116.9851,34.1835],[-116.9851,34.1834],[-116.9851,34.1833],[-116.985,34.1832],[-116.985,34.1831],[-116.985,34.183],[-116.985,34.1829],[-116.9851,34.1829],[-116.9851,34.1828],[-116.9852,34.1828],[-116.9853,34.1828],[-116.9853,34.1829],[-116.9854,34.1829],[-116.9855,34.183],[-116.9856,34.183],[-116.9857,34.183],[-116.9858,34.183],[-116.9859,34.183],[-116.986,34.183],[-116.9861,34.183],[-116.9862,34.1829],[-116.9863,34.1829],[-116.9864,34.1829],[-116.9865,34.1829],[-116.9866,34.1828],[-116.9867,34.1828],[-116.9868,34.1828],[-116.9868,34.1827],[-116.9869,34.1827],[-116.987,34.1826],[-116.9871,34.1825],[-116.9872,34.1825],[-116.9874,34.1825],[-116.9874,34.1824],[-116.9875,34.1824],[-116.9876,34.1824],[-116.9877,34.1822],[-116.9878,34.1822],[-116.9878,34.1821],[-116.9879,34.1821],[-116.9881,34.182],[-116.9882,34.1818],[-116.9883,34.1818],[-116.9884,34.1817],[-116.9885,34.1817],[-116.9886,34.1817],[-116.9887,34.1817],[-116.9888,34.1817],[-116.989,34.1816],[-116.9891,34.1816],[-116.9891,34.1815],[-116.9892,34.1815],[-116.9892,34.1814],[-116.9892,34.1813],[-116.9893,34.1812],[-116.9894,34.1811],[-116.9895,34.181],[-116.9896,34.181],[-116.9897,34.1809],[-116.9897,34.1808],[-116.9898,34.1807],[-116.9899,34.1806],[-116.99,34.1806],[-116.9901,34.1805],[-116.9902,34.1805],[-116.9903,34.1805],[-116.9905,34.1805],[-116.9905,34.1806],[-116.9906,34.1806],[-116.9906,34.1807],[-116.9907,34.1808],[-116.9907,34.1811],[-116.9908,34.1812],[-116.9908,34.1813],[-116.9909,34.1813],[-116.991,34.1813],[-116.991,34.1812],[-116.9911,34.1812],[-116.9912,34.1811],[-116.9913,34.1811],[-116.9913,34.181],[-116.9914,34.181],[-116.9915,34.181],[-116.9915,34.1809],[-116.9914,34.1808],[-116.9913,34.1808],[-116.9913,34.1807],[-116.9912,34.1807],[-116.9911,34.1806],[-116.9911,34.1805],[-116.9912,34.1804],[-116.9912,34.1803],[-116.9912,34.1802],[-116.9912,34.1801],[-116.9913,34.1801],[-116.9913,34.18],[-116.9914,34.18],[-116.9915,34.18],[-116.9915,34.1801],[-116.9916,34.1802],[-116.9917,34.1802],[-116.9918,34.1802],[-116.9919,34.1802],[-116.9919,34.1803],[-116.992,34.1803],[-116.992,34.1804],[-116.9921,34.1805],[-116.9922,34.1804],[-116.9922,34.1803],[-116.9921,34.1803],[-116.992,34.1802],[-116.9919,34.1802],[-116.9919,34.1801],[-116.9918,34.1801],[-116.9918,34.18],[-116.9918,34.1799],[-116.9918,34.1798],[-116.9918,34.1797],[-116.992,34.1796],[-116.9921,34.1794],[-116.9922,34.1794],[-116.9922,34.1793],[-116.9923,34.1792],[-116.9924,34.1791],[-116.9924,34.179],[-116.9925,34.1789],[-116.9925,34.1788],[-116.9925,34.1787],[-116.9925,34.1786],[-116.9925,34.1785],[-116.9925,34.1784],[-116.9925,34.1783],[-116.9926,34.1782],[-116.9927,34.1782],[-116.9927,34.1781],[-116.9928,34.178],[-116.9929,34.178],[-116.993,34.178],[-116.9932,34.1784],[-116.9934,34.1786],[-116.9935,34.1788],[-116.9935,34.1789],[-116.9936,34.179],[-116.9936,34.1792],[-116.9937,34.1794],[-116.9938,34.1799],[-116.9939,34.1801],[-116.9939,34.1802],[-116.994,34.1803],[-116.994,34.1805],[-116.994,34.1806],[-116.9941,34.1809],[-116.9941,34.181],[-116.9941,34.1811],[-116.9942,34.1811],[-116.9943,34.1811],[-116.9944,34.1812],[-116.9945,34.1812],[-116.9946,34.1811],[-116.9947,34.1811],[-116.9948,34.1811],[-116.9949,34.181],[-116.995,34.181],[-116.9952,34.181],[-116.9953,34.1809],[-116.9954,34.1809],[-116.9956,34.1809],[-116.9957,34.1809],[-116.9958,34.1809],[-116.9959,34.1809],[-116.996,34.1808],[-116.9961,34.1807],[-116.9963,34.1806],[-116.9964,34.1804],[-116.9966,34.1803],[-116.9968,34.1801],[-116.9969,34.18],[-116.9969,34.1799],[-116.997,34.1799],[-116.997,34.1798],[-116.9972,34.1796],[-116.9973,34.1795],[-116.9974,34.1794],[-116.9975,34.1793],[-116.9976,34.1793],[-116.9977,34.1793],[-116.9979,34.1792],[-116.998,34.1792],[-116.9981,34.1792],[-116.9982,34.1791],[-116.9983,34.1787],[-116.9984,34.1785],[-116.9984,34.1784],[-116.9986,34.1782],[-116.9987,34.1781],[-116.9987,34.178],[-116.9988,34.1779],[-116.9988,34.1777],[-116.9988,34.1776],[-116.9989,34.1775],[-116.9988,34.1774],[-116.9988,34.1772],[-116.9988,34.1771],[-116.9988,34.177],[-116.9988,34.1768],[-116.9988,34.1766],[-116.9988,34.1765],[-116.9987,34.1765],[-116.9986,34.1764],[-116.9985,34.1763],[-116.9983,34.1762],[-116.9981,34.1761],[-116.9979,34.176],[-116.9978,34.1759],[-116.9977,34.1759],[-116.9977,34.1758],[-116.9977,34.1757],[-116.9977,34.1756],[-116.9977,34.1754],[-116.9978,34.1752],[-116.9978,34.1751],[-116.9979,34.175],[-116.998,34.1749],[-116.9981,34.1749],[-116.9983,34.1749],[-116.9986,34.1748],[-116.9987,34.1748],[-116.9988,34.1748],[-116.9988,34.1747],[-116.999,34.1746],[-116.9991,34.1745],[-116.9992,34.1745],[-116.9993,34.1745],[-116.9994,34.1745],[-116.9995,34.1745],[-116.9995,34.1746],[-116.9996,34.1746],[-116.9997,34.1746],[-116.9998,34.1746],[-116.9998,34.1745],[-116.9997,34.1744],[-116.9996,34.1744],[-116.9995,34.1743],[-116.9994,34.1743],[-116.9993,34.1743],[-116.9992,34.1743],[-116.9991,34.1743],[-116.9989,34.1742],[-116.9988,34.1742],[-116.9987,34.1742],[-116.9986,34.1742],[-116.9985,34.1742],[-116.9984,34.1742],[-116.9983,34.1742],[-116.9983,34.1741],[-116.9982,34.1741],[-116.9982,34.174],[-116.9983,34.174],[-116.9984,34.174],[-116.9986,34.1739],[-116.9987,34.1739],[-116.9988,34.1739],[-116.999,34.1739],[-116.999,34.1738],[-116.9991,34.1738],[-116.9992,34.1738],[-116.9993,34.1737],[-116.9994,34.1737],[-116.9995,34.1737],[-116.9996,34.1736],[-116.9997,34.1736],[-116.9998,34.1735],[-116.9999,34.1735],[-116.9999,34.1734],[-117,34.1734],[-117,34.1733],[-117.0001,34.1733],[-117.0002,34.1733],[-117.0004,34.1733],[-117.0005,34.1732],[-117.0006,34.1732],[-117.0005,34.1731],[-117.0005,34.173],[-117.0004,34.173],[-117.0004,34.1729],[-117.0004,34.1728],[-117.0005,34.1727],[-117.0006,34.1727],[-117.0006,34.1726],[-117.0007,34.1726],[-117.0008,34.1726],[-117.0009,34.1726],[-117.0009,34.1727],[-117.001,34.1727],[-117.001,34.1728],[-117.0011,34.1729],[-117.0011,34.173],[-117.0012,34.173],[-117.0013,34.1731],[-117.0015,34.1732],[-117.0016,34.1732],[-117.0017,34.1732],[-117.0018,34.1732],[-117.0019,34.1732],[-117.0019,34.1731],[-117.0019,34.173],[-117.002,34.1729],[-117.002,34.1728],[-117.0019,34.1728],[-117.0019,34.1727],[-117.0018,34.1726],[-117.0017,34.1726],[-117.0016,34.1726],[-117.0016,34.1725],[-117.0017,34.1724],[-117.0018,34.1724],[-117.002,34.1724],[-117.0021,34.1723],[-117.0022,34.1723],[-117.0023,34.1722],[-117.0024,34.1722],[-117.0025,34.1722],[-117.0026,34.1722],[-117.0027,34.1722],[-117.0028,34.1722],[-117.0029,34.1722],[-117.0031,34.1722],[-117.0033,34.1722],[-117.0034,34.1722],[-117.0035,34.1722],[-117.0036,34.1721],[-117.0037,34.172],[-117.0038,34.1719],[-117.0038,34.1718],[-117.0039,34.1718],[-117.0039,34.1717],[-117.004,34.1716],[-117.0041,34.1715],[-117.0042,34.1715],[-117.0043,34.1714],[-117.0044,34.1714],[-117.0045,34.1713],[-117.0046,34.1712],[-117.0048,34.171],[-117.0049,34.171],[-117.005,34.1709],[-117.005,34.1708],[-117.005,34.1706],[-117.0049,34.1705],[-117.0049,34.1703],[-117.0049,34.1702],[-117.005,34.1702],[-117.0051,34.1701],[-117.0052,34.1701],[-117.0052,34.17],[-117.0053,34.1699],[-117.0053,34.1698],[-117.0054,34.1698],[-117.0055,34.1697],[-117.0055,34.1696],[-117.0055,34.1695],[-117.0055,34.1694],[-117.0054,34.1693],[-117.0054,34.1692],[-117.0054,34.1691],[-117.0054,34.169],[-117.0054,34.1689],[-117.0054,34.1688],[-117.0053,34.1688],[-117.0052,34.1686],[-117.0051,34.1685],[-117.005,34.1685],[-117.0049,34.1685],[-117.0048,34.1685],[-117.0047,34.1685],[-117.0046,34.1686],[-117.0045,34.1686],[-117.0044,34.1687],[-117.0044,34.1688],[-117.0043,34.1688],[-117.0042,34.1689],[-117.0041,34.1689],[-117.004,34.1689],[-117.004,34.1688],[-117.004,34.1687],[-117.0041,34.1687],[-117.0041,34.1686],[-117.0042,34.1685],[-117.0042,34.1684],[-117.0041,34.1683],[-117.004,34.1682],[-117.0041,34.1681],[-117.0041,34.168],[-117.0041,34.1679],[-117.0042,34.1679],[-117.0044,34.1679],[-117.0045,34.1678],[-117.0046,34.1677],[-117.0048,34.1676],[-117.0049,34.1674],[-117.005,34.1672],[-117.0051,34.167],[-117.0052,34.1669],[-117.0052,34.1667],[-117.0052,34.1666],[-117.0053,34.1665],[-117.0054,34.1664],[-117.0055,34.1662]]}},{"type":"Feature","properties":{"id":"1N96","name":"KELLER PEAK","kind":"road","access":"plate","seasonal":false},"geometry":{"type":"LineString","coordinates":[[-117.0881,34.2037],[-117.088,34.2037],[-117.088,34.2036],[-117.0879,34.2035],[-117.0878,34.2034],[-117.0877,34.2031],[-117.0875,34.2028],[-117.0873,34.2024],[-117.0872,34.2023],[-117.0871,34.2022],[-117.087,34.2022],[-117.0869,34.2022],[-117.0868,34.2023],[-117.0867,34.2024],[-117.0867,34.2025],[-117.0867,34.2026],[-117.0868,34.2028],[-117.0868,34.203],[-117.0868,34.2031],[-117.0867,34.2032],[-117.0866,34.2032],[-117.0865,34.2032],[-117.0864,34.2032],[-117.0863,34.2031],[-117.0862,34.2029],[-117.0861,34.2028],[-117.086,34.2028],[-117.0859,34.2027],[-117.0857,34.2027],[-117.0856,34.2027],[-117.0841,34.2028],[-117.084,34.2028],[-117.0839,34.2028],[-117.0838,34.2028],[-117.0837,34.2027],[-117.0836,34.2026],[-117.0835,34.2026],[-117.0834,34.2026],[-117.0832,34.2026],[-117.0831,34.2026],[-117.083,34.2026],[-117.0829,34.2026],[-117.0828,34.2027],[-117.0826,34.2027],[-117.0825,34.2028],[-117.0823,34.2029],[-117.0822,34.203],[-117.0821,34.203],[-117.082,34.203],[-117.082,34.2029],[-117.0819,34.2029],[-117.0819,34.2028],[-117.0819,34.2027],[-117.0819,34.2026],[-117.082,34.2025],[-117.082,34.2024],[-117.082,34.2023],[-117.0819,34.2022],[-117.0818,34.2022],[-117.0817,34.2022],[-117.0816,34.2022],[-117.0815,34.2022],[-117.0814,34.2023],[-117.0813,34.2023],[-117.0813,34.2024],[-117.0812,34.2024],[-117.0812,34.2025],[-117.0812,34.2027],[-117.0811,34.2028],[-117.081,34.2029],[-117.0809,34.203],[-117.0808,34.2031],[-117.0807,34.2032],[-117.0805,34.2034],[-117.0802,34.2036],[-117.0801,34.2037],[-117.0799,34.2037],[-117.0798,34.2038],[-117.0798,34.2039],[-117.0797,34.2039],[-117.0797,34.204],[-117.0797,34.2041],[-117.0798,34.2042],[-117.0798,34.2043],[-117.0798,34.2044],[-117.0799,34.2045],[-117.0799,34.2046],[-117.0799,34.2047],[-117.0799,34.2048],[-117.0798,34.2049],[-117.0797,34.2049],[-117.0796,34.205],[-117.0794,34.205],[-117.0793,34.205],[-117.0792,34.205],[-117.0791,34.205],[-117.079,34.2051],[-117.0789,34.205],[-117.0788,34.205],[-117.0788,34.2049],[-117.0788,34.2048],[-117.0787,34.2047],[-117.0786,34.2047],[-117.0785,34.2046],[-117.0784,34.2046],[-117.0782,34.2047],[-117.078,34.2049],[-117.0778,34.205],[-117.0777,34.205],[-117.0776,34.2051],[-117.0775,34.2052],[-117.0774,34.2053],[-117.0773,34.2054],[-117.0772,34.2055],[-117.0772,34.2056],[-117.0771,34.2057],[-117.0771,34.2058],[-117.077,34.2061],[-117.0769,34.2063],[-117.0769,34.2065],[-117.0768,34.2066],[-117.0768,34.2067],[-117.0767,34.2068],[-117.0766,34.2069],[-117.0765,34.2069],[-117.0764,34.207],[-117.0763,34.207],[-117.0762,34.207],[-117.0761,34.2069],[-117.076,34.2069],[-117.0759,34.2069],[-117.0757,34.2069],[-117.0756,34.2069],[-117.0755,34.207],[-117.0753,34.207],[-117.0751,34.2071],[-117.075,34.2071],[-117.0749,34.2071],[-117.0748,34.207],[-117.0747,34.207],[-117.0747,34.2069],[-117.0746,34.2068],[-117.0746,34.2067],[-117.0745,34.2066],[-117.0744,34.2066],[-117.0743,34.2066],[-117.0742,34.2066],[-117.0741,34.2066],[-117.0739,34.2066],[-117.0738,34.2065],[-117.0737,34.2065],[-117.0735,34.2064],[-117.0734,34.2063],[-117.0733,34.2063],[-117.0732,34.2062],[-117.073,34.2061],[-117.0729,34.2061],[-117.0727,34.206],[-117.0726,34.206],[-117.0724,34.2059],[-117.0721,34.2059],[-117.0719,34.2058],[-117.0718,34.2058],[-117.0717,34.2057],[-117.0716,34.2057],[-117.0715,34.2056],[-117.0714,34.2056],[-117.0713,34.2056],[-117.0712,34.2056],[-117.0711,34.2056],[-117.071,34.2056],[-117.071,34.2057],[-117.071,34.2058],[-117.0709,34.2058],[-117.0708,34.2059],[-117.0708,34.206],[-117.0707,34.2061],[-117.0706,34.2061],[-117.0705,34.2062],[-117.0704,34.2063],[-117.0703,34.2063],[-117.0702,34.2064],[-117.0701,34.2064],[-117.0699,34.2064],[-117.0698,34.2064],[-117.0697,34.2064],[-117.0696,34.2064],[-117.0695,34.2064],[-117.0694,34.2064],[-117.0694,34.2065],[-117.0693,34.2065],[-117.0693,34.2066],[-117.0693,34.2067],[-117.0694,34.2067],[-117.0694,34.2068],[-117.0695,34.2069],[-117.0695,34.207],[-117.0694,34.2071],[-117.0693,34.2072],[-117.069,34.2073],[-117.0688,34.2075],[-117.0687,34.2076],[-117.0686,34.2076],[-117.0685,34.2077],[-117.0684,34.2077],[-117.0683,34.2078],[-117.0682,34.2078],[-117.0681,34.2079],[-117.0681,34.208],[-117.068,34.208],[-117.0679,34.2081],[-117.0677,34.2081],[-117.0676,34.2082],[-117.0675,34.2082],[-117.0675,34.2083],[-117.0674,34.2083],[-117.0674,34.2084],[-117.0674,34.2085],[-117.0674,34.2087],[-117.0674,34.2088],[-117.0674,34.2089],[-117.0673,34.209],[-117.0673,34.2091],[-117.0672,34.2091],[-117.0671,34.2092],[-117.067,34.2093],[-117.0669,34.2094],[-117.0668,34.2094],[-117.0667,34.2095],[-117.0666,34.2095],[-117.0665,34.2096],[-117.0663,34.2096],[-117.0662,34.2096],[-117.066,34.2097],[-117.0659,34.2097],[-117.0657,34.2097],[-117.0656,34.2097],[-117.0655,34.2098],[-117.0654,34.2098],[-117.0653,34.2098],[-117.0652,34.2099],[-117.0652,34.21],[-117.0651,34.21],[-117.065,34.2101],[-117.0648,34.2102],[-117.0647,34.2103],[-117.0646,34.2104],[-117.0644,34.2105],[-117.0643,34.2105],[-117.0641,34.2106],[-117.0639,34.2106],[-117.0638,34.2106],[-117.0636,34.2106],[-117.0633,34.2105],[-117.0632,34.2105],[-117.0632,34.2104],[-117.0631,34.2104],[-117.0631,34.2103],[-117.063,34.2102],[-117.0631,34.2101],[-117.0632,34.21],[-117.0632,34.2099],[-117.0634,34.2097],[-117.0635,34.2096],[-117.0636,34.2095],[-117.0636,34.2094],[-117.0637,34.2094],[-117.0637,34.2093],[-117.0637,34.2092],[-117.0637,34.2091],[-117.0636,34.209],[-117.0636,34.2089],[-117.0635,34.2089],[-117.0635,34.2088],[-117.0634,34.2088],[-117.0634,34.2087],[-117.0634,34.2086],[-117.0634,34.2085],[-117.0634,34.2084],[-117.0634,34.2083],[-117.0634,34.2082],[-117.0634,34.2081],[-117.0634,34.208],[-117.0633,34.2079],[-117.0633,34.2078],[-117.0632,34.2077],[-117.0632,34.2076],[-117.0631,34.2074],[-117.063,34.2073],[-117.063,34.2072],[-117.0629,34.2071],[-117.0628,34.2071],[-117.0627,34.207],[-117.0626,34.207],[-117.0625,34.2069],[-117.0624,34.2069],[-117.0622,34.2069],[-117.0618,34.2068],[-117.0617,34.2068],[-117.0616,34.2068],[-117.0615,34.2068],[-117.0615,34.2067],[-117.0614,34.2066],[-117.0614,34.2065],[-117.0614,34.2064],[-117.0615,34.2063],[-117.0615,34.2062],[-117.0614,34.2061],[-117.0613,34.206],[-117.0612,34.206],[-117.0611,34.206],[-117.061,34.206],[-117.0609,34.206],[-117.0608,34.2061],[-117.0608,34.2062],[-117.0608,34.2063],[-117.0607,34.2064],[-117.0607,34.2065],[-117.0606,34.2066],[-117.0605,34.2067],[-117.0605,34.2068],[-117.0603,34.2069],[-117.0602,34.207],[-117.06,34.207],[-117.0598,34.2071],[-117.0596,34.2072],[-117.0595,34.2072],[-117.0594,34.2072],[-117.0592,34.2072],[-117.0591,34.2072],[-117.059,34.2072],[-117.0589,34.2073],[-117.0588,34.2073],[-117.0587,34.2074],[-117.0585,34.2075],[-117.0584,34.2075],[-117.0583,34.2076],[-117.0582,34.2075],[-117.0581,34.2075],[-117.0581,34.2074],[-117.0581,34.2073],[-117.0582,34.2072],[-117.0584,34.2071],[-117.0585,34.207],[-117.0585,34.2069],[-117.0585,34.2068],[-117.0584,34.2068],[-117.0584,34.2067],[-117.0583,34.2067],[-117.0582,34.2067],[-117.0581,34.2068],[-117.0579,34.2068],[-117.0578,34.2069],[-117.0576,34.2069],[-117.0575,34.2069],[-117.0574,34.2069],[-117.0573,34.2069],[-117.0572,34.2069],[-117.0571,34.2069],[-117.057,34.2069],[-117.0569,34.207],[-117.0567,34.2071],[-117.0566,34.2071],[-117.0564,34.2071],[-117.0563,34.2071],[-117.0562,34.2072],[-117.0561,34.2072],[-117.056,34.2073],[-117.0559,34.2074],[-117.0558,34.2075],[-117.0557,34.2075],[-117.0556,34.2075],[-117.0555,34.2075],[-117.0554,34.2074],[-117.0554,34.2073],[-117.0554,34.2072],[-117.0555,34.2072],[-117.0556,34.2071],[-117.0556,34.207],[-117.0557,34.2069],[-117.0558,34.2069],[-117.0558,34.2068],[-117.0558,34.2067],[-117.0558,34.2066],[-117.0557,34.2065],[-117.0557,34.2064],[-117.0557,34.2063],[-117.0558,34.2062],[-117.0559,34.2062],[-117.0559,34.2061],[-117.056,34.206],[-117.056,34.2059],[-117.056,34.2058],[-117.056,34.2057],[-117.0559,34.2056],[-117.0557,34.2054],[-117.0556,34.2053],[-117.0553,34.2051],[-117.0552,34.205],[-117.0551,34.205],[-117.055,34.2049],[-117.0549,34.2049],[-117.0548,34.2049],[-117.0547,34.2049],[-117.0546,34.2049],[-117.0545,34.2049],[-117.0544,34.2049],[-117.0543,34.2048],[-117.0542,34.2048],[-117.0541,34.2047],[-117.054,34.2046],[-117.0539,34.2045],[-117.0538,34.2044],[-117.0537,34.2044],[-117.0536,34.2044],[-117.0535,34.2044],[-117.0534,34.2044],[-117.0533,34.2044],[-117.0532,34.2044],[-117.0531,34.2045],[-117.053,34.2045],[-117.0529,34.2045],[-117.0528,34.2046],[-117.0528,34.2045],[-117.0527,34.2045],[-117.0526,34.2045],[-117.0525,34.2044],[-117.0524,34.2044],[-117.0522,34.2043],[-117.0521,34.2042],[-117.052,34.2042],[-117.0518,34.2041],[-117.0517,34.2041],[-117.0515,34.2041],[-117.0514,34.2041],[-117.0513,34.2041],[-117.0512,34.2041],[-117.0511,34.2042],[-117.051,34.2042],[-117.0509,34.2043],[-117.0508,34.2043],[-117.0507,34.2043],[-117.0506,34.2043],[-117.0502,34.2044],[-117.0499,34.2044],[-117.0497,34.2045],[-117.0496,34.2045],[-117.0495,34.2046],[-117.0494,34.2047],[-117.0492,34.2047],[-117.049,34.2048],[-117.0487,34.2049],[-117.0485,34.2049],[-117.0484,34.205],[-117.0482,34.205],[-117.0481,34.2051],[-117.048,34.2052],[-117.0478,34.2053],[-117.0477,34.2053],[-117.0477,34.2054],[-117.0476,34.2055],[-117.0475,34.2056],[-117.0474,34.2057],[-117.0473,34.2058],[-117.0472,34.2059],[-117.0472,34.206],[-117.0471,34.2061],[-117.0471,34.2062],[-117.047,34.2063],[-117.047,34.2064],[-117.0469,34.2066],[-117.0468,34.2067],[-117.0467,34.2067],[-117.0466,34.2067],[-117.0465,34.2067],[-117.0464,34.2067],[-117.0463,34.2066],[-117.0463,34.2065],[-117.0463,34.2063],[-117.0464,34.206],[-117.0464,34.2059],[-117.0464,34.2058],[-117.0463,34.2058],[-117.0463,34.2057],[-117.0462,34.2057],[-117.0461,34.2057],[-117.046,34.2057],[-117.0459,34.2057],[-117.0458,34.2058],[-117.0457,34.2059],[-117.0456,34.2059],[-117.0455,34.206],[-117.0454,34.206],[-117.0453,34.206],[-117.0452,34.206],[-117.045,34.206],[-117.0449,34.2061],[-117.0448,34.2061],[-117.0446,34.2061],[-117.0445,34.2062],[-117.0443,34.2062],[-117.0442,34.2063],[-117.044,34.2064],[-117.0439,34.2065],[-117.0438,34.2065],[-117.0437,34.2065],[-117.0436,34.2064],[-117.0436,34.2063],[-117.0436,34.2061],[-117.0436,34.206],[-117.0437,34.2058],[-117.0438,34.2057],[-117.0439,34.2056],[-117.0439,34.2055],[-117.0439,34.2054],[-117.0438,34.2053],[-117.0438,34.2052],[-117.0438,34.2051],[-117.0437,34.205],[-117.0437,34.2049],[-117.0437,34.2048],[-117.0438,34.2048],[-117.0438,34.2047],[-117.0439,34.2046],[-117.044,34.2046],[-117.044,34.2045],[-117.044,34.2044],[-117.0439,34.2044],[-117.0438,34.2043],[-117.0436,34.2042],[-117.0435,34.2042],[-117.0433,34.2041],[-117.0432,34.2041],[-117.0431,34.204],[-117.043,34.204],[-117.043,34.2039],[-117.043,34.2038],[-117.0431,34.2037],[-117.0432,34.2037],[-117.0433,34.2036],[-117.0433,34.2035],[-117.0434,34.2035],[-117.0434,34.2034],[-117.0434,34.2033],[-117.0434,34.2032],[-117.0434,34.2031],[-117.0435,34.2031],[-117.0435,34.203],[-117.0436,34.203],[-117.0436,34.2029],[-117.0437,34.2028],[-117.0438,34.2028],[-117.0439,34.2027],[-117.0441,34.2026],[-117.0442,34.2025],[-117.0442,34.2024],[-117.0443,34.2024],[-117.0444,34.2023],[-117.0445,34.2022],[-117.0446,34.2021],[-117.0447,34.202],[-117.0447,34.2019],[-117.0446,34.2018],[-117.0445,34.2018],[-117.0445,34.2017],[-117.0444,34.2017],[-117.0444,34.2016],[-117.0444,34.2015],[-117.0444,34.2014],[-117.0443,34.2014],[-117.0443,34.2013],[-117.0444,34.2013],[-117.0444,34.2012],[-117.0445,34.2012],[-117.0445,34.2011],[-117.0445,34.201],[-117.0445,34.2009],[-117.0444,34.2009],[-117.0445,34.2008],[-117.0445,34.2007],[-117.0445,34.2006],[-117.0445,34.2005],[-117.0446,34.2004],[-117.0446,34.2003],[-117.0446,34.2002],[-117.0446,34.2001],[-117.0445,34.2001],[-117.0445,34.2],[-117.0444,34.1999],[-117.0443,34.1998],[-117.0444,34.1997],[-117.0445,34.1997],[-117.0446,34.1996],[-117.0447,34.1996],[-117.0449,34.1996],[-117.045,34.1996],[-117.0451,34.1996],[-117.0451,34.1995],[-117.0452,34.1994],[-117.0452,34.1993],[-117.0453,34.1993],[-117.0454,34.1993],[-117.0455,34.1992],[-117.0456,34.1992],[-117.0457,34.1992],[-117.0458,34.1992],[-117.0459,34.1992],[-117.046,34.1992],[-117.0461,34.1992],[-117.0462,34.1992],[-117.0463,34.1992],[-117.0464,34.1992],[-117.0464,34.1993],[-117.0465,34.1993],[-117.0465,34.1994],[-117.0465,34.1995],[-117.0465,34.1996],[-117.0465,34.1997],[-117.0464,34.1997],[-117.0464,34.1998],[-117.0465,34.1998],[-117.0465,34.1999],[-117.0466,34.1999],[-117.0467,34.1999],[-117.0468,34.1999],[-117.0469,34.1998],[-117.047,34.1998],[-117.0471,34.1998],[-117.0472,34.1999],[-117.0473,34.1999],[-117.0473,34.1998],[-117.0474,34.1998],[-117.0474,34.1997],[-117.0474,34.1996],[-117.0474,34.1995],[-117.0474,34.1994],[-117.0474,34.1993],[-117.0474,34.1992],[-117.0473,34.1991],[-117.0473,34.199],[-117.0473,34.1989],[-117.0472,34.1988],[-117.0471,34.1988],[-117.0471,34.1987],[-117.047,34.1986],[-117.047,34.1985],[-117.047,34.1984],[-117.047,34.1983],[-117.047,34.1982],[-117.047,34.1981],[-117.047,34.198],[-117.047,34.1979],[-117.0471,34.1978],[-117.0472,34.1977],[-117.0473,34.1976],[-117.0474,34.1975],[-117.0474,34.1974],[-117.0474,34.1973],[-117.0474,34.1972],[-117.0474,34.197],[-117.0474,34.1968],[-117.0474,34.1967],[-117.0475,34.1967],[-117.0475,34.1966],[-117.0476,34.1965],[-117.0477,34.1964],[-117.0478,34.1963],[-117.0478,34.1962],[-117.0479,34.1962],[-117.0479,34.1961],[-117.048,34.196],[-117.0481,34.1959],[-117.0483,34.1957],[-117.0484,34.1956],[-117.0485,34.1955],[-117.0485,34.1954],[-117.0486,34.1953],[-117.0487,34.1952],[-117.0488,34.1951],[-117.0488,34.195],[-117.0489,34.195],[-117.049,34.1949],[-117.0491,34.1949],[-117.0493,34.1949],[-117.0495,34.1949],[-117.0497,34.1949],[-117.0499,34.1949],[-117.0501,34.1949],[-117.0503,34.1949],[-117.0504,34.1949],[-117.0505,34.1949],[-117.0506,34.1949],[-117.0507,34.1949],[-117.0507,34.195],[-117.0508,34.1951],[-117.0509,34.1952],[-117.051,34.1953],[-117.0511,34.1953],[-117.0512,34.1953],[-117.0513,34.1954],[-117.0514,34.1954],[-117.0515,34.1955],[-117.0516,34.1956],[-117.0517,34.1957],[-117.0517,34.1958],[-117.0518,34.1958],[-117.0518,34.1959],[-117.0519,34.196],[-117.0519,34.1961],[-117.052,34.1963],[-117.052,34.1964],[-117.052,34.1965],[-117.052,34.1966],[-117.0519,34.1967],[-117.0518,34.1967],[-117.0517,34.1968],[-117.0515,34.1968],[-117.0513,34.1969],[-117.0512,34.1969],[-117.051,34.1969],[-117.0509,34.1969],[-117.0508,34.1969],[-117.0507,34.1969],[-117.0507,34.1968],[-117.0506,34.1968],[-117.0505,34.1967],[-117.0505,34.1966],[-117.0505,34.1965],[-117.0506,34.1964],[-117.0506,34.1963],[-117.0506,34.1962],[-117.0506,34.1961],[-117.0506,34.196],[-117.0506,34.1959],[-117.0505,34.1958],[-117.0504,34.1957],[-117.0502,34.1956],[-117.0501,34.1955],[-117.05,34.1955],[-117.0499,34.1954],[-117.0498,34.1954],[-117.0497,34.1954],[-117.0496,34.1954],[-117.0495,34.1954],[-117.0494,34.1955],[-117.0493,34.1956],[-117.0492,34.1957],[-117.0491,34.1958],[-117.049,34.1959],[-117.049,34.196],[-117.0489,34.1961],[-117.0489,34.1962],[-117.0489,34.1963],[-117.0489,34.1964],[-117.0489,34.1965],[-117.049,34.1966],[-117.0491,34.1967],[-117.0492,34.1966],[-117.0493,34.1966],[-117.0493,34.1965],[-117.0494,34.1964],[-117.0493,34.1964],[-117.0493,34.1963],[-117.0494,34.1962],[-117.0494,34.196]]}},{"type":"Feature","properties":{"id":"1S12","name":"WARM SPRINGS                  ","kind":"road","access":"plate","seasonal":false},"geometry":{"type":"LineString","coordinates":[[-117.0803,34.1205],[-117.0802,34.1204],[-117.08,34.1203],[-117.0798,34.1202],[-117.0796,34.1201],[-117.0795,34.12],[-117.0793,34.1199],[-117.0792,34.1199],[-117.0789,34.1198],[-117.0787,34.1197],[-117.0785,34.1197],[-117.078,34.1196],[-117.0778,34.1196],[-117.0775,34.1195],[-117.0773,34.1195],[-117.077,34.1195],[-117.0765,34.1194],[-117.0764,34.1194],[-117.0763,34.1194],[-117.0762,34.1193],[-117.0761,34.1192],[-117.076,34.1191],[-117.0759,34.119],[-117.0758,34.119],[-117.0757,34.119],[-117.0755,34.1191],[-117.0754,34.1191],[-117.0753,34.1191],[-117.0751,34.1192],[-117.075,34.1192],[-117.075,34.1191],[-117.0749,34.1191],[-117.0746,34.1192],[-117.0744,34.1192],[-117.0742,34.1192],[-117.0741,34.1192],[-117.074,34.1191],[-117.0739,34.1192],[-117.0738,34.1193],[-117.0737,34.1193],[-117.0735,34.1193],[-117.0734,34.1194],[-117.0732,34.1195],[-117.073,34.1195],[-117.0728,34.1195],[-117.0726,34.1196],[-117.0724,34.1196],[-117.0723,34.1196],[-117.0721,34.1196],[-117.0719,34.1196],[-117.0718,34.1196],[-117.0717,34.1195],[-117.0714,34.1195],[-117.0713,34.1195],[-117.0711,34.1194],[-117.071,34.1194],[-117.0708,34.1194],[-117.0708,34.1193],[-117.0706,34.1193],[-117.0704,34.1193],[-117.0703,34.1193],[-117.0701,34.1192],[-117.07,34.1192],[-117.0699,34.1191],[-117.0698,34.1191],[-117.0697,34.119],[-117.0697,34.1189],[-117.0697,34.1188],[-117.0696,34.1187],[-117.0696,34.1186],[-117.0695,34.1185],[-117.0695,34.1184],[-117.0694,34.1183],[-117.0693,34.1183],[-117.0692,34.1183],[-117.0691,34.1183],[-117.0691,34.1184],[-117.0691,34.1185],[-117.069,34.1186],[-117.0689,34.1187],[-117.0688,34.1187],[-117.0687,34.1187],[-117.0686,34.1187],[-117.0685,34.1187],[-117.0684,34.1187],[-117.0682,34.1188],[-117.0681,34.1188],[-117.068,34.1189],[-117.0679,34.1189],[-117.0678,34.1189],[-117.0677,34.1189],[-117.0676,34.1189],[-117.0674,34.1189],[-117.0673,34.119],[-117.0671,34.119],[-117.0667,34.119],[-117.0665,34.119],[-117.0664,34.119],[-117.0663,34.119],[-117.0662,34.119],[-117.0661,34.119],[-117.066,34.119],[-117.0659,34.119],[-117.0658,34.119],[-117.0657,34.119],[-117.0656,34.119],[-117.0655,34.119],[-117.0654,34.119],[-117.0653,34.119],[-117.0652,34.119],[-117.0651,34.119],[-117.065,34.1189],[-117.0648,34.1189],[-117.0646,34.1189],[-117.0645,34.1189],[-117.0644,34.1189],[-117.0643,34.1189],[-117.0642,34.1189],[-117.0642,34.119],[-117.0642,34.1191],[-117.0642,34.1192],[-117.0641,34.1192],[-117.064,34.1192],[-117.0639,34.1192],[-117.0638,34.1192],[-117.0637,34.1192],[-117.0636,34.1192],[-117.0635,34.1192],[-117.0634,34.1192],[-117.0633,34.1193],[-117.0632,34.1193],[-117.0631,34.1193],[-117.063,34.1193],[-117.0629,34.1194],[-117.0628,34.1194],[-117.0627,34.1194],[-117.0626,34.1193],[-117.0624,34.1193],[-117.0623,34.1192],[-117.0622,34.1192],[-117.0621,34.1191],[-117.062,34.1191],[-117.062,34.119],[-117.0619,34.119],[-117.0617,34.119],[-117.0616,34.119],[-117.0615,34.119],[-117.0614,34.119],[-117.0614,34.1189],[-117.0615,34.1189],[-117.0616,34.1188],[-117.0616,34.1187],[-117.0616,34.1186],[-117.0616,34.1185],[-117.0617,34.1184],[-117.0617,34.1183],[-117.0616,34.1182],[-117.0616,34.1181],[-117.0616,34.118],[-117.0615,34.118],[-117.0615,34.1179],[-117.0615,34.1177],[-117.0614,34.1177],[-117.0614,34.1176],[-117.0614,34.1174],[-117.0613,34.1173],[-117.0613,34.1172],[-117.0613,34.1171],[-117.0613,34.117],[-117.0613,34.1169],[-117.0612,34.1168],[-117.061,34.1166],[-117.061,34.1165],[-117.0609,34.1165],[-117.0609,34.1164],[-117.0608,34.1163],[-117.0607,34.1163],[-117.0607,34.1164],[-117.0606,34.1164],[-117.0607,34.1165],[-117.0607,34.1166],[-117.0607,34.1167],[-117.0607,34.1168],[-117.0607,34.117],[-117.0607,34.1171],[-117.0607,34.1172],[-117.0607,34.1173],[-117.0606,34.1174],[-117.0606,34.1175],[-117.0605,34.1175],[-117.0605,34.1176],[-117.0603,34.1176],[-117.0602,34.1177],[-117.0598,34.1178],[-117.0596,34.1179],[-117.0595,34.1179],[-117.0594,34.1179],[-117.0593,34.1179],[-117.0592,34.1179],[-117.0591,34.1179],[-117.059,34.1178],[-117.0589,34.1177],[-117.0588,34.1177],[-117.0587,34.1177],[-117.0586,34.1177],[-117.0585,34.1177],[-117.0583,34.1177],[-117.0582,34.1177],[-117.0581,34.1177],[-117.058,34.1176],[-117.0579,34.1176],[-117.0578,34.1176],[-117.0576,34.1177],[-117.0575,34.1177],[-117.0574,34.1176],[-117.0574,34.1175],[-117.0574,34.1174],[-117.0575,34.1173],[-117.0575,34.1172],[-117.0575,34.1171],[-117.0574,34.1171],[-117.0574,34.117],[-117.0573,34.117],[-117.0573,34.1169],[-117.0572,34.1168],[-117.0573,34.1167],[-117.0574,34.1166],[-117.0574,34.1165],[-117.0574,34.1164],[-117.0573,34.1164],[-117.0573,34.1163],[-117.0572,34.1163],[-117.0572,34.1162],[-117.0573,34.1161],[-117.0573,34.116],[-117.0573,34.1159],[-117.0572,34.1158],[-117.0572,34.1156],[-117.0571,34.1155],[-117.0571,34.1154],[-117.057,34.1154],[-117.0569,34.1153],[-117.0569,34.1152],[-117.0568,34.1151],[-117.0568,34.115],[-117.0568,34.1149],[-117.0568,34.1148],[-117.0567,34.1147],[-117.0566,34.1147],[-117.0565,34.1147],[-117.0564,34.1147],[-117.0564,34.1148],[-117.0563,34.1149],[-117.0562,34.1149],[-117.0561,34.115],[-117.056,34.115],[-117.0559,34.115],[-117.0558,34.1151],[-117.0557,34.1151],[-117.0557,34.1152],[-117.0557,34.1153],[-117.0557,34.1154],[-117.0556,34.1156],[-117.0555,34.1156],[-117.0555,34.1157],[-117.0554,34.1157],[-117.0553,34.1157],[-117.0551,34.1157],[-117.055,34.1157],[-117.055,34.1156],[-117.055,34.1155],[-117.055,34.1154],[-117.0549,34.1153],[-117.0549,34.1152],[-117.0549,34.1151],[-117.0548,34.115],[-117.0547,34.1149],[-117.0546,34.1148],[-117.0546,34.1147],[-117.0545,34.1147],[-117.0545,34.1146],[-117.0544,34.1146],[-117.0543,34.1146],[-117.0542,34.1145],[-117.0541,34.1146],[-117.054,34.1146],[-117.0539,34.1146],[-117.0538,34.1146],[-117.0538,34.1147],[-117.0537,34.1148],[-117.0537,34.1149],[-117.0537,34.115],[-117.0536,34.1151],[-117.0536,34.1152],[-117.0535,34.1152],[-117.0534,34.1152],[-117.0533,34.1152],[-117.0532,34.1151],[-117.0531,34.1151],[-117.053,34.1151],[-117.0529,34.1151],[-117.0528,34.1151],[-117.0527,34.1151],[-117.0526,34.1152],[-117.0525,34.1152],[-117.0524,34.1151],[-117.0523,34.1151],[-117.0523,34.115],[-117.0522,34.1151],[-117.0521,34.1151],[-117.052,34.1153],[-117.0519,34.1153],[-117.0519,34.1154],[-117.0519,34.1155],[-117.0519,34.1156],[-117.0518,34.1157],[-117.0517,34.1158],[-117.0516,34.1158],[-117.0516,34.1159],[-117.0515,34.1159],[-117.0515,34.116],[-117.0514,34.1161],[-117.0513,34.1161],[-117.0512,34.1161],[-117.0512,34.116],[-117.0511,34.1161],[-117.051,34.1161],[-117.0509,34.1161],[-117.0508,34.1161],[-117.0507,34.1161],[-117.0506,34.1161],[-117.0505,34.1161],[-117.0504,34.116],[-117.0503,34.1159],[-117.0502,34.1159],[-117.0501,34.1159],[-117.05,34.1158],[-117.0499,34.1158],[-117.0498,34.1157],[-117.0497,34.1157],[-117.0496,34.1156],[-117.0495,34.1156],[-117.0494,34.1157],[-117.0494,34.1158],[-117.0494,34.1159],[-117.0494,34.116],[-117.0493,34.116],[-117.0492,34.116],[-117.0491,34.116],[-117.049,34.116],[-117.0487,34.1159],[-117.0486,34.1158],[-117.0485,34.1158],[-117.0484,34.1159],[-117.0483,34.116],[-117.0482,34.116],[-117.0482,34.1159],[-117.0481,34.1159],[-117.0481,34.1158],[-117.048,34.1158],[-117.048,34.1157],[-117.048,34.1156],[-117.048,34.1155],[-117.0479,34.1155],[-117.0479,34.1154],[-117.0478,34.1154],[-117.0477,34.1154],[-117.0476,34.1153],[-117.0475,34.1153],[-117.0474,34.1152],[-117.0473,34.1153],[-117.0472,34.1153],[-117.0471,34.1153],[-117.0471,34.1152],[-117.047,34.1151],[-117.0469,34.1151],[-117.0468,34.1152],[-117.0467,34.1152],[-117.0467,34.1153],[-117.0466,34.1153],[-117.0465,34.1153],[-117.0464,34.1154],[-117.0463,34.1154],[-117.0463,34.1155],[-117.0462,34.1155],[-117.0461,34.1155],[-117.046,34.1155],[-117.046,34.1154],[-117.0459,34.1154],[-117.0459,34.1153],[-117.0458,34.1152],[-117.0457,34.1152],[-117.0456,34.1152],[-117.0455,34.1152],[-117.0455,34.1151],[-117.0455,34.115],[-117.0455,34.1149],[-117.0456,34.1148],[-117.0456,34.1146],[-117.0456,34.1145],[-117.0455,34.1144],[-117.0454,34.1144],[-117.0453,34.1143],[-117.0452,34.1143],[-117.0451,34.1143],[-117.0451,34.1142],[-117.045,34.1142],[-117.045,34.1141],[-117.045,34.114],[-117.0449,34.114],[-117.0448,34.1139],[-117.0447,34.1139],[-117.0446,34.1139],[-117.0446,34.1138],[-117.0446,34.1137],[-117.0445,34.1137],[-117.0445,34.1136],[-117.0444,34.1135],[-117.0443,34.1135],[-117.0442,34.1134],[-117.0441,34.1134],[-117.0441,34.1133],[-117.044,34.1132],[-117.044,34.1131],[-117.0439,34.113],[-117.0437,34.113],[-117.0437,34.1129],[-117.0436,34.1128],[-117.0435,34.1127],[-117.0435,34.1126],[-117.0434,34.1125],[-117.0434,34.1124],[-117.0434,34.1123],[-117.0435,34.1123],[-117.0435,34.1122],[-117.0436,34.1121],[-117.0436,34.112],[-117.0435,34.112],[-117.0434,34.1119],[-117.0433,34.1119],[-117.0432,34.1119],[-117.0431,34.1118],[-117.043,34.1117],[-117.043,34.1116],[-117.0429,34.1116],[-117.0428,34.1115],[-117.0428,34.1114],[-117.0427,34.1114],[-117.0426,34.1113],[-117.0426,34.1112],[-117.0426,34.1111],[-117.0425,34.111],[-117.0424,34.1111],[-117.0423,34.1111],[-117.0423,34.1112],[-117.0422,34.1112],[-117.0421,34.1112],[-117.042,34.1112],[-117.042,34.1111],[-117.0419,34.1111],[-117.0418,34.1112],[-117.0417,34.1112],[-117.0417,34.1111],[-117.0416,34.111],[-117.0415,34.1109],[-117.0415,34.1108],[-117.0414,34.1108],[-117.0413,34.1107],[-117.0412,34.1107],[-117.0411,34.1107],[-117.0411,34.1108],[-117.0411,34.1109],[-117.0411,34.111],[-117.0411,34.1111],[-117.0411,34.1112],[-117.0411,34.1113],[-117.0412,34.1114],[-117.0412,34.1116],[-117.0413,34.1116],[-117.0413,34.1117],[-117.0412,34.1118],[-117.0411,34.1118],[-117.041,34.1117],[-117.0409,34.1116],[-117.0407,34.1115],[-117.0406,34.1114],[-117.0405,34.1114],[-117.0404,34.1114],[-117.0403,34.1114],[-117.0402,34.1114],[-117.0402,34.1113],[-117.0401,34.1113],[-117.04,34.1114],[-117.04,34.1115],[-117.04,34.1116],[-117.04,34.1117],[-117.0399,34.1117],[-117.0399,34.1118],[-117.0398,34.1119],[-117.0398,34.112],[-117.0397,34.112],[-117.0396,34.1121],[-117.0395,34.1121],[-117.0394,34.1121],[-117.0393,34.1121],[-117.0392,34.1121],[-117.0391,34.112],[-117.0389,34.112],[-117.0388,34.112],[-117.0388,34.1121],[-117.0387,34.1122],[-117.0386,34.1123],[-117.0385,34.1124],[-117.0384,34.1124],[-117.0383,34.1124],[-117.0382,34.1124],[-117.0381,34.1124],[-117.038,34.1124],[-117.0379,34.1123],[-117.0379,34.1122],[-117.0378,34.1122],[-117.0377,34.112],[-117.0376,34.1119],[-117.0376,34.1118],[-117.0376,34.1117],[-117.0375,34.1117],[-117.0375,34.1116],[-117.0374,34.1116],[-117.0373,34.1115],[-117.0372,34.1115],[-117.0371,34.1113],[-117.037,34.1112],[-117.0369,34.1112],[-117.0369,34.1111],[-117.0368,34.111],[-117.0367,34.1109],[-117.0365,34.1109],[-117.0364,34.1109],[-117.0363,34.1108],[-117.0362,34.1108],[-117.0361,34.1107],[-117.036,34.1106],[-117.036,34.1105],[-117.036,34.1104],[-117.036,34.1103],[-117.0361,34.1103],[-117.036,34.1102],[-117.036,34.1101],[-117.036,34.11],[-117.0359,34.1099],[-117.0358,34.1098],[-117.0358,34.1097],[-117.0357,34.1096],[-117.0357,34.1094],[-117.0357,34.1093],[-117.0356,34.1093],[-117.0355,34.1092],[-117.0354,34.1093],[-117.0353,34.1094],[-117.0353,34.1095],[-117.0352,34.1095],[-117.0352,34.1096],[-117.0352,34.1097],[-117.0352,34.1098],[-117.0351,34.1099],[-117.0351,34.11],[-117.035,34.11],[-117.0349,34.11],[-117.0348,34.11],[-117.0347,34.11],[-117.0346,34.11],[-117.0345,34.11],[-117.0345,34.1099],[-117.0344,34.1099],[-117.0343,34.1099],[-117.0342,34.1099],[-117.0341,34.1099],[-117.034,34.1099],[-117.034,34.11],[-117.034,34.1101],[-117.034,34.1102],[-117.0339,34.1103],[-117.0338,34.1104],[-117.0338,34.1105],[-117.0339,34.1106],[-117.034,34.1106],[-117.034,34.1107],[-117.0339,34.1107],[-117.0339,34.1108],[-117.0338,34.1109],[-117.0338,34.111],[-117.0338,34.1111],[-117.0339,34.1111],[-117.034,34.1112],[-117.0341,34.1112],[-117.0342,34.1112],[-117.0343,34.1113],[-117.0343,34.1114],[-117.0344,34.1115],[-117.0344,34.1116],[-117.0343,34.1117],[-117.0343,34.1118],[-117.0342,34.1118],[-117.0341,34.1119],[-117.0341,34.112],[-117.034,34.1122],[-117.0339,34.1123],[-117.0339,34.1124],[-117.0338,34.1124],[-117.0338,34.1125],[-117.0337,34.1125],[-117.0336,34.1124],[-117.0335,34.1124],[-117.0334,34.1124],[-117.0333,34.1124],[-117.0332,34.1123],[-117.033,34.1124],[-117.0329,34.1124],[-117.0328,34.1124],[-117.0327,34.1125],[-117.0327,34.1126],[-117.0326,34.1126],[-117.0325,34.1126],[-117.0324,34.1126],[-117.0322,34.1126],[-117.0321,34.1126],[-117.032,34.1126],[-117.0319,34.1126],[-117.0318,34.1126],[-117.0317,34.1126],[-117.0316,34.1127],[-117.0315,34.1127],[-117.0314,34.1128],[-117.0312,34.1128],[-117.0311,34.1128],[-117.031,34.1128],[-117.0309,34.1127],[-117.0308,34.1127],[-117.0306,34.1127],[-117.0305,34.1127],[-117.0303,34.1127],[-117.0302,34.1127],[-117.0301,34.1127],[-117.03,34.1127],[-117.0299,34.1127],[-117.0298,34.1126],[-117.0297,34.1126],[-117.0297,34.1125],[-117.0296,34.1125]]}},{"type":"Feature","properties":{"id":"2N11","name":"SANTA ANA DIVIDE","kind":"road","access":"plate","seasonal":false},"geometry":{"type":"LineString","coordinates":[[-116.9607,34.2151],[-116.9609,34.215],[-116.961,34.215],[-116.9611,34.215],[-116.9612,34.2149],[-116.9613,34.2149],[-116.9614,34.2149],[-116.9615,34.2149],[-116.9615,34.2148],[-116.9615,34.2147],[-116.9615,34.2146],[-116.9614,34.2145],[-116.9614,34.2144],[-116.9615,34.2144],[-116.9615,34.2143],[-116.9616,34.2143],[-116.9616,34.2142],[-116.9617,34.214],[-116.9617,34.2139],[-116.9618,34.2139],[-116.9619,34.2139],[-116.962,34.2139],[-116.9621,34.214],[-116.9622,34.2141],[-116.9623,34.2141],[-116.9624,34.2142],[-116.9625,34.2143],[-116.9626,34.2144],[-116.9627,34.2144],[-116.9628,34.2145],[-116.9629,34.2145],[-116.963,34.2146],[-116.9631,34.2147],[-116.9631,34.2148],[-116.9632,34.2148],[-116.9632,34.2149],[-116.9633,34.2149],[-116.9634,34.2149],[-116.9635,34.2149],[-116.9637,34.2149],[-116.9638,34.2149],[-116.964,34.2149],[-116.9641,34.2149],[-116.9642,34.2149],[-116.9643,34.2148],[-116.9644,34.2148],[-116.9645,34.2148],[-116.9646,34.2148],[-116.9646,34.2147],[-116.9647,34.2148],[-116.9648,34.2148],[-116.9649,34.2147],[-116.965,34.2147],[-116.965,34.2146],[-116.9651,34.2146],[-116.9651,34.2145],[-116.9652,34.2144],[-116.9653,34.2143],[-116.9653,34.2142],[-116.9653,34.2141],[-116.9654,34.214],[-116.9654,34.2139],[-116.9655,34.2138],[-116.9656,34.2137],[-116.9657,34.2136],[-116.9658,34.2136],[-116.9659,34.2136],[-116.9659,34.2135],[-116.966,34.2135],[-116.9661,34.2135],[-116.9662,34.2135],[-116.9663,34.2135],[-116.9664,34.2135],[-116.9665,34.2135],[-116.9665,34.2136],[-116.9666,34.2136],[-116.9666,34.2137],[-116.9667,34.2137],[-116.9668,34.2137],[-116.9669,34.2137],[-116.967,34.2137],[-116.9671,34.2137],[-116.9672,34.2137],[-116.9673,34.2138],[-116.9674,34.2138],[-116.9675,34.2138],[-116.9676,34.2138],[-116.9677,34.2138],[-116.9678,34.2138],[-116.9678,34.2139],[-116.9679,34.2139],[-116.968,34.2139],[-116.9681,34.2139],[-116.9682,34.2139],[-116.9683,34.2138],[-116.9684,34.2138],[-116.9685,34.2138],[-116.9686,34.2139],[-116.9686,34.2138],[-116.9687,34.2138],[-116.9688,34.2138],[-116.9688,34.2137],[-116.9689,34.2137],[-116.969,34.2136],[-116.9691,34.2136],[-116.9692,34.2136],[-116.9694,34.2135],[-116.9695,34.2134],[-116.9697,34.2133],[-116.9698,34.2132],[-116.9699,34.2131],[-116.97,34.2131],[-116.9701,34.2131],[-116.9702,34.2131],[-116.9703,34.2132],[-116.9704,34.2133],[-116.9705,34.2133],[-116.9706,34.2134],[-116.9707,34.2134],[-116.9708,34.2134],[-116.971,34.2135],[-116.9711,34.2135],[-116.9712,34.2135],[-116.9713,34.2135],[-116.9714,34.2135],[-116.9715,34.2136]]}},{"type":"Feature","properties":{"id":"2N21","name":"SUGARLUMP","kind":"road","access":"plate","seasonal":false},"geometry":{"type":"LineString","coordinates":[[-116.8728,34.2122],[-116.8726,34.2121],[-116.8724,34.212],[-116.8723,34.2119],[-116.8722,34.2119],[-116.8721,34.2119],[-116.872,34.212],[-116.872,34.2121],[-116.872,34.2123],[-116.8721,34.2125],[-116.8721,34.2126],[-116.8721,34.2127],[-116.8721,34.2128],[-116.872,34.2129],[-116.8719,34.2131],[-116.8719,34.2133],[-116.8718,34.2134],[-116.8717,34.2135],[-116.8716,34.2136],[-116.8715,34.2137],[-116.8714,34.2137],[-116.8713,34.2137],[-116.8712,34.2136],[-116.8711,34.2135],[-116.8709,34.2134],[-116.8708,34.2133],[-116.8707,34.2131],[-116.8705,34.2129],[-116.8704,34.2128],[-116.8703,34.2125],[-116.8702,34.2123],[-116.8701,34.2122],[-116.87,34.2121],[-116.87,34.212],[-116.8699,34.212],[-116.8699,34.2119],[-116.8698,34.2119],[-116.8697,34.2119],[-116.8697,34.212],[-116.8697,34.2121],[-116.8697,34.2122],[-116.8698,34.2123],[-116.8698,34.2124],[-116.8698,34.2125]]}},{"type":"Feature","properties":{"id":"1N39","name":"HEART BAR STATION","kind":"road","access":"plate","seasonal":false},"geometry":{"type":"LineString","coordinates":[[-116.8039,34.1615],[-116.8039,34.1614],[-116.8037,34.1614],[-116.8036,34.1613],[-116.8034,34.1613],[-116.8032,34.1612],[-116.8029,34.1612],[-116.8027,34.1612],[-116.8024,34.1611],[-116.8023,34.1611],[-116.8022,34.161],[-116.8021,34.161],[-116.8019,34.1609],[-116.8017,34.1608],[-116.8016,34.1607],[-116.8014,34.1607],[-116.8013,34.1607],[-116.8012,34.1606],[-116.8009,34.1605],[-116.8006,34.1603],[-116.8004,34.1602],[-116.8003,34.1602],[-116.8001,34.1602],[-116.7998,34.1601],[-116.7996,34.16],[-116.7994,34.16],[-116.7992,34.1599],[-116.7991,34.1598],[-116.799,34.1598],[-116.799,34.1597],[-116.7989,34.1596],[-116.7989,34.1595],[-116.7988,34.1594],[-116.7988,34.1593],[-116.7987,34.1591],[-116.7985,34.1589],[-116.7984,34.159],[-116.7983,34.1591],[-116.7982,34.1592],[-116.798,34.1594],[-116.7979,34.1596],[-116.7978,34.1596],[-116.7977,34.1596],[-116.7976,34.1597],[-116.7975,34.1597],[-116.7974,34.1597],[-116.7972,34.1598],[-116.7971,34.1598],[-116.797,34.1598],[-116.7968,34.1598],[-116.7966,34.1599],[-116.7964,34.1599],[-116.7964,34.16],[-116.7963,34.16],[-116.7962,34.1601],[-116.7961,34.1602],[-116.796,34.1603],[-116.7959,34.1603],[-116.7958,34.1604],[-116.7957,34.1605],[-116.7956,34.1605]]}},{"type":"Feature","properties":{"id":"2N11","name":"SANTA ANA DIVIDE","kind":"road","access":"plate","seasonal":false},"geometry":{"type":"LineString","coordinates":[[-116.9715,34.2136],[-116.9716,34.2136],[-116.9717,34.2136],[-116.9718,34.2136],[-116.9719,34.2136],[-116.972,34.2136],[-116.9721,34.2135],[-116.9723,34.2135],[-116.9724,34.2134],[-116.9725,34.2134],[-116.9726,34.2134],[-116.9727,34.2134],[-116.9728,34.2135],[-116.9729,34.2135],[-116.973,34.2135],[-116.9731,34.2135],[-116.9732,34.2135],[-116.9733,34.2136],[-116.9734,34.2136],[-116.9735,34.2137],[-116.9736,34.2138],[-116.9737,34.2139],[-116.9737,34.214],[-116.9737,34.2141],[-116.9737,34.2142],[-116.9737,34.2144],[-116.9737,34.2145],[-116.9737,34.2146],[-116.9738,34.2147],[-116.9739,34.2147],[-116.9739,34.2148],[-116.974,34.2149],[-116.974,34.215],[-116.9741,34.2151],[-116.9741,34.2152],[-116.9741,34.2153],[-116.9742,34.2154],[-116.9742,34.2155],[-116.9743,34.2155],[-116.9744,34.2155],[-116.9745,34.2155],[-116.9746,34.2155],[-116.9747,34.2155],[-116.9748,34.2154],[-116.9749,34.2154],[-116.975,34.2153],[-116.9751,34.2153],[-116.9751,34.2152],[-116.9752,34.2152],[-116.9752,34.2151],[-116.9753,34.2151],[-116.9753,34.215],[-116.9754,34.215],[-116.9755,34.215],[-116.9757,34.2151],[-116.9758,34.2151],[-116.9759,34.2151],[-116.976,34.2152],[-116.9761,34.2152],[-116.9762,34.2152],[-116.9763,34.2152],[-116.9764,34.2152],[-116.9765,34.2152],[-116.9766,34.2152],[-116.9767,34.2152],[-116.9768,34.2152],[-116.9769,34.2151],[-116.9769,34.215],[-116.977,34.2149],[-116.9771,34.2148],[-116.9772,34.2148],[-116.9772,34.2147],[-116.9773,34.2146],[-116.9774,34.2145],[-116.9775,34.2144],[-116.9776,34.2143],[-116.9777,34.2142],[-116.9778,34.2141],[-116.9779,34.214],[-116.9779,34.2139],[-116.978,34.2139],[-116.978,34.2138],[-116.9781,34.2138],[-116.9782,34.2138],[-116.9782,34.2137],[-116.9783,34.2137],[-116.9784,34.2137],[-116.9785,34.2137],[-116.9786,34.2137],[-116.9787,34.2137],[-116.9788,34.2137],[-116.9788,34.2136],[-116.9789,34.2136],[-116.979,34.2136],[-116.9791,34.2136],[-116.9792,34.2135],[-116.9794,34.2135],[-116.9795,34.2134],[-116.9796,34.2134]]}},{"type":"Feature","properties":{"id":"1N28","name":"COUNCIL CAMP CAMPGROUND       ","kind":"road","access":"plate","seasonal":false},"geometry":{"type":"LineString","coordinates":[[-116.8837,34.1707],[-116.8835,34.1707],[-116.8828,34.1709]]}},{"type":"Feature","properties":{"id":"1N57","name":"WILDHORSE EQUESTRIAN CG","kind":"road","access":"plate","seasonal":false},"geometry":{"type":"LineString","coordinates":[[-116.7817,34.1552],[-116.7815,34.1553],[-116.7814,34.1553],[-116.7813,34.1554],[-116.7812,34.1554],[-116.7811,34.1555],[-116.781,34.1555],[-116.7809,34.1555],[-116.7808,34.1556],[-116.7807,34.1556],[-116.7807,34.1557],[-116.7806,34.1557],[-116.7805,34.1557],[-116.7804,34.1557],[-116.7803,34.1557],[-116.7802,34.1558],[-116.7801,34.1558],[-116.78,34.1558],[-116.7799,34.1559],[-116.7799,34.156],[-116.78,34.156],[-116.7801,34.156],[-116.7802,34.156],[-116.7803,34.156],[-116.7805,34.1559],[-116.7806,34.1558],[-116.7806,34.1557]]}},{"type":"Feature","properties":{"id":"1N13","name":"SANTA ANA","kind":"road","access":"plate","seasonal":false},"geometry":{"type":"LineString","coordinates":[[-117.047,34.1598],[-117.047,34.1597],[-117.047,34.1596],[-117.047,34.1595],[-117.0471,34.1594],[-117.0472,34.1592],[-117.0473,34.1591],[-117.0475,34.1588],[-117.0476,34.1586],[-117.0478,34.1584],[-117.0479,34.1582],[-117.0481,34.1581],[-117.0483,34.158],[-117.0485,34.1578],[-117.0487,34.1577],[-117.0489,34.1575],[-117.0492,34.1573],[-117.0495,34.1569],[-117.0499,34.1566],[-117.0502,34.1564],[-117.0503,34.1562],[-117.0505,34.1562],[-117.0505,34.1561],[-117.0506,34.156],[-117.0508,34.1558],[-117.051,34.1556],[-117.0513,34.1554],[-117.0516,34.1552],[-117.0519,34.1549],[-117.0519,34.1548],[-117.0519,34.1547],[-117.0518,34.1546],[-117.0516,34.1546],[-117.0515,34.1546],[-117.0515,34.1545],[-117.0516,34.1544],[-117.0517,34.1544],[-117.0518,34.1544],[-117.052,34.1544],[-117.0522,34.1544],[-117.0523,34.1544],[-117.0524,34.1544],[-117.0525,34.1543],[-117.0524,34.1543],[-117.0524,34.1542],[-117.0522,34.1541],[-117.0521,34.1541],[-117.0521,34.154],[-117.0521,34.1539],[-117.0521,34.1538],[-117.052,34.1537],[-117.0519,34.1536],[-117.0519,34.1535],[-117.0519,34.1534],[-117.0518,34.1534],[-117.0518,34.1533],[-117.0517,34.1532]]}},{"type":"Feature","properties":{"id":"1N19","name":"WILDHORSE","kind":"road","access":"plate","seasonal":false},"geometry":{"type":"LineString","coordinates":[[-116.765,34.2057],[-116.7648,34.2057],[-116.7647,34.2058],[-116.7645,34.2058],[-116.7644,34.2059],[-116.7642,34.206],[-116.764,34.206],[-116.7639,34.206],[-116.7637,34.2062],[-116.7637,34.2063],[-116.7637,34.2064],[-116.7638,34.2065],[-116.7639,34.2065],[-116.764,34.2065],[-116.7642,34.2065],[-116.7643,34.2066],[-116.7644,34.2066],[-116.7645,34.2067],[-116.7644,34.2068],[-116.7644,34.2069],[-116.7643,34.2071],[-116.7642,34.2073],[-116.7641,34.2074],[-116.764,34.2075],[-116.7639,34.2077],[-116.7637,34.2079],[-116.7636,34.208],[-116.7635,34.2081],[-116.7634,34.2082],[-116.7632,34.2082]]}},{"type":"Feature","properties":{"id":"2N10F","name":"SKI","kind":"road","access":"plate","seasonal":false},"geometry":{"type":"LineString","coordinates":[[-116.8744,34.2226],[-116.8742,34.2225],[-116.874,34.2225],[-116.8738,34.2224],[-116.8737,34.2223],[-116.8736,34.2223],[-116.8735,34.2222],[-116.8733,34.2221],[-116.8732,34.222],[-116.873,34.2218],[-116.8729,34.2217],[-116.8728,34.2217],[-116.8727,34.2217],[-116.8726,34.2216],[-116.8724,34.2216],[-116.8723,34.2216],[-116.8722,34.2216],[-116.8721,34.2216],[-116.8721,34.2217],[-116.8721,34.2218],[-116.8721,34.2219],[-116.8721,34.222],[-116.8722,34.2221],[-116.8723,34.2221],[-116.8724,34.2222],[-116.8725,34.2223],[-116.8726,34.2224],[-116.8728,34.2224],[-116.8729,34.2225],[-116.873,34.2225],[-116.873,34.2226],[-116.8731,34.2227],[-116.8732,34.2227],[-116.8732,34.2228],[-116.8732,34.2229],[-116.8732,34.223],[-116.8733,34.2231],[-116.8734,34.2232],[-116.8734,34.2233],[-116.8734,34.2234],[-116.8734,34.2235],[-116.8734,34.2236],[-116.8733,34.2237],[-116.8732,34.2238],[-116.8731,34.2238],[-116.873,34.2239],[-116.8728,34.224],[-116.8727,34.224],[-116.8726,34.224],[-116.8725,34.224],[-116.8724,34.224],[-116.8722,34.224],[-116.8721,34.224],[-116.872,34.224],[-116.872,34.2239],[-116.872,34.2238],[-116.8719,34.2237],[-116.8719,34.2236],[-116.8718,34.2235],[-116.8717,34.2234],[-116.8717,34.2233],[-116.8716,34.2232],[-116.8716,34.2231],[-116.8716,34.223],[-116.8715,34.2228],[-116.8715,34.2227],[-116.8714,34.2226],[-116.8712,34.2225],[-116.8711,34.2224],[-116.871,34.2223],[-116.8709,34.2222],[-116.8709,34.2221],[-116.8708,34.222],[-116.8708,34.2219],[-116.8707,34.2218],[-116.8705,34.2217],[-116.8704,34.2216],[-116.8703,34.2215],[-116.8702,34.2213],[-116.8701,34.2213],[-116.87,34.2212],[-116.8699,34.2212],[-116.8698,34.2212],[-116.8699,34.2213],[-116.87,34.2214],[-116.8701,34.2214],[-116.8701,34.2215],[-116.8701,34.2216],[-116.8701,34.2217],[-116.87,34.2217],[-116.8699,34.2217],[-116.8699,34.2216],[-116.8698,34.2215],[-116.8697,34.2214],[-116.8696,34.2213],[-116.8695,34.2212],[-116.8694,34.2211],[-116.8693,34.2211],[-116.8692,34.221],[-116.8691,34.221],[-116.8689,34.221],[-116.8688,34.2209],[-116.8687,34.2209],[-116.8686,34.221],[-116.8685,34.221],[-116.8684,34.2209],[-116.8684,34.2208],[-116.8683,34.2206],[-116.8683,34.2205],[-116.8682,34.2203],[-116.8682,34.2202],[-116.8682,34.2201],[-116.8682,34.22],[-116.8681,34.2196],[-116.8681,34.2194],[-116.868,34.2193],[-116.8679,34.2192],[-116.8678,34.2192],[-116.8678,34.2191],[-116.8678,34.219],[-116.8677,34.219],[-116.8676,34.219]]}},{"type":"Feature","properties":{"id":"2N45Y","name":"DEER GROUP CAMP","kind":"road","access":"plate","seasonal":false},"geometry":{"type":"LineString","coordinates":[[-116.9196,34.2213],[-116.9194,34.2212],[-116.9193,34.2212],[-116.9191,34.2212],[-116.9189,34.2212],[-116.9186,34.2214],[-116.9183,34.2215],[-116.918,34.2216],[-116.9179,34.2216],[-116.9178,34.2217],[-116.9177,34.2217],[-116.9176,34.2218],[-116.9176,34.2219],[-116.9175,34.222],[-116.9175,34.2219],[-116.9174,34.2218],[-116.9175,34.2216],[-116.9175,34.2214],[-116.9175,34.2212],[-116.9175,34.221],[-116.9174,34.2208],[-116.9173,34.2207],[-116.9172,34.2207],[-116.9171,34.2207],[-116.9169,34.2208],[-116.9168,34.2208],[-116.9167,34.2208],[-116.9166,34.2207],[-116.9165,34.2207],[-116.9164,34.2206],[-116.9163,34.2205],[-116.9162,34.2204],[-116.9161,34.2204],[-116.9161,34.2203],[-116.9161,34.2201],[-116.9162,34.22],[-116.9163,34.2197],[-116.9164,34.2196],[-116.9164,34.2194],[-116.9165,34.2193],[-116.9165,34.2192],[-116.9165,34.2191],[-116.9165,34.219],[-116.9164,34.2189]]}},{"type":"Feature","properties":{"id":"1N02A","name":"HEART BAR EQUESTRIAN GC       ","kind":"road","access":"plate","seasonal":false},"geometry":{"type":"MultiLineString","coordinates":[[[-116.7793,34.1534],[-116.7792,34.1535],[-116.7791,34.1536],[-116.7791,34.1537],[-116.779,34.1538],[-116.779,34.1539],[-116.779,34.154],[-116.779,34.1541],[-116.779,34.1542],[-116.7785,34.1544],[-116.7781,34.1546],[-116.778,34.1547],[-116.7778,34.1549],[-116.7776,34.155],[-116.7775,34.155],[-116.7775,34.1551],[-116.7775,34.1552],[-116.7776,34.1553],[-116.7777,34.1553],[-116.7778,34.1553],[-116.7779,34.1553]],[[-116.7779,34.1553],[-116.778,34.1554],[-116.7781,34.1555],[-116.7782,34.1556],[-116.7783,34.1557],[-116.7782,34.1558],[-116.7781,34.1558],[-116.7779,34.1559]],[[-116.7779,34.1553],[-116.778,34.1552],[-116.7781,34.1552],[-116.7783,34.1551],[-116.7785,34.1551],[-116.7786,34.1551],[-116.7787,34.155],[-116.7787,34.1549],[-116.7788,34.1548],[-116.7789,34.1548],[-116.779,34.1546],[-116.779,34.1545],[-116.779,34.1543],[-116.779,34.1542]]]}},{"type":"Feature","properties":{"id":"1N56","name":"HEART BAR CAMPGROUND","kind":"road","access":"plate","seasonal":false},"geometry":{"type":"MultiLineString","coordinates":[[[-116.7853,34.1588],[-116.7854,34.1588],[-116.7856,34.1588],[-116.7858,34.1588],[-116.7859,34.1588]],[[-116.7859,34.1588],[-116.7859,34.1589]],[[-116.7859,34.1589],[-116.7864,34.1589]],[[-116.7859,34.1588],[-116.7861,34.1587],[-116.7862,34.1588],[-116.7864,34.1588],[-116.7865,34.1588]],[[-116.7859,34.1589],[-116.786,34.1589],[-116.7861,34.1589],[-116.7862,34.1589],[-116.7863,34.1589],[-116.7864,34.1589]],[[-116.7865,34.1588],[-116.7864,34.1588],[-116.7864,34.1589]],[[-116.7865,34.1588],[-116.7866,34.1588],[-116.7867,34.1588]],[[-116.7867,34.1588],[-116.7868,34.1588],[-116.7868,34.1589],[-116.7868,34.159],[-116.7868,34.1591],[-116.7868,34.1592],[-116.7868,34.1593]],[[-116.7868,34.1593],[-116.7867,34.1594],[-116.7866,34.1594],[-116.7864,34.1594]],[[-116.7867,34.1588],[-116.7869,34.1588],[-116.787,34.1587],[-116.7872,34.1587],[-116.7874,34.1587],[-116.7875,34.1587],[-116.7877,34.1586],[-116.7879,34.1586],[-116.788,34.1585],[-116.7881,34.1585],[-116.7882,34.1585],[-116.7883,34.1585],[-116.7884,34.1585],[-116.7886,34.1586],[-116.7887,34.1586],[-116.7888,34.1586],[-116.789,34.1586]],[[-116.7868,34.1593],[-116.7868,34.1594],[-116.7869,34.1595],[-116.787,34.1596],[-116.7871,34.1596],[-116.7872,34.1597],[-116.7874,34.1598],[-116.7876,34.1598],[-116.7877,34.1599],[-116.7878,34.1599],[-116.7879,34.1599],[-116.788,34.1598],[-116.7881,34.1598],[-116.7883,34.1597],[-116.7884,34.1597],[-116.7885,34.1596],[-116.7886,34.1595],[-116.7886,34.1593],[-116.7886,34.1592],[-116.7887,34.1591],[-116.7887,34.1589],[-116.7887,34.1588],[-116.7887,34.1587],[-116.7887,34.1586]],[[-116.7867,34.1588],[-116.7867,34.1587],[-116.7867,34.1586],[-116.7866,34.1586],[-116.7865,34.1585],[-116.7864,34.1585],[-116.7863,34.1585],[-116.7862,34.1584],[-116.7861,34.1584],[-116.786,34.1583],[-116.786,34.1582],[-116.786,34.1581],[-116.7861,34.158],[-116.7862,34.158],[-116.7864,34.1581],[-116.7865,34.1581],[-116.7866,34.1581],[-116.7867,34.1581],[-116.7868,34.1581],[-116.787,34.1581],[-116.7871,34.1581],[-116.7872,34.1581],[-116.7873,34.1581],[-116.7874,34.1581],[-116.7876,34.1581],[-116.7877,34.1581],[-116.7878,34.1581],[-116.788,34.1581],[-116.7881,34.1581],[-116.7882,34.1581],[-116.7883,34.1581],[-116.7884,34.1581],[-116.7885,34.158],[-116.7887,34.158],[-116.7888,34.158],[-116.7889,34.158],[-116.789,34.1581],[-116.789,34.1582],[-116.789,34.1583],[-116.789,34.1584],[-116.789,34.1585],[-116.789,34.1586],[-116.7892,34.1586],[-116.7894,34.1586],[-116.7895,34.1587],[-116.7896,34.1587]],[[-116.7896,34.1587],[-116.7897,34.1588],[-116.7898,34.1588],[-116.7899,34.1588],[-116.7901,34.1588],[-116.7903,34.1588],[-116.7904,34.1589]],[[-116.7904,34.1589],[-116.7905,34.1589],[-116.7906,34.1589],[-116.7908,34.159],[-116.7909,34.159],[-116.791,34.1591],[-116.7912,34.1591],[-116.7913,34.1592],[-116.7914,34.1592],[-116.7916,34.1593],[-116.7917,34.1594],[-116.7918,34.1594],[-116.7919,34.1594],[-116.792,34.1594],[-116.7921,34.1595]],[[-116.7904,34.1589],[-116.7903,34.159],[-116.7903,34.1591],[-116.7902,34.1593],[-116.7901,34.1594],[-116.79,34.1595],[-116.7899,34.1596],[-116.7898,34.1597],[-116.7898,34.1598],[-116.7897,34.16],[-116.7898,34.1601],[-116.7899,34.1602],[-116.7901,34.1602],[-116.7902,34.1602],[-116.7903,34.1603],[-116.7905,34.1603],[-116.7906,34.1603],[-116.7907,34.1604],[-116.7908,34.1604],[-116.7909,34.1605],[-116.791,34.1605],[-116.791,34.1606],[-116.791,34.1607],[-116.7911,34.1607],[-116.7912,34.1608],[-116.7913,34.1608],[-116.7914,34.1608],[-116.7915,34.1608],[-116.7916,34.1607],[-116.7918,34.1607],[-116.7919,34.1606],[-116.792,34.1606],[-116.7921,34.1605],[-116.7922,34.1604],[-116.7923,34.1604],[-116.7924,34.1603],[-116.7926,34.1602],[-116.7928,34.1601],[-116.7929,34.16],[-116.793,34.1599],[-116.7931,34.1599],[-116.7932,34.16],[-116.7933,34.16],[-116.7934,34.16],[-116.7935,34.16],[-116.7936,34.16],[-116.7937,34.1599],[-116.7939,34.1598],[-116.794,34.1597],[-116.7942,34.1596],[-116.7943,34.1595],[-116.7944,34.1594],[-116.7944,34.1593],[-116.7945,34.1592],[-116.7945,34.1591],[-116.7946,34.1591],[-116.7947,34.159],[-116.7948,34.159],[-116.7948,34.1591],[-116.7949,34.1591],[-116.7948,34.1592],[-116.7947,34.1592],[-116.7946,34.1593],[-116.7945,34.1593],[-116.7945,34.1594],[-116.7944,34.1594]],[[-116.7896,34.1587],[-116.7897,34.1586],[-116.7897,34.1584],[-116.7898,34.1583],[-116.7898,34.1581],[-116.7898,34.1579],[-116.7899,34.1578],[-116.7899,34.1577],[-116.7899,34.1576],[-116.79,34.1576],[-116.7902,34.1575],[-116.7904,34.1575],[-116.7906,34.1575],[-116.7908,34.1575],[-116.791,34.1574],[-116.7911,34.1575],[-116.7913,34.1575],[-116.7914,34.1576],[-116.7915,34.1576],[-116.7917,34.1577],[-116.7918,34.1578],[-116.7919,34.1578],[-116.792,34.1578],[-116.7922,34.1578],[-116.7923,34.1578],[-116.7925,34.1578],[-116.7927,34.1579],[-116.7928,34.1579],[-116.7929,34.1579],[-116.7931,34.1579],[-116.7932,34.1579],[-116.7934,34.1579],[-116.7935,34.1579],[-116.7936,34.1579],[-116.7937,34.1578],[-116.7938,34.1579],[-116.7939,34.1579],[-116.794,34.158],[-116.794,34.1581],[-116.794,34.1582],[-116.794,34.1583],[-116.7939,34.1584],[-116.7938,34.1585],[-116.7937,34.1585],[-116.7936,34.1585],[-116.7934,34.1586],[-116.7933,34.1586],[-116.793,34.1587],[-116.7928,34.1588],[-116.7927,34.1589],[-116.7925,34.1589],[-116.7924,34.159],[-116.7923,34.1591],[-116.7922,34.1592],[-116.7922,34.1593],[-116.7921,34.1595],[-116.7923,34.1595],[-116.7924,34.1595],[-116.7926,34.1596],[-116.7927,34.1596],[-116.7928,34.1597],[-116.7929,34.1597],[-116.7929,34.1598],[-116.793,34.1599]]]}},{"type":"Feature","properties":{"id":"1N64A","name":"SLIDE LAKE                    ","kind":"road","access":"plate","seasonal":false},"geometry":{"type":"LineString","coordinates":[[-116.9981,34.1792],[-116.9982,34.1794],[-116.9983,34.1795],[-116.9984,34.1796],[-116.9985,34.1797],[-116.9986,34.1797],[-116.9987,34.1797],[-116.9988,34.1797],[-116.9988,34.1798],[-116.9988,34.1799],[-116.9988,34.18],[-116.9988,34.1801],[-116.9987,34.1802],[-116.9988,34.1802],[-116.9987,34.1805],[-116.9987,34.1806],[-116.9987,34.1807],[-116.9988,34.1808],[-116.9988,34.1809],[-116.9989,34.1809],[-116.999,34.1809],[-116.9991,34.1809],[-116.9992,34.1809],[-116.9993,34.1809],[-116.9994,34.1809],[-116.9995,34.1809],[-116.9996,34.1809],[-116.9997,34.181],[-116.9998,34.181],[-116.9998,34.1811],[-116.9999,34.1812],[-117,34.1812],[-117,34.1813],[-117.0001,34.1814],[-117.0002,34.1814],[-117.0003,34.1815],[-117.0005,34.1815],[-117.0006,34.1816],[-117.0007,34.1816],[-117.0008,34.1817],[-117.0009,34.1817],[-117.0009,34.1818],[-117.001,34.1818],[-117.0011,34.1819],[-117.0012,34.182],[-117.0013,34.1821],[-117.0014,34.1822],[-117.0014,34.1823],[-117.0015,34.1824],[-117.0016,34.1825],[-117.0016,34.1826],[-117.0017,34.1827],[-117.0018,34.1828],[-117.0019,34.1828],[-117.0021,34.1829],[-117.0022,34.1829],[-117.0023,34.1829],[-117.0025,34.1829],[-117.0026,34.1829],[-117.0027,34.1829],[-117.0029,34.1829],[-117.003,34.1829],[-117.0031,34.1829],[-117.0032,34.1829],[-117.0033,34.1829],[-117.0033,34.1828],[-117.0033,34.1827],[-117.0032,34.1826],[-117.0032,34.1825],[-117.0031,34.1824],[-117.0031,34.1823],[-117.003,34.1822],[-117.003,34.1821],[-117.003,34.182],[-117.0029,34.1819],[-117.0029,34.1817],[-117.0029,34.1815],[-117.0029,34.1813],[-117.0029,34.1812],[-117.0029,34.1811],[-117.003,34.181],[-117.003,34.1809],[-117.003,34.1808],[-117.0031,34.1806],[-117.0031,34.1805],[-117.0031,34.1803],[-117.0032,34.1802],[-117.0032,34.1801],[-117.0032,34.18],[-117.0033,34.1798],[-117.0033,34.1797],[-117.0033,34.1796],[-117.0034,34.1796],[-117.0034,34.1795],[-117.0034,34.1794],[-117.0034,34.1793],[-117.0034,34.1792],[-117.0035,34.1792],[-117.0035,34.1791],[-117.0036,34.1791],[-117.0037,34.179],[-117.0038,34.179],[-117.0038,34.1791],[-117.0037,34.1792],[-117.0036,34.1793],[-117.0036,34.1794],[-117.0037,34.1794],[-117.0038,34.1796],[-117.0038,34.1797],[-117.0039,34.1798],[-117.0039,34.1799],[-117.0039,34.18],[-117.0038,34.1801],[-117.0038,34.1802],[-117.0038,34.1803],[-117.0038,34.1804],[-117.0039,34.1805],[-117.0039,34.1806],[-117.0039,34.1807],[-117.004,34.1807],[-117.004,34.1808],[-117.004,34.1809],[-117.0041,34.181],[-117.0041,34.1811],[-117.004,34.1811],[-117.004,34.1812],[-117.0041,34.1812],[-117.0041,34.1813],[-117.0042,34.1813],[-117.0042,34.1814],[-117.0043,34.1814],[-117.0043,34.1815],[-117.0043,34.1816],[-117.0044,34.1816],[-117.0044,34.1817],[-117.0045,34.1818],[-117.0046,34.1819],[-117.0047,34.1819],[-117.0047,34.182],[-117.0048,34.182],[-117.0048,34.1821],[-117.0049,34.1822],[-117.005,34.1823],[-117.005,34.1825],[-117.0051,34.1826],[-117.0052,34.1827],[-117.0052,34.1828],[-117.0053,34.1829],[-117.0054,34.183],[-117.0055,34.1831],[-117.0056,34.1831],[-117.0057,34.1832],[-117.0058,34.1833],[-117.0059,34.1833],[-117.006,34.1834],[-117.0061,34.1835],[-117.0062,34.1836],[-117.0063,34.1836],[-117.0064,34.1837],[-117.0064,34.1838],[-117.0065,34.1838],[-117.0066,34.1839],[-117.0067,34.184],[-117.0068,34.184],[-117.0069,34.1841],[-117.007,34.1841],[-117.0071,34.1841],[-117.0071,34.184],[-117.0072,34.1839],[-117.0072,34.1838],[-117.0072,34.1837],[-117.0072,34.1836],[-117.0071,34.1835],[-117.007,34.1834],[-117.0069,34.1833],[-117.0069,34.1832],[-117.0069,34.1831],[-117.0069,34.183],[-117.007,34.1829],[-117.007,34.1828],[-117.0071,34.1827],[-117.0071,34.1826],[-117.0072,34.1825],[-117.0072,34.1824],[-117.0073,34.1823],[-117.0073,34.1822],[-117.0074,34.1821],[-117.0074,34.182],[-117.0075,34.182],[-117.0075,34.1819],[-117.0076,34.1818],[-117.0076,34.1817],[-117.0076,34.1816],[-117.0076,34.1815],[-117.0077,34.1814],[-117.0077,34.1813],[-117.0077,34.1812],[-117.0078,34.1811],[-117.0079,34.1812],[-117.008,34.1814],[-117.008,34.1816],[-117.008,34.1818],[-117.008,34.182],[-117.0081,34.1821],[-117.0081,34.1822],[-117.008,34.1823],[-117.008,34.1824],[-117.0079,34.1824],[-117.0079,34.1825],[-117.0079,34.1826],[-117.008,34.1826],[-117.0079,34.1827],[-117.008,34.1828],[-117.008,34.1829],[-117.0079,34.1829],[-117.0079,34.183],[-117.008,34.1831],[-117.008,34.1832],[-117.008,34.1833],[-117.0081,34.1834],[-117.008,34.1835],[-117.008,34.1836],[-117.008,34.1837],[-117.008,34.1838],[-117.008,34.1839],[-117.008,34.184],[-117.008,34.1841],[-117.0081,34.1842],[-117.0082,34.1843],[-117.0082,34.1844],[-117.0083,34.1844],[-117.0083,34.1845],[-117.0084,34.1845],[-117.0084,34.1846],[-117.0085,34.1846],[-117.0085,34.1847],[-117.0085,34.1848],[-117.0085,34.1849],[-117.0085,34.185],[-117.0086,34.1851],[-117.0086,34.1852],[-117.0087,34.1853],[-117.0087,34.1854]]}},{"type":"Feature","properties":{"id":"1N86B","name":"STETSON HOLLOW","kind":"road","access":"plate","seasonal":false},"geometry":{"type":"LineString","coordinates":[[-116.917,34.1619],[-116.9169,34.162],[-116.9167,34.162],[-116.9166,34.1621],[-116.9166,34.1622],[-116.9165,34.1623],[-116.9164,34.1624],[-116.9163,34.1624],[-116.9163,34.1625],[-116.9162,34.1625],[-116.9161,34.1625],[-116.916,34.1624],[-116.9159,34.1624],[-116.9158,34.1625],[-116.9157,34.1625],[-116.9156,34.1625],[-116.9156,34.1626],[-116.9155,34.1626],[-116.9155,34.1628],[-116.9155,34.1629],[-116.9154,34.163],[-116.9154,34.1632],[-116.9154,34.1634],[-116.9154,34.1635],[-116.9155,34.1637],[-116.9155,34.1638],[-116.9155,34.164],[-116.9155,34.1642],[-116.9155,34.1643],[-116.9156,34.1645],[-116.9157,34.1646],[-116.9157,34.1648],[-116.9158,34.1648],[-116.9158,34.165],[-116.9157,34.1651],[-116.9156,34.1652],[-116.9155,34.1653],[-116.9154,34.1654],[-116.9153,34.1655],[-116.9153,34.1656],[-116.9152,34.1657],[-116.9151,34.1658],[-116.9151,34.166],[-116.9151,34.1661],[-116.915,34.1662],[-116.9149,34.1663],[-116.9148,34.1664],[-116.9147,34.1665],[-116.9146,34.1666],[-116.9146,34.1667],[-116.9146,34.1669],[-116.9146,34.167],[-116.9146,34.1671],[-116.9145,34.1672],[-116.9143,34.1672],[-116.914,34.1673],[-116.9137,34.1674],[-116.9134,34.1674],[-116.9131,34.1675],[-116.9129,34.1676],[-116.9127,34.1677],[-116.9124,34.1677],[-116.9122,34.1677],[-116.912,34.1678],[-116.9119,34.1678],[-116.9118,34.1679],[-116.9118,34.1681],[-116.9119,34.1682],[-116.912,34.1682],[-116.9122,34.1683],[-116.9123,34.1684],[-116.9124,34.1686],[-116.9125,34.1687],[-116.9125,34.1689],[-116.9125,34.1691],[-116.9125,34.1693],[-116.9125,34.1696],[-116.9124,34.1698],[-116.9123,34.1699],[-116.9122,34.17],[-116.9119,34.1701],[-116.9118,34.1701],[-116.9117,34.1702],[-116.9117,34.1703],[-116.9117,34.1704],[-116.9117,34.1705],[-116.9118,34.1706],[-116.9118,34.1707],[-116.9117,34.1708],[-116.9116,34.1708],[-116.9115,34.1709],[-116.9115,34.171],[-116.9114,34.1711],[-116.9114,34.1712],[-116.9113,34.1714],[-116.9113,34.1715],[-116.9112,34.1716],[-116.9113,34.1717],[-116.9114,34.1717],[-116.9116,34.1718],[-116.9117,34.1718],[-116.9118,34.1718],[-116.9121,34.1719],[-116.9122,34.1719],[-116.9123,34.1719],[-116.9124,34.1719],[-116.9126,34.1719],[-116.9128,34.1719],[-116.9129,34.1718],[-116.9129,34.1717],[-116.9129,34.1716],[-116.913,34.1715],[-116.9131,34.1714],[-116.9132,34.1713],[-116.9132,34.1712],[-116.9133,34.171],[-116.9134,34.1709],[-116.9134,34.1708],[-116.9135,34.1708],[-116.9136,34.1707],[-116.9137,34.1706],[-116.9137,34.1705],[-116.9138,34.1704]]}},{"type":"Feature","properties":{"id":"2N93","name":"WILDHORSE MEADOW","kind":"road","access":"plate","seasonal":false},"geometry":{"type":"LineString","coordinates":[[-116.7534,34.1742],[-116.7534,34.1744],[-116.7534,34.1745],[-116.7534,34.1746],[-116.7533,34.1747],[-116.7532,34.1749],[-116.7531,34.1751],[-116.7529,34.1753],[-116.7528,34.1755],[-116.7527,34.1756],[-116.7526,34.1758],[-116.7525,34.1759],[-116.7524,34.1759],[-116.7523,34.176],[-116.7522,34.176],[-116.7521,34.176],[-116.7519,34.176],[-116.7518,34.176],[-116.7516,34.1761],[-116.7515,34.1761],[-116.7513,34.1761],[-116.7511,34.1761],[-116.7509,34.1761],[-116.7507,34.1761],[-116.7506,34.1762],[-116.7505,34.1762],[-116.7504,34.1762],[-116.7503,34.1762],[-116.7501,34.1762],[-116.75,34.1763],[-116.7499,34.1763],[-116.7498,34.1764],[-116.7497,34.1765],[-116.7496,34.1767],[-116.7495,34.1768],[-116.7495,34.1769],[-116.7494,34.177],[-116.7493,34.177],[-116.7493,34.1771],[-116.7492,34.1772],[-116.7491,34.1773],[-116.7491,34.1774],[-116.7491,34.1775],[-116.749,34.1775],[-116.749,34.1777],[-116.7489,34.1777],[-116.7488,34.1778],[-116.7487,34.1779],[-116.7486,34.178],[-116.7485,34.178],[-116.7484,34.1781],[-116.7482,34.1782],[-116.7481,34.1783],[-116.748,34.1783],[-116.7479,34.1784],[-116.7477,34.1785],[-116.7475,34.1786],[-116.7474,34.1787],[-116.7473,34.1788],[-116.7472,34.1789],[-116.7471,34.179],[-116.747,34.1791],[-116.747,34.1792],[-116.747,34.1793],[-116.747,34.1794],[-116.7469,34.1795],[-116.7469,34.1796],[-116.747,34.1797],[-116.7471,34.1797],[-116.7472,34.1796],[-116.7473,34.1795],[-116.7474,34.1794],[-116.7475,34.1793],[-116.7476,34.1793],[-116.7478,34.1792],[-116.7479,34.1791],[-116.7481,34.1791],[-116.7483,34.179],[-116.7484,34.179],[-116.7486,34.1789],[-116.7488,34.1788],[-116.7489,34.1788],[-116.7491,34.1788],[-116.7492,34.1788],[-116.7493,34.1789],[-116.7494,34.1789],[-116.7495,34.179],[-116.7497,34.1791],[-116.7498,34.1793],[-116.7499,34.1793],[-116.7499,34.1794],[-116.7499,34.1795],[-116.7499,34.1796],[-116.7499,34.1798],[-116.7498,34.1799],[-116.7499,34.18],[-116.7499,34.1801],[-116.75,34.1801],[-116.75,34.1802],[-116.7501,34.1803],[-116.7502,34.1803],[-116.7503,34.1804],[-116.7503,34.1805],[-116.7503,34.1806],[-116.7503,34.1807],[-116.7503,34.1808],[-116.7503,34.1809],[-116.7502,34.181],[-116.7502,34.1811],[-116.7503,34.1813],[-116.7503,34.1814],[-116.7504,34.1815],[-116.7504,34.1816],[-116.7505,34.1817],[-116.7506,34.1818],[-116.7506,34.182],[-116.7507,34.182],[-116.7507,34.1821],[-116.7508,34.1821],[-116.7508,34.1822],[-116.7509,34.1822],[-116.751,34.1823],[-116.751,34.1824],[-116.7511,34.1825],[-116.7512,34.1825],[-116.7513,34.1826],[-116.7513,34.1827],[-116.7514,34.1828],[-116.7515,34.1829],[-116.7515,34.183],[-116.7516,34.1832],[-116.7517,34.1833],[-116.7518,34.1834],[-116.7519,34.1834],[-116.7521,34.1833],[-116.7522,34.1832],[-116.7523,34.1831],[-116.7523,34.183],[-116.7524,34.1829],[-116.7523,34.1828],[-116.7523,34.1827],[-116.7522,34.1826],[-116.7522,34.1825],[-116.7521,34.1824],[-116.752,34.1823],[-116.7519,34.1821],[-116.7519,34.182],[-116.7519,34.1819],[-116.7518,34.1818],[-116.7518,34.1817],[-116.7518,34.1815],[-116.7519,34.1815],[-116.7519,34.1814],[-116.752,34.1813],[-116.7521,34.1812],[-116.7521,34.1811],[-116.752,34.181],[-116.752,34.1809],[-116.752,34.1808],[-116.752,34.1807],[-116.752,34.1806],[-116.752,34.1805],[-116.7519,34.1804],[-116.7519,34.1803],[-116.7519,34.1802],[-116.7519,34.18],[-116.752,34.1799],[-116.7522,34.1798],[-116.7523,34.1797],[-116.7525,34.1796],[-116.7526,34.1795],[-116.7527,34.1795],[-116.7528,34.1794],[-116.7528,34.1793],[-116.7529,34.1792],[-116.753,34.1792],[-116.7531,34.1791],[-116.7532,34.179],[-116.7533,34.179],[-116.7534,34.179],[-116.7536,34.179],[-116.7538,34.179],[-116.7539,34.179],[-116.7539,34.1791],[-116.7539,34.1792],[-116.7539,34.1793],[-116.754,34.1793],[-116.7541,34.1794],[-116.7542,34.1795],[-116.7543,34.1796],[-116.7544,34.1797],[-116.7545,34.1797],[-116.7546,34.1797],[-116.7547,34.1796],[-116.7547,34.1795],[-116.7547,34.1794],[-116.7548,34.1793],[-116.7549,34.1792],[-116.755,34.1792],[-116.7552,34.1792],[-116.7554,34.1792],[-116.7556,34.1792],[-116.7557,34.1793],[-116.7558,34.1793],[-116.7559,34.1794],[-116.756,34.1795],[-116.7561,34.1796],[-116.7562,34.1796],[-116.7563,34.1795],[-116.7563,34.1794],[-116.7564,34.1793],[-116.7565,34.1792],[-116.7566,34.1792],[-116.7567,34.1792],[-116.7568,34.1792],[-116.7569,34.1792],[-116.757,34.1793],[-116.7571,34.1794],[-116.7572,34.1795],[-116.7573,34.1796],[-116.7574,34.1797],[-116.7575,34.1797],[-116.7575,34.1798],[-116.7576,34.1799],[-116.7577,34.1798],[-116.7578,34.1798],[-116.7578,34.1797],[-116.7578,34.1796],[-116.7579,34.1796],[-116.758,34.1795],[-116.7581,34.1795],[-116.7582,34.1795],[-116.7583,34.1795],[-116.7584,34.1795],[-116.7585,34.1794],[-116.7587,34.1794],[-116.7588,34.1793],[-116.7589,34.1793],[-116.759,34.1793],[-116.7591,34.1793],[-116.7592,34.1793],[-116.7594,34.1793],[-116.7595,34.1793],[-116.7597,34.1794],[-116.7598,34.1794],[-116.7599,34.1794],[-116.76,34.1794],[-116.7601,34.1795],[-116.7602,34.1796],[-116.7603,34.1797],[-116.7605,34.1797],[-116.7606,34.1797],[-116.7607,34.1798],[-116.7608,34.1799],[-116.7609,34.1799],[-116.761,34.1799],[-116.7611,34.1799],[-116.7612,34.1798],[-116.7613,34.1797],[-116.7614,34.1797],[-116.7615,34.1797],[-116.7617,34.1796],[-116.7618,34.1796],[-116.762,34.1796],[-116.7621,34.1795],[-116.7623,34.1795],[-116.7624,34.1795],[-116.7625,34.1796],[-116.7626,34.1796],[-116.7626,34.1797],[-116.7627,34.1798],[-116.7628,34.1798],[-116.7629,34.1798],[-116.763,34.1799],[-116.7631,34.1799],[-116.7632,34.1799],[-116.7634,34.1799],[-116.7636,34.1798],[-116.7638,34.1798],[-116.7639,34.1798],[-116.764,34.1799],[-116.7642,34.1799],[-116.7644,34.1799],[-116.7644,34.18],[-116.7645,34.18],[-116.7646,34.1801],[-116.7647,34.1802],[-116.7649,34.1804],[-116.765,34.1805],[-116.7651,34.1805],[-116.7652,34.1806],[-116.7653,34.1807],[-116.7653,34.1808],[-116.7653,34.1809],[-116.7653,34.181],[-116.7653,34.1811],[-116.7652,34.1813],[-116.7652,34.1814],[-116.7651,34.1816],[-116.7651,34.1817],[-116.7651,34.1818],[-116.7651,34.1819],[-116.7652,34.182],[-116.7653,34.182],[-116.7654,34.1819],[-116.7655,34.1818],[-116.7656,34.1817],[-116.7657,34.1817],[-116.7658,34.1817],[-116.7659,34.1818],[-116.766,34.1819],[-116.766,34.182],[-116.7661,34.1821],[-116.7662,34.1822],[-116.7663,34.1822],[-116.7664,34.1821],[-116.7665,34.1821],[-116.7665,34.182],[-116.7665,34.1819],[-116.7666,34.1817],[-116.7666,34.1816],[-116.7667,34.1816],[-116.7667,34.1815],[-116.7667,34.1814],[-116.7667,34.1812],[-116.7667,34.1811],[-116.7667,34.181],[-116.7668,34.1809],[-116.7668,34.1808],[-116.7669,34.1807],[-116.7669,34.1806],[-116.7669,34.1805],[-116.767,34.1804],[-116.767,34.1803],[-116.7671,34.1802],[-116.7672,34.1802],[-116.7673,34.1801],[-116.7674,34.1801],[-116.7676,34.1801],[-116.7677,34.1801],[-116.7677,34.1802],[-116.7677,34.1803],[-116.7677,34.1804],[-116.7676,34.1806],[-116.7675,34.1807],[-116.7675,34.1808],[-116.7674,34.1809],[-116.7674,34.181],[-116.7674,34.1811],[-116.7675,34.1812],[-116.7676,34.1813],[-116.7677,34.1813],[-116.7678,34.1813],[-116.7678,34.1814],[-116.768,34.1814],[-116.7681,34.1815],[-116.7682,34.1815],[-116.7682,34.1816],[-116.7683,34.1816],[-116.7683,34.1817],[-116.7683,34.1818],[-116.7684,34.1819],[-116.7685,34.182],[-116.7686,34.1821],[-116.7687,34.1823],[-116.7688,34.1824],[-116.769,34.1824],[-116.7691,34.1825],[-116.7692,34.1825],[-116.7693,34.1825],[-116.7694,34.1825],[-116.7696,34.1825],[-116.7698,34.1824],[-116.7699,34.1825],[-116.77,34.1825],[-116.77,34.1826],[-116.7701,34.1827],[-116.7701,34.1828],[-116.7701,34.1829],[-116.77,34.183],[-116.77,34.1831],[-116.77,34.1832],[-116.77,34.1833],[-116.7701,34.1834],[-116.7701,34.1835],[-116.7702,34.1835],[-116.7703,34.1835],[-116.7704,34.1835],[-116.7705,34.1835],[-116.7708,34.1835],[-116.771,34.1835],[-116.7712,34.1835],[-116.7713,34.1835],[-116.7713,34.1836],[-116.7714,34.1837],[-116.7714,34.1838],[-116.7713,34.1839],[-116.7713,34.1841],[-116.7712,34.1842],[-116.7712,34.1843],[-116.7711,34.1844],[-116.771,34.1844],[-116.7709,34.1845],[-116.7708,34.1847],[-116.7707,34.1848],[-116.7706,34.1849],[-116.7706,34.185],[-116.7705,34.1851],[-116.7705,34.1852],[-116.7704,34.1854],[-116.7704,34.1855],[-116.7705,34.1856],[-116.7706,34.1856],[-116.7707,34.1856],[-116.7708,34.1856],[-116.7709,34.1856],[-116.7711,34.1855],[-116.7712,34.1855],[-116.7713,34.1855],[-116.7714,34.1854],[-116.7715,34.1854],[-116.7715,34.1853],[-116.7716,34.1853],[-116.7717,34.1852],[-116.7718,34.1852],[-116.7719,34.1852],[-116.772,34.1852],[-116.7721,34.1852],[-116.7722,34.1851],[-116.7723,34.1851],[-116.7724,34.1851],[-116.7725,34.1851],[-116.7725,34.185],[-116.7726,34.1849],[-116.7727,34.1849],[-116.7728,34.1848],[-116.7729,34.1847],[-116.773,34.1847],[-116.7731,34.1846],[-116.7732,34.1846],[-116.7733,34.1846],[-116.7734,34.1846],[-116.7735,34.1847],[-116.7736,34.1848],[-116.7737,34.1849],[-116.7738,34.185],[-116.7739,34.185],[-116.774,34.185],[-116.7741,34.185],[-116.7744,34.1849],[-116.7747,34.1849],[-116.7748,34.1848],[-116.7749,34.1848],[-116.775,34.1848],[-116.7751,34.1848],[-116.7754,34.1847],[-116.7755,34.1847],[-116.7757,34.1846],[-116.7758,34.1846],[-116.776,34.1845],[-116.7761,34.1845],[-116.7762,34.1846],[-116.7763,34.1846],[-116.7763,34.1848],[-116.7763,34.185],[-116.7762,34.1851],[-116.7761,34.1852],[-116.776,34.1854],[-116.7759,34.1855],[-116.7758,34.1856],[-116.7757,34.1857],[-116.7755,34.1858],[-116.7753,34.186],[-116.7751,34.1861],[-116.775,34.1862],[-116.775,34.1863],[-116.775,34.1864],[-116.7751,34.1864],[-116.7753,34.1865],[-116.7754,34.1865],[-116.7755,34.1865],[-116.7756,34.1866],[-116.7757,34.1866],[-116.7758,34.1866],[-116.7759,34.1866],[-116.776,34.1865],[-116.7762,34.1865],[-116.7763,34.1864],[-116.7764,34.1864],[-116.7765,34.1864],[-116.7766,34.1864],[-116.7767,34.1864],[-116.7768,34.1864],[-116.777,34.1864],[-116.7771,34.1865],[-116.7772,34.1865],[-116.7773,34.1865],[-116.7774,34.1865],[-116.7775,34.1865],[-116.7776,34.1865],[-116.7777,34.1865],[-116.7778,34.1865],[-116.7779,34.1864],[-116.778,34.1864],[-116.7782,34.1863],[-116.7783,34.1863],[-116.7784,34.1863],[-116.7785,34.1863],[-116.7787,34.1863],[-116.7788,34.1864],[-116.7789,34.1864],[-116.7791,34.1865],[-116.7792,34.1865],[-116.7793,34.1866],[-116.7794,34.1866],[-116.7794,34.1867],[-116.7794,34.1868],[-116.7795,34.1868],[-116.7795,34.1869],[-116.7794,34.187],[-116.7793,34.1871],[-116.7791,34.1872],[-116.779,34.1873],[-116.7788,34.1874],[-116.7788,34.1875],[-116.7788,34.1876],[-116.7788,34.1878],[-116.7787,34.1879],[-116.7787,34.188],[-116.7787,34.1881],[-116.7788,34.1881],[-116.779,34.1882],[-116.7791,34.1882],[-116.7792,34.1883],[-116.7793,34.1883],[-116.7793,34.1884],[-116.7793,34.1885],[-116.7793,34.1886],[-116.7793,34.1887],[-116.7793,34.1888],[-116.7793,34.189],[-116.7793,34.1891],[-116.7793,34.1892],[-116.7794,34.1893],[-116.7795,34.1894],[-116.7796,34.1895],[-116.7797,34.1896],[-116.7798,34.1896],[-116.7799,34.1897],[-116.7799,34.1898],[-116.78,34.1899],[-116.78,34.19],[-116.7801,34.1902],[-116.7802,34.1903],[-116.7802,34.1904],[-116.7803,34.1906],[-116.7803,34.1907],[-116.7804,34.1908],[-116.7805,34.1908],[-116.7806,34.1909],[-116.7807,34.1909],[-116.7808,34.1908],[-116.781,34.1908],[-116.7811,34.1908],[-116.7813,34.1907],[-116.7814,34.1907],[-116.7815,34.1907],[-116.7816,34.1907],[-116.7817,34.1907],[-116.7819,34.1907],[-116.782,34.1907],[-116.7821,34.1908],[-116.7822,34.1909],[-116.7822,34.191],[-116.7822,34.1911],[-116.7821,34.1912],[-116.7821,34.1913],[-116.7821,34.1914],[-116.7821,34.1915],[-116.7821,34.1917],[-116.7821,34.1918],[-116.7821,34.1919],[-116.7821,34.1921],[-116.782,34.1922],[-116.782,34.1924],[-116.782,34.1925],[-116.7819,34.1926],[-116.7818,34.1927],[-116.7817,34.1928],[-116.7816,34.1929],[-116.7815,34.193],[-116.7815,34.1931],[-116.7815,34.1932],[-116.7815,34.1933],[-116.7816,34.1934],[-116.7816,34.1936],[-116.7817,34.1937],[-116.7818,34.194],[-116.7818,34.1942],[-116.7819,34.1943],[-116.7819,34.1944],[-116.7819,34.1945],[-116.7819,34.1947],[-116.7819,34.1948],[-116.7818,34.1949],[-116.7817,34.195],[-116.7816,34.1951],[-116.7816,34.1952],[-116.7815,34.1953],[-116.7815,34.1954],[-116.7815,34.1955],[-116.7814,34.1955],[-116.7813,34.1956],[-116.7812,34.1957],[-116.7811,34.1958],[-116.7809,34.1959],[-116.7807,34.196],[-116.7806,34.1961],[-116.7805,34.1962],[-116.7803,34.1963],[-116.7802,34.1964],[-116.7801,34.1965],[-116.78,34.1966],[-116.78,34.1967],[-116.7799,34.1967],[-116.7798,34.1968],[-116.7797,34.1969],[-116.7795,34.1969],[-116.7793,34.197],[-116.7792,34.197],[-116.7791,34.1971],[-116.7788,34.1972],[-116.7787,34.1972],[-116.7786,34.1973],[-116.7785,34.1974],[-116.7784,34.1975],[-116.7783,34.1976],[-116.7782,34.1977],[-116.778,34.1978],[-116.7779,34.1978],[-116.7777,34.1979],[-116.7776,34.198],[-116.7774,34.1981],[-116.7772,34.1981],[-116.777,34.1982],[-116.7768,34.1983],[-116.7767,34.1984],[-116.7765,34.1985],[-116.7764,34.1985],[-116.7763,34.1986],[-116.7763,34.1987],[-116.7762,34.1987],[-116.7761,34.1988],[-116.7759,34.1989],[-116.7757,34.1989],[-116.7756,34.199],[-116.7753,34.1991],[-116.7751,34.1991],[-116.7749,34.1992],[-116.7747,34.1993],[-116.7747,34.1994],[-116.7746,34.1994],[-116.7745,34.1995],[-116.7744,34.1995],[-116.7742,34.1996],[-116.7741,34.1996],[-116.774,34.1997],[-116.7739,34.1998],[-116.7738,34.1998],[-116.7738,34.1999],[-116.7737,34.1999],[-116.7736,34.2],[-116.7735,34.2001],[-116.7734,34.2002],[-116.7732,34.2003],[-116.7732,34.2004],[-116.7732,34.2005],[-116.7731,34.2006],[-116.7731,34.2007],[-116.7731,34.2008],[-116.7731,34.2009],[-116.773,34.201],[-116.7729,34.201],[-116.7728,34.2011],[-116.7726,34.2012],[-116.7725,34.2012],[-116.7723,34.2014],[-116.7721,34.2015],[-116.772,34.2016],[-116.7719,34.2016],[-116.7717,34.2017],[-116.7715,34.2018],[-116.7713,34.2019],[-116.7711,34.2019],[-116.771,34.202],[-116.7708,34.2021],[-116.7707,34.2022],[-116.7706,34.2022],[-116.7704,34.2023],[-116.7703,34.2024],[-116.7701,34.2024],[-116.7699,34.2025],[-116.7697,34.2026],[-116.7694,34.2027],[-116.7693,34.2028],[-116.7691,34.2029],[-116.7689,34.203],[-116.7688,34.2031],[-116.7687,34.2032],[-116.7685,34.2033],[-116.7684,34.2034],[-116.7682,34.2035],[-116.768,34.2035],[-116.7679,34.2036],[-116.7678,34.2036],[-116.7677,34.2037],[-116.7675,34.2039],[-116.7674,34.204],[-116.7673,34.2041],[-116.7672,34.2042],[-116.7671,34.2043],[-116.767,34.2045],[-116.7669,34.2045],[-116.7668,34.2046],[-116.7667,34.2046],[-116.7665,34.2047],[-116.7664,34.2048],[-116.7662,34.2049],[-116.766,34.205],[-116.7659,34.2051],[-116.7658,34.2052],[-116.7657,34.2052],[-116.7655,34.2053],[-116.7654,34.2054],[-116.7653,34.2054],[-116.7652,34.2055],[-116.7651,34.2055],[-116.765,34.2057],[-116.7649,34.2058],[-116.7649,34.206],[-116.7649,34.2061],[-116.7649,34.2062],[-116.765,34.2063],[-116.7649,34.2065],[-116.7649,34.2067],[-116.7649,34.2068],[-116.7648,34.207],[-116.7648,34.2071],[-116.7647,34.2072],[-116.7647,34.2073],[-116.7646,34.2074],[-116.7645,34.2075],[-116.7645,34.2076],[-116.7644,34.2077],[-116.7644,34.2078],[-116.7643,34.2079],[-116.7643,34.208],[-116.7643,34.2081],[-116.7643,34.2083],[-116.7643,34.2085],[-116.7642,34.2086],[-116.7641,34.2087],[-116.7641,34.2088],[-116.764,34.2088],[-116.7639,34.2088],[-116.7638,34.2089],[-116.7637,34.2088],[-116.7635,34.2088],[-116.7633,34.2088],[-116.7631,34.2088],[-116.7629,34.2087],[-116.7628,34.2087],[-116.7627,34.2087],[-116.7626,34.2087],[-116.7625,34.2088],[-116.7623,34.2089],[-116.7623,34.209],[-116.7622,34.2091],[-116.7621,34.2093],[-116.7621,34.2095],[-116.7621,34.2096],[-116.7621,34.2097],[-116.762,34.2098],[-116.7619,34.21],[-116.7619,34.2101],[-116.7618,34.2103],[-116.7618,34.2104],[-116.7618,34.2105],[-116.7617,34.2106],[-116.7617,34.2107],[-116.7616,34.2109],[-116.7616,34.211],[-116.7616,34.2112],[-116.7616,34.2113],[-116.7616,34.2114],[-116.7616,34.2116],[-116.7617,34.2117],[-116.7617,34.2118],[-116.7617,34.2119],[-116.7617,34.212],[-116.7616,34.2121],[-116.7616,34.2122],[-116.7615,34.2122],[-116.7614,34.2123],[-116.7613,34.2124],[-116.7612,34.2124],[-116.7612,34.2125],[-116.7611,34.2125],[-116.761,34.2126],[-116.761,34.2127],[-116.761,34.2128],[-116.761,34.2129],[-116.7611,34.213],[-116.7612,34.2131],[-116.7613,34.2132],[-116.7614,34.2133],[-116.7615,34.2134],[-116.7615,34.2135],[-116.7615,34.2136],[-116.7615,34.2137],[-116.7615,34.2138],[-116.7615,34.2139],[-116.7615,34.2141],[-116.7615,34.2142],[-116.7615,34.2143],[-116.7615,34.2144],[-116.7616,34.2145],[-116.7617,34.2146],[-116.7618,34.2147],[-116.7619,34.2147],[-116.762,34.2147],[-116.7622,34.2147],[-116.7623,34.2148]]}},{"type":"Feature","properties":{"id":"2N93D","name":"WILDHORSE MEADOW SPUR","kind":"road","access":"plate","seasonal":false},"geometry":{"type":"LineString","coordinates":[[-116.7682,34.2035],[-116.7681,34.2034],[-116.7679,34.2034],[-116.7678,34.2034],[-116.7677,34.2034],[-116.7676,34.2034],[-116.7675,34.2033],[-116.7675,34.2032],[-116.7674,34.2031],[-116.7672,34.203],[-116.767,34.203],[-116.7668,34.203],[-116.7667,34.203],[-116.7666,34.203],[-116.7664,34.2031],[-116.7662,34.2031],[-116.7661,34.2032],[-116.766,34.2032],[-116.7659,34.2033],[-116.7658,34.2034],[-116.7657,34.2035],[-116.7656,34.2035],[-116.7656,34.2036],[-116.7655,34.2036],[-116.7653,34.2038],[-116.7649,34.204],[-116.7646,34.2041],[-116.7643,34.2042],[-116.764,34.2043],[-116.7635,34.2044],[-116.7634,34.2045],[-116.7633,34.2045],[-116.7632,34.2047],[-116.7631,34.2048],[-116.7629,34.205],[-116.7626,34.2053],[-116.7625,34.2055],[-116.7623,34.2056],[-116.7623,34.2057],[-116.7622,34.2057],[-116.762,34.2057],[-116.7619,34.2057],[-116.7617,34.2056],[-116.7616,34.2056],[-116.7614,34.2056],[-116.7612,34.2056],[-116.7611,34.2056],[-116.761,34.2055],[-116.7609,34.2055],[-116.7607,34.2056],[-116.7606,34.2056],[-116.7605,34.2057],[-116.7604,34.2058],[-116.7604,34.2059],[-116.7603,34.2062],[-116.7603,34.2064],[-116.7603,34.2065],[-116.7602,34.2066],[-116.7601,34.2067],[-116.7599,34.2068],[-116.7598,34.2068],[-116.7597,34.2069],[-116.7596,34.207],[-116.7595,34.207],[-116.7595,34.2071],[-116.7594,34.2071],[-116.7593,34.2073],[-116.7593,34.2075]]}},{"type":"Feature","properties":{"id":"2N04","name":"BALKY HORSE","kind":"road","access":"plate","seasonal":false},"geometry":{"type":"LineString","coordinates":[[-116.7269,34.2219],[-116.727,34.2219],[-116.7273,34.2219],[-116.7277,34.2219],[-116.7282,34.2218],[-116.7284,34.2218],[-116.7285,34.2218],[-116.7286,34.2218],[-116.7287,34.2218],[-116.7288,34.2219],[-116.7289,34.2219],[-116.729,34.222],[-116.7291,34.222],[-116.7293,34.222],[-116.7294,34.222],[-116.7296,34.222],[-116.7297,34.222],[-116.7298,34.2219],[-116.7299,34.2219],[-116.73,34.2218],[-116.7301,34.2218],[-116.7303,34.2217],[-116.7304,34.2217],[-116.7306,34.2216],[-116.7308,34.2216],[-116.7309,34.2216],[-116.731,34.2217],[-116.731,34.2219],[-116.731,34.2221],[-116.731,34.2223],[-116.7309,34.2223],[-116.7309,34.2224],[-116.7308,34.2224],[-116.7307,34.2225],[-116.7306,34.2225],[-116.7306,34.2226],[-116.7305,34.2226],[-116.7305,34.2227],[-116.7305,34.2228],[-116.7305,34.2229],[-116.7305,34.223],[-116.7306,34.2231],[-116.7307,34.2232],[-116.7307,34.2233],[-116.7306,34.2234],[-116.7305,34.2235],[-116.7304,34.2236],[-116.7303,34.2236],[-116.7302,34.2236],[-116.7301,34.2236],[-116.73,34.2236],[-116.7299,34.2236],[-116.7298,34.2236],[-116.7297,34.2237],[-116.7296,34.2237],[-116.7295,34.2239],[-116.7295,34.224],[-116.7294,34.224],[-116.7294,34.2241],[-116.7295,34.2242],[-116.7295,34.2244],[-116.7295,34.2245],[-116.7296,34.2246],[-116.7297,34.2247],[-116.7299,34.2248],[-116.73,34.2249],[-116.7301,34.2249],[-116.7302,34.225],[-116.7302,34.2251],[-116.7301,34.2252],[-116.7301,34.2253],[-116.73,34.2254],[-116.7299,34.2255],[-116.7299,34.2256],[-116.7298,34.2257],[-116.7297,34.2258],[-116.7297,34.2259],[-116.7296,34.226],[-116.7295,34.226],[-116.7294,34.226],[-116.7293,34.226],[-116.729,34.226],[-116.7289,34.226],[-116.7288,34.2261],[-116.7288,34.2262],[-116.7287,34.2262],[-116.7286,34.2263],[-116.7286,34.2264],[-116.7284,34.2266],[-116.7283,34.2267],[-116.7282,34.2269],[-116.7282,34.227],[-116.7281,34.2271],[-116.7281,34.2273],[-116.728,34.2274],[-116.728,34.2275],[-116.728,34.2276],[-116.728,34.2277],[-116.7281,34.2278],[-116.7282,34.2279],[-116.7283,34.2279],[-116.7284,34.228],[-116.7285,34.228],[-116.7287,34.2281],[-116.7288,34.2282],[-116.729,34.2283],[-116.7291,34.2283],[-116.7293,34.2284],[-116.7295,34.2284],[-116.7297,34.2284],[-116.7298,34.2284],[-116.73,34.2284],[-116.7301,34.2284],[-116.7302,34.2284],[-116.7303,34.2284],[-116.7303,34.2285],[-116.7303,34.2286],[-116.7303,34.2287],[-116.7304,34.2287],[-116.7305,34.2287],[-116.7306,34.2286],[-116.7307,34.2285],[-116.7308,34.2284],[-116.731,34.2284],[-116.7312,34.2283],[-116.7313,34.2282],[-116.7315,34.2282],[-116.7316,34.2281],[-116.7317,34.2281],[-116.7318,34.2281],[-116.732,34.228],[-116.7323,34.2279],[-116.7324,34.2279],[-116.7325,34.2278],[-116.7327,34.2278],[-116.7328,34.2277],[-116.7329,34.2277],[-116.7331,34.2277],[-116.7332,34.2278],[-116.7334,34.2278],[-116.7335,34.2278],[-116.7336,34.2278],[-116.7337,34.2278],[-116.7339,34.2277],[-116.7341,34.2276],[-116.7343,34.2276],[-116.7344,34.2275],[-116.7345,34.2275],[-116.7347,34.2275],[-116.7348,34.2275],[-116.7349,34.2275],[-116.7351,34.2274],[-116.7353,34.2274],[-116.7355,34.2274],[-116.7356,34.2274],[-116.7358,34.2273],[-116.736,34.2273],[-116.7362,34.2273],[-116.7363,34.2273],[-116.7364,34.2274],[-116.7365,34.2275],[-116.7366,34.2275],[-116.7366,34.2276],[-116.7367,34.2277],[-116.7367,34.2278],[-116.7366,34.2279],[-116.7366,34.228],[-116.7367,34.228],[-116.7367,34.2281],[-116.7368,34.2281],[-116.7369,34.2281],[-116.737,34.228],[-116.7371,34.228],[-116.7372,34.2279],[-116.7373,34.2278],[-116.7374,34.2277],[-116.7376,34.2276],[-116.7377,34.2276],[-116.7378,34.2275],[-116.7378,34.2274],[-116.7379,34.2274],[-116.7379,34.2273],[-116.738,34.2273],[-116.7381,34.2273],[-116.7382,34.2272],[-116.7383,34.2271],[-116.7384,34.227],[-116.7386,34.227],[-116.7387,34.2269],[-116.7389,34.2268],[-116.739,34.2267],[-116.7391,34.2268],[-116.7392,34.2268],[-116.7392,34.2269],[-116.7393,34.2269],[-116.7394,34.227],[-116.7396,34.227],[-116.7397,34.227],[-116.7398,34.2271],[-116.7398,34.2272],[-116.7397,34.2273],[-116.7397,34.2274],[-116.7397,34.2275],[-116.7397,34.2276],[-116.7397,34.2277],[-116.7397,34.2278],[-116.7397,34.2279],[-116.7396,34.2279],[-116.7396,34.228],[-116.7397,34.228],[-116.7397,34.2281],[-116.7397,34.2282],[-116.7398,34.2283],[-116.7398,34.2284],[-116.7399,34.2285],[-116.7399,34.2286],[-116.7399,34.2287],[-116.74,34.2287],[-116.7401,34.2288],[-116.7401,34.2289],[-116.7402,34.2289],[-116.7403,34.2289],[-116.7404,34.2289],[-116.7405,34.2289],[-116.7406,34.2289],[-116.7407,34.2289],[-116.7408,34.2288],[-116.7408,34.2289],[-116.7409,34.2289],[-116.741,34.2289],[-116.7411,34.229],[-116.7412,34.2289],[-116.7413,34.2289],[-116.7413,34.2288],[-116.7414,34.2288],[-116.7414,34.2287],[-116.7415,34.2286],[-116.7416,34.2285],[-116.7418,34.2284],[-116.742,34.2284],[-116.7422,34.2283],[-116.7424,34.2282],[-116.7426,34.2282],[-116.7428,34.2281],[-116.7429,34.2281],[-116.743,34.2281],[-116.7432,34.2282],[-116.7433,34.2282],[-116.7434,34.2283],[-116.7435,34.2284],[-116.7435,34.2285],[-116.7436,34.2285],[-116.7436,34.2286],[-116.7437,34.2287],[-116.7438,34.2286],[-116.7439,34.2285],[-116.7441,34.2284],[-116.7442,34.2284],[-116.7443,34.2283],[-116.7444,34.2283],[-116.7445,34.2283],[-116.7447,34.2283],[-116.7449,34.2283],[-116.745,34.2283],[-116.7451,34.2282],[-116.7452,34.2282],[-116.7453,34.2283],[-116.7454,34.2283],[-116.7455,34.2284],[-116.7456,34.2283],[-116.7457,34.2283],[-116.7457,34.2282],[-116.7458,34.2281],[-116.7459,34.2281],[-116.746,34.228],[-116.746,34.2279],[-116.7461,34.2278],[-116.7462,34.2277],[-116.7463,34.2277],[-116.7464,34.2276],[-116.7465,34.2276],[-116.7467,34.2276],[-116.7468,34.2276],[-116.7469,34.2276],[-116.747,34.2276],[-116.7471,34.2276],[-116.7472,34.2276],[-116.7473,34.2277],[-116.7475,34.2278],[-116.7476,34.2279],[-116.7477,34.228],[-116.7478,34.2281],[-116.7479,34.2281],[-116.748,34.2282],[-116.7481,34.2282],[-116.7482,34.2283],[-116.7483,34.2284],[-116.7484,34.2285],[-116.7485,34.2286],[-116.7485,34.2287],[-116.7485,34.2288],[-116.7485,34.2289],[-116.7484,34.2289],[-116.7484,34.229],[-116.7484,34.2291],[-116.7483,34.2291],[-116.7483,34.2292],[-116.7482,34.2292],[-116.7482,34.2293],[-116.7482,34.2294],[-116.7482,34.2295],[-116.7481,34.2295],[-116.7481,34.2296],[-116.748,34.2296],[-116.748,34.2297],[-116.748,34.2298],[-116.7479,34.2298],[-116.7478,34.2299],[-116.7478,34.23],[-116.7478,34.2301],[-116.7479,34.2301],[-116.7479,34.2302],[-116.7479,34.2303],[-116.7479,34.2304],[-116.7478,34.2304],[-116.7478,34.2305],[-116.7478,34.2306],[-116.7477,34.2306],[-116.7477,34.2307],[-116.7476,34.2307],[-116.7476,34.2308],[-116.7476,34.2309],[-116.7477,34.2309],[-116.7478,34.231],[-116.7479,34.231],[-116.748,34.2311],[-116.7481,34.2312],[-116.7481,34.2313],[-116.7481,34.2314],[-116.7481,34.2315],[-116.7481,34.2316],[-116.7481,34.2317],[-116.7482,34.2319],[-116.7482,34.232],[-116.7483,34.232],[-116.7484,34.232],[-116.7485,34.232],[-116.7486,34.232],[-116.7487,34.2321],[-116.7487,34.2322],[-116.7487,34.2323],[-116.7487,34.2324],[-116.7488,34.2324],[-116.7489,34.2325],[-116.749,34.2326],[-116.7492,34.2327],[-116.7493,34.2327],[-116.7494,34.2328],[-116.7496,34.2329],[-116.7497,34.233],[-116.7498,34.2331],[-116.7498,34.2332],[-116.7499,34.2333],[-116.75,34.2333],[-116.7501,34.2333],[-116.7502,34.2332],[-116.7502,34.2331],[-116.7501,34.233],[-116.75,34.2329],[-116.7499,34.2328],[-116.7498,34.2326],[-116.7497,34.2325],[-116.7497,34.2324],[-116.7496,34.2323],[-116.7496,34.2322],[-116.7495,34.2322],[-116.7494,34.2321],[-116.7494,34.232],[-116.7494,34.2319],[-116.7494,34.2318],[-116.7493,34.2317],[-116.7493,34.2316],[-116.7492,34.2315],[-116.7491,34.2314],[-116.7491,34.2313],[-116.7491,34.2312],[-116.7491,34.2311],[-116.7491,34.231],[-116.7491,34.2309],[-116.7492,34.2309],[-116.7492,34.2308],[-116.7492,34.2307],[-116.7492,34.2306],[-116.7493,34.2306],[-116.7494,34.2307],[-116.7494,34.2308],[-116.7495,34.2309],[-116.7496,34.231],[-116.7497,34.2311],[-116.7497,34.2312],[-116.7497,34.2313],[-116.7498,34.2313],[-116.7499,34.2313],[-116.7499,34.2312],[-116.7499,34.2311],[-116.7498,34.231],[-116.7497,34.2309],[-116.7497,34.2308],[-116.7497,34.2307],[-116.7498,34.2307],[-116.7498,34.2306],[-116.7499,34.2306],[-116.75,34.2305],[-116.75,34.2304],[-116.7501,34.2303],[-116.7502,34.2302],[-116.7503,34.2301],[-116.7504,34.2301],[-116.7504,34.23],[-116.7505,34.2299],[-116.7505,34.2298],[-116.7505,34.2297],[-116.7505,34.2295],[-116.7505,34.2294],[-116.7505,34.2293],[-116.7506,34.2293],[-116.7506,34.2291],[-116.7507,34.229],[-116.7508,34.2289],[-116.7508,34.2288],[-116.7509,34.2288],[-116.7511,34.2286],[-116.7512,34.2286],[-116.7513,34.2285],[-116.7514,34.2284],[-116.7515,34.2284],[-116.7516,34.2283],[-116.7516,34.2282],[-116.7517,34.2281],[-116.7517,34.228],[-116.7517,34.2279],[-116.7518,34.2278],[-116.7519,34.2278],[-116.752,34.2276],[-116.7521,34.2275],[-116.7523,34.2274],[-116.7524,34.2273],[-116.7524,34.2272],[-116.7525,34.2272],[-116.7525,34.2271],[-116.7525,34.227],[-116.7525,34.2269],[-116.7525,34.2267],[-116.7525,34.2266],[-116.7525,34.2265],[-116.7525,34.2263],[-116.7525,34.2262],[-116.7526,34.226],[-116.7526,34.2259],[-116.7526,34.2258],[-116.7527,34.2257],[-116.7527,34.2255],[-116.7527,34.2254],[-116.7528,34.2253],[-116.7528,34.2252],[-116.7529,34.2251],[-116.753,34.225],[-116.7531,34.2249],[-116.7532,34.2248],[-116.7533,34.2247],[-116.7535,34.2246],[-116.7537,34.2244],[-116.7538,34.2243],[-116.7539,34.2242],[-116.754,34.2242],[-116.7541,34.2241],[-116.7542,34.224],[-116.7543,34.2239],[-116.7545,34.2238],[-116.7546,34.2237],[-116.7547,34.2235],[-116.7548,34.2235],[-116.7549,34.2235],[-116.755,34.2236],[-116.7551,34.2237],[-116.7552,34.2237],[-116.7554,34.2238],[-116.7555,34.2238],[-116.7556,34.2238],[-116.7557,34.2238],[-116.7558,34.2237],[-116.7559,34.2237],[-116.7559,34.2236],[-116.756,34.2234],[-116.756,34.2233],[-116.7561,34.2231],[-116.7562,34.223],[-116.7563,34.2228],[-116.7564,34.2225],[-116.7565,34.2224],[-116.7566,34.2223],[-116.7567,34.2222],[-116.7568,34.2221],[-116.7569,34.222],[-116.7571,34.2218],[-116.7572,34.2216],[-116.7574,34.2215],[-116.7575,34.2213],[-116.7576,34.2211],[-116.7577,34.221],[-116.7578,34.2209],[-116.7578,34.2207],[-116.7579,34.2206],[-116.7579,34.2204],[-116.7579,34.2203],[-116.7578,34.2202],[-116.7578,34.2201],[-116.7577,34.22],[-116.7576,34.2198],[-116.7576,34.2197]]}},{"type":"Feature","properties":{"id":"2N93","name":"WILDHORSE MEADOW","kind":"road","access":"plate","seasonal":false},"geometry":{"type":"LineString","coordinates":[[-116.7623,34.2148],[-116.7624,34.2148],[-116.7625,34.2148],[-116.7627,34.2149],[-116.7629,34.2149],[-116.763,34.215],[-116.7631,34.215],[-116.7632,34.215],[-116.7632,34.2151],[-116.7633,34.2151],[-116.7635,34.2151],[-116.7636,34.215],[-116.7637,34.215],[-116.7638,34.2149],[-116.7639,34.2149],[-116.764,34.2148],[-116.764,34.2147],[-116.764,34.2145],[-116.764,34.2144],[-116.7641,34.2143],[-116.7642,34.2142],[-116.7643,34.2141],[-116.7644,34.2141],[-116.7645,34.2141],[-116.7646,34.214],[-116.7648,34.214],[-116.7649,34.214],[-116.7651,34.214],[-116.7653,34.214],[-116.7654,34.214],[-116.7656,34.214],[-116.7657,34.2141],[-116.7659,34.2142],[-116.766,34.2143],[-116.7661,34.2143],[-116.7663,34.2143],[-116.7664,34.2144],[-116.7666,34.2144],[-116.7667,34.2145],[-116.7667,34.2147],[-116.7668,34.2148],[-116.7669,34.2149],[-116.767,34.215],[-116.7671,34.2151],[-116.7672,34.2152],[-116.7675,34.2153],[-116.768,34.2155],[-116.7683,34.2156],[-116.7685,34.2157],[-116.7686,34.2157],[-116.7687,34.2158],[-116.7688,34.2159],[-116.7688,34.216],[-116.7688,34.2162],[-116.7689,34.2164],[-116.7689,34.2166],[-116.769,34.2167],[-116.769,34.2168],[-116.7691,34.217],[-116.7691,34.2171],[-116.7693,34.2172],[-116.7694,34.2173],[-116.7695,34.2174],[-116.7697,34.2174],[-116.7698,34.2175],[-116.77,34.2175],[-116.7701,34.2176],[-116.7702,34.2176],[-116.7703,34.2177],[-116.7704,34.2177],[-116.7705,34.2178],[-116.7705,34.2179],[-116.7706,34.218],[-116.7706,34.2182],[-116.7707,34.2184],[-116.7707,34.2185],[-116.7708,34.2186],[-116.7709,34.2187],[-116.7709,34.2188],[-116.771,34.2189],[-116.7711,34.219],[-116.7711,34.2191],[-116.7712,34.2192],[-116.7713,34.2192],[-116.7715,34.2193],[-116.7718,34.2193],[-116.772,34.2194],[-116.7722,34.2194],[-116.7725,34.2194],[-116.7727,34.2194],[-116.7729,34.2194],[-116.773,34.2195],[-116.7732,34.2195],[-116.7733,34.2195],[-116.7735,34.2194],[-116.7736,34.2194],[-116.7737,34.2193],[-116.7738,34.2192],[-116.7739,34.2191],[-116.774,34.2189],[-116.7741,34.2188],[-116.7741,34.2186],[-116.7742,34.2184],[-116.7742,34.2183],[-116.7742,34.2182],[-116.7743,34.2181],[-116.7743,34.218],[-116.7743,34.2179],[-116.7744,34.2178],[-116.7745,34.2178],[-116.7747,34.2177],[-116.7749,34.2177],[-116.7751,34.2176],[-116.7752,34.2176],[-116.7754,34.2176],[-116.7755,34.2177],[-116.7756,34.2177],[-116.7756,34.2178],[-116.7758,34.2179],[-116.776,34.218],[-116.7763,34.2182],[-116.7766,34.2183],[-116.7768,34.2184],[-116.777,34.2185],[-116.7771,34.2186],[-116.7772,34.2187],[-116.7773,34.2188],[-116.7774,34.2188],[-116.7775,34.2188],[-116.7775,34.2187],[-116.7775,34.2186],[-116.7775,34.2185],[-116.7776,34.2184],[-116.7777,34.2183],[-116.7777,34.2182],[-116.7778,34.2181],[-116.7779,34.2181],[-116.778,34.2181],[-116.7781,34.2181],[-116.7782,34.2181],[-116.7784,34.2182],[-116.7785,34.2182],[-116.7786,34.2182],[-116.7787,34.2181],[-116.7788,34.2181],[-116.7789,34.218],[-116.7789,34.2179],[-116.7789,34.2178],[-116.7789,34.2177],[-116.7788,34.2175],[-116.7788,34.2174],[-116.7789,34.2173],[-116.779,34.2172],[-116.7791,34.2172],[-116.7792,34.2172],[-116.7793,34.2172],[-116.7794,34.2172],[-116.7795,34.2173],[-116.7797,34.2173],[-116.7799,34.2173],[-116.7801,34.2174],[-116.7802,34.2174],[-116.7803,34.2175],[-116.7804,34.2176],[-116.7805,34.2177],[-116.7805,34.2178],[-116.7805,34.2179],[-116.7806,34.218],[-116.7806,34.2181],[-116.7807,34.2182],[-116.7807,34.2183],[-116.7809,34.2185],[-116.7811,34.2187],[-116.7813,34.2187],[-116.7814,34.2188],[-116.7815,34.2189],[-116.7816,34.2189],[-116.7817,34.219],[-116.7817,34.2191],[-116.7818,34.2193],[-116.7818,34.2194],[-116.7819,34.2195],[-116.782,34.2196],[-116.7821,34.2197],[-116.7822,34.2198],[-116.7824,34.2199],[-116.7826,34.22],[-116.7826,34.2201],[-116.7827,34.2201],[-116.7827,34.2202],[-116.7828,34.2203],[-116.7828,34.2204],[-116.7829,34.2205],[-116.7829,34.2206],[-116.783,34.2206],[-116.7832,34.2207],[-116.7833,34.2207],[-116.7834,34.2207],[-116.7835,34.2207],[-116.7835,34.2206],[-116.7837,34.2205],[-116.7838,34.2205],[-116.7839,34.2204],[-116.784,34.2204],[-116.7841,34.2205],[-116.7842,34.2205],[-116.7843,34.2205],[-116.7845,34.2206],[-116.7846,34.2207],[-116.7848,34.2208],[-116.785,34.2209],[-116.7851,34.221],[-116.7852,34.2212],[-116.7854,34.2213],[-116.7855,34.2214],[-116.7856,34.2214],[-116.7857,34.2214],[-116.7858,34.2214],[-116.7859,34.2214],[-116.7859,34.2213],[-116.786,34.2212],[-116.7861,34.2211],[-116.7862,34.221],[-116.7863,34.221],[-116.7865,34.2209],[-116.7866,34.2209],[-116.7868,34.2209],[-116.7869,34.2209],[-116.787,34.2209],[-116.7871,34.221],[-116.7873,34.221],[-116.7874,34.2209],[-116.7875,34.2208],[-116.7875,34.2207],[-116.7876,34.2206],[-116.7876,34.2205],[-116.7878,34.2205],[-116.7879,34.2205],[-116.788,34.2205],[-116.7881,34.2205],[-116.7882,34.2206],[-116.7883,34.2207],[-116.7885,34.2209],[-116.7886,34.221],[-116.7888,34.2211],[-116.7891,34.2213],[-116.7892,34.2214],[-116.7894,34.2215],[-116.7896,34.2216],[-116.7897,34.2217],[-116.7898,34.2217],[-116.7899,34.2218],[-116.79,34.2218],[-116.7902,34.2218],[-116.7903,34.2218],[-116.7904,34.2218],[-116.7907,34.2218],[-116.7908,34.2218],[-116.7909,34.2218],[-116.791,34.2218],[-116.7911,34.2218],[-116.7912,34.2218],[-116.7912,34.2219],[-116.7913,34.2219],[-116.7914,34.222],[-116.7915,34.222],[-116.7916,34.2221],[-116.7917,34.2221],[-116.7918,34.2222],[-116.792,34.2222],[-116.7922,34.2222],[-116.7923,34.2222],[-116.7925,34.2223],[-116.7927,34.2223],[-116.7929,34.2223],[-116.793,34.2223],[-116.7931,34.2223],[-116.7932,34.2222],[-116.7932,34.2221],[-116.7932,34.222],[-116.7932,34.2218],[-116.7932,34.2217],[-116.7932,34.2215],[-116.7933,34.2214],[-116.7934,34.2214],[-116.7935,34.2214],[-116.7936,34.2214],[-116.7939,34.2214],[-116.7941,34.2214],[-116.7942,34.2214],[-116.7943,34.2214],[-116.7943,34.2213],[-116.7945,34.2213],[-116.7946,34.2212],[-116.7947,34.2212],[-116.7948,34.2212],[-116.795,34.2213],[-116.7951,34.2213],[-116.7952,34.2214],[-116.7953,34.2214],[-116.7954,34.2215],[-116.7956,34.2216],[-116.7957,34.2217],[-116.7958,34.2218],[-116.7959,34.2219],[-116.796,34.2219],[-116.7961,34.2219],[-116.7962,34.2219],[-116.7963,34.2218],[-116.7964,34.2218],[-116.7965,34.2216],[-116.7966,34.2215],[-116.7967,34.2213],[-116.7968,34.2212],[-116.797,34.221],[-116.7971,34.2208],[-116.7972,34.2207],[-116.7972,34.2206],[-116.7973,34.2205],[-116.7973,34.2204],[-116.7974,34.2203],[-116.7974,34.2202],[-116.7973,34.2201],[-116.7974,34.22],[-116.7975,34.2199],[-116.7976,34.2199],[-116.7978,34.2199],[-116.798,34.22],[-116.7981,34.22],[-116.7983,34.2201],[-116.7985,34.2202],[-116.7986,34.2202],[-116.7988,34.2203],[-116.7989,34.2204],[-116.799,34.2204],[-116.7991,34.2205],[-116.7992,34.2206],[-116.7994,34.2207],[-116.7995,34.2207],[-116.7996,34.2208],[-116.7997,34.2208],[-116.7998,34.2208],[-116.8,34.2208],[-116.8002,34.2208],[-116.8003,34.2208],[-116.8004,34.2208],[-116.8005,34.2209],[-116.8006,34.2209],[-116.8007,34.221],[-116.8008,34.221],[-116.8009,34.2211],[-116.801,34.2211],[-116.8011,34.2211],[-116.8012,34.2211],[-116.8013,34.2211],[-116.8014,34.2211],[-116.8015,34.221],[-116.8016,34.2209],[-116.8016,34.2207],[-116.8017,34.2206],[-116.8018,34.2205],[-116.8018,34.2204],[-116.8019,34.2204],[-116.8021,34.2203],[-116.8022,34.2203],[-116.8024,34.2203],[-116.8025,34.2203],[-116.8027,34.2204],[-116.8028,34.2204],[-116.8028,34.2205],[-116.803,34.2205],[-116.8031,34.2206],[-116.8032,34.2206],[-116.8033,34.2207],[-116.8034,34.2208],[-116.8035,34.2209],[-116.8036,34.2209],[-116.8037,34.221],[-116.8038,34.221],[-116.804,34.221],[-116.8043,34.221],[-116.8044,34.221],[-116.8047,34.221],[-116.8048,34.221],[-116.8049,34.221],[-116.805,34.221],[-116.8051,34.221],[-116.8052,34.2209],[-116.8053,34.2209],[-116.8054,34.2208],[-116.8055,34.2207],[-116.8056,34.2206],[-116.8056,34.2204],[-116.8056,34.2203],[-116.8057,34.22],[-116.8057,34.2197],[-116.8058,34.2195],[-116.8058,34.2193],[-116.8059,34.2192],[-116.8059,34.219],[-116.806,34.2189],[-116.806,34.2188],[-116.8061,34.2188],[-116.8062,34.2187],[-116.8063,34.2187],[-116.8064,34.2187],[-116.8065,34.2187],[-116.8066,34.2187],[-116.8067,34.2187],[-116.8068,34.2187],[-116.8069,34.2188],[-116.8069,34.2189],[-116.8071,34.2191],[-116.8072,34.2193],[-116.8074,34.2196],[-116.8075,34.2198],[-116.8076,34.2199],[-116.8076,34.22],[-116.8077,34.2201],[-116.8079,34.2202],[-116.808,34.2202],[-116.8081,34.2202],[-116.8082,34.2202],[-116.8083,34.2202],[-116.8085,34.2201],[-116.8086,34.2201],[-116.8088,34.22],[-116.8089,34.2199],[-116.809,34.2199],[-116.8091,34.2199],[-116.8092,34.2199],[-116.8092,34.22],[-116.8093,34.2201],[-116.8094,34.2201],[-116.8095,34.2202],[-116.8095,34.2203],[-116.8094,34.2204],[-116.8094,34.2206],[-116.8093,34.2207],[-116.8092,34.221],[-116.8092,34.2211],[-116.8092,34.2212],[-116.8093,34.2214],[-116.8094,34.2215],[-116.8096,34.2217],[-116.8098,34.2219],[-116.8099,34.222],[-116.81,34.2221],[-116.8101,34.2222],[-116.8104,34.2225],[-116.8107,34.2228],[-116.8109,34.223],[-116.8111,34.2232],[-116.8113,34.2235],[-116.8116,34.2239],[-116.8119,34.2242],[-116.812,34.2243],[-116.8121,34.2243],[-116.8122,34.2245],[-116.8124,34.2247],[-116.8126,34.225],[-116.8128,34.2251],[-116.8129,34.2252],[-116.8129,34.2253],[-116.813,34.2254],[-116.813,34.2257],[-116.813,34.226],[-116.813,34.2261],[-116.813,34.2263],[-116.8129,34.2264],[-116.8128,34.2266],[-116.8127,34.2268],[-116.8126,34.2269],[-116.8124,34.227],[-116.812,34.2273],[-116.8118,34.2275],[-116.8114,34.2278],[-116.8106,34.2284],[-116.8095,34.2292],[-116.8087,34.2298],[-116.8085,34.23],[-116.8082,34.2302],[-116.8077,34.2305],[-116.8076,34.2306],[-116.8074,34.2307],[-116.8071,34.231],[-116.8068,34.2312],[-116.8067,34.2313],[-116.8066,34.2313],[-116.8064,34.2315],[-116.8061,34.2317],[-116.806,34.2318]]}},{"type":"Feature","properties":{"id":"1N38","name":"HEART BAR PEAK","kind":"road","access":"plate","seasonal":false},"geometry":{"type":"LineString","coordinates":[[-116.7623,34.1718],[-116.7622,34.1717],[-116.7622,34.1716],[-116.7623,34.1715],[-116.7624,34.1714],[-116.7625,34.1714],[-116.7625,34.1713],[-116.7626,34.1713],[-116.7627,34.1712],[-116.7628,34.1712],[-116.7629,34.1711],[-116.763,34.1711],[-116.7631,34.1711],[-116.7633,34.1711],[-116.7634,34.1711],[-116.7635,34.1711],[-116.7636,34.171],[-116.7637,34.1709],[-116.7639,34.1708],[-116.764,34.1707],[-116.7639,34.1706],[-116.7638,34.1706],[-116.7637,34.1705],[-116.7636,34.1705],[-116.7634,34.1705],[-116.7633,34.1705],[-116.7632,34.1705],[-116.7631,34.1704],[-116.763,34.1704],[-116.7628,34.1704],[-116.7627,34.1705],[-116.7625,34.1705],[-116.7624,34.1705],[-116.7624,34.1704],[-116.7623,34.1704],[-116.7622,34.1704],[-116.7621,34.1704],[-116.762,34.1704],[-116.7619,34.1704],[-116.7617,34.1703],[-116.7616,34.1703],[-116.7615,34.1703],[-116.7614,34.1702],[-116.7613,34.1702],[-116.7612,34.1701],[-116.761,34.1701],[-116.7609,34.17],[-116.7609,34.1699],[-116.7608,34.1699],[-116.7607,34.1697],[-116.7606,34.1696],[-116.7605,34.1695],[-116.7604,34.1694],[-116.7602,34.1692],[-116.76,34.1691],[-116.7599,34.169],[-116.7598,34.1689],[-116.7597,34.1689],[-116.7596,34.169],[-116.7596,34.1691],[-116.7597,34.1691],[-116.7597,34.1692],[-116.7598,34.1693],[-116.7598,34.1694],[-116.7599,34.1695],[-116.7599,34.1696],[-116.7599,34.1697],[-116.7599,34.1699],[-116.7599,34.17],[-116.7599,34.1701],[-116.7599,34.1702],[-116.7599,34.1703],[-116.7599,34.1704],[-116.7598,34.1704],[-116.7598,34.1705],[-116.7597,34.1705],[-116.7596,34.1706],[-116.7595,34.1706],[-116.7594,34.1706],[-116.7593,34.1707],[-116.7593,34.1708],[-116.7593,34.1709],[-116.7593,34.171],[-116.7593,34.1711],[-116.7593,34.1712],[-116.7594,34.1715],[-116.7594,34.1716],[-116.7594,34.1717],[-116.7595,34.1718],[-116.7595,34.1719],[-116.7595,34.172],[-116.7594,34.172],[-116.7594,34.1721],[-116.7593,34.172],[-116.7593,34.1719],[-116.7592,34.1718],[-116.7592,34.1717],[-116.7591,34.1716],[-116.759,34.1715],[-116.7589,34.1714],[-116.7588,34.1712],[-116.7587,34.1712],[-116.7586,34.1711],[-116.7586,34.171],[-116.7586,34.1709],[-116.7585,34.1707],[-116.7585,34.1706],[-116.7585,34.1705],[-116.7586,34.1703],[-116.7586,34.1701],[-116.7586,34.17],[-116.7586,34.1699],[-116.7586,34.1698],[-116.7585,34.1697],[-116.7585,34.1696],[-116.7584,34.1695],[-116.7584,34.1694],[-116.7584,34.1693],[-116.7583,34.1693],[-116.7583,34.1692],[-116.7582,34.1692],[-116.7581,34.1691],[-116.758,34.169],[-116.7579,34.1689],[-116.7578,34.1689],[-116.7578,34.169],[-116.7579,34.1691],[-116.7579,34.1692],[-116.7579,34.1693],[-116.758,34.1694],[-116.758,34.1695],[-116.758,34.1696],[-116.758,34.1697],[-116.758,34.1698],[-116.758,34.1699],[-116.7579,34.17],[-116.7578,34.1701],[-116.7577,34.1701],[-116.7576,34.1702],[-116.7575,34.1703],[-116.7574,34.1704],[-116.7573,34.1705],[-116.7572,34.1705],[-116.7572,34.1704],[-116.7571,34.1704],[-116.757,34.1703],[-116.7569,34.1703],[-116.7569,34.1702],[-116.7569,34.1701],[-116.7569,34.17],[-116.7569,34.1699],[-116.757,34.1698],[-116.7571,34.1697],[-116.757,34.1696],[-116.757,34.1694],[-116.757,34.1693],[-116.7569,34.1692],[-116.7568,34.1691],[-116.7567,34.1691],[-116.7566,34.1691],[-116.7564,34.1692],[-116.7563,34.1693],[-116.7562,34.1694],[-116.7561,34.1694],[-116.756,34.1694],[-116.756,34.1693],[-116.756,34.1692],[-116.756,34.1691],[-116.756,34.169],[-116.7561,34.1689],[-116.7561,34.1688],[-116.756,34.1687],[-116.7559,34.1686],[-116.7558,34.1686],[-116.7557,34.1685],[-116.7556,34.1685],[-116.7555,34.1684],[-116.7554,34.1684],[-116.7553,34.1684],[-116.7553,34.1685],[-116.7554,34.1686],[-116.7554,34.1687],[-116.7555,34.1687],[-116.7555,34.1688],[-116.7555,34.1689],[-116.7555,34.169],[-116.7555,34.1691],[-116.7554,34.1692],[-116.7554,34.1693],[-116.7554,34.1694],[-116.7554,34.1696],[-116.7555,34.1697],[-116.7556,34.1699],[-116.7556,34.17],[-116.7557,34.1701],[-116.7557,34.1703],[-116.7557,34.1704],[-116.7557,34.1705],[-116.7557,34.1706],[-116.7557,34.1707],[-116.7557,34.1708],[-116.7556,34.1708],[-116.7555,34.1708],[-116.7554,34.1708],[-116.7552,34.1709],[-116.7551,34.1709],[-116.755,34.1709],[-116.7549,34.171],[-116.7548,34.171],[-116.7547,34.171],[-116.7546,34.1709],[-116.7545,34.1708],[-116.7544,34.1708],[-116.7544,34.1707],[-116.7543,34.1706],[-116.7543,34.1705],[-116.7542,34.1704],[-116.7541,34.1704],[-116.754,34.1702],[-116.754,34.1701],[-116.7539,34.17],[-116.7539,34.1699],[-116.754,34.1698],[-116.754,34.1697],[-116.754,34.1696],[-116.754,34.1695],[-116.7539,34.1693],[-116.7538,34.1692],[-116.7538,34.169],[-116.7538,34.1689],[-116.7538,34.1688],[-116.7538,34.1687],[-116.7538,34.1686],[-116.7538,34.1685],[-116.7537,34.1685],[-116.7537,34.1684],[-116.7536,34.1684],[-116.7535,34.1684],[-116.7534,34.1682],[-116.7534,34.1681],[-116.7533,34.168],[-116.7534,34.1679],[-116.7535,34.1678],[-116.7536,34.1678],[-116.7537,34.1678],[-116.7537,34.1677],[-116.7537,34.1676],[-116.7537,34.1675],[-116.7537,34.1673],[-116.7536,34.1672],[-116.7536,34.167],[-116.7535,34.167],[-116.7535,34.1669],[-116.7534,34.1668],[-116.7533,34.1667],[-116.7532,34.1667],[-116.7531,34.1667],[-116.753,34.1666],[-116.7529,34.1666],[-116.7529,34.1665],[-116.753,34.1665],[-116.7531,34.1664],[-116.7531,34.1663],[-116.7532,34.1662],[-116.7532,34.1661],[-116.7533,34.166],[-116.7533,34.1659],[-116.7533,34.1658],[-116.7533,34.1657],[-116.7532,34.1657],[-116.7532,34.1656],[-116.7532,34.1655],[-116.7533,34.1654],[-116.7533,34.1653],[-116.7533,34.1652],[-116.7534,34.165],[-116.7534,34.1649],[-116.7533,34.1649],[-116.7532,34.165],[-116.7533,34.165],[-116.7532,34.1651],[-116.7532,34.1652],[-116.7531,34.1653],[-116.753,34.1654],[-116.753,34.1655],[-116.753,34.1656],[-116.753,34.1657],[-116.753,34.1658],[-116.753,34.1659],[-116.753,34.166],[-116.753,34.1661],[-116.7529,34.1661],[-116.7529,34.1662],[-116.7528,34.1662],[-116.7527,34.1663],[-116.7526,34.1663],[-116.7526,34.1664],[-116.7525,34.1664],[-116.7524,34.1665],[-116.7523,34.1666],[-116.7524,34.1667],[-116.7524,34.1668],[-116.7525,34.1669],[-116.7525,34.167],[-116.7526,34.1671],[-116.7525,34.1671],[-116.7524,34.167],[-116.7523,34.167],[-116.7523,34.1669],[-116.7522,34.1669],[-116.7522,34.1668],[-116.7521,34.1669],[-116.7522,34.1669],[-116.7522,34.167],[-116.7522,34.1671],[-116.7522,34.1672],[-116.7522,34.1673],[-116.7523,34.1674],[-116.7522,34.1674],[-116.7522,34.1675],[-116.7521,34.1675],[-116.752,34.1675],[-116.7519,34.1676],[-116.7518,34.1676],[-116.7518,34.1677],[-116.7517,34.1677],[-116.7516,34.1678],[-116.7515,34.1678],[-116.7514,34.1679],[-116.7513,34.1679],[-116.7512,34.168],[-116.7511,34.1681],[-116.751,34.1681],[-116.7509,34.1682],[-116.7508,34.1683],[-116.7507,34.1684],[-116.7506,34.1684],[-116.7506,34.1685],[-116.7505,34.1685],[-116.7504,34.1685],[-116.7503,34.1686],[-116.7502,34.1687],[-116.7501,34.1687],[-116.75,34.1688],[-116.7499,34.1688],[-116.7498,34.1687],[-116.7498,34.1686],[-116.7497,34.1686],[-116.7497,34.1685],[-116.7496,34.1684],[-116.7495,34.1684],[-116.7494,34.1683],[-116.7493,34.1683],[-116.7492,34.1682],[-116.7491,34.1681],[-116.749,34.1679],[-116.7489,34.1679],[-116.7489,34.1678],[-116.7488,34.1677],[-116.7487,34.1676],[-116.7486,34.1675],[-116.7485,34.1674],[-116.7484,34.1674],[-116.7484,34.1675],[-116.7484,34.1676],[-116.7483,34.1676],[-116.7482,34.1676],[-116.7481,34.1677],[-116.748,34.1677],[-116.7479,34.1677],[-116.7479,34.1676],[-116.7478,34.1676],[-116.7477,34.1677],[-116.7477,34.1676],[-116.7476,34.1676],[-116.7475,34.1676],[-116.7474,34.1676],[-116.7473,34.1676],[-116.7472,34.1677],[-116.7471,34.1677],[-116.7471,34.1678],[-116.7471,34.1679],[-116.7472,34.1679],[-116.7472,34.168],[-116.7473,34.168]]}},{"type":"Feature","properties":{"id":"1N96Y","name":"SHADY COVE","kind":"road","access":"plate","seasonal":false},"geometry":{"type":"LineString","coordinates":[[-117.0454,34.2082],[-117.0455,34.2081],[-117.0456,34.208],[-117.0457,34.2079],[-117.0459,34.2079],[-117.046,34.2079],[-117.0461,34.208],[-117.0462,34.208],[-117.0463,34.208],[-117.0464,34.208],[-117.0466,34.208],[-117.0467,34.208],[-117.0468,34.208],[-117.0469,34.208]]}},{"type":"Feature","properties":{"id":"2N93G","name":"LIGHTNING","kind":"road","access":"plate","seasonal":false},"geometry":{"type":"LineString","coordinates":[[-116.7783,34.1863],[-116.7784,34.1862],[-116.7785,34.1862],[-116.7786,34.1862],[-116.7787,34.1863],[-116.7789,34.1863],[-116.779,34.1864],[-116.7792,34.1864],[-116.7794,34.1865],[-116.7796,34.1866],[-116.7798,34.1867],[-116.7799,34.1867],[-116.78,34.1867],[-116.7801,34.1867],[-116.7801,34.1866],[-116.7802,34.1866],[-116.7801,34.1865],[-116.7801,34.1864],[-116.78,34.1863],[-116.7799,34.1863],[-116.7798,34.1863],[-116.7798,34.1862],[-116.7797,34.1862],[-116.7798,34.1861],[-116.78,34.1861],[-116.7802,34.186],[-116.7803,34.186],[-116.7806,34.1858],[-116.7808,34.1857],[-116.781,34.1857],[-116.7812,34.1857],[-116.7814,34.1856],[-116.7815,34.1856],[-116.7816,34.1856],[-116.7817,34.1856],[-116.7817,34.1855],[-116.7818,34.1855],[-116.782,34.1855],[-116.7821,34.1855],[-116.7823,34.1855],[-116.7825,34.1855],[-116.7828,34.1856],[-116.783,34.1857],[-116.7833,34.1858],[-116.7835,34.1858],[-116.7837,34.1859],[-116.7838,34.186],[-116.7839,34.1861],[-116.784,34.1862],[-116.784,34.1863],[-116.7841,34.1864],[-116.7841,34.1865],[-116.7842,34.1866],[-116.7843,34.1867],[-116.7844,34.1867],[-116.7845,34.1868],[-116.7846,34.1869],[-116.7847,34.1869],[-116.7848,34.1869],[-116.7849,34.1869],[-116.785,34.1868],[-116.7851,34.1867],[-116.7852,34.1866],[-116.7852,34.1865],[-116.7852,34.1864],[-116.7852,34.1863],[-116.7851,34.1861],[-116.785,34.186],[-116.785,34.1859],[-116.785,34.1858],[-116.785,34.1857],[-116.785,34.1856],[-116.785,34.1855],[-116.7849,34.1854],[-116.7849,34.1853],[-116.7848,34.1852],[-116.7848,34.1851],[-116.7848,34.185],[-116.7849,34.1849],[-116.7849,34.1847],[-116.7849,34.1846],[-116.7848,34.1845],[-116.7848,34.1843]]}},{"type":"Feature","properties":{"id":"1N74","name":"SAN GORGONIO CAMPGROUND","kind":"road","access":"plate","seasonal":false},"geometry":{"type":"MultiLineString","coordinates":[[[-116.8683,34.1731],[-116.8683,34.1732],[-116.8683,34.1733],[-116.8682,34.1733],[-116.8681,34.1733],[-116.8679,34.1734],[-116.8678,34.1734],[-116.8677,34.1734],[-116.8675,34.1735],[-116.8674,34.1735],[-116.8673,34.1736],[-116.8673,34.1737],[-116.8673,34.1738],[-116.8674,34.1738],[-116.8675,34.1739],[-116.8676,34.174],[-116.8676,34.1741]],[[-116.8677,34.1734],[-116.8677,34.1736],[-116.8676,34.1737],[-116.8676,34.1738],[-116.8676,34.1739],[-116.8676,34.1741],[-116.8676,34.1742],[-116.8675,34.1743],[-116.8675,34.1745],[-116.8674,34.1746],[-116.8674,34.1747],[-116.8673,34.1748]],[[-116.8676,34.1741],[-116.8675,34.174],[-116.8673,34.174],[-116.8672,34.1741],[-116.8671,34.1741],[-116.8669,34.1741],[-116.8668,34.1742],[-116.8666,34.1742],[-116.8665,34.1742],[-116.8664,34.1742],[-116.8662,34.1742],[-116.8661,34.1743],[-116.866,34.1743],[-116.8658,34.1742],[-116.8657,34.1742],[-116.8656,34.1741],[-116.8655,34.1741],[-116.8654,34.1741],[-116.8653,34.1741],[-116.8652,34.1741],[-116.8651,34.174],[-116.865,34.1739],[-116.8649,34.1739],[-116.8648,34.1738],[-116.8647,34.1739],[-116.8646,34.174],[-116.8646,34.1741],[-116.8646,34.1742],[-116.8645,34.1743],[-116.8646,34.1744],[-116.8647,34.1745],[-116.8649,34.1746],[-116.865,34.1747],[-116.8652,34.1747],[-116.8653,34.1748],[-116.8655,34.1749],[-116.8657,34.1749],[-116.8658,34.1749],[-116.866,34.1749],[-116.8662,34.1749],[-116.8664,34.1749],[-116.8666,34.1748],[-116.8668,34.1748],[-116.867,34.1748],[-116.8672,34.1748],[-116.8673,34.1748]],[[-116.8676,34.1741],[-116.8677,34.1741],[-116.8679,34.1742],[-116.868,34.1743],[-116.8682,34.1743],[-116.8683,34.1744],[-116.8684,34.1745],[-116.8686,34.1745],[-116.8687,34.1746],[-116.8688,34.1747],[-116.8688,34.1748],[-116.8689,34.1748],[-116.869,34.1748],[-116.8691,34.1748],[-116.8693,34.1748],[-116.8694,34.1748],[-116.8696,34.1748],[-116.8697,34.1749],[-116.8699,34.175],[-116.87,34.175],[-116.8701,34.1751],[-116.8702,34.1752],[-116.8702,34.1753],[-116.8701,34.1754],[-116.87,34.1754],[-116.8699,34.1754],[-116.8698,34.1754],[-116.8697,34.1754],[-116.8696,34.1754],[-116.8695,34.1753],[-116.8693,34.1753],[-116.8692,34.1753],[-116.8691,34.1752],[-116.869,34.1752],[-116.8689,34.1751],[-116.8687,34.1751],[-116.8686,34.1751],[-116.8685,34.1751],[-116.8684,34.1751],[-116.8683,34.1751],[-116.8681,34.1752],[-116.868,34.1753],[-116.8679,34.1753],[-116.8678,34.1753],[-116.8676,34.1753],[-116.8675,34.1752],[-116.8674,34.1752],[-116.8674,34.1751],[-116.8673,34.175],[-116.8673,34.1749],[-116.8673,34.1748]]]}},{"type":"Feature","properties":{"id":"1N96Y","name":"SHADY COVE","kind":"road","access":"plate","seasonal":false},"geometry":{"type":"LineString","coordinates":[[-117.0437,34.2065],[-117.0437,34.2067],[-117.0436,34.2068],[-117.0435,34.2069],[-117.0434,34.2069],[-117.0433,34.207],[-117.0433,34.2072],[-117.0434,34.2072],[-117.0434,34.2073],[-117.0435,34.2074],[-117.0435,34.2075],[-117.0436,34.2077],[-117.0436,34.2078],[-117.0437,34.2078],[-117.0438,34.2079],[-117.044,34.2079],[-117.0442,34.208],[-117.0446,34.208],[-117.0448,34.208],[-117.0449,34.208],[-117.045,34.2081],[-117.0452,34.2081],[-117.0453,34.2082],[-117.0454,34.2082]]}},{"type":"Feature","properties":{"id":"1N86","name":"HILL RANCH","kind":"road","access":"plate","seasonal":false},"geometry":{"type":"LineString","coordinates":[[-116.9088,34.1822],[-116.9089,34.182],[-116.909,34.1818],[-116.9091,34.1816],[-116.9092,34.1814],[-116.9092,34.1813],[-116.9094,34.1812],[-116.9096,34.1812],[-116.9097,34.181],[-116.9099,34.1809],[-116.91,34.1808],[-116.9101,34.1807],[-116.9101,34.1806],[-116.9101,34.1804],[-116.9101,34.1802],[-116.9102,34.1801],[-116.9102,34.1799],[-116.9102,34.1798],[-116.9102,34.1796],[-116.9102,34.1794],[-116.9102,34.1792],[-116.9102,34.1791],[-116.9102,34.179],[-116.9103,34.179],[-116.9105,34.179],[-116.9106,34.179],[-116.9107,34.179],[-116.9108,34.1791],[-116.9109,34.1792],[-116.9111,34.1793],[-116.9112,34.1794],[-116.9113,34.1795],[-116.9114,34.1795],[-116.9115,34.1796],[-116.9116,34.1797],[-116.9118,34.1798],[-116.9119,34.1799],[-116.912,34.18],[-116.9122,34.1801],[-116.9123,34.1802],[-116.9124,34.1802],[-116.9126,34.1803],[-116.9127,34.1802],[-116.9128,34.1802],[-116.913,34.1802],[-116.9133,34.1802],[-116.9137,34.1802],[-116.914,34.1801],[-116.9142,34.1801],[-116.9143,34.1801],[-116.9143,34.18],[-116.9145,34.1798],[-116.9146,34.1797],[-116.9146,34.1796],[-116.9147,34.1796],[-116.9149,34.1797],[-116.9151,34.1798],[-116.9154,34.1799],[-116.9157,34.1801],[-116.9158,34.1801],[-116.916,34.1802],[-116.9162,34.1801],[-116.9163,34.1801],[-116.9165,34.18],[-116.9166,34.1798],[-116.9167,34.1798],[-116.9168,34.1797],[-116.9168,34.1796],[-116.9168,34.1795],[-116.9168,34.1794],[-116.9168,34.1793],[-116.917,34.1792],[-116.9172,34.1791],[-116.9175,34.1789],[-116.9177,34.1788],[-116.9179,34.1786],[-116.9179,34.1785],[-116.9179,34.1784],[-116.9179,34.1782],[-116.9178,34.1781],[-116.9177,34.178],[-116.9176,34.1779],[-116.9176,34.1778],[-116.9176,34.1777],[-116.9176,34.1776],[-116.9176,34.1775],[-116.9175,34.1773],[-116.9175,34.1771],[-116.9176,34.177],[-116.9176,34.1769],[-116.9177,34.1769],[-116.9178,34.1768],[-116.918,34.1768],[-116.9181,34.1768],[-116.9182,34.1768],[-116.9183,34.1768],[-116.9184,34.1768],[-116.9185,34.1768],[-116.9186,34.1767],[-116.9186,34.1766],[-116.9187,34.1765],[-116.9188,34.1764],[-116.9189,34.1763],[-116.919,34.1763],[-116.9192,34.1763],[-116.9194,34.1764],[-116.9195,34.1764],[-116.9196,34.1764],[-116.9197,34.1764],[-116.9198,34.1764],[-116.9199,34.1763],[-116.92,34.1763],[-116.9201,34.1761],[-116.9203,34.1759],[-116.9203,34.1758],[-116.9203,34.1757],[-116.9204,34.1756],[-116.9204,34.1755],[-116.9205,34.1754],[-116.9207,34.1754],[-116.9208,34.1754],[-116.9208,34.1755],[-116.921,34.1756],[-116.921,34.1757],[-116.9211,34.1757],[-116.9212,34.1757],[-116.9213,34.1757],[-116.9214,34.1756],[-116.9215,34.1755],[-116.9216,34.1753],[-116.9219,34.1752],[-116.922,34.175],[-116.9223,34.1748],[-116.9224,34.1747],[-116.9225,34.1745],[-116.9227,34.1744],[-116.9228,34.1744],[-116.923,34.1743],[-116.9232,34.1743],[-116.9233,34.1742],[-116.9234,34.1742],[-116.9235,34.1742],[-116.9237,34.1742],[-116.9238,34.1741],[-116.9239,34.1741],[-116.9239,34.174],[-116.924,34.1738],[-116.924,34.1736],[-116.924,34.1734],[-116.924,34.1732],[-116.924,34.1731],[-116.924,34.173],[-116.924,34.1729],[-116.9239,34.1728],[-116.9238,34.1727],[-116.9236,34.1726],[-116.9235,34.1725],[-116.9234,34.1723],[-116.9233,34.1722],[-116.9232,34.1721],[-116.9231,34.172],[-116.923,34.1719],[-116.9229,34.1719],[-116.9227,34.1719],[-116.9226,34.1718],[-116.9225,34.1718],[-116.9224,34.1717],[-116.9223,34.1716],[-116.9223,34.1715],[-116.9222,34.1715],[-116.9222,34.1713],[-116.9221,34.1713],[-116.9221,34.1712],[-116.922,34.1711],[-116.9219,34.171],[-116.9218,34.1709],[-116.9218,34.1708],[-116.9217,34.1707],[-116.9216,34.1707],[-116.9215,34.1706],[-116.9213,34.1706],[-116.9211,34.1705],[-116.9209,34.1704],[-116.9208,34.1704],[-116.9208,34.1703],[-116.9208,34.1701],[-116.9207,34.1699],[-116.9207,34.1697],[-116.9207,34.1695],[-116.9207,34.1694],[-116.9207,34.1692],[-116.9208,34.1691],[-116.9209,34.169],[-116.921,34.169],[-116.9211,34.1689],[-116.9213,34.1689],[-116.9215,34.1689],[-116.9218,34.169],[-116.9219,34.169],[-116.922,34.169],[-116.9222,34.169],[-116.9223,34.169],[-116.9224,34.169],[-116.9225,34.1689],[-116.9225,34.1688],[-116.9225,34.1687],[-116.9225,34.1686],[-116.9224,34.1686],[-116.9223,34.1685],[-116.9222,34.1685],[-116.9222,34.1684],[-116.9221,34.1683],[-116.9222,34.1682],[-116.9224,34.1682],[-116.9226,34.1682],[-116.9228,34.1682],[-116.923,34.1682],[-116.9232,34.1682],[-116.9234,34.1681],[-116.9236,34.1681],[-116.9238,34.1681],[-116.9239,34.1681],[-116.9241,34.1681],[-116.9242,34.168],[-116.9243,34.1679],[-116.9243,34.1677],[-116.9243,34.1676],[-116.9242,34.1675],[-116.9241,34.1674],[-116.924,34.1674],[-116.9239,34.1673],[-116.9238,34.1672],[-116.9237,34.1671],[-116.9237,34.167],[-116.9237,34.1669],[-116.9237,34.1668],[-116.9238,34.1666],[-116.9239,34.1664],[-116.9238,34.1663],[-116.9238,34.1662],[-116.9237,34.1663],[-116.9235,34.1664],[-116.9234,34.1665],[-116.9233,34.1666],[-116.9231,34.1666],[-116.923,34.1666],[-116.9229,34.1666],[-116.9228,34.1666],[-116.9227,34.1667],[-116.9226,34.1667],[-116.9226,34.1668],[-116.9226,34.1669],[-116.9227,34.167],[-116.9227,34.1671],[-116.9228,34.1672],[-116.9228,34.1673],[-116.9227,34.1674],[-116.9226,34.1674],[-116.9225,34.1675],[-116.9225,34.1674],[-116.9224,34.1674],[-116.9223,34.1674],[-116.9222,34.1673],[-116.9221,34.1672],[-116.9221,34.1671],[-116.9221,34.167],[-116.9221,34.1669],[-116.9221,34.1668],[-116.922,34.1667],[-116.922,34.1665],[-116.9219,34.1664],[-116.9219,34.1663],[-116.9219,34.1662],[-116.922,34.1661],[-116.9221,34.1661],[-116.9221,34.166],[-116.9222,34.1659],[-116.9222,34.1657],[-116.9223,34.1656],[-116.9224,34.1655],[-116.9225,34.1652],[-116.9227,34.1649],[-116.9228,34.1648],[-116.923,34.1643],[-116.9231,34.1638],[-116.9231,34.1637],[-116.9232,34.1635],[-116.9232,34.1634],[-116.9231,34.1633],[-116.923,34.1632],[-116.9229,34.1632],[-116.9229,34.1633],[-116.9228,34.1633],[-116.9227,34.1634],[-116.9227,34.1635],[-116.9225,34.1636],[-116.9224,34.1637],[-116.9222,34.1637],[-116.922,34.1638],[-116.9218,34.1638],[-116.9217,34.1638],[-116.9216,34.1639],[-116.9214,34.1639],[-116.9213,34.1639],[-116.9212,34.164],[-116.921,34.1641],[-116.9209,34.1641],[-116.9207,34.1642],[-116.9206,34.1642],[-116.9204,34.1642],[-116.9203,34.1643],[-116.9201,34.1643],[-116.92,34.1644],[-116.9199,34.1645],[-116.9198,34.1644],[-116.9198,34.1643],[-116.9199,34.1641],[-116.92,34.164],[-116.92,34.1638],[-116.9202,34.1636],[-116.9202,34.1634],[-116.9203,34.1632],[-116.9204,34.163],[-116.9205,34.1627],[-116.9206,34.1625],[-116.9206,34.1624],[-116.9207,34.1623],[-116.9207,34.1622],[-116.9206,34.1621],[-116.9205,34.1621],[-116.9204,34.1621],[-116.9203,34.1621],[-116.9202,34.1621],[-116.9201,34.1622],[-116.92,34.1623],[-116.9199,34.1624],[-116.9198,34.1625],[-116.9197,34.1625],[-116.9195,34.1626],[-116.9194,34.1626],[-116.9192,34.1627],[-116.9191,34.1627],[-116.919,34.1627],[-116.9188,34.1627],[-116.9186,34.1627],[-116.9185,34.1627],[-116.9183,34.1627],[-116.9181,34.1627],[-116.918,34.1627],[-116.9179,34.1627],[-116.9178,34.1627],[-116.9178,34.1626],[-116.9178,34.1625],[-116.9179,34.1625],[-116.918,34.1624],[-116.918,34.1623],[-116.9181,34.1622],[-116.9181,34.1621],[-116.9182,34.162],[-116.9182,34.1619],[-116.9183,34.1618],[-116.9185,34.1617],[-116.9186,34.1616],[-116.9186,34.1615],[-116.9185,34.1615],[-116.9184,34.1615],[-116.9183,34.1615],[-116.9182,34.1616],[-116.9181,34.1616],[-116.918,34.1616],[-116.9178,34.1617],[-116.9177,34.1617],[-116.9175,34.1618],[-116.9173,34.1618],[-116.9173,34.1619],[-116.9172,34.1619],[-116.9171,34.1619],[-116.917,34.1619],[-116.917,34.1618],[-116.9171,34.1617],[-116.9172,34.1616],[-116.9173,34.1615],[-116.9174,34.1614],[-116.9175,34.1613],[-116.9175,34.1612],[-116.9176,34.1611],[-116.9177,34.161],[-116.9178,34.1609],[-116.9178,34.1608],[-116.9177,34.1608],[-116.9176,34.1608],[-116.9175,34.1608],[-116.9174,34.1609],[-116.9172,34.1609],[-116.9169,34.161],[-116.9167,34.1611],[-116.9166,34.1611],[-116.9165,34.1611],[-116.9163,34.1611],[-116.9162,34.1611],[-116.916,34.1611],[-116.9159,34.161],[-116.9158,34.161],[-116.9156,34.1609],[-116.9154,34.1609],[-116.9154,34.1608],[-116.9153,34.1608],[-116.9153,34.1607],[-116.9153,34.1606],[-116.9154,34.1605],[-116.9155,34.1605],[-116.9157,34.1605],[-116.9159,34.1604],[-116.9161,34.1604],[-116.9164,34.1602]]}},{"type":"Feature","properties":{"id":"1S05","name":"THURMAN FLATS PICNIC AREA     ","kind":"road","access":"plate","seasonal":false},"geometry":{"type":"LineString","coordinates":[[-117.0144,34.1043],[-117.0142,34.104],[-117.0141,34.104],[-117.0141,34.1039],[-117.014,34.1039],[-117.0139,34.1039],[-117.0137,34.1039],[-117.0136,34.1039],[-117.0135,34.104],[-117.0134,34.104],[-117.0133,34.104],[-117.0132,34.1041],[-117.0131,34.1041],[-117.013,34.1041],[-117.0129,34.1041],[-117.0129,34.104],[-117.013,34.1039],[-117.0131,34.1039],[-117.0135,34.1039],[-117.0136,34.104]]}},{"type":"Feature","properties":{"id":"2N76YA","name":"ANTELOPE CREEK SPUR","kind":"road","access":"plate","seasonal":false},"geometry":{"type":"LineString","coordinates":[[-116.6519,34.2146],[-116.6519,34.2145],[-116.652,34.2145],[-116.652,34.2144],[-116.652,34.2143],[-116.6519,34.2142],[-116.6518,34.214],[-116.6518,34.2139],[-116.6517,34.2137],[-116.6517,34.2136],[-116.6517,34.2135],[-116.6518,34.2135],[-116.6518,34.2134],[-116.652,34.2133]]}},{"type":"Feature","properties":{"id":"1N05","name":"FISH CREEK MEADOWS","kind":"road","access":"plate","seasonal":false},"geometry":{"type":"LineString","coordinates":[[-116.772,34.151],[-116.772,34.1509],[-116.7719,34.1508],[-116.7717,34.1507],[-116.7716,34.1505],[-116.7715,34.1504],[-116.7714,34.1502],[-116.7712,34.1501],[-116.7711,34.1499],[-116.771,34.1498],[-116.771,34.1497],[-116.7709,34.1496],[-116.7708,34.1495],[-116.7708,34.1494],[-116.7708,34.1493],[-116.7708,34.1492],[-116.7708,34.1491],[-116.7708,34.149],[-116.7708,34.1489],[-116.7707,34.1489],[-116.7707,34.1488],[-116.7708,34.1488],[-116.7708,34.1487],[-116.7708,34.1486],[-116.7709,34.1486],[-116.771,34.1485],[-116.7711,34.1485],[-116.7712,34.1486],[-116.7714,34.1487],[-116.7715,34.1487],[-116.7716,34.1487],[-116.7717,34.1487],[-116.7718,34.1487],[-116.7718,34.1486],[-116.7719,34.1486],[-116.772,34.1486],[-116.7721,34.1485],[-116.7722,34.1484],[-116.7723,34.1483],[-116.7725,34.1483],[-116.7727,34.1482],[-116.7728,34.1482],[-116.773,34.1482],[-116.7731,34.1482],[-116.7733,34.1482],[-116.7735,34.1482],[-116.7738,34.1482],[-116.7739,34.1482],[-116.774,34.1482],[-116.7742,34.1482],[-116.7743,34.1482],[-116.7744,34.1483],[-116.7745,34.1484],[-116.7746,34.1484],[-116.7747,34.1484],[-116.7748,34.1485],[-116.775,34.1484],[-116.7751,34.1484],[-116.7753,34.1484],[-116.7755,34.1485],[-116.7756,34.1485],[-116.7758,34.1485],[-116.7759,34.1484],[-116.7763,34.1484],[-116.7765,34.1484],[-116.7767,34.1484],[-116.7768,34.1484],[-116.7769,34.1484],[-116.777,34.1484],[-116.7771,34.1485],[-116.7772,34.1486],[-116.7773,34.1486],[-116.7774,34.1486],[-116.7775,34.1486],[-116.7776,34.1486],[-116.7777,34.1486],[-116.7778,34.1486],[-116.778,34.1485],[-116.7781,34.1485],[-116.7782,34.1485],[-116.7783,34.1485],[-116.7784,34.1485],[-116.7785,34.1485],[-116.7786,34.1485],[-116.7787,34.1484],[-116.7788,34.1483],[-116.7788,34.1482],[-116.7789,34.1482],[-116.7789,34.1481],[-116.779,34.148],[-116.7791,34.1479],[-116.7792,34.1479],[-116.7793,34.1479],[-116.7794,34.1479],[-116.7795,34.148],[-116.7796,34.1481],[-116.7796,34.1482],[-116.7797,34.1482],[-116.7798,34.1482],[-116.7799,34.1482],[-116.7801,34.1482],[-116.7802,34.1482],[-116.7804,34.1482],[-116.7804,34.1481],[-116.7805,34.1481],[-116.7806,34.148],[-116.7807,34.1479],[-116.7808,34.1478],[-116.7809,34.1477],[-116.781,34.1476],[-116.7811,34.1475],[-116.7812,34.1475],[-116.7812,34.1476],[-116.7813,34.1476],[-116.7814,34.1477],[-116.7814,34.1478],[-116.7815,34.1479],[-116.7816,34.1479],[-116.7816,34.148],[-116.7818,34.148],[-116.7819,34.148],[-116.782,34.1481],[-116.7821,34.1481],[-116.7822,34.1481],[-116.7823,34.1481],[-116.7824,34.1481],[-116.7825,34.148],[-116.7826,34.148],[-116.7827,34.1479],[-116.7828,34.1479],[-116.7829,34.1479],[-116.783,34.148],[-116.7831,34.148],[-116.7832,34.148],[-116.7833,34.148],[-116.7834,34.148],[-116.7835,34.1479],[-116.7836,34.1479],[-116.7837,34.1479],[-116.7838,34.1479],[-116.7839,34.1478],[-116.784,34.1478],[-116.784,34.1477],[-116.7841,34.1476],[-116.7842,34.1475],[-116.7842,34.1474],[-116.7843,34.1474],[-116.7843,34.1473],[-116.7844,34.1473],[-116.7845,34.1473],[-116.7846,34.1472],[-116.7847,34.1472],[-116.7848,34.1472],[-116.7849,34.1472],[-116.785,34.1472],[-116.7851,34.1472],[-116.7851,34.1473],[-116.7852,34.1473],[-116.7853,34.1473],[-116.7853,34.1474],[-116.7853,34.1475],[-116.7854,34.1475],[-116.7855,34.1476],[-116.7856,34.1476],[-116.7857,34.1476],[-116.7858,34.1476],[-116.7859,34.1476],[-116.786,34.1476],[-116.7861,34.1476],[-116.7863,34.1476],[-116.7864,34.1475],[-116.7866,34.1475],[-116.7867,34.1475],[-116.7868,34.1474],[-116.7869,34.1474],[-116.787,34.1474],[-116.7872,34.1474],[-116.7873,34.1474],[-116.7875,34.1475],[-116.7876,34.1476],[-116.7878,34.1476],[-116.7879,34.1476],[-116.788,34.1476],[-116.7881,34.1476],[-116.7882,34.1476],[-116.7884,34.1476],[-116.7886,34.1476],[-116.7888,34.1476],[-116.7889,34.1476],[-116.789,34.1476],[-116.7891,34.1476],[-116.7892,34.1477],[-116.7893,34.1477],[-116.7894,34.1478],[-116.7896,34.1478],[-116.7897,34.1478],[-116.7898,34.1478],[-116.7898,34.1477],[-116.7899,34.1477],[-116.7899,34.1476],[-116.7899,34.1475],[-116.7898,34.1475],[-116.7897,34.1475],[-116.7896,34.1474],[-116.7895,34.1474],[-116.7891,34.1473],[-116.789,34.1473],[-116.7888,34.1472],[-116.7886,34.1471],[-116.7885,34.1471],[-116.7884,34.1471],[-116.7881,34.147],[-116.788,34.147],[-116.7879,34.1469],[-116.7878,34.1469],[-116.7877,34.1468],[-116.7876,34.1467],[-116.7875,34.1467],[-116.7874,34.1466],[-116.7871,34.1466],[-116.7869,34.1466],[-116.7868,34.1466],[-116.7867,34.1466],[-116.7865,34.1466],[-116.7864,34.1466],[-116.7863,34.1466],[-116.7861,34.1466],[-116.786,34.1466],[-116.7859,34.1465],[-116.7859,34.1464],[-116.7858,34.1464],[-116.7857,34.1464],[-116.7856,34.1463],[-116.7855,34.1463],[-116.7854,34.1463],[-116.7853,34.1462],[-116.7853,34.1461],[-116.7852,34.146],[-116.7852,34.1459],[-116.7851,34.1459],[-116.785,34.1458],[-116.785,34.1457],[-116.7849,34.1457],[-116.7848,34.1457],[-116.7847,34.1457],[-116.7846,34.1457],[-116.7845,34.1457],[-116.7844,34.1457],[-116.7844,34.1456],[-116.7844,34.1455],[-116.7845,34.1455],[-116.7846,34.1454],[-116.7847,34.1454],[-116.7848,34.1454],[-116.7849,34.1454],[-116.785,34.1453],[-116.7851,34.1453],[-116.7852,34.1454],[-116.7853,34.1454],[-116.7853,34.1455],[-116.7854,34.1455],[-116.7855,34.1455],[-116.7856,34.1454],[-116.7857,34.1454],[-116.7857,34.1453],[-116.7857,34.1452],[-116.7857,34.1451],[-116.7856,34.1451],[-116.7856,34.145],[-116.7855,34.145],[-116.7854,34.145],[-116.7853,34.1449],[-116.7851,34.1449],[-116.785,34.1449],[-116.7848,34.1449],[-116.7847,34.1449],[-116.7845,34.1449],[-116.7844,34.145],[-116.7842,34.145],[-116.7841,34.145],[-116.784,34.145],[-116.7839,34.145],[-116.7838,34.1449],[-116.7839,34.1448],[-116.7839,34.1447],[-116.784,34.1447],[-116.7841,34.1446],[-116.7842,34.1446],[-116.7842,34.1445],[-116.7842,34.1444],[-116.7842,34.1442],[-116.7843,34.1441],[-116.7843,34.1439],[-116.7843,34.1438],[-116.7844,34.1436],[-116.7844,34.1435],[-116.7844,34.1434],[-116.7843,34.1433],[-116.7842,34.1433],[-116.7841,34.1433],[-116.784,34.1433],[-116.7839,34.1433],[-116.7838,34.1434],[-116.7837,34.1435],[-116.7836,34.1437],[-116.7835,34.1437],[-116.7834,34.1438],[-116.7833,34.1439],[-116.7832,34.1439],[-116.7831,34.144],[-116.783,34.1441],[-116.7829,34.1441],[-116.7828,34.1441],[-116.7827,34.1441],[-116.7826,34.1441],[-116.7826,34.144],[-116.7827,34.1439],[-116.7829,34.1436],[-116.7829,34.1435],[-116.7829,34.1434],[-116.7828,34.1433],[-116.7827,34.1433],[-116.7826,34.1433],[-116.7823,34.1434],[-116.7821,34.1434],[-116.782,34.1434],[-116.7818,34.1434],[-116.7817,34.1435],[-116.7816,34.1435],[-116.7814,34.1435],[-116.7813,34.1436],[-116.7811,34.1436],[-116.781,34.1436],[-116.7808,34.1436],[-116.7807,34.1436],[-116.7805,34.1436],[-116.7804,34.1436],[-116.7803,34.1437],[-116.7802,34.1437],[-116.7801,34.1438],[-116.78,34.1438],[-116.7799,34.1438],[-116.7798,34.1439],[-116.7797,34.1439],[-116.7796,34.1439],[-116.7795,34.1439],[-116.7794,34.1439],[-116.7792,34.1439],[-116.7791,34.1439],[-116.7789,34.1439],[-116.7788,34.1439],[-116.7786,34.1439],[-116.7784,34.1439],[-116.7782,34.1439],[-116.7781,34.1439],[-116.7779,34.1439],[-116.7777,34.1439],[-116.7776,34.1439],[-116.7774,34.1439],[-116.7772,34.1439],[-116.7771,34.1438],[-116.7769,34.1438],[-116.7767,34.1437],[-116.7765,34.1437],[-116.7764,34.1436],[-116.7762,34.1436],[-116.7762,34.1435],[-116.7761,34.1434],[-116.776,34.1432],[-116.7758,34.143],[-116.7757,34.1429],[-116.7757,34.1428],[-116.7756,34.1426],[-116.7754,34.1425],[-116.7753,34.1424],[-116.7752,34.1423],[-116.7752,34.1422],[-116.7752,34.1421],[-116.7752,34.142],[-116.7753,34.142],[-116.7754,34.142],[-116.7755,34.142],[-116.7756,34.1421],[-116.7756,34.1422],[-116.7757,34.1423],[-116.7758,34.1424],[-116.7759,34.1425],[-116.7762,34.1427],[-116.7763,34.1428],[-116.7764,34.1429],[-116.7765,34.1429],[-116.7766,34.1429],[-116.7767,34.1428],[-116.7767,34.1427],[-116.7766,34.1426],[-116.7765,34.1425],[-116.7765,34.1424],[-116.7766,34.1423],[-116.7767,34.1422],[-116.7768,34.1421],[-116.7769,34.142],[-116.777,34.142],[-116.7771,34.142],[-116.7772,34.142],[-116.7774,34.142],[-116.7775,34.142],[-116.7776,34.142],[-116.7777,34.1419],[-116.7778,34.1419],[-116.7781,34.1419],[-116.7783,34.1418],[-116.7786,34.1417],[-116.7788,34.1417],[-116.7789,34.1417],[-116.7791,34.1416],[-116.7792,34.1416],[-116.7794,34.1415],[-116.7795,34.1414],[-116.7797,34.1413],[-116.7798,34.1412],[-116.7799,34.1411],[-116.7799,34.141],[-116.7799,34.1409],[-116.78,34.1408],[-116.7801,34.1407],[-116.7802,34.1407],[-116.7803,34.1406],[-116.7804,34.1405],[-116.7805,34.1403],[-116.7805,34.1402],[-116.7806,34.14],[-116.7806,34.1398],[-116.7807,34.1397],[-116.7807,34.1395],[-116.7807,34.1393],[-116.7806,34.1391],[-116.7806,34.139],[-116.7805,34.1389],[-116.7804,34.1388],[-116.7805,34.1387],[-116.7805,34.1386],[-116.7806,34.1386],[-116.7807,34.1385],[-116.7807,34.1384],[-116.7807,34.1383],[-116.7807,34.1382],[-116.7807,34.138],[-116.7806,34.1379],[-116.7805,34.1378],[-116.7804,34.1377],[-116.7804,34.1376],[-116.7803,34.1375],[-116.7801,34.1374],[-116.78,34.1374],[-116.78,34.1372],[-116.7799,34.1371],[-116.7798,34.137],[-116.7798,34.1369],[-116.7796,34.1368],[-116.7795,34.1367],[-116.7793,34.1366],[-116.7791,34.1366],[-116.7789,34.1365],[-116.7788,34.1365],[-116.7787,34.1365],[-116.7786,34.1366],[-116.7784,34.1366],[-116.7783,34.1366],[-116.7782,34.1365],[-116.7781,34.1365],[-116.778,34.1364],[-116.7779,34.1363],[-116.7778,34.1363],[-116.7777,34.1361],[-116.7776,34.136],[-116.7774,34.1359],[-116.7773,34.1359],[-116.7772,34.1358],[-116.777,34.1358],[-116.7769,34.1359],[-116.7767,34.1359],[-116.7764,34.136],[-116.7762,34.1361],[-116.776,34.1361],[-116.7759,34.1361],[-116.7758,34.1361],[-116.7756,34.1361],[-116.7755,34.136],[-116.7754,34.136],[-116.7753,34.1359],[-116.7752,34.1359],[-116.7751,34.1358],[-116.775,34.1358],[-116.7748,34.1358],[-116.7747,34.1358],[-116.7746,34.1357],[-116.7745,34.1357],[-116.7745,34.1356],[-116.7744,34.1355],[-116.7743,34.1355],[-116.7742,34.1354],[-116.7741,34.1354],[-116.774,34.1354],[-116.7738,34.1354],[-116.7737,34.1354],[-116.7736,34.1354],[-116.7735,34.1353],[-116.7734,34.1352],[-116.7734,34.1351],[-116.7733,34.1351],[-116.7732,34.1351],[-116.7731,34.1351],[-116.773,34.1351],[-116.7729,34.1351],[-116.7728,34.135],[-116.7726,34.135],[-116.7725,34.1349],[-116.7724,34.1349],[-116.7724,34.135],[-116.7723,34.135],[-116.7722,34.135],[-116.7721,34.135],[-116.772,34.135],[-116.7719,34.135],[-116.7718,34.1349],[-116.7716,34.1349],[-116.7715,34.1349],[-116.7714,34.1349],[-116.7713,34.1349],[-116.7712,34.1349],[-116.7711,34.1348],[-116.7711,34.1347],[-116.771,34.1347],[-116.771,34.1346],[-116.7709,34.1346],[-116.7708,34.1346],[-116.7707,34.1346],[-116.7706,34.1346],[-116.7704,34.1346],[-116.7703,34.1346],[-116.7701,34.1345],[-116.77,34.1345],[-116.7699,34.1345],[-116.7698,34.1344],[-116.7698,34.1343],[-116.7697,34.1342],[-116.7697,34.1341],[-116.7697,34.1339],[-116.7697,34.1338],[-116.7696,34.1337],[-116.7696,34.1336],[-116.7696,34.1335],[-116.7695,34.1334],[-116.7695,34.1333],[-116.7693,34.1332],[-116.7692,34.1332],[-116.7692,34.1331],[-116.7691,34.133],[-116.769,34.1329],[-116.7689,34.1329],[-116.7688,34.1329],[-116.7687,34.1329],[-116.7686,34.133],[-116.7684,34.133],[-116.7683,34.133],[-116.7681,34.133],[-116.768,34.133],[-116.7679,34.1329],[-116.7678,34.1328],[-116.7677,34.1328],[-116.7676,34.1327],[-116.7675,34.1327],[-116.7674,34.1326],[-116.7674,34.1325],[-116.7673,34.1324],[-116.7672,34.1323],[-116.7671,34.1323],[-116.7671,34.1322],[-116.767,34.1322],[-116.7669,34.1322],[-116.7668,34.1322],[-116.7668,34.1323],[-116.7668,34.1324],[-116.7667,34.1325],[-116.7666,34.1325],[-116.7664,34.1326],[-116.7663,34.1326],[-116.7662,34.1326],[-116.7661,34.1327],[-116.7661,34.1328],[-116.766,34.1328],[-116.766,34.1329],[-116.7658,34.133],[-116.7657,34.1331],[-116.7656,34.1331],[-116.7655,34.1331],[-116.7654,34.1331],[-116.7653,34.1331],[-116.7652,34.1331],[-116.7651,34.133],[-116.765,34.1329],[-116.7648,34.1329],[-116.7647,34.1328],[-116.7645,34.1328],[-116.7644,34.1328],[-116.7644,34.1327],[-116.7643,34.1326],[-116.7642,34.1325],[-116.764,34.1324],[-116.7639,34.1324],[-116.7638,34.1324],[-116.7638,34.1323],[-116.7637,34.1321],[-116.7637,34.132],[-116.7636,34.132],[-116.7635,34.1319],[-116.7634,34.1318],[-116.7632,34.1316],[-116.7631,34.1315],[-116.763,34.1315],[-116.7629,34.1315],[-116.7628,34.1315],[-116.7627,34.1315],[-116.7626,34.1314],[-116.7625,34.1314],[-116.7624,34.1314],[-116.7623,34.1313],[-116.7622,34.1313],[-116.7621,34.1313],[-116.762,34.1313],[-116.7619,34.1314],[-116.7618,34.1315],[-116.7617,34.1316],[-116.7615,34.1316],[-116.7614,34.1316],[-116.7613,34.1316],[-116.7612,34.1315],[-116.7611,34.1315],[-116.761,34.1314],[-116.7608,34.1312],[-116.7607,34.1311],[-116.7606,34.1311],[-116.7605,34.1311],[-116.7604,34.1312],[-116.7603,34.1313],[-116.7603,34.1314],[-116.7602,34.1314],[-116.7601,34.1315],[-116.76,34.1315],[-116.7599,34.1315],[-116.7598,34.1314],[-116.7597,34.1314],[-116.7596,34.1314],[-116.7595,34.1314],[-116.7594,34.1313],[-116.7593,34.1313],[-116.7592,34.1314],[-116.7592,34.1315],[-116.7591,34.1316],[-116.7591,34.1317],[-116.759,34.1317],[-116.7589,34.1317],[-116.7588,34.1316],[-116.7586,34.1316],[-116.7585,34.1315],[-116.7584,34.1315],[-116.7583,34.1314],[-116.7583,34.1313],[-116.7582,34.1313],[-116.7582,34.1312],[-116.7581,34.1312],[-116.758,34.1312],[-116.7578,34.1313],[-116.7577,34.1313],[-116.7576,34.1313],[-116.7575,34.1313],[-116.7574,34.1312],[-116.7573,34.1312],[-116.7571,34.1311],[-116.757,34.1311],[-116.7568,34.131],[-116.7567,34.1309],[-116.7567,34.1308],[-116.7568,34.1308],[-116.7569,34.1307],[-116.757,34.1307],[-116.7571,34.1306],[-116.7572,34.1306],[-116.7572,34.1305],[-116.7573,34.1305],[-116.7574,34.1303],[-116.7576,34.1302],[-116.7577,34.1301],[-116.7577,34.13],[-116.7577,34.1299],[-116.7576,34.1299],[-116.7576,34.1298],[-116.7575,34.1298],[-116.7574,34.1299],[-116.7573,34.1299],[-116.7573,34.13],[-116.7572,34.13],[-116.7571,34.13],[-116.757,34.13],[-116.757,34.1299],[-116.7569,34.1299],[-116.7568,34.1298],[-116.7568,34.1297],[-116.7567,34.1296],[-116.7567,34.1295],[-116.7566,34.1295],[-116.7565,34.1294],[-116.7565,34.1293],[-116.7564,34.1293],[-116.7564,34.1292],[-116.7564,34.1291],[-116.7564,34.129],[-116.7563,34.1289],[-116.7562,34.1289],[-116.7562,34.1288],[-116.756,34.1287],[-116.7559,34.1287],[-116.7559,34.1286],[-116.7558,34.1285],[-116.7558,34.1284],[-116.7559,34.1283],[-116.756,34.1282],[-116.7561,34.1283],[-116.7563,34.1283],[-116.7563,34.1284],[-116.7564,34.1284],[-116.7565,34.1283],[-116.7566,34.1283],[-116.7567,34.1283],[-116.7568,34.1284],[-116.7569,34.1284],[-116.757,34.1284],[-116.7571,34.1284],[-116.7573,34.1284],[-116.7575,34.1285],[-116.7576,34.1285],[-116.7577,34.1285],[-116.7578,34.1285],[-116.7579,34.1286],[-116.758,34.1286],[-116.7581,34.1286],[-116.7582,34.1285],[-116.7582,34.1284],[-116.7582,34.1283],[-116.7581,34.1283],[-116.7581,34.1282],[-116.758,34.1282],[-116.7579,34.1282],[-116.7578,34.1281],[-116.7578,34.128],[-116.7579,34.1279],[-116.758,34.1279],[-116.758,34.1278],[-116.7581,34.1278],[-116.7582,34.1278],[-116.7584,34.1278],[-116.7585,34.1277],[-116.7586,34.1277],[-116.7587,34.1277],[-116.7587,34.1276],[-116.7587,34.1275],[-116.7587,34.1274],[-116.7587,34.1273],[-116.7587,34.1272],[-116.7587,34.1271],[-116.7588,34.127],[-116.7588,34.1269],[-116.7589,34.1268],[-116.7589,34.1267],[-116.759,34.1265],[-116.7591,34.1264],[-116.7592,34.1263],[-116.7593,34.1263],[-116.7593,34.1261],[-116.7594,34.1261],[-116.7595,34.126],[-116.7596,34.126],[-116.7598,34.1259],[-116.76,34.1259],[-116.7601,34.1259],[-116.7602,34.1258],[-116.7603,34.1258],[-116.7603,34.1257],[-116.7604,34.1257],[-116.7605,34.1257],[-116.7606,34.1256],[-116.7607,34.1256],[-116.761,34.1256],[-116.7612,34.1256],[-116.7614,34.1255],[-116.7615,34.1255],[-116.7617,34.1255],[-116.7619,34.1255],[-116.7621,34.1254],[-116.7622,34.1254],[-116.7624,34.1254],[-116.7625,34.1254],[-116.7626,34.1254],[-116.7627,34.1254],[-116.7628,34.1254],[-116.7628,34.1253],[-116.7629,34.1253],[-116.7629,34.1252],[-116.7629,34.1251],[-116.763,34.1251],[-116.7631,34.1251],[-116.7631,34.125],[-116.7632,34.125],[-116.7633,34.125],[-116.7634,34.1249],[-116.7635,34.1249],[-116.7636,34.1249],[-116.7637,34.1249],[-116.7638,34.1249],[-116.7639,34.1249],[-116.764,34.1249],[-116.764,34.1248],[-116.7641,34.1248],[-116.7642,34.1248],[-116.7643,34.1247],[-116.7644,34.1247],[-116.7645,34.1247],[-116.7646,34.1247],[-116.7647,34.1247],[-116.7648,34.1247],[-116.7649,34.1247],[-116.765,34.1246],[-116.7651,34.1246],[-116.7652,34.1246],[-116.7653,34.1246],[-116.7653,34.1245],[-116.7654,34.1245],[-116.7655,34.1245],[-116.7656,34.1245],[-116.7657,34.1246],[-116.7658,34.1246],[-116.766,34.1246],[-116.7662,34.1246],[-116.7664,34.1246],[-116.7665,34.1247],[-116.7666,34.1247],[-116.7667,34.1247],[-116.7668,34.1247],[-116.7669,34.1247],[-116.767,34.1248],[-116.7672,34.1249],[-116.7673,34.1249],[-116.7673,34.125],[-116.7674,34.1251],[-116.7674,34.1252],[-116.7673,34.1253],[-116.7672,34.1253],[-116.7671,34.1253],[-116.767,34.1253],[-116.7668,34.1253],[-116.7667,34.1253],[-116.7666,34.1253],[-116.7664,34.1254],[-116.7663,34.1254],[-116.7662,34.1253],[-116.7662,34.1252],[-116.7663,34.1252],[-116.7664,34.1252],[-116.7665,34.1251],[-116.7666,34.1251],[-116.7667,34.1251],[-116.7668,34.1251],[-116.7669,34.125],[-116.767,34.125],[-116.767,34.1249],[-116.7669,34.1249],[-116.7668,34.1249],[-116.7667,34.1249],[-116.7667,34.1248],[-116.7666,34.1248],[-116.7666,34.1247]]}},{"type":"Feature","properties":{"id":"1N84","name":"EAST FLATS","kind":"road","access":"plate","seasonal":false},"geometry":{"type":"LineString","coordinates":[[-116.8492,34.1653],[-116.8491,34.1652],[-116.849,34.1651],[-116.8489,34.1651],[-116.8488,34.1651],[-116.8486,34.1651],[-116.8485,34.1651],[-116.8484,34.1651],[-116.8483,34.1651],[-116.8481,34.1652],[-116.8479,34.1653],[-116.8477,34.1653],[-116.8474,34.1653],[-116.8472,34.1653],[-116.8469,34.1652],[-116.8466,34.1651],[-116.8463,34.165],[-116.8462,34.1649],[-116.8461,34.1649],[-116.8459,34.1649],[-116.8457,34.1648],[-116.8456,34.1649],[-116.8455,34.1649],[-116.8453,34.1649],[-116.8451,34.1649],[-116.845,34.1649],[-116.8449,34.1649],[-116.8446,34.1648],[-116.8445,34.1648],[-116.8443,34.1648],[-116.8441,34.1648],[-116.8438,34.1648],[-116.8436,34.1649],[-116.8434,34.1649],[-116.8433,34.1649],[-116.8432,34.165],[-116.8429,34.165],[-116.8427,34.165],[-116.8425,34.165],[-116.8423,34.165],[-116.842,34.1651],[-116.8417,34.1651],[-116.8416,34.1652],[-116.8415,34.1652],[-116.8414,34.1653],[-116.8412,34.1655],[-116.8411,34.1656],[-116.841,34.1656],[-116.8408,34.1656],[-116.8406,34.1656],[-116.8404,34.1656],[-116.8402,34.1656],[-116.8401,34.1656],[-116.8399,34.1656],[-116.8398,34.1656],[-116.8397,34.1656],[-116.8396,34.1656],[-116.8394,34.1656],[-116.8392,34.1656],[-116.8391,34.1656],[-116.8389,34.1656],[-116.8388,34.1656],[-116.8387,34.1656],[-116.8384,34.1656],[-116.8383,34.1656],[-116.8382,34.1656],[-116.8381,34.1656],[-116.838,34.1657],[-116.8378,34.1657],[-116.8375,34.1657],[-116.8374,34.1657],[-116.8373,34.1657],[-116.8371,34.1658],[-116.837,34.1659],[-116.8369,34.166],[-116.8368,34.1661],[-116.8368,34.1662],[-116.8368,34.1663],[-116.8368,34.1664],[-116.8368,34.1666],[-116.8368,34.1667],[-116.8368,34.1669],[-116.8368,34.167],[-116.8368,34.1671],[-116.8368,34.1672],[-116.8368,34.1673],[-116.8369,34.1674],[-116.837,34.1674],[-116.8372,34.1675],[-116.8373,34.1675],[-116.8374,34.1676],[-116.8376,34.1678],[-116.8377,34.1679],[-116.8378,34.168],[-116.8379,34.168],[-116.838,34.1681],[-116.8382,34.1682],[-116.8383,34.1682],[-116.8385,34.1682],[-116.8386,34.1682],[-116.8387,34.1683],[-116.8389,34.1683],[-116.839,34.1684],[-116.8391,34.1684],[-116.8392,34.1684],[-116.8393,34.1684],[-116.8395,34.1684],[-116.8396,34.1684],[-116.8397,34.1684],[-116.8399,34.1685],[-116.84,34.1685],[-116.8401,34.1685],[-116.8402,34.1685],[-116.8402,34.1684],[-116.8403,34.1684],[-116.8403,34.1683],[-116.8404,34.1682],[-116.8405,34.1681],[-116.8406,34.168],[-116.8407,34.1679],[-116.8408,34.1678],[-116.8408,34.1677],[-116.8409,34.1676],[-116.841,34.1675],[-116.841,34.1674],[-116.8411,34.1673],[-116.8411,34.1672],[-116.8413,34.1672],[-116.8415,34.1672],[-116.8416,34.1672],[-116.8417,34.1672],[-116.8418,34.1672],[-116.8419,34.1672],[-116.842,34.1672],[-116.842,34.1671],[-116.8421,34.1671],[-116.8422,34.1671],[-116.8423,34.1671],[-116.8424,34.167],[-116.8425,34.1669],[-116.8426,34.1668],[-116.8427,34.1668],[-116.8427,34.1667],[-116.8428,34.1667],[-116.8428,34.1666],[-116.8429,34.1665],[-116.843,34.1663],[-116.8431,34.1662],[-116.8431,34.1661],[-116.843,34.166],[-116.843,34.1659],[-116.8431,34.1658],[-116.8431,34.1657],[-116.8432,34.1656],[-116.8432,34.1655],[-116.8433,34.1654],[-116.8433,34.1653],[-116.8434,34.1652],[-116.8435,34.1651],[-116.8435,34.165],[-116.8436,34.165],[-116.8437,34.1649],[-116.8438,34.1648]]}},{"type":"Feature","properties":{"id":"2N76Y","name":"ANTELOPE CREEK (OHV)","kind":"road","access":"plate","seasonal":false},"geometry":{"type":"LineString","coordinates":[[-116.6626,34.2253],[-116.6625,34.2251],[-116.6624,34.225],[-116.6624,34.2248],[-116.6624,34.2247],[-116.6624,34.2246],[-116.6624,34.2245],[-116.6623,34.2244],[-116.6622,34.2244],[-116.6622,34.2243],[-116.6621,34.2243],[-116.662,34.2241],[-116.6617,34.2239],[-116.6616,34.2238],[-116.6616,34.2237],[-116.6615,34.2237],[-116.6613,34.2235],[-116.6611,34.2234],[-116.6609,34.2233],[-116.6609,34.2232],[-116.661,34.2231],[-116.661,34.223],[-116.6609,34.2229],[-116.6609,34.2227],[-116.6609,34.2225],[-116.6609,34.2224],[-116.6609,34.2223],[-116.6608,34.2222],[-116.6606,34.222],[-116.6606,34.2219],[-116.6605,34.2218],[-116.6605,34.2217],[-116.6604,34.2216],[-116.6605,34.2215],[-116.6605,34.2214],[-116.6606,34.2213],[-116.6607,34.2212],[-116.6608,34.2212],[-116.661,34.2212],[-116.6611,34.2212],[-116.6612,34.2211],[-116.6613,34.2211],[-116.6613,34.221],[-116.6613,34.2209],[-116.6613,34.2207],[-116.6613,34.2205],[-116.6613,34.2203],[-116.6613,34.22],[-116.6613,34.2198],[-116.6613,34.2197],[-116.6615,34.2195],[-116.6615,34.2194],[-116.6615,34.2193],[-116.6615,34.2191],[-116.6615,34.219],[-116.6615,34.2189],[-116.6614,34.2187],[-116.6613,34.2186],[-116.6612,34.2185],[-116.6611,34.2184],[-116.661,34.2184],[-116.6609,34.2183],[-116.6608,34.2183],[-116.6606,34.2183],[-116.6605,34.2183],[-116.6603,34.2183],[-116.6601,34.2183],[-116.6599,34.2183],[-116.6596,34.2184],[-116.6594,34.2184],[-116.6591,34.2184],[-116.6589,34.2184],[-116.6587,34.2184],[-116.6586,34.2184],[-116.6585,34.2183],[-116.6584,34.2183],[-116.6583,34.2183],[-116.6582,34.2183],[-116.6581,34.2184],[-116.658,34.2184],[-116.6579,34.2183],[-116.6577,34.2183],[-116.6576,34.2183],[-116.6575,34.2183],[-116.6574,34.2183],[-116.6573,34.2183],[-116.6572,34.2183],[-116.657,34.2182],[-116.6569,34.2181],[-116.6568,34.2181],[-116.6567,34.218],[-116.6566,34.218],[-116.6565,34.2179],[-116.6563,34.2179],[-116.6561,34.2179],[-116.656,34.2179],[-116.6559,34.2178],[-116.6558,34.2178],[-116.6556,34.2179],[-116.6553,34.218],[-116.6552,34.218],[-116.6551,34.218],[-116.655,34.218],[-116.6549,34.2181],[-116.6548,34.2181],[-116.6547,34.2181],[-116.6546,34.2182],[-116.6545,34.2182],[-116.6544,34.2182],[-116.6543,34.2182],[-116.6543,34.2181],[-116.6542,34.2181],[-116.6542,34.218],[-116.6541,34.2178],[-116.6541,34.2177],[-116.654,34.2176],[-116.6539,34.2175],[-116.6538,34.2175],[-116.6537,34.2175],[-116.6536,34.2175],[-116.6535,34.2175],[-116.6535,34.2174],[-116.6535,34.2173],[-116.6534,34.2173],[-116.6533,34.2172],[-116.653,34.217],[-116.6529,34.2169],[-116.6528,34.2168],[-116.6527,34.2167],[-116.6526,34.2167],[-116.6525,34.2166],[-116.6524,34.2165],[-116.6523,34.2163],[-116.6523,34.2162],[-116.6522,34.2161],[-116.6521,34.216],[-116.6521,34.2159],[-116.652,34.2158],[-116.652,34.2157],[-116.652,34.2156],[-116.652,34.2155],[-116.652,34.2154],[-116.652,34.2153],[-116.652,34.2152],[-116.652,34.2151],[-116.6519,34.215],[-116.6519,34.2149],[-116.652,34.2148],[-116.652,34.2147],[-116.652,34.2146],[-116.6519,34.2146],[-116.6517,34.2145],[-116.6516,34.2145],[-116.6515,34.2145],[-116.6514,34.2145],[-116.6512,34.2145],[-116.6512,34.2144],[-116.651,34.2144],[-116.6509,34.2144],[-116.6508,34.2143],[-116.6507,34.2143],[-116.6506,34.2143],[-116.6505,34.2142],[-116.6504,34.2142],[-116.6504,34.2141],[-116.6503,34.2141],[-116.6503,34.214],[-116.6502,34.214],[-116.6502,34.2141],[-116.6501,34.2141],[-116.6501,34.2142],[-116.6502,34.2142],[-116.6503,34.2142],[-116.6504,34.2142]]}},{"type":"Feature","properties":{"id":"1N82","name":"FORSEE RIDGE                  ","kind":"road","access":"plate","seasonal":false},"geometry":{"type":"LineString","coordinates":[[-116.906,34.164],[-116.906,34.1639],[-116.906,34.1638],[-116.906,34.1637],[-116.906,34.1636],[-116.906,34.1635],[-116.9059,34.1634],[-116.9059,34.1632],[-116.9058,34.1631],[-116.9056,34.1629],[-116.9054,34.1627],[-116.9052,34.1625],[-116.9051,34.1623],[-116.905,34.1623],[-116.9048,34.1623],[-116.9047,34.1623],[-116.9046,34.1622],[-116.9044,34.1622],[-116.9042,34.1621],[-116.904,34.162],[-116.9039,34.162],[-116.9038,34.1619],[-116.9037,34.1618],[-116.9036,34.1618],[-116.9035,34.1617],[-116.9034,34.1617],[-116.903,34.1617],[-116.9025,34.1617],[-116.9021,34.1617],[-116.9019,34.1617],[-116.9016,34.1617],[-116.9015,34.1617],[-116.9014,34.1617],[-116.9013,34.1617],[-116.9011,34.1616],[-116.901,34.1615],[-116.9008,34.1612],[-116.9008,34.1611],[-116.9007,34.1611],[-116.9006,34.161],[-116.9006,34.1609],[-116.9005,34.1608],[-116.9004,34.1608],[-116.9002,34.1607],[-116.9001,34.1606],[-116.9,34.1605],[-116.8999,34.1605],[-116.8998,34.1604],[-116.8997,34.1602],[-116.8997,34.1601],[-116.8997,34.16],[-116.8996,34.16],[-116.8995,34.1601],[-116.8995,34.1602],[-116.8996,34.1603],[-116.8997,34.1604],[-116.8998,34.1604]]}},{"type":"Feature","properties":{"id":"1N55","name":"ROKOLAI","kind":"road","access":"plate","seasonal":false},"geometry":{"type":"LineString","coordinates":[[-116.8965,34.163],[-116.8964,34.1631],[-116.8963,34.1633],[-116.8961,34.1635],[-116.896,34.1636],[-116.896,34.1637],[-116.8959,34.1638],[-116.8958,34.1638],[-116.8958,34.1639],[-116.8956,34.1643],[-116.8955,34.1644],[-116.8953,34.1646],[-116.8951,34.1648],[-116.8951,34.1649],[-116.895,34.165],[-116.8949,34.165],[-116.8948,34.1651],[-116.8946,34.1652],[-116.8942,34.1654],[-116.8938,34.1655],[-116.8936,34.1656],[-116.8934,34.1657],[-116.893,34.1659],[-116.8928,34.166],[-116.8926,34.1661],[-116.8923,34.1662],[-116.8921,34.1664],[-116.892,34.1664],[-116.8918,34.1664],[-116.8917,34.1664],[-116.8914,34.1664],[-116.8912,34.1664],[-116.8911,34.1664],[-116.891,34.1663],[-116.891,34.1662],[-116.8909,34.1661],[-116.8908,34.166],[-116.8908,34.1659],[-116.8907,34.1659],[-116.8907,34.1658],[-116.8907,34.1656],[-116.8906,34.1655],[-116.8906,34.1654],[-116.8906,34.1653],[-116.8904,34.1653],[-116.8903,34.1653]]}},{"type":"Feature","properties":{"id":"1S03D","name":"1S03D","kind":"road","access":"plate","seasonal":false},"geometry":{"type":"LineString","coordinates":[[-116.8911,34.082],[-116.8911,34.0821],[-116.8912,34.0821],[-116.8914,34.0822],[-116.8915,34.0822],[-116.8916,34.0822],[-116.8917,34.0822],[-116.8918,34.0821],[-116.8919,34.082],[-116.892,34.082],[-116.8921,34.082],[-116.8922,34.082]]}},{"type":"Feature","properties":{"id":"2N64Y","name":"JUNIPER SPRINGS GROUP CAMP","kind":"road","access":"plate","seasonal":false},"geometry":{"type":"LineString","coordinates":[[-116.7265,34.2225],[-116.7262,34.2224],[-116.7261,34.2223],[-116.726,34.2222],[-116.7259,34.2222],[-116.7259,34.222],[-116.7258,34.2219],[-116.7257,34.2218],[-116.7256,34.2217],[-116.7255,34.2217],[-116.7254,34.2216],[-116.7254,34.2215],[-116.7253,34.2214],[-116.7253,34.2213],[-116.7252,34.2212],[-116.7252,34.2211],[-116.7251,34.221],[-116.7251,34.2209],[-116.725,34.2208],[-116.7249,34.2207],[-116.7248,34.2207],[-116.7246,34.2206],[-116.7244,34.2206],[-116.7242,34.2206],[-116.7241,34.2206],[-116.724,34.2205],[-116.7239,34.2205],[-116.7239,34.2203],[-116.7238,34.2203],[-116.7238,34.2202],[-116.7237,34.2201],[-116.7236,34.2201],[-116.7235,34.2201],[-116.7233,34.2201],[-116.7232,34.2201],[-116.7231,34.2201],[-116.723,34.2201],[-116.7229,34.2201],[-116.7227,34.2201],[-116.7226,34.2201],[-116.7225,34.22],[-116.7223,34.22],[-116.7222,34.22],[-116.7221,34.2199],[-116.722,34.22],[-116.7219,34.22],[-116.7218,34.2201],[-116.7216,34.2201],[-116.7213,34.2202],[-116.7212,34.2202],[-116.721,34.2202],[-116.7208,34.2201],[-116.7207,34.2201],[-116.7205,34.2201],[-116.7204,34.2201],[-116.7202,34.2201],[-116.7201,34.2201],[-116.7199,34.2201],[-116.7197,34.2201],[-116.7195,34.2201],[-116.7193,34.2202],[-116.7191,34.2202],[-116.7188,34.2202],[-116.7187,34.2201],[-116.7185,34.2201],[-116.7183,34.2201],[-116.7182,34.2201],[-116.718,34.22],[-116.7179,34.2199],[-116.7178,34.2198],[-116.7177,34.2197],[-116.7175,34.2196],[-116.7174,34.2196],[-116.7173,34.2196],[-116.7172,34.2196],[-116.7171,34.2196],[-116.717,34.2196],[-116.7169,34.2196],[-116.7168,34.2197],[-116.7168,34.2198],[-116.7168,34.2199],[-116.7168,34.22],[-116.7168,34.2201],[-116.7168,34.2202],[-116.7167,34.2202],[-116.7166,34.2203],[-116.7165,34.2203],[-116.7165,34.2202],[-116.7165,34.2201],[-116.7165,34.22],[-116.7166,34.2199],[-116.7167,34.2198],[-116.7168,34.2197]]}},{"type":"Feature","properties":{"id":"1N02T","name":"YP#17","kind":"road","access":"plate","seasonal":false},"geometry":{"type":"LineString","coordinates":[[-116.7326,34.1514],[-116.7325,34.1514],[-116.7324,34.1513],[-116.7323,34.1512],[-116.7322,34.1512],[-116.7321,34.1511],[-116.732,34.1511]]}},{"type":"Feature","properties":{"id":"1N02U","name":"YP#18","kind":"road","access":"plate","seasonal":false},"geometry":{"type":"LineString","coordinates":[[-116.7249,34.1496],[-116.7248,34.1497],[-116.7247,34.1498]]}},{"type":"Feature","properties":{"id":"1N37B","name":"YP#10","kind":"road","access":"plate","seasonal":false},"geometry":{"type":"LineString","coordinates":[[-116.764,34.1503],[-116.7638,34.1504],[-116.7637,34.1505],[-116.7635,34.1506],[-116.7633,34.1507],[-116.7631,34.1508],[-116.763,34.1508],[-116.7629,34.1509],[-116.7629,34.151],[-116.7628,34.1511]]}},{"type":"Feature","properties":{"id":"1N64B","name":"YP#1","kind":"road","access":"plate","seasonal":false},"geometry":{"type":"LineString","coordinates":[[-116.9775,34.1838],[-116.9774,34.1839]]}},{"type":"Feature","properties":{"id":"1N12C","name":"THOMAS HUNTING GRD SPUR       ","kind":"road","access":"plate","seasonal":false},"geometry":{"type":"LineString","coordinates":[[-117.0109,34.1303],[-117.0108,34.1302],[-117.0107,34.1301],[-117.0107,34.13],[-117.0106,34.13],[-117.0107,34.1299],[-117.0107,34.1298],[-117.0107,34.1297],[-117.0107,34.1295],[-117.0107,34.1293],[-117.0107,34.1292],[-117.0108,34.1292],[-117.0108,34.1291],[-117.0108,34.129],[-117.0109,34.1289],[-117.011,34.1288],[-117.0111,34.1287],[-117.0111,34.1286],[-117.0111,34.1285],[-117.0111,34.1284],[-117.011,34.1283],[-117.0109,34.1282],[-117.0108,34.1281],[-117.0107,34.128],[-117.0106,34.128],[-117.0106,34.1279],[-117.0105,34.1279],[-117.0104,34.1278],[-117.0102,34.1278],[-117.0101,34.1277],[-117.0099,34.1277],[-117.0098,34.1277],[-117.0097,34.1277],[-117.0096,34.1277],[-117.0094,34.1277],[-117.0093,34.1277],[-117.0092,34.1277],[-117.0091,34.1277],[-117.009,34.1276],[-117.0088,34.1276],[-117.0087,34.1276],[-117.0086,34.1275],[-117.0084,34.1274],[-117.0083,34.1273],[-117.0082,34.1272],[-117.0081,34.1271],[-117.008,34.127],[-117.0079,34.127],[-117.0078,34.1271],[-117.0077,34.1271],[-117.0076,34.1271],[-117.0076,34.1272],[-117.0075,34.1272],[-117.0074,34.1273],[-117.0073,34.1273],[-117.0072,34.1273],[-117.0072,34.1272],[-117.0073,34.1271],[-117.0072,34.127],[-117.0071,34.127],[-117.007,34.127],[-117.0069,34.127],[-117.0068,34.1271],[-117.0067,34.1272],[-117.0067,34.1273],[-117.0066,34.1274],[-117.0065,34.1274],[-117.0064,34.1274],[-117.0063,34.1274],[-117.0062,34.1275],[-117.0062,34.1276],[-117.0062,34.1277],[-117.0062,34.1278],[-117.0061,34.1278],[-117.0061,34.1279],[-117.006,34.128],[-117.0059,34.1281],[-117.0058,34.1282],[-117.0057,34.1282],[-117.0056,34.1283],[-117.0056,34.1284],[-117.0055,34.1285]]}},{"type":"Feature","properties":{"id":"1N54","name":"CLARKS GRADE                  ","kind":"road","access":"plate","seasonal":false},"geometry":{"type":"LineString","coordinates":[[-116.9446,34.2095],[-116.9447,34.2095],[-116.9447,34.2094],[-116.9448,34.2093],[-116.9448,34.2092],[-116.9449,34.2091],[-116.9449,34.209],[-116.945,34.2089],[-116.945,34.2087],[-116.9451,34.2086],[-116.9453,34.2085],[-116.9454,34.2083],[-116.9455,34.2082],[-116.9454,34.2081],[-116.9454,34.208],[-116.9455,34.2079],[-116.9455,34.2077],[-116.9456,34.2076],[-116.9456,34.2075],[-116.9457,34.2074],[-116.9457,34.2073],[-116.9457,34.2072],[-116.9457,34.2071],[-116.9457,34.207],[-116.9457,34.2069],[-116.9456,34.2068],[-116.9456,34.2067],[-116.9456,34.2066],[-116.9457,34.2066],[-116.9458,34.2066],[-116.9459,34.2066],[-116.946,34.2066],[-116.9461,34.2066],[-116.9462,34.2066],[-116.9462,34.2065],[-116.9463,34.2065],[-116.9463,34.2064],[-116.9464,34.2063],[-116.9464,34.2062],[-116.9464,34.2061],[-116.9464,34.206],[-116.9463,34.206],[-116.9463,34.2059],[-116.9463,34.2058],[-116.9463,34.2057],[-116.9463,34.2056],[-116.9464,34.2055],[-116.9464,34.2054],[-116.9464,34.2053],[-116.9465,34.2052],[-116.9465,34.2051],[-116.9465,34.205],[-116.9466,34.205],[-116.9466,34.2049],[-116.9467,34.2048],[-116.9468,34.2048],[-116.9468,34.2047],[-116.9469,34.2047],[-116.947,34.2046],[-116.9471,34.2045],[-116.9471,34.2044],[-116.9471,34.2043],[-116.947,34.2043],[-116.947,34.2042],[-116.9469,34.2042],[-116.9468,34.2042],[-116.9468,34.2041],[-116.9468,34.204],[-116.9468,34.2039],[-116.9469,34.2039],[-116.9469,34.2038],[-116.9469,34.2037],[-116.9468,34.2037],[-116.9468,34.2036],[-116.9468,34.2035],[-116.9467,34.2034],[-116.9467,34.2033],[-116.9467,34.2032],[-116.9467,34.2031],[-116.9467,34.203],[-116.9467,34.2029],[-116.9468,34.2028],[-116.9468,34.2027],[-116.9468,34.2026],[-116.9467,34.2025],[-116.9467,34.2024],[-116.9466,34.2024],[-116.9466,34.2023],[-116.9466,34.2022],[-116.9465,34.2021],[-116.9465,34.202],[-116.9464,34.202],[-116.9464,34.2019],[-116.9465,34.2018],[-116.9465,34.2017],[-116.9466,34.2017],[-116.9466,34.2016],[-116.9467,34.2016],[-116.9467,34.2015],[-116.9468,34.2015],[-116.9468,34.2014],[-116.9469,34.2014],[-116.9468,34.2013],[-116.9468,34.2012],[-116.9468,34.2011],[-116.9469,34.2011],[-116.9469,34.2009],[-116.947,34.2009],[-116.947,34.2008],[-116.947,34.2007],[-116.9469,34.2007],[-116.9469,34.2006],[-116.9467,34.2006],[-116.9466,34.2006],[-116.9465,34.2006],[-116.9464,34.2005],[-116.9463,34.2005],[-116.9462,34.2005],[-116.9462,34.2004],[-116.9461,34.2004],[-116.9461,34.2003],[-116.946,34.2003],[-116.9461,34.2002],[-116.9462,34.2002],[-116.9463,34.2002],[-116.9464,34.2003],[-116.9465,34.2003],[-116.9465,34.2002],[-116.9466,34.2002],[-116.9467,34.2001],[-116.9468,34.2],[-116.9469,34.2001],[-116.947,34.2001],[-116.9471,34.2001],[-116.9472,34.2],[-116.9473,34.2],[-116.9474,34.2],[-116.9475,34.2001],[-116.9476,34.2002],[-116.9477,34.2003],[-116.9478,34.2004],[-116.9478,34.2005],[-116.9479,34.2005],[-116.948,34.2005],[-116.9481,34.2005],[-116.9482,34.2005],[-116.9483,34.2005],[-116.9484,34.2005],[-116.9485,34.2005],[-116.9486,34.2004],[-116.9487,34.2004],[-116.9488,34.2004],[-116.9489,34.2004],[-116.949,34.2004],[-116.9491,34.2004],[-116.9492,34.2004],[-116.9492,34.2005],[-116.9493,34.2005],[-116.9493,34.2006],[-116.9494,34.2006],[-116.9494,34.2007],[-116.9495,34.2007],[-116.9496,34.2007],[-116.9497,34.2007],[-116.9498,34.2007],[-116.9499,34.2007],[-116.9501,34.2007],[-116.9502,34.2007],[-116.9503,34.2007],[-116.9504,34.2007],[-116.9505,34.2007],[-116.9506,34.2007],[-116.9506,34.2008],[-116.9507,34.2008],[-116.9508,34.2008],[-116.9509,34.2007],[-116.951,34.2007],[-116.9511,34.2007],[-116.9511,34.2006],[-116.9512,34.2006],[-116.9513,34.2006],[-116.9514,34.2005],[-116.9515,34.2005],[-116.9516,34.2005],[-116.9516,34.2004],[-116.9517,34.2004],[-116.9518,34.2004],[-116.9519,34.2004],[-116.952,34.2004],[-116.9521,34.2004],[-116.9522,34.2005],[-116.9524,34.2005],[-116.9525,34.2006],[-116.9526,34.2006],[-116.9527,34.2007],[-116.9528,34.2007],[-116.9529,34.2007],[-116.953,34.2008],[-116.9531,34.2008],[-116.9533,34.2008],[-116.9534,34.2008],[-116.9535,34.2008],[-116.9537,34.2008],[-116.9538,34.2008],[-116.9539,34.2009],[-116.954,34.2009],[-116.9541,34.2009],[-116.9542,34.201],[-116.9542,34.2011],[-116.9543,34.2011],[-116.9544,34.2011],[-116.9546,34.2011],[-116.9546,34.2012],[-116.9547,34.2012],[-116.9548,34.2013],[-116.9548,34.2014],[-116.9549,34.2014],[-116.955,34.2014],[-116.9551,34.2014],[-116.9552,34.2013],[-116.9554,34.2013],[-116.9555,34.2012],[-116.9556,34.2011],[-116.9556,34.201],[-116.9556,34.2009],[-116.9557,34.2009],[-116.9557,34.2008],[-116.9557,34.2007],[-116.9557,34.2006],[-116.9557,34.2005],[-116.9558,34.2005],[-116.9559,34.2005],[-116.956,34.2005],[-116.9561,34.2005],[-116.9562,34.2005],[-116.9563,34.2005],[-116.9563,34.2004],[-116.9563,34.2003],[-116.9564,34.2003],[-116.9564,34.2002],[-116.9564,34.2001],[-116.9564,34.2],[-116.9565,34.2],[-116.9566,34.2],[-116.9567,34.1999],[-116.9567,34.1998],[-116.9566,34.1996],[-116.9566,34.1995],[-116.9565,34.1994],[-116.9566,34.1993],[-116.9566,34.1992],[-116.9567,34.1991],[-116.9568,34.199],[-116.9569,34.1989],[-116.9569,34.1988],[-116.9569,34.1987],[-116.9569,34.1986],[-116.9569,34.1985],[-116.957,34.1985],[-116.957,34.1984],[-116.957,34.1983],[-116.957,34.1982],[-116.957,34.1981],[-116.957,34.198],[-116.957,34.1979],[-116.957,34.1978],[-116.957,34.1977],[-116.957,34.1976],[-116.9569,34.1976],[-116.9569,34.1975],[-116.9569,34.1974],[-116.9569,34.1973],[-116.9568,34.1973],[-116.9569,34.1972],[-116.9569,34.1971],[-116.9569,34.197],[-116.9569,34.1969],[-116.957,34.1968],[-116.957,34.1967],[-116.9571,34.1966],[-116.9571,34.1965],[-116.9572,34.1965],[-116.9573,34.1964],[-116.9573,34.1963],[-116.9574,34.1962],[-116.9574,34.1961],[-116.9575,34.196],[-116.9575,34.1959],[-116.9575,34.1958],[-116.9575,34.1957],[-116.9576,34.1957],[-116.9577,34.1956],[-116.9578,34.1955],[-116.9579,34.1954],[-116.958,34.1953],[-116.9581,34.1952],[-116.9581,34.1951],[-116.9582,34.1951],[-116.9583,34.195],[-116.9584,34.195],[-116.9585,34.195],[-116.9586,34.1949],[-116.9587,34.1949],[-116.9588,34.1948],[-116.9588,34.1947],[-116.9589,34.1946],[-116.959,34.1945],[-116.9591,34.1945],[-116.9592,34.1944],[-116.9593,34.1943],[-116.9594,34.1942],[-116.9595,34.1942],[-116.9597,34.1941],[-116.9598,34.194],[-116.9599,34.194],[-116.96,34.1939],[-116.9601,34.1939],[-116.9602,34.1939],[-116.9603,34.1939],[-116.9604,34.1938],[-116.9605,34.1938],[-116.9606,34.1938],[-116.9607,34.1938],[-116.9608,34.1938],[-116.9609,34.1938],[-116.961,34.1938],[-116.9611,34.1938],[-116.9611,34.1939],[-116.9612,34.1939],[-116.9612,34.194],[-116.9613,34.194],[-116.9613,34.1941],[-116.9614,34.1941],[-116.9614,34.1942],[-116.9614,34.1943],[-116.9615,34.1943],[-116.9615,34.1944],[-116.9615,34.1945],[-116.9616,34.1945],[-116.9617,34.1945],[-116.9618,34.1945],[-116.9619,34.1945],[-116.9619,34.1944],[-116.9619,34.1943],[-116.9618,34.1942],[-116.9618,34.1941],[-116.9617,34.194],[-116.9617,34.1939],[-116.9617,34.1938],[-116.9616,34.1937],[-116.9615,34.1937],[-116.9615,34.1936],[-116.9614,34.1935],[-116.9613,34.1934],[-116.9612,34.1933],[-116.9611,34.1933],[-116.961,34.1932],[-116.9609,34.1932],[-116.9608,34.1932],[-116.9607,34.1932],[-116.9607,34.1931],[-116.9606,34.1931],[-116.9605,34.1931],[-116.9604,34.193],[-116.9603,34.193],[-116.9601,34.1929],[-116.96,34.1929],[-116.9599,34.1929],[-116.9598,34.1929],[-116.9597,34.1929],[-116.9596,34.1929],[-116.9596,34.1928],[-116.9597,34.1928],[-116.9598,34.1927],[-116.9599,34.1927],[-116.96,34.1927],[-116.9601,34.1927],[-116.9602,34.1927],[-116.9603,34.1927],[-116.9604,34.1927],[-116.9605,34.1927],[-116.9606,34.1927],[-116.9607,34.1927],[-116.9608,34.1927],[-116.9609,34.1927],[-116.961,34.1927],[-116.9611,34.1927],[-116.9612,34.1927],[-116.9613,34.1927],[-116.9614,34.1927],[-116.9615,34.1927],[-116.9616,34.1928],[-116.9617,34.1928],[-116.9618,34.1928],[-116.9619,34.1928],[-116.962,34.1928],[-116.9621,34.1929],[-116.9622,34.193],[-116.9623,34.193],[-116.9623,34.1931],[-116.9624,34.1931],[-116.9624,34.1932],[-116.9625,34.1932],[-116.9625,34.1933],[-116.9626,34.1933],[-116.9626,34.1934],[-116.9626,34.1935],[-116.9627,34.1935],[-116.9628,34.1935],[-116.9628,34.1934],[-116.9628,34.1933],[-116.9627,34.1933],[-116.9627,34.1932],[-116.9626,34.1931],[-116.9626,34.193],[-116.9626,34.1929],[-116.9626,34.1928],[-116.9625,34.1928],[-116.9625,34.1927],[-116.9624,34.1927],[-116.9624,34.1926],[-116.9623,34.1926],[-116.9622,34.1925],[-116.9621,34.1924],[-116.962,34.1924],[-116.9619,34.1923],[-116.9618,34.1923],[-116.9617,34.1922],[-116.9616,34.1922],[-116.9616,34.1921],[-116.9615,34.192],[-116.9614,34.192],[-116.9614,34.1919],[-116.9613,34.1919],[-116.9612,34.1918],[-116.9611,34.1918],[-116.961,34.1918],[-116.9609,34.1918],[-116.9608,34.1918],[-116.9607,34.1918],[-116.9606,34.1917],[-116.9605,34.1917],[-116.9603,34.1916],[-116.9602,34.1916],[-116.9601,34.1916],[-116.9599,34.1915],[-116.9598,34.1915],[-116.9597,34.1915],[-116.9597,34.1914],[-116.9596,34.1914],[-116.9595,34.1913],[-116.9594,34.1912],[-116.9593,34.1912],[-116.9592,34.1913],[-116.9591,34.1913],[-116.959,34.1913],[-116.9589,34.1914],[-116.9588,34.1914],[-116.9587,34.1913],[-116.9588,34.1913],[-116.9588,34.1912],[-116.9589,34.1912],[-116.9589,34.1911],[-116.959,34.1911],[-116.959,34.191],[-116.9591,34.1909],[-116.9592,34.1909],[-116.9593,34.1908],[-116.9594,34.1908],[-116.9595,34.1908],[-116.9596,34.1908],[-116.9597,34.1909],[-116.9598,34.1909],[-116.9599,34.191],[-116.96,34.191],[-116.9601,34.191],[-116.9602,34.191],[-116.9603,34.1911],[-116.9604,34.1911],[-116.9605,34.1911],[-116.9606,34.1911],[-116.9607,34.1911],[-116.9608,34.1912],[-116.9609,34.1912],[-116.961,34.1912],[-116.9611,34.1912],[-116.9612,34.1911],[-116.9614,34.1911],[-116.9615,34.1912],[-116.9616,34.1912],[-116.9617,34.1912],[-116.9617,34.1913],[-116.9619,34.1915],[-116.962,34.1915],[-116.962,34.1916],[-116.9621,34.1916],[-116.9622,34.1916],[-116.9623,34.1916],[-116.9624,34.1916],[-116.9625,34.1916],[-116.9626,34.1916],[-116.9627,34.1917],[-116.963,34.1917],[-116.9634,34.1918],[-116.9637,34.1918],[-116.9642,34.1919],[-116.9642,34.192],[-116.9644,34.1922],[-116.9645,34.1924],[-116.9646,34.1924],[-116.9647,34.1925],[-116.9647,34.1926],[-116.9648,34.1927],[-116.9648,34.1928],[-116.9649,34.1929],[-116.965,34.193],[-116.965,34.1929],[-116.965,34.1928],[-116.965,34.1927],[-116.9649,34.1925],[-116.9649,34.1924],[-116.9648,34.1924],[-116.9647,34.1923],[-116.9647,34.1922],[-116.9646,34.1921],[-116.9646,34.192],[-116.9647,34.1918],[-116.9646,34.1917],[-116.9645,34.1916],[-116.9643,34.1916],[-116.9641,34.1915],[-116.9639,34.1914],[-116.9637,34.1913],[-116.9636,34.1913],[-116.9635,34.1912],[-116.9634,34.1911],[-116.9632,34.191],[-116.9631,34.191],[-116.9631,34.1909],[-116.963,34.1909],[-116.9629,34.1909],[-116.9628,34.1909],[-116.9628,34.1908],[-116.9628,34.1907],[-116.9627,34.1907],[-116.9627,34.1906],[-116.9626,34.1905],[-116.9626,34.1904],[-116.9624,34.1903],[-116.9623,34.1902],[-116.9622,34.1902],[-116.9621,34.1902],[-116.962,34.1901],[-116.9619,34.19],[-116.9618,34.19],[-116.9617,34.1899],[-116.9616,34.1899],[-116.9616,34.1898],[-116.9615,34.1897],[-116.9615,34.1896],[-116.9615,34.1895],[-116.9614,34.1895],[-116.9614,34.1894],[-116.9613,34.1894],[-116.9612,34.1894],[-116.9612,34.1893],[-116.9613,34.1893],[-116.9614,34.1892],[-116.9615,34.1891],[-116.9616,34.189],[-116.9617,34.189],[-116.9617,34.1889],[-116.9618,34.1889],[-116.9619,34.189],[-116.962,34.1891],[-116.962,34.1892],[-116.962,34.1893],[-116.962,34.1894],[-116.9621,34.1895],[-116.9622,34.1896],[-116.9623,34.1897],[-116.9625,34.1897],[-116.9627,34.1897],[-116.9629,34.1897],[-116.9631,34.1898],[-116.9632,34.1898],[-116.9633,34.1898],[-116.9634,34.1898],[-116.9635,34.1898],[-116.9636,34.1898],[-116.9635,34.1897],[-116.9634,34.1896],[-116.9632,34.1895],[-116.9631,34.1894],[-116.963,34.1893],[-116.963,34.1892],[-116.963,34.1891],[-116.963,34.189],[-116.9631,34.1889],[-116.9633,34.1889],[-116.9633,34.1888],[-116.9634,34.1888],[-116.9634,34.1887],[-116.9633,34.1886],[-116.9633,34.1885],[-116.9633,34.1884],[-116.9634,34.1883],[-116.9635,34.1882],[-116.9636,34.1881],[-116.9637,34.188],[-116.9638,34.1879],[-116.9638,34.1878],[-116.9637,34.1878],[-116.9637,34.1877],[-116.9638,34.1876],[-116.9638,34.1875],[-116.9638,34.1874],[-116.9638,34.1873],[-116.9639,34.1872],[-116.9639,34.1871],[-116.9639,34.187],[-116.9638,34.187],[-116.9637,34.1869],[-116.9637,34.1868],[-116.9636,34.1868],[-116.9634,34.1867],[-116.9631,34.1866],[-116.9629,34.1866],[-116.9628,34.1866],[-116.9627,34.1866],[-116.9626,34.1866],[-116.9625,34.1867],[-116.9624,34.1867],[-116.9623,34.1866],[-116.9622,34.1866],[-116.9621,34.1866],[-116.962,34.1866],[-116.9619,34.1866],[-116.9616,34.1866],[-116.9614,34.1865],[-116.9612,34.1865],[-116.9611,34.1865],[-116.961,34.1864],[-116.9609,34.1864],[-116.9608,34.1864],[-116.9608,34.1863],[-116.9609,34.1863],[-116.961,34.1863],[-116.9611,34.1863],[-116.9611,34.1862],[-116.961,34.1861],[-116.9609,34.186],[-116.9607,34.186],[-116.9606,34.1859],[-116.9605,34.1859],[-116.9605,34.1858],[-116.9606,34.1857],[-116.9607,34.1857],[-116.9608,34.1856],[-116.9609,34.1856],[-116.961,34.1856],[-116.9611,34.1857],[-116.9612,34.1857],[-116.9613,34.1857],[-116.9613,34.1856],[-116.9613,34.1855],[-116.9612,34.1854],[-116.9611,34.1854],[-116.961,34.1853],[-116.961,34.1852],[-116.9611,34.1852],[-116.9612,34.1852],[-116.9612,34.1853],[-116.9613,34.1853],[-116.9614,34.1853],[-116.9615,34.1853],[-116.9616,34.1853],[-116.9616,34.1854],[-116.9617,34.1854],[-116.9617,34.1855],[-116.9618,34.1856],[-116.9619,34.1856],[-116.962,34.1856],[-116.9621,34.1856],[-116.9622,34.1856],[-116.9622,34.1855],[-116.9623,34.1855],[-116.9624,34.1855],[-116.9625,34.1855],[-116.9626,34.1855],[-116.9627,34.1855],[-116.9627,34.1854],[-116.9628,34.1853],[-116.9629,34.1853],[-116.963,34.1853],[-116.9631,34.1852],[-116.9632,34.1852],[-116.9632,34.1851],[-116.9633,34.1851],[-116.9634,34.1851],[-116.9635,34.1851],[-116.9635,34.185],[-116.9636,34.185],[-116.9637,34.1849],[-116.9638,34.1848],[-116.9639,34.1848],[-116.964,34.1848],[-116.9641,34.1848],[-116.9641,34.1847],[-116.9642,34.1847],[-116.9643,34.1847],[-116.9644,34.1847],[-116.9645,34.1847],[-116.9646,34.1847],[-116.9647,34.1846],[-116.9648,34.1846],[-116.9649,34.1845],[-116.965,34.1845],[-116.9651,34.1846],[-116.9651,34.1847],[-116.9652,34.1847],[-116.9653,34.1847],[-116.9654,34.1847],[-116.9654,34.1846],[-116.9655,34.1845],[-116.9656,34.1844],[-116.9657,34.1844],[-116.9657,34.1843],[-116.9658,34.1842],[-116.9659,34.1842],[-116.966,34.1842],[-116.9661,34.1841],[-116.9662,34.1841],[-116.9662,34.1842],[-116.9664,34.1843],[-116.9665,34.1844],[-116.9667,34.1844],[-116.9668,34.1844],[-116.9669,34.1844],[-116.9669,34.1843],[-116.967,34.1843],[-116.9671,34.1843],[-116.9672,34.1843],[-116.9673,34.1843],[-116.9674,34.1843],[-116.9674,34.1842],[-116.9675,34.1842],[-116.9676,34.1841],[-116.9678,34.1841],[-116.9679,34.1841],[-116.9681,34.1841],[-116.9681,34.184],[-116.9682,34.1839],[-116.9683,34.1839],[-116.9684,34.1839],[-116.9686,34.184],[-116.9686,34.1841],[-116.9687,34.1841],[-116.9688,34.1841],[-116.9689,34.1841],[-116.969,34.1841],[-116.9691,34.1842],[-116.9691,34.1843],[-116.9692,34.1844],[-116.9692,34.1845],[-116.9693,34.1846],[-116.9695,34.1846],[-116.9696,34.1847],[-116.9697,34.1847],[-116.9699,34.1847],[-116.97,34.1847],[-116.9701,34.1848],[-116.9701,34.1849],[-116.9701,34.185],[-116.97,34.1851],[-116.9699,34.1852],[-116.9698,34.1852],[-116.9698,34.1853],[-116.9696,34.1854],[-116.9695,34.1855],[-116.9694,34.1856],[-116.9693,34.1856],[-116.9693,34.1857],[-116.9692,34.1859],[-116.969,34.186],[-116.9689,34.1861],[-116.9688,34.1862],[-116.9687,34.1863],[-116.9686,34.1864],[-116.9685,34.1865],[-116.9684,34.1865],[-116.9683,34.1866],[-116.9684,34.1866],[-116.9685,34.1866],[-116.9686,34.1866],[-116.9687,34.1865],[-116.9689,34.1864],[-116.969,34.1864],[-116.9692,34.1863],[-116.9693,34.1862],[-116.9695,34.1862],[-116.9696,34.1861],[-116.9697,34.1861],[-116.9698,34.186],[-116.97,34.186],[-116.9703,34.1859],[-116.9706,34.1858],[-116.9709,34.1857],[-116.9711,34.1856],[-116.9714,34.1855],[-116.9715,34.1855],[-116.9716,34.1855],[-116.9716,34.1854],[-116.9717,34.1854],[-116.9719,34.1853],[-116.9721,34.1853],[-116.9722,34.1853],[-116.9723,34.1852],[-116.9723,34.1851],[-116.9723,34.185],[-116.972,34.1848],[-116.9718,34.1847],[-116.9717,34.1846],[-116.9717,34.1845],[-116.9717,34.1844],[-116.9717,34.1843],[-116.9716,34.1842],[-116.9715,34.1841],[-116.9715,34.184],[-116.9714,34.1838],[-116.9713,34.1837],[-116.9712,34.1836],[-116.9711,34.1835],[-116.971,34.1834],[-116.9709,34.1832],[-116.9707,34.1831],[-116.9707,34.183],[-116.9706,34.1829],[-116.9705,34.1828],[-116.9704,34.1827],[-116.9703,34.1826],[-116.9702,34.1826],[-116.9701,34.1825]]}},{"type":"Feature","properties":{"id":"1N54","name":"CLARKS GRADE                  ","kind":"road","access":"plate","seasonal":false},"geometry":{"type":"LineString","coordinates":[[-116.9701,34.1825],[-116.97,34.1825],[-116.9699,34.1824],[-116.9697,34.1823],[-116.9696,34.1822],[-116.9695,34.1822],[-116.9694,34.1821],[-116.9693,34.1821],[-116.9692,34.1821],[-116.9692,34.182],[-116.9691,34.182],[-116.9691,34.1819],[-116.9692,34.1818],[-116.9692,34.1817],[-116.9691,34.1816],[-116.969,34.1816],[-116.969,34.1815],[-116.9689,34.1814],[-116.9689,34.1813],[-116.9688,34.1813],[-116.9687,34.1813],[-116.9687,34.1814],[-116.9686,34.1815],[-116.9685,34.1815],[-116.9684,34.1815],[-116.9684,34.1814],[-116.9684,34.1813],[-116.9684,34.1812],[-116.9684,34.1811],[-116.9684,34.181],[-116.9683,34.1809],[-116.9683,34.1808],[-116.9682,34.1807],[-116.9681,34.1806],[-116.968,34.1806],[-116.9679,34.1806],[-116.9678,34.1807],[-116.9677,34.1807],[-116.9675,34.1807],[-116.9675,34.1808],[-116.9673,34.1809],[-116.9672,34.181],[-116.9671,34.181],[-116.9671,34.1809],[-116.967,34.1808],[-116.967,34.1805],[-116.9669,34.1804],[-116.9669,34.1803],[-116.9668,34.1802],[-116.9668,34.1801],[-116.9667,34.1801],[-116.9665,34.18],[-116.9664,34.18],[-116.9663,34.18],[-116.9661,34.1799],[-116.966,34.1799],[-116.9659,34.1798],[-116.9658,34.1798],[-116.9657,34.1798],[-116.9655,34.1798],[-116.9654,34.1799],[-116.9653,34.1799],[-116.9652,34.1799],[-116.9652,34.1798],[-116.9651,34.1798],[-116.965,34.1797],[-116.9649,34.1796],[-116.9648,34.1797],[-116.9647,34.1797],[-116.9646,34.1797],[-116.9646,34.1796],[-116.9646,34.1795],[-116.9646,34.1794],[-116.9647,34.1793],[-116.9647,34.1792],[-116.9647,34.1791],[-116.9647,34.179],[-116.9646,34.1789],[-116.9645,34.1787],[-116.9645,34.1786],[-116.9645,34.1785],[-116.9645,34.1784],[-116.9644,34.1784],[-116.9642,34.1783],[-116.9641,34.1782],[-116.964,34.1782],[-116.9639,34.1781],[-116.9638,34.1781],[-116.9638,34.178],[-116.9638,34.1779],[-116.9637,34.1778],[-116.9636,34.1777],[-116.9636,34.1776],[-116.9635,34.1776],[-116.9633,34.1775],[-116.9631,34.1774],[-116.9631,34.1773],[-116.963,34.1773],[-116.963,34.1772],[-116.9629,34.1771],[-116.9629,34.1769],[-116.9627,34.1767],[-116.9626,34.1766],[-116.9625,34.1764],[-116.9624,34.1762],[-116.9623,34.176],[-116.9622,34.176],[-116.9621,34.176],[-116.962,34.176],[-116.9619,34.176],[-116.9619,34.1759],[-116.9618,34.1758],[-116.9618,34.1757],[-116.9619,34.1756],[-116.962,34.1755],[-116.962,34.1754],[-116.962,34.1753],[-116.962,34.1752],[-116.962,34.1751],[-116.962,34.175],[-116.962,34.1749],[-116.9621,34.1748],[-116.9621,34.1747],[-116.9621,34.1746],[-116.962,34.1746],[-116.9619,34.1745],[-116.9618,34.1745],[-116.9617,34.1745],[-116.9616,34.1745],[-116.9615,34.1745],[-116.9613,34.1745],[-116.9612,34.1746],[-116.9611,34.1746],[-116.9611,34.1747],[-116.9611,34.1748],[-116.9611,34.1749],[-116.9611,34.1751],[-116.961,34.1752],[-116.961,34.1753],[-116.9609,34.1753],[-116.9608,34.1753],[-116.9607,34.1753],[-116.9606,34.1754],[-116.9605,34.1754],[-116.9605,34.1755],[-116.9604,34.1756],[-116.9603,34.1756],[-116.9602,34.1756],[-116.9601,34.1754],[-116.96,34.1753],[-116.9598,34.1752],[-116.9598,34.1751],[-116.9598,34.175],[-116.9597,34.1749],[-116.9596,34.1749],[-116.9595,34.1748],[-116.9593,34.1748],[-116.9592,34.1747],[-116.9591,34.1747],[-116.9589,34.1746],[-116.9588,34.1746],[-116.9586,34.1745],[-116.9585,34.1745],[-116.9584,34.1745],[-116.9582,34.1744],[-116.9581,34.1744],[-116.958,34.1744],[-116.958,34.1743],[-116.9579,34.1743],[-116.9579,34.1742],[-116.958,34.1741],[-116.9581,34.174],[-116.9582,34.1739],[-116.9582,34.1738],[-116.9582,34.1737],[-116.9582,34.1736],[-116.9581,34.1735],[-116.9581,34.1734],[-116.958,34.1733],[-116.9579,34.1733],[-116.9578,34.1733],[-116.9577,34.1732],[-116.9574,34.1732],[-116.9573,34.1732],[-116.9571,34.1732],[-116.957,34.1732],[-116.9569,34.1732],[-116.9568,34.1732],[-116.9567,34.1732],[-116.9566,34.1732],[-116.9565,34.1731],[-116.9564,34.1731],[-116.9563,34.173],[-116.9561,34.173],[-116.956,34.173],[-116.9558,34.1729],[-116.9556,34.1729],[-116.9554,34.1729],[-116.9553,34.1729],[-116.9552,34.173],[-116.9551,34.173],[-116.955,34.173],[-116.9549,34.1729],[-116.9547,34.1729],[-116.9545,34.1729],[-116.9544,34.1729],[-116.9543,34.1729],[-116.9542,34.1729],[-116.9541,34.1729],[-116.954,34.1729],[-116.9539,34.1729],[-116.9538,34.1729],[-116.9537,34.1729],[-116.9536,34.1729],[-116.9535,34.1729],[-116.9534,34.1729],[-116.9533,34.1729],[-116.9532,34.1729],[-116.9531,34.1728],[-116.9531,34.1727],[-116.953,34.1726],[-116.9529,34.1725],[-116.9528,34.1724],[-116.9528,34.1723]]}},{"type":"Feature","properties":{"id":"1N02G","name":"YP#4","kind":"road","access":"plate","seasonal":false},"geometry":{"type":"LineString","coordinates":[[-116.7693,34.151],[-116.7692,34.1511],[-116.7691,34.1512]]}},{"type":"Feature","properties":{"id":"1N02H","name":"YP#5","kind":"road","access":"plate","seasonal":false},"geometry":{"type":"LineString","coordinates":[[-116.7688,34.1509],[-116.7688,34.1508],[-116.7687,34.1508]]}},{"type":"Feature","properties":{"id":"1N02K","name":"YP#6","kind":"road","access":"plate","seasonal":false},"geometry":{"type":"LineString","coordinates":[[-116.768,34.1509],[-116.768,34.1511]]}},{"type":"Feature","properties":{"id":"1N02L","name":"YP#7","kind":"road","access":"plate","seasonal":false},"geometry":{"type":"LineString","coordinates":[[-116.7673,34.1508],[-116.7672,34.1508],[-116.7671,34.1509]]}},{"type":"Feature","properties":{"id":"1N02M","name":"YP#8","kind":"road","access":"plate","seasonal":false},"geometry":{"type":"LineString","coordinates":[[-116.7666,34.1506],[-116.7665,34.1507]]}},{"type":"Feature","properties":{"id":"1N39","name":"HEART BAR STATION","kind":"road","access":"plate","seasonal":false},"geometry":{"type":"LineString","coordinates":[[-116.7956,34.1605],[-116.7956,34.1606],[-116.7955,34.1606],[-116.7954,34.1606],[-116.7953,34.1607],[-116.7951,34.1607],[-116.795,34.1607],[-116.7948,34.1608],[-116.7946,34.1609],[-116.7944,34.1609],[-116.7943,34.161],[-116.7942,34.161],[-116.7941,34.1611],[-116.7939,34.1611],[-116.7938,34.1612],[-116.7937,34.1612],[-116.7936,34.1612],[-116.7935,34.1612],[-116.7934,34.1612],[-116.7933,34.1612],[-116.7932,34.1613],[-116.7931,34.1612],[-116.793,34.1613],[-116.7929,34.1613],[-116.7928,34.1613],[-116.7927,34.1613],[-116.7927,34.1614],[-116.7926,34.1614],[-116.7926,34.1615],[-116.7925,34.1615],[-116.7924,34.1615],[-116.7923,34.1615],[-116.7923,34.1614],[-116.7924,34.1613],[-116.7925,34.1612],[-116.7927,34.161],[-116.7929,34.1609],[-116.793,34.1608],[-116.7931,34.1607],[-116.7932,34.1606],[-116.7933,34.1605],[-116.7933,34.1604],[-116.7934,34.1603],[-116.7934,34.1602],[-116.7935,34.1601],[-116.7935,34.16]]}},{"type":"Feature","properties":{"id":"1S03","name":"FALLS","kind":"road","access":"plate","seasonal":false},"geometry":{"type":"LineString","coordinates":[[-116.8963,34.0817],[-116.8962,34.0817],[-116.8961,34.0816],[-116.8959,34.0816],[-116.8959,34.0815],[-116.8958,34.0815],[-116.8957,34.0815],[-116.8955,34.0815],[-116.8954,34.0815],[-116.8952,34.0815],[-116.895,34.0815],[-116.8948,34.0815],[-116.8946,34.0814],[-116.8944,34.0814],[-116.8943,34.0813],[-116.8941,34.0813],[-116.894,34.0812],[-116.8939,34.0812],[-116.8938,34.0812],[-116.8937,34.0811],[-116.8936,34.0811],[-116.8935,34.081],[-116.8934,34.0809],[-116.8933,34.0808],[-116.8932,34.0808],[-116.8931,34.0808],[-116.893,34.0808],[-116.8928,34.0808],[-116.8927,34.0808],[-116.8926,34.0808],[-116.8925,34.0809],[-116.8924,34.0809],[-116.8924,34.081],[-116.8923,34.081],[-116.892,34.0812],[-116.8917,34.0813],[-116.8916,34.0813],[-116.8916,34.0814],[-116.8911,34.0817]]}},{"type":"Feature","properties":{"id":"1N02D","name":"YP#1","kind":"road","access":"plate","seasonal":false},"geometry":{"type":"LineString","coordinates":[[-116.7698,34.1511],[-116.7698,34.1512],[-116.7697,34.1513],[-116.7696,34.1514],[-116.7695,34.1514],[-116.7695,34.1515],[-116.7696,34.1516]]}},{"type":"Feature","properties":{"id":"1N02D1","name":"YP#2","kind":"road","access":"plate","seasonal":false},"geometry":{"type":"LineString","coordinates":[[-116.7695,34.1515],[-116.7694,34.1516],[-116.7693,34.1517],[-116.7693,34.1518],[-116.7692,34.1518],[-116.7691,34.152]]}},{"type":"Feature","properties":{"id":"1N02F","name":"YP#3","kind":"road","access":"plate","seasonal":false},"geometry":{"type":"LineString","coordinates":[[-116.7697,34.151],[-116.7698,34.151],[-116.7698,34.1509],[-116.7698,34.1508],[-116.7699,34.1507],[-116.7699,34.1506]]}},{"type":"Feature","properties":{"id":"1N11","name":"LOBO OSO CAMPGROUND","kind":"road","access":"plate","seasonal":false},"geometry":{"type":"LineString","coordinates":[[-116.8611,34.1731],[-116.8612,34.1734],[-116.8613,34.1736],[-116.8613,34.1738],[-116.8613,34.174],[-116.8613,34.1742],[-116.8612,34.1744],[-116.8611,34.1745],[-116.8611,34.1746],[-116.861,34.1747],[-116.861,34.1748],[-116.861,34.1749],[-116.8609,34.1749],[-116.8609,34.175],[-116.8609,34.1751],[-116.8609,34.1752],[-116.8611,34.1753],[-116.8612,34.1754],[-116.8613,34.1755],[-116.8614,34.1755],[-116.8615,34.1756],[-116.8616,34.1756],[-116.8617,34.1756],[-116.8618,34.1756],[-116.8619,34.1756],[-116.8621,34.1756],[-116.8622,34.1756],[-116.8624,34.1756],[-116.8624,34.1757],[-116.8624,34.1758],[-116.8623,34.1758],[-116.8622,34.1759],[-116.8621,34.176],[-116.862,34.1761],[-116.8619,34.1762],[-116.8618,34.1763],[-116.8617,34.1763],[-116.8616,34.1764],[-116.8615,34.1764],[-116.8615,34.1763],[-116.8616,34.1763],[-116.8616,34.1762],[-116.8617,34.1761],[-116.8618,34.1761],[-116.8618,34.176],[-116.8618,34.1759],[-116.8618,34.1758],[-116.8618,34.1757],[-116.8617,34.1757],[-116.8616,34.1756]]}},{"type":"Feature","properties":{"id":"2N11B","name":"LOOKOUT SPUR                  ","kind":"road","access":"plate","seasonal":false},"geometry":{"type":"LineString","coordinates":[[-116.9707,34.2134],[-116.9707,34.2133],[-116.9707,34.2132],[-116.9707,34.2131],[-116.9707,34.213],[-116.9707,34.2128],[-116.9707,34.2127],[-116.9707,34.2126],[-116.9708,34.2125],[-116.9709,34.2125],[-116.971,34.2125],[-116.9712,34.2124],[-116.9714,34.2124],[-116.9715,34.2124],[-116.9716,34.2124],[-116.9718,34.2123],[-116.9719,34.2122],[-116.972,34.2121],[-116.9722,34.212],[-116.9723,34.2119],[-116.9723,34.2117],[-116.9724,34.2116],[-116.9725,34.2115],[-116.9725,34.2114],[-116.9726,34.2114],[-116.9727,34.2113],[-116.9728,34.2113],[-116.9729,34.2113],[-116.973,34.2113],[-116.9731,34.2113],[-116.9732,34.2114],[-116.9733,34.2113],[-116.9734,34.2113],[-116.9735,34.2113],[-116.9735,34.2112],[-116.9736,34.2112],[-116.9737,34.2112],[-116.9738,34.2111],[-116.9739,34.2111],[-116.974,34.2111],[-116.9741,34.2111],[-116.9742,34.211],[-116.9743,34.211],[-116.9743,34.2109],[-116.9744,34.2108],[-116.9744,34.2107],[-116.9744,34.2106],[-116.9745,34.2105],[-116.9744,34.2105],[-116.9744,34.2104],[-116.9744,34.2102],[-116.9744,34.2101],[-116.9743,34.21],[-116.9743,34.2099],[-116.9744,34.2098],[-116.9744,34.2097],[-116.9743,34.2096],[-116.9743,34.2095],[-116.9743,34.2094],[-116.9744,34.2094],[-116.9745,34.2093],[-116.9745,34.2092],[-116.9746,34.2092],[-116.9746,34.2091],[-116.9746,34.209],[-116.9746,34.2089],[-116.9746,34.2088],[-116.9745,34.2087],[-116.9745,34.2086],[-116.9745,34.2085],[-116.9745,34.2084],[-116.9746,34.2084],[-116.9746,34.2083],[-116.9746,34.2082],[-116.9747,34.2081],[-116.9748,34.208],[-116.9748,34.2079],[-116.9749,34.2078],[-116.975,34.2077],[-116.975,34.2076],[-116.9751,34.2075],[-116.9752,34.2075],[-116.9753,34.2073],[-116.9754,34.2072],[-116.9755,34.2071],[-116.9755,34.207],[-116.9756,34.2069],[-116.9757,34.2068],[-116.9757,34.2067],[-116.9757,34.2066],[-116.9757,34.2065],[-116.9757,34.2064],[-116.9757,34.2063],[-116.9756,34.2062],[-116.9755,34.2062],[-116.9755,34.2061],[-116.9754,34.2061],[-116.9753,34.2062],[-116.9752,34.2063],[-116.9751,34.2064],[-116.975,34.2064],[-116.9749,34.2064],[-116.9748,34.2064],[-116.9747,34.2064],[-116.9746,34.2064],[-116.9745,34.2065],[-116.9744,34.2065],[-116.9743,34.2065],[-116.9742,34.2066],[-116.9741,34.2066],[-116.974,34.2066],[-116.9739,34.2066],[-116.9737,34.2066],[-116.9737,34.2067],[-116.9736,34.2067],[-116.9736,34.2068],[-116.9735,34.2068],[-116.9735,34.2069],[-116.9734,34.2069],[-116.9733,34.2069],[-116.9731,34.2069],[-116.973,34.2069],[-116.9729,34.2069],[-116.9728,34.2069],[-116.9727,34.207],[-116.9725,34.207],[-116.9724,34.207],[-116.9724,34.2071],[-116.9723,34.2071],[-116.9722,34.2072],[-116.9721,34.2072],[-116.972,34.2072],[-116.9719,34.2073],[-116.9718,34.2073],[-116.9716,34.2073],[-116.9715,34.2074],[-116.9714,34.2074],[-116.9713,34.2074],[-116.9713,34.2075],[-116.9712,34.2075],[-116.9711,34.2075],[-116.971,34.2075],[-116.9709,34.2076],[-116.9708,34.2076],[-116.9707,34.2076],[-116.9706,34.2076],[-116.9706,34.2077],[-116.9705,34.2078],[-116.9705,34.2079],[-116.9704,34.208],[-116.9703,34.2081],[-116.9702,34.2082],[-116.9701,34.2082],[-116.9701,34.2083],[-116.97,34.2084],[-116.9699,34.2084],[-116.9698,34.2084]]}},{"type":"Feature","properties":{"id":"1N02P","name":"YP#15","kind":"road","access":"plate","seasonal":false},"geometry":{"type":"LineString","coordinates":[[-116.7501,34.1544],[-116.75,34.1543],[-116.7499,34.1542]]}},{"type":"Feature","properties":{"id":"1N17","name":"SOUTH FORK CAMPGROUND","kind":"road","access":"plate","seasonal":false},"geometry":{"type":"MultiLineString","coordinates":[[[-116.8289,34.1705],[-116.8287,34.1703],[-116.8286,34.1702],[-116.8285,34.1702],[-116.8285,34.1701],[-116.8284,34.17],[-116.8283,34.17],[-116.8283,34.1699]],[[-116.8283,34.1699],[-116.8283,34.1698],[-116.8283,34.1697],[-116.8282,34.1696],[-116.828,34.1695],[-116.8279,34.1694],[-116.8278,34.1694],[-116.8277,34.1694],[-116.8276,34.1694],[-116.8274,34.1694],[-116.8273,34.1694],[-116.8272,34.1693],[-116.8271,34.1692],[-116.8269,34.1692],[-116.8268,34.1691],[-116.8266,34.1691],[-116.8265,34.169],[-116.8264,34.1689],[-116.8262,34.1688],[-116.826,34.1687],[-116.8259,34.1686],[-116.8258,34.1686],[-116.8257,34.1685],[-116.8256,34.1685],[-116.8255,34.1685],[-116.8254,34.1685],[-116.8254,34.1686],[-116.8253,34.1686]],[[-116.8283,34.1699],[-116.8282,34.1699],[-116.8281,34.1699],[-116.828,34.1699],[-116.8279,34.1699],[-116.8278,34.1699],[-116.8277,34.1699],[-116.8276,34.1698],[-116.8274,34.1697],[-116.8272,34.1697],[-116.8271,34.1697],[-116.827,34.1697],[-116.8269,34.1696],[-116.8268,34.1695],[-116.8267,34.1695],[-116.8266,34.1694],[-116.8265,34.1693],[-116.8264,34.1693],[-116.8263,34.1693],[-116.8262,34.1692],[-116.8261,34.1692],[-116.826,34.1692],[-116.8258,34.1692],[-116.8257,34.1691],[-116.8256,34.1691],[-116.8255,34.1691],[-116.8254,34.169],[-116.8254,34.1689],[-116.8253,34.1688],[-116.8253,34.1687],[-116.8253,34.1686],[-116.8251,34.1686],[-116.825,34.1686],[-116.825,34.1685],[-116.8249,34.1685],[-116.8249,34.1684],[-116.8248,34.1684],[-116.8247,34.1684],[-116.8246,34.1684],[-116.8245,34.1684],[-116.8244,34.1683],[-116.8243,34.1683],[-116.8243,34.1682],[-116.8242,34.1682],[-116.8241,34.1682],[-116.8241,34.1683],[-116.824,34.1683],[-116.8239,34.1683],[-116.8239,34.1684],[-116.8238,34.1684],[-116.8237,34.1684],[-116.8236,34.1684],[-116.8235,34.1684],[-116.8234,34.1684],[-116.8234,34.1685],[-116.8233,34.1685],[-116.8233,34.1686],[-116.8234,34.1687],[-116.8235,34.1687],[-116.8236,34.1687],[-116.8237,34.1687],[-116.8238,34.1687],[-116.8238,34.1686],[-116.8239,34.1686],[-116.824,34.1685],[-116.824,34.1684],[-116.824,34.1683]]]}},{"type":"Feature","properties":{"id":"1N72","name":"BALD COVE (4WD)","kind":"road","access":"plate","seasonal":false},"geometry":{"type":"LineString","coordinates":[[-116.8838,34.1705],[-116.8838,34.1706],[-116.8837,34.1707],[-116.8837,34.1708],[-116.8837,34.1709],[-116.8837,34.171]]}},{"type":"Feature","properties":{"id":"2N06","name":"RADFORD TRUCK TRAIL           ","kind":"road","access":"plate","seasonal":false},"geometry":{"type":"LineString","coordinates":[[-116.8797,34.2175],[-116.8797,34.2173],[-116.8796,34.217],[-116.8796,34.2167],[-116.8795,34.2166],[-116.8794,34.2166],[-116.8792,34.2166],[-116.8791,34.2167],[-116.8789,34.2167],[-116.8788,34.2168],[-116.8787,34.2168],[-116.8786,34.2167],[-116.8784,34.2167],[-116.8781,34.2167],[-116.8779,34.2167],[-116.8776,34.2167],[-116.8772,34.2168],[-116.8771,34.2168],[-116.877,34.2168],[-116.8768,34.2168],[-116.8767,34.2168],[-116.8766,34.2168],[-116.8765,34.2168],[-116.8763,34.2167],[-116.8762,34.2166],[-116.8761,34.2166],[-116.876,34.2165],[-116.8759,34.2164],[-116.8759,34.2163],[-116.8758,34.2163],[-116.8757,34.2161],[-116.8757,34.216],[-116.8757,34.2159],[-116.8756,34.2157],[-116.8756,34.2155],[-116.8756,34.2154],[-116.8757,34.2153],[-116.8758,34.2151],[-116.876,34.2148],[-116.876,34.2147],[-116.876,34.2146],[-116.876,34.2145],[-116.876,34.2144],[-116.8759,34.2144],[-116.8758,34.2144],[-116.8757,34.2144],[-116.8756,34.2144],[-116.8755,34.2144],[-116.8753,34.2144],[-116.8752,34.2144],[-116.8751,34.2144],[-116.875,34.2144],[-116.8748,34.2143],[-116.8746,34.2142],[-116.8744,34.2142],[-116.8743,34.2141],[-116.8742,34.214],[-116.8742,34.2139],[-116.8741,34.2138],[-116.8741,34.2137],[-116.8741,34.2136],[-116.8741,34.2135],[-116.8741,34.2134],[-116.8741,34.2133],[-116.874,34.2132],[-116.874,34.213],[-116.8739,34.2129],[-116.8738,34.2129],[-116.8737,34.2128],[-116.8736,34.2128],[-116.8735,34.2127],[-116.8734,34.2127],[-116.8733,34.2126],[-116.8732,34.2125],[-116.8731,34.2125],[-116.873,34.2125],[-116.8729,34.2124],[-116.8728,34.2123],[-116.8728,34.2122],[-116.8727,34.212],[-116.8726,34.2119],[-116.8726,34.2117],[-116.8725,34.2115],[-116.8725,34.2114],[-116.8725,34.2113],[-116.8725,34.2112],[-116.8726,34.2109],[-116.8727,34.2108],[-116.8728,34.2106],[-116.8728,34.2104],[-116.8729,34.2103],[-116.8729,34.2102],[-116.8729,34.2101],[-116.8729,34.2099],[-116.8728,34.2098],[-116.8728,34.2096],[-116.8727,34.2095],[-116.8727,34.2094],[-116.8727,34.2093],[-116.8727,34.2092],[-116.8727,34.2091],[-116.8726,34.209],[-116.8725,34.2089],[-116.8724,34.2089],[-116.8723,34.2089],[-116.8722,34.209],[-116.872,34.209],[-116.8719,34.209],[-116.8718,34.209],[-116.8717,34.2091],[-116.8716,34.2091],[-116.8711,34.2092],[-116.871,34.2093],[-116.8709,34.2093],[-116.8708,34.2093],[-116.8707,34.2093],[-116.8706,34.2093],[-116.8705,34.2093],[-116.8705,34.2092],[-116.8704,34.2092],[-116.8703,34.2091],[-116.8701,34.209],[-116.87,34.209],[-116.8699,34.2089],[-116.8698,34.2088],[-116.8697,34.2087],[-116.8697,34.2086],[-116.8696,34.2085],[-116.8696,34.2083],[-116.8697,34.2078],[-116.8697,34.2077],[-116.8697,34.2076],[-116.8698,34.2075],[-116.8698,34.2074],[-116.8699,34.2073],[-116.87,34.2071],[-116.8701,34.2071],[-116.8701,34.207],[-116.8702,34.2069],[-116.8703,34.2069],[-116.8704,34.2068],[-116.8705,34.2067],[-116.8705,34.2066],[-116.8706,34.2065],[-116.8707,34.2064],[-116.8709,34.2062],[-116.871,34.2061],[-116.8711,34.206],[-116.8711,34.2059],[-116.8711,34.2058],[-116.8711,34.2057],[-116.8712,34.2056],[-116.8712,34.2055],[-116.8712,34.2054],[-116.8713,34.2054],[-116.8713,34.2053],[-116.8713,34.2052],[-116.8714,34.2051],[-116.8714,34.205],[-116.8714,34.2049],[-116.8714,34.2048],[-116.8714,34.2047],[-116.8715,34.2047],[-116.8715,34.2046],[-116.8716,34.2045],[-116.8716,34.2044],[-116.8717,34.2044],[-116.8718,34.2042],[-116.8719,34.2041],[-116.872,34.204],[-116.872,34.2039],[-116.872,34.2038],[-116.8721,34.2037],[-116.8722,34.2036],[-116.8723,34.2035],[-116.8725,34.2034],[-116.8726,34.2034],[-116.8728,34.2034],[-116.8729,34.2034],[-116.873,34.2033],[-116.8731,34.2033],[-116.8732,34.2032],[-116.8733,34.2032],[-116.8734,34.203],[-116.8735,34.203],[-116.8736,34.2029],[-116.8737,34.2029],[-116.8738,34.2029],[-116.8739,34.2029],[-116.874,34.2029],[-116.8744,34.2029],[-116.8745,34.2029],[-116.8746,34.2029],[-116.8748,34.2028],[-116.875,34.2029],[-116.8751,34.2028],[-116.8752,34.2028],[-116.8754,34.2026],[-116.8755,34.2025],[-116.8756,34.2024],[-116.8758,34.2022],[-116.8759,34.2022],[-116.8759,34.2021],[-116.8761,34.202],[-116.8762,34.202],[-116.8763,34.202],[-116.8765,34.202],[-116.8766,34.202],[-116.8767,34.2021],[-116.8769,34.2021],[-116.8771,34.2021],[-116.8772,34.2021],[-116.8773,34.2021],[-116.8774,34.2021],[-116.8776,34.2021],[-116.8777,34.202],[-116.8779,34.202],[-116.878,34.202],[-116.8781,34.202],[-116.8782,34.2019],[-116.8784,34.2018],[-116.8786,34.2018],[-116.8787,34.2018],[-116.8789,34.2018],[-116.879,34.2018],[-116.8791,34.2018],[-116.8792,34.2019],[-116.8793,34.2019],[-116.8794,34.2019],[-116.8795,34.202],[-116.8796,34.202],[-116.8797,34.202],[-116.8797,34.2019],[-116.8798,34.2019],[-116.8799,34.2019],[-116.88,34.2019],[-116.8802,34.2019],[-116.8803,34.2019],[-116.8805,34.2019],[-116.8806,34.2019],[-116.8807,34.2019],[-116.8807,34.202],[-116.8808,34.202],[-116.8809,34.202],[-116.881,34.202],[-116.8811,34.2019],[-116.8812,34.2019],[-116.8813,34.2018],[-116.8812,34.2017],[-116.8811,34.2016],[-116.881,34.2015],[-116.8808,34.2015],[-116.8807,34.2014],[-116.8806,34.2014],[-116.8805,34.2014],[-116.8804,34.2014],[-116.8803,34.2014],[-116.8802,34.2014],[-116.8801,34.2014],[-116.88,34.2013],[-116.8799,34.2013],[-116.8798,34.2012],[-116.8797,34.2012],[-116.8797,34.2011],[-116.8796,34.2011],[-116.8794,34.201],[-116.8794,34.2009],[-116.8793,34.2009],[-116.8792,34.2009],[-116.8792,34.2008],[-116.8791,34.2008],[-116.8789,34.2008],[-116.8788,34.2007],[-116.8787,34.2006],[-116.8788,34.2005],[-116.8789,34.2005],[-116.879,34.2006],[-116.8791,34.2006],[-116.8792,34.2007],[-116.8793,34.2007],[-116.8794,34.2007],[-116.8796,34.2008],[-116.8797,34.2008],[-116.8798,34.2008],[-116.8799,34.2008],[-116.88,34.2009],[-116.8801,34.2009],[-116.8802,34.2009],[-116.8803,34.2009],[-116.8805,34.2009],[-116.8806,34.2008],[-116.8807,34.2007],[-116.8808,34.2007],[-116.8809,34.2007],[-116.881,34.2007],[-116.8811,34.2007],[-116.8812,34.2007],[-116.8813,34.2008],[-116.8814,34.2008],[-116.8815,34.2008],[-116.8816,34.2008],[-116.8817,34.2007],[-116.8819,34.2006],[-116.882,34.2006],[-116.8821,34.2005],[-116.8821,34.2004],[-116.8822,34.2003],[-116.8822,34.2002],[-116.8823,34.2002],[-116.8823,34.2001],[-116.8824,34.2001],[-116.8825,34.2],[-116.8826,34.2],[-116.8828,34.1999],[-116.8829,34.1999],[-116.883,34.1999],[-116.8831,34.1999],[-116.8832,34.2],[-116.8834,34.2],[-116.8836,34.2001],[-116.8837,34.2001],[-116.8838,34.2002],[-116.8839,34.2002],[-116.8839,34.2003],[-116.8839,34.2004],[-116.8839,34.2005],[-116.8838,34.2006],[-116.8838,34.2007],[-116.8838,34.2008],[-116.8838,34.2009],[-116.8839,34.2009],[-116.8841,34.2011],[-116.8843,34.2012],[-116.8844,34.2013],[-116.8846,34.2015],[-116.8847,34.2016],[-116.8847,34.2017],[-116.8848,34.2018],[-116.8848,34.2019],[-116.8849,34.202],[-116.8849,34.2023],[-116.885,34.2025],[-116.885,34.2026],[-116.8851,34.2026],[-116.8852,34.2028],[-116.8853,34.2029],[-116.8853,34.203],[-116.8853,34.2031],[-116.8852,34.2032],[-116.8851,34.2032],[-116.885,34.2033],[-116.8848,34.2034],[-116.8847,34.2035],[-116.8843,34.2037],[-116.8843,34.2038],[-116.8842,34.2039],[-116.8841,34.2039],[-116.884,34.204],[-116.8839,34.2041],[-116.8838,34.2042],[-116.8837,34.2043],[-116.8836,34.2044],[-116.8836,34.2045],[-116.8836,34.2046],[-116.8836,34.2047],[-116.8835,34.2047],[-116.8834,34.2049],[-116.8833,34.2051],[-116.8832,34.2053],[-116.8831,34.2053],[-116.883,34.2053],[-116.8829,34.2054],[-116.8828,34.2054],[-116.8827,34.2054],[-116.8827,34.2055],[-116.8827,34.2056],[-116.8827,34.2057],[-116.8828,34.2057],[-116.8829,34.2057],[-116.8831,34.2058],[-116.8833,34.2058],[-116.8834,34.2059],[-116.8835,34.206],[-116.8836,34.206],[-116.8837,34.206],[-116.8838,34.206],[-116.884,34.206],[-116.8841,34.206],[-116.8842,34.206],[-116.8844,34.2061],[-116.8845,34.2061],[-116.8847,34.2061],[-116.8848,34.2061],[-116.885,34.2061],[-116.8852,34.206],[-116.8853,34.206],[-116.8854,34.206],[-116.8856,34.2059],[-116.8857,34.2059],[-116.8858,34.2059],[-116.8859,34.2059],[-116.8861,34.2059],[-116.8862,34.2059],[-116.8864,34.206],[-116.8865,34.206],[-116.8866,34.2061],[-116.8867,34.2061],[-116.8868,34.2062],[-116.8869,34.2062],[-116.887,34.2062],[-116.8872,34.2061],[-116.8874,34.206],[-116.8876,34.2059],[-116.8877,34.2059],[-116.8878,34.2059],[-116.8879,34.2059],[-116.8881,34.2059],[-116.8883,34.2059],[-116.8884,34.206],[-116.8885,34.2059],[-116.8887,34.2059],[-116.8888,34.2059],[-116.8889,34.2059],[-116.889,34.206],[-116.8891,34.206],[-116.8892,34.2061],[-116.8893,34.2062],[-116.8895,34.2062],[-116.8897,34.2063],[-116.8898,34.2064],[-116.8899,34.2064],[-116.89,34.2064],[-116.8901,34.2064],[-116.8903,34.2063],[-116.8904,34.2063],[-116.8905,34.2064],[-116.8905,34.2065],[-116.8904,34.2066],[-116.8904,34.2067],[-116.8903,34.2068],[-116.8902,34.2069],[-116.8901,34.207],[-116.8901,34.2071],[-116.89,34.2071],[-116.89,34.2072],[-116.8899,34.2073],[-116.8899,34.2074],[-116.8899,34.2075],[-116.8898,34.2075],[-116.8898,34.2076],[-116.8898,34.2077],[-116.8897,34.2078],[-116.8897,34.2079],[-116.8896,34.208],[-116.8896,34.2081],[-116.8895,34.2081],[-116.8895,34.2082],[-116.8895,34.2083],[-116.8896,34.2083],[-116.8896,34.2084],[-116.8897,34.2085],[-116.8899,34.2085],[-116.89,34.2085],[-116.8901,34.2085],[-116.8903,34.2085],[-116.8906,34.2085],[-116.8907,34.2085],[-116.8909,34.2084],[-116.891,34.2084],[-116.8912,34.2084],[-116.8913,34.2085],[-116.8914,34.2085],[-116.8915,34.2085],[-116.8916,34.2085],[-116.8918,34.2085],[-116.8919,34.2085],[-116.8921,34.2085],[-116.8924,34.2085],[-116.8925,34.2085],[-116.8926,34.2085],[-116.8927,34.2085],[-116.8927,34.2084],[-116.8928,34.2084],[-116.8927,34.2083],[-116.8926,34.2082],[-116.8925,34.208],[-116.8924,34.2079],[-116.8924,34.2078],[-116.8925,34.2078],[-116.8925,34.2077],[-116.8927,34.2077],[-116.8928,34.2077],[-116.8929,34.2077],[-116.893,34.2077],[-116.8931,34.2077],[-116.8932,34.2077],[-116.8933,34.2077],[-116.8934,34.2077],[-116.8937,34.2077],[-116.8939,34.2077],[-116.8941,34.2078],[-116.8943,34.2078],[-116.8944,34.2078],[-116.8945,34.2078],[-116.8945,34.2077],[-116.8945,34.2076],[-116.8944,34.2075],[-116.8944,34.2073],[-116.8943,34.2072],[-116.8943,34.2071],[-116.8942,34.207],[-116.8941,34.2069],[-116.894,34.2069],[-116.894,34.2068],[-116.894,34.2067],[-116.894,34.2066],[-116.894,34.2065],[-116.8941,34.2063],[-116.8942,34.2062],[-116.8944,34.2061],[-116.8946,34.206],[-116.8947,34.2059],[-116.8948,34.2059],[-116.8949,34.2059],[-116.895,34.2058],[-116.895,34.2057],[-116.8951,34.2057],[-116.8951,34.2056],[-116.8951,34.2055],[-116.895,34.2054],[-116.895,34.2053],[-116.895,34.2052],[-116.895,34.2051],[-116.8951,34.205],[-116.8951,34.2049],[-116.8952,34.2049],[-116.8954,34.2049],[-116.8956,34.2049],[-116.8958,34.2049],[-116.8961,34.2049],[-116.8962,34.2049],[-116.8964,34.2049],[-116.8965,34.2048],[-116.8967,34.2047],[-116.8968,34.2046],[-116.8968,34.2045],[-116.8969,34.2045],[-116.8969,34.2044],[-116.897,34.2042],[-116.8971,34.2041],[-116.8972,34.204],[-116.8973,34.2039],[-116.8974,34.2038],[-116.8976,34.2036],[-116.8978,34.2035],[-116.8978,34.2034],[-116.8979,34.2033],[-116.8979,34.2032],[-116.898,34.2031],[-116.8981,34.2031],[-116.8982,34.203],[-116.8983,34.203],[-116.8985,34.203],[-116.8988,34.2031],[-116.8995,34.2031],[-116.8996,34.2031],[-116.8997,34.2031],[-116.8998,34.2031],[-116.8999,34.203],[-116.8999,34.2029],[-116.9,34.2029],[-116.9001,34.2028],[-116.9002,34.2028],[-116.9004,34.2028],[-116.9005,34.2029],[-116.9007,34.2029],[-116.9009,34.2029],[-116.9011,34.2029],[-116.9013,34.2029],[-116.9014,34.2029],[-116.9015,34.2029],[-116.9018,34.2029],[-116.9021,34.203],[-116.9025,34.2031],[-116.9028,34.2031],[-116.9029,34.2031],[-116.9032,34.2031],[-116.9034,34.2031],[-116.9035,34.203],[-116.9037,34.203],[-116.904,34.2029],[-116.9041,34.2029],[-116.9043,34.2029],[-116.9044,34.2029],[-116.9045,34.2029],[-116.9045,34.2028],[-116.9046,34.2028],[-116.9047,34.2026],[-116.9048,34.2025],[-116.9049,34.2022],[-116.905,34.2021],[-116.905,34.202],[-116.9052,34.2019],[-116.9054,34.2018],[-116.9055,34.2018],[-116.9056,34.2017],[-116.9057,34.2016],[-116.9058,34.2015],[-116.9059,34.2013],[-116.9061,34.2011],[-116.9062,34.201],[-116.9064,34.2008],[-116.9065,34.2007],[-116.9067,34.2006],[-116.9068,34.2005],[-116.9068,34.2004],[-116.9069,34.2001],[-116.9069,34.1999],[-116.9069,34.1997],[-116.9069,34.1996],[-116.9069,34.1995],[-116.907,34.1994],[-116.907,34.1993],[-116.9071,34.1992],[-116.9072,34.1991],[-116.9074,34.199],[-116.9075,34.1989],[-116.9077,34.1988],[-116.9078,34.1987],[-116.9079,34.1985],[-116.908,34.1984],[-116.9081,34.1983],[-116.9081,34.1982],[-116.9081,34.198],[-116.9082,34.1979],[-116.9083,34.1978],[-116.9084,34.1976],[-116.9086,34.1975],[-116.9087,34.1975],[-116.9088,34.1974],[-116.9089,34.1972],[-116.9091,34.1969],[-116.9094,34.1966],[-116.9097,34.1964],[-116.9099,34.1961],[-116.9102,34.1958],[-116.9105,34.1956],[-116.9106,34.1955],[-116.9108,34.1954],[-116.9109,34.1953],[-116.911,34.1953],[-116.9112,34.1952],[-116.9113,34.1951],[-116.9114,34.1951],[-116.9115,34.195],[-116.9116,34.1949],[-116.9117,34.1948],[-116.9118,34.1948],[-116.9118,34.1947]]}},{"type":"Feature","properties":{"id":"2N93F","name":"WILDHORSE MEADOW SPUR         ","kind":"road","access":"plate","seasonal":false},"geometry":{"type":"LineString","coordinates":[[-116.7732,34.2003],[-116.7731,34.2003],[-116.773,34.2003],[-116.7729,34.2003],[-116.7728,34.2003],[-116.7727,34.2004],[-116.7726,34.2004],[-116.7725,34.2004],[-116.7723,34.2004],[-116.7722,34.2004],[-116.7721,34.2004],[-116.772,34.2005],[-116.7718,34.2005],[-116.7718,34.2004],[-116.7717,34.2004],[-116.7716,34.2004],[-116.7715,34.2003],[-116.7713,34.2001],[-116.7712,34.2],[-116.7711,34.2],[-116.7711,34.1999],[-116.771,34.1998],[-116.771,34.1997],[-116.7709,34.1997],[-116.7709,34.1996],[-116.7707,34.1996],[-116.7706,34.1996],[-116.7705,34.1996],[-116.7704,34.1996],[-116.7703,34.1996],[-116.7702,34.1995],[-116.7701,34.1995],[-116.7701,34.1994],[-116.77,34.1994],[-116.77,34.1993],[-116.7699,34.1993],[-116.7698,34.1993],[-116.7697,34.1993],[-116.7696,34.1992],[-116.7696,34.1991],[-116.7695,34.1991],[-116.7694,34.199],[-116.7693,34.199],[-116.7692,34.199]]}},{"type":"Feature","properties":{"id":"1N11","name":"LOBO OSO CAMPGROUND","kind":"road","access":"plate","seasonal":false},"geometry":{"type":"LineString","coordinates":[[-116.861,34.173],[-116.8611,34.1731]]}},{"type":"Feature","properties":{"id":"2N10","name":"MILL CREEK","kind":"road","access":"plate","seasonal":false},"geometry":{"type":"LineString","coordinates":[[-116.934,34.2284],[-116.934,34.2283],[-116.9341,34.228],[-116.9341,34.2278],[-116.9341,34.2277],[-116.9341,34.2276],[-116.9341,34.2275],[-116.934,34.2274],[-116.9339,34.2274],[-116.9338,34.2274],[-116.9337,34.2273],[-116.9336,34.2273],[-116.9335,34.2272],[-116.9334,34.2271],[-116.9334,34.227],[-116.9333,34.2269],[-116.9333,34.2268],[-116.9332,34.2267],[-116.9331,34.2266],[-116.933,34.2266],[-116.9329,34.2265],[-116.9328,34.2265],[-116.9327,34.2265],[-116.9326,34.2265],[-116.9325,34.2264],[-116.9325,34.2263],[-116.9325,34.2262],[-116.9326,34.2261],[-116.9326,34.226],[-116.9327,34.226],[-116.9328,34.2259],[-116.9329,34.2259],[-116.933,34.2259],[-116.9331,34.2258],[-116.9333,34.2258],[-116.9333,34.2257],[-116.9334,34.2257],[-116.9335,34.2257],[-116.9336,34.2257],[-116.9337,34.2257],[-116.9338,34.2257],[-116.9339,34.2257],[-116.934,34.2257],[-116.9341,34.2258],[-116.9342,34.2259],[-116.9343,34.2259],[-116.9344,34.2259],[-116.9345,34.2259],[-116.9346,34.2258],[-116.9347,34.2258],[-116.9348,34.2257],[-116.935,34.2256],[-116.9351,34.2256],[-116.9352,34.2256],[-116.9353,34.2256],[-116.9354,34.2257],[-116.9354,34.2258],[-116.9354,34.2259],[-116.9353,34.226],[-116.9353,34.2261],[-116.9353,34.2262],[-116.9354,34.2262],[-116.9355,34.2263],[-116.9356,34.2263],[-116.9357,34.2263],[-116.9359,34.2263],[-116.936,34.2263],[-116.9361,34.2262],[-116.9362,34.2262],[-116.9363,34.2262],[-116.9364,34.2263],[-116.9365,34.2263],[-116.9366,34.2263],[-116.9367,34.2263],[-116.9369,34.2263],[-116.937,34.2262],[-116.937,34.2263],[-116.9371,34.2263],[-116.9372,34.2263],[-116.9373,34.2264],[-116.9374,34.2264],[-116.9375,34.2265],[-116.9376,34.2265],[-116.9378,34.2265],[-116.9379,34.2265],[-116.9381,34.2264],[-116.9382,34.2264],[-116.9383,34.2263],[-116.9384,34.2263],[-116.9385,34.2261],[-116.9386,34.2261],[-116.9387,34.2259],[-116.9388,34.2259],[-116.9389,34.2258],[-116.9389,34.2257],[-116.9389,34.2256],[-116.939,34.2255],[-116.939,34.2254],[-116.9391,34.2252],[-116.9391,34.2251],[-116.9393,34.2249],[-116.9395,34.2247],[-116.9396,34.2246],[-116.9396,34.2245],[-116.9396,34.2244],[-116.9396,34.2243],[-116.9396,34.2242],[-116.9396,34.2241],[-116.9396,34.224],[-116.9396,34.2238],[-116.9396,34.2237],[-116.9396,34.2236],[-116.9396,34.2235],[-116.9396,34.2234],[-116.9397,34.2233],[-116.9397,34.2232],[-116.9398,34.2232],[-116.9399,34.2232],[-116.94,34.2231],[-116.9401,34.2231],[-116.9402,34.2231],[-116.9403,34.2231],[-116.9404,34.2232],[-116.9405,34.2232],[-116.9406,34.2233],[-116.9406,34.2234],[-116.9407,34.2235],[-116.9407,34.2236],[-116.9408,34.2238],[-116.9409,34.2241],[-116.9409,34.2242],[-116.941,34.2243],[-116.941,34.2244],[-116.9411,34.2244],[-116.9411,34.2245],[-116.9412,34.2245],[-116.9413,34.2246],[-116.9414,34.2246],[-116.9415,34.2247],[-116.9416,34.2248],[-116.9417,34.2248],[-116.9418,34.2249],[-116.9419,34.2249],[-116.942,34.2249],[-116.9421,34.2248],[-116.9422,34.2248],[-116.9424,34.2247],[-116.9425,34.2246],[-116.9425,34.2245],[-116.9425,34.2244],[-116.9424,34.2243],[-116.9424,34.2242],[-116.9425,34.2241],[-116.9426,34.224],[-116.9426,34.2239],[-116.9426,34.2238],[-116.9425,34.2236],[-116.9425,34.2234],[-116.9427,34.2231],[-116.9427,34.2229],[-116.9428,34.2228],[-116.943,34.2228],[-116.943,34.2227],[-116.9431,34.2226],[-116.9432,34.2226],[-116.9433,34.2225],[-116.9433,34.2224],[-116.9433,34.2223],[-116.9434,34.2223],[-116.9434,34.2222],[-116.9436,34.2221],[-116.9437,34.222],[-116.9438,34.2219],[-116.9438,34.2218],[-116.9438,34.2217],[-116.9438,34.2216],[-116.9437,34.2216],[-116.9437,34.2215],[-116.9438,34.2214],[-116.9439,34.2213],[-116.944,34.2212],[-116.9441,34.2211],[-116.9442,34.221],[-116.9443,34.2209],[-116.9445,34.221],[-116.9446,34.221],[-116.9447,34.221],[-116.9448,34.2209],[-116.9449,34.2209],[-116.945,34.2207],[-116.9452,34.2206],[-116.9453,34.2205],[-116.9455,34.2203],[-116.9457,34.2202],[-116.9458,34.2201],[-116.946,34.22],[-116.9462,34.2199],[-116.9463,34.2198],[-116.9465,34.2197],[-116.9466,34.2197],[-116.9467,34.2197],[-116.9469,34.2196],[-116.947,34.2196],[-116.9471,34.2196],[-116.9472,34.2196],[-116.9473,34.2195],[-116.9473,34.2194],[-116.9474,34.2193],[-116.9474,34.2192],[-116.9474,34.2191],[-116.9474,34.219],[-116.9475,34.2189],[-116.9475,34.2188],[-116.9476,34.2188],[-116.9477,34.2187],[-116.9478,34.2187],[-116.9479,34.2187],[-116.948,34.2188],[-116.9481,34.2188],[-116.9482,34.2189],[-116.9483,34.2189],[-116.9484,34.219],[-116.9485,34.219],[-116.9487,34.219],[-116.9488,34.2191],[-116.9489,34.2191],[-116.9489,34.2192],[-116.9489,34.2193],[-116.949,34.2195],[-116.9491,34.2195],[-116.9491,34.2196],[-116.9491,34.2197],[-116.9491,34.2198],[-116.9491,34.2199],[-116.949,34.2199],[-116.9489,34.2199],[-116.9487,34.2199],[-116.9486,34.2199],[-116.9485,34.2199],[-116.9484,34.22],[-116.9483,34.22],[-116.9482,34.2201],[-116.9481,34.2201],[-116.9481,34.2202],[-116.9482,34.2203],[-116.9483,34.2204],[-116.9485,34.2204],[-116.9486,34.2204],[-116.9488,34.2204],[-116.949,34.2204],[-116.9493,34.2205],[-116.9494,34.2205],[-116.9495,34.2206],[-116.9496,34.2206],[-116.9497,34.2207],[-116.9498,34.2207],[-116.9498,34.2208],[-116.95,34.2209],[-116.9501,34.221],[-116.9501,34.2211],[-116.9502,34.2212],[-116.9503,34.2212],[-116.9503,34.2213],[-116.9504,34.2214],[-116.9504,34.2215],[-116.9505,34.2216],[-116.9506,34.2216],[-116.9507,34.2217],[-116.9508,34.2217],[-116.9509,34.2217],[-116.951,34.2216],[-116.9512,34.2216],[-116.9513,34.2216],[-116.9514,34.2216],[-116.9515,34.2217],[-116.9516,34.2218],[-116.9517,34.2218],[-116.9517,34.2219],[-116.9518,34.222],[-116.9519,34.2222],[-116.9519,34.2223],[-116.952,34.2223],[-116.9521,34.2224],[-116.9522,34.2225],[-116.9524,34.2226],[-116.9525,34.2227],[-116.9525,34.2228],[-116.9526,34.2228],[-116.9526,34.2229],[-116.9527,34.223],[-116.9528,34.223],[-116.9529,34.223],[-116.9531,34.223],[-116.9532,34.223],[-116.9533,34.223],[-116.9535,34.223],[-116.9536,34.2231],[-116.9538,34.2231],[-116.9539,34.2231],[-116.954,34.2232],[-116.954,34.2233],[-116.9541,34.2234],[-116.9541,34.2235],[-116.9542,34.2236],[-116.9543,34.2237],[-116.9544,34.2238],[-116.9545,34.2238],[-116.9546,34.2239],[-116.9547,34.2239],[-116.9548,34.224],[-116.955,34.224],[-116.9551,34.2241],[-116.9552,34.2241],[-116.9553,34.2241],[-116.9554,34.2241],[-116.9554,34.224],[-116.9556,34.224],[-116.9557,34.224],[-116.9557,34.2239],[-116.9557,34.2238],[-116.9558,34.2238],[-116.9558,34.2236],[-116.9558,34.2235],[-116.9559,34.2234],[-116.956,34.2234],[-116.9561,34.2233],[-116.9562,34.2233],[-116.9563,34.2233],[-116.9564,34.2233],[-116.9564,34.2234],[-116.9565,34.2235],[-116.9566,34.2235],[-116.9566,34.2236],[-116.9566,34.2237],[-116.9567,34.2239],[-116.9567,34.224],[-116.9568,34.224],[-116.9568,34.2241],[-116.9569,34.2242],[-116.957,34.2242],[-116.9571,34.2242],[-116.9572,34.2242],[-116.9573,34.2242],[-116.9574,34.2241],[-116.9575,34.2241],[-116.9578,34.224],[-116.9579,34.2239],[-116.958,34.2239],[-116.9581,34.2238],[-116.9582,34.2238],[-116.9582,34.2237],[-116.9583,34.2236],[-116.9584,34.2236],[-116.9585,34.2235],[-116.9586,34.2235],[-116.9587,34.2235],[-116.9588,34.2234],[-116.9589,34.2233],[-116.959,34.2233],[-116.959,34.2232],[-116.9591,34.2232],[-116.9592,34.2232],[-116.9594,34.2233],[-116.9595,34.2234],[-116.9596,34.2235],[-116.9596,34.2236],[-116.9597,34.2237],[-116.9598,34.2237],[-116.9599,34.2238],[-116.9601,34.2238],[-116.9602,34.2239],[-116.9603,34.2239],[-116.9605,34.2239],[-116.9606,34.2239],[-116.9607,34.2239],[-116.9608,34.2238],[-116.9609,34.2237],[-116.961,34.2237],[-116.9611,34.2235],[-116.9615,34.2232],[-116.9618,34.2229],[-116.9618,34.2228],[-116.9617,34.2227],[-116.9616,34.2226],[-116.9615,34.2225],[-116.9615,34.2224],[-116.9615,34.2223],[-116.9615,34.2222],[-116.9614,34.2221],[-116.9614,34.2219],[-116.9613,34.2218],[-116.9612,34.2216],[-116.9611,34.2214],[-116.961,34.2212],[-116.9609,34.221],[-116.9607,34.2207],[-116.9606,34.2206],[-116.9605,34.2205],[-116.9604,34.2204],[-116.9604,34.2203],[-116.9604,34.2202],[-116.9604,34.22],[-116.9604,34.2199],[-116.9604,34.2198],[-116.9604,34.2197],[-116.9603,34.2196],[-116.9602,34.2195],[-116.9601,34.2194],[-116.9601,34.2193],[-116.9599,34.2192],[-116.9598,34.2191],[-116.9597,34.219],[-116.9597,34.2189],[-116.9597,34.2188],[-116.9597,34.2187],[-116.9596,34.2186],[-116.9596,34.2185],[-116.9595,34.2185],[-116.9594,34.2184],[-116.9593,34.2183],[-116.9591,34.2182],[-116.9589,34.2181],[-116.9588,34.2181],[-116.9587,34.218],[-116.9587,34.2179],[-116.9587,34.2178],[-116.9587,34.2177],[-116.9587,34.2175],[-116.9587,34.2174],[-116.9587,34.2173],[-116.9587,34.2172],[-116.9587,34.2171],[-116.9588,34.217],[-116.9589,34.2169],[-116.959,34.2168],[-116.9591,34.2167],[-116.9591,34.2166],[-116.9591,34.2165],[-116.9591,34.2163],[-116.9591,34.2162],[-116.959,34.2161],[-116.9591,34.2161],[-116.9591,34.216],[-116.9592,34.216],[-116.9593,34.2159],[-116.9595,34.2158],[-116.9596,34.2158],[-116.9597,34.2157],[-116.9598,34.2156],[-116.9599,34.2156],[-116.96,34.2156],[-116.96,34.2157],[-116.9601,34.2158],[-116.9601,34.2159],[-116.9602,34.216],[-116.9602,34.2161],[-116.9602,34.2162],[-116.9603,34.2162],[-116.9604,34.2162],[-116.9605,34.2162],[-116.9605,34.2161],[-116.9605,34.216],[-116.9604,34.2159],[-116.9604,34.2158],[-116.9603,34.2158],[-116.9603,34.2157],[-116.9602,34.2157],[-116.9602,34.2156],[-116.9603,34.2155],[-116.9603,34.2154],[-116.9604,34.2154],[-116.9605,34.2153],[-116.9606,34.2153],[-116.9607,34.2152],[-116.9608,34.2151],[-116.9607,34.2151],[-116.9607,34.215],[-116.9606,34.215],[-116.9604,34.215],[-116.9602,34.215],[-116.96,34.2151],[-116.9599,34.215],[-116.9598,34.215],[-116.9598,34.2149],[-116.9597,34.2148],[-116.9596,34.2148],[-116.9595,34.2148],[-116.9594,34.2149],[-116.9593,34.2149],[-116.9591,34.2149],[-116.959,34.2149],[-116.9589,34.2149],[-116.9588,34.2148],[-116.9587,34.2147],[-116.9586,34.2146],[-116.9586,34.2145],[-116.9585,34.2145],[-116.9585,34.2144],[-116.9584,34.2144],[-116.9583,34.2144],[-116.9582,34.2144],[-116.9581,34.2144],[-116.9581,34.2143],[-116.9581,34.2142],[-116.9581,34.2141],[-116.9581,34.214],[-116.958,34.214],[-116.958,34.2139],[-116.9579,34.2139],[-116.9578,34.2138],[-116.9578,34.2137],[-116.9578,34.2136],[-116.9579,34.2135],[-116.958,34.2135],[-116.9581,34.2134],[-116.9581,34.2133],[-116.9582,34.2133],[-116.9582,34.2132],[-116.9583,34.2132],[-116.9583,34.2131],[-116.9584,34.2131],[-116.9584,34.213],[-116.9585,34.213],[-116.9585,34.2129],[-116.9586,34.2129],[-116.9587,34.2129],[-116.9588,34.2129],[-116.9589,34.2128],[-116.959,34.2128],[-116.9591,34.2128],[-116.9591,34.2127],[-116.9591,34.2126],[-116.959,34.2125],[-116.9589,34.2125],[-116.9588,34.2125],[-116.9587,34.2125],[-116.9586,34.2125],[-116.9585,34.2125],[-116.9583,34.2126],[-116.9582,34.2126],[-116.9581,34.2126],[-116.9579,34.2127],[-116.9578,34.2127],[-116.9577,34.2127],[-116.9577,34.2126],[-116.9576,34.2126],[-116.9575,34.2125],[-116.9575,34.2124],[-116.9574,34.2123],[-116.9573,34.2123],[-116.9572,34.2123],[-116.9571,34.2123],[-116.957,34.2123],[-116.9569,34.2123],[-116.9568,34.2123],[-116.9567,34.2123],[-116.9567,34.2122],[-116.9567,34.2121],[-116.9568,34.212],[-116.9567,34.2119],[-116.9567,34.2118],[-116.9567,34.2117],[-116.9567,34.2116],[-116.9567,34.2115],[-116.9568,34.2114],[-116.9569,34.2113],[-116.9569,34.2112],[-116.9569,34.2111],[-116.9568,34.211],[-116.9567,34.2109],[-116.9566,34.2109],[-116.9566,34.2108],[-116.9564,34.2107],[-116.9563,34.2107],[-116.9562,34.2106],[-116.9561,34.2106],[-116.9561,34.2105],[-116.956,34.2105],[-116.9558,34.2104],[-116.9557,34.2103],[-116.9557,34.2101],[-116.9557,34.21],[-116.9557,34.2099],[-116.9557,34.2098],[-116.9557,34.2097],[-116.9557,34.2096],[-116.9558,34.2096],[-116.9558,34.2095],[-116.9558,34.2094],[-116.9558,34.2092],[-116.9558,34.2091],[-116.9557,34.2091],[-116.9556,34.2091],[-116.9555,34.209],[-116.9554,34.209],[-116.9553,34.209],[-116.9553,34.2091],[-116.9552,34.2091],[-116.9551,34.2091],[-116.955,34.2092],[-116.9549,34.2092],[-116.9548,34.2092],[-116.9547,34.2093],[-116.9546,34.2093],[-116.9545,34.2093],[-116.9544,34.2092],[-116.9543,34.2091],[-116.9542,34.2091],[-116.9541,34.2091],[-116.954,34.2091],[-116.9539,34.209],[-116.9538,34.209],[-116.9537,34.209],[-116.9536,34.209],[-116.9535,34.2091],[-116.9534,34.2091],[-116.9533,34.2092],[-116.9533,34.2093],[-116.9532,34.2093],[-116.9531,34.2093],[-116.953,34.2093],[-116.9529,34.2093],[-116.9529,34.2092],[-116.9528,34.2091],[-116.9528,34.209],[-116.9527,34.209],[-116.9526,34.2089],[-116.9525,34.2089],[-116.9524,34.2088],[-116.9523,34.2088],[-116.9521,34.2088],[-116.952,34.2089],[-116.9519,34.2089],[-116.9518,34.209],[-116.9516,34.2091],[-116.9515,34.2092],[-116.9514,34.2093],[-116.9513,34.2094],[-116.9513,34.2095],[-116.9512,34.2096],[-116.9512,34.2097],[-116.9512,34.2098],[-116.9512,34.2099],[-116.9513,34.21],[-116.9513,34.2101],[-116.9512,34.2102],[-116.9512,34.2103],[-116.9511,34.2103],[-116.951,34.2103],[-116.9509,34.2102],[-116.9508,34.2101],[-116.9507,34.21],[-116.9507,34.2099],[-116.9506,34.2099],[-116.9506,34.2098],[-116.9505,34.2098],[-116.9504,34.2098],[-116.9503,34.2097],[-116.9502,34.2096],[-116.9501,34.2095],[-116.95,34.2094],[-116.9499,34.2094],[-116.9498,34.2094],[-116.9497,34.2095],[-116.9496,34.2095],[-116.9495,34.2095],[-116.9493,34.2095],[-116.9492,34.2095],[-116.9491,34.2096],[-116.949,34.2095],[-116.9489,34.2095],[-116.9488,34.2095],[-116.9487,34.2095],[-116.9485,34.2095],[-116.9484,34.2095],[-116.9483,34.2095],[-116.9482,34.2094],[-116.9481,34.2094],[-116.948,34.2094],[-116.9478,34.2093],[-116.9476,34.2092],[-116.9476,34.2091],[-116.9474,34.2091],[-116.9472,34.2091],[-116.9471,34.2092],[-116.947,34.2092],[-116.9469,34.2093],[-116.9468,34.2094],[-116.9467,34.2095],[-116.9465,34.2095],[-116.9464,34.2095],[-116.9463,34.2096],[-116.9461,34.2096],[-116.946,34.2096],[-116.9459,34.2097],[-116.9458,34.2097],[-116.9457,34.2098],[-116.9456,34.2099],[-116.9455,34.21],[-116.9454,34.2101],[-116.9453,34.2102],[-116.9452,34.2102],[-116.9451,34.2103],[-116.945,34.2102],[-116.9449,34.2102],[-116.9448,34.2102],[-116.9447,34.2101],[-116.9446,34.21],[-116.9446,34.2099],[-116.9447,34.2099],[-116.9447,34.2098],[-116.9447,34.2097],[-116.9447,34.2096],[-116.9447,34.2095],[-116.9446,34.2095],[-116.9444,34.2095],[-116.9443,34.2095],[-116.9442,34.2095],[-116.944,34.2096],[-116.9439,34.2096],[-116.9438,34.2096],[-116.9436,34.2095],[-116.9434,34.2095],[-116.9433,34.2095],[-116.9432,34.2095],[-116.9431,34.2095],[-116.943,34.2095],[-116.9429,34.2096],[-116.9428,34.2096],[-116.9427,34.2096],[-116.9426,34.2095],[-116.9425,34.2095],[-116.9424,34.2094],[-116.9423,34.2094],[-116.9422,34.2095],[-116.9421,34.2096],[-116.9421,34.2097],[-116.942,34.2097],[-116.942,34.2098],[-116.9419,34.2098],[-116.9417,34.2097],[-116.9415,34.2096],[-116.9413,34.2095],[-116.9412,34.2095],[-116.9411,34.2095],[-116.941,34.2096],[-116.9409,34.2096],[-116.9409,34.2097],[-116.9408,34.2099],[-116.9407,34.21],[-116.9407,34.2101],[-116.9406,34.2102],[-116.9405,34.2105],[-116.9405,34.2106],[-116.9403,34.2109],[-116.9403,34.211],[-116.9402,34.2111],[-116.9401,34.2111],[-116.94,34.2112],[-116.9399,34.2113],[-116.9398,34.2113],[-116.9397,34.2113],[-116.9396,34.2112],[-116.9395,34.2111],[-116.9394,34.2111],[-116.9393,34.2111],[-116.9392,34.2111],[-116.9391,34.2112],[-116.939,34.2111],[-116.9389,34.2111],[-116.9388,34.2111],[-116.9387,34.211],[-116.9386,34.211],[-116.9385,34.211],[-116.9384,34.211],[-116.9383,34.211],[-116.9382,34.211],[-116.9381,34.211],[-116.938,34.211],[-116.9379,34.211],[-116.9378,34.2111],[-116.9377,34.2112],[-116.9376,34.2113],[-116.9376,34.2114],[-116.9375,34.2115],[-116.9374,34.2115],[-116.9373,34.2116],[-116.9371,34.2116],[-116.937,34.2117],[-116.9369,34.2118],[-116.9368,34.2119],[-116.9367,34.212],[-116.9365,34.212],[-116.9364,34.2121],[-116.9363,34.2121],[-116.9362,34.2122],[-116.9362,34.2123],[-116.9363,34.2124],[-116.9363,34.2125],[-116.9364,34.2126],[-116.9363,34.2127],[-116.9363,34.2129],[-116.9362,34.213],[-116.9362,34.2131],[-116.9361,34.2132],[-116.9361,34.2133],[-116.936,34.2134],[-116.9358,34.2135],[-116.9357,34.2136],[-116.9356,34.2137],[-116.9356,34.2138],[-116.9355,34.2138],[-116.9354,34.2138],[-116.9353,34.2138],[-116.9352,34.2138],[-116.9351,34.2138],[-116.9351,34.2137],[-116.935,34.2137],[-116.9349,34.2137],[-116.9347,34.2136],[-116.9346,34.2136],[-116.9345,34.2135],[-116.9344,34.2135],[-116.9342,34.2134],[-116.9341,34.2133],[-116.934,34.2132],[-116.934,34.2131],[-116.9339,34.2131],[-116.9339,34.213],[-116.9339,34.2129],[-116.9338,34.2128],[-116.9337,34.2127],[-116.9336,34.2126],[-116.9334,34.2125],[-116.9333,34.2124],[-116.9332,34.2124],[-116.9331,34.2123],[-116.933,34.2123],[-116.9329,34.2122],[-116.9328,34.2121],[-116.9327,34.212],[-116.9327,34.2119],[-116.9327,34.2118],[-116.9326,34.2117],[-116.9325,34.2116],[-116.9323,34.2115],[-116.9322,34.2114],[-116.9321,34.2114],[-116.9321,34.2113],[-116.932,34.2113],[-116.9319,34.2114],[-116.9317,34.2114],[-116.9316,34.2115],[-116.9314,34.2116],[-116.9313,34.2116],[-116.9312,34.2116],[-116.9311,34.2117],[-116.931,34.2117],[-116.9308,34.2117],[-116.9307,34.2118],[-116.9306,34.2119],[-116.9305,34.212],[-116.9304,34.2123],[-116.9303,34.2124],[-116.9303,34.2126],[-116.9302,34.2127],[-116.9301,34.2127],[-116.93,34.2128],[-116.9299,34.2128],[-116.9299,34.2129],[-116.9299,34.213],[-116.9298,34.2131],[-116.9297,34.2132],[-116.9296,34.2133],[-116.9295,34.2133],[-116.9294,34.2134],[-116.9293,34.2135],[-116.9292,34.2136],[-116.9292,34.2137],[-116.9291,34.2138],[-116.9291,34.2139],[-116.929,34.2139],[-116.9289,34.2139],[-116.9288,34.2138],[-116.9287,34.2137],[-116.9286,34.2136],[-116.9285,34.2136],[-116.9284,34.2136],[-116.9283,34.2135],[-116.9282,34.2135],[-116.9281,34.2135],[-116.928,34.2134],[-116.9279,34.2134],[-116.9278,34.2133],[-116.9277,34.2132],[-116.9276,34.2132],[-116.9275,34.2132],[-116.9274,34.2131],[-116.9273,34.2131],[-116.9272,34.2132],[-116.9271,34.2132],[-116.927,34.2134],[-116.9269,34.2135],[-116.9268,34.2135],[-116.9267,34.2135],[-116.9266,34.2135],[-116.9265,34.2135],[-116.9264,34.2135],[-116.9263,34.2136],[-116.9262,34.2136],[-116.9261,34.2137],[-116.926,34.2137],[-116.9259,34.2138],[-116.9257,34.2138],[-116.9256,34.2139],[-116.9255,34.214],[-116.9254,34.2141],[-116.9253,34.2142],[-116.9253,34.2143],[-116.9252,34.2144],[-116.9252,34.2145],[-116.9251,34.2146],[-116.9251,34.2147],[-116.9251,34.2148],[-116.9251,34.2149],[-116.925,34.2149],[-116.9249,34.215],[-116.9248,34.2151],[-116.9247,34.2151],[-116.9245,34.2152],[-116.9244,34.2152],[-116.9243,34.2152],[-116.9242,34.2152],[-116.924,34.2151],[-116.9239,34.2151],[-116.9237,34.2151],[-116.9236,34.2151],[-116.9235,34.2151],[-116.9233,34.2151],[-116.9232,34.2151],[-116.9231,34.2151],[-116.9228,34.2152],[-116.9226,34.2152],[-116.9225,34.2152],[-116.9224,34.2152],[-116.9224,34.2153],[-116.9223,34.2153],[-116.9223,34.2154],[-116.9223,34.2155],[-116.9223,34.2156],[-116.9222,34.2157],[-116.9221,34.2157],[-116.922,34.2158],[-116.9218,34.2158],[-116.9218,34.2159],[-116.9217,34.2159],[-116.9216,34.216],[-116.9216,34.2161],[-116.9216,34.2163],[-116.9215,34.2164],[-116.9215,34.2166],[-116.9214,34.2167],[-116.9214,34.2168],[-116.9214,34.2169],[-116.9213,34.2169],[-116.9213,34.217],[-116.9212,34.217],[-116.921,34.2171],[-116.9209,34.2172],[-116.9208,34.2172],[-116.9207,34.2172],[-116.9206,34.2173],[-116.9205,34.2173],[-116.9204,34.2174],[-116.9204,34.2175],[-116.9205,34.2176],[-116.9205,34.2177],[-116.9206,34.2178],[-116.9205,34.2178],[-116.9204,34.2179],[-116.9203,34.218],[-116.9202,34.218],[-116.9202,34.2181],[-116.9201,34.2181],[-116.9201,34.2182],[-116.92,34.2183],[-116.9199,34.2183],[-116.9198,34.2183],[-116.9197,34.2183],[-116.9196,34.2184],[-116.9195,34.2184],[-116.9193,34.2185],[-116.919,34.2185],[-116.9189,34.2186],[-116.9188,34.2187],[-116.9187,34.2187],[-116.9186,34.2187],[-116.9185,34.2187],[-116.9184,34.2186],[-116.9183,34.2186],[-116.9182,34.2186],[-116.9181,34.2187],[-116.918,34.2187],[-116.9179,34.2187],[-116.9178,34.2187],[-116.9177,34.2187],[-116.9176,34.2187],[-116.9175,34.2187],[-116.9174,34.2187],[-116.9173,34.2186],[-116.9172,34.2186],[-116.9171,34.2186],[-116.917,34.2186],[-116.9169,34.2186],[-116.9168,34.2186],[-116.9167,34.2185],[-116.9166,34.2185],[-116.9166,34.2184],[-116.9165,34.2184],[-116.9164,34.2184],[-116.9163,34.2184],[-116.9162,34.2184],[-116.9162,34.2185],[-116.9162,34.2186],[-116.9162,34.2187],[-116.9163,34.2187],[-116.9163,34.2188],[-116.9164,34.2188],[-116.9164,34.2189],[-116.9163,34.219],[-116.9162,34.2191],[-116.916,34.2191],[-116.9158,34.2192],[-116.9156,34.2192],[-116.9155,34.2192],[-116.9153,34.2193],[-116.9152,34.2193],[-116.915,34.2194],[-116.9149,34.2194],[-116.9148,34.2194],[-116.9147,34.2194],[-116.9146,34.2193],[-116.9144,34.2193],[-116.9143,34.2193],[-116.9142,34.2193],[-116.9141,34.2193],[-116.9141,34.2194],[-116.9141,34.2195],[-116.9141,34.2196],[-116.9141,34.2197],[-116.9141,34.2198],[-116.914,34.2199],[-116.9139,34.2199],[-116.9138,34.2199],[-116.9137,34.2199],[-116.9137,34.2198],[-116.9136,34.2197],[-116.9136,34.2196],[-116.9135,34.2194],[-116.9135,34.2193],[-116.9134,34.2192],[-116.9133,34.2191],[-116.9132,34.219],[-116.9131,34.2191],[-116.913,34.2191],[-116.9129,34.2191],[-116.9129,34.2192],[-116.9128,34.2193],[-116.9127,34.2193],[-116.9125,34.2194],[-116.9124,34.2195],[-116.9122,34.2196],[-116.912,34.2197],[-116.9119,34.2198],[-116.9117,34.2198],[-116.9115,34.22],[-116.9112,34.2201],[-116.9111,34.2202],[-116.911,34.2202],[-116.9109,34.2202],[-116.9108,34.2201],[-116.9107,34.22],[-116.9106,34.2199],[-116.9106,34.2198],[-116.9106,34.2197],[-116.9106,34.2196],[-116.9105,34.2196],[-116.9105,34.2195],[-116.9104,34.2195],[-116.9103,34.2194],[-116.9103,34.2193],[-116.9103,34.2192],[-116.9104,34.2192],[-116.9105,34.2191],[-116.9106,34.2191],[-116.9107,34.219],[-116.9106,34.219],[-116.9106,34.2189],[-116.9105,34.2188],[-116.9104,34.2188],[-116.9103,34.2188],[-116.9102,34.2188],[-116.9101,34.2188],[-116.91,34.2188],[-116.9099,34.2189],[-116.9098,34.219],[-116.9097,34.219],[-116.9096,34.219],[-116.9095,34.2191],[-116.9094,34.2191],[-116.9093,34.2191],[-116.9092,34.2192],[-116.909,34.2193],[-116.9089,34.2193],[-116.9088,34.2194],[-116.9086,34.2194],[-116.9085,34.2194],[-116.9084,34.2194],[-116.9083,34.2194],[-116.9083,34.2193],[-116.9082,34.2193],[-116.9081,34.2192],[-116.908,34.2192],[-116.9079,34.2193],[-116.9078,34.2193],[-116.9077,34.2194],[-116.9076,34.2194],[-116.9075,34.2195],[-116.9074,34.2195],[-116.9073,34.2195],[-116.9072,34.2195],[-116.9071,34.2196],[-116.907,34.2196],[-116.9069,34.2197],[-116.9069,34.2198],[-116.9069,34.2199],[-116.9069,34.2201],[-116.9068,34.2202],[-116.9067,34.2203],[-116.9066,34.2204],[-116.9065,34.2204],[-116.9063,34.2205],[-116.9061,34.2205],[-116.906,34.2205],[-116.9059,34.2205],[-116.9058,34.2205],[-116.9058,34.2204],[-116.9058,34.2203],[-116.9057,34.2202],[-116.9057,34.2201],[-116.9056,34.2199],[-116.9056,34.2198],[-116.9056,34.2197],[-116.9055,34.2196],[-116.9054,34.2195],[-116.9053,34.2195],[-116.9052,34.2194],[-116.9051,34.2193],[-116.9051,34.2192],[-116.905,34.2192],[-116.9049,34.2191],[-116.9049,34.219],[-116.9048,34.219],[-116.9047,34.219],[-116.9046,34.2189],[-116.9045,34.219],[-116.9044,34.219],[-116.9043,34.2191],[-116.9042,34.2192],[-116.904,34.2193],[-116.9039,34.2194],[-116.9038,34.2195],[-116.9036,34.2195],[-116.9034,34.2195],[-116.9033,34.2196],[-116.9032,34.2196],[-116.903,34.2196],[-116.9029,34.2196],[-116.9029,34.2195],[-116.9028,34.2196],[-116.9027,34.2196],[-116.9025,34.2196],[-116.9024,34.2196],[-116.9023,34.2196],[-116.9021,34.2196],[-116.9019,34.2197],[-116.9017,34.2197],[-116.9016,34.2197],[-116.9014,34.2197],[-116.9014,34.2198],[-116.9014,34.22],[-116.9014,34.2201],[-116.9014,34.2202],[-116.9014,34.2203],[-116.9015,34.2205],[-116.9015,34.2206],[-116.9014,34.2207],[-116.9013,34.2208],[-116.9012,34.2209],[-116.901,34.2211],[-116.9009,34.2212],[-116.9008,34.2213],[-116.9007,34.2214],[-116.9007,34.2216],[-116.9006,34.2216],[-116.9006,34.2217],[-116.9005,34.2218],[-116.9004,34.2218],[-116.9003,34.2218],[-116.9002,34.2219],[-116.9002,34.2218],[-116.9001,34.2218],[-116.9,34.2218],[-116.8998,34.2217],[-116.8997,34.2216],[-116.8996,34.2216],[-116.8995,34.2216],[-116.8993,34.2215],[-116.8992,34.2215],[-116.899,34.2215],[-116.8988,34.2215],[-116.8987,34.2214],[-116.8986,34.2214],[-116.8984,34.2214],[-116.8983,34.2213],[-116.8982,34.2212],[-116.8981,34.2212],[-116.898,34.2211],[-116.8979,34.221],[-116.8978,34.2209],[-116.8977,34.2208],[-116.8976,34.2208],[-116.8975,34.2208],[-116.8974,34.2208],[-116.8973,34.2208],[-116.8972,34.2209],[-116.8971,34.2209],[-116.897,34.2209],[-116.8969,34.2209],[-116.8968,34.2209],[-116.8967,34.2208],[-116.8966,34.2208],[-116.8965,34.2208],[-116.8964,34.2207],[-116.8963,34.2207],[-116.8962,34.2207],[-116.8961,34.2207],[-116.896,34.2206],[-116.8959,34.2206],[-116.8959,34.2205],[-116.8958,34.2204],[-116.8958,34.2203],[-116.8957,34.2202],[-116.8956,34.2201],[-116.8955,34.22],[-116.8954,34.2199],[-116.8953,34.2198],[-116.8953,34.2197],[-116.8953,34.2196],[-116.8952,34.2194],[-116.8952,34.2193],[-116.8952,34.2192],[-116.8952,34.2191],[-116.8951,34.219],[-116.895,34.219],[-116.895,34.2189],[-116.8949,34.2189],[-116.8948,34.2189],[-116.8948,34.2188],[-116.8947,34.2188],[-116.8946,34.2187],[-116.8945,34.2186],[-116.8945,34.2185],[-116.8944,34.2185],[-116.8943,34.2184],[-116.8942,34.2184],[-116.8941,34.2184],[-116.894,34.2184],[-116.8939,34.2183],[-116.8936,34.2183],[-116.8934,34.2183],[-116.8933,34.2182],[-116.8932,34.2182],[-116.8931,34.2182],[-116.8929,34.2183],[-116.8927,34.2183],[-116.8924,34.2184],[-116.8923,34.2184],[-116.8922,34.2185],[-116.892,34.2185],[-116.8919,34.2186],[-116.8918,34.2187],[-116.8917,34.2187],[-116.8916,34.2187],[-116.8914,34.2188],[-116.8912,34.2188],[-116.8911,34.2189],[-116.891,34.2189],[-116.8909,34.2189],[-116.8906,34.2189],[-116.8904,34.219],[-116.8903,34.219],[-116.8901,34.2189],[-116.8899,34.2189],[-116.8898,34.2189],[-116.8897,34.2189],[-116.8896,34.2189],[-116.8895,34.2189],[-116.8895,34.219],[-116.8894,34.219],[-116.8894,34.2191],[-116.8893,34.2192],[-116.8893,34.2194],[-116.8892,34.2195],[-116.8891,34.2196],[-116.8889,34.2196],[-116.8888,34.2196],[-116.8887,34.2196],[-116.8886,34.2196],[-116.8885,34.2195],[-116.8884,34.2195],[-116.8883,34.2194],[-116.8882,34.2194],[-116.8881,34.2193],[-116.888,34.2193],[-116.8879,34.2193],[-116.8878,34.2193],[-116.8876,34.2193],[-116.8875,34.2193],[-116.8874,34.2193],[-116.8873,34.2192],[-116.8872,34.2192],[-116.8871,34.2191],[-116.887,34.2191],[-116.8869,34.219],[-116.8867,34.219],[-116.8866,34.219],[-116.8865,34.219],[-116.8864,34.219],[-116.8862,34.219],[-116.886,34.219],[-116.8859,34.2191],[-116.8856,34.2191],[-116.8854,34.2192],[-116.8852,34.2192],[-116.8851,34.2192],[-116.885,34.2192],[-116.8848,34.2192],[-116.8847,34.2192],[-116.8846,34.2192],[-116.8845,34.2192],[-116.8844,34.2192],[-116.8843,34.2191],[-116.8842,34.2191],[-116.8841,34.219],[-116.884,34.2191],[-116.8838,34.2191],[-116.8835,34.2192],[-116.8834,34.2192],[-116.8833,34.2193],[-116.8831,34.2194],[-116.883,34.2194],[-116.8829,34.2195],[-116.8828,34.2195],[-116.8827,34.2195],[-116.8826,34.2194],[-116.8825,34.2194],[-116.8825,34.2193],[-116.8825,34.2192],[-116.8824,34.2191],[-116.8824,34.219],[-116.8823,34.2189],[-116.8822,34.2189],[-116.8822,34.2188],[-116.8821,34.2188],[-116.8821,34.2187],[-116.882,34.2186],[-116.882,34.2185],[-116.8819,34.2184],[-116.8818,34.2183],[-116.8817,34.2182],[-116.8816,34.2181],[-116.8815,34.2181],[-116.8814,34.218],[-116.8813,34.218],[-116.8812,34.2179],[-116.8811,34.2178],[-116.8809,34.2177],[-116.8808,34.2176],[-116.8807,34.2176],[-116.8806,34.2175],[-116.8805,34.2175],[-116.8803,34.2175],[-116.8802,34.2174],[-116.8801,34.2174],[-116.88,34.2174],[-116.8799,34.2174],[-116.8797,34.2175],[-116.8793,34.2176],[-116.8789,34.2176],[-116.8788,34.2176],[-116.8787,34.2177],[-116.8786,34.2177],[-116.8784,34.2177],[-116.8783,34.2177],[-116.8782,34.2178],[-116.8781,34.2178],[-116.878,34.2179],[-116.8779,34.218],[-116.8777,34.218],[-116.8776,34.218],[-116.8775,34.218],[-116.8773,34.218],[-116.8772,34.218],[-116.877,34.2181],[-116.8769,34.2181],[-116.8768,34.2182],[-116.8767,34.2183],[-116.8765,34.2185],[-116.8764,34.2186],[-116.8764,34.2187],[-116.8763,34.2188],[-116.8762,34.219],[-116.8761,34.2191],[-116.876,34.2192],[-116.876,34.2193],[-116.8759,34.2194],[-116.8757,34.2196],[-116.8756,34.2198],[-116.8755,34.2199],[-116.8754,34.22],[-116.8753,34.2201],[-116.8752,34.2202],[-116.8751,34.2204],[-116.875,34.2206],[-116.8749,34.2209],[-116.8747,34.2212],[-116.8747,34.2214],[-116.8746,34.2215],[-116.8746,34.2216],[-116.8745,34.2217],[-116.8744,34.2218],[-116.8744,34.2219],[-116.8744,34.222],[-116.8745,34.2221],[-116.8745,34.2223],[-116.8744,34.2224],[-116.8744,34.2225],[-116.8744,34.2226],[-116.8743,34.2226],[-116.8743,34.2227],[-116.8744,34.2227],[-116.8744,34.2228],[-116.8745,34.223],[-116.8746,34.2233],[-116.8746,34.2235],[-116.8747,34.2236],[-116.8748,34.2237],[-116.8749,34.2238],[-116.875,34.224],[-116.8751,34.2241],[-116.8751,34.2242],[-116.8752,34.2243],[-116.8752,34.2244],[-116.8752,34.2245],[-116.8751,34.2246],[-116.875,34.2247],[-116.8749,34.2249],[-116.8748,34.225],[-116.8747,34.2251],[-116.8746,34.2252],[-116.8746,34.2253],[-116.8745,34.2254],[-116.8745,34.2255],[-116.8744,34.2256],[-116.8744,34.2257],[-116.8743,34.2257],[-116.8742,34.2258],[-116.874,34.2258],[-116.8738,34.2257],[-116.8737,34.2258],[-116.8736,34.2258],[-116.8735,34.2259],[-116.8734,34.226],[-116.8733,34.226],[-116.8731,34.226],[-116.873,34.2261],[-116.8729,34.2261],[-116.8728,34.2261],[-116.8728,34.2262],[-116.8728,34.2263],[-116.8727,34.2264],[-116.8727,34.2265],[-116.8727,34.2266],[-116.8726,34.2267],[-116.8725,34.2268],[-116.8724,34.2268],[-116.8722,34.2269],[-116.872,34.2269],[-116.8718,34.227],[-116.8716,34.227],[-116.8715,34.227],[-116.8714,34.227],[-116.8713,34.2269],[-116.8712,34.2268],[-116.8711,34.2267],[-116.871,34.2266],[-116.8709,34.2265],[-116.8708,34.2265],[-116.8707,34.2265],[-116.8706,34.2266],[-116.8705,34.2266],[-116.8703,34.2267],[-116.8702,34.2267],[-116.8701,34.2267],[-116.8701,34.2266],[-116.87,34.2265],[-116.8699,34.2264],[-116.8698,34.2263],[-116.8697,34.2263],[-116.8696,34.2262],[-116.8695,34.2262],[-116.8694,34.2262],[-116.8693,34.2263],[-116.8692,34.2264],[-116.8691,34.2264],[-116.8689,34.2265],[-116.8688,34.2265],[-116.8686,34.2266],[-116.8686,34.2267],[-116.8685,34.2267],[-116.8684,34.2268],[-116.8683,34.2268],[-116.8682,34.2268],[-116.8681,34.2268],[-116.868,34.2268],[-116.8679,34.2268],[-116.8678,34.2269],[-116.8677,34.2269],[-116.8676,34.227],[-116.8675,34.227],[-116.8675,34.2271],[-116.8674,34.2271],[-116.8673,34.2272],[-116.8672,34.2273]]}},{"type":"Feature","properties":{"id":"1N05C","name":"AIRPLANE FLAT                 ","kind":"road","access":"plate","seasonal":false},"geometry":{"type":"LineString","coordinates":[[-116.7653,34.1245],[-116.7654,34.1245],[-116.7655,34.1244],[-116.7656,34.1244],[-116.7656,34.1243],[-116.7657,34.1243],[-116.7657,34.1242],[-116.7658,34.1241],[-116.7658,34.124],[-116.7657,34.1239],[-116.7657,34.1238],[-116.7657,34.1237],[-116.7656,34.1236],[-116.7656,34.1235],[-116.7655,34.1234],[-116.7654,34.1234],[-116.7653,34.1233],[-116.7652,34.1233],[-116.7649,34.1233],[-116.7647,34.1232],[-116.7643,34.1231],[-116.7642,34.1231],[-116.764,34.1231],[-116.7636,34.1231],[-116.7633,34.123],[-116.763,34.123],[-116.7627,34.123],[-116.7625,34.1229],[-116.7624,34.1229],[-116.7623,34.1229],[-116.7621,34.1229],[-116.762,34.1229],[-116.7619,34.1229],[-116.7618,34.1229],[-116.7617,34.1229],[-116.7616,34.1229],[-116.7615,34.1229],[-116.7614,34.1229],[-116.7612,34.1229],[-116.7609,34.1229],[-116.7606,34.1229],[-116.7605,34.1229],[-116.7604,34.1229],[-116.7603,34.1229],[-116.7601,34.1229],[-116.76,34.123],[-116.7598,34.1231],[-116.7596,34.1231],[-116.7595,34.1232],[-116.7594,34.1232],[-116.7593,34.1232],[-116.7592,34.1232],[-116.7591,34.1232],[-116.759,34.1231],[-116.759,34.123],[-116.759,34.1229],[-116.759,34.1228],[-116.7589,34.1227],[-116.7588,34.1227],[-116.7587,34.1228],[-116.7585,34.1228],[-116.7584,34.1229],[-116.7582,34.1229],[-116.758,34.123],[-116.7579,34.123],[-116.7578,34.123],[-116.7577,34.1229],[-116.7576,34.1229],[-116.7574,34.1228],[-116.7574,34.1227],[-116.7573,34.1226],[-116.7572,34.1225],[-116.7571,34.1224],[-116.757,34.1223],[-116.7569,34.1221],[-116.7568,34.122],[-116.7567,34.1219],[-116.7567,34.1217],[-116.7566,34.1216],[-116.7566,34.1215],[-116.7566,34.1214],[-116.7566,34.1213],[-116.7566,34.1212],[-116.7566,34.121],[-116.7567,34.1209],[-116.7567,34.1208],[-116.7567,34.1207],[-116.7566,34.1206],[-116.7566,34.1205],[-116.7565,34.1204],[-116.7564,34.1204],[-116.7564,34.1203],[-116.7563,34.1203],[-116.7562,34.1203],[-116.756,34.1203],[-116.7558,34.1203],[-116.7556,34.1203],[-116.7555,34.1204],[-116.7553,34.1204],[-116.7551,34.1204],[-116.755,34.1205],[-116.7549,34.1205],[-116.7547,34.1206],[-116.7546,34.1207],[-116.7544,34.1207],[-116.7544,34.1208],[-116.7543,34.1208],[-116.7543,34.1209],[-116.7544,34.1209],[-116.7544,34.121],[-116.7545,34.1211],[-116.7546,34.1211],[-116.7546,34.1212],[-116.7547,34.1212],[-116.7547,34.1213],[-116.7547,34.1215],[-116.7546,34.1216],[-116.7546,34.1217],[-116.7545,34.1217],[-116.7544,34.1217],[-116.7543,34.1217],[-116.7542,34.1216],[-116.7541,34.1215],[-116.754,34.1214],[-116.7538,34.1213],[-116.7537,34.1212],[-116.7536,34.1211],[-116.7535,34.121],[-116.7534,34.1209],[-116.7534,34.1208],[-116.7534,34.1207],[-116.7535,34.1205],[-116.7536,34.1203],[-116.7536,34.1202],[-116.7536,34.1201],[-116.7535,34.1201],[-116.7534,34.12],[-116.7533,34.12],[-116.7532,34.12],[-116.7531,34.1199],[-116.753,34.1199],[-116.7529,34.1198],[-116.7528,34.1198],[-116.7527,34.1197],[-116.7526,34.1197],[-116.7526,34.1196],[-116.7526,34.1195],[-116.7527,34.1195],[-116.7528,34.1195],[-116.7529,34.1195],[-116.753,34.1195],[-116.7531,34.1194],[-116.7532,34.1194],[-116.7533,34.1194],[-116.7533,34.1193],[-116.7533,34.1192],[-116.7534,34.1192],[-116.7533,34.1191],[-116.7533,34.119],[-116.7532,34.119],[-116.7531,34.119],[-116.7531,34.1189],[-116.753,34.1189],[-116.7529,34.1188],[-116.7528,34.1188],[-116.7527,34.1188],[-116.7526,34.1188],[-116.7525,34.1187],[-116.7524,34.1187],[-116.7523,34.1186],[-116.7522,34.1186],[-116.7521,34.1186],[-116.752,34.1185],[-116.7519,34.1185],[-116.7518,34.1184],[-116.7517,34.1184],[-116.7516,34.1184],[-116.7516,34.1183],[-116.7515,34.1183],[-116.7514,34.1182],[-116.7513,34.1182],[-116.7512,34.1182],[-116.7512,34.1181],[-116.7511,34.1181],[-116.7511,34.118],[-116.751,34.118],[-116.751,34.1179],[-116.7509,34.1179],[-116.7508,34.1179],[-116.7507,34.118],[-116.7507,34.1181],[-116.7506,34.1182],[-116.7506,34.1183],[-116.7505,34.1183],[-116.7503,34.1184],[-116.7502,34.1185],[-116.75,34.1187],[-116.7497,34.1189],[-116.7495,34.119],[-116.7494,34.1192],[-116.7493,34.1192],[-116.7492,34.1193],[-116.7491,34.1193],[-116.749,34.1193],[-116.7489,34.1194],[-116.7488,34.1194],[-116.7487,34.1193],[-116.7486,34.1193],[-116.7484,34.1193],[-116.7482,34.1192],[-116.7481,34.1192],[-116.748,34.1192],[-116.7479,34.1192],[-116.7478,34.1193],[-116.7477,34.1193],[-116.7476,34.1193],[-116.7475,34.1193],[-116.7474,34.1192],[-116.7473,34.1191],[-116.7472,34.119],[-116.7471,34.1188],[-116.7471,34.1187],[-116.7471,34.1185],[-116.7472,34.1185],[-116.7472,34.1184],[-116.7472,34.1183],[-116.7472,34.1182],[-116.7471,34.1182],[-116.747,34.1182],[-116.7469,34.1182],[-116.7467,34.1182],[-116.7466,34.1182],[-116.7464,34.1181],[-116.7463,34.1181],[-116.7462,34.118],[-116.7462,34.1179],[-116.746,34.1179],[-116.7459,34.1178],[-116.7458,34.1177],[-116.7457,34.1177],[-116.7456,34.1177],[-116.7455,34.1177],[-116.7455,34.1178],[-116.7454,34.1178],[-116.7454,34.1179],[-116.7453,34.1179],[-116.7452,34.1179],[-116.745,34.118],[-116.7449,34.1181],[-116.7448,34.1182],[-116.7447,34.1182],[-116.7446,34.1183],[-116.7445,34.1183],[-116.7445,34.1184],[-116.7444,34.1185],[-116.7443,34.1187],[-116.7443,34.1188],[-116.7442,34.1188],[-116.7441,34.1189],[-116.744,34.1189],[-116.7439,34.1189],[-116.7438,34.1188],[-116.7437,34.1187],[-116.7436,34.1187],[-116.7435,34.1188],[-116.7434,34.1188],[-116.7434,34.1189],[-116.7433,34.119],[-116.7433,34.1191],[-116.7432,34.1192],[-116.7431,34.1192],[-116.743,34.1192],[-116.7428,34.1193],[-116.7427,34.1193],[-116.7425,34.1193],[-116.7423,34.1193],[-116.7422,34.1193],[-116.742,34.1192],[-116.7419,34.1192],[-116.7417,34.1191],[-116.7416,34.1191],[-116.7415,34.119],[-116.7415,34.1189],[-116.7414,34.1188],[-116.7413,34.1187],[-116.7412,34.1187],[-116.741,34.1187],[-116.7409,34.1186],[-116.7407,34.1186],[-116.7406,34.1186],[-116.7405,34.1185],[-116.7405,34.1184],[-116.7404,34.1183],[-116.7404,34.1182],[-116.7403,34.1181],[-116.7403,34.118],[-116.7402,34.1179],[-116.7401,34.1178],[-116.74,34.1178],[-116.7399,34.1177],[-116.7398,34.1177],[-116.7397,34.1176],[-116.7396,34.1176],[-116.7394,34.1175],[-116.7393,34.1175],[-116.7392,34.1175],[-116.739,34.1176],[-116.7389,34.1176],[-116.7388,34.1176],[-116.7386,34.1176],[-116.7385,34.1176],[-116.7383,34.1176],[-116.7382,34.1176],[-116.7381,34.1176],[-116.738,34.1176],[-116.7379,34.1176],[-116.7379,34.1175],[-116.7378,34.1175],[-116.7377,34.1174],[-116.7376,34.1174],[-116.7375,34.1173],[-116.7374,34.1173],[-116.7373,34.1173],[-116.7372,34.1173],[-116.7371,34.1173],[-116.737,34.1174],[-116.7369,34.1175],[-116.7367,34.1176],[-116.7367,34.1177],[-116.7366,34.1178],[-116.7365,34.1179],[-116.7364,34.118],[-116.7363,34.118],[-116.7362,34.1181],[-116.7361,34.1182],[-116.736,34.1183],[-116.736,34.1184],[-116.7359,34.1184],[-116.7359,34.1185],[-116.7358,34.1185],[-116.7357,34.1186],[-116.7356,34.1186],[-116.7355,34.1186],[-116.7353,34.1186],[-116.7351,34.1187],[-116.7349,34.1186],[-116.7348,34.1187],[-116.7347,34.1186],[-116.7345,34.1185],[-116.7344,34.1185],[-116.7343,34.1184],[-116.7342,34.1184],[-116.7341,34.1184],[-116.734,34.1184],[-116.7338,34.1184],[-116.7337,34.1184],[-116.7336,34.1184],[-116.7335,34.1184],[-116.7334,34.1184],[-116.7333,34.1183],[-116.7332,34.1183],[-116.7331,34.1182],[-116.733,34.1182],[-116.7329,34.1182],[-116.7328,34.1181],[-116.7327,34.1182],[-116.7326,34.1182],[-116.7325,34.1183],[-116.7323,34.1184],[-116.7322,34.1185],[-116.7321,34.1186],[-116.732,34.1186],[-116.7319,34.1187],[-116.7317,34.1187],[-116.7316,34.1188],[-116.7315,34.1188],[-116.7314,34.1188],[-116.7313,34.1188],[-116.7312,34.1187],[-116.7311,34.1187],[-116.7309,34.1187],[-116.7308,34.1186],[-116.7307,34.1186],[-116.7306,34.1185],[-116.7305,34.1185],[-116.7304,34.1184],[-116.7303,34.1184],[-116.7303,34.1183],[-116.7302,34.1182],[-116.7302,34.1181],[-116.7301,34.1181],[-116.73,34.118],[-116.73,34.1179],[-116.73,34.1178],[-116.7299,34.1177],[-116.7298,34.1177],[-116.7297,34.1177],[-116.7296,34.1177],[-116.7295,34.1177],[-116.7294,34.1178],[-116.7293,34.1179],[-116.7293,34.118],[-116.7293,34.1181],[-116.7293,34.1182],[-116.7293,34.1183],[-116.7293,34.1184],[-116.7294,34.1184],[-116.7294,34.1185],[-116.7294,34.1186],[-116.7294,34.1187],[-116.7293,34.1188],[-116.7292,34.1188],[-116.7291,34.1188],[-116.729,34.1187],[-116.7289,34.1187],[-116.7289,34.1188],[-116.7289,34.1189],[-116.7289,34.119],[-116.729,34.1191],[-116.729,34.1192],[-116.7289,34.1192],[-116.7287,34.1193],[-116.7286,34.1193],[-116.7285,34.1192],[-116.7284,34.1192],[-116.7283,34.1192],[-116.7283,34.1191],[-116.7282,34.1191],[-116.7281,34.1191],[-116.728,34.1191],[-116.7279,34.1191],[-116.7279,34.1192],[-116.728,34.1193],[-116.728,34.1194],[-116.7279,34.1194],[-116.7278,34.1194],[-116.7277,34.1194],[-116.7276,34.1194]]}},{"type":"Feature","properties":{"id":"1N02R","name":"YP#16","kind":"road","access":"plate","seasonal":false},"geometry":{"type":"LineString","coordinates":[[-116.7351,34.1512],[-116.7352,34.1511],[-116.7353,34.1511],[-116.7354,34.1511],[-116.7355,34.1511],[-116.7355,34.1512],[-116.7356,34.1512],[-116.7357,34.1511],[-116.7358,34.1511],[-116.7359,34.151],[-116.736,34.151],[-116.736,34.1511],[-116.7361,34.1511],[-116.7362,34.1511],[-116.7363,34.1511],[-116.7364,34.1511]]}},{"type":"Feature","properties":{"id":"2N11D","name":"SANTA ANA YP#28","kind":"road","access":"plate","seasonal":false},"geometry":{"type":"LineString","coordinates":[[-116.9768,34.2152],[-116.9769,34.2152],[-116.977,34.2152],[-116.977,34.2153],[-116.9771,34.2154],[-116.9771,34.2155],[-116.9771,34.2156],[-116.9772,34.2156],[-116.9772,34.2157],[-116.9773,34.2157],[-116.9774,34.2157],[-116.9774,34.2158],[-116.9775,34.2158],[-116.9776,34.2158],[-116.9776,34.2159],[-116.9777,34.2159],[-116.9778,34.216],[-116.9779,34.216],[-116.978,34.216],[-116.9781,34.2161],[-116.9782,34.2161],[-116.9783,34.2162],[-116.9784,34.2162],[-116.9784,34.2163],[-116.9785,34.2163],[-116.9786,34.2163],[-116.9786,34.2164],[-116.9787,34.2164],[-116.9788,34.2164],[-116.9789,34.2164],[-116.979,34.2164],[-116.979,34.2165],[-116.9791,34.2165],[-116.9792,34.2165],[-116.9793,34.2165],[-116.9794,34.2166],[-116.9794,34.2167]]}},{"type":"Feature","properties":{"id":"1N02N","name":"YP#9","kind":"road","access":"plate","seasonal":false},"geometry":{"type":"LineString","coordinates":[[-116.7653,34.1506],[-116.7653,34.1507],[-116.7653,34.1508],[-116.7653,34.1509]]}},{"type":"Feature","properties":{"id":"1S13","name":"MORTON RIDGE","kind":"road","access":"plate","seasonal":false},"geometry":{"type":"LineString","coordinates":[[-117.0279,34.1066],[-117.028,34.1066],[-117.0281,34.1066],[-117.0281,34.1065],[-117.0282,34.1065],[-117.0283,34.1065],[-117.0284,34.1065],[-117.0285,34.1065],[-117.0286,34.1064],[-117.0287,34.1063],[-117.0289,34.1063],[-117.0291,34.1062],[-117.0292,34.1062],[-117.0293,34.1062],[-117.0294,34.1062],[-117.0295,34.1062],[-117.0297,34.1062],[-117.0298,34.1063],[-117.03,34.1063],[-117.0302,34.1063],[-117.0303,34.1064],[-117.0304,34.1064],[-117.0305,34.1064],[-117.0306,34.1063],[-117.0306,34.1062],[-117.0306,34.1061],[-117.0307,34.106],[-117.0307,34.1059],[-117.0307,34.1058],[-117.0308,34.1057],[-117.0308,34.1056],[-117.0309,34.1056],[-117.031,34.1056],[-117.0311,34.1055],[-117.0312,34.1054],[-117.0313,34.1054],[-117.0314,34.1054],[-117.0316,34.1053],[-117.0317,34.1053],[-117.0318,34.1053],[-117.0319,34.1053],[-117.032,34.1052],[-117.0321,34.1052],[-117.0322,34.1052],[-117.0323,34.1052],[-117.0323,34.1051],[-117.0323,34.105],[-117.0323,34.1049],[-117.0323,34.1048],[-117.0324,34.1048],[-117.0324,34.1047],[-117.0325,34.1047],[-117.0325,34.1046],[-117.0326,34.1045],[-117.0326,34.1044],[-117.0327,34.1044],[-117.0328,34.1043],[-117.0329,34.1043],[-117.0329,34.1042],[-117.033,34.1042],[-117.033,34.1041],[-117.0331,34.104],[-117.0331,34.1039],[-117.0332,34.1039],[-117.0333,34.1038],[-117.0334,34.1038],[-117.0334,34.1037],[-117.0335,34.1037],[-117.0336,34.1037],[-117.0336,34.1036],[-117.0337,34.1036],[-117.0338,34.1036],[-117.0339,34.1036],[-117.0339,34.1035],[-117.034,34.1035],[-117.034,34.1034],[-117.0339,34.1033],[-117.034,34.1033],[-117.034,34.1032],[-117.0341,34.1032],[-117.0342,34.1033],[-117.0342,34.1034],[-117.0341,34.1035],[-117.0341,34.1036],[-117.034,34.1036],[-117.034,34.1037],[-117.034,34.1038],[-117.0339,34.1038],[-117.0339,34.1039],[-117.0338,34.1039],[-117.0338,34.104],[-117.0337,34.104],[-117.0337,34.1041],[-117.0336,34.1043],[-117.0336,34.1044],[-117.0335,34.1045],[-117.0335,34.1046],[-117.0334,34.1046],[-117.0334,34.1047],[-117.0334,34.1048],[-117.0334,34.1049],[-117.0334,34.105],[-117.0334,34.1051],[-117.0334,34.1052],[-117.0333,34.1053],[-117.0333,34.1054],[-117.0333,34.1055],[-117.0334,34.1055],[-117.0334,34.1056],[-117.0334,34.1057],[-117.0334,34.1058],[-117.0334,34.106],[-117.0334,34.1061],[-117.0334,34.1062],[-117.0333,34.1063],[-117.0332,34.1063],[-117.0332,34.1064],[-117.0332,34.1065],[-117.0331,34.1065],[-117.0331,34.1066],[-117.033,34.1067],[-117.0329,34.1067],[-117.0329,34.1068],[-117.033,34.1068],[-117.0331,34.1068],[-117.0332,34.1067],[-117.0332,34.1066],[-117.0333,34.1066],[-117.0333,34.1065],[-117.0334,34.1065],[-117.0334,34.1064],[-117.0335,34.1064],[-117.0336,34.1063],[-117.0337,34.1062],[-117.0338,34.1061],[-117.0339,34.106],[-117.0339,34.1059],[-117.034,34.1059],[-117.034,34.1058],[-117.034,34.1057],[-117.034,34.1056],[-117.0341,34.1055],[-117.0341,34.1054],[-117.0342,34.1054],[-117.0342,34.1053],[-117.0343,34.1053],[-117.0343,34.1052],[-117.0344,34.1052],[-117.0344,34.1051],[-117.0345,34.105],[-117.0345,34.1049],[-117.0346,34.1049],[-117.0346,34.1048],[-117.0347,34.1048],[-117.0349,34.1048],[-117.035,34.1048],[-117.0351,34.1048],[-117.0352,34.1048],[-117.0353,34.1048],[-117.0354,34.1048],[-117.0355,34.1047],[-117.0356,34.1046],[-117.0356,34.1045],[-117.0357,34.1045],[-117.0357,34.1044],[-117.0357,34.1043],[-117.0357,34.1042],[-117.0357,34.1041],[-117.0358,34.104],[-117.0358,34.1039],[-117.0358,34.1038],[-117.0358,34.1037],[-117.0358,34.1036],[-117.0359,34.1036],[-117.0359,34.1035],[-117.036,34.1035],[-117.0361,34.1034],[-117.0362,34.1034],[-117.0363,34.1034],[-117.0363,34.1033],[-117.0364,34.1033],[-117.0365,34.1033],[-117.0366,34.1033],[-117.0367,34.1032],[-117.0368,34.1032],[-117.0369,34.1031],[-117.037,34.1031],[-117.0371,34.1031],[-117.0372,34.1031],[-117.0373,34.1031],[-117.0374,34.1031],[-117.0375,34.1031],[-117.0376,34.1031],[-117.0377,34.1031],[-117.0378,34.1031],[-117.0379,34.1032],[-117.0379,34.1033],[-117.038,34.1034],[-117.038,34.1035],[-117.0381,34.1036],[-117.0382,34.1036],[-117.0383,34.1036],[-117.0384,34.1036],[-117.0384,34.1037],[-117.0385,34.1037],[-117.0386,34.1038],[-117.0387,34.1038],[-117.0388,34.1039],[-117.0389,34.1039],[-117.039,34.1039],[-117.0391,34.104],[-117.0392,34.104],[-117.0393,34.1041],[-117.0394,34.1041],[-117.0395,34.1042],[-117.0396,34.1042],[-117.0397,34.1043],[-117.0398,34.1043],[-117.0398,34.1042],[-117.0399,34.1042],[-117.0399,34.1041],[-117.0399,34.104],[-117.0399,34.1039],[-117.0399,34.1038],[-117.04,34.1038],[-117.04,34.1037],[-117.0401,34.1037],[-117.0401,34.1036],[-117.0401,34.1035],[-117.0402,34.1035],[-117.0403,34.1034],[-117.0403,34.1033],[-117.0404,34.1033],[-117.0404,34.1032],[-117.0404,34.1031],[-117.0404,34.1029],[-117.0404,34.1028],[-117.0404,34.1027],[-117.0405,34.1026],[-117.0406,34.1026],[-117.0407,34.1028]]}},{"type":"Feature","properties":{"id":"2N08","name":"KNICKERBOCKER","kind":"road","access":"plate","seasonal":false},"geometry":{"type":"LineString","coordinates":[[-116.9099,34.236],[-116.9098,34.236],[-116.9097,34.236],[-116.9096,34.236],[-116.9096,34.2361],[-116.9095,34.2361],[-116.9094,34.2361],[-116.9093,34.2361],[-116.9091,34.2361],[-116.909,34.2361],[-116.9089,34.2361],[-116.9087,34.2361],[-116.9086,34.2361],[-116.9085,34.2362],[-116.9084,34.2361],[-116.9083,34.2361],[-116.9081,34.236],[-116.908,34.236],[-116.9078,34.236],[-116.9077,34.2359],[-116.9076,34.2359],[-116.9075,34.2359],[-116.9074,34.2359],[-116.9073,34.2359],[-116.9071,34.2358],[-116.907,34.2357],[-116.9069,34.2357],[-116.9069,34.2356],[-116.9068,34.2356],[-116.9066,34.2357],[-116.9063,34.2358],[-116.9062,34.2358],[-116.906,34.2359],[-116.9059,34.2358],[-116.9059,34.2357],[-116.9061,34.2356],[-116.9062,34.2356],[-116.9063,34.2355],[-116.9066,34.2354],[-116.9068,34.2352],[-116.9069,34.2352],[-116.907,34.2351],[-116.9071,34.2351],[-116.9072,34.2351],[-116.9073,34.2352],[-116.9073,34.2353],[-116.9074,34.2353],[-116.9075,34.2353],[-116.9076,34.2352],[-116.9077,34.2352],[-116.9078,34.2351],[-116.9079,34.2351],[-116.9082,34.235],[-116.9083,34.2349],[-116.9084,34.2348],[-116.9083,34.2347],[-116.9083,34.2346],[-116.9083,34.2345],[-116.9083,34.2344],[-116.9084,34.2343],[-116.9085,34.2341],[-116.9085,34.234],[-116.9085,34.2339],[-116.9085,34.2338],[-116.9086,34.2337],[-116.9086,34.2335],[-116.9087,34.2334],[-116.9088,34.2334],[-116.909,34.2334],[-116.9091,34.2334],[-116.9092,34.2333],[-116.9094,34.2333],[-116.9095,34.2332],[-116.9096,34.2332],[-116.9096,34.2331],[-116.9096,34.233],[-116.9096,34.2329],[-116.9095,34.2328],[-116.9094,34.2327],[-116.9094,34.2326],[-116.9094,34.2325],[-116.9093,34.2325],[-116.9092,34.2324],[-116.9091,34.2324],[-116.909,34.2324],[-116.9089,34.2324],[-116.9088,34.2323],[-116.9087,34.2323],[-116.9086,34.2322],[-116.9085,34.2321],[-116.9085,34.232],[-116.9084,34.2319],[-116.9084,34.2318],[-116.9085,34.2318],[-116.9086,34.2318],[-116.9087,34.2317],[-116.9087,34.2316],[-116.9087,34.2315],[-116.9086,34.2315],[-116.9086,34.2314],[-116.9086,34.2313],[-116.9086,34.2312],[-116.9086,34.231],[-116.9086,34.2309],[-116.9086,34.2308],[-116.9086,34.2307],[-116.9085,34.2306],[-116.9084,34.2306],[-116.9083,34.2305],[-116.9082,34.2305],[-116.9081,34.2305],[-116.908,34.2305],[-116.908,34.2304],[-116.9079,34.2304],[-116.9079,34.2303],[-116.9078,34.2302],[-116.9077,34.2301],[-116.9076,34.23],[-116.9076,34.2299],[-116.9075,34.2299],[-116.9075,34.2298],[-116.9075,34.2297],[-116.9075,34.2296],[-116.9074,34.2296],[-116.9074,34.2295],[-116.9073,34.2295],[-116.9072,34.2295],[-116.9072,34.2296],[-116.9072,34.2297],[-116.9073,34.2297],[-116.9073,34.2298],[-116.9073,34.2299],[-116.9073,34.23],[-116.9074,34.2301],[-116.9075,34.2302],[-116.9076,34.2303],[-116.9077,34.2304],[-116.9077,34.2305],[-116.9077,34.2306],[-116.9078,34.2306],[-116.9078,34.2307],[-116.908,34.2308],[-116.9081,34.2309],[-116.9081,34.231],[-116.9081,34.2311],[-116.908,34.2312],[-116.9079,34.2313],[-116.9078,34.2314],[-116.9077,34.2314],[-116.9076,34.2314],[-116.9075,34.2314],[-116.9074,34.2315],[-116.9073,34.2316],[-116.9072,34.2317],[-116.9072,34.2318],[-116.9072,34.2319],[-116.9073,34.2321],[-116.9074,34.2322],[-116.9074,34.2323],[-116.9074,34.2324],[-116.9074,34.2325],[-116.9074,34.2326],[-116.9073,34.2327],[-116.9072,34.2328],[-116.9071,34.2328],[-116.9071,34.2329],[-116.907,34.2329],[-116.9069,34.2328],[-116.9069,34.2327],[-116.9068,34.2326],[-116.9068,34.2324],[-116.9068,34.2323],[-116.9067,34.2323],[-116.9066,34.2321],[-116.9065,34.232],[-116.9065,34.2319],[-116.9064,34.2318],[-116.9064,34.2317],[-116.9064,34.2316],[-116.9065,34.2315],[-116.9065,34.2314],[-116.9065,34.2313],[-116.9065,34.2312],[-116.9065,34.2311],[-116.9065,34.231],[-116.9064,34.231],[-116.9062,34.2309],[-116.9061,34.2309],[-116.9059,34.2308],[-116.9058,34.2308],[-116.9057,34.2307],[-116.9056,34.2307],[-116.9055,34.2307],[-116.9054,34.2307],[-116.9053,34.2307],[-116.9052,34.2306],[-116.9049,34.2306],[-116.9048,34.2306],[-116.9047,34.2305],[-116.9046,34.2305],[-116.9045,34.2304],[-116.9044,34.2304],[-116.9043,34.2304],[-116.9043,34.2305],[-116.9042,34.2305],[-116.9042,34.2306],[-116.9041,34.2306],[-116.904,34.2306],[-116.9039,34.2306],[-116.9038,34.2305],[-116.9038,34.2304],[-116.9038,34.2302],[-116.9037,34.2301],[-116.9036,34.2299],[-116.9035,34.2297],[-116.9034,34.2296],[-116.9034,34.2295],[-116.9033,34.2294],[-116.9033,34.2293],[-116.9033,34.2292],[-116.9032,34.2292],[-116.9031,34.229],[-116.9031,34.2289],[-116.903,34.2287],[-116.9029,34.2286],[-116.9028,34.2284],[-116.9027,34.2283],[-116.9026,34.2282],[-116.9024,34.2281],[-116.9023,34.2279],[-116.9022,34.2279],[-116.9021,34.2278],[-116.9021,34.2277],[-116.9021,34.2276],[-116.9022,34.2276],[-116.9023,34.2276],[-116.9024,34.2276],[-116.9025,34.2275],[-116.9026,34.2275],[-116.9027,34.2275],[-116.9028,34.2274],[-116.9029,34.2274],[-116.903,34.2274],[-116.9031,34.2275],[-116.9032,34.2275],[-116.9033,34.2275],[-116.9034,34.2276],[-116.9035,34.2276],[-116.9036,34.2276],[-116.9037,34.2275],[-116.9038,34.2275],[-116.9039,34.2275],[-116.904,34.2275],[-116.9041,34.2275],[-116.9043,34.2276],[-116.9044,34.2276],[-116.9045,34.2276],[-116.9046,34.2276],[-116.9047,34.2276],[-116.9048,34.2275],[-116.9048,34.2274],[-116.9048,34.2273],[-116.9049,34.2272],[-116.905,34.2272],[-116.9051,34.2271],[-116.9052,34.2271],[-116.9053,34.2271],[-116.9053,34.227],[-116.9053,34.2269],[-116.9052,34.2269],[-116.9052,34.2268],[-116.9051,34.2268],[-116.9049,34.2268],[-116.9048,34.2268],[-116.9048,34.2267],[-116.9048,34.2266],[-116.9049,34.2265],[-116.9049,34.2264],[-116.905,34.2263],[-116.905,34.2262],[-116.9049,34.2261],[-116.9048,34.226],[-116.9048,34.2259],[-116.9048,34.2258],[-116.9049,34.2257],[-116.905,34.2256],[-116.905,34.2255],[-116.905,34.2254],[-116.9051,34.2254],[-116.9051,34.2253],[-116.905,34.2252],[-116.905,34.2251],[-116.905,34.225],[-116.9049,34.2249],[-116.9049,34.2248],[-116.9049,34.2247],[-116.9049,34.2246],[-116.9049,34.2245],[-116.9048,34.2244],[-116.9048,34.2243],[-116.9048,34.2242],[-116.9048,34.2241],[-116.9048,34.224],[-116.9049,34.2239],[-116.9051,34.2238],[-116.9052,34.2238],[-116.9052,34.2237],[-116.9053,34.2237],[-116.9054,34.2237],[-116.9055,34.2238],[-116.9056,34.2239],[-116.9056,34.224],[-116.9056,34.2242],[-116.9057,34.2242],[-116.9057,34.2243],[-116.9058,34.2244],[-116.9059,34.2245],[-116.906,34.2245],[-116.9061,34.2246],[-116.9062,34.2246],[-116.9063,34.2246],[-116.9064,34.2246],[-116.9065,34.2246],[-116.9066,34.2246],[-116.9067,34.2246],[-116.9068,34.2246],[-116.9069,34.2246],[-116.907,34.2247],[-116.9071,34.2247],[-116.9072,34.2247],[-116.9072,34.2246],[-116.9073,34.2246],[-116.9074,34.2247],[-116.9075,34.2248],[-116.9076,34.2248],[-116.9077,34.2248],[-116.9078,34.2248],[-116.9079,34.2248],[-116.9079,34.2247],[-116.908,34.2247],[-116.908,34.2246],[-116.9079,34.2245],[-116.9079,34.2244],[-116.9078,34.2244],[-116.9079,34.2243],[-116.9081,34.2241],[-116.9083,34.224],[-116.9084,34.2239],[-116.9085,34.2239],[-116.9086,34.2239],[-116.9087,34.2239],[-116.9088,34.2239],[-116.9089,34.2238],[-116.909,34.2237],[-116.9091,34.2237],[-116.9092,34.2237],[-116.9093,34.2237],[-116.9094,34.2238],[-116.9094,34.2239],[-116.9094,34.224],[-116.9094,34.2242],[-116.9095,34.2243],[-116.9095,34.2245],[-116.9096,34.2247],[-116.9096,34.2248],[-116.9096,34.2249],[-116.9097,34.2249],[-116.9098,34.2249],[-116.91,34.225],[-116.9102,34.225],[-116.9104,34.225],[-116.9106,34.225],[-116.9107,34.2249],[-116.9108,34.2249],[-116.9109,34.2248],[-116.911,34.2247],[-116.9111,34.2246],[-116.9111,34.2245],[-116.9112,34.2244],[-116.9113,34.2243],[-116.9114,34.2243],[-116.9115,34.2242],[-116.9116,34.2242],[-116.9117,34.2242],[-116.9118,34.2242],[-116.9119,34.2242],[-116.912,34.2242],[-116.9122,34.2242],[-116.9123,34.2242],[-116.9124,34.2242],[-116.9124,34.2243],[-116.9125,34.2243],[-116.9126,34.2244],[-116.9128,34.2245],[-116.9129,34.2246],[-116.913,34.2246],[-116.9132,34.2247],[-116.9133,34.2248],[-116.9135,34.2248],[-116.9136,34.2249],[-116.9136,34.225],[-116.9137,34.225],[-116.9137,34.2251],[-116.9137,34.2252],[-116.9137,34.2253],[-116.9138,34.2254],[-116.9139,34.2254],[-116.914,34.2254],[-116.9141,34.2253],[-116.9142,34.2253],[-116.9142,34.2252],[-116.9143,34.225],[-116.9143,34.2249],[-116.9144,34.2248],[-116.9145,34.2246],[-116.9146,34.2245],[-116.9147,34.2244],[-116.9148,34.2244],[-116.9149,34.2244],[-116.915,34.2245],[-116.9151,34.2245],[-116.9151,34.2246],[-116.9152,34.2246],[-116.9153,34.2245],[-116.9154,34.2243],[-116.9155,34.2243],[-116.9155,34.2242],[-116.9156,34.2242],[-116.9158,34.2241],[-116.9159,34.224],[-116.916,34.224],[-116.916,34.2239],[-116.9161,34.2239],[-116.9162,34.2238],[-116.9163,34.2238],[-116.9164,34.2237],[-116.9166,34.2237],[-116.9167,34.2237],[-116.9168,34.2237],[-116.9169,34.2236],[-116.917,34.2236],[-116.9171,34.2235],[-116.9174,34.2235],[-116.9175,34.2234],[-116.9176,34.2234],[-116.9177,34.2234],[-116.9178,34.2235],[-116.9179,34.2236],[-116.918,34.2236],[-116.918,34.2237],[-116.9181,34.2237],[-116.9181,34.2238],[-116.9182,34.2237],[-116.9182,34.2235],[-116.9183,34.2234],[-116.9184,34.2233],[-116.9186,34.2231],[-116.9186,34.223],[-116.9186,34.2229],[-116.9187,34.2228],[-116.9187,34.2227],[-116.9188,34.2226],[-116.9189,34.2225],[-116.919,34.2223],[-116.9191,34.2222],[-116.9191,34.2221],[-116.9192,34.222],[-116.9192,34.2219],[-116.9193,34.2218],[-116.9194,34.2217],[-116.9194,34.2216],[-116.9195,34.2215],[-116.9196,34.2213],[-116.9197,34.2213],[-116.9198,34.2212],[-116.9199,34.2212],[-116.92,34.2211],[-116.9201,34.221],[-116.9201,34.2209],[-116.9202,34.2209],[-116.9203,34.2208],[-116.9204,34.2208],[-116.9205,34.2207],[-116.9206,34.2207],[-116.9207,34.2206],[-116.9208,34.2206],[-116.9209,34.2205],[-116.921,34.2205],[-116.921,34.2204],[-116.9211,34.2203],[-116.9212,34.2202],[-116.9212,34.2201],[-116.9213,34.22],[-116.9214,34.2199],[-116.9214,34.2198],[-116.9215,34.2198],[-116.9215,34.2197],[-116.9215,34.2196],[-116.9215,34.2195],[-116.9216,34.2194],[-116.9216,34.2192],[-116.9216,34.2191],[-116.9216,34.219],[-116.9216,34.2189],[-116.9215,34.2188],[-116.9215,34.2187],[-116.9215,34.2186],[-116.9215,34.2185],[-116.9216,34.2184],[-116.9217,34.2183],[-116.9218,34.2182],[-116.9222,34.2182],[-116.9224,34.2181],[-116.9225,34.2181],[-116.9226,34.2181],[-116.9226,34.218],[-116.9227,34.218],[-116.9228,34.218],[-116.9228,34.2179],[-116.9229,34.2179],[-116.923,34.2179],[-116.9231,34.2179],[-116.9232,34.2179],[-116.9233,34.2178],[-116.9234,34.2178],[-116.9235,34.2177],[-116.9235,34.2176],[-116.9235,34.2175],[-116.9236,34.2175],[-116.9236,34.2174],[-116.9236,34.2173],[-116.9236,34.2172],[-116.9237,34.2171],[-116.9237,34.217],[-116.9237,34.2169],[-116.9237,34.2168],[-116.9237,34.2167],[-116.9237,34.2165],[-116.9237,34.2164],[-116.9237,34.2163],[-116.9236,34.2162],[-116.9235,34.2161],[-116.9235,34.216],[-116.9235,34.2159],[-116.9235,34.2158],[-116.9234,34.2157],[-116.9233,34.2156],[-116.9232,34.2155],[-116.9231,34.2154],[-116.9231,34.2153],[-116.9231,34.2152],[-116.9231,34.2151]]}},{"type":"Feature","properties":{"id":"1N01","name":"PIPES CANYON","kind":"road","access":"plate","seasonal":false},"geometry":{"type":"LineString","coordinates":[[-116.7194,34.1924],[-116.7193,34.1924],[-116.7192,34.1923],[-116.7191,34.1922],[-116.7189,34.1922],[-116.7186,34.1922],[-116.7184,34.1921],[-116.7183,34.1921],[-116.7182,34.1922],[-116.7182,34.1923],[-116.7181,34.1925],[-116.7181,34.1926],[-116.7181,34.1927],[-116.7181,34.1928],[-116.7181,34.193],[-116.7181,34.1931],[-116.7181,34.1933],[-116.7181,34.1935],[-116.7182,34.1937],[-116.7182,34.1938],[-116.7182,34.1939],[-116.7182,34.194],[-116.7181,34.1941],[-116.7181,34.1942],[-116.7182,34.1943],[-116.7182,34.1944],[-116.7182,34.1945],[-116.7183,34.1947],[-116.7184,34.1948],[-116.7185,34.1951],[-116.7186,34.1952],[-116.7187,34.1953],[-116.7187,34.1954],[-116.7187,34.1956],[-116.7188,34.1957],[-116.7188,34.1958],[-116.7188,34.196],[-116.7187,34.1962],[-116.7187,34.1963],[-116.7186,34.1964],[-116.7185,34.1965],[-116.7184,34.1966],[-116.7183,34.1966],[-116.718,34.1967],[-116.7178,34.1967],[-116.7176,34.1967],[-116.7175,34.1967],[-116.7174,34.1967],[-116.7173,34.1968],[-116.7173,34.1969],[-116.7174,34.1971],[-116.7175,34.1972],[-116.7175,34.1973],[-116.7175,34.1974],[-116.7175,34.1975],[-116.7174,34.1975],[-116.7173,34.1976],[-116.7172,34.1976],[-116.7171,34.1976],[-116.717,34.1976],[-116.7169,34.1976],[-116.7169,34.1977],[-116.7169,34.1978],[-116.7169,34.1979],[-116.7169,34.198],[-116.717,34.1981],[-116.7171,34.1982],[-116.7172,34.1983],[-116.7175,34.1984],[-116.7177,34.1985],[-116.7178,34.1986],[-116.7179,34.1987],[-116.718,34.1988],[-116.7179,34.1989],[-116.7179,34.199],[-116.7178,34.1992],[-116.7177,34.1993],[-116.7177,34.1994],[-116.7177,34.1995],[-116.7176,34.1995],[-116.7175,34.1995],[-116.7173,34.1995],[-116.7172,34.1995],[-116.7171,34.1996],[-116.717,34.1997],[-116.7168,34.2],[-116.7166,34.2002],[-116.7165,34.2003],[-116.7165,34.2004],[-116.7165,34.2005],[-116.7165,34.2006],[-116.7168,34.2007],[-116.717,34.2008],[-116.7171,34.2008],[-116.7172,34.2009],[-116.7172,34.201],[-116.7172,34.2011],[-116.7171,34.2014],[-116.7171,34.2015],[-116.7171,34.2016],[-116.7171,34.2017],[-116.7171,34.2018],[-116.7172,34.2018],[-116.7172,34.2019],[-116.7173,34.2019],[-116.7174,34.202],[-116.7175,34.202],[-116.7176,34.2021],[-116.7177,34.2021],[-116.7178,34.2022],[-116.7178,34.2023],[-116.7178,34.2024],[-116.7178,34.2025],[-116.7177,34.2027],[-116.7176,34.203],[-116.7175,34.2032],[-116.7174,34.2033],[-116.7173,34.2033],[-116.7172,34.2034],[-116.7171,34.2034],[-116.717,34.2035],[-116.7169,34.2036],[-116.7168,34.2037],[-116.7167,34.2038],[-116.7167,34.2039],[-116.7167,34.2041],[-116.7167,34.2042],[-116.7167,34.2044],[-116.7167,34.2045],[-116.7169,34.2047],[-116.7169,34.2048],[-116.717,34.205],[-116.717,34.2051],[-116.717,34.2052],[-116.717,34.2053],[-116.7169,34.2055],[-116.7168,34.2056],[-116.7167,34.2058],[-116.7165,34.206],[-116.7164,34.2062],[-116.7162,34.2063],[-116.716,34.2065],[-116.7158,34.2067],[-116.7156,34.2068],[-116.7154,34.2069],[-116.7153,34.2069],[-116.7152,34.2069],[-116.715,34.2069],[-116.7149,34.2069],[-116.7148,34.2069],[-116.7147,34.2068],[-116.7146,34.2068],[-116.7145,34.2066],[-116.7142,34.2064],[-116.7141,34.2063],[-116.7141,34.2062],[-116.7141,34.2061],[-116.7141,34.2059],[-116.7143,34.2056],[-116.7144,34.2054],[-116.7145,34.2052],[-116.7146,34.2051],[-116.7146,34.205],[-116.7146,34.2049],[-116.7145,34.2048],[-116.7145,34.2047],[-116.7145,34.2045],[-116.7143,34.204],[-116.7142,34.2039],[-116.7142,34.2038],[-116.7142,34.2037],[-116.7143,34.2035],[-116.7143,34.2034],[-116.7143,34.2032],[-116.7143,34.2031],[-116.7143,34.203],[-116.7144,34.2028],[-116.7145,34.2026],[-116.7146,34.2024],[-116.7146,34.2023],[-116.7147,34.2023],[-116.7147,34.2022],[-116.7149,34.2021],[-116.7151,34.202],[-116.7152,34.2019],[-116.7153,34.2019],[-116.7153,34.2018],[-116.7152,34.2017],[-116.7151,34.2016],[-116.715,34.2016],[-116.7149,34.2016],[-116.7147,34.2017],[-116.7145,34.2017],[-116.7143,34.2017],[-116.7142,34.2017],[-116.714,34.2017],[-116.7139,34.2016],[-116.7139,34.2015],[-116.714,34.2014],[-116.714,34.2013],[-116.7141,34.2013],[-116.7142,34.2012],[-116.7142,34.201],[-116.7143,34.2009],[-116.7143,34.2008],[-116.7142,34.2007],[-116.7141,34.2006],[-116.714,34.2005],[-116.7138,34.2004],[-116.7136,34.2003],[-116.7136,34.2002],[-116.7135,34.2001],[-116.7135,34.2],[-116.7135,34.1995],[-116.7135,34.1994],[-116.7135,34.1993],[-116.7134,34.1993],[-116.7133,34.1991],[-116.7132,34.199],[-116.7132,34.1989],[-116.7131,34.1989],[-116.713,34.1988],[-116.7129,34.1987],[-116.7129,34.1986],[-116.7128,34.1985],[-116.7128,34.1984],[-116.7128,34.1983],[-116.7129,34.1982],[-116.713,34.1981],[-116.713,34.198],[-116.713,34.1979],[-116.713,34.1978],[-116.713,34.1977],[-116.7129,34.1975],[-116.7129,34.1974],[-116.7129,34.1973],[-116.7129,34.1972],[-116.7129,34.1971],[-116.7128,34.1971],[-116.7126,34.197],[-116.7125,34.197],[-116.7124,34.1969],[-116.7123,34.1969],[-116.7122,34.1969],[-116.7121,34.1969],[-116.712,34.1968],[-116.7119,34.1968],[-116.7119,34.1967],[-116.7118,34.1967],[-116.7118,34.1966],[-116.7118,34.1965],[-116.7117,34.1964],[-116.7117,34.1963],[-116.7117,34.1962],[-116.7116,34.1962],[-116.7114,34.1962],[-116.7113,34.1962],[-116.7112,34.1962],[-116.7111,34.1963],[-116.711,34.1964],[-116.7107,34.1967],[-116.7105,34.1968],[-116.7103,34.1969],[-116.7102,34.1969],[-116.7101,34.197],[-116.71,34.197],[-116.7099,34.1971],[-116.7098,34.1971],[-116.7097,34.1971],[-116.7096,34.1971],[-116.7095,34.1971],[-116.7094,34.1971],[-116.7092,34.197],[-116.7091,34.197],[-116.709,34.197],[-116.7089,34.197],[-116.7089,34.1969],[-116.7089,34.1968],[-116.7089,34.1967],[-116.709,34.1965],[-116.709,34.1964],[-116.709,34.1963],[-116.7089,34.1962],[-116.7088,34.1961],[-116.7088,34.196],[-116.7087,34.1959],[-116.7086,34.1959],[-116.7085,34.1958],[-116.7084,34.1958],[-116.7083,34.1957],[-116.7082,34.1955],[-116.7082,34.1953],[-116.7082,34.1951],[-116.7082,34.1949],[-116.7083,34.1947],[-116.7083,34.1946],[-116.7082,34.1945],[-116.7081,34.1945],[-116.708,34.1945],[-116.7079,34.1944],[-116.7078,34.1944],[-116.7077,34.1944],[-116.7076,34.1945],[-116.7075,34.1945],[-116.7073,34.1946],[-116.7071,34.1947],[-116.7068,34.1948],[-116.7066,34.1948],[-116.7064,34.1949],[-116.7063,34.195],[-116.7062,34.195],[-116.7061,34.195],[-116.706,34.195],[-116.7059,34.1949],[-116.7057,34.1948],[-116.7056,34.1947],[-116.7055,34.1946],[-116.7055,34.1945],[-116.7054,34.1945],[-116.7054,34.1944],[-116.7054,34.1943],[-116.7053,34.1941],[-116.7053,34.194],[-116.7053,34.1939],[-116.7053,34.1938],[-116.7054,34.1937],[-116.7054,34.1936],[-116.7054,34.1935],[-116.7053,34.1935],[-116.7052,34.1935],[-116.705,34.1935],[-116.7049,34.1935],[-116.7046,34.1936],[-116.7045,34.1936],[-116.7043,34.1935],[-116.7042,34.1935],[-116.704,34.1935],[-116.7039,34.1934],[-116.7038,34.1934],[-116.7036,34.1933],[-116.7034,34.1931],[-116.7032,34.1931],[-116.703,34.193],[-116.7029,34.193],[-116.7028,34.193],[-116.7026,34.1931],[-116.7024,34.1931],[-116.7022,34.1931],[-116.7021,34.1931],[-116.702,34.1931],[-116.7019,34.1932],[-116.7019,34.1933],[-116.7018,34.1933],[-116.7017,34.1933],[-116.7016,34.1933],[-116.7013,34.1932],[-116.7011,34.1932],[-116.7007,34.1931],[-116.7006,34.193],[-116.7004,34.193],[-116.7003,34.1929],[-116.7002,34.1929],[-116.7,34.1929],[-116.6999,34.1929],[-116.6998,34.1928],[-116.6998,34.1929],[-116.6997,34.1929],[-116.6996,34.193],[-116.6995,34.1931],[-116.6994,34.1933],[-116.6993,34.1934],[-116.6993,34.1935],[-116.6993,34.1936],[-116.6992,34.1937],[-116.6991,34.1938],[-116.6991,34.1939],[-116.699,34.194],[-116.6989,34.194],[-116.6988,34.194],[-116.6987,34.194],[-116.6986,34.194],[-116.6985,34.194],[-116.6985,34.1941],[-116.6984,34.1941],[-116.6982,34.1941],[-116.6981,34.1942],[-116.698,34.1942],[-116.6979,34.1942],[-116.6978,34.1942],[-116.6977,34.1942],[-116.6976,34.1942],[-116.6975,34.1943],[-116.6974,34.1944],[-116.6973,34.1945],[-116.6972,34.1945],[-116.6972,34.1946],[-116.6971,34.1946],[-116.697,34.1946],[-116.6969,34.1946],[-116.6968,34.1945],[-116.6967,34.1945],[-116.6966,34.1945],[-116.6964,34.1945],[-116.6963,34.1945],[-116.6962,34.1945],[-116.696,34.1945],[-116.6959,34.1945],[-116.6958,34.1945],[-116.6956,34.1945],[-116.6954,34.1945],[-116.6953,34.1945],[-116.6952,34.1946],[-116.6952,34.1947],[-116.6952,34.1948],[-116.6951,34.1948],[-116.695,34.1949],[-116.6949,34.1949],[-116.6948,34.195],[-116.6949,34.195],[-116.6949,34.1951],[-116.695,34.1951],[-116.6951,34.1951],[-116.6953,34.1951],[-116.6954,34.1951],[-116.6955,34.1951],[-116.6955,34.1952],[-116.6956,34.1952],[-116.6956,34.1953],[-116.6956,34.1954],[-116.6956,34.1955],[-116.6957,34.1956],[-116.6958,34.1958],[-116.6959,34.1958],[-116.6961,34.1958],[-116.6962,34.1958],[-116.6962,34.1959],[-116.6963,34.1959],[-116.6963,34.196],[-116.6962,34.1961],[-116.6961,34.1962],[-116.696,34.1962],[-116.6959,34.1963],[-116.6959,34.1964],[-116.6959,34.1965],[-116.696,34.1966],[-116.6961,34.1966],[-116.6962,34.1966],[-116.6963,34.1967],[-116.6964,34.1967],[-116.6964,34.1968],[-116.6963,34.1968],[-116.6963,34.1969],[-116.6962,34.1969],[-116.696,34.1969],[-116.6959,34.1968],[-116.6958,34.1968],[-116.6957,34.1968],[-116.6956,34.1968],[-116.6954,34.1968],[-116.6953,34.1968],[-116.6951,34.1969],[-116.695,34.1969],[-116.695,34.197],[-116.695,34.1971],[-116.695,34.1972],[-116.695,34.1973],[-116.6951,34.1974],[-116.6951,34.1975],[-116.6952,34.1976],[-116.6951,34.1977],[-116.6952,34.1979],[-116.6952,34.198],[-116.6952,34.1981],[-116.6953,34.1982],[-116.6952,34.1983],[-116.6951,34.1985],[-116.6949,34.1987],[-116.6947,34.1989],[-116.6947,34.199],[-116.6947,34.1991],[-116.6948,34.1991],[-116.695,34.1992],[-116.6952,34.1994],[-116.6953,34.1995],[-116.6954,34.1995],[-116.6954,34.1996],[-116.6954,34.1997],[-116.6954,34.1999],[-116.6954,34.2],[-116.6954,34.2001],[-116.6954,34.2002],[-116.6954,34.2003],[-116.6954,34.2004],[-116.6954,34.2005],[-116.6953,34.2005],[-116.6952,34.2006],[-116.6951,34.2007],[-116.6951,34.2008],[-116.695,34.2009],[-116.6949,34.2011],[-116.6948,34.2012],[-116.6948,34.2013],[-116.6947,34.2013],[-116.6946,34.2013],[-116.6947,34.2012],[-116.6947,34.2011],[-116.6948,34.2011],[-116.6948,34.201],[-116.6949,34.2009],[-116.6949,34.2008],[-116.6949,34.2007],[-116.6949,34.2006],[-116.695,34.2005],[-116.695,34.2004],[-116.695,34.2003],[-116.6949,34.2002],[-116.6949,34.2001],[-116.6948,34.2],[-116.6947,34.1999],[-116.6947,34.1998],[-116.6945,34.1998],[-116.6944,34.1998],[-116.6943,34.1998],[-116.6942,34.1997],[-116.6941,34.1996],[-116.694,34.1996],[-116.694,34.1994],[-116.6939,34.1993],[-116.6938,34.1992],[-116.6938,34.1991],[-116.6938,34.199],[-116.6938,34.1989],[-116.6937,34.1989],[-116.6936,34.1989],[-116.6935,34.199],[-116.6934,34.1991],[-116.6933,34.1991],[-116.6932,34.1991],[-116.6931,34.1991],[-116.693,34.199],[-116.6929,34.199],[-116.6928,34.1989],[-116.6927,34.1989],[-116.6927,34.1988],[-116.6926,34.1987],[-116.6925,34.1987],[-116.6924,34.1988],[-116.6923,34.1989],[-116.6922,34.199],[-116.6921,34.1991],[-116.692,34.1991],[-116.6918,34.1991],[-116.6917,34.1992],[-116.6916,34.1992],[-116.6914,34.1992],[-116.6912,34.1992],[-116.6911,34.1991],[-116.691,34.1991],[-116.6908,34.1991],[-116.6907,34.199],[-116.6906,34.1989],[-116.6906,34.1988],[-116.6905,34.1988],[-116.6905,34.1987],[-116.6905,34.1986],[-116.6905,34.1985],[-116.6904,34.1985],[-116.6902,34.1985],[-116.6901,34.1985],[-116.69,34.1985],[-116.6898,34.1984],[-116.6897,34.1983],[-116.6896,34.1982],[-116.6895,34.1981],[-116.6894,34.1981],[-116.6893,34.198],[-116.6892,34.198],[-116.689,34.1979],[-116.6889,34.1978],[-116.6889,34.1977],[-116.6888,34.1977],[-116.6887,34.1977],[-116.6886,34.1977],[-116.6885,34.1977],[-116.6884,34.1976],[-116.6884,34.1975],[-116.6883,34.1975],[-116.6882,34.1975],[-116.6881,34.1975],[-116.688,34.1974],[-116.6879,34.1974],[-116.6878,34.1974],[-116.6878,34.1975],[-116.6877,34.1975],[-116.6876,34.1975],[-116.6875,34.1976],[-116.6874,34.1977],[-116.6873,34.1977],[-116.6872,34.1977],[-116.6871,34.1976],[-116.687,34.1976],[-116.6869,34.1976],[-116.6868,34.1976],[-116.6867,34.1976],[-116.6867,34.1977],[-116.6866,34.1977],[-116.6865,34.1978],[-116.6864,34.1978],[-116.6863,34.1978],[-116.6862,34.1978],[-116.6861,34.1978],[-116.686,34.1978],[-116.6859,34.1979],[-116.6858,34.1979],[-116.6857,34.1979],[-116.6856,34.1979],[-116.6855,34.1979],[-116.6854,34.198],[-116.6853,34.198],[-116.6852,34.1981],[-116.6851,34.1982],[-116.6849,34.1982],[-116.6848,34.1982],[-116.6847,34.1983],[-116.6846,34.1984],[-116.6845,34.1985],[-116.6844,34.1986],[-116.6842,34.1986],[-116.6841,34.1987],[-116.684,34.1987],[-116.6839,34.1987],[-116.6838,34.1986],[-116.6837,34.1986],[-116.6836,34.1986],[-116.6835,34.1985],[-116.6834,34.1985],[-116.6833,34.1984],[-116.6833,34.1983],[-116.6832,34.1983],[-116.6832,34.1982],[-116.6832,34.1981],[-116.6831,34.1981],[-116.6831,34.198],[-116.6831,34.1979],[-116.6832,34.1979],[-116.6832,34.1978],[-116.6833,34.1978],[-116.6834,34.1978],[-116.6836,34.1977],[-116.6837,34.1977],[-116.6838,34.1976],[-116.6838,34.1975],[-116.6839,34.1975],[-116.6839,34.1974],[-116.6839,34.1973],[-116.684,34.1973],[-116.6841,34.1973],[-116.6842,34.1972],[-116.6843,34.1972],[-116.6845,34.1971],[-116.6846,34.1971],[-116.6847,34.1971],[-116.6848,34.1971],[-116.6849,34.1971],[-116.6849,34.197],[-116.685,34.1969],[-116.685,34.1968],[-116.6851,34.1968],[-116.6852,34.1968],[-116.6853,34.1968],[-116.6854,34.1967],[-116.6855,34.1967],[-116.6855,34.1966],[-116.6856,34.1965],[-116.6857,34.1964],[-116.6859,34.1965],[-116.686,34.1965],[-116.6861,34.1965],[-116.6862,34.1965],[-116.6863,34.1965],[-116.6864,34.1965],[-116.6865,34.1965],[-116.6865,34.1964],[-116.6866,34.1963],[-116.6867,34.1963],[-116.6867,34.1962],[-116.6868,34.1962],[-116.6867,34.1962],[-116.6867,34.1961],[-116.6866,34.1961],[-116.6865,34.1962],[-116.6864,34.1962],[-116.6863,34.1963],[-116.6862,34.1963],[-116.6861,34.1963],[-116.686,34.1963],[-116.6859,34.1962],[-116.6858,34.1962],[-116.6857,34.1962],[-116.6856,34.1961],[-116.6855,34.1961],[-116.6854,34.1962],[-116.6853,34.1962],[-116.6852,34.1962],[-116.6852,34.1963],[-116.6851,34.1963],[-116.685,34.1962],[-116.6849,34.1962],[-116.6848,34.1962],[-116.6847,34.1961],[-116.6846,34.1961],[-116.6845,34.1961],[-116.6844,34.1961],[-116.6843,34.1961],[-116.6841,34.1961],[-116.684,34.1961],[-116.6838,34.1961],[-116.6837,34.1961],[-116.6836,34.1961],[-116.6835,34.1961],[-116.6835,34.196],[-116.6834,34.196],[-116.6833,34.1959],[-116.6832,34.1959],[-116.6831,34.1958],[-116.6829,34.1958],[-116.6828,34.1958],[-116.6826,34.1958],[-116.6825,34.1958],[-116.6823,34.1958],[-116.6821,34.1958],[-116.6817,34.1958],[-116.6816,34.1958],[-116.6814,34.1957],[-116.6812,34.1957],[-116.681,34.1957],[-116.6808,34.1957],[-116.6807,34.1957],[-116.6805,34.1958],[-116.6802,34.1959],[-116.6801,34.1959],[-116.6799,34.1959],[-116.6796,34.1959],[-116.6794,34.1959],[-116.6793,34.1959],[-116.6792,34.1959],[-116.6791,34.1959],[-116.6791,34.196],[-116.679,34.196],[-116.679,34.1962],[-116.6791,34.1963],[-116.6791,34.1964],[-116.6792,34.1965],[-116.6793,34.1966],[-116.6793,34.1967],[-116.6793,34.1968],[-116.6793,34.1969],[-116.6794,34.1969],[-116.6794,34.197],[-116.6794,34.1971],[-116.6794,34.1972],[-116.6794,34.1973],[-116.6793,34.1973],[-116.6792,34.1973],[-116.6792,34.1972],[-116.6791,34.1972],[-116.679,34.1971],[-116.679,34.197],[-116.679,34.1969],[-116.679,34.1968],[-116.6791,34.1967],[-116.6791,34.1966],[-116.679,34.1965],[-116.6789,34.1964],[-116.6788,34.1963],[-116.6788,34.1962],[-116.6787,34.1961],[-116.6787,34.196],[-116.6787,34.1959],[-116.6788,34.1958],[-116.6789,34.1958],[-116.679,34.1957],[-116.6792,34.1957],[-116.6794,34.1956],[-116.6796,34.1955],[-116.6798,34.1955],[-116.6799,34.1954],[-116.6801,34.1954],[-116.6802,34.1953],[-116.6802,34.1952],[-116.6803,34.1952],[-116.6803,34.195],[-116.6803,34.1949],[-116.6803,34.1948],[-116.6802,34.1948],[-116.6802,34.1947],[-116.6801,34.1946],[-116.6801,34.1945],[-116.6801,34.1944],[-116.6801,34.1943],[-116.6801,34.1942],[-116.68,34.1941],[-116.6799,34.194],[-116.6797,34.194],[-116.6796,34.1939],[-116.6795,34.1938],[-116.6793,34.1938],[-116.6792,34.1938],[-116.6791,34.1937],[-116.679,34.1937],[-116.6788,34.1937],[-116.6787,34.1937],[-116.6786,34.1937],[-116.6785,34.1936],[-116.6784,34.1936],[-116.6783,34.1936],[-116.6782,34.1937],[-116.6781,34.1937],[-116.678,34.1936],[-116.6779,34.1936],[-116.6779,34.1935],[-116.6779,34.1934],[-116.6779,34.1933],[-116.6779,34.1932],[-116.678,34.1932],[-116.678,34.1931],[-116.6781,34.1931],[-116.6783,34.1931],[-116.6784,34.193],[-116.6785,34.193],[-116.6786,34.193],[-116.6787,34.1931],[-116.6788,34.1931],[-116.6789,34.1931],[-116.6789,34.193],[-116.679,34.193],[-116.6791,34.193],[-116.6792,34.193],[-116.6792,34.1931],[-116.6793,34.1931],[-116.6794,34.1932],[-116.6794,34.1933],[-116.6795,34.1933],[-116.6795,34.1934],[-116.6796,34.1934],[-116.6797,34.1934],[-116.6798,34.1934],[-116.6799,34.1934],[-116.68,34.1934],[-116.6801,34.1935],[-116.6802,34.1935],[-116.6804,34.1935],[-116.6805,34.1936],[-116.6806,34.1936],[-116.6807,34.1936],[-116.6807,34.1935],[-116.6808,34.1935],[-116.6809,34.1936],[-116.681,34.1936],[-116.6811,34.1935],[-116.6812,34.1935],[-116.6813,34.1934],[-116.6814,34.1934],[-116.6815,34.1934],[-116.6816,34.1934],[-116.6816,34.1935],[-116.6817,34.1935],[-116.6817,34.1936],[-116.6817,34.1937],[-116.6818,34.1938],[-116.6819,34.1938],[-116.682,34.1938],[-116.6821,34.1937],[-116.6822,34.1937],[-116.6823,34.1937],[-116.6824,34.1938],[-116.6825,34.1938],[-116.6826,34.1938],[-116.6827,34.1938],[-116.6828,34.1938],[-116.6829,34.1938],[-116.683,34.1938],[-116.683,34.1939],[-116.6831,34.1939],[-116.6832,34.1938],[-116.6833,34.1938],[-116.6834,34.1939],[-116.6835,34.1939],[-116.6836,34.1939],[-116.6836,34.1938],[-116.6837,34.1938],[-116.6838,34.1937],[-116.6839,34.1937],[-116.684,34.1936],[-116.6841,34.1936],[-116.6841,34.1935],[-116.684,34.1935],[-116.6839,34.1935],[-116.6838,34.1935],[-116.6837,34.1935],[-116.6836,34.1935],[-116.6834,34.1935],[-116.6833,34.1935],[-116.6831,34.1934],[-116.683,34.1934],[-116.6829,34.1933],[-116.6828,34.1932],[-116.6827,34.1931],[-116.6827,34.193],[-116.6826,34.1929],[-116.6825,34.1928],[-116.6823,34.1927],[-116.6822,34.1926],[-116.682,34.1925],[-116.6819,34.1924],[-116.6817,34.1923],[-116.6816,34.1922],[-116.6814,34.1921],[-116.6813,34.192]]}},{"type":"Feature","properties":{"id":"1N01","name":"PIPES CANYON","kind":"road","access":"plate","seasonal":false},"geometry":{"type":"LineString","coordinates":[[-116.665,34.1806],[-116.6648,34.1805],[-116.6647,34.1804],[-116.6645,34.1803],[-116.6644,34.1802],[-116.6643,34.1802],[-116.6642,34.1802],[-116.6641,34.1802],[-116.664,34.1802],[-116.6639,34.1802],[-116.6638,34.1803],[-116.6636,34.1804],[-116.6634,34.1805],[-116.663,34.1808],[-116.6627,34.1811],[-116.6625,34.1812],[-116.6624,34.1813],[-116.6623,34.1813],[-116.6622,34.1814],[-116.662,34.1814],[-116.6617,34.1815],[-116.6616,34.1816],[-116.6614,34.1817],[-116.6613,34.1818],[-116.6611,34.1818],[-116.6609,34.1819],[-116.6606,34.1819],[-116.6605,34.1819],[-116.6602,34.1819],[-116.66,34.1818],[-116.6597,34.1817],[-116.6593,34.1816],[-116.6591,34.1816],[-116.6589,34.1815],[-116.6588,34.1815],[-116.6587,34.1815],[-116.6586,34.1814],[-116.6586,34.1813],[-116.6587,34.1812],[-116.6589,34.1811],[-116.6589,34.181],[-116.659,34.181],[-116.6589,34.1809],[-116.6587,34.1808],[-116.6586,34.1807],[-116.6585,34.1806],[-116.6584,34.1806],[-116.6583,34.1806],[-116.6582,34.1806],[-116.6581,34.1806],[-116.6578,34.1807],[-116.6577,34.1807],[-116.6575,34.1808],[-116.6574,34.1808],[-116.6573,34.1808],[-116.6572,34.1808],[-116.6571,34.1808],[-116.6569,34.1809],[-116.6567,34.1809],[-116.6566,34.1808],[-116.6565,34.1807],[-116.6564,34.1806],[-116.6563,34.1806],[-116.6563,34.1805],[-116.6563,34.1804],[-116.6563,34.1803],[-116.6562,34.1802],[-116.6561,34.18],[-116.656,34.1798],[-116.6558,34.1796],[-116.6557,34.1795],[-116.6556,34.1794],[-116.6555,34.1794],[-116.6554,34.1792],[-116.6553,34.1791],[-116.6551,34.1789],[-116.6549,34.1789],[-116.6547,34.1788],[-116.6546,34.1788],[-116.6543,34.1788],[-116.6541,34.1788],[-116.6539,34.1788],[-116.6537,34.1787],[-116.6536,34.1787],[-116.6533,34.1786],[-116.653,34.1785],[-116.6527,34.1783],[-116.6524,34.1781],[-116.6522,34.1781],[-116.652,34.178]]}},{"type":"Feature","properties":{"id":"1N75","name":"HATHAWAY WEST                 ","kind":"road","access":"plate","seasonal":false},"geometry":{"type":"LineString","coordinates":[[-116.8901,34.1704],[-116.8901,34.1703],[-116.8901,34.1702],[-116.8901,34.1701],[-116.8901,34.17],[-116.8901,34.1699],[-116.89,34.1698],[-116.8898,34.1697],[-116.8897,34.1694],[-116.8895,34.1692],[-116.8895,34.1691],[-116.8895,34.1689],[-116.8896,34.1688],[-116.8896,34.1687],[-116.8896,34.1686],[-116.8896,34.1685],[-116.8896,34.1684],[-116.8895,34.1682],[-116.8895,34.1681],[-116.8895,34.168],[-116.8895,34.1679],[-116.8895,34.1678],[-116.8895,34.1677],[-116.8894,34.1676],[-116.8894,34.1675],[-116.8894,34.1674],[-116.8895,34.1673],[-116.8896,34.1673],[-116.8897,34.1672],[-116.8898,34.1672],[-116.8899,34.167],[-116.89,34.1669],[-116.89,34.1668],[-116.89,34.1667],[-116.8899,34.1665],[-116.8899,34.1664],[-116.8899,34.1662],[-116.8899,34.1661],[-116.89,34.1659],[-116.89,34.1656],[-116.8901,34.1655],[-116.8901,34.1654],[-116.8902,34.1653],[-116.8903,34.1653],[-116.8903,34.1652],[-116.8902,34.165],[-116.8902,34.1648],[-116.8902,34.1647],[-116.8902,34.1644],[-116.8903,34.1642],[-116.8902,34.1642],[-116.8901,34.164],[-116.8901,34.1637],[-116.8901,34.1635],[-116.8902,34.1632],[-116.8903,34.1627],[-116.8905,34.1622],[-116.8908,34.1616],[-116.8908,34.1615],[-116.8908,34.1614],[-116.8907,34.1614],[-116.8906,34.1614],[-116.8905,34.1614],[-116.8904,34.1614],[-116.8904,34.1613],[-116.8904,34.1612],[-116.8905,34.1612],[-116.8905,34.161],[-116.8906,34.1609]]}},{"type":"Feature","properties":{"id":"1S03A","name":"FALLS PICNIC AREA","kind":"road","access":"plate","seasonal":false},"geometry":{"type":"LineString","coordinates":[[-116.8924,34.0809],[-116.8924,34.081],[-116.8925,34.0811],[-116.8925,34.0812],[-116.8925,34.0813],[-116.8924,34.0814],[-116.8924,34.0815],[-116.8923,34.0816],[-116.8923,34.0817],[-116.8922,34.0818],[-116.8922,34.0819],[-116.8922,34.082],[-116.8923,34.0821],[-116.8924,34.0821],[-116.8925,34.0821],[-116.8926,34.0821],[-116.8927,34.0821],[-116.8928,34.0821],[-116.8929,34.082],[-116.8931,34.0819],[-116.8932,34.0818],[-116.8932,34.0817],[-116.8932,34.0816],[-116.8932,34.0815],[-116.8931,34.0814],[-116.8931,34.0813],[-116.8931,34.0812],[-116.8932,34.0812],[-116.8933,34.0811],[-116.8934,34.0811],[-116.8935,34.0811],[-116.8937,34.0811]]}},{"type":"Feature","properties":{"id":"1N47","name":"GREYBACK AMPHITHEATER         ","kind":"road","access":"plate","seasonal":false},"geometry":{"type":"LineString","coordinates":[[-116.8561,34.1733],[-116.8561,34.1735],[-116.8561,34.1737],[-116.8558,34.1737]]}},{"type":"Feature","properties":{"id":"1N09","name":"CITY CREEK","kind":"road","access":"plate","seasonal":false},"geometry":{"type":"LineString","coordinates":[[-117.1539,34.1771],[-117.1539,34.177],[-117.1539,34.1767],[-117.1542,34.1765],[-117.1542,34.1764],[-117.1541,34.1763],[-117.1538,34.1761],[-117.1534,34.1759],[-117.1534,34.1758],[-117.1533,34.1758],[-117.1532,34.1757],[-117.1532,34.1756],[-117.1531,34.1755],[-117.1531,34.1754],[-117.1531,34.1753],[-117.153,34.1753],[-117.1529,34.1752],[-117.1528,34.1752],[-117.1527,34.1751],[-117.1526,34.1751],[-117.1525,34.175],[-117.1523,34.175],[-117.1522,34.175],[-117.1522,34.1749],[-117.1521,34.1749],[-117.1519,34.1749],[-117.1517,34.1749],[-117.1515,34.1749],[-117.1514,34.175],[-117.1513,34.175],[-117.1512,34.175],[-117.1511,34.175],[-117.1511,34.1751],[-117.1511,34.1753],[-117.1511,34.1756],[-117.1511,34.1759],[-117.1511,34.176],[-117.151,34.1761],[-117.1509,34.1761],[-117.1508,34.1761],[-117.1507,34.1761],[-117.1506,34.176],[-117.1505,34.176],[-117.1505,34.1759],[-117.1505,34.1758],[-117.1504,34.1757],[-117.1503,34.1757],[-117.1502,34.1757],[-117.1502,34.1758],[-117.1502,34.1761],[-117.1502,34.1763],[-117.1501,34.1764],[-117.1501,34.1765],[-117.15,34.1765],[-117.15,34.1766],[-117.1499,34.1766],[-117.1498,34.1767],[-117.1497,34.1767],[-117.1496,34.1767],[-117.1496,34.1766],[-117.1495,34.1766],[-117.1494,34.1765],[-117.1494,34.1764],[-117.1493,34.1763],[-117.1492,34.1762],[-117.1491,34.1761],[-117.1489,34.176],[-117.1487,34.1759],[-117.1485,34.1758],[-117.1483,34.1757],[-117.1481,34.1757],[-117.148,34.1756],[-117.1478,34.1757],[-117.1477,34.1757],[-117.1476,34.1757],[-117.1475,34.1757],[-117.1474,34.1757],[-117.1473,34.1757],[-117.1472,34.1757],[-117.1471,34.1757],[-117.1469,34.1757],[-117.1468,34.1757],[-117.1467,34.1757],[-117.1466,34.1757],[-117.1465,34.1756],[-117.1464,34.1755],[-117.1463,34.1755],[-117.1462,34.1754],[-117.1462,34.1753],[-117.1463,34.1752],[-117.1464,34.1752],[-117.1465,34.1751],[-117.1465,34.175],[-117.1465,34.1749],[-117.1465,34.1748],[-117.1462,34.1743],[-117.1462,34.1742],[-117.1462,34.1741],[-117.1462,34.174],[-117.1462,34.1739],[-117.1462,34.1738],[-117.1462,34.1737],[-117.1462,34.1736],[-117.1463,34.1736],[-117.1463,34.1735],[-117.1463,34.1734],[-117.1463,34.1733],[-117.1462,34.1733],[-117.1461,34.1732],[-117.1458,34.173],[-117.1457,34.1729],[-117.1455,34.1728],[-117.1454,34.1726],[-117.1452,34.1724],[-117.1451,34.1724],[-117.1451,34.1723],[-117.145,34.1723],[-117.1449,34.1723],[-117.1449,34.1724],[-117.1448,34.1724],[-117.1447,34.1726],[-117.1446,34.1727],[-117.1445,34.1728],[-117.1444,34.1728],[-117.1443,34.1728],[-117.1442,34.1727],[-117.1442,34.1726],[-117.1442,34.1725],[-117.1441,34.1725],[-117.144,34.1725],[-117.1439,34.1725],[-117.1438,34.1725],[-117.1437,34.1725],[-117.1437,34.1724],[-117.1436,34.1723],[-117.1436,34.1722],[-117.1435,34.1721],[-117.1434,34.172],[-117.1433,34.1717],[-117.1433,34.1716],[-117.1432,34.1716],[-117.1431,34.1715],[-117.1431,34.1714],[-117.143,34.1714],[-117.143,34.1713],[-117.143,34.1712],[-117.1429,34.1711],[-117.1429,34.171],[-117.1428,34.171],[-117.1428,34.1709],[-117.1429,34.1708],[-117.1429,34.1707],[-117.1428,34.1706],[-117.1428,34.1705],[-117.1427,34.1704],[-117.1426,34.1703],[-117.1425,34.1702],[-117.1424,34.1702],[-117.1424,34.1701],[-117.1423,34.17],[-117.1422,34.17],[-117.1422,34.1699],[-117.1421,34.1699],[-117.142,34.1698],[-117.1419,34.1698],[-117.1419,34.1697],[-117.1418,34.1696],[-117.1418,34.1695],[-117.1419,34.1694],[-117.1419,34.1693],[-117.142,34.1692],[-117.1421,34.1691],[-117.1421,34.169],[-117.1422,34.1689],[-117.1422,34.1688],[-117.1421,34.1688],[-117.1421,34.1687],[-117.142,34.1686],[-117.1419,34.1686],[-117.1417,34.1685],[-117.1416,34.1686],[-117.1415,34.1686],[-117.1415,34.1687],[-117.1415,34.1688],[-117.1415,34.1689],[-117.1416,34.169],[-117.1417,34.1691],[-117.1417,34.1692],[-117.1415,34.1694],[-117.1414,34.1694],[-117.1413,34.1693],[-117.1412,34.1693],[-117.1411,34.1692],[-117.141,34.1692],[-117.1409,34.1693],[-117.1408,34.1693],[-117.1407,34.1694],[-117.1406,34.1695],[-117.1405,34.1695],[-117.1404,34.1695],[-117.1404,34.1694],[-117.1405,34.1693],[-117.1406,34.1692],[-117.1406,34.1691],[-117.1406,34.169],[-117.1406,34.1689],[-117.1405,34.1688],[-117.1405,34.1687],[-117.1405,34.1686],[-117.1405,34.1685],[-117.1406,34.1685],[-117.1407,34.1684],[-117.1407,34.1683],[-117.1407,34.1682],[-117.1407,34.1681],[-117.1407,34.168],[-117.1407,34.1679],[-117.1406,34.1678],[-117.1406,34.1677],[-117.1407,34.1677],[-117.1407,34.1676],[-117.1407,34.1675],[-117.1408,34.1674],[-117.1408,34.1672],[-117.1409,34.1672],[-117.1409,34.1671],[-117.141,34.1671],[-117.1411,34.167],[-117.1412,34.167],[-117.1413,34.167],[-117.1414,34.167],[-117.1414,34.1669],[-117.1414,34.1668],[-117.1414,34.1667],[-117.1415,34.1666],[-117.1415,34.1665],[-117.1416,34.1664],[-117.1416,34.1663],[-117.1417,34.1663],[-117.1417,34.1662],[-117.1418,34.1661],[-117.1417,34.166],[-117.1416,34.166],[-117.1415,34.1659],[-117.1414,34.1659],[-117.1412,34.166],[-117.1411,34.166],[-117.141,34.1661],[-117.141,34.1662],[-117.141,34.1663],[-117.141,34.1664],[-117.1409,34.1664],[-117.1409,34.1665],[-117.1408,34.1666],[-117.1407,34.1666],[-117.1406,34.1666],[-117.1405,34.1666],[-117.1404,34.1666],[-117.1403,34.1667],[-117.1401,34.1667],[-117.1399,34.1667],[-117.1398,34.1668],[-117.1397,34.1668],[-117.1395,34.1668],[-117.1394,34.1668],[-117.1393,34.1669],[-117.1393,34.167],[-117.1392,34.1671],[-117.1391,34.1672],[-117.139,34.1672],[-117.1389,34.1672],[-117.1389,34.1673],[-117.1388,34.1673],[-117.1388,34.1674],[-117.1387,34.1674],[-117.1386,34.1675],[-117.1385,34.1675],[-117.1384,34.1675],[-117.1383,34.1675],[-117.1382,34.1674],[-117.1381,34.1674],[-117.1379,34.1673],[-117.1378,34.1673],[-117.1377,34.1672],[-117.1376,34.1672],[-117.1376,34.1673],[-117.1376,34.1674],[-117.1378,34.1676],[-117.1378,34.1677],[-117.1378,34.1678],[-117.1377,34.1678],[-117.1376,34.1677],[-117.1375,34.1677],[-117.1374,34.1677],[-117.1373,34.1677],[-117.1373,34.1678],[-117.1372,34.1679],[-117.1372,34.168],[-117.1371,34.168],[-117.137,34.1681],[-117.1369,34.1681],[-117.1363,34.1681],[-117.1362,34.1681],[-117.1361,34.1681],[-117.136,34.1681],[-117.1359,34.1681],[-117.1358,34.168],[-117.1357,34.1679],[-117.1356,34.1679],[-117.1355,34.1679],[-117.1354,34.168],[-117.1353,34.168],[-117.1351,34.168],[-117.135,34.1681],[-117.1348,34.1682],[-117.1347,34.1682],[-117.1346,34.1682],[-117.1345,34.1683],[-117.1342,34.1684],[-117.1341,34.1685],[-117.1339,34.1686],[-117.1337,34.1688],[-117.1336,34.1689],[-117.1335,34.1691],[-117.1334,34.1692],[-117.1332,34.1694],[-117.133,34.1695],[-117.1329,34.1696],[-117.1328,34.1697],[-117.1327,34.1697],[-117.1325,34.1698],[-117.1322,34.1698],[-117.1322,34.1699],[-117.132,34.1699],[-117.1319,34.17],[-117.1318,34.1701],[-117.1317,34.1702],[-117.1316,34.1703],[-117.1316,34.1704],[-117.1315,34.1704],[-117.1315,34.1705],[-117.1314,34.1706],[-117.1314,34.1707],[-117.1313,34.1709],[-117.1312,34.1709],[-117.1312,34.171],[-117.1312,34.1711],[-117.1311,34.1712],[-117.1311,34.1713],[-117.1311,34.1714],[-117.1309,34.1714],[-117.1307,34.1715],[-117.1306,34.1715],[-117.1306,34.1716],[-117.1305,34.1717],[-117.1305,34.1718],[-117.1304,34.1719],[-117.1304,34.172],[-117.1303,34.1722],[-117.1303,34.1723],[-117.1303,34.1724],[-117.1303,34.1725],[-117.1302,34.1725],[-117.1301,34.1726],[-117.13,34.1727],[-117.13,34.1728],[-117.1299,34.1728],[-117.1298,34.1729],[-117.1297,34.173],[-117.1296,34.1731],[-117.1295,34.1731],[-117.1294,34.1731],[-117.1293,34.173],[-117.1293,34.1729],[-117.1293,34.1728],[-117.1293,34.1726],[-117.1293,34.1725],[-117.1293,34.1724],[-117.1293,34.1723],[-117.1293,34.1722],[-117.1293,34.1721],[-117.1293,34.172],[-117.1292,34.1719],[-117.129,34.1718],[-117.129,34.1717],[-117.1288,34.1714],[-117.1287,34.1713],[-117.1286,34.1712],[-117.1285,34.1711],[-117.1285,34.171],[-117.1285,34.1709],[-117.1285,34.1708],[-117.1284,34.1708],[-117.1284,34.1707],[-117.1284,34.1706],[-117.1284,34.1705],[-117.1284,34.1704],[-117.1283,34.1704],[-117.1282,34.1703],[-117.1281,34.1704],[-117.128,34.1704],[-117.1279,34.1704],[-117.1278,34.1705],[-117.1278,34.1706],[-117.1277,34.1707],[-117.1276,34.1708],[-117.1275,34.1709],[-117.1274,34.171],[-117.1273,34.171],[-117.1272,34.1711],[-117.1271,34.1711],[-117.127,34.1711],[-117.1269,34.1712],[-117.1268,34.1712],[-117.1266,34.1713],[-117.1265,34.1714],[-117.1264,34.1715],[-117.1263,34.1715],[-117.1263,34.1716],[-117.1263,34.1717],[-117.1264,34.1718],[-117.1265,34.1719],[-117.1266,34.172],[-117.1266,34.1721],[-117.1267,34.1722],[-117.1267,34.1723],[-117.1266,34.1723],[-117.1265,34.1724],[-117.1265,34.1723],[-117.1264,34.1723],[-117.1262,34.1722],[-117.1261,34.1722],[-117.126,34.1722],[-117.1259,34.1722],[-117.1257,34.1722],[-117.1256,34.1722],[-117.1254,34.1722],[-117.1254,34.1723],[-117.1253,34.1724],[-117.1252,34.1725],[-117.1252,34.1726],[-117.1252,34.1727],[-117.1252,34.1728],[-117.1252,34.1729],[-117.1251,34.173],[-117.1251,34.1731],[-117.1251,34.1732],[-117.125,34.1733],[-117.1249,34.1734],[-117.1248,34.1734],[-117.1247,34.1735],[-117.1245,34.1735],[-117.1243,34.1737],[-117.1241,34.1738],[-117.1239,34.1739],[-117.1237,34.174],[-117.1235,34.1741],[-117.1234,34.1742],[-117.1234,34.1743],[-117.1233,34.1744],[-117.1233,34.1746],[-117.1233,34.1747],[-117.1232,34.1748],[-117.1231,34.1749],[-117.1229,34.1751],[-117.1227,34.1753],[-117.1227,34.1754],[-117.1226,34.1755],[-117.1225,34.1756],[-117.1224,34.1757],[-117.1223,34.1757],[-117.1222,34.1756],[-117.1221,34.1756],[-117.1219,34.1755],[-117.1218,34.1754],[-117.1218,34.1753],[-117.1216,34.1753],[-117.1215,34.1752],[-117.1214,34.1752],[-117.1213,34.1753],[-117.1212,34.1753],[-117.1211,34.1754],[-117.121,34.1754],[-117.121,34.1753],[-117.1209,34.1753],[-117.1209,34.1752],[-117.1209,34.1751],[-117.1209,34.175],[-117.1209,34.1749],[-117.1208,34.1748],[-117.1207,34.1747],[-117.1207,34.1746],[-117.1207,34.1745],[-117.1208,34.1744],[-117.1208,34.1743],[-117.1208,34.1742],[-117.1208,34.1741],[-117.1208,34.174],[-117.1207,34.174],[-117.1206,34.1739],[-117.1206,34.1738],[-117.1204,34.1738],[-117.1203,34.1738],[-117.1202,34.1738],[-117.1201,34.1739],[-117.12,34.174],[-117.1199,34.1741],[-117.1198,34.1741],[-117.1197,34.1741],[-117.1196,34.1741],[-117.1195,34.1741],[-117.1194,34.1741],[-117.1193,34.1741],[-117.1192,34.1741],[-117.1191,34.1742],[-117.119,34.1743],[-117.1189,34.1743],[-117.1188,34.1744],[-117.1187,34.1744],[-117.1187,34.1745],[-117.1186,34.1746],[-117.1183,34.1748],[-117.1181,34.1749],[-117.118,34.175],[-117.1179,34.1751],[-117.1178,34.1751],[-117.1178,34.1752],[-117.1177,34.1752],[-117.1175,34.1752],[-117.1174,34.1752],[-117.1172,34.1752],[-117.1171,34.1752],[-117.1171,34.1751],[-117.1169,34.1751],[-117.1168,34.1751],[-117.1167,34.1752],[-117.1166,34.1753],[-117.1164,34.1754],[-117.1163,34.1755],[-117.1162,34.1755],[-117.1161,34.1756],[-117.116,34.1757],[-117.1158,34.1758],[-117.1158,34.1759],[-117.1157,34.176],[-117.1157,34.1761],[-117.1158,34.1762],[-117.1158,34.1764],[-117.1158,34.1765],[-117.1158,34.1766],[-117.1157,34.1766],[-117.1156,34.1766],[-117.1154,34.1765],[-117.1153,34.1764],[-117.1151,34.1764],[-117.1151,34.1763],[-117.115,34.1763],[-117.115,34.1762],[-117.115,34.1761],[-117.115,34.176],[-117.115,34.1759],[-117.1151,34.1758],[-117.1151,34.1756],[-117.1151,34.1755],[-117.1151,34.1754],[-117.1152,34.1753],[-117.1153,34.1752],[-117.1154,34.1751],[-117.1155,34.175],[-117.1156,34.1749],[-117.1157,34.1748],[-117.1157,34.1747],[-117.1158,34.1746],[-117.1158,34.1745],[-117.1157,34.1745],[-117.1157,34.1744],[-117.1157,34.1743],[-117.1156,34.1742],[-117.1156,34.1741],[-117.1155,34.174],[-117.1154,34.1739],[-117.1153,34.1738],[-117.1152,34.1738],[-117.1151,34.1737],[-117.115,34.1737],[-117.1149,34.1737],[-117.1148,34.1737],[-117.1148,34.1738],[-117.1147,34.1738],[-117.1146,34.1739],[-117.1146,34.174],[-117.1146,34.1742],[-117.1146,34.1743],[-117.1146,34.1744],[-117.1145,34.1745],[-117.1144,34.1746],[-117.1142,34.1746],[-117.1141,34.1747],[-117.1141,34.1748],[-117.1141,34.175],[-117.114,34.175],[-117.114,34.1751],[-117.114,34.1752],[-117.1139,34.1752],[-117.1138,34.1752],[-117.1137,34.1752],[-117.1136,34.1751],[-117.1135,34.1751],[-117.1134,34.175],[-117.1133,34.175],[-117.1132,34.175],[-117.1131,34.175],[-117.113,34.1751],[-117.1129,34.1751],[-117.1128,34.1751],[-117.1127,34.1751],[-117.1126,34.1751],[-117.1125,34.1751],[-117.1123,34.175],[-117.1122,34.175],[-117.1121,34.175],[-117.1119,34.1749],[-117.1118,34.1748],[-117.1117,34.1748],[-117.1116,34.1748],[-117.1115,34.1749],[-117.1114,34.1749],[-117.1113,34.175],[-117.1112,34.1749],[-117.1111,34.1749],[-117.1111,34.1748],[-117.1111,34.1747],[-117.1112,34.1746],[-117.1113,34.1745],[-117.1114,34.1744],[-117.1115,34.1744],[-117.1116,34.1743],[-117.1118,34.1742],[-117.1118,34.1741],[-117.1117,34.1741],[-117.1117,34.174],[-117.1116,34.174],[-117.1116,34.1739],[-117.1116,34.1738],[-117.1117,34.1738],[-117.1118,34.1736],[-117.112,34.1734],[-117.112,34.1733],[-117.1121,34.1732],[-117.1121,34.1731],[-117.112,34.173],[-117.1119,34.173],[-117.1118,34.1729],[-117.1117,34.1729],[-117.1116,34.1729],[-117.1115,34.1728],[-117.1114,34.1728],[-117.1113,34.1728],[-117.1113,34.1727],[-117.1112,34.1727],[-117.1112,34.1726],[-117.1112,34.1725],[-117.1111,34.1725],[-117.111,34.1725],[-117.1109,34.1724],[-117.1108,34.1724],[-117.1107,34.1724],[-117.1106,34.1724],[-117.1106,34.1723],[-117.1105,34.1723],[-117.1105,34.1722],[-117.1104,34.1721],[-117.1103,34.172],[-117.1102,34.1719],[-117.1101,34.1719],[-117.11,34.1719],[-117.1098,34.172],[-117.1097,34.1721],[-117.1095,34.1722],[-117.1093,34.1723],[-117.1092,34.1724],[-117.1091,34.1725],[-117.1089,34.1725],[-117.1088,34.1726],[-117.1087,34.1727],[-117.1086,34.1728],[-117.1085,34.1729],[-117.1084,34.1729],[-117.1083,34.1729],[-117.1082,34.1729],[-117.1081,34.1729],[-117.108,34.1729],[-117.1079,34.173],[-117.1078,34.173],[-117.1077,34.173],[-117.1077,34.1729],[-117.1077,34.1728],[-117.1077,34.1726],[-117.1077,34.1725],[-117.1077,34.1722],[-117.1077,34.1721],[-117.1077,34.172],[-117.1077,34.1719],[-117.1076,34.1719],[-117.1076,34.1718],[-117.1076,34.1717],[-117.1076,34.1716],[-117.1076,34.1715],[-117.1076,34.1714],[-117.1075,34.1714],[-117.1075,34.1713],[-117.1074,34.1713],[-117.1073,34.1712],[-117.1072,34.1711],[-117.1071,34.1711],[-117.107,34.1711],[-117.1068,34.1711],[-117.1067,34.1712],[-117.1065,34.1712],[-117.1064,34.1712],[-117.1063,34.1712],[-117.1063,34.1711],[-117.1062,34.171],[-117.1062,34.1709],[-117.1062,34.1708],[-117.1061,34.1707],[-117.106,34.1706],[-117.1059,34.1707],[-117.1058,34.1707],[-117.1057,34.1708],[-117.1056,34.1708],[-117.1055,34.1709],[-117.1055,34.171],[-117.1054,34.171],[-117.1053,34.1711],[-117.1052,34.1712],[-117.1052,34.1713],[-117.1052,34.1714],[-117.1051,34.1714],[-117.1051,34.1715],[-117.105,34.1715],[-117.1049,34.1715],[-117.1047,34.1714],[-117.1046,34.1714],[-117.1045,34.1714],[-117.1043,34.1715],[-117.1042,34.1715],[-117.1041,34.1714],[-117.104,34.1713],[-117.104,34.1712],[-117.1039,34.1711],[-117.1039,34.171],[-117.1038,34.171],[-117.1037,34.171],[-117.1036,34.171],[-117.1035,34.1711],[-117.1035,34.1712],[-117.1035,34.1713],[-117.1034,34.1713],[-117.1034,34.1714],[-117.1034,34.1715],[-117.1035,34.1716],[-117.1035,34.1717],[-117.1035,34.1718],[-117.1036,34.172],[-117.1036,34.1721],[-117.1036,34.1722],[-117.1036,34.1723],[-117.1036,34.1724],[-117.1035,34.1725],[-117.1034,34.1726],[-117.1032,34.1727],[-117.1031,34.1727],[-117.103,34.1728],[-117.103,34.1729],[-117.1031,34.173],[-117.1032,34.1731],[-117.1032,34.1732],[-117.1032,34.1734],[-117.1033,34.1735],[-117.1033,34.1736],[-117.1032,34.1737],[-117.1031,34.1737],[-117.1031,34.1738],[-117.103,34.1738],[-117.1029,34.1737],[-117.1028,34.1737],[-117.1026,34.1737],[-117.1025,34.1737],[-117.1022,34.1738],[-117.1021,34.1738],[-117.102,34.1738],[-117.1019,34.1738],[-117.1018,34.1737],[-117.1017,34.1737],[-117.1016,34.1738],[-117.1015,34.1738],[-117.1015,34.1739],[-117.1014,34.1739],[-117.1013,34.1739],[-117.1012,34.1739],[-117.1011,34.1739],[-117.101,34.1738],[-117.1009,34.1738],[-117.1008,34.1738],[-117.1007,34.1738],[-117.1006,34.1738],[-117.1005,34.1738],[-117.1004,34.1739],[-117.1003,34.1739],[-117.1002,34.174],[-117.1001,34.174],[-117.1001,34.1741],[-117.1,34.1741],[-117.0998,34.1742],[-117.0997,34.1742],[-117.0997,34.1743],[-117.0996,34.1743],[-117.0996,34.1744],[-117.0996,34.1745],[-117.0995,34.1746],[-117.0994,34.1747],[-117.0994,34.1748],[-117.0993,34.1749],[-117.0991,34.1749],[-117.099,34.175],[-117.0989,34.1749],[-117.0988,34.1749],[-117.0988,34.1748],[-117.0987,34.1747],[-117.0986,34.1747],[-117.0986,34.1746],[-117.0984,34.1745],[-117.0984,34.1744],[-117.0983,34.1743],[-117.0983,34.1742],[-117.0982,34.1741],[-117.0982,34.174],[-117.0981,34.1739],[-117.0981,34.1738],[-117.0981,34.1737],[-117.098,34.1736],[-117.098,34.1734],[-117.098,34.1733],[-117.0981,34.1732],[-117.0982,34.1731],[-117.0982,34.173],[-117.0982,34.1729],[-117.0982,34.1728],[-117.0983,34.1727],[-117.0984,34.1726],[-117.0985,34.1724],[-117.0986,34.1723],[-117.0987,34.1723],[-117.0987,34.1722],[-117.0987,34.172],[-117.0987,34.1719],[-117.0988,34.1719],[-117.0989,34.1718],[-117.099,34.1717],[-117.0992,34.1716],[-117.0992,34.1715],[-117.0991,34.1714],[-117.099,34.1715],[-117.0989,34.1715],[-117.0988,34.1716],[-117.0987,34.1717],[-117.0986,34.1717],[-117.0984,34.1718],[-117.0982,34.1719],[-117.0981,34.1719],[-117.098,34.172],[-117.0979,34.1721],[-117.0978,34.1722],[-117.0977,34.1722],[-117.0976,34.1722],[-117.0975,34.1722],[-117.0974,34.1722],[-117.0973,34.1723],[-117.0972,34.1723],[-117.0971,34.1724],[-117.097,34.1724],[-117.097,34.1725],[-117.0969,34.1726],[-117.0967,34.1727],[-117.0964,34.1728],[-117.0963,34.1729],[-117.0962,34.173],[-117.0962,34.1731],[-117.0961,34.1731],[-117.096,34.1732],[-117.0959,34.1732],[-117.0958,34.1731],[-117.0958,34.173],[-117.0957,34.173],[-117.0957,34.1729],[-117.0957,34.1727],[-117.0957,34.1726],[-117.0957,34.1724],[-117.0957,34.1723],[-117.0957,34.1722],[-117.0957,34.1721],[-117.0956,34.1721],[-117.0956,34.172],[-117.0955,34.1719],[-117.0954,34.1718],[-117.0954,34.1717],[-117.0953,34.1717],[-117.0952,34.1716],[-117.0951,34.1715],[-117.0951,34.1714],[-117.0952,34.1713],[-117.0952,34.1712],[-117.0953,34.1711],[-117.0954,34.171],[-117.0954,34.1709],[-117.0955,34.1709],[-117.0955,34.1708],[-117.0955,34.1707],[-117.0954,34.1706],[-117.0953,34.1705],[-117.0953,34.1704],[-117.0953,34.1703],[-117.0952,34.1702],[-117.0953,34.1701],[-117.0954,34.17],[-117.0954,34.1699],[-117.0954,34.1698],[-117.0952,34.1699],[-117.095,34.17],[-117.0949,34.1701],[-117.0949,34.1702],[-117.0948,34.1703],[-117.0946,34.1703],[-117.0945,34.1703],[-117.0943,34.1703],[-117.0942,34.1703],[-117.0941,34.1704],[-117.0941,34.1705],[-117.094,34.1705],[-117.0939,34.1706],[-117.0938,34.1706],[-117.0937,34.1706],[-117.0936,34.1705],[-117.0933,34.1704],[-117.0931,34.1703],[-117.0929,34.1702],[-117.0928,34.1702],[-117.0926,34.1702],[-117.0925,34.1703],[-117.0924,34.1703],[-117.0924,34.1702],[-117.0923,34.1702],[-117.0923,34.1701],[-117.0922,34.17],[-117.0921,34.17],[-117.092,34.1699],[-117.0918,34.1699],[-117.0916,34.1699],[-117.0914,34.1698],[-117.0913,34.1698],[-117.0912,34.1698],[-117.0911,34.1698],[-117.0909,34.1698],[-117.0908,34.1697],[-117.0906,34.1697],[-117.0905,34.1697],[-117.0904,34.1696],[-117.0903,34.1696],[-117.0901,34.1696],[-117.09,34.1696],[-117.0898,34.1695],[-117.0896,34.1695],[-117.0895,34.1695],[-117.0894,34.1695],[-117.0893,34.1695],[-117.0891,34.1694],[-117.0889,34.1694],[-117.0888,34.1694],[-117.0887,34.1695],[-117.0887,34.1696],[-117.0887,34.1697],[-117.0886,34.1697],[-117.0884,34.1698],[-117.0882,34.1699],[-117.0881,34.17],[-117.0881,34.1701],[-117.0879,34.1702],[-117.0879,34.1703],[-117.0878,34.1704],[-117.0877,34.1704],[-117.0876,34.1705],[-117.0875,34.1705],[-117.0874,34.1705],[-117.0874,34.1704],[-117.0874,34.1703],[-117.0875,34.1701],[-117.0875,34.17],[-117.0874,34.1698],[-117.0874,34.1697],[-117.0873,34.1696],[-117.0873,34.1695],[-117.0872,34.1694],[-117.0872,34.1693],[-117.0872,34.1692],[-117.0871,34.1692],[-117.087,34.1691],[-117.0868,34.1691],[-117.0866,34.1691],[-117.0865,34.1692],[-117.0863,34.1692],[-117.086,34.1693],[-117.0859,34.1693],[-117.0858,34.1693],[-117.0858,34.1692],[-117.0857,34.1691],[-117.0856,34.169],[-117.0855,34.1689],[-117.0854,34.1688],[-117.0853,34.1688],[-117.0852,34.1687],[-117.0852,34.1686],[-117.0851,34.1686],[-117.0851,34.1685],[-117.085,34.1685],[-117.0849,34.1685],[-117.0848,34.1684],[-117.0847,34.1684],[-117.0846,34.1684],[-117.0845,34.1684],[-117.0845,34.1683],[-117.0844,34.1683],[-117.0843,34.1683],[-117.0842,34.1683],[-117.0841,34.1682],[-117.084,34.1682],[-117.0839,34.1682],[-117.0838,34.1682],[-117.0837,34.1682],[-117.0836,34.1682],[-117.0834,34.1682],[-117.0833,34.1681],[-117.0832,34.1681],[-117.083,34.1681],[-117.0829,34.1681],[-117.0828,34.1681],[-117.0827,34.168],[-117.0826,34.168],[-117.0825,34.168],[-117.0824,34.168],[-117.0823,34.168],[-117.0821,34.168],[-117.082,34.168],[-117.0819,34.168],[-117.0818,34.1679],[-117.0818,34.1678],[-117.0818,34.1677],[-117.0818,34.1676],[-117.0818,34.1675],[-117.0819,34.1675],[-117.082,34.1674],[-117.082,34.1673],[-117.0822,34.1672],[-117.0823,34.1671],[-117.0823,34.167],[-117.0824,34.167],[-117.0824,34.1669],[-117.0824,34.1668],[-117.0824,34.1667],[-117.0824,34.1666],[-117.0823,34.1666],[-117.0823,34.1665],[-117.0822,34.1664],[-117.0821,34.1663],[-117.082,34.1663],[-117.082,34.1662],[-117.0819,34.1661],[-117.0819,34.166],[-117.0818,34.166],[-117.0817,34.1659],[-117.0816,34.1659],[-117.0815,34.1659],[-117.0814,34.1659],[-117.0813,34.1659],[-117.0812,34.1659],[-117.0811,34.1658],[-117.081,34.1658],[-117.0809,34.1657],[-117.0808,34.1656],[-117.0808,34.1655],[-117.0807,34.1654],[-117.0806,34.1651],[-117.0805,34.165],[-117.0805,34.1649],[-117.0805,34.1648],[-117.0804,34.1647],[-117.0803,34.1647],[-117.0802,34.1646],[-117.0801,34.1646],[-117.08,34.1646],[-117.0799,34.1645],[-117.0797,34.1645],[-117.0795,34.1645],[-117.0794,34.1646],[-117.0793,34.1646],[-117.0793,34.1647],[-117.0792,34.1649],[-117.079,34.1652],[-117.0789,34.1652],[-117.0789,34.1653],[-117.0788,34.1653],[-117.0787,34.1653],[-117.0786,34.1652],[-117.0784,34.1651],[-117.0782,34.165],[-117.0782,34.1649],[-117.0781,34.1648],[-117.0781,34.1647],[-117.0781,34.1646],[-117.0781,34.1645],[-117.0781,34.1644],[-117.0781,34.1643],[-117.0781,34.1642],[-117.078,34.1641],[-117.0779,34.1639],[-117.0779,34.1638],[-117.0778,34.1637],[-117.0777,34.1637],[-117.0776,34.1637],[-117.0776,34.1638],[-117.0776,34.1639],[-117.0775,34.164],[-117.0775,34.1641],[-117.0775,34.1642],[-117.0775,34.1643],[-117.0774,34.1644],[-117.0774,34.1645],[-117.0773,34.1645],[-117.0772,34.1646],[-117.0772,34.1647],[-117.0771,34.1649],[-117.077,34.165],[-117.077,34.1651],[-117.0769,34.1651],[-117.0769,34.1653],[-117.0769,34.1654],[-117.0769,34.1655],[-117.0769,34.1656],[-117.077,34.1658],[-117.0771,34.166],[-117.0771,34.1661],[-117.0771,34.1662],[-117.0771,34.1663],[-117.0771,34.1664],[-117.077,34.1665],[-117.077,34.1666],[-117.077,34.1667],[-117.0771,34.1668],[-117.0773,34.1669],[-117.0774,34.1669],[-117.0775,34.167],[-117.0775,34.1671],[-117.0775,34.1672],[-117.0774,34.1672],[-117.0773,34.1672],[-117.0772,34.1672],[-117.077,34.1671],[-117.0769,34.167],[-117.0767,34.167],[-117.0767,34.1671],[-117.0767,34.1672],[-117.0768,34.1672],[-117.0769,34.1673],[-117.077,34.1674],[-117.0771,34.1674],[-117.0772,34.1674],[-117.0772,34.1675],[-117.0772,34.1676],[-117.0771,34.1676],[-117.0769,34.1676],[-117.0767,34.1676],[-117.0766,34.1676],[-117.0764,34.1676],[-117.0762,34.1675],[-117.0761,34.1676],[-117.076,34.1676],[-117.076,34.1677],[-117.076,34.1678],[-117.076,34.1679],[-117.076,34.168],[-117.0759,34.168],[-117.0758,34.168],[-117.0758,34.1679],[-117.0757,34.1677],[-117.0756,34.1677],[-117.0755,34.1676],[-117.0754,34.1676],[-117.0751,34.1676],[-117.0749,34.1676],[-117.0748,34.1675],[-117.0748,34.1674],[-117.0749,34.1673],[-117.0749,34.1672],[-117.075,34.1671],[-117.075,34.167],[-117.0749,34.1669],[-117.0748,34.1668],[-117.0747,34.1668],[-117.0745,34.1667],[-117.0744,34.1666],[-117.0742,34.1666],[-117.0741,34.1666],[-117.074,34.1666],[-117.0739,34.1667],[-117.0738,34.1667],[-117.0737,34.1668],[-117.0736,34.1669],[-117.0733,34.1669],[-117.073,34.1669],[-117.0729,34.1669],[-117.0728,34.167],[-117.0728,34.1671],[-117.0727,34.1672],[-117.0726,34.1673],[-117.0725,34.1673],[-117.0723,34.1675],[-117.0722,34.1676],[-117.0721,34.1676],[-117.072,34.1676],[-117.0719,34.1676],[-117.0718,34.1676],[-117.0717,34.1675],[-117.0717,34.1674],[-117.0717,34.1672],[-117.0717,34.1671],[-117.0716,34.167],[-117.0715,34.167],[-117.0714,34.1671],[-117.0712,34.1671],[-117.0711,34.1672],[-117.071,34.1672],[-117.0709,34.1672],[-117.0709,34.1671],[-117.0708,34.167],[-117.0707,34.167],[-117.0706,34.167],[-117.0705,34.167],[-117.0704,34.167],[-117.0704,34.1671],[-117.0703,34.1672],[-117.0702,34.1673],[-117.0702,34.1674],[-117.0701,34.1675],[-117.0701,34.1676],[-117.07,34.1677],[-117.0699,34.1677],[-117.0698,34.1676],[-117.0698,34.1675],[-117.0697,34.1674],[-117.0697,34.1673],[-117.0697,34.1672],[-117.0696,34.1672],[-117.0695,34.1672],[-117.0694,34.1672],[-117.0693,34.1671],[-117.0692,34.167],[-117.0691,34.167],[-117.069,34.167],[-117.0689,34.1671],[-117.0688,34.1671],[-117.0687,34.1672],[-117.0686,34.1672],[-117.0685,34.1672],[-117.0685,34.1671],[-117.0684,34.167],[-117.0684,34.1669],[-117.0685,34.1668],[-117.0685,34.1667],[-117.0686,34.1667],[-117.0687,34.1667],[-117.0687,34.1666],[-117.0687,34.1665],[-117.0686,34.1665],[-117.0685,34.1665],[-117.0684,34.1665],[-117.0682,34.1666],[-117.0681,34.1667],[-117.068,34.1667],[-117.0678,34.1668],[-117.0677,34.1668],[-117.0676,34.1668],[-117.0675,34.1668],[-117.0674,34.1667],[-117.0673,34.1666],[-117.0672,34.1666],[-117.0671,34.1667],[-117.0671,34.1668],[-117.067,34.1669],[-117.067,34.167],[-117.0669,34.167],[-117.0668,34.1671],[-117.0667,34.1671],[-117.0665,34.167],[-117.0664,34.1671],[-117.0663,34.1671],[-117.0662,34.1671],[-117.0662,34.1672],[-117.066,34.1674],[-117.066,34.1675],[-117.0659,34.1676],[-117.0659,34.1677],[-117.0658,34.1677],[-117.0657,34.1678],[-117.0657,34.1679],[-117.0656,34.168],[-117.0656,34.1681],[-117.0656,34.1683],[-117.0656,34.1684],[-117.0657,34.1685],[-117.0656,34.1686],[-117.0656,34.1687],[-117.0657,34.1688],[-117.0657,34.1689],[-117.0657,34.169],[-117.0656,34.169],[-117.0655,34.169],[-117.0654,34.1689],[-117.0652,34.1687],[-117.0651,34.1686],[-117.065,34.1685],[-117.065,34.1684],[-117.0649,34.1682],[-117.0649,34.168],[-117.0648,34.1679],[-117.0648,34.1678],[-117.0648,34.1677],[-117.0647,34.1676],[-117.0646,34.1676],[-117.0644,34.1677],[-117.0642,34.1677],[-117.0641,34.1678],[-117.0641,34.1679],[-117.0641,34.1681],[-117.0641,34.1682],[-117.0641,34.1683],[-117.0641,34.1684],[-117.064,34.1685],[-117.0639,34.1686],[-117.0638,34.1687],[-117.0637,34.1689],[-117.0635,34.1689],[-117.0634,34.169],[-117.0632,34.1691],[-117.0632,34.1692],[-117.0631,34.1693],[-117.0631,34.1695],[-117.0631,34.1696],[-117.0632,34.1696],[-117.0632,34.1697],[-117.0632,34.1698],[-117.0631,34.1699],[-117.063,34.1699],[-117.0629,34.17],[-117.0629,34.1701],[-117.0629,34.1702],[-117.0628,34.1702],[-117.0627,34.1703],[-117.0627,34.1704],[-117.0627,34.1705],[-117.0627,34.1706],[-117.0627,34.1707],[-117.0626,34.1708],[-117.0626,34.1709],[-117.0626,34.171],[-117.0627,34.1711],[-117.0626,34.1712],[-117.0625,34.1713],[-117.0624,34.1713],[-117.0623,34.1712],[-117.0622,34.1711],[-117.0621,34.171],[-117.062,34.171],[-117.0619,34.1709],[-117.0618,34.1707],[-117.0618,34.1706],[-117.0617,34.1704],[-117.0616,34.1703],[-117.0615,34.1702],[-117.0614,34.1702],[-117.0613,34.1702],[-117.0612,34.1702],[-117.0611,34.1703],[-117.0611,34.1704],[-117.061,34.1705],[-117.061,34.1706],[-117.061,34.1707],[-117.0609,34.1708],[-117.0608,34.1708],[-117.0607,34.1709],[-117.0606,34.1709],[-117.0606,34.1708],[-117.0605,34.1707],[-117.0604,34.1706],[-117.0603,34.1704],[-117.0602,34.1703],[-117.0601,34.1702],[-117.0598,34.1699],[-117.0597,34.1698],[-117.0596,34.1697],[-117.0594,34.1695],[-117.0593,34.1695],[-117.0592,34.1695],[-117.0591,34.1695],[-117.059,34.1695],[-117.0588,34.1697],[-117.0587,34.1698],[-117.0586,34.1699],[-117.0585,34.1699],[-117.0584,34.17],[-117.0583,34.17],[-117.0582,34.1701],[-117.0581,34.1701],[-117.0579,34.1702],[-117.0578,34.1702],[-117.0577,34.1703],[-117.0575,34.1703],[-117.0574,34.1703],[-117.0574,34.1702],[-117.0574,34.1701],[-117.0575,34.17],[-117.0575,34.1699],[-117.0576,34.1698],[-117.0577,34.1697],[-117.0578,34.1696],[-117.0579,34.1695],[-117.0579,34.1694],[-117.0579,34.1693],[-117.0579,34.1691],[-117.0578,34.1689],[-117.0578,34.1688],[-117.0577,34.1687],[-117.0577,34.1686],[-117.0576,34.1685],[-117.0575,34.1684],[-117.0574,34.1684],[-117.0572,34.1683],[-117.0571,34.1683],[-117.057,34.1683],[-117.0566,34.1683],[-117.0563,34.1683],[-117.0562,34.1684],[-117.0561,34.1684],[-117.0561,34.1685],[-117.0561,34.1687],[-117.0561,34.1688],[-117.0561,34.1689],[-117.0561,34.169],[-117.0561,34.1692],[-117.0561,34.1693],[-117.0561,34.1694],[-117.056,34.1695],[-117.0558,34.1696],[-117.0557,34.1696],[-117.0556,34.1696],[-117.0555,34.1696],[-117.0553,34.1695],[-117.0552,34.1695],[-117.0551,34.1696],[-117.0549,34.1697],[-117.0547,34.1697],[-117.0546,34.1698],[-117.0544,34.1698],[-117.0543,34.1698],[-117.0541,34.1699],[-117.054,34.17],[-117.0539,34.1701],[-117.0537,34.1701],[-117.0536,34.1701],[-117.0535,34.1701],[-117.0534,34.1701],[-117.0533,34.1702],[-117.0531,34.1702],[-117.0528,34.1703],[-117.0527,34.1703],[-117.0525,34.1704],[-117.0524,34.1704],[-117.0522,34.1704],[-117.0521,34.1705],[-117.052,34.1704],[-117.0519,34.1704],[-117.0519,34.1703],[-117.0518,34.1703],[-117.0518,34.1702],[-117.0519,34.1701],[-117.052,34.17],[-117.0521,34.1698],[-117.0523,34.1696],[-117.0524,34.1695],[-117.0525,34.1695],[-117.0526,34.1694],[-117.0527,34.1694],[-117.0529,34.1694],[-117.0532,34.1694],[-117.0533,34.1694],[-117.0534,34.1694],[-117.0535,34.1693],[-117.0536,34.1692],[-117.0536,34.1691],[-117.0536,34.169],[-117.0535,34.1689],[-117.0534,34.1689],[-117.0533,34.1689],[-117.0532,34.1688],[-117.0531,34.1688],[-117.053,34.1688],[-117.0529,34.1687],[-117.0527,34.1687],[-117.0526,34.1686],[-117.0524,34.1686],[-117.0523,34.1685],[-117.052,34.1683],[-117.0517,34.1682],[-117.0515,34.1681],[-117.0514,34.168],[-117.0512,34.168],[-117.0511,34.1679],[-117.0508,34.1678],[-117.0507,34.1677],[-117.0506,34.1676],[-117.0505,34.1676],[-117.0504,34.1676],[-117.0503,34.1676],[-117.0502,34.1676],[-117.0501,34.1676],[-117.05,34.1677],[-117.0499,34.1678],[-117.0498,34.1679],[-117.0498,34.168],[-117.0497,34.1682],[-117.0496,34.1683],[-117.0495,34.1684],[-117.0495,34.1685],[-117.0494,34.1685],[-117.0493,34.1686],[-117.0492,34.1687],[-117.0492,34.1688],[-117.0492,34.1689],[-117.0492,34.169],[-117.0492,34.1691],[-117.0491,34.1692],[-117.049,34.1693],[-117.0489,34.1693],[-117.0488,34.1694],[-117.0487,34.1694],[-117.0486,34.1694],[-117.0484,34.1694],[-117.0482,34.1694],[-117.0481,34.1694],[-117.048,34.1694],[-117.0478,34.1693],[-117.0476,34.1693],[-117.0475,34.1692],[-117.0474,34.1692],[-117.0473,34.1692],[-117.0471,34.1692],[-117.047,34.1692],[-117.0469,34.1692],[-117.0468,34.1692],[-117.0467,34.1692],[-117.0466,34.1692],[-117.0465,34.1692],[-117.0464,34.1691],[-117.0463,34.1691],[-117.0462,34.1692],[-117.0461,34.1692],[-117.0461,34.1691],[-117.0459,34.1691],[-117.0458,34.1691],[-117.0457,34.1691],[-117.0456,34.1691],[-117.0455,34.1692],[-117.0454,34.1692],[-117.0453,34.1693],[-117.0452,34.1693],[-117.0451,34.1693],[-117.045,34.1692],[-117.045,34.1691],[-117.0451,34.169],[-117.0451,34.1689],[-117.0452,34.1689],[-117.0453,34.1688],[-117.0454,34.1687],[-117.0455,34.1686],[-117.0456,34.1686],[-117.0458,34.1685],[-117.046,34.1684],[-117.0461,34.1683],[-117.0462,34.1682],[-117.0463,34.1682],[-117.0464,34.1681],[-117.0465,34.168],[-117.0466,34.168],[-117.0467,34.1679],[-117.0468,34.1678],[-117.0468,34.1677],[-117.0469,34.1676],[-117.0469,34.1675],[-117.0469,34.1674],[-117.0469,34.1672],[-117.0469,34.1671],[-117.0469,34.167],[-117.0469,34.1669],[-117.047,34.1668],[-117.047,34.1667],[-117.047,34.1666],[-117.047,34.1665],[-117.047,34.1664],[-117.0471,34.1663],[-117.0472,34.1663],[-117.0473,34.1662],[-117.0473,34.1661],[-117.0474,34.166],[-117.0474,34.1659],[-117.0475,34.1658],[-117.0475,34.1657],[-117.0475,34.1656],[-117.0475,34.1655],[-117.0475,34.1654],[-117.0474,34.1653],[-117.0473,34.1651],[-117.0473,34.165],[-117.0472,34.1648],[-117.0471,34.1646],[-117.0471,34.1645],[-117.047,34.1643],[-117.047,34.1642],[-117.0469,34.1641],[-117.0468,34.164],[-117.0467,34.164],[-117.0467,34.1639],[-117.0467,34.1638],[-117.0466,34.1638],[-117.0465,34.1637],[-117.0463,34.1637],[-117.0462,34.1636],[-117.0461,34.1636],[-117.0461,34.1635],[-117.046,34.1635],[-117.046,34.1634],[-117.046,34.1633],[-117.0461,34.1632],[-117.0461,34.1631],[-117.0462,34.163],[-117.0463,34.1629],[-117.0463,34.1627],[-117.0464,34.1627],[-117.0464,34.1626],[-117.0464,34.1625],[-117.0465,34.1624],[-117.0465,34.1623],[-117.0465,34.1622],[-117.0465,34.1621],[-117.0466,34.1621],[-117.0466,34.162],[-117.0466,34.1619],[-117.0466,34.1618],[-117.0467,34.1616],[-117.0467,34.1615],[-117.0468,34.1614],[-117.0468,34.1613],[-117.0468,34.1612],[-117.0469,34.1611],[-117.0469,34.161],[-117.047,34.1609],[-117.047,34.1608],[-117.0471,34.1607],[-117.0472,34.1607],[-117.0472,34.1606],[-117.0472,34.1605],[-117.0472,34.1604],[-117.0472,34.1602],[-117.0471,34.1601],[-117.0471,34.1599],[-117.047,34.1598],[-117.0469,34.1598],[-117.0468,34.1597],[-117.0464,34.16],[-117.0463,34.1601],[-117.0461,34.1602],[-117.046,34.1603],[-117.0459,34.1604],[-117.0458,34.1606],[-117.0456,34.1609],[-117.0454,34.1611],[-117.0453,34.1612],[-117.0452,34.1613],[-117.0451,34.1614],[-117.045,34.1614],[-117.0449,34.1614],[-117.0448,34.1613],[-117.0447,34.1612],[-117.0446,34.1611],[-117.0445,34.1611],[-117.0444,34.1611],[-117.0443,34.1612],[-117.0442,34.1612],[-117.044,34.1613],[-117.0439,34.1614],[-117.0438,34.1614],[-117.0437,34.1615],[-117.0437,34.1616],[-117.0437,34.1617],[-117.0437,34.1619],[-117.0437,34.162],[-117.0437,34.1621],[-117.0437,34.1622],[-117.0436,34.1623],[-117.0435,34.1623],[-117.0434,34.1624],[-117.0432,34.1624],[-117.043,34.1624],[-117.0429,34.1624],[-117.0428,34.1624],[-117.0427,34.1625],[-117.0426,34.1625],[-117.0425,34.1625],[-117.0424,34.1624],[-117.0423,34.1624],[-117.0422,34.1624],[-117.0421,34.1624],[-117.042,34.1627],[-117.042,34.1628],[-117.042,34.163],[-117.0419,34.1631],[-117.0418,34.1632],[-117.0418,34.1633],[-117.0417,34.1635],[-117.0417,34.1636],[-117.0417,34.1637],[-117.0417,34.1638],[-117.0416,34.1639],[-117.0416,34.164],[-117.0415,34.1641],[-117.0414,34.1641],[-117.0412,34.1642],[-117.0411,34.1642],[-117.041,34.1643],[-117.0408,34.1645],[-117.0407,34.1646],[-117.0406,34.1647],[-117.0406,34.1648],[-117.0406,34.1649],[-117.0406,34.165],[-117.0405,34.1651],[-117.0405,34.1652],[-117.0404,34.1654],[-117.0403,34.1655],[-117.0403,34.1656],[-117.0402,34.1657],[-117.0401,34.1657],[-117.04,34.1658],[-117.0399,34.1658],[-117.0398,34.1659],[-117.0397,34.1659],[-117.0396,34.166],[-117.0395,34.1661],[-117.0395,34.1662],[-117.0394,34.1663],[-117.0394,34.1664],[-117.0393,34.1665],[-117.0393,34.1666],[-117.0392,34.1667],[-117.0391,34.1668],[-117.0391,34.1669],[-117.039,34.167],[-117.0389,34.1671],[-117.0388,34.1671],[-117.0387,34.167],[-117.0386,34.167],[-117.0385,34.167],[-117.0384,34.167],[-117.0384,34.1671],[-117.0383,34.1671],[-117.0382,34.1672],[-117.038,34.1673],[-117.0379,34.1673],[-117.0378,34.1674],[-117.0377,34.1675],[-117.0377,34.1676],[-117.0376,34.1676],[-117.0375,34.1677],[-117.0374,34.1677],[-117.0373,34.1677],[-117.0372,34.1678],[-117.0372,34.1679],[-117.0371,34.1679],[-117.0371,34.168],[-117.037,34.168],[-117.0369,34.168],[-117.0368,34.168],[-117.0367,34.1681],[-117.0367,34.1682],[-117.0367,34.1683],[-117.0366,34.1684],[-117.0365,34.1684],[-117.0364,34.1683],[-117.0363,34.1683],[-117.0362,34.1683],[-117.0362,34.1684],[-117.0361,34.1685],[-117.0361,34.1686],[-117.0361,34.1687],[-117.0361,34.1688],[-117.0362,34.1689],[-117.0363,34.169],[-117.0362,34.169],[-117.0361,34.1691],[-117.036,34.1691],[-117.0359,34.1691],[-117.0358,34.1691],[-117.0357,34.1691],[-117.0356,34.1691],[-117.0354,34.1691],[-117.0353,34.1691],[-117.0352,34.1692],[-117.0351,34.1692],[-117.035,34.1693],[-117.0349,34.1694],[-117.0348,34.1694],[-117.0347,34.1694],[-117.0346,34.1694],[-117.0346,34.1693],[-117.0346,34.1692],[-117.0346,34.1691],[-117.0346,34.169],[-117.0345,34.1689],[-117.0344,34.1687],[-117.0343,34.1685],[-117.0341,34.1683],[-117.034,34.1682],[-117.0339,34.1681],[-117.0338,34.168],[-117.0338,34.1679],[-117.0337,34.1678],[-117.0337,34.1677],[-117.0336,34.1676],[-117.0335,34.1676],[-117.0334,34.1675],[-117.0334,34.1674],[-117.0333,34.1674],[-117.0332,34.1674],[-117.0331,34.1674],[-117.033,34.1674],[-117.0328,34.1675],[-117.0327,34.1676],[-117.0326,34.1676],[-117.0326,34.1677],[-117.0325,34.1678],[-117.0325,34.1679],[-117.0324,34.168],[-117.0324,34.1681],[-117.0324,34.1682],[-117.0323,34.1682],[-117.0322,34.1683],[-117.0321,34.1683],[-117.0319,34.1684],[-117.0319,34.1685],[-117.0318,34.1685],[-117.0317,34.1686],[-117.0316,34.1686],[-117.0315,34.1686],[-117.0314,34.1686],[-117.0315,34.1685],[-117.0316,34.1685],[-117.0317,34.1684],[-117.0317,34.1683],[-117.0317,34.1682],[-117.0316,34.1681],[-117.0317,34.1681],[-117.0317,34.168],[-117.0318,34.1679],[-117.0317,34.1678],[-117.0317,34.1677],[-117.0316,34.1677],[-117.0315,34.1678],[-117.0314,34.1678],[-117.0313,34.1679],[-117.0312,34.168],[-117.0312,34.1681],[-117.0311,34.1681],[-117.031,34.1681],[-117.0309,34.1681],[-117.0308,34.1682],[-117.0307,34.1682],[-117.0306,34.1682],[-117.0305,34.1682],[-117.0305,34.1681],[-117.0305,34.168],[-117.0306,34.168],[-117.0305,34.1679],[-117.0305,34.168],[-117.0304,34.168],[-117.0303,34.1681],[-117.0302,34.1682],[-117.0303,34.1682],[-117.0303,34.1683],[-117.0304,34.1683],[-117.0304,34.1684],[-117.0303,34.1684],[-117.0302,34.1685],[-117.0301,34.1685],[-117.03,34.1685],[-117.03,34.1686],[-117.03,34.1687],[-117.0299,34.1687],[-117.0298,34.1688],[-117.0296,34.1688],[-117.0295,34.1689],[-117.0294,34.1689],[-117.0293,34.1689],[-117.0292,34.1689],[-117.0291,34.169],[-117.029,34.169],[-117.029,34.1691],[-117.0289,34.1691],[-117.0289,34.1692],[-117.0289,34.1693],[-117.0289,34.1694],[-117.029,34.1695],[-117.0291,34.1696],[-117.0291,34.1697],[-117.029,34.1697],[-117.0289,34.1697],[-117.0288,34.1696],[-117.0287,34.1695],[-117.0286,34.1695],[-117.0285,34.1694],[-117.0284,34.1694],[-117.0283,34.1695],[-117.0283,34.1696],[-117.0282,34.1696],[-117.0281,34.1696],[-117.028,34.1695],[-117.0279,34.1694],[-117.0279,34.1693],[-117.0278,34.1693],[-117.0278,34.1692],[-117.0278,34.1691],[-117.0278,34.169],[-117.0278,34.1688],[-117.0278,34.1687],[-117.0277,34.1686],[-117.0276,34.1685],[-117.0275,34.1685],[-117.0273,34.1685],[-117.0271,34.1684],[-117.0269,34.1684],[-117.0268,34.1683],[-117.0266,34.1682],[-117.0264,34.1682],[-117.0263,34.1681],[-117.0262,34.168],[-117.0261,34.1679],[-117.026,34.1679],[-117.0259,34.1679],[-117.0258,34.1679],[-117.0257,34.1679],[-117.0257,34.1678],[-117.0257,34.1677],[-117.0258,34.1677],[-117.0259,34.1676],[-117.026,34.1675],[-117.026,34.1674],[-117.026,34.1673],[-117.0259,34.1672],[-117.0258,34.1671],[-117.0256,34.167],[-117.0255,34.1669],[-117.0254,34.1669],[-117.0253,34.1668],[-117.0252,34.1668],[-117.0252,34.1667],[-117.0252,34.1666],[-117.0252,34.1665],[-117.0252,34.1664],[-117.0252,34.1663],[-117.0253,34.1663],[-117.0254,34.1662],[-117.0255,34.1662],[-117.0255,34.1661],[-117.0255,34.166],[-117.0255,34.1659],[-117.0254,34.1658],[-117.0253,34.1657],[-117.0252,34.1657],[-117.0251,34.1656],[-117.025,34.1655],[-117.0249,34.1653],[-117.0248,34.1653]]}},{"type":"Feature","properties":{"id":"1N09","name":"CITY CREEK","kind":"road","access":"plate","seasonal":false},"geometry":{"type":"LineString","coordinates":[[-117.0248,34.1653],[-117.0247,34.1652],[-117.0246,34.1652],[-117.0245,34.1651],[-117.0244,34.165],[-117.0243,34.165],[-117.0243,34.1649],[-117.0242,34.1648],[-117.0241,34.1647],[-117.024,34.1647],[-117.0239,34.1647],[-117.0238,34.1646],[-117.0237,34.1645],[-117.0236,34.1645],[-117.0236,34.1644],[-117.0235,34.1644],[-117.0235,34.1643],[-117.0235,34.1642],[-117.0235,34.1641],[-117.0234,34.164],[-117.0233,34.164],[-117.0232,34.164],[-117.0232,34.1641],[-117.0232,34.1642],[-117.0232,34.1643],[-117.0232,34.1644],[-117.0233,34.1644],[-117.0233,34.1645],[-117.0233,34.1646],[-117.0232,34.1647],[-117.0232,34.1648],[-117.0231,34.1648],[-117.023,34.1647],[-117.0229,34.1647],[-117.0229,34.1646],[-117.0228,34.1645],[-117.0226,34.1645],[-117.0225,34.1644],[-117.0224,34.1643],[-117.0223,34.1643],[-117.0222,34.1642],[-117.0221,34.1641],[-117.022,34.164],[-117.022,34.1639],[-117.022,34.1638],[-117.022,34.1637],[-117.022,34.1636],[-117.022,34.1635],[-117.0219,34.1635],[-117.0219,34.1634],[-117.0217,34.1633],[-117.0215,34.1633],[-117.0213,34.1632],[-117.0212,34.1631],[-117.0211,34.1629],[-117.021,34.1627],[-117.0209,34.1625],[-117.0208,34.1624],[-117.0207,34.1622],[-117.0206,34.1621],[-117.0205,34.162],[-117.0204,34.162],[-117.0203,34.162],[-117.0203,34.1621],[-117.0203,34.1623],[-117.0203,34.1624],[-117.0203,34.1626],[-117.0202,34.1628],[-117.0201,34.163],[-117.02,34.1631],[-117.0199,34.1631],[-117.0198,34.1631],[-117.0197,34.1631],[-117.0197,34.163],[-117.0197,34.1629],[-117.0197,34.1628],[-117.0196,34.1628],[-117.0196,34.1627],[-117.0195,34.1625],[-117.0193,34.1623],[-117.0192,34.1621],[-117.0191,34.1621],[-117.0191,34.162],[-117.019,34.1619],[-117.0189,34.1618],[-117.0188,34.1618],[-117.0187,34.1617],[-117.0186,34.1616],[-117.0185,34.1616],[-117.0184,34.1615],[-117.0183,34.1615],[-117.0182,34.1616],[-117.0181,34.1616],[-117.0182,34.1617],[-117.0182,34.1618],[-117.0183,34.1618],[-117.0183,34.1619],[-117.0184,34.162],[-117.0184,34.1621],[-117.0184,34.1622],[-117.0183,34.1623],[-117.0182,34.1624],[-117.0182,34.1625],[-117.0181,34.1625],[-117.018,34.1626],[-117.0179,34.1627],[-117.0178,34.1628],[-117.0177,34.1629],[-117.0176,34.1629],[-117.0174,34.163],[-117.0174,34.1631],[-117.0173,34.1631],[-117.0172,34.1632],[-117.0172,34.1633],[-117.0173,34.1634],[-117.0173,34.1635],[-117.0173,34.1636],[-117.0173,34.1637],[-117.0174,34.1638],[-117.0174,34.1639],[-117.0175,34.164],[-117.0176,34.1641],[-117.0177,34.1642],[-117.0178,34.1642],[-117.0178,34.1643],[-117.0179,34.1644],[-117.0179,34.1645],[-117.0178,34.1645],[-117.0178,34.1646],[-117.0177,34.1646],[-117.0176,34.1647],[-117.0175,34.1647],[-117.0174,34.1648],[-117.0173,34.1648],[-117.0172,34.1647],[-117.0171,34.1647],[-117.017,34.1647],[-117.0168,34.1647],[-117.0167,34.1647],[-117.0166,34.1647],[-117.0165,34.1648],[-117.0165,34.1649],[-117.0165,34.165],[-117.0164,34.165],[-117.0163,34.165],[-117.0163,34.1651],[-117.0162,34.1652],[-117.0161,34.1653],[-117.0161,34.1654],[-117.016,34.1653],[-117.0161,34.1652],[-117.0161,34.1651],[-117.0162,34.165],[-117.0163,34.1649],[-117.0163,34.1648],[-117.0164,34.1647],[-117.0163,34.1646],[-117.0163,34.1645],[-117.0164,34.1644],[-117.0165,34.1644],[-117.0166,34.1644],[-117.0167,34.1644],[-117.0167,34.1643],[-117.0167,34.1642],[-117.0166,34.1642],[-117.0165,34.1642],[-117.0163,34.1642],[-117.0163,34.1643],[-117.0162,34.1643]]}},{"type":"Feature","properties":{"id":"1N09","name":"CITY CREEK","kind":"road","access":"plate","seasonal":false},"geometry":{"type":"LineString","coordinates":[[-117.0162,34.1643],[-117.0161,34.1643],[-117.016,34.1644],[-117.016,34.1645],[-117.0159,34.1647],[-117.0158,34.1648],[-117.0157,34.1649],[-117.0157,34.165],[-117.0156,34.1651],[-117.0156,34.1652],[-117.0155,34.1652],[-117.0154,34.1653],[-117.0153,34.1654],[-117.0153,34.1655],[-117.0152,34.1655],[-117.015,34.1656],[-117.0149,34.1656],[-117.0148,34.1657],[-117.0147,34.1657],[-117.0146,34.1656],[-117.0145,34.1656],[-117.0144,34.1656],[-117.0143,34.1656],[-117.0142,34.1657],[-117.0141,34.1658],[-117.014,34.1658],[-117.014,34.1659],[-117.014,34.1661],[-117.014,34.1662],[-117.0141,34.1663],[-117.0141,34.1664],[-117.0141,34.1665],[-117.0141,34.1666],[-117.014,34.1667],[-117.014,34.1668],[-117.0139,34.1668],[-117.0139,34.1669],[-117.0138,34.167],[-117.0138,34.1671],[-117.0138,34.1672],[-117.0139,34.1673],[-117.014,34.1674],[-117.0141,34.1676],[-117.0143,34.1678],[-117.0144,34.168],[-117.0145,34.1681],[-117.0146,34.1682],[-117.0146,34.1683],[-117.0145,34.1683],[-117.0144,34.1683],[-117.0143,34.1682],[-117.0142,34.1682],[-117.0142,34.1681],[-117.0142,34.168],[-117.0141,34.1679],[-117.014,34.1678],[-117.0139,34.1676],[-117.0138,34.1675],[-117.0137,34.1675],[-117.0136,34.1674],[-117.0134,34.1674],[-117.0133,34.1673],[-117.0132,34.1672],[-117.013,34.1671],[-117.0129,34.1671],[-117.0128,34.1671],[-117.0128,34.167],[-117.0128,34.1669],[-117.0128,34.1668],[-117.0127,34.1668],[-117.0127,34.1667],[-117.0128,34.1666],[-117.0129,34.1666],[-117.0129,34.1665],[-117.0129,34.1664],[-117.0128,34.1664],[-117.0127,34.1663],[-117.0126,34.1662],[-117.0124,34.1662],[-117.0123,34.1661],[-117.0123,34.166],[-117.0122,34.1659],[-117.0121,34.1659],[-117.012,34.1658],[-117.0119,34.1658],[-117.0118,34.1657],[-117.0116,34.1657],[-117.0116,34.1656],[-117.0115,34.1655],[-117.0114,34.1655],[-117.0113,34.1655],[-117.0112,34.1655],[-117.0111,34.1656],[-117.011,34.1656],[-117.0109,34.1656],[-117.0109,34.1655],[-117.0108,34.1654],[-117.0108,34.1653],[-117.0109,34.1652],[-117.0109,34.1651],[-117.0109,34.165],[-117.011,34.1649],[-117.011,34.1648],[-117.0109,34.1647],[-117.0109,34.1646],[-117.0109,34.1645],[-117.0109,34.1644],[-117.0109,34.1643],[-117.0109,34.1642],[-117.0109,34.1641],[-117.0109,34.164],[-117.011,34.164],[-117.0111,34.1639],[-117.0113,34.1639],[-117.0116,34.1638],[-117.0118,34.1638],[-117.0119,34.1637],[-117.012,34.1637],[-117.0121,34.1636],[-117.0122,34.1636],[-117.0123,34.1635],[-117.0123,34.1634],[-117.0122,34.1634],[-117.0121,34.1634],[-117.012,34.1633],[-117.0119,34.1633],[-117.0118,34.1633],[-117.0116,34.1633],[-117.0115,34.1633],[-117.0113,34.1633],[-117.0112,34.1633],[-117.0111,34.1633],[-117.011,34.1634],[-117.0109,34.1634],[-117.0108,34.1633],[-117.0107,34.1633],[-117.0105,34.1632],[-117.0104,34.1631],[-117.0103,34.1631],[-117.0102,34.1631],[-117.0101,34.1632],[-117.0101,34.1633],[-117.0101,34.1634],[-117.01,34.1635],[-117.0099,34.1636],[-117.0098,34.1636],[-117.0097,34.1637],[-117.0096,34.1637],[-117.0095,34.1638],[-117.0094,34.1638],[-117.0093,34.1638],[-117.0092,34.1638],[-117.0091,34.1639],[-117.0091,34.164],[-117.009,34.1641],[-117.0089,34.1641],[-117.0088,34.1642],[-117.0087,34.1642],[-117.0086,34.1643],[-117.0085,34.1643],[-117.0084,34.1643],[-117.0083,34.1644],[-117.0081,34.1644],[-117.008,34.1645],[-117.0078,34.1646],[-117.0077,34.1647],[-117.0076,34.1647],[-117.0075,34.1647],[-117.0073,34.1647],[-117.0072,34.1647],[-117.0071,34.1647],[-117.0071,34.1648],[-117.007,34.1648],[-117.0069,34.1649],[-117.0068,34.1649],[-117.0067,34.1649],[-117.0066,34.1649],[-117.0065,34.165],[-117.0064,34.165],[-117.0064,34.1651],[-117.0063,34.1652],[-117.0062,34.1652],[-117.0062,34.1653],[-117.0061,34.1654],[-117.006,34.1656],[-117.0059,34.1657],[-117.0058,34.1658],[-117.0057,34.166],[-117.0056,34.1661],[-117.0056,34.1662],[-117.0055,34.1662],[-117.0054,34.1662],[-117.0054,34.1661],[-117.0054,34.166],[-117.0054,34.1659],[-117.0054,34.1658],[-117.0053,34.1657],[-117.0053,34.1656],[-117.0052,34.1655],[-117.0051,34.1654],[-117.005,34.1654],[-117.0048,34.1654],[-117.0047,34.1655],[-117.0045,34.1655],[-117.0043,34.1656],[-117.0041,34.1656],[-117.0039,34.1657],[-117.0037,34.1657],[-117.0036,34.1658],[-117.0036,34.1659],[-117.0036,34.166],[-117.0036,34.1662],[-117.0037,34.1663],[-117.0036,34.1664],[-117.0036,34.1665],[-117.0035,34.1666],[-117.0034,34.1668],[-117.0034,34.1669],[-117.0033,34.167],[-117.0032,34.167],[-117.0032,34.1671],[-117.0031,34.1671],[-117.003,34.1672],[-117.0029,34.1673],[-117.0028,34.1674],[-117.0027,34.1674],[-117.0026,34.1675],[-117.0025,34.1675],[-117.0023,34.1676],[-117.0022,34.1676],[-117.002,34.1677],[-117.0019,34.1678],[-117.0017,34.1678],[-117.0016,34.1678],[-117.0016,34.1679],[-117.0015,34.168],[-117.0015,34.1681],[-117.0014,34.1681],[-117.0013,34.1681],[-117.0012,34.1682],[-117.0011,34.1683],[-117.001,34.1683],[-117.0009,34.1684],[-117.0008,34.1684],[-117.0007,34.1684],[-117.0006,34.1684],[-117.0005,34.1684],[-117.0004,34.1684],[-117.0003,34.1683],[-117.0002,34.1684],[-117.0001,34.1684],[-117,34.1685],[-116.9999,34.1685],[-116.9998,34.1685],[-116.9997,34.1686],[-116.9996,34.1687],[-116.9995,34.1689],[-116.9994,34.1691],[-116.9994,34.1692],[-116.9993,34.1692],[-116.9991,34.1693],[-116.999,34.1693],[-116.9988,34.1693],[-116.9987,34.1694],[-116.9986,34.1694],[-116.9985,34.1694],[-116.9984,34.1694],[-116.9984,34.1695],[-116.9983,34.1695],[-116.9982,34.1694],[-116.9981,34.1694],[-116.998,34.1693],[-116.9979,34.1693],[-116.9978,34.1693],[-116.9977,34.1693],[-116.9976,34.1692],[-116.9975,34.1692],[-116.9974,34.1693],[-116.9973,34.1693],[-116.997,34.1694],[-116.997,34.1695],[-116.9969,34.1695],[-116.9968,34.1696],[-116.9967,34.1696],[-116.9966,34.1696],[-116.9965,34.1696],[-116.9964,34.1696],[-116.9963,34.1696],[-116.9962,34.1696],[-116.9961,34.1696],[-116.996,34.1697],[-116.9959,34.1697],[-116.9958,34.1697],[-116.9957,34.1696],[-116.9956,34.1696],[-116.9955,34.1696],[-116.9954,34.1696],[-116.9952,34.1696],[-116.9951,34.1696],[-116.995,34.1695],[-116.9949,34.1695],[-116.9947,34.1695],[-116.9946,34.1696],[-116.9945,34.1696],[-116.9944,34.1697],[-116.9942,34.1698],[-116.9942,34.1699],[-116.9941,34.1699],[-116.994,34.17],[-116.9939,34.17],[-116.9938,34.1701],[-116.9937,34.1701],[-116.9936,34.1702],[-116.9935,34.1703],[-116.9934,34.1703],[-116.9933,34.1703],[-116.9932,34.1703],[-116.9932,34.1704],[-116.9931,34.1704],[-116.993,34.1704],[-116.993,34.1705],[-116.9929,34.1705],[-116.9928,34.1706],[-116.9927,34.1706],[-116.9926,34.1707],[-116.9925,34.1707],[-116.9924,34.1707],[-116.9923,34.1707],[-116.9922,34.1708],[-116.9921,34.1708],[-116.992,34.1708],[-116.9919,34.1709],[-116.9918,34.171],[-116.9917,34.1711],[-116.9916,34.1711],[-116.9916,34.1712],[-116.9915,34.1712],[-116.9913,34.1711],[-116.9912,34.1712],[-116.9912,34.1714],[-116.9912,34.1715],[-116.9911,34.1716],[-116.9911,34.1717],[-116.9911,34.1718],[-116.9911,34.1719],[-116.9909,34.172],[-116.9908,34.1722],[-116.9908,34.1723],[-116.9908,34.1724],[-116.9907,34.1724],[-116.9906,34.1725],[-116.9905,34.1724],[-116.9904,34.1723],[-116.9904,34.1722],[-116.9904,34.1721],[-116.9904,34.172],[-116.9903,34.1719],[-116.9903,34.1718],[-116.9902,34.1716],[-116.9901,34.1715],[-116.99,34.1714],[-116.9899,34.1714],[-116.9898,34.1713],[-116.9898,34.1712],[-116.9898,34.1711],[-116.9899,34.1711],[-116.9899,34.171],[-116.9899,34.1709],[-116.9898,34.1708],[-116.9897,34.1708],[-116.9896,34.1708],[-116.9895,34.1708],[-116.9893,34.1708],[-116.9892,34.1708],[-116.989,34.1708],[-116.9888,34.1707],[-116.9886,34.1707],[-116.9885,34.1707],[-116.9884,34.1707],[-116.9884,34.1708],[-116.9883,34.1709],[-116.9882,34.171],[-116.9882,34.1711],[-116.9881,34.1712],[-116.988,34.1713],[-116.9879,34.1714],[-116.9878,34.1716],[-116.9877,34.1717],[-116.9877,34.1718],[-116.9876,34.1719],[-116.9875,34.172],[-116.9873,34.1721],[-116.9871,34.1722],[-116.987,34.1723],[-116.9869,34.1724],[-116.9867,34.1725],[-116.9867,34.1726],[-116.9866,34.1727],[-116.9865,34.1728],[-116.9865,34.1729],[-116.9864,34.1729],[-116.9863,34.1729],[-116.9863,34.173],[-116.9861,34.173],[-116.986,34.1731],[-116.9859,34.1732],[-116.9858,34.1732],[-116.9857,34.1732],[-116.9856,34.1733],[-116.9855,34.1733],[-116.9854,34.1733],[-116.9853,34.1734],[-116.985,34.1735],[-116.9848,34.1736],[-116.9846,34.1737],[-116.9844,34.1739],[-116.9842,34.1739],[-116.9842,34.174],[-116.984,34.174],[-116.984,34.1739],[-116.9839,34.1739],[-116.9838,34.1739],[-116.9838,34.1738],[-116.9838,34.1737],[-116.9838,34.1736],[-116.9839,34.1735],[-116.984,34.1735],[-116.9841,34.1734],[-116.9842,34.1732],[-116.9842,34.1731],[-116.9843,34.1729],[-116.9843,34.1728],[-116.9843,34.1727],[-116.9842,34.1726],[-116.984,34.1726],[-116.9838,34.1726],[-116.9837,34.1726],[-116.9835,34.1725],[-116.9834,34.1725],[-116.9832,34.1725],[-116.9831,34.1725],[-116.9828,34.1726],[-116.9825,34.1727],[-116.9822,34.1727],[-116.982,34.1728],[-116.9818,34.1729],[-116.9816,34.1729],[-116.9815,34.173],[-116.9814,34.173],[-116.9813,34.1729],[-116.9812,34.1729],[-116.9811,34.1728],[-116.981,34.1726],[-116.9809,34.1725],[-116.9809,34.1724],[-116.981,34.1723],[-116.9811,34.1723],[-116.9812,34.1723],[-116.9813,34.1723],[-116.9814,34.1723],[-116.9816,34.1723],[-116.9817,34.1722],[-116.9818,34.1722],[-116.9819,34.1721],[-116.9821,34.1721],[-116.9822,34.1721],[-116.9823,34.172],[-116.9824,34.172],[-116.9824,34.1719],[-116.9825,34.1719],[-116.9826,34.1719],[-116.9827,34.1719],[-116.9827,34.1718],[-116.9828,34.1718],[-116.9829,34.1718],[-116.983,34.1718],[-116.983,34.1717],[-116.9829,34.1717],[-116.9828,34.1717],[-116.9827,34.1717],[-116.9825,34.1718],[-116.9823,34.1718],[-116.9822,34.1718],[-116.9821,34.1718],[-116.982,34.1717],[-116.982,34.1716],[-116.982,34.1715],[-116.9819,34.1714],[-116.9819,34.1713],[-116.9818,34.1711],[-116.9818,34.171],[-116.9817,34.1709],[-116.9816,34.1708],[-116.9814,34.1707],[-116.9812,34.1705],[-116.981,34.1704],[-116.9809,34.1704],[-116.9808,34.1703],[-116.9807,34.1703],[-116.9806,34.1704],[-116.9804,34.1704],[-116.9803,34.1705],[-116.9801,34.1705],[-116.9799,34.1705],[-116.9798,34.1705],[-116.9796,34.1704],[-116.9795,34.1704],[-116.9794,34.1704],[-116.9793,34.1704],[-116.9792,34.1705],[-116.979,34.1705],[-116.9789,34.1705],[-116.9788,34.1704],[-116.9786,34.1704],[-116.9785,34.1703],[-116.9784,34.1703],[-116.9783,34.1703],[-116.9782,34.1703],[-116.978,34.1704],[-116.9778,34.1704],[-116.9776,34.1704],[-116.9776,34.1705],[-116.9775,34.1705],[-116.9775,34.1706],[-116.9774,34.1707],[-116.9774,34.1708],[-116.9773,34.1709],[-116.9772,34.171],[-116.9771,34.1711],[-116.977,34.1711],[-116.9769,34.1711],[-116.9768,34.1711],[-116.9767,34.1711],[-116.9766,34.1711],[-116.9765,34.1712],[-116.9764,34.1712],[-116.9763,34.1712],[-116.9762,34.1712],[-116.9761,34.1712],[-116.976,34.1711],[-116.9759,34.1711],[-116.9758,34.171],[-116.9757,34.1709],[-116.9756,34.1709],[-116.9755,34.1709],[-116.9754,34.171],[-116.9753,34.1711],[-116.9752,34.1711],[-116.9751,34.1711],[-116.9751,34.1712],[-116.975,34.1712],[-116.975,34.1713],[-116.975,34.1714],[-116.9749,34.1715],[-116.9749,34.1716],[-116.9749,34.1717],[-116.9748,34.1718],[-116.9748,34.1719],[-116.9748,34.172],[-116.9747,34.172],[-116.9746,34.1721],[-116.9746,34.172],[-116.9745,34.172],[-116.9744,34.1719],[-116.9744,34.1718],[-116.9743,34.1717],[-116.9743,34.1716],[-116.9743,34.1715],[-116.9743,34.1714],[-116.9742,34.1714],[-116.9741,34.1714],[-116.974,34.1714],[-116.9738,34.1714],[-116.9737,34.1714],[-116.9736,34.1715],[-116.9735,34.1715],[-116.9734,34.1716],[-116.9733,34.1716],[-116.9732,34.1716],[-116.9731,34.1716],[-116.973,34.1715],[-116.9729,34.1715],[-116.9727,34.1715],[-116.9726,34.1715],[-116.9725,34.1715],[-116.9724,34.1715],[-116.9724,34.1716],[-116.9723,34.1716],[-116.9723,34.1717],[-116.9723,34.1718],[-116.9723,34.1719],[-116.9722,34.1719],[-116.9722,34.1721],[-116.9722,34.1722],[-116.9722,34.1723],[-116.9721,34.1723],[-116.9721,34.1724],[-116.972,34.1725],[-116.9719,34.1725],[-116.9717,34.1726],[-116.9717,34.1727],[-116.9716,34.1727],[-116.9715,34.1727],[-116.9714,34.1727],[-116.9714,34.1726],[-116.9713,34.1726],[-116.9713,34.1725],[-116.9712,34.1723],[-116.971,34.1721],[-116.9709,34.1721],[-116.9709,34.172],[-116.9709,34.1719],[-116.9708,34.1718],[-116.9708,34.1717],[-116.9707,34.1716],[-116.9706,34.1715],[-116.9706,34.1714],[-116.9706,34.1713],[-116.9705,34.1712],[-116.9704,34.1711],[-116.9702,34.1711],[-116.9701,34.171],[-116.9699,34.1709],[-116.9698,34.1709],[-116.9697,34.1708],[-116.9697,34.1707],[-116.9698,34.1706],[-116.9698,34.1705],[-116.9699,34.1704],[-116.9698,34.1704],[-116.9698,34.1703],[-116.9697,34.1703],[-116.9697,34.1702],[-116.9695,34.1702],[-116.9694,34.1702],[-116.9692,34.1702],[-116.969,34.1702],[-116.9689,34.1702],[-116.9688,34.1702],[-116.9687,34.1702],[-116.9686,34.1702],[-116.9685,34.1702],[-116.9685,34.1701],[-116.9684,34.1701],[-116.9683,34.17],[-116.9682,34.17],[-116.9681,34.17],[-116.968,34.17],[-116.9679,34.17],[-116.9678,34.17],[-116.9677,34.1699],[-116.9675,34.1698],[-116.9674,34.1698],[-116.9673,34.1697],[-116.9672,34.1697],[-116.9669,34.1696],[-116.9668,34.1696],[-116.9667,34.1697],[-116.9666,34.1697],[-116.9666,34.1698],[-116.9665,34.1698],[-116.9664,34.1699],[-116.9663,34.1699],[-116.9662,34.1699],[-116.9661,34.1699],[-116.9659,34.1698],[-116.9658,34.1698],[-116.9657,34.1698],[-116.9656,34.1698],[-116.9655,34.1699],[-116.9653,34.1699],[-116.9652,34.17],[-116.9651,34.17],[-116.965,34.17],[-116.9648,34.17],[-116.9647,34.17],[-116.9646,34.17],[-116.9644,34.1699],[-116.9643,34.1699],[-116.9642,34.1699],[-116.9641,34.17],[-116.964,34.17],[-116.9639,34.17],[-116.9638,34.1701],[-116.9637,34.17],[-116.9636,34.17],[-116.9635,34.17],[-116.9634,34.17],[-116.9633,34.1701],[-116.9631,34.1701],[-116.963,34.1702],[-116.9629,34.1703],[-116.9627,34.1704],[-116.9625,34.1705],[-116.9624,34.1706],[-116.9622,34.1707],[-116.9621,34.1708],[-116.9619,34.1709],[-116.9618,34.1709],[-116.9617,34.1709],[-116.9616,34.1709],[-116.9614,34.1709],[-116.9613,34.1709],[-116.9612,34.1709],[-116.9611,34.1709],[-116.961,34.1708],[-116.9609,34.1708],[-116.9608,34.1708],[-116.9607,34.1708],[-116.9606,34.1708],[-116.9605,34.1708],[-116.9604,34.1708],[-116.9602,34.1708],[-116.9601,34.1709],[-116.9599,34.1709],[-116.9596,34.171],[-116.9595,34.1711],[-116.9594,34.1711],[-116.9593,34.1711],[-116.9592,34.1712],[-116.9591,34.1713],[-116.959,34.1713],[-116.959,34.1714],[-116.9589,34.1714],[-116.9588,34.1714],[-116.9586,34.1714],[-116.9584,34.1714],[-116.9582,34.1714],[-116.958,34.1714],[-116.9579,34.1714],[-116.9579,34.1715],[-116.9578,34.1715],[-116.9577,34.1716],[-116.9576,34.1717],[-116.9576,34.1718],[-116.9575,34.1718],[-116.9574,34.1719],[-116.9573,34.172],[-116.9572,34.172],[-116.9572,34.1721],[-116.9571,34.1721],[-116.9569,34.1721],[-116.9568,34.1721],[-116.9567,34.1721],[-116.9565,34.1721],[-116.9563,34.1721],[-116.9562,34.1721],[-116.9561,34.1721],[-116.956,34.1721],[-116.9559,34.1721],[-116.9558,34.1721],[-116.9557,34.1721],[-116.9555,34.1721],[-116.9554,34.1721],[-116.9553,34.1721],[-116.9552,34.1721],[-116.955,34.1722],[-116.9549,34.1722],[-116.9548,34.1722],[-116.9546,34.1723],[-116.9544,34.1724],[-116.9543,34.1724],[-116.9541,34.1724],[-116.9539,34.1724],[-116.9537,34.1723],[-116.9536,34.1723],[-116.9534,34.1724],[-116.9533,34.1724],[-116.9532,34.1724],[-116.953,34.1723],[-116.9529,34.1723],[-116.9528,34.1723],[-116.9527,34.1722],[-116.9525,34.1721],[-116.9525,34.172],[-116.9524,34.172],[-116.9524,34.1719],[-116.9523,34.1719],[-116.9523,34.1718],[-116.9522,34.1718],[-116.9521,34.1718],[-116.952,34.1718],[-116.9519,34.1719],[-116.9518,34.1719],[-116.9516,34.172],[-116.9515,34.172],[-116.9514,34.1721],[-116.9513,34.1722],[-116.9512,34.1723],[-116.9511,34.1724],[-116.951,34.1725],[-116.9508,34.1726],[-116.9506,34.1727],[-116.9504,34.1728],[-116.9503,34.1729],[-116.9502,34.1729],[-116.9501,34.1729],[-116.95,34.1729],[-116.9499,34.1729]]}},{"type":"Feature","properties":{"id":"1N12","name":"THOMAS HUNTING GROUNDS","kind":"road","access":"plate","seasonal":false},"geometry":{"type":"MultiLineString","coordinates":[[[-117.0279,34.1066],[-117.0278,34.1066],[-117.0277,34.1065],[-117.0277,34.1064],[-117.0278,34.1064],[-117.0279,34.1064],[-117.0281,34.1064],[-117.0282,34.1064],[-117.0282,34.1063],[-117.0283,34.1063],[-117.0284,34.1062],[-117.0285,34.1061],[-117.0286,34.1061],[-117.0287,34.106],[-117.0288,34.106],[-117.0288,34.1059],[-117.0289,34.1059],[-117.0289,34.1058],[-117.0289,34.1057],[-117.0289,34.1056],[-117.0289,34.1055],[-117.029,34.1055],[-117.0291,34.1055],[-117.0293,34.1055],[-117.0293,34.1056],[-117.0294,34.1056],[-117.0295,34.1055],[-117.0295,34.1054],[-117.0294,34.1053],[-117.0294,34.1052],[-117.0293,34.105],[-117.0292,34.105],[-117.0291,34.1049],[-117.029,34.1048],[-117.0289,34.1047],[-117.0289,34.1045],[-117.0288,34.1045],[-117.0288,34.1044],[-117.0288,34.1042],[-117.0288,34.1041],[-117.0288,34.104],[-117.0287,34.1039],[-117.0286,34.1038],[-117.0286,34.1037],[-117.0286,34.1036],[-117.0286,34.1035],[-117.0285,34.1034],[-117.0284,34.1033],[-117.0284,34.1032],[-117.0285,34.1031],[-117.0286,34.1031],[-117.0287,34.1031],[-117.0288,34.1031],[-117.0289,34.1032],[-117.029,34.1033],[-117.029,34.1034],[-117.0291,34.1034],[-117.0292,34.1034],[-117.0292,34.1033],[-117.0292,34.1032],[-117.0291,34.1031],[-117.0289,34.1027],[-117.0288,34.1026],[-117.0287,34.1026],[-117.0286,34.1025],[-117.0285,34.1026],[-117.0284,34.1026],[-117.0283,34.1027],[-117.0282,34.1027],[-117.0281,34.1027],[-117.028,34.1027],[-117.0279,34.1028],[-117.0278,34.1028],[-117.0277,34.1028],[-117.0276,34.1028],[-117.0276,34.1027],[-117.0277,34.1027],[-117.0277,34.1026],[-117.0278,34.1026],[-117.0279,34.1026],[-117.028,34.1025],[-117.0281,34.1024],[-117.0281,34.1023],[-117.0281,34.1022],[-117.028,34.1021],[-117.028,34.102],[-117.028,34.1019],[-117.028,34.1018],[-117.028,34.1017],[-117.028,34.1016],[-117.028,34.1014],[-117.0281,34.1013],[-117.0281,34.1012],[-117.028,34.1012],[-117.0279,34.1012],[-117.0278,34.1012],[-117.0278,34.1013],[-117.0277,34.1013],[-117.0277,34.1014],[-117.0276,34.1014],[-117.0276,34.1015],[-117.0276,34.1016],[-117.0275,34.1016],[-117.0274,34.1016],[-117.0273,34.1017],[-117.0272,34.1017],[-117.0271,34.1017],[-117.027,34.1017],[-117.0269,34.1017],[-117.0268,34.1017],[-117.0267,34.1017],[-117.0267,34.1016],[-117.0266,34.1016],[-117.0266,34.1015],[-117.0266,34.1014],[-117.0267,34.1013],[-117.0268,34.1012],[-117.0269,34.1012],[-117.0269,34.1011],[-117.0269,34.101],[-117.0268,34.101],[-117.0267,34.101],[-117.0266,34.101],[-117.0265,34.101],[-117.0264,34.101],[-117.0263,34.101],[-117.0262,34.1011],[-117.0261,34.1011],[-117.0261,34.1012],[-117.026,34.1012],[-117.0259,34.1012],[-117.0259,34.1013],[-117.0259,34.1014],[-117.026,34.1015],[-117.0261,34.1016],[-117.0261,34.1017],[-117.0262,34.1017],[-117.0262,34.1018],[-117.0262,34.1019],[-117.0263,34.102],[-117.0264,34.102],[-117.0264,34.1021],[-117.0264,34.1022],[-117.0263,34.1022],[-117.0261,34.1022],[-117.026,34.1022],[-117.0259,34.1022],[-117.0259,34.1021],[-117.0258,34.102],[-117.0257,34.102],[-117.0256,34.102],[-117.0256,34.1019],[-117.0255,34.102],[-117.0254,34.102],[-117.0254,34.1021],[-117.0253,34.1022],[-117.0253,34.1023],[-117.0252,34.1024],[-117.0251,34.1024],[-117.0251,34.1025],[-117.025,34.1025],[-117.0249,34.1025],[-117.0248,34.1024],[-117.0247,34.1022],[-117.0246,34.1021],[-117.0245,34.102],[-117.0244,34.1019],[-117.0243,34.1019],[-117.0242,34.1018],[-117.024,34.1018],[-117.0238,34.1018],[-117.0238,34.1017],[-117.0237,34.1017],[-117.0236,34.1017],[-117.0236,34.1016],[-117.0235,34.1014]],[[-116.9805,34.1489],[-116.9807,34.1491],[-116.9806,34.1493],[-116.9805,34.1494],[-116.9805,34.1496],[-116.9805,34.1497],[-116.9805,34.1499],[-116.9804,34.1499],[-116.9804,34.15],[-116.9804,34.1501],[-116.9805,34.1504],[-116.9805,34.1505],[-116.9805,34.1506],[-116.9805,34.1507],[-116.9804,34.1508],[-116.9803,34.1509],[-116.9803,34.151],[-116.9803,34.1511],[-116.9803,34.1512],[-116.9803,34.1513],[-116.9803,34.1514],[-116.9804,34.1515],[-116.9805,34.1516],[-116.9805,34.1518],[-116.9804,34.1519],[-116.9804,34.152],[-116.9804,34.1521],[-116.9804,34.1522],[-116.9804,34.1523],[-116.9804,34.1524],[-116.9805,34.1525],[-116.9806,34.1526],[-116.9807,34.1528],[-116.9808,34.1528],[-116.9809,34.1528],[-116.981,34.1528],[-116.9811,34.1527],[-116.9813,34.1526],[-116.9815,34.1525],[-116.9817,34.1525],[-116.9818,34.1525],[-116.9819,34.1524],[-116.982,34.1522],[-116.9821,34.1521],[-116.9821,34.152],[-116.9822,34.152],[-116.9823,34.1519],[-116.9824,34.1519],[-116.9825,34.1518],[-116.9826,34.1518],[-116.9826,34.1517],[-116.9827,34.1517],[-116.9828,34.1517],[-116.9829,34.1517],[-116.983,34.1517],[-116.9832,34.1517],[-116.9833,34.1517],[-116.9834,34.1517],[-116.9834,34.1518],[-116.9835,34.1519],[-116.9835,34.152],[-116.9836,34.1521],[-116.9837,34.1521],[-116.9838,34.1521],[-116.9839,34.1521],[-116.9839,34.152],[-116.9839,34.1519],[-116.984,34.1519],[-116.9841,34.1518],[-116.9842,34.1518],[-116.9843,34.1518],[-116.9845,34.1518],[-116.9846,34.1518],[-116.9848,34.1518],[-116.9849,34.1518],[-116.985,34.1518],[-116.9851,34.1517],[-116.9852,34.1516],[-116.9852,34.1515],[-116.9853,34.1515],[-116.9853,34.1514],[-116.9854,34.1513],[-116.9855,34.1512],[-116.9856,34.1512],[-116.9857,34.1512],[-116.9859,34.1512],[-116.986,34.1512],[-116.986,34.1511],[-116.9861,34.1511],[-116.9861,34.1509],[-116.9862,34.1508],[-116.9864,34.1508],[-116.9866,34.1507],[-116.9868,34.1507],[-116.987,34.1506],[-116.9872,34.1505],[-116.9873,34.1505],[-116.9874,34.1504],[-116.9875,34.1503],[-116.9876,34.1502],[-116.9877,34.1502],[-116.9878,34.1502],[-116.9879,34.1503],[-116.988,34.1503],[-116.9881,34.1504],[-116.9882,34.1505],[-116.9883,34.1505],[-116.9884,34.1506],[-116.9885,34.1505],[-116.9887,34.1505],[-116.9888,34.1505],[-116.9888,34.1504],[-116.9889,34.1502],[-116.9889,34.1501],[-116.9889,34.15],[-116.9889,34.1499],[-116.9889,34.1498],[-116.9888,34.1497],[-116.9889,34.1495],[-116.9889,34.1494],[-116.9891,34.1494],[-116.9892,34.1494],[-116.9893,34.1494],[-116.9894,34.1493],[-116.9895,34.1493],[-116.9896,34.1493],[-116.9897,34.1492],[-116.9898,34.149],[-116.9899,34.1489],[-116.99,34.1488],[-116.9901,34.1489],[-116.9904,34.149],[-116.9906,34.149],[-116.9907,34.149],[-116.9908,34.149],[-116.9909,34.149],[-116.9909,34.1489],[-116.991,34.1489],[-116.991,34.1488],[-116.9909,34.1486],[-116.9909,34.1484],[-116.9909,34.1483],[-116.991,34.1483],[-116.9911,34.1482],[-116.9912,34.1482],[-116.9912,34.1481],[-116.9913,34.1481],[-116.9914,34.148],[-116.9915,34.1479],[-116.9915,34.1478],[-116.9915,34.1476],[-116.9915,34.1474],[-116.9914,34.1472],[-116.9914,34.1471],[-116.9915,34.147],[-116.9916,34.147],[-116.9918,34.147],[-116.9919,34.147],[-116.992,34.147],[-116.9921,34.1469],[-116.9921,34.1468],[-116.9921,34.1466],[-116.9921,34.1465],[-116.9922,34.1464],[-116.9922,34.1463],[-116.9923,34.1462],[-116.9924,34.1462],[-116.9925,34.1461],[-116.9926,34.1461],[-116.9927,34.146],[-116.9928,34.146],[-116.9928,34.1459],[-116.9928,34.1458],[-116.9928,34.1457],[-116.9928,34.1456],[-116.9927,34.1456],[-116.9926,34.1455],[-116.9926,34.1454],[-116.9926,34.1453],[-116.9926,34.1452],[-116.9924,34.1449],[-116.9922,34.1447],[-116.9921,34.1446],[-116.992,34.1445],[-116.9919,34.1444],[-116.9918,34.1443],[-116.9918,34.1442],[-116.9919,34.1441],[-116.9919,34.144],[-116.9918,34.144],[-116.9918,34.1439],[-116.9917,34.1438],[-116.9916,34.1438],[-116.9914,34.1437],[-116.9913,34.1436],[-116.9912,34.1435],[-116.9912,34.1434],[-116.9912,34.1433],[-116.9912,34.1432],[-116.9912,34.1431],[-116.9913,34.143],[-116.9913,34.1429],[-116.9914,34.1428],[-116.9914,34.1427],[-116.9915,34.1426],[-116.9916,34.1425],[-116.9917,34.1424],[-116.9918,34.1422],[-116.9918,34.1421],[-116.9919,34.142],[-116.9919,34.1419],[-116.992,34.1418],[-116.9921,34.1417],[-116.9922,34.1417],[-116.9923,34.1416],[-116.9925,34.1415],[-116.9927,34.1415],[-116.9928,34.1414],[-116.9929,34.1414],[-116.9929,34.1413],[-116.993,34.1412],[-116.9931,34.1411],[-116.9931,34.141],[-116.9931,34.1409],[-116.9931,34.1408],[-116.9931,34.1407],[-116.9931,34.1406],[-116.9932,34.1405],[-116.9934,34.1404],[-116.9935,34.1404],[-116.9938,34.1404],[-116.9939,34.1404],[-116.9941,34.1403],[-116.9942,34.1402],[-116.9944,34.14],[-116.9947,34.1398],[-116.9947,34.1397],[-116.9947,34.1396],[-116.9947,34.1395],[-116.9947,34.1394],[-116.9947,34.1393],[-116.9948,34.1391],[-116.9949,34.139],[-116.9948,34.1389],[-116.9948,34.1388],[-116.9947,34.1388],[-116.9945,34.1387],[-116.9944,34.1387],[-116.9943,34.1386],[-116.9943,34.1385],[-116.9943,34.1384],[-116.9944,34.1384],[-116.9945,34.1382],[-116.9946,34.1381],[-116.9946,34.138],[-116.9946,34.1378],[-116.9946,34.1377],[-116.9946,34.1376],[-116.9947,34.1375],[-116.9947,34.1374],[-116.9948,34.1374],[-116.9948,34.1373],[-116.9948,34.1371],[-116.9947,34.137],[-116.9947,34.1369],[-116.9948,34.1367],[-116.9948,34.1366],[-116.9948,34.1365],[-116.9947,34.1364],[-116.9946,34.1362],[-116.9945,34.1361],[-116.9944,34.136],[-116.9943,34.1359],[-116.9942,34.1359],[-116.9942,34.1358],[-116.9942,34.1357],[-116.9942,34.1356],[-116.9942,34.1355],[-116.9943,34.1354],[-116.9943,34.1353],[-116.9943,34.1352],[-116.9943,34.1351],[-116.9944,34.135],[-116.9945,34.135],[-116.9946,34.1349],[-116.9947,34.1349],[-116.9948,34.1349],[-116.9949,34.1349],[-116.9949,34.135],[-116.9951,34.1351],[-116.9952,34.1352],[-116.9953,34.1353],[-116.9953,34.1354],[-116.9953,34.1355],[-116.9954,34.1356],[-116.9955,34.1356],[-116.9956,34.1356],[-116.9957,34.1356],[-116.9958,34.1356],[-116.9959,34.1355],[-116.9961,34.1354],[-116.9962,34.1353],[-116.9963,34.1354],[-116.9965,34.1354],[-116.9966,34.1355],[-116.9967,34.1355],[-116.9969,34.1355],[-116.997,34.1356],[-116.9972,34.1356],[-116.9973,34.1356],[-116.9975,34.1356],[-116.9977,34.1356],[-116.9978,34.1357],[-116.9979,34.1357],[-116.998,34.1357],[-116.9981,34.1357],[-116.9982,34.1357],[-116.9983,34.1357],[-116.9983,34.1356],[-116.9984,34.1356],[-116.9984,34.1355],[-116.9984,34.1354],[-116.9985,34.1353],[-116.9987,34.1351],[-116.9989,34.135],[-116.999,34.1349],[-116.9992,34.1348],[-116.9994,34.1348],[-116.9995,34.1347],[-116.9997,34.1347],[-116.9998,34.1347],[-117,34.1347],[-117.0002,34.1347],[-117.0004,34.1348],[-117.0005,34.1349],[-117.0006,34.135],[-117.0008,34.135],[-117.0011,34.1351],[-117.0013,34.1352],[-117.0015,34.1352],[-117.0016,34.1353],[-117.0017,34.1353],[-117.0018,34.1354],[-117.0019,34.1354],[-117.0021,34.1355],[-117.0023,34.1356],[-117.0025,34.1358],[-117.0027,34.1359],[-117.0028,34.136],[-117.0029,34.1361],[-117.0032,34.1364],[-117.0034,34.1366],[-117.0036,34.1368],[-117.0037,34.1369],[-117.0038,34.137],[-117.004,34.137],[-117.0043,34.1372],[-117.0046,34.1373],[-117.0048,34.1374],[-117.005,34.1375],[-117.0051,34.1376],[-117.0053,34.1377],[-117.0054,34.1378],[-117.0054,34.1379],[-117.0055,34.138],[-117.0055,34.1381],[-117.0056,34.1382],[-117.0057,34.1382],[-117.0058,34.1382],[-117.0059,34.1382],[-117.0062,34.138],[-117.0064,34.1379],[-117.0066,34.1378],[-117.0067,34.1377],[-117.0068,34.1377],[-117.0069,34.1377],[-117.007,34.1377],[-117.0071,34.1377],[-117.0072,34.1376],[-117.0074,34.1376],[-117.0075,34.1376],[-117.0076,34.1377],[-117.0078,34.1377],[-117.008,34.1378],[-117.0081,34.1378],[-117.0082,34.1378],[-117.0083,34.1378],[-117.0086,34.1378],[-117.0088,34.1377],[-117.0093,34.1376],[-117.0094,34.1375],[-117.0095,34.1375],[-117.0096,34.1375],[-117.0097,34.1374],[-117.0097,34.1372],[-117.0098,34.1371],[-117.0098,34.137],[-117.0099,34.1369],[-117.01,34.1369],[-117.0101,34.1368],[-117.0102,34.1367],[-117.0102,34.1366],[-117.0103,34.1365],[-117.0103,34.1364],[-117.0103,34.1362],[-117.0104,34.1359],[-117.0104,34.1358],[-117.0105,34.1357],[-117.0105,34.1355],[-117.0106,34.1353],[-117.0106,34.1351],[-117.0107,34.1349],[-117.0108,34.1347],[-117.0109,34.1344],[-117.011,34.1342],[-117.011,34.1341],[-117.0111,34.1339],[-117.0111,34.1338],[-117.0112,34.1337],[-117.0114,34.1335],[-117.0115,34.1334],[-117.0115,34.1333],[-117.0116,34.1331],[-117.0116,34.133],[-117.0116,34.1329],[-117.0117,34.1329],[-117.0119,34.1326],[-117.012,34.1325],[-117.0121,34.1324],[-117.0121,34.1323],[-117.0121,34.1322],[-117.0121,34.1321],[-117.0121,34.1318],[-117.0121,34.1316],[-117.0121,34.1315],[-117.0121,34.1314],[-117.012,34.1313],[-117.0119,34.1311],[-117.0118,34.131],[-117.0117,34.1309],[-117.0116,34.1307],[-117.0115,34.1306],[-117.0115,34.1305],[-117.0114,34.1305],[-117.0112,34.1304],[-117.011,34.1304],[-117.0109,34.1303],[-117.0107,34.1303],[-117.0104,34.1302],[-117.0101,34.1301],[-117.0098,34.13],[-117.0096,34.13],[-117.0094,34.13],[-117.0092,34.1299],[-117.009,34.1299],[-117.0089,34.13],[-117.0087,34.13],[-117.0086,34.13],[-117.0085,34.13],[-117.0083,34.13],[-117.0081,34.1301],[-117.0079,34.1301],[-117.0078,34.1302],[-117.0076,34.1302],[-117.0074,34.1303],[-117.0073,34.1304],[-117.0071,34.1304],[-117.007,34.1304],[-117.0067,34.1304],[-117.0066,34.1304],[-117.0065,34.1305],[-117.0064,34.1305],[-117.0062,34.1305],[-117.006,34.1305],[-117.0057,34.1306],[-117.0056,34.1306],[-117.0054,34.1305],[-117.0053,34.1305],[-117.0051,34.1305],[-117.0049,34.1305],[-117.0048,34.1305],[-117.0047,34.1304],[-117.0046,34.1304],[-117.0045,34.1303],[-117.0044,34.1303],[-117.0043,34.1302],[-117.0042,34.1302],[-117.0041,34.1302],[-117.004,34.1301],[-117.0039,34.1301],[-117.0038,34.13],[-117.0037,34.13],[-117.0035,34.1298],[-117.0034,34.1297],[-117.0032,34.1295],[-117.0031,34.1294],[-117.0031,34.1293],[-117.003,34.1292],[-117.0029,34.1291],[-117.0028,34.129],[-117.0027,34.1289],[-117.0027,34.1288],[-117.0027,34.1287],[-117.0027,34.1286],[-117.0028,34.1285],[-117.0028,34.1284],[-117.0027,34.1283],[-117.0026,34.1283],[-117.0025,34.1283],[-117.0025,34.1282],[-117.0024,34.1282],[-117.0024,34.1281],[-117.0023,34.128],[-117.0023,34.1279],[-117.0022,34.1279],[-117.0021,34.1278],[-117.002,34.1279],[-117.0019,34.128],[-117.0019,34.1281],[-117.0018,34.1282],[-117.0017,34.1282],[-117.0016,34.1283],[-117.0015,34.1283],[-117.0014,34.1283],[-117.0013,34.1283],[-117.0012,34.1282],[-117.001,34.1282],[-117.0009,34.1281],[-117.0008,34.1281],[-117.0007,34.1281],[-117.0005,34.128],[-117.0004,34.1279],[-117.0002,34.1278],[-117.0001,34.1278],[-116.9999,34.1278],[-116.9998,34.1277],[-116.9997,34.1277],[-116.9996,34.1277],[-116.9996,34.1276],[-116.9996,34.1275],[-116.9997,34.1274],[-116.9998,34.1274],[-116.9999,34.1273],[-117,34.1272],[-117.0001,34.1271],[-117.0002,34.127],[-117.0004,34.1269],[-117.0005,34.1269],[-117.0006,34.1268],[-117.0008,34.1268],[-117.0009,34.1268],[-117.001,34.1268],[-117.0012,34.1267],[-117.0013,34.1266],[-117.0014,34.1265],[-117.0015,34.1265],[-117.0016,34.1265],[-117.0017,34.1264],[-117.0017,34.1263],[-117.0016,34.1263],[-117.0015,34.1263],[-117.0014,34.1262],[-117.0013,34.1262],[-117.0012,34.1262],[-117.001,34.1261],[-117.0008,34.126],[-117.0006,34.126],[-117.0005,34.1259],[-117.0004,34.1259],[-117.0003,34.1259],[-117.0002,34.1259],[-117.0001,34.1259],[-117,34.1259],[-116.9999,34.1259],[-116.9998,34.1258],[-116.9997,34.1257],[-116.9996,34.1257],[-116.9996,34.1256],[-116.9996,34.1255],[-116.9997,34.1254],[-116.9997,34.1253],[-116.9998,34.1252],[-116.9998,34.125],[-116.9998,34.1249],[-116.9999,34.1248],[-116.9998,34.1247],[-116.9999,34.1246],[-116.9999,34.1245],[-117,34.1244],[-117.0001,34.1244],[-117.0003,34.1243],[-117.0005,34.1242],[-117.0007,34.1242],[-117.0009,34.1241],[-117.001,34.124],[-117.0011,34.124],[-117.0012,34.1239],[-117.0013,34.1238],[-117.0014,34.1237],[-117.0015,34.1236],[-117.0016,34.1236],[-117.0018,34.1235],[-117.0019,34.1234],[-117.0019,34.1232],[-117.0019,34.1231],[-117.002,34.123],[-117.0021,34.1229],[-117.0022,34.1228],[-117.0024,34.1227],[-117.0025,34.1225],[-117.0026,34.1225],[-117.0027,34.1224],[-117.0028,34.1223],[-117.0028,34.1222],[-117.0029,34.1221],[-117.003,34.122],[-117.0032,34.122],[-117.0033,34.122],[-117.0034,34.122],[-117.0036,34.1221],[-117.0037,34.1221],[-117.0038,34.1221],[-117.0039,34.1221],[-117.004,34.1221],[-117.0042,34.122],[-117.0043,34.122],[-117.0045,34.1219],[-117.0046,34.122],[-117.0047,34.122],[-117.0048,34.122],[-117.0049,34.122],[-117.0051,34.122],[-117.0052,34.122],[-117.0053,34.122],[-117.0053,34.1221],[-117.0054,34.1222],[-117.0054,34.1223],[-117.0053,34.1224],[-117.0053,34.1225],[-117.0052,34.1225],[-117.0052,34.1226],[-117.0053,34.1227],[-117.0054,34.1227],[-117.0056,34.1228],[-117.0057,34.1228],[-117.0058,34.1228],[-117.0059,34.1229],[-117.006,34.123],[-117.0061,34.123],[-117.0062,34.123],[-117.0063,34.1229],[-117.0064,34.1228],[-117.0066,34.1227],[-117.0067,34.1226],[-117.0068,34.1227],[-117.007,34.1228],[-117.0071,34.1229],[-117.0072,34.1229],[-117.0072,34.123],[-117.0073,34.123],[-117.0074,34.123],[-117.0075,34.123],[-117.0076,34.123],[-117.0076,34.1229],[-117.0077,34.1228],[-117.0077,34.1227],[-117.0077,34.1226],[-117.0077,34.1224],[-117.0077,34.1223],[-117.0077,34.1222],[-117.0077,34.1221],[-117.0077,34.122],[-117.0076,34.1218],[-117.0075,34.1217],[-117.0075,34.1216],[-117.0076,34.1215],[-117.0076,34.1214],[-117.0077,34.1213],[-117.0078,34.1213],[-117.0079,34.1212],[-117.008,34.1212],[-117.0081,34.1211],[-117.0083,34.1211],[-117.0085,34.1211],[-117.0086,34.1211],[-117.0087,34.1212],[-117.0088,34.1213],[-117.0089,34.1214],[-117.0089,34.1215],[-117.009,34.1215],[-117.0091,34.1216],[-117.0092,34.1217],[-117.0093,34.1217],[-117.0094,34.1218],[-117.0094,34.1219],[-117.0095,34.1219],[-117.0096,34.1219],[-117.0098,34.1219],[-117.0099,34.1218],[-117.01,34.1218],[-117.0101,34.1218],[-117.0102,34.1218],[-117.0103,34.1219],[-117.0103,34.122],[-117.0104,34.1221],[-117.0105,34.1222],[-117.0107,34.1223],[-117.0108,34.1224],[-117.0109,34.1224],[-117.011,34.1225],[-117.0111,34.1224],[-117.0112,34.1224],[-117.0113,34.1225],[-117.0114,34.1225],[-117.0116,34.1226],[-117.0117,34.1227],[-117.0118,34.1227],[-117.0118,34.1228],[-117.0118,34.1229],[-117.0118,34.123],[-117.0118,34.1231],[-117.0118,34.1232],[-117.0118,34.1233],[-117.0118,34.1234],[-117.0117,34.1235],[-117.0118,34.1236],[-117.0118,34.1237],[-117.0119,34.1237],[-117.012,34.1237],[-117.0121,34.1237],[-117.0122,34.1236],[-117.0124,34.1235],[-117.0125,34.1235],[-117.0127,34.1235],[-117.0128,34.1234],[-117.0129,34.1233],[-117.013,34.1233],[-117.0131,34.1233],[-117.0133,34.1234],[-117.0135,34.1235],[-117.0137,34.1236],[-117.0138,34.1236],[-117.0139,34.1236],[-117.014,34.1235],[-117.0141,34.1235],[-117.0143,34.1234],[-117.0144,34.1234],[-117.0145,34.1234],[-117.0146,34.1234],[-117.0147,34.1233],[-117.0148,34.1232],[-117.0149,34.1231],[-117.0151,34.123],[-117.0152,34.123],[-117.0154,34.123],[-117.0155,34.123],[-117.0156,34.123],[-117.0157,34.1229],[-117.0158,34.1228],[-117.0159,34.1228],[-117.016,34.1227],[-117.016,34.1226],[-117.0161,34.1225],[-117.0161,34.1224],[-117.0162,34.1224],[-117.0163,34.1224],[-117.0164,34.1224],[-117.0165,34.1225],[-117.0166,34.1225],[-117.0168,34.1225],[-117.0169,34.1225],[-117.017,34.1224],[-117.0173,34.1223],[-117.0174,34.1222],[-117.0175,34.1221],[-117.0175,34.122],[-117.0175,34.1219],[-117.0175,34.1218],[-117.0174,34.1217],[-117.0174,34.1216],[-117.0174,34.1215],[-117.0175,34.1215],[-117.0176,34.1214],[-117.0177,34.1214],[-117.0178,34.1214],[-117.0179,34.1214],[-117.018,34.1213],[-117.018,34.1212],[-117.0181,34.1211],[-117.0182,34.121],[-117.0184,34.1209],[-117.0185,34.1208],[-117.0186,34.1207],[-117.0187,34.1207],[-117.0189,34.1206],[-117.019,34.1206],[-117.0191,34.1206],[-117.0192,34.1206],[-117.0193,34.1206],[-117.0194,34.1206],[-117.0195,34.1206],[-117.0196,34.1206],[-117.0196,34.1205],[-117.0196,34.1204],[-117.0196,34.1203],[-117.0197,34.1203],[-117.0197,34.1202],[-117.0198,34.1202],[-117.0199,34.1201],[-117.02,34.1201],[-117.0201,34.1201],[-117.0202,34.1202],[-117.0203,34.1201],[-117.0205,34.1201],[-117.0206,34.1201],[-117.0207,34.1201],[-117.0208,34.1202],[-117.0209,34.1203],[-117.021,34.1204],[-117.0211,34.1204],[-117.0212,34.1204],[-117.0213,34.1204],[-117.0216,34.1202],[-117.0222,34.12],[-117.0224,34.1199],[-117.0226,34.1198],[-117.0227,34.1198],[-117.0229,34.1198],[-117.0231,34.1198],[-117.0233,34.1198],[-117.0235,34.1198],[-117.0236,34.1198],[-117.0237,34.1198],[-117.0238,34.1198],[-117.0239,34.1199],[-117.024,34.1199],[-117.0241,34.12],[-117.0242,34.12],[-117.0243,34.1201],[-117.0244,34.1201],[-117.0245,34.1201],[-117.0246,34.1201],[-117.0247,34.1201],[-117.0248,34.12],[-117.0248,34.1199],[-117.0248,34.1198],[-117.0248,34.1197],[-117.0248,34.1196],[-117.0248,34.1195],[-117.0249,34.1194],[-117.025,34.1194],[-117.0251,34.1194],[-117.0253,34.1194],[-117.0254,34.1194],[-117.0255,34.1194],[-117.0256,34.1195],[-117.0257,34.1195],[-117.0259,34.1195],[-117.026,34.1196],[-117.0261,34.1196],[-117.0262,34.1196],[-117.0263,34.1196],[-117.0264,34.1196],[-117.0265,34.1197],[-117.0266,34.1198],[-117.0267,34.1198],[-117.0267,34.1199],[-117.0267,34.12],[-117.0268,34.1201],[-117.0268,34.1202],[-117.0268,34.1203],[-117.0269,34.1204],[-117.027,34.1204],[-117.0271,34.1204],[-117.0272,34.1205],[-117.0273,34.1205],[-117.0274,34.1206],[-117.0275,34.1207],[-117.0276,34.1207],[-117.0276,34.1208],[-117.0276,34.1209],[-117.0276,34.121],[-117.0275,34.1211],[-117.0275,34.1212],[-117.0276,34.1213],[-117.0275,34.1213],[-117.0275,34.1214],[-117.0274,34.1215],[-117.0274,34.1216],[-117.0275,34.1217],[-117.0276,34.1218],[-117.0277,34.1219],[-117.0278,34.1219],[-117.0279,34.1219],[-117.028,34.122],[-117.0281,34.122],[-117.0282,34.122],[-117.0282,34.1221],[-117.0283,34.1221],[-117.0283,34.1222],[-117.0283,34.1223],[-117.0284,34.1224],[-117.0285,34.1225],[-117.0286,34.1225],[-117.0286,34.1226],[-117.0287,34.1226],[-117.0287,34.1227],[-117.0288,34.1227],[-117.0288,34.1228],[-117.0289,34.1229],[-117.0291,34.1229],[-117.0292,34.1231],[-117.0294,34.1232],[-117.0295,34.1233],[-117.0297,34.1234],[-117.0298,34.1235],[-117.03,34.1236],[-117.0301,34.1236],[-117.0302,34.1236],[-117.0304,34.1236],[-117.0306,34.1237],[-117.0308,34.1237],[-117.031,34.1237],[-117.0311,34.1237],[-117.0312,34.1237],[-117.0313,34.1236],[-117.0314,34.1236],[-117.0316,34.1235],[-117.0318,34.1234],[-117.0319,34.1233],[-117.032,34.1233],[-117.0323,34.1233],[-117.0327,34.1233],[-117.0329,34.1233],[-117.033,34.1233],[-117.0332,34.1233],[-117.0333,34.1233],[-117.0334,34.1233],[-117.0335,34.1233],[-117.0337,34.1233],[-117.0338,34.1233],[-117.0339,34.1233],[-117.034,34.1233],[-117.0342,34.1234],[-117.0343,34.1234],[-117.0344,34.1234],[-117.0345,34.1234],[-117.0346,34.1233],[-117.0346,34.1232],[-117.0346,34.1231],[-117.0345,34.123],[-117.0345,34.1229],[-117.0345,34.1228],[-117.0345,34.1227],[-117.0345,34.1226],[-117.0345,34.1225],[-117.0344,34.1224],[-117.0343,34.1224],[-117.0342,34.1224],[-117.0341,34.1223],[-117.034,34.1223],[-117.0339,34.1222],[-117.0338,34.1222],[-117.0337,34.1222],[-117.0337,34.1221],[-117.0336,34.1221],[-117.0336,34.122],[-117.0335,34.1219],[-117.0335,34.1218],[-117.0334,34.1217],[-117.0333,34.1217],[-117.0331,34.1216],[-117.0329,34.1216],[-117.0328,34.1216],[-117.0327,34.1215],[-117.0326,34.1215],[-117.0325,34.1214],[-117.0324,34.1213],[-117.0323,34.1212],[-117.0323,34.1211],[-117.0322,34.1211],[-117.0322,34.121],[-117.0323,34.1209],[-117.0323,34.1208],[-117.0323,34.1207],[-117.0324,34.1206],[-117.0326,34.1205],[-117.0327,34.1204],[-117.0328,34.1204],[-117.033,34.1202],[-117.0331,34.1201],[-117.0333,34.1201],[-117.0333,34.12],[-117.0334,34.12],[-117.0335,34.12],[-117.0336,34.12],[-117.0338,34.1199],[-117.0339,34.1199],[-117.0341,34.1198],[-117.0341,34.1197],[-117.0342,34.1197],[-117.0343,34.1196],[-117.0343,34.1195],[-117.0344,34.1195],[-117.0345,34.1195],[-117.0346,34.1196],[-117.0347,34.1196],[-117.0347,34.1197],[-117.0347,34.1198],[-117.0346,34.1198],[-117.0345,34.1199],[-117.0344,34.1199],[-117.0343,34.1199],[-117.0342,34.12],[-117.034,34.1201],[-117.0339,34.1201],[-117.0338,34.1202],[-117.0336,34.1202],[-117.0335,34.1203],[-117.0334,34.1204],[-117.0333,34.1204],[-117.0332,34.1205],[-117.0331,34.1206],[-117.0331,34.1207],[-117.033,34.1208],[-117.0331,34.1209],[-117.0332,34.121],[-117.0333,34.121],[-117.0334,34.121],[-117.0335,34.121],[-117.0335,34.1209],[-117.0336,34.1209],[-117.0336,34.1208],[-117.0336,34.1207],[-117.0336,34.1206],[-117.0336,34.1205],[-117.0337,34.1205],[-117.0338,34.1204],[-117.0339,34.1204],[-117.0341,34.1204],[-117.0342,34.1204],[-117.0342,34.1203],[-117.0344,34.1203],[-117.0345,34.1203],[-117.0346,34.1203],[-117.0347,34.1203],[-117.0348,34.1202],[-117.0349,34.1202],[-117.0351,34.1202],[-117.0354,34.1201],[-117.0355,34.1201],[-117.0357,34.12],[-117.0358,34.12],[-117.0361,34.1199],[-117.0362,34.1198],[-117.0364,34.1197],[-117.0365,34.1197],[-117.0368,34.1196],[-117.0368,34.1195],[-117.0369,34.1195],[-117.0372,34.1195],[-117.0374,34.1194],[-117.0375,34.1194],[-117.0376,34.1194],[-117.0377,34.1194],[-117.0378,34.1193],[-117.0379,34.1192],[-117.038,34.1192],[-117.038,34.1191],[-117.038,34.119],[-117.038,34.1189],[-117.038,34.1188],[-117.0379,34.1186],[-117.0379,34.1184],[-117.0379,34.1182],[-117.0379,34.1181],[-117.0378,34.118],[-117.0378,34.1179],[-117.0377,34.1179],[-117.0376,34.1178],[-117.0375,34.1178],[-117.0374,34.1178],[-117.0373,34.1178],[-117.0372,34.1178],[-117.0371,34.1178],[-117.037,34.1178],[-117.0369,34.1178],[-117.0368,34.1178],[-117.0367,34.1178],[-117.0367,34.1177],[-117.0366,34.1176],[-117.0365,34.1175],[-117.0364,34.1174],[-117.0362,34.1174],[-117.0361,34.1173],[-117.036,34.1173],[-117.0359,34.1172],[-117.0357,34.1172],[-117.0356,34.1172],[-117.0355,34.1172],[-117.0354,34.1172],[-117.0353,34.1171],[-117.0352,34.117],[-117.0351,34.117],[-117.035,34.117],[-117.0349,34.1169],[-117.0349,34.1168],[-117.0348,34.1167],[-117.0347,34.1166],[-117.0345,34.1166],[-117.0344,34.1165],[-117.0343,34.1164],[-117.0342,34.1164],[-117.0341,34.1164],[-117.0341,34.1163],[-117.034,34.1162],[-117.0339,34.1162],[-117.0339,34.1161],[-117.0337,34.116],[-117.0336,34.116],[-117.0335,34.116],[-117.0334,34.1159],[-117.0333,34.1159],[-117.0332,34.1159],[-117.0331,34.1159],[-117.0329,34.1159],[-117.0328,34.116],[-117.0327,34.116],[-117.0325,34.116],[-117.0324,34.1161],[-117.0323,34.1161],[-117.0322,34.1161],[-117.0321,34.116],[-117.032,34.116],[-117.032,34.1159],[-117.032,34.1157],[-117.0319,34.1156],[-117.0319,34.1155],[-117.0318,34.1154],[-117.0317,34.1153],[-117.0317,34.1152],[-117.0316,34.1152],[-117.0315,34.1152],[-117.0314,34.1152],[-117.0313,34.1152],[-117.0312,34.1152],[-117.0311,34.1151],[-117.031,34.115],[-117.0309,34.1149],[-117.0308,34.1149],[-117.0307,34.1148],[-117.0306,34.1148],[-117.0304,34.1148],[-117.0303,34.1147],[-117.0302,34.1147],[-117.0301,34.1147],[-117.0301,34.1148],[-117.03,34.1148],[-117.0299,34.1149],[-117.0298,34.1149],[-117.0297,34.115],[-117.0296,34.115],[-117.0295,34.115],[-117.0294,34.1149],[-117.0293,34.1148],[-117.0292,34.1148],[-117.0291,34.1148],[-117.029,34.1147],[-117.029,34.1146],[-117.029,34.1145],[-117.0289,34.1144],[-117.0289,34.1143],[-117.0288,34.1143],[-117.0287,34.1142],[-117.0287,34.1141],[-117.0287,34.114],[-117.0288,34.114],[-117.0289,34.114],[-117.029,34.1139],[-117.0291,34.1138],[-117.0291,34.1137],[-117.029,34.1136],[-117.0289,34.1135],[-117.0288,34.1135],[-117.0286,34.1135],[-117.0284,34.1135],[-117.0283,34.1135],[-117.0282,34.1135],[-117.0281,34.1134],[-117.028,34.1134],[-117.028,34.1133],[-117.028,34.1132],[-117.028,34.1131],[-117.028,34.113],[-117.0281,34.113],[-117.0281,34.1129],[-117.0282,34.1129],[-117.0283,34.1129],[-117.0284,34.1128],[-117.0285,34.1127],[-117.0286,34.1127],[-117.0287,34.1127],[-117.0288,34.1127],[-117.0288,34.1126],[-117.029,34.1126],[-117.0291,34.1126],[-117.0292,34.1126],[-117.0293,34.1126],[-117.0294,34.1125],[-117.0295,34.1125],[-117.0296,34.1125],[-117.0298,34.1124],[-117.0299,34.1123],[-117.03,34.1123],[-117.0301,34.1123],[-117.0302,34.1123],[-117.0303,34.1123],[-117.0303,34.1122],[-117.0304,34.1122],[-117.0303,34.1121],[-117.0302,34.112],[-117.0301,34.112],[-117.0301,34.1119],[-117.03,34.1119],[-117.0299,34.1118],[-117.0298,34.1118],[-117.0297,34.1117],[-117.0296,34.1116],[-117.0295,34.1116],[-117.0295,34.1115],[-117.0294,34.1114],[-117.0294,34.1113],[-117.0294,34.1112],[-117.0294,34.1111],[-117.0295,34.1111],[-117.0294,34.1111],[-117.0294,34.111],[-117.0294,34.1109],[-117.0293,34.1109],[-117.0292,34.1109],[-117.0292,34.1108],[-117.0292,34.1107],[-117.0291,34.1106],[-117.029,34.1106],[-117.0288,34.1106],[-117.0287,34.1106],[-117.0286,34.1105],[-117.0285,34.1105],[-117.0284,34.1104],[-117.0283,34.1104],[-117.0283,34.1103],[-117.0283,34.1102],[-117.0283,34.1101],[-117.0283,34.11],[-117.0282,34.11],[-117.0282,34.1099],[-117.0281,34.1099],[-117.028,34.1098],[-117.0279,34.1098],[-117.0278,34.1097],[-117.0278,34.1096],[-117.0278,34.1095],[-117.0278,34.1094],[-117.0279,34.1094],[-117.028,34.1093],[-117.0281,34.1093],[-117.0282,34.1093],[-117.0282,34.1092],[-117.0282,34.1091],[-117.0283,34.109],[-117.0284,34.109],[-117.0285,34.1089],[-117.0286,34.1089],[-117.0286,34.1088],[-117.0287,34.1088],[-117.0288,34.1087],[-117.0289,34.1087],[-117.029,34.1087],[-117.029,34.1086],[-117.029,34.1085],[-117.0289,34.1085],[-117.029,34.1084],[-117.0291,34.1083],[-117.0291,34.1082],[-117.0291,34.1081],[-117.029,34.1081],[-117.0289,34.1081],[-117.0288,34.1081],[-117.0287,34.1081],[-117.0287,34.108],[-117.0287,34.1079],[-117.0287,34.1078],[-117.0286,34.1078],[-117.0285,34.1078],[-117.0284,34.1078],[-117.0283,34.1079],[-117.0282,34.1079],[-117.0281,34.1079],[-117.028,34.108],[-117.0279,34.1079],[-117.0278,34.1079],[-117.0277,34.1078],[-117.0277,34.1077],[-117.0277,34.1076],[-117.0278,34.1075],[-117.0278,34.1073],[-117.0279,34.1072],[-117.0279,34.1071],[-117.0279,34.107],[-117.0279,34.1069],[-117.028,34.1068],[-117.028,34.1067],[-117.028,34.1066],[-117.0279,34.1066]]]}},{"type":"Feature","properties":{"id":"1N79","name":"JENKS LAKE PICNIC AREA        ","kind":"road","access":"plate","seasonal":false},"geometry":{"type":"MultiLineString","coordinates":[[[-116.8829,34.1607],[-116.8829,34.1608],[-116.883,34.1608],[-116.8831,34.1609],[-116.883,34.161],[-116.8829,34.1611],[-116.8828,34.1612],[-116.8827,34.1613],[-116.8827,34.1614],[-116.8827,34.1615],[-116.8828,34.1615],[-116.8828,34.1616],[-116.8829,34.1616],[-116.883,34.1618],[-116.8832,34.1619],[-116.8836,34.1622],[-116.8841,34.1626],[-116.8845,34.1629],[-116.8846,34.163],[-116.8847,34.1631],[-116.8848,34.1633],[-116.8849,34.1634],[-116.8851,34.1636],[-116.8852,34.1638],[-116.8853,34.1639],[-116.8853,34.164],[-116.8853,34.1642],[-116.8854,34.1644],[-116.8853,34.1646],[-116.8853,34.1647],[-116.8853,34.1649],[-116.8852,34.165],[-116.8852,34.1651],[-116.8851,34.1651]],[[-116.8851,34.1651],[-116.885,34.1652],[-116.8848,34.1652],[-116.8846,34.1652],[-116.8846,34.1653]],[[-116.8851,34.1651],[-116.8851,34.1652],[-116.885,34.1652],[-116.885,34.1653]],[[-116.8846,34.1653],[-116.8848,34.1653],[-116.885,34.1653]],[[-116.8846,34.1653],[-116.8844,34.1653],[-116.8842,34.1653],[-116.8842,34.1654],[-116.8841,34.1654],[-116.8841,34.1655],[-116.8841,34.1656],[-116.8842,34.1656],[-116.8843,34.1655],[-116.8845,34.1655],[-116.8846,34.1656],[-116.8847,34.1656],[-116.8848,34.1656],[-116.8849,34.1656],[-116.885,34.1656],[-116.8851,34.1656],[-116.8851,34.1655],[-116.8851,34.1654],[-116.885,34.1653]]]}},{"type":"Feature","properties":{"id":"1N37A","name":"BEAN FLAT SPUR","kind":"road","access":"plate","seasonal":false},"geometry":{"type":"LineString","coordinates":[[-116.7705,34.1487],[-116.7704,34.1486],[-116.7704,34.1485],[-116.7703,34.1485],[-116.7702,34.1484],[-116.7701,34.1483],[-116.77,34.1483],[-116.7699,34.1482],[-116.7698,34.1482],[-116.7697,34.1482],[-116.7696,34.1482],[-116.7695,34.1482],[-116.7694,34.1481],[-116.7693,34.1481],[-116.7692,34.1481],[-116.7691,34.1481],[-116.769,34.1481],[-116.7689,34.1481],[-116.7689,34.148],[-116.7688,34.148],[-116.7687,34.148],[-116.7686,34.1479],[-116.7685,34.1478],[-116.7682,34.1477],[-116.7681,34.1476],[-116.7679,34.1476],[-116.7678,34.1475],[-116.7677,34.1475],[-116.7676,34.1474],[-116.7676,34.1473],[-116.7675,34.1472],[-116.7674,34.1471],[-116.7673,34.1471],[-116.7673,34.147],[-116.7672,34.147],[-116.7671,34.147],[-116.767,34.1469],[-116.7669,34.1469],[-116.7668,34.1468],[-116.7667,34.1468],[-116.7666,34.1467],[-116.7665,34.1467],[-116.7664,34.1467],[-116.7663,34.1467],[-116.7662,34.1466],[-116.7661,34.1465],[-116.766,34.1464],[-116.7659,34.1464],[-116.7659,34.1463],[-116.7659,34.1462],[-116.7659,34.1461],[-116.7658,34.146],[-116.7658,34.1459],[-116.7657,34.1459],[-116.7656,34.1458],[-116.7655,34.1458],[-116.7655,34.1457],[-116.7654,34.1457],[-116.7653,34.1456],[-116.7652,34.1455],[-116.765,34.1454],[-116.7648,34.1451],[-116.7646,34.145],[-116.7645,34.1449],[-116.7644,34.1448],[-116.7642,34.1447],[-116.7641,34.1447],[-116.764,34.1446],[-116.7639,34.1446],[-116.7638,34.1446],[-116.7637,34.1446],[-116.7636,34.1446],[-116.7635,34.1446],[-116.7634,34.1446],[-116.7633,34.1446],[-116.7632,34.1446],[-116.7631,34.1446],[-116.7631,34.1445],[-116.763,34.1445],[-116.7628,34.1444],[-116.7628,34.1443],[-116.7627,34.1443],[-116.7626,34.1442],[-116.7625,34.1441],[-116.7624,34.144],[-116.7624,34.1439],[-116.7625,34.1439],[-116.7625,34.1438],[-116.7626,34.1438],[-116.7627,34.1438],[-116.7629,34.1437],[-116.763,34.1437],[-116.7631,34.1437],[-116.7632,34.1437],[-116.7633,34.1437],[-116.7634,34.1437],[-116.7635,34.1437],[-116.7636,34.1437],[-116.7637,34.1437],[-116.7637,34.1436],[-116.7638,34.1436],[-116.7639,34.1436],[-116.764,34.1436],[-116.7641,34.1436],[-116.7642,34.1436],[-116.7643,34.1436],[-116.7644,34.1436],[-116.7645,34.1436],[-116.7646,34.1436],[-116.7647,34.1435],[-116.7648,34.1435],[-116.7649,34.1435],[-116.765,34.1435],[-116.7652,34.1435],[-116.7653,34.1435],[-116.7654,34.1435],[-116.7655,34.1435],[-116.7656,34.1434],[-116.7657,34.1434],[-116.7658,34.1433],[-116.766,34.1433],[-116.7661,34.1433],[-116.7662,34.1433],[-116.7663,34.1433],[-116.7664,34.1432],[-116.7665,34.1432],[-116.7666,34.1432],[-116.7666,34.1431],[-116.7667,34.1431],[-116.7667,34.143],[-116.7668,34.1429],[-116.7669,34.1429],[-116.767,34.1429],[-116.7671,34.1429],[-116.7672,34.1429],[-116.7673,34.1429],[-116.7674,34.1429],[-116.7675,34.1429],[-116.7676,34.1429],[-116.7677,34.1429],[-116.7678,34.1429],[-116.7679,34.1428],[-116.768,34.1428],[-116.7681,34.1428],[-116.7682,34.1427],[-116.7683,34.1427],[-116.7684,34.1427],[-116.7685,34.1427],[-116.7685,34.1426],[-116.7685,34.1425],[-116.7684,34.1425],[-116.7684,34.1424],[-116.7683,34.1424],[-116.7682,34.1424],[-116.7681,34.1424],[-116.768,34.1425],[-116.7679,34.1425],[-116.7678,34.1425],[-116.7678,34.1424],[-116.7677,34.1424],[-116.7677,34.1423],[-116.7677,34.1422],[-116.7677,34.1421],[-116.7678,34.1419],[-116.7678,34.1418],[-116.7679,34.1418],[-116.7679,34.1417],[-116.7679,34.1416],[-116.7679,34.1415],[-116.7679,34.1414],[-116.768,34.1412],[-116.768,34.1411],[-116.7681,34.141],[-116.7681,34.1408],[-116.7682,34.1408],[-116.7682,34.1407],[-116.7681,34.1406],[-116.768,34.1405],[-116.7679,34.1404],[-116.7678,34.1404],[-116.7677,34.1403],[-116.7676,34.1402],[-116.7675,34.1402],[-116.7674,34.1401],[-116.7674,34.14],[-116.7673,34.14],[-116.7673,34.1399],[-116.7672,34.1398],[-116.7671,34.1398],[-116.767,34.1397],[-116.7669,34.1397],[-116.7669,34.1396],[-116.7668,34.1396],[-116.7667,34.1396],[-116.7666,34.1396],[-116.7665,34.1396],[-116.7664,34.1396],[-116.7663,34.1396],[-116.7662,34.1396],[-116.7662,34.1395],[-116.7662,34.1394],[-116.7663,34.1393],[-116.7663,34.1392],[-116.7662,34.1392],[-116.7662,34.1391],[-116.7661,34.139],[-116.766,34.139],[-116.766,34.1389],[-116.766,34.1388],[-116.7659,34.1387],[-116.7658,34.1386],[-116.7657,34.1386],[-116.7657,34.1385],[-116.7657,34.1384],[-116.7658,34.1383],[-116.7658,34.1382],[-116.7658,34.1381],[-116.7658,34.138],[-116.7657,34.1379],[-116.7656,34.1379],[-116.7655,34.1379],[-116.7654,34.1379],[-116.7653,34.1379],[-116.7652,34.1379],[-116.7651,34.1379],[-116.765,34.1379],[-116.7649,34.1379],[-116.7648,34.1379],[-116.7647,34.1379],[-116.7646,34.1379],[-116.7645,34.1378],[-116.7644,34.1378],[-116.7643,34.1378],[-116.7642,34.1378],[-116.7641,34.1378],[-116.764,34.1378],[-116.7639,34.1377],[-116.7638,34.1376],[-116.7637,34.1376],[-116.7636,34.1375],[-116.7635,34.1375],[-116.7634,34.1375],[-116.7633,34.1374],[-116.7632,34.1374],[-116.7631,34.1373],[-116.763,34.1373],[-116.7629,34.1372],[-116.7628,34.1371],[-116.7628,34.137],[-116.7628,34.1369],[-116.7628,34.1368],[-116.7628,34.1367],[-116.7627,34.1366],[-116.7627,34.1365],[-116.7627,34.1364],[-116.7626,34.1363],[-116.7626,34.1362],[-116.7627,34.1362],[-116.7627,34.1361],[-116.7627,34.136],[-116.7627,34.1359],[-116.7627,34.1358],[-116.7627,34.1357],[-116.7626,34.1355],[-116.7625,34.1354],[-116.7625,34.1353],[-116.7624,34.1352],[-116.7624,34.1351],[-116.7623,34.135],[-116.7623,34.1349],[-116.7623,34.1348],[-116.7623,34.1347],[-116.7622,34.1347],[-116.7621,34.1346],[-116.762,34.1346],[-116.7619,34.1345],[-116.7618,34.1345],[-116.7617,34.1344],[-116.7616,34.1344],[-116.7615,34.1344],[-116.7615,34.1343],[-116.7614,34.1343],[-116.7613,34.1343],[-116.7612,34.1343],[-116.7611,34.1343],[-116.761,34.1342],[-116.7609,34.1342],[-116.7609,34.1343],[-116.7608,34.1343],[-116.7607,34.1343],[-116.7607,34.1344],[-116.7606,34.1344],[-116.7605,34.1343],[-116.7604,34.1343],[-116.7604,34.1342],[-116.7603,34.1342],[-116.7602,34.1341],[-116.7601,34.1341],[-116.76,34.134],[-116.7599,34.134],[-116.7599,34.1339],[-116.7598,34.1339],[-116.7597,34.134],[-116.7596,34.134],[-116.7595,34.134],[-116.7594,34.134],[-116.7593,34.134],[-116.7592,34.134],[-116.7591,34.134],[-116.759,34.1341],[-116.7589,34.1341],[-116.7589,34.1342],[-116.7588,34.1342],[-116.7587,34.1343],[-116.7586,34.1343],[-116.7585,34.1343],[-116.7585,34.1344],[-116.7584,34.1344],[-116.7583,34.1344],[-116.7581,34.1344],[-116.758,34.1345],[-116.7579,34.1346],[-116.7577,34.1347],[-116.7577,34.1348],[-116.7576,34.1349],[-116.7574,34.135],[-116.7573,34.1351],[-116.7572,34.1352],[-116.7571,34.1352],[-116.7571,34.1353],[-116.757,34.1353],[-116.7569,34.1353],[-116.7567,34.1354],[-116.7566,34.1355],[-116.7565,34.1356],[-116.7563,34.1356],[-116.7562,34.1357],[-116.7561,34.1357],[-116.756,34.1357],[-116.7558,34.1357],[-116.7557,34.1357],[-116.7556,34.1357],[-116.7554,34.1357],[-116.7552,34.1356],[-116.7551,34.1356],[-116.755,34.1356],[-116.7547,34.1355],[-116.7545,34.1355],[-116.7543,34.1355],[-116.7542,34.1355],[-116.7541,34.1354],[-116.754,34.1353],[-116.7539,34.1353],[-116.7538,34.1352],[-116.7537,34.1351],[-116.7536,34.1351],[-116.7534,34.1349],[-116.7533,34.1349],[-116.7531,34.1348],[-116.753,34.1347],[-116.7528,34.1347],[-116.7527,34.1346],[-116.7524,34.1344],[-116.7522,34.1343],[-116.752,34.1341],[-116.7518,34.134],[-116.7515,34.1339],[-116.7513,34.1338],[-116.7512,34.1338],[-116.7511,34.1337],[-116.751,34.1336],[-116.7509,34.1336],[-116.7509,34.1335],[-116.7508,34.1334],[-116.7507,34.1332],[-116.7507,34.1331],[-116.7506,34.133],[-116.7505,34.1329],[-116.7504,34.1328],[-116.7503,34.1328],[-116.7502,34.1327],[-116.7501,34.1325],[-116.75,34.1324],[-116.75,34.1323],[-116.7499,34.1322],[-116.7499,34.1321]]}},{"type":"Feature","properties":{"id":"1N77","name":"BARTON FLATS VIS","kind":"road","access":"plate","seasonal":false},"geometry":{"type":"LineString","coordinates":[[-116.8882,34.1707],[-116.8882,34.1706],[-116.8882,34.1705],[-116.8881,34.1704],[-116.8879,34.1703],[-116.8878,34.1703],[-116.8876,34.1704],[-116.8875,34.1704],[-116.8874,34.1704],[-116.8873,34.1704],[-116.8872,34.1705],[-116.8871,34.1706],[-116.8871,34.1707]]}},{"type":"Feature","properties":{"id":"1N53","name":"CAMP ANGELUS","kind":"road","access":"plate","seasonal":false},"geometry":{"type":"LineString","coordinates":[[-116.9806,34.1486],[-116.9805,34.1485],[-116.9804,34.1485],[-116.9803,34.1484],[-116.9803,34.1483],[-116.9802,34.1483],[-116.9802,34.1482],[-116.9802,34.1481],[-116.9801,34.148],[-116.9801,34.1478],[-116.9801,34.1477],[-116.98,34.1475],[-116.98,34.1474],[-116.9798,34.1469],[-116.9798,34.1467],[-116.9798,34.1465],[-116.9797,34.1464],[-116.9797,34.1463],[-116.9796,34.1463],[-116.9796,34.1462],[-116.9796,34.1461],[-116.9796,34.146],[-116.9796,34.1458],[-116.9796,34.1457],[-116.9795,34.1455],[-116.9795,34.1454],[-116.9796,34.1453],[-116.9796,34.1452],[-116.9796,34.1451],[-116.9795,34.1451],[-116.9794,34.1451],[-116.9794,34.1452],[-116.9793,34.1453],[-116.9791,34.1454],[-116.979,34.1455],[-116.9789,34.1456],[-116.9789,34.1457],[-116.9788,34.1457],[-116.9787,34.1457],[-116.9786,34.1457],[-116.9786,34.1458],[-116.9785,34.1459],[-116.9784,34.1461],[-116.9782,34.1462]]}},{"type":"Feature","properties":{"id":"1N45","name":"SANTA ANA RIVER(742650)","kind":"road","access":"plate","seasonal":false},"geometry":{"type":"MultiLineString","coordinates":[[[-116.9074,34.1841],[-116.9072,34.1842],[-116.9071,34.1842],[-116.9068,34.1842],[-116.9066,34.1842],[-116.9064,34.1843],[-116.9063,34.1843],[-116.9061,34.1844],[-116.9059,34.1844],[-116.9057,34.1845],[-116.9053,34.1846],[-116.9052,34.1846],[-116.905,34.1847],[-116.9048,34.1847],[-116.9047,34.1847],[-116.9046,34.1847],[-116.9046,34.1848],[-116.9045,34.1848],[-116.9043,34.1848],[-116.9041,34.1848],[-116.904,34.1848],[-116.9039,34.1848],[-116.9038,34.1848],[-116.9037,34.1848],[-116.9035,34.1848],[-116.9034,34.1848],[-116.9032,34.1848],[-116.903,34.1848],[-116.9027,34.1848],[-116.9026,34.1848],[-116.9021,34.1848],[-116.9019,34.1849],[-116.9018,34.1849],[-116.9015,34.1849],[-116.9014,34.1849],[-116.9009,34.1849],[-116.9008,34.1849],[-116.9006,34.1849],[-116.9005,34.185],[-116.9003,34.1851],[-116.9002,34.1851],[-116.8999,34.1852],[-116.8997,34.1852],[-116.8996,34.1853],[-116.8993,34.1853],[-116.8991,34.1853],[-116.8988,34.1853],[-116.8987,34.1853],[-116.8986,34.1853],[-116.8985,34.1854],[-116.8985,34.1855],[-116.8983,34.1856],[-116.8982,34.1857],[-116.8981,34.1858],[-116.898,34.1858],[-116.8978,34.1859],[-116.8977,34.1859],[-116.8976,34.1859],[-116.8975,34.1858],[-116.8973,34.1858],[-116.897,34.1858],[-116.8969,34.1857],[-116.8967,34.1857],[-116.8964,34.1857],[-116.8962,34.1857],[-116.8961,34.1857],[-116.8959,34.1857],[-116.8957,34.1857],[-116.8955,34.1856],[-116.8954,34.1856],[-116.8953,34.1855],[-116.8952,34.1855],[-116.8951,34.1854],[-116.895,34.1854],[-116.8949,34.1853],[-116.8948,34.1853],[-116.8947,34.1853],[-116.8946,34.1853],[-116.8945,34.1852],[-116.8944,34.1852],[-116.8943,34.1851],[-116.8942,34.185],[-116.8942,34.1849],[-116.8941,34.1848],[-116.894,34.1847],[-116.8939,34.1846],[-116.8938,34.1846],[-116.8937,34.1845],[-116.8936,34.1845],[-116.8935,34.1845],[-116.8934,34.1844],[-116.893,34.1843],[-116.8928,34.1842],[-116.8928,34.1841],[-116.8927,34.1841],[-116.8925,34.184],[-116.8923,34.1838],[-116.8922,34.1837],[-116.892,34.1837],[-116.8918,34.1836],[-116.8916,34.1835],[-116.8914,34.1835],[-116.8913,34.1834],[-116.8911,34.1834],[-116.8909,34.1834],[-116.8908,34.1834],[-116.8906,34.1834],[-116.8906,34.1833],[-116.8905,34.1833],[-116.8903,34.1832],[-116.8901,34.1831],[-116.89,34.183],[-116.8898,34.1829],[-116.8897,34.1828],[-116.8895,34.1827],[-116.8895,34.1826],[-116.8894,34.1826],[-116.8893,34.1826],[-116.8891,34.1825],[-116.8889,34.1825],[-116.8888,34.1825],[-116.8887,34.1825],[-116.8886,34.1825],[-116.8885,34.1824],[-116.8884,34.1824],[-116.8882,34.1824],[-116.8881,34.1824],[-116.8879,34.1824],[-116.8878,34.1823],[-116.8876,34.1823],[-116.8875,34.1823],[-116.8874,34.1823],[-116.8873,34.1823],[-116.8871,34.1823],[-116.8869,34.1823],[-116.8867,34.1823],[-116.8865,34.1824],[-116.8864,34.1824],[-116.8862,34.1824],[-116.8861,34.1825],[-116.8859,34.1826],[-116.8857,34.1826],[-116.8856,34.1827],[-116.8852,34.1828],[-116.885,34.1828],[-116.8849,34.1829],[-116.8847,34.183],[-116.8846,34.183],[-116.8845,34.1832],[-116.8843,34.1832],[-116.8842,34.1833],[-116.884,34.1833],[-116.8837,34.1832],[-116.8836,34.1832],[-116.8835,34.1832],[-116.8833,34.1832],[-116.8831,34.1832],[-116.8828,34.1832],[-116.8826,34.1831],[-116.8825,34.1831],[-116.8824,34.1831],[-116.8822,34.183],[-116.8821,34.183],[-116.882,34.183],[-116.8819,34.183],[-116.8818,34.183],[-116.8817,34.183],[-116.8815,34.183],[-116.8814,34.183],[-116.8813,34.183],[-116.8812,34.183],[-116.8811,34.183],[-116.881,34.183],[-116.8807,34.1831],[-116.8806,34.1831],[-116.8804,34.1831],[-116.8802,34.1831],[-116.88,34.1831],[-116.8799,34.1831],[-116.8798,34.1831],[-116.8796,34.1832],[-116.8795,34.1832],[-116.8794,34.1832],[-116.8792,34.1833],[-116.8791,34.1833],[-116.879,34.1834],[-116.8788,34.1834],[-116.8787,34.1834],[-116.8786,34.1834],[-116.8785,34.1833],[-116.8784,34.1833],[-116.8783,34.1832],[-116.8782,34.1831],[-116.8782,34.183],[-116.8781,34.183],[-116.8781,34.1829],[-116.878,34.1829],[-116.8779,34.1829],[-116.8777,34.1829],[-116.8775,34.1829],[-116.8774,34.1829],[-116.8773,34.1829],[-116.8772,34.1829],[-116.8771,34.1829],[-116.877,34.1828],[-116.8769,34.1828],[-116.8768,34.1828],[-116.8767,34.1828],[-116.8765,34.1828],[-116.8764,34.1828],[-116.8763,34.1828],[-116.8761,34.1827],[-116.876,34.1826],[-116.8758,34.1825],[-116.8757,34.1825],[-116.8756,34.1825],[-116.8754,34.1825],[-116.8753,34.1825],[-116.8752,34.1826],[-116.875,34.1827],[-116.8749,34.1828],[-116.8747,34.1828],[-116.8746,34.1828],[-116.8746,34.1829],[-116.8744,34.1829],[-116.8743,34.1829],[-116.8741,34.183],[-116.874,34.183],[-116.8739,34.183],[-116.8738,34.183],[-116.8737,34.183],[-116.8736,34.183],[-116.8735,34.1831],[-116.8734,34.1831],[-116.8732,34.1831],[-116.8731,34.1831],[-116.873,34.1831],[-116.8728,34.1831],[-116.8727,34.1832],[-116.8726,34.1832],[-116.8725,34.1832],[-116.8723,34.1831],[-116.8722,34.1831],[-116.8721,34.1831],[-116.872,34.1832],[-116.8719,34.1832],[-116.8717,34.1833],[-116.8716,34.1833],[-116.8715,34.1833],[-116.8714,34.1834],[-116.8713,34.1834],[-116.8711,34.1834],[-116.871,34.1835],[-116.8708,34.1835],[-116.8707,34.1835],[-116.8706,34.1835],[-116.8705,34.1835],[-116.8703,34.1835],[-116.8701,34.1835],[-116.8699,34.1835],[-116.8697,34.1835],[-116.8696,34.1835],[-116.8694,34.1835],[-116.8691,34.1835],[-116.8689,34.1835],[-116.8688,34.1835],[-116.8686,34.1834],[-116.8685,34.1834],[-116.8683,34.1834],[-116.8682,34.1834],[-116.868,34.1833],[-116.8679,34.1833],[-116.8678,34.1833],[-116.8677,34.1833],[-116.8676,34.1834],[-116.8675,34.1834],[-116.8672,34.1835],[-116.867,34.1836],[-116.8669,34.1837],[-116.8667,34.1838],[-116.8664,34.184],[-116.8662,34.1842],[-116.8661,34.1842],[-116.8659,34.1843],[-116.8658,34.1844],[-116.8657,34.1844],[-116.8656,34.1844],[-116.8656,34.1845],[-116.8655,34.1845],[-116.8654,34.1845],[-116.8652,34.1845],[-116.8651,34.1845],[-116.865,34.1845],[-116.8649,34.1844],[-116.8648,34.1844],[-116.8647,34.1844]],[[-116.8593,34.1831],[-116.8592,34.1831],[-116.8591,34.183],[-116.859,34.183],[-116.859,34.1829],[-116.8589,34.1829],[-116.8588,34.1827],[-116.8587,34.1827],[-116.8586,34.1826],[-116.8585,34.1825],[-116.8584,34.1824],[-116.8583,34.1824],[-116.8582,34.1823],[-116.8581,34.1823],[-116.8579,34.1824],[-116.8578,34.1824],[-116.8576,34.1824],[-116.8574,34.1823],[-116.8572,34.1823],[-116.857,34.1823],[-116.8569,34.1823],[-116.8567,34.1823],[-116.8565,34.1823],[-116.8564,34.1823],[-116.8561,34.1823],[-116.8559,34.1823],[-116.8557,34.1823],[-116.8556,34.1823],[-116.8554,34.1823],[-116.8553,34.1823],[-116.8552,34.1822],[-116.8551,34.1822],[-116.8549,34.1822],[-116.8548,34.1822],[-116.8547,34.1821],[-116.8546,34.1821],[-116.8545,34.1821],[-116.8544,34.182],[-116.8543,34.182],[-116.8541,34.182],[-116.854,34.182],[-116.8539,34.1819],[-116.8538,34.1819],[-116.8536,34.1819],[-116.8535,34.1819],[-116.8534,34.1819],[-116.8533,34.1819],[-116.8532,34.1819],[-116.8531,34.182],[-116.853,34.1821],[-116.8529,34.1822],[-116.8528,34.1823],[-116.8526,34.1824],[-116.8525,34.1824],[-116.8524,34.1824],[-116.852,34.1825],[-116.8519,34.1825],[-116.8517,34.1825],[-116.8516,34.1825],[-116.8515,34.1825],[-116.8514,34.1825],[-116.8513,34.1824],[-116.8511,34.1824],[-116.851,34.1823],[-116.8508,34.1823],[-116.8501,34.1821],[-116.8498,34.182],[-116.8496,34.1819],[-116.8495,34.1819],[-116.8493,34.1818],[-116.8491,34.1817],[-116.849,34.1816],[-116.8489,34.1815],[-116.8488,34.1814],[-116.8486,34.1813],[-116.8485,34.1811],[-116.8484,34.181],[-116.8483,34.1808],[-116.8482,34.1805],[-116.848,34.1803],[-116.848,34.1802],[-116.8479,34.1801],[-116.8479,34.18],[-116.8479,34.1799],[-116.8479,34.1798],[-116.8478,34.1797],[-116.8477,34.1797],[-116.8477,34.1796],[-116.8476,34.1795],[-116.8476,34.1793],[-116.8475,34.1792],[-116.8474,34.1791],[-116.8472,34.1789],[-116.847,34.1787],[-116.8469,34.1787],[-116.8468,34.1786],[-116.8467,34.1786],[-116.8465,34.1785],[-116.8463,34.1785],[-116.8461,34.1784],[-116.846,34.1784],[-116.8459,34.1783],[-116.8457,34.1782],[-116.8454,34.1781],[-116.8453,34.178],[-116.8452,34.178],[-116.8451,34.1778],[-116.8449,34.1777],[-116.8449,34.1776],[-116.8448,34.1776],[-116.8446,34.1775],[-116.8445,34.1773],[-116.8443,34.1772],[-116.8441,34.177],[-116.8441,34.1769],[-116.844,34.1768],[-116.8438,34.1766],[-116.8437,34.1766],[-116.8436,34.1765],[-116.8434,34.1764],[-116.8433,34.1763],[-116.8432,34.1763],[-116.8431,34.1762],[-116.843,34.1761],[-116.8429,34.176],[-116.8428,34.176],[-116.8426,34.1759],[-116.8425,34.1759],[-116.8424,34.1758],[-116.8422,34.1756],[-116.8421,34.1755],[-116.8418,34.1753],[-116.8416,34.1751],[-116.8415,34.175],[-116.8413,34.1749],[-116.8412,34.1748],[-116.8409,34.1747],[-116.8407,34.1746],[-116.8404,34.1745],[-116.84,34.1744],[-116.8398,34.1743],[-116.8394,34.1741],[-116.8393,34.1741],[-116.8391,34.174],[-116.839,34.1739],[-116.8389,34.1738],[-116.8387,34.1737],[-116.8384,34.1736],[-116.8382,34.1736],[-116.8381,34.1735],[-116.838,34.1734],[-116.8379,34.1734],[-116.8378,34.1733],[-116.8374,34.1732],[-116.8373,34.1732],[-116.8371,34.1731],[-116.837,34.1731],[-116.8368,34.1731],[-116.8367,34.173],[-116.8366,34.1729],[-116.8364,34.1728],[-116.8361,34.1727],[-116.8359,34.1726],[-116.8357,34.1725],[-116.8356,34.1725],[-116.8355,34.1724],[-116.8354,34.1724],[-116.8353,34.1724],[-116.8352,34.1723],[-116.8351,34.1723],[-116.8349,34.1722],[-116.8347,34.1721],[-116.8345,34.1721],[-116.8344,34.1721],[-116.8342,34.1721],[-116.8341,34.1722],[-116.834,34.1722],[-116.8339,34.1722],[-116.8338,34.1722],[-116.8336,34.1722],[-116.8335,34.1722],[-116.8334,34.1722],[-116.8332,34.1721],[-116.8331,34.1721],[-116.833,34.172],[-116.8329,34.172],[-116.8329,34.1719],[-116.8329,34.1718],[-116.8328,34.1718],[-116.8328,34.1717],[-116.8327,34.1716],[-116.8325,34.1715],[-116.8324,34.1714],[-116.8323,34.1714],[-116.8321,34.1714],[-116.832,34.1714],[-116.8318,34.1713],[-116.8317,34.1713],[-116.8315,34.1712],[-116.8314,34.1712],[-116.8314,34.1711],[-116.8313,34.171],[-116.8311,34.1709],[-116.8308,34.1709],[-116.8307,34.1708],[-116.8306,34.1708],[-116.8305,34.1708],[-116.8304,34.1707],[-116.8302,34.1707],[-116.8301,34.1707],[-116.83,34.1707],[-116.8299,34.1707],[-116.8298,34.1707],[-116.8297,34.1707],[-116.8296,34.1707],[-116.8296,34.1704]]]}},{"type":"Feature","properties":{"id":"1N02V","name":"YP#19","kind":"road","access":"plate","seasonal":false},"geometry":{"type":"LineString","coordinates":[[-116.7219,34.1493],[-116.7219,34.1495],[-116.7219,34.1496],[-116.7219,34.1497],[-116.7218,34.1497],[-116.7218,34.1498]]}}]}