{"type":"FeatureCollection","metadata":{"source":"USFS Motor Vehicle Use Map (MVUM), EDW_MVUM_01","area":"santa-barbara","bbox":"-120.05,34.40,-119.55,34.80","fetched":"2026-06-27","counts":{"plate":47,"green":11}},"features":[{"type":"Feature","properties":{"id":"5N15E","name":"MIDDLE S.Y. C.G.","kind":"road","access":"plate","seasonal":true},"geometry":{"type":"LineString","coordinates":[[-119.5792,34.5108],[-119.5793,34.5109],[-119.5794,34.5109],[-119.5794,34.5111],[-119.5795,34.5112],[-119.5797,34.5113],[-119.5798,34.5113],[-119.5799,34.5112],[-119.58,34.5111],[-119.58,34.511],[-119.58,34.5109],[-119.5799,34.5107],[-119.5798,34.5106],[-119.5797,34.5105],[-119.5796,34.5104],[-119.5795,34.5103],[-119.5794,34.5102],[-119.5795,34.5101],[-119.5795,34.5099],[-119.5795,34.5097],[-119.5795,34.5095],[-119.5795,34.5093],[-119.5792,34.5092],[-119.579,34.5092],[-119.5785,34.5093]]}},{"type":"Feature","properties":{"id":"5N18Q","name":"RED ROCK DUA TH","kind":"road","access":"plate","seasonal":true},"geometry":{"type":"LineString","coordinates":[[-119.7127,34.5346],[-119.7126,34.5346],[-119.7126,34.5347],[-119.7125,34.5347],[-119.7125,34.5348],[-119.7124,34.5348],[-119.7123,34.5348],[-119.7123,34.5349],[-119.7122,34.535],[-119.7122,34.5351],[-119.7121,34.5352],[-119.7119,34.5352],[-119.7119,34.5351],[-119.7118,34.5351],[-119.7118,34.535],[-119.7118,34.5349],[-119.7118,34.5348],[-119.7118,34.5347],[-119.7119,34.5347],[-119.712,34.5347],[-119.7121,34.5346],[-119.7122,34.5346],[-119.7123,34.5346],[-119.7123,34.5345],[-119.7124,34.5344],[-119.7125,34.5344]]}},{"type":"Feature","properties":{"id":"7N07.3","name":"1 HAPPY CANYON","kind":"road","access":"plate","seasonal":false},"geometry":{"type":"LineString","coordinates":[[-119.9196,34.7269],[-119.9195,34.7268],[-119.9193,34.7266],[-119.9192,34.7265],[-119.9192,34.7262],[-119.9191,34.726],[-119.9191,34.7259],[-119.9189,34.7257],[-119.9188,34.7257],[-119.9186,34.7256],[-119.9184,34.7256],[-119.9184,34.7255],[-119.9183,34.7253],[-119.9183,34.7251],[-119.9182,34.725],[-119.9182,34.7248],[-119.9182,34.7246],[-119.9181,34.7245],[-119.9181,34.7244],[-119.9179,34.7242],[-119.9178,34.724],[-119.9177,34.7237],[-119.9176,34.7234],[-119.9176,34.7233],[-119.9175,34.7231],[-119.9175,34.723],[-119.9174,34.7228],[-119.9174,34.7227],[-119.9172,34.7225],[-119.9172,34.7224],[-119.9172,34.7223],[-119.9173,34.7222],[-119.9173,34.7221],[-119.9174,34.7219],[-119.9175,34.7217],[-119.9175,34.7215],[-119.9174,34.7213],[-119.9174,34.7212],[-119.9172,34.7211],[-119.9172,34.721],[-119.9172,34.7209],[-119.9171,34.7206],[-119.9171,34.7205],[-119.9169,34.7203],[-119.9168,34.7203],[-119.9165,34.7202],[-119.9165,34.7201],[-119.9164,34.72],[-119.9162,34.7198],[-119.9161,34.7197],[-119.916,34.7193],[-119.9159,34.7192],[-119.9158,34.7191],[-119.9158,34.719],[-119.9157,34.7188],[-119.9157,34.7186],[-119.9156,34.7185],[-119.9157,34.7183],[-119.9157,34.7181],[-119.9156,34.7179],[-119.9155,34.7177],[-119.9154,34.7176],[-119.9154,34.7175],[-119.9154,34.7174],[-119.9154,34.7172],[-119.9155,34.7169],[-119.9155,34.7167],[-119.9154,34.7165],[-119.9155,34.7163],[-119.9155,34.7162],[-119.9155,34.716],[-119.9155,34.7159],[-119.9154,34.7157],[-119.9153,34.7156],[-119.9153,34.7155],[-119.9152,34.7153],[-119.9152,34.7151],[-119.9152,34.7149],[-119.9152,34.7147],[-119.9151,34.7146],[-119.9151,34.7145],[-119.915,34.7144],[-119.9149,34.7143],[-119.9148,34.7142],[-119.9147,34.7141],[-119.9147,34.714],[-119.9147,34.7137],[-119.9147,34.7136],[-119.9148,34.7135],[-119.9148,34.7134],[-119.9147,34.7132],[-119.9146,34.7129],[-119.9146,34.7128],[-119.9147,34.7127],[-119.9148,34.7126],[-119.915,34.7125],[-119.9151,34.7124],[-119.9152,34.7123],[-119.9152,34.7122],[-119.9152,34.712],[-119.9152,34.7119],[-119.9152,34.7116],[-119.9152,34.7115],[-119.9152,34.7112],[-119.9152,34.7111],[-119.9152,34.711],[-119.9151,34.7109],[-119.915,34.7107],[-119.9148,34.7105],[-119.9147,34.7104],[-119.9146,34.7103],[-119.9146,34.7102],[-119.9146,34.7101],[-119.9147,34.7099],[-119.9147,34.7098],[-119.9147,34.7097],[-119.9147,34.7095],[-119.9147,34.7092],[-119.9147,34.7091],[-119.9148,34.7089],[-119.9149,34.7088],[-119.915,34.7087],[-119.915,34.7085],[-119.9151,34.7083],[-119.9152,34.7081],[-119.9152,34.708],[-119.9153,34.7078],[-119.9155,34.7076],[-119.9157,34.7074],[-119.9158,34.7073],[-119.9159,34.7072],[-119.9159,34.707],[-119.9159,34.7068],[-119.916,34.7066],[-119.9162,34.7064],[-119.9163,34.7062],[-119.9164,34.7059],[-119.9164,34.7056],[-119.9165,34.7053],[-119.9165,34.7051],[-119.9165,34.705],[-119.9166,34.7047],[-119.9167,34.7045],[-119.9168,34.7043],[-119.9168,34.7041],[-119.9169,34.7037],[-119.9169,34.7035],[-119.9169,34.7031],[-119.917,34.7028],[-119.9169,34.7024],[-119.9169,34.7023],[-119.9169,34.7021],[-119.9167,34.7018],[-119.9166,34.7016],[-119.9166,34.7015],[-119.9166,34.7011],[-119.9166,34.7009],[-119.9166,34.7006],[-119.9166,34.7003],[-119.9165,34.6999],[-119.9164,34.6997],[-119.9162,34.6996],[-119.9159,34.6993],[-119.9157,34.6991],[-119.9155,34.699],[-119.9152,34.6988],[-119.9151,34.6987],[-119.9148,34.6985],[-119.9146,34.6984],[-119.9144,34.6982],[-119.9143,34.698],[-119.914,34.6978],[-119.9137,34.6977],[-119.9134,34.6975],[-119.9132,34.6975],[-119.913,34.6974],[-119.9129,34.6974],[-119.9128,34.6973],[-119.9126,34.6971],[-119.9122,34.6968],[-119.912,34.6966],[-119.9117,34.6963],[-119.9113,34.696],[-119.9109,34.6957],[-119.9107,34.6954],[-119.9105,34.6953],[-119.9103,34.6951],[-119.9103,34.695],[-119.9103,34.6947],[-119.9102,34.6944],[-119.9102,34.6943],[-119.9103,34.6942],[-119.9104,34.694],[-119.9104,34.6938],[-119.9104,34.6937],[-119.9104,34.6935],[-119.9104,34.6933],[-119.9103,34.6932],[-119.9101,34.693],[-119.9101,34.6929],[-119.9101,34.6926],[-119.91,34.6923],[-119.9098,34.6922],[-119.9096,34.692],[-119.9096,34.6919],[-119.9096,34.6918],[-119.9096,34.6917],[-119.9096,34.6915],[-119.9096,34.6914],[-119.9095,34.6914],[-119.9093,34.6913],[-119.9093,34.6912],[-119.9092,34.6911],[-119.9092,34.6909],[-119.9091,34.6908],[-119.909,34.6907],[-119.9087,34.6906],[-119.9086,34.6905],[-119.9085,34.6904],[-119.9084,34.6902],[-119.9082,34.6901],[-119.908,34.69],[-119.9079,34.6898],[-119.9079,34.6897],[-119.9078,34.6896],[-119.9079,34.6894],[-119.9082,34.6893],[-119.9083,34.6892],[-119.9087,34.6891],[-119.909,34.6891],[-119.9094,34.6891],[-119.9099,34.689],[-119.9103,34.689],[-119.9106,34.6891],[-119.9109,34.6891],[-119.9111,34.6889],[-119.9113,34.6888],[-119.9115,34.6887],[-119.9117,34.6887],[-119.912,34.6887],[-119.9121,34.6887],[-119.9124,34.6886],[-119.9126,34.6886],[-119.9127,34.6885],[-119.9127,34.6882],[-119.9128,34.688],[-119.913,34.6878],[-119.9132,34.6877],[-119.9135,34.6876],[-119.9138,34.6876],[-119.914,34.6877],[-119.9142,34.6877],[-119.9144,34.6876],[-119.9145,34.6875],[-119.9147,34.6873],[-119.9148,34.6871],[-119.915,34.6868],[-119.9151,34.6866],[-119.9151,34.6865],[-119.915,34.6863],[-119.9149,34.6861],[-119.9148,34.6858],[-119.9148,34.6857],[-119.915,34.6856],[-119.9152,34.6855],[-119.9156,34.6854],[-119.9157,34.6853],[-119.9158,34.6851],[-119.9158,34.6848],[-119.9157,34.6847],[-119.9154,34.6846],[-119.9154,34.6843],[-119.9153,34.684],[-119.9154,34.684],[-119.9155,34.6839],[-119.9156,34.6838]]}},{"type":"Feature","properties":{"id":"5N15D","name":"P-BAR C.G.","kind":"road","access":"plate","seasonal":true},"geometry":{"type":"LineString","coordinates":[[-119.5911,34.5146],[-119.5911,34.5147],[-119.591,34.5148],[-119.591,34.5149],[-119.591,34.515],[-119.591,34.5151],[-119.591,34.5152],[-119.5912,34.5153],[-119.5913,34.5153],[-119.5915,34.5153],[-119.5915,34.5151],[-119.5915,34.515],[-119.5914,34.5149],[-119.5913,34.5148],[-119.5912,34.5147],[-119.5911,34.5147]]}},{"type":"Feature","properties":{"id":"8N02A","name":"ZACA PEAK OHV","kind":"road","access":"green","seasonal":true},"geometry":{"type":"LineString","coordinates":[[-120.0067,34.7691],[-120.0067,34.769],[-120.0068,34.7689],[-120.0069,34.7688],[-120.007,34.7687],[-120.0071,34.7686],[-120.0073,34.7685],[-120.0074,34.7685],[-120.0077,34.7684],[-120.0078,34.7683],[-120.008,34.7682],[-120.0082,34.7681],[-120.0083,34.768],[-120.0086,34.7679],[-120.0088,34.7678],[-120.009,34.7678],[-120.0093,34.7677],[-120.0095,34.7677],[-120.01,34.7676],[-120.0103,34.7675],[-120.0106,34.7676],[-120.0108,34.7676],[-120.0109,34.7676],[-120.0112,34.7677],[-120.0114,34.7679],[-120.0115,34.7681],[-120.0116,34.7682],[-120.0118,34.7683],[-120.012,34.7683],[-120.0123,34.7683],[-120.0125,34.7682],[-120.0127,34.7682],[-120.013,34.7682],[-120.0132,34.7681],[-120.0134,34.7681],[-120.0135,34.7681],[-120.0137,34.7681],[-120.0139,34.768],[-120.0142,34.7681],[-120.0144,34.7682],[-120.0146,34.7683],[-120.0149,34.7685],[-120.0152,34.7687],[-120.0155,34.7691],[-120.0158,34.7693],[-120.0162,34.7695],[-120.0163,34.7695],[-120.0165,34.7696],[-120.0169,34.7697],[-120.0171,34.7698],[-120.0175,34.7698],[-120.0182,34.7699],[-120.0187,34.7698],[-120.0192,34.7696],[-120.0195,34.7693],[-120.0199,34.7684],[-120.0203,34.7678],[-120.0206,34.7673],[-120.0208,34.7666],[-120.0211,34.7663],[-120.0214,34.7663],[-120.022,34.7662],[-120.0232,34.7659],[-120.024,34.7657],[-120.0244,34.7657],[-120.0245,34.7657]]}},{"type":"Feature","properties":{"id":"5N15J","name":"MONO C.G.","kind":"road","access":"plate","seasonal":true},"geometry":{"type":"LineString","coordinates":[[-119.6277,34.5278],[-119.6279,34.5279],[-119.6282,34.5279],[-119.6284,34.5279],[-119.6287,34.528],[-119.629,34.5281],[-119.6292,34.5282]]}},{"type":"Feature","properties":{"id":"9N11.2","name":"BUCKHORN","kind":"road","access":"plate","seasonal":true},"geometry":{"type":"LineString","coordinates":[[-119.5587,34.8187],[-119.5591,34.8186],[-119.5596,34.8186],[-119.56,34.8184],[-119.5605,34.8183],[-119.5609,34.8181],[-119.5612,34.8181],[-119.5614,34.818],[-119.5616,34.8179],[-119.5618,34.8177],[-119.5619,34.8174],[-119.562,34.8172],[-119.5622,34.8169],[-119.5623,34.8167],[-119.5625,34.8164],[-119.5627,34.8163],[-119.563,34.8161],[-119.5632,34.816],[-119.5635,34.8158],[-119.5637,34.8156],[-119.5639,34.8153],[-119.564,34.8152],[-119.564,34.8151],[-119.5639,34.8149],[-119.5637,34.8147],[-119.5635,34.8144],[-119.5634,34.8142],[-119.5632,34.8139],[-119.5631,34.8136],[-119.563,34.8134],[-119.563,34.8131],[-119.5629,34.8129],[-119.5627,34.8126],[-119.5626,34.8122],[-119.5625,34.8118],[-119.5624,34.8116],[-119.5624,34.8114],[-119.5625,34.8112],[-119.5626,34.8112],[-119.5627,34.8111],[-119.5628,34.811],[-119.5628,34.8109],[-119.5629,34.8107],[-119.5631,34.8105],[-119.5633,34.8103],[-119.5636,34.8101],[-119.564,34.8099],[-119.5643,34.8098],[-119.5645,34.8097],[-119.5647,34.8095],[-119.5649,34.8092],[-119.565,34.809],[-119.5651,34.8088],[-119.5652,34.8085],[-119.5655,34.8083],[-119.5658,34.8082],[-119.5663,34.808],[-119.5667,34.8079],[-119.5671,34.8078],[-119.5677,34.8077],[-119.5682,34.8077],[-119.5686,34.8076],[-119.5689,34.8074],[-119.5691,34.8073],[-119.5694,34.8071],[-119.5695,34.8069],[-119.5697,34.8067],[-119.57,34.8065],[-119.5702,34.8064],[-119.5705,34.8064],[-119.5706,34.8063],[-119.5707,34.8062],[-119.5708,34.8061],[-119.571,34.8057],[-119.5713,34.8054],[-119.5716,34.805],[-119.5718,34.8047],[-119.5721,34.8044],[-119.5724,34.8041],[-119.5726,34.8038],[-119.5729,34.8035],[-119.5731,34.8032],[-119.5733,34.8031],[-119.5736,34.8029],[-119.574,34.8028],[-119.5744,34.8027],[-119.5745,34.8026],[-119.5746,34.8025],[-119.5746,34.8022],[-119.5747,34.8017],[-119.5747,34.8013],[-119.5748,34.801],[-119.5747,34.8008],[-119.5747,34.8006],[-119.5747,34.8004],[-119.5746,34.7999],[-119.5744,34.7989],[-119.5743,34.7984],[-119.5742,34.7981],[-119.574,34.7978],[-119.5735,34.7972],[-119.573,34.7968],[-119.5727,34.7964],[-119.5725,34.7961],[-119.5724,34.7959],[-119.5723,34.7957],[-119.5722,34.7954],[-119.5722,34.7952],[-119.5723,34.7948],[-119.5725,34.7942],[-119.5726,34.7938],[-119.5726,34.7934],[-119.5727,34.7929],[-119.5728,34.7926],[-119.5728,34.7923],[-119.573,34.7917],[-119.5731,34.7913],[-119.5731,34.7909],[-119.5731,34.7907],[-119.573,34.7905],[-119.5725,34.7898],[-119.5721,34.7893],[-119.5718,34.789],[-119.5715,34.7888],[-119.5714,34.7885],[-119.5713,34.7884],[-119.5712,34.7881],[-119.571,34.7879],[-119.5707,34.7876],[-119.5704,34.7874],[-119.5703,34.7872],[-119.5703,34.7871],[-119.5704,34.787],[-119.5707,34.7869],[-119.571,34.7869],[-119.5713,34.7867],[-119.5716,34.7864],[-119.5717,34.7862],[-119.5718,34.7859],[-119.5718,34.7856],[-119.5718,34.7855],[-119.5717,34.7851],[-119.5715,34.7846],[-119.5713,34.7842],[-119.5709,34.7838],[-119.5705,34.7834],[-119.5702,34.7831],[-119.57,34.7829],[-119.5699,34.7827],[-119.5698,34.7824],[-119.5699,34.7822],[-119.57,34.782],[-119.5702,34.7819],[-119.5707,34.7817],[-119.5715,34.7813],[-119.5723,34.781],[-119.5731,34.7807],[-119.5736,34.7805],[-119.5741,34.7803],[-119.5743,34.7801],[-119.5745,34.7799],[-119.5745,34.7797],[-119.5745,34.7795],[-119.5744,34.7793],[-119.5742,34.7791],[-119.5741,34.7788],[-119.5739,34.7786],[-119.5738,34.7784],[-119.5738,34.7782],[-119.5738,34.7776],[-119.5739,34.7771],[-119.5739,34.7768],[-119.5739,34.7766],[-119.5738,34.7764],[-119.5736,34.7762],[-119.5735,34.7759],[-119.5734,34.7757],[-119.5734,34.7755],[-119.5736,34.7752],[-119.5736,34.775],[-119.5737,34.7749],[-119.5738,34.7745],[-119.5739,34.7744],[-119.5741,34.7744],[-119.5745,34.7744]]}},{"type":"Feature","properties":{"id":"6N04","name":"TEQUEPIS CYN.","kind":"road","access":"plate","seasonal":false},"geometry":{"type":"LineString","coordinates":[[-119.9514,34.5678],[-119.9514,34.5676],[-119.9513,34.5675],[-119.9512,34.5673],[-119.9511,34.5671],[-119.9505,34.5665],[-119.9502,34.5661],[-119.9501,34.5659],[-119.95,34.5656],[-119.95,34.5654],[-119.9498,34.5652],[-119.9497,34.565],[-119.9496,34.5648],[-119.9496,34.5647],[-119.9496,34.5646],[-119.9497,34.5645],[-119.9498,34.5643],[-119.9501,34.5641],[-119.9507,34.5636],[-119.951,34.5634],[-119.9514,34.5629],[-119.9516,34.5626],[-119.952,34.5624],[-119.9524,34.5622],[-119.9526,34.562],[-119.9528,34.5619],[-119.9529,34.5617],[-119.9529,34.5615],[-119.9531,34.5612],[-119.9532,34.5612],[-119.9532,34.561],[-119.9533,34.5608],[-119.9532,34.5606],[-119.9532,34.5604],[-119.9532,34.5603],[-119.9532,34.5601],[-119.9533,34.5599],[-119.9535,34.5595],[-119.9536,34.5592],[-119.9537,34.559],[-119.9537,34.5586],[-119.9537,34.5584],[-119.9538,34.5583],[-119.954,34.5581],[-119.9541,34.558],[-119.9543,34.5578],[-119.9545,34.5576],[-119.9546,34.5574],[-119.9551,34.5569],[-119.9553,34.5567],[-119.9554,34.5565],[-119.9556,34.5562],[-119.9557,34.5559],[-119.9559,34.5555],[-119.956,34.5554],[-119.956,34.5553],[-119.956,34.5552],[-119.956,34.5551],[-119.9559,34.5549],[-119.9558,34.5548],[-119.9558,34.5547],[-119.9557,34.5546],[-119.9558,34.5545],[-119.9558,34.5543],[-119.956,34.554],[-119.9561,34.5539],[-119.9561,34.5537],[-119.9562,34.5536],[-119.9562,34.5534],[-119.9563,34.5533],[-119.9563,34.553],[-119.9563,34.5528],[-119.9564,34.5528],[-119.9565,34.5527],[-119.9565,34.5526],[-119.9566,34.5526],[-119.9566,34.5525],[-119.9565,34.5524],[-119.9564,34.5522],[-119.9562,34.552],[-119.956,34.5518],[-119.956,34.5516],[-119.956,34.5515]]}},{"type":"Feature","properties":{"id":"8N09B","name":"NIRA CG.","kind":"road","access":"plate","seasonal":true},"geometry":{"type":"LineString","coordinates":[[-119.9362,34.7696],[-119.9362,34.7695],[-119.9361,34.7695],[-119.9361,34.7694],[-119.936,34.7694],[-119.9359,34.7694],[-119.9359,34.7695],[-119.9359,34.7696],[-119.936,34.7696],[-119.9361,34.7696]]}},{"type":"Feature","properties":{"id":"5N15A","name":"UPPER OSO C.G.","kind":"road","access":"plate","seasonal":true},"geometry":{"type":"MultiLineString","coordinates":[[[-119.7688,34.5544],[-119.7689,34.5544],[-119.769,34.5544],[-119.7691,34.5545],[-119.7692,34.5545],[-119.7694,34.5546],[-119.7694,34.5547],[-119.7696,34.5549],[-119.7697,34.5551],[-119.7702,34.5552],[-119.7704,34.5553],[-119.7707,34.5554],[-119.7708,34.5556],[-119.7709,34.5558],[-119.771,34.5558],[-119.7712,34.5559],[-119.7713,34.556]],[[-119.7713,34.5561],[-119.7713,34.556],[-119.7713,34.5561],[-119.7714,34.5561],[-119.7714,34.5562],[-119.7715,34.5562],[-119.7715,34.5563],[-119.7716,34.5565],[-119.7716,34.5566],[-119.7717,34.5567],[-119.7717,34.5568],[-119.7718,34.5569],[-119.7717,34.557],[-119.7717,34.5571],[-119.7717,34.5573],[-119.7717,34.5574],[-119.7717,34.5576],[-119.7715,34.5578]],[[-119.7718,34.5578],[-119.7719,34.5578],[-119.7719,34.5577],[-119.772,34.5576],[-119.7721,34.5575],[-119.7722,34.5575],[-119.7723,34.5575],[-119.7724,34.5574],[-119.7725,34.5573]],[[-119.7713,34.5561],[-119.7715,34.5561],[-119.7717,34.5561],[-119.7718,34.5561],[-119.772,34.5561],[-119.7721,34.5561],[-119.7723,34.5561],[-119.7725,34.5561],[-119.7726,34.5562],[-119.7727,34.5563],[-119.7727,34.5564],[-119.7728,34.5566],[-119.7728,34.5569],[-119.7728,34.557],[-119.7727,34.5571],[-119.7726,34.5572],[-119.7725,34.5573],[-119.7725,34.5574],[-119.7726,34.5574],[-119.7726,34.5575],[-119.7726,34.5576],[-119.7726,34.5577],[-119.7726,34.5578],[-119.7727,34.5579],[-119.7727,34.558],[-119.7727,34.5581],[-119.7727,34.5582],[-119.7727,34.5583],[-119.7726,34.5584],[-119.7725,34.5585],[-119.7724,34.5585],[-119.7722,34.5585],[-119.7721,34.5585],[-119.772,34.5585],[-119.7719,34.5584],[-119.7719,34.5583],[-119.7718,34.5582],[-119.7719,34.5581],[-119.7719,34.558],[-119.7719,34.5579],[-119.7718,34.5579],[-119.7718,34.5578],[-119.7717,34.5578],[-119.7716,34.5578],[-119.7715,34.5578],[-119.7714,34.5578],[-119.7713,34.5578],[-119.7712,34.5578],[-119.7711,34.5578]]]}},{"type":"Feature","properties":{"id":"5N18.2","name":"1 SANTA YNEZ RIVER ROAD","kind":"road","access":"plate","seasonal":false},"geometry":{"type":"LineString","coordinates":[[-119.7808,34.5445],[-119.7799,34.5452],[-119.7796,34.5454],[-119.7791,34.5455],[-119.7788,34.5457],[-119.7785,34.546],[-119.7781,34.5462],[-119.7772,34.5462]]}},{"type":"Feature","properties":{"id":"8N16B","name":"CUMBRE DUA","kind":"road","access":"plate","seasonal":true},"geometry":{"type":"LineString","coordinates":[[-119.9843,34.742],[-119.9847,34.742],[-119.9853,34.7421],[-119.9855,34.7421],[-119.9861,34.7421],[-119.9866,34.7421],[-119.9871,34.7422],[-119.9874,34.7422],[-119.9877,34.7423],[-119.9879,34.7423],[-119.988,34.7423],[-119.9883,34.7422],[-119.9884,34.7422],[-119.9884,34.7421],[-119.9884,34.742],[-119.9883,34.7417],[-119.9882,34.7416],[-119.9882,34.7415],[-119.9883,34.7414],[-119.9884,34.7412],[-119.9886,34.7411],[-119.9888,34.741],[-119.9891,34.741],[-119.9895,34.741],[-119.9897,34.7411],[-119.9898,34.7411],[-119.9899,34.7412],[-119.99,34.7414],[-119.99,34.7416],[-119.99,34.7417],[-119.99,34.742],[-119.99,34.7422],[-119.99,34.7423],[-119.9901,34.7425],[-119.9902,34.7426],[-119.9905,34.7428],[-119.9906,34.7428],[-119.9908,34.743]]}},{"type":"Feature","properties":{"id":"5N43C","name":"SAGE HILL CG.","kind":"road","access":"plate","seasonal":true},"geometry":{"type":"MultiLineString","coordinates":[[[-119.7886,34.5455],[-119.7886,34.5454],[-119.7886,34.5453],[-119.7886,34.5452],[-119.7885,34.5451],[-119.7883,34.545],[-119.7881,34.5451],[-119.788,34.5452],[-119.7878,34.5452],[-119.7876,34.5452],[-119.7876,34.5451],[-119.7875,34.545],[-119.7873,34.545],[-119.7873,34.5451],[-119.7872,34.5451],[-119.7871,34.5451],[-119.7871,34.545],[-119.787,34.5449],[-119.7871,34.5448],[-119.7873,34.5448],[-119.7873,34.5449],[-119.7873,34.545],[-119.7874,34.545]],[[-119.7886,34.5455],[-119.7885,34.5455],[-119.7883,34.5456],[-119.7881,34.5456],[-119.788,34.5456],[-119.7878,34.5456],[-119.7877,34.5456],[-119.7876,34.5456],[-119.7874,34.5456],[-119.7873,34.5457],[-119.7872,34.5458],[-119.7872,34.5459],[-119.7873,34.5459],[-119.7874,34.5459],[-119.7875,34.5459],[-119.7876,34.5459],[-119.7878,34.5459],[-119.7879,34.5459],[-119.788,34.5458],[-119.7881,34.5458],[-119.7881,34.5457],[-119.7882,34.5456]],[[-119.7889,34.5459],[-119.789,34.5459],[-119.7891,34.5458],[-119.7892,34.5457],[-119.7894,34.5457],[-119.7894,34.5458],[-119.7895,34.5459],[-119.7894,34.5459],[-119.7894,34.546],[-119.7893,34.5459],[-119.7892,34.5459],[-119.7892,34.5458],[-119.7891,34.5458]],[[-119.7903,34.5468],[-119.7903,34.5467],[-119.7903,34.5466],[-119.7903,34.5465],[-119.7903,34.5464],[-119.7903,34.5463],[-119.7902,34.5463],[-119.7901,34.5463],[-119.7901,34.5464],[-119.7901,34.5465],[-119.7902,34.5465],[-119.7902,34.5466],[-119.7903,34.5466]],[[-119.7903,34.5468],[-119.7902,34.5468],[-119.7902,34.5467],[-119.79,34.5466],[-119.7899,34.5465],[-119.7897,34.5465],[-119.7896,34.5464],[-119.7894,34.5463],[-119.7893,34.5462],[-119.7892,34.5462],[-119.7891,34.5461],[-119.789,34.546],[-119.7889,34.5459],[-119.7888,34.5459],[-119.7888,34.5458],[-119.7888,34.5457],[-119.7887,34.5456],[-119.7886,34.5456],[-119.7886,34.5455]],[[-119.7909,34.5469],[-119.7908,34.5469],[-119.7907,34.5469],[-119.7906,34.5469],[-119.7905,34.5469],[-119.7904,34.5469],[-119.7903,34.5468]],[[-119.7925,34.5453],[-119.7926,34.5454],[-119.7926,34.5455],[-119.7925,34.5455],[-119.7925,34.5456],[-119.7924,34.5456],[-119.7923,34.5455],[-119.7922,34.5455],[-119.7922,34.5454],[-119.7921,34.5454],[-119.792,34.5453],[-119.7919,34.5453],[-119.7918,34.5452],[-119.7917,34.5452],[-119.7916,34.5452],[-119.7915,34.5452],[-119.7913,34.5452],[-119.7912,34.5455],[-119.7911,34.5455],[-119.7911,34.5456],[-119.791,34.5457],[-119.7909,34.5458],[-119.7908,34.546],[-119.7908,34.5462],[-119.7909,34.5463],[-119.7909,34.5465],[-119.7909,34.5466],[-119.7909,34.5467],[-119.7909,34.5468],[-119.7909,34.5469],[-119.7909,34.547]],[[-119.7909,34.5469],[-119.7909,34.547],[-119.791,34.5469],[-119.7912,34.5469],[-119.7913,34.5469],[-119.7913,34.547],[-119.7914,34.5471],[-119.7915,34.5471],[-119.7916,34.5471],[-119.7917,34.5471],[-119.7918,34.547],[-119.7918,34.5469],[-119.7918,34.5468],[-119.7917,34.5467],[-119.7916,34.5467],[-119.7915,34.5467],[-119.7914,34.5467],[-119.7913,34.5467],[-119.7913,34.5468],[-119.7913,34.5469]],[[-119.7909,34.5469],[-119.7909,34.5471],[-119.7909,34.5472],[-119.791,34.5473],[-119.7911,34.5474],[-119.7912,34.5474],[-119.7914,34.5475],[-119.7916,34.5475],[-119.7918,34.5476],[-119.7919,34.5477],[-119.792,34.5478],[-119.7922,34.5478],[-119.7923,34.5478],[-119.7925,34.5478],[-119.7927,34.5478],[-119.7928,34.5477],[-119.7929,34.5475],[-119.7928,34.5475],[-119.7927,34.5474],[-119.7927,34.5473],[-119.7925,34.5473],[-119.7925,34.5474],[-119.7924,34.5474],[-119.7924,34.5475],[-119.7924,34.5476],[-119.7924,34.5477]]]}},{"type":"Feature","properties":{"id":"5N43","name":"LOS PRIETOS WH.","kind":"road","access":"plate","seasonal":false},"geometry":{"type":"MultiLineString","coordinates":[[[-119.793,34.5449],[-119.7931,34.5449],[-119.7931,34.545],[-119.7931,34.5451],[-119.7933,34.5452],[-119.7934,34.5452],[-119.7935,34.5452],[-119.7936,34.5451],[-119.7937,34.5452],[-119.7937,34.5453]],[[-119.79,34.5434],[-119.79,34.5435],[-119.79,34.5437],[-119.79,34.5438],[-119.7901,34.544],[-119.7902,34.5442],[-119.7906,34.5445],[-119.7911,34.5449],[-119.7917,34.5451],[-119.7921,34.5453],[-119.7924,34.5453],[-119.7926,34.5453],[-119.793,34.5453],[-119.7934,34.5453],[-119.794,34.5453],[-119.7944,34.5452],[-119.7945,34.5451],[-119.7945,34.5448],[-119.7945,34.5445],[-119.7944,34.5444],[-119.7943,34.5444],[-119.7942,34.5444],[-119.7941,34.5445],[-119.7939,34.5446],[-119.7938,34.5446],[-119.7937,34.5446],[-119.7935,34.5447],[-119.7932,34.5447],[-119.7931,34.5447],[-119.793,34.5448],[-119.793,34.5449],[-119.7928,34.5449],[-119.7927,34.5449],[-119.7926,34.545],[-119.7927,34.5451],[-119.7928,34.5451],[-119.7929,34.5451],[-119.7929,34.545],[-119.793,34.5449]]]}},{"type":"Feature","properties":{"id":"7N07E","name":"CACHUMA C.G.","kind":"road","access":"plate","seasonal":false},"geometry":{"type":"LineString","coordinates":[[-119.9117,34.6963],[-119.9117,34.6964],[-119.9117,34.6965],[-119.9118,34.6966],[-119.912,34.6968],[-119.9122,34.697],[-119.9123,34.6972],[-119.9125,34.6973],[-119.9129,34.6975],[-119.9132,34.6975]]}},{"type":"Feature","properties":{"id":"8N09A","name":"DAVY BROWN CG.","kind":"road","access":"plate","seasonal":false},"geometry":{"type":"MultiLineString","coordinates":[[[-119.954,34.7581],[-119.9541,34.7581],[-119.9541,34.7582]],[[-119.954,34.7583],[-119.954,34.7582],[-119.9541,34.7582],[-119.9541,34.7581],[-119.9542,34.7582],[-119.9543,34.7582],[-119.9544,34.7582],[-119.9545,34.7581],[-119.9545,34.758],[-119.9544,34.758],[-119.9543,34.758],[-119.9542,34.758],[-119.9541,34.758],[-119.954,34.758],[-119.954,34.7581],[-119.9539,34.7581],[-119.9538,34.7581],[-119.9537,34.7581],[-119.9536,34.758],[-119.9537,34.7579],[-119.9538,34.7579],[-119.9539,34.758],[-119.954,34.758],[-119.954,34.7581]]]}},{"type":"Feature","properties":{"id":"5N12.1","name":"EAST CAMINO","kind":"road","access":"green","seasonal":false},"geometry":{"type":"LineString","coordinates":[[-119.4388,34.4796],[-119.4391,34.4795],[-119.4399,34.4792],[-119.4403,34.479],[-119.441,34.4789],[-119.4416,34.4787],[-119.4419,34.4786],[-119.4421,34.4784],[-119.4422,34.4783],[-119.4423,34.4782],[-119.4424,34.4781],[-119.4426,34.478],[-119.4428,34.4779],[-119.4433,34.4777],[-119.4435,34.4776],[-119.4437,34.4775],[-119.4439,34.4774],[-119.4443,34.4774],[-119.4447,34.4773],[-119.4449,34.4773],[-119.445,34.4772],[-119.4451,34.4766],[-119.4452,34.4762],[-119.4453,34.476],[-119.4456,34.4759],[-119.446,34.4758],[-119.4462,34.4758],[-119.4465,34.4757],[-119.4468,34.4756],[-119.447,34.4756],[-119.4472,34.4756],[-119.4476,34.4757],[-119.4482,34.4759],[-119.449,34.4762],[-119.4495,34.4763],[-119.4498,34.4763],[-119.4501,34.4762],[-119.4505,34.4762],[-119.451,34.4762],[-119.4524,34.4764],[-119.4535,34.4766],[-119.4547,34.4768],[-119.4548,34.4769],[-119.4549,34.477],[-119.455,34.4771],[-119.4551,34.4772],[-119.4552,34.4772],[-119.4553,34.4772],[-119.4553,34.4771],[-119.4554,34.4769],[-119.4554,34.4768],[-119.4551,34.4765],[-119.4551,34.4764],[-119.4551,34.4763],[-119.4552,34.4763],[-119.4555,34.4764],[-119.456,34.4765],[-119.4568,34.4767],[-119.4572,34.4768],[-119.4578,34.4768],[-119.4583,34.4768],[-119.4591,34.4765],[-119.4598,34.4763],[-119.4604,34.476],[-119.4607,34.4758],[-119.4612,34.4757],[-119.4618,34.4756],[-119.4621,34.4755],[-119.4624,34.4754],[-119.4627,34.4755],[-119.4634,34.4754],[-119.464,34.4754],[-119.4645,34.4752],[-119.4652,34.475],[-119.4661,34.4748],[-119.4666,34.4746],[-119.4672,34.4745],[-119.4677,34.4744],[-119.4681,34.4743],[-119.4683,34.4742],[-119.4685,34.4741],[-119.4688,34.474],[-119.469,34.474],[-119.4696,34.4739],[-119.4702,34.4739],[-119.4709,34.4737],[-119.4716,34.4735],[-119.4717,34.4734],[-119.4718,34.4733],[-119.4719,34.4732],[-119.472,34.473],[-119.4722,34.4727],[-119.4725,34.4722],[-119.4727,34.4718],[-119.4728,34.4714],[-119.4729,34.4711],[-119.473,34.471],[-119.4731,34.4708],[-119.4733,34.4706],[-119.4734,34.4704],[-119.4735,34.4702],[-119.4736,34.47],[-119.4738,34.4697],[-119.4743,34.4695],[-119.4745,34.4694],[-119.4747,34.4694],[-119.4749,34.4695],[-119.4751,34.4695],[-119.4753,34.4697],[-119.4755,34.4699],[-119.4757,34.47],[-119.4761,34.4702],[-119.4768,34.4705],[-119.4771,34.4706],[-119.4774,34.4707],[-119.4777,34.4709],[-119.4782,34.4711],[-119.4789,34.4714],[-119.4795,34.4717],[-119.4798,34.4717],[-119.4803,34.4716],[-119.4806,34.4716],[-119.4811,34.4716],[-119.4818,34.4717],[-119.4821,34.4716],[-119.4823,34.4716],[-119.4825,34.4715],[-119.4827,34.4715],[-119.4828,34.4713],[-119.483,34.4711],[-119.4832,34.4709],[-119.4836,34.4707],[-119.4837,34.4706],[-119.4838,34.4706],[-119.4839,34.4702],[-119.4841,34.47],[-119.4843,34.4699],[-119.4845,34.4698],[-119.4846,34.4696],[-119.4846,34.4693],[-119.4848,34.4691],[-119.4849,34.4691],[-119.4854,34.4689],[-119.4855,34.4689],[-119.4855,34.4688],[-119.4853,34.4687],[-119.4851,34.4685],[-119.485,34.4679],[-119.4849,34.4673],[-119.4849,34.467],[-119.485,34.4669],[-119.485,34.4668],[-119.4853,34.4667],[-119.4854,34.4666],[-119.4856,34.4665],[-119.486,34.4664],[-119.4869,34.4662],[-119.4872,34.4661],[-119.4875,34.466],[-119.4877,34.4659],[-119.4878,34.4659],[-119.4886,34.4661],[-119.4887,34.4662],[-119.4888,34.4663],[-119.489,34.4667],[-119.4891,34.4668],[-119.4893,34.4668],[-119.4898,34.4667],[-119.4905,34.4664],[-119.491,34.4664],[-119.4912,34.4663],[-119.4915,34.4663],[-119.4921,34.4665],[-119.4923,34.4665],[-119.4929,34.4663],[-119.4931,34.4661],[-119.4932,34.4661],[-119.4932,34.466],[-119.4932,34.4659],[-119.4934,34.4659],[-119.4936,34.4658],[-119.4942,34.4658],[-119.4943,34.4658],[-119.4945,34.4656],[-119.4946,34.4656],[-119.4947,34.4656],[-119.4951,34.4655],[-119.4959,34.4655],[-119.4963,34.4655],[-119.4965,34.4655],[-119.4966,34.4656],[-119.4968,34.4657],[-119.4969,34.4657],[-119.497,34.4657],[-119.4972,34.4657],[-119.4975,34.4656],[-119.4984,34.4656],[-119.4985,34.4655],[-119.499,34.4654],[-119.4993,34.4653],[-119.4996,34.4652],[-119.5,34.4651],[-119.5003,34.4652],[-119.5005,34.4653],[-119.5006,34.4654],[-119.5007,34.4655],[-119.5007,34.4658],[-119.5008,34.4658],[-119.501,34.4659],[-119.5012,34.4661],[-119.5015,34.4662],[-119.5017,34.4663],[-119.502,34.4664],[-119.5021,34.4664],[-119.5022,34.4664],[-119.5023,34.4664],[-119.5026,34.4664],[-119.503,34.4664],[-119.5033,34.4665],[-119.5037,34.4667],[-119.5041,34.4668],[-119.5045,34.4669],[-119.5049,34.467],[-119.5052,34.4671],[-119.5055,34.4672],[-119.5057,34.4674],[-119.5059,34.4676],[-119.5062,34.4677],[-119.5064,34.4678],[-119.5066,34.468],[-119.5068,34.4682],[-119.5068,34.4683],[-119.5067,34.4684],[-119.5066,34.4686],[-119.5066,34.4687],[-119.5067,34.4689],[-119.5068,34.469],[-119.5069,34.4691],[-119.5072,34.4691],[-119.5074,34.4692],[-119.5076,34.4693],[-119.5077,34.4694],[-119.508,34.4694],[-119.5083,34.4694],[-119.5087,34.4694],[-119.509,34.4693],[-119.5094,34.4693],[-119.5098,34.4693],[-119.5102,34.4692],[-119.5107,34.4691],[-119.5111,34.469],[-119.5114,34.4689],[-119.5117,34.4688],[-119.512,34.4687],[-119.5123,34.4686],[-119.5125,34.4685],[-119.5128,34.4685],[-119.513,34.4686],[-119.5132,34.4686],[-119.5135,34.4688],[-119.5139,34.4689],[-119.5142,34.4691],[-119.5145,34.4693],[-119.5148,34.4693],[-119.515,34.4694],[-119.5152,34.4695],[-119.5154,34.4698],[-119.5156,34.47],[-119.5158,34.4701],[-119.516,34.4701],[-119.5164,34.47],[-119.5167,34.47],[-119.5172,34.4701],[-119.5177,34.4701],[-119.5181,34.4701],[-119.5183,34.47],[-119.5184,34.47],[-119.5182,34.4699],[-119.5179,34.4698],[-119.5178,34.4698],[-119.5176,34.4697],[-119.5174,34.4697],[-119.5172,34.4696],[-119.5172,34.4695],[-119.5172,34.4694],[-119.5174,34.4694],[-119.5175,34.4693],[-119.5178,34.4691],[-119.5182,34.4688],[-119.5186,34.4687],[-119.5189,34.4685],[-119.5193,34.4685],[-119.5197,34.4684],[-119.5202,34.4683],[-119.5207,34.4684],[-119.5211,34.4683],[-119.5214,34.4683],[-119.5217,34.4682],[-119.522,34.4682],[-119.5221,34.4681],[-119.5223,34.4679],[-119.5224,34.4676],[-119.5227,34.4672],[-119.5231,34.4667],[-119.5233,34.4664],[-119.5237,34.4661],[-119.5239,34.4658],[-119.5242,34.4657],[-119.5245,34.4657],[-119.5247,34.4657],[-119.525,34.4657],[-119.5252,34.4658],[-119.5255,34.4661],[-119.5257,34.4662],[-119.526,34.4663],[-119.5263,34.4663],[-119.5265,34.4662],[-119.5267,34.4662],[-119.5269,34.4663],[-119.527,34.4665],[-119.527,34.4667],[-119.5271,34.4669],[-119.5273,34.4672],[-119.5275,34.4674],[-119.5277,34.4674],[-119.5279,34.4674],[-119.5281,34.4674],[-119.5283,34.4674],[-119.5286,34.4674],[-119.5289,34.4672],[-119.5292,34.4672],[-119.5294,34.4673],[-119.5297,34.4674],[-119.5301,34.4676],[-119.5305,34.4677],[-119.5309,34.4678],[-119.5312,34.468],[-119.5314,34.4681],[-119.5317,34.4681],[-119.5319,34.4681],[-119.5321,34.4679],[-119.5326,34.4679],[-119.5329,34.4679],[-119.5333,34.468],[-119.5336,34.4681],[-119.534,34.4683],[-119.5342,34.4685],[-119.5346,34.4686],[-119.5351,34.4686],[-119.5355,34.4686],[-119.5359,34.4686],[-119.5364,34.4685],[-119.5367,34.4685],[-119.537,34.4686],[-119.5372,34.4687],[-119.5375,34.469],[-119.5378,34.4692],[-119.5382,34.4695],[-119.5386,34.4698],[-119.539,34.47],[-119.5394,34.4701],[-119.5399,34.4701],[-119.5403,34.4701],[-119.5406,34.4701],[-119.5408,34.4702],[-119.5409,34.4702],[-119.5411,34.4701],[-119.5413,34.47],[-119.5416,34.4698],[-119.5419,34.4698],[-119.5423,34.4697],[-119.5428,34.4696],[-119.5433,34.4695],[-119.5437,34.4694],[-119.5442,34.4694],[-119.5446,34.4694],[-119.545,34.4694],[-119.5454,34.4693],[-119.5458,34.4693],[-119.5462,34.4692],[-119.5464,34.4691],[-119.5466,34.4689],[-119.5468,34.4687],[-119.547,34.4685],[-119.5473,34.4684],[-119.5476,34.4684],[-119.5481,34.4684],[-119.5484,34.4683],[-119.5487,34.4682],[-119.5489,34.4683],[-119.5492,34.4683],[-119.5494,34.4682],[-119.5497,34.4681],[-119.55,34.4681],[-119.5504,34.4681],[-119.551,34.4682],[-119.5515,34.4681],[-119.5519,34.4681],[-119.5521,34.4682],[-119.5523,34.4683],[-119.5526,34.4683],[-119.5527,34.4683],[-119.5528,34.4684],[-119.5529,34.4684],[-119.5531,34.4684],[-119.5533,34.4683],[-119.5535,34.4683],[-119.5537,34.4684],[-119.554,34.4685],[-119.5542,34.4686],[-119.5543,34.4686],[-119.5545,34.4686],[-119.5547,34.4685],[-119.5551,34.4685],[-119.5555,34.4686],[-119.5559,34.4686],[-119.5561,34.4687],[-119.5562,34.4689],[-119.5563,34.4691],[-119.5566,34.4691],[-119.5568,34.4691],[-119.5569,34.4689],[-119.557,34.4687],[-119.5571,34.4686],[-119.557,34.4685],[-119.5567,34.4683],[-119.5564,34.4683],[-119.556,34.4682],[-119.5555,34.4681],[-119.5554,34.4681],[-119.5553,34.4681],[-119.5551,34.4679],[-119.5549,34.4677],[-119.5548,34.4676],[-119.5547,34.4675],[-119.5543,34.4673],[-119.5539,34.4673],[-119.5536,34.4674],[-119.5532,34.4674],[-119.5531,34.4674],[-119.553,34.4673],[-119.553,34.4671],[-119.5529,34.4669],[-119.5527,34.4668],[-119.5525,34.4668],[-119.5522,34.4669],[-119.5519,34.4669],[-119.5516,34.4669],[-119.5514,34.4668],[-119.5513,34.4666],[-119.5512,34.4664],[-119.5511,34.4663],[-119.551,34.4662],[-119.5508,34.4662],[-119.5506,34.4662],[-119.5505,34.4661],[-119.5504,34.466],[-119.5502,34.4657],[-119.5501,34.4654],[-119.55,34.4654],[-119.5499,34.4653],[-119.5498,34.4652],[-119.5498,34.4651],[-119.5497,34.4649],[-119.5497,34.4647],[-119.5497,34.4646],[-119.5498,34.4645],[-119.5499,34.4644],[-119.55,34.4644],[-119.5503,34.4643],[-119.5505,34.4643],[-119.5506,34.4643],[-119.5509,34.4644],[-119.5511,34.4643],[-119.5514,34.4642],[-119.5516,34.4642],[-119.5518,34.4642],[-119.552,34.4642],[-119.5522,34.4642],[-119.5524,34.4642],[-119.5527,34.4641],[-119.5529,34.4641],[-119.5532,34.464],[-119.5535,34.464],[-119.5538,34.464],[-119.5541,34.464],[-119.5545,34.464],[-119.555,34.4641],[-119.5553,34.4641],[-119.5558,34.4641],[-119.5562,34.4641],[-119.5565,34.4642],[-119.5571,34.4642],[-119.5574,34.4642],[-119.5579,34.4642],[-119.5582,34.4642],[-119.5585,34.4641],[-119.5587,34.4641],[-119.5588,34.4641],[-119.559,34.4642],[-119.5593,34.4642],[-119.5597,34.4644],[-119.5599,34.4644],[-119.5601,34.4644],[-119.5603,34.4644],[-119.5605,34.4645],[-119.5606,34.4646],[-119.5608,34.4647],[-119.5609,34.4647],[-119.5611,34.4647],[-119.5613,34.4647],[-119.5615,34.4648],[-119.5616,34.4648],[-119.5617,34.4649],[-119.5619,34.4649],[-119.5622,34.4649],[-119.5623,34.4649],[-119.5624,34.465],[-119.5625,34.4651],[-119.5627,34.4652],[-119.563,34.4653],[-119.5633,34.4653],[-119.5634,34.4654],[-119.5634,34.4656],[-119.5635,34.4657],[-119.5635,34.4658],[-119.5636,34.4659],[-119.5637,34.466],[-119.5638,34.4661],[-119.564,34.4662],[-119.564,34.4663],[-119.5642,34.4664],[-119.5644,34.4665],[-119.5646,34.4667],[-119.5647,34.4668],[-119.5649,34.4668],[-119.5651,34.4668],[-119.5653,34.4668],[-119.5655,34.4668],[-119.5657,34.4667],[-119.5659,34.4667],[-119.566,34.4667],[-119.5661,34.4668],[-119.5661,34.4669],[-119.5663,34.4671],[-119.5665,34.4672],[-119.5666,34.4673],[-119.5668,34.4672],[-119.567,34.4672],[-119.5671,34.4673],[-119.5673,34.4673],[-119.5675,34.4673],[-119.5676,34.4672],[-119.5678,34.4671],[-119.5679,34.4672],[-119.568,34.4673],[-119.5682,34.4674],[-119.5684,34.4674],[-119.5685,34.4674],[-119.5687,34.4674],[-119.5689,34.4674],[-119.569,34.4673],[-119.5691,34.4672],[-119.5692,34.4673],[-119.5693,34.4675],[-119.5694,34.4679],[-119.5694,34.4682],[-119.5695,34.4685],[-119.5696,34.4686],[-119.5697,34.4686],[-119.5699,34.4685],[-119.57,34.4684],[-119.5702,34.4684],[-119.5702,34.4685],[-119.5702,34.4686],[-119.5703,34.4688],[-119.5703,34.469],[-119.5705,34.4691],[-119.5708,34.4692],[-119.5711,34.4694],[-119.5711,34.4695],[-119.5709,34.4695],[-119.5707,34.4695],[-119.5705,34.4695],[-119.5701,34.4695],[-119.5698,34.4695],[-119.5694,34.4695],[-119.5691,34.4695],[-119.5689,34.4695],[-119.5687,34.4695],[-119.5685,34.4696],[-119.5683,34.4697],[-119.568,34.4698],[-119.5677,34.4698],[-119.5673,34.4699],[-119.5671,34.4701],[-119.567,34.4702],[-119.567,34.4703],[-119.5671,34.4704],[-119.5674,34.4705],[-119.5682,34.4707],[-119.5689,34.4709],[-119.5692,34.4709],[-119.5696,34.471],[-119.5698,34.4712],[-119.5698,34.4713],[-119.5698,34.4716],[-119.5699,34.4717],[-119.5701,34.4718],[-119.5704,34.4719],[-119.5707,34.4721],[-119.5708,34.4722],[-119.5709,34.4724],[-119.5711,34.4728],[-119.5712,34.473],[-119.5712,34.4732],[-119.5713,34.4734],[-119.5714,34.4734],[-119.5718,34.4734],[-119.5719,34.4736],[-119.572,34.4738],[-119.572,34.4741],[-119.5721,34.4744],[-119.5722,34.4746],[-119.5725,34.4745],[-119.5727,34.4745],[-119.5729,34.4745],[-119.5731,34.4745],[-119.5734,34.4743],[-119.5736,34.4742],[-119.5738,34.4742],[-119.574,34.4743],[-119.5742,34.4742],[-119.5743,34.4743],[-119.5745,34.4745],[-119.5746,34.4747],[-119.5748,34.4748],[-119.575,34.4748],[-119.5752,34.4747],[-119.5754,34.4748],[-119.5754,34.4749],[-119.5756,34.4751],[-119.5757,34.4753],[-119.576,34.4755],[-119.5761,34.4756],[-119.576,34.4757],[-119.5758,34.4757],[-119.5756,34.4757],[-119.5753,34.4757],[-119.5751,34.4758],[-119.5748,34.4759],[-119.5744,34.4761],[-119.5741,34.4762],[-119.574,34.4764],[-119.5738,34.4767],[-119.5737,34.4769],[-119.5735,34.4771],[-119.5735,34.4772],[-119.5736,34.4775],[-119.5737,34.4777],[-119.5739,34.4781],[-119.574,34.4784],[-119.5741,34.4785],[-119.5744,34.4786],[-119.5748,34.4788],[-119.5749,34.4789],[-119.575,34.4792],[-119.575,34.4794],[-119.575,34.4796],[-119.5752,34.4797],[-119.5755,34.4799],[-119.5759,34.48],[-119.5764,34.4801],[-119.5769,34.4803],[-119.5773,34.4804],[-119.5775,34.4805],[-119.5779,34.4808],[-119.5782,34.481]]}},{"type":"Feature","properties":{"id":"5N16","name":"BIG CALIENTE","kind":"road","access":"plate","seasonal":true},"geometry":{"type":"LineString","coordinates":[[-119.5773,34.5085],[-119.5771,34.5092],[-119.577,34.5096],[-119.577,34.5098],[-119.5767,34.5107],[-119.5766,34.5112],[-119.5763,34.512],[-119.5762,34.5124],[-119.576,34.5128],[-119.5759,34.513],[-119.5759,34.5132],[-119.5757,34.5133],[-119.5755,34.5133],[-119.5753,34.5134],[-119.5747,34.5135],[-119.5742,34.5136],[-119.5738,34.5137],[-119.5735,34.514],[-119.5732,34.5142],[-119.573,34.5145],[-119.5729,34.5148],[-119.5729,34.5151],[-119.573,34.5157],[-119.5729,34.5159],[-119.5728,34.5161],[-119.5726,34.5162],[-119.5721,34.5166],[-119.5717,34.517],[-119.5714,34.5173],[-119.5705,34.518],[-119.5702,34.5183],[-119.5699,34.5186],[-119.5695,34.5188],[-119.5692,34.5191],[-119.569,34.5193],[-119.569,34.5195],[-119.5689,34.5196],[-119.5689,34.5199],[-119.5689,34.5201],[-119.5688,34.5204],[-119.5687,34.521],[-119.5687,34.5211],[-119.5686,34.5218],[-119.5685,34.5219],[-119.5683,34.5223],[-119.5682,34.5227],[-119.568,34.523],[-119.5679,34.5234],[-119.5677,34.5239],[-119.5673,34.5246],[-119.5668,34.5257],[-119.5667,34.526],[-119.5666,34.5262],[-119.5665,34.5264],[-119.5663,34.5265],[-119.5661,34.5267],[-119.5657,34.527],[-119.5655,34.5273],[-119.5654,34.5276],[-119.5654,34.5279],[-119.5653,34.5282],[-119.5653,34.5285],[-119.5653,34.5289],[-119.5652,34.529],[-119.5651,34.5292],[-119.5653,34.5294],[-119.5654,34.5296],[-119.5655,34.5299],[-119.5656,34.53],[-119.5656,34.5303],[-119.5656,34.5306],[-119.5658,34.531],[-119.5659,34.5313],[-119.5661,34.5317],[-119.5662,34.532],[-119.5663,34.5325],[-119.5663,34.5326],[-119.5663,34.5327],[-119.5662,34.5327],[-119.566,34.5327],[-119.5658,34.5326],[-119.5655,34.5325],[-119.5652,34.5325],[-119.5649,34.5324],[-119.5645,34.5324],[-119.5641,34.5325],[-119.5639,34.5326],[-119.5636,34.5328],[-119.5635,34.533],[-119.5634,34.5332],[-119.5635,34.5338],[-119.5635,34.5345],[-119.5635,34.5347],[-119.5634,34.535],[-119.5633,34.5352],[-119.5633,34.5355],[-119.5635,34.5358],[-119.5638,34.5362],[-119.564,34.5364],[-119.5641,34.5365],[-119.5642,34.5367],[-119.5643,34.5369],[-119.5646,34.5373],[-119.565,34.5378],[-119.5652,34.5381],[-119.5654,34.5384],[-119.5654,34.5386],[-119.5654,34.5387],[-119.5653,34.5389],[-119.565,34.539],[-119.5645,34.5391],[-119.5643,34.5392],[-119.564,34.5394],[-119.5639,34.5395],[-119.5638,34.5398]]}},{"type":"Feature","properties":{"id":"8N02","name":"ZACA RIDGE RD. OHV","kind":"road","access":"green","seasonal":true},"geometry":{"type":"LineString","coordinates":[[-119.9835,34.7556],[-119.9836,34.7557],[-119.9838,34.7558],[-119.9839,34.7558],[-119.984,34.7558],[-119.9841,34.7558],[-119.9842,34.7558],[-119.9844,34.7558],[-119.9845,34.7559],[-119.9846,34.756],[-119.9847,34.7561],[-119.9848,34.7562],[-119.9851,34.7564],[-119.9852,34.7564],[-119.9853,34.7565],[-119.9854,34.7565],[-119.9855,34.7565],[-119.9857,34.7566],[-119.9858,34.7567],[-119.9859,34.7568],[-119.9861,34.7569],[-119.9863,34.757],[-119.9864,34.757],[-119.9866,34.757],[-119.9869,34.7571],[-119.9874,34.7574],[-119.9877,34.7576],[-119.9885,34.758],[-119.989,34.7583],[-119.9893,34.7585],[-119.9895,34.7586],[-119.9897,34.7587],[-119.9898,34.7588],[-119.99,34.759],[-119.9901,34.7591],[-119.9902,34.7592],[-119.9903,34.7593],[-119.9903,34.7594],[-119.9904,34.7595],[-119.9904,34.7596],[-119.9904,34.7599],[-119.9904,34.7601],[-119.9904,34.7602],[-119.9904,34.7603],[-119.9905,34.7603],[-119.9905,34.7604],[-119.9906,34.7605],[-119.9907,34.7605],[-119.9909,34.7606],[-119.9911,34.7606],[-119.9912,34.7607],[-119.9914,34.7607],[-119.9916,34.7607],[-119.9918,34.7608],[-119.992,34.7609],[-119.9921,34.7609],[-119.9923,34.761],[-119.9925,34.761],[-119.9928,34.761],[-119.993,34.761],[-119.9932,34.761],[-119.9935,34.7611],[-119.9937,34.7611],[-119.9938,34.7612],[-119.994,34.7612],[-119.9942,34.7613],[-119.9943,34.7614],[-119.9945,34.7614],[-119.9947,34.7615],[-119.9949,34.7615],[-119.9951,34.7617],[-119.9952,34.7617],[-119.9954,34.7619],[-119.9955,34.762],[-119.9956,34.7621],[-119.9956,34.7622],[-119.9957,34.7623],[-119.9958,34.7624],[-119.9959,34.7625],[-119.996,34.7626],[-119.9962,34.7628],[-119.9963,34.7629],[-119.9964,34.7629],[-119.9966,34.7629],[-119.9968,34.7629],[-119.997,34.763],[-119.9971,34.763],[-119.9972,34.7631],[-119.9973,34.7632],[-119.9975,34.7633],[-119.9976,34.7634],[-119.9977,34.7634],[-119.9977,34.7635],[-119.9978,34.7635],[-119.9979,34.7635],[-119.998,34.7636],[-119.9982,34.7636],[-119.9983,34.7636],[-119.9984,34.7636],[-119.9985,34.7636],[-119.9986,34.7636],[-119.9987,34.7636],[-119.9988,34.7636],[-119.9989,34.7637],[-119.9991,34.7637],[-119.9992,34.7638],[-119.9993,34.7639],[-119.9994,34.764],[-119.9995,34.764],[-119.9996,34.7641],[-119.9997,34.7642],[-119.9997,34.7643],[-119.9998,34.7644],[-119.9999,34.7645],[-120,34.7645],[-120.0002,34.7646],[-120.0003,34.7646],[-120.0004,34.7647],[-120.0006,34.7647],[-120.0007,34.7647],[-120.001,34.7647],[-120.0012,34.7647],[-120.0013,34.7647],[-120.0015,34.7648],[-120.0018,34.7649],[-120.0021,34.7649],[-120.0029,34.7655],[-120.0035,34.766],[-120.0039,34.7663],[-120.0043,34.7665],[-120.0046,34.7666],[-120.0048,34.7666],[-120.0051,34.7667],[-120.0052,34.7667],[-120.0055,34.7668],[-120.0061,34.7669],[-120.0065,34.7671],[-120.0071,34.7672],[-120.0075,34.7673],[-120.0077,34.7675],[-120.0077,34.7676],[-120.0077,34.7677],[-120.0077,34.7679],[-120.0076,34.768],[-120.0074,34.7681],[-120.0072,34.7683],[-120.0069,34.7684],[-120.0068,34.7685],[-120.0066,34.7687],[-120.0066,34.7688],[-120.0066,34.7689],[-120.0066,34.769],[-120.0067,34.7691],[-120.0069,34.7693],[-120.0072,34.7696],[-120.0076,34.7701],[-120.0078,34.7704],[-120.008,34.7708],[-120.0081,34.771],[-120.0081,34.7713],[-120.0082,34.7716],[-120.0083,34.7718],[-120.0083,34.7721],[-120.0082,34.7723],[-120.0082,34.7726],[-120.0082,34.7728],[-120.0083,34.7731],[-120.0086,34.7732],[-120.0088,34.7734],[-120.0091,34.7737],[-120.0093,34.7739],[-120.0095,34.7741],[-120.0097,34.7743],[-120.0099,34.7745],[-120.01,34.7746],[-120.0102,34.7748],[-120.0102,34.7749],[-120.0103,34.7749],[-120.0104,34.775],[-120.0104,34.7751],[-120.0104,34.7752],[-120.0105,34.7752],[-120.0105,34.7754],[-120.0105,34.7755],[-120.0104,34.7755],[-120.0104,34.7756],[-120.0104,34.7758],[-120.0104,34.7759],[-120.0103,34.7759],[-120.0103,34.776],[-120.0103,34.7761],[-120.0102,34.7762],[-120.0102,34.7763],[-120.0101,34.7764],[-120.0101,34.7765],[-120.0101,34.7766],[-120.0101,34.7767],[-120.01,34.7768],[-120.01,34.777],[-120.0099,34.7771],[-120.0099,34.7772],[-120.0099,34.7773],[-120.0099,34.7774],[-120.0099,34.7775],[-120.0098,34.7776],[-120.0098,34.7777],[-120.0098,34.7778],[-120.0099,34.778],[-120.0099,34.7781],[-120.01,34.7781],[-120.0101,34.7782],[-120.0101,34.7783],[-120.0103,34.7783],[-120.0104,34.7784],[-120.0105,34.7785],[-120.0106,34.7785],[-120.0108,34.7786],[-120.0109,34.7786],[-120.011,34.7787],[-120.0111,34.7788],[-120.0113,34.7789],[-120.0114,34.7789],[-120.0115,34.779],[-120.0116,34.7791],[-120.0118,34.7792],[-120.0119,34.7792],[-120.0121,34.7793],[-120.0126,34.7795],[-120.0129,34.7795],[-120.0133,34.7796],[-120.0136,34.7797],[-120.0138,34.7798],[-120.0139,34.7799],[-120.014,34.7801],[-120.0141,34.7801],[-120.0141,34.7802],[-120.0142,34.7803],[-120.0142,34.7804],[-120.0143,34.7804],[-120.0143,34.7805],[-120.0144,34.7805],[-120.0144,34.7806],[-120.0145,34.7806],[-120.0146,34.7807],[-120.0147,34.7807],[-120.0148,34.7808],[-120.0149,34.7808],[-120.015,34.7809],[-120.0151,34.7809],[-120.0152,34.7809],[-120.0153,34.7809],[-120.0154,34.7809],[-120.0156,34.7809],[-120.0157,34.7809],[-120.0158,34.7809],[-120.0159,34.781],[-120.016,34.781],[-120.0161,34.781],[-120.0162,34.781],[-120.0163,34.7811],[-120.0164,34.7811],[-120.0166,34.7811],[-120.0167,34.7812],[-120.0168,34.7812],[-120.0169,34.7812],[-120.017,34.7813],[-120.0171,34.7813],[-120.0171,34.7814],[-120.0172,34.7815],[-120.0172,34.7816],[-120.0172,34.7817],[-120.0171,34.7818],[-120.017,34.7819],[-120.0169,34.782],[-120.0168,34.782],[-120.0167,34.782],[-120.0166,34.7821],[-120.0163,34.7821],[-120.016,34.7822],[-120.0158,34.7822],[-120.0156,34.7824],[-120.0156,34.7825],[-120.0157,34.7826],[-120.0159,34.7827],[-120.016,34.7827],[-120.0162,34.7828],[-120.0164,34.7828],[-120.0166,34.7828],[-120.0169,34.7828],[-120.017,34.7829],[-120.0172,34.7829],[-120.0175,34.7831],[-120.0177,34.7832],[-120.0178,34.7832],[-120.018,34.7833],[-120.0181,34.7834],[-120.0183,34.7834],[-120.0184,34.7835],[-120.0185,34.7835],[-120.0188,34.7836],[-120.019,34.7836],[-120.0192,34.7837],[-120.0194,34.7837],[-120.0196,34.7837],[-120.0197,34.7837],[-120.02,34.7837],[-120.0203,34.7837],[-120.0204,34.7837],[-120.0206,34.7837],[-120.0207,34.7837],[-120.0208,34.7837],[-120.021,34.7837],[-120.0214,34.7839],[-120.0218,34.784],[-120.0219,34.7841],[-120.0221,34.7842],[-120.0222,34.7842],[-120.0224,34.7843],[-120.0225,34.7844],[-120.0228,34.7845],[-120.0232,34.7847],[-120.0235,34.7848],[-120.0237,34.7848],[-120.0239,34.7848],[-120.0242,34.7849],[-120.0243,34.7849],[-120.0245,34.785],[-120.0249,34.785],[-120.0255,34.7852],[-120.0258,34.7852],[-120.0262,34.7853],[-120.0264,34.7853],[-120.0267,34.7853],[-120.0272,34.7854],[-120.0275,34.7854],[-120.0279,34.7855],[-120.0281,34.7856],[-120.0284,34.7858],[-120.0285,34.7859],[-120.0287,34.7861],[-120.0289,34.7863],[-120.0291,34.7864],[-120.0295,34.7865],[-120.03,34.7867],[-120.0305,34.7869],[-120.0306,34.787],[-120.0308,34.7871],[-120.0311,34.7874],[-120.0317,34.7879],[-120.0319,34.788],[-120.0323,34.7882],[-120.0326,34.7883],[-120.0328,34.7883],[-120.0332,34.7884],[-120.0336,34.7884],[-120.0339,34.7885],[-120.0344,34.7886],[-120.0348,34.7887],[-120.0351,34.7888],[-120.0355,34.789],[-120.0357,34.7891],[-120.0359,34.7892],[-120.0362,34.7893],[-120.0365,34.7895],[-120.0366,34.7896],[-120.0369,34.7898],[-120.0372,34.79],[-120.0372,34.7901],[-120.0373,34.7903],[-120.0374,34.7904],[-120.0377,34.7906],[-120.0379,34.7908],[-120.0381,34.7909],[-120.0384,34.791],[-120.0386,34.7911],[-120.0389,34.7913],[-120.0393,34.7914],[-120.0397,34.7916],[-120.04,34.7917],[-120.0401,34.7918],[-120.0404,34.792],[-120.0407,34.7924],[-120.041,34.793],[-120.0412,34.7933],[-120.0414,34.7934],[-120.0417,34.7936],[-120.0421,34.7938],[-120.0423,34.7938],[-120.0425,34.7937],[-120.0427,34.7935],[-120.0428,34.7933],[-120.043,34.7932],[-120.0432,34.7931],[-120.0435,34.7931],[-120.0438,34.7932],[-120.044,34.7933],[-120.0443,34.7933],[-120.0446,34.7933],[-120.0446,34.7932]]}},{"type":"Feature","properties":{"id":"7N07A","name":"FIGUEROA BASIN","kind":"road","access":"plate","seasonal":false},"geometry":{"type":"LineString","coordinates":[[-120,34.7356],[-119.9997,34.7356],[-119.9993,34.7355],[-119.9989,34.7355],[-119.9986,34.7354],[-119.9982,34.7354],[-119.9981,34.7353],[-119.9981,34.735],[-119.9981,34.7348],[-119.998,34.7347],[-119.998,34.7346],[-119.9979,34.7345],[-119.9977,34.7344],[-119.9974,34.7342],[-119.9973,34.734],[-119.9973,34.7338],[-119.9972,34.7335],[-119.9971,34.7334],[-119.9971,34.7332],[-119.9969,34.7331],[-119.9966,34.7329],[-119.9965,34.7327],[-119.9965,34.7326],[-119.9964,34.7323],[-119.9964,34.732],[-119.9963,34.7317],[-119.9961,34.7313],[-119.996,34.7311],[-119.9959,34.7312],[-119.9957,34.7313],[-119.9956,34.7315],[-119.9954,34.7315],[-119.9953,34.7316],[-119.995,34.7317],[-119.9949,34.7319],[-119.9948,34.7321],[-119.9948,34.7322],[-119.9947,34.7325],[-119.9946,34.7326],[-119.9946,34.7329],[-119.9945,34.7332],[-119.9944,34.7333],[-119.9941,34.7334],[-119.994,34.7335],[-119.9938,34.7336],[-119.9937,34.7336],[-119.9935,34.7336],[-119.9934,34.7336],[-119.9932,34.7336],[-119.993,34.7337],[-119.9929,34.7337],[-119.9928,34.7339],[-119.9926,34.7341],[-119.9925,34.7342],[-119.9923,34.7342],[-119.9921,34.7341],[-119.992,34.734],[-119.9919,34.7339],[-119.9917,34.7338],[-119.9915,34.7338],[-119.9912,34.7336],[-119.9911,34.7336],[-119.9909,34.7335],[-119.9907,34.7335],[-119.9905,34.7335],[-119.9904,34.7336],[-119.9902,34.7338],[-119.9901,34.7341],[-119.9901,34.7343],[-119.9901,34.7344],[-119.9902,34.7346],[-119.9903,34.7348],[-119.9904,34.7349],[-119.9904,34.735],[-119.9904,34.7351],[-119.9903,34.7351],[-119.9902,34.7352],[-119.9901,34.7352],[-119.9899,34.7353],[-119.9899,34.7354],[-119.9897,34.7356],[-119.9896,34.7357],[-119.9895,34.7357],[-119.9893,34.7357],[-119.9892,34.7357],[-119.9891,34.7357],[-119.9888,34.7356],[-119.9887,34.7356],[-119.9885,34.7357],[-119.9884,34.7357],[-119.9883,34.7359],[-119.9882,34.736],[-119.9882,34.7361],[-119.9881,34.7363]]}},{"type":"Feature","properties":{"id":"5N15.3","name":"2 ROMERO CAMUESA FDR","kind":"road","access":"plate","seasonal":true},"geometry":{"type":"LineString","coordinates":[[-119.7711,34.5578],[-119.7711,34.5577],[-119.7711,34.5576],[-119.771,34.5574],[-119.7709,34.5572],[-119.7708,34.557],[-119.7706,34.5568],[-119.7705,34.5566],[-119.7703,34.5564],[-119.7702,34.5562],[-119.77,34.556],[-119.7699,34.5558],[-119.7697,34.5556],[-119.7696,34.5555],[-119.7694,34.5554],[-119.7692,34.5551],[-119.7691,34.5549],[-119.769,34.5547],[-119.7688,34.5544],[-119.7686,34.5541],[-119.7686,34.554],[-119.7685,34.5538],[-119.7684,34.5536],[-119.7684,34.5535],[-119.7685,34.5533],[-119.7685,34.5532],[-119.7685,34.5529],[-119.7686,34.5526],[-119.7686,34.5525],[-119.7687,34.5522],[-119.7687,34.5521],[-119.7688,34.5519],[-119.7689,34.5519],[-119.7691,34.5517],[-119.7693,34.5515],[-119.7694,34.5514],[-119.7695,34.5513],[-119.7695,34.5511],[-119.7695,34.5509],[-119.7695,34.5507],[-119.7695,34.5505],[-119.7694,34.5503],[-119.7693,34.5501],[-119.7693,34.55],[-119.7693,34.5498],[-119.7692,34.5496],[-119.7692,34.5494],[-119.7693,34.5492],[-119.7693,34.549],[-119.7693,34.5486],[-119.7693,34.5483],[-119.7693,34.5481],[-119.7693,34.5479],[-119.7694,34.5477],[-119.7694,34.5474],[-119.7694,34.5472],[-119.7695,34.547],[-119.7695,34.5469],[-119.7695,34.5467],[-119.7696,34.5466],[-119.7697,34.5464],[-119.7699,34.5463],[-119.77,34.5463],[-119.7701,34.5461],[-119.7702,34.546],[-119.7702,34.5458],[-119.7702,34.5457],[-119.7702,34.5454],[-119.7701,34.5453],[-119.7702,34.5451],[-119.7702,34.545],[-119.7703,34.5449],[-119.7705,34.5449],[-119.7707,34.545],[-119.7708,34.545],[-119.7712,34.5453],[-119.7713,34.5454],[-119.7715,34.5456],[-119.7718,34.5457],[-119.7721,34.5459],[-119.7723,34.5461],[-119.7726,34.5463],[-119.7728,34.5464],[-119.773,34.5465],[-119.7731,34.5465],[-119.7733,34.5466],[-119.7735,34.5466],[-119.7736,34.5465],[-119.7739,34.5464],[-119.7741,34.5464],[-119.7743,34.5463],[-119.7745,34.5463],[-119.7746,34.5462],[-119.7748,34.546],[-119.775,34.5459],[-119.7751,34.5458]]}},{"type":"Feature","properties":{"id":"8N16","name":"FIGUEROA LO.","kind":"road","access":"plate","seasonal":true},"geometry":{"type":"LineString","coordinates":[[-119.985,34.7436],[-119.9851,34.7436],[-119.9852,34.7436],[-119.9854,34.7434],[-119.9855,34.7432],[-119.9855,34.7431],[-119.9855,34.7428],[-119.9855,34.7427],[-119.9854,34.7426],[-119.9852,34.7425],[-119.985,34.7424],[-119.9849,34.7423],[-119.9846,34.7421],[-119.9843,34.742],[-119.9839,34.7419],[-119.9836,34.7418],[-119.9832,34.7417],[-119.9829,34.7415],[-119.9826,34.7414],[-119.9822,34.7413],[-119.9819,34.7412],[-119.9817,34.741],[-119.9815,34.7409],[-119.9813,34.7408],[-119.9812,34.7406],[-119.9811,34.7405],[-119.9802,34.7403],[-119.9795,34.7397],[-119.9794,34.7396],[-119.9792,34.7394],[-119.979,34.7392],[-119.9789,34.7388],[-119.9787,34.7386],[-119.9786,34.7385],[-119.9784,34.7384],[-119.9782,34.7381],[-119.978,34.7379],[-119.9779,34.7379],[-119.9779,34.7378],[-119.9776,34.7375],[-119.9775,34.7372],[-119.9773,34.737],[-119.9772,34.7368],[-119.977,34.7366],[-119.9769,34.7365],[-119.9768,34.7363],[-119.9767,34.7362],[-119.9765,34.7361],[-119.9765,34.736],[-119.9765,34.7357],[-119.9765,34.7356],[-119.9765,34.7355],[-119.9764,34.7353],[-119.9763,34.7352],[-119.9763,34.7351],[-119.9764,34.735],[-119.9765,34.735],[-119.9766,34.735],[-119.9768,34.7351],[-119.977,34.7352],[-119.9771,34.7352],[-119.9772,34.7352],[-119.9778,34.7353],[-119.9783,34.7353],[-119.9784,34.7354],[-119.9787,34.7355],[-119.9788,34.7357],[-119.9789,34.7358],[-119.979,34.7361],[-119.9791,34.7362],[-119.9792,34.7362],[-119.9795,34.7361],[-119.9798,34.736],[-119.98,34.736],[-119.9801,34.736],[-119.9804,34.736],[-119.9805,34.736],[-119.9809,34.736],[-119.981,34.736],[-119.9813,34.7362],[-119.9815,34.7363],[-119.9816,34.7363],[-119.9818,34.7362],[-119.9819,34.7362],[-119.9821,34.7362],[-119.9822,34.7363],[-119.9822,34.7365],[-119.9822,34.7367],[-119.9822,34.7369],[-119.9822,34.737],[-119.9824,34.7371],[-119.9824,34.7372],[-119.9826,34.7373],[-119.9827,34.7373],[-119.9829,34.7373],[-119.9832,34.7371],[-119.9835,34.7369],[-119.9837,34.737],[-119.9839,34.737],[-119.984,34.737],[-119.984,34.7371],[-119.9841,34.7371],[-119.9845,34.7372],[-119.9848,34.7372],[-119.9852,34.7372],[-119.9853,34.7373],[-119.9854,34.7373],[-119.9856,34.7374],[-119.9858,34.7375],[-119.9859,34.7376],[-119.9861,34.7377],[-119.9862,34.7377],[-119.9864,34.7378],[-119.9866,34.7379],[-119.9866,34.738],[-119.9867,34.7382],[-119.9868,34.7382],[-119.9869,34.7382],[-119.987,34.7382],[-119.9872,34.7382],[-119.9874,34.7382],[-119.9877,34.7383],[-119.9879,34.7383],[-119.9882,34.7383],[-119.9886,34.7382],[-119.9889,34.7381],[-119.9891,34.738],[-119.9892,34.7379],[-119.9892,34.7377],[-119.9893,34.7376],[-119.9893,34.7374],[-119.9893,34.7372],[-119.9894,34.737],[-119.9893,34.7368],[-119.9893,34.7367],[-119.9894,34.7367],[-119.9895,34.7366],[-119.9897,34.7366],[-119.9899,34.7365],[-119.9903,34.7364],[-119.9904,34.7364],[-119.9907,34.7365],[-119.991,34.7366],[-119.9912,34.7367]]}},{"type":"Feature","properties":{"id":"7N07.4","name":"2 HAPPY CANYON","kind":"road","access":"plate","seasonal":false},"geometry":{"type":"LineString","coordinates":[[-119.9156,34.6838],[-119.9157,34.6838],[-119.9158,34.6836],[-119.9159,34.6836],[-119.916,34.6836],[-119.9163,34.6836],[-119.9164,34.6836],[-119.9167,34.6835],[-119.917,34.6834],[-119.9172,34.6833],[-119.9175,34.6832],[-119.9177,34.6831],[-119.918,34.683],[-119.918,34.6829],[-119.918,34.6827],[-119.918,34.6823],[-119.918,34.6821],[-119.9181,34.6819],[-119.9181,34.6818],[-119.9182,34.6816],[-119.9182,34.6815],[-119.9183,34.6814],[-119.9185,34.6813],[-119.9185,34.6812],[-119.9185,34.681],[-119.9185,34.6808],[-119.9185,34.6806],[-119.9184,34.6805],[-119.9183,34.6804],[-119.9183,34.6803],[-119.9184,34.6802],[-119.9186,34.6801],[-119.9187,34.68],[-119.9188,34.68],[-119.9188,34.6798],[-119.919,34.6796],[-119.9191,34.6794],[-119.9189,34.6791],[-119.9189,34.679],[-119.9191,34.6788],[-119.9191,34.6787],[-119.9191,34.6786],[-119.919,34.6783],[-119.9188,34.6779],[-119.9186,34.6776],[-119.9184,34.6773],[-119.9182,34.6772],[-119.918,34.6771],[-119.9179,34.677],[-119.918,34.6769],[-119.9182,34.6768],[-119.9184,34.6767],[-119.9185,34.6765],[-119.9186,34.6763],[-119.9187,34.676],[-119.9188,34.6757],[-119.9189,34.6755],[-119.919,34.6753],[-119.9191,34.6751],[-119.9192,34.6749],[-119.9193,34.6749],[-119.9195,34.6748],[-119.9198,34.6748],[-119.9201,34.6748],[-119.9203,34.6748],[-119.9206,34.6747],[-119.9208,34.6747],[-119.9208,34.6746]]}},{"type":"Feature","properties":{"id":"8N19","name":"WEST DRY","kind":"road","access":"plate","seasonal":true},"geometry":{"type":"LineString","coordinates":[[-119.5718,34.7855],[-119.5715,34.7855],[-119.5712,34.7857],[-119.5709,34.7859],[-119.5705,34.7863],[-119.5703,34.7865],[-119.57,34.7866],[-119.5697,34.7868],[-119.5696,34.7868],[-119.5692,34.7868],[-119.5685,34.7866],[-119.5681,34.7864],[-119.5677,34.7862],[-119.5673,34.786],[-119.567,34.7858],[-119.5668,34.7857],[-119.5667,34.7856],[-119.5665,34.7856],[-119.5662,34.7855],[-119.566,34.7854],[-119.5659,34.7853],[-119.5657,34.7852],[-119.5654,34.7852],[-119.565,34.7852],[-119.5647,34.7853],[-119.5645,34.7853],[-119.5643,34.7852],[-119.5641,34.7851],[-119.5639,34.785],[-119.5637,34.7848],[-119.5635,34.7847],[-119.5632,34.7846],[-119.5629,34.7844],[-119.5626,34.7842],[-119.562,34.7839],[-119.5617,34.7838],[-119.5613,34.7837],[-119.5611,34.7836],[-119.5608,34.7836],[-119.5607,34.7836],[-119.5604,34.7835],[-119.56,34.7835],[-119.5595,34.7835],[-119.5591,34.7835],[-119.5588,34.7835],[-119.5584,34.7834],[-119.5581,34.7833],[-119.5577,34.7831],[-119.5573,34.7829],[-119.557,34.7828],[-119.5567,34.7828],[-119.5564,34.7827],[-119.5562,34.7826],[-119.5559,34.7826],[-119.5557,34.7826],[-119.5555,34.7825],[-119.5551,34.7823],[-119.5547,34.782],[-119.5541,34.7816],[-119.5538,34.7813],[-119.5535,34.781],[-119.5533,34.7809],[-119.5529,34.7807],[-119.5526,34.7805],[-119.5522,34.7804],[-119.5519,34.7801],[-119.5516,34.7797],[-119.5513,34.7793],[-119.5511,34.7789],[-119.5509,34.7785],[-119.5506,34.778],[-119.5502,34.7775],[-119.55,34.7771],[-119.5496,34.7765],[-119.5494,34.7762],[-119.5492,34.7759],[-119.549,34.7756],[-119.5488,34.7755],[-119.5484,34.7753],[-119.5481,34.7751],[-119.5475,34.7749],[-119.5471,34.7746],[-119.5465,34.7743],[-119.546,34.774],[-119.5457,34.7739],[-119.5452,34.7736],[-119.5448,34.7735],[-119.5445,34.7734],[-119.5441,34.7733],[-119.5438,34.7732],[-119.5436,34.7732],[-119.5434,34.7731],[-119.5433,34.773],[-119.5431,34.7728],[-119.543,34.7726],[-119.5427,34.7723],[-119.5425,34.7722],[-119.5423,34.772],[-119.5422,34.7719],[-119.5422,34.7718],[-119.5421,34.7716],[-119.542,34.7715],[-119.5418,34.7713],[-119.5415,34.7711],[-119.5414,34.771],[-119.5412,34.7708],[-119.5411,34.7707],[-119.5409,34.7706],[-119.5406,34.7704],[-119.5404,34.7703],[-119.5401,34.7701],[-119.5398,34.7698],[-119.5396,34.7696],[-119.5393,34.7694],[-119.5391,34.7692],[-119.5389,34.7689],[-119.5388,34.7686],[-119.5387,34.7683],[-119.5386,34.7682],[-119.5385,34.768],[-119.5383,34.7678],[-119.5381,34.7675],[-119.5378,34.7673],[-119.5376,34.7672],[-119.5375,34.7672],[-119.5372,34.7672],[-119.537,34.7671],[-119.5368,34.767],[-119.5366,34.7668],[-119.5365,34.7667],[-119.5364,34.7665],[-119.5363,34.7663],[-119.5362,34.7662],[-119.536,34.7661],[-119.5358,34.766],[-119.5356,34.7659],[-119.5354,34.7658],[-119.5353,34.7656],[-119.5352,34.7654],[-119.535,34.7652],[-119.5348,34.7651],[-119.5347,34.765],[-119.5344,34.765],[-119.5341,34.7649],[-119.5339,34.7649],[-119.5338,34.7648],[-119.5335,34.7646],[-119.5332,34.7644],[-119.5328,34.7642],[-119.5323,34.764],[-119.5318,34.7638],[-119.5314,34.7637],[-119.5311,34.7635],[-119.5308,34.7634],[-119.5304,34.7634],[-119.5301,34.7633],[-119.5298,34.7632],[-119.5296,34.7631],[-119.5294,34.763],[-119.5292,34.7629],[-119.529,34.7628],[-119.5288,34.7628],[-119.5287,34.7627],[-119.5285,34.7626],[-119.5284,34.7625],[-119.5283,34.7624],[-119.5281,34.7623],[-119.528,34.7622],[-119.5279,34.7621],[-119.5277,34.7621],[-119.5276,34.7621],[-119.5271,34.762],[-119.5266,34.7619],[-119.5262,34.7618],[-119.5257,34.7617],[-119.5253,34.7617],[-119.525,34.7617],[-119.5248,34.7618],[-119.5247,34.7619],[-119.5245,34.762],[-119.5243,34.7621],[-119.5241,34.7622],[-119.524,34.7622],[-119.5238,34.7622],[-119.5235,34.7621],[-119.5233,34.762],[-119.5231,34.7619],[-119.5229,34.7618],[-119.5229,34.7617],[-119.5228,34.7616],[-119.5227,34.7614],[-119.5226,34.7612],[-119.5225,34.761],[-119.5224,34.7608],[-119.5222,34.7607],[-119.5221,34.7607],[-119.5219,34.7606],[-119.5218,34.7606],[-119.5217,34.7605],[-119.5215,34.7605],[-119.5211,34.7605],[-119.5208,34.7605],[-119.5207,34.7605],[-119.5204,34.7604],[-119.5201,34.7604],[-119.5196,34.7604],[-119.5194,34.7605],[-119.5192,34.7606],[-119.5191,34.7607],[-119.519,34.7608],[-119.5189,34.7609],[-119.5188,34.7609],[-119.5187,34.7609],[-119.5185,34.7608],[-119.5182,34.7607],[-119.5177,34.7604],[-119.5174,34.7603],[-119.5171,34.7602],[-119.5167,34.7601],[-119.5165,34.7601],[-119.5163,34.7599],[-119.516,34.7598],[-119.5156,34.7596],[-119.5153,34.7595],[-119.5148,34.7594],[-119.5144,34.7594],[-119.514,34.7595],[-119.5136,34.7596],[-119.5132,34.7596],[-119.5129,34.7595],[-119.5127,34.7594],[-119.5125,34.7594],[-119.5122,34.7594],[-119.5119,34.7594],[-119.5116,34.7593],[-119.5114,34.7592],[-119.5111,34.7591],[-119.5108,34.7591],[-119.5106,34.7591],[-119.5103,34.7591],[-119.5101,34.7591],[-119.5099,34.7592],[-119.5098,34.7591],[-119.5097,34.7589],[-119.5096,34.7587],[-119.5095,34.7585],[-119.5093,34.7584],[-119.5091,34.7583],[-119.5089,34.7583],[-119.5086,34.7583],[-119.5084,34.7583],[-119.5081,34.7583],[-119.5079,34.7583],[-119.5078,34.7583],[-119.5077,34.7582],[-119.5075,34.758],[-119.5072,34.7576],[-119.5069,34.7573],[-119.5067,34.7571],[-119.5064,34.757],[-119.5061,34.757],[-119.5058,34.757],[-119.5055,34.7569],[-119.5052,34.7568],[-119.5049,34.7567],[-119.5046,34.7565],[-119.5042,34.7563],[-119.504,34.7562],[-119.5036,34.756],[-119.5032,34.7559],[-119.5028,34.7558],[-119.5024,34.7557],[-119.5021,34.7556],[-119.5019,34.7556],[-119.5018,34.7555],[-119.5016,34.7554],[-119.5014,34.7553],[-119.5013,34.7553],[-119.5012,34.7553],[-119.5011,34.7554],[-119.5011,34.7555],[-119.5012,34.7556],[-119.5013,34.7558],[-119.5012,34.7559],[-119.5011,34.7559],[-119.501,34.7558],[-119.5008,34.7558],[-119.5007,34.7558],[-119.5006,34.7558],[-119.5005,34.7558],[-119.5004,34.7558],[-119.5005,34.7557],[-119.5006,34.7556],[-119.5006,34.7555],[-119.5006,34.7554],[-119.5006,34.7553],[-119.5005,34.7553],[-119.5004,34.7552],[-119.5003,34.7552],[-119.5003,34.7551],[-119.5003,34.755],[-119.5002,34.755],[-119.5002,34.7549],[-119.5001,34.7548],[-119.4999,34.7547],[-119.4998,34.7545],[-119.4997,34.7544],[-119.4997,34.7542],[-119.4997,34.7541],[-119.4997,34.754],[-119.4996,34.754],[-119.4994,34.7539],[-119.4993,34.7538],[-119.4992,34.7538],[-119.4991,34.7537],[-119.4989,34.7537],[-119.4988,34.7537],[-119.4987,34.7537],[-119.4986,34.7536],[-119.4985,34.7535],[-119.4985,34.7534],[-119.4984,34.7534],[-119.4983,34.7533],[-119.4981,34.7533],[-119.4979,34.7532],[-119.4977,34.7532],[-119.4975,34.7532],[-119.4973,34.7533],[-119.4972,34.7533],[-119.4972,34.7532],[-119.4971,34.7532],[-119.497,34.7532],[-119.4969,34.7531],[-119.4968,34.753],[-119.4967,34.7529],[-119.4965,34.7528],[-119.4964,34.7527],[-119.4962,34.7525],[-119.4962,34.7524],[-119.4961,34.7524],[-119.496,34.7523],[-119.4959,34.7523],[-119.4958,34.7523],[-119.4958,34.7522],[-119.4958,34.7521],[-119.4958,34.752],[-119.4959,34.752],[-119.496,34.7519],[-119.4961,34.7519],[-119.4961,34.7518],[-119.4962,34.7517],[-119.4961,34.7516],[-119.496,34.7516],[-119.4959,34.7515],[-119.4959,34.7514],[-119.496,34.7513],[-119.4961,34.7512],[-119.4962,34.7511],[-119.4963,34.7511],[-119.4963,34.7509],[-119.4964,34.7508],[-119.4964,34.7507],[-119.4965,34.7506],[-119.4965,34.7505],[-119.4965,34.7504],[-119.4966,34.7503],[-119.4967,34.7503],[-119.4969,34.7502],[-119.497,34.7502],[-119.4971,34.7501],[-119.4971,34.75],[-119.4972,34.7498],[-119.4974,34.7496],[-119.4975,34.7495],[-119.4976,34.7493],[-119.4976,34.7492],[-119.4974,34.7493],[-119.4971,34.7494],[-119.497,34.7494],[-119.4968,34.7495],[-119.4967,34.7495],[-119.4965,34.7495],[-119.4964,34.7496],[-119.4963,34.7496],[-119.4961,34.7498],[-119.4959,34.7498],[-119.4958,34.7499],[-119.4957,34.7498],[-119.4956,34.7497],[-119.4955,34.7496],[-119.4953,34.7496],[-119.4953,34.7497],[-119.4952,34.7497],[-119.4951,34.7498],[-119.4948,34.7498],[-119.4947,34.7498],[-119.4947,34.7499],[-119.4946,34.75],[-119.4946,34.7502],[-119.4946,34.7504],[-119.4945,34.7506],[-119.4944,34.7507],[-119.4942,34.7508],[-119.4938,34.751],[-119.4937,34.751],[-119.4936,34.7511],[-119.4935,34.7512],[-119.4934,34.7512],[-119.4933,34.7512],[-119.4932,34.7512],[-119.4931,34.7512],[-119.4929,34.7512],[-119.4926,34.7512],[-119.4925,34.7512],[-119.4925,34.7513],[-119.4925,34.7514],[-119.4926,34.7515],[-119.4925,34.7516],[-119.4924,34.7516],[-119.4924,34.7515],[-119.4921,34.7514],[-119.492,34.7513],[-119.4919,34.7513],[-119.4917,34.7514],[-119.4914,34.7515],[-119.4911,34.7516],[-119.4909,34.7516],[-119.4908,34.7516],[-119.4908,34.7515],[-119.4907,34.7515],[-119.4907,34.7514],[-119.4907,34.7513],[-119.4907,34.7511],[-119.4907,34.751],[-119.4906,34.751],[-119.4905,34.751],[-119.4904,34.7511],[-119.4905,34.7511],[-119.4906,34.7511],[-119.4906,34.7512],[-119.4905,34.7512],[-119.4905,34.7513],[-119.4905,34.7515],[-119.4905,34.7517],[-119.4907,34.7518],[-119.4908,34.7518],[-119.4909,34.7519],[-119.4911,34.7519],[-119.4912,34.7519],[-119.4913,34.752],[-119.4912,34.7521],[-119.4911,34.7521],[-119.4909,34.7521],[-119.4908,34.7521],[-119.4906,34.7521],[-119.4904,34.752],[-119.4903,34.752],[-119.4902,34.7519],[-119.4901,34.7518],[-119.49,34.7518],[-119.4899,34.7517],[-119.4899,34.7518],[-119.4897,34.7518],[-119.4891,34.7519],[-119.489,34.7519],[-119.4889,34.752],[-119.4888,34.7519],[-119.4888,34.7517],[-119.4888,34.7516],[-119.4887,34.7516],[-119.4884,34.7516],[-119.4882,34.7515],[-119.4881,34.7515],[-119.488,34.7514],[-119.4879,34.7513],[-119.4878,34.7514],[-119.4877,34.7514],[-119.4877,34.7516],[-119.4877,34.7517],[-119.4877,34.7518],[-119.4876,34.7519],[-119.4875,34.752],[-119.4873,34.752],[-119.4871,34.752],[-119.487,34.752],[-119.4868,34.752],[-119.4866,34.7519],[-119.4864,34.7519],[-119.4863,34.7519],[-119.4862,34.7518],[-119.4861,34.7518],[-119.4861,34.7519],[-119.4861,34.752],[-119.4861,34.7521],[-119.486,34.7522],[-119.4859,34.7523],[-119.4857,34.7524],[-119.4856,34.7525],[-119.4855,34.7527],[-119.4855,34.7528],[-119.4854,34.7528],[-119.4853,34.7528],[-119.4852,34.7528],[-119.4851,34.7527],[-119.485,34.7526],[-119.4849,34.7526],[-119.4848,34.7525],[-119.4847,34.7525],[-119.4846,34.7525],[-119.4845,34.7525],[-119.4843,34.7526],[-119.4841,34.7526],[-119.484,34.7526],[-119.4839,34.7526],[-119.4839,34.7527],[-119.4839,34.7528],[-119.484,34.7528],[-119.4841,34.7529],[-119.4843,34.753],[-119.4844,34.7532],[-119.4845,34.7534],[-119.4846,34.7535],[-119.4846,34.7536],[-119.4845,34.7536],[-119.4844,34.7535],[-119.4843,34.7535],[-119.4842,34.7535],[-119.484,34.7535],[-119.4839,34.7535],[-119.4838,34.7535],[-119.4837,34.7534],[-119.4835,34.7533],[-119.4833,34.7533],[-119.4831,34.7533],[-119.4829,34.7533],[-119.4828,34.7533],[-119.4827,34.7532],[-119.4825,34.7533],[-119.4822,34.7533],[-119.4821,34.7533],[-119.482,34.7532],[-119.4818,34.7531],[-119.4815,34.7531],[-119.4814,34.7531],[-119.4813,34.7531],[-119.4811,34.7532],[-119.4809,34.7532],[-119.4807,34.7532],[-119.4806,34.7532],[-119.4805,34.7532],[-119.4804,34.7533],[-119.4802,34.7535],[-119.48,34.7536],[-119.4799,34.7536],[-119.4796,34.7537],[-119.4793,34.7537],[-119.479,34.7537],[-119.4788,34.7537],[-119.4786,34.7536],[-119.4783,34.7536],[-119.4782,34.7536],[-119.478,34.7535],[-119.4778,34.7534],[-119.4776,34.7533],[-119.4774,34.7532],[-119.4771,34.7531],[-119.4768,34.7531],[-119.4767,34.753],[-119.4765,34.753],[-119.4763,34.7529],[-119.4762,34.7529],[-119.4761,34.7529],[-119.476,34.7529],[-119.4759,34.7529],[-119.4757,34.7529],[-119.4755,34.753],[-119.4753,34.7531],[-119.475,34.7531],[-119.4747,34.7531],[-119.4745,34.7531],[-119.4743,34.7531],[-119.4741,34.7531],[-119.474,34.7531],[-119.4739,34.7532],[-119.4738,34.7532],[-119.4739,34.7533],[-119.474,34.7533],[-119.4742,34.7533],[-119.4744,34.7533],[-119.4747,34.7534],[-119.4749,34.7534],[-119.4753,34.7535],[-119.4756,34.7535],[-119.4758,34.7536],[-119.4761,34.7536],[-119.4763,34.7537],[-119.4765,34.7538],[-119.4766,34.7539],[-119.4767,34.7539],[-119.4769,34.754],[-119.4771,34.7541],[-119.4772,34.7542],[-119.4771,34.7542],[-119.477,34.7542],[-119.4769,34.7542],[-119.4768,34.7541],[-119.4766,34.754],[-119.4764,34.754]]}},{"type":"Feature","properties":{"id":"7N07.2","name":"1 HAPPY CYN","kind":"road","access":"plate","seasonal":true},"geometry":{"type":"LineString","coordinates":[[-119.9575,34.7204],[-119.9574,34.7203],[-119.9573,34.7203],[-119.957,34.7201],[-119.9569,34.7201],[-119.9567,34.72],[-119.9564,34.7201],[-119.9561,34.7201],[-119.9559,34.7201],[-119.9558,34.7201],[-119.9557,34.7202],[-119.9555,34.7204],[-119.9553,34.7205],[-119.9553,34.7206],[-119.9553,34.7209],[-119.9553,34.7211],[-119.9552,34.7213],[-119.9551,34.7215],[-119.9551,34.7216],[-119.9549,34.7217],[-119.9547,34.7218],[-119.9544,34.7219],[-119.9543,34.7219],[-119.9542,34.7219],[-119.9541,34.7218],[-119.9537,34.7217],[-119.9535,34.7216],[-119.9533,34.7216],[-119.9531,34.7215],[-119.9528,34.7215],[-119.9526,34.7216],[-119.9523,34.7216],[-119.9521,34.7217],[-119.952,34.7218],[-119.9519,34.7219],[-119.9518,34.7219],[-119.9518,34.722],[-119.9518,34.7221],[-119.952,34.7222],[-119.9522,34.7222],[-119.9523,34.7223],[-119.9524,34.7224],[-119.9524,34.7225],[-119.9524,34.7226],[-119.9523,34.7228],[-119.9521,34.7228],[-119.952,34.7229],[-119.9519,34.7229],[-119.9516,34.7229],[-119.9514,34.7229],[-119.9511,34.7228],[-119.9509,34.7228],[-119.9507,34.7228],[-119.9504,34.7228],[-119.9503,34.7228],[-119.95,34.7229],[-119.9499,34.723],[-119.9498,34.7232],[-119.9498,34.7234],[-119.9498,34.7236],[-119.9499,34.7238],[-119.95,34.724],[-119.9501,34.7241],[-119.9501,34.7242],[-119.9501,34.7243],[-119.9501,34.7244],[-119.9501,34.7245],[-119.95,34.7245],[-119.9499,34.7245],[-119.9497,34.7245],[-119.9496,34.7244],[-119.9492,34.7243],[-119.9491,34.7242],[-119.949,34.7241],[-119.949,34.724],[-119.949,34.7238],[-119.949,34.7237],[-119.949,34.7236],[-119.949,34.7234],[-119.949,34.7233],[-119.9489,34.7232],[-119.9489,34.7231],[-119.9487,34.7229],[-119.9485,34.7228],[-119.9482,34.7227],[-119.948,34.7226],[-119.9478,34.7226],[-119.9474,34.7226],[-119.9472,34.7226],[-119.947,34.7225],[-119.9466,34.7224],[-119.9465,34.7223],[-119.9464,34.7223],[-119.9463,34.7222],[-119.946,34.722],[-119.9459,34.722],[-119.9457,34.7219],[-119.9454,34.7219],[-119.9453,34.7218],[-119.9451,34.7217],[-119.9448,34.7215],[-119.9446,34.7214],[-119.9446,34.7213],[-119.9445,34.7214],[-119.9443,34.7214],[-119.9442,34.7216],[-119.9441,34.7217],[-119.944,34.7218],[-119.9439,34.722],[-119.9437,34.7221],[-119.9435,34.7223],[-119.9434,34.7224],[-119.9431,34.7225],[-119.9429,34.7225],[-119.9428,34.7226],[-119.9425,34.7227],[-119.9423,34.7227],[-119.9422,34.7227],[-119.9421,34.7228],[-119.942,34.7227],[-119.9421,34.7225],[-119.9422,34.7224],[-119.9423,34.7223],[-119.9424,34.7221],[-119.9425,34.7219],[-119.9425,34.7217],[-119.9424,34.7217],[-119.9423,34.7214],[-119.9422,34.7212],[-119.9421,34.7209],[-119.9419,34.7207],[-119.9417,34.7205],[-119.9416,34.7205],[-119.9415,34.7204],[-119.9414,34.7204],[-119.9413,34.7205],[-119.9412,34.7205],[-119.941,34.7206],[-119.9409,34.7208],[-119.9407,34.721],[-119.9406,34.7211],[-119.9404,34.721],[-119.9402,34.7211],[-119.9399,34.7213],[-119.9398,34.7213],[-119.9397,34.7212],[-119.9396,34.7212],[-119.9395,34.7212],[-119.9394,34.7212],[-119.9393,34.7212],[-119.9392,34.7212],[-119.9392,34.7211],[-119.9392,34.7209],[-119.9392,34.7207],[-119.9391,34.7205],[-119.9391,34.7204],[-119.939,34.7204],[-119.939,34.7203],[-119.9387,34.7202],[-119.9385,34.7202],[-119.9382,34.7202],[-119.938,34.7202],[-119.9379,34.7202],[-119.9378,34.7202],[-119.9378,34.7201],[-119.9378,34.72],[-119.9377,34.7198],[-119.9376,34.7197],[-119.9374,34.7196],[-119.9372,34.7197],[-119.937,34.7197],[-119.9368,34.7197],[-119.9366,34.7196],[-119.9363,34.7196],[-119.9362,34.7195],[-119.9361,34.7193],[-119.9361,34.7191],[-119.9361,34.7189],[-119.9361,34.7188],[-119.9361,34.7187],[-119.936,34.7187],[-119.9359,34.7187],[-119.9357,34.7187],[-119.9353,34.7188],[-119.9351,34.7188],[-119.935,34.7188],[-119.9348,34.7187],[-119.9346,34.7187],[-119.9343,34.7187],[-119.9342,34.7188],[-119.9341,34.7187],[-119.934,34.7187],[-119.9339,34.7186],[-119.9338,34.7185],[-119.9338,34.7183],[-119.9337,34.7181],[-119.9336,34.7178],[-119.9336,34.7176],[-119.9336,34.7175],[-119.9335,34.7175],[-119.9334,34.7175],[-119.9332,34.7177],[-119.933,34.7179],[-119.9329,34.7181],[-119.9328,34.7182],[-119.9325,34.7184],[-119.9323,34.7184],[-119.932,34.7184],[-119.9319,34.7183],[-119.9318,34.7182],[-119.9316,34.7181],[-119.9315,34.718],[-119.9312,34.7181],[-119.9309,34.7182],[-119.9307,34.7182],[-119.9306,34.7182],[-119.9305,34.7182],[-119.9304,34.7181],[-119.9304,34.7179],[-119.9305,34.7177],[-119.9305,34.7174],[-119.9302,34.717],[-119.9301,34.7168],[-119.9301,34.7166],[-119.9301,34.7164],[-119.9301,34.7163],[-119.93,34.7161],[-119.9299,34.716],[-119.9298,34.7159],[-119.9297,34.7156],[-119.9296,34.7154],[-119.9295,34.7153],[-119.9294,34.7152],[-119.9291,34.7152],[-119.9289,34.7152],[-119.9286,34.7151],[-119.9283,34.715],[-119.9279,34.715],[-119.9277,34.7149],[-119.9276,34.7149],[-119.9274,34.7147],[-119.9271,34.7148],[-119.9269,34.7149],[-119.9267,34.7149],[-119.9266,34.7151],[-119.9265,34.7152],[-119.9263,34.7154],[-119.9262,34.7155],[-119.926,34.7154],[-119.9259,34.7154],[-119.9258,34.7153],[-119.9256,34.7151],[-119.9255,34.7151],[-119.9251,34.715],[-119.925,34.715],[-119.9249,34.7149],[-119.9247,34.7148],[-119.9246,34.7147],[-119.9244,34.7148],[-119.9244,34.7149],[-119.9244,34.715],[-119.9245,34.7153],[-119.9246,34.7155],[-119.9246,34.7156],[-119.9246,34.7157],[-119.9245,34.7159],[-119.9242,34.7161],[-119.924,34.7162],[-119.924,34.7163],[-119.9239,34.7164],[-119.924,34.7166],[-119.9242,34.7167],[-119.9244,34.7169],[-119.9245,34.7169],[-119.9247,34.7171],[-119.9248,34.7172],[-119.9248,34.7173],[-119.9247,34.7174],[-119.9247,34.7175],[-119.9246,34.7176],[-119.9245,34.7177],[-119.9244,34.7178],[-119.9242,34.718],[-119.9242,34.7181],[-119.9241,34.7183],[-119.924,34.7183],[-119.9239,34.7184],[-119.9237,34.7182],[-119.9235,34.7181],[-119.9234,34.7181],[-119.9233,34.7181],[-119.9232,34.7183],[-119.9231,34.7184],[-119.923,34.7186],[-119.9229,34.7186],[-119.9228,34.7186],[-119.9227,34.7185],[-119.9226,34.7185],[-119.9224,34.7185],[-119.9223,34.7184],[-119.9221,34.7184],[-119.922,34.7184],[-119.9219,34.7184],[-119.9219,34.7185],[-119.9219,34.7186],[-119.9219,34.7187],[-119.922,34.7188],[-119.922,34.7189],[-119.9222,34.719],[-119.9224,34.7191],[-119.9225,34.7192],[-119.9225,34.7193],[-119.9225,34.7194],[-119.9224,34.7194],[-119.9221,34.7195],[-119.922,34.7196],[-119.922,34.7197],[-119.9219,34.7198],[-119.9217,34.7198],[-119.9216,34.7199],[-119.9216,34.72],[-119.9217,34.7201],[-119.9218,34.7204],[-119.9219,34.7205],[-119.9219,34.7207],[-119.9219,34.7208],[-119.9218,34.721],[-119.9218,34.7211],[-119.9217,34.7212],[-119.9216,34.7213],[-119.9214,34.7214],[-119.9212,34.7215],[-119.921,34.7216],[-119.921,34.7217],[-119.9209,34.7217],[-119.921,34.7219],[-119.921,34.722],[-119.921,34.7222],[-119.9211,34.7223],[-119.921,34.7225],[-119.9209,34.7227],[-119.9208,34.7228],[-119.9207,34.7229],[-119.9207,34.723],[-119.9208,34.7231],[-119.921,34.7231],[-119.9212,34.7231],[-119.9213,34.7231],[-119.9215,34.7233],[-119.9216,34.7233],[-119.9219,34.7233],[-119.922,34.7234],[-119.9221,34.7234],[-119.922,34.7235],[-119.9219,34.7237],[-119.9218,34.7238],[-119.9218,34.7239],[-119.9216,34.7239],[-119.9213,34.7239],[-119.9212,34.724],[-119.9209,34.7241],[-119.9208,34.7241],[-119.9206,34.7243],[-119.9205,34.7244],[-119.9204,34.7245],[-119.9204,34.7246],[-119.9204,34.7248],[-119.9205,34.7249],[-119.9205,34.725],[-119.9203,34.7252],[-119.9203,34.7254],[-119.9204,34.7255],[-119.9204,34.7257],[-119.9205,34.7257],[-119.9204,34.7259],[-119.9204,34.726],[-119.9202,34.7261],[-119.92,34.7263],[-119.9199,34.7265],[-119.9199,34.7266],[-119.9198,34.7268],[-119.9196,34.7269]]}},{"type":"Feature","properties":{"id":"9N11.4","name":"BUCKHORN RD","kind":"road","access":"green","seasonal":true},"geometry":{"type":"LineString","coordinates":[[-119.7135,34.6361],[-119.7135,34.6357],[-119.7136,34.6355],[-119.7139,34.6351],[-119.714,34.6351],[-119.7143,34.635],[-119.7144,34.635],[-119.7146,34.6353],[-119.7149,34.6357],[-119.7151,34.6362],[-119.7157,34.6365],[-119.7158,34.6365],[-119.7159,34.6365],[-119.7161,34.6364],[-119.7163,34.6362],[-119.7167,34.6362],[-119.7168,34.6361],[-119.7169,34.6357],[-119.7168,34.6354],[-119.7166,34.6348],[-119.7167,34.6343],[-119.7167,34.6342],[-119.7166,34.634],[-119.7167,34.6338],[-119.717,34.6334],[-119.7172,34.6331],[-119.7174,34.6329],[-119.7177,34.6328],[-119.7179,34.6328],[-119.7189,34.633],[-119.7193,34.633],[-119.72,34.6329],[-119.7206,34.6328],[-119.721,34.6326],[-119.7212,34.6326],[-119.7213,34.6326],[-119.7216,34.6325],[-119.7217,34.6323],[-119.7216,34.6321],[-119.7213,34.6319],[-119.7208,34.6316],[-119.7206,34.6314],[-119.7204,34.6309],[-119.7202,34.6308],[-119.7199,34.6307],[-119.7194,34.6307],[-119.7191,34.6307],[-119.7191,34.6306],[-119.7192,34.6305],[-119.7194,34.6304],[-119.7197,34.6303],[-119.7198,34.6302],[-119.7198,34.6301],[-119.7199,34.6299],[-119.72,34.6297],[-119.72,34.6295],[-119.7201,34.6294],[-119.7201,34.6293],[-119.7201,34.6292],[-119.72,34.6289],[-119.72,34.6288],[-119.7199,34.6288],[-119.7198,34.6287],[-119.7197,34.6287],[-119.7196,34.6285],[-119.7195,34.6284],[-119.7193,34.6284],[-119.7192,34.6282],[-119.7192,34.6281],[-119.7192,34.628],[-119.7193,34.6278],[-119.7193,34.6277],[-119.7192,34.6276],[-119.7191,34.6274],[-119.719,34.6274],[-119.719,34.6273],[-119.7189,34.6271],[-119.7189,34.627],[-119.7188,34.6268],[-119.7188,34.6267],[-119.7187,34.6267],[-119.7186,34.6267],[-119.7186,34.6266],[-119.7185,34.6265],[-119.7184,34.6264],[-119.7183,34.6263],[-119.7182,34.6262],[-119.7181,34.6262],[-119.7181,34.6261],[-119.7181,34.626],[-119.7182,34.6258],[-119.7182,34.6257],[-119.7183,34.6257],[-119.7185,34.6257],[-119.7187,34.6257],[-119.7187,34.6256],[-119.7187,34.6255],[-119.7187,34.6254],[-119.7186,34.6253],[-119.7185,34.6253],[-119.7186,34.6252],[-119.7188,34.6251],[-119.719,34.6252],[-119.7191,34.6251],[-119.7192,34.6251],[-119.7192,34.6249],[-119.7191,34.6248],[-119.7191,34.6247],[-119.719,34.6245],[-119.719,34.6244],[-119.719,34.6243],[-119.7192,34.6242],[-119.7193,34.6243],[-119.7195,34.6244],[-119.7196,34.6244],[-119.7197,34.6244],[-119.7198,34.6244],[-119.7199,34.6243],[-119.7201,34.6243],[-119.7202,34.6244],[-119.7203,34.6245],[-119.7205,34.6245],[-119.7206,34.6245],[-119.7208,34.6245],[-119.7209,34.6244],[-119.721,34.6242],[-119.721,34.6241],[-119.7211,34.624],[-119.7212,34.6239],[-119.7212,34.6238],[-119.7212,34.6237],[-119.7213,34.6236],[-119.7213,34.6234],[-119.7213,34.6233],[-119.7214,34.6232],[-119.7214,34.623],[-119.7213,34.6229],[-119.7213,34.6228],[-119.7213,34.6226],[-119.7214,34.6225],[-119.7215,34.6223],[-119.7216,34.622],[-119.7217,34.6218],[-119.7218,34.6218],[-119.7219,34.6216],[-119.7219,34.6214],[-119.722,34.6213],[-119.722,34.6212],[-119.7219,34.6211],[-119.7218,34.621],[-119.7217,34.621],[-119.7216,34.6209],[-119.7215,34.6209],[-119.7214,34.6208],[-119.7214,34.6207],[-119.7213,34.6206],[-119.7212,34.6205],[-119.7212,34.6204],[-119.7213,34.6203],[-119.7215,34.6202],[-119.7215,34.6201],[-119.7216,34.62],[-119.7216,34.6199],[-119.7216,34.6198],[-119.7216,34.6196],[-119.7215,34.6195],[-119.7215,34.6193],[-119.7215,34.6192],[-119.7216,34.6191],[-119.7216,34.619],[-119.7215,34.6189],[-119.7216,34.6188],[-119.7218,34.6188],[-119.7219,34.6187],[-119.722,34.6186],[-119.722,34.6185],[-119.7222,34.6185],[-119.7224,34.6185],[-119.7225,34.6184],[-119.7226,34.6183],[-119.7225,34.6182],[-119.7224,34.618],[-119.7223,34.6179],[-119.7223,34.6178],[-119.7222,34.6176],[-119.7221,34.6175],[-119.722,34.6173],[-119.7219,34.6172],[-119.7218,34.617],[-119.7217,34.6169],[-119.7215,34.6167],[-119.7214,34.6166],[-119.7213,34.6165],[-119.7213,34.6163],[-119.7212,34.6162],[-119.7212,34.6161],[-119.7212,34.616],[-119.7211,34.6158],[-119.721,34.6157],[-119.721,34.6155],[-119.7209,34.6153],[-119.7209,34.6151],[-119.7209,34.6149],[-119.721,34.6147],[-119.721,34.6145],[-119.721,34.6143],[-119.721,34.6141],[-119.7211,34.614],[-119.7212,34.6139],[-119.7213,34.6137],[-119.7214,34.6136],[-119.7215,34.6135],[-119.7215,34.6133],[-119.7215,34.6132],[-119.7215,34.613],[-119.7215,34.6129],[-119.7214,34.6128],[-119.7214,34.6127],[-119.7214,34.6126],[-119.7215,34.6126],[-119.7216,34.6126],[-119.7217,34.6126],[-119.7219,34.6126],[-119.7222,34.6126],[-119.7224,34.6126],[-119.7226,34.6125],[-119.723,34.6123],[-119.7234,34.6119],[-119.7236,34.6116],[-119.7237,34.6112],[-119.7237,34.6108],[-119.7238,34.6106],[-119.7238,34.6105],[-119.7239,34.6104],[-119.724,34.6104],[-119.7241,34.6105],[-119.7241,34.6106],[-119.7241,34.6108],[-119.7241,34.6112],[-119.724,34.6113],[-119.724,34.6115],[-119.724,34.6117],[-119.724,34.6119],[-119.7241,34.6121],[-119.7242,34.6122],[-119.7244,34.6124],[-119.7246,34.6126],[-119.7247,34.6127],[-119.7249,34.6127],[-119.725,34.6127],[-119.7251,34.6126],[-119.7252,34.6125],[-119.7253,34.6123],[-119.7255,34.6121],[-119.7257,34.6119],[-119.7259,34.6117],[-119.7261,34.6116],[-119.7263,34.6115],[-119.7264,34.6114],[-119.7266,34.6114],[-119.7268,34.6114],[-119.7271,34.6114],[-119.7274,34.6114],[-119.7276,34.6115],[-119.7278,34.6115],[-119.7279,34.6114],[-119.728,34.6113],[-119.7281,34.6111],[-119.7281,34.6109],[-119.7282,34.6107],[-119.7283,34.6105],[-119.7284,34.6103],[-119.7287,34.6101],[-119.729,34.6099],[-119.7293,34.6097],[-119.7294,34.6096],[-119.7297,34.6096],[-119.7298,34.6097],[-119.73,34.6105],[-119.7301,34.6112],[-119.7301,34.6113],[-119.7301,34.6114],[-119.7302,34.6114],[-119.7304,34.6113],[-119.7305,34.6113],[-119.7307,34.6112],[-119.7308,34.611],[-119.7309,34.6109],[-119.7311,34.6109],[-119.7312,34.611],[-119.7314,34.6109],[-119.7315,34.6109],[-119.7316,34.6109],[-119.7317,34.6108],[-119.7318,34.6107],[-119.7319,34.6105],[-119.732,34.6104],[-119.7322,34.6103],[-119.7324,34.6102],[-119.7325,34.6101],[-119.7326,34.6101],[-119.7327,34.61],[-119.7328,34.6099],[-119.7329,34.6097],[-119.7331,34.6096],[-119.7333,34.6094],[-119.7337,34.609],[-119.7339,34.6088],[-119.734,34.6088],[-119.7341,34.6087],[-119.7342,34.6085],[-119.7343,34.6083],[-119.7344,34.6081],[-119.7345,34.6078],[-119.7347,34.6077],[-119.7347,34.6075],[-119.7346,34.6072],[-119.7346,34.6069],[-119.7346,34.6065],[-119.7346,34.6063],[-119.7349,34.6061],[-119.735,34.606],[-119.735,34.6058],[-119.7349,34.6054],[-119.7348,34.6049],[-119.7348,34.6048],[-119.7349,34.6047],[-119.735,34.6047],[-119.7352,34.6047],[-119.7356,34.6046],[-119.7361,34.6044],[-119.7363,34.6043],[-119.7364,34.6042],[-119.7365,34.604],[-119.7365,34.6039],[-119.7365,34.6036],[-119.7364,34.6034],[-119.7364,34.6033],[-119.7365,34.6032],[-119.7366,34.6031],[-119.7366,34.603],[-119.7366,34.6029],[-119.7366,34.6027],[-119.7366,34.6026],[-119.7366,34.6024],[-119.7366,34.6023],[-119.7366,34.6022],[-119.7367,34.6021],[-119.7368,34.6019],[-119.7368,34.6017],[-119.7367,34.6016],[-119.7366,34.6015],[-119.7365,34.6014],[-119.7363,34.6014],[-119.7361,34.6014],[-119.7359,34.6012],[-119.7359,34.601],[-119.7359,34.6008],[-119.7359,34.6007],[-119.7359,34.6006],[-119.7359,34.6004],[-119.7358,34.6002],[-119.7356,34.6001],[-119.7353,34.6],[-119.7351,34.5998],[-119.7345,34.5995],[-119.7342,34.5994],[-119.734,34.5992],[-119.7338,34.599],[-119.7336,34.5989],[-119.7333,34.5987],[-119.7332,34.5985],[-119.733,34.5982],[-119.7327,34.5979],[-119.7323,34.5977],[-119.7321,34.5975],[-119.732,34.5973],[-119.7318,34.597],[-119.7317,34.5968],[-119.7316,34.5967],[-119.7315,34.5966],[-119.7315,34.5965],[-119.7315,34.5964],[-119.7315,34.5963],[-119.7316,34.5962],[-119.7318,34.5962],[-119.7318,34.5961],[-119.7319,34.5961],[-119.7319,34.5959],[-119.7318,34.5958],[-119.7317,34.5957],[-119.7315,34.5955],[-119.7313,34.5954],[-119.7312,34.5952],[-119.731,34.5951],[-119.7307,34.5948],[-119.7305,34.5946],[-119.7304,34.5944],[-119.7302,34.5942],[-119.73,34.594],[-119.7298,34.5938],[-119.7297,34.5937],[-119.7295,34.5935],[-119.7294,34.5934],[-119.7292,34.5933],[-119.729,34.5932],[-119.7288,34.5931],[-119.7286,34.593],[-119.7284,34.5929],[-119.7282,34.5927],[-119.7279,34.5925],[-119.7276,34.5922],[-119.7277,34.592],[-119.7277,34.5919],[-119.7278,34.5917],[-119.7279,34.5916],[-119.728,34.5915],[-119.728,34.5913],[-119.7279,34.5912],[-119.7278,34.591],[-119.7278,34.5909],[-119.7278,34.5907],[-119.7276,34.5907],[-119.7275,34.5908],[-119.7274,34.5909],[-119.7274,34.5911],[-119.7274,34.5912],[-119.7274,34.5914],[-119.7275,34.5915],[-119.7273,34.5917],[-119.7272,34.5918],[-119.7271,34.5918],[-119.7269,34.5919],[-119.7266,34.5918],[-119.7264,34.5917],[-119.7261,34.5917],[-119.7259,34.5916],[-119.7257,34.5915],[-119.7253,34.5914],[-119.7251,34.5913],[-119.7248,34.5913],[-119.7244,34.5912],[-119.7241,34.5911],[-119.7239,34.5911],[-119.7235,34.591],[-119.7231,34.591],[-119.7227,34.591],[-119.7225,34.5911],[-119.7223,34.5911],[-119.722,34.5912],[-119.7218,34.5912],[-119.7216,34.5912],[-119.7213,34.5911],[-119.7211,34.591],[-119.7209,34.5909],[-119.7208,34.5908],[-119.7207,34.5908],[-119.7206,34.5907],[-119.7204,34.5906],[-119.7201,34.5905],[-119.7198,34.5904],[-119.7195,34.5902],[-119.7193,34.5901],[-119.7191,34.5898],[-119.7191,34.5896],[-119.7191,34.5894],[-119.7192,34.5893],[-119.7193,34.5893],[-119.7196,34.5893],[-119.7198,34.5893],[-119.7201,34.5893],[-119.7202,34.5893],[-119.7204,34.5894],[-119.7206,34.5895],[-119.7207,34.5896],[-119.7208,34.5898],[-119.721,34.5899],[-119.7213,34.5899],[-119.7215,34.59],[-119.7217,34.59],[-119.7218,34.5901],[-119.7219,34.5901],[-119.722,34.5902],[-119.7221,34.5902],[-119.7223,34.5901],[-119.7225,34.59],[-119.7228,34.59],[-119.723,34.5899],[-119.7232,34.5899],[-119.7234,34.5899],[-119.7236,34.5899],[-119.7238,34.5898],[-119.7242,34.5898],[-119.7244,34.5898],[-119.7246,34.5898],[-119.7247,34.5898],[-119.7247,34.5897],[-119.7247,34.5896],[-119.7245,34.5895],[-119.7243,34.5894],[-119.724,34.5894],[-119.7238,34.5893],[-119.7236,34.5893],[-119.7234,34.5892],[-119.7233,34.5891],[-119.7231,34.589],[-119.7229,34.5889],[-119.7227,34.5888],[-119.7226,34.5886],[-119.7226,34.5884],[-119.7226,34.5883],[-119.7226,34.5881],[-119.7226,34.588],[-119.7227,34.5878],[-119.7227,34.5877],[-119.7227,34.5875],[-119.7227,34.5874],[-119.7226,34.5872],[-119.7223,34.587],[-119.7221,34.5869],[-119.7218,34.5869],[-119.7215,34.5868],[-119.7213,34.5868],[-119.7211,34.5867],[-119.7209,34.5866],[-119.7206,34.5866],[-119.7203,34.5864],[-119.72,34.5863],[-119.7199,34.5862],[-119.7196,34.586],[-119.7193,34.5859],[-119.7189,34.5859],[-119.7186,34.586],[-119.7184,34.5861],[-119.7182,34.586],[-119.718,34.5859],[-119.7178,34.5859],[-119.7176,34.5858],[-119.7174,34.5857],[-119.7172,34.5856],[-119.7171,34.5854],[-119.7171,34.5852],[-119.717,34.585],[-119.7169,34.5848],[-119.7167,34.5846],[-119.7165,34.5845],[-119.7163,34.5844],[-119.7161,34.5843],[-119.7159,34.5841],[-119.7157,34.5839],[-119.7155,34.5838],[-119.7153,34.5836],[-119.7151,34.5834],[-119.7149,34.5833],[-119.7147,34.5832],[-119.7146,34.5831],[-119.7146,34.583],[-119.7147,34.5829],[-119.7149,34.5829],[-119.7152,34.5828],[-119.7156,34.5829],[-119.7159,34.583],[-119.7162,34.5833],[-119.7163,34.5836],[-119.7165,34.5839],[-119.7167,34.5842],[-119.7169,34.5843],[-119.717,34.5844],[-119.7172,34.5844],[-119.7173,34.5844],[-119.7174,34.5843],[-119.7175,34.5842],[-119.7176,34.5841],[-119.7179,34.5842],[-119.7181,34.5843],[-119.7182,34.5843],[-119.7184,34.5843],[-119.7187,34.5843],[-119.7189,34.5842],[-119.7192,34.5842],[-119.7195,34.5843],[-119.7197,34.5843],[-119.7199,34.5844],[-119.72,34.5846],[-119.7201,34.5846],[-119.7202,34.5848],[-119.7203,34.585],[-119.7204,34.5852],[-119.7206,34.5853],[-119.7207,34.5853],[-119.7208,34.5853],[-119.7209,34.5854],[-119.721,34.5855],[-119.7211,34.5854],[-119.7212,34.5853],[-119.7213,34.5852],[-119.7214,34.5851],[-119.7216,34.5851],[-119.7217,34.5851],[-119.7219,34.5852],[-119.7221,34.5852],[-119.7221,34.5851],[-119.7222,34.5851],[-119.7223,34.585],[-119.7224,34.585],[-119.7225,34.585],[-119.7226,34.585],[-119.7227,34.5849],[-119.7228,34.5849],[-119.7228,34.5848],[-119.7227,34.5847],[-119.7225,34.5846],[-119.7223,34.5847],[-119.7222,34.5847],[-119.722,34.5847],[-119.7218,34.5847],[-119.7217,34.5848],[-119.7215,34.5847],[-119.7214,34.5847],[-119.7213,34.5847],[-119.7212,34.5846],[-119.7212,34.5845],[-119.7213,34.5844],[-119.7214,34.5844],[-119.7216,34.5844],[-119.7217,34.5843],[-119.7218,34.5843],[-119.7218,34.5842],[-119.7218,34.5841],[-119.7218,34.584],[-119.7219,34.584],[-119.7221,34.5839],[-119.7222,34.5839],[-119.7224,34.5839],[-119.7225,34.5839],[-119.7226,34.5838],[-119.7226,34.5837],[-119.7226,34.5836],[-119.7226,34.5835],[-119.7225,34.5833],[-119.7225,34.5832],[-119.7225,34.5831],[-119.7225,34.5829],[-119.7226,34.5829],[-119.7227,34.5829],[-119.7228,34.5829],[-119.7229,34.583],[-119.7229,34.5831],[-119.7231,34.5832],[-119.7232,34.5831],[-119.7232,34.583],[-119.7232,34.5829],[-119.7232,34.5828],[-119.7233,34.5827],[-119.7233,34.5826],[-119.7233,34.5825],[-119.7232,34.5824],[-119.7232,34.5822],[-119.7232,34.582],[-119.7232,34.5819],[-119.7232,34.5818],[-119.7233,34.5817],[-119.7234,34.5816],[-119.7235,34.5815],[-119.7234,34.5814],[-119.7234,34.5812],[-119.7233,34.5811],[-119.7233,34.581],[-119.7234,34.5809],[-119.7235,34.5809],[-119.7236,34.5809],[-119.7237,34.5809],[-119.7238,34.581],[-119.7239,34.581],[-119.7241,34.5809],[-119.7243,34.5809],[-119.7244,34.5808],[-119.7246,34.5808],[-119.7249,34.5808],[-119.7251,34.5808],[-119.7252,34.5808],[-119.7254,34.5808],[-119.7256,34.5807],[-119.7257,34.5807],[-119.7258,34.5806],[-119.726,34.5806],[-119.7262,34.5804],[-119.7263,34.5803],[-119.7264,34.5802],[-119.7265,34.5801],[-119.7266,34.58],[-119.7267,34.5799],[-119.7268,34.5798],[-119.7268,34.5797],[-119.7268,34.5796],[-119.7267,34.5795],[-119.7267,34.5793],[-119.7266,34.5792],[-119.7265,34.579],[-119.7265,34.5788],[-119.7264,34.5787],[-119.7264,34.5784],[-119.7264,34.5783],[-119.7264,34.5782],[-119.7265,34.578],[-119.7265,34.5779],[-119.7266,34.5778],[-119.7266,34.5776],[-119.7267,34.5775],[-119.7268,34.5775],[-119.727,34.5774],[-119.7272,34.5774],[-119.7273,34.5773],[-119.7275,34.5773],[-119.7277,34.5772],[-119.7279,34.577],[-119.728,34.5769],[-119.7282,34.5768],[-119.7283,34.5767],[-119.7286,34.5768],[-119.7288,34.5768],[-119.7291,34.5768],[-119.7294,34.5768],[-119.7297,34.5768],[-119.73,34.5768],[-119.7302,34.5768],[-119.7306,34.5769],[-119.7309,34.5769],[-119.7311,34.577],[-119.7313,34.5771],[-119.7316,34.5771],[-119.7318,34.5771],[-119.7321,34.577],[-119.7322,34.5769],[-119.7324,34.5768],[-119.7325,34.5767],[-119.7324,34.5766],[-119.7324,34.5765],[-119.7322,34.5765],[-119.7321,34.5764],[-119.7319,34.5763],[-119.7318,34.5761],[-119.7316,34.5759],[-119.7314,34.5757],[-119.7312,34.5755],[-119.731,34.5754],[-119.7307,34.5753],[-119.7304,34.5752],[-119.7301,34.5752],[-119.7299,34.5751],[-119.7298,34.575],[-119.73,34.5748],[-119.7301,34.5747],[-119.7302,34.5745],[-119.7302,34.5744],[-119.7303,34.5742],[-119.7305,34.574],[-119.7307,34.5739],[-119.731,34.5737],[-119.7312,34.5735],[-119.7314,34.5734],[-119.7316,34.5731],[-119.7318,34.573],[-119.7321,34.5728],[-119.7323,34.5728],[-119.7324,34.5727],[-119.7324,34.5725],[-119.7324,34.5724],[-119.7324,34.5723],[-119.7324,34.5721],[-119.7325,34.572],[-119.7325,34.5718],[-119.7324,34.5717],[-119.7324,34.5715],[-119.7323,34.5713],[-119.7322,34.5711],[-119.732,34.571],[-119.7318,34.571],[-119.7317,34.5708],[-119.7317,34.5706],[-119.7317,34.5705],[-119.7319,34.5705],[-119.7322,34.5706],[-119.7324,34.5707],[-119.7325,34.5708],[-119.7327,34.5708],[-119.7329,34.5708],[-119.7332,34.5708],[-119.7337,34.5707],[-119.7341,34.5707],[-119.7342,34.5707],[-119.7343,34.5705],[-119.7345,34.5704],[-119.7348,34.5703],[-119.7351,34.5702],[-119.7353,34.5701],[-119.7355,34.5699],[-119.7357,34.5696],[-119.7359,34.5694],[-119.736,34.5692],[-119.7361,34.569],[-119.7361,34.5689],[-119.7361,34.5687]]}},{"type":"Feature","properties":{"id":"8N02","name":"ZACA RIDGE RD. OHV","kind":"road","access":"plate","seasonal":true},"geometry":{"type":"LineString","coordinates":[[-119.9961,34.7363],[-119.9964,34.7363],[-119.9966,34.7363],[-119.9967,34.7364],[-119.9969,34.7365],[-119.9969,34.7366],[-119.9969,34.7367],[-119.9968,34.7368],[-119.9967,34.737],[-119.9964,34.7371],[-119.9963,34.7372],[-119.996,34.7373],[-119.9959,34.7374],[-119.9958,34.7375],[-119.9958,34.7377],[-119.9958,34.7378],[-119.9957,34.738],[-119.9956,34.7381],[-119.9955,34.7382],[-119.9955,34.7383],[-119.9955,34.7385],[-119.9955,34.7386],[-119.9956,34.7388],[-119.9956,34.7389],[-119.9959,34.7392],[-119.9961,34.7395],[-119.9961,34.7396],[-119.9962,34.7397],[-119.9961,34.7398],[-119.9961,34.7401],[-119.996,34.7401],[-119.996,34.7402],[-119.9958,34.7403],[-119.9957,34.7404],[-119.9955,34.7406],[-119.9953,34.7408],[-119.9952,34.7409],[-119.9951,34.7409],[-119.9948,34.741],[-119.9947,34.741],[-119.9943,34.741],[-119.9942,34.7411],[-119.9941,34.7411],[-119.994,34.7412],[-119.994,34.7413],[-119.9941,34.7415],[-119.9943,34.7416],[-119.9946,34.7419],[-119.9946,34.742],[-119.9947,34.7422],[-119.9947,34.7423],[-119.9947,34.7426],[-119.9947,34.7429],[-119.9946,34.7431],[-119.9946,34.7433],[-119.9947,34.7434],[-119.9948,34.7437],[-119.9949,34.744],[-119.995,34.7442],[-119.995,34.7444],[-119.995,34.7446],[-119.9949,34.7448],[-119.9948,34.7451],[-119.9947,34.7453],[-119.9945,34.7454],[-119.9942,34.7455],[-119.994,34.7456],[-119.9936,34.7456],[-119.9933,34.7456],[-119.9929,34.7456],[-119.9926,34.7456],[-119.9924,34.7455],[-119.9921,34.7455],[-119.9919,34.7454],[-119.9915,34.7452],[-119.9913,34.7451],[-119.991,34.745],[-119.9907,34.7449],[-119.9904,34.7448],[-119.9901,34.7448],[-119.9899,34.7448],[-119.9895,34.7447],[-119.9893,34.7447],[-119.9892,34.7447],[-119.9889,34.7447],[-119.9887,34.7447],[-119.9885,34.7449],[-119.9885,34.745],[-119.9884,34.7451],[-119.9884,34.7453],[-119.9884,34.7456],[-119.9885,34.7457],[-119.9885,34.7459],[-119.9885,34.746],[-119.9886,34.7464],[-119.9886,34.7465],[-119.9887,34.7469],[-119.9887,34.747],[-119.9887,34.7472],[-119.9886,34.7472],[-119.9885,34.7473],[-119.9883,34.7473],[-119.9882,34.7473],[-119.9881,34.7472],[-119.9877,34.747],[-119.9876,34.747],[-119.9874,34.747],[-119.9871,34.747],[-119.9869,34.7471],[-119.9865,34.7471],[-119.9862,34.7471],[-119.9859,34.7471],[-119.9853,34.7471],[-119.985,34.7471],[-119.9847,34.7472],[-119.9846,34.7472],[-119.9844,34.7473],[-119.9843,34.7474],[-119.9842,34.7475],[-119.984,34.7476],[-119.984,34.7477],[-119.9839,34.7479],[-119.9839,34.748],[-119.9839,34.7481],[-119.9839,34.7482],[-119.9841,34.7484],[-119.9841,34.7485],[-119.9844,34.7487],[-119.9847,34.7489],[-119.9849,34.7491],[-119.985,34.7492],[-119.9853,34.7495],[-119.9854,34.7496],[-119.9857,34.7498],[-119.9859,34.75],[-119.9859,34.7501],[-119.986,34.7502],[-119.986,34.7503],[-119.986,34.7504],[-119.986,34.7505],[-119.986,34.7506],[-119.986,34.7507],[-119.9861,34.7507],[-119.9861,34.7508],[-119.9861,34.7509],[-119.986,34.7509],[-119.986,34.751],[-119.9859,34.751],[-119.9859,34.7511],[-119.9858,34.7511],[-119.9857,34.7511],[-119.9856,34.7512],[-119.9855,34.7512],[-119.9854,34.7512],[-119.9853,34.7512],[-119.9851,34.7513],[-119.985,34.7513],[-119.9849,34.7514],[-119.9848,34.7514],[-119.9846,34.7515],[-119.9844,34.7515],[-119.9843,34.7515],[-119.9842,34.7515],[-119.984,34.7515],[-119.9839,34.7516],[-119.9838,34.7516],[-119.9837,34.7517],[-119.9836,34.7518],[-119.9834,34.7518],[-119.9833,34.7519],[-119.9831,34.752],[-119.983,34.752],[-119.9829,34.7521],[-119.9829,34.7522],[-119.9828,34.7523],[-119.9827,34.7524],[-119.9826,34.7525],[-119.9825,34.7525],[-119.9825,34.7526],[-119.9824,34.7527],[-119.9825,34.7528],[-119.9826,34.7528],[-119.9827,34.7529],[-119.9828,34.7529],[-119.9829,34.7529],[-119.983,34.7529],[-119.9831,34.7529],[-119.9833,34.7529],[-119.9834,34.753],[-119.9836,34.753],[-119.9838,34.753],[-119.9839,34.7531],[-119.984,34.7531],[-119.9842,34.7532],[-119.9843,34.7532],[-119.9844,34.7533],[-119.9845,34.7534],[-119.9846,34.7535],[-119.9846,34.7536],[-119.9847,34.7537],[-119.9847,34.7538],[-119.9847,34.7539],[-119.9847,34.754],[-119.9846,34.7542],[-119.9846,34.7543],[-119.9845,34.7543],[-119.9844,34.7544],[-119.9843,34.7545],[-119.9842,34.7546],[-119.9841,34.7546],[-119.984,34.7547],[-119.9838,34.7548],[-119.9837,34.7549],[-119.9836,34.7549],[-119.9835,34.755],[-119.9834,34.755],[-119.9834,34.7551],[-119.9834,34.7552],[-119.9834,34.7553],[-119.9834,34.7555],[-119.9835,34.7555],[-119.9835,34.7556]]}},{"type":"Feature","properties":{"id":"7N07.2","name":"1 HAPPY CYN","kind":"road","access":"plate","seasonal":false},"geometry":{"type":"LineString","coordinates":[[-120.029,34.7428],[-120.0288,34.7428],[-120.0285,34.7428],[-120.0282,34.7428],[-120.028,34.7429],[-120.0278,34.7429],[-120.0276,34.743],[-120.0273,34.743],[-120.0271,34.743],[-120.0269,34.7431],[-120.0268,34.743],[-120.0267,34.7429],[-120.0266,34.7429],[-120.0264,34.7427],[-120.0263,34.7427],[-120.0261,34.7427],[-120.0259,34.7425],[-120.0258,34.7425],[-120.0255,34.7423],[-120.0253,34.7422],[-120.025,34.7421],[-120.0248,34.742],[-120.0246,34.7419],[-120.0244,34.7419],[-120.0242,34.7419],[-120.0239,34.7419],[-120.0238,34.7419],[-120.0238,34.7418],[-120.0236,34.7417],[-120.0235,34.7416],[-120.0232,34.7413],[-120.023,34.7412],[-120.0227,34.7411],[-120.0223,34.7411],[-120.0219,34.7411],[-120.0215,34.7411],[-120.0213,34.7411],[-120.0211,34.7411],[-120.0209,34.7412],[-120.0208,34.7413],[-120.0206,34.7415],[-120.0205,34.7416],[-120.0203,34.7417],[-120.0202,34.7417],[-120.0201,34.7417],[-120.0198,34.7416],[-120.0197,34.7416],[-120.0194,34.7415],[-120.0191,34.7415],[-120.0188,34.7415],[-120.0186,34.7415],[-120.0182,34.7415],[-120.018,34.7415],[-120.0178,34.7417],[-120.0176,34.7417],[-120.0173,34.7417],[-120.0171,34.7418],[-120.0167,34.7418],[-120.0165,34.7419],[-120.0161,34.742],[-120.0159,34.742],[-120.0158,34.742],[-120.0157,34.7419],[-120.0156,34.7417],[-120.0155,34.7415],[-120.0154,34.7414],[-120.0153,34.7413],[-120.0151,34.7412],[-120.0148,34.741],[-120.0146,34.741],[-120.0144,34.7409],[-120.0142,34.7409],[-120.0141,34.7409],[-120.0139,34.741],[-120.0138,34.7411],[-120.0137,34.7412],[-120.0135,34.7412],[-120.0134,34.7412],[-120.0131,34.7412],[-120.013,34.7412],[-120.0129,34.7412],[-120.0128,34.7411],[-120.0125,34.741],[-120.0123,34.7409],[-120.0121,34.7409],[-120.0118,34.7411],[-120.0117,34.741],[-120.0115,34.741],[-120.0115,34.7409],[-120.0115,34.7408],[-120.0117,34.7407],[-120.0119,34.7406],[-120.0121,34.7406],[-120.0123,34.7406],[-120.0125,34.7406],[-120.0129,34.7406],[-120.0132,34.7406],[-120.0134,34.7406],[-120.0136,34.7405],[-120.0137,34.7404],[-120.0138,34.7403],[-120.0138,34.7402],[-120.0137,34.7402],[-120.0136,34.7401],[-120.0134,34.74],[-120.013,34.74],[-120.0127,34.7399],[-120.0121,34.7398],[-120.0118,34.7398],[-120.0115,34.7397],[-120.011,34.7395],[-120.0108,34.7394],[-120.0106,34.7394],[-120.0102,34.7393],[-120.0098,34.7393],[-120.0094,34.7392],[-120.0091,34.7391],[-120.0087,34.739],[-120.0086,34.7389],[-120.0085,34.7388],[-120.0087,34.7387],[-120.0089,34.7385],[-120.0091,34.7384],[-120.0091,34.7383],[-120.0091,34.7381],[-120.009,34.7381],[-120.0088,34.738],[-120.0085,34.7379],[-120.0083,34.7377],[-120.0082,34.7376],[-120.0081,34.7374],[-120.008,34.7373],[-120.0079,34.7372],[-120.0079,34.737],[-120.008,34.7368],[-120.008,34.7367],[-120.0079,34.7366],[-120.0078,34.7364],[-120.0076,34.7362],[-120.0074,34.7361],[-120.0073,34.7361],[-120.007,34.7361],[-120.0068,34.7361],[-120.0067,34.736],[-120.0066,34.736],[-120.0064,34.7359],[-120.0063,34.7358],[-120.0063,34.7356],[-120.0063,34.7353],[-120.0063,34.7351],[-120.0063,34.735],[-120.0062,34.735],[-120.0062,34.7348],[-120.0061,34.7348],[-120.006,34.7347],[-120.0058,34.7348],[-120.0057,34.7348],[-120.0056,34.7347],[-120.0055,34.7347],[-120.0053,34.7345],[-120.0051,34.7344],[-120.005,34.7343],[-120.0048,34.7343],[-120.0044,34.7344],[-120.004,34.7344],[-120.0037,34.7345],[-120.0034,34.7345],[-120.0031,34.7344],[-120.0029,34.7344],[-120.0027,34.7344],[-120.0025,34.7344],[-120.0023,34.7345],[-120.0021,34.7345],[-120.002,34.7345],[-120.0019,34.7346],[-120.0016,34.7347],[-120.0012,34.735],[-120.001,34.7351],[-120.0007,34.7352],[-120.0005,34.7353],[-120.0003,34.7354],[-120,34.7356],[-119.9999,34.7357],[-119.9996,34.7358],[-119.9992,34.7359],[-119.9989,34.736],[-119.9986,34.7361],[-119.9984,34.7361],[-119.9981,34.7362],[-119.9979,34.7363],[-119.9977,34.7363],[-119.9974,34.7363],[-119.9972,34.7363],[-119.9969,34.7361],[-119.9968,34.7361],[-119.9967,34.7361],[-119.9965,34.7361],[-119.9964,34.7361],[-119.9961,34.7363],[-119.9959,34.7364],[-119.9957,34.7366],[-119.9955,34.7366],[-119.9953,34.7367],[-119.995,34.7368],[-119.9947,34.7369],[-119.9945,34.7369],[-119.9942,34.7369],[-119.9939,34.7369],[-119.9935,34.737],[-119.993,34.7371],[-119.9927,34.7371],[-119.9923,34.7371],[-119.9921,34.737],[-119.9917,34.7369],[-119.9916,34.7369],[-119.9914,34.7368],[-119.9912,34.7367],[-119.9911,34.7365],[-119.991,34.7365],[-119.9907,34.7363],[-119.9904,34.7362],[-119.99,34.7361],[-119.9896,34.7361],[-119.9892,34.7361],[-119.9887,34.7361],[-119.9885,34.7361],[-119.9883,34.7362],[-119.9881,34.7363],[-119.9879,34.7363],[-119.9878,34.7364],[-119.9877,34.7364],[-119.9876,34.7363],[-119.9875,34.7362],[-119.9873,34.736],[-119.9872,34.7358],[-119.987,34.7356],[-119.9869,34.7355],[-119.9868,34.7354],[-119.9864,34.7352],[-119.9861,34.7351],[-119.986,34.7349],[-119.9858,34.7347],[-119.9856,34.7344],[-119.9856,34.7343],[-119.9854,34.7342],[-119.9853,34.7341],[-119.9851,34.734],[-119.9849,34.7339],[-119.9847,34.7338],[-119.9844,34.7337],[-119.9843,34.7336],[-119.984,34.7334],[-119.9838,34.7332],[-119.9836,34.7332],[-119.9835,34.7331],[-119.9834,34.7331],[-119.9831,34.7329],[-119.983,34.7328],[-119.9827,34.7327],[-119.9824,34.7327],[-119.982,34.7326],[-119.9817,34.7324],[-119.9813,34.7323],[-119.9811,34.7322],[-119.9807,34.7321],[-119.9803,34.732],[-119.9801,34.732],[-119.98,34.732],[-119.9797,34.7321],[-119.9793,34.7322],[-119.979,34.7322],[-119.9786,34.7322],[-119.9783,34.7322],[-119.9781,34.7322],[-119.978,34.7321],[-119.9777,34.7319],[-119.9774,34.7319],[-119.9773,34.7318],[-119.9772,34.7317],[-119.9771,34.7316],[-119.977,34.7314],[-119.9769,34.7314],[-119.9766,34.7314],[-119.9763,34.7314],[-119.976,34.7314],[-119.9755,34.7315],[-119.9754,34.7315],[-119.9752,34.7314],[-119.9748,34.7312],[-119.9747,34.7311],[-119.9743,34.7309],[-119.9741,34.7308],[-119.9737,34.7307],[-119.9733,34.7306],[-119.9731,34.7305],[-119.9726,34.7304],[-119.9721,34.7303],[-119.9718,34.7303],[-119.9717,34.7302],[-119.9716,34.7301],[-119.9714,34.7299],[-119.9712,34.7298],[-119.9709,34.7296],[-119.9708,34.7294],[-119.9706,34.7292],[-119.9705,34.729],[-119.9704,34.7288],[-119.9704,34.7286],[-119.9704,34.7285],[-119.9702,34.7283],[-119.9701,34.7282],[-119.9699,34.7279],[-119.9698,34.7277],[-119.9698,34.7276],[-119.9699,34.7274],[-119.9699,34.7272],[-119.97,34.727],[-119.9701,34.7268],[-119.9701,34.7267],[-119.9701,34.7266],[-119.97,34.7265],[-119.9699,34.7264],[-119.9696,34.7261],[-119.9692,34.7258],[-119.9689,34.7255],[-119.9687,34.7252],[-119.9685,34.725],[-119.9684,34.7248],[-119.9684,34.7247],[-119.9684,34.7244],[-119.9684,34.7243],[-119.9684,34.724],[-119.9684,34.7239],[-119.9685,34.7237],[-119.9687,34.7234],[-119.9688,34.7231],[-119.9689,34.7229],[-119.9689,34.7227],[-119.9689,34.7223],[-119.9688,34.7221],[-119.9686,34.722],[-119.9685,34.722],[-119.9683,34.722],[-119.968,34.722],[-119.9678,34.722],[-119.9676,34.7221],[-119.9674,34.7222],[-119.9671,34.7222],[-119.9669,34.7223],[-119.9667,34.7224],[-119.9665,34.7224],[-119.9664,34.7224],[-119.9662,34.7225],[-119.966,34.7225],[-119.9659,34.7225],[-119.9656,34.7224],[-119.9656,34.7223],[-119.9653,34.7221],[-119.965,34.722],[-119.965,34.7219],[-119.9648,34.7219],[-119.9643,34.7217],[-119.964,34.7217],[-119.9638,34.7216],[-119.9637,34.7216],[-119.9634,34.7214],[-119.9632,34.7214],[-119.9629,34.7213],[-119.9627,34.7213],[-119.9624,34.7213],[-119.9622,34.7212],[-119.9619,34.7212],[-119.9617,34.7211],[-119.9615,34.721],[-119.9613,34.7209],[-119.9611,34.7208],[-119.9609,34.7207],[-119.9607,34.7207],[-119.9606,34.7206],[-119.9604,34.7206],[-119.9601,34.7205],[-119.9599,34.7206],[-119.9597,34.7206],[-119.9595,34.7207],[-119.9593,34.7208],[-119.9591,34.7209],[-119.9589,34.721],[-119.9587,34.721],[-119.9584,34.721],[-119.9583,34.7209],[-119.958,34.7209],[-119.9578,34.7207],[-119.9576,34.7205],[-119.9575,34.7204]]}},{"type":"Feature","properties":{"id":"5N12.4","name":"EAST CAMINO","kind":"road","access":"plate","seasonal":false},"geometry":{"type":"LineString","coordinates":[[-119.6901,34.491],[-119.6903,34.4912],[-119.6906,34.4915],[-119.691,34.4919],[-119.6914,34.4922],[-119.6915,34.4923],[-119.6917,34.4923],[-119.6921,34.4924],[-119.6924,34.4926],[-119.6926,34.4927],[-119.6931,34.4931],[-119.6932,34.4932],[-119.6934,34.4933],[-119.6939,34.4934],[-119.694,34.4936],[-119.6941,34.4937],[-119.6942,34.4937],[-119.6942,34.4938],[-119.6943,34.4939],[-119.6944,34.494],[-119.6945,34.494],[-119.6945,34.4941],[-119.6946,34.4942],[-119.6947,34.4943],[-119.6947,34.4944],[-119.6948,34.4944],[-119.6949,34.4944],[-119.695,34.4945],[-119.6952,34.4945],[-119.6953,34.4946],[-119.6954,34.4947],[-119.6954,34.4948],[-119.6956,34.4948],[-119.6958,34.4949],[-119.6959,34.495],[-119.696,34.4951],[-119.6961,34.4952],[-119.6962,34.4952],[-119.6963,34.4952],[-119.6965,34.4952],[-119.6967,34.4952],[-119.6968,34.4952],[-119.697,34.4954],[-119.6972,34.4954],[-119.6977,34.4954],[-119.6984,34.4954],[-119.6986,34.4955],[-119.6987,34.4955],[-119.699,34.4959],[-119.6991,34.4961],[-119.6993,34.4961],[-119.6994,34.4961],[-119.6997,34.4961],[-119.7005,34.496],[-119.7007,34.4959],[-119.7011,34.4958],[-119.7014,34.4956],[-119.7014,34.4955],[-119.7014,34.4953],[-119.7013,34.4949],[-119.7013,34.4948],[-119.7012,34.4947],[-119.7011,34.4947],[-119.701,34.4948],[-119.7009,34.4949],[-119.7008,34.4949],[-119.7007,34.4947],[-119.7006,34.4944],[-119.7006,34.4942],[-119.7006,34.4939],[-119.7008,34.4936],[-119.7013,34.4933],[-119.7014,34.4933],[-119.7017,34.4934],[-119.702,34.4934],[-119.7023,34.4935],[-119.7026,34.4935],[-119.7031,34.4933],[-119.7033,34.4933],[-119.7036,34.4934],[-119.7038,34.4935],[-119.7042,34.4937],[-119.7046,34.4941],[-119.7048,34.4943],[-119.7056,34.4946],[-119.7057,34.4946],[-119.7062,34.4944],[-119.7063,34.4944],[-119.7066,34.4944],[-119.7068,34.4945],[-119.707,34.4947],[-119.7076,34.4953],[-119.7078,34.4954],[-119.7082,34.4954],[-119.7083,34.4953],[-119.7084,34.4953],[-119.7087,34.4952],[-119.7089,34.4951],[-119.7094,34.4953],[-119.7096,34.4953],[-119.71,34.4953],[-119.7105,34.4952],[-119.7111,34.495],[-119.7114,34.4949],[-119.7118,34.4949],[-119.7123,34.4951],[-119.7131,34.4953],[-119.714,34.4955],[-119.7141,34.4956],[-119.7145,34.4957],[-119.7146,34.4957],[-119.7147,34.4959],[-119.715,34.4961],[-119.7154,34.4964],[-119.7159,34.4967],[-119.7165,34.4972],[-119.7166,34.4973],[-119.7167,34.4974],[-119.7168,34.4978],[-119.7169,34.4981],[-119.7171,34.4986],[-119.7172,34.4988],[-119.7174,34.499],[-119.7177,34.4992],[-119.7182,34.4994],[-119.7187,34.4997],[-119.7189,34.5],[-119.719,34.5001],[-119.7191,34.5003],[-119.7192,34.5004],[-119.7194,34.5005],[-119.7196,34.5006],[-119.7199,34.5007],[-119.72,34.5007],[-119.7202,34.5008],[-119.7203,34.5009],[-119.7204,34.5009],[-119.7206,34.501],[-119.7207,34.501],[-119.7209,34.501],[-119.7213,34.5011],[-119.7215,34.5011],[-119.7217,34.5012],[-119.7218,34.5012],[-119.722,34.5012],[-119.7221,34.5013],[-119.7223,34.5014],[-119.7224,34.5014],[-119.7225,34.5014],[-119.7226,34.5015],[-119.7228,34.5015],[-119.7229,34.5015],[-119.7231,34.5015],[-119.7234,34.5014],[-119.7235,34.5013],[-119.7238,34.5013],[-119.724,34.5012],[-119.7242,34.5011],[-119.7243,34.501],[-119.7244,34.5009],[-119.7246,34.5008],[-119.7247,34.5008],[-119.7248,34.5008],[-119.7249,34.5008],[-119.725,34.5009],[-119.7251,34.5009],[-119.7252,34.501],[-119.7253,34.501],[-119.7254,34.501],[-119.7256,34.501],[-119.7258,34.5011],[-119.726,34.5011],[-119.7262,34.5011],[-119.7264,34.5012],[-119.7265,34.5012],[-119.7266,34.5012],[-119.7268,34.5011],[-119.727,34.5011],[-119.7272,34.501],[-119.7273,34.501],[-119.7274,34.501],[-119.7276,34.5009],[-119.7278,34.5009],[-119.728,34.5009],[-119.7281,34.5008],[-119.7283,34.5008],[-119.7284,34.5008],[-119.7285,34.5007],[-119.7286,34.5007],[-119.7287,34.5007],[-119.7288,34.5008],[-119.7289,34.5008],[-119.729,34.5008],[-119.7291,34.5007],[-119.7292,34.5007],[-119.7293,34.5007],[-119.7294,34.5006],[-119.7295,34.5007],[-119.7296,34.5007],[-119.7297,34.5007],[-119.7298,34.5008],[-119.7299,34.5008],[-119.7301,34.5008],[-119.7302,34.5008],[-119.7303,34.5008],[-119.7305,34.5008],[-119.7307,34.5008],[-119.7308,34.5008],[-119.731,34.5007],[-119.7311,34.5006],[-119.7311,34.5005],[-119.7312,34.5005],[-119.7314,34.5005],[-119.7315,34.5005],[-119.7317,34.5005],[-119.7319,34.5005],[-119.732,34.5006],[-119.7321,34.5006],[-119.7323,34.5006],[-119.7325,34.5006],[-119.7326,34.5006],[-119.7327,34.5006],[-119.7328,34.5006],[-119.733,34.5007],[-119.7331,34.5008],[-119.7331,34.5009],[-119.733,34.5009],[-119.7329,34.501],[-119.7328,34.501],[-119.7327,34.5011],[-119.7327,34.5012],[-119.7327,34.5013],[-119.7328,34.5013],[-119.7329,34.5014],[-119.733,34.5015],[-119.733,34.5016],[-119.7331,34.5016],[-119.7332,34.5018],[-119.7332,34.5019],[-119.7332,34.502],[-119.7331,34.5021],[-119.733,34.5022],[-119.733,34.5024],[-119.7329,34.5025],[-119.7329,34.5027],[-119.733,34.5028],[-119.7331,34.5029],[-119.7331,34.5031],[-119.733,34.5033],[-119.7329,34.5035],[-119.7329,34.5037],[-119.7328,34.5038],[-119.7328,34.504],[-119.7328,34.5041],[-119.7328,34.5042],[-119.7329,34.5043],[-119.7329,34.5045],[-119.7329,34.5046],[-119.7329,34.5047],[-119.7328,34.5049],[-119.7329,34.505],[-119.733,34.5051],[-119.7332,34.5052],[-119.7333,34.5052],[-119.7334,34.5053],[-119.7336,34.5053],[-119.7338,34.5053],[-119.7339,34.5052],[-119.734,34.5052],[-119.7341,34.5052],[-119.7342,34.5051],[-119.7343,34.5051],[-119.7345,34.5052],[-119.7346,34.5052],[-119.7347,34.5052],[-119.7348,34.5052],[-119.7349,34.5052],[-119.735,34.5052],[-119.735,34.5051],[-119.7351,34.5051],[-119.7352,34.5051],[-119.7353,34.5051],[-119.7355,34.505],[-119.7356,34.505],[-119.7357,34.505],[-119.7358,34.505],[-119.7358,34.5051],[-119.7359,34.5051],[-119.7359,34.5052],[-119.736,34.5052],[-119.7361,34.5052],[-119.7362,34.5052],[-119.7363,34.5052],[-119.7364,34.5052],[-119.7366,34.5052],[-119.7367,34.5052],[-119.7367,34.5053],[-119.7368,34.5054],[-119.7369,34.5054],[-119.737,34.5054],[-119.7371,34.5054],[-119.7372,34.5054],[-119.7374,34.5053],[-119.7377,34.5052],[-119.7379,34.5051],[-119.7381,34.5051],[-119.7384,34.5052],[-119.7385,34.5053],[-119.7386,34.5054],[-119.7386,34.5055],[-119.7387,34.5056],[-119.7389,34.5056],[-119.739,34.5056],[-119.7392,34.5055],[-119.7393,34.5055],[-119.7394,34.5054],[-119.7395,34.5053],[-119.7397,34.5053],[-119.7399,34.5054],[-119.74,34.5055],[-119.7401,34.5056],[-119.7402,34.5057],[-119.7404,34.5058],[-119.7405,34.5058],[-119.7406,34.5057],[-119.7406,34.5056],[-119.7406,34.5055],[-119.7407,34.5054],[-119.7409,34.5054],[-119.7411,34.5054],[-119.7412,34.5055],[-119.7413,34.5055],[-119.7414,34.5056],[-119.7415,34.5058],[-119.7416,34.506],[-119.7417,34.5062],[-119.7418,34.5063],[-119.7419,34.5064],[-119.7421,34.5064],[-119.7422,34.5063],[-119.7423,34.5062],[-119.7424,34.5061],[-119.7425,34.506],[-119.7426,34.5059],[-119.7425,34.5057],[-119.7425,34.5056],[-119.7426,34.5055],[-119.7428,34.5055],[-119.743,34.5054],[-119.7432,34.5054],[-119.7434,34.5054],[-119.7436,34.5055],[-119.7438,34.5055],[-119.744,34.5056],[-119.744,34.5057],[-119.7441,34.5058],[-119.7442,34.5059],[-119.7443,34.5059],[-119.7445,34.5059],[-119.7446,34.5057],[-119.7447,34.5056],[-119.7448,34.5054],[-119.7449,34.5053],[-119.745,34.5052],[-119.745,34.505],[-119.745,34.5049],[-119.745,34.5048],[-119.7451,34.5048],[-119.7452,34.5048],[-119.7453,34.5049],[-119.7454,34.505],[-119.7455,34.5051],[-119.7457,34.5052],[-119.7459,34.5053],[-119.7462,34.5053],[-119.7464,34.5054],[-119.7468,34.5054],[-119.7471,34.5054],[-119.7474,34.5055],[-119.7476,34.5055],[-119.748,34.5055],[-119.7483,34.5056],[-119.7485,34.5057],[-119.749,34.5057],[-119.7493,34.5058],[-119.7496,34.5058],[-119.7499,34.5058],[-119.7501,34.5058],[-119.7503,34.5058],[-119.7505,34.5057],[-119.7507,34.5057],[-119.7509,34.5058],[-119.751,34.5058],[-119.7513,34.5058],[-119.7517,34.5059],[-119.752,34.5059],[-119.7523,34.5057],[-119.7525,34.5056],[-119.7527,34.5055],[-119.7528,34.5054],[-119.7529,34.5053],[-119.753,34.5052],[-119.7531,34.5052],[-119.7533,34.505],[-119.7534,34.5049],[-119.7535,34.5048],[-119.7537,34.5047],[-119.7538,34.5046],[-119.754,34.5046],[-119.7542,34.5047],[-119.7544,34.5048],[-119.7545,34.505],[-119.7547,34.5053],[-119.7548,34.5055],[-119.7548,34.5057],[-119.755,34.5059],[-119.7551,34.5059],[-119.7553,34.5061],[-119.7555,34.5061],[-119.7555,34.5062],[-119.7556,34.5064],[-119.7555,34.5064],[-119.7555,34.5065],[-119.7556,34.5066],[-119.7558,34.5067],[-119.756,34.5068],[-119.7561,34.5069],[-119.7562,34.507],[-119.7563,34.5069],[-119.7567,34.5068],[-119.7569,34.5067],[-119.7572,34.5067],[-119.7574,34.5067],[-119.7576,34.5068],[-119.7578,34.5068],[-119.7583,34.5067],[-119.7586,34.5066],[-119.7589,34.5067],[-119.7591,34.5067],[-119.7593,34.5067],[-119.7594,34.5067],[-119.7597,34.5068],[-119.76,34.5068],[-119.7602,34.5068],[-119.7607,34.5068],[-119.7609,34.5068],[-119.7611,34.5069],[-119.7613,34.5069],[-119.7617,34.5069],[-119.762,34.5069],[-119.7624,34.507],[-119.7626,34.5072],[-119.7628,34.5074],[-119.763,34.5074],[-119.7632,34.5073],[-119.7637,34.5072],[-119.7639,34.5071],[-119.7641,34.5071],[-119.7643,34.507],[-119.7645,34.5069],[-119.7646,34.5069],[-119.7648,34.5069],[-119.7652,34.507],[-119.7655,34.5071],[-119.7659,34.5071],[-119.7662,34.5071],[-119.7663,34.5069],[-119.7665,34.5067],[-119.7666,34.5066],[-119.7668,34.5063],[-119.7668,34.5062],[-119.7669,34.5061],[-119.7671,34.506],[-119.7672,34.506],[-119.7673,34.506],[-119.7675,34.506],[-119.7677,34.5061],[-119.7679,34.5061],[-119.768,34.5063],[-119.7682,34.5065],[-119.7683,34.5065],[-119.7684,34.5065],[-119.7686,34.5067],[-119.7686,34.5068],[-119.7687,34.5069],[-119.7687,34.507],[-119.7687,34.5072],[-119.7686,34.5072],[-119.7686,34.5074],[-119.7687,34.5075],[-119.769,34.5076],[-119.7691,34.5077],[-119.7691,34.5078],[-119.7691,34.508],[-119.7691,34.5081],[-119.7691,34.5083],[-119.7689,34.5085],[-119.7689,34.5087],[-119.7691,34.5087],[-119.7693,34.5087],[-119.7697,34.5086],[-119.7699,34.5085],[-119.7703,34.5083],[-119.7704,34.5082],[-119.7705,34.5082],[-119.7707,34.5083],[-119.771,34.5083],[-119.7713,34.5084],[-119.7715,34.5084],[-119.7716,34.5084],[-119.7718,34.5084],[-119.772,34.5085],[-119.772,34.5086],[-119.7721,34.5087],[-119.7723,34.509],[-119.7725,34.5092],[-119.7726,34.5096],[-119.7727,34.5099],[-119.7727,34.5101],[-119.7728,34.5103],[-119.7728,34.5104],[-119.773,34.5107],[-119.7732,34.5109],[-119.7734,34.511],[-119.7738,34.5112],[-119.7739,34.5112],[-119.774,34.5114],[-119.7741,34.5117],[-119.7744,34.5119],[-119.7746,34.5121],[-119.7748,34.5122],[-119.7752,34.5123],[-119.7756,34.5124],[-119.7759,34.5125],[-119.7763,34.5127],[-119.7765,34.5128],[-119.7769,34.5131],[-119.7771,34.5132],[-119.7774,34.5135],[-119.7776,34.5137],[-119.7777,34.5139],[-119.7777,34.514],[-119.7778,34.5141],[-119.778,34.5145],[-119.7782,34.5147],[-119.7784,34.515],[-119.7785,34.5153],[-119.7787,34.5156],[-119.7788,34.5158],[-119.7792,34.5162],[-119.7794,34.5164],[-119.7797,34.5167],[-119.7799,34.5169],[-119.78,34.5171],[-119.7803,34.5171],[-119.7808,34.5171],[-119.7812,34.5172],[-119.7814,34.5172],[-119.782,34.5172],[-119.7824,34.5172],[-119.7825,34.5173],[-119.7826,34.5174],[-119.7827,34.5175],[-119.7827,34.5176],[-119.7828,34.5179],[-119.7828,34.518],[-119.7829,34.5182],[-119.783,34.5184],[-119.7833,34.5186],[-119.7834,34.5187],[-119.7837,34.5189],[-119.7839,34.519],[-119.784,34.519],[-119.7842,34.5188],[-119.7843,34.5188],[-119.7844,34.5188],[-119.7846,34.5188],[-119.7848,34.519],[-119.785,34.519],[-119.7851,34.5189],[-119.7852,34.5188],[-119.7854,34.5186],[-119.7856,34.5185],[-119.7857,34.5185],[-119.7858,34.5185],[-119.786,34.5187],[-119.7862,34.5188],[-119.7864,34.5189],[-119.7866,34.5188],[-119.7867,34.5187],[-119.7868,34.5187],[-119.787,34.5188],[-119.7871,34.519],[-119.7872,34.5192],[-119.7875,34.5193],[-119.7878,34.5195],[-119.788,34.5195],[-119.7882,34.5194],[-119.7885,34.5192],[-119.7886,34.519],[-119.7887,34.5189],[-119.7889,34.5188],[-119.7892,34.5186],[-119.7893,34.5186],[-119.7894,34.5187],[-119.7896,34.5189],[-119.7898,34.5191],[-119.79,34.5192],[-119.7903,34.5192],[-119.7905,34.5192],[-119.7907,34.519],[-119.7908,34.5188],[-119.791,34.5188],[-119.7912,34.5189],[-119.7913,34.519],[-119.7914,34.519],[-119.7915,34.5188],[-119.7916,34.5187],[-119.7917,34.5186],[-119.7919,34.5186],[-119.792,34.5187],[-119.7921,34.5188],[-119.7922,34.5189],[-119.7923,34.519],[-119.7925,34.5189],[-119.7925,34.5188],[-119.7928,34.5186],[-119.793,34.5185],[-119.7932,34.5184],[-119.7934,34.5184],[-119.7935,34.5183],[-119.7937,34.5182],[-119.7938,34.5182],[-119.7939,34.5181],[-119.794,34.518],[-119.794,34.5179],[-119.7941,34.5178],[-119.7941,34.5176],[-119.7941,34.5175],[-119.7941,34.5173],[-119.794,34.5172],[-119.7938,34.517],[-119.7937,34.517],[-119.7935,34.5169],[-119.7934,34.5168],[-119.7932,34.5167],[-119.7932,34.5166],[-119.7932,34.5165],[-119.7932,34.5164],[-119.7931,34.5164],[-119.793,34.5164],[-119.7928,34.5163],[-119.7927,34.5163],[-119.7926,34.5162],[-119.7926,34.5161],[-119.7926,34.516],[-119.7927,34.5159],[-119.7927,34.5158],[-119.7927,34.5157],[-119.7926,34.5156],[-119.7925,34.5155],[-119.7923,34.5154],[-119.7922,34.5152],[-119.7921,34.5151],[-119.7922,34.515],[-119.7924,34.5148],[-119.7927,34.5146],[-119.7929,34.5145],[-119.793,34.5145],[-119.7931,34.5144],[-119.7932,34.5143],[-119.7932,34.5142],[-119.7933,34.5141],[-119.7934,34.514],[-119.7935,34.514],[-119.7936,34.514],[-119.7937,34.514],[-119.7938,34.5141],[-119.7939,34.5142],[-119.794,34.5142],[-119.7941,34.5143],[-119.7941,34.5144],[-119.7942,34.5145],[-119.7943,34.5146],[-119.7944,34.5147],[-119.7945,34.5147],[-119.7946,34.5147],[-119.7947,34.5148],[-119.7947,34.5149],[-119.7947,34.515],[-119.7946,34.5151],[-119.7946,34.5152],[-119.7947,34.5155],[-119.7949,34.5155],[-119.7951,34.5155],[-119.7952,34.5155],[-119.7954,34.5155],[-119.7955,34.5157],[-119.7956,34.5159],[-119.7957,34.516],[-119.7959,34.5161],[-119.7959,34.516],[-119.7959,34.5159],[-119.7959,34.5158],[-119.7959,34.5157],[-119.7961,34.5156],[-119.7964,34.5155],[-119.7966,34.5154],[-119.7967,34.5153],[-119.7967,34.5152],[-119.7966,34.5152],[-119.7965,34.5151],[-119.7962,34.5151],[-119.7959,34.5151],[-119.7958,34.515],[-119.7957,34.5149],[-119.7957,34.5148],[-119.7958,34.5148],[-119.7961,34.5147],[-119.7962,34.5146],[-119.7963,34.5144],[-119.7963,34.5142],[-119.7963,34.514],[-119.7964,34.5138],[-119.7964,34.5136],[-119.7964,34.5135],[-119.7964,34.5133],[-119.7966,34.5134],[-119.7968,34.5135],[-119.7971,34.5135],[-119.7971,34.5136],[-119.7973,34.5137],[-119.7974,34.5137],[-119.7975,34.5138],[-119.7977,34.5141],[-119.7978,34.5142],[-119.7979,34.5142],[-119.7982,34.5142],[-119.7984,34.5143],[-119.7986,34.5144],[-119.7987,34.5145],[-119.7988,34.5145],[-119.7991,34.5145],[-119.7993,34.5144],[-119.7995,34.5145],[-119.7996,34.5145],[-119.7999,34.5145],[-119.8001,34.5145],[-119.8004,34.5146],[-119.8005,34.5147],[-119.8006,34.5147],[-119.8007,34.5147],[-119.8009,34.5146],[-119.801,34.5144],[-119.801,34.5142],[-119.801,34.514],[-119.8011,34.5139],[-119.8011,34.5138],[-119.8012,34.5136],[-119.8013,34.5136],[-119.8014,34.5136],[-119.8016,34.5136],[-119.8018,34.5136],[-119.802,34.5138],[-119.8022,34.514],[-119.8023,34.5141],[-119.8025,34.5141],[-119.8027,34.5143],[-119.8029,34.5143],[-119.803,34.5143],[-119.8031,34.5143],[-119.8033,34.5141],[-119.8036,34.5139],[-119.8038,34.5138],[-119.8039,34.5137],[-119.804,34.5135],[-119.8042,34.5131],[-119.8043,34.513],[-119.8043,34.5129],[-119.8043,34.5128],[-119.8042,34.5124],[-119.8042,34.5123],[-119.8041,34.5122],[-119.8041,34.5121],[-119.8043,34.5121],[-119.8046,34.512],[-119.805,34.5119],[-119.8054,34.5116],[-119.8055,34.5114],[-119.8056,34.5112],[-119.8056,34.5111],[-119.8057,34.5109],[-119.8058,34.5108],[-119.806,34.5109],[-119.8064,34.5109],[-119.8067,34.511],[-119.807,34.5109],[-119.8072,34.511],[-119.8076,34.511],[-119.8079,34.511],[-119.8081,34.511],[-119.8085,34.5111],[-119.8087,34.5112],[-119.809,34.5113],[-119.8091,34.5114],[-119.8093,34.5115],[-119.8095,34.5116],[-119.8096,34.5117],[-119.8097,34.5118],[-119.8097,34.512],[-119.8097,34.5121],[-119.8098,34.5122],[-119.8099,34.5122],[-119.8099,34.5121],[-119.81,34.5119],[-119.8102,34.5118],[-119.8103,34.5117],[-119.8103,34.5116],[-119.8101,34.5115],[-119.81,34.5114],[-119.8099,34.5113],[-119.8099,34.5112],[-119.81,34.5111],[-119.8102,34.5109],[-119.8104,34.5109],[-119.8106,34.5109],[-119.8108,34.511],[-119.8111,34.5109],[-119.8113,34.5109],[-119.8115,34.5109],[-119.8117,34.511],[-119.812,34.5111],[-119.8121,34.5112],[-119.8123,34.5111],[-119.8126,34.5109],[-119.8128,34.5109],[-119.8129,34.5109],[-119.813,34.511],[-119.8132,34.5111],[-119.8135,34.511],[-119.8136,34.5111],[-119.8138,34.5111],[-119.814,34.5112],[-119.8141,34.5112],[-119.8143,34.5111],[-119.8144,34.511],[-119.8145,34.511],[-119.8148,34.5111],[-119.8149,34.5111],[-119.815,34.511],[-119.8153,34.5108],[-119.8154,34.5108],[-119.8155,34.5108],[-119.8156,34.5109],[-119.8159,34.5111],[-119.816,34.5112],[-119.8162,34.5114],[-119.8162,34.5115],[-119.8163,34.5116],[-119.8165,34.5115],[-119.8169,34.5115],[-119.8171,34.5114],[-119.8172,34.5114],[-119.8174,34.5113],[-119.8175,34.5113],[-119.8177,34.5114],[-119.8177,34.5115],[-119.8178,34.5116],[-119.8178,34.5117],[-119.8179,34.5118],[-119.8181,34.5119],[-119.8182,34.5118],[-119.8183,34.5118],[-119.8183,34.5117],[-119.8183,34.5116],[-119.8182,34.5115],[-119.8182,34.5114],[-119.8183,34.5114],[-119.8185,34.5113],[-119.8188,34.5114],[-119.819,34.5114],[-119.8192,34.5115],[-119.8195,34.5116],[-119.8197,34.5117],[-119.8199,34.5117],[-119.8202,34.5117],[-119.8204,34.5117],[-119.8207,34.5116],[-119.8209,34.5116],[-119.8212,34.5116],[-119.8216,34.5116],[-119.8218,34.5116],[-119.822,34.5116],[-119.8222,34.5116],[-119.8225,34.5114],[-119.8226,34.5111],[-119.8226,34.511],[-119.8225,34.5107],[-119.8225,34.5106],[-119.8225,34.5103],[-119.8227,34.5101],[-119.8228,34.51],[-119.823,34.5099]]}},{"type":"Feature","properties":{"id":"5N18A","name":"FREMONT CG.","kind":"road","access":"plate","seasonal":false},"geometry":{"type":"LineString","coordinates":[[-119.8213,34.544],[-119.8213,34.5439],[-119.8213,34.5438],[-119.8214,34.5438],[-119.8215,34.5437],[-119.8216,34.5437],[-119.8217,34.5436],[-119.8218,34.5436],[-119.8219,34.5435],[-119.8219,34.5434],[-119.8218,34.5433],[-119.8218,34.5432],[-119.8217,34.5431],[-119.8216,34.5431],[-119.8216,34.543],[-119.8215,34.543],[-119.8214,34.543],[-119.8212,34.543],[-119.821,34.543],[-119.8209,34.5431],[-119.821,34.5431],[-119.821,34.5432],[-119.821,34.5433],[-119.8211,34.5433],[-119.8212,34.5434],[-119.8214,34.5434],[-119.8215,34.5433],[-119.8215,34.5431],[-119.8216,34.5431],[-119.8216,34.543]]}},{"type":"Feature","properties":{"id":"5N18P","name":"LIVE OAK DUA.","kind":"road","access":"plate","seasonal":true},"geometry":{"type":"LineString","coordinates":[[-119.7243,34.5353],[-119.7242,34.5353],[-119.7242,34.5354],[-119.7242,34.5355],[-119.7243,34.5355],[-119.7244,34.5355],[-119.7245,34.5355],[-119.7246,34.5354],[-119.7246,34.5353],[-119.7245,34.5353],[-119.7244,34.5353],[-119.7243,34.5354],[-119.7243,34.5355]]}},{"type":"Feature","properties":{"id":"7N07.5","name":"3 HAPPY CANYON","kind":"road","access":"plate","seasonal":false},"geometry":{"type":"LineString","coordinates":[[-119.9208,34.6746],[-119.921,34.6745],[-119.9212,34.6742],[-119.9213,34.674],[-119.9216,34.6739],[-119.9218,34.6738],[-119.9221,34.6737],[-119.9224,34.6737],[-119.9226,34.6738],[-119.9228,34.6738],[-119.9231,34.6737],[-119.9232,34.6737],[-119.9233,34.6737],[-119.9234,34.6737],[-119.9234,34.6735],[-119.9234,34.6732],[-119.9233,34.6726],[-119.9233,34.6723],[-119.9233,34.6722],[-119.9234,34.672],[-119.9235,34.6719],[-119.9236,34.6716],[-119.9237,34.6715],[-119.9238,34.6715],[-119.9239,34.6715],[-119.9242,34.6716],[-119.9243,34.6716],[-119.9244,34.6715],[-119.9246,34.6714],[-119.9249,34.6714],[-119.9253,34.6714],[-119.9254,34.6713],[-119.9256,34.6713],[-119.9258,34.6713],[-119.926,34.6712],[-119.9262,34.6711],[-119.9264,34.671],[-119.9265,34.6709],[-119.9267,34.6708],[-119.9269,34.6708],[-119.927,34.6708],[-119.9271,34.6709],[-119.9273,34.671],[-119.9275,34.671],[-119.9276,34.6711],[-119.9278,34.6711],[-119.928,34.671],[-119.9282,34.671],[-119.9285,34.671],[-119.9289,34.6709],[-119.9292,34.6707],[-119.9294,34.6707],[-119.9298,34.6706],[-119.9304,34.6704],[-119.9308,34.6702],[-119.9311,34.67],[-119.9314,34.6699],[-119.9317,34.6698],[-119.932,34.6698],[-119.9321,34.6697],[-119.9322,34.6696],[-119.9323,34.6696],[-119.9322,34.6693],[-119.9321,34.6691],[-119.9321,34.6688],[-119.9321,34.6686],[-119.9322,34.6683],[-119.9323,34.6681],[-119.9325,34.6681],[-119.9327,34.6682],[-119.933,34.6683],[-119.9333,34.6684],[-119.9335,34.6685],[-119.9336,34.6685],[-119.9342,34.6685],[-119.9343,34.6685],[-119.9344,34.6684],[-119.9346,34.6682],[-119.9348,34.6682],[-119.935,34.6681],[-119.9353,34.6681],[-119.9356,34.668],[-119.936,34.668],[-119.9362,34.6679],[-119.9366,34.6678],[-119.937,34.6677],[-119.9373,34.6677],[-119.9377,34.6678],[-119.9379,34.6679],[-119.9382,34.668],[-119.9383,34.6681],[-119.9386,34.6681],[-119.9389,34.668],[-119.9393,34.6677],[-119.9397,34.6676],[-119.9398,34.6674],[-119.94,34.6674],[-119.9404,34.6671],[-119.9408,34.6667],[-119.941,34.6665],[-119.9414,34.6662],[-119.9417,34.6659],[-119.942,34.6655],[-119.9424,34.6651],[-119.9428,34.6647],[-119.943,34.6645],[-119.9432,34.6643],[-119.9435,34.664],[-119.9436,34.6639],[-119.9438,34.6637],[-119.944,34.6634]]}},{"type":"Feature","properties":{"id":"5N18.2","name":"1 SANTA YNEZ RIVER ROAD","kind":"road","access":"plate","seasonal":true},"geometry":{"type":"LineString","coordinates":[[-119.7772,34.5462],[-119.7768,34.5462],[-119.7766,34.5461],[-119.7764,34.5461],[-119.7761,34.546],[-119.7759,34.546],[-119.7758,34.546],[-119.7756,34.546],[-119.7753,34.5458],[-119.775,34.5457],[-119.7746,34.5456],[-119.7744,34.5456],[-119.7743,34.5457],[-119.774,34.5459],[-119.7736,34.5461],[-119.7735,34.5461],[-119.7733,34.546],[-119.7731,34.5459],[-119.7729,34.5457],[-119.7725,34.5453],[-119.7723,34.545],[-119.7721,34.5448],[-119.7719,34.5444],[-119.7717,34.5444],[-119.771,34.5441],[-119.7705,34.5438],[-119.7702,34.5437],[-119.7698,34.5435],[-119.7694,34.5434],[-119.7691,34.5434],[-119.769,34.5432],[-119.7689,34.5432],[-119.7685,34.5431],[-119.7682,34.543],[-119.7679,34.5429],[-119.7674,34.5426],[-119.7671,34.5425],[-119.7659,34.5419],[-119.7656,34.5418],[-119.7652,34.5417],[-119.7648,34.5416],[-119.7642,34.5415],[-119.7637,34.5415],[-119.7634,34.5414],[-119.7631,34.5414],[-119.7625,34.5412],[-119.7623,34.5412],[-119.7618,34.5412],[-119.7613,34.541],[-119.7609,34.5409],[-119.7583,34.5418],[-119.758,34.5419],[-119.7577,34.5421],[-119.7575,34.5421],[-119.7572,34.5421],[-119.7569,34.5421],[-119.756,34.5418],[-119.7548,34.5413],[-119.7541,34.541],[-119.7539,34.5408],[-119.7533,34.5404],[-119.7523,34.5402],[-119.7522,34.5401],[-119.7515,34.5395],[-119.751,34.5394],[-119.7508,34.5393],[-119.7499,34.539],[-119.7497,34.5389],[-119.7494,34.5388],[-119.7492,34.5387],[-119.7488,34.5385],[-119.7483,34.5384],[-119.7478,34.5383],[-119.7472,34.5381],[-119.7468,34.5379],[-119.7464,34.5378],[-119.746,34.5378],[-119.7452,34.538],[-119.745,34.5381],[-119.7449,34.5382],[-119.7447,34.5384],[-119.7445,34.5385],[-119.7444,34.5387],[-119.744,34.5389],[-119.7433,34.5391],[-119.7429,34.5393],[-119.7427,34.5393],[-119.7424,34.5394],[-119.7422,34.5394],[-119.7419,34.5394],[-119.7411,34.5393],[-119.7402,34.5391],[-119.7396,34.5389],[-119.7392,34.5388],[-119.7386,34.5385],[-119.7381,34.5382],[-119.7378,34.538],[-119.7376,34.5379],[-119.7371,34.5375],[-119.7361,34.537],[-119.7355,34.5367],[-119.7351,34.5364],[-119.7337,34.5354],[-119.7329,34.5348],[-119.7317,34.5339],[-119.7313,34.5335],[-119.731,34.5333],[-119.7304,34.5329],[-119.7298,34.5325],[-119.7292,34.532],[-119.7287,34.5318],[-119.7282,34.5318],[-119.7277,34.5319],[-119.7272,34.5321],[-119.7268,34.5322],[-119.7264,34.5323],[-119.726,34.5324],[-119.7257,34.5326],[-119.7254,34.5329],[-119.7252,34.5332],[-119.7251,34.5337],[-119.7249,34.534],[-119.7246,34.5344],[-119.7244,34.5347],[-119.7242,34.5355],[-119.7241,34.5358],[-119.7238,34.5364],[-119.7233,34.5369],[-119.7232,34.5372],[-119.7233,34.5376],[-119.7233,34.5377],[-119.7234,34.5381],[-119.7234,34.5383],[-119.7234,34.5385],[-119.7232,34.5387],[-119.7227,34.5389],[-119.7218,34.5391],[-119.7214,34.5391],[-119.7213,34.5391],[-119.7211,34.5392],[-119.721,34.5393],[-119.7207,34.5394],[-119.7206,34.5393],[-119.7205,34.5392],[-119.7202,34.5389],[-119.72,34.5388],[-119.7196,34.5387],[-119.7194,34.5387],[-119.7191,34.5389],[-119.7188,34.5394],[-119.7187,34.5396],[-119.7182,34.5398],[-119.7176,34.5399],[-119.7172,34.54],[-119.7162,34.5399],[-119.7158,34.5398],[-119.7154,34.5398],[-119.7152,34.5396],[-119.7148,34.5389],[-119.7148,34.5387],[-119.7147,34.5379],[-119.7147,34.5377],[-119.7147,34.5374],[-119.7147,34.5369],[-119.7145,34.5363],[-119.7143,34.5358],[-119.7141,34.5354],[-119.7139,34.5351],[-119.7136,34.5349],[-119.7132,34.5349],[-119.7129,34.5348],[-119.7127,34.5346],[-119.7125,34.5344]]}},{"type":"Feature","properties":{"id":"5N15.1","name":"ROMERO CAMUESA","kind":"road","access":"plate","seasonal":true},"geometry":{"type":"LineString","coordinates":[[-119.5782,34.481],[-119.578,34.481],[-119.5779,34.481],[-119.5777,34.481],[-119.5776,34.4809],[-119.5773,34.4807],[-119.5771,34.4806],[-119.5769,34.4806],[-119.5767,34.4806],[-119.5764,34.4806],[-119.5763,34.4807],[-119.5762,34.4808],[-119.5761,34.4808],[-119.576,34.4808],[-119.5758,34.4807],[-119.5756,34.4807],[-119.5755,34.4808],[-119.5753,34.4808],[-119.5752,34.4809],[-119.575,34.481],[-119.5749,34.481],[-119.5747,34.4811],[-119.5745,34.4812],[-119.5744,34.4811],[-119.5743,34.4811],[-119.5743,34.4809],[-119.5741,34.4808],[-119.574,34.4808],[-119.5738,34.4808],[-119.5736,34.4807],[-119.5736,34.4806],[-119.5735,34.4805],[-119.5735,34.4803],[-119.5736,34.4801],[-119.5736,34.4799],[-119.5735,34.4798],[-119.5734,34.4798],[-119.5732,34.4798],[-119.5731,34.4798],[-119.5729,34.4798],[-119.5728,34.4798],[-119.5727,34.4797],[-119.5726,34.4797],[-119.5725,34.4797],[-119.5724,34.4798],[-119.5724,34.4799],[-119.5723,34.4801],[-119.5722,34.4803],[-119.5721,34.4805],[-119.572,34.4807],[-119.5718,34.4809],[-119.5716,34.481],[-119.5713,34.4811],[-119.5711,34.4812],[-119.5708,34.4814],[-119.5706,34.4815],[-119.5703,34.4816],[-119.5699,34.4817],[-119.5696,34.4818],[-119.5694,34.4818],[-119.5693,34.4817],[-119.5691,34.4816],[-119.5688,34.4814],[-119.5686,34.4811],[-119.5682,34.4808],[-119.5679,34.4806],[-119.5677,34.4805],[-119.5676,34.4804],[-119.5676,34.4803],[-119.5676,34.4802],[-119.5675,34.4801],[-119.5675,34.48],[-119.5675,34.4796],[-119.5675,34.4793],[-119.5675,34.4792],[-119.5675,34.4791],[-119.5674,34.4789],[-119.5672,34.4788],[-119.5671,34.4787],[-119.5672,34.4784],[-119.5673,34.4781],[-119.5674,34.4778],[-119.5675,34.4775],[-119.5675,34.4773],[-119.5674,34.4771],[-119.5674,34.477],[-119.5673,34.477],[-119.5672,34.4771],[-119.5671,34.4771],[-119.5669,34.4773],[-119.5668,34.4774],[-119.5667,34.4777],[-119.5666,34.4778],[-119.5664,34.4779],[-119.5663,34.4781],[-119.5663,34.4783],[-119.5662,34.4785],[-119.5662,34.4788],[-119.5661,34.4789],[-119.5659,34.4791],[-119.5658,34.4792],[-119.5658,34.4794],[-119.5657,34.4796],[-119.5656,34.4797],[-119.5654,34.4797],[-119.5651,34.4797],[-119.5647,34.4797],[-119.5644,34.4797],[-119.5641,34.4798],[-119.564,34.4799],[-119.564,34.48],[-119.5641,34.48],[-119.5645,34.4802],[-119.5649,34.4805],[-119.565,34.4807],[-119.5651,34.4808],[-119.5654,34.481],[-119.5657,34.4811],[-119.5657,34.4812],[-119.5658,34.4813],[-119.5658,34.4815],[-119.5659,34.4817],[-119.566,34.4818],[-119.5662,34.482],[-119.5662,34.4821],[-119.5662,34.4822],[-119.566,34.4824],[-119.5659,34.4825],[-119.5656,34.4827],[-119.5655,34.4828],[-119.5655,34.483],[-119.5656,34.4831],[-119.5658,34.4833],[-119.5659,34.4834],[-119.5659,34.4836],[-119.566,34.4838],[-119.5661,34.4839],[-119.5663,34.4841],[-119.5663,34.4842],[-119.5662,34.4844],[-119.566,34.4846],[-119.566,34.4847],[-119.5662,34.4848],[-119.5665,34.485],[-119.5667,34.4852],[-119.5667,34.4853],[-119.5666,34.4855],[-119.5663,34.4855],[-119.5661,34.4856],[-119.5659,34.4856],[-119.5658,34.4857],[-119.5655,34.4856],[-119.5653,34.4856],[-119.5652,34.4857],[-119.565,34.4858],[-119.5648,34.4859],[-119.5646,34.4859],[-119.5644,34.4859],[-119.5642,34.486],[-119.5639,34.486],[-119.5638,34.486],[-119.5635,34.4859],[-119.5633,34.486],[-119.5632,34.486],[-119.5631,34.4861],[-119.563,34.486],[-119.5628,34.4859],[-119.5626,34.4858],[-119.5625,34.4857],[-119.5624,34.4858],[-119.5623,34.4859],[-119.5623,34.4861],[-119.5623,34.4862],[-119.5621,34.4863],[-119.5619,34.4864],[-119.5616,34.4864],[-119.5613,34.4864],[-119.5609,34.4864],[-119.5606,34.4864],[-119.5603,34.4863],[-119.5601,34.4862],[-119.56,34.4863],[-119.5599,34.4865],[-119.5597,34.4866],[-119.5596,34.4866],[-119.5593,34.4866],[-119.5589,34.4865],[-119.5584,34.4864],[-119.5581,34.4864],[-119.5578,34.4864],[-119.5575,34.4863],[-119.5572,34.4864],[-119.5569,34.4864],[-119.5567,34.4863],[-119.5565,34.4861],[-119.5562,34.4859],[-119.5559,34.4858],[-119.5557,34.4857],[-119.5555,34.4857],[-119.5554,34.4857],[-119.5552,34.4858],[-119.5549,34.486],[-119.5547,34.4861],[-119.5545,34.4861],[-119.5542,34.486],[-119.554,34.486],[-119.5538,34.4861],[-119.5535,34.4862],[-119.5534,34.4862],[-119.5531,34.4862],[-119.5527,34.486],[-119.5522,34.4859],[-119.5519,34.4858],[-119.5516,34.4858],[-119.5514,34.4859],[-119.5513,34.4861],[-119.5511,34.4862],[-119.5509,34.4863],[-119.5508,34.4863],[-119.5507,34.4864],[-119.551,34.4866],[-119.5512,34.4867],[-119.5514,34.4868],[-119.5515,34.4869],[-119.5515,34.4872],[-119.5514,34.4874],[-119.5513,34.4876],[-119.5512,34.4878],[-119.551,34.4879],[-119.5509,34.4879],[-119.5507,34.4878],[-119.5506,34.4876],[-119.5505,34.4876],[-119.5504,34.4877],[-119.5504,34.488],[-119.5503,34.4882],[-119.5503,34.4883],[-119.5501,34.4884],[-119.5497,34.4885],[-119.5494,34.4886],[-119.5492,34.4885],[-119.549,34.4883],[-119.5489,34.4881],[-119.5487,34.4879],[-119.5487,34.4877],[-119.5485,34.4876],[-119.5484,34.4875],[-119.5482,34.4874],[-119.5481,34.4873],[-119.548,34.4872],[-119.5477,34.4871],[-119.5474,34.4871],[-119.5472,34.487],[-119.5471,34.4869],[-119.5469,34.4869],[-119.5467,34.4871],[-119.5466,34.4873],[-119.5466,34.4876],[-119.5466,34.4879],[-119.5465,34.4882],[-119.5464,34.4884],[-119.5463,34.4885],[-119.5462,34.4886],[-119.5461,34.4885],[-119.546,34.4884],[-119.5461,34.4881],[-119.5461,34.4878],[-119.5461,34.4877],[-119.5459,34.4877],[-119.5458,34.4878],[-119.5455,34.4879],[-119.5454,34.488],[-119.5452,34.488],[-119.545,34.4879],[-119.5448,34.4876],[-119.5445,34.4873],[-119.5442,34.4871],[-119.5439,34.4869],[-119.5436,34.4868],[-119.5433,34.4867],[-119.543,34.4866],[-119.5427,34.4866],[-119.5423,34.4866],[-119.5419,34.4866],[-119.5414,34.4867],[-119.541,34.4867],[-119.5407,34.4867],[-119.5406,34.4868],[-119.5405,34.487],[-119.5404,34.4871],[-119.5405,34.4873],[-119.5408,34.4875],[-119.541,34.4876],[-119.5414,34.4878],[-119.5417,34.488],[-119.5421,34.4882],[-119.5425,34.4883],[-119.5428,34.4885],[-119.5432,34.4887],[-119.5436,34.489],[-119.5438,34.4892],[-119.544,34.4895],[-119.5441,34.4898],[-119.5443,34.4902],[-119.5444,34.4904],[-119.5445,34.4907],[-119.5448,34.4911],[-119.545,34.4914],[-119.5453,34.4917],[-119.5456,34.4918],[-119.5458,34.4918],[-119.5461,34.4918],[-119.5464,34.4917],[-119.5467,34.4915],[-119.5472,34.4913],[-119.5477,34.4912],[-119.548,34.4911],[-119.5484,34.4912],[-119.5486,34.4913],[-119.5489,34.4915],[-119.5494,34.4918],[-119.5499,34.4922],[-119.5504,34.4926],[-119.5507,34.4928],[-119.551,34.4928],[-119.5514,34.4927],[-119.5516,34.4927],[-119.5517,34.4928],[-119.5517,34.493],[-119.5516,34.4931],[-119.5516,34.4933],[-119.5515,34.4935],[-119.5516,34.4937],[-119.5518,34.4942],[-119.552,34.4945],[-119.5522,34.4947],[-119.5525,34.4949],[-119.5529,34.4951],[-119.5532,34.4952],[-119.5534,34.4953],[-119.5536,34.4955],[-119.554,34.4958],[-119.5543,34.496],[-119.5545,34.4961],[-119.5547,34.496],[-119.5549,34.4959],[-119.5552,34.4956],[-119.5555,34.4954],[-119.5557,34.4953],[-119.5559,34.4953],[-119.5561,34.4954],[-119.5563,34.4956],[-119.5563,34.4957],[-119.5563,34.496],[-119.5563,34.4962],[-119.5564,34.4965],[-119.5565,34.4968],[-119.5567,34.497],[-119.5567,34.4971],[-119.5568,34.4973],[-119.5568,34.4975],[-119.557,34.4975],[-119.5573,34.4975],[-119.5575,34.4974],[-119.5576,34.4972],[-119.5577,34.4971],[-119.5579,34.4972],[-119.5579,34.4973],[-119.5579,34.4974],[-119.5579,34.4977],[-119.5578,34.498],[-119.5579,34.4981],[-119.558,34.4981],[-119.5583,34.4981],[-119.5586,34.4982],[-119.5589,34.4983],[-119.5593,34.4985],[-119.5596,34.4988],[-119.56,34.4991],[-119.5601,34.4993],[-119.5601,34.4995],[-119.5602,34.4998],[-119.5603,34.4999],[-119.5606,34.5],[-119.5608,34.5001],[-119.561,34.5002],[-119.5612,34.5004],[-119.5614,34.5007],[-119.5616,34.501],[-119.5618,34.5012],[-119.5621,34.5014],[-119.5624,34.5016],[-119.5629,34.5018],[-119.5632,34.5019],[-119.5635,34.502],[-119.5641,34.5022],[-119.5647,34.5024],[-119.5651,34.5025],[-119.5655,34.5026],[-119.566,34.5028],[-119.5663,34.5028],[-119.5667,34.5029],[-119.5672,34.5031],[-119.5677,34.5033],[-119.5681,34.5034],[-119.5683,34.5035],[-119.5686,34.5036],[-119.569,34.5037],[-119.5694,34.5037],[-119.5698,34.5038],[-119.5701,34.5039],[-119.5705,34.504],[-119.571,34.5041],[-119.5713,34.5042],[-119.5716,34.5044],[-119.5719,34.5046],[-119.5723,34.5047],[-119.5727,34.505],[-119.5731,34.5053],[-119.5734,34.5055],[-119.5736,34.5057],[-119.5739,34.5059],[-119.5743,34.5061],[-119.5745,34.5063],[-119.5748,34.5066],[-119.5751,34.5068],[-119.5753,34.5071],[-119.5756,34.5073],[-119.5764,34.5078],[-119.577,34.5083],[-119.5773,34.5085],[-119.5776,34.5087],[-119.5779,34.5089],[-119.5782,34.5091],[-119.5783,34.5092],[-119.5785,34.5093],[-119.5785,34.5094],[-119.5788,34.5097],[-119.5789,34.51],[-119.5791,34.5105],[-119.5792,34.5108],[-119.5792,34.5109],[-119.5793,34.5112],[-119.5795,34.5116],[-119.5799,34.5119],[-119.5803,34.5121],[-119.5814,34.5126],[-119.5817,34.5127],[-119.5822,34.5128],[-119.5827,34.5129],[-119.5832,34.5129],[-119.5835,34.5129],[-119.5838,34.5129],[-119.5839,34.5128],[-119.584,34.5127],[-119.5841,34.5125],[-119.5842,34.5124],[-119.5843,34.5123],[-119.5844,34.5123],[-119.5847,34.5123],[-119.5851,34.5123],[-119.5856,34.5124],[-119.5858,34.5126],[-119.5858,34.5127],[-119.5858,34.5128],[-119.5857,34.5129],[-119.5857,34.5131],[-119.5857,34.5132],[-119.5857,34.5134],[-119.5859,34.5135],[-119.586,34.5136],[-119.5862,34.5136],[-119.5863,34.5135],[-119.5864,34.5134],[-119.5865,34.513],[-119.5866,34.5129],[-119.5867,34.5128],[-119.5868,34.5128],[-119.587,34.5128],[-119.5872,34.5129],[-119.5875,34.513],[-119.5876,34.513],[-119.5878,34.5131],[-119.5883,34.5133],[-119.5887,34.5135],[-119.5889,34.5137],[-119.5893,34.5139],[-119.5897,34.5141],[-119.5905,34.5146],[-119.5906,34.5146],[-119.5911,34.5146],[-119.5915,34.5146],[-119.592,34.5145],[-119.5921,34.5145],[-119.5921,34.5144],[-119.5921,34.5145],[-119.5922,34.5145],[-119.5923,34.5144],[-119.5926,34.5142],[-119.5928,34.5141],[-119.5931,34.5139],[-119.5934,34.5138],[-119.5937,34.5137],[-119.5942,34.5136],[-119.5946,34.5136],[-119.5949,34.5136],[-119.5952,34.5137],[-119.5955,34.5138],[-119.5958,34.5139],[-119.5963,34.514],[-119.5966,34.514],[-119.5971,34.514],[-119.5978,34.5139],[-119.5982,34.514],[-119.5985,34.514],[-119.5987,34.514],[-119.5989,34.5139],[-119.5991,34.5138],[-119.5994,34.5137],[-119.6004,34.5133],[-119.6008,34.5132],[-119.601,34.5132],[-119.6012,34.5132],[-119.6014,34.5132],[-119.6019,34.5133],[-119.6022,34.5133],[-119.6023,34.5132],[-119.6023,34.5131],[-119.6023,34.513],[-119.6022,34.5129],[-119.602,34.5128],[-119.6019,34.5127],[-119.6017,34.5126],[-119.6016,34.5125],[-119.6016,34.5124],[-119.6017,34.5123],[-119.6018,34.5123],[-119.602,34.5124],[-119.6026,34.5127],[-119.6029,34.5127],[-119.6033,34.5128],[-119.6036,34.5129],[-119.6038,34.513],[-119.604,34.513],[-119.6042,34.5131],[-119.6043,34.5131],[-119.6045,34.513],[-119.6047,34.513],[-119.605,34.513],[-119.6054,34.513],[-119.6055,34.5131],[-119.6056,34.5132],[-119.6057,34.5133],[-119.6064,34.5141],[-119.6065,34.5142],[-119.6066,34.5143],[-119.6067,34.5144],[-119.6069,34.5144],[-119.607,34.5144],[-119.6072,34.5145],[-119.6074,34.5146],[-119.6076,34.5147],[-119.6079,34.5148],[-119.608,34.5149],[-119.6081,34.5149],[-119.6082,34.5148],[-119.6083,34.5148],[-119.6085,34.5147],[-119.6086,34.5147],[-119.6088,34.5147],[-119.6093,34.5147],[-119.6096,34.5148],[-119.6098,34.5148],[-119.6098,34.5149],[-119.6098,34.515],[-119.6098,34.5151],[-119.6099,34.5152],[-119.61,34.5152],[-119.6101,34.5152],[-119.6102,34.5152],[-119.6104,34.5151],[-119.6105,34.515],[-119.6106,34.5148],[-119.6107,34.5148],[-119.6108,34.5147],[-119.6109,34.5147],[-119.6112,34.5147],[-119.6113,34.5147],[-119.6113,34.5146],[-119.6112,34.5145],[-119.6112,34.5144],[-119.6112,34.5143],[-119.6113,34.5142],[-119.6114,34.5142],[-119.6119,34.5143],[-119.6122,34.5144],[-119.6123,34.5145],[-119.6123,34.5146],[-119.6123,34.5148],[-119.6123,34.5149],[-119.6124,34.5149],[-119.6125,34.5149],[-119.6126,34.5148],[-119.6127,34.5148],[-119.6128,34.5147],[-119.613,34.5147],[-119.6131,34.5146],[-119.6134,34.5147],[-119.6136,34.5147],[-119.6137,34.5148],[-119.6138,34.5149],[-119.6139,34.5151],[-119.6139,34.5152],[-119.6139,34.5153],[-119.6138,34.5154],[-119.6138,34.5155],[-119.6138,34.5156],[-119.6138,34.5157],[-119.6139,34.5158],[-119.614,34.5159],[-119.6141,34.5159],[-119.6142,34.5158],[-119.6143,34.5156],[-119.6144,34.5155],[-119.6145,34.5154],[-119.6146,34.5154],[-119.6155,34.5154],[-119.6157,34.5154],[-119.6158,34.5154],[-119.6159,34.5155],[-119.616,34.5156],[-119.6162,34.516],[-119.6163,34.516],[-119.6164,34.5161],[-119.6165,34.5162],[-119.6166,34.5163],[-119.6167,34.5163],[-119.6169,34.5163],[-119.617,34.5163],[-119.6172,34.5163],[-119.6173,34.5164],[-119.6174,34.5165],[-119.6175,34.5166],[-119.6175,34.5167],[-119.6175,34.5168],[-119.6175,34.5169],[-119.6175,34.517],[-119.6175,34.5172],[-119.6179,34.5175],[-119.6181,34.5176],[-119.6182,34.5176],[-119.6183,34.5177],[-119.6184,34.5178],[-119.6184,34.5179],[-119.6184,34.518],[-119.6184,34.5181],[-119.6184,34.5182],[-119.6184,34.5184],[-119.6185,34.5185],[-119.6186,34.5185],[-119.6192,34.5186],[-119.6192,34.5187],[-119.6193,34.5188],[-119.6194,34.5188],[-119.6194,34.5189],[-119.6195,34.519],[-119.6196,34.5191],[-119.6197,34.5191],[-119.6198,34.5191],[-119.6199,34.5192],[-119.62,34.5192],[-119.62,34.5193],[-119.62,34.5194],[-119.62,34.5195],[-119.6201,34.5196],[-119.6202,34.5198],[-119.6204,34.5198],[-119.6205,34.5199],[-119.6207,34.5198],[-119.6208,34.5197],[-119.6209,34.5197],[-119.6211,34.5197],[-119.6213,34.5197],[-119.6216,34.5198],[-119.6217,34.5198],[-119.6218,34.5198],[-119.6219,34.5198],[-119.622,34.5197],[-119.6221,34.5197],[-119.6223,34.5198],[-119.6224,34.5197],[-119.6225,34.5197],[-119.6227,34.5196],[-119.6228,34.5196],[-119.6229,34.5196],[-119.623,34.5196],[-119.6232,34.5196],[-119.6233,34.5196],[-119.6235,34.5197],[-119.6236,34.5198],[-119.6237,34.5198],[-119.6238,34.5199],[-119.6239,34.52],[-119.624,34.52],[-119.6241,34.52],[-119.6241,34.5201],[-119.624,34.5202],[-119.6239,34.5202],[-119.6238,34.5202],[-119.6237,34.5202],[-119.6235,34.5201],[-119.6234,34.5202],[-119.6233,34.5202],[-119.6232,34.5203],[-119.6231,34.5204],[-119.6231,34.5205],[-119.6231,34.5207],[-119.623,34.5208],[-119.6229,34.521],[-119.6229,34.5211],[-119.6229,34.5212],[-119.6229,34.5213],[-119.623,34.5213],[-119.6231,34.5213],[-119.6232,34.5212],[-119.6233,34.5212],[-119.6234,34.5212],[-119.6235,34.5213],[-119.6235,34.5214],[-119.6234,34.5214],[-119.6233,34.5215],[-119.6233,34.5216],[-119.6232,34.5217],[-119.6233,34.5219],[-119.6233,34.522],[-119.6234,34.5221],[-119.6235,34.5221],[-119.6236,34.5222],[-119.6236,34.5223],[-119.6236,34.5225],[-119.6236,34.5226],[-119.6236,34.5227],[-119.6237,34.5228],[-119.6239,34.5228],[-119.6241,34.5229],[-119.6242,34.523],[-119.6243,34.5231],[-119.6245,34.5233],[-119.6246,34.5235],[-119.6246,34.5237],[-119.6247,34.5239],[-119.6249,34.5241],[-119.6251,34.5242],[-119.6253,34.5244],[-119.6256,34.5246],[-119.6256,34.5247],[-119.6255,34.5248],[-119.6253,34.5248],[-119.6251,34.5249],[-119.6249,34.5249],[-119.6247,34.525],[-119.6246,34.525],[-119.6246,34.5251],[-119.6248,34.5252],[-119.6249,34.5252],[-119.6251,34.5252],[-119.6253,34.5252],[-119.6257,34.5252],[-119.6258,34.5251],[-119.626,34.5252],[-119.6261,34.5253],[-119.6261,34.5254],[-119.6262,34.5255],[-119.6262,34.5256],[-119.6261,34.5258],[-119.6261,34.5259],[-119.6261,34.526],[-119.6261,34.5261],[-119.6262,34.5262],[-119.6262,34.5263],[-119.6263,34.5263],[-119.6264,34.5265],[-119.6265,34.5266],[-119.6267,34.5266],[-119.6268,34.5267],[-119.627,34.5267],[-119.6271,34.5268],[-119.6272,34.5269],[-119.6272,34.527],[-119.6271,34.527],[-119.627,34.5271],[-119.6269,34.5271],[-119.6269,34.5272],[-119.627,34.5273],[-119.6271,34.5274],[-119.6272,34.5274],[-119.6273,34.5275],[-119.6273,34.5276],[-119.6274,34.5276],[-119.6275,34.5277],[-119.6276,34.5277],[-119.6277,34.5278],[-119.6277,34.5279],[-119.6277,34.528],[-119.6278,34.5281],[-119.6278,34.5283],[-119.6278,34.5284],[-119.6279,34.5286],[-119.6278,34.5287],[-119.6278,34.5289],[-119.6279,34.5291],[-119.6279,34.5292],[-119.628,34.5293],[-119.6281,34.5294],[-119.6282,34.5295],[-119.6283,34.5296],[-119.6283,34.5297],[-119.6283,34.5299],[-119.6282,34.53],[-119.6281,34.5302],[-119.6281,34.5303],[-119.628,34.5305],[-119.6279,34.5307],[-119.6278,34.5309],[-119.6277,34.531],[-119.6276,34.5312],[-119.6276,34.5314],[-119.6276,34.5316],[-119.6276,34.5318],[-119.6276,34.532],[-119.6276,34.5322],[-119.6276,34.5323],[-119.6276,34.5324],[-119.6276,34.5326],[-119.6276,34.5328],[-119.6277,34.5329],[-119.6277,34.533],[-119.6278,34.5333],[-119.628,34.5336],[-119.6281,34.5339],[-119.6283,34.5342],[-119.6285,34.5344],[-119.6286,34.5346],[-119.6288,34.5348],[-119.6289,34.535],[-119.6291,34.5351],[-119.6292,34.5352],[-119.6295,34.5354],[-119.6299,34.5355],[-119.6302,34.5356],[-119.6304,34.5357],[-119.6306,34.5359],[-119.6306,34.536],[-119.6307,34.5361],[-119.6308,34.5361],[-119.6308,34.5362]]}},{"type":"Feature","properties":{"id":"5N15B","name":"LITTLE CALIENTE","kind":"road","access":"plate","seasonal":true},"geometry":{"type":"LineString","coordinates":[[-119.6277,34.533],[-119.6276,34.5334],[-119.6274,34.5337],[-119.6273,34.534],[-119.6272,34.5341],[-119.6269,34.5342],[-119.6266,34.5343],[-119.6263,34.5343],[-119.6261,34.5343],[-119.6258,34.5344],[-119.6256,34.5345],[-119.6253,34.5346],[-119.6251,34.5346],[-119.6249,34.5347],[-119.6247,34.5348],[-119.6244,34.5349],[-119.6242,34.535],[-119.624,34.5351],[-119.6237,34.5352],[-119.6234,34.5352],[-119.6231,34.5353],[-119.6227,34.5353],[-119.6224,34.5354],[-119.6221,34.5355],[-119.622,34.5356],[-119.6219,34.5356],[-119.6218,34.5358],[-119.6218,34.536],[-119.6217,34.5362],[-119.6217,34.5363],[-119.6216,34.5364],[-119.6214,34.5364],[-119.6213,34.5365],[-119.6211,34.5365],[-119.6208,34.5365],[-119.6206,34.5365],[-119.6205,34.5367],[-119.6203,34.5368],[-119.6201,34.537],[-119.6199,34.5372],[-119.6198,34.5375],[-119.6197,34.5377],[-119.6197,34.538],[-119.6198,34.5383],[-119.6198,34.5385],[-119.6198,34.5388],[-119.6199,34.5391],[-119.62,34.5393],[-119.6201,34.5394],[-119.6203,34.5395],[-119.6206,34.5396],[-119.6208,34.5398],[-119.6208,34.5399],[-119.6209,34.5401],[-119.6209,34.5402],[-119.621,34.5402],[-119.6213,34.5403]]}},{"type":"Feature","properties":{"id":"5N12B","name":"LA CUMBRE L.O.","kind":"road","access":"plate","seasonal":false},"geometry":{"type":"LineString","coordinates":[[-119.7141,34.4956],[-119.7141,34.4955],[-119.7141,34.4954],[-119.7141,34.4953],[-119.7141,34.4952],[-119.7141,34.4951],[-119.7141,34.495],[-119.7141,34.4949],[-119.714,34.4949],[-119.714,34.4948],[-119.714,34.4947],[-119.714,34.4946],[-119.7139,34.4946],[-119.7138,34.4946],[-119.7137,34.4947],[-119.7138,34.4948],[-119.7139,34.4948],[-119.7139,34.4949],[-119.7139,34.495],[-119.7138,34.495],[-119.7137,34.495],[-119.7136,34.4949],[-119.7137,34.4949],[-119.7137,34.4948],[-119.7136,34.4948],[-119.7135,34.4948],[-119.7134,34.4947],[-119.7133,34.4947],[-119.7132,34.4947],[-119.7131,34.4947],[-119.713,34.4947],[-119.7129,34.4948],[-119.7128,34.4947],[-119.7127,34.4946],[-119.7127,34.4945],[-119.7126,34.4945],[-119.7125,34.4945],[-119.7124,34.4946],[-119.7124,34.4947],[-119.7125,34.4948],[-119.7125,34.4949],[-119.7126,34.4949],[-119.7127,34.4949],[-119.7128,34.4949],[-119.7129,34.495],[-119.7131,34.495],[-119.7133,34.495],[-119.7134,34.495],[-119.7135,34.4951],[-119.7136,34.4951],[-119.7137,34.4952],[-119.7138,34.4953],[-119.7139,34.4953],[-119.7139,34.4954],[-119.714,34.4954]]}},{"type":"Feature","properties":{"id":"5N12.2","name":"EAST CAMINO","kind":"road","access":"green","seasonal":true},"geometry":{"type":"LineString","coordinates":[[-119.5782,34.481],[-119.5784,34.4809],[-119.5786,34.4809],[-119.5788,34.4808],[-119.579,34.4807],[-119.5791,34.4807],[-119.5793,34.4807],[-119.5797,34.4808],[-119.5799,34.4808],[-119.5803,34.4808],[-119.5807,34.4807],[-119.5809,34.4808],[-119.5809,34.4809],[-119.5809,34.4811],[-119.581,34.4813],[-119.5811,34.4814],[-119.5812,34.4814],[-119.5814,34.4814],[-119.5816,34.4813],[-119.582,34.4811],[-119.5824,34.4809],[-119.5828,34.4807],[-119.5831,34.4805],[-119.5836,34.4804],[-119.584,34.4804],[-119.5845,34.4804],[-119.5848,34.4803],[-119.585,34.4802],[-119.5851,34.4801],[-119.5852,34.4799],[-119.5853,34.4798],[-119.5854,34.4798],[-119.5856,34.4798],[-119.5858,34.48],[-119.5862,34.4802],[-119.5865,34.4803],[-119.5869,34.4804],[-119.5873,34.4804],[-119.5877,34.4804],[-119.5879,34.4804],[-119.5882,34.4803],[-119.5886,34.4802],[-119.5887,34.4802],[-119.589,34.4801],[-119.5893,34.4801],[-119.5894,34.4799],[-119.5896,34.4797],[-119.5896,34.4795],[-119.5896,34.4793],[-119.5897,34.4791],[-119.59,34.479],[-119.5904,34.4788],[-119.5907,34.4787],[-119.5909,34.4786],[-119.5911,34.4785],[-119.5913,34.4783],[-119.5916,34.4782],[-119.5918,34.4782],[-119.5921,34.4783],[-119.5923,34.4784],[-119.5926,34.4783],[-119.5929,34.4782],[-119.5931,34.4781],[-119.5932,34.4779],[-119.5934,34.4778],[-119.5935,34.4776],[-119.5938,34.4775],[-119.5941,34.4775],[-119.5946,34.4775],[-119.5948,34.4774],[-119.595,34.4774],[-119.5952,34.4773],[-119.5954,34.4773],[-119.5955,34.4773],[-119.5955,34.4771],[-119.5954,34.4768],[-119.5953,34.4766],[-119.5953,34.4765],[-119.5952,34.4763],[-119.5953,34.4763],[-119.5955,34.4761],[-119.5956,34.4761]]}},{"type":"Feature","properties":{"id":"8N09","name":"SUNSET VALLEY","kind":"road","access":"plate","seasonal":false},"geometry":{"type":"LineString","coordinates":[[-119.9196,34.7269],[-119.9197,34.727],[-119.9198,34.727],[-119.9199,34.7272],[-119.9199,34.7274],[-119.9198,34.7275],[-119.9197,34.7277],[-119.9196,34.7278],[-119.9196,34.7281],[-119.9197,34.7284],[-119.9198,34.7288],[-119.9198,34.7292],[-119.9198,34.7295],[-119.9199,34.7298],[-119.92,34.73],[-119.9201,34.7302],[-119.9203,34.7305],[-119.9204,34.7307],[-119.9204,34.7311],[-119.9205,34.7315],[-119.9206,34.7316],[-119.9207,34.7318],[-119.9209,34.732],[-119.921,34.7322],[-119.9212,34.7327],[-119.9213,34.7329],[-119.9214,34.733],[-119.9215,34.7331],[-119.9217,34.7333],[-119.9218,34.7334],[-119.922,34.7335],[-119.9223,34.7337],[-119.9228,34.7341],[-119.923,34.7343],[-119.9233,34.7346],[-119.9235,34.7349],[-119.9236,34.7351],[-119.9237,34.7354],[-119.9239,34.7355],[-119.9241,34.7357],[-119.9242,34.7359],[-119.9243,34.736],[-119.9244,34.7361],[-119.9245,34.7362],[-119.9245,34.7363],[-119.9246,34.7365],[-119.9246,34.7366],[-119.9246,34.7368],[-119.9246,34.7369],[-119.9248,34.7372],[-119.925,34.7375],[-119.9252,34.7377],[-119.9254,34.7378],[-119.9255,34.7379],[-119.9256,34.7381],[-119.9256,34.7382],[-119.9257,34.7384],[-119.9258,34.7385],[-119.9258,34.7386],[-119.9258,34.7387],[-119.9259,34.7388],[-119.926,34.7389],[-119.9261,34.739],[-119.9262,34.7392],[-119.9262,34.7393],[-119.9264,34.7395],[-119.9265,34.7396],[-119.9267,34.7397],[-119.9267,34.7398],[-119.9267,34.7399],[-119.9268,34.74],[-119.9267,34.7402],[-119.9267,34.7403],[-119.9267,34.7405],[-119.9267,34.7406],[-119.9268,34.7407],[-119.9269,34.7409],[-119.927,34.741],[-119.9271,34.7411],[-119.9271,34.7412],[-119.9271,34.7413],[-119.927,34.7414],[-119.9269,34.7416],[-119.9268,34.7417],[-119.9267,34.7419],[-119.9267,34.742],[-119.9266,34.7422],[-119.9265,34.7422],[-119.9262,34.7423],[-119.9261,34.7424],[-119.9261,34.7425],[-119.9261,34.7427],[-119.926,34.7429],[-119.9259,34.7431],[-119.9258,34.7431],[-119.9257,34.7432],[-119.9256,34.7433],[-119.9253,34.7432],[-119.9252,34.7433],[-119.925,34.7434],[-119.9249,34.7435],[-119.9248,34.7435],[-119.9248,34.7436],[-119.925,34.7437],[-119.9251,34.7438],[-119.9253,34.7439],[-119.9254,34.744],[-119.9257,34.7442],[-119.9257,34.7443],[-119.9256,34.7444],[-119.9256,34.7445],[-119.9255,34.7446],[-119.9256,34.7448],[-119.9256,34.7451],[-119.9257,34.7453],[-119.9257,34.7455],[-119.9256,34.7456],[-119.9256,34.7457],[-119.9255,34.7458],[-119.9253,34.7458],[-119.9251,34.7459],[-119.9249,34.746],[-119.9249,34.7461],[-119.9249,34.7463],[-119.9248,34.7464],[-119.9247,34.7465],[-119.9246,34.7465],[-119.9244,34.7466],[-119.9242,34.7468],[-119.9242,34.7469],[-119.9241,34.747],[-119.9241,34.7471],[-119.9241,34.7473],[-119.924,34.7474],[-119.9239,34.7476],[-119.9238,34.7477],[-119.9238,34.7478],[-119.9239,34.7479],[-119.924,34.7479],[-119.9242,34.748],[-119.9244,34.748],[-119.9247,34.748],[-119.9249,34.748],[-119.925,34.748],[-119.9252,34.7481],[-119.9252,34.7482],[-119.9253,34.7483],[-119.9253,34.7485],[-119.9253,34.7486],[-119.9255,34.7487],[-119.9257,34.7488],[-119.926,34.7488],[-119.9264,34.7488],[-119.9267,34.7487],[-119.927,34.7488],[-119.9272,34.7488],[-119.9276,34.7489],[-119.9278,34.7489],[-119.928,34.749],[-119.9282,34.7491],[-119.9283,34.7492],[-119.9286,34.7494],[-119.9287,34.7494],[-119.9291,34.7495],[-119.9293,34.7496],[-119.9295,34.7498],[-119.9297,34.7499],[-119.9299,34.7499],[-119.9301,34.75],[-119.9302,34.75],[-119.9303,34.7501],[-119.9304,34.7502],[-119.9305,34.7502],[-119.9306,34.7503],[-119.9307,34.7504],[-119.9307,34.7505],[-119.9308,34.7505],[-119.9309,34.7507],[-119.931,34.7508],[-119.9313,34.751],[-119.9313,34.7511],[-119.9314,34.7511],[-119.9316,34.7512],[-119.9317,34.7512],[-119.9318,34.7513],[-119.9319,34.7514],[-119.9319,34.7516],[-119.932,34.7518],[-119.932,34.7519],[-119.932,34.752],[-119.932,34.7521],[-119.932,34.7522],[-119.9319,34.7522],[-119.9318,34.7523],[-119.9317,34.7523],[-119.9316,34.7524],[-119.9316,34.7525],[-119.9315,34.7525],[-119.9315,34.7526],[-119.9316,34.7526],[-119.9316,34.7527],[-119.9317,34.7527],[-119.9318,34.7528],[-119.9319,34.7528],[-119.932,34.7529],[-119.9322,34.7529],[-119.9323,34.753],[-119.9324,34.753],[-119.9327,34.7531],[-119.9328,34.7531],[-119.9331,34.7532],[-119.9333,34.7532],[-119.9334,34.7532],[-119.9338,34.7532],[-119.934,34.7532],[-119.9341,34.7531],[-119.9342,34.7531],[-119.9344,34.7531],[-119.9346,34.7531],[-119.9348,34.7531],[-119.935,34.7531],[-119.9352,34.7531],[-119.9355,34.7531],[-119.9356,34.7531],[-119.9358,34.7531],[-119.936,34.7531],[-119.9362,34.7531],[-119.9364,34.7531],[-119.9365,34.7531],[-119.9367,34.7532],[-119.9368,34.7532],[-119.9369,34.7533],[-119.9371,34.7533],[-119.9372,34.7534],[-119.9374,34.7534],[-119.9376,34.7535],[-119.9378,34.7535],[-119.938,34.7535],[-119.9382,34.7535],[-119.9384,34.7535],[-119.9386,34.7536],[-119.9388,34.7536],[-119.939,34.7537],[-119.9393,34.7537],[-119.9396,34.7538],[-119.9397,34.7538],[-119.9399,34.7538],[-119.9401,34.7539],[-119.9403,34.7539],[-119.9404,34.7539],[-119.9406,34.7539],[-119.9407,34.754],[-119.9408,34.754],[-119.941,34.754],[-119.9411,34.754],[-119.9413,34.754],[-119.9415,34.754],[-119.9416,34.754],[-119.9417,34.754],[-119.9418,34.7539],[-119.9419,34.7539],[-119.942,34.7539],[-119.9421,34.7539],[-119.9422,34.7539],[-119.9423,34.7539],[-119.9424,34.7539],[-119.9425,34.7539],[-119.9428,34.7539],[-119.943,34.7539],[-119.9431,34.7539],[-119.9433,34.754],[-119.9436,34.754],[-119.9438,34.754],[-119.9439,34.754],[-119.9441,34.7541],[-119.9443,34.7541],[-119.9444,34.7542],[-119.9445,34.7542],[-119.9446,34.7543],[-119.9447,34.7543],[-119.9449,34.7544],[-119.945,34.7544],[-119.9451,34.7544],[-119.9452,34.7544],[-119.9454,34.7544],[-119.9455,34.7544],[-119.9457,34.7545],[-119.9458,34.7546],[-119.9459,34.7547],[-119.946,34.7547],[-119.9461,34.7548],[-119.9462,34.7548],[-119.9463,34.7548],[-119.9464,34.7549],[-119.9465,34.7549],[-119.9466,34.755],[-119.9467,34.755],[-119.9468,34.7551],[-119.9469,34.7551],[-119.9471,34.7551],[-119.9472,34.7551],[-119.9473,34.7552],[-119.9475,34.7552],[-119.9476,34.7552],[-119.9478,34.7552],[-119.9479,34.7552],[-119.948,34.7552],[-119.9481,34.7553],[-119.9482,34.7553],[-119.9483,34.7554],[-119.9484,34.7554],[-119.9484,34.7555],[-119.9485,34.7556],[-119.9485,34.7557],[-119.9486,34.7558],[-119.9487,34.7558],[-119.9487,34.7559],[-119.9488,34.756],[-119.9488,34.7561],[-119.9488,34.7562],[-119.9489,34.7562],[-119.9489,34.7563],[-119.949,34.7563],[-119.9491,34.7564],[-119.9492,34.7565],[-119.9492,34.7566],[-119.9493,34.7567],[-119.9494,34.757],[-119.9495,34.757],[-119.9496,34.7571],[-119.9497,34.7571],[-119.9498,34.7571],[-119.9499,34.7571],[-119.95,34.7571],[-119.9501,34.7571],[-119.9502,34.7572],[-119.9503,34.7574],[-119.9504,34.7574],[-119.9504,34.7575],[-119.9504,34.7576],[-119.9504,34.7577],[-119.9504,34.7578],[-119.9505,34.7578],[-119.9506,34.7579],[-119.9507,34.7579],[-119.9509,34.7579],[-119.951,34.7579],[-119.9511,34.7579],[-119.9513,34.7579],[-119.9514,34.7579],[-119.9515,34.758],[-119.9516,34.758],[-119.9517,34.7581],[-119.9518,34.7581],[-119.9519,34.7581],[-119.9521,34.7581],[-119.9522,34.7581],[-119.9523,34.7582],[-119.9524,34.7582],[-119.9525,34.7583],[-119.9526,34.7585],[-119.9527,34.7585],[-119.9528,34.7585],[-119.9529,34.7585],[-119.953,34.7585],[-119.9531,34.7585],[-119.9531,34.7584],[-119.9533,34.7584],[-119.9534,34.7583],[-119.9535,34.7583],[-119.9537,34.7582],[-119.9538,34.7583],[-119.954,34.7583],[-119.9541,34.7583],[-119.9542,34.7583],[-119.9543,34.7584],[-119.9544,34.7584],[-119.9545,34.7585],[-119.9546,34.7585],[-119.9546,34.7586],[-119.9547,34.7587],[-119.9548,34.7588],[-119.9549,34.759],[-119.9548,34.7592],[-119.9547,34.7593],[-119.9547,34.7594],[-119.9546,34.7595],[-119.9545,34.7596],[-119.9543,34.7597],[-119.9542,34.7597],[-119.9541,34.7598],[-119.9539,34.7599],[-119.9538,34.7601],[-119.9539,34.7603],[-119.9539,34.7604],[-119.9539,34.7605],[-119.954,34.7606],[-119.954,34.7607],[-119.954,34.7608],[-119.954,34.761],[-119.954,34.7611],[-119.954,34.7612],[-119.954,34.7613],[-119.954,34.7614],[-119.9539,34.7617],[-119.9538,34.7619],[-119.9536,34.7622],[-119.9535,34.7624],[-119.9534,34.7626],[-119.9533,34.7627],[-119.9531,34.763],[-119.9529,34.7632],[-119.9528,34.7633],[-119.9526,34.7634],[-119.9525,34.7634],[-119.9524,34.7635],[-119.9523,34.7635],[-119.9522,34.7635],[-119.9519,34.7635],[-119.9518,34.7635],[-119.9517,34.7635],[-119.9516,34.7635],[-119.9515,34.7636],[-119.9514,34.7637],[-119.9513,34.7637],[-119.9512,34.7638],[-119.9511,34.7638],[-119.951,34.7638],[-119.9509,34.7639],[-119.9507,34.7638],[-119.9506,34.7638],[-119.9504,34.7638],[-119.9503,34.7638],[-119.9501,34.7638],[-119.95,34.7638],[-119.9499,34.7638],[-119.9498,34.7639],[-119.9498,34.764],[-119.9497,34.7641],[-119.9497,34.7642],[-119.9497,34.7643],[-119.9497,34.7644],[-119.9497,34.7645],[-119.9496,34.7646],[-119.9495,34.7646],[-119.9494,34.7647],[-119.9493,34.7647],[-119.9491,34.7648],[-119.9489,34.7648],[-119.9486,34.7649],[-119.9485,34.765],[-119.9484,34.765],[-119.9484,34.7651],[-119.9484,34.7652],[-119.9483,34.7653],[-119.9482,34.7654],[-119.9482,34.7655],[-119.9482,34.7656],[-119.9481,34.7657],[-119.9482,34.7658],[-119.9482,34.7659],[-119.9483,34.766],[-119.9484,34.7661],[-119.9485,34.7663],[-119.9486,34.7664],[-119.9487,34.7665],[-119.9488,34.7666],[-119.9488,34.7667],[-119.9488,34.7668],[-119.9488,34.7669],[-119.9487,34.7671],[-119.9486,34.7672],[-119.9484,34.7672],[-119.9482,34.7672],[-119.9481,34.7672],[-119.948,34.7672],[-119.9478,34.7672],[-119.9477,34.7672],[-119.9476,34.7672],[-119.9476,34.7673],[-119.9475,34.7674],[-119.9476,34.7675],[-119.9476,34.7677],[-119.9475,34.7678],[-119.9475,34.768],[-119.9474,34.7681],[-119.9473,34.7682],[-119.9473,34.7683],[-119.9471,34.7684],[-119.947,34.7684],[-119.9468,34.7684],[-119.9467,34.7684],[-119.9466,34.7684],[-119.9465,34.7684],[-119.9464,34.7683],[-119.9463,34.7684],[-119.9462,34.7684],[-119.9461,34.7685],[-119.9461,34.7686],[-119.946,34.7688],[-119.9459,34.7689],[-119.9457,34.7691],[-119.9455,34.7692],[-119.9454,34.7693],[-119.9453,34.7694],[-119.9452,34.7695],[-119.9451,34.7696],[-119.945,34.7697],[-119.9451,34.7698],[-119.9451,34.7699],[-119.9451,34.77],[-119.9451,34.7701],[-119.9451,34.7702],[-119.9451,34.7703],[-119.9451,34.7704],[-119.9451,34.7705],[-119.945,34.7706],[-119.9449,34.7707],[-119.9449,34.7709],[-119.9448,34.771],[-119.9448,34.7711],[-119.9447,34.7713],[-119.9446,34.7714],[-119.9446,34.7715],[-119.9445,34.7715],[-119.9444,34.7716],[-119.9441,34.7717],[-119.944,34.7717],[-119.9438,34.7718],[-119.9437,34.7718],[-119.9435,34.7718],[-119.9433,34.7719],[-119.9432,34.7719],[-119.9431,34.7719],[-119.943,34.772],[-119.9429,34.772],[-119.9428,34.7721],[-119.9425,34.7721],[-119.9421,34.7721],[-119.942,34.7721],[-119.9415,34.772],[-119.9414,34.772],[-119.9413,34.7719],[-119.941,34.7718],[-119.9408,34.7718],[-119.9407,34.7717],[-119.9402,34.7715],[-119.9401,34.7714],[-119.94,34.7713],[-119.9398,34.7712],[-119.9397,34.7711],[-119.9396,34.7711],[-119.9394,34.771],[-119.9392,34.7709],[-119.939,34.7708],[-119.9388,34.7707],[-119.9387,34.7707],[-119.9385,34.7706],[-119.9383,34.7705],[-119.9382,34.7705],[-119.9381,34.7704],[-119.938,34.7704],[-119.9379,34.7704],[-119.9378,34.7704],[-119.9376,34.7704],[-119.9374,34.7703],[-119.9373,34.7702],[-119.9371,34.7701],[-119.9369,34.7701],[-119.9368,34.77],[-119.9367,34.7699],[-119.9366,34.7698],[-119.9362,34.7696]]}},{"type":"Feature","properties":{"id":"5N43B","name":"L.P. RESIDENCE","kind":"road","access":"plate","seasonal":false},"geometry":{"type":"LineString","coordinates":[[-119.7911,34.5449],[-119.7911,34.5448],[-119.7912,34.5448],[-119.7921,34.5446],[-119.7923,34.5446],[-119.7926,34.5445],[-119.7928,34.5445],[-119.7931,34.5445],[-119.7932,34.5445],[-119.7935,34.5445],[-119.7937,34.5446]]}},{"type":"Feature","properties":{"id":"5N18D","name":"REDROCK DUA.","kind":"road","access":"plate","seasonal":true},"geometry":{"type":"MultiLineString","coordinates":[[[-119.7178,34.5399],[-119.7178,34.54],[-119.7177,34.5401],[-119.7176,34.5402],[-119.7176,34.5403],[-119.7177,34.5404],[-119.7178,34.5404],[-119.7179,34.5403],[-119.718,34.5402],[-119.718,34.5401],[-119.7178,34.54]],[[-119.7187,34.5396],[-119.7188,34.5397],[-119.7187,34.5397],[-119.7187,34.5398],[-119.7187,34.5399],[-119.7186,34.5399],[-119.7185,34.5401],[-119.7183,34.5402],[-119.7181,34.5403],[-119.7181,34.5405],[-119.7182,34.5406],[-119.7185,34.5406],[-119.7187,34.5406],[-119.7189,34.5405],[-119.7189,34.5404],[-119.719,34.5401],[-119.719,34.54],[-119.7189,34.5398],[-119.7188,34.5398],[-119.719,34.5398],[-119.7192,34.5398],[-119.7193,34.5398],[-119.7195,34.5398],[-119.7198,34.5397],[-119.7199,34.5397],[-119.7199,34.5396],[-119.7199,34.5394],[-119.7198,34.5392],[-119.7197,34.5392],[-119.7193,34.5393],[-119.719,34.5395],[-119.7189,34.5397],[-119.7188,34.5398],[-119.7188,34.5397]]]}},{"type":"Feature","properties":{"id":"5N18L","name":"LOWER OSO DUA","kind":"road","access":"plate","seasonal":true},"geometry":{"type":"MultiLineString","coordinates":[[[-119.7748,34.5456],[-119.7748,34.5455],[-119.7747,34.5454],[-119.7748,34.5453],[-119.7748,34.5452],[-119.7748,34.5451],[-119.7749,34.5451],[-119.775,34.5451],[-119.7751,34.5452],[-119.7751,34.5453],[-119.7751,34.5455],[-119.775,34.5455],[-119.7749,34.5455],[-119.7748,34.5455]],[[-119.7758,34.546],[-119.7758,34.5459],[-119.7757,34.5458],[-119.7756,34.5457],[-119.7755,34.5457],[-119.7754,34.5458]],[[-119.7758,34.546],[-119.7758,34.5461],[-119.7758,34.5462],[-119.7764,34.5465],[-119.7766,34.5466],[-119.7768,34.5468],[-119.7768,34.5469],[-119.7768,34.547],[-119.7769,34.547],[-119.777,34.547],[-119.7771,34.547],[-119.777,34.5469],[-119.777,34.5468],[-119.7769,34.5467],[-119.7768,34.5467],[-119.7767,34.5467]]]}},{"type":"Feature","properties":{"id":"5N18.1","name":"PARADISE","kind":"road","access":"plate","seasonal":false},"geometry":{"type":"LineString","coordinates":[[-119.8577,34.5336],[-119.8576,34.5337],[-119.8575,34.5338],[-119.8573,34.5339],[-119.857,34.5339],[-119.8567,34.534],[-119.8558,34.534],[-119.8549,34.534],[-119.8546,34.534],[-119.8541,34.5341],[-119.8537,34.5342],[-119.8535,34.5342],[-119.8532,34.5344],[-119.853,34.5345],[-119.8529,34.5346],[-119.8526,34.5348],[-119.8523,34.5351],[-119.8521,34.5353],[-119.852,34.5355],[-119.8518,34.5357],[-119.8516,34.5359],[-119.8514,34.5361],[-119.8513,34.5363],[-119.8513,34.5364],[-119.8511,34.5367],[-119.851,34.5369],[-119.851,34.5372],[-119.851,34.5374],[-119.8509,34.5378],[-119.8509,34.538],[-119.8509,34.5384],[-119.8508,34.5387],[-119.8507,34.5391],[-119.8506,34.5393],[-119.8505,34.5395],[-119.8504,34.5397],[-119.8501,34.5399],[-119.8499,34.54],[-119.8496,34.5401],[-119.8494,34.5401],[-119.8491,34.5401],[-119.8488,34.5401],[-119.8482,34.5401],[-119.8478,34.5402],[-119.8474,34.5403],[-119.8473,34.5404],[-119.8471,34.5405],[-119.8469,34.5408],[-119.8468,34.5412],[-119.8466,34.5415],[-119.8464,34.5418],[-119.8463,34.5419],[-119.846,34.5421],[-119.8456,34.5423],[-119.8454,34.5424],[-119.8451,34.5426],[-119.8447,34.5428],[-119.8445,34.5429],[-119.8443,34.543],[-119.844,34.5432],[-119.8439,34.5432],[-119.8436,34.5433],[-119.8433,34.5435],[-119.8428,34.5437],[-119.8426,34.5438],[-119.8423,34.5439],[-119.8419,34.5439],[-119.8416,34.5439],[-119.8412,34.5439],[-119.8407,34.5439],[-119.8404,34.5439],[-119.84,34.544],[-119.8399,34.5439],[-119.8396,34.5439],[-119.8392,34.5438],[-119.839,34.5438],[-119.8387,34.5438],[-119.8385,34.5438],[-119.8383,34.5438],[-119.838,34.5439],[-119.8378,34.544],[-119.8375,34.5441],[-119.8372,34.5442],[-119.837,34.5443],[-119.8367,34.5444],[-119.8364,34.5445],[-119.8361,34.5445],[-119.8358,34.5445],[-119.8354,34.5446],[-119.835,34.5446],[-119.8346,34.5446],[-119.8344,34.5446],[-119.8341,34.5446],[-119.8337,34.5446],[-119.8333,34.5445],[-119.8331,34.5445],[-119.8326,34.5444],[-119.8321,34.5444],[-119.8318,34.5443],[-119.8315,34.5443],[-119.831,34.5443],[-119.8308,34.5443],[-119.8306,34.5442],[-119.8304,34.5441],[-119.8303,34.544],[-119.8299,34.5439],[-119.8296,34.5438],[-119.8293,34.5437],[-119.8291,34.5436],[-119.8288,34.5436],[-119.8286,34.5435],[-119.8283,34.5434],[-119.8281,34.5434],[-119.8278,34.5434],[-119.8275,34.5433],[-119.8272,34.5433],[-119.8269,34.5433],[-119.8265,34.5432],[-119.8262,34.5432],[-119.826,34.5432],[-119.8257,34.5432],[-119.8252,34.5433],[-119.8247,34.5434],[-119.8243,34.5434],[-119.824,34.5435],[-119.8234,34.5436],[-119.8231,34.5436],[-119.8229,34.5437],[-119.8226,34.5438],[-119.8221,34.5438],[-119.8218,34.5439],[-119.8215,34.544],[-119.8213,34.544],[-119.821,34.5441],[-119.8204,34.5442],[-119.8202,34.5442],[-119.82,34.5443],[-119.8197,34.5443],[-119.8193,34.5444],[-119.8191,34.5444],[-119.8188,34.5444],[-119.8184,34.5443],[-119.8182,34.5443],[-119.8179,34.5442],[-119.8177,34.5441],[-119.8174,34.5441],[-119.8172,34.544],[-119.817,34.544],[-119.8168,34.5439],[-119.8166,34.5438],[-119.8164,34.5438],[-119.8162,34.5437],[-119.8158,34.5436],[-119.8155,34.5435],[-119.8152,34.5434],[-119.8149,34.5432],[-119.8148,34.5432],[-119.8146,34.5431],[-119.8142,34.543],[-119.8137,34.5429],[-119.8132,34.5428],[-119.8127,34.5428],[-119.8125,34.5428],[-119.8122,34.5429],[-119.8119,34.5429],[-119.8117,34.543],[-119.8116,34.543],[-119.8113,34.5431],[-119.811,34.5431],[-119.8107,34.5431],[-119.8105,34.543],[-119.8103,34.543],[-119.81,34.543],[-119.8097,34.5429],[-119.8095,34.5429],[-119.8093,34.543],[-119.8091,34.5431],[-119.8087,34.5432],[-119.8084,34.5434],[-119.8082,34.5435],[-119.8079,34.5436],[-119.8076,34.5437],[-119.8073,34.5438],[-119.8071,34.5438],[-119.8068,34.5438],[-119.8064,34.5438],[-119.8061,34.5438],[-119.806,34.5438],[-119.8057,34.5438],[-119.8057,34.5437],[-119.8053,34.5437],[-119.805,34.5437],[-119.8045,34.5436],[-119.8041,34.5436],[-119.8039,34.5436],[-119.8038,34.5435],[-119.8036,34.5434],[-119.8035,34.5433],[-119.8033,34.543],[-119.803,34.5427],[-119.8028,34.5424],[-119.8025,34.5421],[-119.8024,34.542],[-119.8023,34.5418],[-119.8022,34.5417],[-119.802,34.5416],[-119.8018,34.5414],[-119.8016,34.5412],[-119.8013,34.541],[-119.801,34.5409],[-119.8007,34.5408],[-119.8004,34.5407],[-119.8,34.5405],[-119.7996,34.5403],[-119.7994,34.5402],[-119.7991,34.5402],[-119.7989,34.5401],[-119.7988,34.5401],[-119.7985,34.5401],[-119.7982,34.5401],[-119.7979,34.5402],[-119.7974,34.5403],[-119.7971,34.5403],[-119.7967,34.5404],[-119.7963,34.5405],[-119.796,34.5406],[-119.7958,34.5406],[-119.7954,34.5408],[-119.7953,34.5408],[-119.795,34.541],[-119.7949,34.5411],[-119.7947,34.5414],[-119.7946,34.5418],[-119.7945,34.542],[-119.7943,34.5423],[-119.7943,34.5424],[-119.7942,34.5426],[-119.7941,34.5428],[-119.7938,34.543],[-119.7934,34.5433],[-119.7933,34.5433],[-119.7929,34.5433],[-119.7926,34.5434],[-119.7923,34.5434],[-119.7917,34.5435],[-119.7913,34.5435],[-119.7909,34.5435],[-119.7906,34.5435],[-119.7901,34.5434],[-119.79,34.5434],[-119.7898,34.5433],[-119.7894,34.5433],[-119.7892,34.5432],[-119.7888,34.5431],[-119.7887,34.5429],[-119.7885,34.5428],[-119.7883,34.5427],[-119.7882,34.5426],[-119.7878,34.5423],[-119.7877,34.5422],[-119.7876,34.5422],[-119.7872,34.5419],[-119.7869,34.5416],[-119.7866,34.5415],[-119.7864,34.5414],[-119.7862,34.5412],[-119.7861,34.5411],[-119.786,34.541],[-119.7859,34.5408],[-119.7858,34.5407],[-119.7856,34.5404],[-119.7854,34.5402],[-119.7852,34.5401],[-119.7849,34.5399],[-119.7847,34.5399],[-119.7845,34.5398],[-119.7842,34.5398],[-119.7839,34.5398],[-119.7835,34.5399],[-119.783,34.5401],[-119.7827,34.5402],[-119.7824,34.5403],[-119.7823,34.5404],[-119.7821,34.5405],[-119.7819,34.5407],[-119.7818,34.541],[-119.7817,34.5412],[-119.7816,34.5414],[-119.7816,34.5416],[-119.7818,34.5421],[-119.7818,34.5423],[-119.7818,34.5425],[-119.7819,34.5426],[-119.7819,34.5428],[-119.7819,34.543],[-119.7819,34.5432],[-119.7818,34.5433],[-119.7818,34.5435],[-119.7817,34.5436],[-119.7816,34.5438],[-119.7814,34.544],[-119.7812,34.5442],[-119.7811,34.5443],[-119.7808,34.5445]]}},{"type":"Feature","properties":{"id":"5N18R","name":"1ST CROSSING D.U.A.","kind":"road","access":"plate","seasonal":true},"geometry":{"type":"MultiLineString","coordinates":[[[-119.7794,34.5458],[-119.7793,34.5458],[-119.7792,34.5458],[-119.7791,34.5458],[-119.779,34.5458],[-119.7789,34.5458],[-119.7788,34.5458],[-119.7787,34.5458],[-119.7787,34.5459],[-119.7786,34.5459],[-119.7786,34.546],[-119.7785,34.546]],[[-119.7787,34.5459],[-119.7788,34.5459],[-119.7789,34.546],[-119.779,34.546],[-119.7791,34.5461],[-119.7792,34.5461]],[[-119.7785,34.546],[-119.7785,34.5461],[-119.7786,34.5461],[-119.7785,34.5462],[-119.7784,34.5462],[-119.7783,34.5462],[-119.7782,34.5462],[-119.7781,34.5463],[-119.7782,34.5464],[-119.7783,34.5464],[-119.7784,34.5464],[-119.7785,34.5463],[-119.7786,34.5462],[-119.7787,34.5462],[-119.7788,34.5462],[-119.7789,34.5462],[-119.7789,34.5463],[-119.779,34.5462],[-119.7791,34.5462],[-119.7791,34.5461],[-119.7792,34.5461],[-119.7793,34.5462],[-119.7794,34.5463],[-119.7795,34.5463],[-119.7796,34.5464],[-119.7797,34.5464],[-119.7799,34.5464],[-119.78,34.5463],[-119.7801,34.5463],[-119.7801,34.5461],[-119.7801,34.546],[-119.78,34.546],[-119.7799,34.546],[-119.7798,34.5459],[-119.7797,34.5459],[-119.7796,34.5459],[-119.7795,34.5458],[-119.7794,34.5458],[-119.7794,34.5457],[-119.7795,34.5456],[-119.7796,34.5456],[-119.7797,34.5455],[-119.7798,34.5455],[-119.7799,34.5455],[-119.78,34.5455],[-119.7801,34.5455],[-119.7801,34.5454],[-119.7802,34.5454],[-119.7803,34.5454],[-119.7805,34.5454],[-119.7806,34.5454],[-119.7808,34.5454],[-119.781,34.5453],[-119.781,34.5452],[-119.7809,34.5452],[-119.7808,34.5452],[-119.7807,34.5452],[-119.7807,34.5453],[-119.7807,34.5454]]]}},{"type":"Feature","properties":{"id":"7N07B","name":"FIGUEROA C.G.","kind":"road","access":"plate","seasonal":false},"geometry":{"type":"MultiLineString","coordinates":[[[-119.9866,34.7341],[-119.9865,34.7341],[-119.9864,34.7341],[-119.9863,34.7341],[-119.9862,34.7341],[-119.9861,34.7341],[-119.9861,34.7342],[-119.9861,34.7343],[-119.9861,34.7344],[-119.9863,34.7344],[-119.9863,34.7345]],[[-119.9858,34.7346],[-119.9859,34.7346],[-119.9859,34.7345],[-119.986,34.7345],[-119.9861,34.7345],[-119.9862,34.7345],[-119.9863,34.7345],[-119.9864,34.7345],[-119.9865,34.7345],[-119.9865,34.7346],[-119.9866,34.7346],[-119.9867,34.7346],[-119.9868,34.7346],[-119.9869,34.7346],[-119.987,34.7346],[-119.9871,34.7346],[-119.9872,34.7346],[-119.9873,34.7346],[-119.9873,34.7345],[-119.9873,34.7344],[-119.9873,34.7343],[-119.9873,34.7342],[-119.9872,34.7341],[-119.9871,34.7341],[-119.9869,34.7341],[-119.9869,34.734],[-119.9868,34.734],[-119.9867,34.7341],[-119.9866,34.7341],[-119.9866,34.7342],[-119.9865,34.7342],[-119.9865,34.7343],[-119.9864,34.7344],[-119.9864,34.7345]]]}},{"type":"Feature","properties":{"id":"5N19.3","name":"2 WEST CAMINO","kind":"road","access":"plate","seasonal":false},"geometry":{"type":"LineString","coordinates":[[-119.9903,34.5305],[-119.9906,34.5305],[-119.9908,34.5305],[-119.9912,34.5305],[-119.9914,34.5305],[-119.9917,34.5306],[-119.9921,34.5308],[-119.9925,34.531],[-119.9928,34.5311],[-119.9931,34.5312],[-119.9932,34.5312],[-119.9934,34.5313],[-119.9937,34.5313],[-119.9938,34.5313],[-119.9941,34.5312],[-119.9942,34.5311],[-119.9945,34.5311],[-119.9947,34.5311],[-119.995,34.531],[-119.9951,34.531],[-119.9954,34.5309],[-119.9957,34.5309],[-119.9959,34.5308],[-119.9962,34.5307],[-119.9964,34.5306],[-119.9968,34.5305],[-119.997,34.5305],[-119.9971,34.5304],[-119.9973,34.5303],[-119.9975,34.5302],[-119.9977,34.5301],[-119.9982,34.53],[-119.9985,34.5299],[-119.9992,34.5299],[-119.9995,34.5299],[-119.9996,34.5299],[-119.9998,34.5298],[-120,34.5296],[-120.0001,34.5295],[-120.0003,34.5294],[-120.0005,34.5293],[-120.0007,34.5292],[-120.001,34.5291],[-120.0012,34.529],[-120.0013,34.5289],[-120.0015,34.5287],[-120.0018,34.5286],[-120.0019,34.5284],[-120.002,34.5283],[-120.0023,34.5283],[-120.0027,34.5284],[-120.0028,34.5284],[-120.003,34.5284],[-120.0034,34.5284],[-120.0036,34.5283],[-120.0038,34.5281],[-120.0039,34.528],[-120.0041,34.528],[-120.0043,34.528],[-120.0044,34.528],[-120.0047,34.5279],[-120.0048,34.5278],[-120.005,34.5278],[-120.0055,34.5278],[-120.006,34.5278],[-120.0064,34.5278],[-120.0067,34.5278],[-120.0068,34.5279],[-120.0071,34.528],[-120.0072,34.5281],[-120.0073,34.5282],[-120.0074,34.5284],[-120.0076,34.5285],[-120.0079,34.5286],[-120.0083,34.5287],[-120.0086,34.5287],[-120.0091,34.5288],[-120.0094,34.529],[-120.0096,34.5291],[-120.0097,34.5292],[-120.01,34.5294],[-120.0102,34.5296],[-120.0105,34.5297],[-120.0106,34.5298],[-120.0107,34.5299],[-120.0111,34.5299],[-120.0116,34.53],[-120.0117,34.5301],[-120.0118,34.5303],[-120.012,34.5305],[-120.0122,34.5306],[-120.0123,34.5306],[-120.0125,34.5306],[-120.0126,34.5307],[-120.0129,34.5309],[-120.013,34.531],[-120.0133,34.5311],[-120.0136,34.5313],[-120.0137,34.5314],[-120.014,34.5316],[-120.0141,34.5316],[-120.0143,34.5318],[-120.0147,34.532],[-120.0153,34.5322],[-120.0156,34.5324],[-120.0162,34.5326],[-120.0165,34.5327],[-120.0169,34.5329],[-120.017,34.5329],[-120.0173,34.5329],[-120.0178,34.5329],[-120.0179,34.533],[-120.0181,34.5329],[-120.0182,34.5331],[-120.0183,34.5332],[-120.0186,34.5333],[-120.0188,34.5333],[-120.0189,34.5333],[-120.019,34.5334],[-120.0191,34.5335],[-120.0193,34.5336],[-120.0194,34.5337],[-120.0197,34.5338],[-120.0198,34.5338],[-120.02,34.5339],[-120.0202,34.5339],[-120.0205,34.5339],[-120.0206,34.5339],[-120.0208,34.534],[-120.0211,34.534],[-120.0214,34.5342],[-120.0216,34.5342],[-120.0219,34.5343],[-120.022,34.5343],[-120.0221,34.5344],[-120.0222,34.5345],[-120.0224,34.5345],[-120.0225,34.5346],[-120.0227,34.5346],[-120.0228,34.5347],[-120.023,34.5347],[-120.0231,34.5348],[-120.0233,34.5348],[-120.0235,34.5348],[-120.0236,34.5347],[-120.0237,34.5346],[-120.0238,34.5344],[-120.0238,34.5343],[-120.0239,34.5341],[-120.024,34.5339],[-120.0242,34.5339],[-120.0244,34.5338],[-120.0246,34.5337],[-120.0247,34.5337],[-120.0248,34.5336],[-120.025,34.5335],[-120.0251,34.5334],[-120.0252,34.5334],[-120.0253,34.5334],[-120.0255,34.5334],[-120.0256,34.5334],[-120.0259,34.5335],[-120.026,34.5335],[-120.0262,34.5335],[-120.0263,34.5335],[-120.0265,34.5334],[-120.0266,34.5333],[-120.0267,34.5331],[-120.0267,34.533],[-120.0268,34.533],[-120.0269,34.5329],[-120.0271,34.5329],[-120.0272,34.5329],[-120.0274,34.533],[-120.0275,34.5331],[-120.0275,34.5332],[-120.0277,34.5332],[-120.0279,34.5332],[-120.028,34.5333],[-120.0282,34.5334],[-120.0283,34.5335],[-120.0284,34.5334],[-120.0286,34.5334],[-120.0288,34.5334],[-120.0291,34.5335],[-120.0293,34.5335],[-120.0295,34.5335],[-120.0297,34.5334],[-120.0297,34.5333],[-120.0298,34.5332],[-120.03,34.5332],[-120.0302,34.5332],[-120.0304,34.5334],[-120.0304,34.5335],[-120.0305,34.5335],[-120.0307,34.5336],[-120.0309,34.5336],[-120.0312,34.5337],[-120.0313,34.5338],[-120.0313,34.5339],[-120.0315,34.5339],[-120.0316,34.5339],[-120.0319,34.5339],[-120.0321,34.5339],[-120.0324,34.534],[-120.0325,34.534],[-120.0327,34.534],[-120.0329,34.534],[-120.0332,34.5339],[-120.0334,34.5339],[-120.0338,34.5339],[-120.0339,34.5339],[-120.0341,34.5339],[-120.0342,34.5337],[-120.0343,34.5336],[-120.0342,34.5334],[-120.0342,34.5333],[-120.034,34.5331],[-120.034,34.533],[-120.0339,34.5329],[-120.0339,34.5328],[-120.0339,34.5325],[-120.0339,34.5324],[-120.034,34.5323],[-120.034,34.5322],[-120.0342,34.5322],[-120.0343,34.5321],[-120.0344,34.532],[-120.0346,34.5317],[-120.0346,34.5316],[-120.0344,34.5315],[-120.0344,34.5313],[-120.0345,34.531],[-120.0344,34.5307],[-120.0343,34.5304],[-120.0342,34.5304],[-120.034,34.5303],[-120.0339,34.5302],[-120.0337,34.5299],[-120.0336,34.5298],[-120.0337,34.5296],[-120.0337,34.5295],[-120.0339,34.5295],[-120.0341,34.5297],[-120.0342,34.5298],[-120.0343,34.5299],[-120.0346,34.5299],[-120.0348,34.53],[-120.0349,34.5301],[-120.035,34.5302],[-120.0354,34.5302],[-120.0357,34.5301],[-120.0358,34.5301],[-120.0361,34.5301],[-120.0362,34.5301],[-120.0362,34.5302],[-120.0363,34.5303],[-120.0363,34.5304],[-120.0365,34.5305],[-120.0366,34.5306],[-120.0367,34.5306],[-120.0369,34.5307],[-120.0371,34.5308],[-120.0373,34.531],[-120.0374,34.5311],[-120.0376,34.5312],[-120.0379,34.5316],[-120.0379,34.5317],[-120.038,34.5318],[-120.0382,34.5318],[-120.0384,34.532],[-120.0386,34.5321],[-120.0387,34.5322],[-120.0387,34.5324],[-120.0387,34.5325],[-120.0388,34.5327],[-120.0388,34.5328],[-120.039,34.5329],[-120.0393,34.533],[-120.0394,34.5331],[-120.0395,34.5332],[-120.0397,34.5334],[-120.0398,34.5334],[-120.04,34.5335],[-120.0402,34.5335],[-120.0403,34.5335],[-120.0405,34.5335],[-120.0407,34.5334],[-120.0408,34.5334],[-120.041,34.5335],[-120.0412,34.5336],[-120.0414,34.5338],[-120.0415,34.5338],[-120.0417,34.5339],[-120.042,34.534],[-120.0422,34.534],[-120.0423,34.5341],[-120.0424,34.5342],[-120.0425,34.5342],[-120.0427,34.5343],[-120.043,34.5344],[-120.0432,34.5345],[-120.0434,34.5346],[-120.0436,34.5348],[-120.0437,34.5349],[-120.0437,34.535],[-120.0437,34.5351],[-120.0436,34.5352],[-120.0435,34.5353],[-120.0436,34.5354],[-120.0437,34.5355],[-120.0438,34.5355],[-120.044,34.5355],[-120.0442,34.5355],[-120.0445,34.5355],[-120.0447,34.5355],[-120.045,34.5355],[-120.0451,34.5355],[-120.0452,34.5354],[-120.0454,34.5354],[-120.0456,34.5355],[-120.0458,34.5357],[-120.0459,34.5358],[-120.046,34.5358],[-120.0462,34.5359],[-120.0464,34.536],[-120.0466,34.5361],[-120.0467,34.5362],[-120.0469,34.5362],[-120.047,34.5363],[-120.0471,34.5363],[-120.0475,34.5363],[-120.0477,34.5364],[-120.0479,34.5364],[-120.048,34.5363],[-120.048,34.5361],[-120.0481,34.5361],[-120.0482,34.536],[-120.0483,34.536],[-120.0485,34.5361],[-120.0488,34.5362],[-120.0489,34.5362],[-120.049,34.5363],[-120.0492,34.5363],[-120.0494,34.5364],[-120.0495,34.5364],[-120.0498,34.5366],[-120.0498,34.5367],[-120.0498,34.5368],[-120.0498,34.537],[-120.0499,34.537],[-120.0499,34.5371],[-120.0501,34.5371],[-120.0502,34.5371],[-120.0504,34.5371],[-120.0505,34.5371],[-120.0506,34.5371],[-120.0508,34.537],[-120.0511,34.5369],[-120.0513,34.5369],[-120.0514,34.5369],[-120.0515,34.5368],[-120.0515,34.5367],[-120.0515,34.5365],[-120.0516,34.5364],[-120.0517,34.5363],[-120.0518,34.5361],[-120.052,34.536],[-120.0521,34.5359],[-120.0522,34.5358],[-120.0524,34.5356],[-120.0525,34.5356],[-120.0528,34.5356],[-120.0529,34.5355],[-120.053,34.5354],[-120.053,34.5353],[-120.053,34.5351],[-120.053,34.5349],[-120.0528,34.5347],[-120.0528,34.5345],[-120.0527,34.5343],[-120.0528,34.5342],[-120.0528,34.534],[-120.0529,34.534],[-120.0531,34.5339],[-120.0534,34.5339],[-120.0536,34.5339],[-120.0538,34.5338],[-120.0538,34.5337],[-120.0539,34.5335],[-120.054,34.5334],[-120.0541,34.5333],[-120.0542,34.5333],[-120.0543,34.5334],[-120.0544,34.5335],[-120.0546,34.5336],[-120.0547,34.5337],[-120.0548,34.5338],[-120.0549,34.5339],[-120.055,34.534],[-120.0552,34.5341],[-120.0553,34.5341],[-120.0555,34.5341],[-120.0559,34.5341],[-120.0561,34.5341],[-120.0562,34.5342],[-120.0563,34.5343],[-120.0564,34.5344],[-120.0564,34.5345],[-120.0565,34.5346],[-120.0566,34.5347],[-120.0567,34.5348],[-120.0567,34.5349],[-120.0568,34.535],[-120.0569,34.5351],[-120.057,34.5352],[-120.0573,34.5353],[-120.0575,34.5354],[-120.0576,34.5354],[-120.0577,34.5353],[-120.058,34.5352],[-120.0582,34.5351],[-120.0582,34.535],[-120.0584,34.5349],[-120.0584,34.5348],[-120.0584,34.5346],[-120.0585,34.5345],[-120.0586,34.5342],[-120.0586,34.5341],[-120.0588,34.5339],[-120.059,34.5337],[-120.059,34.5336],[-120.0591,34.5335],[-120.0591,34.5332],[-120.0592,34.5331],[-120.0592,34.5329],[-120.0592,34.5328],[-120.0594,34.5326],[-120.0595,34.5326],[-120.0597,34.5326],[-120.0598,34.5326],[-120.0601,34.5328],[-120.0602,34.5328],[-120.0603,34.5329],[-120.0606,34.533],[-120.0606,34.5331],[-120.0609,34.5334],[-120.0612,34.5334],[-120.0616,34.5335],[-120.0619,34.5335],[-120.0622,34.5335]]}},{"type":"Feature","properties":{"id":"5N18M","name":"WHITE ROCK DUA","kind":"road","access":"plate","seasonal":false},"geometry":{"type":"MultiLineString","coordinates":[[[-119.806,34.5438],[-119.806,34.5439],[-119.8059,34.5439],[-119.8058,34.5439],[-119.8057,34.5439]],[[-119.8057,34.5438],[-119.8057,34.5439],[-119.8057,34.544],[-119.8056,34.544],[-119.8055,34.544],[-119.8053,34.544],[-119.8052,34.5439],[-119.805,34.5439],[-119.8049,34.5439],[-119.8048,34.5439],[-119.8047,34.5439],[-119.8046,34.5439],[-119.8045,34.5439],[-119.8044,34.5439],[-119.8043,34.5439],[-119.8042,34.5438],[-119.8041,34.5438],[-119.804,34.5438],[-119.804,34.5439],[-119.8041,34.5439],[-119.8042,34.5439],[-119.8042,34.5438]],[[-119.806,34.5439],[-119.8061,34.5439],[-119.8062,34.5439],[-119.8063,34.5439],[-119.8064,34.544],[-119.8065,34.544],[-119.8066,34.544],[-119.8066,34.5441],[-119.8066,34.5442],[-119.8065,34.5442],[-119.8064,34.5442],[-119.8064,34.5441],[-119.8064,34.544]]]}},{"type":"Feature","properties":{"id":"9N11B","name":"HAPPY HOLLOW","kind":"road","access":"green","seasonal":true},"geometry":{"type":"LineString","coordinates":[[-119.7316,34.5967],[-119.7317,34.5966],[-119.7319,34.5964],[-119.7321,34.5963],[-119.7323,34.5962],[-119.7323,34.5961],[-119.7323,34.5958],[-119.7322,34.5956],[-119.7321,34.5954],[-119.732,34.5952],[-119.7319,34.5949],[-119.7318,34.5946],[-119.7318,34.5944],[-119.7319,34.5942],[-119.7321,34.5941],[-119.7323,34.594],[-119.7325,34.5941],[-119.7328,34.5943],[-119.733,34.5944],[-119.7333,34.5946],[-119.7335,34.5948],[-119.7337,34.5949],[-119.7337,34.5951],[-119.7337,34.5953],[-119.7337,34.5954],[-119.7337,34.5956],[-119.7336,34.5957],[-119.7336,34.5959],[-119.7336,34.596],[-119.7337,34.5962],[-119.7338,34.5964],[-119.734,34.5965],[-119.7342,34.5965],[-119.7344,34.5965],[-119.7346,34.5964],[-119.7348,34.5964],[-119.7351,34.5964],[-119.7352,34.5965],[-119.7353,34.5967],[-119.7354,34.5969],[-119.7356,34.597],[-119.7358,34.597],[-119.7359,34.5971],[-119.7361,34.5972],[-119.7362,34.5973],[-119.7364,34.5974],[-119.7365,34.5976],[-119.7366,34.5977],[-119.7367,34.5979],[-119.7369,34.598],[-119.737,34.5981],[-119.7372,34.5982],[-119.7374,34.5983],[-119.7376,34.5984],[-119.7378,34.5985],[-119.7379,34.5987],[-119.738,34.5989],[-119.738,34.599],[-119.7381,34.5991],[-119.7382,34.5993],[-119.7383,34.5993],[-119.7384,34.5992],[-119.7386,34.5992],[-119.7389,34.5992],[-119.7392,34.5992],[-119.7394,34.5993],[-119.7396,34.5994],[-119.7398,34.5996],[-119.74,34.5997],[-119.7402,34.5999],[-119.7404,34.6],[-119.7407,34.6001],[-119.7409,34.6002],[-119.7411,34.6002],[-119.7412,34.6003],[-119.7413,34.6004],[-119.7415,34.6004],[-119.7416,34.6005],[-119.7418,34.6005],[-119.7421,34.6005],[-119.7424,34.6006],[-119.7427,34.6006],[-119.7429,34.6007],[-119.7433,34.6008],[-119.7437,34.6008],[-119.744,34.6008],[-119.7442,34.601],[-119.7444,34.6011],[-119.7445,34.6013],[-119.7447,34.6015],[-119.7449,34.6016],[-119.7452,34.6018],[-119.7454,34.6018],[-119.7455,34.6018],[-119.7456,34.6018],[-119.7458,34.6018],[-119.746,34.6018],[-119.7462,34.6017],[-119.7463,34.6016],[-119.7464,34.6016],[-119.7464,34.6015],[-119.7465,34.6014],[-119.7466,34.6012],[-119.7466,34.6011],[-119.7466,34.601],[-119.7466,34.6009],[-119.7465,34.6008],[-119.7463,34.6008],[-119.7462,34.6007],[-119.746,34.6007],[-119.7459,34.6007],[-119.7457,34.6006]]}},{"type":"Feature","properties":{"id":"8N16A","name":"PINO ALTO CG.","kind":"road","access":"plate","seasonal":true},"geometry":{"type":"LineString","coordinates":[[-119.9811,34.7405],[-119.9812,34.7406],[-119.9813,34.7405],[-119.9814,34.7405],[-119.9815,34.7405],[-119.9815,34.7404],[-119.9816,34.7404],[-119.9816,34.7403],[-119.9817,34.7403],[-119.9818,34.7402],[-119.9819,34.7402],[-119.9819,34.7401],[-119.9819,34.74],[-119.982,34.74],[-119.982,34.7399],[-119.9819,34.7399],[-119.9818,34.7399],[-119.9818,34.74],[-119.9819,34.74]]}},{"type":"Feature","properties":{"id":"5N18N","name":"FALLS DUA.","kind":"road","access":"plate","seasonal":true},"geometry":{"type":"LineString","coordinates":[[-119.7511,34.5394],[-119.7511,34.5393],[-119.751,34.5392],[-119.7509,34.5392],[-119.7506,34.539],[-119.7503,34.5389],[-119.7502,34.5388],[-119.7502,34.5387],[-119.75,34.5387],[-119.7499,34.5387],[-119.7498,34.5387],[-119.7498,34.5388],[-119.7499,34.5389],[-119.75,34.5389],[-119.7501,34.5389],[-119.7502,34.5389],[-119.7502,34.5388],[-119.7503,34.5388]]}},{"type":"Feature","properties":{"id":"5N18B","name":"LOS PRIETOS CG.","kind":"road","access":"plate","seasonal":false},"geometry":{"type":"MultiLineString","coordinates":[[[-119.8019,34.5403],[-119.8018,34.5403],[-119.8018,34.5402],[-119.8017,34.5402],[-119.8016,34.5401],[-119.8014,34.5401],[-119.8013,34.5402],[-119.8013,34.5403],[-119.8014,34.5403],[-119.8015,34.5403],[-119.8016,34.5403],[-119.8017,34.5403],[-119.8018,34.5403]],[[-119.8017,34.5406],[-119.8016,34.5406],[-119.8014,34.5407],[-119.8013,34.5407],[-119.8012,34.5406],[-119.8011,34.5406],[-119.8012,34.5405],[-119.8013,34.5405],[-119.8015,34.5405],[-119.8015,34.5406],[-119.8016,34.5406]],[[-119.8017,34.5406],[-119.8017,34.5408],[-119.8019,34.5409],[-119.802,34.5411],[-119.8021,34.5412],[-119.8022,34.5413]],[[-119.802,34.5416],[-119.802,34.5415],[-119.8022,34.5413],[-119.8024,34.5413],[-119.8026,34.541],[-119.8027,34.5408],[-119.8027,34.5406],[-119.8026,34.5404],[-119.8023,34.5403],[-119.8021,34.5404],[-119.8019,34.5404],[-119.8019,34.5403],[-119.8018,34.5404],[-119.8018,34.5405],[-119.8017,34.5406]]]}},{"type":"Feature","properties":{"id":"5N15.2","name":"1 ROMERO CAMUESA FDR","kind":"road","access":"green","seasonal":true},"geometry":{"type":"LineString","coordinates":[[-119.6589,34.5418],[-119.6587,34.5419],[-119.6587,34.5421],[-119.6587,34.5422],[-119.6588,34.5423],[-119.6591,34.5424],[-119.6594,34.5425],[-119.6595,34.5426],[-119.6598,34.5427],[-119.6599,34.5429],[-119.66,34.543],[-119.6603,34.5431],[-119.6605,34.5432],[-119.6606,34.5433],[-119.6607,34.5433],[-119.6609,34.5434],[-119.661,34.5434],[-119.6611,34.5434],[-119.6613,34.5435],[-119.6614,34.5435],[-119.6615,34.5436],[-119.6616,34.5437],[-119.6617,34.5438],[-119.6619,34.5438],[-119.6621,34.5438],[-119.6623,34.5438],[-119.6625,34.5439],[-119.6627,34.544],[-119.6628,34.544],[-119.663,34.5441],[-119.6631,34.5442],[-119.6633,34.5442],[-119.6635,34.5442],[-119.6638,34.5442],[-119.6641,34.544],[-119.6643,34.5439],[-119.6646,34.5437],[-119.6647,34.5436],[-119.6649,34.5434],[-119.665,34.5432],[-119.6652,34.5431],[-119.6653,34.543],[-119.6655,34.5429],[-119.6658,34.5428],[-119.666,34.5428],[-119.6662,34.5428],[-119.6664,34.5427],[-119.6666,34.5425],[-119.6667,34.5424],[-119.6669,34.5422],[-119.667,34.5421],[-119.667,34.5419],[-119.667,34.5418],[-119.6668,34.5418],[-119.6667,34.5417],[-119.6665,34.5417],[-119.6664,34.5416],[-119.6664,34.5415],[-119.6666,34.5414],[-119.6667,34.5415],[-119.667,34.5415],[-119.6672,34.5415],[-119.6673,34.5416],[-119.6674,34.5417],[-119.6675,34.5417],[-119.6675,34.5418],[-119.6675,34.5419],[-119.6675,34.542],[-119.6675,34.5422],[-119.6675,34.5423],[-119.6674,34.5423],[-119.6673,34.5424],[-119.6672,34.5425],[-119.6671,34.5425],[-119.667,34.5427],[-119.6671,34.5428],[-119.6673,34.5428],[-119.6674,34.5427],[-119.6677,34.5426],[-119.6679,34.5425],[-119.668,34.5424],[-119.6682,34.5423],[-119.6685,34.5423],[-119.6688,34.5424],[-119.6689,34.5425],[-119.6691,34.5425],[-119.6693,34.5426],[-119.6694,34.5428],[-119.6695,34.5429],[-119.6697,34.5429],[-119.6698,34.5431],[-119.6699,34.5432],[-119.6699,34.5433],[-119.6699,34.5435],[-119.6699,34.5436],[-119.67,34.5438],[-119.6701,34.5438],[-119.6702,34.5439],[-119.6704,34.5439],[-119.6706,34.544],[-119.6707,34.544],[-119.6708,34.5441],[-119.6709,34.5443],[-119.6711,34.5444],[-119.6712,34.5445],[-119.6713,34.5445],[-119.6714,34.5445],[-119.6714,34.5446],[-119.6714,34.5447],[-119.6715,34.5448],[-119.6715,34.545],[-119.6714,34.5452],[-119.6714,34.5453],[-119.6715,34.5455],[-119.6716,34.5456],[-119.6719,34.5457],[-119.6721,34.5458],[-119.6723,34.5459],[-119.6724,34.546],[-119.6725,34.5461],[-119.6727,34.5463],[-119.6727,34.5465],[-119.6727,34.5466],[-119.6728,34.5468],[-119.6729,34.547],[-119.6731,34.5472],[-119.6733,34.5473],[-119.6734,34.5475],[-119.6736,34.5477],[-119.6738,34.5477],[-119.674,34.5477],[-119.6743,34.5477],[-119.6745,34.5478],[-119.6746,34.5478],[-119.6749,34.5479],[-119.6752,34.548],[-119.6754,34.5481],[-119.6756,34.5483],[-119.6759,34.5487],[-119.6762,34.5488],[-119.6765,34.5491],[-119.6768,34.5492],[-119.677,34.5493],[-119.6773,34.5493],[-119.6775,34.5493],[-119.6778,34.5494],[-119.6782,34.5496],[-119.6783,34.5499],[-119.6784,34.5501],[-119.6783,34.5503],[-119.6782,34.5505],[-119.678,34.5507],[-119.6778,34.5509],[-119.6777,34.551],[-119.6777,34.5511],[-119.6778,34.5512],[-119.6779,34.5513],[-119.6781,34.5514],[-119.6783,34.5515],[-119.6785,34.5516],[-119.6787,34.5517],[-119.6788,34.5519],[-119.679,34.5523],[-119.6792,34.5526],[-119.6793,34.5528],[-119.6796,34.553],[-119.6799,34.5531],[-119.6802,34.5532],[-119.6805,34.5532],[-119.6807,34.5533],[-119.681,34.5535],[-119.6813,34.5536],[-119.6816,34.5535],[-119.6819,34.5534],[-119.6822,34.5534],[-119.6824,34.5535],[-119.6825,34.5536],[-119.6828,34.5537],[-119.6831,34.5538],[-119.6834,34.5538],[-119.6837,34.5538],[-119.684,34.5538],[-119.6843,34.5538],[-119.6845,34.5539],[-119.6848,34.5539],[-119.685,34.5539],[-119.6852,34.5539],[-119.6854,34.5539],[-119.6857,34.5539],[-119.686,34.5539],[-119.6862,34.5539],[-119.6864,34.5538],[-119.6866,34.5537],[-119.6866,34.5536],[-119.6868,34.5534],[-119.6869,34.5533],[-119.687,34.5532],[-119.6873,34.5531],[-119.6875,34.5531],[-119.6876,34.5531],[-119.6877,34.5531],[-119.6881,34.5531],[-119.6882,34.5531],[-119.6883,34.5532],[-119.6884,34.5533],[-119.6884,34.5534],[-119.6884,34.5535],[-119.6885,34.5536],[-119.6886,34.5537],[-119.6888,34.5537],[-119.689,34.5537],[-119.6892,34.5535],[-119.6894,34.5533],[-119.6895,34.5533],[-119.6898,34.5532],[-119.69,34.5533],[-119.6901,34.5534],[-119.6902,34.5536],[-119.6904,34.5538],[-119.6905,34.5538],[-119.6907,34.5539],[-119.6909,34.554],[-119.6909,34.5541],[-119.691,34.5543],[-119.6911,34.5543],[-119.6913,34.5544],[-119.6915,34.5545],[-119.6916,34.5546],[-119.6917,34.5547],[-119.6918,34.5548],[-119.6919,34.5549],[-119.692,34.555],[-119.6921,34.5552],[-119.6922,34.5552],[-119.6922,34.5553],[-119.6924,34.5553],[-119.6926,34.5553],[-119.6929,34.5551],[-119.6931,34.555],[-119.6935,34.555],[-119.6938,34.555],[-119.694,34.5552],[-119.6941,34.5553],[-119.6943,34.5554],[-119.6944,34.5555],[-119.6946,34.5556],[-119.6947,34.5556],[-119.6948,34.5557],[-119.6948,34.5559],[-119.6948,34.5561],[-119.6948,34.5563],[-119.6949,34.5565],[-119.6949,34.5566],[-119.6951,34.5566],[-119.6952,34.5566],[-119.6953,34.5566],[-119.6954,34.5564],[-119.6955,34.5563],[-119.6956,34.5562],[-119.6958,34.5562],[-119.6961,34.5561],[-119.6964,34.5561],[-119.6966,34.5563],[-119.6967,34.5566],[-119.6969,34.5567],[-119.6971,34.5569],[-119.6973,34.557],[-119.6975,34.5571],[-119.6978,34.5572],[-119.6979,34.5572],[-119.6982,34.5573],[-119.6985,34.5574],[-119.6987,34.5575],[-119.699,34.5576],[-119.6992,34.5578],[-119.6993,34.5579],[-119.6995,34.558],[-119.6996,34.5581],[-119.6997,34.5581],[-119.6999,34.5583],[-119.7,34.5584],[-119.7002,34.5586],[-119.7004,34.5589],[-119.7005,34.5591],[-119.7005,34.5593],[-119.7006,34.5595],[-119.7007,34.5597],[-119.7007,34.5598],[-119.7009,34.56],[-119.701,34.5601],[-119.7011,34.5603],[-119.7012,34.5605],[-119.7013,34.5608],[-119.7015,34.5609],[-119.7015,34.561],[-119.7016,34.561],[-119.7018,34.5612],[-119.702,34.5613],[-119.7022,34.5615],[-119.7023,34.5616],[-119.7024,34.5617],[-119.7027,34.5618],[-119.7029,34.562],[-119.7031,34.5621],[-119.7032,34.5622],[-119.7034,34.5625],[-119.7036,34.5626],[-119.7038,34.5627],[-119.7041,34.5629],[-119.7045,34.563],[-119.7048,34.563],[-119.7052,34.5628],[-119.7056,34.5626],[-119.706,34.5627],[-119.7062,34.5628],[-119.7063,34.563],[-119.7065,34.5631],[-119.7068,34.5632],[-119.707,34.5633],[-119.7073,34.5634],[-119.7074,34.5636],[-119.7075,34.5637],[-119.7076,34.5639],[-119.7077,34.564],[-119.7077,34.5642],[-119.7078,34.5644],[-119.7079,34.5645],[-119.708,34.5646],[-119.7081,34.5648],[-119.7083,34.565],[-119.7084,34.5651],[-119.7086,34.5651],[-119.7088,34.5652],[-119.709,34.5652],[-119.7091,34.5653],[-119.7092,34.5653],[-119.7093,34.5653],[-119.7096,34.5655],[-119.71,34.5656],[-119.7103,34.5657],[-119.7106,34.5657],[-119.7109,34.5658],[-119.7112,34.5658],[-119.7114,34.5659],[-119.7116,34.566],[-119.7118,34.566],[-119.7119,34.5662],[-119.7121,34.5663],[-119.7123,34.5664],[-119.7124,34.5664],[-119.7125,34.5663],[-119.7126,34.5661],[-119.7125,34.5659],[-119.7124,34.5658],[-119.7123,34.5656],[-119.7122,34.5655],[-119.7122,34.5653],[-119.7121,34.5653],[-119.712,34.5653],[-119.7118,34.5653],[-119.7116,34.5653],[-119.7114,34.5652],[-119.7113,34.5651],[-119.7113,34.5649],[-119.7112,34.5647],[-119.7112,34.5645],[-119.7111,34.5644],[-119.7109,34.5643],[-119.7108,34.5643],[-119.7106,34.5643],[-119.7105,34.5641],[-119.7104,34.5641],[-119.7103,34.5641],[-119.7102,34.5642],[-119.7101,34.5644],[-119.71,34.5645],[-119.7099,34.5645],[-119.7098,34.5644],[-119.7097,34.5643],[-119.7097,34.5642],[-119.7099,34.5641],[-119.71,34.5639],[-119.7102,34.5638],[-119.7104,34.5637],[-119.7106,34.5636],[-119.7107,34.5635],[-119.7109,34.5633],[-119.7111,34.5633],[-119.7112,34.5633],[-119.7114,34.5633],[-119.7115,34.5634],[-119.7117,34.5634],[-119.712,34.5635],[-119.7121,34.5635],[-119.7123,34.5634],[-119.7124,34.5634],[-119.7126,34.5633],[-119.7128,34.5632],[-119.713,34.5631],[-119.7132,34.5631],[-119.7133,34.5632],[-119.7133,34.5633],[-119.7133,34.5635],[-119.7134,34.5636],[-119.7135,34.5637],[-119.7135,34.5638],[-119.7136,34.5639],[-119.7136,34.564],[-119.7135,34.5641],[-119.7134,34.5641],[-119.7133,34.5643],[-119.7134,34.5644],[-119.7136,34.5645],[-119.7137,34.5645],[-119.7139,34.5645],[-119.714,34.5645],[-119.7142,34.5644],[-119.7143,34.5645],[-119.7143,34.5646],[-119.7143,34.5648],[-119.7144,34.5649],[-119.7145,34.5649],[-119.7147,34.565],[-119.7149,34.5649],[-119.7151,34.5649],[-119.7154,34.5649],[-119.7157,34.5649],[-119.7159,34.5649],[-119.7161,34.565],[-119.7163,34.565],[-119.7164,34.5649],[-119.7166,34.5649],[-119.7167,34.5649],[-119.7169,34.5649],[-119.7171,34.5649],[-119.7173,34.5649],[-119.7174,34.5648],[-119.7175,34.5647],[-119.7177,34.5646],[-119.7179,34.5646],[-119.7181,34.5646],[-119.7182,34.5647],[-119.7183,34.5647],[-119.7185,34.5646],[-119.7186,34.5645],[-119.7188,34.5645],[-119.719,34.5646],[-119.7191,34.5646],[-119.7192,34.5646],[-119.7194,34.5645],[-119.7195,34.5646],[-119.7196,34.5647],[-119.7196,34.5648],[-119.7197,34.565],[-119.7198,34.5651],[-119.7199,34.5653],[-119.7199,34.5654],[-119.7199,34.5655],[-119.72,34.5656],[-119.72,34.5657],[-119.7201,34.5657],[-119.7202,34.5658],[-119.7202,34.566],[-119.7201,34.5661],[-119.7201,34.5662],[-119.7201,34.5664],[-119.7202,34.5664],[-119.7203,34.5665],[-119.7204,34.5665],[-119.7205,34.5666],[-119.7205,34.5667],[-119.7205,34.5668],[-119.7205,34.567],[-119.7206,34.567],[-119.7207,34.5671],[-119.7208,34.5671],[-119.7209,34.5672],[-119.7209,34.5673],[-119.7209,34.5674],[-119.721,34.5674],[-119.7211,34.5675],[-119.7213,34.5675],[-119.7214,34.5676],[-119.7215,34.5676],[-119.7216,34.5677],[-119.7217,34.5678],[-119.7218,34.5679],[-119.7219,34.568],[-119.7219,34.5681],[-119.7219,34.5682],[-119.722,34.5683],[-119.722,34.5684],[-119.7219,34.5684],[-119.7219,34.5686],[-119.722,34.5686],[-119.7221,34.5686],[-119.7223,34.5686],[-119.7224,34.5687],[-119.7226,34.5687],[-119.7228,34.5687],[-119.723,34.5687],[-119.7231,34.5688],[-119.7232,34.5689],[-119.7232,34.569],[-119.7232,34.5692],[-119.7232,34.5693],[-119.7233,34.5694],[-119.7234,34.5694],[-119.7238,34.5696],[-119.724,34.5696],[-119.724,34.5697],[-119.724,34.5698],[-119.724,34.57],[-119.724,34.5701],[-119.724,34.5702],[-119.724,34.5703],[-119.7241,34.5704],[-119.7242,34.5704],[-119.7243,34.5704],[-119.7244,34.5703],[-119.7245,34.5702],[-119.7245,34.5701],[-119.7247,34.5701],[-119.7249,34.5701],[-119.725,34.5701],[-119.7251,34.5702],[-119.7251,34.5703],[-119.7251,34.5704],[-119.7251,34.5705],[-119.7251,34.5706],[-119.725,34.5707],[-119.725,34.5708],[-119.7251,34.5709],[-119.7252,34.5709],[-119.7252,34.571],[-119.7252,34.5711],[-119.7251,34.5712],[-119.725,34.5712],[-119.725,34.5713],[-119.725,34.5714],[-119.7252,34.5714],[-119.7253,34.5714],[-119.7254,34.5714],[-119.7256,34.5713],[-119.7257,34.5712],[-119.7258,34.5712],[-119.7259,34.5711],[-119.726,34.5711],[-119.7261,34.5712],[-119.7261,34.5713],[-119.7261,34.5714],[-119.7261,34.5715],[-119.7262,34.5716],[-119.7262,34.5717],[-119.7261,34.5718],[-119.7262,34.5719],[-119.7263,34.5719],[-119.7264,34.5719],[-119.7265,34.5719],[-119.7266,34.5719],[-119.7267,34.5718],[-119.7268,34.5718],[-119.7269,34.5716],[-119.727,34.5715],[-119.7271,34.5715],[-119.7272,34.5714],[-119.7272,34.5713],[-119.7273,34.5712],[-119.7274,34.5712],[-119.7275,34.5712],[-119.7276,34.5713],[-119.7276,34.5714],[-119.7277,34.5715],[-119.7277,34.5716],[-119.7278,34.5717],[-119.7279,34.5718],[-119.728,34.5718],[-119.7281,34.5718],[-119.7282,34.5718],[-119.7283,34.5717],[-119.7284,34.5716],[-119.7284,34.5714],[-119.7285,34.5712],[-119.7285,34.5711],[-119.7287,34.5711],[-119.7288,34.5712],[-119.7289,34.5712],[-119.7291,34.5712],[-119.7293,34.5712],[-119.7296,34.5711],[-119.7298,34.5711],[-119.7299,34.571],[-119.7298,34.5708],[-119.7295,34.5707],[-119.7292,34.5706],[-119.729,34.5705],[-119.7289,34.5703],[-119.7286,34.5701],[-119.7284,34.5698],[-119.7282,34.5696],[-119.7281,34.5693],[-119.728,34.5691],[-119.7281,34.569],[-119.7282,34.569],[-119.7283,34.5689],[-119.7286,34.5689],[-119.7288,34.5689],[-119.729,34.569],[-119.7293,34.569],[-119.7297,34.5691],[-119.7301,34.5691],[-119.7304,34.5691],[-119.7306,34.5692],[-119.7308,34.5692],[-119.7311,34.5691],[-119.7312,34.5692],[-119.7314,34.5692],[-119.7316,34.5693],[-119.7319,34.5695],[-119.732,34.5696],[-119.7321,34.5697],[-119.7322,34.5698],[-119.7324,34.5698],[-119.7325,34.5697],[-119.7327,34.5696],[-119.7328,34.5696],[-119.7331,34.5696],[-119.7333,34.5696],[-119.7334,34.5697],[-119.7336,34.5698],[-119.7337,34.5699],[-119.7338,34.57],[-119.7339,34.5701],[-119.7341,34.5701],[-119.7341,34.57],[-119.7342,34.5699],[-119.7343,34.5699],[-119.7345,34.5699],[-119.7346,34.5699],[-119.7347,34.5699],[-119.7348,34.5699],[-119.7349,34.5699],[-119.735,34.5699],[-119.735,34.5698],[-119.7351,34.5697],[-119.7352,34.5697],[-119.7352,34.5696],[-119.7353,34.5695],[-119.7354,34.5695],[-119.7355,34.5694],[-119.7355,34.5693],[-119.7355,34.5692],[-119.7355,34.5691],[-119.7355,34.569],[-119.7357,34.569],[-119.7357,34.5689],[-119.7358,34.5688],[-119.7359,34.5688],[-119.736,34.5687],[-119.7361,34.5687],[-119.7362,34.5687],[-119.7363,34.5687],[-119.7365,34.5687],[-119.7367,34.5686],[-119.7368,34.5686],[-119.737,34.5685],[-119.7371,34.5684],[-119.7372,34.5684],[-119.7374,34.5683],[-119.7376,34.5683],[-119.7378,34.5683],[-119.738,34.5684],[-119.7381,34.5685],[-119.7382,34.5687],[-119.7385,34.5687],[-119.7388,34.5687],[-119.739,34.5689],[-119.7392,34.569],[-119.7394,34.5691],[-119.7396,34.5692],[-119.7397,34.5693],[-119.7398,34.5693],[-119.7399,34.5691],[-119.7399,34.569],[-119.74,34.5688],[-119.7401,34.5687],[-119.7401,34.5686],[-119.7402,34.5685],[-119.7404,34.5684],[-119.7405,34.5684],[-119.7407,34.5683],[-119.7409,34.5683],[-119.7411,34.5682],[-119.7412,34.5682],[-119.7413,34.5682],[-119.7414,34.5681],[-119.7416,34.568],[-119.7417,34.5678],[-119.7417,34.5677],[-119.7417,34.5676],[-119.7417,34.5674],[-119.7416,34.5673],[-119.7416,34.5671],[-119.7417,34.567],[-119.7418,34.5669],[-119.7419,34.567],[-119.7419,34.5671],[-119.7419,34.5673],[-119.742,34.5675],[-119.742,34.5677],[-119.742,34.5679],[-119.742,34.568],[-119.742,34.5681],[-119.7421,34.5681],[-119.7422,34.5681],[-119.7423,34.568],[-119.7424,34.5679],[-119.7425,34.5678],[-119.7426,34.5678],[-119.7427,34.5677],[-119.7428,34.5676],[-119.743,34.5675],[-119.7431,34.5673],[-119.7432,34.5673],[-119.7434,34.5673],[-119.7436,34.5673],[-119.7438,34.5672],[-119.7439,34.5671],[-119.7441,34.5672],[-119.7442,34.5672],[-119.7445,34.5672],[-119.7447,34.5672],[-119.745,34.5672],[-119.7453,34.5672],[-119.7454,34.5673],[-119.7455,34.5674],[-119.7456,34.5675],[-119.7457,34.5675],[-119.7459,34.5674],[-119.7459,34.5673],[-119.746,34.5671],[-119.7461,34.5669],[-119.7461,34.5667],[-119.7462,34.5666],[-119.7464,34.5665],[-119.7465,34.5665],[-119.7468,34.5665],[-119.7471,34.5664],[-119.7472,34.5664],[-119.7474,34.5663],[-119.7476,34.5662],[-119.7477,34.5661],[-119.7478,34.566],[-119.7478,34.5658],[-119.7477,34.5656],[-119.7477,34.5655],[-119.7478,34.5653],[-119.7479,34.5652],[-119.7479,34.5651],[-119.7479,34.5649],[-119.7478,34.5648],[-119.7476,34.5647],[-119.7475,34.5646],[-119.7475,34.5645],[-119.7477,34.5645],[-119.7479,34.5644],[-119.748,34.5643],[-119.7481,34.5642],[-119.7482,34.5642],[-119.7484,34.5641],[-119.7484,34.564],[-119.7483,34.5639],[-119.7483,34.5638],[-119.7482,34.5637],[-119.7481,34.5636],[-119.7481,34.5635],[-119.748,34.5634],[-119.7479,34.5633],[-119.7479,34.5632],[-119.7478,34.5632],[-119.7477,34.5631],[-119.7476,34.563],[-119.7477,34.563],[-119.7477,34.5629],[-119.7479,34.5629],[-119.7481,34.5629],[-119.7483,34.5629],[-119.7485,34.5629],[-119.7486,34.5627],[-119.7488,34.5625],[-119.7488,34.5624],[-119.749,34.5622],[-119.7491,34.5621],[-119.7493,34.5622],[-119.7493,34.5623],[-119.7493,34.5624],[-119.7492,34.5627],[-119.7491,34.5629],[-119.7492,34.5631],[-119.7494,34.5632],[-119.7496,34.5632],[-119.7498,34.5632],[-119.7501,34.5632],[-119.7503,34.5631],[-119.7506,34.563],[-119.7508,34.563],[-119.751,34.563],[-119.7511,34.563],[-119.7512,34.5631],[-119.7514,34.5631],[-119.7517,34.5629],[-119.7518,34.5628],[-119.752,34.5626],[-119.7522,34.5624],[-119.7523,34.5623],[-119.7525,34.5623],[-119.7526,34.5624],[-119.7528,34.5625],[-119.7529,34.5625],[-119.753,34.5626],[-119.7533,34.5627],[-119.7534,34.5627],[-119.7537,34.5628],[-119.7538,34.5628],[-119.7539,34.5627],[-119.754,34.5626],[-119.7542,34.5624],[-119.7543,34.5623],[-119.7543,34.5622],[-119.7544,34.5622],[-119.7546,34.5621],[-119.7547,34.562],[-119.7548,34.562],[-119.7549,34.5618],[-119.755,34.5617],[-119.7551,34.5616],[-119.7553,34.5616],[-119.7554,34.5615],[-119.7555,34.5615],[-119.7558,34.5616],[-119.756,34.5616],[-119.7562,34.5617],[-119.7564,34.5617],[-119.7566,34.5618],[-119.7567,34.5619],[-119.7567,34.5618],[-119.7568,34.5617],[-119.7569,34.5617],[-119.7569,34.5616],[-119.7569,34.5614],[-119.757,34.5613],[-119.7572,34.5612],[-119.7572,34.5611],[-119.7573,34.561],[-119.7573,34.5608],[-119.7574,34.5607],[-119.7575,34.5606],[-119.7576,34.5606],[-119.7578,34.5606],[-119.758,34.5607],[-119.7581,34.5608],[-119.7583,34.5609],[-119.7584,34.561],[-119.7586,34.5612],[-119.7587,34.5613],[-119.7588,34.5613],[-119.759,34.5612],[-119.7592,34.5611],[-119.7593,34.561],[-119.7594,34.561],[-119.7596,34.561],[-119.7597,34.561],[-119.7599,34.561],[-119.7601,34.5611],[-119.7602,34.5612],[-119.7604,34.5613],[-119.7606,34.5615],[-119.7607,34.5616],[-119.7608,34.5616],[-119.7609,34.5617],[-119.7612,34.5616],[-119.7613,34.5616],[-119.7614,34.5616],[-119.7615,34.5617],[-119.7616,34.5618],[-119.7616,34.562],[-119.7617,34.562],[-119.7618,34.5621],[-119.7619,34.5621],[-119.762,34.5623],[-119.762,34.5624],[-119.7622,34.5625],[-119.7623,34.5626],[-119.7624,34.5626],[-119.7625,34.5626],[-119.7626,34.5625],[-119.7627,34.5624],[-119.7628,34.5622],[-119.763,34.5622],[-119.7631,34.5622],[-119.7632,34.5622],[-119.7634,34.5623],[-119.7635,34.5622],[-119.7638,34.5622],[-119.7642,34.5623],[-119.7643,34.5623],[-119.7644,34.5623],[-119.7645,34.5623],[-119.7646,34.5621],[-119.7648,34.5619],[-119.7649,34.5618],[-119.765,34.5616],[-119.7651,34.5614],[-119.7652,34.5612],[-119.7653,34.561],[-119.7653,34.5609],[-119.7654,34.5607],[-119.7653,34.5605],[-119.7654,34.5603],[-119.7654,34.5601],[-119.7655,34.5599],[-119.7656,34.5598],[-119.7659,34.5597],[-119.7662,34.5595],[-119.7664,34.5594],[-119.7665,34.5594],[-119.7667,34.5595],[-119.7668,34.5596],[-119.7668,34.5598],[-119.7669,34.5599],[-119.7669,34.56],[-119.7671,34.5601],[-119.7673,34.5602],[-119.7675,34.5603],[-119.7676,34.5603],[-119.7677,34.5604],[-119.7676,34.5605],[-119.7675,34.5605],[-119.7674,34.5604],[-119.7672,34.5604],[-119.7671,34.5603],[-119.767,34.5603],[-119.7669,34.5603],[-119.7669,34.5604],[-119.7668,34.5604],[-119.7666,34.5605],[-119.7665,34.5606],[-119.7664,34.5607],[-119.7664,34.5608],[-119.7664,34.5609],[-119.7665,34.5609],[-119.7667,34.5611],[-119.7668,34.5612],[-119.7668,34.5614],[-119.7669,34.5617],[-119.7669,34.5618],[-119.7668,34.5619],[-119.7668,34.562],[-119.7667,34.562],[-119.7665,34.5622],[-119.7664,34.5622],[-119.7661,34.5623],[-119.7661,34.5624],[-119.766,34.5625],[-119.7659,34.5626],[-119.7658,34.5629],[-119.7656,34.563],[-119.7655,34.5631],[-119.7654,34.5633],[-119.7651,34.5634],[-119.765,34.5635],[-119.7648,34.5636],[-119.7648,34.5637],[-119.765,34.5637],[-119.7651,34.5637],[-119.7652,34.5636],[-119.7654,34.5635],[-119.7655,34.5635],[-119.7657,34.5633],[-119.7659,34.5632],[-119.7661,34.5631],[-119.7664,34.5631],[-119.7665,34.5631],[-119.7666,34.563],[-119.7668,34.5628],[-119.7669,34.5628],[-119.767,34.5628],[-119.767,34.5629],[-119.7669,34.5631],[-119.7668,34.5632],[-119.7667,34.5634],[-119.7667,34.5637],[-119.7666,34.5637],[-119.7664,34.5637],[-119.7662,34.5638],[-119.7661,34.5639],[-119.7658,34.5641],[-119.7656,34.5641],[-119.7655,34.5642],[-119.7655,34.5643],[-119.7655,34.5644],[-119.7656,34.5644],[-119.7657,34.5644],[-119.7658,34.5643],[-119.7661,34.5642],[-119.7663,34.5641],[-119.7666,34.564],[-119.7669,34.5639],[-119.767,34.5639],[-119.767,34.564],[-119.7669,34.564],[-119.7668,34.5641],[-119.7667,34.5642],[-119.7666,34.5642],[-119.7664,34.5643],[-119.7662,34.5644],[-119.766,34.5645],[-119.7658,34.5645],[-119.7657,34.5646],[-119.7656,34.5646],[-119.7657,34.5647],[-119.7658,34.5647],[-119.766,34.5647],[-119.7662,34.5647],[-119.7664,34.5646],[-119.7665,34.5646],[-119.7668,34.5645],[-119.7669,34.5644],[-119.7671,34.5644],[-119.7672,34.5644],[-119.7673,34.5643],[-119.7674,34.5641],[-119.7675,34.564],[-119.7676,34.5639],[-119.7677,34.5638],[-119.7678,34.5638],[-119.7679,34.5637],[-119.768,34.5635],[-119.7681,34.5633],[-119.7683,34.5632],[-119.7684,34.5631],[-119.7685,34.5631],[-119.7687,34.5632],[-119.7688,34.5633],[-119.7689,34.5634],[-119.769,34.5633],[-119.7691,34.5633],[-119.7692,34.5632],[-119.7692,34.5631],[-119.7691,34.563],[-119.769,34.5629],[-119.769,34.5628],[-119.769,34.5626],[-119.7691,34.5625],[-119.7692,34.5624],[-119.7693,34.5623],[-119.7693,34.5622],[-119.7693,34.562],[-119.7692,34.5619],[-119.7693,34.5618],[-119.7693,34.5616],[-119.7693,34.5614],[-119.7694,34.5613],[-119.7694,34.5612],[-119.7695,34.5611],[-119.7696,34.5609],[-119.7697,34.5608],[-119.77,34.5606],[-119.7702,34.5605],[-119.7705,34.5604],[-119.7705,34.5603],[-119.7706,34.5602],[-119.7706,34.5601],[-119.7707,34.5599],[-119.7708,34.5598],[-119.7708,34.5597],[-119.7708,34.5595],[-119.7708,34.5593],[-119.771,34.5589],[-119.7711,34.5586],[-119.7712,34.5585],[-119.7712,34.5583],[-119.7712,34.558],[-119.7711,34.5578]]}},{"type":"Feature","properties":{"id":"5N18C","name":"PARADISE CG.","kind":"road","access":"plate","seasonal":false},"geometry":{"type":"LineString","coordinates":[[-119.8117,34.543],[-119.8116,34.543],[-119.8116,34.5429],[-119.8115,34.5429],[-119.8115,34.5428],[-119.8114,34.5428],[-119.8113,34.5427],[-119.8112,34.5427],[-119.8112,34.5426],[-119.8111,34.5426],[-119.8111,34.5425],[-119.8112,34.5425],[-119.8113,34.5424],[-119.8114,34.5424],[-119.8115,34.5424],[-119.8116,34.5424],[-119.8117,34.5424],[-119.8118,34.5425],[-119.8118,34.5426],[-119.8118,34.5427],[-119.8117,34.5428],[-119.8116,34.5428],[-119.8115,34.5429]]}},{"type":"Feature","properties":{"id":"8N32","name":"EAST PINERY","kind":"road","access":"plate","seasonal":true},"geometry":{"type":"LineString","coordinates":[[-119.9499,34.7245],[-119.9499,34.7247],[-119.9499,34.7248],[-119.9498,34.7249],[-119.9495,34.7251],[-119.9495,34.7252],[-119.9495,34.7254],[-119.9497,34.7256],[-119.9498,34.7258],[-119.9499,34.7259],[-119.95,34.726],[-119.95,34.7261],[-119.95,34.7263],[-119.9499,34.7265],[-119.9498,34.7266],[-119.9497,34.7269],[-119.9495,34.7271],[-119.9494,34.7273],[-119.9494,34.7274],[-119.9495,34.7275],[-119.9496,34.7277],[-119.9498,34.7278],[-119.95,34.7278],[-119.9503,34.7279],[-119.9504,34.728],[-119.9508,34.7281],[-119.951,34.7281],[-119.9512,34.7284],[-119.9514,34.7286],[-119.9514,34.7287],[-119.9516,34.729],[-119.9518,34.7291],[-119.9519,34.7292],[-119.952,34.7292],[-119.9522,34.7293],[-119.9524,34.7294],[-119.9525,34.7295],[-119.9526,34.7295],[-119.9528,34.7297],[-119.9529,34.7297],[-119.9532,34.7298],[-119.9533,34.7299],[-119.9533,34.7301],[-119.9534,34.7304],[-119.9535,34.7304],[-119.9538,34.7307],[-119.9541,34.7309],[-119.9543,34.7312],[-119.9545,34.7313],[-119.9546,34.7316],[-119.9548,34.7319],[-119.9549,34.7322],[-119.955,34.7323],[-119.9551,34.7324],[-119.9552,34.7324],[-119.9555,34.7324],[-119.9556,34.7324],[-119.9557,34.7325],[-119.9558,34.7326],[-119.9559,34.7326],[-119.9559,34.7329],[-119.9559,34.733],[-119.9558,34.7331],[-119.9558,34.7332],[-119.9557,34.7334],[-119.9555,34.7336],[-119.9555,34.7337],[-119.9555,34.7339],[-119.9556,34.734],[-119.9558,34.7342],[-119.9559,34.7343],[-119.9561,34.7343],[-119.9563,34.7342],[-119.9565,34.7341],[-119.9567,34.7339],[-119.9568,34.7338],[-119.957,34.7336],[-119.9571,34.7334],[-119.9572,34.7334],[-119.9573,34.7334],[-119.9573,34.7335],[-119.9574,34.7336],[-119.9573,34.7339],[-119.9573,34.7341],[-119.9573,34.7342],[-119.9575,34.7344],[-119.9575,34.7345],[-119.9578,34.7347],[-119.9579,34.7348],[-119.958,34.735],[-119.9583,34.7353],[-119.9583,34.7354],[-119.9585,34.7355],[-119.9586,34.7355],[-119.9589,34.7357],[-119.959,34.7358],[-119.9591,34.736],[-119.9592,34.7361],[-119.9592,34.7363],[-119.9593,34.7364],[-119.9593,34.7367],[-119.9594,34.7369],[-119.9594,34.7371],[-119.9594,34.7373],[-119.9594,34.7374],[-119.9593,34.7376],[-119.9592,34.7378],[-119.9592,34.7379],[-119.9592,34.7382],[-119.9592,34.7383],[-119.9592,34.7384],[-119.9593,34.7387],[-119.9594,34.7388],[-119.9596,34.7388],[-119.9599,34.7389],[-119.96,34.739],[-119.9601,34.739],[-119.9603,34.739],[-119.9605,34.7391],[-119.9607,34.7391],[-119.9609,34.7391],[-119.961,34.739],[-119.9611,34.7389],[-119.9611,34.7388],[-119.9611,34.7387],[-119.9611,34.7385],[-119.9611,34.7384],[-119.9611,34.7383],[-119.961,34.7382],[-119.9609,34.7381],[-119.9606,34.7379],[-119.9605,34.7379],[-119.9605,34.7378],[-119.9604,34.7375],[-119.9604,34.7374],[-119.9603,34.7374],[-119.96,34.7374],[-119.9599,34.7373],[-119.9598,34.7373],[-119.9596,34.7373],[-119.9596,34.7372]]}},{"type":"Feature","properties":{"id":"5N12.3","name":"EAST CAMINO","kind":"road","access":"plate","seasonal":false},"geometry":{"type":"LineString","coordinates":[[-119.5956,34.4761],[-119.5959,34.476],[-119.5963,34.4758],[-119.5966,34.4757],[-119.5974,34.4754],[-119.5977,34.4753],[-119.5979,34.4753],[-119.598,34.4754],[-119.598,34.4756],[-119.5982,34.4758],[-119.5984,34.476],[-119.5986,34.476],[-119.5994,34.476],[-119.6003,34.4759],[-119.601,34.4759],[-119.6014,34.476],[-119.6017,34.4761],[-119.6017,34.4763],[-119.6016,34.4764],[-119.6014,34.4766],[-119.6011,34.477],[-119.6009,34.4773],[-119.6009,34.4774],[-119.601,34.4775],[-119.6012,34.4777],[-119.6015,34.478],[-119.6016,34.4781],[-119.6018,34.4784],[-119.602,34.4785],[-119.6022,34.4786],[-119.6024,34.4786],[-119.6029,34.4785],[-119.6032,34.4786],[-119.6036,34.4787],[-119.6039,34.4789],[-119.6041,34.4792],[-119.6043,34.4792],[-119.6044,34.4792],[-119.6045,34.4791],[-119.6047,34.479],[-119.6049,34.4787],[-119.6051,34.4787],[-119.6054,34.4787],[-119.6055,34.4786],[-119.6058,34.4785],[-119.606,34.4783],[-119.6062,34.4783],[-119.6064,34.4784],[-119.6066,34.4785],[-119.6067,34.4786],[-119.6069,34.4785],[-119.6071,34.4785],[-119.6074,34.4786],[-119.6076,34.4786],[-119.6078,34.4786],[-119.608,34.4785],[-119.6083,34.4784],[-119.6085,34.4784],[-119.6087,34.4785],[-119.609,34.4787],[-119.6092,34.4787],[-119.6093,34.4786],[-119.6094,34.4784],[-119.6096,34.478],[-119.6098,34.4778],[-119.61,34.4777],[-119.6102,34.4778],[-119.6103,34.4779],[-119.6105,34.4781],[-119.6108,34.4784],[-119.6109,34.4784],[-119.6111,34.4785],[-119.6112,34.4785],[-119.6115,34.4785],[-119.6118,34.4786],[-119.612,34.4786],[-119.6123,34.4786],[-119.6126,34.4786],[-119.613,34.4787],[-119.6133,34.4787],[-119.6136,34.4787],[-119.6141,34.4786],[-119.6142,34.4786],[-119.6143,34.4787],[-119.6145,34.4789],[-119.6148,34.4792],[-119.6151,34.4794],[-119.6154,34.4796],[-119.6159,34.48],[-119.6163,34.4803],[-119.6167,34.4806],[-119.6171,34.4808],[-119.6175,34.4811],[-119.618,34.4814],[-119.6183,34.4815],[-119.6185,34.4818],[-119.6187,34.4819],[-119.6188,34.4819],[-119.6191,34.4818],[-119.6194,34.4817],[-119.6197,34.4816],[-119.6202,34.4816],[-119.6206,34.4816],[-119.621,34.4816],[-119.6214,34.4818],[-119.6218,34.4819],[-119.6222,34.4822],[-119.6227,34.4824],[-119.6231,34.4826],[-119.6234,34.4827],[-119.6239,34.4828],[-119.6243,34.483],[-119.6245,34.4831],[-119.6248,34.4833],[-119.625,34.4835],[-119.6252,34.4836],[-119.6254,34.4837],[-119.6256,34.4838],[-119.6258,34.484],[-119.626,34.4841],[-119.6262,34.4842],[-119.6265,34.4844],[-119.6273,34.4848],[-119.6279,34.485],[-119.628,34.485],[-119.6285,34.4851],[-119.6293,34.4851],[-119.6297,34.485],[-119.6302,34.4847],[-119.6306,34.4843],[-119.6307,34.4843],[-119.6309,34.4842],[-119.6313,34.4842],[-119.6318,34.4842],[-119.6323,34.484],[-119.6325,34.4839],[-119.6328,34.4834],[-119.633,34.4833],[-119.6332,34.4833],[-119.6338,34.4832],[-119.6341,34.4832],[-119.6345,34.4833],[-119.6351,34.4834],[-119.6354,34.4835],[-119.6357,34.4836],[-119.6359,34.4836],[-119.6364,34.4836],[-119.6368,34.4836],[-119.6371,34.4837],[-119.6375,34.4841],[-119.6378,34.4843],[-119.6379,34.4843],[-119.6384,34.4842],[-119.6386,34.4842],[-119.6388,34.4843],[-119.6388,34.4844],[-119.6389,34.4844],[-119.6389,34.4845],[-119.639,34.4846],[-119.6389,34.4849],[-119.6389,34.4852],[-119.6388,34.4856],[-119.6389,34.4858],[-119.6389,34.4859],[-119.6391,34.486],[-119.6393,34.4861],[-119.6399,34.486],[-119.6407,34.4858],[-119.641,34.4858],[-119.6411,34.4858],[-119.6412,34.4859],[-119.6412,34.486],[-119.6413,34.4861],[-119.6413,34.4866],[-119.6414,34.4867],[-119.6417,34.4869],[-119.6418,34.4869],[-119.6421,34.4869],[-119.6424,34.4869],[-119.6426,34.4869],[-119.6429,34.487],[-119.6431,34.4871],[-119.6434,34.4871],[-119.6437,34.4871],[-119.6438,34.4872],[-119.6439,34.4874],[-119.6442,34.4877],[-119.6443,34.4877],[-119.6444,34.4877],[-119.6445,34.4877],[-119.6446,34.4877],[-119.6447,34.4876],[-119.645,34.4875],[-119.6455,34.4871],[-119.6458,34.4871],[-119.6467,34.4871],[-119.6484,34.4874],[-119.6486,34.4874],[-119.6486,34.4875],[-119.649,34.4881],[-119.6492,34.4884],[-119.6493,34.4886],[-119.6498,34.4889],[-119.6502,34.489],[-119.6509,34.489],[-119.6517,34.489],[-119.6523,34.4889],[-119.6533,34.4886],[-119.6541,34.4885],[-119.6545,34.4884],[-119.6548,34.4885],[-119.6556,34.4887],[-119.6558,34.4886],[-119.6562,34.4886],[-119.6568,34.4886],[-119.6576,34.4886],[-119.6584,34.4887],[-119.6595,34.489],[-119.6599,34.4891],[-119.6604,34.4891],[-119.6613,34.4892],[-119.6623,34.4894],[-119.6634,34.4897],[-119.664,34.4899],[-119.6643,34.4899],[-119.6647,34.4898],[-119.6649,34.4897],[-119.6653,34.4896],[-119.666,34.4892],[-119.6661,34.4891],[-119.6663,34.4891],[-119.6664,34.489],[-119.6667,34.4891],[-119.6674,34.4891],[-119.668,34.4891],[-119.6687,34.4889],[-119.669,34.4889],[-119.6694,34.4885],[-119.6698,34.4884],[-119.6702,34.4883],[-119.6705,34.4883],[-119.6708,34.4884],[-119.6711,34.4885],[-119.6716,34.4888],[-119.6721,34.4893],[-119.6728,34.49],[-119.6733,34.4903],[-119.6735,34.4904],[-119.6737,34.4905],[-119.674,34.4905],[-119.6745,34.4904],[-119.6749,34.4903],[-119.675,34.4904],[-119.6752,34.4905],[-119.6756,34.4908],[-119.6757,34.4909],[-119.6758,34.4909],[-119.676,34.4908],[-119.6762,34.4908],[-119.6765,34.4908],[-119.6766,34.4909],[-119.6767,34.491],[-119.6769,34.4912],[-119.6774,34.4916],[-119.6776,34.4916],[-119.6777,34.4917],[-119.678,34.4917],[-119.6788,34.4915],[-119.6789,34.4915],[-119.6791,34.4915],[-119.6792,34.4916],[-119.6792,34.4917],[-119.6793,34.4918],[-119.6795,34.492],[-119.6796,34.4921],[-119.6798,34.4921],[-119.68,34.4921],[-119.6804,34.4921],[-119.6806,34.4921],[-119.6808,34.4919],[-119.6813,34.4912],[-119.6815,34.4912],[-119.6817,34.4912],[-119.6823,34.4912],[-119.6832,34.4914],[-119.6835,34.4915],[-119.6845,34.4921],[-119.6847,34.4921],[-119.6851,34.492],[-119.6852,34.4919],[-119.6854,34.4917],[-119.6856,34.4912],[-119.6858,34.4911],[-119.6859,34.491],[-119.6862,34.491],[-119.6864,34.491],[-119.6865,34.491],[-119.6866,34.4909],[-119.6871,34.4907],[-119.6874,34.4906],[-119.6876,34.4907],[-119.6878,34.4907],[-119.6884,34.4909],[-119.6891,34.4909],[-119.6897,34.491],[-119.6901,34.491]]}},{"type":"Feature","properties":{"id":"26W21","name":null,"kind":"trail","access":"green","seasonal":false},"geometry":{"type":"MultiLineString","coordinates":[[[-119.5604,34.4642],[-119.5603,34.4642],[-119.5602,34.4642],[-119.5601,34.4642],[-119.56,34.4641],[-119.5599,34.4641],[-119.5597,34.4641],[-119.5595,34.4642],[-119.5591,34.4642]],[[-119.5799,34.469],[-119.58,34.4688],[-119.5801,34.4687],[-119.5802,34.4687],[-119.5803,34.4686],[-119.5804,34.4685],[-119.5805,34.4684],[-119.5805,34.4683],[-119.5805,34.4682],[-119.5806,34.4682],[-119.5806,34.4681],[-119.5806,34.4679],[-119.5805,34.4678],[-119.5804,34.4677],[-119.5803,34.4676],[-119.5803,34.4675],[-119.5802,34.4675],[-119.5802,34.4674],[-119.5801,34.4673],[-119.5801,34.4672],[-119.58,34.4671],[-119.5799,34.4671],[-119.5799,34.467],[-119.5798,34.4669],[-119.5798,34.4668],[-119.5797,34.4668],[-119.5795,34.4667],[-119.5794,34.4667],[-119.5792,34.4666],[-119.5791,34.4665],[-119.579,34.4665],[-119.5789,34.4664],[-119.5788,34.4664],[-119.5786,34.4663],[-119.5785,34.4663],[-119.5784,34.4663],[-119.5783,34.4662],[-119.5781,34.4662],[-119.578,34.4662],[-119.5779,34.4662],[-119.5778,34.4661],[-119.5777,34.4661],[-119.5776,34.4661],[-119.5774,34.4661],[-119.5773,34.466],[-119.5772,34.466],[-119.5771,34.466],[-119.5769,34.466],[-119.5769,34.4661],[-119.5768,34.4661],[-119.5766,34.4661],[-119.5765,34.4661],[-119.5764,34.4661],[-119.5762,34.4661],[-119.5761,34.4662],[-119.5759,34.4662],[-119.5758,34.4661],[-119.5757,34.4661],[-119.5756,34.4661],[-119.5755,34.4661],[-119.5753,34.466],[-119.5751,34.466],[-119.5749,34.466],[-119.5747,34.466],[-119.5745,34.4661],[-119.5744,34.4661],[-119.5743,34.4661],[-119.5742,34.4662],[-119.5741,34.4662],[-119.5739,34.4662],[-119.5738,34.4662],[-119.5736,34.4663],[-119.5734,34.4663],[-119.5732,34.4662],[-119.5731,34.4662],[-119.573,34.4662],[-119.5729,34.4661],[-119.5728,34.466],[-119.5726,34.4659],[-119.5724,34.4658],[-119.5722,34.4657],[-119.572,34.4656],[-119.5718,34.4656],[-119.5716,34.4656],[-119.5715,34.4655],[-119.5713,34.4655],[-119.5712,34.4655],[-119.571,34.4655],[-119.5708,34.4655],[-119.5707,34.4655],[-119.5705,34.4655],[-119.5703,34.4655],[-119.5702,34.4655],[-119.5701,34.4654],[-119.5701,34.4653],[-119.57,34.4652],[-119.5699,34.4651],[-119.5697,34.4651],[-119.5696,34.4651],[-119.5695,34.4651],[-119.5694,34.4651],[-119.5693,34.4652],[-119.5691,34.4653],[-119.569,34.4654],[-119.5689,34.4655],[-119.5688,34.4656],[-119.5688,34.4657],[-119.5687,34.4658],[-119.5686,34.4659],[-119.5685,34.466],[-119.5684,34.4661],[-119.5684,34.4663],[-119.5683,34.4663],[-119.5682,34.4664],[-119.5681,34.4664],[-119.5679,34.4664],[-119.5678,34.4664],[-119.5677,34.4665],[-119.5676,34.4666],[-119.5675,34.4667],[-119.5674,34.4668],[-119.5672,34.4669],[-119.567,34.4669],[-119.5668,34.4669],[-119.5667,34.4669],[-119.5665,34.4668],[-119.5664,34.4667],[-119.5663,34.4666],[-119.5662,34.4665],[-119.5661,34.4664],[-119.5659,34.4664],[-119.5657,34.4664],[-119.5656,34.4664],[-119.5654,34.4664],[-119.5653,34.4664],[-119.5652,34.4664],[-119.565,34.4663],[-119.5648,34.4662],[-119.5646,34.4661],[-119.5645,34.466],[-119.5643,34.466],[-119.5642,34.4659],[-119.5641,34.4658],[-119.564,34.4658],[-119.5639,34.4657],[-119.5638,34.4656],[-119.5637,34.4655],[-119.5636,34.4653],[-119.5635,34.4652],[-119.5634,34.4652],[-119.5634,34.4651],[-119.5632,34.4651],[-119.5631,34.465],[-119.563,34.465],[-119.5629,34.4649],[-119.5628,34.4649],[-119.5627,34.4649],[-119.5626,34.4649],[-119.5625,34.4648],[-119.5624,34.4648],[-119.5623,34.4648],[-119.5621,34.4647],[-119.5619,34.4647],[-119.5617,34.4647],[-119.5616,34.4646],[-119.5614,34.4646],[-119.5613,34.4646],[-119.5611,34.4646],[-119.5609,34.4645],[-119.5608,34.4644],[-119.5607,34.4644],[-119.5606,34.4643],[-119.5604,34.4642],[-119.5603,34.4642],[-119.5602,34.4642],[-119.5601,34.4642],[-119.56,34.4641]],[[-119.5775,34.469],[-119.5777,34.4689],[-119.5778,34.4689],[-119.5781,34.4688],[-119.5783,34.4688],[-119.5785,34.4689]],[[-119.5799,34.4697],[-119.5795,34.4694],[-119.5788,34.469],[-119.5785,34.4689],[-119.5785,34.4687],[-119.5786,34.4684],[-119.5786,34.4681],[-119.5784,34.468],[-119.578,34.4679],[-119.5773,34.4679],[-119.5773,34.4681],[-119.5773,34.4682],[-119.577,34.4685],[-119.577,34.4686],[-119.577,34.4687],[-119.5769,34.4691],[-119.5765,34.4692],[-119.5765,34.4689],[-119.5765,34.4688],[-119.5764,34.4685],[-119.5759,34.4684],[-119.5755,34.4686],[-119.5754,34.469],[-119.5754,34.4694],[-119.5755,34.4695],[-119.5756,34.4696],[-119.5756,34.4697],[-119.5757,34.4701],[-119.5756,34.4703],[-119.5755,34.4704],[-119.5751,34.4705],[-119.5749,34.4707],[-119.5749,34.4708],[-119.5754,34.471],[-119.5759,34.4707],[-119.5761,34.4706],[-119.5763,34.4707],[-119.5762,34.4711],[-119.5762,34.4713],[-119.5764,34.4715],[-119.5768,34.4715],[-119.5773,34.4715],[-119.5775,34.4712],[-119.5776,34.471],[-119.5776,34.4709],[-119.5775,34.4707],[-119.5774,34.4705],[-119.577,34.4703],[-119.5768,34.47],[-119.577,34.4698],[-119.5772,34.4699],[-119.5772,34.47],[-119.5773,34.4701],[-119.5774,34.4703],[-119.5776,34.4704],[-119.5778,34.4704],[-119.5781,34.4704],[-119.5785,34.4702],[-119.5786,34.4702],[-119.5788,34.4701],[-119.5795,34.47],[-119.5796,34.4699],[-119.5796,34.4698],[-119.5799,34.4697],[-119.5799,34.4695],[-119.5801,34.4694],[-119.5803,34.4694],[-119.5804,34.4693],[-119.5803,34.4694]],[[-119.5698,34.4712],[-119.5698,34.471],[-119.5697,34.4708],[-119.5695,34.4707],[-119.5694,34.4706],[-119.569,34.4705],[-119.5689,34.4705],[-119.5691,34.4703],[-119.5694,34.4703],[-119.5696,34.4704],[-119.57,34.4705],[-119.5706,34.4707],[-119.571,34.4708],[-119.5713,34.4708],[-119.5716,34.4708],[-119.5719,34.4712],[-119.5719,34.4715],[-119.5719,34.4717],[-119.5719,34.4718],[-119.5721,34.4722],[-119.5722,34.4724],[-119.5723,34.4726],[-119.5726,34.4728],[-119.5728,34.4727],[-119.5732,34.4726],[-119.5733,34.4726],[-119.5738,34.4727],[-119.574,34.4728],[-119.5745,34.4728],[-119.5747,34.4726],[-119.5748,34.4725],[-119.575,34.4725],[-119.5755,34.4728],[-119.5758,34.4729],[-119.5761,34.4728],[-119.5765,34.4728],[-119.577,34.4729]],[[-119.5801,34.4742],[-119.5797,34.474],[-119.5795,34.474],[-119.5792,34.4739],[-119.5791,34.4739],[-119.5789,34.4739],[-119.5787,34.4739],[-119.5786,34.474],[-119.5784,34.4741],[-119.5783,34.4741],[-119.5783,34.4742],[-119.5782,34.4743],[-119.5781,34.4744],[-119.578,34.4745],[-119.578,34.4744],[-119.5781,34.4743],[-119.5781,34.4742],[-119.5781,34.474],[-119.578,34.4739],[-119.5779,34.4738],[-119.5779,34.4737],[-119.5777,34.4736],[-119.5776,34.4734],[-119.5775,34.4733],[-119.5773,34.4732],[-119.5773,34.4731],[-119.5772,34.4731],[-119.577,34.4729],[-119.5769,34.4727],[-119.5768,34.4725],[-119.5768,34.4724],[-119.5768,34.4722],[-119.5768,34.4719],[-119.5769,34.4719],[-119.577,34.4719],[-119.5771,34.472],[-119.5771,34.4723],[-119.5774,34.4724],[-119.5777,34.4723],[-119.5778,34.4722],[-119.5779,34.4721],[-119.5782,34.472],[-119.5783,34.4718],[-119.5785,34.4715],[-119.5788,34.4712],[-119.5788,34.471],[-119.5788,34.4708],[-119.5791,34.4706],[-119.5792,34.4706],[-119.5795,34.4706],[-119.5797,34.4704],[-119.58,34.4704],[-119.5803,34.4702],[-119.5804,34.47],[-119.5806,34.4698],[-119.5806,34.4695],[-119.5804,34.4693],[-119.5803,34.4694],[-119.5802,34.4693],[-119.5802,34.4692],[-119.58,34.4691],[-119.5799,34.469],[-119.58,34.4688]]]}},{"type":"Feature","properties":{"id":"29W02","name":null,"kind":"trail","access":"green","seasonal":true},"geometry":{"type":"LineString","coordinates":[[-119.9836,34.7557],[-119.9837,34.7558],[-119.9838,34.7559],[-119.9839,34.7559],[-119.9839,34.756],[-119.984,34.756],[-119.9841,34.7561],[-119.9842,34.7561],[-119.9843,34.7562],[-119.9844,34.7562],[-119.9845,34.7563],[-119.9846,34.7563],[-119.9846,34.7564],[-119.9846,34.7565],[-119.9845,34.7565],[-119.9844,34.7564],[-119.9843,34.7564],[-119.9842,34.7564],[-119.9841,34.7563],[-119.984,34.7563],[-119.9839,34.7563],[-119.9838,34.7563],[-119.9835,34.7561],[-119.9834,34.7561],[-119.9833,34.7561],[-119.9833,34.756],[-119.9832,34.7561],[-119.9831,34.7561],[-119.9832,34.7562],[-119.9834,34.7563],[-119.9835,34.7563],[-119.9835,34.7564],[-119.9836,34.7564],[-119.9837,34.7565],[-119.9838,34.7566],[-119.9839,34.7567],[-119.984,34.7568],[-119.984,34.7569],[-119.9841,34.7569],[-119.9841,34.757],[-119.9841,34.7571],[-119.9841,34.7572],[-119.9841,34.7573],[-119.984,34.7573],[-119.984,34.7574],[-119.9839,34.7573],[-119.9838,34.7572],[-119.9838,34.7571],[-119.9838,34.757],[-119.9837,34.757],[-119.9836,34.757],[-119.9836,34.7569],[-119.9835,34.7569],[-119.9834,34.7569],[-119.9833,34.7569],[-119.9832,34.7569],[-119.9831,34.7569],[-119.983,34.7568],[-119.9827,34.757],[-119.9826,34.757],[-119.9824,34.7572],[-119.9824,34.7573],[-119.9824,34.7574],[-119.9824,34.7575],[-119.9823,34.7575],[-119.9823,34.7576],[-119.9823,34.7577],[-119.9822,34.7578],[-119.9822,34.7579],[-119.9818,34.7581],[-119.9817,34.7581],[-119.9816,34.7581],[-119.9815,34.7581],[-119.9814,34.7581],[-119.9813,34.7581],[-119.9812,34.7581],[-119.9811,34.7581],[-119.981,34.7581],[-119.9809,34.7581],[-119.9808,34.758],[-119.9807,34.758],[-119.9807,34.7579],[-119.9807,34.7578],[-119.9807,34.7577],[-119.9806,34.7577],[-119.9806,34.7576],[-119.9806,34.7575],[-119.9805,34.7575],[-119.9805,34.7574],[-119.9804,34.7574],[-119.9803,34.7573],[-119.9802,34.7573],[-119.9801,34.7572],[-119.98,34.7571],[-119.98,34.757],[-119.9799,34.757],[-119.9798,34.7569],[-119.9797,34.7569],[-119.9797,34.7568],[-119.9796,34.7568],[-119.9795,34.7568],[-119.9794,34.7568],[-119.9793,34.7568],[-119.9792,34.7569],[-119.9791,34.7569],[-119.979,34.7569],[-119.9789,34.7569],[-119.9789,34.757],[-119.9788,34.757],[-119.9787,34.7571],[-119.9786,34.7571],[-119.9785,34.7572],[-119.9784,34.7572],[-119.9783,34.7572],[-119.9783,34.7573],[-119.9782,34.7573],[-119.9782,34.7574],[-119.9781,34.7574],[-119.9781,34.7575],[-119.9779,34.7575],[-119.9779,34.7576],[-119.9778,34.7576],[-119.9777,34.7577],[-119.9775,34.7577],[-119.9774,34.7577],[-119.9773,34.7577],[-119.9772,34.7578],[-119.9771,34.7578],[-119.977,34.7578],[-119.977,34.7579],[-119.9769,34.7579],[-119.9768,34.7579],[-119.9767,34.7579],[-119.9766,34.7578],[-119.9765,34.7578],[-119.9764,34.7578],[-119.9763,34.7578],[-119.9762,34.7578],[-119.9762,34.7577],[-119.9761,34.7577],[-119.976,34.7577],[-119.9759,34.7577],[-119.9759,34.7576],[-119.9758,34.7576],[-119.9758,34.7575],[-119.9758,34.7574],[-119.9759,34.7574],[-119.9759,34.7573],[-119.976,34.7572],[-119.976,34.7571],[-119.9759,34.7571],[-119.9758,34.7571],[-119.9757,34.7571],[-119.9757,34.7572],[-119.9756,34.7572],[-119.9755,34.7573],[-119.9755,34.7574],[-119.9755,34.7575],[-119.9755,34.7576],[-119.9754,34.7576],[-119.9755,34.7577],[-119.9755,34.7578],[-119.9756,34.7578],[-119.9756,34.7579],[-119.9757,34.7579],[-119.9757,34.758],[-119.9758,34.758],[-119.9758,34.7581],[-119.9759,34.7581],[-119.9759,34.7582],[-119.976,34.7582],[-119.9761,34.7583],[-119.9762,34.7583],[-119.9763,34.7583],[-119.9764,34.7583],[-119.9765,34.7583],[-119.9765,34.7584],[-119.9766,34.7584],[-119.9766,34.7585],[-119.9767,34.7585],[-119.9766,34.7586],[-119.9766,34.7587],[-119.9767,34.7588],[-119.9767,34.7589],[-119.9767,34.759],[-119.9766,34.7591],[-119.9766,34.7592],[-119.9765,34.7593],[-119.9764,34.7594],[-119.9764,34.7595],[-119.9764,34.7596],[-119.9763,34.7597],[-119.9762,34.7598],[-119.9761,34.7598],[-119.9761,34.7597],[-119.976,34.7597],[-119.976,34.7596],[-119.976,34.7595],[-119.976,34.7594],[-119.976,34.7593],[-119.976,34.7592],[-119.976,34.7591],[-119.9761,34.7591],[-119.9761,34.759],[-119.976,34.759],[-119.976,34.7589],[-119.9759,34.7589],[-119.9758,34.7589],[-119.9758,34.7588],[-119.9757,34.7588],[-119.9756,34.7587],[-119.9755,34.7587],[-119.9754,34.7587],[-119.9753,34.7587],[-119.9752,34.7587],[-119.9751,34.7587],[-119.9751,34.7586],[-119.975,34.7585],[-119.9749,34.7584],[-119.9748,34.7584],[-119.9747,34.7584],[-119.9746,34.7585],[-119.9745,34.7585],[-119.9744,34.7585],[-119.9744,34.7584],[-119.9743,34.7584],[-119.9742,34.7584],[-119.9742,34.7583],[-119.9742,34.7582],[-119.9743,34.7582],[-119.9743,34.7581],[-119.9742,34.7582],[-119.9741,34.7582],[-119.9741,34.7583],[-119.974,34.7583],[-119.974,34.7584],[-119.9739,34.7584],[-119.9738,34.7584],[-119.9738,34.7585],[-119.9737,34.7585],[-119.9737,34.7586],[-119.9736,34.7586],[-119.9735,34.7586],[-119.9734,34.7587],[-119.9734,34.7588],[-119.9735,34.7589],[-119.9735,34.759],[-119.9736,34.759],[-119.9736,34.7591],[-119.9736,34.7592],[-119.9735,34.7592],[-119.9735,34.7591],[-119.9734,34.759],[-119.9733,34.759],[-119.9732,34.759],[-119.9731,34.7591],[-119.973,34.7592],[-119.9729,34.7593],[-119.9729,34.7594],[-119.9728,34.7595],[-119.9728,34.7596],[-119.9728,34.7597],[-119.9727,34.7598],[-119.9726,34.7598],[-119.9725,34.7599],[-119.9724,34.76],[-119.9723,34.76],[-119.9722,34.76],[-119.9721,34.7601],[-119.972,34.7602],[-119.9719,34.7603],[-119.9718,34.7604],[-119.9717,34.7604],[-119.9717,34.7605],[-119.9716,34.7605],[-119.9715,34.7606],[-119.9714,34.7606],[-119.9714,34.7607],[-119.9713,34.7607],[-119.9712,34.7608],[-119.9711,34.7608],[-119.971,34.7608],[-119.9709,34.7608],[-119.9708,34.7608],[-119.9707,34.7608],[-119.9706,34.7608],[-119.9705,34.7608],[-119.9705,34.7607],[-119.9704,34.7607],[-119.9703,34.7607],[-119.9702,34.7607],[-119.9701,34.7606],[-119.97,34.7606],[-119.9699,34.7606],[-119.9698,34.7606],[-119.9697,34.7606],[-119.9697,34.7605],[-119.9696,34.7605],[-119.9695,34.7605],[-119.9694,34.7604],[-119.9693,34.7604],[-119.9692,34.7603],[-119.9691,34.7603],[-119.9691,34.7602],[-119.969,34.7602],[-119.9689,34.7601],[-119.9688,34.76],[-119.9688,34.7599],[-119.9687,34.7598],[-119.9686,34.7598],[-119.9685,34.7599],[-119.9685,34.76],[-119.9684,34.76],[-119.9683,34.76],[-119.9682,34.76],[-119.9681,34.76],[-119.968,34.76],[-119.9679,34.7601],[-119.9678,34.7602],[-119.9677,34.7602],[-119.9676,34.7602],[-119.9675,34.7602],[-119.9675,34.7603],[-119.9674,34.7603],[-119.9673,34.7603],[-119.9672,34.7604],[-119.9671,34.7604],[-119.967,34.7604],[-119.9669,34.7604],[-119.9668,34.7604],[-119.9667,34.7604],[-119.9666,34.7604],[-119.9665,34.7603],[-119.9664,34.7602],[-119.9663,34.7602],[-119.9662,34.7602],[-119.9661,34.7601],[-119.966,34.7601],[-119.9659,34.7601],[-119.9658,34.7601],[-119.9657,34.7601],[-119.9656,34.7601],[-119.9655,34.7601],[-119.9654,34.7602],[-119.9653,34.7602],[-119.9652,34.7602],[-119.9651,34.7602],[-119.9651,34.7603],[-119.965,34.7603],[-119.9649,34.7603],[-119.9649,34.7604],[-119.9648,34.7605],[-119.9648,34.7606],[-119.9647,34.7606],[-119.9647,34.7607],[-119.9646,34.7607],[-119.9646,34.7608],[-119.9645,34.7608],[-119.9644,34.7608],[-119.9643,34.7608],[-119.9642,34.7608],[-119.9641,34.7608],[-119.964,34.7608],[-119.9639,34.7608],[-119.9639,34.7607],[-119.9638,34.7607],[-119.9638,34.7606],[-119.9637,34.7606],[-119.9636,34.7606],[-119.9635,34.7606],[-119.9634,34.7606],[-119.9633,34.7606],[-119.9632,34.7606],[-119.9631,34.7606],[-119.963,34.7606],[-119.9629,34.7606],[-119.9628,34.7606],[-119.9627,34.7606],[-119.9626,34.7606],[-119.9625,34.7606],[-119.9624,34.7606],[-119.9623,34.7606],[-119.9623,34.7605],[-119.9622,34.7605],[-119.9621,34.7605],[-119.962,34.7604],[-119.9619,34.7603],[-119.9618,34.7603],[-119.9618,34.7602],[-119.9618,34.7601],[-119.9619,34.7601],[-119.9619,34.76],[-119.9619,34.7599],[-119.962,34.7599],[-119.962,34.7598],[-119.962,34.7597],[-119.962,34.7596],[-119.9621,34.7596],[-119.9621,34.7595],[-119.9622,34.7595],[-119.9622,34.7594],[-119.9623,34.7594],[-119.9623,34.7593],[-119.9624,34.7593],[-119.9624,34.7592],[-119.9625,34.7591],[-119.9626,34.759],[-119.9626,34.7589],[-119.9626,34.7588],[-119.9627,34.7588],[-119.9628,34.7587],[-119.9628,34.7586],[-119.9629,34.7586],[-119.9629,34.7585],[-119.963,34.7585],[-119.9631,34.7584],[-119.9632,34.7583],[-119.9633,34.7583],[-119.9633,34.7582],[-119.9632,34.7582],[-119.9631,34.7583],[-119.963,34.7583],[-119.963,34.7584],[-119.9629,34.7584],[-119.9628,34.7584],[-119.9627,34.7584],[-119.9626,34.7585],[-119.9625,34.7585],[-119.9625,34.7586],[-119.9624,34.7586],[-119.9623,34.7586],[-119.9622,34.7587],[-119.9621,34.7586],[-119.962,34.7586],[-119.9619,34.7586],[-119.9618,34.7586],[-119.9618,34.7585],[-119.9617,34.7585],[-119.9616,34.7585],[-119.9616,34.7584],[-119.9615,34.7584],[-119.9614,34.7584],[-119.9613,34.7584],[-119.9612,34.7585],[-119.9611,34.7585],[-119.9611,34.7586],[-119.961,34.7586],[-119.961,34.7587],[-119.961,34.7588],[-119.9609,34.7589],[-119.9609,34.759],[-119.9609,34.7591],[-119.9609,34.7592],[-119.9609,34.7593],[-119.9608,34.7594],[-119.9607,34.7594],[-119.9606,34.7594],[-119.9606,34.7593],[-119.9605,34.7593],[-119.9604,34.7592],[-119.9603,34.7592],[-119.9603,34.7591],[-119.9602,34.7591],[-119.9601,34.7592],[-119.96,34.7592],[-119.9599,34.7592],[-119.9599,34.7593],[-119.9598,34.7593],[-119.9597,34.7593],[-119.9597,34.7594],[-119.9596,34.7594],[-119.9596,34.7595],[-119.9596,34.7596],[-119.9596,34.7597],[-119.9595,34.7598],[-119.9594,34.7598],[-119.9593,34.7598],[-119.9592,34.7598],[-119.9592,34.7599],[-119.9591,34.7599],[-119.9591,34.76],[-119.959,34.76],[-119.959,34.7601],[-119.9589,34.7601],[-119.9588,34.7602],[-119.9588,34.7603],[-119.9588,34.7604],[-119.9588,34.7605],[-119.9587,34.7605],[-119.9586,34.7605],[-119.9586,34.7604],[-119.9586,34.7603],[-119.9585,34.7603],[-119.9585,34.7602],[-119.9585,34.7601],[-119.9586,34.76],[-119.9586,34.7599],[-119.9587,34.7599],[-119.9587,34.7598],[-119.9587,34.7597],[-119.9587,34.7596],[-119.9588,34.7596],[-119.9589,34.7596],[-119.9589,34.7595],[-119.959,34.7595],[-119.959,34.7594],[-119.959,34.7593],[-119.9589,34.7593],[-119.9589,34.7592],[-119.9588,34.7592],[-119.9588,34.7591],[-119.9588,34.759],[-119.9589,34.7589],[-119.959,34.7589],[-119.9591,34.7589],[-119.9592,34.7589],[-119.9592,34.7588],[-119.9593,34.7588],[-119.9593,34.7587],[-119.9593,34.7586],[-119.9592,34.7586],[-119.9592,34.7585],[-119.9592,34.7586],[-119.9592,34.7587],[-119.9592,34.7588],[-119.9591,34.7588],[-119.959,34.7588],[-119.9589,34.7588],[-119.9588,34.7588],[-119.9587,34.7588],[-119.9586,34.7588],[-119.9585,34.7589],[-119.9584,34.7589],[-119.9584,34.759],[-119.9584,34.7591],[-119.9584,34.7592],[-119.9584,34.7593],[-119.9583,34.7593],[-119.9582,34.7593],[-119.9581,34.7593],[-119.958,34.7593],[-119.9579,34.7593],[-119.9578,34.7593],[-119.9577,34.7593],[-119.9576,34.7592],[-119.9575,34.7592],[-119.9574,34.7591],[-119.9573,34.7591],[-119.9572,34.7591],[-119.9572,34.759],[-119.9571,34.759],[-119.957,34.759],[-119.9569,34.759],[-119.9569,34.7591],[-119.9568,34.7591],[-119.9567,34.7592],[-119.9566,34.7592],[-119.9565,34.7593],[-119.9565,34.7594],[-119.9564,34.7595],[-119.9564,34.7596],[-119.9564,34.7597],[-119.9563,34.7598],[-119.9563,34.7599],[-119.9562,34.76],[-119.9562,34.7601],[-119.9562,34.7602],[-119.9562,34.7603],[-119.9563,34.7604],[-119.9564,34.7605],[-119.9565,34.7606],[-119.9565,34.7607],[-119.9565,34.7608],[-119.9565,34.7609],[-119.9565,34.761],[-119.9566,34.761],[-119.9566,34.7611],[-119.9566,34.7612],[-119.9567,34.7612],[-119.9567,34.7613],[-119.9567,34.7614],[-119.9566,34.7614],[-119.9565,34.7614],[-119.9565,34.7613],[-119.9564,34.7613],[-119.9564,34.7612],[-119.9564,34.7611],[-119.9564,34.761],[-119.9563,34.7609],[-119.9563,34.7608],[-119.9562,34.7607],[-119.9561,34.7607],[-119.956,34.7606],[-119.9559,34.7606],[-119.9558,34.7605],[-119.9557,34.7605],[-119.9556,34.7605],[-119.9555,34.7604],[-119.9554,34.7604],[-119.9554,34.7603],[-119.9553,34.7602],[-119.9552,34.7602],[-119.9552,34.7601],[-119.9551,34.7601],[-119.955,34.7602],[-119.9549,34.7602],[-119.9548,34.7602],[-119.9547,34.7603],[-119.9546,34.7603],[-119.9545,34.7603],[-119.9544,34.7603],[-119.9543,34.7604],[-119.9542,34.7605],[-119.9542,34.7606],[-119.9541,34.7606],[-119.954,34.7606]]}},{"type":"Feature","properties":{"id":"27W23","name":null,"kind":"trail","access":"green","seasonal":false},"geometry":{"type":"LineString","coordinates":[[-119.7316,34.5967],[-119.7317,34.5966],[-119.7319,34.5964],[-119.7321,34.5963],[-119.7323,34.5962],[-119.7323,34.5961],[-119.7323,34.5958],[-119.7322,34.5956],[-119.7321,34.5954],[-119.732,34.5952],[-119.7319,34.5949],[-119.7318,34.5946],[-119.7318,34.5944],[-119.7319,34.5942],[-119.7321,34.5941],[-119.7323,34.594],[-119.7325,34.5941],[-119.7328,34.5943],[-119.733,34.5944],[-119.7333,34.5946],[-119.7335,34.5948],[-119.7337,34.5949],[-119.7337,34.5951],[-119.7337,34.5953],[-119.7337,34.5954],[-119.7337,34.5956],[-119.7336,34.5957],[-119.7336,34.5959],[-119.7336,34.596],[-119.7337,34.5962],[-119.7338,34.5964],[-119.734,34.5965],[-119.7342,34.5965],[-119.7344,34.5965],[-119.7346,34.5964],[-119.7348,34.5964],[-119.7351,34.5964],[-119.7352,34.5965],[-119.7353,34.5967],[-119.7354,34.5969],[-119.7356,34.597],[-119.7358,34.597],[-119.7359,34.5971],[-119.7361,34.5972],[-119.7362,34.5973],[-119.7364,34.5974],[-119.7365,34.5976],[-119.7366,34.5977],[-119.7367,34.5979],[-119.7369,34.598],[-119.737,34.5981],[-119.7372,34.5982],[-119.7374,34.5983],[-119.7376,34.5984],[-119.7378,34.5985],[-119.7379,34.5987],[-119.738,34.5989],[-119.738,34.599],[-119.7381,34.5991],[-119.7382,34.5993],[-119.7383,34.5993],[-119.7384,34.5992],[-119.7386,34.5992],[-119.7389,34.5992],[-119.7392,34.5992],[-119.7394,34.5993],[-119.7396,34.5994],[-119.7398,34.5996],[-119.74,34.5997],[-119.7402,34.5999],[-119.7404,34.6],[-119.7407,34.6001],[-119.7409,34.6002],[-119.7411,34.6002],[-119.7412,34.6003],[-119.7413,34.6004],[-119.7415,34.6004],[-119.7416,34.6005],[-119.7418,34.6005],[-119.7421,34.6005],[-119.7424,34.6006],[-119.7427,34.6006],[-119.7429,34.6007],[-119.7433,34.6008],[-119.7437,34.6008],[-119.744,34.6008],[-119.7442,34.601],[-119.7444,34.6011],[-119.7445,34.6013],[-119.7447,34.6015],[-119.7449,34.6016],[-119.7452,34.6018],[-119.7454,34.6018],[-119.7455,34.6018],[-119.7456,34.6018],[-119.7458,34.6018],[-119.746,34.6018],[-119.7462,34.6017],[-119.7463,34.6016],[-119.7464,34.6016],[-119.7464,34.6015],[-119.7465,34.6014],[-119.7466,34.6012],[-119.7466,34.6011],[-119.7466,34.601],[-119.7466,34.6009],[-119.7465,34.6008],[-119.7463,34.6008],[-119.7462,34.6007],[-119.746,34.6007],[-119.7459,34.6007],[-119.7457,34.6006]]}},{"type":"Feature","properties":{"id":"27W28","name":null,"kind":"trail","access":"green","seasonal":true},"geometry":{"type":"LineString","coordinates":[[-119.72,34.5654],[-119.7204,34.5648],[-119.7207,34.5644],[-119.721,34.5639],[-119.7209,34.5634],[-119.72,34.5635],[-119.7194,34.5632],[-119.7187,34.5628],[-119.7184,34.5622],[-119.7178,34.5617],[-119.7176,34.5608],[-119.7171,34.5602],[-119.7166,34.5597],[-119.7158,34.5595],[-119.7151,34.5592],[-119.7143,34.5595],[-119.7136,34.5593],[-119.7129,34.5591],[-119.7121,34.5586],[-119.7114,34.5581],[-119.7104,34.5573],[-119.7099,34.5566],[-119.709,34.5561],[-119.7082,34.5557],[-119.7072,34.5549],[-119.7066,34.5544],[-119.706,34.5539],[-119.7053,34.5533],[-119.7044,34.553],[-119.7035,34.5523],[-119.7023,34.5519],[-119.7013,34.5515],[-119.6999,34.5513],[-119.6995,34.5508],[-119.699,34.5503],[-119.6979,34.5501],[-119.6971,34.5499],[-119.6965,34.5494],[-119.6955,34.5492],[-119.6943,34.5487],[-119.6937,34.5484],[-119.693,34.5481],[-119.6923,34.5478],[-119.6917,34.5475],[-119.691,34.5472]]}}]}