<?xml version="1.0" encoding="UTF-8"?>
<gpx version="1.1" creator="dirt-bikes build-loop-gpx (composite of existing route GPX)" xmlns="http://www.topografix.com/GPX/1/1">
  <metadata><name>Rowher Flats: Divide &amp; Pelona Plated Day</name></metadata>
  <trk><name>Sierra Pelona Road</name>
    <trkseg>
      <trkpt lat="34.52645" lon="-118.44236"><ele>617.0</ele></trkpt>
      <trkpt lat="34.52642" lon="-118.44221"><ele>617.0</ele></trkpt>
      <trkpt lat="34.52642" lon="-118.44213"><ele>617.0</ele></trkpt>
      <trkpt lat="34.52643" lon="-118.44199"><ele>617.0</ele></trkpt>
      <trkpt lat="34.52643" lon="-118.44189"><ele>617.0</ele></trkpt>
      <trkpt lat="34.52643" lon="-118.44179"><ele>617.0</ele></trkpt>
      <trkpt lat="34.52640" lon="-118.44174"><ele>617.0</ele></trkpt>
      <trkpt lat="34.52638" lon="-118.44171"><ele>623.0</ele></trkpt>
      <trkpt lat="34.52632" lon="-118.44171"><ele>623.0</ele></trkpt>
      <trkpt lat="34.52623" lon="-118.44175"><ele>623.0</ele></trkpt>
      <trkpt lat="34.52617" lon="-118.44180"><ele>623.0</ele></trkpt>
      <trkpt lat="34.52608" lon="-118.44186"><ele>623.0</ele></trkpt>
      <trkpt lat="34.52601" lon="-118.44191"><ele>623.0</ele></trkpt>
      <trkpt lat="34.52590" lon="-118.44200"><ele>623.0</ele></trkpt>
      <trkpt lat="34.52574" lon="-118.44206"><ele>623.0</ele></trkpt>
      <trkpt lat="34.52567" lon="-118.44206"><ele>623.0</ele></trkpt>
      <trkpt lat="34.52556" lon="-118.44199"><ele>623.0</ele></trkpt>
      <trkpt lat="34.52555" lon="-118.44198"><ele>623.0</ele></trkpt>
      <trkpt lat="34.52544" lon="-118.44190"><ele>623.0</ele></trkpt>
      <trkpt lat="34.52539" lon="-118.44179"><ele>623.0</ele></trkpt>
      <trkpt lat="34.52533" lon="-118.44165"><ele>633.0</ele></trkpt>
      <trkpt lat="34.52529" lon="-118.44152"><ele>633.0</ele></trkpt>
      <trkpt lat="34.52529" lon="-118.44141"><ele>633.0</ele></trkpt>
      <trkpt lat="34.52534" lon="-118.44136"><ele>633.0</ele></trkpt>
      <trkpt lat="34.52540" lon="-118.44131"><ele>633.0</ele></trkpt>
      <trkpt lat="34.52540" lon="-118.44130"><ele>633.0</ele></trkpt>
      <trkpt lat="34.52546" lon="-118.44130"><ele>633.0</ele></trkpt>
      <trkpt lat="34.52553" lon="-118.44135"><ele>633.0</ele></trkpt>
      <trkpt lat="34.52555" lon="-118.44139"><ele>633.0</ele></trkpt>
      <trkpt lat="34.52559" lon="-118.44147"><ele>633.0</ele></trkpt>
      <trkpt lat="34.52564" lon="-118.44159"><ele>633.0</ele></trkpt>
      <trkpt lat="34.52567" lon="-118.44169"><ele>633.0</ele></trkpt>
      <trkpt lat="34.52570" lon="-118.44171"><ele>633.0</ele></trkpt>
      <trkpt lat="34.52575" lon="-118.44172"><ele>633.0</ele></trkpt>
      <trkpt lat="34.52577" lon="-118.44172"><ele>642.0</ele></trkpt>
      <trkpt lat="34.52581" lon="-118.44172"><ele>642.0</ele></trkpt>
      <trkpt lat="34.52587" lon="-118.44168"><ele>642.0</ele></trkpt>
      <trkpt lat="34.52593" lon="-118.44163"><ele>642.0</ele></trkpt>
      <trkpt lat="34.52600" lon="-118.44156"><ele>642.0</ele></trkpt>
      <trkpt lat="34.52603" lon="-118.44147"><ele>642.0</ele></trkpt>
      <trkpt lat="34.52603" lon="-118.44125"><ele>642.0</ele></trkpt>
      <trkpt lat="34.52604" lon="-118.44110"><ele>642.0</ele></trkpt>
      <trkpt lat="34.52606" lon="-118.44097"><ele>642.0</ele></trkpt>
      <trkpt lat="34.52607" lon="-118.44088"><ele>642.0</ele></trkpt>
      <trkpt lat="34.52607" lon="-118.44081"><ele>642.0</ele></trkpt>
      <trkpt lat="34.52611" lon="-118.44069"><ele>642.0</ele></trkpt>
      <trkpt lat="34.52614" lon="-118.44060"><ele>642.0</ele></trkpt>
      <trkpt lat="34.52616" lon="-118.44052"><ele>679.0</ele></trkpt>
      <trkpt lat="34.52618" lon="-118.44043"><ele>679.0</ele></trkpt>
      <trkpt lat="34.52617" lon="-118.44030"><ele>679.0</ele></trkpt>
      <trkpt lat="34.52616" lon="-118.44019"><ele>679.0</ele></trkpt>
      <trkpt lat="34.52616" lon="-118.44008"><ele>679.0</ele></trkpt>
      <trkpt lat="34.52614" lon="-118.43993"><ele>679.0</ele></trkpt>
      <trkpt lat="34.52614" lon="-118.43983"><ele>679.0</ele></trkpt>
      <trkpt lat="34.52615" lon="-118.43973"><ele>679.0</ele></trkpt>
      <trkpt lat="34.52619" lon="-118.43961"><ele>679.0</ele></trkpt>
      <trkpt lat="34.52622" lon="-118.43953"><ele>679.0</ele></trkpt>
      <trkpt lat="34.52627" lon="-118.43943"><ele>679.0</ele></trkpt>
      <trkpt lat="34.52631" lon="-118.43935"><ele>679.0</ele></trkpt>
      <trkpt lat="34.52635" lon="-118.43925"><ele>679.0</ele></trkpt>
      <trkpt lat="34.52643" lon="-118.43909"><ele>683.0</ele></trkpt>
      <trkpt lat="34.52648" lon="-118.43899"><ele>683.0</ele></trkpt>
      <trkpt lat="34.52657" lon="-118.43897"><ele>683.0</ele></trkpt>
      <trkpt lat="34.52659" lon="-118.43900"><ele>683.0</ele></trkpt>
      <trkpt lat="34.52662" lon="-118.43904"><ele>683.0</ele></trkpt>
      <trkpt lat="34.52664" lon="-118.43918"><ele>683.0</ele></trkpt>
      <trkpt lat="34.52665" lon="-118.43928"><ele>683.0</ele></trkpt>
      <trkpt lat="34.52668" lon="-118.43941"><ele>683.0</ele></trkpt>
      <trkpt lat="34.52668" lon="-118.43943"><ele>683.0</ele></trkpt>
      <trkpt lat="34.52671" lon="-118.43951"><ele>683.0</ele></trkpt>
      <trkpt lat="34.52675" lon="-118.43962"><ele>683.0</ele></trkpt>
      <trkpt lat="34.52682" lon="-118.43969"><ele>683.0</ele></trkpt>
      <trkpt lat="34.52690" lon="-118.43976"><ele>683.0</ele></trkpt>
      <trkpt lat="34.52693" lon="-118.43979"><ele>675.0</ele></trkpt>
      <trkpt lat="34.52698" lon="-118.43985"><ele>675.0</ele></trkpt>
      <trkpt lat="34.52700" lon="-118.43987"><ele>675.0</ele></trkpt>
      <trkpt lat="34.52702" lon="-118.43997"><ele>675.0</ele></trkpt>
      <trkpt lat="34.52706" lon="-118.44011"><ele>675.0</ele></trkpt>
      <trkpt lat="34.52703" lon="-118.44026"><ele>675.0</ele></trkpt>
      <trkpt lat="34.52704" lon="-118.44032"><ele>675.0</ele></trkpt>
      <trkpt lat="34.52706" lon="-118.44043"><ele>675.0</ele></trkpt>
      <trkpt lat="34.52710" lon="-118.44053"><ele>675.0</ele></trkpt>
      <trkpt lat="34.52712" lon="-118.44059"><ele>675.0</ele></trkpt>
      <trkpt lat="34.52717" lon="-118.44070"><ele>675.0</ele></trkpt>
      <trkpt lat="34.52720" lon="-118.44077"><ele>675.0</ele></trkpt>
      <trkpt lat="34.52720" lon="-118.44084"><ele>675.0</ele></trkpt>
      <trkpt lat="34.52722" lon="-118.44091"><ele>677.0</ele></trkpt>
      <trkpt lat="34.52723" lon="-118.44097"><ele>677.0</ele></trkpt>
      <trkpt lat="34.52728" lon="-118.44104"><ele>677.0</ele></trkpt>
      <trkpt lat="34.52732" lon="-118.44110"><ele>677.0</ele></trkpt>
      <trkpt lat="34.52739" lon="-118.44110"><ele>677.0</ele></trkpt>
      <trkpt lat="34.52741" lon="-118.44111"><ele>677.0</ele></trkpt>
      <trkpt lat="34.52745" lon="-118.44107"><ele>677.0</ele></trkpt>
      <trkpt lat="34.52745" lon="-118.44099"><ele>677.0</ele></trkpt>
      <trkpt lat="34.52742" lon="-118.44092"><ele>677.0</ele></trkpt>
      <trkpt lat="34.52739" lon="-118.44080"><ele>677.0</ele></trkpt>
      <trkpt lat="34.52739" lon="-118.44071"><ele>677.0</ele></trkpt>
      <trkpt lat="34.52740" lon="-118.44061"><ele>677.0</ele></trkpt>
      <trkpt lat="34.52739" lon="-118.44048"><ele>677.0</ele></trkpt>
      <trkpt lat="34.52739" lon="-118.44039"><ele>695.0</ele></trkpt>
      <trkpt lat="34.52740" lon="-118.44028"><ele>695.0</ele></trkpt>
      <trkpt lat="34.52740" lon="-118.44019"><ele>695.0</ele></trkpt>
      <trkpt lat="34.52740" lon="-118.44014"><ele>695.0</ele></trkpt>
      <trkpt lat="34.52739" lon="-118.44007"><ele>695.0</ele></trkpt>
      <trkpt lat="34.52737" lon="-118.43992"><ele>695.0</ele></trkpt>
      <trkpt lat="34.52736" lon="-118.43985"><ele>695.0</ele></trkpt>
      <trkpt lat="34.52730" lon="-118.43964"><ele>695.0</ele></trkpt>
      <trkpt lat="34.52727" lon="-118.43953"><ele>695.0</ele></trkpt>
      <trkpt lat="34.52726" lon="-118.43935"><ele>695.0</ele></trkpt>
      <trkpt lat="34.52726" lon="-118.43922"><ele>695.0</ele></trkpt>
      <trkpt lat="34.52726" lon="-118.43909"><ele>695.0</ele></trkpt>
      <trkpt lat="34.52724" lon="-118.43895"><ele>695.0</ele></trkpt>
      <trkpt lat="34.52725" lon="-118.43883"><ele>695.0</ele></trkpt>
      <trkpt lat="34.52725" lon="-118.43868"><ele>732.0</ele></trkpt>
      <trkpt lat="34.52729" lon="-118.43854"><ele>732.0</ele></trkpt>
      <trkpt lat="34.52731" lon="-118.43844"><ele>732.0</ele></trkpt>
      <trkpt lat="34.52736" lon="-118.43835"><ele>732.0</ele></trkpt>
      <trkpt lat="34.52742" lon="-118.43819"><ele>732.0</ele></trkpt>
      <trkpt lat="34.52744" lon="-118.43807"><ele>732.0</ele></trkpt>
      <trkpt lat="34.52743" lon="-118.43793"><ele>732.0</ele></trkpt>
      <trkpt lat="34.52743" lon="-118.43776"><ele>732.0</ele></trkpt>
      <trkpt lat="34.52750" lon="-118.43765"><ele>732.0</ele></trkpt>
      <trkpt lat="34.52755" lon="-118.43755"><ele>732.0</ele></trkpt>
      <trkpt lat="34.52760" lon="-118.43753"><ele>732.0</ele></trkpt>
      <trkpt lat="34.52767" lon="-118.43745"><ele>732.0</ele></trkpt>
      <trkpt lat="34.52775" lon="-118.43738"><ele>732.0</ele></trkpt>
      <trkpt lat="34.52780" lon="-118.43731"><ele>756.0</ele></trkpt>
      <trkpt lat="34.52784" lon="-118.43723"><ele>756.0</ele></trkpt>
      <trkpt lat="34.52789" lon="-118.43713"><ele>756.0</ele></trkpt>
      <trkpt lat="34.52797" lon="-118.43703"><ele>756.0</ele></trkpt>
      <trkpt lat="34.52803" lon="-118.43698"><ele>756.0</ele></trkpt>
      <trkpt lat="34.52807" lon="-118.43693"><ele>756.0</ele></trkpt>
      <trkpt lat="34.52809" lon="-118.43683"><ele>756.0</ele></trkpt>
      <trkpt lat="34.52811" lon="-118.43674"><ele>756.0</ele></trkpt>
      <trkpt lat="34.52812" lon="-118.43656"><ele>756.0</ele></trkpt>
      <trkpt lat="34.52814" lon="-118.43645"><ele>756.0</ele></trkpt>
      <trkpt lat="34.52818" lon="-118.43637"><ele>756.0</ele></trkpt>
      <trkpt lat="34.52825" lon="-118.43630"><ele>756.0</ele></trkpt>
      <trkpt lat="34.52828" lon="-118.43626"><ele>756.0</ele></trkpt>
      <trkpt lat="34.52835" lon="-118.43620"><ele>772.0</ele></trkpt>
      <trkpt lat="34.52846" lon="-118.43605"><ele>772.0</ele></trkpt>
      <trkpt lat="34.52851" lon="-118.43601"><ele>772.0</ele></trkpt>
      <trkpt lat="34.52856" lon="-118.43590"><ele>772.0</ele></trkpt>
      <trkpt lat="34.52866" lon="-118.43567"><ele>772.0</ele></trkpt>
      <trkpt lat="34.52872" lon="-118.43553"><ele>772.0</ele></trkpt>
      <trkpt lat="34.52881" lon="-118.43543"><ele>772.0</ele></trkpt>
      <trkpt lat="34.52888" lon="-118.43539"><ele>772.0</ele></trkpt>
      <trkpt lat="34.52895" lon="-118.43535"><ele>772.0</ele></trkpt>
      <trkpt lat="34.52903" lon="-118.43532"><ele>772.0</ele></trkpt>
      <trkpt lat="34.52908" lon="-118.43528"><ele>772.0</ele></trkpt>
      <trkpt lat="34.52911" lon="-118.43521"><ele>772.0</ele></trkpt>
      <trkpt lat="34.52906" lon="-118.43510"><ele>772.0</ele></trkpt>
      <trkpt lat="34.52895" lon="-118.43505"><ele>772.0</ele></trkpt>
      <trkpt lat="34.52893" lon="-118.43504"><ele>772.0</ele></trkpt>
      <trkpt lat="34.52881" lon="-118.43510"><ele>772.0</ele></trkpt>
      <trkpt lat="34.52873" lon="-118.43517"><ele>772.0</ele></trkpt>
      <trkpt lat="34.52866" lon="-118.43523"><ele>772.0</ele></trkpt>
      <trkpt lat="34.52855" lon="-118.43536"><ele>772.0</ele></trkpt>
      <trkpt lat="34.52854" lon="-118.43538"><ele>772.0</ele></trkpt>
      <trkpt lat="34.52853" lon="-118.43538"><ele>772.0</ele></trkpt>
      <trkpt lat="34.52845" lon="-118.43540"><ele>772.0</ele></trkpt>
      <trkpt lat="34.52840" lon="-118.43539"><ele>772.0</ele></trkpt>
      <trkpt lat="34.52819" lon="-118.43539"><ele>772.0</ele></trkpt>
      <trkpt lat="34.52818" lon="-118.43539"><ele>772.0</ele></trkpt>
      <trkpt lat="34.52807" lon="-118.43537"><ele>772.0</ele></trkpt>
      <trkpt lat="34.52790" lon="-118.43534"><ele>790.0</ele></trkpt>
      <trkpt lat="34.52783" lon="-118.43533"><ele>790.0</ele></trkpt>
      <trkpt lat="34.52769" lon="-118.43531"><ele>790.0</ele></trkpt>
      <trkpt lat="34.52764" lon="-118.43529"><ele>790.0</ele></trkpt>
      <trkpt lat="34.52755" lon="-118.43533"><ele>790.0</ele></trkpt>
      <trkpt lat="34.52750" lon="-118.43539"><ele>790.0</ele></trkpt>
      <trkpt lat="34.52750" lon="-118.43549"><ele>790.0</ele></trkpt>
      <trkpt lat="34.52753" lon="-118.43567"><ele>790.0</ele></trkpt>
      <trkpt lat="34.52756" lon="-118.43581"><ele>790.0</ele></trkpt>
      <trkpt lat="34.52757" lon="-118.43594"><ele>790.0</ele></trkpt>
      <trkpt lat="34.52757" lon="-118.43600"><ele>790.0</ele></trkpt>
      <trkpt lat="34.52757" lon="-118.43601"><ele>790.0</ele></trkpt>
      <trkpt lat="34.52749" lon="-118.43616"><ele>790.0</ele></trkpt>
      <trkpt lat="34.52737" lon="-118.43624"><ele>790.0</ele></trkpt>
      <trkpt lat="34.52736" lon="-118.43625"><ele>779.0</ele></trkpt>
      <trkpt lat="34.52729" lon="-118.43628"><ele>779.0</ele></trkpt>
      <trkpt lat="34.52714" lon="-118.43630"><ele>779.0</ele></trkpt>
      <trkpt lat="34.52702" lon="-118.43631"><ele>779.0</ele></trkpt>
      <trkpt lat="34.52696" lon="-118.43628"><ele>779.0</ele></trkpt>
      <trkpt lat="34.52694" lon="-118.43626"><ele>779.0</ele></trkpt>
      <trkpt lat="34.52689" lon="-118.43610"><ele>779.0</ele></trkpt>
      <trkpt lat="34.52686" lon="-118.43600"><ele>779.0</ele></trkpt>
      <trkpt lat="34.52682" lon="-118.43589"><ele>779.0</ele></trkpt>
      <trkpt lat="34.52678" lon="-118.43579"><ele>779.0</ele></trkpt>
      <trkpt lat="34.52673" lon="-118.43563"><ele>779.0</ele></trkpt>
      <trkpt lat="34.52669" lon="-118.43557"><ele>779.0</ele></trkpt>
      <trkpt lat="34.52659" lon="-118.43553"><ele>779.0</ele></trkpt>
      <trkpt lat="34.52651" lon="-118.43548"><ele>808.0</ele></trkpt>
      <trkpt lat="34.52638" lon="-118.43539"><ele>808.0</ele></trkpt>
      <trkpt lat="34.52627" lon="-118.43528"><ele>808.0</ele></trkpt>
      <trkpt lat="34.52619" lon="-118.43512"><ele>808.0</ele></trkpt>
      <trkpt lat="34.52608" lon="-118.43490"><ele>808.0</ele></trkpt>
      <trkpt lat="34.52606" lon="-118.43484"><ele>808.0</ele></trkpt>
      <trkpt lat="34.52600" lon="-118.43471"><ele>808.0</ele></trkpt>
      <trkpt lat="34.52595" lon="-118.43462"><ele>808.0</ele></trkpt>
      <trkpt lat="34.52590" lon="-118.43450"><ele>808.0</ele></trkpt>
      <trkpt lat="34.52583" lon="-118.43432"><ele>808.0</ele></trkpt>
      <trkpt lat="34.52581" lon="-118.43422"><ele>808.0</ele></trkpt>
      <trkpt lat="34.52579" lon="-118.43415"><ele>808.0</ele></trkpt>
      <trkpt lat="34.52573" lon="-118.43411"><ele>808.0</ele></trkpt>
      <trkpt lat="34.52573" lon="-118.43411"><ele>824.0</ele></trkpt>
      <trkpt lat="34.52566" lon="-118.43409"><ele>824.0</ele></trkpt>
      <trkpt lat="34.52557" lon="-118.43415"><ele>824.0</ele></trkpt>
      <trkpt lat="34.52550" lon="-118.43424"><ele>824.0</ele></trkpt>
      <trkpt lat="34.52540" lon="-118.43444"><ele>824.0</ele></trkpt>
      <trkpt lat="34.52534" lon="-118.43453"><ele>824.0</ele></trkpt>
      <trkpt lat="34.52524" lon="-118.43462"><ele>824.0</ele></trkpt>
      <trkpt lat="34.52520" lon="-118.43463"><ele>824.0</ele></trkpt>
      <trkpt lat="34.52517" lon="-118.43464"><ele>824.0</ele></trkpt>
      <trkpt lat="34.52501" lon="-118.43475"><ele>824.0</ele></trkpt>
      <trkpt lat="34.52488" lon="-118.43482"><ele>824.0</ele></trkpt>
      <trkpt lat="34.52469" lon="-118.43493"><ele>824.0</ele></trkpt>
      <trkpt lat="34.52454" lon="-118.43500"><ele>824.0</ele></trkpt>
      <trkpt lat="34.52436" lon="-118.43510"><ele>841.0</ele></trkpt>
      <trkpt lat="34.52418" lon="-118.43514"><ele>841.0</ele></trkpt>
      <trkpt lat="34.52410" lon="-118.43516"><ele>841.0</ele></trkpt>
      <trkpt lat="34.52398" lon="-118.43516"><ele>841.0</ele></trkpt>
      <trkpt lat="34.52384" lon="-118.43510"><ele>841.0</ele></trkpt>
      <trkpt lat="34.52375" lon="-118.43505"><ele>841.0</ele></trkpt>
      <trkpt lat="34.52368" lon="-118.43501"><ele>841.0</ele></trkpt>
      <trkpt lat="34.52355" lon="-118.43494"><ele>841.0</ele></trkpt>
      <trkpt lat="34.52346" lon="-118.43491"><ele>841.0</ele></trkpt>
      <trkpt lat="34.52345" lon="-118.43491"><ele>841.0</ele></trkpt>
      <trkpt lat="34.52332" lon="-118.43493"><ele>841.0</ele></trkpt>
      <trkpt lat="34.52327" lon="-118.43497"><ele>841.0</ele></trkpt>
      <trkpt lat="34.52315" lon="-118.43504"><ele>841.0</ele></trkpt>
      <trkpt lat="34.52304" lon="-118.43503"><ele>861.0</ele></trkpt>
      <trkpt lat="34.52297" lon="-118.43503"><ele>861.0</ele></trkpt>
      <trkpt lat="34.52288" lon="-118.43503"><ele>861.0</ele></trkpt>
      <trkpt lat="34.52271" lon="-118.43500"><ele>861.0</ele></trkpt>
      <trkpt lat="34.52258" lon="-118.43499"><ele>861.0</ele></trkpt>
      <trkpt lat="34.52238" lon="-118.43504"><ele>861.0</ele></trkpt>
      <trkpt lat="34.52229" lon="-118.43507"><ele>861.0</ele></trkpt>
      <trkpt lat="34.52224" lon="-118.43508"><ele>861.0</ele></trkpt>
      <trkpt lat="34.52204" lon="-118.43509"><ele>861.0</ele></trkpt>
      <trkpt lat="34.52200" lon="-118.43511"><ele>861.0</ele></trkpt>
      <trkpt lat="34.52191" lon="-118.43513"><ele>861.0</ele></trkpt>
      <trkpt lat="34.52182" lon="-118.43518"><ele>861.0</ele></trkpt>
      <trkpt lat="34.52176" lon="-118.43526"><ele>861.0</ele></trkpt>
      <trkpt lat="34.52167" lon="-118.43532"><ele>864.0</ele></trkpt>
      <trkpt lat="34.52163" lon="-118.43535"><ele>864.0</ele></trkpt>
      <trkpt lat="34.52145" lon="-118.43544"><ele>864.0</ele></trkpt>
      <trkpt lat="34.52138" lon="-118.43548"><ele>864.0</ele></trkpt>
      <trkpt lat="34.52129" lon="-118.43552"><ele>864.0</ele></trkpt>
      <trkpt lat="34.52117" lon="-118.43564"><ele>864.0</ele></trkpt>
      <trkpt lat="34.52110" lon="-118.43573"><ele>864.0</ele></trkpt>
      <trkpt lat="34.52104" lon="-118.43579"><ele>864.0</ele></trkpt>
      <trkpt lat="34.52101" lon="-118.43585"><ele>864.0</ele></trkpt>
      <trkpt lat="34.52093" lon="-118.43602"><ele>864.0</ele></trkpt>
      <trkpt lat="34.52086" lon="-118.43608"><ele>864.0</ele></trkpt>
      <trkpt lat="34.52079" lon="-118.43612"><ele>864.0</ele></trkpt>
      <trkpt lat="34.52075" lon="-118.43612"><ele>864.0</ele></trkpt>
      <trkpt lat="34.52067" lon="-118.43608"><ele>864.0</ele></trkpt>
      <trkpt lat="34.52065" lon="-118.43602"><ele>871.0</ele></trkpt>
      <trkpt lat="34.52063" lon="-118.43596"><ele>871.0</ele></trkpt>
      <trkpt lat="34.52071" lon="-118.43583"><ele>871.0</ele></trkpt>
      <trkpt lat="34.52084" lon="-118.43570"><ele>871.0</ele></trkpt>
      <trkpt lat="34.52091" lon="-118.43559"><ele>871.0</ele></trkpt>
      <trkpt lat="34.52101" lon="-118.43549"><ele>871.0</ele></trkpt>
      <trkpt lat="34.52115" lon="-118.43530"><ele>871.0</ele></trkpt>
      <trkpt lat="34.52123" lon="-118.43521"><ele>871.0</ele></trkpt>
      <trkpt lat="34.52138" lon="-118.43500"><ele>871.0</ele></trkpt>
      <trkpt lat="34.52148" lon="-118.43492"><ele>871.0</ele></trkpt>
      <trkpt lat="34.52153" lon="-118.43486"><ele>871.0</ele></trkpt>
      <trkpt lat="34.52154" lon="-118.43484"><ele>871.0</ele></trkpt>
      <trkpt lat="34.52161" lon="-118.43476"><ele>871.0</ele></trkpt>
      <trkpt lat="34.52167" lon="-118.43470"><ele>902.0</ele></trkpt>
      <trkpt lat="34.52175" lon="-118.43465"><ele>902.0</ele></trkpt>
      <trkpt lat="34.52190" lon="-118.43456"><ele>902.0</ele></trkpt>
      <trkpt lat="34.52204" lon="-118.43450"><ele>902.0</ele></trkpt>
      <trkpt lat="34.52222" lon="-118.43441"><ele>902.0</ele></trkpt>
      <trkpt lat="34.52232" lon="-118.43431"><ele>902.0</ele></trkpt>
      <trkpt lat="34.52254" lon="-118.43417"><ele>902.0</ele></trkpt>
      <trkpt lat="34.52264" lon="-118.43409"><ele>902.0</ele></trkpt>
      <trkpt lat="34.52283" lon="-118.43397"><ele>902.0</ele></trkpt>
      <trkpt lat="34.52294" lon="-118.43390"><ele>902.0</ele></trkpt>
      <trkpt lat="34.52300" lon="-118.43388"><ele>902.0</ele></trkpt>
      <trkpt lat="34.52306" lon="-118.43378"><ele>902.0</ele></trkpt>
      <trkpt lat="34.52314" lon="-118.43371"><ele>902.0</ele></trkpt>
      <trkpt lat="34.52317" lon="-118.43362"><ele>918.0</ele></trkpt>
      <trkpt lat="34.52323" lon="-118.43353"><ele>918.0</ele></trkpt>
      <trkpt lat="34.52329" lon="-118.43350"><ele>918.0</ele></trkpt>
      <trkpt lat="34.52337" lon="-118.43345"><ele>918.0</ele></trkpt>
      <trkpt lat="34.52350" lon="-118.43334"><ele>918.0</ele></trkpt>
      <trkpt lat="34.52357" lon="-118.43323"><ele>918.0</ele></trkpt>
      <trkpt lat="34.52362" lon="-118.43313"><ele>918.0</ele></trkpt>
      <trkpt lat="34.52369" lon="-118.43300"><ele>918.0</ele></trkpt>
      <trkpt lat="34.52381" lon="-118.43277"><ele>918.0</ele></trkpt>
      <trkpt lat="34.52388" lon="-118.43262"><ele>918.0</ele></trkpt>
      <trkpt lat="34.52392" lon="-118.43250"><ele>918.0</ele></trkpt>
      <trkpt lat="34.52395" lon="-118.43242"><ele>918.0</ele></trkpt>
      <trkpt lat="34.52399" lon="-118.43232"><ele>918.0</ele></trkpt>
      <trkpt lat="34.52404" lon="-118.43224"><ele>936.0</ele></trkpt>
      <trkpt lat="34.52410" lon="-118.43218"><ele>936.0</ele></trkpt>
      <trkpt lat="34.52413" lon="-118.43216"><ele>936.0</ele></trkpt>
      <trkpt lat="34.52414" lon="-118.43215"><ele>936.0</ele></trkpt>
      <trkpt lat="34.52417" lon="-118.43209"><ele>936.0</ele></trkpt>
      <trkpt lat="34.52426" lon="-118.43191"><ele>936.0</ele></trkpt>
      <trkpt lat="34.52431" lon="-118.43175"><ele>936.0</ele></trkpt>
      <trkpt lat="34.52437" lon="-118.43165"><ele>936.0</ele></trkpt>
      <trkpt lat="34.52445" lon="-118.43155"><ele>936.0</ele></trkpt>
      <trkpt lat="34.52448" lon="-118.43151"><ele>936.0</ele></trkpt>
      <trkpt lat="34.52455" lon="-118.43147"><ele>936.0</ele></trkpt>
      <trkpt lat="34.52470" lon="-118.43145"><ele>936.0</ele></trkpt>
      <trkpt lat="34.52486" lon="-118.43142"><ele>936.0</ele></trkpt>
      <trkpt lat="34.52506" lon="-118.43138"><ele>945.0</ele></trkpt>
      <trkpt lat="34.52522" lon="-118.43132"><ele>945.0</ele></trkpt>
      <trkpt lat="34.52537" lon="-118.43125"><ele>945.0</ele></trkpt>
      <trkpt lat="34.52553" lon="-118.43112"><ele>945.0</ele></trkpt>
      <trkpt lat="34.52561" lon="-118.43107"><ele>945.0</ele></trkpt>
      <trkpt lat="34.52571" lon="-118.43099"><ele>945.0</ele></trkpt>
      <trkpt lat="34.52580" lon="-118.43087"><ele>945.0</ele></trkpt>
      <trkpt lat="34.52589" lon="-118.43072"><ele>945.0</ele></trkpt>
      <trkpt lat="34.52600" lon="-118.43054"><ele>945.0</ele></trkpt>
      <trkpt lat="34.52605" lon="-118.43039"><ele>945.0</ele></trkpt>
      <trkpt lat="34.52614" lon="-118.43020"><ele>945.0</ele></trkpt>
      <trkpt lat="34.52616" lon="-118.43017"><ele>945.0</ele></trkpt>
      <trkpt lat="34.52618" lon="-118.43013"><ele>945.0</ele></trkpt>
      <trkpt lat="34.52626" lon="-118.42999"><ele>953.0</ele></trkpt>
      <trkpt lat="34.52633" lon="-118.42985"><ele>953.0</ele></trkpt>
      <trkpt lat="34.52644" lon="-118.42963"><ele>953.0</ele></trkpt>
      <trkpt lat="34.52653" lon="-118.42950"><ele>953.0</ele></trkpt>
      <trkpt lat="34.52654" lon="-118.42949"><ele>953.0</ele></trkpt>
      <trkpt lat="34.52667" lon="-118.42926"><ele>953.0</ele></trkpt>
      <trkpt lat="34.52678" lon="-118.42912"><ele>953.0</ele></trkpt>
      <trkpt lat="34.52682" lon="-118.42908"><ele>953.0</ele></trkpt>
      <trkpt lat="34.52688" lon="-118.42902"><ele>953.0</ele></trkpt>
      <trkpt lat="34.52693" lon="-118.42895"><ele>953.0</ele></trkpt>
      <trkpt lat="34.52705" lon="-118.42881"><ele>953.0</ele></trkpt>
      <trkpt lat="34.52712" lon="-118.42876"><ele>953.0</ele></trkpt>
      <trkpt lat="34.52723" lon="-118.42867"><ele>953.0</ele></trkpt>
      <trkpt lat="34.52724" lon="-118.42866"><ele>953.0</ele></trkpt>
      <trkpt lat="34.52736" lon="-118.42857"><ele>955.0</ele></trkpt>
      <trkpt lat="34.52746" lon="-118.42855"><ele>955.0</ele></trkpt>
      <trkpt lat="34.52756" lon="-118.42853"><ele>955.0</ele></trkpt>
      <trkpt lat="34.52771" lon="-118.42855"><ele>955.0</ele></trkpt>
      <trkpt lat="34.52780" lon="-118.42855"><ele>955.0</ele></trkpt>
      <trkpt lat="34.52789" lon="-118.42855"><ele>955.0</ele></trkpt>
      <trkpt lat="34.52797" lon="-118.42858"><ele>955.0</ele></trkpt>
      <trkpt lat="34.52803" lon="-118.42859"><ele>955.0</ele></trkpt>
      <trkpt lat="34.52809" lon="-118.42859"><ele>955.0</ele></trkpt>
      <trkpt lat="34.52816" lon="-118.42858"><ele>955.0</ele></trkpt>
      <trkpt lat="34.52823" lon="-118.42857"><ele>955.0</ele></trkpt>
      <trkpt lat="34.52828" lon="-118.42856"><ele>955.0</ele></trkpt>
      <trkpt lat="34.52834" lon="-118.42854"><ele>955.0</ele></trkpt>
      <trkpt lat="34.52840" lon="-118.42848"><ele>956.0</ele></trkpt>
      <trkpt lat="34.52847" lon="-118.42842"><ele>956.0</ele></trkpt>
      <trkpt lat="34.52855" lon="-118.42834"><ele>956.0</ele></trkpt>
      <trkpt lat="34.52861" lon="-118.42827"><ele>956.0</ele></trkpt>
      <trkpt lat="34.52866" lon="-118.42823"><ele>956.0</ele></trkpt>
      <trkpt lat="34.52876" lon="-118.42813"><ele>956.0</ele></trkpt>
      <trkpt lat="34.52889" lon="-118.42806"><ele>956.0</ele></trkpt>
      <trkpt lat="34.52894" lon="-118.42805"><ele>956.0</ele></trkpt>
      <trkpt lat="34.52899" lon="-118.42804"><ele>956.0</ele></trkpt>
      <trkpt lat="34.52904" lon="-118.42804"><ele>956.0</ele></trkpt>
      <trkpt lat="34.52920" lon="-118.42802"><ele>956.0</ele></trkpt>
      <trkpt lat="34.52922" lon="-118.42802"><ele>956.0</ele></trkpt>
      <trkpt lat="34.52924" lon="-118.42802"><ele>956.0</ele></trkpt>
      <trkpt lat="34.52932" lon="-118.42801"><ele>952.0</ele></trkpt>
      <trkpt lat="34.52948" lon="-118.42796"><ele>952.0</ele></trkpt>
      <trkpt lat="34.52955" lon="-118.42794"><ele>952.0</ele></trkpt>
      <trkpt lat="34.52966" lon="-118.42791"><ele>952.0</ele></trkpt>
      <trkpt lat="34.52986" lon="-118.42787"><ele>952.0</ele></trkpt>
      <trkpt lat="34.52999" lon="-118.42784"><ele>952.0</ele></trkpt>
      <trkpt lat="34.53016" lon="-118.42781"><ele>952.0</ele></trkpt>
      <trkpt lat="34.53033" lon="-118.42774"><ele>952.0</ele></trkpt>
      <trkpt lat="34.53047" lon="-118.42766"><ele>952.0</ele></trkpt>
      <trkpt lat="34.53057" lon="-118.42755"><ele>952.0</ele></trkpt>
      <trkpt lat="34.53065" lon="-118.42746"><ele>952.0</ele></trkpt>
      <trkpt lat="34.53070" lon="-118.42740"><ele>952.0</ele></trkpt>
      <trkpt lat="34.53079" lon="-118.42729"><ele>952.0</ele></trkpt>
      <trkpt lat="34.53087" lon="-118.42716"><ele>968.0</ele></trkpt>
      <trkpt lat="34.53094" lon="-118.42707"><ele>968.0</ele></trkpt>
      <trkpt lat="34.53100" lon="-118.42702"><ele>968.0</ele></trkpt>
      <trkpt lat="34.53106" lon="-118.42696"><ele>968.0</ele></trkpt>
      <trkpt lat="34.53117" lon="-118.42688"><ele>968.0</ele></trkpt>
      <trkpt lat="34.53128" lon="-118.42683"><ele>968.0</ele></trkpt>
      <trkpt lat="34.53134" lon="-118.42680"><ele>968.0</ele></trkpt>
      <trkpt lat="34.53140" lon="-118.42677"><ele>968.0</ele></trkpt>
      <trkpt lat="34.53149" lon="-118.42675"><ele>968.0</ele></trkpt>
      <trkpt lat="34.53157" lon="-118.42673"><ele>968.0</ele></trkpt>
      <trkpt lat="34.53164" lon="-118.42672"><ele>968.0</ele></trkpt>
      <trkpt lat="34.53171" lon="-118.42671"><ele>968.0</ele></trkpt>
      <trkpt lat="34.53181" lon="-118.42671"><ele>968.0</ele></trkpt>
      <trkpt lat="34.53191" lon="-118.42669"><ele>984.0</ele></trkpt>
      <trkpt lat="34.53196" lon="-118.42667"><ele>984.0</ele></trkpt>
      <trkpt lat="34.53202" lon="-118.42665"><ele>984.0</ele></trkpt>
      <trkpt lat="34.53213" lon="-118.42663"><ele>984.0</ele></trkpt>
      <trkpt lat="34.53222" lon="-118.42665"><ele>984.0</ele></trkpt>
      <trkpt lat="34.53237" lon="-118.42667"><ele>984.0</ele></trkpt>
      <trkpt lat="34.53253" lon="-118.42674"><ele>984.0</ele></trkpt>
      <trkpt lat="34.53259" lon="-118.42679"><ele>984.0</ele></trkpt>
      <trkpt lat="34.53265" lon="-118.42685"><ele>984.0</ele></trkpt>
      <trkpt lat="34.53288" lon="-118.42709"><ele>984.0</ele></trkpt>
      <trkpt lat="34.53300" lon="-118.42729"><ele>984.0</ele></trkpt>
      <trkpt lat="34.53317" lon="-118.42741"><ele>984.0</ele></trkpt>
      <trkpt lat="34.53326" lon="-118.42744"><ele>984.0</ele></trkpt>
      <trkpt lat="34.53336" lon="-118.42747"><ele>984.0</ele></trkpt>
      <trkpt lat="34.53348" lon="-118.42746"><ele>1000.0</ele></trkpt>
      <trkpt lat="34.53366" lon="-118.42744"><ele>1000.0</ele></trkpt>
      <trkpt lat="34.53385" lon="-118.42738"><ele>1000.0</ele></trkpt>
      <trkpt lat="34.53407" lon="-118.42733"><ele>1000.0</ele></trkpt>
      <trkpt lat="34.53420" lon="-118.42731"><ele>1000.0</ele></trkpt>
      <trkpt lat="34.53439" lon="-118.42729"><ele>1000.0</ele></trkpt>
      <trkpt lat="34.53454" lon="-118.42730"><ele>1000.0</ele></trkpt>
      <trkpt lat="34.53475" lon="-118.42730"><ele>1000.0</ele></trkpt>
      <trkpt lat="34.53490" lon="-118.42732"><ele>1000.0</ele></trkpt>
      <trkpt lat="34.53512" lon="-118.42736"><ele>1000.0</ele></trkpt>
      <trkpt lat="34.53524" lon="-118.42738"><ele>1000.0</ele></trkpt>
      <trkpt lat="34.53535" lon="-118.42743"><ele>1000.0</ele></trkpt>
      <trkpt lat="34.53536" lon="-118.42744"><ele>1000.0</ele></trkpt>
      <trkpt lat="34.53545" lon="-118.42747"><ele>1015.0</ele></trkpt>
      <trkpt lat="34.53558" lon="-118.42752"><ele>1015.0</ele></trkpt>
      <trkpt lat="34.53569" lon="-118.42758"><ele>1015.0</ele></trkpt>
      <trkpt lat="34.53580" lon="-118.42760"><ele>1015.0</ele></trkpt>
      <trkpt lat="34.53591" lon="-118.42761"><ele>1015.0</ele></trkpt>
      <trkpt lat="34.53600" lon="-118.42760"><ele>1015.0</ele></trkpt>
      <trkpt lat="34.53611" lon="-118.42758"><ele>1015.0</ele></trkpt>
      <trkpt lat="34.53616" lon="-118.42760"><ele>1015.0</ele></trkpt>
      <trkpt lat="34.53624" lon="-118.42759"><ele>1015.0</ele></trkpt>
      <trkpt lat="34.53632" lon="-118.42757"><ele>1015.0</ele></trkpt>
      <trkpt lat="34.53642" lon="-118.42755"><ele>1015.0</ele></trkpt>
      <trkpt lat="34.53649" lon="-118.42750"><ele>1015.0</ele></trkpt>
      <trkpt lat="34.53659" lon="-118.42752"><ele>1015.0</ele></trkpt>
      <trkpt lat="34.53661" lon="-118.42752"><ele>1016.0</ele></trkpt>
      <trkpt lat="34.53667" lon="-118.42752"><ele>1016.0</ele></trkpt>
      <trkpt lat="34.53677" lon="-118.42751"><ele>1016.0</ele></trkpt>
      <trkpt lat="34.53682" lon="-118.42750"><ele>1016.0</ele></trkpt>
      <trkpt lat="34.53688" lon="-118.42749"><ele>1016.0</ele></trkpt>
      <trkpt lat="34.53701" lon="-118.42746"><ele>1016.0</ele></trkpt>
      <trkpt lat="34.53716" lon="-118.42738"><ele>1016.0</ele></trkpt>
      <trkpt lat="34.53728" lon="-118.42733"><ele>1016.0</ele></trkpt>
      <trkpt lat="34.53738" lon="-118.42728"><ele>1016.0</ele></trkpt>
      <trkpt lat="34.53738" lon="-118.42728"><ele>1016.0</ele></trkpt>
      <trkpt lat="34.53750" lon="-118.42717"><ele>1016.0</ele></trkpt>
      <trkpt lat="34.53767" lon="-118.42700"><ele>1016.0</ele></trkpt>
      <trkpt lat="34.53778" lon="-118.42689"><ele>1016.0</ele></trkpt>
      <trkpt lat="34.53799" lon="-118.42672"><ele>1022.0</ele></trkpt>
      <trkpt lat="34.53828" lon="-118.42657"><ele>1022.0</ele></trkpt>
      <trkpt lat="34.53845" lon="-118.42647"><ele>1022.0</ele></trkpt>
      <trkpt lat="34.53861" lon="-118.42634"><ele>1022.0</ele></trkpt>
      <trkpt lat="34.53878" lon="-118.42621"><ele>1022.0</ele></trkpt>
      <trkpt lat="34.53894" lon="-118.42612"><ele>1022.0</ele></trkpt>
      <trkpt lat="34.53907" lon="-118.42601"><ele>1022.0</ele></trkpt>
      <trkpt lat="34.53909" lon="-118.42600"><ele>1022.0</ele></trkpt>
      <trkpt lat="34.53925" lon="-118.42589"><ele>1022.0</ele></trkpt>
      <trkpt lat="34.53941" lon="-118.42578"><ele>1022.0</ele></trkpt>
      <trkpt lat="34.53947" lon="-118.42575"><ele>1022.0</ele></trkpt>
      <trkpt lat="34.53956" lon="-118.42570"><ele>1022.0</ele></trkpt>
      <trkpt lat="34.53971" lon="-118.42560"><ele>1022.0</ele></trkpt>
      <trkpt lat="34.53985" lon="-118.42553"><ele>1037.0</ele></trkpt>
      <trkpt lat="34.54002" lon="-118.42548"><ele>1037.0</ele></trkpt>
      <trkpt lat="34.54013" lon="-118.42546"><ele>1037.0</ele></trkpt>
      <trkpt lat="34.54027" lon="-118.42544"><ele>1037.0</ele></trkpt>
      <trkpt lat="34.54038" lon="-118.42543"><ele>1037.0</ele></trkpt>
      <trkpt lat="34.54053" lon="-118.42542"><ele>1037.0</ele></trkpt>
      <trkpt lat="34.54070" lon="-118.42546"><ele>1037.0</ele></trkpt>
      <trkpt lat="34.54080" lon="-118.42547"><ele>1037.0</ele></trkpt>
      <trkpt lat="34.54082" lon="-118.42547"><ele>1037.0</ele></trkpt>
      <trkpt lat="34.54094" lon="-118.42551"><ele>1037.0</ele></trkpt>
      <trkpt lat="34.54109" lon="-118.42552"><ele>1037.0</ele></trkpt>
      <trkpt lat="34.54123" lon="-118.42554"><ele>1037.0</ele></trkpt>
      <trkpt lat="34.54136" lon="-118.42554"><ele>1037.0</ele></trkpt>
      <trkpt lat="34.54140" lon="-118.42554"><ele>1039.0</ele></trkpt>
      <trkpt lat="34.54151" lon="-118.42552"><ele>1039.0</ele></trkpt>
      <trkpt lat="34.54157" lon="-118.42547"><ele>1039.0</ele></trkpt>
      <trkpt lat="34.54160" lon="-118.42545"><ele>1039.0</ele></trkpt>
      <trkpt lat="34.54166" lon="-118.42542"><ele>1039.0</ele></trkpt>
      <trkpt lat="34.54166" lon="-118.42541"><ele>1039.0</ele></trkpt>
      <trkpt lat="34.54167" lon="-118.42541"><ele>1039.0</ele></trkpt>
      <trkpt lat="34.54172" lon="-118.42535"><ele>1039.0</ele></trkpt>
      <trkpt lat="34.54180" lon="-118.42523"><ele>1039.0</ele></trkpt>
      <trkpt lat="34.54185" lon="-118.42510"><ele>1039.0</ele></trkpt>
      <trkpt lat="34.54189" lon="-118.42497"><ele>1039.0</ele></trkpt>
      <trkpt lat="34.54190" lon="-118.42488"><ele>1039.0</ele></trkpt>
      <trkpt lat="34.54191" lon="-118.42486"><ele>1039.0</ele></trkpt>
      <trkpt lat="34.54193" lon="-118.42473"><ele>1039.0</ele></trkpt>
      <trkpt lat="34.54196" lon="-118.42459"><ele>1044.0</ele></trkpt>
      <trkpt lat="34.54197" lon="-118.42448"><ele>1044.0</ele></trkpt>
      <trkpt lat="34.54197" lon="-118.42444"><ele>1044.0</ele></trkpt>
      <trkpt lat="34.54200" lon="-118.42428"><ele>1044.0</ele></trkpt>
      <trkpt lat="34.54202" lon="-118.42422"><ele>1044.0</ele></trkpt>
      <trkpt lat="34.54204" lon="-118.42412"><ele>1044.0</ele></trkpt>
      <trkpt lat="34.54203" lon="-118.42409"><ele>1044.0</ele></trkpt>
      <trkpt lat="34.54201" lon="-118.42398"><ele>1044.0</ele></trkpt>
      <trkpt lat="34.54194" lon="-118.42381"><ele>1044.0</ele></trkpt>
      <trkpt lat="34.54189" lon="-118.42368"><ele>1044.0</ele></trkpt>
      <trkpt lat="34.54186" lon="-118.42361"><ele>1044.0</ele></trkpt>
      <trkpt lat="34.54181" lon="-118.42346"><ele>1044.0</ele></trkpt>
      <trkpt lat="34.54178" lon="-118.42330"><ele>1044.0</ele></trkpt>
      <trkpt lat="34.54177" lon="-118.42319"><ele>1059.0</ele></trkpt>
      <trkpt lat="34.54177" lon="-118.42307"><ele>1059.0</ele></trkpt>
      <trkpt lat="34.54178" lon="-118.42290"><ele>1059.0</ele></trkpt>
      <trkpt lat="34.54178" lon="-118.42278"><ele>1059.0</ele></trkpt>
      <trkpt lat="34.54179" lon="-118.42263"><ele>1059.0</ele></trkpt>
      <trkpt lat="34.54179" lon="-118.42252"><ele>1059.0</ele></trkpt>
      <trkpt lat="34.54177" lon="-118.42238"><ele>1059.0</ele></trkpt>
      <trkpt lat="34.54178" lon="-118.42225"><ele>1059.0</ele></trkpt>
      <trkpt lat="34.54180" lon="-118.42213"><ele>1059.0</ele></trkpt>
      <trkpt lat="34.54184" lon="-118.42192"><ele>1059.0</ele></trkpt>
      <trkpt lat="34.54188" lon="-118.42182"><ele>1059.0</ele></trkpt>
      <trkpt lat="34.54191" lon="-118.42172"><ele>1059.0</ele></trkpt>
      <trkpt lat="34.54191" lon="-118.42157"><ele>1059.0</ele></trkpt>
      <trkpt lat="34.54188" lon="-118.42145"><ele>1077.0</ele></trkpt>
      <trkpt lat="34.54183" lon="-118.42132"><ele>1077.0</ele></trkpt>
      <trkpt lat="34.54178" lon="-118.42122"><ele>1077.0</ele></trkpt>
      <trkpt lat="34.54172" lon="-118.42111"><ele>1077.0</ele></trkpt>
      <trkpt lat="34.54167" lon="-118.42098"><ele>1077.0</ele></trkpt>
      <trkpt lat="34.54166" lon="-118.42095"><ele>1077.0</ele></trkpt>
      <trkpt lat="34.54163" lon="-118.42081"><ele>1077.0</ele></trkpt>
      <trkpt lat="34.54162" lon="-118.42068"><ele>1077.0</ele></trkpt>
      <trkpt lat="34.54163" lon="-118.42055"><ele>1077.0</ele></trkpt>
      <trkpt lat="34.54165" lon="-118.42043"><ele>1077.0</ele></trkpt>
      <trkpt lat="34.54171" lon="-118.42032"><ele>1077.0</ele></trkpt>
      <trkpt lat="34.54181" lon="-118.42021"><ele>1077.0</ele></trkpt>
      <trkpt lat="34.54189" lon="-118.42013"><ele>1077.0</ele></trkpt>
      <trkpt lat="34.54189" lon="-118.42013"><ele>1085.0</ele></trkpt>
      <trkpt lat="34.54198" lon="-118.42004"><ele>1085.0</ele></trkpt>
      <trkpt lat="34.54206" lon="-118.41997"><ele>1085.0</ele></trkpt>
      <trkpt lat="34.54212" lon="-118.41989"><ele>1085.0</ele></trkpt>
      <trkpt lat="34.54221" lon="-118.41980"><ele>1085.0</ele></trkpt>
      <trkpt lat="34.54229" lon="-118.41973"><ele>1085.0</ele></trkpt>
      <trkpt lat="34.54238" lon="-118.41967"><ele>1085.0</ele></trkpt>
      <trkpt lat="34.54247" lon="-118.41957"><ele>1085.0</ele></trkpt>
      <trkpt lat="34.54254" lon="-118.41947"><ele>1085.0</ele></trkpt>
      <trkpt lat="34.54261" lon="-118.41938"><ele>1085.0</ele></trkpt>
      <trkpt lat="34.54266" lon="-118.41927"><ele>1085.0</ele></trkpt>
      <trkpt lat="34.54271" lon="-118.41910"><ele>1085.0</ele></trkpt>
      <trkpt lat="34.54272" lon="-118.41899"><ele>1085.0</ele></trkpt>
      <trkpt lat="34.54269" lon="-118.41885"><ele>1079.0</ele></trkpt>
      <trkpt lat="34.54267" lon="-118.41861"><ele>1079.0</ele></trkpt>
      <trkpt lat="34.54267" lon="-118.41860"><ele>1079.0</ele></trkpt>
      <trkpt lat="34.54269" lon="-118.41844"><ele>1079.0</ele></trkpt>
      <trkpt lat="34.54275" lon="-118.41828"><ele>1079.0</ele></trkpt>
      <trkpt lat="34.54284" lon="-118.41815"><ele>1079.0</ele></trkpt>
      <trkpt lat="34.54294" lon="-118.41806"><ele>1079.0</ele></trkpt>
      <trkpt lat="34.54305" lon="-118.41795"><ele>1079.0</ele></trkpt>
      <trkpt lat="34.54315" lon="-118.41783"><ele>1079.0</ele></trkpt>
      <trkpt lat="34.54316" lon="-118.41781"><ele>1079.0</ele></trkpt>
      <trkpt lat="34.54317" lon="-118.41780"><ele>1079.0</ele></trkpt>
      <trkpt lat="34.54323" lon="-118.41777"><ele>1079.0</ele></trkpt>
      <trkpt lat="34.54324" lon="-118.41774"><ele>1079.0</ele></trkpt>
      <trkpt lat="34.54329" lon="-118.41766"><ele>1079.0</ele></trkpt>
      <trkpt lat="34.54334" lon="-118.41762"><ele>1065.0</ele></trkpt>
      <trkpt lat="34.54346" lon="-118.41749"><ele>1065.0</ele></trkpt>
      <trkpt lat="34.54358" lon="-118.41733"><ele>1065.0</ele></trkpt>
      <trkpt lat="34.54370" lon="-118.41720"><ele>1065.0</ele></trkpt>
      <trkpt lat="34.54375" lon="-118.41710"><ele>1065.0</ele></trkpt>
      <trkpt lat="34.54377" lon="-118.41690"><ele>1065.0</ele></trkpt>
      <trkpt lat="34.54382" lon="-118.41675"><ele>1065.0</ele></trkpt>
      <trkpt lat="34.54382" lon="-118.41663"><ele>1065.0</ele></trkpt>
      <trkpt lat="34.54383" lon="-118.41653"><ele>1065.0</ele></trkpt>
      <trkpt lat="34.54390" lon="-118.41634"><ele>1065.0</ele></trkpt>
      <trkpt lat="34.54396" lon="-118.41622"><ele>1065.0</ele></trkpt>
      <trkpt lat="34.54403" lon="-118.41612"><ele>1065.0</ele></trkpt>
      <trkpt lat="34.54408" lon="-118.41602"><ele>1065.0</ele></trkpt>
      <trkpt lat="34.54416" lon="-118.41580"><ele>1056.0</ele></trkpt>
      <trkpt lat="34.54422" lon="-118.41565"><ele>1056.0</ele></trkpt>
      <trkpt lat="34.54426" lon="-118.41553"><ele>1056.0</ele></trkpt>
      <trkpt lat="34.54431" lon="-118.41542"><ele>1056.0</ele></trkpt>
      <trkpt lat="34.54434" lon="-118.41539"><ele>1056.0</ele></trkpt>
      <trkpt lat="34.54441" lon="-118.41530"><ele>1056.0</ele></trkpt>
      <trkpt lat="34.54452" lon="-118.41515"><ele>1056.0</ele></trkpt>
      <trkpt lat="34.54459" lon="-118.41505"><ele>1056.0</ele></trkpt>
      <trkpt lat="34.54461" lon="-118.41502"><ele>1056.0</ele></trkpt>
      <trkpt lat="34.54467" lon="-118.41486"><ele>1056.0</ele></trkpt>
      <trkpt lat="34.54468" lon="-118.41485"><ele>1056.0</ele></trkpt>
      <trkpt lat="34.54479" lon="-118.41460"><ele>1056.0</ele></trkpt>
      <trkpt lat="34.54484" lon="-118.41448"><ele>1056.0</ele></trkpt>
      <trkpt lat="34.54485" lon="-118.41445"><ele>1046.0</ele></trkpt>
      <trkpt lat="34.54490" lon="-118.41423"><ele>1046.0</ele></trkpt>
      <trkpt lat="34.54496" lon="-118.41393"><ele>1046.0</ele></trkpt>
      <trkpt lat="34.54498" lon="-118.41371"><ele>1046.0</ele></trkpt>
      <trkpt lat="34.54502" lon="-118.41353"><ele>1046.0</ele></trkpt>
      <trkpt lat="34.54507" lon="-118.41331"><ele>1046.0</ele></trkpt>
      <trkpt lat="34.54511" lon="-118.41309"><ele>1046.0</ele></trkpt>
      <trkpt lat="34.54508" lon="-118.41284"><ele>1046.0</ele></trkpt>
      <trkpt lat="34.54505" lon="-118.41263"><ele>1046.0</ele></trkpt>
      <trkpt lat="34.54504" lon="-118.41260"><ele>1046.0</ele></trkpt>
      <trkpt lat="34.54502" lon="-118.41246"><ele>1046.0</ele></trkpt>
      <trkpt lat="34.54500" lon="-118.41223"><ele>1046.0</ele></trkpt>
      <trkpt lat="34.54500" lon="-118.41204"><ele>1046.0</ele></trkpt>
      <trkpt lat="34.54500" lon="-118.41184"><ele>1056.0</ele></trkpt>
      <trkpt lat="34.54503" lon="-118.41167"><ele>1056.0</ele></trkpt>
      <trkpt lat="34.54511" lon="-118.41148"><ele>1056.0</ele></trkpt>
      <trkpt lat="34.54517" lon="-118.41133"><ele>1056.0</ele></trkpt>
      <trkpt lat="34.54525" lon="-118.41121"><ele>1056.0</ele></trkpt>
      <trkpt lat="34.54537" lon="-118.41107"><ele>1056.0</ele></trkpt>
      <trkpt lat="34.54544" lon="-118.41098"><ele>1056.0</ele></trkpt>
      <trkpt lat="34.54548" lon="-118.41088"><ele>1056.0</ele></trkpt>
      <trkpt lat="34.54550" lon="-118.41079"><ele>1056.0</ele></trkpt>
      <trkpt lat="34.54556" lon="-118.41059"><ele>1056.0</ele></trkpt>
      <trkpt lat="34.54560" lon="-118.41042"><ele>1056.0</ele></trkpt>
      <trkpt lat="34.54561" lon="-118.41020"><ele>1056.0</ele></trkpt>
      <trkpt lat="34.54562" lon="-118.41014"><ele>1056.0</ele></trkpt>
      <trkpt lat="34.54570" lon="-118.40996"><ele>1062.0</ele></trkpt>
      <trkpt lat="34.54577" lon="-118.40984"><ele>1062.0</ele></trkpt>
      <trkpt lat="34.54579" lon="-118.40976"><ele>1062.0</ele></trkpt>
      <trkpt lat="34.54581" lon="-118.40969"><ele>1062.0</ele></trkpt>
      <trkpt lat="34.54581" lon="-118.40969"><ele>1062.0</ele></trkpt>
      <trkpt lat="34.54581" lon="-118.40959"><ele>1062.0</ele></trkpt>
      <trkpt lat="34.54580" lon="-118.40952"><ele>1062.0</ele></trkpt>
      <trkpt lat="34.54570" lon="-118.40944"><ele>1062.0</ele></trkpt>
      <trkpt lat="34.54555" lon="-118.40934"><ele>1062.0</ele></trkpt>
      <trkpt lat="34.54540" lon="-118.40922"><ele>1062.0</ele></trkpt>
      <trkpt lat="34.54524" lon="-118.40914"><ele>1062.0</ele></trkpt>
      <trkpt lat="34.54514" lon="-118.40907"><ele>1062.0</ele></trkpt>
      <trkpt lat="34.54508" lon="-118.40901"><ele>1062.0</ele></trkpt>
      <trkpt lat="34.54501" lon="-118.40893"><ele>1078.0</ele></trkpt>
      <trkpt lat="34.54500" lon="-118.40890"><ele>1078.0</ele></trkpt>
      <trkpt lat="34.54498" lon="-118.40883"><ele>1078.0</ele></trkpt>
      <trkpt lat="34.54498" lon="-118.40882"><ele>1078.0</ele></trkpt>
      <trkpt lat="34.54498" lon="-118.40875"><ele>1078.0</ele></trkpt>
      <trkpt lat="34.54501" lon="-118.40861"><ele>1078.0</ele></trkpt>
      <trkpt lat="34.54503" lon="-118.40851"><ele>1078.0</ele></trkpt>
      <trkpt lat="34.54522" lon="-118.40794"><ele>1078.0</ele></trkpt>
      <trkpt lat="34.54534" lon="-118.40756"><ele>1078.0</ele></trkpt>
      <trkpt lat="34.54545" lon="-118.40714"><ele>1078.0</ele></trkpt>
      <trkpt lat="34.54557" lon="-118.40677"><ele>1078.0</ele></trkpt>
      <trkpt lat="34.54572" lon="-118.40632"><ele>1078.0</ele></trkpt>
      <trkpt lat="34.54583" lon="-118.40599"><ele>1078.0</ele></trkpt>
      <trkpt lat="34.54597" lon="-118.40557"><ele>1078.0</ele></trkpt>
      <trkpt lat="34.54612" lon="-118.40515"><ele>1092.0</ele></trkpt>
      <trkpt lat="34.54614" lon="-118.40510"><ele>1092.0</ele></trkpt>
      <trkpt lat="34.54617" lon="-118.40503"><ele>1092.0</ele></trkpt>
      <trkpt lat="34.54622" lon="-118.40494"><ele>1092.0</ele></trkpt>
      <trkpt lat="34.54622" lon="-118.40489"><ele>1092.0</ele></trkpt>
      <trkpt lat="34.54623" lon="-118.40481"><ele>1092.0</ele></trkpt>
      <trkpt lat="34.54625" lon="-118.40473"><ele>1092.0</ele></trkpt>
      <trkpt lat="34.54627" lon="-118.40465"><ele>1092.0</ele></trkpt>
      <trkpt lat="34.54628" lon="-118.40449"><ele>1092.0</ele></trkpt>
      <trkpt lat="34.54628" lon="-118.40438"><ele>1092.0</ele></trkpt>
      <trkpt lat="34.54631" lon="-118.40396"><ele>1092.0</ele></trkpt>
      <trkpt lat="34.54636" lon="-118.40355"><ele>1092.0</ele></trkpt>
      <trkpt lat="34.54637" lon="-118.40338"><ele>1092.0</ele></trkpt>
      <trkpt lat="34.54640" lon="-118.40324"><ele>1099.0</ele></trkpt>
      <trkpt lat="34.54645" lon="-118.40308"><ele>1099.0</ele></trkpt>
      <trkpt lat="34.54650" lon="-118.40295"><ele>1099.0</ele></trkpt>
      <trkpt lat="34.54658" lon="-118.40284"><ele>1099.0</ele></trkpt>
      <trkpt lat="34.54668" lon="-118.40272"><ele>1099.0</ele></trkpt>
      <trkpt lat="34.54677" lon="-118.40262"><ele>1099.0</ele></trkpt>
      <trkpt lat="34.54680" lon="-118.40258"><ele>1099.0</ele></trkpt>
      <trkpt lat="34.54692" lon="-118.40247"><ele>1099.0</ele></trkpt>
      <trkpt lat="34.54707" lon="-118.40235"><ele>1099.0</ele></trkpt>
      <trkpt lat="34.54717" lon="-118.40226"><ele>1099.0</ele></trkpt>
      <trkpt lat="34.54718" lon="-118.40226"><ele>1099.0</ele></trkpt>
      <trkpt lat="34.54723" lon="-118.40223"><ele>1099.0</ele></trkpt>
      <trkpt lat="34.54733" lon="-118.40213"><ele>1099.0</ele></trkpt>
      <trkpt lat="34.54743" lon="-118.40206"><ele>1094.0</ele></trkpt>
      <trkpt lat="34.54759" lon="-118.40192"><ele>1094.0</ele></trkpt>
      <trkpt lat="34.54767" lon="-118.40185"><ele>1094.0</ele></trkpt>
      <trkpt lat="34.54778" lon="-118.40173"><ele>1094.0</ele></trkpt>
      <trkpt lat="34.54793" lon="-118.40163"><ele>1094.0</ele></trkpt>
      <trkpt lat="34.54801" lon="-118.40155"><ele>1094.0</ele></trkpt>
      <trkpt lat="34.54803" lon="-118.40153"><ele>1094.0</ele></trkpt>
      <trkpt lat="34.54808" lon="-118.40144"><ele>1094.0</ele></trkpt>
      <trkpt lat="34.54813" lon="-118.40133"><ele>1094.0</ele></trkpt>
      <trkpt lat="34.54816" lon="-118.40119"><ele>1094.0</ele></trkpt>
      <trkpt lat="34.54814" lon="-118.40103"><ele>1094.0</ele></trkpt>
      <trkpt lat="34.54812" lon="-118.40090"><ele>1094.0</ele></trkpt>
      <trkpt lat="34.54811" lon="-118.40080"><ele>1094.0</ele></trkpt>
      <trkpt lat="34.54811" lon="-118.40077"><ele>1113.0</ele></trkpt>
      <trkpt lat="34.54810" lon="-118.40065"><ele>1113.0</ele></trkpt>
      <trkpt lat="34.54811" lon="-118.40051"><ele>1113.0</ele></trkpt>
      <trkpt lat="34.54815" lon="-118.40030"><ele>1113.0</ele></trkpt>
      <trkpt lat="34.54819" lon="-118.40004"><ele>1113.0</ele></trkpt>
      <trkpt lat="34.54830" lon="-118.39964"><ele>1113.0</ele></trkpt>
      <trkpt lat="34.54832" lon="-118.39954"><ele>1113.0</ele></trkpt>
      <trkpt lat="34.54839" lon="-118.39929"><ele>1113.0</ele></trkpt>
      <trkpt lat="34.54845" lon="-118.39911"><ele>1113.0</ele></trkpt>
      <trkpt lat="34.54852" lon="-118.39889"><ele>1113.0</ele></trkpt>
      <trkpt lat="34.54856" lon="-118.39874"><ele>1113.0</ele></trkpt>
      <trkpt lat="34.54862" lon="-118.39848"><ele>1113.0</ele></trkpt>
      <trkpt lat="34.54864" lon="-118.39833"><ele>1113.0</ele></trkpt>
      <trkpt lat="34.54869" lon="-118.39809"><ele>1144.0</ele></trkpt>
      <trkpt lat="34.54874" lon="-118.39791"><ele>1144.0</ele></trkpt>
      <trkpt lat="34.54881" lon="-118.39771"><ele>1144.0</ele></trkpt>
      <trkpt lat="34.54886" lon="-118.39755"><ele>1144.0</ele></trkpt>
      <trkpt lat="34.54892" lon="-118.39729"><ele>1144.0</ele></trkpt>
      <trkpt lat="34.54898" lon="-118.39712"><ele>1144.0</ele></trkpt>
      <trkpt lat="34.54908" lon="-118.39690"><ele>1144.0</ele></trkpt>
      <trkpt lat="34.54914" lon="-118.39678"><ele>1144.0</ele></trkpt>
      <trkpt lat="34.54924" lon="-118.39656"><ele>1144.0</ele></trkpt>
      <trkpt lat="34.54929" lon="-118.39641"><ele>1144.0</ele></trkpt>
      <trkpt lat="34.54931" lon="-118.39627"><ele>1144.0</ele></trkpt>
      <trkpt lat="34.54933" lon="-118.39615"><ele>1144.0</ele></trkpt>
      <trkpt lat="34.54933" lon="-118.39605"><ele>1144.0</ele></trkpt>
      <trkpt lat="34.54938" lon="-118.39586"><ele>1144.0</ele></trkpt>
      <trkpt lat="34.54953" lon="-118.39549"><ele>1178.0</ele></trkpt>
      <trkpt lat="34.54969" lon="-118.39514"><ele>1178.0</ele></trkpt>
      <trkpt lat="34.54988" lon="-118.39478"><ele>1178.0</ele></trkpt>
      <trkpt lat="34.55010" lon="-118.39439"><ele>1178.0</ele></trkpt>
      <trkpt lat="34.55028" lon="-118.39406"><ele>1178.0</ele></trkpt>
      <trkpt lat="34.55045" lon="-118.39385"><ele>1178.0</ele></trkpt>
      <trkpt lat="34.55051" lon="-118.39376"><ele>1178.0</ele></trkpt>
      <trkpt lat="34.55056" lon="-118.39365"><ele>1178.0</ele></trkpt>
      <trkpt lat="34.55063" lon="-118.39352"><ele>1178.0</ele></trkpt>
      <trkpt lat="34.55072" lon="-118.39338"><ele>1178.0</ele></trkpt>
      <trkpt lat="34.55074" lon="-118.39334"><ele>1178.0</ele></trkpt>
      <trkpt lat="34.55078" lon="-118.39327"><ele>1178.0</ele></trkpt>
      <trkpt lat="34.55079" lon="-118.39325"><ele>1178.0</ele></trkpt>
      <trkpt lat="34.55084" lon="-118.39319"><ele>1200.0</ele></trkpt>
      <trkpt lat="34.55090" lon="-118.39309"><ele>1200.0</ele></trkpt>
      <trkpt lat="34.55105" lon="-118.39300"><ele>1200.0</ele></trkpt>
      <trkpt lat="34.55120" lon="-118.39290"><ele>1200.0</ele></trkpt>
      <trkpt lat="34.55131" lon="-118.39280"><ele>1200.0</ele></trkpt>
      <trkpt lat="34.55138" lon="-118.39274"><ele>1200.0</ele></trkpt>
      <trkpt lat="34.55147" lon="-118.39260"><ele>1200.0</ele></trkpt>
      <trkpt lat="34.55147" lon="-118.39259"><ele>1200.0</ele></trkpt>
      <trkpt lat="34.55149" lon="-118.39256"><ele>1200.0</ele></trkpt>
      <trkpt lat="34.55151" lon="-118.39250"><ele>1200.0</ele></trkpt>
      <trkpt lat="34.55156" lon="-118.39236"><ele>1200.0</ele></trkpt>
      <trkpt lat="34.55159" lon="-118.39219"><ele>1200.0</ele></trkpt>
      <trkpt lat="34.55162" lon="-118.39207"><ele>1200.0</ele></trkpt>
      <trkpt lat="34.55170" lon="-118.39182"><ele>1223.0</ele></trkpt>
      <trkpt lat="34.55176" lon="-118.39167"><ele>1223.0</ele></trkpt>
      <trkpt lat="34.55184" lon="-118.39155"><ele>1223.0</ele></trkpt>
      <trkpt lat="34.55191" lon="-118.39141"><ele>1223.0</ele></trkpt>
      <trkpt lat="34.55201" lon="-118.39125"><ele>1223.0</ele></trkpt>
      <trkpt lat="34.55213" lon="-118.39111"><ele>1223.0</ele></trkpt>
      <trkpt lat="34.55225" lon="-118.39088"><ele>1223.0</ele></trkpt>
      <trkpt lat="34.55228" lon="-118.39075"><ele>1223.0</ele></trkpt>
      <trkpt lat="34.55233" lon="-118.39060"><ele>1223.0</ele></trkpt>
      <trkpt lat="34.55236" lon="-118.39051"><ele>1223.0</ele></trkpt>
      <trkpt lat="34.55241" lon="-118.39035"><ele>1223.0</ele></trkpt>
      <trkpt lat="34.55239" lon="-118.39026"><ele>1223.0</ele></trkpt>
      <trkpt lat="34.55238" lon="-118.39022"><ele>1223.0</ele></trkpt>
      <trkpt lat="34.55229" lon="-118.39017"><ele>1225.0</ele></trkpt>
      <trkpt lat="34.55214" lon="-118.39017"><ele>1225.0</ele></trkpt>
      <trkpt lat="34.55204" lon="-118.39020"><ele>1225.0</ele></trkpt>
      <trkpt lat="34.55199" lon="-118.39021"><ele>1225.0</ele></trkpt>
      <trkpt lat="34.55198" lon="-118.39021"><ele>1225.0</ele></trkpt>
      <trkpt lat="34.55184" lon="-118.39021"><ele>1225.0</ele></trkpt>
      <trkpt lat="34.55176" lon="-118.39017"><ele>1225.0</ele></trkpt>
      <trkpt lat="34.55166" lon="-118.39013"><ele>1225.0</ele></trkpt>
      <trkpt lat="34.55154" lon="-118.39005"><ele>1225.0</ele></trkpt>
      <trkpt lat="34.55151" lon="-118.39002"><ele>1225.0</ele></trkpt>
      <trkpt lat="34.55148" lon="-118.38998"><ele>1225.0</ele></trkpt>
      <trkpt lat="34.55142" lon="-118.38990"><ele>1225.0</ele></trkpt>
      <trkpt lat="34.55134" lon="-118.38981"><ele>1225.0</ele></trkpt>
      <trkpt lat="34.55129" lon="-118.38965"><ele>1246.0</ele></trkpt>
      <trkpt lat="34.55126" lon="-118.38951"><ele>1246.0</ele></trkpt>
      <trkpt lat="34.55124" lon="-118.38939"><ele>1246.0</ele></trkpt>
      <trkpt lat="34.55121" lon="-118.38923"><ele>1246.0</ele></trkpt>
      <trkpt lat="34.55117" lon="-118.38921"><ele>1246.0</ele></trkpt>
      <trkpt lat="34.55112" lon="-118.38915"><ele>1246.0</ele></trkpt>
      <trkpt lat="34.55108" lon="-118.38913"><ele>1246.0</ele></trkpt>
      <trkpt lat="34.55105" lon="-118.38904"><ele>1246.0</ele></trkpt>
      <trkpt lat="34.55097" lon="-118.38894"><ele>1246.0</ele></trkpt>
      <trkpt lat="34.55087" lon="-118.38888"><ele>1246.0</ele></trkpt>
      <trkpt lat="34.55085" lon="-118.38888"><ele>1246.0</ele></trkpt>
      <trkpt lat="34.55079" lon="-118.38886"><ele>1246.0</ele></trkpt>
      <trkpt lat="34.55072" lon="-118.38889"><ele>1246.0</ele></trkpt>
      <trkpt lat="34.55064" lon="-118.38898"><ele>1243.0</ele></trkpt>
      <trkpt lat="34.55054" lon="-118.38906"><ele>1243.0</ele></trkpt>
      <trkpt lat="34.55047" lon="-118.38911"><ele>1243.0</ele></trkpt>
      <trkpt lat="34.55036" lon="-118.38916"><ele>1243.0</ele></trkpt>
      <trkpt lat="34.55036" lon="-118.38916"><ele>1243.0</ele></trkpt>
      <trkpt lat="34.55022" lon="-118.38911"><ele>1243.0</ele></trkpt>
      <trkpt lat="34.55008" lon="-118.38906"><ele>1243.0</ele></trkpt>
      <trkpt lat="34.54996" lon="-118.38898"><ele>1243.0</ele></trkpt>
      <trkpt lat="34.54992" lon="-118.38895"><ele>1243.0</ele></trkpt>
      <trkpt lat="34.54985" lon="-118.38883"><ele>1243.0</ele></trkpt>
      <trkpt lat="34.54977" lon="-118.38868"><ele>1243.0</ele></trkpt>
      <trkpt lat="34.54974" lon="-118.38863"><ele>1243.0</ele></trkpt>
      <trkpt lat="34.54967" lon="-118.38847"><ele>1243.0</ele></trkpt>
      <trkpt lat="34.54966" lon="-118.38846"><ele>1243.0</ele></trkpt>
      <trkpt lat="34.54966" lon="-118.38844"><ele>1254.0</ele></trkpt>
      <trkpt lat="34.54949" lon="-118.38804"><ele>1254.0</ele></trkpt>
      <trkpt lat="34.54946" lon="-118.38790"><ele>1254.0</ele></trkpt>
      <trkpt lat="34.54946" lon="-118.38789"><ele>1254.0</ele></trkpt>
      <trkpt lat="34.54947" lon="-118.38779"><ele>1254.0</ele></trkpt>
      <trkpt lat="34.54949" lon="-118.38773"><ele>1254.0</ele></trkpt>
      <trkpt lat="34.54949" lon="-118.38771"><ele>1254.0</ele></trkpt>
      <trkpt lat="34.54954" lon="-118.38757"><ele>1254.0</ele></trkpt>
      <trkpt lat="34.54956" lon="-118.38754"><ele>1254.0</ele></trkpt>
      <trkpt lat="34.54962" lon="-118.38746"><ele>1254.0</ele></trkpt>
      <trkpt lat="34.54973" lon="-118.38743"><ele>1254.0</ele></trkpt>
      <trkpt lat="34.54982" lon="-118.38741"><ele>1254.0</ele></trkpt>
      <trkpt lat="34.54986" lon="-118.38741"><ele>1254.0</ele></trkpt>
      <trkpt lat="34.55013" lon="-118.38744"><ele>1276.0</ele></trkpt>
      <trkpt lat="34.55041" lon="-118.38751"><ele>1276.0</ele></trkpt>
      <trkpt lat="34.55048" lon="-118.38753"><ele>1276.0</ele></trkpt>
      <trkpt lat="34.55055" lon="-118.38755"><ele>1276.0</ele></trkpt>
      <trkpt lat="34.55058" lon="-118.38755"><ele>1276.0</ele></trkpt>
      <trkpt lat="34.55071" lon="-118.38755"><ele>1276.0</ele></trkpt>
      <trkpt lat="34.55086" lon="-118.38751"><ele>1276.0</ele></trkpt>
      <trkpt lat="34.55095" lon="-118.38743"><ele>1276.0</ele></trkpt>
      <trkpt lat="34.55097" lon="-118.38741"><ele>1276.0</ele></trkpt>
      <trkpt lat="34.55105" lon="-118.38734"><ele>1276.0</ele></trkpt>
      <trkpt lat="34.55114" lon="-118.38727"><ele>1276.0</ele></trkpt>
      <trkpt lat="34.55128" lon="-118.38716"><ele>1276.0</ele></trkpt>
      <trkpt lat="34.55136" lon="-118.38709"><ele>1276.0</ele></trkpt>
      <trkpt lat="34.55141" lon="-118.38702"><ele>1287.0</ele></trkpt>
      <trkpt lat="34.55148" lon="-118.38689"><ele>1287.0</ele></trkpt>
      <trkpt lat="34.55152" lon="-118.38673"><ele>1287.0</ele></trkpt>
      <trkpt lat="34.55158" lon="-118.38650"><ele>1287.0</ele></trkpt>
      <trkpt lat="34.55160" lon="-118.38630"><ele>1287.0</ele></trkpt>
      <trkpt lat="34.55165" lon="-118.38622"><ele>1287.0</ele></trkpt>
      <trkpt lat="34.55169" lon="-118.38617"><ele>1287.0</ele></trkpt>
      <trkpt lat="34.55175" lon="-118.38612"><ele>1287.0</ele></trkpt>
      <trkpt lat="34.55183" lon="-118.38606"><ele>1287.0</ele></trkpt>
      <trkpt lat="34.55196" lon="-118.38601"><ele>1287.0</ele></trkpt>
      <trkpt lat="34.55213" lon="-118.38601"><ele>1287.0</ele></trkpt>
      <trkpt lat="34.55231" lon="-118.38603"><ele>1287.0</ele></trkpt>
      <trkpt lat="34.55232" lon="-118.38603"><ele>1287.0</ele></trkpt>
      <trkpt lat="34.55247" lon="-118.38601"><ele>1310.0</ele></trkpt>
      <trkpt lat="34.55269" lon="-118.38596"><ele>1310.0</ele></trkpt>
      <trkpt lat="34.55280" lon="-118.38593"><ele>1310.0</ele></trkpt>
      <trkpt lat="34.55280" lon="-118.38593"><ele>1310.0</ele></trkpt>
      <trkpt lat="34.55302" lon="-118.38585"><ele>1310.0</ele></trkpt>
      <trkpt lat="34.55314" lon="-118.38578"><ele>1310.0</ele></trkpt>
      <trkpt lat="34.55315" lon="-118.38577"><ele>1310.0</ele></trkpt>
      <trkpt lat="34.55333" lon="-118.38571"><ele>1310.0</ele></trkpt>
      <trkpt lat="34.55347" lon="-118.38565"><ele>1310.0</ele></trkpt>
      <trkpt lat="34.55352" lon="-118.38563"><ele>1310.0</ele></trkpt>
      <trkpt lat="34.55358" lon="-118.38561"><ele>1310.0</ele></trkpt>
      <trkpt lat="34.55362" lon="-118.38556"><ele>1310.0</ele></trkpt>
      <trkpt lat="34.55362" lon="-118.38556"><ele>1310.0</ele></trkpt>
      <trkpt lat="34.55363" lon="-118.38553"><ele>1315.0</ele></trkpt>
      <trkpt lat="34.55368" lon="-118.38539"><ele>1315.0</ele></trkpt>
      <trkpt lat="34.55371" lon="-118.38513"><ele>1315.0</ele></trkpt>
      <trkpt lat="34.55376" lon="-118.38501"><ele>1315.0</ele></trkpt>
      <trkpt lat="34.55386" lon="-118.38479"><ele>1315.0</ele></trkpt>
      <trkpt lat="34.55396" lon="-118.38463"><ele>1315.0</ele></trkpt>
      <trkpt lat="34.55397" lon="-118.38462"><ele>1315.0</ele></trkpt>
      <trkpt lat="34.55405" lon="-118.38453"><ele>1315.0</ele></trkpt>
      <trkpt lat="34.55413" lon="-118.38447"><ele>1315.0</ele></trkpt>
      <trkpt lat="34.55416" lon="-118.38444"><ele>1315.0</ele></trkpt>
      <trkpt lat="34.55420" lon="-118.38441"><ele>1315.0</ele></trkpt>
      <trkpt lat="34.55426" lon="-118.38437"><ele>1315.0</ele></trkpt>
      <trkpt lat="34.55435" lon="-118.38431"><ele>1315.0</ele></trkpt>
      <trkpt lat="34.55442" lon="-118.38428"><ele>1315.0</ele></trkpt>
      <trkpt lat="34.55454" lon="-118.38425"><ele>1331.0</ele></trkpt>
      <trkpt lat="34.55464" lon="-118.38421"><ele>1331.0</ele></trkpt>
      <trkpt lat="34.55465" lon="-118.38421"><ele>1331.0</ele></trkpt>
      <trkpt lat="34.55475" lon="-118.38411"><ele>1331.0</ele></trkpt>
      <trkpt lat="34.55484" lon="-118.38397"><ele>1331.0</ele></trkpt>
      <trkpt lat="34.55492" lon="-118.38380"><ele>1331.0</ele></trkpt>
      <trkpt lat="34.55502" lon="-118.38365"><ele>1331.0</ele></trkpt>
      <trkpt lat="34.55511" lon="-118.38347"><ele>1331.0</ele></trkpt>
      <trkpt lat="34.55520" lon="-118.38329"><ele>1331.0</ele></trkpt>
      <trkpt lat="34.55521" lon="-118.38321"><ele>1331.0</ele></trkpt>
      <trkpt lat="34.55530" lon="-118.38312"><ele>1331.0</ele></trkpt>
      <trkpt lat="34.55537" lon="-118.38304"><ele>1331.0</ele></trkpt>
      <trkpt lat="34.55550" lon="-118.38297"><ele>1331.0</ele></trkpt>
      <trkpt lat="34.55559" lon="-118.38292"><ele>1340.0</ele></trkpt>
      <trkpt lat="34.55569" lon="-118.38289"><ele>1340.0</ele></trkpt>
      <trkpt lat="34.55574" lon="-118.38289"><ele>1340.0</ele></trkpt>
      <trkpt lat="34.55580" lon="-118.38290"><ele>1340.0</ele></trkpt>
      <trkpt lat="34.55586" lon="-118.38291"><ele>1340.0</ele></trkpt>
      <trkpt lat="34.55589" lon="-118.38294"><ele>1340.0</ele></trkpt>
      <trkpt lat="34.55592" lon="-118.38297"><ele>1340.0</ele></trkpt>
      <trkpt lat="34.55600" lon="-118.38308"><ele>1340.0</ele></trkpt>
      <trkpt lat="34.55602" lon="-118.38313"><ele>1340.0</ele></trkpt>
      <trkpt lat="34.55603" lon="-118.38314"><ele>1340.0</ele></trkpt>
      <trkpt lat="34.55605" lon="-118.38317"><ele>1340.0</ele></trkpt>
      <trkpt lat="34.55609" lon="-118.38317"><ele>1340.0</ele></trkpt>
      <trkpt lat="34.55613" lon="-118.38316"><ele>1340.0</ele></trkpt>
      <trkpt lat="34.55619" lon="-118.38312"><ele>1346.0</ele></trkpt>
      <trkpt lat="34.55637" lon="-118.38296"><ele>1346.0</ele></trkpt>
      <trkpt lat="34.55654" lon="-118.38284"><ele>1346.0</ele></trkpt>
      <trkpt lat="34.55682" lon="-118.38266"><ele>1346.0</ele></trkpt>
      <trkpt lat="34.55706" lon="-118.38252"><ele>1346.0</ele></trkpt>
      <trkpt lat="34.55727" lon="-118.38244"><ele>1346.0</ele></trkpt>
      <trkpt lat="34.55746" lon="-118.38229"><ele>1346.0</ele></trkpt>
      <trkpt lat="34.55757" lon="-118.38216"><ele>1346.0</ele></trkpt>
      <trkpt lat="34.55773" lon="-118.38206"><ele>1346.0</ele></trkpt>
      <trkpt lat="34.55793" lon="-118.38191"><ele>1346.0</ele></trkpt>
      <trkpt lat="34.55808" lon="-118.38181"><ele>1346.0</ele></trkpt>
      <trkpt lat="34.55815" lon="-118.38176"><ele>1346.0</ele></trkpt>
      <trkpt lat="34.55824" lon="-118.38168"><ele>1346.0</ele></trkpt>
      <trkpt lat="34.55831" lon="-118.38149"><ele>1343.0</ele></trkpt>
      <trkpt lat="34.55836" lon="-118.38133"><ele>1343.0</ele></trkpt>
      <trkpt lat="34.55839" lon="-118.38125"><ele>1343.0</ele></trkpt>
      <trkpt lat="34.55839" lon="-118.38121"><ele>1343.0</ele></trkpt>
      <trkpt lat="34.55837" lon="-118.38077"><ele>1343.0</ele></trkpt>
      <trkpt lat="34.55834" lon="-118.38031"><ele>1343.0</ele></trkpt>
      <trkpt lat="34.55841" lon="-118.37987"><ele>1343.0</ele></trkpt>
      <trkpt lat="34.55835" lon="-118.37948"><ele>1343.0</ele></trkpt>
      <trkpt lat="34.55847" lon="-118.37889"><ele>1343.0</ele></trkpt>
      <trkpt lat="34.55848" lon="-118.37885"><ele>1343.0</ele></trkpt>
      <trkpt lat="34.55854" lon="-118.37878"><ele>1343.0</ele></trkpt>
      <trkpt lat="34.55866" lon="-118.37864"><ele>1343.0</ele></trkpt>
      <trkpt lat="34.55868" lon="-118.37861"><ele>1343.0</ele></trkpt>
      <trkpt lat="34.55920" lon="-118.37824"><ele>1327.0</ele></trkpt>
      <trkpt lat="34.55936" lon="-118.37813"><ele>1327.0</ele></trkpt>
      <trkpt lat="34.55939" lon="-118.37810"><ele>1327.0</ele></trkpt>
      <trkpt lat="34.55955" lon="-118.37790"><ele>1327.0</ele></trkpt>
      <trkpt lat="34.55960" lon="-118.37772"><ele>1327.0</ele></trkpt>
      <trkpt lat="34.55966" lon="-118.37752"><ele>1327.0</ele></trkpt>
      <trkpt lat="34.55992" lon="-118.37735"><ele>1327.0</ele></trkpt>
      <trkpt lat="34.56022" lon="-118.37716"><ele>1327.0</ele></trkpt>
      <trkpt lat="34.56025" lon="-118.37714"><ele>1327.0</ele></trkpt>
      <trkpt lat="34.56032" lon="-118.37702"><ele>1327.0</ele></trkpt>
      <trkpt lat="34.56033" lon="-118.37699"><ele>1327.0</ele></trkpt>
      <trkpt lat="34.56044" lon="-118.37680"><ele>1327.0</ele></trkpt>
      <trkpt lat="34.56055" lon="-118.37661"><ele>1327.0</ele></trkpt>
      <trkpt lat="34.56107" lon="-118.37617"><ele>1338.0</ele></trkpt>
      <trkpt lat="34.56118" lon="-118.37595"><ele>1338.0</ele></trkpt>
      <trkpt lat="34.56132" lon="-118.37561"><ele>1338.0</ele></trkpt>
      <trkpt lat="34.56139" lon="-118.37542"><ele>1338.0</ele></trkpt>
      <trkpt lat="34.56144" lon="-118.37530"><ele>1338.0</ele></trkpt>
      <trkpt lat="34.56152" lon="-118.37507"><ele>1338.0</ele></trkpt>
      <trkpt lat="34.56158" lon="-118.37489"><ele>1338.0</ele></trkpt>
      <trkpt lat="34.56165" lon="-118.37469"><ele>1338.0</ele></trkpt>
      <trkpt lat="34.56165" lon="-118.37468"><ele>1338.0</ele></trkpt>
      <trkpt lat="34.56174" lon="-118.37445"><ele>1338.0</ele></trkpt>
      <trkpt lat="34.56176" lon="-118.37439"><ele>1338.0</ele></trkpt>
      <trkpt lat="34.56180" lon="-118.37431"><ele>1338.0</ele></trkpt>
      <trkpt lat="34.56189" lon="-118.37414"><ele>1338.0</ele></trkpt>
      <trkpt lat="34.56190" lon="-118.37411"><ele>1338.0</ele></trkpt>
      <trkpt lat="34.56195" lon="-118.37403"><ele>1344.0</ele></trkpt>
      <trkpt lat="34.56195" lon="-118.37402"><ele>1344.0</ele></trkpt>
      <trkpt lat="34.56204" lon="-118.37386"><ele>1344.0</ele></trkpt>
      <trkpt lat="34.56209" lon="-118.37366"><ele>1344.0</ele></trkpt>
      <trkpt lat="34.56211" lon="-118.37357"><ele>1344.0</ele></trkpt>
      <trkpt lat="34.56214" lon="-118.37338"><ele>1344.0</ele></trkpt>
      <trkpt lat="34.56217" lon="-118.37318"><ele>1344.0</ele></trkpt>
      <trkpt lat="34.56219" lon="-118.37293"><ele>1344.0</ele></trkpt>
      <trkpt lat="34.56220" lon="-118.37279"><ele>1344.0</ele></trkpt>
      <trkpt lat="34.56226" lon="-118.37263"><ele>1344.0</ele></trkpt>
      <trkpt lat="34.56232" lon="-118.37249"><ele>1344.0</ele></trkpt>
      <trkpt lat="34.56238" lon="-118.37232"><ele>1344.0</ele></trkpt>
      <trkpt lat="34.56240" lon="-118.37217"><ele>1344.0</ele></trkpt>
      <trkpt lat="34.56240" lon="-118.37196"><ele>1356.0</ele></trkpt>
      <trkpt lat="34.56239" lon="-118.37178"><ele>1356.0</ele></trkpt>
      <trkpt lat="34.56234" lon="-118.37160"><ele>1356.0</ele></trkpt>
      <trkpt lat="34.56228" lon="-118.37147"><ele>1356.0</ele></trkpt>
      <trkpt lat="34.56227" lon="-118.37146"><ele>1356.0</ele></trkpt>
      <trkpt lat="34.56223" lon="-118.37141"><ele>1356.0</ele></trkpt>
      <trkpt lat="34.56217" lon="-118.37134"><ele>1356.0</ele></trkpt>
      <trkpt lat="34.56197" lon="-118.37114"><ele>1356.0</ele></trkpt>
      <trkpt lat="34.56187" lon="-118.37105"><ele>1356.0</ele></trkpt>
      <trkpt lat="34.56176" lon="-118.37093"><ele>1356.0</ele></trkpt>
      <trkpt lat="34.56162" lon="-118.37076"><ele>1356.0</ele></trkpt>
      <trkpt lat="34.56158" lon="-118.37071"><ele>1356.0</ele></trkpt>
      <trkpt lat="34.56153" lon="-118.37053"><ele>1356.0</ele></trkpt>
      <trkpt lat="34.56147" lon="-118.37036"><ele>1355.0</ele></trkpt>
      <trkpt lat="34.56148" lon="-118.37016"><ele>1355.0</ele></trkpt>
      <trkpt lat="34.56153" lon="-118.37004"><ele>1355.0</ele></trkpt>
      <trkpt lat="34.56158" lon="-118.36992"><ele>1355.0</ele></trkpt>
      <trkpt lat="34.56164" lon="-118.36966"><ele>1355.0</ele></trkpt>
      <trkpt lat="34.56165" lon="-118.36949"><ele>1355.0</ele></trkpt>
      <trkpt lat="34.56168" lon="-118.36938"><ele>1355.0</ele></trkpt>
      <trkpt lat="34.56173" lon="-118.36925"><ele>1355.0</ele></trkpt>
      <trkpt lat="34.56174" lon="-118.36912"><ele>1355.0</ele></trkpt>
      <trkpt lat="34.56171" lon="-118.36902"><ele>1355.0</ele></trkpt>
      <trkpt lat="34.56166" lon="-118.36887"><ele>1355.0</ele></trkpt>
      <trkpt lat="34.56162" lon="-118.36876"><ele>1355.0</ele></trkpt>
      <trkpt lat="34.56158" lon="-118.36861"><ele>1355.0</ele></trkpt>
      <trkpt lat="34.56158" lon="-118.36849"><ele>1355.0</ele></trkpt>
      <trkpt lat="34.56159" lon="-118.36833"><ele>1355.0</ele></trkpt>
      <trkpt lat="34.56161" lon="-118.36821"><ele>1355.0</ele></trkpt>
      <trkpt lat="34.56165" lon="-118.36810"><ele>1355.0</ele></trkpt>
      <trkpt lat="34.56169" lon="-118.36799"><ele>1355.0</ele></trkpt>
      <trkpt lat="34.56174" lon="-118.36788"><ele>1355.0</ele></trkpt>
      <trkpt lat="34.56182" lon="-118.36778"><ele>1355.0</ele></trkpt>
      <trkpt lat="34.56185" lon="-118.36769"><ele>1355.0</ele></trkpt>
      <trkpt lat="34.56191" lon="-118.36758"><ele>1355.0</ele></trkpt>
      <trkpt lat="34.56196" lon="-118.36749"><ele>1355.0</ele></trkpt>
      <trkpt lat="34.56200" lon="-118.36738"><ele>1355.0</ele></trkpt>
      <trkpt lat="34.56200" lon="-118.36738"><ele>1355.0</ele></trkpt>
      <trkpt lat="34.56202" lon="-118.36726"><ele>1355.0</ele></trkpt>
      <trkpt lat="34.56204" lon="-118.36698"><ele>1357.0</ele></trkpt>
      <trkpt lat="34.56206" lon="-118.36668"><ele>1357.0</ele></trkpt>
      <trkpt lat="34.56206" lon="-118.36631"><ele>1357.0</ele></trkpt>
      <trkpt lat="34.56210" lon="-118.36601"><ele>1357.0</ele></trkpt>
      <trkpt lat="34.56209" lon="-118.36579"><ele>1357.0</ele></trkpt>
      <trkpt lat="34.56210" lon="-118.36576"><ele>1357.0</ele></trkpt>
      <trkpt lat="34.56212" lon="-118.36565"><ele>1357.0</ele></trkpt>
      <trkpt lat="34.56214" lon="-118.36562"><ele>1357.0</ele></trkpt>
      <trkpt lat="34.56216" lon="-118.36559"><ele>1357.0</ele></trkpt>
      <trkpt lat="34.56218" lon="-118.36555"><ele>1357.0</ele></trkpt>
      <trkpt lat="34.56225" lon="-118.36550"><ele>1357.0</ele></trkpt>
      <trkpt lat="34.56238" lon="-118.36542"><ele>1357.0</ele></trkpt>
      <trkpt lat="34.56247" lon="-118.36537"><ele>1357.0</ele></trkpt>
      <trkpt lat="34.56257" lon="-118.36532"><ele>1367.0</ele></trkpt>
      <trkpt lat="34.56265" lon="-118.36526"><ele>1367.0</ele></trkpt>
      <trkpt lat="34.56272" lon="-118.36521"><ele>1367.0</ele></trkpt>
      <trkpt lat="34.56285" lon="-118.36508"><ele>1367.0</ele></trkpt>
      <trkpt lat="34.56289" lon="-118.36497"><ele>1367.0</ele></trkpt>
      <trkpt lat="34.56294" lon="-118.36482"><ele>1367.0</ele></trkpt>
      <trkpt lat="34.56296" lon="-118.36471"><ele>1367.0</ele></trkpt>
      <trkpt lat="34.56299" lon="-118.36453"><ele>1367.0</ele></trkpt>
      <trkpt lat="34.56299" lon="-118.36429"><ele>1367.0</ele></trkpt>
      <trkpt lat="34.56299" lon="-118.36416"><ele>1367.0</ele></trkpt>
      <trkpt lat="34.56299" lon="-118.36389"><ele>1367.0</ele></trkpt>
      <trkpt lat="34.56299" lon="-118.36384"><ele>1367.0</ele></trkpt>
      <trkpt lat="34.56298" lon="-118.36368"><ele>1367.0</ele></trkpt>
      <trkpt lat="34.56298" lon="-118.36350"><ele>1367.0</ele></trkpt>
      <trkpt lat="34.56298" lon="-118.36344"><ele>1380.0</ele></trkpt>
      <trkpt lat="34.56298" lon="-118.36338"><ele>1380.0</ele></trkpt>
      <trkpt lat="34.56299" lon="-118.36329"><ele>1380.0</ele></trkpt>
      <trkpt lat="34.56302" lon="-118.36318"><ele>1380.0</ele></trkpt>
      <trkpt lat="34.56307" lon="-118.36297"><ele>1380.0</ele></trkpt>
      <trkpt lat="34.56311" lon="-118.36285"><ele>1380.0</ele></trkpt>
      <trkpt lat="34.56316" lon="-118.36273"><ele>1380.0</ele></trkpt>
      <trkpt lat="34.56321" lon="-118.36264"><ele>1380.0</ele></trkpt>
      <trkpt lat="34.56324" lon="-118.36244"><ele>1380.0</ele></trkpt>
      <trkpt lat="34.56321" lon="-118.36225"><ele>1380.0</ele></trkpt>
      <trkpt lat="34.56317" lon="-118.36217"><ele>1380.0</ele></trkpt>
      <trkpt lat="34.56309" lon="-118.36207"><ele>1380.0</ele></trkpt>
      <trkpt lat="34.56295" lon="-118.36200"><ele>1380.0</ele></trkpt>
      <trkpt lat="34.56286" lon="-118.36198"><ele>1399.0</ele></trkpt>
      <trkpt lat="34.56275" lon="-118.36188"><ele>1399.0</ele></trkpt>
      <trkpt lat="34.56275" lon="-118.36185"><ele>1399.0</ele></trkpt>
      <trkpt lat="34.56273" lon="-118.36174"><ele>1399.0</ele></trkpt>
      <trkpt lat="34.56272" lon="-118.36170"><ele>1399.0</ele></trkpt>
      <trkpt lat="34.56273" lon="-118.36157"><ele>1399.0</ele></trkpt>
      <trkpt lat="34.56273" lon="-118.36143"><ele>1399.0</ele></trkpt>
      <trkpt lat="34.56268" lon="-118.36124"><ele>1399.0</ele></trkpt>
      <trkpt lat="34.56269" lon="-118.36114"><ele>1399.0</ele></trkpt>
      <trkpt lat="34.56269" lon="-118.36109"><ele>1399.0</ele></trkpt>
      <trkpt lat="34.56270" lon="-118.36099"><ele>1399.0</ele></trkpt>
      <trkpt lat="34.56275" lon="-118.36093"><ele>1399.0</ele></trkpt>
      <trkpt lat="34.56278" lon="-118.36088"><ele>1399.0</ele></trkpt>
      <trkpt lat="34.56286" lon="-118.36086"><ele>1405.0</ele></trkpt>
      <trkpt lat="34.56297" lon="-118.36082"><ele>1405.0</ele></trkpt>
      <trkpt lat="34.56304" lon="-118.36075"><ele>1405.0</ele></trkpt>
      <trkpt lat="34.56310" lon="-118.36066"><ele>1405.0</ele></trkpt>
      <trkpt lat="34.56319" lon="-118.36050"><ele>1405.0</ele></trkpt>
      <trkpt lat="34.56329" lon="-118.36039"><ele>1405.0</ele></trkpt>
      <trkpt lat="34.56339" lon="-118.36026"><ele>1405.0</ele></trkpt>
      <trkpt lat="34.56349" lon="-118.36020"><ele>1405.0</ele></trkpt>
      <trkpt lat="34.56359" lon="-118.36012"><ele>1405.0</ele></trkpt>
      <trkpt lat="34.56368" lon="-118.35998"><ele>1405.0</ele></trkpt>
      <trkpt lat="34.56374" lon="-118.35984"><ele>1405.0</ele></trkpt>
      <trkpt lat="34.56378" lon="-118.35967"><ele>1405.0</ele></trkpt>
      <trkpt lat="34.56377" lon="-118.35957"><ele>1405.0</ele></trkpt>
      <trkpt lat="34.56376" lon="-118.35939"><ele>1416.0</ele></trkpt>
      <trkpt lat="34.56373" lon="-118.35924"><ele>1416.0</ele></trkpt>
      <trkpt lat="34.56364" lon="-118.35910"><ele>1416.0</ele></trkpt>
      <trkpt lat="34.56352" lon="-118.35902"><ele>1416.0</ele></trkpt>
      <trkpt lat="34.56342" lon="-118.35901"><ele>1416.0</ele></trkpt>
      <trkpt lat="34.56334" lon="-118.35903"><ele>1416.0</ele></trkpt>
      <trkpt lat="34.56324" lon="-118.35907"><ele>1416.0</ele></trkpt>
      <trkpt lat="34.56322" lon="-118.35908"><ele>1416.0</ele></trkpt>
      <trkpt lat="34.56322" lon="-118.35908"><ele>1416.0</ele></trkpt>
      <trkpt lat="34.56315" lon="-118.35910"><ele>1416.0</ele></trkpt>
      <trkpt lat="34.56304" lon="-118.35914"><ele>1416.0</ele></trkpt>
      <trkpt lat="34.56303" lon="-118.35915"><ele>1416.0</ele></trkpt>
      <trkpt lat="34.56301" lon="-118.35915"><ele>1416.0</ele></trkpt>
      <trkpt lat="34.56293" lon="-118.35916"><ele>1429.0</ele></trkpt>
      <trkpt lat="34.56281" lon="-118.35905"><ele>1429.0</ele></trkpt>
      <trkpt lat="34.56274" lon="-118.35894"><ele>1429.0</ele></trkpt>
      <trkpt lat="34.56267" lon="-118.35886"><ele>1429.0</ele></trkpt>
      <trkpt lat="34.56260" lon="-118.35878"><ele>1429.0</ele></trkpt>
      <trkpt lat="34.56251" lon="-118.35870"><ele>1429.0</ele></trkpt>
      <trkpt lat="34.56245" lon="-118.35862"><ele>1429.0</ele></trkpt>
      <trkpt lat="34.56236" lon="-118.35856"><ele>1429.0</ele></trkpt>
      <trkpt lat="34.56226" lon="-118.35840"><ele>1429.0</ele></trkpt>
      <trkpt lat="34.56225" lon="-118.35826"><ele>1429.0</ele></trkpt>
      <trkpt lat="34.56229" lon="-118.35813"><ele>1429.0</ele></trkpt>
      <trkpt lat="34.56231" lon="-118.35802"><ele>1429.0</ele></trkpt>
      <trkpt lat="34.56236" lon="-118.35792"><ele>1429.0</ele></trkpt>
      <trkpt lat="34.56237" lon="-118.35790"><ele>1429.0</ele></trkpt>
      <trkpt lat="34.56241" lon="-118.35780"><ele>1435.0</ele></trkpt>
      <trkpt lat="34.56246" lon="-118.35766"><ele>1435.0</ele></trkpt>
      <trkpt lat="34.56252" lon="-118.35752"><ele>1435.0</ele></trkpt>
      <trkpt lat="34.56256" lon="-118.35738"><ele>1435.0</ele></trkpt>
      <trkpt lat="34.56259" lon="-118.35722"><ele>1435.0</ele></trkpt>
      <trkpt lat="34.56261" lon="-118.35712"><ele>1435.0</ele></trkpt>
      <trkpt lat="34.56260" lon="-118.35695"><ele>1435.0</ele></trkpt>
      <trkpt lat="34.56258" lon="-118.35682"><ele>1435.0</ele></trkpt>
      <trkpt lat="34.56255" lon="-118.35669"><ele>1435.0</ele></trkpt>
      <trkpt lat="34.56254" lon="-118.35664"><ele>1435.0</ele></trkpt>
      <trkpt lat="34.56251" lon="-118.35650"><ele>1435.0</ele></trkpt>
      <trkpt lat="34.56245" lon="-118.35624"><ele>1435.0</ele></trkpt>
      <trkpt lat="34.56239" lon="-118.35595"><ele>1435.0</ele></trkpt>
      <trkpt lat="34.56230" lon="-118.35572"><ele>1455.0</ele></trkpt>
      <trkpt lat="34.56223" lon="-118.35553"><ele>1455.0</ele></trkpt>
      <trkpt lat="34.56222" lon="-118.35548"><ele>1455.0</ele></trkpt>
      <trkpt lat="34.56213" lon="-118.35525"><ele>1455.0</ele></trkpt>
      <trkpt lat="34.56205" lon="-118.35504"><ele>1455.0</ele></trkpt>
      <trkpt lat="34.56197" lon="-118.35493"><ele>1455.0</ele></trkpt>
      <trkpt lat="34.56190" lon="-118.35486"><ele>1455.0</ele></trkpt>
      <trkpt lat="34.56181" lon="-118.35482"><ele>1455.0</ele></trkpt>
      <trkpt lat="34.56170" lon="-118.35476"><ele>1455.0</ele></trkpt>
      <trkpt lat="34.56159" lon="-118.35471"><ele>1455.0</ele></trkpt>
      <trkpt lat="34.56145" lon="-118.35466"><ele>1455.0</ele></trkpt>
      <trkpt lat="34.56140" lon="-118.35460"><ele>1455.0</ele></trkpt>
      <trkpt lat="34.56134" lon="-118.35454"><ele>1455.0</ele></trkpt>
      <trkpt lat="34.56133" lon="-118.35442"><ele>1457.0</ele></trkpt>
      <trkpt lat="34.56131" lon="-118.35431"><ele>1457.0</ele></trkpt>
      <trkpt lat="34.56127" lon="-118.35410"><ele>1457.0</ele></trkpt>
      <trkpt lat="34.56121" lon="-118.35396"><ele>1457.0</ele></trkpt>
      <trkpt lat="34.56118" lon="-118.35385"><ele>1457.0</ele></trkpt>
      <trkpt lat="34.56119" lon="-118.35372"><ele>1457.0</ele></trkpt>
      <trkpt lat="34.56120" lon="-118.35359"><ele>1457.0</ele></trkpt>
      <trkpt lat="34.56119" lon="-118.35349"><ele>1457.0</ele></trkpt>
      <trkpt lat="34.56118" lon="-118.35345"><ele>1457.0</ele></trkpt>
      <trkpt lat="34.56116" lon="-118.35338"><ele>1457.0</ele></trkpt>
      <trkpt lat="34.56115" lon="-118.35336"><ele>1457.0</ele></trkpt>
      <trkpt lat="34.56109" lon="-118.35327"><ele>1457.0</ele></trkpt>
      <trkpt lat="34.56102" lon="-118.35316"><ele>1457.0</ele></trkpt>
      <trkpt lat="34.56086" lon="-118.35315"><ele>1464.0</ele></trkpt>
      <trkpt lat="34.56085" lon="-118.35307"><ele>1464.0</ele></trkpt>
      <trkpt lat="34.56083" lon="-118.35283"><ele>1464.0</ele></trkpt>
      <trkpt lat="34.56083" lon="-118.35283"><ele>1464.0</ele></trkpt>
      <trkpt lat="34.56083" lon="-118.35268"><ele>1464.0</ele></trkpt>
      <trkpt lat="34.56083" lon="-118.35245"><ele>1464.0</ele></trkpt>
      <trkpt lat="34.56082" lon="-118.35235"><ele>1464.0</ele></trkpt>
      <trkpt lat="34.56081" lon="-118.35228"><ele>1464.0</ele></trkpt>
      <trkpt lat="34.56095" lon="-118.35211"><ele>1464.0</ele></trkpt>
      <trkpt lat="34.56102" lon="-118.35199"><ele>1464.0</ele></trkpt>
      <trkpt lat="34.56106" lon="-118.35185"><ele>1464.0</ele></trkpt>
      <trkpt lat="34.56108" lon="-118.35171"><ele>1464.0</ele></trkpt>
      <trkpt lat="34.56110" lon="-118.35159"><ele>1464.0</ele></trkpt>
      <trkpt lat="34.56114" lon="-118.35149"><ele>1470.0</ele></trkpt>
      <trkpt lat="34.56119" lon="-118.35140"><ele>1470.0</ele></trkpt>
      <trkpt lat="34.56124" lon="-118.35131"><ele>1470.0</ele></trkpt>
      <trkpt lat="34.56134" lon="-118.35120"><ele>1470.0</ele></trkpt>
      <trkpt lat="34.56141" lon="-118.35111"><ele>1470.0</ele></trkpt>
      <trkpt lat="34.56145" lon="-118.35100"><ele>1470.0</ele></trkpt>
      <trkpt lat="34.56147" lon="-118.35088"><ele>1470.0</ele></trkpt>
      <trkpt lat="34.56149" lon="-118.35070"><ele>1470.0</ele></trkpt>
      <trkpt lat="34.56150" lon="-118.35053"><ele>1470.0</ele></trkpt>
      <trkpt lat="34.56149" lon="-118.35040"><ele>1470.0</ele></trkpt>
      <trkpt lat="34.56147" lon="-118.35035"><ele>1470.0</ele></trkpt>
      <trkpt lat="34.56145" lon="-118.35030"><ele>1470.0</ele></trkpt>
      <trkpt lat="34.56147" lon="-118.35015"><ele>1470.0</ele></trkpt>
      <trkpt lat="34.56151" lon="-118.35008"><ele>1469.0</ele></trkpt>
      <trkpt lat="34.56154" lon="-118.35001"><ele>1469.0</ele></trkpt>
      <trkpt lat="34.56158" lon="-118.34983"><ele>1469.0</ele></trkpt>
      <trkpt lat="34.56162" lon="-118.34966"><ele>1469.0</ele></trkpt>
      <trkpt lat="34.56164" lon="-118.34948"><ele>1469.0</ele></trkpt>
      <trkpt lat="34.56165" lon="-118.34937"><ele>1469.0</ele></trkpt>
      <trkpt lat="34.56164" lon="-118.34926"><ele>1469.0</ele></trkpt>
      <trkpt lat="34.56163" lon="-118.34915"><ele>1469.0</ele></trkpt>
      <trkpt lat="34.56162" lon="-118.34914"><ele>1469.0</ele></trkpt>
      <trkpt lat="34.56150" lon="-118.34895"><ele>1469.0</ele></trkpt>
      <trkpt lat="34.56142" lon="-118.34885"><ele>1469.0</ele></trkpt>
      <trkpt lat="34.56130" lon="-118.34870"><ele>1469.0</ele></trkpt>
      <trkpt lat="34.56126" lon="-118.34859"><ele>1469.0</ele></trkpt>
      <trkpt lat="34.56130" lon="-118.34838"><ele>1469.0</ele></trkpt>
      <trkpt lat="34.56135" lon="-118.34823"><ele>1455.0</ele></trkpt>
      <trkpt lat="34.56139" lon="-118.34813"><ele>1455.0</ele></trkpt>
      <trkpt lat="34.56141" lon="-118.34797"><ele>1455.0</ele></trkpt>
      <trkpt lat="34.56137" lon="-118.34786"><ele>1455.0</ele></trkpt>
      <trkpt lat="34.56132" lon="-118.34776"><ele>1455.0</ele></trkpt>
      <trkpt lat="34.56127" lon="-118.34772"><ele>1455.0</ele></trkpt>
      <trkpt lat="34.56123" lon="-118.34768"><ele>1455.0</ele></trkpt>
      <trkpt lat="34.56108" lon="-118.34758"><ele>1455.0</ele></trkpt>
      <trkpt lat="34.56107" lon="-118.34757"><ele>1455.0</ele></trkpt>
      <trkpt lat="34.56092" lon="-118.34750"><ele>1455.0</ele></trkpt>
      <trkpt lat="34.56084" lon="-118.34748"><ele>1455.0</ele></trkpt>
      <trkpt lat="34.56078" lon="-118.34747"><ele>1455.0</ele></trkpt>
      <trkpt lat="34.56072" lon="-118.34734"><ele>1455.0</ele></trkpt>
      <trkpt lat="34.56067" lon="-118.34724"><ele>1441.0</ele></trkpt>
      <trkpt lat="34.56074" lon="-118.34703"><ele>1441.0</ele></trkpt>
      <trkpt lat="34.56086" lon="-118.34690"><ele>1441.0</ele></trkpt>
      <trkpt lat="34.56091" lon="-118.34687"><ele>1441.0</ele></trkpt>
      <trkpt lat="34.56106" lon="-118.34678"><ele>1441.0</ele></trkpt>
      <trkpt lat="34.56113" lon="-118.34675"><ele>1441.0</ele></trkpt>
      <trkpt lat="34.56121" lon="-118.34671"><ele>1441.0</ele></trkpt>
      <trkpt lat="34.56136" lon="-118.34664"><ele>1441.0</ele></trkpt>
      <trkpt lat="34.56149" lon="-118.34656"><ele>1441.0</ele></trkpt>
      <trkpt lat="34.56159" lon="-118.34650"><ele>1441.0</ele></trkpt>
      <trkpt lat="34.56171" lon="-118.34641"><ele>1441.0</ele></trkpt>
      <trkpt lat="34.56182" lon="-118.34634"><ele>1441.0</ele></trkpt>
      <trkpt lat="34.56188" lon="-118.34631"><ele>1441.0</ele></trkpt>
      <trkpt lat="34.56195" lon="-118.34623"><ele>1428.0</ele></trkpt>
      <trkpt lat="34.56197" lon="-118.34621"><ele>1428.0</ele></trkpt>
      <trkpt lat="34.56202" lon="-118.34615"><ele>1428.0</ele></trkpt>
      <trkpt lat="34.56208" lon="-118.34606"><ele>1428.0</ele></trkpt>
      <trkpt lat="34.56217" lon="-118.34589"><ele>1428.0</ele></trkpt>
      <trkpt lat="34.56222" lon="-118.34578"><ele>1428.0</ele></trkpt>
      <trkpt lat="34.56223" lon="-118.34571"><ele>1428.0</ele></trkpt>
    </trkseg>
  </trk>
  <trk><name>Santa Clara Divide Road</name>
    <trkseg>
      <trkpt lat="34.36403" lon="-118.01309"><ele>1697.0</ele></trkpt>
      <trkpt lat="34.36402" lon="-118.01330"><ele>1697.0</ele></trkpt>
      <trkpt lat="34.36403" lon="-118.01345"><ele>1697.0</ele></trkpt>
      <trkpt lat="34.36409" lon="-118.01356"><ele>1697.0</ele></trkpt>
      <trkpt lat="34.36420" lon="-118.01363"><ele>1697.0</ele></trkpt>
      <trkpt lat="34.36431" lon="-118.01371"><ele>1697.0</ele></trkpt>
      <trkpt lat="34.36444" lon="-118.01377"><ele>1697.0</ele></trkpt>
      <trkpt lat="34.36455" lon="-118.01387"><ele>1697.0</ele></trkpt>
      <trkpt lat="34.36461" lon="-118.01397"><ele>1697.0</ele></trkpt>
      <trkpt lat="34.36464" lon="-118.01412"><ele>1697.0</ele></trkpt>
      <trkpt lat="34.36466" lon="-118.01425"><ele>1697.0</ele></trkpt>
      <trkpt lat="34.36465" lon="-118.01435"><ele>1697.0</ele></trkpt>
      <trkpt lat="34.36456" lon="-118.01453"><ele>1697.0</ele></trkpt>
      <trkpt lat="34.36450" lon="-118.01472"><ele>1697.0</ele></trkpt>
      <trkpt lat="34.36450" lon="-118.01475"><ele>1697.0</ele></trkpt>
      <trkpt lat="34.36450" lon="-118.01482"><ele>1697.0</ele></trkpt>
      <trkpt lat="34.36451" lon="-118.01492"><ele>1697.0</ele></trkpt>
      <trkpt lat="34.36452" lon="-118.01496"><ele>1697.0</ele></trkpt>
      <trkpt lat="34.36456" lon="-118.01506"><ele>1697.0</ele></trkpt>
      <trkpt lat="34.36463" lon="-118.01519"><ele>1697.0</ele></trkpt>
      <trkpt lat="34.36473" lon="-118.01527"><ele>1697.0</ele></trkpt>
      <trkpt lat="34.36480" lon="-118.01533"><ele>1697.0</ele></trkpt>
      <trkpt lat="34.36482" lon="-118.01535"><ele>1697.0</ele></trkpt>
      <trkpt lat="34.36491" lon="-118.01549"><ele>1697.0</ele></trkpt>
      <trkpt lat="34.36492" lon="-118.01553"><ele>1714.0</ele></trkpt>
      <trkpt lat="34.36495" lon="-118.01564"><ele>1714.0</ele></trkpt>
      <trkpt lat="34.36494" lon="-118.01576"><ele>1714.0</ele></trkpt>
      <trkpt lat="34.36486" lon="-118.01587"><ele>1714.0</ele></trkpt>
      <trkpt lat="34.36474" lon="-118.01592"><ele>1714.0</ele></trkpt>
      <trkpt lat="34.36470" lon="-118.01593"><ele>1714.0</ele></trkpt>
      <trkpt lat="34.36457" lon="-118.01602"><ele>1714.0</ele></trkpt>
      <trkpt lat="34.36450" lon="-118.01609"><ele>1714.0</ele></trkpt>
      <trkpt lat="34.36444" lon="-118.01616"><ele>1714.0</ele></trkpt>
      <trkpt lat="34.36439" lon="-118.01629"><ele>1714.0</ele></trkpt>
      <trkpt lat="34.36439" lon="-118.01630"><ele>1714.0</ele></trkpt>
      <trkpt lat="34.36438" lon="-118.01643"><ele>1714.0</ele></trkpt>
      <trkpt lat="34.36440" lon="-118.01667"><ele>1714.0</ele></trkpt>
      <trkpt lat="34.36439" lon="-118.01682"><ele>1714.0</ele></trkpt>
      <trkpt lat="34.36438" lon="-118.01690"><ele>1714.0</ele></trkpt>
      <trkpt lat="34.36433" lon="-118.01709"><ele>1714.0</ele></trkpt>
      <trkpt lat="34.36424" lon="-118.01744"><ele>1714.0</ele></trkpt>
      <trkpt lat="34.36423" lon="-118.01756"><ele>1714.0</ele></trkpt>
      <trkpt lat="34.36424" lon="-118.01765"><ele>1714.0</ele></trkpt>
      <trkpt lat="34.36430" lon="-118.01774"><ele>1714.0</ele></trkpt>
      <trkpt lat="34.36439" lon="-118.01783"><ele>1714.0</ele></trkpt>
      <trkpt lat="34.36450" lon="-118.01792"><ele>1714.0</ele></trkpt>
      <trkpt lat="34.36465" lon="-118.01807"><ele>1714.0</ele></trkpt>
      <trkpt lat="34.36473" lon="-118.01814"><ele>1714.0</ele></trkpt>
      <trkpt lat="34.36482" lon="-118.01815"><ele>1714.0</ele></trkpt>
      <trkpt lat="34.36491" lon="-118.01815"><ele>1714.0</ele></trkpt>
      <trkpt lat="34.36507" lon="-118.01813"><ele>1714.0</ele></trkpt>
      <trkpt lat="34.36533" lon="-118.01801"><ele>1714.0</ele></trkpt>
      <trkpt lat="34.36546" lon="-118.01797"><ele>1714.0</ele></trkpt>
      <trkpt lat="34.36547" lon="-118.01796"><ele>1714.0</ele></trkpt>
      <trkpt lat="34.36550" lon="-118.01797"><ele>1714.0</ele></trkpt>
      <trkpt lat="34.36558" lon="-118.01800"><ele>1714.0</ele></trkpt>
      <trkpt lat="34.36566" lon="-118.01804"><ele>1714.0</ele></trkpt>
      <trkpt lat="34.36580" lon="-118.01816"><ele>1714.0</ele></trkpt>
      <trkpt lat="34.36590" lon="-118.01823"><ele>1714.0</ele></trkpt>
      <trkpt lat="34.36597" lon="-118.01827"><ele>1714.0</ele></trkpt>
      <trkpt lat="34.36611" lon="-118.01827"><ele>1714.0</ele></trkpt>
      <trkpt lat="34.36626" lon="-118.01824"><ele>1714.0</ele></trkpt>
      <trkpt lat="34.36643" lon="-118.01821"><ele>1714.0</ele></trkpt>
      <trkpt lat="34.36651" lon="-118.01821"><ele>1714.0</ele></trkpt>
      <trkpt lat="34.36666" lon="-118.01832"><ele>1714.0</ele></trkpt>
      <trkpt lat="34.36673" lon="-118.01842"><ele>1714.0</ele></trkpt>
      <trkpt lat="34.36674" lon="-118.01843"><ele>1714.0</ele></trkpt>
      <trkpt lat="34.36675" lon="-118.01846"><ele>1714.0</ele></trkpt>
      <trkpt lat="34.36676" lon="-118.01858"><ele>1714.0</ele></trkpt>
      <trkpt lat="34.36674" lon="-118.01877"><ele>1714.0</ele></trkpt>
      <trkpt lat="34.36670" lon="-118.01890"><ele>1779.0</ele></trkpt>
      <trkpt lat="34.36675" lon="-118.01901"><ele>1779.0</ele></trkpt>
      <trkpt lat="34.36680" lon="-118.01912"><ele>1779.0</ele></trkpt>
      <trkpt lat="34.36694" lon="-118.01924"><ele>1779.0</ele></trkpt>
      <trkpt lat="34.36699" lon="-118.01931"><ele>1779.0</ele></trkpt>
      <trkpt lat="34.36704" lon="-118.01938"><ele>1779.0</ele></trkpt>
      <trkpt lat="34.36706" lon="-118.01957"><ele>1779.0</ele></trkpt>
      <trkpt lat="34.36707" lon="-118.01960"><ele>1779.0</ele></trkpt>
      <trkpt lat="34.36710" lon="-118.01973"><ele>1779.0</ele></trkpt>
      <trkpt lat="34.36716" lon="-118.01980"><ele>1779.0</ele></trkpt>
      <trkpt lat="34.36718" lon="-118.01981"><ele>1779.0</ele></trkpt>
      <trkpt lat="34.36730" lon="-118.01983"><ele>1779.0</ele></trkpt>
      <trkpt lat="34.36749" lon="-118.01981"><ele>1779.0</ele></trkpt>
      <trkpt lat="34.36791" lon="-118.01970"><ele>1779.0</ele></trkpt>
      <trkpt lat="34.36845" lon="-118.01949"><ele>1779.0</ele></trkpt>
      <trkpt lat="34.36856" lon="-118.01947"><ele>1779.0</ele></trkpt>
      <trkpt lat="34.36880" lon="-118.01946"><ele>1779.0</ele></trkpt>
      <trkpt lat="34.36898" lon="-118.01951"><ele>1779.0</ele></trkpt>
      <trkpt lat="34.36922" lon="-118.01960"><ele>1779.0</ele></trkpt>
      <trkpt lat="34.36947" lon="-118.01967"><ele>1779.0</ele></trkpt>
      <trkpt lat="34.36961" lon="-118.01981"><ele>1779.0</ele></trkpt>
      <trkpt lat="34.36975" lon="-118.01988"><ele>1779.0</ele></trkpt>
      <trkpt lat="34.36990" lon="-118.01994"><ele>1779.0</ele></trkpt>
      <trkpt lat="34.37012" lon="-118.02000"><ele>1779.0</ele></trkpt>
      <trkpt lat="34.37013" lon="-118.02000"><ele>1779.0</ele></trkpt>
      <trkpt lat="34.37021" lon="-118.02006"><ele>1779.0</ele></trkpt>
      <trkpt lat="34.37026" lon="-118.02013"><ele>1779.0</ele></trkpt>
      <trkpt lat="34.37029" lon="-118.02024"><ele>1779.0</ele></trkpt>
      <trkpt lat="34.37027" lon="-118.02035"><ele>1779.0</ele></trkpt>
      <trkpt lat="34.37022" lon="-118.02054"><ele>1779.0</ele></trkpt>
      <trkpt lat="34.37015" lon="-118.02064"><ele>1779.0</ele></trkpt>
      <trkpt lat="34.37003" lon="-118.02070"><ele>1779.0</ele></trkpt>
      <trkpt lat="34.36994" lon="-118.02072"><ele>1779.0</ele></trkpt>
      <trkpt lat="34.36992" lon="-118.02081"><ele>1779.0</ele></trkpt>
      <trkpt lat="34.36992" lon="-118.02092"><ele>1779.0</ele></trkpt>
      <trkpt lat="34.36988" lon="-118.02108"><ele>1779.0</ele></trkpt>
      <trkpt lat="34.36977" lon="-118.02119"><ele>1779.0</ele></trkpt>
      <trkpt lat="34.36959" lon="-118.02144"><ele>1779.0</ele></trkpt>
      <trkpt lat="34.36951" lon="-118.02163"><ele>1779.0</ele></trkpt>
      <trkpt lat="34.36946" lon="-118.02190"><ele>1779.0</ele></trkpt>
      <trkpt lat="34.36944" lon="-118.02223"><ele>1779.0</ele></trkpt>
      <trkpt lat="34.36943" lon="-118.02253"><ele>1779.0</ele></trkpt>
      <trkpt lat="34.36948" lon="-118.02285"><ele>1779.0</ele></trkpt>
      <trkpt lat="34.36950" lon="-118.02318"><ele>1779.0</ele></trkpt>
      <trkpt lat="34.36949" lon="-118.02340"><ele>1779.0</ele></trkpt>
      <trkpt lat="34.36949" lon="-118.02367"><ele>1779.0</ele></trkpt>
      <trkpt lat="34.36950" lon="-118.02382"><ele>1779.0</ele></trkpt>
      <trkpt lat="34.36956" lon="-118.02391"><ele>1793.0</ele></trkpt>
      <trkpt lat="34.36965" lon="-118.02399"><ele>1793.0</ele></trkpt>
      <trkpt lat="34.36980" lon="-118.02409"><ele>1793.0</ele></trkpt>
      <trkpt lat="34.36991" lon="-118.02417"><ele>1793.0</ele></trkpt>
      <trkpt lat="34.36994" lon="-118.02418"><ele>1793.0</ele></trkpt>
      <trkpt lat="34.37000" lon="-118.02429"><ele>1793.0</ele></trkpt>
      <trkpt lat="34.37002" lon="-118.02442"><ele>1793.0</ele></trkpt>
      <trkpt lat="34.37000" lon="-118.02451"><ele>1793.0</ele></trkpt>
      <trkpt lat="34.36996" lon="-118.02469"><ele>1793.0</ele></trkpt>
      <trkpt lat="34.36994" lon="-118.02476"><ele>1793.0</ele></trkpt>
      <trkpt lat="34.36990" lon="-118.02489"><ele>1793.0</ele></trkpt>
      <trkpt lat="34.36986" lon="-118.02507"><ele>1793.0</ele></trkpt>
      <trkpt lat="34.36976" lon="-118.02520"><ele>1793.0</ele></trkpt>
      <trkpt lat="34.36959" lon="-118.02537"><ele>1793.0</ele></trkpt>
      <trkpt lat="34.36936" lon="-118.02567"><ele>1793.0</ele></trkpt>
      <trkpt lat="34.36925" lon="-118.02576"><ele>1793.0</ele></trkpt>
      <trkpt lat="34.36918" lon="-118.02580"><ele>1793.0</ele></trkpt>
      <trkpt lat="34.36909" lon="-118.02586"><ele>1793.0</ele></trkpt>
      <trkpt lat="34.36894" lon="-118.02588"><ele>1793.0</ele></trkpt>
      <trkpt lat="34.36879" lon="-118.02590"><ele>1793.0</ele></trkpt>
      <trkpt lat="34.36854" lon="-118.02593"><ele>1793.0</ele></trkpt>
      <trkpt lat="34.36834" lon="-118.02597"><ele>1793.0</ele></trkpt>
      <trkpt lat="34.36814" lon="-118.02609"><ele>1793.0</ele></trkpt>
      <trkpt lat="34.36790" lon="-118.02618"><ele>1793.0</ele></trkpt>
      <trkpt lat="34.36779" lon="-118.02627"><ele>1793.0</ele></trkpt>
      <trkpt lat="34.36768" lon="-118.02643"><ele>1793.0</ele></trkpt>
      <trkpt lat="34.36756" lon="-118.02656"><ele>1793.0</ele></trkpt>
      <trkpt lat="34.36744" lon="-118.02664"><ele>1793.0</ele></trkpt>
      <trkpt lat="34.36725" lon="-118.02680"><ele>1793.0</ele></trkpt>
      <trkpt lat="34.36711" lon="-118.02693"><ele>1793.0</ele></trkpt>
      <trkpt lat="34.36698" lon="-118.02709"><ele>1793.0</ele></trkpt>
      <trkpt lat="34.36689" lon="-118.02722"><ele>1793.0</ele></trkpt>
      <trkpt lat="34.36683" lon="-118.02737"><ele>1793.0</ele></trkpt>
      <trkpt lat="34.36679" lon="-118.02756"><ele>1793.0</ele></trkpt>
      <trkpt lat="34.36677" lon="-118.02765"><ele>1793.0</ele></trkpt>
      <trkpt lat="34.36671" lon="-118.02773"><ele>1793.0</ele></trkpt>
      <trkpt lat="34.36669" lon="-118.02775"><ele>1793.0</ele></trkpt>
      <trkpt lat="34.36646" lon="-118.02794"><ele>1793.0</ele></trkpt>
      <trkpt lat="34.36635" lon="-118.02804"><ele>1793.0</ele></trkpt>
      <trkpt lat="34.36622" lon="-118.02820"><ele>1793.0</ele></trkpt>
      <trkpt lat="34.36614" lon="-118.02839"><ele>1793.0</ele></trkpt>
      <trkpt lat="34.36612" lon="-118.02856"><ele>1793.0</ele></trkpt>
      <trkpt lat="34.36610" lon="-118.02911"><ele>1793.0</ele></trkpt>
      <trkpt lat="34.36612" lon="-118.02933"><ele>1793.0</ele></trkpt>
      <trkpt lat="34.36626" lon="-118.03003"><ele>1793.0</ele></trkpt>
      <trkpt lat="34.36637" lon="-118.03056"><ele>1793.0</ele></trkpt>
      <trkpt lat="34.36639" lon="-118.03059"><ele>1831.0</ele></trkpt>
      <trkpt lat="34.36643" lon="-118.03069"><ele>1831.0</ele></trkpt>
      <trkpt lat="34.36644" lon="-118.03069"><ele>1831.0</ele></trkpt>
      <trkpt lat="34.36646" lon="-118.03071"><ele>1831.0</ele></trkpt>
      <trkpt lat="34.36651" lon="-118.03075"><ele>1831.0</ele></trkpt>
      <trkpt lat="34.36665" lon="-118.03090"><ele>1831.0</ele></trkpt>
      <trkpt lat="34.36673" lon="-118.03102"><ele>1831.0</ele></trkpt>
      <trkpt lat="34.36673" lon="-118.03111"><ele>1831.0</ele></trkpt>
      <trkpt lat="34.36672" lon="-118.03114"><ele>1831.0</ele></trkpt>
      <trkpt lat="34.36667" lon="-118.03133"><ele>1831.0</ele></trkpt>
      <trkpt lat="34.36670" lon="-118.03151"><ele>1831.0</ele></trkpt>
      <trkpt lat="34.36671" lon="-118.03161"><ele>1831.0</ele></trkpt>
      <trkpt lat="34.36677" lon="-118.03175"><ele>1831.0</ele></trkpt>
      <trkpt lat="34.36687" lon="-118.03181"><ele>1831.0</ele></trkpt>
      <trkpt lat="34.36694" lon="-118.03181"><ele>1831.0</ele></trkpt>
      <trkpt lat="34.36714" lon="-118.03181"><ele>1831.0</ele></trkpt>
      <trkpt lat="34.36728" lon="-118.03181"><ele>1831.0</ele></trkpt>
      <trkpt lat="34.36745" lon="-118.03178"><ele>1831.0</ele></trkpt>
      <trkpt lat="34.36746" lon="-118.03178"><ele>1831.0</ele></trkpt>
      <trkpt lat="34.36756" lon="-118.03171"><ele>1831.0</ele></trkpt>
      <trkpt lat="34.36767" lon="-118.03155"><ele>1831.0</ele></trkpt>
      <trkpt lat="34.36783" lon="-118.03125"><ele>1831.0</ele></trkpt>
      <trkpt lat="34.36791" lon="-118.03115"><ele>1831.0</ele></trkpt>
      <trkpt lat="34.36801" lon="-118.03111"><ele>1831.0</ele></trkpt>
      <trkpt lat="34.36815" lon="-118.03109"><ele>1831.0</ele></trkpt>
      <trkpt lat="34.36830" lon="-118.03113"><ele>1831.0</ele></trkpt>
      <trkpt lat="34.36850" lon="-118.03126"><ele>1831.0</ele></trkpt>
      <trkpt lat="34.36870" lon="-118.03135"><ele>1831.0</ele></trkpt>
      <trkpt lat="34.36884" lon="-118.03136"><ele>1831.0</ele></trkpt>
      <trkpt lat="34.36896" lon="-118.03134"><ele>1831.0</ele></trkpt>
      <trkpt lat="34.36920" lon="-118.03132"><ele>1831.0</ele></trkpt>
      <trkpt lat="34.36930" lon="-118.03131"><ele>1831.0</ele></trkpt>
      <trkpt lat="34.36946" lon="-118.03140"><ele>1831.0</ele></trkpt>
      <trkpt lat="34.36960" lon="-118.03143"><ele>1831.0</ele></trkpt>
      <trkpt lat="34.36966" lon="-118.03148"><ele>1831.0</ele></trkpt>
      <trkpt lat="34.36974" lon="-118.03148"><ele>1831.0</ele></trkpt>
      <trkpt lat="34.36981" lon="-118.03151"><ele>1831.0</ele></trkpt>
      <trkpt lat="34.36999" lon="-118.03144"><ele>1831.0</ele></trkpt>
      <trkpt lat="34.37017" lon="-118.03143"><ele>1831.0</ele></trkpt>
      <trkpt lat="34.37026" lon="-118.03147"><ele>1831.0</ele></trkpt>
      <trkpt lat="34.37037" lon="-118.03156"><ele>1831.0</ele></trkpt>
      <trkpt lat="34.37052" lon="-118.03169"><ele>1831.0</ele></trkpt>
      <trkpt lat="34.37068" lon="-118.03177"><ele>1831.0</ele></trkpt>
      <trkpt lat="34.37080" lon="-118.03182"><ele>1831.0</ele></trkpt>
      <trkpt lat="34.37094" lon="-118.03177"><ele>1831.0</ele></trkpt>
      <trkpt lat="34.37107" lon="-118.03177"><ele>1831.0</ele></trkpt>
      <trkpt lat="34.37118" lon="-118.03183"><ele>1831.0</ele></trkpt>
      <trkpt lat="34.37135" lon="-118.03203"><ele>1873.0</ele></trkpt>
      <trkpt lat="34.37183" lon="-118.03247"><ele>1873.0</ele></trkpt>
      <trkpt lat="34.37209" lon="-118.03279"><ele>1873.0</ele></trkpt>
      <trkpt lat="34.37218" lon="-118.03296"><ele>1873.0</ele></trkpt>
      <trkpt lat="34.37222" lon="-118.03316"><ele>1873.0</ele></trkpt>
      <trkpt lat="34.37224" lon="-118.03336"><ele>1873.0</ele></trkpt>
      <trkpt lat="34.37230" lon="-118.03351"><ele>1873.0</ele></trkpt>
      <trkpt lat="34.37235" lon="-118.03361"><ele>1873.0</ele></trkpt>
      <trkpt lat="34.37245" lon="-118.03369"><ele>1873.0</ele></trkpt>
      <trkpt lat="34.37261" lon="-118.03377"><ele>1873.0</ele></trkpt>
      <trkpt lat="34.37284" lon="-118.03386"><ele>1873.0</ele></trkpt>
      <trkpt lat="34.37296" lon="-118.03394"><ele>1873.0</ele></trkpt>
      <trkpt lat="34.37324" lon="-118.03412"><ele>1873.0</ele></trkpt>
      <trkpt lat="34.37349" lon="-118.03430"><ele>1873.0</ele></trkpt>
      <trkpt lat="34.37357" lon="-118.03431"><ele>1873.0</ele></trkpt>
      <trkpt lat="34.37363" lon="-118.03431"><ele>1873.0</ele></trkpt>
      <trkpt lat="34.37377" lon="-118.03423"><ele>1873.0</ele></trkpt>
      <trkpt lat="34.37388" lon="-118.03425"><ele>1873.0</ele></trkpt>
      <trkpt lat="34.37395" lon="-118.03426"><ele>1873.0</ele></trkpt>
      <trkpt lat="34.37404" lon="-118.03433"><ele>1873.0</ele></trkpt>
      <trkpt lat="34.37421" lon="-118.03448"><ele>1873.0</ele></trkpt>
      <trkpt lat="34.37435" lon="-118.03459"><ele>1873.0</ele></trkpt>
      <trkpt lat="34.37447" lon="-118.03463"><ele>1873.0</ele></trkpt>
      <trkpt lat="34.37462" lon="-118.03468"><ele>1873.0</ele></trkpt>
      <trkpt lat="34.37499" lon="-118.03479"><ele>1873.0</ele></trkpt>
      <trkpt lat="34.37560" lon="-118.03500"><ele>1873.0</ele></trkpt>
      <trkpt lat="34.37633" lon="-118.03558"><ele>1873.0</ele></trkpt>
      <trkpt lat="34.37641" lon="-118.03556"><ele>1873.0</ele></trkpt>
      <trkpt lat="34.37675" lon="-118.03544"><ele>1873.0</ele></trkpt>
      <trkpt lat="34.37686" lon="-118.03549"><ele>1873.0</ele></trkpt>
      <trkpt lat="34.37688" lon="-118.03551"><ele>1873.0</ele></trkpt>
      <trkpt lat="34.37693" lon="-118.03557"><ele>1873.0</ele></trkpt>
      <trkpt lat="34.37694" lon="-118.03558"><ele>1873.0</ele></trkpt>
      <trkpt lat="34.37695" lon="-118.03559"><ele>1873.0</ele></trkpt>
      <trkpt lat="34.37704" lon="-118.03622"><ele>1873.0</ele></trkpt>
      <trkpt lat="34.37735" lon="-118.03650"><ele>1873.0</ele></trkpt>
      <trkpt lat="34.37773" lon="-118.03668"><ele>1873.0</ele></trkpt>
      <trkpt lat="34.37779" lon="-118.03679"><ele>1873.0</ele></trkpt>
      <trkpt lat="34.37806" lon="-118.03727"><ele>1873.0</ele></trkpt>
      <trkpt lat="34.37809" lon="-118.03733"><ele>1873.0</ele></trkpt>
      <trkpt lat="34.37818" lon="-118.03773"><ele>1873.0</ele></trkpt>
      <trkpt lat="34.37823" lon="-118.03781"><ele>1873.0</ele></trkpt>
      <trkpt lat="34.37840" lon="-118.03804"><ele>1873.0</ele></trkpt>
      <trkpt lat="34.37833" lon="-118.03821"><ele>1873.0</ele></trkpt>
      <trkpt lat="34.37814" lon="-118.03833"><ele>1873.0</ele></trkpt>
      <trkpt lat="34.37806" lon="-118.03834"><ele>1873.0</ele></trkpt>
      <trkpt lat="34.37797" lon="-118.03835"><ele>1951.0</ele></trkpt>
      <trkpt lat="34.37778" lon="-118.03837"><ele>1951.0</ele></trkpt>
      <trkpt lat="34.37769" lon="-118.03838"><ele>1951.0</ele></trkpt>
      <trkpt lat="34.37760" lon="-118.03839"><ele>1951.0</ele></trkpt>
      <trkpt lat="34.37752" lon="-118.03844"><ele>1951.0</ele></trkpt>
      <trkpt lat="34.37747" lon="-118.03846"><ele>1951.0</ele></trkpt>
      <trkpt lat="34.37738" lon="-118.03851"><ele>1951.0</ele></trkpt>
      <trkpt lat="34.37712" lon="-118.03865"><ele>1951.0</ele></trkpt>
      <trkpt lat="34.37674" lon="-118.03873"><ele>1951.0</ele></trkpt>
      <trkpt lat="34.37661" lon="-118.03895"><ele>1951.0</ele></trkpt>
      <trkpt lat="34.37661" lon="-118.03896"><ele>1951.0</ele></trkpt>
      <trkpt lat="34.37661" lon="-118.03897"><ele>1951.0</ele></trkpt>
      <trkpt lat="34.37664" lon="-118.03911"><ele>1951.0</ele></trkpt>
      <trkpt lat="34.37667" lon="-118.03924"><ele>1951.0</ele></trkpt>
      <trkpt lat="34.37669" lon="-118.03931"><ele>1951.0</ele></trkpt>
      <trkpt lat="34.37699" lon="-118.03977"><ele>1951.0</ele></trkpt>
      <trkpt lat="34.37700" lon="-118.03980"><ele>1951.0</ele></trkpt>
      <trkpt lat="34.37712" lon="-118.03998"><ele>1951.0</ele></trkpt>
      <trkpt lat="34.37713" lon="-118.04000"><ele>1951.0</ele></trkpt>
      <trkpt lat="34.37739" lon="-118.04040"><ele>1951.0</ele></trkpt>
      <trkpt lat="34.37746" lon="-118.04085"><ele>1951.0</ele></trkpt>
      <trkpt lat="34.37743" lon="-118.04098"><ele>1951.0</ele></trkpt>
      <trkpt lat="34.37736" lon="-118.04105"><ele>1951.0</ele></trkpt>
      <trkpt lat="34.37736" lon="-118.04105"><ele>1951.0</ele></trkpt>
      <trkpt lat="34.37698" lon="-118.04141"><ele>1951.0</ele></trkpt>
      <trkpt lat="34.37693" lon="-118.04145"><ele>1951.0</ele></trkpt>
      <trkpt lat="34.37692" lon="-118.04146"><ele>1951.0</ele></trkpt>
      <trkpt lat="34.37691" lon="-118.04150"><ele>1951.0</ele></trkpt>
      <trkpt lat="34.37685" lon="-118.04170"><ele>1951.0</ele></trkpt>
      <trkpt lat="34.37683" lon="-118.04180"><ele>1951.0</ele></trkpt>
      <trkpt lat="34.37684" lon="-118.04197"><ele>1951.0</ele></trkpt>
      <trkpt lat="34.37684" lon="-118.04197"><ele>1951.0</ele></trkpt>
      <trkpt lat="34.37685" lon="-118.04206"><ele>1951.0</ele></trkpt>
      <trkpt lat="34.37640" lon="-118.04254"><ele>1951.0</ele></trkpt>
      <trkpt lat="34.37629" lon="-118.04283"><ele>1951.0</ele></trkpt>
      <trkpt lat="34.37628" lon="-118.04284"><ele>1951.0</ele></trkpt>
      <trkpt lat="34.37627" lon="-118.04288"><ele>1951.0</ele></trkpt>
      <trkpt lat="34.37629" lon="-118.04299"><ele>1951.0</ele></trkpt>
      <trkpt lat="34.37663" lon="-118.04326"><ele>1951.0</ele></trkpt>
      <trkpt lat="34.37667" lon="-118.04330"><ele>1951.0</ele></trkpt>
      <trkpt lat="34.37668" lon="-118.04332"><ele>1951.0</ele></trkpt>
      <trkpt lat="34.37689" lon="-118.04369"><ele>1951.0</ele></trkpt>
      <trkpt lat="34.37712" lon="-118.04390"><ele>1951.0</ele></trkpt>
      <trkpt lat="34.37734" lon="-118.04398"><ele>1951.0</ele></trkpt>
      <trkpt lat="34.37747" lon="-118.04395"><ele>1951.0</ele></trkpt>
      <trkpt lat="34.37750" lon="-118.04394"><ele>1951.0</ele></trkpt>
      <trkpt lat="34.37759" lon="-118.04392"><ele>1951.0</ele></trkpt>
      <trkpt lat="34.37806" lon="-118.04413"><ele>1941.0</ele></trkpt>
      <trkpt lat="34.37816" lon="-118.04418"><ele>1941.0</ele></trkpt>
      <trkpt lat="34.37823" lon="-118.04421"><ele>1941.0</ele></trkpt>
      <trkpt lat="34.37828" lon="-118.04418"><ele>1941.0</ele></trkpt>
      <trkpt lat="34.37851" lon="-118.04406"><ele>1941.0</ele></trkpt>
      <trkpt lat="34.37866" lon="-118.04398"><ele>1941.0</ele></trkpt>
      <trkpt lat="34.37872" lon="-118.04395"><ele>1941.0</ele></trkpt>
      <trkpt lat="34.37875" lon="-118.04393"><ele>1941.0</ele></trkpt>
      <trkpt lat="34.37897" lon="-118.04398"><ele>1941.0</ele></trkpt>
      <trkpt lat="34.37903" lon="-118.04437"><ele>1941.0</ele></trkpt>
      <trkpt lat="34.37921" lon="-118.04460"><ele>1941.0</ele></trkpt>
      <trkpt lat="34.37926" lon="-118.04473"><ele>1941.0</ele></trkpt>
      <trkpt lat="34.37926" lon="-118.04475"><ele>1941.0</ele></trkpt>
      <trkpt lat="34.37934" lon="-118.04496"><ele>1941.0</ele></trkpt>
      <trkpt lat="34.37966" lon="-118.04536"><ele>1941.0</ele></trkpt>
      <trkpt lat="34.37968" lon="-118.04546"><ele>1941.0</ele></trkpt>
      <trkpt lat="34.37970" lon="-118.04557"><ele>1941.0</ele></trkpt>
      <trkpt lat="34.37980" lon="-118.04609"><ele>1941.0</ele></trkpt>
      <trkpt lat="34.37980" lon="-118.04610"><ele>1941.0</ele></trkpt>
      <trkpt lat="34.37983" lon="-118.04624"><ele>1941.0</ele></trkpt>
      <trkpt lat="34.38002" lon="-118.04652"><ele>1941.0</ele></trkpt>
      <trkpt lat="34.38013" lon="-118.04655"><ele>1941.0</ele></trkpt>
      <trkpt lat="34.38026" lon="-118.04659"><ele>1941.0</ele></trkpt>
      <trkpt lat="34.38040" lon="-118.04664"><ele>1941.0</ele></trkpt>
      <trkpt lat="34.38044" lon="-118.04669"><ele>1941.0</ele></trkpt>
      <trkpt lat="34.38060" lon="-118.04693"><ele>1941.0</ele></trkpt>
      <trkpt lat="34.38060" lon="-118.04694"><ele>1941.0</ele></trkpt>
      <trkpt lat="34.38073" lon="-118.04712"><ele>1941.0</ele></trkpt>
      <trkpt lat="34.38075" lon="-118.04715"><ele>1941.0</ele></trkpt>
      <trkpt lat="34.38080" lon="-118.04723"><ele>1941.0</ele></trkpt>
      <trkpt lat="34.38134" lon="-118.04741"><ele>1941.0</ele></trkpt>
      <trkpt lat="34.38145" lon="-118.04752"><ele>1941.0</ele></trkpt>
      <trkpt lat="34.38146" lon="-118.04752"><ele>1941.0</ele></trkpt>
      <trkpt lat="34.38151" lon="-118.04758"><ele>1941.0</ele></trkpt>
      <trkpt lat="34.38143" lon="-118.04793"><ele>1941.0</ele></trkpt>
      <trkpt lat="34.38096" lon="-118.04805"><ele>1941.0</ele></trkpt>
      <trkpt lat="34.38095" lon="-118.04806"><ele>1941.0</ele></trkpt>
      <trkpt lat="34.38094" lon="-118.04806"><ele>1941.0</ele></trkpt>
      <trkpt lat="34.38088" lon="-118.04813"><ele>1941.0</ele></trkpt>
      <trkpt lat="34.38086" lon="-118.04815"><ele>1941.0</ele></trkpt>
      <trkpt lat="34.38077" lon="-118.04825"><ele>1941.0</ele></trkpt>
      <trkpt lat="34.38077" lon="-118.04826"><ele>1941.0</ele></trkpt>
      <trkpt lat="34.38075" lon="-118.04828"><ele>1941.0</ele></trkpt>
      <trkpt lat="34.38075" lon="-118.04828"><ele>1941.0</ele></trkpt>
      <trkpt lat="34.38075" lon="-118.04829"><ele>1941.0</ele></trkpt>
      <trkpt lat="34.38070" lon="-118.04849"><ele>1941.0</ele></trkpt>
      <trkpt lat="34.38069" lon="-118.04854"><ele>1914.0</ele></trkpt>
      <trkpt lat="34.38069" lon="-118.04855"><ele>1914.0</ele></trkpt>
      <trkpt lat="34.38070" lon="-118.04855"><ele>1914.0</ele></trkpt>
      <trkpt lat="34.38074" lon="-118.04858"><ele>1914.0</ele></trkpt>
      <trkpt lat="34.38086" lon="-118.04868"><ele>1914.0</ele></trkpt>
      <trkpt lat="34.38091" lon="-118.04871"><ele>1914.0</ele></trkpt>
      <trkpt lat="34.38091" lon="-118.04872"><ele>1914.0</ele></trkpt>
      <trkpt lat="34.38102" lon="-118.04895"><ele>1914.0</ele></trkpt>
      <trkpt lat="34.38102" lon="-118.04896"><ele>1914.0</ele></trkpt>
      <trkpt lat="34.38102" lon="-118.04896"><ele>1914.0</ele></trkpt>
      <trkpt lat="34.38101" lon="-118.04910"><ele>1914.0</ele></trkpt>
      <trkpt lat="34.38100" lon="-118.04915"><ele>1914.0</ele></trkpt>
      <trkpt lat="34.38095" lon="-118.04959"><ele>1914.0</ele></trkpt>
      <trkpt lat="34.38094" lon="-118.04964"><ele>1914.0</ele></trkpt>
      <trkpt lat="34.38093" lon="-118.04979"><ele>1914.0</ele></trkpt>
      <trkpt lat="34.38132" lon="-118.05013"><ele>1914.0</ele></trkpt>
      <trkpt lat="34.38135" lon="-118.05032"><ele>1914.0</ele></trkpt>
      <trkpt lat="34.38136" lon="-118.05039"><ele>1914.0</ele></trkpt>
      <trkpt lat="34.38139" lon="-118.05055"><ele>1914.0</ele></trkpt>
      <trkpt lat="34.38140" lon="-118.05062"><ele>1914.0</ele></trkpt>
      <trkpt lat="34.38142" lon="-118.05072"><ele>1914.0</ele></trkpt>
      <trkpt lat="34.38170" lon="-118.05107"><ele>1914.0</ele></trkpt>
      <trkpt lat="34.38178" lon="-118.05132"><ele>1914.0</ele></trkpt>
      <trkpt lat="34.38180" lon="-118.05138"><ele>1914.0</ele></trkpt>
      <trkpt lat="34.38187" lon="-118.05163"><ele>1914.0</ele></trkpt>
      <trkpt lat="34.38188" lon="-118.05182"><ele>1914.0</ele></trkpt>
      <trkpt lat="34.38188" lon="-118.05183"><ele>1914.0</ele></trkpt>
      <trkpt lat="34.38189" lon="-118.05196"><ele>1914.0</ele></trkpt>
      <trkpt lat="34.38189" lon="-118.05201"><ele>1914.0</ele></trkpt>
      <trkpt lat="34.38189" lon="-118.05202"><ele>1914.0</ele></trkpt>
      <trkpt lat="34.38189" lon="-118.05208"><ele>1914.0</ele></trkpt>
      <trkpt lat="34.38190" lon="-118.05224"><ele>1914.0</ele></trkpt>
      <trkpt lat="34.38178" lon="-118.05252"><ele>1914.0</ele></trkpt>
      <trkpt lat="34.38178" lon="-118.05254"><ele>1914.0</ele></trkpt>
      <trkpt lat="34.38176" lon="-118.05258"><ele>1914.0</ele></trkpt>
      <trkpt lat="34.38183" lon="-118.05296"><ele>1914.0</ele></trkpt>
      <trkpt lat="34.38181" lon="-118.05339"><ele>1914.0</ele></trkpt>
      <trkpt lat="34.38181" lon="-118.05353"><ele>1914.0</ele></trkpt>
      <trkpt lat="34.38180" lon="-118.05365"><ele>1914.0</ele></trkpt>
      <trkpt lat="34.38186" lon="-118.05377"><ele>1914.0</ele></trkpt>
      <trkpt lat="34.38207" lon="-118.05415"><ele>1914.0</ele></trkpt>
      <trkpt lat="34.38210" lon="-118.05421"><ele>1914.0</ele></trkpt>
      <trkpt lat="34.38200" lon="-118.05445"><ele>1914.0</ele></trkpt>
      <trkpt lat="34.38176" lon="-118.05467"><ele>1914.0</ele></trkpt>
      <trkpt lat="34.38169" lon="-118.05494"><ele>1914.0</ele></trkpt>
      <trkpt lat="34.38168" lon="-118.05498"><ele>1914.0</ele></trkpt>
      <trkpt lat="34.38167" lon="-118.05500"><ele>1914.0</ele></trkpt>
      <trkpt lat="34.38171" lon="-118.05510"><ele>1893.0</ele></trkpt>
      <trkpt lat="34.38207" lon="-118.05534"><ele>1893.0</ele></trkpt>
      <trkpt lat="34.38231" lon="-118.05559"><ele>1893.0</ele></trkpt>
      <trkpt lat="34.38240" lon="-118.05604"><ele>1893.0</ele></trkpt>
      <trkpt lat="34.38284" lon="-118.05698"><ele>1893.0</ele></trkpt>
      <trkpt lat="34.38298" lon="-118.05729"><ele>1893.0</ele></trkpt>
      <trkpt lat="34.38298" lon="-118.05729"><ele>1893.0</ele></trkpt>
      <trkpt lat="34.38319" lon="-118.05774"><ele>1893.0</ele></trkpt>
      <trkpt lat="34.38320" lon="-118.05776"><ele>1893.0</ele></trkpt>
      <trkpt lat="34.38320" lon="-118.05777"><ele>1893.0</ele></trkpt>
      <trkpt lat="34.38326" lon="-118.05871"><ele>1893.0</ele></trkpt>
      <trkpt lat="34.38328" lon="-118.05891"><ele>1893.0</ele></trkpt>
      <trkpt lat="34.38329" lon="-118.05909"><ele>1893.0</ele></trkpt>
      <trkpt lat="34.38331" lon="-118.05914"><ele>1893.0</ele></trkpt>
      <trkpt lat="34.38334" lon="-118.05926"><ele>1893.0</ele></trkpt>
      <trkpt lat="34.38337" lon="-118.05934"><ele>1893.0</ele></trkpt>
      <trkpt lat="34.38342" lon="-118.05950"><ele>1893.0</ele></trkpt>
      <trkpt lat="34.38357" lon="-118.05996"><ele>1893.0</ele></trkpt>
      <trkpt lat="34.38359" lon="-118.06002"><ele>1893.0</ele></trkpt>
      <trkpt lat="34.38368" lon="-118.06030"><ele>1893.0</ele></trkpt>
      <trkpt lat="34.38368" lon="-118.06030"><ele>1893.0</ele></trkpt>
      <trkpt lat="34.38369" lon="-118.06042"><ele>1893.0</ele></trkpt>
      <trkpt lat="34.38369" lon="-118.06046"><ele>1893.0</ele></trkpt>
      <trkpt lat="34.38371" lon="-118.06081"><ele>1893.0</ele></trkpt>
      <trkpt lat="34.38371" lon="-118.06082"><ele>1893.0</ele></trkpt>
      <trkpt lat="34.38372" lon="-118.06086"><ele>1893.0</ele></trkpt>
      <trkpt lat="34.38369" lon="-118.06092"><ele>1893.0</ele></trkpt>
      <trkpt lat="34.38352" lon="-118.06124"><ele>1893.0</ele></trkpt>
      <trkpt lat="34.38351" lon="-118.06126"><ele>1893.0</ele></trkpt>
      <trkpt lat="34.38335" lon="-118.06155"><ele>1893.0</ele></trkpt>
      <trkpt lat="34.38333" lon="-118.06159"><ele>1893.0</ele></trkpt>
      <trkpt lat="34.38330" lon="-118.06164"><ele>1893.0</ele></trkpt>
      <trkpt lat="34.38343" lon="-118.06200"><ele>1893.0</ele></trkpt>
      <trkpt lat="34.38347" lon="-118.06210"><ele>1893.0</ele></trkpt>
      <trkpt lat="34.38348" lon="-118.06212"><ele>1893.0</ele></trkpt>
      <trkpt lat="34.38340" lon="-118.06257"><ele>1893.0</ele></trkpt>
      <trkpt lat="34.38339" lon="-118.06261"><ele>1893.0</ele></trkpt>
      <trkpt lat="34.38339" lon="-118.06261"><ele>1893.0</ele></trkpt>
      <trkpt lat="34.38352" lon="-118.06327"><ele>1893.0</ele></trkpt>
      <trkpt lat="34.38354" lon="-118.06337"><ele>1893.0</ele></trkpt>
      <trkpt lat="34.38357" lon="-118.06352"><ele>1893.0</ele></trkpt>
      <trkpt lat="34.38357" lon="-118.06354"><ele>1893.0</ele></trkpt>
      <trkpt lat="34.38358" lon="-118.06358"><ele>1893.0</ele></trkpt>
      <trkpt lat="34.38362" lon="-118.06363"><ele>1893.0</ele></trkpt>
      <trkpt lat="34.38363" lon="-118.06364"><ele>1893.0</ele></trkpt>
      <trkpt lat="34.38365" lon="-118.06367"><ele>1893.0</ele></trkpt>
      <trkpt lat="34.38389" lon="-118.06399"><ele>1845.0</ele></trkpt>
      <trkpt lat="34.38395" lon="-118.06433"><ele>1845.0</ele></trkpt>
      <trkpt lat="34.38396" lon="-118.06437"><ele>1845.0</ele></trkpt>
      <trkpt lat="34.38396" lon="-118.06439"><ele>1845.0</ele></trkpt>
      <trkpt lat="34.38396" lon="-118.06441"><ele>1845.0</ele></trkpt>
      <trkpt lat="34.38396" lon="-118.06444"><ele>1845.0</ele></trkpt>
      <trkpt lat="34.38384" lon="-118.06504"><ele>1845.0</ele></trkpt>
      <trkpt lat="34.38369" lon="-118.06532"><ele>1845.0</ele></trkpt>
      <trkpt lat="34.38366" lon="-118.06537"><ele>1845.0</ele></trkpt>
      <trkpt lat="34.38361" lon="-118.06547"><ele>1845.0</ele></trkpt>
      <trkpt lat="34.38360" lon="-118.06549"><ele>1845.0</ele></trkpt>
      <trkpt lat="34.38358" lon="-118.06553"><ele>1845.0</ele></trkpt>
      <trkpt lat="34.38365" lon="-118.06599"><ele>1845.0</ele></trkpt>
      <trkpt lat="34.38365" lon="-118.06606"><ele>1845.0</ele></trkpt>
      <trkpt lat="34.38365" lon="-118.06640"><ele>1845.0</ele></trkpt>
      <trkpt lat="34.38365" lon="-118.06677"><ele>1845.0</ele></trkpt>
      <trkpt lat="34.38355" lon="-118.06702"><ele>1845.0</ele></trkpt>
      <trkpt lat="34.38353" lon="-118.06706"><ele>1845.0</ele></trkpt>
      <trkpt lat="34.38346" lon="-118.06723"><ele>1845.0</ele></trkpt>
      <trkpt lat="34.38346" lon="-118.06724"><ele>1845.0</ele></trkpt>
      <trkpt lat="34.38342" lon="-118.06733"><ele>1845.0</ele></trkpt>
      <trkpt lat="34.38338" lon="-118.06788"><ele>1845.0</ele></trkpt>
      <trkpt lat="34.38312" lon="-118.06823"><ele>1845.0</ele></trkpt>
      <trkpt lat="34.38311" lon="-118.06825"><ele>1845.0</ele></trkpt>
      <trkpt lat="34.38277" lon="-118.06871"><ele>1845.0</ele></trkpt>
      <trkpt lat="34.38280" lon="-118.06897"><ele>1845.0</ele></trkpt>
      <trkpt lat="34.38281" lon="-118.06908"><ele>1845.0</ele></trkpt>
      <trkpt lat="34.38283" lon="-118.06931"><ele>1845.0</ele></trkpt>
      <trkpt lat="34.38277" lon="-118.06958"><ele>1845.0</ele></trkpt>
      <trkpt lat="34.38254" lon="-118.06989"><ele>1845.0</ele></trkpt>
      <trkpt lat="34.38224" lon="-118.06997"><ele>1845.0</ele></trkpt>
      <trkpt lat="34.38222" lon="-118.07000"><ele>1845.0</ele></trkpt>
      <trkpt lat="34.38215" lon="-118.07008"><ele>1845.0</ele></trkpt>
      <trkpt lat="34.38214" lon="-118.07010"><ele>1845.0</ele></trkpt>
      <trkpt lat="34.38212" lon="-118.07012"><ele>1845.0</ele></trkpt>
      <trkpt lat="34.38217" lon="-118.07029"><ele>1845.0</ele></trkpt>
      <trkpt lat="34.38227" lon="-118.07032"><ele>1845.0</ele></trkpt>
      <trkpt lat="34.38260" lon="-118.07025"><ele>1845.0</ele></trkpt>
      <trkpt lat="34.38279" lon="-118.07011"><ele>1845.0</ele></trkpt>
      <trkpt lat="34.38284" lon="-118.07000"><ele>1845.0</ele></trkpt>
      <trkpt lat="34.38288" lon="-118.06992"><ele>1845.0</ele></trkpt>
      <trkpt lat="34.38304" lon="-118.06960"><ele>1845.0</ele></trkpt>
      <trkpt lat="34.38317" lon="-118.06904"><ele>1845.0</ele></trkpt>
      <trkpt lat="34.38319" lon="-118.06893"><ele>1845.0</ele></trkpt>
      <trkpt lat="34.38319" lon="-118.06893"><ele>1845.0</ele></trkpt>
      <trkpt lat="34.38321" lon="-118.06892"><ele>1845.0</ele></trkpt>
      <trkpt lat="34.38352" lon="-118.06876"><ele>1845.0</ele></trkpt>
      <trkpt lat="34.38353" lon="-118.06876"><ele>1783.0</ele></trkpt>
      <trkpt lat="34.38386" lon="-118.06859"><ele>1783.0</ele></trkpt>
      <trkpt lat="34.38388" lon="-118.06853"><ele>1783.0</ele></trkpt>
      <trkpt lat="34.38392" lon="-118.06846"><ele>1783.0</ele></trkpt>
      <trkpt lat="34.38413" lon="-118.06799"><ele>1783.0</ele></trkpt>
      <trkpt lat="34.38414" lon="-118.06797"><ele>1783.0</ele></trkpt>
      <trkpt lat="34.38422" lon="-118.06779"><ele>1783.0</ele></trkpt>
      <trkpt lat="34.38449" lon="-118.06765"><ele>1783.0</ele></trkpt>
      <trkpt lat="34.38471" lon="-118.06767"><ele>1783.0</ele></trkpt>
      <trkpt lat="34.38474" lon="-118.06773"><ele>1783.0</ele></trkpt>
      <trkpt lat="34.38475" lon="-118.06774"><ele>1783.0</ele></trkpt>
      <trkpt lat="34.38476" lon="-118.06775"><ele>1783.0</ele></trkpt>
      <trkpt lat="34.38471" lon="-118.06787"><ele>1783.0</ele></trkpt>
      <trkpt lat="34.38447" lon="-118.06794"><ele>1783.0</ele></trkpt>
      <trkpt lat="34.38436" lon="-118.06815"><ele>1783.0</ele></trkpt>
      <trkpt lat="34.38434" lon="-118.06817"><ele>1783.0</ele></trkpt>
      <trkpt lat="34.38431" lon="-118.06824"><ele>1783.0</ele></trkpt>
      <trkpt lat="34.38419" lon="-118.06901"><ele>1783.0</ele></trkpt>
      <trkpt lat="34.38418" lon="-118.06901"><ele>1783.0</ele></trkpt>
      <trkpt lat="34.38418" lon="-118.06902"><ele>1783.0</ele></trkpt>
      <trkpt lat="34.38383" lon="-118.06950"><ele>1783.0</ele></trkpt>
      <trkpt lat="34.38383" lon="-118.06950"><ele>1783.0</ele></trkpt>
      <trkpt lat="34.38383" lon="-118.06951"><ele>1783.0</ele></trkpt>
      <trkpt lat="34.38380" lon="-118.06994"><ele>1783.0</ele></trkpt>
      <trkpt lat="34.38379" lon="-118.06996"><ele>1783.0</ele></trkpt>
      <trkpt lat="34.38379" lon="-118.06998"><ele>1783.0</ele></trkpt>
      <trkpt lat="34.38367" lon="-118.07050"><ele>1783.0</ele></trkpt>
      <trkpt lat="34.38366" lon="-118.07053"><ele>1783.0</ele></trkpt>
      <trkpt lat="34.38360" lon="-118.07077"><ele>1783.0</ele></trkpt>
      <trkpt lat="34.38352" lon="-118.07084"><ele>1783.0</ele></trkpt>
      <trkpt lat="34.38349" lon="-118.07086"><ele>1783.0</ele></trkpt>
      <trkpt lat="34.38292" lon="-118.07131"><ele>1783.0</ele></trkpt>
      <trkpt lat="34.38289" lon="-118.07144"><ele>1783.0</ele></trkpt>
      <trkpt lat="34.38288" lon="-118.07148"><ele>1783.0</ele></trkpt>
      <trkpt lat="34.38287" lon="-118.07148"><ele>1783.0</ele></trkpt>
      <trkpt lat="34.38288" lon="-118.07150"><ele>1783.0</ele></trkpt>
      <trkpt lat="34.38293" lon="-118.07162"><ele>1783.0</ele></trkpt>
      <trkpt lat="34.38297" lon="-118.07175"><ele>1783.0</ele></trkpt>
      <trkpt lat="34.38299" lon="-118.07179"><ele>1783.0</ele></trkpt>
      <trkpt lat="34.38321" lon="-118.07239"><ele>1783.0</ele></trkpt>
      <trkpt lat="34.38317" lon="-118.07257"><ele>1783.0</ele></trkpt>
      <trkpt lat="34.38316" lon="-118.07260"><ele>1783.0</ele></trkpt>
      <trkpt lat="34.38314" lon="-118.07267"><ele>1783.0</ele></trkpt>
      <trkpt lat="34.38293" lon="-118.07286"><ele>1783.0</ele></trkpt>
      <trkpt lat="34.38295" lon="-118.07300"><ele>1783.0</ele></trkpt>
      <trkpt lat="34.38296" lon="-118.07304"><ele>1783.0</ele></trkpt>
      <trkpt lat="34.38300" lon="-118.07325"><ele>1680.0</ele></trkpt>
      <trkpt lat="34.38311" lon="-118.07344"><ele>1680.0</ele></trkpt>
      <trkpt lat="34.38316" lon="-118.07353"><ele>1680.0</ele></trkpt>
      <trkpt lat="34.38328" lon="-118.07373"><ele>1680.0</ele></trkpt>
      <trkpt lat="34.38328" lon="-118.07373"><ele>1680.0</ele></trkpt>
      <trkpt lat="34.38330" lon="-118.07376"><ele>1680.0</ele></trkpt>
      <trkpt lat="34.38360" lon="-118.07384"><ele>1680.0</ele></trkpt>
      <trkpt lat="34.38361" lon="-118.07384"><ele>1680.0</ele></trkpt>
      <trkpt lat="34.38363" lon="-118.07386"><ele>1680.0</ele></trkpt>
      <trkpt lat="34.38379" lon="-118.07406"><ele>1680.0</ele></trkpt>
      <trkpt lat="34.38379" lon="-118.07406"><ele>1680.0</ele></trkpt>
      <trkpt lat="34.38383" lon="-118.07410"><ele>1680.0</ele></trkpt>
      <trkpt lat="34.38376" lon="-118.07544"><ele>1680.0</ele></trkpt>
      <trkpt lat="34.38376" lon="-118.07547"><ele>1680.0</ele></trkpt>
      <trkpt lat="34.38374" lon="-118.07600"><ele>1680.0</ele></trkpt>
      <trkpt lat="34.38362" lon="-118.07673"><ele>1680.0</ele></trkpt>
      <trkpt lat="34.38362" lon="-118.07675"><ele>1680.0</ele></trkpt>
      <trkpt lat="34.38361" lon="-118.07678"><ele>1680.0</ele></trkpt>
      <trkpt lat="34.38325" lon="-118.07698"><ele>1680.0</ele></trkpt>
      <trkpt lat="34.38324" lon="-118.07699"><ele>1680.0</ele></trkpt>
      <trkpt lat="34.38320" lon="-118.07701"><ele>1680.0</ele></trkpt>
      <trkpt lat="34.38306" lon="-118.07726"><ele>1680.0</ele></trkpt>
      <trkpt lat="34.38304" lon="-118.07729"><ele>1680.0</ele></trkpt>
      <trkpt lat="34.38280" lon="-118.07775"><ele>1680.0</ele></trkpt>
      <trkpt lat="34.38269" lon="-118.07794"><ele>1680.0</ele></trkpt>
      <trkpt lat="34.38250" lon="-118.07829"><ele>1680.0</ele></trkpt>
      <trkpt lat="34.38245" lon="-118.07838"><ele>1680.0</ele></trkpt>
      <trkpt lat="34.38245" lon="-118.07842"><ele>1680.0</ele></trkpt>
      <trkpt lat="34.38237" lon="-118.07905"><ele>1680.0</ele></trkpt>
      <trkpt lat="34.38235" lon="-118.07923"><ele>1680.0</ele></trkpt>
      <trkpt lat="34.38232" lon="-118.07948"><ele>1680.0</ele></trkpt>
      <trkpt lat="34.38230" lon="-118.07962"><ele>1680.0</ele></trkpt>
      <trkpt lat="34.38231" lon="-118.07968"><ele>1680.0</ele></trkpt>
      <trkpt lat="34.38234" lon="-118.07986"><ele>1680.0</ele></trkpt>
      <trkpt lat="34.38236" lon="-118.07996"><ele>1680.0</ele></trkpt>
      <trkpt lat="34.38239" lon="-118.08012"><ele>1680.0</ele></trkpt>
      <trkpt lat="34.38252" lon="-118.08024"><ele>1680.0</ele></trkpt>
      <trkpt lat="34.38262" lon="-118.08030"><ele>1680.0</ele></trkpt>
      <trkpt lat="34.38263" lon="-118.08029"><ele>1680.0</ele></trkpt>
      <trkpt lat="34.38266" lon="-118.08028"><ele>1680.0</ele></trkpt>
      <trkpt lat="34.38287" lon="-118.08020"><ele>1680.0</ele></trkpt>
      <trkpt lat="34.38287" lon="-118.08020"><ele>1680.0</ele></trkpt>
      <trkpt lat="34.38290" lon="-118.08019"><ele>1680.0</ele></trkpt>
      <trkpt lat="34.38290" lon="-118.08017"><ele>1680.0</ele></trkpt>
      <trkpt lat="34.38290" lon="-118.08016"><ele>1680.0</ele></trkpt>
      <trkpt lat="34.38297" lon="-118.07984"><ele>1680.0</ele></trkpt>
      <trkpt lat="34.38299" lon="-118.07975"><ele>1680.0</ele></trkpt>
      <trkpt lat="34.38308" lon="-118.07934"><ele>1634.0</ele></trkpt>
      <trkpt lat="34.38308" lon="-118.07932"><ele>1634.0</ele></trkpt>
      <trkpt lat="34.38311" lon="-118.07919"><ele>1634.0</ele></trkpt>
      <trkpt lat="34.38343" lon="-118.07830"><ele>1634.0</ele></trkpt>
      <trkpt lat="34.38351" lon="-118.07808"><ele>1634.0</ele></trkpt>
      <trkpt lat="34.38353" lon="-118.07806"><ele>1634.0</ele></trkpt>
      <trkpt lat="34.38371" lon="-118.07782"><ele>1634.0</ele></trkpt>
      <trkpt lat="34.38372" lon="-118.07782"><ele>1634.0</ele></trkpt>
      <trkpt lat="34.38374" lon="-118.07779"><ele>1634.0</ele></trkpt>
      <trkpt lat="34.38420" lon="-118.07765"><ele>1634.0</ele></trkpt>
      <trkpt lat="34.38420" lon="-118.07765"><ele>1634.0</ele></trkpt>
      <trkpt lat="34.38425" lon="-118.07763"><ele>1634.0</ele></trkpt>
      <trkpt lat="34.38503" lon="-118.07710"><ele>1634.0</ele></trkpt>
      <trkpt lat="34.38529" lon="-118.07666"><ele>1634.0</ele></trkpt>
      <trkpt lat="34.38533" lon="-118.07644"><ele>1634.0</ele></trkpt>
      <trkpt lat="34.38546" lon="-118.07606"><ele>1634.0</ele></trkpt>
      <trkpt lat="34.38546" lon="-118.07600"><ele>1634.0</ele></trkpt>
      <trkpt lat="34.38546" lon="-118.07599"><ele>1634.0</ele></trkpt>
      <trkpt lat="34.38548" lon="-118.07576"><ele>1634.0</ele></trkpt>
      <trkpt lat="34.38548" lon="-118.07575"><ele>1634.0</ele></trkpt>
      <trkpt lat="34.38550" lon="-118.07541"><ele>1634.0</ele></trkpt>
      <trkpt lat="34.38552" lon="-118.07538"><ele>1634.0</ele></trkpt>
      <trkpt lat="34.38555" lon="-118.07534"><ele>1634.0</ele></trkpt>
      <trkpt lat="34.38570" lon="-118.07512"><ele>1634.0</ele></trkpt>
      <trkpt lat="34.38595" lon="-118.07428"><ele>1634.0</ele></trkpt>
      <trkpt lat="34.38596" lon="-118.07426"><ele>1634.0</ele></trkpt>
      <trkpt lat="34.38603" lon="-118.07405"><ele>1634.0</ele></trkpt>
      <trkpt lat="34.38616" lon="-118.07403"><ele>1634.0</ele></trkpt>
      <trkpt lat="34.38620" lon="-118.07409"><ele>1634.0</ele></trkpt>
      <trkpt lat="34.38620" lon="-118.07409"><ele>1634.0</ele></trkpt>
      <trkpt lat="34.38621" lon="-118.07412"><ele>1634.0</ele></trkpt>
      <trkpt lat="34.38615" lon="-118.07441"><ele>1634.0</ele></trkpt>
      <trkpt lat="34.38614" lon="-118.07444"><ele>1634.0</ele></trkpt>
      <trkpt lat="34.38610" lon="-118.07460"><ele>1634.0</ele></trkpt>
      <trkpt lat="34.38620" lon="-118.07525"><ele>1634.0</ele></trkpt>
      <trkpt lat="34.38639" lon="-118.07603"><ele>1634.0</ele></trkpt>
      <trkpt lat="34.38658" lon="-118.07621"><ele>1634.0</ele></trkpt>
      <trkpt lat="34.38670" lon="-118.07647"><ele>1634.0</ele></trkpt>
      <trkpt lat="34.38672" lon="-118.07684"><ele>1634.0</ele></trkpt>
      <trkpt lat="34.38673" lon="-118.07700"><ele>1634.0</ele></trkpt>
      <trkpt lat="34.38671" lon="-118.07711"><ele>1634.0</ele></trkpt>
      <trkpt lat="34.38669" lon="-118.07723"><ele>1634.0</ele></trkpt>
      <trkpt lat="34.38666" lon="-118.07733"><ele>1634.0</ele></trkpt>
      <trkpt lat="34.38627" lon="-118.07798"><ele>1634.0</ele></trkpt>
      <trkpt lat="34.38627" lon="-118.07799"><ele>1634.0</ele></trkpt>
      <trkpt lat="34.38620" lon="-118.07810"><ele>1634.0</ele></trkpt>
      <trkpt lat="34.38619" lon="-118.07816"><ele>1521.0</ele></trkpt>
      <trkpt lat="34.38619" lon="-118.07817"><ele>1521.0</ele></trkpt>
      <trkpt lat="34.38617" lon="-118.07840"><ele>1521.0</ele></trkpt>
      <trkpt lat="34.38667" lon="-118.07883"><ele>1521.0</ele></trkpt>
      <trkpt lat="34.38668" lon="-118.07886"><ele>1521.0</ele></trkpt>
      <trkpt lat="34.38670" lon="-118.07889"><ele>1521.0</ele></trkpt>
      <trkpt lat="34.38713" lon="-118.07988"><ele>1521.0</ele></trkpt>
      <trkpt lat="34.38718" lon="-118.07990"><ele>1521.0</ele></trkpt>
      <trkpt lat="34.38719" lon="-118.07990"><ele>1521.0</ele></trkpt>
      <trkpt lat="34.38770" lon="-118.08009"><ele>1521.0</ele></trkpt>
      <trkpt lat="34.38825" lon="-118.08008"><ele>1521.0</ele></trkpt>
      <trkpt lat="34.38866" lon="-118.08019"><ele>1521.0</ele></trkpt>
      <trkpt lat="34.38867" lon="-118.08020"><ele>1521.0</ele></trkpt>
      <trkpt lat="34.38868" lon="-118.08020"><ele>1521.0</ele></trkpt>
      <trkpt lat="34.38917" lon="-118.08037"><ele>1521.0</ele></trkpt>
      <trkpt lat="34.38939" lon="-118.08045"><ele>1521.0</ele></trkpt>
      <trkpt lat="34.38947" lon="-118.08057"><ele>1521.0</ele></trkpt>
      <trkpt lat="34.38952" lon="-118.08075"><ele>1521.0</ele></trkpt>
      <trkpt lat="34.38955" lon="-118.08099"><ele>1521.0</ele></trkpt>
      <trkpt lat="34.38961" lon="-118.08115"><ele>1521.0</ele></trkpt>
      <trkpt lat="34.38971" lon="-118.08125"><ele>1521.0</ele></trkpt>
      <trkpt lat="34.38981" lon="-118.08129"><ele>1521.0</ele></trkpt>
      <trkpt lat="34.38997" lon="-118.08125"><ele>1521.0</ele></trkpt>
      <trkpt lat="34.39012" lon="-118.08116"><ele>1521.0</ele></trkpt>
      <trkpt lat="34.39032" lon="-118.08162"><ele>1521.0</ele></trkpt>
      <trkpt lat="34.39038" lon="-118.08197"><ele>1521.0</ele></trkpt>
      <trkpt lat="34.39046" lon="-118.08217"><ele>1521.0</ele></trkpt>
      <trkpt lat="34.39053" lon="-118.08226"><ele>1521.0</ele></trkpt>
      <trkpt lat="34.39063" lon="-118.08230"><ele>1521.0</ele></trkpt>
      <trkpt lat="34.39073" lon="-118.08225"><ele>1521.0</ele></trkpt>
      <trkpt lat="34.39086" lon="-118.08210"><ele>1521.0</ele></trkpt>
      <trkpt lat="34.39097" lon="-118.08186"><ele>1521.0</ele></trkpt>
      <trkpt lat="34.39109" lon="-118.08160"><ele>1521.0</ele></trkpt>
      <trkpt lat="34.39120" lon="-118.08138"><ele>1521.0</ele></trkpt>
      <trkpt lat="34.39133" lon="-118.08126"><ele>1521.0</ele></trkpt>
      <trkpt lat="34.39154" lon="-118.08108"><ele>1521.0</ele></trkpt>
      <trkpt lat="34.39178" lon="-118.08137"><ele>1521.0</ele></trkpt>
      <trkpt lat="34.39194" lon="-118.08121"><ele>1521.0</ele></trkpt>
      <trkpt lat="34.39194" lon="-118.08121"><ele>1521.0</ele></trkpt>
      <trkpt lat="34.39194" lon="-118.08121"><ele>1521.0</ele></trkpt>
      <trkpt lat="34.39195" lon="-118.08121"><ele>1521.0</ele></trkpt>
      <trkpt lat="34.39203" lon="-118.08112"><ele>1521.0</ele></trkpt>
      <trkpt lat="34.39225" lon="-118.08115"><ele>1521.0</ele></trkpt>
      <trkpt lat="34.39242" lon="-118.08115"><ele>1521.0</ele></trkpt>
      <trkpt lat="34.39261" lon="-118.08116"><ele>1521.0</ele></trkpt>
      <trkpt lat="34.39274" lon="-118.08122"><ele>1521.0</ele></trkpt>
      <trkpt lat="34.39292" lon="-118.08140"><ele>1521.0</ele></trkpt>
      <trkpt lat="34.39306" lon="-118.08147"><ele>1541.0</ele></trkpt>
      <trkpt lat="34.39318" lon="-118.08149"><ele>1541.0</ele></trkpt>
      <trkpt lat="34.39329" lon="-118.08147"><ele>1541.0</ele></trkpt>
      <trkpt lat="34.39342" lon="-118.08133"><ele>1541.0</ele></trkpt>
      <trkpt lat="34.39346" lon="-118.08122"><ele>1541.0</ele></trkpt>
      <trkpt lat="34.39349" lon="-118.08108"><ele>1541.0</ele></trkpt>
      <trkpt lat="34.39356" lon="-118.08086"><ele>1541.0</ele></trkpt>
      <trkpt lat="34.39369" lon="-118.08072"><ele>1541.0</ele></trkpt>
      <trkpt lat="34.39390" lon="-118.08059"><ele>1541.0</ele></trkpt>
      <trkpt lat="34.39408" lon="-118.08048"><ele>1541.0</ele></trkpt>
      <trkpt lat="34.39436" lon="-118.08033"><ele>1541.0</ele></trkpt>
      <trkpt lat="34.39449" lon="-118.08029"><ele>1541.0</ele></trkpt>
      <trkpt lat="34.39466" lon="-118.08026"><ele>1541.0</ele></trkpt>
      <trkpt lat="34.39480" lon="-118.08021"><ele>1541.0</ele></trkpt>
      <trkpt lat="34.39480" lon="-118.08019"><ele>1541.0</ele></trkpt>
      <trkpt lat="34.39491" lon="-118.08019"><ele>1541.0</ele></trkpt>
      <trkpt lat="34.39515" lon="-118.08020"><ele>1541.0</ele></trkpt>
      <trkpt lat="34.39523" lon="-118.08016"><ele>1541.0</ele></trkpt>
      <trkpt lat="34.39541" lon="-118.08001"><ele>1541.0</ele></trkpt>
      <trkpt lat="34.39556" lon="-118.07990"><ele>1541.0</ele></trkpt>
      <trkpt lat="34.39568" lon="-118.07987"><ele>1541.0</ele></trkpt>
      <trkpt lat="34.39580" lon="-118.07987"><ele>1541.0</ele></trkpt>
      <trkpt lat="34.39597" lon="-118.07988"><ele>1541.0</ele></trkpt>
      <trkpt lat="34.39610" lon="-118.07986"><ele>1541.0</ele></trkpt>
      <trkpt lat="34.39627" lon="-118.07982"><ele>1541.0</ele></trkpt>
      <trkpt lat="34.39644" lon="-118.07981"><ele>1541.0</ele></trkpt>
      <trkpt lat="34.39668" lon="-118.07981"><ele>1541.0</ele></trkpt>
      <trkpt lat="34.39687" lon="-118.07976"><ele>1541.0</ele></trkpt>
      <trkpt lat="34.39702" lon="-118.07976"><ele>1541.0</ele></trkpt>
      <trkpt lat="34.39729" lon="-118.07975"><ele>1541.0</ele></trkpt>
      <trkpt lat="34.39740" lon="-118.07973"><ele>1541.0</ele></trkpt>
      <trkpt lat="34.39758" lon="-118.07971"><ele>1541.0</ele></trkpt>
      <trkpt lat="34.39770" lon="-118.07975"><ele>1541.0</ele></trkpt>
      <trkpt lat="34.39790" lon="-118.07991"><ele>1541.0</ele></trkpt>
      <trkpt lat="34.39807" lon="-118.08010"><ele>1541.0</ele></trkpt>
      <trkpt lat="34.39824" lon="-118.08024"><ele>1541.0</ele></trkpt>
      <trkpt lat="34.39842" lon="-118.08028"><ele>1541.0</ele></trkpt>
      <trkpt lat="34.39865" lon="-118.08035"><ele>1541.0</ele></trkpt>
      <trkpt lat="34.39879" lon="-118.08043"><ele>1541.0</ele></trkpt>
      <trkpt lat="34.39895" lon="-118.08057"><ele>1541.0</ele></trkpt>
      <trkpt lat="34.39906" lon="-118.08075"><ele>1541.0</ele></trkpt>
      <trkpt lat="34.39917" lon="-118.08093"><ele>1541.0</ele></trkpt>
      <trkpt lat="34.39926" lon="-118.08098"><ele>1541.0</ele></trkpt>
      <trkpt lat="34.39937" lon="-118.08102"><ele>1541.0</ele></trkpt>
      <trkpt lat="34.39964" lon="-118.08101"><ele>1541.0</ele></trkpt>
      <trkpt lat="34.39986" lon="-118.08099"><ele>1541.0</ele></trkpt>
      <trkpt lat="34.40011" lon="-118.08105"><ele>1621.0</ele></trkpt>
      <trkpt lat="34.40020" lon="-118.08113"><ele>1621.0</ele></trkpt>
      <trkpt lat="34.40022" lon="-118.08125"><ele>1621.0</ele></trkpt>
      <trkpt lat="34.40021" lon="-118.08143"><ele>1621.0</ele></trkpt>
      <trkpt lat="34.40018" lon="-118.08160"><ele>1621.0</ele></trkpt>
      <trkpt lat="34.40011" lon="-118.08184"><ele>1621.0</ele></trkpt>
      <trkpt lat="34.40006" lon="-118.08209"><ele>1621.0</ele></trkpt>
      <trkpt lat="34.40001" lon="-118.08237"><ele>1621.0</ele></trkpt>
      <trkpt lat="34.39994" lon="-118.08260"><ele>1621.0</ele></trkpt>
      <trkpt lat="34.39985" lon="-118.08277"><ele>1621.0</ele></trkpt>
      <trkpt lat="34.39969" lon="-118.08310"><ele>1621.0</ele></trkpt>
      <trkpt lat="34.39958" lon="-118.08331"><ele>1621.0</ele></trkpt>
      <trkpt lat="34.39951" lon="-118.08349"><ele>1621.0</ele></trkpt>
      <trkpt lat="34.39947" lon="-118.08383"><ele>1621.0</ele></trkpt>
      <trkpt lat="34.39948" lon="-118.08406"><ele>1621.0</ele></trkpt>
      <trkpt lat="34.39957" lon="-118.08430"><ele>1621.0</ele></trkpt>
      <trkpt lat="34.39980" lon="-118.08478"><ele>1621.0</ele></trkpt>
      <trkpt lat="34.40007" lon="-118.08525"><ele>1621.0</ele></trkpt>
      <trkpt lat="34.40041" lon="-118.08570"><ele>1621.0</ele></trkpt>
      <trkpt lat="34.40056" lon="-118.08584"><ele>1621.0</ele></trkpt>
      <trkpt lat="34.40070" lon="-118.08591"><ele>1621.0</ele></trkpt>
      <trkpt lat="34.40086" lon="-118.08602"><ele>1621.0</ele></trkpt>
      <trkpt lat="34.40092" lon="-118.08615"><ele>1621.0</ele></trkpt>
      <trkpt lat="34.40095" lon="-118.08640"><ele>1621.0</ele></trkpt>
      <trkpt lat="34.40099" lon="-118.08669"><ele>1621.0</ele></trkpt>
      <trkpt lat="34.40107" lon="-118.08701"><ele>1621.0</ele></trkpt>
      <trkpt lat="34.40111" lon="-118.08718"><ele>1621.0</ele></trkpt>
      <trkpt lat="34.40123" lon="-118.08740"><ele>1621.0</ele></trkpt>
      <trkpt lat="34.40136" lon="-118.08763"><ele>1621.0</ele></trkpt>
      <trkpt lat="34.40148" lon="-118.08782"><ele>1621.0</ele></trkpt>
      <trkpt lat="34.40162" lon="-118.08792"><ele>1621.0</ele></trkpt>
      <trkpt lat="34.40169" lon="-118.08802"><ele>1621.0</ele></trkpt>
      <trkpt lat="34.40173" lon="-118.08814"><ele>1621.0</ele></trkpt>
      <trkpt lat="34.40174" lon="-118.08835"><ele>1621.0</ele></trkpt>
      <trkpt lat="34.40180" lon="-118.08864"><ele>1621.0</ele></trkpt>
      <trkpt lat="34.40189" lon="-118.08897"><ele>1621.0</ele></trkpt>
      <trkpt lat="34.40197" lon="-118.08923"><ele>1621.0</ele></trkpt>
      <trkpt lat="34.40204" lon="-118.08938"><ele>1621.0</ele></trkpt>
      <trkpt lat="34.40217" lon="-118.08957"><ele>1621.0</ele></trkpt>
      <trkpt lat="34.40234" lon="-118.08980"><ele>1621.0</ele></trkpt>
      <trkpt lat="34.40241" lon="-118.09004"><ele>1621.0</ele></trkpt>
      <trkpt lat="34.40241" lon="-118.09019"><ele>1621.0</ele></trkpt>
      <trkpt lat="34.40238" lon="-118.09035"><ele>1621.0</ele></trkpt>
      <trkpt lat="34.40234" lon="-118.09050"><ele>1621.0</ele></trkpt>
      <trkpt lat="34.40223" lon="-118.09068"><ele>1621.0</ele></trkpt>
      <trkpt lat="34.40213" lon="-118.09080"><ele>1621.0</ele></trkpt>
      <trkpt lat="34.40202" lon="-118.09094"><ele>1621.0</ele></trkpt>
      <trkpt lat="34.40191" lon="-118.09113"><ele>1676.0</ele></trkpt>
      <trkpt lat="34.40183" lon="-118.09134"><ele>1676.0</ele></trkpt>
      <trkpt lat="34.40181" lon="-118.09151"><ele>1676.0</ele></trkpt>
      <trkpt lat="34.40183" lon="-118.09164"><ele>1676.0</ele></trkpt>
      <trkpt lat="34.40188" lon="-118.09176"><ele>1676.0</ele></trkpt>
      <trkpt lat="34.40204" lon="-118.09196"><ele>1676.0</ele></trkpt>
      <trkpt lat="34.40211" lon="-118.09208"><ele>1676.0</ele></trkpt>
      <trkpt lat="34.40212" lon="-118.09221"><ele>1676.0</ele></trkpt>
      <trkpt lat="34.40211" lon="-118.09243"><ele>1676.0</ele></trkpt>
      <trkpt lat="34.40205" lon="-118.09259"><ele>1676.0</ele></trkpt>
      <trkpt lat="34.40198" lon="-118.09271"><ele>1676.0</ele></trkpt>
      <trkpt lat="34.40188" lon="-118.09280"><ele>1676.0</ele></trkpt>
      <trkpt lat="34.40169" lon="-118.09286"><ele>1676.0</ele></trkpt>
      <trkpt lat="34.40141" lon="-118.09294"><ele>1676.0</ele></trkpt>
      <trkpt lat="34.40121" lon="-118.09300"><ele>1676.0</ele></trkpt>
      <trkpt lat="34.40094" lon="-118.09308"><ele>1676.0</ele></trkpt>
      <trkpt lat="34.40084" lon="-118.09313"><ele>1676.0</ele></trkpt>
      <trkpt lat="34.40074" lon="-118.09324"><ele>1676.0</ele></trkpt>
      <trkpt lat="34.40059" lon="-118.09339"><ele>1676.0</ele></trkpt>
      <trkpt lat="34.40041" lon="-118.09356"><ele>1676.0</ele></trkpt>
      <trkpt lat="34.40035" lon="-118.09366"><ele>1676.0</ele></trkpt>
      <trkpt lat="34.40032" lon="-118.09387"><ele>1676.0</ele></trkpt>
      <trkpt lat="34.40035" lon="-118.09418"><ele>1676.0</ele></trkpt>
      <trkpt lat="34.40037" lon="-118.09444"><ele>1676.0</ele></trkpt>
      <trkpt lat="34.40037" lon="-118.09473"><ele>1676.0</ele></trkpt>
      <trkpt lat="34.40038" lon="-118.09499"><ele>1676.0</ele></trkpt>
      <trkpt lat="34.40040" lon="-118.09543"><ele>1676.0</ele></trkpt>
      <trkpt lat="34.40045" lon="-118.09615"><ele>1676.0</ele></trkpt>
      <trkpt lat="34.40044" lon="-118.09653"><ele>1676.0</ele></trkpt>
      <trkpt lat="34.40043" lon="-118.09698"><ele>1676.0</ele></trkpt>
      <trkpt lat="34.40038" lon="-118.09721"><ele>1676.0</ele></trkpt>
      <trkpt lat="34.40031" lon="-118.09735"><ele>1676.0</ele></trkpt>
      <trkpt lat="34.40015" lon="-118.09755"><ele>1676.0</ele></trkpt>
      <trkpt lat="34.39996" lon="-118.09780"><ele>1676.0</ele></trkpt>
      <trkpt lat="34.39984" lon="-118.09796"><ele>1676.0</ele></trkpt>
      <trkpt lat="34.39978" lon="-118.09805"><ele>1676.0</ele></trkpt>
      <trkpt lat="34.39976" lon="-118.09824"><ele>1676.0</ele></trkpt>
      <trkpt lat="34.39977" lon="-118.09843"><ele>1676.0</ele></trkpt>
      <trkpt lat="34.39979" lon="-118.09858"><ele>1676.0</ele></trkpt>
      <trkpt lat="34.39983" lon="-118.09871"><ele>1676.0</ele></trkpt>
      <trkpt lat="34.39993" lon="-118.09884"><ele>1676.0</ele></trkpt>
      <trkpt lat="34.39996" lon="-118.09895"><ele>1676.0</ele></trkpt>
      <trkpt lat="34.39995" lon="-118.09903"><ele>1676.0</ele></trkpt>
      <trkpt lat="34.39983" lon="-118.09916"><ele>1676.0</ele></trkpt>
      <trkpt lat="34.39971" lon="-118.09931"><ele>1676.0</ele></trkpt>
      <trkpt lat="34.39964" lon="-118.09939"><ele>1676.0</ele></trkpt>
      <trkpt lat="34.39959" lon="-118.09959"><ele>1717.0</ele></trkpt>
      <trkpt lat="34.39957" lon="-118.09976"><ele>1717.0</ele></trkpt>
      <trkpt lat="34.39958" lon="-118.09987"><ele>1717.0</ele></trkpt>
      <trkpt lat="34.39959" lon="-118.10005"><ele>1717.0</ele></trkpt>
      <trkpt lat="34.39958" lon="-118.10024"><ele>1717.0</ele></trkpt>
      <trkpt lat="34.39957" lon="-118.10039"><ele>1717.0</ele></trkpt>
      <trkpt lat="34.39962" lon="-118.10050"><ele>1717.0</ele></trkpt>
      <trkpt lat="34.39975" lon="-118.10065"><ele>1717.0</ele></trkpt>
      <trkpt lat="34.39986" lon="-118.10081"><ele>1717.0</ele></trkpt>
      <trkpt lat="34.39997" lon="-118.10103"><ele>1717.0</ele></trkpt>
      <trkpt lat="34.40002" lon="-118.10117"><ele>1717.0</ele></trkpt>
      <trkpt lat="34.40005" lon="-118.10126"><ele>1717.0</ele></trkpt>
      <trkpt lat="34.40005" lon="-118.10146"><ele>1717.0</ele></trkpt>
      <trkpt lat="34.40002" lon="-118.10161"><ele>1717.0</ele></trkpt>
      <trkpt lat="34.40000" lon="-118.10175"><ele>1717.0</ele></trkpt>
      <trkpt lat="34.39993" lon="-118.10195"><ele>1717.0</ele></trkpt>
      <trkpt lat="34.39984" lon="-118.10213"><ele>1717.0</ele></trkpt>
      <trkpt lat="34.39972" lon="-118.10223"><ele>1717.0</ele></trkpt>
      <trkpt lat="34.39956" lon="-118.10226"><ele>1717.0</ele></trkpt>
      <trkpt lat="34.39935" lon="-118.10231"><ele>1717.0</ele></trkpt>
      <trkpt lat="34.39914" lon="-118.10235"><ele>1717.0</ele></trkpt>
      <trkpt lat="34.39898" lon="-118.10242"><ele>1717.0</ele></trkpt>
      <trkpt lat="34.39885" lon="-118.10248"><ele>1717.0</ele></trkpt>
      <trkpt lat="34.39872" lon="-118.10259"><ele>1717.0</ele></trkpt>
      <trkpt lat="34.39858" lon="-118.10277"><ele>1717.0</ele></trkpt>
      <trkpt lat="34.39848" lon="-118.10295"><ele>1717.0</ele></trkpt>
      <trkpt lat="34.39835" lon="-118.10322"><ele>1717.0</ele></trkpt>
      <trkpt lat="34.39825" lon="-118.10348"><ele>1717.0</ele></trkpt>
      <trkpt lat="34.39819" lon="-118.10364"><ele>1717.0</ele></trkpt>
      <trkpt lat="34.39819" lon="-118.10375"><ele>1717.0</ele></trkpt>
      <trkpt lat="34.39820" lon="-118.10398"><ele>1717.0</ele></trkpt>
      <trkpt lat="34.39824" lon="-118.10421"><ele>1717.0</ele></trkpt>
      <trkpt lat="34.39825" lon="-118.10436"><ele>1717.0</ele></trkpt>
      <trkpt lat="34.39825" lon="-118.10453"><ele>1717.0</ele></trkpt>
      <trkpt lat="34.39822" lon="-118.10470"><ele>1717.0</ele></trkpt>
      <trkpt lat="34.39814" lon="-118.10487"><ele>1717.0</ele></trkpt>
      <trkpt lat="34.39805" lon="-118.10503"><ele>1717.0</ele></trkpt>
      <trkpt lat="34.39792" lon="-118.10515"><ele>1717.0</ele></trkpt>
      <trkpt lat="34.39774" lon="-118.10527"><ele>1717.0</ele></trkpt>
      <trkpt lat="34.39761" lon="-118.10533"><ele>1717.0</ele></trkpt>
      <trkpt lat="34.39749" lon="-118.10543"><ele>1717.0</ele></trkpt>
      <trkpt lat="34.39735" lon="-118.10554"><ele>1717.0</ele></trkpt>
      <trkpt lat="34.39717" lon="-118.10575"><ele>1717.0</ele></trkpt>
      <trkpt lat="34.39708" lon="-118.10588"><ele>1717.0</ele></trkpt>
      <trkpt lat="34.39700" lon="-118.10602"><ele>1717.0</ele></trkpt>
      <trkpt lat="34.39692" lon="-118.10620"><ele>1717.0</ele></trkpt>
      <trkpt lat="34.39684" lon="-118.10646"><ele>1711.0</ele></trkpt>
      <trkpt lat="34.39676" lon="-118.10661"><ele>1711.0</ele></trkpt>
      <trkpt lat="34.39670" lon="-118.10671"><ele>1711.0</ele></trkpt>
      <trkpt lat="34.39659" lon="-118.10681"><ele>1711.0</ele></trkpt>
      <trkpt lat="34.39638" lon="-118.10686"><ele>1711.0</ele></trkpt>
      <trkpt lat="34.39613" lon="-118.10693"><ele>1711.0</ele></trkpt>
      <trkpt lat="34.39588" lon="-118.10700"><ele>1711.0</ele></trkpt>
      <trkpt lat="34.39575" lon="-118.10701"><ele>1711.0</ele></trkpt>
      <trkpt lat="34.39575" lon="-118.10701"><ele>1711.0</ele></trkpt>
      <trkpt lat="34.39575" lon="-118.10701"><ele>1711.0</ele></trkpt>
      <trkpt lat="34.39575" lon="-118.10701"><ele>1711.0</ele></trkpt>
      <trkpt lat="34.39553" lon="-118.10701"><ele>1711.0</ele></trkpt>
      <trkpt lat="34.39536" lon="-118.10699"><ele>1711.0</ele></trkpt>
      <trkpt lat="34.39519" lon="-118.10699"><ele>1711.0</ele></trkpt>
      <trkpt lat="34.39490" lon="-118.10694"><ele>1711.0</ele></trkpt>
      <trkpt lat="34.39465" lon="-118.10697"><ele>1711.0</ele></trkpt>
      <trkpt lat="34.39452" lon="-118.10703"><ele>1711.0</ele></trkpt>
      <trkpt lat="34.39440" lon="-118.10713"><ele>1711.0</ele></trkpt>
      <trkpt lat="34.39430" lon="-118.10727"><ele>1711.0</ele></trkpt>
      <trkpt lat="34.39417" lon="-118.10746"><ele>1711.0</ele></trkpt>
      <trkpt lat="34.39406" lon="-118.10770"><ele>1711.0</ele></trkpt>
      <trkpt lat="34.39396" lon="-118.10791"><ele>1711.0</ele></trkpt>
      <trkpt lat="34.39385" lon="-118.10813"><ele>1711.0</ele></trkpt>
      <trkpt lat="34.39378" lon="-118.10830"><ele>1711.0</ele></trkpt>
      <trkpt lat="34.39372" lon="-118.10857"><ele>1711.0</ele></trkpt>
      <trkpt lat="34.39366" lon="-118.10887"><ele>1711.0</ele></trkpt>
      <trkpt lat="34.39362" lon="-118.10904"><ele>1711.0</ele></trkpt>
      <trkpt lat="34.39355" lon="-118.10925"><ele>1711.0</ele></trkpt>
      <trkpt lat="34.39340" lon="-118.10946"><ele>1711.0</ele></trkpt>
      <trkpt lat="34.39330" lon="-118.10967"><ele>1711.0</ele></trkpt>
      <trkpt lat="34.39323" lon="-118.10988"><ele>1711.0</ele></trkpt>
      <trkpt lat="34.39317" lon="-118.11010"><ele>1711.0</ele></trkpt>
      <trkpt lat="34.39315" lon="-118.11036"><ele>1711.0</ele></trkpt>
      <trkpt lat="34.39312" lon="-118.11055"><ele>1711.0</ele></trkpt>
      <trkpt lat="34.39302" lon="-118.11071"><ele>1711.0</ele></trkpt>
      <trkpt lat="34.39282" lon="-118.11085"><ele>1711.0</ele></trkpt>
      <trkpt lat="34.39258" lon="-118.11095"><ele>1711.0</ele></trkpt>
      <trkpt lat="34.39239" lon="-118.11099"><ele>1711.0</ele></trkpt>
      <trkpt lat="34.39227" lon="-118.11099"><ele>1711.0</ele></trkpt>
      <trkpt lat="34.39211" lon="-118.11104"><ele>1711.0</ele></trkpt>
      <trkpt lat="34.39203" lon="-118.11116"><ele>1711.0</ele></trkpt>
      <trkpt lat="34.39190" lon="-118.11135"><ele>1711.0</ele></trkpt>
      <trkpt lat="34.39180" lon="-118.11154"><ele>1711.0</ele></trkpt>
      <trkpt lat="34.39169" lon="-118.11171"><ele>1711.0</ele></trkpt>
      <trkpt lat="34.39166" lon="-118.11185"><ele>1711.0</ele></trkpt>
      <trkpt lat="34.39166" lon="-118.11205"><ele>1711.0</ele></trkpt>
      <trkpt lat="34.39166" lon="-118.11205"><ele>1711.0</ele></trkpt>
      <trkpt lat="34.39166" lon="-118.11205"><ele>1709.0</ele></trkpt>
      <trkpt lat="34.39166" lon="-118.11206"><ele>1709.0</ele></trkpt>
      <trkpt lat="34.39166" lon="-118.11209"><ele>1709.0</ele></trkpt>
      <trkpt lat="34.39163" lon="-118.11228"><ele>1709.0</ele></trkpt>
      <trkpt lat="34.39160" lon="-118.11247"><ele>1709.0</ele></trkpt>
      <trkpt lat="34.39151" lon="-118.11270"><ele>1709.0</ele></trkpt>
      <trkpt lat="34.39135" lon="-118.11294"><ele>1709.0</ele></trkpt>
      <trkpt lat="34.39117" lon="-118.11305"><ele>1709.0</ele></trkpt>
      <trkpt lat="34.39099" lon="-118.11320"><ele>1709.0</ele></trkpt>
      <trkpt lat="34.39078" lon="-118.11330"><ele>1709.0</ele></trkpt>
      <trkpt lat="34.39072" lon="-118.11336"><ele>1709.0</ele></trkpt>
      <trkpt lat="34.39061" lon="-118.11360"><ele>1709.0</ele></trkpt>
      <trkpt lat="34.39051" lon="-118.11381"><ele>1709.0</ele></trkpt>
      <trkpt lat="34.39039" lon="-118.11399"><ele>1709.0</ele></trkpt>
      <trkpt lat="34.39021" lon="-118.11414"><ele>1709.0</ele></trkpt>
      <trkpt lat="34.39021" lon="-118.11414"><ele>1709.0</ele></trkpt>
      <trkpt lat="34.39021" lon="-118.11414"><ele>1709.0</ele></trkpt>
      <trkpt lat="34.39020" lon="-118.11415"><ele>1709.0</ele></trkpt>
      <trkpt lat="34.39016" lon="-118.11418"><ele>1709.0</ele></trkpt>
      <trkpt lat="34.38992" lon="-118.11437"><ele>1709.0</ele></trkpt>
      <trkpt lat="34.38966" lon="-118.11454"><ele>1709.0</ele></trkpt>
      <trkpt lat="34.38948" lon="-118.11458"><ele>1709.0</ele></trkpt>
      <trkpt lat="34.38926" lon="-118.11455"><ele>1709.0</ele></trkpt>
      <trkpt lat="34.38893" lon="-118.11448"><ele>1709.0</ele></trkpt>
      <trkpt lat="34.38874" lon="-118.11450"><ele>1709.0</ele></trkpt>
      <trkpt lat="34.38858" lon="-118.11458"><ele>1709.0</ele></trkpt>
      <trkpt lat="34.38848" lon="-118.11471"><ele>1709.0</ele></trkpt>
      <trkpt lat="34.38838" lon="-118.11490"><ele>1709.0</ele></trkpt>
      <trkpt lat="34.38828" lon="-118.11513"><ele>1709.0</ele></trkpt>
      <trkpt lat="34.38820" lon="-118.11535"><ele>1709.0</ele></trkpt>
      <trkpt lat="34.38806" lon="-118.11552"><ele>1709.0</ele></trkpt>
      <trkpt lat="34.38801" lon="-118.11572"><ele>1709.0</ele></trkpt>
      <trkpt lat="34.38794" lon="-118.11618"><ele>1709.0</ele></trkpt>
      <trkpt lat="34.38786" lon="-118.11657"><ele>1709.0</ele></trkpt>
      <trkpt lat="34.38779" lon="-118.11689"><ele>1709.0</ele></trkpt>
      <trkpt lat="34.38775" lon="-118.11709"><ele>1709.0</ele></trkpt>
      <trkpt lat="34.38766" lon="-118.11721"><ele>1709.0</ele></trkpt>
      <trkpt lat="34.38748" lon="-118.11716"><ele>1709.0</ele></trkpt>
      <trkpt lat="34.38723" lon="-118.11706"><ele>1709.0</ele></trkpt>
      <trkpt lat="34.38706" lon="-118.11707"><ele>1709.0</ele></trkpt>
      <trkpt lat="34.38692" lon="-118.11716"><ele>1709.0</ele></trkpt>
      <trkpt lat="34.38682" lon="-118.11733"><ele>1709.0</ele></trkpt>
      <trkpt lat="34.38667" lon="-118.11755"><ele>1709.0</ele></trkpt>
      <trkpt lat="34.38653" lon="-118.11779"><ele>1709.0</ele></trkpt>
      <trkpt lat="34.38643" lon="-118.11800"><ele>1709.0</ele></trkpt>
      <trkpt lat="34.38637" lon="-118.11818"><ele>1709.0</ele></trkpt>
      <trkpt lat="34.38631" lon="-118.11846"><ele>1744.0</ele></trkpt>
      <trkpt lat="34.38627" lon="-118.11859"><ele>1744.0</ele></trkpt>
      <trkpt lat="34.38613" lon="-118.11881"><ele>1744.0</ele></trkpt>
      <trkpt lat="34.38595" lon="-118.11913"><ele>1744.0</ele></trkpt>
      <trkpt lat="34.38583" lon="-118.11931"><ele>1744.0</ele></trkpt>
      <trkpt lat="34.38559" lon="-118.11941"><ele>1744.0</ele></trkpt>
      <trkpt lat="34.38538" lon="-118.11953"><ele>1744.0</ele></trkpt>
      <trkpt lat="34.38516" lon="-118.11962"><ele>1744.0</ele></trkpt>
      <trkpt lat="34.38485" lon="-118.11977"><ele>1744.0</ele></trkpt>
      <trkpt lat="34.38456" lon="-118.11991"><ele>1744.0</ele></trkpt>
      <trkpt lat="34.38434" lon="-118.12000"><ele>1744.0</ele></trkpt>
      <trkpt lat="34.38395" lon="-118.11992"><ele>1744.0</ele></trkpt>
      <trkpt lat="34.38345" lon="-118.11979"><ele>1744.0</ele></trkpt>
      <trkpt lat="34.38320" lon="-118.11967"><ele>1744.0</ele></trkpt>
      <trkpt lat="34.38289" lon="-118.11946"><ele>1744.0</ele></trkpt>
      <trkpt lat="34.38263" lon="-118.11929"><ele>1744.0</ele></trkpt>
      <trkpt lat="34.38245" lon="-118.11929"><ele>1744.0</ele></trkpt>
      <trkpt lat="34.38224" lon="-118.11939"><ele>1744.0</ele></trkpt>
      <trkpt lat="34.38198" lon="-118.11957"><ele>1744.0</ele></trkpt>
      <trkpt lat="34.38178" lon="-118.11974"><ele>1744.0</ele></trkpt>
      <trkpt lat="34.38157" lon="-118.11998"><ele>1744.0</ele></trkpt>
      <trkpt lat="34.38138" lon="-118.12016"><ele>1744.0</ele></trkpt>
      <trkpt lat="34.38117" lon="-118.12034"><ele>1744.0</ele></trkpt>
      <trkpt lat="34.38094" lon="-118.12051"><ele>1744.0</ele></trkpt>
      <trkpt lat="34.38063" lon="-118.12071"><ele>1744.0</ele></trkpt>
      <trkpt lat="34.38031" lon="-118.12089"><ele>1744.0</ele></trkpt>
      <trkpt lat="34.38004" lon="-118.12104"><ele>1744.0</ele></trkpt>
      <trkpt lat="34.37976" lon="-118.12117"><ele>1744.0</ele></trkpt>
      <trkpt lat="34.37968" lon="-118.12122"><ele>1744.0</ele></trkpt>
      <trkpt lat="34.37960" lon="-118.12128"><ele>1744.0</ele></trkpt>
      <trkpt lat="34.37951" lon="-118.12137"><ele>1744.0</ele></trkpt>
      <trkpt lat="34.37947" lon="-118.12148"><ele>1744.0</ele></trkpt>
      <trkpt lat="34.37948" lon="-118.12169"><ele>1744.0</ele></trkpt>
      <trkpt lat="34.37949" lon="-118.12178"><ele>1744.0</ele></trkpt>
      <trkpt lat="34.37954" lon="-118.12187"><ele>1744.0</ele></trkpt>
      <trkpt lat="34.37964" lon="-118.12196"><ele>1744.0</ele></trkpt>
      <trkpt lat="34.37965" lon="-118.12197"><ele>1744.0</ele></trkpt>
      <trkpt lat="34.37975" lon="-118.12202"><ele>1744.0</ele></trkpt>
      <trkpt lat="34.37992" lon="-118.12211"><ele>1744.0</ele></trkpt>
      <trkpt lat="34.38030" lon="-118.12227"><ele>1744.0</ele></trkpt>
      <trkpt lat="34.38032" lon="-118.12228"><ele>1744.0</ele></trkpt>
      <trkpt lat="34.38053" lon="-118.12239"><ele>1744.0</ele></trkpt>
      <trkpt lat="34.38072" lon="-118.12246"><ele>1744.0</ele></trkpt>
      <trkpt lat="34.38085" lon="-118.12250"><ele>1744.0</ele></trkpt>
      <trkpt lat="34.38095" lon="-118.12259"><ele>1744.0</ele></trkpt>
      <trkpt lat="34.38104" lon="-118.12267"><ele>1744.0</ele></trkpt>
      <trkpt lat="34.38114" lon="-118.12283"><ele>1744.0</ele></trkpt>
      <trkpt lat="34.38114" lon="-118.12293"><ele>1766.0</ele></trkpt>
      <trkpt lat="34.38113" lon="-118.12312"><ele>1766.0</ele></trkpt>
      <trkpt lat="34.38108" lon="-118.12333"><ele>1766.0</ele></trkpt>
      <trkpt lat="34.38105" lon="-118.12351"><ele>1766.0</ele></trkpt>
      <trkpt lat="34.38103" lon="-118.12375"><ele>1766.0</ele></trkpt>
      <trkpt lat="34.38099" lon="-118.12388"><ele>1766.0</ele></trkpt>
      <trkpt lat="34.38102" lon="-118.12410"><ele>1766.0</ele></trkpt>
      <trkpt lat="34.38103" lon="-118.12417"><ele>1766.0</ele></trkpt>
      <trkpt lat="34.38105" lon="-118.12424"><ele>1766.0</ele></trkpt>
      <trkpt lat="34.38109" lon="-118.12446"><ele>1766.0</ele></trkpt>
      <trkpt lat="34.38113" lon="-118.12480"><ele>1766.0</ele></trkpt>
      <trkpt lat="34.38117" lon="-118.12504"><ele>1766.0</ele></trkpt>
      <trkpt lat="34.38134" lon="-118.12528"><ele>1766.0</ele></trkpt>
      <trkpt lat="34.38138" lon="-118.12535"><ele>1766.0</ele></trkpt>
      <trkpt lat="34.38150" lon="-118.12555"><ele>1766.0</ele></trkpt>
      <trkpt lat="34.38156" lon="-118.12572"><ele>1766.0</ele></trkpt>
      <trkpt lat="34.38159" lon="-118.12593"><ele>1766.0</ele></trkpt>
      <trkpt lat="34.38166" lon="-118.12620"><ele>1766.0</ele></trkpt>
      <trkpt lat="34.38172" lon="-118.12629"><ele>1766.0</ele></trkpt>
      <trkpt lat="34.38180" lon="-118.12640"><ele>1766.0</ele></trkpt>
      <trkpt lat="34.38197" lon="-118.12656"><ele>1766.0</ele></trkpt>
      <trkpt lat="34.38216" lon="-118.12677"><ele>1766.0</ele></trkpt>
      <trkpt lat="34.38225" lon="-118.12687"><ele>1766.0</ele></trkpt>
      <trkpt lat="34.38225" lon="-118.12687"><ele>1766.0</ele></trkpt>
      <trkpt lat="34.38229" lon="-118.12699"><ele>1766.0</ele></trkpt>
      <trkpt lat="34.38228" lon="-118.12716"><ele>1766.0</ele></trkpt>
      <trkpt lat="34.38223" lon="-118.12732"><ele>1766.0</ele></trkpt>
      <trkpt lat="34.38212" lon="-118.12747"><ele>1766.0</ele></trkpt>
      <trkpt lat="34.38197" lon="-118.12755"><ele>1766.0</ele></trkpt>
      <trkpt lat="34.38179" lon="-118.12764"><ele>1766.0</ele></trkpt>
      <trkpt lat="34.38168" lon="-118.12771"><ele>1766.0</ele></trkpt>
      <trkpt lat="34.38161" lon="-118.12784"><ele>1766.0</ele></trkpt>
      <trkpt lat="34.38155" lon="-118.12800"><ele>1766.0</ele></trkpt>
      <trkpt lat="34.38153" lon="-118.12813"><ele>1766.0</ele></trkpt>
      <trkpt lat="34.38154" lon="-118.12819"><ele>1766.0</ele></trkpt>
      <trkpt lat="34.38155" lon="-118.12825"><ele>1766.0</ele></trkpt>
      <trkpt lat="34.38164" lon="-118.12836"><ele>1766.0</ele></trkpt>
      <trkpt lat="34.38188" lon="-118.12854"><ele>1766.0</ele></trkpt>
      <trkpt lat="34.38196" lon="-118.12860"><ele>1766.0</ele></trkpt>
      <trkpt lat="34.38202" lon="-118.12869"><ele>1766.0</ele></trkpt>
      <trkpt lat="34.38202" lon="-118.12879"><ele>1766.0</ele></trkpt>
      <trkpt lat="34.38203" lon="-118.12884"><ele>1766.0</ele></trkpt>
      <trkpt lat="34.38200" lon="-118.12900"><ele>1766.0</ele></trkpt>
      <trkpt lat="34.38198" lon="-118.12912"><ele>1766.0</ele></trkpt>
      <trkpt lat="34.38197" lon="-118.12916"><ele>1766.0</ele></trkpt>
      <trkpt lat="34.38190" lon="-118.12928"><ele>1766.0</ele></trkpt>
      <trkpt lat="34.38188" lon="-118.12933"><ele>1758.0</ele></trkpt>
      <trkpt lat="34.38182" lon="-118.12944"><ele>1758.0</ele></trkpt>
      <trkpt lat="34.38167" lon="-118.12968"><ele>1758.0</ele></trkpt>
      <trkpt lat="34.38160" lon="-118.12980"><ele>1758.0</ele></trkpt>
      <trkpt lat="34.38155" lon="-118.12988"><ele>1758.0</ele></trkpt>
      <trkpt lat="34.38146" lon="-118.13004"><ele>1758.0</ele></trkpt>
      <trkpt lat="34.38138" lon="-118.13021"><ele>1758.0</ele></trkpt>
      <trkpt lat="34.38126" lon="-118.13071"><ele>1758.0</ele></trkpt>
      <trkpt lat="34.38114" lon="-118.13114"><ele>1758.0</ele></trkpt>
      <trkpt lat="34.38109" lon="-118.13125"><ele>1758.0</ele></trkpt>
      <trkpt lat="34.38104" lon="-118.13134"><ele>1758.0</ele></trkpt>
      <trkpt lat="34.38089" lon="-118.13145"><ele>1758.0</ele></trkpt>
      <trkpt lat="34.38077" lon="-118.13153"><ele>1758.0</ele></trkpt>
      <trkpt lat="34.38067" lon="-118.13161"><ele>1758.0</ele></trkpt>
      <trkpt lat="34.38059" lon="-118.13173"><ele>1758.0</ele></trkpt>
      <trkpt lat="34.38045" lon="-118.13193"><ele>1758.0</ele></trkpt>
      <trkpt lat="34.38032" lon="-118.13204"><ele>1758.0</ele></trkpt>
      <trkpt lat="34.38017" lon="-118.13216"><ele>1758.0</ele></trkpt>
      <trkpt lat="34.38004" lon="-118.13227"><ele>1758.0</ele></trkpt>
      <trkpt lat="34.37976" lon="-118.13241"><ele>1758.0</ele></trkpt>
      <trkpt lat="34.37969" lon="-118.13245"><ele>1758.0</ele></trkpt>
      <trkpt lat="34.37961" lon="-118.13250"><ele>1758.0</ele></trkpt>
      <trkpt lat="34.37960" lon="-118.13252"><ele>1758.0</ele></trkpt>
      <trkpt lat="34.37954" lon="-118.13261"><ele>1758.0</ele></trkpt>
      <trkpt lat="34.37945" lon="-118.13283"><ele>1758.0</ele></trkpt>
      <trkpt lat="34.37943" lon="-118.13310"><ele>1758.0</ele></trkpt>
      <trkpt lat="34.37946" lon="-118.13337"><ele>1758.0</ele></trkpt>
      <trkpt lat="34.37954" lon="-118.13379"><ele>1758.0</ele></trkpt>
      <trkpt lat="34.37959" lon="-118.13402"><ele>1758.0</ele></trkpt>
      <trkpt lat="34.37967" lon="-118.13428"><ele>1758.0</ele></trkpt>
      <trkpt lat="34.37971" lon="-118.13444"><ele>1758.0</ele></trkpt>
      <trkpt lat="34.37972" lon="-118.13466"><ele>1758.0</ele></trkpt>
      <trkpt lat="34.37971" lon="-118.13469"><ele>1758.0</ele></trkpt>
      <trkpt lat="34.37970" lon="-118.13486"><ele>1758.0</ele></trkpt>
      <trkpt lat="34.37965" lon="-118.13509"><ele>1758.0</ele></trkpt>
      <trkpt lat="34.37957" lon="-118.13542"><ele>1758.0</ele></trkpt>
      <trkpt lat="34.37951" lon="-118.13553"><ele>1758.0</ele></trkpt>
      <trkpt lat="34.37941" lon="-118.13569"><ele>1758.0</ele></trkpt>
      <trkpt lat="34.37937" lon="-118.13574"><ele>1758.0</ele></trkpt>
      <trkpt lat="34.37927" lon="-118.13587"><ele>1758.0</ele></trkpt>
      <trkpt lat="34.37918" lon="-118.13600"><ele>1758.0</ele></trkpt>
      <trkpt lat="34.37918" lon="-118.13600"><ele>1758.0</ele></trkpt>
      <trkpt lat="34.37918" lon="-118.13601"><ele>1758.0</ele></trkpt>
      <trkpt lat="34.37917" lon="-118.13609"><ele>1758.0</ele></trkpt>
      <trkpt lat="34.37915" lon="-118.13617"><ele>1758.0</ele></trkpt>
      <trkpt lat="34.37918" lon="-118.13635"><ele>1758.0</ele></trkpt>
      <trkpt lat="34.37920" lon="-118.13652"><ele>1758.0</ele></trkpt>
      <trkpt lat="34.37920" lon="-118.13660"><ele>1730.0</ele></trkpt>
      <trkpt lat="34.37920" lon="-118.13668"><ele>1730.0</ele></trkpt>
      <trkpt lat="34.37914" lon="-118.13685"><ele>1730.0</ele></trkpt>
      <trkpt lat="34.37913" lon="-118.13689"><ele>1730.0</ele></trkpt>
      <trkpt lat="34.37894" lon="-118.13738"><ele>1730.0</ele></trkpt>
      <trkpt lat="34.37886" lon="-118.13757"><ele>1730.0</ele></trkpt>
      <trkpt lat="34.37874" lon="-118.13781"><ele>1730.0</ele></trkpt>
      <trkpt lat="34.37864" lon="-118.13806"><ele>1730.0</ele></trkpt>
      <trkpt lat="34.37844" lon="-118.13853"><ele>1730.0</ele></trkpt>
      <trkpt lat="34.37834" lon="-118.13873"><ele>1730.0</ele></trkpt>
      <trkpt lat="34.37825" lon="-118.13891"><ele>1730.0</ele></trkpt>
      <trkpt lat="34.37818" lon="-118.13911"><ele>1730.0</ele></trkpt>
      <trkpt lat="34.37807" lon="-118.13946"><ele>1730.0</ele></trkpt>
      <trkpt lat="34.37773" lon="-118.13995"><ele>1730.0</ele></trkpt>
      <trkpt lat="34.37722" lon="-118.14018"><ele>1730.0</ele></trkpt>
      <trkpt lat="34.37627" lon="-118.14119"><ele>1730.0</ele></trkpt>
      <trkpt lat="34.37605" lon="-118.14174"><ele>1730.0</ele></trkpt>
      <trkpt lat="34.37589" lon="-118.14188"><ele>1730.0</ele></trkpt>
      <trkpt lat="34.37535" lon="-118.14208"><ele>1730.0</ele></trkpt>
      <trkpt lat="34.37499" lon="-118.14239"><ele>1730.0</ele></trkpt>
      <trkpt lat="34.37485" lon="-118.14262"><ele>1730.0</ele></trkpt>
      <trkpt lat="34.37484" lon="-118.14278"><ele>1730.0</ele></trkpt>
      <trkpt lat="34.37498" lon="-118.14348"><ele>1730.0</ele></trkpt>
      <trkpt lat="34.37500" lon="-118.14355"><ele>1730.0</ele></trkpt>
      <trkpt lat="34.37508" lon="-118.14379"><ele>1730.0</ele></trkpt>
      <trkpt lat="34.37515" lon="-118.14400"><ele>1730.0</ele></trkpt>
      <trkpt lat="34.37517" lon="-118.14472"><ele>1730.0</ele></trkpt>
      <trkpt lat="34.37534" lon="-118.14520"><ele>1730.0</ele></trkpt>
      <trkpt lat="34.37531" lon="-118.14564"><ele>1730.0</ele></trkpt>
      <trkpt lat="34.37513" lon="-118.14601"><ele>1730.0</ele></trkpt>
      <trkpt lat="34.37512" lon="-118.14634"><ele>1730.0</ele></trkpt>
      <trkpt lat="34.37512" lon="-118.14635"><ele>1730.0</ele></trkpt>
      <trkpt lat="34.37517" lon="-118.14646"><ele>1730.0</ele></trkpt>
      <trkpt lat="34.37522" lon="-118.14657"><ele>1730.0</ele></trkpt>
      <trkpt lat="34.37546" lon="-118.14677"><ele>1730.0</ele></trkpt>
      <trkpt lat="34.37558" lon="-118.14687"><ele>1730.0</ele></trkpt>
      <trkpt lat="34.37600" lon="-118.14691"><ele>1730.0</ele></trkpt>
      <trkpt lat="34.37601" lon="-118.14691"><ele>1730.0</ele></trkpt>
      <trkpt lat="34.37616" lon="-118.14716"><ele>1730.0</ele></trkpt>
      <trkpt lat="34.37612" lon="-118.14742"><ele>1730.0</ele></trkpt>
      <trkpt lat="34.37585" lon="-118.14795"><ele>1730.0</ele></trkpt>
      <trkpt lat="34.37580" lon="-118.14823"><ele>1730.0</ele></trkpt>
      <trkpt lat="34.37585" lon="-118.14845"><ele>1730.0</ele></trkpt>
      <trkpt lat="34.37585" lon="-118.14845"><ele>1730.0</ele></trkpt>
      <trkpt lat="34.37606" lon="-118.14921"><ele>1730.0</ele></trkpt>
      <trkpt lat="34.37598" lon="-118.14953"><ele>1730.0</ele></trkpt>
      <trkpt lat="34.37605" lon="-118.14984"><ele>1687.0</ele></trkpt>
      <trkpt lat="34.37671" lon="-118.15067"><ele>1687.0</ele></trkpt>
      <trkpt lat="34.37769" lon="-118.15137"><ele>1687.0</ele></trkpt>
      <trkpt lat="34.37797" lon="-118.15147"><ele>1687.0</ele></trkpt>
      <trkpt lat="34.37877" lon="-118.15151"><ele>1687.0</ele></trkpt>
      <trkpt lat="34.37886" lon="-118.15166"><ele>1687.0</ele></trkpt>
      <trkpt lat="34.37890" lon="-118.15216"><ele>1687.0</ele></trkpt>
      <trkpt lat="34.37905" lon="-118.15253"><ele>1687.0</ele></trkpt>
      <trkpt lat="34.37925" lon="-118.15274"><ele>1687.0</ele></trkpt>
      <trkpt lat="34.37963" lon="-118.15285"><ele>1687.0</ele></trkpt>
      <trkpt lat="34.37960" lon="-118.15336"><ele>1687.0</ele></trkpt>
      <trkpt lat="34.37926" lon="-118.15372"><ele>1687.0</ele></trkpt>
      <trkpt lat="34.37926" lon="-118.15399"><ele>1687.0</ele></trkpt>
      <trkpt lat="34.37944" lon="-118.15415"><ele>1687.0</ele></trkpt>
      <trkpt lat="34.38014" lon="-118.15432"><ele>1687.0</ele></trkpt>
      <trkpt lat="34.38025" lon="-118.15444"><ele>1687.0</ele></trkpt>
      <trkpt lat="34.38034" lon="-118.15493"><ele>1687.0</ele></trkpt>
      <trkpt lat="34.38025" lon="-118.15588"><ele>1687.0</ele></trkpt>
      <trkpt lat="34.37953" lon="-118.15632"><ele>1687.0</ele></trkpt>
      <trkpt lat="34.37921" lon="-118.15689"><ele>1687.0</ele></trkpt>
      <trkpt lat="34.37909" lon="-118.15731"><ele>1687.0</ele></trkpt>
      <trkpt lat="34.37900" lon="-118.15807"><ele>1687.0</ele></trkpt>
      <trkpt lat="34.37923" lon="-118.15920"><ele>1687.0</ele></trkpt>
      <trkpt lat="34.37915" lon="-118.15975"><ele>1687.0</ele></trkpt>
      <trkpt lat="34.37885" lon="-118.16000"><ele>1687.0</ele></trkpt>
      <trkpt lat="34.37876" lon="-118.16030"><ele>1687.0</ele></trkpt>
      <trkpt lat="34.37884" lon="-118.16094"><ele>1687.0</ele></trkpt>
      <trkpt lat="34.37929" lon="-118.16211"><ele>1687.0</ele></trkpt>
      <trkpt lat="34.37930" lon="-118.16229"><ele>1687.0</ele></trkpt>
      <trkpt lat="34.37878" lon="-118.16393"><ele>1687.0</ele></trkpt>
      <trkpt lat="34.37819" lon="-118.16443"><ele>1687.0</ele></trkpt>
      <trkpt lat="34.37711" lon="-118.16463"><ele>1687.0</ele></trkpt>
      <trkpt lat="34.37692" lon="-118.16455"><ele>1687.0</ele></trkpt>
      <trkpt lat="34.37692" lon="-118.16403"><ele>1687.0</ele></trkpt>
      <trkpt lat="34.37681" lon="-118.16391"><ele>1687.0</ele></trkpt>
      <trkpt lat="34.37589" lon="-118.16413"><ele>1687.0</ele></trkpt>
      <trkpt lat="34.37500" lon="-118.16395"><ele>1687.0</ele></trkpt>
      <trkpt lat="34.37445" lon="-118.16382"><ele>1687.0</ele></trkpt>
      <trkpt lat="34.37423" lon="-118.16405"><ele>1687.0</ele></trkpt>
      <trkpt lat="34.37449" lon="-118.16482"><ele>1687.0</ele></trkpt>
      <trkpt lat="34.37474" lon="-118.16614"><ele>1687.0</ele></trkpt>
      <trkpt lat="34.37499" lon="-118.16657"><ele>1687.0</ele></trkpt>
      <trkpt lat="34.37534" lon="-118.16687"><ele>1687.0</ele></trkpt>
      <trkpt lat="34.37575" lon="-118.16757"><ele>1687.0</ele></trkpt>
      <trkpt lat="34.37591" lon="-118.16797"><ele>1687.0</ele></trkpt>
      <trkpt lat="34.37601" lon="-118.16852"><ele>1687.0</ele></trkpt>
      <trkpt lat="34.37627" lon="-118.16901"><ele>1687.0</ele></trkpt>
      <trkpt lat="34.37658" lon="-118.16919"><ele>1954.0</ele></trkpt>
      <trkpt lat="34.37690" lon="-118.16918"><ele>1954.0</ele></trkpt>
      <trkpt lat="34.37725" lon="-118.16905"><ele>1954.0</ele></trkpt>
      <trkpt lat="34.37742" lon="-118.16919"><ele>1954.0</ele></trkpt>
      <trkpt lat="34.37724" lon="-118.16984"><ele>1954.0</ele></trkpt>
      <trkpt lat="34.37726" lon="-118.17047"><ele>1954.0</ele></trkpt>
      <trkpt lat="34.37652" lon="-118.17137"><ele>1954.0</ele></trkpt>
      <trkpt lat="34.37654" lon="-118.17161"><ele>1954.0</ele></trkpt>
      <trkpt lat="34.37693" lon="-118.17205"><ele>1954.0</ele></trkpt>
      <trkpt lat="34.37692" lon="-118.17232"><ele>1954.0</ele></trkpt>
      <trkpt lat="34.37683" lon="-118.17238"><ele>1954.0</ele></trkpt>
      <trkpt lat="34.37682" lon="-118.17239"><ele>1954.0</ele></trkpt>
      <trkpt lat="34.37657" lon="-118.17235"><ele>1954.0</ele></trkpt>
      <trkpt lat="34.37577" lon="-118.17124"><ele>1954.0</ele></trkpt>
      <trkpt lat="34.37552" lon="-118.17123"><ele>1954.0</ele></trkpt>
      <trkpt lat="34.37500" lon="-118.17153"><ele>1954.0</ele></trkpt>
      <trkpt lat="34.37472" lon="-118.17219"><ele>1954.0</ele></trkpt>
      <trkpt lat="34.37460" lon="-118.17227"><ele>1954.0</ele></trkpt>
      <trkpt lat="34.37347" lon="-118.17221"><ele>1954.0</ele></trkpt>
      <trkpt lat="34.37286" lon="-118.17206"><ele>1954.0</ele></trkpt>
      <trkpt lat="34.37245" lon="-118.17213"><ele>1954.0</ele></trkpt>
      <trkpt lat="34.37231" lon="-118.17227"><ele>1954.0</ele></trkpt>
      <trkpt lat="34.37226" lon="-118.17261"><ele>1954.0</ele></trkpt>
      <trkpt lat="34.37256" lon="-118.17311"><ele>1954.0</ele></trkpt>
      <trkpt lat="34.37287" lon="-118.17393"><ele>1954.0</ele></trkpt>
      <trkpt lat="34.37351" lon="-118.17458"><ele>1954.0</ele></trkpt>
      <trkpt lat="34.37369" lon="-118.17499"><ele>1954.0</ele></trkpt>
      <trkpt lat="34.37366" lon="-118.17597"><ele>1954.0</ele></trkpt>
      <trkpt lat="34.37342" lon="-118.17726"><ele>1954.0</ele></trkpt>
      <trkpt lat="34.37344" lon="-118.17744"><ele>1954.0</ele></trkpt>
      <trkpt lat="34.37388" lon="-118.17804"><ele>1954.0</ele></trkpt>
      <trkpt lat="34.37401" lon="-118.17834"><ele>1954.0</ele></trkpt>
      <trkpt lat="34.37409" lon="-118.17860"><ele>1954.0</ele></trkpt>
      <trkpt lat="34.37411" lon="-118.17935"><ele>1954.0</ele></trkpt>
      <trkpt lat="34.37442" lon="-118.17972"><ele>1954.0</ele></trkpt>
      <trkpt lat="34.37446" lon="-118.17999"><ele>1954.0</ele></trkpt>
      <trkpt lat="34.37430" lon="-118.18062"><ele>1954.0</ele></trkpt>
      <trkpt lat="34.37430" lon="-118.18099"><ele>1954.0</ele></trkpt>
      <trkpt lat="34.37430" lon="-118.18099"><ele>1954.0</ele></trkpt>
      <trkpt lat="34.37471" lon="-118.18086"><ele>1954.0</ele></trkpt>
      <trkpt lat="34.37473" lon="-118.18086"><ele>1954.0</ele></trkpt>
      <trkpt lat="34.37473" lon="-118.18086"><ele>1954.0</ele></trkpt>
      <trkpt lat="34.37499" lon="-118.18088"><ele>1954.0</ele></trkpt>
      <trkpt lat="34.37500" lon="-118.18088"><ele>1954.0</ele></trkpt>
      <trkpt lat="34.37512" lon="-118.18093"><ele>1954.0</ele></trkpt>
      <trkpt lat="34.37564" lon="-118.18113"><ele>1954.0</ele></trkpt>
      <trkpt lat="34.37608" lon="-118.18106"><ele>1835.0</ele></trkpt>
      <trkpt lat="34.37614" lon="-118.18110"><ele>1835.0</ele></trkpt>
      <trkpt lat="34.37618" lon="-118.18113"><ele>1835.0</ele></trkpt>
      <trkpt lat="34.37624" lon="-118.18156"><ele>1835.0</ele></trkpt>
      <trkpt lat="34.37627" lon="-118.18177"><ele>1835.0</ele></trkpt>
      <trkpt lat="34.37637" lon="-118.18192"><ele>1835.0</ele></trkpt>
      <trkpt lat="34.37653" lon="-118.18206"><ele>1835.0</ele></trkpt>
      <trkpt lat="34.37663" lon="-118.18213"><ele>1835.0</ele></trkpt>
      <trkpt lat="34.37684" lon="-118.18217"><ele>1835.0</ele></trkpt>
      <trkpt lat="34.37708" lon="-118.18222"><ele>1835.0</ele></trkpt>
      <trkpt lat="34.37752" lon="-118.18283"><ele>1835.0</ele></trkpt>
      <trkpt lat="34.37769" lon="-118.18290"><ele>1835.0</ele></trkpt>
      <trkpt lat="34.37824" lon="-118.18315"><ele>1835.0</ele></trkpt>
      <trkpt lat="34.37828" lon="-118.18322"><ele>1835.0</ele></trkpt>
      <trkpt lat="34.37843" lon="-118.18348"><ele>1835.0</ele></trkpt>
      <trkpt lat="34.37844" lon="-118.18350"><ele>1835.0</ele></trkpt>
      <trkpt lat="34.37868" lon="-118.18378"><ele>1835.0</ele></trkpt>
      <trkpt lat="34.37890" lon="-118.18404"><ele>1835.0</ele></trkpt>
      <trkpt lat="34.37902" lon="-118.18407"><ele>1835.0</ele></trkpt>
      <trkpt lat="34.37919" lon="-118.18412"><ele>1835.0</ele></trkpt>
      <trkpt lat="34.37965" lon="-118.18401"><ele>1835.0</ele></trkpt>
      <trkpt lat="34.37974" lon="-118.18405"><ele>1835.0</ele></trkpt>
      <trkpt lat="34.37992" lon="-118.18414"><ele>1835.0</ele></trkpt>
      <trkpt lat="34.38002" lon="-118.18465"><ele>1835.0</ele></trkpt>
      <trkpt lat="34.38011" lon="-118.18507"><ele>1835.0</ele></trkpt>
      <trkpt lat="34.38023" lon="-118.18563"><ele>1835.0</ele></trkpt>
      <trkpt lat="34.38027" lon="-118.18583"><ele>1835.0</ele></trkpt>
      <trkpt lat="34.38056" lon="-118.18657"><ele>1835.0</ele></trkpt>
      <trkpt lat="34.38068" lon="-118.18687"><ele>1835.0</ele></trkpt>
      <trkpt lat="34.38066" lon="-118.18713"><ele>1835.0</ele></trkpt>
      <trkpt lat="34.38061" lon="-118.18768"><ele>1835.0</ele></trkpt>
      <trkpt lat="34.38039" lon="-118.18862"><ele>1835.0</ele></trkpt>
      <trkpt lat="34.38048" lon="-118.18902"><ele>1835.0</ele></trkpt>
      <trkpt lat="34.38052" lon="-118.18921"><ele>1835.0</ele></trkpt>
      <trkpt lat="34.38080" lon="-118.18972"><ele>1835.0</ele></trkpt>
      <trkpt lat="34.38103" lon="-118.19020"><ele>1835.0</ele></trkpt>
      <trkpt lat="34.38113" lon="-118.19032"><ele>1835.0</ele></trkpt>
      <trkpt lat="34.38131" lon="-118.19054"><ele>1835.0</ele></trkpt>
      <trkpt lat="34.38151" lon="-118.19088"><ele>1835.0</ele></trkpt>
      <trkpt lat="34.38152" lon="-118.19090"><ele>1835.0</ele></trkpt>
      <trkpt lat="34.38161" lon="-118.19105"><ele>1835.0</ele></trkpt>
      <trkpt lat="34.38167" lon="-118.19120"><ele>1835.0</ele></trkpt>
      <trkpt lat="34.38181" lon="-118.19155"><ele>1835.0</ele></trkpt>
      <trkpt lat="34.38182" lon="-118.19158"><ele>1835.0</ele></trkpt>
      <trkpt lat="34.38188" lon="-118.19178"><ele>1835.0</ele></trkpt>
      <trkpt lat="34.38189" lon="-118.19187"><ele>1835.0</ele></trkpt>
      <trkpt lat="34.38190" lon="-118.19190"><ele>1835.0</ele></trkpt>
      <trkpt lat="34.38191" lon="-118.19195"><ele>1777.0</ele></trkpt>
      <trkpt lat="34.38190" lon="-118.19207"><ele>1777.0</ele></trkpt>
      <trkpt lat="34.38188" lon="-118.19224"><ele>1777.0</ele></trkpt>
      <trkpt lat="34.38183" lon="-118.19231"><ele>1777.0</ele></trkpt>
      <trkpt lat="34.38178" lon="-118.19233"><ele>1777.0</ele></trkpt>
      <trkpt lat="34.38160" lon="-118.19238"><ele>1777.0</ele></trkpt>
      <trkpt lat="34.38135" lon="-118.19239"><ele>1777.0</ele></trkpt>
      <trkpt lat="34.38118" lon="-118.19240"><ele>1777.0</ele></trkpt>
      <trkpt lat="34.38103" lon="-118.19245"><ele>1777.0</ele></trkpt>
      <trkpt lat="34.38085" lon="-118.19253"><ele>1777.0</ele></trkpt>
      <trkpt lat="34.38069" lon="-118.19268"><ele>1777.0</ele></trkpt>
      <trkpt lat="34.38061" lon="-118.19279"><ele>1777.0</ele></trkpt>
      <trkpt lat="34.38051" lon="-118.19298"><ele>1777.0</ele></trkpt>
      <trkpt lat="34.38043" lon="-118.19317"><ele>1777.0</ele></trkpt>
      <trkpt lat="34.38042" lon="-118.19329"><ele>1777.0</ele></trkpt>
      <trkpt lat="34.38038" lon="-118.19348"><ele>1777.0</ele></trkpt>
      <trkpt lat="34.38038" lon="-118.19352"><ele>1777.0</ele></trkpt>
      <trkpt lat="34.38035" lon="-118.19365"><ele>1777.0</ele></trkpt>
      <trkpt lat="34.38030" lon="-118.19384"><ele>1777.0</ele></trkpt>
      <trkpt lat="34.38028" lon="-118.19401"><ele>1777.0</ele></trkpt>
      <trkpt lat="34.38028" lon="-118.19406"><ele>1777.0</ele></trkpt>
      <trkpt lat="34.38029" lon="-118.19414"><ele>1777.0</ele></trkpt>
      <trkpt lat="34.38032" lon="-118.19428"><ele>1777.0</ele></trkpt>
      <trkpt lat="34.38033" lon="-118.19431"><ele>1777.0</ele></trkpt>
      <trkpt lat="34.38037" lon="-118.19440"><ele>1777.0</ele></trkpt>
      <trkpt lat="34.38055" lon="-118.19464"><ele>1777.0</ele></trkpt>
      <trkpt lat="34.38084" lon="-118.19495"><ele>1777.0</ele></trkpt>
      <trkpt lat="34.38095" lon="-118.19514"><ele>1777.0</ele></trkpt>
      <trkpt lat="34.38105" lon="-118.19533"><ele>1777.0</ele></trkpt>
      <trkpt lat="34.38111" lon="-118.19552"><ele>1777.0</ele></trkpt>
      <trkpt lat="34.38113" lon="-118.19562"><ele>1777.0</ele></trkpt>
      <trkpt lat="34.38115" lon="-118.19569"><ele>1777.0</ele></trkpt>
      <trkpt lat="34.38115" lon="-118.19586"><ele>1777.0</ele></trkpt>
      <trkpt lat="34.38111" lon="-118.19598"><ele>1777.0</ele></trkpt>
      <trkpt lat="34.38101" lon="-118.19609"><ele>1777.0</ele></trkpt>
      <trkpt lat="34.38089" lon="-118.19618"><ele>1777.0</ele></trkpt>
      <trkpt lat="34.38073" lon="-118.19620"><ele>1777.0</ele></trkpt>
      <trkpt lat="34.38049" lon="-118.19612"><ele>1777.0</ele></trkpt>
      <trkpt lat="34.38030" lon="-118.19604"><ele>1777.0</ele></trkpt>
      <trkpt lat="34.38007" lon="-118.19599"><ele>1777.0</ele></trkpt>
      <trkpt lat="34.37986" lon="-118.19597"><ele>1777.0</ele></trkpt>
      <trkpt lat="34.37966" lon="-118.19592"><ele>1777.0</ele></trkpt>
      <trkpt lat="34.37941" lon="-118.19578"><ele>1777.0</ele></trkpt>
      <trkpt lat="34.37913" lon="-118.19562"><ele>1777.0</ele></trkpt>
      <trkpt lat="34.37873" lon="-118.19543"><ele>1777.0</ele></trkpt>
      <trkpt lat="34.37837" lon="-118.19532"><ele>1777.0</ele></trkpt>
      <trkpt lat="34.37818" lon="-118.19530"><ele>1739.0</ele></trkpt>
      <trkpt lat="34.37810" lon="-118.19535"><ele>1739.0</ele></trkpt>
      <trkpt lat="34.37803" lon="-118.19542"><ele>1739.0</ele></trkpt>
      <trkpt lat="34.37797" lon="-118.19555"><ele>1739.0</ele></trkpt>
      <trkpt lat="34.37797" lon="-118.19571"><ele>1739.0</ele></trkpt>
      <trkpt lat="34.37796" lon="-118.19575"><ele>1739.0</ele></trkpt>
      <trkpt lat="34.37802" lon="-118.19593"><ele>1739.0</ele></trkpt>
      <trkpt lat="34.37806" lon="-118.19606"><ele>1739.0</ele></trkpt>
      <trkpt lat="34.37809" lon="-118.19616"><ele>1739.0</ele></trkpt>
      <trkpt lat="34.37817" lon="-118.19639"><ele>1739.0</ele></trkpt>
      <trkpt lat="34.37823" lon="-118.19650"><ele>1739.0</ele></trkpt>
      <trkpt lat="34.37828" lon="-118.19657"><ele>1739.0</ele></trkpt>
      <trkpt lat="34.37832" lon="-118.19662"><ele>1739.0</ele></trkpt>
      <trkpt lat="34.37843" lon="-118.19674"><ele>1739.0</ele></trkpt>
      <trkpt lat="34.37853" lon="-118.19685"><ele>1739.0</ele></trkpt>
      <trkpt lat="34.37859" lon="-118.19701"><ele>1739.0</ele></trkpt>
      <trkpt lat="34.37862" lon="-118.19713"><ele>1739.0</ele></trkpt>
      <trkpt lat="34.37856" lon="-118.19727"><ele>1739.0</ele></trkpt>
      <trkpt lat="34.37849" lon="-118.19738"><ele>1739.0</ele></trkpt>
      <trkpt lat="34.37848" lon="-118.19741"><ele>1739.0</ele></trkpt>
      <trkpt lat="34.37826" lon="-118.19760"><ele>1739.0</ele></trkpt>
      <trkpt lat="34.37819" lon="-118.19767"><ele>1739.0</ele></trkpt>
      <trkpt lat="34.37817" lon="-118.19769"><ele>1739.0</ele></trkpt>
      <trkpt lat="34.37806" lon="-118.19783"><ele>1739.0</ele></trkpt>
      <trkpt lat="34.37803" lon="-118.19793"><ele>1739.0</ele></trkpt>
      <trkpt lat="34.37801" lon="-118.19798"><ele>1739.0</ele></trkpt>
      <trkpt lat="34.37796" lon="-118.19818"><ele>1739.0</ele></trkpt>
      <trkpt lat="34.37794" lon="-118.19828"><ele>1739.0</ele></trkpt>
      <trkpt lat="34.37789" lon="-118.19873"><ele>1739.0</ele></trkpt>
      <trkpt lat="34.37786" lon="-118.19879"><ele>1739.0</ele></trkpt>
      <trkpt lat="34.37779" lon="-118.19897"><ele>1739.0</ele></trkpt>
      <trkpt lat="34.37769" lon="-118.19916"><ele>1739.0</ele></trkpt>
      <trkpt lat="34.37767" lon="-118.19919"><ele>1739.0</ele></trkpt>
      <trkpt lat="34.37761" lon="-118.19928"><ele>1739.0</ele></trkpt>
      <trkpt lat="34.37760" lon="-118.19930"><ele>1739.0</ele></trkpt>
      <trkpt lat="34.37754" lon="-118.19941"><ele>1739.0</ele></trkpt>
      <trkpt lat="34.37750" lon="-118.19957"><ele>1739.0</ele></trkpt>
      <trkpt lat="34.37747" lon="-118.19978"><ele>1739.0</ele></trkpt>
      <trkpt lat="34.37746" lon="-118.20029"><ele>1739.0</ele></trkpt>
      <trkpt lat="34.37743" lon="-118.20058"><ele>1739.0</ele></trkpt>
      <trkpt lat="34.37739" lon="-118.20088"><ele>1739.0</ele></trkpt>
      <trkpt lat="34.37740" lon="-118.20098"><ele>1739.0</ele></trkpt>
      <trkpt lat="34.37742" lon="-118.20112"><ele>1739.0</ele></trkpt>
      <trkpt lat="34.37749" lon="-118.20132"><ele>1739.0</ele></trkpt>
      <trkpt lat="34.37753" lon="-118.20149"><ele>1739.0</ele></trkpt>
      <trkpt lat="34.37755" lon="-118.20169"><ele>1739.0</ele></trkpt>
      <trkpt lat="34.37756" lon="-118.20188"><ele>1739.0</ele></trkpt>
      <trkpt lat="34.37754" lon="-118.20205"><ele>1669.0</ele></trkpt>
      <trkpt lat="34.37751" lon="-118.20224"><ele>1669.0</ele></trkpt>
      <trkpt lat="34.37750" lon="-118.20233"><ele>1669.0</ele></trkpt>
      <trkpt lat="34.37746" lon="-118.20281"><ele>1669.0</ele></trkpt>
      <trkpt lat="34.37742" lon="-118.20299"><ele>1669.0</ele></trkpt>
      <trkpt lat="34.37734" lon="-118.20317"><ele>1669.0</ele></trkpt>
      <trkpt lat="34.37725" lon="-118.20331"><ele>1669.0</ele></trkpt>
      <trkpt lat="34.37710" lon="-118.20347"><ele>1669.0</ele></trkpt>
      <trkpt lat="34.37695" lon="-118.20360"><ele>1669.0</ele></trkpt>
      <trkpt lat="34.37663" lon="-118.20374"><ele>1669.0</ele></trkpt>
      <trkpt lat="34.37647" lon="-118.20377"><ele>1669.0</ele></trkpt>
      <trkpt lat="34.37646" lon="-118.20377"><ele>1669.0</ele></trkpt>
      <trkpt lat="34.37640" lon="-118.20379"><ele>1669.0</ele></trkpt>
      <trkpt lat="34.37631" lon="-118.20387"><ele>1669.0</ele></trkpt>
      <trkpt lat="34.37625" lon="-118.20398"><ele>1669.0</ele></trkpt>
      <trkpt lat="34.37624" lon="-118.20402"><ele>1669.0</ele></trkpt>
      <trkpt lat="34.37621" lon="-118.20410"><ele>1669.0</ele></trkpt>
      <trkpt lat="34.37618" lon="-118.20421"><ele>1669.0</ele></trkpt>
      <trkpt lat="34.37609" lon="-118.20433"><ele>1669.0</ele></trkpt>
      <trkpt lat="34.37608" lon="-118.20437"><ele>1669.0</ele></trkpt>
      <trkpt lat="34.37577" lon="-118.20488"><ele>1669.0</ele></trkpt>
      <trkpt lat="34.37575" lon="-118.20500"><ele>1669.0</ele></trkpt>
      <trkpt lat="34.37576" lon="-118.20513"><ele>1669.0</ele></trkpt>
      <trkpt lat="34.37576" lon="-118.20518"><ele>1669.0</ele></trkpt>
      <trkpt lat="34.37583" lon="-118.20534"><ele>1669.0</ele></trkpt>
      <trkpt lat="34.37606" lon="-118.20566"><ele>1669.0</ele></trkpt>
      <trkpt lat="34.37614" lon="-118.20578"><ele>1669.0</ele></trkpt>
      <trkpt lat="34.37647" lon="-118.20623"><ele>1669.0</ele></trkpt>
      <trkpt lat="34.37661" lon="-118.20640"><ele>1669.0</ele></trkpt>
      <trkpt lat="34.37664" lon="-118.20642"><ele>1669.0</ele></trkpt>
      <trkpt lat="34.37667" lon="-118.20645"><ele>1669.0</ele></trkpt>
      <trkpt lat="34.37674" lon="-118.20652"><ele>1669.0</ele></trkpt>
      <trkpt lat="34.37690" lon="-118.20660"><ele>1669.0</ele></trkpt>
      <trkpt lat="34.37703" lon="-118.20695"><ele>1669.0</ele></trkpt>
      <trkpt lat="34.37707" lon="-118.20711"><ele>1669.0</ele></trkpt>
      <trkpt lat="34.37709" lon="-118.20717"><ele>1669.0</ele></trkpt>
      <trkpt lat="34.37720" lon="-118.20745"><ele>1669.0</ele></trkpt>
      <trkpt lat="34.37722" lon="-118.20753"><ele>1669.0</ele></trkpt>
      <trkpt lat="34.37723" lon="-118.20756"><ele>1669.0</ele></trkpt>
      <trkpt lat="34.37727" lon="-118.20767"><ele>1669.0</ele></trkpt>
      <trkpt lat="34.37729" lon="-118.20786"><ele>1669.0</ele></trkpt>
      <trkpt lat="34.37727" lon="-118.20807"><ele>1669.0</ele></trkpt>
      <trkpt lat="34.37725" lon="-118.20826"><ele>1669.0</ele></trkpt>
      <trkpt lat="34.37716" lon="-118.20857"><ele>1669.0</ele></trkpt>
      <trkpt lat="34.37713" lon="-118.20868"><ele>1669.0</ele></trkpt>
      <trkpt lat="34.37715" lon="-118.20878"><ele>1669.0</ele></trkpt>
      <trkpt lat="34.37721" lon="-118.20903"><ele>1683.0</ele></trkpt>
      <trkpt lat="34.37722" lon="-118.20907"><ele>1683.0</ele></trkpt>
      <trkpt lat="34.37726" lon="-118.20928"><ele>1683.0</ele></trkpt>
      <trkpt lat="34.37735" lon="-118.20988"><ele>1683.0</ele></trkpt>
      <trkpt lat="34.37737" lon="-118.21017"><ele>1683.0</ele></trkpt>
      <trkpt lat="34.37737" lon="-118.21019"><ele>1683.0</ele></trkpt>
      <trkpt lat="34.37740" lon="-118.21043"><ele>1683.0</ele></trkpt>
      <trkpt lat="34.37744" lon="-118.21071"><ele>1683.0</ele></trkpt>
      <trkpt lat="34.37746" lon="-118.21090"><ele>1683.0</ele></trkpt>
      <trkpt lat="34.37737" lon="-118.21120"><ele>1683.0</ele></trkpt>
      <trkpt lat="34.37731" lon="-118.21137"><ele>1683.0</ele></trkpt>
      <trkpt lat="34.37726" lon="-118.21150"><ele>1683.0</ele></trkpt>
      <trkpt lat="34.37717" lon="-118.21162"><ele>1683.0</ele></trkpt>
      <trkpt lat="34.37713" lon="-118.21167"><ele>1683.0</ele></trkpt>
      <trkpt lat="34.37698" lon="-118.21181"><ele>1683.0</ele></trkpt>
      <trkpt lat="34.37689" lon="-118.21195"><ele>1683.0</ele></trkpt>
      <trkpt lat="34.37684" lon="-118.21207"><ele>1683.0</ele></trkpt>
      <trkpt lat="34.37677" lon="-118.21215"><ele>1683.0</ele></trkpt>
      <trkpt lat="34.37668" lon="-118.21214"><ele>1683.0</ele></trkpt>
      <trkpt lat="34.37663" lon="-118.21210"><ele>1683.0</ele></trkpt>
      <trkpt lat="34.37659" lon="-118.21207"><ele>1683.0</ele></trkpt>
      <trkpt lat="34.37655" lon="-118.21198"><ele>1683.0</ele></trkpt>
      <trkpt lat="34.37661" lon="-118.21159"><ele>1683.0</ele></trkpt>
      <trkpt lat="34.37662" lon="-118.21135"><ele>1683.0</ele></trkpt>
      <trkpt lat="34.37655" lon="-118.21120"><ele>1683.0</ele></trkpt>
      <trkpt lat="34.37644" lon="-118.21113"><ele>1683.0</ele></trkpt>
      <trkpt lat="34.37634" lon="-118.21112"><ele>1683.0</ele></trkpt>
      <trkpt lat="34.37623" lon="-118.21124"><ele>1683.0</ele></trkpt>
      <trkpt lat="34.37615" lon="-118.21149"><ele>1683.0</ele></trkpt>
      <trkpt lat="34.37606" lon="-118.21183"><ele>1683.0</ele></trkpt>
      <trkpt lat="34.37599" lon="-118.21229"><ele>1683.0</ele></trkpt>
      <trkpt lat="34.37591" lon="-118.21250"><ele>1683.0</ele></trkpt>
      <trkpt lat="34.37587" lon="-118.21262"><ele>1683.0</ele></trkpt>
      <trkpt lat="34.37579" lon="-118.21268"><ele>1683.0</ele></trkpt>
      <trkpt lat="34.37564" lon="-118.21271"><ele>1683.0</ele></trkpt>
      <trkpt lat="34.37552" lon="-118.21272"><ele>1683.0</ele></trkpt>
      <trkpt lat="34.37549" lon="-118.21272"><ele>1683.0</ele></trkpt>
      <trkpt lat="34.37548" lon="-118.21273"><ele>1683.0</ele></trkpt>
      <trkpt lat="34.37533" lon="-118.21280"><ele>1683.0</ele></trkpt>
      <trkpt lat="34.37503" lon="-118.21299"><ele>1683.0</ele></trkpt>
      <trkpt lat="34.37500" lon="-118.21301"><ele>1683.0</ele></trkpt>
      <trkpt lat="34.37498" lon="-118.21301"><ele>1683.0</ele></trkpt>
      <trkpt lat="34.37497" lon="-118.21304"><ele>1683.0</ele></trkpt>
      <trkpt lat="34.37492" lon="-118.21317"><ele>1683.0</ele></trkpt>
      <trkpt lat="34.37487" lon="-118.21334"><ele>1683.0</ele></trkpt>
      <trkpt lat="34.37488" lon="-118.21344"><ele>1683.0</ele></trkpt>
      <trkpt lat="34.37495" lon="-118.21356"><ele>1683.0</ele></trkpt>
      <trkpt lat="34.37496" lon="-118.21358"><ele>1703.0</ele></trkpt>
      <trkpt lat="34.37499" lon="-118.21361"><ele>1703.0</ele></trkpt>
      <trkpt lat="34.37531" lon="-118.21378"><ele>1703.0</ele></trkpt>
      <trkpt lat="34.37541" lon="-118.21383"><ele>1703.0</ele></trkpt>
      <trkpt lat="34.37548" lon="-118.21387"><ele>1703.0</ele></trkpt>
      <trkpt lat="34.37555" lon="-118.21391"><ele>1703.0</ele></trkpt>
      <trkpt lat="34.37571" lon="-118.21392"><ele>1703.0</ele></trkpt>
      <trkpt lat="34.37581" lon="-118.21401"><ele>1703.0</ele></trkpt>
      <trkpt lat="34.37581" lon="-118.21402"><ele>1703.0</ele></trkpt>
      <trkpt lat="34.37586" lon="-118.21413"><ele>1703.0</ele></trkpt>
      <trkpt lat="34.37586" lon="-118.21428"><ele>1703.0</ele></trkpt>
      <trkpt lat="34.37585" lon="-118.21441"><ele>1703.0</ele></trkpt>
      <trkpt lat="34.37584" lon="-118.21457"><ele>1703.0</ele></trkpt>
      <trkpt lat="34.37588" lon="-118.21477"><ele>1703.0</ele></trkpt>
      <trkpt lat="34.37597" lon="-118.21490"><ele>1703.0</ele></trkpt>
      <trkpt lat="34.37610" lon="-118.21499"><ele>1703.0</ele></trkpt>
      <trkpt lat="34.37610" lon="-118.21500"><ele>1703.0</ele></trkpt>
      <trkpt lat="34.37631" lon="-118.21513"><ele>1703.0</ele></trkpt>
      <trkpt lat="34.37631" lon="-118.21513"><ele>1703.0</ele></trkpt>
      <trkpt lat="34.37647" lon="-118.21519"><ele>1703.0</ele></trkpt>
      <trkpt lat="34.37657" lon="-118.21523"><ele>1703.0</ele></trkpt>
      <trkpt lat="34.37666" lon="-118.21526"><ele>1703.0</ele></trkpt>
      <trkpt lat="34.37675" lon="-118.21536"><ele>1703.0</ele></trkpt>
      <trkpt lat="34.37680" lon="-118.21546"><ele>1703.0</ele></trkpt>
      <trkpt lat="34.37684" lon="-118.21558"><ele>1703.0</ele></trkpt>
      <trkpt lat="34.37685" lon="-118.21571"><ele>1703.0</ele></trkpt>
      <trkpt lat="34.37686" lon="-118.21591"><ele>1703.0</ele></trkpt>
      <trkpt lat="34.37689" lon="-118.21607"><ele>1703.0</ele></trkpt>
      <trkpt lat="34.37693" lon="-118.21617"><ele>1703.0</ele></trkpt>
      <trkpt lat="34.37705" lon="-118.21638"><ele>1703.0</ele></trkpt>
      <trkpt lat="34.37713" lon="-118.21652"><ele>1703.0</ele></trkpt>
      <trkpt lat="34.37724" lon="-118.21666"><ele>1703.0</ele></trkpt>
      <trkpt lat="34.37730" lon="-118.21683"><ele>1703.0</ele></trkpt>
      <trkpt lat="34.37732" lon="-118.21698"><ele>1703.0</ele></trkpt>
      <trkpt lat="34.37734" lon="-118.21720"><ele>1703.0</ele></trkpt>
      <trkpt lat="34.37731" lon="-118.21740"><ele>1703.0</ele></trkpt>
      <trkpt lat="34.37728" lon="-118.21756"><ele>1703.0</ele></trkpt>
      <trkpt lat="34.37727" lon="-118.21770"><ele>1703.0</ele></trkpt>
      <trkpt lat="34.37726" lon="-118.21785"><ele>1703.0</ele></trkpt>
      <trkpt lat="34.37727" lon="-118.21806"><ele>1703.0</ele></trkpt>
      <trkpt lat="34.37726" lon="-118.21828"><ele>1703.0</ele></trkpt>
      <trkpt lat="34.37729" lon="-118.21850"><ele>1703.0</ele></trkpt>
      <trkpt lat="34.37731" lon="-118.21861"><ele>1703.0</ele></trkpt>
      <trkpt lat="34.37728" lon="-118.21874"><ele>1703.0</ele></trkpt>
      <trkpt lat="34.37727" lon="-118.21878"><ele>1703.0</ele></trkpt>
      <trkpt lat="34.37725" lon="-118.21888"><ele>1703.0</ele></trkpt>
      <trkpt lat="34.37725" lon="-118.21890"><ele>1664.0</ele></trkpt>
      <trkpt lat="34.37717" lon="-118.21902"><ele>1664.0</ele></trkpt>
      <trkpt lat="34.37709" lon="-118.21909"><ele>1664.0</ele></trkpt>
      <trkpt lat="34.37698" lon="-118.21915"><ele>1664.0</ele></trkpt>
      <trkpt lat="34.37697" lon="-118.21915"><ele>1664.0</ele></trkpt>
      <trkpt lat="34.37688" lon="-118.21926"><ele>1664.0</ele></trkpt>
      <trkpt lat="34.37687" lon="-118.21928"><ele>1664.0</ele></trkpt>
      <trkpt lat="34.37683" lon="-118.21943"><ele>1664.0</ele></trkpt>
      <trkpt lat="34.37684" lon="-118.21954"><ele>1664.0</ele></trkpt>
      <trkpt lat="34.37690" lon="-118.21967"><ele>1664.0</ele></trkpt>
      <trkpt lat="34.37695" lon="-118.21976"><ele>1664.0</ele></trkpt>
      <trkpt lat="34.37699" lon="-118.21990"><ele>1664.0</ele></trkpt>
      <trkpt lat="34.37699" lon="-118.22000"><ele>1664.0</ele></trkpt>
      <trkpt lat="34.37699" lon="-118.22010"><ele>1664.0</ele></trkpt>
      <trkpt lat="34.37697" lon="-118.22030"><ele>1664.0</ele></trkpt>
      <trkpt lat="34.37700" lon="-118.22041"><ele>1664.0</ele></trkpt>
      <trkpt lat="34.37701" lon="-118.22046"><ele>1664.0</ele></trkpt>
      <trkpt lat="34.37709" lon="-118.22058"><ele>1664.0</ele></trkpt>
      <trkpt lat="34.37721" lon="-118.22063"><ele>1664.0</ele></trkpt>
      <trkpt lat="34.37736" lon="-118.22065"><ele>1664.0</ele></trkpt>
      <trkpt lat="34.37768" lon="-118.22052"><ele>1664.0</ele></trkpt>
      <trkpt lat="34.37790" lon="-118.22044"><ele>1664.0</ele></trkpt>
      <trkpt lat="34.37794" lon="-118.22043"><ele>1664.0</ele></trkpt>
      <trkpt lat="34.37808" lon="-118.22039"><ele>1664.0</ele></trkpt>
      <trkpt lat="34.37812" lon="-118.22039"><ele>1664.0</ele></trkpt>
      <trkpt lat="34.37825" lon="-118.22039"><ele>1664.0</ele></trkpt>
      <trkpt lat="34.37846" lon="-118.22036"><ele>1664.0</ele></trkpt>
      <trkpt lat="34.37864" lon="-118.22038"><ele>1664.0</ele></trkpt>
      <trkpt lat="34.37883" lon="-118.22042"><ele>1664.0</ele></trkpt>
      <trkpt lat="34.37891" lon="-118.22045"><ele>1664.0</ele></trkpt>
      <trkpt lat="34.37900" lon="-118.22049"><ele>1664.0</ele></trkpt>
      <trkpt lat="34.37902" lon="-118.22051"><ele>1664.0</ele></trkpt>
      <trkpt lat="34.37903" lon="-118.22052"><ele>1664.0</ele></trkpt>
      <trkpt lat="34.37914" lon="-118.22063"><ele>1664.0</ele></trkpt>
      <trkpt lat="34.37918" lon="-118.22067"><ele>1664.0</ele></trkpt>
      <trkpt lat="34.37922" lon="-118.22072"><ele>1664.0</ele></trkpt>
      <trkpt lat="34.37926" lon="-118.22077"><ele>1664.0</ele></trkpt>
      <trkpt lat="34.37928" lon="-118.22089"><ele>1664.0</ele></trkpt>
      <trkpt lat="34.37928" lon="-118.22090"><ele>1664.0</ele></trkpt>
      <trkpt lat="34.37928" lon="-118.22090"><ele>1664.0</ele></trkpt>
      <trkpt lat="34.37928" lon="-118.22092"><ele>1664.0</ele></trkpt>
      <trkpt lat="34.37928" lon="-118.22092"><ele>1664.0</ele></trkpt>
      <trkpt lat="34.37927" lon="-118.22106"><ele>1664.0</ele></trkpt>
      <trkpt lat="34.37925" lon="-118.22113"><ele>1664.0</ele></trkpt>
      <trkpt lat="34.37920" lon="-118.22134"><ele>1664.0</ele></trkpt>
      <trkpt lat="34.37919" lon="-118.22153"><ele>1664.0</ele></trkpt>
      <trkpt lat="34.37923" lon="-118.22170"><ele>1664.0</ele></trkpt>
      <trkpt lat="34.37923" lon="-118.22171"><ele>1656.0</ele></trkpt>
      <trkpt lat="34.37923" lon="-118.22172"><ele>1656.0</ele></trkpt>
      <trkpt lat="34.37919" lon="-118.22186"><ele>1656.0</ele></trkpt>
      <trkpt lat="34.37909" lon="-118.22203"><ele>1656.0</ele></trkpt>
      <trkpt lat="34.37906" lon="-118.22208"><ele>1656.0</ele></trkpt>
      <trkpt lat="34.37900" lon="-118.22216"><ele>1656.0</ele></trkpt>
      <trkpt lat="34.37886" lon="-118.22233"><ele>1656.0</ele></trkpt>
      <trkpt lat="34.37877" lon="-118.22243"><ele>1656.0</ele></trkpt>
      <trkpt lat="34.37867" lon="-118.22253"><ele>1656.0</ele></trkpt>
      <trkpt lat="34.37866" lon="-118.22258"><ele>1656.0</ele></trkpt>
      <trkpt lat="34.37864" lon="-118.22263"><ele>1656.0</ele></trkpt>
      <trkpt lat="34.37863" lon="-118.22280"><ele>1656.0</ele></trkpt>
      <trkpt lat="34.37862" lon="-118.22288"><ele>1656.0</ele></trkpt>
      <trkpt lat="34.37864" lon="-118.22303"><ele>1656.0</ele></trkpt>
      <trkpt lat="34.37865" lon="-118.22318"><ele>1656.0</ele></trkpt>
      <trkpt lat="34.37864" lon="-118.22328"><ele>1656.0</ele></trkpt>
      <trkpt lat="34.37857" lon="-118.22341"><ele>1656.0</ele></trkpt>
      <trkpt lat="34.37849" lon="-118.22352"><ele>1656.0</ele></trkpt>
      <trkpt lat="34.37835" lon="-118.22360"><ele>1656.0</ele></trkpt>
      <trkpt lat="34.37823" lon="-118.22365"><ele>1656.0</ele></trkpt>
      <trkpt lat="34.37807" lon="-118.22377"><ele>1656.0</ele></trkpt>
      <trkpt lat="34.37797" lon="-118.22381"><ele>1656.0</ele></trkpt>
      <trkpt lat="34.37788" lon="-118.22382"><ele>1656.0</ele></trkpt>
      <trkpt lat="34.37776" lon="-118.22384"><ele>1656.0</ele></trkpt>
      <trkpt lat="34.37735" lon="-118.22388"><ele>1656.0</ele></trkpt>
      <trkpt lat="34.37714" lon="-118.22394"><ele>1656.0</ele></trkpt>
      <trkpt lat="34.37703" lon="-118.22402"><ele>1656.0</ele></trkpt>
      <trkpt lat="34.37695" lon="-118.22413"><ele>1656.0</ele></trkpt>
      <trkpt lat="34.37692" lon="-118.22427"><ele>1656.0</ele></trkpt>
      <trkpt lat="34.37693" lon="-118.22436"><ele>1656.0</ele></trkpt>
      <trkpt lat="34.37693" lon="-118.22439"><ele>1656.0</ele></trkpt>
      <trkpt lat="34.37695" lon="-118.22443"><ele>1656.0</ele></trkpt>
      <trkpt lat="34.37712" lon="-118.22480"><ele>1656.0</ele></trkpt>
      <trkpt lat="34.37716" lon="-118.22496"><ele>1656.0</ele></trkpt>
      <trkpt lat="34.37712" lon="-118.22508"><ele>1656.0</ele></trkpt>
      <trkpt lat="34.37704" lon="-118.22523"><ele>1656.0</ele></trkpt>
      <trkpt lat="34.37694" lon="-118.22528"><ele>1656.0</ele></trkpt>
      <trkpt lat="34.37671" lon="-118.22530"><ele>1656.0</ele></trkpt>
      <trkpt lat="34.37653" lon="-118.22533"><ele>1656.0</ele></trkpt>
      <trkpt lat="34.37643" lon="-118.22541"><ele>1656.0</ele></trkpt>
      <trkpt lat="34.37619" lon="-118.22591"><ele>1656.0</ele></trkpt>
      <trkpt lat="34.37617" lon="-118.22611"><ele>1656.0</ele></trkpt>
      <trkpt lat="34.37624" lon="-118.22623"><ele>1656.0</ele></trkpt>
      <trkpt lat="34.37635" lon="-118.22634"><ele>1656.0</ele></trkpt>
      <trkpt lat="34.37638" lon="-118.22637"><ele>1656.0</ele></trkpt>
      <trkpt lat="34.37643" lon="-118.22649"><ele>1656.0</ele></trkpt>
      <trkpt lat="34.37644" lon="-118.22652"><ele>1637.0</ele></trkpt>
      <trkpt lat="34.37645" lon="-118.22658"><ele>1637.0</ele></trkpt>
      <trkpt lat="34.37645" lon="-118.22665"><ele>1637.0</ele></trkpt>
      <trkpt lat="34.37636" lon="-118.22705"><ele>1637.0</ele></trkpt>
      <trkpt lat="34.37629" lon="-118.22720"><ele>1637.0</ele></trkpt>
      <trkpt lat="34.37627" lon="-118.22725"><ele>1637.0</ele></trkpt>
      <trkpt lat="34.37617" lon="-118.22738"><ele>1637.0</ele></trkpt>
      <trkpt lat="34.37606" lon="-118.22742"><ele>1637.0</ele></trkpt>
      <trkpt lat="34.37595" lon="-118.22747"><ele>1637.0</ele></trkpt>
      <trkpt lat="34.37578" lon="-118.22755"><ele>1637.0</ele></trkpt>
      <trkpt lat="34.37574" lon="-118.22763"><ele>1637.0</ele></trkpt>
      <trkpt lat="34.37575" lon="-118.22772"><ele>1637.0</ele></trkpt>
      <trkpt lat="34.37575" lon="-118.22772"><ele>1637.0</ele></trkpt>
      <trkpt lat="34.37581" lon="-118.22777"><ele>1637.0</ele></trkpt>
      <trkpt lat="34.37586" lon="-118.22781"><ele>1637.0</ele></trkpt>
      <trkpt lat="34.37587" lon="-118.22781"><ele>1637.0</ele></trkpt>
      <trkpt lat="34.37598" lon="-118.22781"><ele>1637.0</ele></trkpt>
      <trkpt lat="34.37605" lon="-118.22785"><ele>1637.0</ele></trkpt>
      <trkpt lat="34.37609" lon="-118.22790"><ele>1637.0</ele></trkpt>
      <trkpt lat="34.37610" lon="-118.22797"><ele>1637.0</ele></trkpt>
      <trkpt lat="34.37609" lon="-118.22806"><ele>1637.0</ele></trkpt>
      <trkpt lat="34.37606" lon="-118.22830"><ele>1637.0</ele></trkpt>
      <trkpt lat="34.37611" lon="-118.22840"><ele>1637.0</ele></trkpt>
      <trkpt lat="34.37615" lon="-118.22843"><ele>1637.0</ele></trkpt>
      <trkpt lat="34.37616" lon="-118.22843"><ele>1637.0</ele></trkpt>
      <trkpt lat="34.37624" lon="-118.22844"><ele>1637.0</ele></trkpt>
      <trkpt lat="34.37637" lon="-118.22846"><ele>1637.0</ele></trkpt>
      <trkpt lat="34.37643" lon="-118.22852"><ele>1637.0</ele></trkpt>
      <trkpt lat="34.37648" lon="-118.22857"><ele>1637.0</ele></trkpt>
      <trkpt lat="34.37650" lon="-118.22865"><ele>1637.0</ele></trkpt>
      <trkpt lat="34.37647" lon="-118.22875"><ele>1637.0</ele></trkpt>
      <trkpt lat="34.37641" lon="-118.22885"><ele>1637.0</ele></trkpt>
      <trkpt lat="34.37636" lon="-118.22904"><ele>1637.0</ele></trkpt>
      <trkpt lat="34.37633" lon="-118.22914"><ele>1637.0</ele></trkpt>
      <trkpt lat="34.37633" lon="-118.22915"><ele>1637.0</ele></trkpt>
      <trkpt lat="34.37634" lon="-118.22926"><ele>1637.0</ele></trkpt>
      <trkpt lat="34.37638" lon="-118.22935"><ele>1637.0</ele></trkpt>
      <trkpt lat="34.37649" lon="-118.22948"><ele>1637.0</ele></trkpt>
      <trkpt lat="34.37653" lon="-118.22952"><ele>1637.0</ele></trkpt>
      <trkpt lat="34.37663" lon="-118.22962"><ele>1637.0</ele></trkpt>
      <trkpt lat="34.37682" lon="-118.22970"><ele>1637.0</ele></trkpt>
      <trkpt lat="34.37707" lon="-118.22976"><ele>1637.0</ele></trkpt>
      <trkpt lat="34.37712" lon="-118.22984"><ele>1637.0</ele></trkpt>
      <trkpt lat="34.37714" lon="-118.22986"><ele>1637.0</ele></trkpt>
      <trkpt lat="34.37714" lon="-118.22987"><ele>1637.0</ele></trkpt>
      <trkpt lat="34.37717" lon="-118.23000"><ele>1637.0</ele></trkpt>
      <trkpt lat="34.37722" lon="-118.23012"><ele>1637.0</ele></trkpt>
      <trkpt lat="34.37732" lon="-118.23016"><ele>1608.0</ele></trkpt>
      <trkpt lat="34.37743" lon="-118.23020"><ele>1608.0</ele></trkpt>
      <trkpt lat="34.37760" lon="-118.23019"><ele>1608.0</ele></trkpt>
      <trkpt lat="34.37770" lon="-118.23016"><ele>1608.0</ele></trkpt>
      <trkpt lat="34.37771" lon="-118.23015"><ele>1608.0</ele></trkpt>
      <trkpt lat="34.37787" lon="-118.23014"><ele>1608.0</ele></trkpt>
      <trkpt lat="34.37794" lon="-118.23020"><ele>1608.0</ele></trkpt>
      <trkpt lat="34.37794" lon="-118.23021"><ele>1608.0</ele></trkpt>
      <trkpt lat="34.37795" lon="-118.23030"><ele>1608.0</ele></trkpt>
      <trkpt lat="34.37796" lon="-118.23044"><ele>1608.0</ele></trkpt>
      <trkpt lat="34.37800" lon="-118.23057"><ele>1608.0</ele></trkpt>
      <trkpt lat="34.37806" lon="-118.23070"><ele>1608.0</ele></trkpt>
      <trkpt lat="34.37807" lon="-118.23072"><ele>1608.0</ele></trkpt>
      <trkpt lat="34.37809" lon="-118.23073"><ele>1608.0</ele></trkpt>
      <trkpt lat="34.37814" lon="-118.23078"><ele>1608.0</ele></trkpt>
      <trkpt lat="34.37825" lon="-118.23082"><ele>1608.0</ele></trkpt>
      <trkpt lat="34.37841" lon="-118.23082"><ele>1608.0</ele></trkpt>
      <trkpt lat="34.37842" lon="-118.23082"><ele>1608.0</ele></trkpt>
      <trkpt lat="34.37856" lon="-118.23077"><ele>1608.0</ele></trkpt>
      <trkpt lat="34.37873" lon="-118.23075"><ele>1608.0</ele></trkpt>
      <trkpt lat="34.37886" lon="-118.23076"><ele>1608.0</ele></trkpt>
      <trkpt lat="34.37894" lon="-118.23089"><ele>1608.0</ele></trkpt>
      <trkpt lat="34.37897" lon="-118.23102"><ele>1608.0</ele></trkpt>
      <trkpt lat="34.37898" lon="-118.23107"><ele>1608.0</ele></trkpt>
      <trkpt lat="34.37906" lon="-118.23118"><ele>1608.0</ele></trkpt>
      <trkpt lat="34.37907" lon="-118.23120"><ele>1608.0</ele></trkpt>
      <trkpt lat="34.37911" lon="-118.23120"><ele>1608.0</ele></trkpt>
      <trkpt lat="34.37928" lon="-118.23122"><ele>1608.0</ele></trkpt>
      <trkpt lat="34.37941" lon="-118.23129"><ele>1608.0</ele></trkpt>
      <trkpt lat="34.37943" lon="-118.23131"><ele>1608.0</ele></trkpt>
      <trkpt lat="34.37951" lon="-118.23142"><ele>1608.0</ele></trkpt>
      <trkpt lat="34.37955" lon="-118.23149"><ele>1608.0</ele></trkpt>
      <trkpt lat="34.37959" lon="-118.23158"><ele>1608.0</ele></trkpt>
      <trkpt lat="34.37962" lon="-118.23170"><ele>1608.0</ele></trkpt>
      <trkpt lat="34.37963" lon="-118.23188"><ele>1608.0</ele></trkpt>
      <trkpt lat="34.37958" lon="-118.23208"><ele>1608.0</ele></trkpt>
      <trkpt lat="34.37949" lon="-118.23228"><ele>1608.0</ele></trkpt>
      <trkpt lat="34.37947" lon="-118.23232"><ele>1608.0</ele></trkpt>
      <trkpt lat="34.37946" lon="-118.23236"><ele>1608.0</ele></trkpt>
      <trkpt lat="34.37931" lon="-118.23280"><ele>1608.0</ele></trkpt>
      <trkpt lat="34.37921" lon="-118.23306"><ele>1608.0</ele></trkpt>
      <trkpt lat="34.37889" lon="-118.23372"><ele>1608.0</ele></trkpt>
      <trkpt lat="34.37881" lon="-118.23385"><ele>1608.0</ele></trkpt>
      <trkpt lat="34.37873" lon="-118.23397"><ele>1608.0</ele></trkpt>
      <trkpt lat="34.37865" lon="-118.23412"><ele>1608.0</ele></trkpt>
      <trkpt lat="34.37862" lon="-118.23428"><ele>1608.0</ele></trkpt>
      <trkpt lat="34.37862" lon="-118.23442"><ele>1571.0</ele></trkpt>
      <trkpt lat="34.37864" lon="-118.23451"><ele>1571.0</ele></trkpt>
      <trkpt lat="34.37867" lon="-118.23455"><ele>1571.0</ele></trkpt>
      <trkpt lat="34.37871" lon="-118.23463"><ele>1571.0</ele></trkpt>
      <trkpt lat="34.37873" lon="-118.23467"><ele>1571.0</ele></trkpt>
      <trkpt lat="34.37875" lon="-118.23478"><ele>1571.0</ele></trkpt>
      <trkpt lat="34.37872" lon="-118.23489"><ele>1571.0</ele></trkpt>
      <trkpt lat="34.37869" lon="-118.23503"><ele>1571.0</ele></trkpt>
      <trkpt lat="34.37867" lon="-118.23516"><ele>1571.0</ele></trkpt>
      <trkpt lat="34.37867" lon="-118.23527"><ele>1571.0</ele></trkpt>
      <trkpt lat="34.37867" lon="-118.23542"><ele>1571.0</ele></trkpt>
      <trkpt lat="34.37867" lon="-118.23554"><ele>1571.0</ele></trkpt>
      <trkpt lat="34.37867" lon="-118.23557"><ele>1571.0</ele></trkpt>
      <trkpt lat="34.37866" lon="-118.23559"><ele>1571.0</ele></trkpt>
      <trkpt lat="34.37864" lon="-118.23576"><ele>1571.0</ele></trkpt>
      <trkpt lat="34.37863" lon="-118.23579"><ele>1571.0</ele></trkpt>
      <trkpt lat="34.37853" lon="-118.23591"><ele>1571.0</ele></trkpt>
      <trkpt lat="34.37837" lon="-118.23603"><ele>1571.0</ele></trkpt>
      <trkpt lat="34.37828" lon="-118.23611"><ele>1571.0</ele></trkpt>
      <trkpt lat="34.37820" lon="-118.23628"><ele>1571.0</ele></trkpt>
      <trkpt lat="34.37818" lon="-118.23640"><ele>1571.0</ele></trkpt>
      <trkpt lat="34.37818" lon="-118.23642"><ele>1571.0</ele></trkpt>
      <trkpt lat="34.37819" lon="-118.23643"><ele>1571.0</ele></trkpt>
      <trkpt lat="34.37823" lon="-118.23657"><ele>1571.0</ele></trkpt>
      <trkpt lat="34.37830" lon="-118.23681"><ele>1571.0</ele></trkpt>
      <trkpt lat="34.37829" lon="-118.23695"><ele>1571.0</ele></trkpt>
      <trkpt lat="34.37827" lon="-118.23705"><ele>1571.0</ele></trkpt>
      <trkpt lat="34.37820" lon="-118.23715"><ele>1571.0</ele></trkpt>
      <trkpt lat="34.37801" lon="-118.23724"><ele>1571.0</ele></trkpt>
      <trkpt lat="34.37783" lon="-118.23728"><ele>1571.0</ele></trkpt>
      <trkpt lat="34.37778" lon="-118.23731"><ele>1571.0</ele></trkpt>
      <trkpt lat="34.37771" lon="-118.23740"><ele>1571.0</ele></trkpt>
      <trkpt lat="34.37769" lon="-118.23753"><ele>1571.0</ele></trkpt>
      <trkpt lat="34.37770" lon="-118.23766"><ele>1571.0</ele></trkpt>
      <trkpt lat="34.37764" lon="-118.23776"><ele>1571.0</ele></trkpt>
      <trkpt lat="34.37763" lon="-118.23778"><ele>1571.0</ele></trkpt>
      <trkpt lat="34.37747" lon="-118.23786"><ele>1571.0</ele></trkpt>
      <trkpt lat="34.37745" lon="-118.23787"><ele>1571.0</ele></trkpt>
      <trkpt lat="34.37734" lon="-118.23788"><ele>1571.0</ele></trkpt>
      <trkpt lat="34.37726" lon="-118.23788"><ele>1571.0</ele></trkpt>
      <trkpt lat="34.37715" lon="-118.23805"><ele>1571.0</ele></trkpt>
      <trkpt lat="34.37707" lon="-118.23824"><ele>1571.0</ele></trkpt>
      <trkpt lat="34.37706" lon="-118.23825"><ele>1571.0</ele></trkpt>
      <trkpt lat="34.37697" lon="-118.23831"><ele>1571.0</ele></trkpt>
      <trkpt lat="34.37683" lon="-118.23833"><ele>1571.0</ele></trkpt>
      <trkpt lat="34.37681" lon="-118.23833"><ele>1571.0</ele></trkpt>
      <trkpt lat="34.37672" lon="-118.23837"><ele>1530.0</ele></trkpt>
      <trkpt lat="34.37668" lon="-118.23844"><ele>1530.0</ele></trkpt>
      <trkpt lat="34.37666" lon="-118.23861"><ele>1530.0</ele></trkpt>
      <trkpt lat="34.37672" lon="-118.23880"><ele>1530.0</ele></trkpt>
      <trkpt lat="34.37679" lon="-118.23900"><ele>1530.0</ele></trkpt>
      <trkpt lat="34.37678" lon="-118.23909"><ele>1530.0</ele></trkpt>
      <trkpt lat="34.37676" lon="-118.23927"><ele>1530.0</ele></trkpt>
      <trkpt lat="34.37672" lon="-118.23940"><ele>1530.0</ele></trkpt>
      <trkpt lat="34.37670" lon="-118.23953"><ele>1530.0</ele></trkpt>
      <trkpt lat="34.37672" lon="-118.23967"><ele>1530.0</ele></trkpt>
      <trkpt lat="34.37677" lon="-118.23989"><ele>1530.0</ele></trkpt>
      <trkpt lat="34.37676" lon="-118.24004"><ele>1530.0</ele></trkpt>
      <trkpt lat="34.37671" lon="-118.24017"><ele>1530.0</ele></trkpt>
      <trkpt lat="34.37664" lon="-118.24028"><ele>1530.0</ele></trkpt>
      <trkpt lat="34.37649" lon="-118.24035"><ele>1530.0</ele></trkpt>
      <trkpt lat="34.37644" lon="-118.24038"><ele>1530.0</ele></trkpt>
      <trkpt lat="34.37618" lon="-118.24043"><ele>1530.0</ele></trkpt>
      <trkpt lat="34.37585" lon="-118.24043"><ele>1530.0</ele></trkpt>
      <trkpt lat="34.37562" lon="-118.24042"><ele>1530.0</ele></trkpt>
      <trkpt lat="34.37556" lon="-118.24042"><ele>1530.0</ele></trkpt>
      <trkpt lat="34.37554" lon="-118.24043"><ele>1530.0</ele></trkpt>
      <trkpt lat="34.37532" lon="-118.24044"><ele>1530.0</ele></trkpt>
      <trkpt lat="34.37499" lon="-118.24049"><ele>1530.0</ele></trkpt>
      <trkpt lat="34.37499" lon="-118.24049"><ele>1530.0</ele></trkpt>
      <trkpt lat="34.37492" lon="-118.24050"><ele>1530.0</ele></trkpt>
      <trkpt lat="34.37484" lon="-118.24055"><ele>1530.0</ele></trkpt>
      <trkpt lat="34.37482" lon="-118.24061"><ele>1530.0</ele></trkpt>
      <trkpt lat="34.37477" lon="-118.24073"><ele>1530.0</ele></trkpt>
      <trkpt lat="34.37477" lon="-118.24074"><ele>1530.0</ele></trkpt>
      <trkpt lat="34.37477" lon="-118.24074"><ele>1530.0</ele></trkpt>
      <trkpt lat="34.37477" lon="-118.24087"><ele>1530.0</ele></trkpt>
      <trkpt lat="34.37480" lon="-118.24103"><ele>1530.0</ele></trkpt>
      <trkpt lat="34.37472" lon="-118.24118"><ele>1530.0</ele></trkpt>
      <trkpt lat="34.37467" lon="-118.24127"><ele>1530.0</ele></trkpt>
      <trkpt lat="34.37461" lon="-118.24136"><ele>1530.0</ele></trkpt>
      <trkpt lat="34.37461" lon="-118.24138"><ele>1530.0</ele></trkpt>
      <trkpt lat="34.37460" lon="-118.24153"><ele>1530.0</ele></trkpt>
      <trkpt lat="34.37465" lon="-118.24174"><ele>1530.0</ele></trkpt>
      <trkpt lat="34.37465" lon="-118.24188"><ele>1530.0</ele></trkpt>
      <trkpt lat="34.37465" lon="-118.24197"><ele>1530.0</ele></trkpt>
      <trkpt lat="34.37464" lon="-118.24206"><ele>1530.0</ele></trkpt>
      <trkpt lat="34.37463" lon="-118.24225"><ele>1530.0</ele></trkpt>
      <trkpt lat="34.37463" lon="-118.24249"><ele>1530.0</ele></trkpt>
      <trkpt lat="34.37464" lon="-118.24254"><ele>1530.0</ele></trkpt>
      <trkpt lat="34.37466" lon="-118.24263"><ele>1530.0</ele></trkpt>
      <trkpt lat="34.37472" lon="-118.24272"><ele>1530.0</ele></trkpt>
      <trkpt lat="34.37486" lon="-118.24282"><ele>1530.0</ele></trkpt>
      <trkpt lat="34.37500" lon="-118.24287"><ele>1488.0</ele></trkpt>
      <trkpt lat="34.37524" lon="-118.24294"><ele>1488.0</ele></trkpt>
      <trkpt lat="34.37530" lon="-118.24295"><ele>1488.0</ele></trkpt>
      <trkpt lat="34.37582" lon="-118.24286"><ele>1488.0</ele></trkpt>
      <trkpt lat="34.37592" lon="-118.24294"><ele>1488.0</ele></trkpt>
      <trkpt lat="34.37601" lon="-118.24313"><ele>1488.0</ele></trkpt>
      <trkpt lat="34.37607" lon="-118.24328"><ele>1488.0</ele></trkpt>
      <trkpt lat="34.37607" lon="-118.24354"><ele>1488.0</ele></trkpt>
      <trkpt lat="34.37607" lon="-118.24354"><ele>1488.0</ele></trkpt>
      <trkpt lat="34.37585" lon="-118.24434"><ele>1488.0</ele></trkpt>
      <trkpt lat="34.37573" lon="-118.24439"><ele>1488.0</ele></trkpt>
      <trkpt lat="34.37565" lon="-118.24442"><ele>1488.0</ele></trkpt>
      <trkpt lat="34.37549" lon="-118.24448"><ele>1488.0</ele></trkpt>
      <trkpt lat="34.37530" lon="-118.24490"><ele>1488.0</ele></trkpt>
      <trkpt lat="34.37526" lon="-118.24498"><ele>1488.0</ele></trkpt>
      <trkpt lat="34.37505" lon="-118.24508"><ele>1488.0</ele></trkpt>
      <trkpt lat="34.37499" lon="-118.24510"><ele>1488.0</ele></trkpt>
      <trkpt lat="34.37484" lon="-118.24521"><ele>1488.0</ele></trkpt>
      <trkpt lat="34.37462" lon="-118.24555"><ele>1488.0</ele></trkpt>
      <trkpt lat="34.37467" lon="-118.24582"><ele>1488.0</ele></trkpt>
      <trkpt lat="34.37499" lon="-118.24615"><ele>1488.0</ele></trkpt>
      <trkpt lat="34.37534" lon="-118.24661"><ele>1488.0</ele></trkpt>
      <trkpt lat="34.37536" lon="-118.24664"><ele>1488.0</ele></trkpt>
      <trkpt lat="34.37533" lon="-118.24676"><ele>1488.0</ele></trkpt>
      <trkpt lat="34.37528" lon="-118.24697"><ele>1488.0</ele></trkpt>
      <trkpt lat="34.37530" lon="-118.24726"><ele>1488.0</ele></trkpt>
      <trkpt lat="34.37530" lon="-118.24729"><ele>1488.0</ele></trkpt>
      <trkpt lat="34.37499" lon="-118.24758"><ele>1488.0</ele></trkpt>
      <trkpt lat="34.37495" lon="-118.24763"><ele>1488.0</ele></trkpt>
      <trkpt lat="34.37450" lon="-118.24810"><ele>1488.0</ele></trkpt>
      <trkpt lat="34.37369" lon="-118.24865"><ele>1488.0</ele></trkpt>
      <trkpt lat="34.37362" lon="-118.24881"><ele>1488.0</ele></trkpt>
      <trkpt lat="34.37363" lon="-118.24886"><ele>1488.0</ele></trkpt>
      <trkpt lat="34.37363" lon="-118.24886"><ele>1488.0</ele></trkpt>
      <trkpt lat="34.37367" lon="-118.24902"><ele>1488.0</ele></trkpt>
      <trkpt lat="34.37377" lon="-118.24909"><ele>1488.0</ele></trkpt>
      <trkpt lat="34.37466" lon="-118.24967"><ele>1488.0</ele></trkpt>
      <trkpt lat="34.37481" lon="-118.24977"><ele>1488.0</ele></trkpt>
      <trkpt lat="34.37482" lon="-118.24982"><ele>1488.0</ele></trkpt>
      <trkpt lat="34.37484" lon="-118.25007"><ele>1488.0</ele></trkpt>
      <trkpt lat="34.37476" lon="-118.25030"><ele>1488.0</ele></trkpt>
      <trkpt lat="34.37468" lon="-118.25051"><ele>1488.0</ele></trkpt>
      <trkpt lat="34.37464" lon="-118.25063"><ele>1488.0</ele></trkpt>
      <trkpt lat="34.37466" lon="-118.25093"><ele>1488.0</ele></trkpt>
      <trkpt lat="34.37468" lon="-118.25137"><ele>1488.0</ele></trkpt>
      <trkpt lat="34.37444" lon="-118.25180"><ele>1488.0</ele></trkpt>
      <trkpt lat="34.37434" lon="-118.25197"><ele>1428.0</ele></trkpt>
      <trkpt lat="34.37418" lon="-118.25250"><ele>1428.0</ele></trkpt>
      <trkpt lat="34.37432" lon="-118.25257"><ele>1428.0</ele></trkpt>
      <trkpt lat="34.37499" lon="-118.25288"><ele>1428.0</ele></trkpt>
      <trkpt lat="34.37507" lon="-118.25292"><ele>1428.0</ele></trkpt>
      <trkpt lat="34.37515" lon="-118.25294"><ele>1428.0</ele></trkpt>
      <trkpt lat="34.37520" lon="-118.25295"><ele>1428.0</ele></trkpt>
      <trkpt lat="34.37525" lon="-118.25297"><ele>1428.0</ele></trkpt>
      <trkpt lat="34.37537" lon="-118.25298"><ele>1428.0</ele></trkpt>
      <trkpt lat="34.37550" lon="-118.25301"><ele>1428.0</ele></trkpt>
      <trkpt lat="34.37557" lon="-118.25303"><ele>1428.0</ele></trkpt>
      <trkpt lat="34.37561" lon="-118.25306"><ele>1428.0</ele></trkpt>
      <trkpt lat="34.37562" lon="-118.25306"><ele>1428.0</ele></trkpt>
      <trkpt lat="34.37569" lon="-118.25313"><ele>1428.0</ele></trkpt>
      <trkpt lat="34.37572" lon="-118.25321"><ele>1428.0</ele></trkpt>
      <trkpt lat="34.37576" lon="-118.25332"><ele>1428.0</ele></trkpt>
      <trkpt lat="34.37580" lon="-118.25341"><ele>1428.0</ele></trkpt>
      <trkpt lat="34.37584" lon="-118.25348"><ele>1428.0</ele></trkpt>
      <trkpt lat="34.37587" lon="-118.25355"><ele>1428.0</ele></trkpt>
      <trkpt lat="34.37593" lon="-118.25367"><ele>1428.0</ele></trkpt>
      <trkpt lat="34.37597" lon="-118.25376"><ele>1428.0</ele></trkpt>
      <trkpt lat="34.37598" lon="-118.25386"><ele>1428.0</ele></trkpt>
      <trkpt lat="34.37599" lon="-118.25394"><ele>1428.0</ele></trkpt>
      <trkpt lat="34.37598" lon="-118.25404"><ele>1428.0</ele></trkpt>
      <trkpt lat="34.37597" lon="-118.25423"><ele>1428.0</ele></trkpt>
      <trkpt lat="34.37595" lon="-118.25438"><ele>1428.0</ele></trkpt>
      <trkpt lat="34.37594" lon="-118.25447"><ele>1428.0</ele></trkpt>
      <trkpt lat="34.37592" lon="-118.25464"><ele>1428.0</ele></trkpt>
      <trkpt lat="34.37590" lon="-118.25488"><ele>1428.0</ele></trkpt>
      <trkpt lat="34.37589" lon="-118.25498"><ele>1428.0</ele></trkpt>
      <trkpt lat="34.37586" lon="-118.25509"><ele>1428.0</ele></trkpt>
      <trkpt lat="34.37585" lon="-118.25514"><ele>1428.0</ele></trkpt>
      <trkpt lat="34.37583" lon="-118.25519"><ele>1428.0</ele></trkpt>
      <trkpt lat="34.37582" lon="-118.25521"><ele>1428.0</ele></trkpt>
      <trkpt lat="34.37577" lon="-118.25526"><ele>1428.0</ele></trkpt>
      <trkpt lat="34.37574" lon="-118.25529"><ele>1428.0</ele></trkpt>
      <trkpt lat="34.37570" lon="-118.25531"><ele>1428.0</ele></trkpt>
      <trkpt lat="34.37567" lon="-118.25533"><ele>1428.0</ele></trkpt>
      <trkpt lat="34.37561" lon="-118.25535"><ele>1428.0</ele></trkpt>
      <trkpt lat="34.37553" lon="-118.25539"><ele>1428.0</ele></trkpt>
      <trkpt lat="34.37542" lon="-118.25540"><ele>1428.0</ele></trkpt>
      <trkpt lat="34.37532" lon="-118.25541"><ele>1428.0</ele></trkpt>
      <trkpt lat="34.37525" lon="-118.25541"><ele>1428.0</ele></trkpt>
      <trkpt lat="34.37518" lon="-118.25543"><ele>1428.0</ele></trkpt>
      <trkpt lat="34.37513" lon="-118.25545"><ele>1428.0</ele></trkpt>
      <trkpt lat="34.37510" lon="-118.25548"><ele>1428.0</ele></trkpt>
      <trkpt lat="34.37507" lon="-118.25553"><ele>1428.0</ele></trkpt>
      <trkpt lat="34.37506" lon="-118.25559"><ele>1400.0</ele></trkpt>
      <trkpt lat="34.37505" lon="-118.25564"><ele>1400.0</ele></trkpt>
      <trkpt lat="34.37505" lon="-118.25571"><ele>1400.0</ele></trkpt>
      <trkpt lat="34.37506" lon="-118.25577"><ele>1400.0</ele></trkpt>
      <trkpt lat="34.37507" lon="-118.25585"><ele>1400.0</ele></trkpt>
      <trkpt lat="34.37509" lon="-118.25591"><ele>1400.0</ele></trkpt>
      <trkpt lat="34.37514" lon="-118.25612"><ele>1400.0</ele></trkpt>
      <trkpt lat="34.37516" lon="-118.25619"><ele>1400.0</ele></trkpt>
      <trkpt lat="34.37521" lon="-118.25641"><ele>1400.0</ele></trkpt>
      <trkpt lat="34.37530" lon="-118.25671"><ele>1400.0</ele></trkpt>
      <trkpt lat="34.37531" lon="-118.25679"><ele>1400.0</ele></trkpt>
      <trkpt lat="34.37532" lon="-118.25689"><ele>1400.0</ele></trkpt>
      <trkpt lat="34.37537" lon="-118.25700"><ele>1400.0</ele></trkpt>
      <trkpt lat="34.37538" lon="-118.25706"><ele>1400.0</ele></trkpt>
      <trkpt lat="34.37543" lon="-118.25712"><ele>1400.0</ele></trkpt>
      <trkpt lat="34.37546" lon="-118.25717"><ele>1400.0</ele></trkpt>
      <trkpt lat="34.37551" lon="-118.25720"><ele>1400.0</ele></trkpt>
      <trkpt lat="34.37552" lon="-118.25721"><ele>1400.0</ele></trkpt>
      <trkpt lat="34.37555" lon="-118.25723"><ele>1400.0</ele></trkpt>
      <trkpt lat="34.37562" lon="-118.25726"><ele>1400.0</ele></trkpt>
      <trkpt lat="34.37568" lon="-118.25728"><ele>1400.0</ele></trkpt>
      <trkpt lat="34.37573" lon="-118.25728"><ele>1400.0</ele></trkpt>
      <trkpt lat="34.37579" lon="-118.25729"><ele>1400.0</ele></trkpt>
      <trkpt lat="34.37585" lon="-118.25728"><ele>1400.0</ele></trkpt>
      <trkpt lat="34.37591" lon="-118.25727"><ele>1400.0</ele></trkpt>
      <trkpt lat="34.37601" lon="-118.25722"><ele>1400.0</ele></trkpt>
      <trkpt lat="34.37610" lon="-118.25717"><ele>1400.0</ele></trkpt>
      <trkpt lat="34.37619" lon="-118.25714"><ele>1400.0</ele></trkpt>
      <trkpt lat="34.37634" lon="-118.25708"><ele>1400.0</ele></trkpt>
      <trkpt lat="34.37645" lon="-118.25705"><ele>1400.0</ele></trkpt>
      <trkpt lat="34.37659" lon="-118.25700"><ele>1400.0</ele></trkpt>
      <trkpt lat="34.37663" lon="-118.25699"><ele>1400.0</ele></trkpt>
      <trkpt lat="34.37667" lon="-118.25698"><ele>1400.0</ele></trkpt>
      <trkpt lat="34.37673" lon="-118.25698"><ele>1400.0</ele></trkpt>
      <trkpt lat="34.37676" lon="-118.25698"><ele>1400.0</ele></trkpt>
      <trkpt lat="34.37683" lon="-118.25699"><ele>1400.0</ele></trkpt>
      <trkpt lat="34.37693" lon="-118.25700"><ele>1400.0</ele></trkpt>
      <trkpt lat="34.37699" lon="-118.25701"><ele>1400.0</ele></trkpt>
      <trkpt lat="34.37707" lon="-118.25703"><ele>1400.0</ele></trkpt>
      <trkpt lat="34.37712" lon="-118.25709"><ele>1400.0</ele></trkpt>
      <trkpt lat="34.37717" lon="-118.25711"><ele>1400.0</ele></trkpt>
      <trkpt lat="34.37721" lon="-118.25715"><ele>1400.0</ele></trkpt>
      <trkpt lat="34.37727" lon="-118.25721"><ele>1400.0</ele></trkpt>
      <trkpt lat="34.37732" lon="-118.25728"><ele>1400.0</ele></trkpt>
      <trkpt lat="34.37740" lon="-118.25739"><ele>1400.0</ele></trkpt>
      <trkpt lat="34.37745" lon="-118.25746"><ele>1400.0</ele></trkpt>
      <trkpt lat="34.37750" lon="-118.25751"><ele>1407.0</ele></trkpt>
      <trkpt lat="34.37753" lon="-118.25752"><ele>1407.0</ele></trkpt>
      <trkpt lat="34.37756" lon="-118.25752"><ele>1407.0</ele></trkpt>
      <trkpt lat="34.37758" lon="-118.25750"><ele>1407.0</ele></trkpt>
      <trkpt lat="34.37759" lon="-118.25745"><ele>1407.0</ele></trkpt>
      <trkpt lat="34.37760" lon="-118.25737"><ele>1407.0</ele></trkpt>
      <trkpt lat="34.37760" lon="-118.25729"><ele>1407.0</ele></trkpt>
      <trkpt lat="34.37760" lon="-118.25720"><ele>1407.0</ele></trkpt>
      <trkpt lat="34.37757" lon="-118.25709"><ele>1407.0</ele></trkpt>
      <trkpt lat="34.37755" lon="-118.25701"><ele>1407.0</ele></trkpt>
      <trkpt lat="34.37751" lon="-118.25691"><ele>1407.0</ele></trkpt>
      <trkpt lat="34.37746" lon="-118.25678"><ele>1407.0</ele></trkpt>
      <trkpt lat="34.37740" lon="-118.25663"><ele>1407.0</ele></trkpt>
      <trkpt lat="34.37729" lon="-118.25644"><ele>1407.0</ele></trkpt>
      <trkpt lat="34.37721" lon="-118.25625"><ele>1407.0</ele></trkpt>
      <trkpt lat="34.37717" lon="-118.25615"><ele>1407.0</ele></trkpt>
      <trkpt lat="34.37716" lon="-118.25608"><ele>1407.0</ele></trkpt>
      <trkpt lat="34.37717" lon="-118.25600"><ele>1407.0</ele></trkpt>
      <trkpt lat="34.37718" lon="-118.25595"><ele>1407.0</ele></trkpt>
      <trkpt lat="34.37720" lon="-118.25587"><ele>1407.0</ele></trkpt>
      <trkpt lat="34.37720" lon="-118.25585"><ele>1407.0</ele></trkpt>
      <trkpt lat="34.37723" lon="-118.25576"><ele>1407.0</ele></trkpt>
      <trkpt lat="34.37722" lon="-118.25569"><ele>1407.0</ele></trkpt>
      <trkpt lat="34.37721" lon="-118.25557"><ele>1407.0</ele></trkpt>
      <trkpt lat="34.37718" lon="-118.25540"><ele>1407.0</ele></trkpt>
      <trkpt lat="34.37718" lon="-118.25524"><ele>1407.0</ele></trkpt>
      <trkpt lat="34.37719" lon="-118.25514"><ele>1407.0</ele></trkpt>
      <trkpt lat="34.37723" lon="-118.25504"><ele>1407.0</ele></trkpt>
      <trkpt lat="34.37726" lon="-118.25499"><ele>1407.0</ele></trkpt>
      <trkpt lat="34.37731" lon="-118.25494"><ele>1407.0</ele></trkpt>
      <trkpt lat="34.37739" lon="-118.25488"><ele>1407.0</ele></trkpt>
      <trkpt lat="34.37745" lon="-118.25485"><ele>1407.0</ele></trkpt>
      <trkpt lat="34.37756" lon="-118.25481"><ele>1407.0</ele></trkpt>
      <trkpt lat="34.37763" lon="-118.25478"><ele>1407.0</ele></trkpt>
      <trkpt lat="34.37775" lon="-118.25473"><ele>1407.0</ele></trkpt>
      <trkpt lat="34.37777" lon="-118.25471"><ele>1407.0</ele></trkpt>
      <trkpt lat="34.37782" lon="-118.25468"><ele>1407.0</ele></trkpt>
      <trkpt lat="34.37790" lon="-118.25462"><ele>1407.0</ele></trkpt>
      <trkpt lat="34.37796" lon="-118.25459"><ele>1407.0</ele></trkpt>
      <trkpt lat="34.37806" lon="-118.25457"><ele>1407.0</ele></trkpt>
      <trkpt lat="34.37816" lon="-118.25454"><ele>1407.0</ele></trkpt>
      <trkpt lat="34.37827" lon="-118.25452"><ele>1407.0</ele></trkpt>
      <trkpt lat="34.37834" lon="-118.25451"><ele>1407.0</ele></trkpt>
      <trkpt lat="34.37839" lon="-118.25447"><ele>1407.0</ele></trkpt>
      <trkpt lat="34.37844" lon="-118.25441"><ele>1407.0</ele></trkpt>
      <trkpt lat="34.37846" lon="-118.25436"><ele>1407.0</ele></trkpt>
      <trkpt lat="34.37851" lon="-118.25425"><ele>1407.0</ele></trkpt>
      <trkpt lat="34.37859" lon="-118.25411"><ele>1373.0</ele></trkpt>
      <trkpt lat="34.37866" lon="-118.25399"><ele>1373.0</ele></trkpt>
      <trkpt lat="34.37882" lon="-118.25386"><ele>1373.0</ele></trkpt>
      <trkpt lat="34.37892" lon="-118.25382"><ele>1373.0</ele></trkpt>
      <trkpt lat="34.37900" lon="-118.25380"><ele>1373.0</ele></trkpt>
      <trkpt lat="34.37904" lon="-118.25378"><ele>1373.0</ele></trkpt>
      <trkpt lat="34.37912" lon="-118.25377"><ele>1373.0</ele></trkpt>
      <trkpt lat="34.37920" lon="-118.25377"><ele>1373.0</ele></trkpt>
      <trkpt lat="34.37929" lon="-118.25379"><ele>1373.0</ele></trkpt>
      <trkpt lat="34.37938" lon="-118.25380"><ele>1373.0</ele></trkpt>
      <trkpt lat="34.37946" lon="-118.25381"><ele>1373.0</ele></trkpt>
      <trkpt lat="34.37952" lon="-118.25380"><ele>1373.0</ele></trkpt>
      <trkpt lat="34.37959" lon="-118.25377"><ele>1373.0</ele></trkpt>
      <trkpt lat="34.37964" lon="-118.25374"><ele>1373.0</ele></trkpt>
      <trkpt lat="34.37985" lon="-118.25355"><ele>1373.0</ele></trkpt>
      <trkpt lat="34.37997" lon="-118.25346"><ele>1373.0</ele></trkpt>
      <trkpt lat="34.38000" lon="-118.25337"><ele>1373.0</ele></trkpt>
      <trkpt lat="34.38000" lon="-118.25331"><ele>1373.0</ele></trkpt>
      <trkpt lat="34.37998" lon="-118.25313"><ele>1373.0</ele></trkpt>
      <trkpt lat="34.37994" lon="-118.25301"><ele>1373.0</ele></trkpt>
      <trkpt lat="34.37992" lon="-118.25294"><ele>1373.0</ele></trkpt>
      <trkpt lat="34.37986" lon="-118.25276"><ele>1373.0</ele></trkpt>
      <trkpt lat="34.37977" lon="-118.25246"><ele>1373.0</ele></trkpt>
      <trkpt lat="34.37970" lon="-118.25219"><ele>1373.0</ele></trkpt>
      <trkpt lat="34.37962" lon="-118.25195"><ele>1373.0</ele></trkpt>
      <trkpt lat="34.37953" lon="-118.25172"><ele>1373.0</ele></trkpt>
      <trkpt lat="34.37938" lon="-118.25136"><ele>1373.0</ele></trkpt>
      <trkpt lat="34.37929" lon="-118.25113"><ele>1373.0</ele></trkpt>
      <trkpt lat="34.37926" lon="-118.25101"><ele>1373.0</ele></trkpt>
      <trkpt lat="34.37926" lon="-118.25097"><ele>1373.0</ele></trkpt>
      <trkpt lat="34.37928" lon="-118.25093"><ele>1373.0</ele></trkpt>
      <trkpt lat="34.37938" lon="-118.25067"><ele>1373.0</ele></trkpt>
      <trkpt lat="34.37938" lon="-118.25040"><ele>1373.0</ele></trkpt>
      <trkpt lat="34.37920" lon="-118.24984"><ele>1373.0</ele></trkpt>
      <trkpt lat="34.37919" lon="-118.24947"><ele>1373.0</ele></trkpt>
      <trkpt lat="34.37937" lon="-118.24870"><ele>1373.0</ele></trkpt>
      <trkpt lat="34.37958" lon="-118.24858"><ele>1373.0</ele></trkpt>
      <trkpt lat="34.37960" lon="-118.24859"><ele>1373.0</ele></trkpt>
      <trkpt lat="34.37982" lon="-118.24874"><ele>1373.0</ele></trkpt>
      <trkpt lat="34.37982" lon="-118.24875"><ele>1373.0</ele></trkpt>
      <trkpt lat="34.37991" lon="-118.24919"><ele>1373.0</ele></trkpt>
      <trkpt lat="34.37996" lon="-118.24946"><ele>1373.0</ele></trkpt>
      <trkpt lat="34.38006" lon="-118.24962"><ele>1373.0</ele></trkpt>
      <trkpt lat="34.38012" lon="-118.24967"><ele>1373.0</ele></trkpt>
      <trkpt lat="34.38042" lon="-118.24990"><ele>1373.0</ele></trkpt>
      <trkpt lat="34.38064" lon="-118.25018"><ele>1373.0</ele></trkpt>
      <trkpt lat="34.38070" lon="-118.25026"><ele>1294.0</ele></trkpt>
      <trkpt lat="34.38074" lon="-118.25030"><ele>1294.0</ele></trkpt>
      <trkpt lat="34.38097" lon="-118.25033"><ele>1294.0</ele></trkpt>
      <trkpt lat="34.38132" lon="-118.25020"><ele>1294.0</ele></trkpt>
      <trkpt lat="34.38143" lon="-118.25026"><ele>1294.0</ele></trkpt>
      <trkpt lat="34.38146" lon="-118.25033"><ele>1294.0</ele></trkpt>
      <trkpt lat="34.38172" lon="-118.25093"><ele>1294.0</ele></trkpt>
      <trkpt lat="34.38185" lon="-118.25127"><ele>1294.0</ele></trkpt>
      <trkpt lat="34.38229" lon="-118.25172"><ele>1294.0</ele></trkpt>
      <trkpt lat="34.38266" lon="-118.25210"><ele>1294.0</ele></trkpt>
      <trkpt lat="34.38305" lon="-118.25234"><ele>1294.0</ele></trkpt>
      <trkpt lat="34.38335" lon="-118.25231"><ele>1294.0</ele></trkpt>
      <trkpt lat="34.38337" lon="-118.25231"><ele>1294.0</ele></trkpt>
      <trkpt lat="34.38337" lon="-118.25228"><ele>1294.0</ele></trkpt>
      <trkpt lat="34.38343" lon="-118.25191"><ele>1294.0</ele></trkpt>
      <trkpt lat="34.38348" lon="-118.25160"><ele>1294.0</ele></trkpt>
      <trkpt lat="34.38364" lon="-118.25160"><ele>1294.0</ele></trkpt>
      <trkpt lat="34.38381" lon="-118.25160"><ele>1294.0</ele></trkpt>
      <trkpt lat="34.38413" lon="-118.25142"><ele>1294.0</ele></trkpt>
      <trkpt lat="34.38415" lon="-118.25142"><ele>1294.0</ele></trkpt>
      <trkpt lat="34.38428" lon="-118.25144"><ele>1294.0</ele></trkpt>
      <trkpt lat="34.38455" lon="-118.25165"><ele>1294.0</ele></trkpt>
      <trkpt lat="34.38475" lon="-118.25181"><ele>1294.0</ele></trkpt>
      <trkpt lat="34.38508" lon="-118.25207"><ele>1294.0</ele></trkpt>
      <trkpt lat="34.38527" lon="-118.25212"><ele>1294.0</ele></trkpt>
      <trkpt lat="34.38530" lon="-118.25211"><ele>1294.0</ele></trkpt>
      <trkpt lat="34.38570" lon="-118.25199"><ele>1294.0</ele></trkpt>
      <trkpt lat="34.38602" lon="-118.25175"><ele>1294.0</ele></trkpt>
      <trkpt lat="34.38604" lon="-118.25176"><ele>1294.0</ele></trkpt>
      <trkpt lat="34.38640" lon="-118.25187"><ele>1294.0</ele></trkpt>
      <trkpt lat="34.38648" lon="-118.25186"><ele>1294.0</ele></trkpt>
      <trkpt lat="34.38658" lon="-118.25185"><ele>1294.0</ele></trkpt>
      <trkpt lat="34.38703" lon="-118.25177"><ele>1294.0</ele></trkpt>
      <trkpt lat="34.38712" lon="-118.25175"><ele>1294.0</ele></trkpt>
      <trkpt lat="34.38729" lon="-118.25193"><ele>1294.0</ele></trkpt>
      <trkpt lat="34.38734" lon="-118.25198"><ele>1294.0</ele></trkpt>
      <trkpt lat="34.38736" lon="-118.25201"><ele>1294.0</ele></trkpt>
      <trkpt lat="34.38776" lon="-118.25270"><ele>1294.0</ele></trkpt>
      <trkpt lat="34.38776" lon="-118.25270"><ele>1294.0</ele></trkpt>
      <trkpt lat="34.38790" lon="-118.25268"><ele>1294.0</ele></trkpt>
      <trkpt lat="34.38800" lon="-118.25266"><ele>1294.0</ele></trkpt>
      <trkpt lat="34.38803" lon="-118.25266"><ele>1294.0</ele></trkpt>
      <trkpt lat="34.38832" lon="-118.25238"><ele>1294.0</ele></trkpt>
      <trkpt lat="34.38834" lon="-118.25236"><ele>1294.0</ele></trkpt>
      <trkpt lat="34.38889" lon="-118.25204"><ele>1294.0</ele></trkpt>
      <trkpt lat="34.38907" lon="-118.25202"><ele>1294.0</ele></trkpt>
      <trkpt lat="34.38921" lon="-118.25218"><ele>1294.0</ele></trkpt>
      <trkpt lat="34.38928" lon="-118.25238"><ele>1299.0</ele></trkpt>
      <trkpt lat="34.38933" lon="-118.25253"><ele>1299.0</ele></trkpt>
      <trkpt lat="34.38934" lon="-118.25253"><ele>1299.0</ele></trkpt>
      <trkpt lat="34.38952" lon="-118.25254"><ele>1299.0</ele></trkpt>
      <trkpt lat="34.38993" lon="-118.25231"><ele>1299.0</ele></trkpt>
      <trkpt lat="34.39009" lon="-118.25232"><ele>1299.0</ele></trkpt>
      <trkpt lat="34.39046" lon="-118.25302"><ele>1299.0</ele></trkpt>
      <trkpt lat="34.39050" lon="-118.25309"><ele>1299.0</ele></trkpt>
      <trkpt lat="34.39054" lon="-118.25309"><ele>1299.0</ele></trkpt>
      <trkpt lat="34.39081" lon="-118.25310"><ele>1299.0</ele></trkpt>
      <trkpt lat="34.39085" lon="-118.25310"><ele>1299.0</ele></trkpt>
      <trkpt lat="34.39088" lon="-118.25308"><ele>1299.0</ele></trkpt>
      <trkpt lat="34.39108" lon="-118.25291"><ele>1299.0</ele></trkpt>
      <trkpt lat="34.39163" lon="-118.25266"><ele>1299.0</ele></trkpt>
      <trkpt lat="34.39203" lon="-118.25277"><ele>1299.0</ele></trkpt>
      <trkpt lat="34.39228" lon="-118.25271"><ele>1299.0</ele></trkpt>
      <trkpt lat="34.39275" lon="-118.25247"><ele>1299.0</ele></trkpt>
      <trkpt lat="34.39291" lon="-118.25185"><ele>1299.0</ele></trkpt>
      <trkpt lat="34.39313" lon="-118.25144"><ele>1299.0</ele></trkpt>
      <trkpt lat="34.39337" lon="-118.25131"><ele>1299.0</ele></trkpt>
      <trkpt lat="34.39338" lon="-118.25136"><ele>1299.0</ele></trkpt>
      <trkpt lat="34.39342" lon="-118.25146"><ele>1299.0</ele></trkpt>
      <trkpt lat="34.39320" lon="-118.25210"><ele>1299.0</ele></trkpt>
      <trkpt lat="34.39310" lon="-118.25289"><ele>1299.0</ele></trkpt>
      <trkpt lat="34.39279" lon="-118.25346"><ele>1299.0</ele></trkpt>
      <trkpt lat="34.39268" lon="-118.25365"><ele>1299.0</ele></trkpt>
      <trkpt lat="34.39283" lon="-118.25401"><ele>1299.0</ele></trkpt>
      <trkpt lat="34.39295" lon="-118.25430"><ele>1299.0</ele></trkpt>
      <trkpt lat="34.39297" lon="-118.25466"><ele>1299.0</ele></trkpt>
      <trkpt lat="34.39278" lon="-118.25500"><ele>1299.0</ele></trkpt>
      <trkpt lat="34.39255" lon="-118.25502"><ele>1299.0</ele></trkpt>
      <trkpt lat="34.39247" lon="-118.25502"><ele>1299.0</ele></trkpt>
      <trkpt lat="34.39238" lon="-118.25512"><ele>1299.0</ele></trkpt>
      <trkpt lat="34.39258" lon="-118.25532"><ele>1299.0</ele></trkpt>
      <trkpt lat="34.39261" lon="-118.25535"><ele>1299.0</ele></trkpt>
      <trkpt lat="34.39262" lon="-118.25535"><ele>1299.0</ele></trkpt>
      <trkpt lat="34.39296" lon="-118.25540"><ele>1299.0</ele></trkpt>
      <trkpt lat="34.39298" lon="-118.25538"><ele>1299.0</ele></trkpt>
      <trkpt lat="34.39302" lon="-118.25536"><ele>1299.0</ele></trkpt>
      <trkpt lat="34.39334" lon="-118.25513"><ele>1299.0</ele></trkpt>
      <trkpt lat="34.39343" lon="-118.25469"><ele>1299.0</ele></trkpt>
      <trkpt lat="34.39346" lon="-118.25456"><ele>1299.0</ele></trkpt>
      <trkpt lat="34.39349" lon="-118.25440"><ele>1299.0</ele></trkpt>
      <trkpt lat="34.39365" lon="-118.25428"><ele>1299.0</ele></trkpt>
      <trkpt lat="34.39368" lon="-118.25427"><ele>1299.0</ele></trkpt>
      <trkpt lat="34.39377" lon="-118.25425"><ele>1299.0</ele></trkpt>
      <trkpt lat="34.39384" lon="-118.25422"><ele>1347.0</ele></trkpt>
      <trkpt lat="34.39388" lon="-118.25416"><ele>1347.0</ele></trkpt>
      <trkpt lat="34.39391" lon="-118.25411"><ele>1347.0</ele></trkpt>
      <trkpt lat="34.39392" lon="-118.25407"><ele>1347.0</ele></trkpt>
      <trkpt lat="34.39394" lon="-118.25399"><ele>1347.0</ele></trkpt>
      <trkpt lat="34.39397" lon="-118.25390"><ele>1347.0</ele></trkpt>
      <trkpt lat="34.39401" lon="-118.25386"><ele>1347.0</ele></trkpt>
      <trkpt lat="34.39407" lon="-118.25381"><ele>1347.0</ele></trkpt>
      <trkpt lat="34.39413" lon="-118.25376"><ele>1347.0</ele></trkpt>
      <trkpt lat="34.39420" lon="-118.25369"><ele>1347.0</ele></trkpt>
      <trkpt lat="34.39425" lon="-118.25360"><ele>1347.0</ele></trkpt>
      <trkpt lat="34.39427" lon="-118.25356"><ele>1347.0</ele></trkpt>
      <trkpt lat="34.39429" lon="-118.25347"><ele>1347.0</ele></trkpt>
      <trkpt lat="34.39433" lon="-118.25329"><ele>1347.0</ele></trkpt>
      <trkpt lat="34.39437" lon="-118.25312"><ele>1347.0</ele></trkpt>
      <trkpt lat="34.39440" lon="-118.25305"><ele>1347.0</ele></trkpt>
      <trkpt lat="34.39444" lon="-118.25300"><ele>1347.0</ele></trkpt>
      <trkpt lat="34.39451" lon="-118.25299"><ele>1347.0</ele></trkpt>
      <trkpt lat="34.39456" lon="-118.25300"><ele>1347.0</ele></trkpt>
      <trkpt lat="34.39461" lon="-118.25301"><ele>1347.0</ele></trkpt>
      <trkpt lat="34.39466" lon="-118.25304"><ele>1347.0</ele></trkpt>
      <trkpt lat="34.39472" lon="-118.25308"><ele>1347.0</ele></trkpt>
      <trkpt lat="34.39476" lon="-118.25312"><ele>1347.0</ele></trkpt>
      <trkpt lat="34.39479" lon="-118.25317"><ele>1347.0</ele></trkpt>
      <trkpt lat="34.39482" lon="-118.25324"><ele>1347.0</ele></trkpt>
      <trkpt lat="34.39484" lon="-118.25329"><ele>1347.0</ele></trkpt>
      <trkpt lat="34.39485" lon="-118.25334"><ele>1347.0</ele></trkpt>
      <trkpt lat="34.39485" lon="-118.25336"><ele>1347.0</ele></trkpt>
      <trkpt lat="34.39488" lon="-118.25344"><ele>1347.0</ele></trkpt>
      <trkpt lat="34.39488" lon="-118.25349"><ele>1347.0</ele></trkpt>
      <trkpt lat="34.39489" lon="-118.25357"><ele>1347.0</ele></trkpt>
      <trkpt lat="34.39488" lon="-118.25365"><ele>1347.0</ele></trkpt>
      <trkpt lat="34.39488" lon="-118.25365"><ele>1347.0</ele></trkpt>
      <trkpt lat="34.39485" lon="-118.25375"><ele>1347.0</ele></trkpt>
      <trkpt lat="34.39481" lon="-118.25384"><ele>1347.0</ele></trkpt>
      <trkpt lat="34.39477" lon="-118.25394"><ele>1347.0</ele></trkpt>
      <trkpt lat="34.39474" lon="-118.25403"><ele>1347.0</ele></trkpt>
      <trkpt lat="34.39473" lon="-118.25411"><ele>1347.0</ele></trkpt>
      <trkpt lat="34.39471" lon="-118.25422"><ele>1347.0</ele></trkpt>
      <trkpt lat="34.39471" lon="-118.25438"><ele>1347.0</ele></trkpt>
      <trkpt lat="34.39473" lon="-118.25448"><ele>1347.0</ele></trkpt>
      <trkpt lat="34.39474" lon="-118.25461"><ele>1347.0</ele></trkpt>
      <trkpt lat="34.39475" lon="-118.25477"><ele>1347.0</ele></trkpt>
      <trkpt lat="34.39473" lon="-118.25487"><ele>1347.0</ele></trkpt>
      <trkpt lat="34.39472" lon="-118.25497"><ele>1347.0</ele></trkpt>
      <trkpt lat="34.39468" lon="-118.25505"><ele>1347.0</ele></trkpt>
      <trkpt lat="34.39467" lon="-118.25507"><ele>1347.0</ele></trkpt>
      <trkpt lat="34.39462" lon="-118.25515"><ele>1398.0</ele></trkpt>
      <trkpt lat="34.39445" lon="-118.25536"><ele>1398.0</ele></trkpt>
      <trkpt lat="34.39441" lon="-118.25543"><ele>1398.0</ele></trkpt>
      <trkpt lat="34.39436" lon="-118.25554"><ele>1398.0</ele></trkpt>
      <trkpt lat="34.39436" lon="-118.25554"><ele>1398.0</ele></trkpt>
      <trkpt lat="34.39433" lon="-118.25565"><ele>1398.0</ele></trkpt>
      <trkpt lat="34.39431" lon="-118.25578"><ele>1398.0</ele></trkpt>
      <trkpt lat="34.39429" lon="-118.25589"><ele>1398.0</ele></trkpt>
      <trkpt lat="34.39429" lon="-118.25600"><ele>1398.0</ele></trkpt>
      <trkpt lat="34.39429" lon="-118.25606"><ele>1398.0</ele></trkpt>
      <trkpt lat="34.39429" lon="-118.25609"><ele>1398.0</ele></trkpt>
      <trkpt lat="34.39431" lon="-118.25615"><ele>1398.0</ele></trkpt>
      <trkpt lat="34.39446" lon="-118.25619"><ele>1398.0</ele></trkpt>
      <trkpt lat="34.39458" lon="-118.25620"><ele>1398.0</ele></trkpt>
      <trkpt lat="34.39470" lon="-118.25620"><ele>1398.0</ele></trkpt>
      <trkpt lat="34.39483" lon="-118.25623"><ele>1398.0</ele></trkpt>
      <trkpt lat="34.39491" lon="-118.25628"><ele>1398.0</ele></trkpt>
      <trkpt lat="34.39501" lon="-118.25634"><ele>1398.0</ele></trkpt>
      <trkpt lat="34.39510" lon="-118.25644"><ele>1398.0</ele></trkpt>
      <trkpt lat="34.39517" lon="-118.25656"><ele>1398.0</ele></trkpt>
      <trkpt lat="34.39522" lon="-118.25673"><ele>1398.0</ele></trkpt>
      <trkpt lat="34.39524" lon="-118.25688"><ele>1398.0</ele></trkpt>
      <trkpt lat="34.39529" lon="-118.25698"><ele>1398.0</ele></trkpt>
      <trkpt lat="34.39534" lon="-118.25703"><ele>1398.0</ele></trkpt>
      <trkpt lat="34.39563" lon="-118.25704"><ele>1398.0</ele></trkpt>
      <trkpt lat="34.39574" lon="-118.25704"><ele>1398.0</ele></trkpt>
      <trkpt lat="34.39589" lon="-118.25702"><ele>1398.0</ele></trkpt>
      <trkpt lat="34.39602" lon="-118.25702"><ele>1398.0</ele></trkpt>
      <trkpt lat="34.39613" lon="-118.25701"><ele>1398.0</ele></trkpt>
      <trkpt lat="34.39623" lon="-118.25701"><ele>1398.0</ele></trkpt>
      <trkpt lat="34.39632" lon="-118.25703"><ele>1398.0</ele></trkpt>
      <trkpt lat="34.39640" lon="-118.25709"><ele>1398.0</ele></trkpt>
      <trkpt lat="34.39647" lon="-118.25719"><ele>1398.0</ele></trkpt>
      <trkpt lat="34.39648" lon="-118.25726"><ele>1398.0</ele></trkpt>
      <trkpt lat="34.39649" lon="-118.25728"><ele>1398.0</ele></trkpt>
      <trkpt lat="34.39654" lon="-118.25740"><ele>1398.0</ele></trkpt>
      <trkpt lat="34.39660" lon="-118.25747"><ele>1398.0</ele></trkpt>
      <trkpt lat="34.39663" lon="-118.25748"><ele>1398.0</ele></trkpt>
      <trkpt lat="34.39681" lon="-118.25756"><ele>1398.0</ele></trkpt>
      <trkpt lat="34.39689" lon="-118.25759"><ele>1398.0</ele></trkpt>
      <trkpt lat="34.39695" lon="-118.25764"><ele>1398.0</ele></trkpt>
      <trkpt lat="34.39702" lon="-118.25772"><ele>1398.0</ele></trkpt>
      <trkpt lat="34.39703" lon="-118.25776"><ele>1398.0</ele></trkpt>
      <trkpt lat="34.39713" lon="-118.25814"><ele>1398.0</ele></trkpt>
      <trkpt lat="34.39719" lon="-118.25832"><ele>1398.0</ele></trkpt>
      <trkpt lat="34.39729" lon="-118.25846"><ele>1398.0</ele></trkpt>
      <trkpt lat="34.39735" lon="-118.25861"><ele>1379.0</ele></trkpt>
      <trkpt lat="34.39736" lon="-118.25866"><ele>1379.0</ele></trkpt>
      <trkpt lat="34.39736" lon="-118.25872"><ele>1379.0</ele></trkpt>
      <trkpt lat="34.39736" lon="-118.25876"><ele>1379.0</ele></trkpt>
      <trkpt lat="34.39733" lon="-118.25884"><ele>1379.0</ele></trkpt>
      <trkpt lat="34.39730" lon="-118.25890"><ele>1379.0</ele></trkpt>
      <trkpt lat="34.39723" lon="-118.25898"><ele>1379.0</ele></trkpt>
      <trkpt lat="34.39716" lon="-118.25904"><ele>1379.0</ele></trkpt>
      <trkpt lat="34.39707" lon="-118.25909"><ele>1379.0</ele></trkpt>
      <trkpt lat="34.39674" lon="-118.25921"><ele>1379.0</ele></trkpt>
      <trkpt lat="34.39664" lon="-118.25929"><ele>1379.0</ele></trkpt>
      <trkpt lat="34.39654" lon="-118.25950"><ele>1379.0</ele></trkpt>
      <trkpt lat="34.39655" lon="-118.25965"><ele>1379.0</ele></trkpt>
      <trkpt lat="34.39657" lon="-118.25974"><ele>1379.0</ele></trkpt>
      <trkpt lat="34.39660" lon="-118.25982"><ele>1379.0</ele></trkpt>
      <trkpt lat="34.39663" lon="-118.25986"><ele>1379.0</ele></trkpt>
      <trkpt lat="34.39667" lon="-118.25990"><ele>1379.0</ele></trkpt>
      <trkpt lat="34.39675" lon="-118.25998"><ele>1379.0</ele></trkpt>
      <trkpt lat="34.39691" lon="-118.26011"><ele>1379.0</ele></trkpt>
      <trkpt lat="34.39700" lon="-118.26015"><ele>1379.0</ele></trkpt>
      <trkpt lat="34.39716" lon="-118.26020"><ele>1379.0</ele></trkpt>
      <trkpt lat="34.39731" lon="-118.26026"><ele>1379.0</ele></trkpt>
      <trkpt lat="34.39743" lon="-118.26031"><ele>1379.0</ele></trkpt>
      <trkpt lat="34.39754" lon="-118.26033"><ele>1379.0</ele></trkpt>
      <trkpt lat="34.39762" lon="-118.26035"><ele>1379.0</ele></trkpt>
      <trkpt lat="34.39768" lon="-118.26036"><ele>1379.0</ele></trkpt>
      <trkpt lat="34.39773" lon="-118.26037"><ele>1379.0</ele></trkpt>
      <trkpt lat="34.39778" lon="-118.26037"><ele>1379.0</ele></trkpt>
      <trkpt lat="34.39791" lon="-118.26041"><ele>1379.0</ele></trkpt>
      <trkpt lat="34.39793" lon="-118.26042"><ele>1379.0</ele></trkpt>
      <trkpt lat="34.39805" lon="-118.26047"><ele>1379.0</ele></trkpt>
      <trkpt lat="34.39816" lon="-118.26052"><ele>1379.0</ele></trkpt>
      <trkpt lat="34.39824" lon="-118.26059"><ele>1379.0</ele></trkpt>
      <trkpt lat="34.39832" lon="-118.26064"><ele>1379.0</ele></trkpt>
      <trkpt lat="34.39836" lon="-118.26067"><ele>1379.0</ele></trkpt>
      <trkpt lat="34.39838" lon="-118.26069"><ele>1379.0</ele></trkpt>
      <trkpt lat="34.39840" lon="-118.26073"><ele>1379.0</ele></trkpt>
      <trkpt lat="34.39842" lon="-118.26079"><ele>1379.0</ele></trkpt>
      <trkpt lat="34.39845" lon="-118.26087"><ele>1379.0</ele></trkpt>
      <trkpt lat="34.39845" lon="-118.26087"><ele>1379.0</ele></trkpt>
      <trkpt lat="34.39846" lon="-118.26092"><ele>1379.0</ele></trkpt>
      <trkpt lat="34.39846" lon="-118.26099"><ele>1379.0</ele></trkpt>
      <trkpt lat="34.39848" lon="-118.26106"><ele>1379.0</ele></trkpt>
      <trkpt lat="34.39851" lon="-118.26113"><ele>1379.0</ele></trkpt>
      <trkpt lat="34.39852" lon="-118.26115"><ele>1379.0</ele></trkpt>
      <trkpt lat="34.39853" lon="-118.26122"><ele>1379.0</ele></trkpt>
      <trkpt lat="34.39857" lon="-118.26130"><ele>1379.0</ele></trkpt>
      <trkpt lat="34.39860" lon="-118.26139"><ele>1357.0</ele></trkpt>
      <trkpt lat="34.39863" lon="-118.26148"><ele>1357.0</ele></trkpt>
      <trkpt lat="34.39864" lon="-118.26156"><ele>1357.0</ele></trkpt>
      <trkpt lat="34.39865" lon="-118.26168"><ele>1357.0</ele></trkpt>
      <trkpt lat="34.39864" lon="-118.26180"><ele>1357.0</ele></trkpt>
      <trkpt lat="34.39864" lon="-118.26187"><ele>1357.0</ele></trkpt>
      <trkpt lat="34.39862" lon="-118.26199"><ele>1357.0</ele></trkpt>
      <trkpt lat="34.39861" lon="-118.26211"><ele>1357.0</ele></trkpt>
      <trkpt lat="34.39860" lon="-118.26221"><ele>1357.0</ele></trkpt>
      <trkpt lat="34.39860" lon="-118.26232"><ele>1357.0</ele></trkpt>
      <trkpt lat="34.39862" lon="-118.26241"><ele>1357.0</ele></trkpt>
      <trkpt lat="34.39865" lon="-118.26249"><ele>1357.0</ele></trkpt>
      <trkpt lat="34.39866" lon="-118.26254"><ele>1357.0</ele></trkpt>
      <trkpt lat="34.39870" lon="-118.26259"><ele>1357.0</ele></trkpt>
      <trkpt lat="34.39876" lon="-118.26264"><ele>1357.0</ele></trkpt>
      <trkpt lat="34.39882" lon="-118.26268"><ele>1357.0</ele></trkpt>
      <trkpt lat="34.39888" lon="-118.26271"><ele>1357.0</ele></trkpt>
      <trkpt lat="34.39895" lon="-118.26276"><ele>1357.0</ele></trkpt>
      <trkpt lat="34.39903" lon="-118.26281"><ele>1357.0</ele></trkpt>
      <trkpt lat="34.39910" lon="-118.26288"><ele>1357.0</ele></trkpt>
      <trkpt lat="34.39919" lon="-118.26299"><ele>1357.0</ele></trkpt>
      <trkpt lat="34.39924" lon="-118.26308"><ele>1357.0</ele></trkpt>
      <trkpt lat="34.39932" lon="-118.26315"><ele>1357.0</ele></trkpt>
      <trkpt lat="34.39940" lon="-118.26322"><ele>1357.0</ele></trkpt>
      <trkpt lat="34.39943" lon="-118.26326"><ele>1357.0</ele></trkpt>
      <trkpt lat="34.39945" lon="-118.26333"><ele>1357.0</ele></trkpt>
      <trkpt lat="34.39945" lon="-118.26337"><ele>1357.0</ele></trkpt>
      <trkpt lat="34.39943" lon="-118.26342"><ele>1357.0</ele></trkpt>
      <trkpt lat="34.39941" lon="-118.26348"><ele>1357.0</ele></trkpt>
      <trkpt lat="34.39936" lon="-118.26362"><ele>1357.0</ele></trkpt>
      <trkpt lat="34.39933" lon="-118.26373"><ele>1357.0</ele></trkpt>
      <trkpt lat="34.39929" lon="-118.26389"><ele>1357.0</ele></trkpt>
      <trkpt lat="34.39927" lon="-118.26402"><ele>1357.0</ele></trkpt>
      <trkpt lat="34.39923" lon="-118.26414"><ele>1357.0</ele></trkpt>
      <trkpt lat="34.39920" lon="-118.26425"><ele>1357.0</ele></trkpt>
      <trkpt lat="34.39919" lon="-118.26428"><ele>1357.0</ele></trkpt>
      <trkpt lat="34.39914" lon="-118.26442"><ele>1357.0</ele></trkpt>
      <trkpt lat="34.39913" lon="-118.26444"><ele>1357.0</ele></trkpt>
      <trkpt lat="34.39908" lon="-118.26455"><ele>1357.0</ele></trkpt>
      <trkpt lat="34.39901" lon="-118.26469"><ele>1357.0</ele></trkpt>
      <trkpt lat="34.39896" lon="-118.26482"><ele>1357.0</ele></trkpt>
      <trkpt lat="34.39892" lon="-118.26495"><ele>1357.0</ele></trkpt>
      <trkpt lat="34.39885" lon="-118.26516"><ele>1357.0</ele></trkpt>
      <trkpt lat="34.39884" lon="-118.26521"><ele>1357.0</ele></trkpt>
      <trkpt lat="34.39879" lon="-118.26536"><ele>1357.0</ele></trkpt>
      <trkpt lat="34.39871" lon="-118.26555"><ele>1357.0</ele></trkpt>
      <trkpt lat="34.39871" lon="-118.26557"><ele>1390.0</ele></trkpt>
      <trkpt lat="34.39862" lon="-118.26574"><ele>1390.0</ele></trkpt>
      <trkpt lat="34.39857" lon="-118.26587"><ele>1390.0</ele></trkpt>
      <trkpt lat="34.39850" lon="-118.26600"><ele>1390.0</ele></trkpt>
      <trkpt lat="34.39846" lon="-118.26616"><ele>1390.0</ele></trkpt>
      <trkpt lat="34.39844" lon="-118.26629"><ele>1390.0</ele></trkpt>
      <trkpt lat="34.39840" lon="-118.26649"><ele>1390.0</ele></trkpt>
      <trkpt lat="34.39834" lon="-118.26666"><ele>1390.0</ele></trkpt>
      <trkpt lat="34.39828" lon="-118.26682"><ele>1390.0</ele></trkpt>
      <trkpt lat="34.39823" lon="-118.26697"><ele>1390.0</ele></trkpt>
      <trkpt lat="34.39821" lon="-118.26707"><ele>1390.0</ele></trkpt>
      <trkpt lat="34.39820" lon="-118.26713"><ele>1390.0</ele></trkpt>
      <trkpt lat="34.39819" lon="-118.26720"><ele>1390.0</ele></trkpt>
      <trkpt lat="34.39820" lon="-118.26737"><ele>1390.0</ele></trkpt>
      <trkpt lat="34.39824" lon="-118.26753"><ele>1390.0</ele></trkpt>
      <trkpt lat="34.39827" lon="-118.26771"><ele>1390.0</ele></trkpt>
      <trkpt lat="34.39828" lon="-118.26777"><ele>1390.0</ele></trkpt>
      <trkpt lat="34.39830" lon="-118.26790"><ele>1390.0</ele></trkpt>
      <trkpt lat="34.39839" lon="-118.26804"><ele>1390.0</ele></trkpt>
      <trkpt lat="34.39851" lon="-118.26820"><ele>1390.0</ele></trkpt>
      <trkpt lat="34.39860" lon="-118.26833"><ele>1390.0</ele></trkpt>
      <trkpt lat="34.39868" lon="-118.26844"><ele>1390.0</ele></trkpt>
      <trkpt lat="34.39876" lon="-118.26857"><ele>1390.0</ele></trkpt>
      <trkpt lat="34.39883" lon="-118.26869"><ele>1390.0</ele></trkpt>
      <trkpt lat="34.39888" lon="-118.26880"><ele>1390.0</ele></trkpt>
      <trkpt lat="34.39892" lon="-118.26891"><ele>1390.0</ele></trkpt>
      <trkpt lat="34.39895" lon="-118.26902"><ele>1390.0</ele></trkpt>
      <trkpt lat="34.39895" lon="-118.26902"><ele>1390.0</ele></trkpt>
      <trkpt lat="34.39895" lon="-118.26907"><ele>1390.0</ele></trkpt>
      <trkpt lat="34.39894" lon="-118.26913"><ele>1390.0</ele></trkpt>
      <trkpt lat="34.39894" lon="-118.26918"><ele>1390.0</ele></trkpt>
      <trkpt lat="34.39892" lon="-118.26925"><ele>1390.0</ele></trkpt>
      <trkpt lat="34.39886" lon="-118.26934"><ele>1390.0</ele></trkpt>
      <trkpt lat="34.39883" lon="-118.26940"><ele>1390.0</ele></trkpt>
      <trkpt lat="34.39875" lon="-118.26952"><ele>1390.0</ele></trkpt>
      <trkpt lat="34.39861" lon="-118.26972"><ele>1390.0</ele></trkpt>
      <trkpt lat="34.39850" lon="-118.26990"><ele>1390.0</ele></trkpt>
      <trkpt lat="34.39843" lon="-118.26998"><ele>1390.0</ele></trkpt>
      <trkpt lat="34.39836" lon="-118.27005"><ele>1390.0</ele></trkpt>
      <trkpt lat="34.39831" lon="-118.27009"><ele>1390.0</ele></trkpt>
      <trkpt lat="34.39824" lon="-118.27012"><ele>1390.0</ele></trkpt>
      <trkpt lat="34.39818" lon="-118.27013"><ele>1390.0</ele></trkpt>
      <trkpt lat="34.39810" lon="-118.27012"><ele>1390.0</ele></trkpt>
      <trkpt lat="34.39804" lon="-118.27008"><ele>1390.0</ele></trkpt>
      <trkpt lat="34.39798" lon="-118.27004"><ele>1390.0</ele></trkpt>
      <trkpt lat="34.39794" lon="-118.26997"><ele>1390.0</ele></trkpt>
      <trkpt lat="34.39791" lon="-118.26990"><ele>1390.0</ele></trkpt>
      <trkpt lat="34.39788" lon="-118.26978"><ele>1444.0</ele></trkpt>
      <trkpt lat="34.39786" lon="-118.26971"><ele>1444.0</ele></trkpt>
      <trkpt lat="34.39786" lon="-118.26968"><ele>1444.0</ele></trkpt>
      <trkpt lat="34.39785" lon="-118.26958"><ele>1444.0</ele></trkpt>
      <trkpt lat="34.39784" lon="-118.26945"><ele>1444.0</ele></trkpt>
      <trkpt lat="34.39781" lon="-118.26935"><ele>1444.0</ele></trkpt>
      <trkpt lat="34.39777" lon="-118.26928"><ele>1444.0</ele></trkpt>
      <trkpt lat="34.39776" lon="-118.26924"><ele>1444.0</ele></trkpt>
      <trkpt lat="34.39771" lon="-118.26919"><ele>1444.0</ele></trkpt>
      <trkpt lat="34.39769" lon="-118.26917"><ele>1444.0</ele></trkpt>
      <trkpt lat="34.39764" lon="-118.26914"><ele>1444.0</ele></trkpt>
      <trkpt lat="34.39756" lon="-118.26910"><ele>1444.0</ele></trkpt>
      <trkpt lat="34.39748" lon="-118.26908"><ele>1444.0</ele></trkpt>
      <trkpt lat="34.39737" lon="-118.26905"><ele>1444.0</ele></trkpt>
      <trkpt lat="34.39725" lon="-118.26907"><ele>1444.0</ele></trkpt>
      <trkpt lat="34.39712" lon="-118.26910"><ele>1444.0</ele></trkpt>
      <trkpt lat="34.39698" lon="-118.26919"><ele>1444.0</ele></trkpt>
      <trkpt lat="34.39685" lon="-118.26929"><ele>1444.0</ele></trkpt>
      <trkpt lat="34.39672" lon="-118.26942"><ele>1444.0</ele></trkpt>
      <trkpt lat="34.39666" lon="-118.26949"><ele>1444.0</ele></trkpt>
      <trkpt lat="34.39659" lon="-118.26954"><ele>1444.0</ele></trkpt>
      <trkpt lat="34.39654" lon="-118.26955"><ele>1444.0</ele></trkpt>
      <trkpt lat="34.39648" lon="-118.26954"><ele>1444.0</ele></trkpt>
      <trkpt lat="34.39641" lon="-118.26952"><ele>1444.0</ele></trkpt>
      <trkpt lat="34.39633" lon="-118.26945"><ele>1444.0</ele></trkpt>
      <trkpt lat="34.39622" lon="-118.26936"><ele>1444.0</ele></trkpt>
      <trkpt lat="34.39608" lon="-118.26922"><ele>1444.0</ele></trkpt>
      <trkpt lat="34.39596" lon="-118.26911"><ele>1444.0</ele></trkpt>
      <trkpt lat="34.39588" lon="-118.26903"><ele>1444.0</ele></trkpt>
      <trkpt lat="34.39578" lon="-118.26901"><ele>1444.0</ele></trkpt>
      <trkpt lat="34.39576" lon="-118.26900"><ele>1444.0</ele></trkpt>
      <trkpt lat="34.39566" lon="-118.26899"><ele>1444.0</ele></trkpt>
      <trkpt lat="34.39557" lon="-118.26902"><ele>1444.0</ele></trkpt>
      <trkpt lat="34.39541" lon="-118.26908"><ele>1444.0</ele></trkpt>
      <trkpt lat="34.39530" lon="-118.26914"><ele>1444.0</ele></trkpt>
      <trkpt lat="34.39517" lon="-118.26924"><ele>1444.0</ele></trkpt>
      <trkpt lat="34.39512" lon="-118.26926"><ele>1444.0</ele></trkpt>
      <trkpt lat="34.39501" lon="-118.26933"><ele>1444.0</ele></trkpt>
      <trkpt lat="34.39489" lon="-118.26938"><ele>1444.0</ele></trkpt>
      <trkpt lat="34.39480" lon="-118.26942"><ele>1444.0</ele></trkpt>
      <trkpt lat="34.39471" lon="-118.26943"><ele>1444.0</ele></trkpt>
      <trkpt lat="34.39463" lon="-118.26942"><ele>1444.0</ele></trkpt>
      <trkpt lat="34.39454" lon="-118.26936"><ele>1444.0</ele></trkpt>
      <trkpt lat="34.39440" lon="-118.26922"><ele>1444.0</ele></trkpt>
      <trkpt lat="34.39426" lon="-118.26908"><ele>1444.0</ele></trkpt>
      <trkpt lat="34.39418" lon="-118.26897"><ele>1444.0</ele></trkpt>
      <trkpt lat="34.39410" lon="-118.26893"><ele>1463.0</ele></trkpt>
      <trkpt lat="34.39409" lon="-118.26893"><ele>1463.0</ele></trkpt>
      <trkpt lat="34.39408" lon="-118.26893"><ele>1463.0</ele></trkpt>
      <trkpt lat="34.39400" lon="-118.26893"><ele>1463.0</ele></trkpt>
      <trkpt lat="34.39395" lon="-118.26895"><ele>1463.0</ele></trkpt>
      <trkpt lat="34.39383" lon="-118.26899"><ele>1463.0</ele></trkpt>
      <trkpt lat="34.39372" lon="-118.26902"><ele>1463.0</ele></trkpt>
      <trkpt lat="34.39361" lon="-118.26906"><ele>1463.0</ele></trkpt>
      <trkpt lat="34.39349" lon="-118.26911"><ele>1463.0</ele></trkpt>
      <trkpt lat="34.39335" lon="-118.26919"><ele>1463.0</ele></trkpt>
      <trkpt lat="34.39314" lon="-118.26926"><ele>1463.0</ele></trkpt>
      <trkpt lat="34.39299" lon="-118.26935"><ele>1463.0</ele></trkpt>
      <trkpt lat="34.39284" lon="-118.26942"><ele>1463.0</ele></trkpt>
      <trkpt lat="34.39273" lon="-118.26950"><ele>1463.0</ele></trkpt>
      <trkpt lat="34.39265" lon="-118.26955"><ele>1463.0</ele></trkpt>
      <trkpt lat="34.39256" lon="-118.26957"><ele>1463.0</ele></trkpt>
      <trkpt lat="34.39249" lon="-118.26957"><ele>1463.0</ele></trkpt>
      <trkpt lat="34.39240" lon="-118.26955"><ele>1463.0</ele></trkpt>
      <trkpt lat="34.39230" lon="-118.26950"><ele>1463.0</ele></trkpt>
      <trkpt lat="34.39215" lon="-118.26945"><ele>1463.0</ele></trkpt>
      <trkpt lat="34.39206" lon="-118.26941"><ele>1463.0</ele></trkpt>
      <trkpt lat="34.39198" lon="-118.26937"><ele>1463.0</ele></trkpt>
      <trkpt lat="34.39193" lon="-118.26937"><ele>1463.0</ele></trkpt>
      <trkpt lat="34.39188" lon="-118.26936"><ele>1463.0</ele></trkpt>
      <trkpt lat="34.39183" lon="-118.26938"><ele>1463.0</ele></trkpt>
      <trkpt lat="34.39182" lon="-118.26940"><ele>1463.0</ele></trkpt>
      <trkpt lat="34.39179" lon="-118.26942"><ele>1463.0</ele></trkpt>
      <trkpt lat="34.39175" lon="-118.26950"><ele>1463.0</ele></trkpt>
      <trkpt lat="34.39175" lon="-118.26955"><ele>1463.0</ele></trkpt>
      <trkpt lat="34.39175" lon="-118.26962"><ele>1463.0</ele></trkpt>
      <trkpt lat="34.39177" lon="-118.26971"><ele>1463.0</ele></trkpt>
      <trkpt lat="34.39183" lon="-118.26989"><ele>1463.0</ele></trkpt>
      <trkpt lat="34.39187" lon="-118.26995"><ele>1463.0</ele></trkpt>
      <trkpt lat="34.39194" lon="-118.27001"><ele>1463.0</ele></trkpt>
      <trkpt lat="34.39202" lon="-118.27007"><ele>1463.0</ele></trkpt>
      <trkpt lat="34.39210" lon="-118.27011"><ele>1463.0</ele></trkpt>
      <trkpt lat="34.39225" lon="-118.27020"><ele>1463.0</ele></trkpt>
      <trkpt lat="34.39232" lon="-118.27027"><ele>1463.0</ele></trkpt>
      <trkpt lat="34.39239" lon="-118.27034"><ele>1463.0</ele></trkpt>
      <trkpt lat="34.39248" lon="-118.27043"><ele>1463.0</ele></trkpt>
      <trkpt lat="34.39256" lon="-118.27051"><ele>1463.0</ele></trkpt>
      <trkpt lat="34.39263" lon="-118.27060"><ele>1463.0</ele></trkpt>
      <trkpt lat="34.39275" lon="-118.27068"><ele>1463.0</ele></trkpt>
      <trkpt lat="34.39293" lon="-118.27074"><ele>1463.0</ele></trkpt>
      <trkpt lat="34.39310" lon="-118.27080"><ele>1463.0</ele></trkpt>
      <trkpt lat="34.39329" lon="-118.27087"><ele>1463.0</ele></trkpt>
      <trkpt lat="34.39341" lon="-118.27091"><ele>1463.0</ele></trkpt>
      <trkpt lat="34.39352" lon="-118.27094"><ele>1491.0</ele></trkpt>
      <trkpt lat="34.39364" lon="-118.27098"><ele>1491.0</ele></trkpt>
      <trkpt lat="34.39376" lon="-118.27100"><ele>1491.0</ele></trkpt>
      <trkpt lat="34.39395" lon="-118.27103"><ele>1491.0</ele></trkpt>
      <trkpt lat="34.39407" lon="-118.27107"><ele>1491.0</ele></trkpt>
      <trkpt lat="34.39420" lon="-118.27111"><ele>1491.0</ele></trkpt>
      <trkpt lat="34.39437" lon="-118.27116"><ele>1491.0</ele></trkpt>
      <trkpt lat="34.39449" lon="-118.27120"><ele>1491.0</ele></trkpt>
      <trkpt lat="34.39458" lon="-118.27120"><ele>1491.0</ele></trkpt>
      <trkpt lat="34.39467" lon="-118.27121"><ele>1491.0</ele></trkpt>
      <trkpt lat="34.39468" lon="-118.27121"><ele>1491.0</ele></trkpt>
      <trkpt lat="34.39476" lon="-118.27122"><ele>1491.0</ele></trkpt>
      <trkpt lat="34.39485" lon="-118.27124"><ele>1491.0</ele></trkpt>
      <trkpt lat="34.39490" lon="-118.27128"><ele>1491.0</ele></trkpt>
      <trkpt lat="34.39497" lon="-118.27132"><ele>1491.0</ele></trkpt>
      <trkpt lat="34.39500" lon="-118.27137"><ele>1491.0</ele></trkpt>
      <trkpt lat="34.39501" lon="-118.27139"><ele>1491.0</ele></trkpt>
      <trkpt lat="34.39506" lon="-118.27147"><ele>1491.0</ele></trkpt>
      <trkpt lat="34.39509" lon="-118.27152"><ele>1491.0</ele></trkpt>
      <trkpt lat="34.39511" lon="-118.27159"><ele>1491.0</ele></trkpt>
      <trkpt lat="34.39510" lon="-118.27167"><ele>1491.0</ele></trkpt>
      <trkpt lat="34.39507" lon="-118.27173"><ele>1491.0</ele></trkpt>
      <trkpt lat="34.39504" lon="-118.27177"><ele>1491.0</ele></trkpt>
      <trkpt lat="34.39499" lon="-118.27184"><ele>1491.0</ele></trkpt>
      <trkpt lat="34.39490" lon="-118.27198"><ele>1491.0</ele></trkpt>
      <trkpt lat="34.39480" lon="-118.27214"><ele>1491.0</ele></trkpt>
      <trkpt lat="34.39479" lon="-118.27214"><ele>1491.0</ele></trkpt>
      <trkpt lat="34.39475" lon="-118.27223"><ele>1491.0</ele></trkpt>
      <trkpt lat="34.39476" lon="-118.27229"><ele>1491.0</ele></trkpt>
      <trkpt lat="34.39478" lon="-118.27237"><ele>1491.0</ele></trkpt>
      <trkpt lat="34.39485" lon="-118.27247"><ele>1491.0</ele></trkpt>
      <trkpt lat="34.39489" lon="-118.27257"><ele>1491.0</ele></trkpt>
      <trkpt lat="34.39498" lon="-118.27271"><ele>1491.0</ele></trkpt>
      <trkpt lat="34.39507" lon="-118.27284"><ele>1491.0</ele></trkpt>
      <trkpt lat="34.39517" lon="-118.27294"><ele>1491.0</ele></trkpt>
      <trkpt lat="34.39528" lon="-118.27301"><ele>1491.0</ele></trkpt>
      <trkpt lat="34.39539" lon="-118.27307"><ele>1491.0</ele></trkpt>
      <trkpt lat="34.39549" lon="-118.27311"><ele>1491.0</ele></trkpt>
      <trkpt lat="34.39560" lon="-118.27316"><ele>1491.0</ele></trkpt>
      <trkpt lat="34.39570" lon="-118.27322"><ele>1491.0</ele></trkpt>
      <trkpt lat="34.39578" lon="-118.27327"><ele>1491.0</ele></trkpt>
      <trkpt lat="34.39582" lon="-118.27333"><ele>1491.0</ele></trkpt>
      <trkpt lat="34.39586" lon="-118.27340"><ele>1491.0</ele></trkpt>
      <trkpt lat="34.39588" lon="-118.27344"><ele>1491.0</ele></trkpt>
      <trkpt lat="34.39589" lon="-118.27346"><ele>1491.0</ele></trkpt>
      <trkpt lat="34.39589" lon="-118.27348"><ele>1491.0</ele></trkpt>
      <trkpt lat="34.39590" lon="-118.27352"><ele>1493.0</ele></trkpt>
      <trkpt lat="34.39591" lon="-118.27356"><ele>1493.0</ele></trkpt>
      <trkpt lat="34.39592" lon="-118.27365"><ele>1493.0</ele></trkpt>
      <trkpt lat="34.39590" lon="-118.27374"><ele>1493.0</ele></trkpt>
      <trkpt lat="34.39588" lon="-118.27382"><ele>1493.0</ele></trkpt>
      <trkpt lat="34.39583" lon="-118.27391"><ele>1493.0</ele></trkpt>
      <trkpt lat="34.39579" lon="-118.27401"><ele>1493.0</ele></trkpt>
      <trkpt lat="34.39573" lon="-118.27412"><ele>1493.0</ele></trkpt>
      <trkpt lat="34.39568" lon="-118.27420"><ele>1493.0</ele></trkpt>
      <trkpt lat="34.39563" lon="-118.27428"><ele>1493.0</ele></trkpt>
      <trkpt lat="34.39559" lon="-118.27437"><ele>1493.0</ele></trkpt>
      <trkpt lat="34.39558" lon="-118.27438"><ele>1493.0</ele></trkpt>
      <trkpt lat="34.39555" lon="-118.27445"><ele>1493.0</ele></trkpt>
      <trkpt lat="34.39549" lon="-118.27458"><ele>1493.0</ele></trkpt>
      <trkpt lat="34.39545" lon="-118.27468"><ele>1493.0</ele></trkpt>
      <trkpt lat="34.39541" lon="-118.27479"><ele>1493.0</ele></trkpt>
      <trkpt lat="34.39539" lon="-118.27491"><ele>1493.0</ele></trkpt>
      <trkpt lat="34.39537" lon="-118.27499"><ele>1493.0</ele></trkpt>
      <trkpt lat="34.39536" lon="-118.27510"><ele>1493.0</ele></trkpt>
      <trkpt lat="34.39534" lon="-118.27521"><ele>1493.0</ele></trkpt>
      <trkpt lat="34.39533" lon="-118.27534"><ele>1493.0</ele></trkpt>
      <trkpt lat="34.39534" lon="-118.27545"><ele>1493.0</ele></trkpt>
      <trkpt lat="34.39536" lon="-118.27558"><ele>1493.0</ele></trkpt>
      <trkpt lat="34.39537" lon="-118.27571"><ele>1493.0</ele></trkpt>
      <trkpt lat="34.39540" lon="-118.27581"><ele>1493.0</ele></trkpt>
      <trkpt lat="34.39541" lon="-118.27591"><ele>1493.0</ele></trkpt>
      <trkpt lat="34.39542" lon="-118.27601"><ele>1493.0</ele></trkpt>
      <trkpt lat="34.39543" lon="-118.27610"><ele>1493.0</ele></trkpt>
      <trkpt lat="34.39544" lon="-118.27614"><ele>1493.0</ele></trkpt>
      <trkpt lat="34.39546" lon="-118.27629"><ele>1493.0</ele></trkpt>
      <trkpt lat="34.39545" lon="-118.27639"><ele>1493.0</ele></trkpt>
      <trkpt lat="34.39545" lon="-118.27644"><ele>1493.0</ele></trkpt>
      <trkpt lat="34.39548" lon="-118.27655"><ele>1493.0</ele></trkpt>
      <trkpt lat="34.39551" lon="-118.27662"><ele>1493.0</ele></trkpt>
      <trkpt lat="34.39553" lon="-118.27669"><ele>1493.0</ele></trkpt>
      <trkpt lat="34.39558" lon="-118.27679"><ele>1493.0</ele></trkpt>
      <trkpt lat="34.39562" lon="-118.27689"><ele>1493.0</ele></trkpt>
      <trkpt lat="34.39567" lon="-118.27699"><ele>1493.0</ele></trkpt>
      <trkpt lat="34.39572" lon="-118.27707"><ele>1493.0</ele></trkpt>
      <trkpt lat="34.39574" lon="-118.27713"><ele>1493.0</ele></trkpt>
      <trkpt lat="34.39576" lon="-118.27722"><ele>1493.0</ele></trkpt>
      <trkpt lat="34.39577" lon="-118.27728"><ele>1493.0</ele></trkpt>
      <trkpt lat="34.39578" lon="-118.27736"><ele>1493.0</ele></trkpt>
      <trkpt lat="34.39577" lon="-118.27740"><ele>1493.0</ele></trkpt>
      <trkpt lat="34.39573" lon="-118.27749"><ele>1493.0</ele></trkpt>
      <trkpt lat="34.39573" lon="-118.27750"><ele>1493.0</ele></trkpt>
      <trkpt lat="34.39569" lon="-118.27758"><ele>1470.0</ele></trkpt>
      <trkpt lat="34.39566" lon="-118.27763"><ele>1470.0</ele></trkpt>
      <trkpt lat="34.39564" lon="-118.27766"><ele>1470.0</ele></trkpt>
      <trkpt lat="34.39560" lon="-118.27771"><ele>1470.0</ele></trkpt>
      <trkpt lat="34.39556" lon="-118.27778"><ele>1470.0</ele></trkpt>
      <trkpt lat="34.39548" lon="-118.27789"><ele>1470.0</ele></trkpt>
      <trkpt lat="34.39544" lon="-118.27799"><ele>1470.0</ele></trkpt>
      <trkpt lat="34.39544" lon="-118.27801"><ele>1470.0</ele></trkpt>
      <trkpt lat="34.39540" lon="-118.27811"><ele>1470.0</ele></trkpt>
      <trkpt lat="34.39535" lon="-118.27820"><ele>1470.0</ele></trkpt>
      <trkpt lat="34.39529" lon="-118.27835"><ele>1470.0</ele></trkpt>
      <trkpt lat="34.39525" lon="-118.27851"><ele>1470.0</ele></trkpt>
      <trkpt lat="34.39519" lon="-118.27867"><ele>1470.0</ele></trkpt>
      <trkpt lat="34.39516" lon="-118.27874"><ele>1470.0</ele></trkpt>
      <trkpt lat="34.39511" lon="-118.27879"><ele>1470.0</ele></trkpt>
      <trkpt lat="34.39508" lon="-118.27881"><ele>1470.0</ele></trkpt>
      <trkpt lat="34.39501" lon="-118.27884"><ele>1470.0</ele></trkpt>
      <trkpt lat="34.39492" lon="-118.27884"><ele>1470.0</ele></trkpt>
      <trkpt lat="34.39483" lon="-118.27887"><ele>1470.0</ele></trkpt>
      <trkpt lat="34.39482" lon="-118.27889"><ele>1470.0</ele></trkpt>
      <trkpt lat="34.39480" lon="-118.27892"><ele>1470.0</ele></trkpt>
      <trkpt lat="34.39477" lon="-118.27902"><ele>1470.0</ele></trkpt>
      <trkpt lat="34.39475" lon="-118.27909"><ele>1470.0</ele></trkpt>
      <trkpt lat="34.39474" lon="-118.27913"><ele>1470.0</ele></trkpt>
      <trkpt lat="34.39470" lon="-118.27920"><ele>1470.0</ele></trkpt>
      <trkpt lat="34.39465" lon="-118.27928"><ele>1470.0</ele></trkpt>
      <trkpt lat="34.39458" lon="-118.27931"><ele>1470.0</ele></trkpt>
      <trkpt lat="34.39449" lon="-118.27936"><ele>1470.0</ele></trkpt>
      <trkpt lat="34.39447" lon="-118.27938"><ele>1470.0</ele></trkpt>
      <trkpt lat="34.39445" lon="-118.27940"><ele>1470.0</ele></trkpt>
      <trkpt lat="34.39443" lon="-118.27946"><ele>1470.0</ele></trkpt>
      <trkpt lat="34.39444" lon="-118.27952"><ele>1470.0</ele></trkpt>
      <trkpt lat="34.39444" lon="-118.27953"><ele>1470.0</ele></trkpt>
      <trkpt lat="34.39446" lon="-118.27963"><ele>1470.0</ele></trkpt>
      <trkpt lat="34.39449" lon="-118.27972"><ele>1470.0</ele></trkpt>
      <trkpt lat="34.39453" lon="-118.27983"><ele>1470.0</ele></trkpt>
      <trkpt lat="34.39455" lon="-118.27992"><ele>1470.0</ele></trkpt>
      <trkpt lat="34.39458" lon="-118.27999"><ele>1470.0</ele></trkpt>
      <trkpt lat="34.39460" lon="-118.28006"><ele>1470.0</ele></trkpt>
      <trkpt lat="34.39460" lon="-118.28014"><ele>1470.0</ele></trkpt>
      <trkpt lat="34.39459" lon="-118.28023"><ele>1470.0</ele></trkpt>
      <trkpt lat="34.39458" lon="-118.28030"><ele>1470.0</ele></trkpt>
      <trkpt lat="34.39457" lon="-118.28038"><ele>1470.0</ele></trkpt>
      <trkpt lat="34.39454" lon="-118.28044"><ele>1470.0</ele></trkpt>
      <trkpt lat="34.39447" lon="-118.28054"><ele>1470.0</ele></trkpt>
      <trkpt lat="34.39440" lon="-118.28061"><ele>1470.0</ele></trkpt>
      <trkpt lat="34.39435" lon="-118.28069"><ele>1470.0</ele></trkpt>
      <trkpt lat="34.39428" lon="-118.28078"><ele>1426.0</ele></trkpt>
      <trkpt lat="34.39424" lon="-118.28083"><ele>1426.0</ele></trkpt>
      <trkpt lat="34.39424" lon="-118.28084"><ele>1426.0</ele></trkpt>
      <trkpt lat="34.39424" lon="-118.28085"><ele>1426.0</ele></trkpt>
      <trkpt lat="34.39423" lon="-118.28093"><ele>1426.0</ele></trkpt>
      <trkpt lat="34.39423" lon="-118.28100"><ele>1426.0</ele></trkpt>
      <trkpt lat="34.39423" lon="-118.28111"><ele>1426.0</ele></trkpt>
      <trkpt lat="34.39423" lon="-118.28121"><ele>1426.0</ele></trkpt>
      <trkpt lat="34.39419" lon="-118.28127"><ele>1426.0</ele></trkpt>
      <trkpt lat="34.39413" lon="-118.28137"><ele>1426.0</ele></trkpt>
      <trkpt lat="34.39405" lon="-118.28145"><ele>1426.0</ele></trkpt>
      <trkpt lat="34.39400" lon="-118.28151"><ele>1426.0</ele></trkpt>
      <trkpt lat="34.39399" lon="-118.28157"><ele>1426.0</ele></trkpt>
      <trkpt lat="34.39398" lon="-118.28158"><ele>1426.0</ele></trkpt>
      <trkpt lat="34.39398" lon="-118.28161"><ele>1426.0</ele></trkpt>
      <trkpt lat="34.39401" lon="-118.28166"><ele>1426.0</ele></trkpt>
      <trkpt lat="34.39403" lon="-118.28173"><ele>1426.0</ele></trkpt>
      <trkpt lat="34.39406" lon="-118.28176"><ele>1426.0</ele></trkpt>
      <trkpt lat="34.39411" lon="-118.28181"><ele>1426.0</ele></trkpt>
      <trkpt lat="34.39416" lon="-118.28183"><ele>1426.0</ele></trkpt>
      <trkpt lat="34.39423" lon="-118.28185"><ele>1426.0</ele></trkpt>
      <trkpt lat="34.39426" lon="-118.28186"><ele>1426.0</ele></trkpt>
      <trkpt lat="34.39432" lon="-118.28185"><ele>1426.0</ele></trkpt>
      <trkpt lat="34.39442" lon="-118.28180"><ele>1426.0</ele></trkpt>
      <trkpt lat="34.39446" lon="-118.28175"><ele>1426.0</ele></trkpt>
      <trkpt lat="34.39451" lon="-118.28167"><ele>1426.0</ele></trkpt>
      <trkpt lat="34.39453" lon="-118.28157"><ele>1426.0</ele></trkpt>
      <trkpt lat="34.39454" lon="-118.28156"><ele>1426.0</ele></trkpt>
      <trkpt lat="34.39456" lon="-118.28144"><ele>1426.0</ele></trkpt>
      <trkpt lat="34.39461" lon="-118.28128"><ele>1426.0</ele></trkpt>
      <trkpt lat="34.39462" lon="-118.28118"><ele>1426.0</ele></trkpt>
      <trkpt lat="34.39465" lon="-118.28110"><ele>1426.0</ele></trkpt>
      <trkpt lat="34.39469" lon="-118.28105"><ele>1426.0</ele></trkpt>
      <trkpt lat="34.39475" lon="-118.28101"><ele>1426.0</ele></trkpt>
      <trkpt lat="34.39483" lon="-118.28095"><ele>1426.0</ele></trkpt>
      <trkpt lat="34.39491" lon="-118.28089"><ele>1426.0</ele></trkpt>
      <trkpt lat="34.39495" lon="-118.28087"><ele>1426.0</ele></trkpt>
      <trkpt lat="34.39498" lon="-118.28087"><ele>1426.0</ele></trkpt>
      <trkpt lat="34.39501" lon="-118.28087"><ele>1426.0</ele></trkpt>
      <trkpt lat="34.39505" lon="-118.28089"><ele>1426.0</ele></trkpt>
      <trkpt lat="34.39507" lon="-118.28091"><ele>1426.0</ele></trkpt>
      <trkpt lat="34.39508" lon="-118.28092"><ele>1426.0</ele></trkpt>
      <trkpt lat="34.39511" lon="-118.28097"><ele>1426.0</ele></trkpt>
      <trkpt lat="34.39513" lon="-118.28103"><ele>1426.0</ele></trkpt>
      <trkpt lat="34.39514" lon="-118.28114"><ele>1426.0</ele></trkpt>
      <trkpt lat="34.39517" lon="-118.28134"><ele>1426.0</ele></trkpt>
      <trkpt lat="34.39523" lon="-118.28156"><ele>1388.0</ele></trkpt>
      <trkpt lat="34.39530" lon="-118.28176"><ele>1388.0</ele></trkpt>
      <trkpt lat="34.39533" lon="-118.28185"><ele>1388.0</ele></trkpt>
      <trkpt lat="34.39534" lon="-118.28192"><ele>1388.0</ele></trkpt>
      <trkpt lat="34.39534" lon="-118.28200"><ele>1388.0</ele></trkpt>
      <trkpt lat="34.39534" lon="-118.28208"><ele>1388.0</ele></trkpt>
      <trkpt lat="34.39534" lon="-118.28216"><ele>1388.0</ele></trkpt>
      <trkpt lat="34.39532" lon="-118.28226"><ele>1388.0</ele></trkpt>
      <trkpt lat="34.39530" lon="-118.28237"><ele>1388.0</ele></trkpt>
      <trkpt lat="34.39529" lon="-118.28251"><ele>1388.0</ele></trkpt>
      <trkpt lat="34.39527" lon="-118.28265"><ele>1388.0</ele></trkpt>
      <trkpt lat="34.39529" lon="-118.28281"><ele>1388.0</ele></trkpt>
      <trkpt lat="34.39531" lon="-118.28292"><ele>1388.0</ele></trkpt>
      <trkpt lat="34.39532" lon="-118.28303"><ele>1388.0</ele></trkpt>
      <trkpt lat="34.39536" lon="-118.28315"><ele>1388.0</ele></trkpt>
      <trkpt lat="34.39540" lon="-118.28331"><ele>1388.0</ele></trkpt>
      <trkpt lat="34.39550" lon="-118.28350"><ele>1388.0</ele></trkpt>
      <trkpt lat="34.39556" lon="-118.28367"><ele>1388.0</ele></trkpt>
      <trkpt lat="34.39563" lon="-118.28390"><ele>1388.0</ele></trkpt>
      <trkpt lat="34.39569" lon="-118.28412"><ele>1388.0</ele></trkpt>
      <trkpt lat="34.39573" lon="-118.28419"><ele>1388.0</ele></trkpt>
      <trkpt lat="34.39578" lon="-118.28425"><ele>1388.0</ele></trkpt>
      <trkpt lat="34.39583" lon="-118.28428"><ele>1388.0</ele></trkpt>
      <trkpt lat="34.39588" lon="-118.28430"><ele>1388.0</ele></trkpt>
      <trkpt lat="34.39590" lon="-118.28433"><ele>1388.0</ele></trkpt>
      <trkpt lat="34.39596" lon="-118.28435"><ele>1388.0</ele></trkpt>
      <trkpt lat="34.39605" lon="-118.28440"><ele>1388.0</ele></trkpt>
      <trkpt lat="34.39613" lon="-118.28447"><ele>1388.0</ele></trkpt>
      <trkpt lat="34.39621" lon="-118.28458"><ele>1388.0</ele></trkpt>
      <trkpt lat="34.39625" lon="-118.28466"><ele>1388.0</ele></trkpt>
      <trkpt lat="34.39631" lon="-118.28481"><ele>1388.0</ele></trkpt>
      <trkpt lat="34.39635" lon="-118.28491"><ele>1388.0</ele></trkpt>
      <trkpt lat="34.39637" lon="-118.28502"><ele>1388.0</ele></trkpt>
      <trkpt lat="34.39638" lon="-118.28516"><ele>1388.0</ele></trkpt>
      <trkpt lat="34.39638" lon="-118.28528"><ele>1388.0</ele></trkpt>
      <trkpt lat="34.39637" lon="-118.28540"><ele>1388.0</ele></trkpt>
      <trkpt lat="34.39636" lon="-118.28551"><ele>1388.0</ele></trkpt>
      <trkpt lat="34.39635" lon="-118.28556"><ele>1388.0</ele></trkpt>
      <trkpt lat="34.39632" lon="-118.28563"><ele>1388.0</ele></trkpt>
      <trkpt lat="34.39629" lon="-118.28572"><ele>1388.0</ele></trkpt>
      <trkpt lat="34.39622" lon="-118.28583"><ele>1388.0</ele></trkpt>
      <trkpt lat="34.39617" lon="-118.28593"><ele>1388.0</ele></trkpt>
      <trkpt lat="34.39610" lon="-118.28600"><ele>1388.0</ele></trkpt>
      <trkpt lat="34.39605" lon="-118.28608"><ele>1388.0</ele></trkpt>
      <trkpt lat="34.39600" lon="-118.28615"><ele>1388.0</ele></trkpt>
      <trkpt lat="34.39600" lon="-118.28615"><ele>1388.0</ele></trkpt>
      <trkpt lat="34.39597" lon="-118.28621"><ele>1388.0</ele></trkpt>
      <trkpt lat="34.39587" lon="-118.28628"><ele>1352.0</ele></trkpt>
      <trkpt lat="34.39577" lon="-118.28636"><ele>1352.0</ele></trkpt>
      <trkpt lat="34.39565" lon="-118.28648"><ele>1352.0</ele></trkpt>
      <trkpt lat="34.39556" lon="-118.28659"><ele>1352.0</ele></trkpt>
      <trkpt lat="34.39546" lon="-118.28672"><ele>1352.0</ele></trkpt>
      <trkpt lat="34.39537" lon="-118.28687"><ele>1352.0</ele></trkpt>
      <trkpt lat="34.39530" lon="-118.28700"><ele>1352.0</ele></trkpt>
      <trkpt lat="34.39525" lon="-118.28713"><ele>1352.0</ele></trkpt>
      <trkpt lat="34.39523" lon="-118.28728"><ele>1352.0</ele></trkpt>
      <trkpt lat="34.39523" lon="-118.28745"><ele>1352.0</ele></trkpt>
      <trkpt lat="34.39527" lon="-118.28759"><ele>1352.0</ele></trkpt>
      <trkpt lat="34.39533" lon="-118.28772"><ele>1352.0</ele></trkpt>
      <trkpt lat="34.39539" lon="-118.28785"><ele>1352.0</ele></trkpt>
      <trkpt lat="34.39541" lon="-118.28798"><ele>1352.0</ele></trkpt>
      <trkpt lat="34.39540" lon="-118.28818"><ele>1352.0</ele></trkpt>
      <trkpt lat="34.39538" lon="-118.28834"><ele>1352.0</ele></trkpt>
      <trkpt lat="34.39535" lon="-118.28853"><ele>1352.0</ele></trkpt>
      <trkpt lat="34.39528" lon="-118.28870"><ele>1352.0</ele></trkpt>
      <trkpt lat="34.39522" lon="-118.28883"><ele>1352.0</ele></trkpt>
      <trkpt lat="34.39512" lon="-118.28895"><ele>1352.0</ele></trkpt>
      <trkpt lat="34.39504" lon="-118.28905"><ele>1352.0</ele></trkpt>
      <trkpt lat="34.39494" lon="-118.28917"><ele>1352.0</ele></trkpt>
      <trkpt lat="34.39485" lon="-118.28929"><ele>1352.0</ele></trkpt>
      <trkpt lat="34.39480" lon="-118.28939"><ele>1352.0</ele></trkpt>
      <trkpt lat="34.39479" lon="-118.28944"><ele>1352.0</ele></trkpt>
      <trkpt lat="34.39478" lon="-118.28947"><ele>1352.0</ele></trkpt>
      <trkpt lat="34.39477" lon="-118.28950"><ele>1352.0</ele></trkpt>
      <trkpt lat="34.39474" lon="-118.28964"><ele>1352.0</ele></trkpt>
      <trkpt lat="34.39474" lon="-118.28976"><ele>1352.0</ele></trkpt>
      <trkpt lat="34.39475" lon="-118.28991"><ele>1352.0</ele></trkpt>
      <trkpt lat="34.39481" lon="-118.29011"><ele>1352.0</ele></trkpt>
      <trkpt lat="34.39483" lon="-118.29034"><ele>1352.0</ele></trkpt>
      <trkpt lat="34.39486" lon="-118.29055"><ele>1352.0</ele></trkpt>
      <trkpt lat="34.39487" lon="-118.29065"><ele>1352.0</ele></trkpt>
      <trkpt lat="34.39488" lon="-118.29074"><ele>1352.0</ele></trkpt>
      <trkpt lat="34.39487" lon="-118.29084"><ele>1352.0</ele></trkpt>
      <trkpt lat="34.39484" lon="-118.29098"><ele>1352.0</ele></trkpt>
      <trkpt lat="34.39478" lon="-118.29109"><ele>1352.0</ele></trkpt>
      <trkpt lat="34.39471" lon="-118.29125"><ele>1352.0</ele></trkpt>
      <trkpt lat="34.39469" lon="-118.29133"><ele>1352.0</ele></trkpt>
      <trkpt lat="34.39465" lon="-118.29145"><ele>1352.0</ele></trkpt>
      <trkpt lat="34.39461" lon="-118.29152"><ele>1352.0</ele></trkpt>
      <trkpt lat="34.39456" lon="-118.29163"><ele>1352.0</ele></trkpt>
      <trkpt lat="34.39449" lon="-118.29173"><ele>1352.0</ele></trkpt>
      <trkpt lat="34.39445" lon="-118.29186"><ele>1352.0</ele></trkpt>
      <trkpt lat="34.39445" lon="-118.29204"><ele>1352.0</ele></trkpt>
      <trkpt lat="34.39444" lon="-118.29218"><ele>1313.0</ele></trkpt>
      <trkpt lat="34.39446" lon="-118.29227"><ele>1313.0</ele></trkpt>
      <trkpt lat="34.39447" lon="-118.29235"><ele>1313.0</ele></trkpt>
      <trkpt lat="34.39447" lon="-118.29247"><ele>1313.0</ele></trkpt>
      <trkpt lat="34.39445" lon="-118.29259"><ele>1313.0</ele></trkpt>
      <trkpt lat="34.39442" lon="-118.29277"><ele>1313.0</ele></trkpt>
      <trkpt lat="34.39437" lon="-118.29290"><ele>1313.0</ele></trkpt>
      <trkpt lat="34.39432" lon="-118.29303"><ele>1313.0</ele></trkpt>
      <trkpt lat="34.39426" lon="-118.29318"><ele>1313.0</ele></trkpt>
      <trkpt lat="34.39417" lon="-118.29333"><ele>1313.0</ele></trkpt>
      <trkpt lat="34.39409" lon="-118.29346"><ele>1313.0</ele></trkpt>
      <trkpt lat="34.39400" lon="-118.29356"><ele>1313.0</ele></trkpt>
      <trkpt lat="34.39393" lon="-118.29368"><ele>1313.0</ele></trkpt>
      <trkpt lat="34.39385" lon="-118.29379"><ele>1313.0</ele></trkpt>
      <trkpt lat="34.39381" lon="-118.29386"><ele>1313.0</ele></trkpt>
      <trkpt lat="34.39376" lon="-118.29392"><ele>1313.0</ele></trkpt>
      <trkpt lat="34.39370" lon="-118.29398"><ele>1313.0</ele></trkpt>
      <trkpt lat="34.39366" lon="-118.29404"><ele>1313.0</ele></trkpt>
      <trkpt lat="34.39361" lon="-118.29415"><ele>1313.0</ele></trkpt>
      <trkpt lat="34.39356" lon="-118.29433"><ele>1313.0</ele></trkpt>
      <trkpt lat="34.39351" lon="-118.29456"><ele>1313.0</ele></trkpt>
      <trkpt lat="34.39349" lon="-118.29474"><ele>1313.0</ele></trkpt>
      <trkpt lat="34.39347" lon="-118.29495"><ele>1313.0</ele></trkpt>
      <trkpt lat="34.39344" lon="-118.29520"><ele>1313.0</ele></trkpt>
      <trkpt lat="34.39342" lon="-118.29539"><ele>1313.0</ele></trkpt>
      <trkpt lat="34.39340" lon="-118.29559"><ele>1313.0</ele></trkpt>
      <trkpt lat="34.39338" lon="-118.29577"><ele>1313.0</ele></trkpt>
      <trkpt lat="34.39337" lon="-118.29588"><ele>1313.0</ele></trkpt>
      <trkpt lat="34.39334" lon="-118.29598"><ele>1313.0</ele></trkpt>
      <trkpt lat="34.39330" lon="-118.29609"><ele>1313.0</ele></trkpt>
      <trkpt lat="34.39325" lon="-118.29616"><ele>1313.0</ele></trkpt>
      <trkpt lat="34.39321" lon="-118.29623"><ele>1313.0</ele></trkpt>
      <trkpt lat="34.39314" lon="-118.29628"><ele>1313.0</ele></trkpt>
      <trkpt lat="34.39306" lon="-118.29632"><ele>1313.0</ele></trkpt>
      <trkpt lat="34.39297" lon="-118.29637"><ele>1313.0</ele></trkpt>
      <trkpt lat="34.39288" lon="-118.29643"><ele>1313.0</ele></trkpt>
      <trkpt lat="34.39282" lon="-118.29652"><ele>1313.0</ele></trkpt>
      <trkpt lat="34.39274" lon="-118.29665"><ele>1313.0</ele></trkpt>
      <trkpt lat="34.39268" lon="-118.29681"><ele>1313.0</ele></trkpt>
      <trkpt lat="34.39263" lon="-118.29688"><ele>1313.0</ele></trkpt>
      <trkpt lat="34.39259" lon="-118.29701"><ele>1313.0</ele></trkpt>
      <trkpt lat="34.39258" lon="-118.29712"><ele>1313.0</ele></trkpt>
      <trkpt lat="34.39259" lon="-118.29727"><ele>1313.0</ele></trkpt>
      <trkpt lat="34.39264" lon="-118.29737"><ele>1313.0</ele></trkpt>
      <trkpt lat="34.39271" lon="-118.29749"><ele>1313.0</ele></trkpt>
      <trkpt lat="34.39277" lon="-118.29758"><ele>1313.0</ele></trkpt>
      <trkpt lat="34.39282" lon="-118.29766"><ele>1313.0</ele></trkpt>
      <trkpt lat="34.39286" lon="-118.29771"><ele>1335.0</ele></trkpt>
      <trkpt lat="34.39289" lon="-118.29777"><ele>1335.0</ele></trkpt>
      <trkpt lat="34.39291" lon="-118.29784"><ele>1335.0</ele></trkpt>
      <trkpt lat="34.39291" lon="-118.29793"><ele>1335.0</ele></trkpt>
      <trkpt lat="34.39288" lon="-118.29806"><ele>1335.0</ele></trkpt>
      <trkpt lat="34.39285" lon="-118.29819"><ele>1335.0</ele></trkpt>
      <trkpt lat="34.39281" lon="-118.29832"><ele>1335.0</ele></trkpt>
      <trkpt lat="34.39276" lon="-118.29843"><ele>1335.0</ele></trkpt>
      <trkpt lat="34.39270" lon="-118.29853"><ele>1335.0</ele></trkpt>
      <trkpt lat="34.39263" lon="-118.29861"><ele>1335.0</ele></trkpt>
      <trkpt lat="34.39256" lon="-118.29872"><ele>1335.0</ele></trkpt>
      <trkpt lat="34.39246" lon="-118.29886"><ele>1335.0</ele></trkpt>
      <trkpt lat="34.39238" lon="-118.29900"><ele>1335.0</ele></trkpt>
      <trkpt lat="34.39234" lon="-118.29910"><ele>1335.0</ele></trkpt>
      <trkpt lat="34.39231" lon="-118.29918"><ele>1335.0</ele></trkpt>
      <trkpt lat="34.39228" lon="-118.29930"><ele>1335.0</ele></trkpt>
      <trkpt lat="34.39228" lon="-118.29944"><ele>1335.0</ele></trkpt>
      <trkpt lat="34.39229" lon="-118.29966"><ele>1335.0</ele></trkpt>
      <trkpt lat="34.39231" lon="-118.29979"><ele>1335.0</ele></trkpt>
      <trkpt lat="34.39229" lon="-118.29993"><ele>1335.0</ele></trkpt>
      <trkpt lat="34.39228" lon="-118.30008"><ele>1335.0</ele></trkpt>
      <trkpt lat="34.39225" lon="-118.30016"><ele>1335.0</ele></trkpt>
      <trkpt lat="34.39220" lon="-118.30026"><ele>1335.0</ele></trkpt>
      <trkpt lat="34.39216" lon="-118.30035"><ele>1335.0</ele></trkpt>
      <trkpt lat="34.39211" lon="-118.30044"><ele>1335.0</ele></trkpt>
      <trkpt lat="34.39205" lon="-118.30050"><ele>1335.0</ele></trkpt>
      <trkpt lat="34.39199" lon="-118.30057"><ele>1335.0</ele></trkpt>
      <trkpt lat="34.39194" lon="-118.30063"><ele>1335.0</ele></trkpt>
      <trkpt lat="34.39186" lon="-118.30065"><ele>1335.0</ele></trkpt>
      <trkpt lat="34.39179" lon="-118.30067"><ele>1335.0</ele></trkpt>
      <trkpt lat="34.39170" lon="-118.30065"><ele>1335.0</ele></trkpt>
      <trkpt lat="34.39160" lon="-118.30064"><ele>1335.0</ele></trkpt>
      <trkpt lat="34.39150" lon="-118.30062"><ele>1335.0</ele></trkpt>
      <trkpt lat="34.39144" lon="-118.30061"><ele>1335.0</ele></trkpt>
      <trkpt lat="34.39137" lon="-118.30063"><ele>1335.0</ele></trkpt>
      <trkpt lat="34.39132" lon="-118.30065"><ele>1335.0</ele></trkpt>
      <trkpt lat="34.39127" lon="-118.30069"><ele>1335.0</ele></trkpt>
      <trkpt lat="34.39119" lon="-118.30077"><ele>1335.0</ele></trkpt>
      <trkpt lat="34.39109" lon="-118.30087"><ele>1335.0</ele></trkpt>
      <trkpt lat="34.39100" lon="-118.30092"><ele>1335.0</ele></trkpt>
      <trkpt lat="34.39095" lon="-118.30095"><ele>1335.0</ele></trkpt>
      <trkpt lat="34.39089" lon="-118.30096"><ele>1335.0</ele></trkpt>
      <trkpt lat="34.39080" lon="-118.30094"><ele>1335.0</ele></trkpt>
      <trkpt lat="34.39069" lon="-118.30090"><ele>1335.0</ele></trkpt>
      <trkpt lat="34.39064" lon="-118.30089"><ele>1335.0</ele></trkpt>
      <trkpt lat="34.39056" lon="-118.30084"><ele>1335.0</ele></trkpt>
      <trkpt lat="34.39046" lon="-118.30077"><ele>1327.0</ele></trkpt>
      <trkpt lat="34.39040" lon="-118.30073"><ele>1327.0</ele></trkpt>
      <trkpt lat="34.39029" lon="-118.30062"><ele>1327.0</ele></trkpt>
      <trkpt lat="34.39024" lon="-118.30057"><ele>1327.0</ele></trkpt>
      <trkpt lat="34.39018" lon="-118.30052"><ele>1327.0</ele></trkpt>
      <trkpt lat="34.39012" lon="-118.30051"><ele>1327.0</ele></trkpt>
      <trkpt lat="34.39003" lon="-118.30051"><ele>1327.0</ele></trkpt>
      <trkpt lat="34.38997" lon="-118.30056"><ele>1327.0</ele></trkpt>
      <trkpt lat="34.38985" lon="-118.30068"><ele>1327.0</ele></trkpt>
      <trkpt lat="34.38978" lon="-118.30075"><ele>1327.0</ele></trkpt>
      <trkpt lat="34.38971" lon="-118.30082"><ele>1327.0</ele></trkpt>
      <trkpt lat="34.38962" lon="-118.30089"><ele>1327.0</ele></trkpt>
      <trkpt lat="34.38957" lon="-118.30094"><ele>1327.0</ele></trkpt>
      <trkpt lat="34.38951" lon="-118.30100"><ele>1327.0</ele></trkpt>
      <trkpt lat="34.38944" lon="-118.30105"><ele>1327.0</ele></trkpt>
      <trkpt lat="34.38941" lon="-118.30115"><ele>1327.0</ele></trkpt>
      <trkpt lat="34.38938" lon="-118.30129"><ele>1327.0</ele></trkpt>
      <trkpt lat="34.38936" lon="-118.30142"><ele>1327.0</ele></trkpt>
      <trkpt lat="34.38935" lon="-118.30160"><ele>1327.0</ele></trkpt>
      <trkpt lat="34.38936" lon="-118.30172"><ele>1327.0</ele></trkpt>
      <trkpt lat="34.38936" lon="-118.30183"><ele>1327.0</ele></trkpt>
      <trkpt lat="34.38936" lon="-118.30183"><ele>1327.0</ele></trkpt>
      <trkpt lat="34.38935" lon="-118.30193"><ele>1327.0</ele></trkpt>
      <trkpt lat="34.38931" lon="-118.30204"><ele>1327.0</ele></trkpt>
      <trkpt lat="34.38927" lon="-118.30218"><ele>1327.0</ele></trkpt>
      <trkpt lat="34.38923" lon="-118.30232"><ele>1327.0</ele></trkpt>
      <trkpt lat="34.38917" lon="-118.30245"><ele>1327.0</ele></trkpt>
      <trkpt lat="34.38914" lon="-118.30259"><ele>1327.0</ele></trkpt>
      <trkpt lat="34.38910" lon="-118.30274"><ele>1327.0</ele></trkpt>
      <trkpt lat="34.38910" lon="-118.30275"><ele>1327.0</ele></trkpt>
      <trkpt lat="34.38912" lon="-118.30290"><ele>1327.0</ele></trkpt>
      <trkpt lat="34.38912" lon="-118.30303"><ele>1327.0</ele></trkpt>
      <trkpt lat="34.38913" lon="-118.30313"><ele>1327.0</ele></trkpt>
      <trkpt lat="34.38914" lon="-118.30325"><ele>1327.0</ele></trkpt>
      <trkpt lat="34.38912" lon="-118.30333"><ele>1327.0</ele></trkpt>
      <trkpt lat="34.38907" lon="-118.30349"><ele>1327.0</ele></trkpt>
      <trkpt lat="34.38903" lon="-118.30359"><ele>1327.0</ele></trkpt>
      <trkpt lat="34.38897" lon="-118.30367"><ele>1327.0</ele></trkpt>
      <trkpt lat="34.38894" lon="-118.30377"><ele>1327.0</ele></trkpt>
      <trkpt lat="34.38890" lon="-118.30391"><ele>1327.0</ele></trkpt>
      <trkpt lat="34.38890" lon="-118.30407"><ele>1327.0</ele></trkpt>
      <trkpt lat="34.38892" lon="-118.30425"><ele>1327.0</ele></trkpt>
      <trkpt lat="34.38896" lon="-118.30441"><ele>1327.0</ele></trkpt>
      <trkpt lat="34.38902" lon="-118.30456"><ele>1327.0</ele></trkpt>
      <trkpt lat="34.38904" lon="-118.30469"><ele>1327.0</ele></trkpt>
      <trkpt lat="34.38908" lon="-118.30483"><ele>1327.0</ele></trkpt>
      <trkpt lat="34.38908" lon="-118.30500"><ele>1327.0</ele></trkpt>
      <trkpt lat="34.38907" lon="-118.30509"><ele>1309.0</ele></trkpt>
      <trkpt lat="34.38908" lon="-118.30526"><ele>1309.0</ele></trkpt>
      <trkpt lat="34.38910" lon="-118.30542"><ele>1309.0</ele></trkpt>
      <trkpt lat="34.38915" lon="-118.30565"><ele>1309.0</ele></trkpt>
      <trkpt lat="34.38917" lon="-118.30579"><ele>1309.0</ele></trkpt>
      <trkpt lat="34.38920" lon="-118.30595"><ele>1309.0</ele></trkpt>
      <trkpt lat="34.38923" lon="-118.30607"><ele>1309.0</ele></trkpt>
      <trkpt lat="34.38926" lon="-118.30619"><ele>1309.0</ele></trkpt>
      <trkpt lat="34.38933" lon="-118.30630"><ele>1309.0</ele></trkpt>
      <trkpt lat="34.38936" lon="-118.30637"><ele>1309.0</ele></trkpt>
      <trkpt lat="34.38938" lon="-118.30646"><ele>1309.0</ele></trkpt>
      <trkpt lat="34.38938" lon="-118.30662"><ele>1309.0</ele></trkpt>
      <trkpt lat="34.38937" lon="-118.30686"><ele>1309.0</ele></trkpt>
      <trkpt lat="34.38936" lon="-118.30705"><ele>1309.0</ele></trkpt>
      <trkpt lat="34.38935" lon="-118.30719"><ele>1309.0</ele></trkpt>
      <trkpt lat="34.38934" lon="-118.30730"><ele>1309.0</ele></trkpt>
      <trkpt lat="34.38929" lon="-118.30742"><ele>1309.0</ele></trkpt>
      <trkpt lat="34.38926" lon="-118.30752"><ele>1309.0</ele></trkpt>
      <trkpt lat="34.38922" lon="-118.30762"><ele>1309.0</ele></trkpt>
      <trkpt lat="34.38920" lon="-118.30771"><ele>1309.0</ele></trkpt>
      <trkpt lat="34.38918" lon="-118.30792"><ele>1309.0</ele></trkpt>
      <trkpt lat="34.38919" lon="-118.30813"><ele>1309.0</ele></trkpt>
      <trkpt lat="34.38920" lon="-118.30831"><ele>1309.0</ele></trkpt>
      <trkpt lat="34.38920" lon="-118.30846"><ele>1309.0</ele></trkpt>
      <trkpt lat="34.38921" lon="-118.30856"><ele>1309.0</ele></trkpt>
      <trkpt lat="34.38922" lon="-118.30865"><ele>1309.0</ele></trkpt>
      <trkpt lat="34.38922" lon="-118.30877"><ele>1309.0</ele></trkpt>
      <trkpt lat="34.38921" lon="-118.30892"><ele>1309.0</ele></trkpt>
      <trkpt lat="34.38919" lon="-118.30909"><ele>1309.0</ele></trkpt>
      <trkpt lat="34.38915" lon="-118.30927"><ele>1309.0</ele></trkpt>
      <trkpt lat="34.38912" lon="-118.30942"><ele>1309.0</ele></trkpt>
      <trkpt lat="34.38910" lon="-118.30956"><ele>1309.0</ele></trkpt>
      <trkpt lat="34.38907" lon="-118.30966"><ele>1309.0</ele></trkpt>
      <trkpt lat="34.38902" lon="-118.30978"><ele>1309.0</ele></trkpt>
      <trkpt lat="34.38894" lon="-118.30991"><ele>1309.0</ele></trkpt>
      <trkpt lat="34.38890" lon="-118.31002"><ele>1309.0</ele></trkpt>
      <trkpt lat="34.38888" lon="-118.31015"><ele>1309.0</ele></trkpt>
      <trkpt lat="34.38887" lon="-118.31031"><ele>1309.0</ele></trkpt>
      <trkpt lat="34.38886" lon="-118.31048"><ele>1309.0</ele></trkpt>
      <trkpt lat="34.38887" lon="-118.31063"><ele>1309.0</ele></trkpt>
      <trkpt lat="34.38891" lon="-118.31076"><ele>1309.0</ele></trkpt>
      <trkpt lat="34.38896" lon="-118.31090"><ele>1309.0</ele></trkpt>
      <trkpt lat="34.38897" lon="-118.31103"><ele>1309.0</ele></trkpt>
      <trkpt lat="34.38898" lon="-118.31111"><ele>1309.0</ele></trkpt>
      <trkpt lat="34.38898" lon="-118.31124"><ele>1309.0</ele></trkpt>
      <trkpt lat="34.38894" lon="-118.31135"><ele>1309.0</ele></trkpt>
      <trkpt lat="34.38888" lon="-118.31150"><ele>1383.0</ele></trkpt>
      <trkpt lat="34.38881" lon="-118.31161"><ele>1383.0</ele></trkpt>
      <trkpt lat="34.38876" lon="-118.31170"><ele>1383.0</ele></trkpt>
      <trkpt lat="34.38872" lon="-118.31181"><ele>1383.0</ele></trkpt>
      <trkpt lat="34.38873" lon="-118.31194"><ele>1383.0</ele></trkpt>
      <trkpt lat="34.38874" lon="-118.31206"><ele>1383.0</ele></trkpt>
      <trkpt lat="34.38876" lon="-118.31219"><ele>1383.0</ele></trkpt>
      <trkpt lat="34.38880" lon="-118.31231"><ele>1383.0</ele></trkpt>
      <trkpt lat="34.38883" lon="-118.31242"><ele>1383.0</ele></trkpt>
      <trkpt lat="34.38890" lon="-118.31259"><ele>1383.0</ele></trkpt>
      <trkpt lat="34.38897" lon="-118.31273"><ele>1383.0</ele></trkpt>
      <trkpt lat="34.38904" lon="-118.31285"><ele>1383.0</ele></trkpt>
      <trkpt lat="34.38907" lon="-118.31298"><ele>1383.0</ele></trkpt>
      <trkpt lat="34.38909" lon="-118.31310"><ele>1383.0</ele></trkpt>
      <trkpt lat="34.38911" lon="-118.31324"><ele>1383.0</ele></trkpt>
      <trkpt lat="34.38916" lon="-118.31337"><ele>1383.0</ele></trkpt>
      <trkpt lat="34.38919" lon="-118.31351"><ele>1383.0</ele></trkpt>
      <trkpt lat="34.38921" lon="-118.31363"><ele>1383.0</ele></trkpt>
      <trkpt lat="34.38920" lon="-118.31373"><ele>1383.0</ele></trkpt>
      <trkpt lat="34.38918" lon="-118.31387"><ele>1383.0</ele></trkpt>
      <trkpt lat="34.38915" lon="-118.31397"><ele>1383.0</ele></trkpt>
      <trkpt lat="34.38911" lon="-118.31404"><ele>1383.0</ele></trkpt>
      <trkpt lat="34.38907" lon="-118.31408"><ele>1383.0</ele></trkpt>
      <trkpt lat="34.38900" lon="-118.31413"><ele>1383.0</ele></trkpt>
      <trkpt lat="34.38892" lon="-118.31415"><ele>1383.0</ele></trkpt>
      <trkpt lat="34.38882" lon="-118.31420"><ele>1383.0</ele></trkpt>
      <trkpt lat="34.38876" lon="-118.31423"><ele>1383.0</ele></trkpt>
      <trkpt lat="34.38871" lon="-118.31425"><ele>1383.0</ele></trkpt>
      <trkpt lat="34.38869" lon="-118.31429"><ele>1383.0</ele></trkpt>
      <trkpt lat="34.38870" lon="-118.31434"><ele>1383.0</ele></trkpt>
      <trkpt lat="34.38870" lon="-118.31437"><ele>1383.0</ele></trkpt>
      <trkpt lat="34.38872" lon="-118.31439"><ele>1383.0</ele></trkpt>
      <trkpt lat="34.38878" lon="-118.31440"><ele>1383.0</ele></trkpt>
      <trkpt lat="34.38888" lon="-118.31440"><ele>1383.0</ele></trkpt>
      <trkpt lat="34.38905" lon="-118.31439"><ele>1383.0</ele></trkpt>
      <trkpt lat="34.38914" lon="-118.31442"><ele>1383.0</ele></trkpt>
      <trkpt lat="34.38922" lon="-118.31439"><ele>1383.0</ele></trkpt>
      <trkpt lat="34.38927" lon="-118.31434"><ele>1383.0</ele></trkpt>
      <trkpt lat="34.38945" lon="-118.31419"><ele>1383.0</ele></trkpt>
      <trkpt lat="34.38953" lon="-118.31412"><ele>1383.0</ele></trkpt>
      <trkpt lat="34.38957" lon="-118.31407"><ele>1383.0</ele></trkpt>
      <trkpt lat="34.38964" lon="-118.31405"><ele>1383.0</ele></trkpt>
      <trkpt lat="34.38971" lon="-118.31402"><ele>1383.0</ele></trkpt>
      <trkpt lat="34.38972" lon="-118.31403"><ele>1383.0</ele></trkpt>
      <trkpt lat="34.38975" lon="-118.31405"><ele>1383.0</ele></trkpt>
      <trkpt lat="34.38981" lon="-118.31408"><ele>1383.0</ele></trkpt>
      <trkpt lat="34.38983" lon="-118.31410"><ele>1383.0</ele></trkpt>
      <trkpt lat="34.38988" lon="-118.31418"><ele>1419.0</ele></trkpt>
      <trkpt lat="34.38991" lon="-118.31428"><ele>1419.0</ele></trkpt>
      <trkpt lat="34.38993" lon="-118.31441"><ele>1419.0</ele></trkpt>
      <trkpt lat="34.38995" lon="-118.31455"><ele>1419.0</ele></trkpt>
      <trkpt lat="34.38997" lon="-118.31470"><ele>1419.0</ele></trkpt>
      <trkpt lat="34.38996" lon="-118.31483"><ele>1419.0</ele></trkpt>
      <trkpt lat="34.38994" lon="-118.31495"><ele>1419.0</ele></trkpt>
      <trkpt lat="34.38993" lon="-118.31509"><ele>1419.0</ele></trkpt>
      <trkpt lat="34.38991" lon="-118.31520"><ele>1419.0</ele></trkpt>
      <trkpt lat="34.38988" lon="-118.31535"><ele>1419.0</ele></trkpt>
      <trkpt lat="34.38985" lon="-118.31558"><ele>1419.0</ele></trkpt>
      <trkpt lat="34.38983" lon="-118.31580"><ele>1419.0</ele></trkpt>
      <trkpt lat="34.38981" lon="-118.31601"><ele>1419.0</ele></trkpt>
      <trkpt lat="34.38978" lon="-118.31617"><ele>1419.0</ele></trkpt>
      <trkpt lat="34.38974" lon="-118.31628"><ele>1419.0</ele></trkpt>
      <trkpt lat="34.38969" lon="-118.31637"><ele>1419.0</ele></trkpt>
      <trkpt lat="34.38960" lon="-118.31643"><ele>1419.0</ele></trkpt>
      <trkpt lat="34.38947" lon="-118.31651"><ele>1419.0</ele></trkpt>
      <trkpt lat="34.38923" lon="-118.31659"><ele>1419.0</ele></trkpt>
      <trkpt lat="34.38903" lon="-118.31668"><ele>1419.0</ele></trkpt>
      <trkpt lat="34.38888" lon="-118.31675"><ele>1419.0</ele></trkpt>
      <trkpt lat="34.38866" lon="-118.31685"><ele>1419.0</ele></trkpt>
      <trkpt lat="34.38854" lon="-118.31691"><ele>1419.0</ele></trkpt>
      <trkpt lat="34.38846" lon="-118.31696"><ele>1419.0</ele></trkpt>
      <trkpt lat="34.38834" lon="-118.31707"><ele>1419.0</ele></trkpt>
      <trkpt lat="34.38825" lon="-118.31716"><ele>1419.0</ele></trkpt>
      <trkpt lat="34.38818" lon="-118.31722"><ele>1419.0</ele></trkpt>
      <trkpt lat="34.38810" lon="-118.31728"><ele>1419.0</ele></trkpt>
      <trkpt lat="34.38803" lon="-118.31733"><ele>1419.0</ele></trkpt>
      <trkpt lat="34.38795" lon="-118.31731"><ele>1419.0</ele></trkpt>
      <trkpt lat="34.38788" lon="-118.31732"><ele>1419.0</ele></trkpt>
      <trkpt lat="34.38781" lon="-118.31730"><ele>1419.0</ele></trkpt>
      <trkpt lat="34.38776" lon="-118.31728"><ele>1419.0</ele></trkpt>
      <trkpt lat="34.38771" lon="-118.31725"><ele>1419.0</ele></trkpt>
      <trkpt lat="34.38765" lon="-118.31720"><ele>1419.0</ele></trkpt>
      <trkpt lat="34.38758" lon="-118.31715"><ele>1419.0</ele></trkpt>
      <trkpt lat="34.38751" lon="-118.31712"><ele>1419.0</ele></trkpt>
      <trkpt lat="34.38743" lon="-118.31711"><ele>1419.0</ele></trkpt>
      <trkpt lat="34.38735" lon="-118.31712"><ele>1419.0</ele></trkpt>
      <trkpt lat="34.38725" lon="-118.31711"><ele>1419.0</ele></trkpt>
      <trkpt lat="34.38719" lon="-118.31713"><ele>1419.0</ele></trkpt>
      <trkpt lat="34.38710" lon="-118.31717"><ele>1419.0</ele></trkpt>
      <trkpt lat="34.38691" lon="-118.31729"><ele>1419.0</ele></trkpt>
      <trkpt lat="34.38682" lon="-118.31733"><ele>1419.0</ele></trkpt>
      <trkpt lat="34.38677" lon="-118.31736"><ele>1419.0</ele></trkpt>
      <trkpt lat="34.38671" lon="-118.31734"><ele>1419.0</ele></trkpt>
      <trkpt lat="34.38664" lon="-118.31726"><ele>1419.0</ele></trkpt>
      <trkpt lat="34.38658" lon="-118.31718"><ele>1419.0</ele></trkpt>
      <trkpt lat="34.38650" lon="-118.31711"><ele>1419.0</ele></trkpt>
      <trkpt lat="34.38640" lon="-118.31701"><ele>1419.0</ele></trkpt>
      <trkpt lat="34.38635" lon="-118.31693"><ele>1419.0</ele></trkpt>
      <trkpt lat="34.38629" lon="-118.31688"><ele>1419.0</ele></trkpt>
      <trkpt lat="34.38623" lon="-118.31682"><ele>1419.0</ele></trkpt>
      <trkpt lat="34.38615" lon="-118.31678"><ele>1419.0</ele></trkpt>
      <trkpt lat="34.38607" lon="-118.31673"><ele>1419.0</ele></trkpt>
      <trkpt lat="34.38601" lon="-118.31671"><ele>1419.0</ele></trkpt>
      <trkpt lat="34.38593" lon="-118.31670"><ele>1419.0</ele></trkpt>
      <trkpt lat="34.38586" lon="-118.31671"><ele>1419.0</ele></trkpt>
      <trkpt lat="34.38578" lon="-118.31673"><ele>1419.0</ele></trkpt>
      <trkpt lat="34.38570" lon="-118.31676"><ele>1419.0</ele></trkpt>
      <trkpt lat="34.38563" lon="-118.31680"><ele>1419.0</ele></trkpt>
      <trkpt lat="34.38553" lon="-118.31684"><ele>1419.0</ele></trkpt>
      <trkpt lat="34.38543" lon="-118.31691"><ele>1419.0</ele></trkpt>
      <trkpt lat="34.38535" lon="-118.31698"><ele>1419.0</ele></trkpt>
      <trkpt lat="34.38527" lon="-118.31708"><ele>1419.0</ele></trkpt>
      <trkpt lat="34.38516" lon="-118.31719"><ele>1419.0</ele></trkpt>
      <trkpt lat="34.38508" lon="-118.31731"><ele>1419.0</ele></trkpt>
      <trkpt lat="34.38502" lon="-118.31740"><ele>1419.0</ele></trkpt>
      <trkpt lat="34.38494" lon="-118.31748"><ele>1419.0</ele></trkpt>
      <trkpt lat="34.38482" lon="-118.31756"><ele>1419.0</ele></trkpt>
      <trkpt lat="34.38471" lon="-118.31759"><ele>1419.0</ele></trkpt>
      <trkpt lat="34.38459" lon="-118.31765"><ele>1419.0</ele></trkpt>
      <trkpt lat="34.38451" lon="-118.31773"><ele>1419.0</ele></trkpt>
      <trkpt lat="34.38441" lon="-118.31781"><ele>1419.0</ele></trkpt>
      <trkpt lat="34.38431" lon="-118.31792"><ele>1419.0</ele></trkpt>
      <trkpt lat="34.38423" lon="-118.31802"><ele>1419.0</ele></trkpt>
      <trkpt lat="34.38416" lon="-118.31811"><ele>1419.0</ele></trkpt>
      <trkpt lat="34.38414" lon="-118.31820"><ele>1419.0</ele></trkpt>
      <trkpt lat="34.38411" lon="-118.31834"><ele>1419.0</ele></trkpt>
      <trkpt lat="34.38406" lon="-118.31852"><ele>1419.0</ele></trkpt>
      <trkpt lat="34.38406" lon="-118.31861"><ele>1419.0</ele></trkpt>
      <trkpt lat="34.38406" lon="-118.31863"><ele>1419.0</ele></trkpt>
      <trkpt lat="34.38408" lon="-118.31874"><ele>1419.0</ele></trkpt>
      <trkpt lat="34.38412" lon="-118.31885"><ele>1419.0</ele></trkpt>
      <trkpt lat="34.38417" lon="-118.31893"><ele>1419.0</ele></trkpt>
      <trkpt lat="34.38426" lon="-118.31902"><ele>1419.0</ele></trkpt>
      <trkpt lat="34.38439" lon="-118.31906"><ele>1419.0</ele></trkpt>
      <trkpt lat="34.38448" lon="-118.31913"><ele>1419.0</ele></trkpt>
      <trkpt lat="34.38458" lon="-118.31924"><ele>1419.0</ele></trkpt>
      <trkpt lat="34.38464" lon="-118.31934"><ele>1419.0</ele></trkpt>
      <trkpt lat="34.38467" lon="-118.31949"><ele>1419.0</ele></trkpt>
      <trkpt lat="34.38469" lon="-118.31972"><ele>1419.0</ele></trkpt>
      <trkpt lat="34.38471" lon="-118.31996"><ele>1419.0</ele></trkpt>
      <trkpt lat="34.38472" lon="-118.32009"><ele>1385.0</ele></trkpt>
      <trkpt lat="34.38472" lon="-118.32020"><ele>1385.0</ele></trkpt>
      <trkpt lat="34.38470" lon="-118.32031"><ele>1385.0</ele></trkpt>
      <trkpt lat="34.38465" lon="-118.32041"><ele>1385.0</ele></trkpt>
      <trkpt lat="34.38459" lon="-118.32049"><ele>1385.0</ele></trkpt>
      <trkpt lat="34.38453" lon="-118.32060"><ele>1385.0</ele></trkpt>
      <trkpt lat="34.38447" lon="-118.32070"><ele>1385.0</ele></trkpt>
      <trkpt lat="34.38443" lon="-118.32083"><ele>1385.0</ele></trkpt>
      <trkpt lat="34.38440" lon="-118.32096"><ele>1385.0</ele></trkpt>
      <trkpt lat="34.38441" lon="-118.32113"><ele>1385.0</ele></trkpt>
      <trkpt lat="34.38445" lon="-118.32130"><ele>1385.0</ele></trkpt>
      <trkpt lat="34.38448" lon="-118.32148"><ele>1385.0</ele></trkpt>
      <trkpt lat="34.38453" lon="-118.32160"><ele>1385.0</ele></trkpt>
      <trkpt lat="34.38458" lon="-118.32168"><ele>1385.0</ele></trkpt>
      <trkpt lat="34.38458" lon="-118.32176"><ele>1385.0</ele></trkpt>
      <trkpt lat="34.38455" lon="-118.32185"><ele>1385.0</ele></trkpt>
      <trkpt lat="34.38451" lon="-118.32195"><ele>1385.0</ele></trkpt>
      <trkpt lat="34.38447" lon="-118.32205"><ele>1385.0</ele></trkpt>
      <trkpt lat="34.38444" lon="-118.32213"><ele>1385.0</ele></trkpt>
      <trkpt lat="34.38442" lon="-118.32223"><ele>1385.0</ele></trkpt>
      <trkpt lat="34.38444" lon="-118.32231"><ele>1385.0</ele></trkpt>
      <trkpt lat="34.38445" lon="-118.32238"><ele>1385.0</ele></trkpt>
      <trkpt lat="34.38451" lon="-118.32250"><ele>1385.0</ele></trkpt>
      <trkpt lat="34.38456" lon="-118.32267"><ele>1385.0</ele></trkpt>
      <trkpt lat="34.38464" lon="-118.32284"><ele>1385.0</ele></trkpt>
      <trkpt lat="34.38467" lon="-118.32296"><ele>1385.0</ele></trkpt>
      <trkpt lat="34.38466" lon="-118.32304"><ele>1385.0</ele></trkpt>
      <trkpt lat="34.38463" lon="-118.32314"><ele>1385.0</ele></trkpt>
      <trkpt lat="34.38459" lon="-118.32323"><ele>1385.0</ele></trkpt>
      <trkpt lat="34.38455" lon="-118.32327"><ele>1385.0</ele></trkpt>
      <trkpt lat="34.38451" lon="-118.32332"><ele>1385.0</ele></trkpt>
      <trkpt lat="34.38447" lon="-118.32338"><ele>1385.0</ele></trkpt>
      <trkpt lat="34.38446" lon="-118.32345"><ele>1385.0</ele></trkpt>
      <trkpt lat="34.38449" lon="-118.32355"><ele>1385.0</ele></trkpt>
      <trkpt lat="34.38453" lon="-118.32368"><ele>1385.0</ele></trkpt>
      <trkpt lat="34.38463" lon="-118.32387"><ele>1385.0</ele></trkpt>
      <trkpt lat="34.38471" lon="-118.32404"><ele>1385.0</ele></trkpt>
      <trkpt lat="34.38474" lon="-118.32415"><ele>1385.0</ele></trkpt>
      <trkpt lat="34.38478" lon="-118.32420"><ele>1385.0</ele></trkpt>
      <trkpt lat="34.38483" lon="-118.32425"><ele>1385.0</ele></trkpt>
      <trkpt lat="34.38489" lon="-118.32427"><ele>1385.0</ele></trkpt>
      <trkpt lat="34.38501" lon="-118.32427"><ele>1385.0</ele></trkpt>
      <trkpt lat="34.38513" lon="-118.32429"><ele>1385.0</ele></trkpt>
      <trkpt lat="34.38518" lon="-118.32430"><ele>1385.0</ele></trkpt>
      <trkpt lat="34.38523" lon="-118.32433"><ele>1385.0</ele></trkpt>
      <trkpt lat="34.38526" lon="-118.32439"><ele>1385.0</ele></trkpt>
      <trkpt lat="34.38526" lon="-118.32446"><ele>1360.0</ele></trkpt>
      <trkpt lat="34.38525" lon="-118.32454"><ele>1360.0</ele></trkpt>
      <trkpt lat="34.38518" lon="-118.32473"><ele>1360.0</ele></trkpt>
      <trkpt lat="34.38515" lon="-118.32484"><ele>1360.0</ele></trkpt>
      <trkpt lat="34.38514" lon="-118.32492"><ele>1360.0</ele></trkpt>
      <trkpt lat="34.38514" lon="-118.32502"><ele>1360.0</ele></trkpt>
      <trkpt lat="34.38514" lon="-118.32510"><ele>1360.0</ele></trkpt>
      <trkpt lat="34.38515" lon="-118.32519"><ele>1360.0</ele></trkpt>
      <trkpt lat="34.38517" lon="-118.32527"><ele>1360.0</ele></trkpt>
      <trkpt lat="34.38521" lon="-118.32532"><ele>1360.0</ele></trkpt>
      <trkpt lat="34.38528" lon="-118.32539"><ele>1360.0</ele></trkpt>
      <trkpt lat="34.38532" lon="-118.32543"><ele>1360.0</ele></trkpt>
      <trkpt lat="34.38536" lon="-118.32548"><ele>1360.0</ele></trkpt>
      <trkpt lat="34.38537" lon="-118.32552"><ele>1360.0</ele></trkpt>
      <trkpt lat="34.38538" lon="-118.32560"><ele>1360.0</ele></trkpt>
      <trkpt lat="34.38537" lon="-118.32566"><ele>1360.0</ele></trkpt>
      <trkpt lat="34.38535" lon="-118.32569"><ele>1360.0</ele></trkpt>
      <trkpt lat="34.38531" lon="-118.32574"><ele>1360.0</ele></trkpt>
      <trkpt lat="34.38529" lon="-118.32576"><ele>1360.0</ele></trkpt>
      <trkpt lat="34.38522" lon="-118.32580"><ele>1360.0</ele></trkpt>
      <trkpt lat="34.38518" lon="-118.32581"><ele>1360.0</ele></trkpt>
      <trkpt lat="34.38513" lon="-118.32583"><ele>1360.0</ele></trkpt>
      <trkpt lat="34.38507" lon="-118.32585"><ele>1360.0</ele></trkpt>
      <trkpt lat="34.38504" lon="-118.32588"><ele>1360.0</ele></trkpt>
      <trkpt lat="34.38499" lon="-118.32596"><ele>1360.0</ele></trkpt>
      <trkpt lat="34.38496" lon="-118.32602"><ele>1360.0</ele></trkpt>
      <trkpt lat="34.38494" lon="-118.32611"><ele>1360.0</ele></trkpt>
      <trkpt lat="34.38494" lon="-118.32620"><ele>1360.0</ele></trkpt>
      <trkpt lat="34.38494" lon="-118.32633"><ele>1360.0</ele></trkpt>
      <trkpt lat="34.38494" lon="-118.32642"><ele>1360.0</ele></trkpt>
      <trkpt lat="34.38494" lon="-118.32648"><ele>1360.0</ele></trkpt>
      <trkpt lat="34.38492" lon="-118.32653"><ele>1360.0</ele></trkpt>
      <trkpt lat="34.38485" lon="-118.32659"><ele>1360.0</ele></trkpt>
      <trkpt lat="34.38478" lon="-118.32663"><ele>1360.0</ele></trkpt>
      <trkpt lat="34.38467" lon="-118.32667"><ele>1360.0</ele></trkpt>
      <trkpt lat="34.38460" lon="-118.32671"><ele>1360.0</ele></trkpt>
      <trkpt lat="34.38451" lon="-118.32677"><ele>1360.0</ele></trkpt>
      <trkpt lat="34.38443" lon="-118.32683"><ele>1360.0</ele></trkpt>
      <trkpt lat="34.38435" lon="-118.32688"><ele>1360.0</ele></trkpt>
      <trkpt lat="34.38429" lon="-118.32696"><ele>1360.0</ele></trkpt>
      <trkpt lat="34.38423" lon="-118.32701"><ele>1360.0</ele></trkpt>
      <trkpt lat="34.38416" lon="-118.32711"><ele>1360.0</ele></trkpt>
      <trkpt lat="34.38409" lon="-118.32718"><ele>1360.0</ele></trkpt>
      <trkpt lat="34.38403" lon="-118.32727"><ele>1360.0</ele></trkpt>
      <trkpt lat="34.38397" lon="-118.32735"><ele>1360.0</ele></trkpt>
      <trkpt lat="34.38387" lon="-118.32743"><ele>1360.0</ele></trkpt>
      <trkpt lat="34.38379" lon="-118.32753"><ele>1360.0</ele></trkpt>
      <trkpt lat="34.38369" lon="-118.32760"><ele>1330.0</ele></trkpt>
      <trkpt lat="34.38365" lon="-118.32769"><ele>1330.0</ele></trkpt>
      <trkpt lat="34.38356" lon="-118.32779"><ele>1330.0</ele></trkpt>
      <trkpt lat="34.38348" lon="-118.32789"><ele>1330.0</ele></trkpt>
      <trkpt lat="34.38342" lon="-118.32801"><ele>1330.0</ele></trkpt>
      <trkpt lat="34.38335" lon="-118.32810"><ele>1330.0</ele></trkpt>
      <trkpt lat="34.38331" lon="-118.32817"><ele>1330.0</ele></trkpt>
      <trkpt lat="34.38326" lon="-118.32829"><ele>1330.0</ele></trkpt>
      <trkpt lat="34.38324" lon="-118.32841"><ele>1330.0</ele></trkpt>
      <trkpt lat="34.38323" lon="-118.32852"><ele>1330.0</ele></trkpt>
      <trkpt lat="34.38321" lon="-118.32865"><ele>1330.0</ele></trkpt>
      <trkpt lat="34.38317" lon="-118.32874"><ele>1330.0</ele></trkpt>
      <trkpt lat="34.38308" lon="-118.32888"><ele>1330.0</ele></trkpt>
      <trkpt lat="34.38274" lon="-118.32940"><ele>1330.0</ele></trkpt>
      <trkpt lat="34.38269" lon="-118.32948"><ele>1330.0</ele></trkpt>
      <trkpt lat="34.38265" lon="-118.32952"><ele>1330.0</ele></trkpt>
      <trkpt lat="34.38261" lon="-118.32955"><ele>1330.0</ele></trkpt>
      <trkpt lat="34.38255" lon="-118.32959"><ele>1330.0</ele></trkpt>
      <trkpt lat="34.38252" lon="-118.32960"><ele>1330.0</ele></trkpt>
      <trkpt lat="34.38243" lon="-118.32961"><ele>1330.0</ele></trkpt>
      <trkpt lat="34.38235" lon="-118.32959"><ele>1330.0</ele></trkpt>
      <trkpt lat="34.38223" lon="-118.32957"><ele>1330.0</ele></trkpt>
      <trkpt lat="34.38211" lon="-118.32952"><ele>1330.0</ele></trkpt>
      <trkpt lat="34.38202" lon="-118.32950"><ele>1330.0</ele></trkpt>
      <trkpt lat="34.38198" lon="-118.32949"><ele>1330.0</ele></trkpt>
      <trkpt lat="34.38191" lon="-118.32950"><ele>1330.0</ele></trkpt>
      <trkpt lat="34.38189" lon="-118.32951"><ele>1330.0</ele></trkpt>
      <trkpt lat="34.38183" lon="-118.32953"><ele>1330.0</ele></trkpt>
      <trkpt lat="34.38180" lon="-118.32956"><ele>1330.0</ele></trkpt>
      <trkpt lat="34.38178" lon="-118.32960"><ele>1330.0</ele></trkpt>
      <trkpt lat="34.38176" lon="-118.32964"><ele>1330.0</ele></trkpt>
      <trkpt lat="34.38173" lon="-118.32967"><ele>1330.0</ele></trkpt>
      <trkpt lat="34.38174" lon="-118.32970"><ele>1330.0</ele></trkpt>
      <trkpt lat="34.38174" lon="-118.32970"><ele>1330.0</ele></trkpt>
      <trkpt lat="34.38174" lon="-118.32971"><ele>1330.0</ele></trkpt>
      <trkpt lat="34.38174" lon="-118.32987"><ele>1330.0</ele></trkpt>
      <trkpt lat="34.38176" lon="-118.33000"><ele>1330.0</ele></trkpt>
      <trkpt lat="34.38178" lon="-118.33011"><ele>1330.0</ele></trkpt>
      <trkpt lat="34.38180" lon="-118.33020"><ele>1330.0</ele></trkpt>
      <trkpt lat="34.38186" lon="-118.33029"><ele>1330.0</ele></trkpt>
      <trkpt lat="34.38193" lon="-118.33037"><ele>1330.0</ele></trkpt>
      <trkpt lat="34.38202" lon="-118.33045"><ele>1330.0</ele></trkpt>
      <trkpt lat="34.38207" lon="-118.33052"><ele>1330.0</ele></trkpt>
      <trkpt lat="34.38214" lon="-118.33059"><ele>1330.0</ele></trkpt>
      <trkpt lat="34.38220" lon="-118.33068"><ele>1330.0</ele></trkpt>
      <trkpt lat="34.38228" lon="-118.33083"><ele>1330.0</ele></trkpt>
      <trkpt lat="34.38233" lon="-118.33100"><ele>1304.0</ele></trkpt>
      <trkpt lat="34.38237" lon="-118.33108"><ele>1304.0</ele></trkpt>
      <trkpt lat="34.38240" lon="-118.33114"><ele>1304.0</ele></trkpt>
      <trkpt lat="34.38245" lon="-118.33122"><ele>1304.0</ele></trkpt>
      <trkpt lat="34.38248" lon="-118.33126"><ele>1304.0</ele></trkpt>
      <trkpt lat="34.38252" lon="-118.33131"><ele>1304.0</ele></trkpt>
      <trkpt lat="34.38252" lon="-118.33137"><ele>1304.0</ele></trkpt>
      <trkpt lat="34.38251" lon="-118.33143"><ele>1304.0</ele></trkpt>
      <trkpt lat="34.38249" lon="-118.33148"><ele>1304.0</ele></trkpt>
      <trkpt lat="34.38244" lon="-118.33150"><ele>1304.0</ele></trkpt>
      <trkpt lat="34.38238" lon="-118.33151"><ele>1304.0</ele></trkpt>
      <trkpt lat="34.38232" lon="-118.33149"><ele>1304.0</ele></trkpt>
      <trkpt lat="34.38223" lon="-118.33148"><ele>1304.0</ele></trkpt>
      <trkpt lat="34.38211" lon="-118.33147"><ele>1304.0</ele></trkpt>
      <trkpt lat="34.38200" lon="-118.33145"><ele>1304.0</ele></trkpt>
      <trkpt lat="34.38193" lon="-118.33143"><ele>1304.0</ele></trkpt>
      <trkpt lat="34.38184" lon="-118.33143"><ele>1304.0</ele></trkpt>
      <trkpt lat="34.38175" lon="-118.33145"><ele>1304.0</ele></trkpt>
      <trkpt lat="34.38168" lon="-118.33146"><ele>1304.0</ele></trkpt>
      <trkpt lat="34.38162" lon="-118.33151"><ele>1304.0</ele></trkpt>
      <trkpt lat="34.38154" lon="-118.33163"><ele>1304.0</ele></trkpt>
      <trkpt lat="34.38148" lon="-118.33174"><ele>1304.0</ele></trkpt>
      <trkpt lat="34.38143" lon="-118.33186"><ele>1304.0</ele></trkpt>
      <trkpt lat="34.38140" lon="-118.33197"><ele>1304.0</ele></trkpt>
      <trkpt lat="34.38139" lon="-118.33210"><ele>1304.0</ele></trkpt>
      <trkpt lat="34.38142" lon="-118.33228"><ele>1304.0</ele></trkpt>
      <trkpt lat="34.38146" lon="-118.33246"><ele>1304.0</ele></trkpt>
      <trkpt lat="34.38149" lon="-118.33263"><ele>1304.0</ele></trkpt>
      <trkpt lat="34.38154" lon="-118.33275"><ele>1304.0</ele></trkpt>
      <trkpt lat="34.38156" lon="-118.33281"><ele>1304.0</ele></trkpt>
      <trkpt lat="34.38162" lon="-118.33291"><ele>1304.0</ele></trkpt>
      <trkpt lat="34.38171" lon="-118.33304"><ele>1304.0</ele></trkpt>
      <trkpt lat="34.38177" lon="-118.33311"><ele>1304.0</ele></trkpt>
      <trkpt lat="34.38184" lon="-118.33320"><ele>1304.0</ele></trkpt>
      <trkpt lat="34.38187" lon="-118.33324"><ele>1304.0</ele></trkpt>
      <trkpt lat="34.38189" lon="-118.33332"><ele>1304.0</ele></trkpt>
      <trkpt lat="34.38190" lon="-118.33336"><ele>1304.0</ele></trkpt>
      <trkpt lat="34.38187" lon="-118.33341"><ele>1304.0</ele></trkpt>
      <trkpt lat="34.38183" lon="-118.33345"><ele>1304.0</ele></trkpt>
      <trkpt lat="34.38179" lon="-118.33347"><ele>1304.0</ele></trkpt>
      <trkpt lat="34.38171" lon="-118.33348"><ele>1304.0</ele></trkpt>
      <trkpt lat="34.38163" lon="-118.33350"><ele>1304.0</ele></trkpt>
      <trkpt lat="34.38124" lon="-118.33359"><ele>1304.0</ele></trkpt>
      <trkpt lat="34.38117" lon="-118.33360"><ele>1304.0</ele></trkpt>
      <trkpt lat="34.38112" lon="-118.33362"><ele>1304.0</ele></trkpt>
      <trkpt lat="34.38109" lon="-118.33364"><ele>1304.0</ele></trkpt>
      <trkpt lat="34.38107" lon="-118.33368"><ele>1304.0</ele></trkpt>
      <trkpt lat="34.38107" lon="-118.33374"><ele>1315.0</ele></trkpt>
      <trkpt lat="34.38106" lon="-118.33385"><ele>1315.0</ele></trkpt>
      <trkpt lat="34.38106" lon="-118.33404"><ele>1315.0</ele></trkpt>
      <trkpt lat="34.38108" lon="-118.33416"><ele>1315.0</ele></trkpt>
      <trkpt lat="34.38108" lon="-118.33426"><ele>1315.0</ele></trkpt>
      <trkpt lat="34.38106" lon="-118.33435"><ele>1315.0</ele></trkpt>
      <trkpt lat="34.38104" lon="-118.33443"><ele>1315.0</ele></trkpt>
      <trkpt lat="34.38103" lon="-118.33448"><ele>1315.0</ele></trkpt>
      <trkpt lat="34.38098" lon="-118.33454"><ele>1315.0</ele></trkpt>
      <trkpt lat="34.38092" lon="-118.33457"><ele>1315.0</ele></trkpt>
      <trkpt lat="34.38084" lon="-118.33462"><ele>1315.0</ele></trkpt>
      <trkpt lat="34.38077" lon="-118.33466"><ele>1315.0</ele></trkpt>
      <trkpt lat="34.38071" lon="-118.33472"><ele>1315.0</ele></trkpt>
      <trkpt lat="34.38067" lon="-118.33479"><ele>1315.0</ele></trkpt>
      <trkpt lat="34.38067" lon="-118.33492"><ele>1315.0</ele></trkpt>
      <trkpt lat="34.38069" lon="-118.33504"><ele>1315.0</ele></trkpt>
      <trkpt lat="34.38073" lon="-118.33515"><ele>1315.0</ele></trkpt>
      <trkpt lat="34.38076" lon="-118.33521"><ele>1315.0</ele></trkpt>
      <trkpt lat="34.38078" lon="-118.33532"><ele>1315.0</ele></trkpt>
      <trkpt lat="34.38078" lon="-118.33543"><ele>1315.0</ele></trkpt>
      <trkpt lat="34.38076" lon="-118.33553"><ele>1315.0</ele></trkpt>
      <trkpt lat="34.38073" lon="-118.33560"><ele>1315.0</ele></trkpt>
      <trkpt lat="34.38069" lon="-118.33563"><ele>1315.0</ele></trkpt>
      <trkpt lat="34.38063" lon="-118.33565"><ele>1315.0</ele></trkpt>
      <trkpt lat="34.38057" lon="-118.33566"><ele>1315.0</ele></trkpt>
      <trkpt lat="34.38046" lon="-118.33568"><ele>1315.0</ele></trkpt>
      <trkpt lat="34.38035" lon="-118.33569"><ele>1315.0</ele></trkpt>
      <trkpt lat="34.38025" lon="-118.33572"><ele>1315.0</ele></trkpt>
      <trkpt lat="34.38019" lon="-118.33576"><ele>1315.0</ele></trkpt>
      <trkpt lat="34.38012" lon="-118.33580"><ele>1315.0</ele></trkpt>
      <trkpt lat="34.38004" lon="-118.33581"><ele>1315.0</ele></trkpt>
      <trkpt lat="34.37997" lon="-118.33584"><ele>1315.0</ele></trkpt>
      <trkpt lat="34.37989" lon="-118.33587"><ele>1315.0</ele></trkpt>
      <trkpt lat="34.37982" lon="-118.33588"><ele>1315.0</ele></trkpt>
      <trkpt lat="34.37978" lon="-118.33589"><ele>1315.0</ele></trkpt>
      <trkpt lat="34.37969" lon="-118.33595"><ele>1315.0</ele></trkpt>
      <trkpt lat="34.37960" lon="-118.33603"><ele>1315.0</ele></trkpt>
      <trkpt lat="34.37889" lon="-118.33653"><ele>1315.0</ele></trkpt>
      <trkpt lat="34.37795" lon="-118.33680"><ele>1315.0</ele></trkpt>
      <trkpt lat="34.37778" lon="-118.33695"><ele>1315.0</ele></trkpt>
      <trkpt lat="34.37773" lon="-118.33730"><ele>1315.0</ele></trkpt>
      <trkpt lat="34.37779" lon="-118.33790"><ele>1315.0</ele></trkpt>
      <trkpt lat="34.37738" lon="-118.33942"><ele>1315.0</ele></trkpt>
      <trkpt lat="34.37726" lon="-118.33961"><ele>1315.0</ele></trkpt>
      <trkpt lat="34.37700" lon="-118.33979"><ele>1315.0</ele></trkpt>
      <trkpt lat="34.37642" lon="-118.33996"><ele>1315.0</ele></trkpt>
      <trkpt lat="34.37628" lon="-118.34009"><ele>1096.0</ele></trkpt>
      <trkpt lat="34.37618" lon="-118.34134"><ele>1096.0</ele></trkpt>
      <trkpt lat="34.37603" lon="-118.34184"><ele>1096.0</ele></trkpt>
      <trkpt lat="34.37576" lon="-118.34188"><ele>1096.0</ele></trkpt>
      <trkpt lat="34.37564" lon="-118.34157"><ele>1096.0</ele></trkpt>
      <trkpt lat="34.37578" lon="-118.34069"><ele>1096.0</ele></trkpt>
      <trkpt lat="34.37552" lon="-118.33988"><ele>1096.0</ele></trkpt>
      <trkpt lat="34.37566" lon="-118.33953"><ele>1096.0</ele></trkpt>
      <trkpt lat="34.37616" lon="-118.33895"><ele>1096.0</ele></trkpt>
      <trkpt lat="34.37597" lon="-118.33769"><ele>1096.0</ele></trkpt>
      <trkpt lat="34.37590" lon="-118.33754"><ele>1096.0</ele></trkpt>
      <trkpt lat="34.37573" lon="-118.33749"><ele>1096.0</ele></trkpt>
      <trkpt lat="34.37526" lon="-118.33767"><ele>1096.0</ele></trkpt>
      <trkpt lat="34.37515" lon="-118.33782"><ele>1096.0</ele></trkpt>
      <trkpt lat="34.37510" lon="-118.33823"><ele>1096.0</ele></trkpt>
      <trkpt lat="34.37520" lon="-118.33924"><ele>1096.0</ele></trkpt>
      <trkpt lat="34.37500" lon="-118.33964"><ele>1096.0</ele></trkpt>
      <trkpt lat="34.37470" lon="-118.34003"><ele>1096.0</ele></trkpt>
      <trkpt lat="34.37480" lon="-118.34080"><ele>1096.0</ele></trkpt>
      <trkpt lat="34.37442" lon="-118.34152"><ele>1096.0</ele></trkpt>
      <trkpt lat="34.37412" lon="-118.34237"><ele>1096.0</ele></trkpt>
      <trkpt lat="34.37324" lon="-118.34352"><ele>1096.0</ele></trkpt>
      <trkpt lat="34.37217" lon="-118.34440"><ele>1096.0</ele></trkpt>
      <trkpt lat="34.37171" lon="-118.34544"><ele>1096.0</ele></trkpt>
      <trkpt lat="34.37151" lon="-118.34585"><ele>1096.0</ele></trkpt>
      <trkpt lat="34.37147" lon="-118.34597"><ele>1096.0</ele></trkpt>
      <trkpt lat="34.37142" lon="-118.34609"><ele>1096.0</ele></trkpt>
      <trkpt lat="34.37121" lon="-118.34662"><ele>1096.0</ele></trkpt>
      <trkpt lat="34.37104" lon="-118.34691"><ele>1096.0</ele></trkpt>
      <trkpt lat="34.37090" lon="-118.34702"><ele>1096.0</ele></trkpt>
      <trkpt lat="34.37074" lon="-118.34719"><ele>1096.0</ele></trkpt>
      <trkpt lat="34.37062" lon="-118.34730"><ele>1096.0</ele></trkpt>
      <trkpt lat="34.37052" lon="-118.34746"><ele>1096.0</ele></trkpt>
      <trkpt lat="34.37040" lon="-118.34770"><ele>1096.0</ele></trkpt>
      <trkpt lat="34.37030" lon="-118.34784"><ele>1096.0</ele></trkpt>
      <trkpt lat="34.37020" lon="-118.34793"><ele>1096.0</ele></trkpt>
      <trkpt lat="34.37014" lon="-118.34829"><ele>1096.0</ele></trkpt>
      <trkpt lat="34.37008" lon="-118.34849"><ele>1096.0</ele></trkpt>
      <trkpt lat="34.36995" lon="-118.34881"><ele>1096.0</ele></trkpt>
      <trkpt lat="34.36989" lon="-118.34896"><ele>1096.0</ele></trkpt>
      <trkpt lat="34.36991" lon="-118.34920"><ele>1096.0</ele></trkpt>
      <trkpt lat="34.36991" lon="-118.34932"><ele>1096.0</ele></trkpt>
      <trkpt lat="34.36984" lon="-118.34945"><ele>1096.0</ele></trkpt>
      <trkpt lat="34.36964" lon="-118.34958"><ele>1096.0</ele></trkpt>
      <trkpt lat="34.36928" lon="-118.34984"><ele>1096.0</ele></trkpt>
      <trkpt lat="34.36891" lon="-118.35009"><ele>1096.0</ele></trkpt>
      <trkpt lat="34.36880" lon="-118.35026"><ele>1096.0</ele></trkpt>
      <trkpt lat="34.36879" lon="-118.35045"><ele>1076.0</ele></trkpt>
      <trkpt lat="34.36880" lon="-118.35121"><ele>1076.0</ele></trkpt>
      <trkpt lat="34.36877" lon="-118.35143"><ele>1076.0</ele></trkpt>
      <trkpt lat="34.36862" lon="-118.35157"><ele>1076.0</ele></trkpt>
      <trkpt lat="34.36840" lon="-118.35173"><ele>1076.0</ele></trkpt>
      <trkpt lat="34.36830" lon="-118.35184"><ele>1076.0</ele></trkpt>
      <trkpt lat="34.36836" lon="-118.35222"><ele>1076.0</ele></trkpt>
      <trkpt lat="34.36842" lon="-118.35266"><ele>1076.0</ele></trkpt>
      <trkpt lat="34.36841" lon="-118.35278"><ele>1076.0</ele></trkpt>
      <trkpt lat="34.36834" lon="-118.35291"><ele>1076.0</ele></trkpt>
      <trkpt lat="34.36824" lon="-118.35300"><ele>1076.0</ele></trkpt>
      <trkpt lat="34.36814" lon="-118.35303"><ele>1076.0</ele></trkpt>
      <trkpt lat="34.36797" lon="-118.35300"><ele>1076.0</ele></trkpt>
      <trkpt lat="34.36767" lon="-118.35282"><ele>1076.0</ele></trkpt>
      <trkpt lat="34.36749" lon="-118.35274"><ele>1076.0</ele></trkpt>
      <trkpt lat="34.36732" lon="-118.35267"><ele>1076.0</ele></trkpt>
      <trkpt lat="34.36722" lon="-118.35257"><ele>1076.0</ele></trkpt>
      <trkpt lat="34.36715" lon="-118.35247"><ele>1076.0</ele></trkpt>
      <trkpt lat="34.36705" lon="-118.35240"><ele>1076.0</ele></trkpt>
      <trkpt lat="34.36685" lon="-118.35240"><ele>1076.0</ele></trkpt>
      <trkpt lat="34.36652" lon="-118.35255"><ele>1076.0</ele></trkpt>
      <trkpt lat="34.36645" lon="-118.35265"><ele>1076.0</ele></trkpt>
      <trkpt lat="34.36636" lon="-118.35286"><ele>1076.0</ele></trkpt>
      <trkpt lat="34.36618" lon="-118.35327"><ele>1076.0</ele></trkpt>
      <trkpt lat="34.36608" lon="-118.35340"><ele>1076.0</ele></trkpt>
      <trkpt lat="34.36594" lon="-118.35360"><ele>1076.0</ele></trkpt>
      <trkpt lat="34.36583" lon="-118.35378"><ele>1076.0</ele></trkpt>
      <trkpt lat="34.36579" lon="-118.35397"><ele>1076.0</ele></trkpt>
      <trkpt lat="34.36575" lon="-118.35423"><ele>1076.0</ele></trkpt>
      <trkpt lat="34.36575" lon="-118.35470"><ele>1076.0</ele></trkpt>
      <trkpt lat="34.36575" lon="-118.35472"><ele>1076.0</ele></trkpt>
      <trkpt lat="34.36573" lon="-118.35490"><ele>1076.0</ele></trkpt>
      <trkpt lat="34.36569" lon="-118.35510"><ele>1076.0</ele></trkpt>
      <trkpt lat="34.36559" lon="-118.35536"><ele>1076.0</ele></trkpt>
      <trkpt lat="34.36534" lon="-118.35587"><ele>1076.0</ele></trkpt>
      <trkpt lat="34.36526" lon="-118.35601"><ele>1076.0</ele></trkpt>
      <trkpt lat="34.36515" lon="-118.35607"><ele>1076.0</ele></trkpt>
      <trkpt lat="34.36489" lon="-118.35613"><ele>1076.0</ele></trkpt>
      <trkpt lat="34.36474" lon="-118.35622"><ele>1076.0</ele></trkpt>
      <trkpt lat="34.36464" lon="-118.35635"><ele>1076.0</ele></trkpt>
      <trkpt lat="34.36440" lon="-118.35672"><ele>1076.0</ele></trkpt>
      <trkpt lat="34.36427" lon="-118.35696"><ele>1076.0</ele></trkpt>
      <trkpt lat="34.36416" lon="-118.35714"><ele>1076.0</ele></trkpt>
      <trkpt lat="34.36403" lon="-118.35729"><ele>1076.0</ele></trkpt>
      <trkpt lat="34.36389" lon="-118.35746"><ele>1076.0</ele></trkpt>
      <trkpt lat="34.36379" lon="-118.35757"><ele>1076.0</ele></trkpt>
      <trkpt lat="34.36373" lon="-118.35771"><ele>1018.0</ele></trkpt>
      <trkpt lat="34.36364" lon="-118.35828"><ele>1018.0</ele></trkpt>
      <trkpt lat="34.36360" lon="-118.35844"><ele>1018.0</ele></trkpt>
      <trkpt lat="34.36347" lon="-118.35866"><ele>1018.0</ele></trkpt>
      <trkpt lat="34.36340" lon="-118.35887"><ele>1018.0</ele></trkpt>
      <trkpt lat="34.36335" lon="-118.35919"><ele>1018.0</ele></trkpt>
      <trkpt lat="34.36327" lon="-118.35971"><ele>1018.0</ele></trkpt>
      <trkpt lat="34.36323" lon="-118.35989"><ele>1018.0</ele></trkpt>
      <trkpt lat="34.36324" lon="-118.36007"><ele>1018.0</ele></trkpt>
      <trkpt lat="34.36333" lon="-118.36032"><ele>1018.0</ele></trkpt>
      <trkpt lat="34.36340" lon="-118.36057"><ele>1018.0</ele></trkpt>
      <trkpt lat="34.36341" lon="-118.36075"><ele>1018.0</ele></trkpt>
      <trkpt lat="34.36339" lon="-118.36093"><ele>1018.0</ele></trkpt>
      <trkpt lat="34.36334" lon="-118.36106"><ele>1018.0</ele></trkpt>
      <trkpt lat="34.36322" lon="-118.36122"><ele>1018.0</ele></trkpt>
      <trkpt lat="34.36282" lon="-118.36162"><ele>1018.0</ele></trkpt>
      <trkpt lat="34.36278" lon="-118.36173"><ele>1018.0</ele></trkpt>
      <trkpt lat="34.36273" lon="-118.36201"><ele>1018.0</ele></trkpt>
      <trkpt lat="34.36267" lon="-118.36224"><ele>1018.0</ele></trkpt>
      <trkpt lat="34.36260" lon="-118.36240"><ele>1018.0</ele></trkpt>
      <trkpt lat="34.36244" lon="-118.36274"><ele>1018.0</ele></trkpt>
      <trkpt lat="34.36214" lon="-118.36313"><ele>1018.0</ele></trkpt>
      <trkpt lat="34.36204" lon="-118.36331"><ele>1018.0</ele></trkpt>
      <trkpt lat="34.36195" lon="-118.36349"><ele>1018.0</ele></trkpt>
      <trkpt lat="34.36191" lon="-118.36367"><ele>1018.0</ele></trkpt>
      <trkpt lat="34.36191" lon="-118.36385"><ele>1018.0</ele></trkpt>
      <trkpt lat="34.36197" lon="-118.36419"><ele>1018.0</ele></trkpt>
      <trkpt lat="34.36196" lon="-118.36429"><ele>1018.0</ele></trkpt>
      <trkpt lat="34.36190" lon="-118.36438"><ele>1018.0</ele></trkpt>
      <trkpt lat="34.36173" lon="-118.36446"><ele>1018.0</ele></trkpt>
      <trkpt lat="34.36142" lon="-118.36456"><ele>1018.0</ele></trkpt>
      <trkpt lat="34.36127" lon="-118.36467"><ele>1018.0</ele></trkpt>
      <trkpt lat="34.36111" lon="-118.36492"><ele>1018.0</ele></trkpt>
      <trkpt lat="34.36105" lon="-118.36507"><ele>1018.0</ele></trkpt>
      <trkpt lat="34.36101" lon="-118.36526"><ele>1018.0</ele></trkpt>
      <trkpt lat="34.36098" lon="-118.36553"><ele>1018.0</ele></trkpt>
      <trkpt lat="34.36098" lon="-118.36572"><ele>1018.0</ele></trkpt>
      <trkpt lat="34.36091" lon="-118.36583"><ele>1018.0</ele></trkpt>
      <trkpt lat="34.36076" lon="-118.36592"><ele>1018.0</ele></trkpt>
      <trkpt lat="34.36009" lon="-118.36628"><ele>1018.0</ele></trkpt>
      <trkpt lat="34.35998" lon="-118.36629"><ele>1018.0</ele></trkpt>
      <trkpt lat="34.35968" lon="-118.36622"><ele>1018.0</ele></trkpt>
      <trkpt lat="34.35949" lon="-118.36621"><ele>1018.0</ele></trkpt>
      <trkpt lat="34.35917" lon="-118.36632"><ele>1018.0</ele></trkpt>
      <trkpt lat="34.35909" lon="-118.36637"><ele>1018.0</ele></trkpt>
      <trkpt lat="34.35905" lon="-118.36639"><ele>1018.0</ele></trkpt>
      <trkpt lat="34.35890" lon="-118.36660"><ele>1038.0</ele></trkpt>
      <trkpt lat="34.35876" lon="-118.36700"><ele>1038.0</ele></trkpt>
      <trkpt lat="34.35878" lon="-118.36716"><ele>1038.0</ele></trkpt>
      <trkpt lat="34.35879" lon="-118.36736"><ele>1038.0</ele></trkpt>
      <trkpt lat="34.35883" lon="-118.36748"><ele>1038.0</ele></trkpt>
      <trkpt lat="34.35896" lon="-118.36764"><ele>1038.0</ele></trkpt>
      <trkpt lat="34.35906" lon="-118.36779"><ele>1038.0</ele></trkpt>
      <trkpt lat="34.35913" lon="-118.36793"><ele>1038.0</ele></trkpt>
      <trkpt lat="34.35921" lon="-118.36817"><ele>1038.0</ele></trkpt>
      <trkpt lat="34.35928" lon="-118.36830"><ele>1038.0</ele></trkpt>
      <trkpt lat="34.35939" lon="-118.36844"><ele>1038.0</ele></trkpt>
      <trkpt lat="34.35961" lon="-118.36870"><ele>1038.0</ele></trkpt>
      <trkpt lat="34.35968" lon="-118.36882"><ele>1038.0</ele></trkpt>
      <trkpt lat="34.35977" lon="-118.36900"><ele>1038.0</ele></trkpt>
      <trkpt lat="34.36003" lon="-118.36947"><ele>1038.0</ele></trkpt>
      <trkpt lat="34.36018" lon="-118.36968"><ele>1038.0</ele></trkpt>
      <trkpt lat="34.36030" lon="-118.36979"><ele>1038.0</ele></trkpt>
      <trkpt lat="34.36041" lon="-118.36985"><ele>1038.0</ele></trkpt>
      <trkpt lat="34.36055" lon="-118.36990"><ele>1038.0</ele></trkpt>
      <trkpt lat="34.36086" lon="-118.36991"><ele>1038.0</ele></trkpt>
      <trkpt lat="34.36104" lon="-118.36994"><ele>1038.0</ele></trkpt>
      <trkpt lat="34.36115" lon="-118.37004"><ele>1038.0</ele></trkpt>
      <trkpt lat="34.36129" lon="-118.37027"><ele>1038.0</ele></trkpt>
      <trkpt lat="34.36139" lon="-118.37044"><ele>1038.0</ele></trkpt>
      <trkpt lat="34.36150" lon="-118.37064"><ele>1038.0</ele></trkpt>
      <trkpt lat="34.36158" lon="-118.37074"><ele>1038.0</ele></trkpt>
      <trkpt lat="34.36170" lon="-118.37078"><ele>1038.0</ele></trkpt>
      <trkpt lat="34.36202" lon="-118.37092"><ele>1038.0</ele></trkpt>
      <trkpt lat="34.36208" lon="-118.37094"><ele>1038.0</ele></trkpt>
      <trkpt lat="34.36210" lon="-118.37103"><ele>1038.0</ele></trkpt>
      <trkpt lat="34.36212" lon="-118.37123"><ele>1038.0</ele></trkpt>
      <trkpt lat="34.36213" lon="-118.37143"><ele>1038.0</ele></trkpt>
      <trkpt lat="34.36217" lon="-118.37163"><ele>1038.0</ele></trkpt>
      <trkpt lat="34.36220" lon="-118.37177"><ele>1038.0</ele></trkpt>
      <trkpt lat="34.36218" lon="-118.37191"><ele>1038.0</ele></trkpt>
      <trkpt lat="34.36213" lon="-118.37215"><ele>1038.0</ele></trkpt>
      <trkpt lat="34.36214" lon="-118.37226"><ele>1038.0</ele></trkpt>
      <trkpt lat="34.36218" lon="-118.37246"><ele>1038.0</ele></trkpt>
      <trkpt lat="34.36221" lon="-118.37264"><ele>1038.0</ele></trkpt>
      <trkpt lat="34.36221" lon="-118.37274"><ele>1038.0</ele></trkpt>
      <trkpt lat="34.36216" lon="-118.37289"><ele>1038.0</ele></trkpt>
      <trkpt lat="34.36193" lon="-118.37348"><ele>1038.0</ele></trkpt>
      <trkpt lat="34.36192" lon="-118.37363"><ele>1038.0</ele></trkpt>
      <trkpt lat="34.36196" lon="-118.37389"><ele>1038.0</ele></trkpt>
      <trkpt lat="34.36196" lon="-118.37392"><ele>1038.0</ele></trkpt>
      <trkpt lat="34.36216" lon="-118.37454"><ele>1038.0</ele></trkpt>
      <trkpt lat="34.36220" lon="-118.37464"><ele>1038.0</ele></trkpt>
      <trkpt lat="34.36222" lon="-118.37481"><ele>971.0</ele></trkpt>
      <trkpt lat="34.36219" lon="-118.37504"><ele>971.0</ele></trkpt>
      <trkpt lat="34.36217" lon="-118.37549"><ele>971.0</ele></trkpt>
      <trkpt lat="34.36216" lon="-118.37594"><ele>971.0</ele></trkpt>
      <trkpt lat="34.36216" lon="-118.37599"><ele>971.0</ele></trkpt>
      <trkpt lat="34.36219" lon="-118.37619"><ele>971.0</ele></trkpt>
      <trkpt lat="34.36221" lon="-118.37634"><ele>971.0</ele></trkpt>
      <trkpt lat="34.36230" lon="-118.37651"><ele>971.0</ele></trkpt>
      <trkpt lat="34.36246" lon="-118.37670"><ele>971.0</ele></trkpt>
      <trkpt lat="34.36254" lon="-118.37687"><ele>971.0</ele></trkpt>
      <trkpt lat="34.36293" lon="-118.37733"><ele>971.0</ele></trkpt>
      <trkpt lat="34.36312" lon="-118.37755"><ele>971.0</ele></trkpt>
      <trkpt lat="34.36326" lon="-118.37764"><ele>971.0</ele></trkpt>
      <trkpt lat="34.36338" lon="-118.37763"><ele>971.0</ele></trkpt>
      <trkpt lat="34.36373" lon="-118.37753"><ele>971.0</ele></trkpt>
      <trkpt lat="34.36398" lon="-118.37749"><ele>971.0</ele></trkpt>
      <trkpt lat="34.36427" lon="-118.37748"><ele>971.0</ele></trkpt>
      <trkpt lat="34.36442" lon="-118.37756"><ele>971.0</ele></trkpt>
      <trkpt lat="34.36459" lon="-118.37774"><ele>971.0</ele></trkpt>
      <trkpt lat="34.36470" lon="-118.37777"><ele>971.0</ele></trkpt>
      <trkpt lat="34.36481" lon="-118.37781"><ele>971.0</ele></trkpt>
      <trkpt lat="34.36486" lon="-118.37781"><ele>971.0</ele></trkpt>
      <trkpt lat="34.36491" lon="-118.37789"><ele>971.0</ele></trkpt>
      <trkpt lat="34.36494" lon="-118.37799"><ele>971.0</ele></trkpt>
      <trkpt lat="34.36494" lon="-118.37820"><ele>971.0</ele></trkpt>
      <trkpt lat="34.36494" lon="-118.37825"><ele>971.0</ele></trkpt>
      <trkpt lat="34.36490" lon="-118.37856"><ele>971.0</ele></trkpt>
      <trkpt lat="34.36488" lon="-118.37886"><ele>971.0</ele></trkpt>
      <trkpt lat="34.36486" lon="-118.37918"><ele>971.0</ele></trkpt>
      <trkpt lat="34.36481" lon="-118.37941"><ele>971.0</ele></trkpt>
      <trkpt lat="34.36475" lon="-118.37946"><ele>971.0</ele></trkpt>
      <trkpt lat="34.36463" lon="-118.37943"><ele>971.0</ele></trkpt>
      <trkpt lat="34.36455" lon="-118.37930"><ele>971.0</ele></trkpt>
      <trkpt lat="34.36453" lon="-118.37903"><ele>971.0</ele></trkpt>
      <trkpt lat="34.36449" lon="-118.37882"><ele>971.0</ele></trkpt>
      <trkpt lat="34.36439" lon="-118.37856"><ele>971.0</ele></trkpt>
      <trkpt lat="34.36428" lon="-118.37839"><ele>971.0</ele></trkpt>
      <trkpt lat="34.36409" lon="-118.37821"><ele>971.0</ele></trkpt>
      <trkpt lat="34.36383" lon="-118.37805"><ele>971.0</ele></trkpt>
      <trkpt lat="34.36372" lon="-118.37802"><ele>971.0</ele></trkpt>
      <trkpt lat="34.36359" lon="-118.37804"><ele>971.0</ele></trkpt>
      <trkpt lat="34.36337" lon="-118.37816"><ele>971.0</ele></trkpt>
      <trkpt lat="34.36323" lon="-118.37841"><ele>971.0</ele></trkpt>
      <trkpt lat="34.36308" lon="-118.37869"><ele>971.0</ele></trkpt>
      <trkpt lat="34.36290" lon="-118.37891"><ele>971.0</ele></trkpt>
      <trkpt lat="34.36271" lon="-118.37908"><ele>971.0</ele></trkpt>
      <trkpt lat="34.36249" lon="-118.37926"><ele>889.0</ele></trkpt>
      <trkpt lat="34.36231" lon="-118.37936"><ele>889.0</ele></trkpt>
      <trkpt lat="34.36223" lon="-118.37950"><ele>889.0</ele></trkpt>
      <trkpt lat="34.36219" lon="-118.37987"><ele>889.0</ele></trkpt>
      <trkpt lat="34.36212" lon="-118.38015"><ele>889.0</ele></trkpt>
      <trkpt lat="34.36181" lon="-118.38077"><ele>889.0</ele></trkpt>
      <trkpt lat="34.36170" lon="-118.38096"><ele>889.0</ele></trkpt>
      <trkpt lat="34.36166" lon="-118.38120"><ele>889.0</ele></trkpt>
      <trkpt lat="34.36156" lon="-118.38142"><ele>889.0</ele></trkpt>
      <trkpt lat="34.36149" lon="-118.38165"><ele>889.0</ele></trkpt>
      <trkpt lat="34.36152" lon="-118.38192"><ele>889.0</ele></trkpt>
      <trkpt lat="34.36165" lon="-118.38222"><ele>889.0</ele></trkpt>
      <trkpt lat="34.36170" lon="-118.38243"><ele>889.0</ele></trkpt>
      <trkpt lat="34.36170" lon="-118.38270"><ele>889.0</ele></trkpt>
      <trkpt lat="34.36168" lon="-118.38289"><ele>889.0</ele></trkpt>
      <trkpt lat="34.36162" lon="-118.38309"><ele>889.0</ele></trkpt>
      <trkpt lat="34.36156" lon="-118.38329"><ele>889.0</ele></trkpt>
      <trkpt lat="34.36149" lon="-118.38357"><ele>889.0</ele></trkpt>
      <trkpt lat="34.36148" lon="-118.38387"><ele>889.0</ele></trkpt>
      <trkpt lat="34.36145" lon="-118.38414"><ele>889.0</ele></trkpt>
      <trkpt lat="34.36135" lon="-118.38439"><ele>889.0</ele></trkpt>
      <trkpt lat="34.36117" lon="-118.38473"><ele>889.0</ele></trkpt>
      <trkpt lat="34.36099" lon="-118.38507"><ele>889.0</ele></trkpt>
      <trkpt lat="34.36085" lon="-118.38515"><ele>889.0</ele></trkpt>
      <trkpt lat="34.36067" lon="-118.38509"><ele>889.0</ele></trkpt>
      <trkpt lat="34.36041" lon="-118.38499"><ele>889.0</ele></trkpt>
      <trkpt lat="34.36022" lon="-118.38507"><ele>889.0</ele></trkpt>
      <trkpt lat="34.35992" lon="-118.38526"><ele>889.0</ele></trkpt>
      <trkpt lat="34.35981" lon="-118.38532"><ele>889.0</ele></trkpt>
      <trkpt lat="34.35962" lon="-118.38535"><ele>889.0</ele></trkpt>
      <trkpt lat="34.35945" lon="-118.38538"><ele>889.0</ele></trkpt>
      <trkpt lat="34.35929" lon="-118.38537"><ele>889.0</ele></trkpt>
      <trkpt lat="34.35922" lon="-118.38545"><ele>889.0</ele></trkpt>
      <trkpt lat="34.35923" lon="-118.38560"><ele>889.0</ele></trkpt>
      <trkpt lat="34.35934" lon="-118.38571"><ele>889.0</ele></trkpt>
      <trkpt lat="34.35959" lon="-118.38577"><ele>889.0</ele></trkpt>
      <trkpt lat="34.35973" lon="-118.38573"><ele>889.0</ele></trkpt>
      <trkpt lat="34.35993" lon="-118.38561"><ele>889.0</ele></trkpt>
      <trkpt lat="34.36017" lon="-118.38557"><ele>889.0</ele></trkpt>
      <trkpt lat="34.36034" lon="-118.38562"><ele>889.0</ele></trkpt>
      <trkpt lat="34.36050" lon="-118.38577"><ele>889.0</ele></trkpt>
      <trkpt lat="34.36061" lon="-118.38595"><ele>889.0</ele></trkpt>
      <trkpt lat="34.36068" lon="-118.38625"><ele>889.0</ele></trkpt>
      <trkpt lat="34.36073" lon="-118.38652"><ele>889.0</ele></trkpt>
      <trkpt lat="34.36076" lon="-118.38683"><ele>889.0</ele></trkpt>
      <trkpt lat="34.36074" lon="-118.38717"><ele>889.0</ele></trkpt>
      <trkpt lat="34.36069" lon="-118.38756"><ele>889.0</ele></trkpt>
      <trkpt lat="34.36067" lon="-118.38764"><ele>831.0</ele></trkpt>
      <trkpt lat="34.36060" lon="-118.38782"><ele>831.0</ele></trkpt>
      <trkpt lat="34.36045" lon="-118.38798"><ele>831.0</ele></trkpt>
      <trkpt lat="34.36036" lon="-118.38814"><ele>831.0</ele></trkpt>
      <trkpt lat="34.36037" lon="-118.38845"><ele>831.0</ele></trkpt>
      <trkpt lat="34.36035" lon="-118.38878"><ele>831.0</ele></trkpt>
      <trkpt lat="34.36030" lon="-118.38915"><ele>831.0</ele></trkpt>
      <trkpt lat="34.36028" lon="-118.38938"><ele>831.0</ele></trkpt>
      <trkpt lat="34.36033" lon="-118.38963"><ele>831.0</ele></trkpt>
      <trkpt lat="34.36041" lon="-118.38988"><ele>831.0</ele></trkpt>
      <trkpt lat="34.36057" lon="-118.39001"><ele>831.0</ele></trkpt>
      <trkpt lat="34.36066" lon="-118.39018"><ele>831.0</ele></trkpt>
      <trkpt lat="34.36073" lon="-118.39046"><ele>831.0</ele></trkpt>
      <trkpt lat="34.36069" lon="-118.39060"><ele>831.0</ele></trkpt>
      <trkpt lat="34.36056" lon="-118.39084"><ele>831.0</ele></trkpt>
      <trkpt lat="34.36056" lon="-118.39103"><ele>831.0</ele></trkpt>
      <trkpt lat="34.36061" lon="-118.39129"><ele>831.0</ele></trkpt>
      <trkpt lat="34.36066" lon="-118.39144"><ele>831.0</ele></trkpt>
      <trkpt lat="34.36064" lon="-118.39162"><ele>831.0</ele></trkpt>
      <trkpt lat="34.36061" lon="-118.39184"><ele>831.0</ele></trkpt>
      <trkpt lat="34.36067" lon="-118.39197"><ele>831.0</ele></trkpt>
      <trkpt lat="34.36077" lon="-118.39208"><ele>831.0</ele></trkpt>
      <trkpt lat="34.36083" lon="-118.39210"><ele>831.0</ele></trkpt>
      <trkpt lat="34.36089" lon="-118.39209"><ele>831.0</ele></trkpt>
      <trkpt lat="34.36017" lon="-118.39312"><ele>831.0</ele></trkpt>
      <trkpt lat="34.36017" lon="-118.39323"><ele>831.0</ele></trkpt>
      <trkpt lat="34.36018" lon="-118.39337"><ele>831.0</ele></trkpt>
      <trkpt lat="34.36014" lon="-118.39354"><ele>831.0</ele></trkpt>
      <trkpt lat="34.36009" lon="-118.39375"><ele>831.0</ele></trkpt>
      <trkpt lat="34.36005" lon="-118.39389"><ele>831.0</ele></trkpt>
      <trkpt lat="34.36004" lon="-118.39393"><ele>831.0</ele></trkpt>
      <trkpt lat="34.36000" lon="-118.39407"><ele>831.0</ele></trkpt>
      <trkpt lat="34.35997" lon="-118.39428"><ele>831.0</ele></trkpt>
      <trkpt lat="34.35999" lon="-118.39458"><ele>831.0</ele></trkpt>
      <trkpt lat="34.36006" lon="-118.39492"><ele>831.0</ele></trkpt>
      <trkpt lat="34.36013" lon="-118.39531"><ele>831.0</ele></trkpt>
      <trkpt lat="34.36020" lon="-118.39565"><ele>831.0</ele></trkpt>
      <trkpt lat="34.36028" lon="-118.39615"><ele>831.0</ele></trkpt>
      <trkpt lat="34.36036" lon="-118.39650"><ele>831.0</ele></trkpt>
      <trkpt lat="34.36042" lon="-118.39678"><ele>831.0</ele></trkpt>
      <trkpt lat="34.36041" lon="-118.39696"><ele>831.0</ele></trkpt>
      <trkpt lat="34.36039" lon="-118.39706"><ele>831.0</ele></trkpt>
      <trkpt lat="34.36033" lon="-118.39719"><ele>831.0</ele></trkpt>
      <trkpt lat="34.36005" lon="-118.39754"><ele>831.0</ele></trkpt>
      <trkpt lat="34.35986" lon="-118.39772"><ele>831.0</ele></trkpt>
      <trkpt lat="34.35962" lon="-118.39791"><ele>831.0</ele></trkpt>
      <trkpt lat="34.35938" lon="-118.39804"><ele>907.0</ele></trkpt>
      <trkpt lat="34.35919" lon="-118.39808"><ele>907.0</ele></trkpt>
      <trkpt lat="34.35899" lon="-118.39809"><ele>907.0</ele></trkpt>
      <trkpt lat="34.35874" lon="-118.39812"><ele>907.0</ele></trkpt>
      <trkpt lat="34.35847" lon="-118.39826"><ele>907.0</ele></trkpt>
      <trkpt lat="34.35821" lon="-118.39841"><ele>907.0</ele></trkpt>
      <trkpt lat="34.35791" lon="-118.39847"><ele>907.0</ele></trkpt>
      <trkpt lat="34.35778" lon="-118.39844"><ele>907.0</ele></trkpt>
      <trkpt lat="34.35767" lon="-118.39830"><ele>907.0</ele></trkpt>
      <trkpt lat="34.35761" lon="-118.39811"><ele>907.0</ele></trkpt>
      <trkpt lat="34.35762" lon="-118.39773"><ele>907.0</ele></trkpt>
      <trkpt lat="34.35760" lon="-118.39751"><ele>907.0</ele></trkpt>
      <trkpt lat="34.35754" lon="-118.39740"><ele>907.0</ele></trkpt>
      <trkpt lat="34.35743" lon="-118.39733"><ele>907.0</ele></trkpt>
      <trkpt lat="34.35732" lon="-118.39733"><ele>907.0</ele></trkpt>
      <trkpt lat="34.35714" lon="-118.39745"><ele>907.0</ele></trkpt>
      <trkpt lat="34.35697" lon="-118.39765"><ele>907.0</ele></trkpt>
      <trkpt lat="34.35676" lon="-118.39787"><ele>907.0</ele></trkpt>
      <trkpt lat="34.35659" lon="-118.39800"><ele>907.0</ele></trkpt>
      <trkpt lat="34.35634" lon="-118.39805"><ele>907.0</ele></trkpt>
      <trkpt lat="34.35605" lon="-118.39808"><ele>907.0</ele></trkpt>
      <trkpt lat="34.35578" lon="-118.39807"><ele>907.0</ele></trkpt>
      <trkpt lat="34.35544" lon="-118.39804"><ele>907.0</ele></trkpt>
      <trkpt lat="34.35514" lon="-118.39807"><ele>907.0</ele></trkpt>
      <trkpt lat="34.35485" lon="-118.39813"><ele>907.0</ele></trkpt>
      <trkpt lat="34.35464" lon="-118.39821"><ele>907.0</ele></trkpt>
      <trkpt lat="34.35460" lon="-118.39824"><ele>907.0</ele></trkpt>
      <trkpt lat="34.35451" lon="-118.39834"><ele>907.0</ele></trkpt>
      <trkpt lat="34.35444" lon="-118.39858"><ele>907.0</ele></trkpt>
      <trkpt lat="34.35433" lon="-118.39871"><ele>907.0</ele></trkpt>
      <trkpt lat="34.35429" lon="-118.39871"><ele>907.0</ele></trkpt>
      <trkpt lat="34.35417" lon="-118.39870"><ele>907.0</ele></trkpt>
      <trkpt lat="34.35405" lon="-118.39857"><ele>907.0</ele></trkpt>
      <trkpt lat="34.35399" lon="-118.39850"><ele>907.0</ele></trkpt>
      <trkpt lat="34.35388" lon="-118.39806"><ele>907.0</ele></trkpt>
      <trkpt lat="34.35383" lon="-118.39788"><ele>907.0</ele></trkpt>
      <trkpt lat="34.35381" lon="-118.39771"><ele>907.0</ele></trkpt>
      <trkpt lat="34.35378" lon="-118.39737"><ele>907.0</ele></trkpt>
      <trkpt lat="34.35371" lon="-118.39696"><ele>907.0</ele></trkpt>
      <trkpt lat="34.35368" lon="-118.39674"><ele>907.0</ele></trkpt>
      <trkpt lat="34.35367" lon="-118.39651"><ele>907.0</ele></trkpt>
      <trkpt lat="34.35370" lon="-118.39625"><ele>907.0</ele></trkpt>
      <trkpt lat="34.35374" lon="-118.39599"><ele>907.0</ele></trkpt>
      <trkpt lat="34.35374" lon="-118.39585"><ele>907.0</ele></trkpt>
      <trkpt lat="34.35369" lon="-118.39577"><ele>907.0</ele></trkpt>
      <trkpt lat="34.35361" lon="-118.39576"><ele>907.0</ele></trkpt>
      <trkpt lat="34.35339" lon="-118.39574"><ele>907.0</ele></trkpt>
      <trkpt lat="34.35317" lon="-118.39566"><ele>974.0</ele></trkpt>
      <trkpt lat="34.35301" lon="-118.39551"><ele>974.0</ele></trkpt>
      <trkpt lat="34.35289" lon="-118.39528"><ele>974.0</ele></trkpt>
      <trkpt lat="34.35281" lon="-118.39502"><ele>974.0</ele></trkpt>
      <trkpt lat="34.35277" lon="-118.39470"><ele>974.0</ele></trkpt>
      <trkpt lat="34.35280" lon="-118.39437"><ele>974.0</ele></trkpt>
      <trkpt lat="34.35281" lon="-118.39412"><ele>974.0</ele></trkpt>
      <trkpt lat="34.35277" lon="-118.39397"><ele>974.0</ele></trkpt>
      <trkpt lat="34.35270" lon="-118.39380"><ele>974.0</ele></trkpt>
      <trkpt lat="34.35257" lon="-118.39357"><ele>974.0</ele></trkpt>
      <trkpt lat="34.35242" lon="-118.39340"><ele>974.0</ele></trkpt>
      <trkpt lat="34.35223" lon="-118.39329"><ele>974.0</ele></trkpt>
      <trkpt lat="34.35200" lon="-118.39325"><ele>974.0</ele></trkpt>
      <trkpt lat="34.35175" lon="-118.39330"><ele>974.0</ele></trkpt>
      <trkpt lat="34.35151" lon="-118.39333"><ele>974.0</ele></trkpt>
      <trkpt lat="34.35128" lon="-118.39336"><ele>974.0</ele></trkpt>
      <trkpt lat="34.35119" lon="-118.39341"><ele>974.0</ele></trkpt>
      <trkpt lat="34.35114" lon="-118.39354"><ele>974.0</ele></trkpt>
      <trkpt lat="34.35107" lon="-118.39387"><ele>974.0</ele></trkpt>
      <trkpt lat="34.35101" lon="-118.39409"><ele>974.0</ele></trkpt>
      <trkpt lat="34.35092" lon="-118.39431"><ele>974.0</ele></trkpt>
      <trkpt lat="34.35079" lon="-118.39459"><ele>974.0</ele></trkpt>
      <trkpt lat="34.35069" lon="-118.39483"><ele>974.0</ele></trkpt>
      <trkpt lat="34.35060" lon="-118.39491"><ele>974.0</ele></trkpt>
      <trkpt lat="34.35043" lon="-118.39511"><ele>974.0</ele></trkpt>
      <trkpt lat="34.35034" lon="-118.39526"><ele>974.0</ele></trkpt>
      <trkpt lat="34.35032" lon="-118.39537"><ele>974.0</ele></trkpt>
      <trkpt lat="34.35066" lon="-118.39564"><ele>974.0</ele></trkpt>
      <trkpt lat="34.35090" lon="-118.39582"><ele>974.0</ele></trkpt>
      <trkpt lat="34.35109" lon="-118.39600"><ele>974.0</ele></trkpt>
      <trkpt lat="34.35120" lon="-118.39617"><ele>974.0</ele></trkpt>
      <trkpt lat="34.35120" lon="-118.39638"><ele>974.0</ele></trkpt>
      <trkpt lat="34.35117" lon="-118.39659"><ele>974.0</ele></trkpt>
      <trkpt lat="34.35111" lon="-118.39679"><ele>974.0</ele></trkpt>
      <trkpt lat="34.35110" lon="-118.39690"><ele>974.0</ele></trkpt>
      <trkpt lat="34.35116" lon="-118.39705"><ele>974.0</ele></trkpt>
      <trkpt lat="34.35130" lon="-118.39724"><ele>974.0</ele></trkpt>
      <trkpt lat="34.35139" lon="-118.39741"><ele>974.0</ele></trkpt>
      <trkpt lat="34.35141" lon="-118.39761"><ele>974.0</ele></trkpt>
      <trkpt lat="34.35138" lon="-118.39802"><ele>974.0</ele></trkpt>
      <trkpt lat="34.35136" lon="-118.39831"><ele>974.0</ele></trkpt>
      <trkpt lat="34.35128" lon="-118.39846"><ele>974.0</ele></trkpt>
      <trkpt lat="34.35107" lon="-118.39865"><ele>974.0</ele></trkpt>
      <trkpt lat="34.35096" lon="-118.39880"><ele>974.0</ele></trkpt>
      <trkpt lat="34.35091" lon="-118.39899"><ele>974.0</ele></trkpt>
      <trkpt lat="34.35094" lon="-118.39915"><ele>974.0</ele></trkpt>
      <trkpt lat="34.35104" lon="-118.39923"><ele>1065.0</ele></trkpt>
      <trkpt lat="34.35119" lon="-118.39924"><ele>1065.0</ele></trkpt>
      <trkpt lat="34.35160" lon="-118.39925"><ele>1065.0</ele></trkpt>
      <trkpt lat="34.35176" lon="-118.39926"><ele>1065.0</ele></trkpt>
      <trkpt lat="34.35191" lon="-118.39934"><ele>1065.0</ele></trkpt>
      <trkpt lat="34.35209" lon="-118.39949"><ele>1065.0</ele></trkpt>
      <trkpt lat="34.35224" lon="-118.39970"><ele>1065.0</ele></trkpt>
      <trkpt lat="34.35238" lon="-118.39997"><ele>1065.0</ele></trkpt>
      <trkpt lat="34.35243" lon="-118.40021"><ele>1065.0</ele></trkpt>
      <trkpt lat="34.35240" lon="-118.40048"><ele>1065.0</ele></trkpt>
      <trkpt lat="34.35237" lon="-118.40086"><ele>1065.0</ele></trkpt>
      <trkpt lat="34.35236" lon="-118.40109"><ele>1065.0</ele></trkpt>
      <trkpt lat="34.35236" lon="-118.40126"><ele>1065.0</ele></trkpt>
      <trkpt lat="34.35242" lon="-118.40142"><ele>1065.0</ele></trkpt>
      <trkpt lat="34.35254" lon="-118.40179"><ele>1065.0</ele></trkpt>
      <trkpt lat="34.35263" lon="-118.40198"><ele>1065.0</ele></trkpt>
      <trkpt lat="34.35272" lon="-118.40222"><ele>1065.0</ele></trkpt>
      <trkpt lat="34.35273" lon="-118.40241"><ele>1065.0</ele></trkpt>
      <trkpt lat="34.35272" lon="-118.40263"><ele>1065.0</ele></trkpt>
      <trkpt lat="34.35273" lon="-118.40295"><ele>1065.0</ele></trkpt>
      <trkpt lat="34.35276" lon="-118.40339"><ele>1065.0</ele></trkpt>
      <trkpt lat="34.35276" lon="-118.40372"><ele>1065.0</ele></trkpt>
      <trkpt lat="34.35279" lon="-118.40408"><ele>1065.0</ele></trkpt>
      <trkpt lat="34.35278" lon="-118.40428"><ele>1065.0</ele></trkpt>
      <trkpt lat="34.35274" lon="-118.40444"><ele>1065.0</ele></trkpt>
      <trkpt lat="34.35264" lon="-118.40453"><ele>1065.0</ele></trkpt>
      <trkpt lat="34.35246" lon="-118.40457"><ele>1065.0</ele></trkpt>
      <trkpt lat="34.35229" lon="-118.40454"><ele>1065.0</ele></trkpt>
      <trkpt lat="34.35205" lon="-118.40446"><ele>1065.0</ele></trkpt>
      <trkpt lat="34.35189" lon="-118.40432"><ele>1065.0</ele></trkpt>
      <trkpt lat="34.35171" lon="-118.40412"><ele>1065.0</ele></trkpt>
      <trkpt lat="34.35159" lon="-118.40402"><ele>1065.0</ele></trkpt>
      <trkpt lat="34.35142" lon="-118.40396"><ele>1065.0</ele></trkpt>
      <trkpt lat="34.35111" lon="-118.40389"><ele>1065.0</ele></trkpt>
      <trkpt lat="34.35082" lon="-118.40383"><ele>1065.0</ele></trkpt>
      <trkpt lat="34.35055" lon="-118.40370"><ele>1065.0</ele></trkpt>
      <trkpt lat="34.35039" lon="-118.40358"><ele>1065.0</ele></trkpt>
      <trkpt lat="34.35025" lon="-118.40344"><ele>1065.0</ele></trkpt>
      <trkpt lat="34.35012" lon="-118.40334"><ele>1065.0</ele></trkpt>
      <trkpt lat="34.35001" lon="-118.40327"><ele>1065.0</ele></trkpt>
      <trkpt lat="34.34990" lon="-118.40324"><ele>1065.0</ele></trkpt>
      <trkpt lat="34.34978" lon="-118.40328"><ele>1065.0</ele></trkpt>
      <trkpt lat="34.34970" lon="-118.40343"><ele>1065.0</ele></trkpt>
      <trkpt lat="34.34968" lon="-118.40370"><ele>1065.0</ele></trkpt>
      <trkpt lat="34.34968" lon="-118.40391"><ele>1065.0</ele></trkpt>
      <trkpt lat="34.34967" lon="-118.40408"><ele>1065.0</ele></trkpt>
      <trkpt lat="34.34964" lon="-118.40426"><ele>1065.0</ele></trkpt>
      <trkpt lat="34.34961" lon="-118.40443"><ele>1125.0</ele></trkpt>
      <trkpt lat="34.34962" lon="-118.40455"><ele>1125.0</ele></trkpt>
      <trkpt lat="34.34967" lon="-118.40472"><ele>1125.0</ele></trkpt>
      <trkpt lat="34.34980" lon="-118.40490"><ele>1125.0</ele></trkpt>
      <trkpt lat="34.34992" lon="-118.40504"><ele>1125.0</ele></trkpt>
      <trkpt lat="34.35000" lon="-118.40518"><ele>1125.0</ele></trkpt>
      <trkpt lat="34.35002" lon="-118.40530"><ele>1125.0</ele></trkpt>
      <trkpt lat="34.35005" lon="-118.40548"><ele>1125.0</ele></trkpt>
      <trkpt lat="34.35006" lon="-118.40561"><ele>1125.0</ele></trkpt>
      <trkpt lat="34.35005" lon="-118.40573"><ele>1125.0</ele></trkpt>
      <trkpt lat="34.35001" lon="-118.40585"><ele>1125.0</ele></trkpt>
      <trkpt lat="34.34998" lon="-118.40592"><ele>1125.0</ele></trkpt>
      <trkpt lat="34.34980" lon="-118.40614"><ele>1125.0</ele></trkpt>
      <trkpt lat="34.34955" lon="-118.40648"><ele>1125.0</ele></trkpt>
      <trkpt lat="34.34938" lon="-118.40671"><ele>1125.0</ele></trkpt>
      <trkpt lat="34.34916" lon="-118.40692"><ele>1125.0</ele></trkpt>
      <trkpt lat="34.34902" lon="-118.40701"><ele>1125.0</ele></trkpt>
      <trkpt lat="34.34883" lon="-118.40701"><ele>1125.0</ele></trkpt>
      <trkpt lat="34.34860" lon="-118.40703"><ele>1125.0</ele></trkpt>
      <trkpt lat="34.34840" lon="-118.40709"><ele>1125.0</ele></trkpt>
      <trkpt lat="34.34821" lon="-118.40724"><ele>1125.0</ele></trkpt>
      <trkpt lat="34.34803" lon="-118.40751"><ele>1125.0</ele></trkpt>
      <trkpt lat="34.34792" lon="-118.40766"><ele>1125.0</ele></trkpt>
      <trkpt lat="34.34776" lon="-118.40769"><ele>1125.0</ele></trkpt>
      <trkpt lat="34.34748" lon="-118.40766"><ele>1125.0</ele></trkpt>
      <trkpt lat="34.34709" lon="-118.40764"><ele>1125.0</ele></trkpt>
      <trkpt lat="34.34684" lon="-118.40761"><ele>1125.0</ele></trkpt>
      <trkpt lat="34.34661" lon="-118.40746"><ele>1125.0</ele></trkpt>
      <trkpt lat="34.34635" lon="-118.40735"><ele>1125.0</ele></trkpt>
      <trkpt lat="34.34604" lon="-118.40725"><ele>1125.0</ele></trkpt>
      <trkpt lat="34.34572" lon="-118.40723"><ele>1125.0</ele></trkpt>
      <trkpt lat="34.34548" lon="-118.40727"><ele>1125.0</ele></trkpt>
      <trkpt lat="34.34535" lon="-118.40734"><ele>1125.0</ele></trkpt>
      <trkpt lat="34.34527" lon="-118.40742"><ele>1125.0</ele></trkpt>
      <trkpt lat="34.34526" lon="-118.40758"><ele>1125.0</ele></trkpt>
      <trkpt lat="34.34539" lon="-118.40767"><ele>1125.0</ele></trkpt>
      <trkpt lat="34.34550" lon="-118.40776"><ele>1125.0</ele></trkpt>
      <trkpt lat="34.34570" lon="-118.40793"><ele>1125.0</ele></trkpt>
      <trkpt lat="34.34580" lon="-118.40811"><ele>1125.0</ele></trkpt>
      <trkpt lat="34.34579" lon="-118.40838"><ele>1125.0</ele></trkpt>
      <trkpt lat="34.34575" lon="-118.40857"><ele>1125.0</ele></trkpt>
      <trkpt lat="34.34564" lon="-118.40879"><ele>1125.0</ele></trkpt>
      <trkpt lat="34.34552" lon="-118.40903"><ele>1125.0</ele></trkpt>
      <trkpt lat="34.34546" lon="-118.40923"><ele>1125.0</ele></trkpt>
      <trkpt lat="34.34545" lon="-118.40933"><ele>1125.0</ele></trkpt>
      <trkpt lat="34.34547" lon="-118.40942"><ele>1125.0</ele></trkpt>
      <trkpt lat="34.34554" lon="-118.40959"><ele>1144.0</ele></trkpt>
      <trkpt lat="34.34566" lon="-118.40979"><ele>1144.0</ele></trkpt>
      <trkpt lat="34.34581" lon="-118.40999"><ele>1144.0</ele></trkpt>
      <trkpt lat="34.34593" lon="-118.41007"><ele>1144.0</ele></trkpt>
      <trkpt lat="34.34617" lon="-118.41011"><ele>1144.0</ele></trkpt>
      <trkpt lat="34.34638" lon="-118.41013"><ele>1144.0</ele></trkpt>
      <trkpt lat="34.34663" lon="-118.41012"><ele>1144.0</ele></trkpt>
      <trkpt lat="34.34695" lon="-118.41013"><ele>1144.0</ele></trkpt>
      <trkpt lat="34.34710" lon="-118.41012"><ele>1144.0</ele></trkpt>
      <trkpt lat="34.34724" lon="-118.41021"><ele>1144.0</ele></trkpt>
      <trkpt lat="34.34748" lon="-118.41039"><ele>1144.0</ele></trkpt>
      <trkpt lat="34.34767" lon="-118.41048"><ele>1144.0</ele></trkpt>
      <trkpt lat="34.34779" lon="-118.41048"><ele>1144.0</ele></trkpt>
      <trkpt lat="34.34791" lon="-118.41043"><ele>1144.0</ele></trkpt>
      <trkpt lat="34.34805" lon="-118.41033"><ele>1144.0</ele></trkpt>
      <trkpt lat="34.34818" lon="-118.41021"><ele>1144.0</ele></trkpt>
      <trkpt lat="34.34838" lon="-118.41009"><ele>1144.0</ele></trkpt>
      <trkpt lat="34.34859" lon="-118.40994"><ele>1144.0</ele></trkpt>
      <trkpt lat="34.34870" lon="-118.40981"><ele>1144.0</ele></trkpt>
      <trkpt lat="34.34879" lon="-118.40957"><ele>1144.0</ele></trkpt>
      <trkpt lat="34.34887" lon="-118.40931"><ele>1144.0</ele></trkpt>
      <trkpt lat="34.34893" lon="-118.40913"><ele>1144.0</ele></trkpt>
      <trkpt lat="34.34906" lon="-118.40899"><ele>1144.0</ele></trkpt>
      <trkpt lat="34.34925" lon="-118.40882"><ele>1144.0</ele></trkpt>
      <trkpt lat="34.34949" lon="-118.40866"><ele>1144.0</ele></trkpt>
      <trkpt lat="34.34975" lon="-118.40847"><ele>1144.0</ele></trkpt>
      <trkpt lat="34.34988" lon="-118.40830"><ele>1144.0</ele></trkpt>
      <trkpt lat="34.35002" lon="-118.40811"><ele>1144.0</ele></trkpt>
      <trkpt lat="34.35019" lon="-118.40784"><ele>1144.0</ele></trkpt>
      <trkpt lat="34.35035" lon="-118.40761"><ele>1144.0</ele></trkpt>
      <trkpt lat="34.35059" lon="-118.40735"><ele>1144.0</ele></trkpt>
      <trkpt lat="34.35079" lon="-118.40714"><ele>1144.0</ele></trkpt>
      <trkpt lat="34.35102" lon="-118.40701"><ele>1144.0</ele></trkpt>
      <trkpt lat="34.35125" lon="-118.40695"><ele>1144.0</ele></trkpt>
      <trkpt lat="34.35132" lon="-118.40706"><ele>1144.0</ele></trkpt>
      <trkpt lat="34.35140" lon="-118.40725"><ele>1144.0</ele></trkpt>
      <trkpt lat="34.35148" lon="-118.40744"><ele>1144.0</ele></trkpt>
      <trkpt lat="34.35155" lon="-118.40760"><ele>1144.0</ele></trkpt>
      <trkpt lat="34.35165" lon="-118.40766"><ele>1144.0</ele></trkpt>
      <trkpt lat="34.35180" lon="-118.40770"><ele>1144.0</ele></trkpt>
      <trkpt lat="34.35198" lon="-118.40772"><ele>1144.0</ele></trkpt>
      <trkpt lat="34.35212" lon="-118.40779"><ele>1144.0</ele></trkpt>
      <trkpt lat="34.35219" lon="-118.40791"><ele>1144.0</ele></trkpt>
      <trkpt lat="34.35224" lon="-118.40808"><ele>1144.0</ele></trkpt>
      <trkpt lat="34.35228" lon="-118.40832"><ele>1144.0</ele></trkpt>
      <trkpt lat="34.35231" lon="-118.40857"><ele>1144.0</ele></trkpt>
      <trkpt lat="34.35235" lon="-118.40868"><ele>1144.0</ele></trkpt>
      <trkpt lat="34.35247" lon="-118.40883"><ele>1156.0</ele></trkpt>
      <trkpt lat="34.35260" lon="-118.40886"><ele>1156.0</ele></trkpt>
      <trkpt lat="34.35275" lon="-118.40882"><ele>1156.0</ele></trkpt>
      <trkpt lat="34.35286" lon="-118.40887"><ele>1156.0</ele></trkpt>
      <trkpt lat="34.35295" lon="-118.40896"><ele>1156.0</ele></trkpt>
      <trkpt lat="34.35309" lon="-118.40896"><ele>1156.0</ele></trkpt>
      <trkpt lat="34.35322" lon="-118.40898"><ele>1156.0</ele></trkpt>
      <trkpt lat="34.35334" lon="-118.40903"><ele>1156.0</ele></trkpt>
      <trkpt lat="34.35339" lon="-118.40911"><ele>1156.0</ele></trkpt>
      <trkpt lat="34.35342" lon="-118.40926"><ele>1156.0</ele></trkpt>
      <trkpt lat="34.35342" lon="-118.40926"><ele>1156.0</ele></trkpt>
      <trkpt lat="34.35342" lon="-118.40937"><ele>1156.0</ele></trkpt>
      <trkpt lat="34.35341" lon="-118.40948"><ele>1156.0</ele></trkpt>
      <trkpt lat="34.35338" lon="-118.40963"><ele>1156.0</ele></trkpt>
      <trkpt lat="34.35327" lon="-118.40988"><ele>1156.0</ele></trkpt>
      <trkpt lat="34.35309" lon="-118.41012"><ele>1156.0</ele></trkpt>
      <trkpt lat="34.35288" lon="-118.41039"><ele>1156.0</ele></trkpt>
      <trkpt lat="34.35280" lon="-118.41058"><ele>1156.0</ele></trkpt>
      <trkpt lat="34.35277" lon="-118.41084"><ele>1156.0</ele></trkpt>
      <trkpt lat="34.35279" lon="-118.41105"><ele>1156.0</ele></trkpt>
      <trkpt lat="34.35286" lon="-118.41126"><ele>1156.0</ele></trkpt>
      <trkpt lat="34.35294" lon="-118.41140"><ele>1156.0</ele></trkpt>
      <trkpt lat="34.35297" lon="-118.41155"><ele>1156.0</ele></trkpt>
      <trkpt lat="34.35303" lon="-118.41171"><ele>1156.0</ele></trkpt>
      <trkpt lat="34.35308" lon="-118.41182"><ele>1156.0</ele></trkpt>
      <trkpt lat="34.35324" lon="-118.41198"><ele>1156.0</ele></trkpt>
      <trkpt lat="34.35346" lon="-118.41223"><ele>1156.0</ele></trkpt>
      <trkpt lat="34.35361" lon="-118.41242"><ele>1156.0</ele></trkpt>
      <trkpt lat="34.35377" lon="-118.41264"><ele>1156.0</ele></trkpt>
      <trkpt lat="34.35386" lon="-118.41291"><ele>1156.0</ele></trkpt>
      <trkpt lat="34.35398" lon="-118.41311"><ele>1156.0</ele></trkpt>
      <trkpt lat="34.35411" lon="-118.41324"><ele>1156.0</ele></trkpt>
      <trkpt lat="34.35427" lon="-118.41330"><ele>1156.0</ele></trkpt>
      <trkpt lat="34.35440" lon="-118.41334"><ele>1156.0</ele></trkpt>
      <trkpt lat="34.35450" lon="-118.41339"><ele>1156.0</ele></trkpt>
      <trkpt lat="34.35461" lon="-118.41357"><ele>1156.0</ele></trkpt>
      <trkpt lat="34.35468" lon="-118.41377"><ele>1156.0</ele></trkpt>
      <trkpt lat="34.35479" lon="-118.41401"><ele>1156.0</ele></trkpt>
      <trkpt lat="34.35483" lon="-118.41413"><ele>1156.0</ele></trkpt>
      <trkpt lat="34.35476" lon="-118.41429"><ele>1156.0</ele></trkpt>
      <trkpt lat="34.35463" lon="-118.41453"><ele>1156.0</ele></trkpt>
      <trkpt lat="34.35449" lon="-118.41477"><ele>1156.0</ele></trkpt>
      <trkpt lat="34.35444" lon="-118.41502"><ele>1156.0</ele></trkpt>
      <trkpt lat="34.35445" lon="-118.41525"><ele>1156.0</ele></trkpt>
      <trkpt lat="34.35453" lon="-118.41559"><ele>1156.0</ele></trkpt>
      <trkpt lat="34.35462" lon="-118.41584"><ele>1156.0</ele></trkpt>
      <trkpt lat="34.35471" lon="-118.41612"><ele>1131.0</ele></trkpt>
      <trkpt lat="34.35474" lon="-118.41634"><ele>1131.0</ele></trkpt>
      <trkpt lat="34.35467" lon="-118.41655"><ele>1131.0</ele></trkpt>
      <trkpt lat="34.35468" lon="-118.41685"><ele>1131.0</ele></trkpt>
      <trkpt lat="34.35477" lon="-118.41698"><ele>1131.0</ele></trkpt>
      <trkpt lat="34.35494" lon="-118.41709"><ele>1131.0</ele></trkpt>
      <trkpt lat="34.35510" lon="-118.41717"><ele>1131.0</ele></trkpt>
      <trkpt lat="34.35524" lon="-118.41722"><ele>1131.0</ele></trkpt>
      <trkpt lat="34.35538" lon="-118.41719"><ele>1131.0</ele></trkpt>
      <trkpt lat="34.35558" lon="-118.41709"><ele>1131.0</ele></trkpt>
      <trkpt lat="34.35569" lon="-118.41705"><ele>1131.0</ele></trkpt>
      <trkpt lat="34.35578" lon="-118.41709"><ele>1131.0</ele></trkpt>
      <trkpt lat="34.35587" lon="-118.41727"><ele>1131.0</ele></trkpt>
      <trkpt lat="34.35590" lon="-118.41746"><ele>1131.0</ele></trkpt>
      <trkpt lat="34.35593" lon="-118.41763"><ele>1131.0</ele></trkpt>
      <trkpt lat="34.35595" lon="-118.41767"><ele>1131.0</ele></trkpt>
      <trkpt lat="34.35593" lon="-118.41772"><ele>1131.0</ele></trkpt>
      <trkpt lat="34.35592" lon="-118.41775"><ele>1131.0</ele></trkpt>
      <trkpt lat="34.35584" lon="-118.41785"><ele>1131.0</ele></trkpt>
      <trkpt lat="34.35577" lon="-118.41794"><ele>1131.0</ele></trkpt>
      <trkpt lat="34.35567" lon="-118.41805"><ele>1131.0</ele></trkpt>
      <trkpt lat="34.35561" lon="-118.41807"><ele>1131.0</ele></trkpt>
      <trkpt lat="34.35541" lon="-118.41806"><ele>1131.0</ele></trkpt>
      <trkpt lat="34.35522" lon="-118.41810"><ele>1131.0</ele></trkpt>
      <trkpt lat="34.35504" lon="-118.41817"><ele>1131.0</ele></trkpt>
      <trkpt lat="34.35493" lon="-118.41832"><ele>1131.0</ele></trkpt>
      <trkpt lat="34.35492" lon="-118.41846"><ele>1131.0</ele></trkpt>
      <trkpt lat="34.35499" lon="-118.41867"><ele>1131.0</ele></trkpt>
      <trkpt lat="34.35505" lon="-118.41883"><ele>1131.0</ele></trkpt>
      <trkpt lat="34.35504" lon="-118.41905"><ele>1131.0</ele></trkpt>
      <trkpt lat="34.35499" lon="-118.41928"><ele>1131.0</ele></trkpt>
      <trkpt lat="34.35494" lon="-118.41957"><ele>1131.0</ele></trkpt>
      <trkpt lat="34.35490" lon="-118.41980"><ele>1131.0</ele></trkpt>
      <trkpt lat="34.35482" lon="-118.42010"><ele>1131.0</ele></trkpt>
      <trkpt lat="34.35473" lon="-118.42033"><ele>1131.0</ele></trkpt>
      <trkpt lat="34.35463" lon="-118.42051"><ele>1131.0</ele></trkpt>
      <trkpt lat="34.35450" lon="-118.42066"><ele>1131.0</ele></trkpt>
      <trkpt lat="34.35426" lon="-118.42075"><ele>1131.0</ele></trkpt>
      <trkpt lat="34.35391" lon="-118.42089"><ele>1131.0</ele></trkpt>
      <trkpt lat="34.35377" lon="-118.42094"><ele>1131.0</ele></trkpt>
      <trkpt lat="34.35373" lon="-118.42104"><ele>1131.0</ele></trkpt>
      <trkpt lat="34.35371" lon="-118.42130"><ele>1131.0</ele></trkpt>
      <trkpt lat="34.35368" lon="-118.42151"><ele>1131.0</ele></trkpt>
      <trkpt lat="34.35358" lon="-118.42170"><ele>1131.0</ele></trkpt>
      <trkpt lat="34.35346" lon="-118.42175"><ele>1131.0</ele></trkpt>
      <trkpt lat="34.35324" lon="-118.42173"><ele>1131.0</ele></trkpt>
      <trkpt lat="34.35311" lon="-118.42171"><ele>1131.0</ele></trkpt>
      <trkpt lat="34.35297" lon="-118.42183"><ele>1114.0</ele></trkpt>
      <trkpt lat="34.35279" lon="-118.42201"><ele>1114.0</ele></trkpt>
      <trkpt lat="34.35262" lon="-118.42214"><ele>1114.0</ele></trkpt>
      <trkpt lat="34.35246" lon="-118.42231"><ele>1114.0</ele></trkpt>
      <trkpt lat="34.35237" lon="-118.42247"><ele>1114.0</ele></trkpt>
      <trkpt lat="34.35236" lon="-118.42264"><ele>1114.0</ele></trkpt>
      <trkpt lat="34.35237" lon="-118.42271"><ele>1114.0</ele></trkpt>
      <trkpt lat="34.35240" lon="-118.42294"><ele>1114.0</ele></trkpt>
      <trkpt lat="34.35242" lon="-118.42314"><ele>1114.0</ele></trkpt>
      <trkpt lat="34.35240" lon="-118.42332"><ele>1114.0</ele></trkpt>
      <trkpt lat="34.35231" lon="-118.42360"><ele>1114.0</ele></trkpt>
      <trkpt lat="34.35226" lon="-118.42383"><ele>1114.0</ele></trkpt>
      <trkpt lat="34.35226" lon="-118.42404"><ele>1114.0</ele></trkpt>
      <trkpt lat="34.35227" lon="-118.42412"><ele>1114.0</ele></trkpt>
      <trkpt lat="34.35225" lon="-118.42433"><ele>1114.0</ele></trkpt>
      <trkpt lat="34.35224" lon="-118.42455"><ele>1114.0</ele></trkpt>
      <trkpt lat="34.35231" lon="-118.42467"><ele>1114.0</ele></trkpt>
      <trkpt lat="34.35248" lon="-118.42483"><ele>1114.0</ele></trkpt>
      <trkpt lat="34.35261" lon="-118.42502"><ele>1114.0</ele></trkpt>
      <trkpt lat="34.35277" lon="-118.42529"><ele>1114.0</ele></trkpt>
      <trkpt lat="34.35286" lon="-118.42548"><ele>1114.0</ele></trkpt>
      <trkpt lat="34.35286" lon="-118.42565"><ele>1114.0</ele></trkpt>
      <trkpt lat="34.35282" lon="-118.42594"><ele>1114.0</ele></trkpt>
      <trkpt lat="34.35280" lon="-118.42625"><ele>1114.0</ele></trkpt>
      <trkpt lat="34.35275" lon="-118.42657"><ele>1114.0</ele></trkpt>
      <trkpt lat="34.35278" lon="-118.42676"><ele>1114.0</ele></trkpt>
      <trkpt lat="34.35285" lon="-118.42686"><ele>1114.0</ele></trkpt>
      <trkpt lat="34.35294" lon="-118.42692"><ele>1114.0</ele></trkpt>
      <trkpt lat="34.35311" lon="-118.42700"><ele>1114.0</ele></trkpt>
      <trkpt lat="34.35329" lon="-118.42707"><ele>1114.0</ele></trkpt>
      <trkpt lat="34.35340" lon="-118.42718"><ele>1114.0</ele></trkpt>
      <trkpt lat="34.35344" lon="-118.42734"><ele>1114.0</ele></trkpt>
      <trkpt lat="34.35344" lon="-118.42760"><ele>1114.0</ele></trkpt>
      <trkpt lat="34.35349" lon="-118.42775"><ele>1114.0</ele></trkpt>
      <trkpt lat="34.35357" lon="-118.42786"><ele>1114.0</ele></trkpt>
      <trkpt lat="34.35370" lon="-118.42802"><ele>1114.0</ele></trkpt>
      <trkpt lat="34.35379" lon="-118.42824"><ele>1114.0</ele></trkpt>
      <trkpt lat="34.35377" lon="-118.42838"><ele>1114.0</ele></trkpt>
      <trkpt lat="34.35366" lon="-118.42861"><ele>1114.0</ele></trkpt>
      <trkpt lat="34.35357" lon="-118.42881"><ele>1114.0</ele></trkpt>
      <trkpt lat="34.35359" lon="-118.42900"><ele>1114.0</ele></trkpt>
      <trkpt lat="34.35368" lon="-118.42924"><ele>1114.0</ele></trkpt>
      <trkpt lat="34.35384" lon="-118.42946"><ele>1114.0</ele></trkpt>
      <trkpt lat="34.35399" lon="-118.42964"><ele>1114.0</ele></trkpt>
      <trkpt lat="34.35403" lon="-118.42975"><ele>1114.0</ele></trkpt>
      <trkpt lat="34.35399" lon="-118.43000"><ele>1114.0</ele></trkpt>
      <trkpt lat="34.35398" lon="-118.43014"><ele>1118.0</ele></trkpt>
      <trkpt lat="34.35402" lon="-118.43028"><ele>1118.0</ele></trkpt>
      <trkpt lat="34.35417" lon="-118.43040"><ele>1118.0</ele></trkpt>
      <trkpt lat="34.35431" lon="-118.43050"><ele>1118.0</ele></trkpt>
      <trkpt lat="34.35445" lon="-118.43063"><ele>1118.0</ele></trkpt>
      <trkpt lat="34.35453" lon="-118.43070"><ele>1118.0</ele></trkpt>
      <trkpt lat="34.35468" lon="-118.43068"><ele>1118.0</ele></trkpt>
      <trkpt lat="34.35484" lon="-118.43069"><ele>1118.0</ele></trkpt>
      <trkpt lat="34.35492" lon="-118.43076"><ele>1118.0</ele></trkpt>
      <trkpt lat="34.35497" lon="-118.43091"><ele>1118.0</ele></trkpt>
      <trkpt lat="34.35505" lon="-118.43104"><ele>1118.0</ele></trkpt>
      <trkpt lat="34.35507" lon="-118.43122"><ele>1118.0</ele></trkpt>
      <trkpt lat="34.35508" lon="-118.43137"><ele>1118.0</ele></trkpt>
      <trkpt lat="34.35520" lon="-118.43147"><ele>1118.0</ele></trkpt>
      <trkpt lat="34.35532" lon="-118.43152"><ele>1118.0</ele></trkpt>
      <trkpt lat="34.35541" lon="-118.43159"><ele>1118.0</ele></trkpt>
      <trkpt lat="34.35562" lon="-118.43173"><ele>1118.0</ele></trkpt>
      <trkpt lat="34.35571" lon="-118.43185"><ele>1118.0</ele></trkpt>
      <trkpt lat="34.35575" lon="-118.43207"><ele>1118.0</ele></trkpt>
      <trkpt lat="34.35583" lon="-118.43217"><ele>1118.0</ele></trkpt>
      <trkpt lat="34.35584" lon="-118.43217"><ele>1118.0</ele></trkpt>
      <trkpt lat="34.35596" lon="-118.43222"><ele>1118.0</ele></trkpt>
      <trkpt lat="34.35607" lon="-118.43223"><ele>1118.0</ele></trkpt>
      <trkpt lat="34.35619" lon="-118.43223"><ele>1118.0</ele></trkpt>
      <trkpt lat="34.35628" lon="-118.43218"><ele>1118.0</ele></trkpt>
      <trkpt lat="34.35642" lon="-118.43198"><ele>1118.0</ele></trkpt>
      <trkpt lat="34.35656" lon="-118.43186"><ele>1118.0</ele></trkpt>
      <trkpt lat="34.35674" lon="-118.43184"><ele>1118.0</ele></trkpt>
      <trkpt lat="34.35685" lon="-118.43187"><ele>1118.0</ele></trkpt>
      <trkpt lat="34.35701" lon="-118.43201"><ele>1118.0</ele></trkpt>
      <trkpt lat="34.35720" lon="-118.43223"><ele>1118.0</ele></trkpt>
      <trkpt lat="34.35737" lon="-118.43238"><ele>1118.0</ele></trkpt>
      <trkpt lat="34.35763" lon="-118.43249"><ele>1118.0</ele></trkpt>
      <trkpt lat="34.35791" lon="-118.43246"><ele>1118.0</ele></trkpt>
      <trkpt lat="34.35813" lon="-118.43248"><ele>1118.0</ele></trkpt>
      <trkpt lat="34.35831" lon="-118.43259"><ele>1118.0</ele></trkpt>
      <trkpt lat="34.35840" lon="-118.43277"><ele>1118.0</ele></trkpt>
      <trkpt lat="34.35855" lon="-118.43306"><ele>1118.0</ele></trkpt>
      <trkpt lat="34.35861" lon="-118.43327"><ele>1118.0</ele></trkpt>
      <trkpt lat="34.35861" lon="-118.43352"><ele>1118.0</ele></trkpt>
      <trkpt lat="34.35864" lon="-118.43369"><ele>1118.0</ele></trkpt>
      <trkpt lat="34.35872" lon="-118.43377"><ele>1118.0</ele></trkpt>
      <trkpt lat="34.35883" lon="-118.43387"><ele>1118.0</ele></trkpt>
      <trkpt lat="34.35897" lon="-118.43398"><ele>1118.0</ele></trkpt>
      <trkpt lat="34.35909" lon="-118.43411"><ele>1118.0</ele></trkpt>
      <trkpt lat="34.35919" lon="-118.43433"><ele>1118.0</ele></trkpt>
      <trkpt lat="34.35923" lon="-118.43463"><ele>1118.0</ele></trkpt>
      <trkpt lat="34.35923" lon="-118.43498"><ele>1051.0</ele></trkpt>
      <trkpt lat="34.35914" lon="-118.43532"><ele>1051.0</ele></trkpt>
      <trkpt lat="34.35906" lon="-118.43565"><ele>1051.0</ele></trkpt>
      <trkpt lat="34.35901" lon="-118.43597"><ele>1051.0</ele></trkpt>
      <trkpt lat="34.35893" lon="-118.43649"><ele>1051.0</ele></trkpt>
      <trkpt lat="34.35891" lon="-118.43681"><ele>1051.0</ele></trkpt>
      <trkpt lat="34.35896" lon="-118.43702"><ele>1051.0</ele></trkpt>
      <trkpt lat="34.35903" lon="-118.43711"><ele>1051.0</ele></trkpt>
      <trkpt lat="34.35923" lon="-118.43712"><ele>1051.0</ele></trkpt>
      <trkpt lat="34.35941" lon="-118.43712"><ele>1051.0</ele></trkpt>
      <trkpt lat="34.35960" lon="-118.43721"><ele>1051.0</ele></trkpt>
      <trkpt lat="34.35989" lon="-118.43733"><ele>1051.0</ele></trkpt>
      <trkpt lat="34.36018" lon="-118.43750"><ele>1051.0</ele></trkpt>
      <trkpt lat="34.36030" lon="-118.43761"><ele>1051.0</ele></trkpt>
      <trkpt lat="34.36036" lon="-118.43777"><ele>1051.0</ele></trkpt>
      <trkpt lat="34.36037" lon="-118.43792"><ele>1051.0</ele></trkpt>
      <trkpt lat="34.36027" lon="-118.43810"><ele>1051.0</ele></trkpt>
      <trkpt lat="34.36008" lon="-118.43836"><ele>1051.0</ele></trkpt>
      <trkpt lat="34.35988" lon="-118.43854"><ele>1051.0</ele></trkpt>
      <trkpt lat="34.35961" lon="-118.43871"><ele>1051.0</ele></trkpt>
      <trkpt lat="34.35942" lon="-118.43885"><ele>1051.0</ele></trkpt>
      <trkpt lat="34.35926" lon="-118.43894"><ele>1051.0</ele></trkpt>
      <trkpt lat="34.35920" lon="-118.43908"><ele>1051.0</ele></trkpt>
      <trkpt lat="34.35921" lon="-118.43930"><ele>1051.0</ele></trkpt>
      <trkpt lat="34.35924" lon="-118.43970"><ele>1051.0</ele></trkpt>
      <trkpt lat="34.35918" lon="-118.43999"><ele>1051.0</ele></trkpt>
      <trkpt lat="34.35906" lon="-118.44019"><ele>1051.0</ele></trkpt>
      <trkpt lat="34.35895" lon="-118.44049"><ele>1051.0</ele></trkpt>
      <trkpt lat="34.35880" lon="-118.44084"><ele>1051.0</ele></trkpt>
      <trkpt lat="34.35866" lon="-118.44101"><ele>1051.0</ele></trkpt>
      <trkpt lat="34.35853" lon="-118.44109"><ele>1051.0</ele></trkpt>
      <trkpt lat="34.35829" lon="-118.44122"><ele>1051.0</ele></trkpt>
      <trkpt lat="34.35808" lon="-118.44134"><ele>1051.0</ele></trkpt>
      <trkpt lat="34.35790" lon="-118.44153"><ele>1051.0</ele></trkpt>
      <trkpt lat="34.35772" lon="-118.44180"><ele>1051.0</ele></trkpt>
      <trkpt lat="34.35763" lon="-118.44198"><ele>1051.0</ele></trkpt>
      <trkpt lat="34.35761" lon="-118.44225"><ele>1051.0</ele></trkpt>
      <trkpt lat="34.35762" lon="-118.44253"><ele>1051.0</ele></trkpt>
      <trkpt lat="34.35761" lon="-118.44273"><ele>1051.0</ele></trkpt>
      <trkpt lat="34.35757" lon="-118.44309"><ele>1051.0</ele></trkpt>
      <trkpt lat="34.35758" lon="-118.44334"><ele>1051.0</ele></trkpt>
      <trkpt lat="34.35759" lon="-118.44363"><ele>1051.0</ele></trkpt>
      <trkpt lat="34.35760" lon="-118.44393"><ele>1051.0</ele></trkpt>
      <trkpt lat="34.35758" lon="-118.44421"><ele>1051.0</ele></trkpt>
      <trkpt lat="34.35762" lon="-118.44453"><ele>1051.0</ele></trkpt>
      <trkpt lat="34.35763" lon="-118.44479"><ele>1051.0</ele></trkpt>
      <trkpt lat="34.35759" lon="-118.44497"><ele>962.0</ele></trkpt>
      <trkpt lat="34.35747" lon="-118.44512"><ele>962.0</ele></trkpt>
      <trkpt lat="34.35729" lon="-118.44513"><ele>962.0</ele></trkpt>
      <trkpt lat="34.35716" lon="-118.44512"><ele>962.0</ele></trkpt>
      <trkpt lat="34.35688" lon="-118.44515"><ele>962.0</ele></trkpt>
      <trkpt lat="34.35657" lon="-118.44520"><ele>962.0</ele></trkpt>
      <trkpt lat="34.35631" lon="-118.44521"><ele>962.0</ele></trkpt>
      <trkpt lat="34.35591" lon="-118.44527"><ele>962.0</ele></trkpt>
      <trkpt lat="34.35564" lon="-118.44533"><ele>962.0</ele></trkpt>
      <trkpt lat="34.35554" lon="-118.44539"><ele>962.0</ele></trkpt>
      <trkpt lat="34.35544" lon="-118.44548"><ele>962.0</ele></trkpt>
      <trkpt lat="34.35534" lon="-118.44560"><ele>962.0</ele></trkpt>
      <trkpt lat="34.35534" lon="-118.44575"><ele>962.0</ele></trkpt>
      <trkpt lat="34.35546" lon="-118.44607"><ele>962.0</ele></trkpt>
      <trkpt lat="34.35572" lon="-118.44666"><ele>962.0</ele></trkpt>
      <trkpt lat="34.35592" lon="-118.44713"><ele>962.0</ele></trkpt>
      <trkpt lat="34.35608" lon="-118.44748"><ele>962.0</ele></trkpt>
      <trkpt lat="34.35615" lon="-118.44772"><ele>962.0</ele></trkpt>
      <trkpt lat="34.35629" lon="-118.44799"><ele>962.0</ele></trkpt>
      <trkpt lat="34.35635" lon="-118.44830"><ele>962.0</ele></trkpt>
      <trkpt lat="34.35637" lon="-118.44862"><ele>962.0</ele></trkpt>
      <trkpt lat="34.35631" lon="-118.44881"><ele>962.0</ele></trkpt>
      <trkpt lat="34.35622" lon="-118.44899"><ele>962.0</ele></trkpt>
      <trkpt lat="34.35602" lon="-118.44904"><ele>962.0</ele></trkpt>
      <trkpt lat="34.35594" lon="-118.44914"><ele>962.0</ele></trkpt>
      <trkpt lat="34.35589" lon="-118.44923"><ele>962.0</ele></trkpt>
      <trkpt lat="34.35583" lon="-118.44945"><ele>962.0</ele></trkpt>
      <trkpt lat="34.35584" lon="-118.44965"><ele>962.0</ele></trkpt>
      <trkpt lat="34.35586" lon="-118.44988"><ele>962.0</ele></trkpt>
      <trkpt lat="34.35586" lon="-118.45011"><ele>962.0</ele></trkpt>
      <trkpt lat="34.35578" lon="-118.45034"><ele>962.0</ele></trkpt>
      <trkpt lat="34.35567" lon="-118.45052"><ele>962.0</ele></trkpt>
      <trkpt lat="34.35556" lon="-118.45056"><ele>962.0</ele></trkpt>
      <trkpt lat="34.35546" lon="-118.45055"><ele>962.0</ele></trkpt>
      <trkpt lat="34.35528" lon="-118.45048"><ele>962.0</ele></trkpt>
      <trkpt lat="34.35516" lon="-118.45051"><ele>962.0</ele></trkpt>
      <trkpt lat="34.35509" lon="-118.45059"><ele>962.0</ele></trkpt>
      <trkpt lat="34.35508" lon="-118.45065"><ele>962.0</ele></trkpt>
      <trkpt lat="34.35525" lon="-118.45081"><ele>962.0</ele></trkpt>
      <trkpt lat="34.35549" lon="-118.45097"><ele>962.0</ele></trkpt>
      <trkpt lat="34.35567" lon="-118.45106"><ele>962.0</ele></trkpt>
      <trkpt lat="34.35578" lon="-118.45105"><ele>962.0</ele></trkpt>
      <trkpt lat="34.35603" lon="-118.45098"><ele>962.0</ele></trkpt>
      <trkpt lat="34.35612" lon="-118.45096"><ele>962.0</ele></trkpt>
      <trkpt lat="34.35636" lon="-118.45084"><ele>962.0</ele></trkpt>
      <trkpt lat="34.35649" lon="-118.45095"><ele>962.0</ele></trkpt>
      <trkpt lat="34.35654" lon="-118.45100"><ele>962.0</ele></trkpt>
      <trkpt lat="34.35663" lon="-118.45110"><ele>976.0</ele></trkpt>
      <trkpt lat="34.35681" lon="-118.45126"><ele>976.0</ele></trkpt>
      <trkpt lat="34.35695" lon="-118.45137"><ele>976.0</ele></trkpt>
      <trkpt lat="34.35707" lon="-118.45150"><ele>976.0</ele></trkpt>
      <trkpt lat="34.35714" lon="-118.45172"><ele>976.0</ele></trkpt>
      <trkpt lat="34.35721" lon="-118.45185"><ele>976.0</ele></trkpt>
      <trkpt lat="34.35730" lon="-118.45202"><ele>976.0</ele></trkpt>
      <trkpt lat="34.35741" lon="-118.45221"><ele>976.0</ele></trkpt>
      <trkpt lat="34.35748" lon="-118.45246"><ele>976.0</ele></trkpt>
      <trkpt lat="34.35755" lon="-118.45263"><ele>976.0</ele></trkpt>
      <trkpt lat="34.35768" lon="-118.45276"><ele>976.0</ele></trkpt>
      <trkpt lat="34.35784" lon="-118.45292"><ele>976.0</ele></trkpt>
      <trkpt lat="34.35804" lon="-118.45311"><ele>976.0</ele></trkpt>
      <trkpt lat="34.35817" lon="-118.45338"><ele>976.0</ele></trkpt>
      <trkpt lat="34.35831" lon="-118.45361"><ele>976.0</ele></trkpt>
      <trkpt lat="34.35840" lon="-118.45373"><ele>976.0</ele></trkpt>
      <trkpt lat="34.35852" lon="-118.45379"><ele>976.0</ele></trkpt>
      <trkpt lat="34.35866" lon="-118.45382"><ele>976.0</ele></trkpt>
      <trkpt lat="34.35871" lon="-118.45367"><ele>976.0</ele></trkpt>
      <trkpt lat="34.35879" lon="-118.45346"><ele>976.0</ele></trkpt>
      <trkpt lat="34.35892" lon="-118.45336"><ele>976.0</ele></trkpt>
      <trkpt lat="34.35908" lon="-118.45340"><ele>976.0</ele></trkpt>
      <trkpt lat="34.35910" lon="-118.45341"><ele>976.0</ele></trkpt>
    </trkseg>
  </trk>
</gpx>
