<?xml version="1.0" encoding="UTF-8"?>
<gpx version="1.1" creator="dirt-bikes build-loop-gpx (composite of existing route GPX)" xmlns="http://www.topografix.com/GPX/1/1">
  <metadata><name>San Jacinto: Idyllwild &amp; Black Mountain</name></metadata>
  <trk><name>Dark Canyon Road</name><trkseg>
    <trkpt lat="33.80991" lon="-116.74915"><ele>1843.0</ele></trkpt>
    <trkpt lat="33.80990" lon="-116.74910"><ele>1843.0</ele></trkpt>
    <trkpt lat="33.80990" lon="-116.74903"><ele>1843.0</ele></trkpt>
    <trkpt lat="33.80992" lon="-116.74896"><ele>1843.0</ele></trkpt>
    <trkpt lat="33.80996" lon="-116.74890"><ele>1843.0</ele></trkpt>
    <trkpt lat="33.80999" lon="-116.74885"><ele>1843.0</ele></trkpt>
    <trkpt lat="33.81015" lon="-116.74868"><ele>1843.0</ele></trkpt>
    <trkpt lat="33.81026" lon="-116.74858"><ele>1843.0</ele></trkpt>
    <trkpt lat="33.81031" lon="-116.74852"><ele>1843.0</ele></trkpt>
    <trkpt lat="33.81044" lon="-116.74840"><ele>1843.0</ele></trkpt>
    <trkpt lat="33.81052" lon="-116.74831"><ele>1843.0</ele></trkpt>
    <trkpt lat="33.81061" lon="-116.74822"><ele>1843.0</ele></trkpt>
    <trkpt lat="33.81068" lon="-116.74817"><ele>1843.0</ele></trkpt>
    <trkpt lat="33.81075" lon="-116.74812"><ele>1843.0</ele></trkpt>
    <trkpt lat="33.81082" lon="-116.74807"><ele>1843.0</ele></trkpt>
    <trkpt lat="33.81087" lon="-116.74801"><ele>1839.0</ele></trkpt>
    <trkpt lat="33.81092" lon="-116.74793"><ele>1839.0</ele></trkpt>
    <trkpt lat="33.81096" lon="-116.74783"><ele>1839.0</ele></trkpt>
    <trkpt lat="33.81099" lon="-116.74775"><ele>1839.0</ele></trkpt>
    <trkpt lat="33.81104" lon="-116.74764"><ele>1839.0</ele></trkpt>
    <trkpt lat="33.81108" lon="-116.74753"><ele>1839.0</ele></trkpt>
    <trkpt lat="33.81110" lon="-116.74744"><ele>1839.0</ele></trkpt>
    <trkpt lat="33.81113" lon="-116.74738"><ele>1839.0</ele></trkpt>
    <trkpt lat="33.81118" lon="-116.74727"><ele>1839.0</ele></trkpt>
    <trkpt lat="33.81122" lon="-116.74721"><ele>1839.0</ele></trkpt>
    <trkpt lat="33.81127" lon="-116.74712"><ele>1835.0</ele></trkpt>
    <trkpt lat="33.81132" lon="-116.74705"><ele>1835.0</ele></trkpt>
    <trkpt lat="33.81137" lon="-116.74699"><ele>1835.0</ele></trkpt>
    <trkpt lat="33.81144" lon="-116.74692"><ele>1835.0</ele></trkpt>
    <trkpt lat="33.81152" lon="-116.74687"><ele>1835.0</ele></trkpt>
    <trkpt lat="33.81159" lon="-116.74683"><ele>1835.0</ele></trkpt>
    <trkpt lat="33.81163" lon="-116.74681"><ele>1835.0</ele></trkpt>
    <trkpt lat="33.81166" lon="-116.74678"><ele>1835.0</ele></trkpt>
    <trkpt lat="33.81168" lon="-116.74675"><ele>1835.0</ele></trkpt>
    <trkpt lat="33.81168" lon="-116.74669"><ele>1833.0</ele></trkpt>
    <trkpt lat="33.81167" lon="-116.74664"><ele>1833.0</ele></trkpt>
    <trkpt lat="33.81166" lon="-116.74660"><ele>1833.0</ele></trkpt>
    <trkpt lat="33.81161" lon="-116.74654"><ele>1833.0</ele></trkpt>
    <trkpt lat="33.81154" lon="-116.74649"><ele>1833.0</ele></trkpt>
    <trkpt lat="33.81146" lon="-116.74639"><ele>1833.0</ele></trkpt>
    <trkpt lat="33.81141" lon="-116.74630"><ele>1833.0</ele></trkpt>
    <trkpt lat="33.81139" lon="-116.74625"><ele>1833.0</ele></trkpt>
    <trkpt lat="33.81136" lon="-116.74614"><ele>1833.0</ele></trkpt>
    <trkpt lat="33.81131" lon="-116.74595"><ele>1833.0</ele></trkpt>
    <trkpt lat="33.81126" lon="-116.74581"><ele>1833.0</ele></trkpt>
    <trkpt lat="33.81122" lon="-116.74571"><ele>1833.0</ele></trkpt>
    <trkpt lat="33.81114" lon="-116.74560"><ele>1833.0</ele></trkpt>
    <trkpt lat="33.81110" lon="-116.74551"><ele>1833.0</ele></trkpt>
    <trkpt lat="33.81107" lon="-116.74546"><ele>1833.0</ele></trkpt>
    <trkpt lat="33.81104" lon="-116.74535"><ele>1833.0</ele></trkpt>
    <trkpt lat="33.81103" lon="-116.74523"><ele>1833.0</ele></trkpt>
    <trkpt lat="33.81104" lon="-116.74516"><ele>1833.0</ele></trkpt>
    <trkpt lat="33.81106" lon="-116.74509"><ele>1833.0</ele></trkpt>
    <trkpt lat="33.81289" lon="-116.73336"><ele>1881.0</ele></trkpt>
    <trkpt lat="33.81288" lon="-116.73337"><ele>1881.0</ele></trkpt>
    <trkpt lat="33.81279" lon="-116.73343"><ele>1881.0</ele></trkpt>
    <trkpt lat="33.81268" lon="-116.73350"><ele>1881.0</ele></trkpt>
    <trkpt lat="33.81259" lon="-116.73357"><ele>1881.0</ele></trkpt>
    <trkpt lat="33.81253" lon="-116.73365"><ele>1881.0</ele></trkpt>
    <trkpt lat="33.81249" lon="-116.73372"><ele>1881.0</ele></trkpt>
    <trkpt lat="33.81244" lon="-116.73383"><ele>1881.0</ele></trkpt>
    <trkpt lat="33.81241" lon="-116.73391"><ele>1881.0</ele></trkpt>
    <trkpt lat="33.81236" lon="-116.73400"><ele>1881.0</ele></trkpt>
    <trkpt lat="33.81232" lon="-116.73406"><ele>1878.0</ele></trkpt>
    <trkpt lat="33.81225" lon="-116.73413"><ele>1878.0</ele></trkpt>
    <trkpt lat="33.81219" lon="-116.73418"><ele>1878.0</ele></trkpt>
    <trkpt lat="33.81213" lon="-116.73423"><ele>1878.0</ele></trkpt>
    <trkpt lat="33.81207" lon="-116.73429"><ele>1878.0</ele></trkpt>
    <trkpt lat="33.81202" lon="-116.73434"><ele>1878.0</ele></trkpt>
    <trkpt lat="33.81195" lon="-116.73437"><ele>1878.0</ele></trkpt>
    <trkpt lat="33.81186" lon="-116.73440"><ele>1878.0</ele></trkpt>
    <trkpt lat="33.81171" lon="-116.73446"><ele>1878.0</ele></trkpt>
    <trkpt lat="33.81163" lon="-116.73449"><ele>1892.0</ele></trkpt>
    <trkpt lat="33.81151" lon="-116.73452"><ele>1892.0</ele></trkpt>
    <trkpt lat="33.81145" lon="-116.73453"><ele>1892.0</ele></trkpt>
    <trkpt lat="33.81125" lon="-116.73456"><ele>1892.0</ele></trkpt>
    <trkpt lat="33.81119" lon="-116.73456"><ele>1892.0</ele></trkpt>
    <trkpt lat="33.81112" lon="-116.73460"><ele>1892.0</ele></trkpt>
    <trkpt lat="33.81106" lon="-116.73466"><ele>1892.0</ele></trkpt>
    <trkpt lat="33.81102" lon="-116.73471"><ele>1892.0</ele></trkpt>
    <trkpt lat="33.81100" lon="-116.73477"><ele>1892.0</ele></trkpt>
    <trkpt lat="33.81100" lon="-116.73483"><ele>1892.0</ele></trkpt>
    <trkpt lat="33.81100" lon="-116.73490"><ele>1887.0</ele></trkpt>
    <trkpt lat="33.81101" lon="-116.73496"><ele>1887.0</ele></trkpt>
    <trkpt lat="33.81104" lon="-116.73502"><ele>1887.0</ele></trkpt>
    <trkpt lat="33.81108" lon="-116.73507"><ele>1887.0</ele></trkpt>
    <trkpt lat="33.81110" lon="-116.73515"><ele>1887.0</ele></trkpt>
    <trkpt lat="33.81114" lon="-116.73524"><ele>1887.0</ele></trkpt>
    <trkpt lat="33.81115" lon="-116.73534"><ele>1887.0</ele></trkpt>
    <trkpt lat="33.81116" lon="-116.73542"><ele>1887.0</ele></trkpt>
    <trkpt lat="33.81115" lon="-116.73551"><ele>1887.0</ele></trkpt>
    <trkpt lat="33.81112" lon="-116.73562"><ele>1888.0</ele></trkpt>
    <trkpt lat="33.81108" lon="-116.73575"><ele>1888.0</ele></trkpt>
    <trkpt lat="33.81105" lon="-116.73583"><ele>1888.0</ele></trkpt>
    <trkpt lat="33.81102" lon="-116.73589"><ele>1888.0</ele></trkpt>
    <trkpt lat="33.81101" lon="-116.73593"><ele>1888.0</ele></trkpt>
    <trkpt lat="33.81101" lon="-116.73599"><ele>1888.0</ele></trkpt>
    <trkpt lat="33.81099" lon="-116.73606"><ele>1888.0</ele></trkpt>
    <trkpt lat="33.81098" lon="-116.73614"><ele>1888.0</ele></trkpt>
    <trkpt lat="33.81095" lon="-116.73623"><ele>1888.0</ele></trkpt>
    <trkpt lat="33.81089" lon="-116.73628"><ele>1888.0</ele></trkpt>
    <trkpt lat="33.81082" lon="-116.73630"><ele>1896.0</ele></trkpt>
    <trkpt lat="33.81076" lon="-116.73631"><ele>1896.0</ele></trkpt>
    <trkpt lat="33.81069" lon="-116.73628"><ele>1896.0</ele></trkpt>
    <trkpt lat="33.81065" lon="-116.73623"><ele>1896.0</ele></trkpt>
    <trkpt lat="33.81061" lon="-116.73615"><ele>1896.0</ele></trkpt>
    <trkpt lat="33.81060" lon="-116.73606"><ele>1896.0</ele></trkpt>
    <trkpt lat="33.81060" lon="-116.73598"><ele>1896.0</ele></trkpt>
    <trkpt lat="33.81062" lon="-116.73585"><ele>1896.0</ele></trkpt>
    <trkpt lat="33.81064" lon="-116.73569"><ele>1896.0</ele></trkpt>
    <trkpt lat="33.81063" lon="-116.73561"><ele>1903.0</ele></trkpt>
    <trkpt lat="33.81063" lon="-116.73554"><ele>1903.0</ele></trkpt>
    <trkpt lat="33.81061" lon="-116.73547"><ele>1903.0</ele></trkpt>
    <trkpt lat="33.81058" lon="-116.73542"><ele>1903.0</ele></trkpt>
    <trkpt lat="33.81054" lon="-116.73537"><ele>1903.0</ele></trkpt>
    <trkpt lat="33.81050" lon="-116.73531"><ele>1903.0</ele></trkpt>
    <trkpt lat="33.81046" lon="-116.73524"><ele>1903.0</ele></trkpt>
    <trkpt lat="33.81042" lon="-116.73517"><ele>1903.0</ele></trkpt>
    <trkpt lat="33.81041" lon="-116.73512"><ele>1903.0</ele></trkpt>
    <trkpt lat="33.81039" lon="-116.73505"><ele>1903.0</ele></trkpt>
    <trkpt lat="33.81036" lon="-116.73495"><ele>1920.0</ele></trkpt>
    <trkpt lat="33.81031" lon="-116.73485"><ele>1920.0</ele></trkpt>
    <trkpt lat="33.81023" lon="-116.73473"><ele>1920.0</ele></trkpt>
    <trkpt lat="33.81014" lon="-116.73464"><ele>1920.0</ele></trkpt>
    <trkpt lat="33.81005" lon="-116.73456"><ele>1920.0</ele></trkpt>
    <trkpt lat="33.80995" lon="-116.73448"><ele>1920.0</ele></trkpt>
    <trkpt lat="33.80989" lon="-116.73441"><ele>1920.0</ele></trkpt>
    <trkpt lat="33.80982" lon="-116.73433"><ele>1920.0</ele></trkpt>
    <trkpt lat="33.80972" lon="-116.73425"><ele>1920.0</ele></trkpt>
    <trkpt lat="33.80966" lon="-116.73420"><ele>1922.0</ele></trkpt>
    <trkpt lat="33.80961" lon="-116.73416"><ele>1922.0</ele></trkpt>
    <trkpt lat="33.80959" lon="-116.73415"><ele>1922.0</ele></trkpt>
    <trkpt lat="33.80955" lon="-116.73414"><ele>1922.0</ele></trkpt>
    <trkpt lat="33.80955" lon="-116.73414"><ele>1922.0</ele></trkpt>
    <trkpt lat="33.80954" lon="-116.73413"><ele>1922.0</ele></trkpt>
    <trkpt lat="33.80949" lon="-116.73413"><ele>1922.0</ele></trkpt>
    <trkpt lat="33.80944" lon="-116.73408"><ele>1922.0</ele></trkpt>
    <trkpt lat="33.80941" lon="-116.73403"><ele>1922.0</ele></trkpt>
    <trkpt lat="33.80939" lon="-116.73397"><ele>1922.0</ele></trkpt>
    <trkpt lat="33.80937" lon="-116.73388"><ele>1917.0</ele></trkpt>
    <trkpt lat="33.80935" lon="-116.73383"><ele>1917.0</ele></trkpt>
    <trkpt lat="33.80930" lon="-116.73372"><ele>1917.0</ele></trkpt>
    <trkpt lat="33.80927" lon="-116.73362"><ele>1917.0</ele></trkpt>
    <trkpt lat="33.80924" lon="-116.73353"><ele>1917.0</ele></trkpt>
    <trkpt lat="33.80923" lon="-116.73347"><ele>1917.0</ele></trkpt>
    <trkpt lat="33.80923" lon="-116.73338"><ele>1917.0</ele></trkpt>
    <trkpt lat="33.80923" lon="-116.73324"><ele>1917.0</ele></trkpt>
    <trkpt lat="33.80925" lon="-116.73305"><ele>1917.0</ele></trkpt>
    <trkpt lat="33.80927" lon="-116.73289"><ele>1921.0</ele></trkpt>
    <trkpt lat="33.80929" lon="-116.73266"><ele>1921.0</ele></trkpt>
    <trkpt lat="33.80931" lon="-116.73254"><ele>1921.0</ele></trkpt>
    <trkpt lat="33.80936" lon="-116.73232"><ele>1921.0</ele></trkpt>
    <trkpt lat="33.80942" lon="-116.73205"><ele>1921.0</ele></trkpt>
    <trkpt lat="33.80945" lon="-116.73191"><ele>1921.0</ele></trkpt>
    <trkpt lat="33.80947" lon="-116.73184"><ele>1921.0</ele></trkpt>
    <trkpt lat="33.80946" lon="-116.73177"><ele>1921.0</ele></trkpt>
    <trkpt lat="33.80944" lon="-116.73168"><ele>1921.0</ele></trkpt>
    <trkpt lat="33.80942" lon="-116.73160"><ele>1921.0</ele></trkpt>
    <trkpt lat="33.80938" lon="-116.73149"><ele>1917.0</ele></trkpt>
    <trkpt lat="33.80937" lon="-116.73143"><ele>1917.0</ele></trkpt>
    <trkpt lat="33.80937" lon="-116.73135"><ele>1917.0</ele></trkpt>
    <trkpt lat="33.80939" lon="-116.73130"><ele>1917.0</ele></trkpt>
    <trkpt lat="33.80942" lon="-116.73123"><ele>1917.0</ele></trkpt>
    <trkpt lat="33.80952" lon="-116.73107"><ele>1917.0</ele></trkpt>
    <trkpt lat="33.80962" lon="-116.73087"><ele>1917.0</ele></trkpt>
    <trkpt lat="33.80970" lon="-116.73072"><ele>1917.0</ele></trkpt>
    <trkpt lat="33.80976" lon="-116.73065"><ele>1917.0</ele></trkpt>
    <trkpt lat="33.80979" lon="-116.73057"><ele>1917.0</ele></trkpt>
    <trkpt lat="33.80979" lon="-116.73053"><ele>1920.0</ele></trkpt>
    <trkpt lat="33.80977" lon="-116.73045"><ele>1920.0</ele></trkpt>
    <trkpt lat="33.80973" lon="-116.73038"><ele>1920.0</ele></trkpt>
    <trkpt lat="33.80969" lon="-116.73033"><ele>1920.0</ele></trkpt>
    <trkpt lat="33.80962" lon="-116.73026"><ele>1920.0</ele></trkpt>
    <trkpt lat="33.80959" lon="-116.73022"><ele>1920.0</ele></trkpt>
    <trkpt lat="33.80956" lon="-116.73015"><ele>1920.0</ele></trkpt>
    <trkpt lat="33.80951" lon="-116.73008"><ele>1920.0</ele></trkpt>
    <trkpt lat="33.80944" lon="-116.73004"><ele>1920.0</ele></trkpt>
    <trkpt lat="33.80938" lon="-116.73002"><ele>1913.0</ele></trkpt>
    <trkpt lat="33.80933" lon="-116.73002"><ele>1913.0</ele></trkpt>
    <trkpt lat="33.80928" lon="-116.73000"><ele>1913.0</ele></trkpt>
    <trkpt lat="33.80924" lon="-116.72997"><ele>1913.0</ele></trkpt>
    <trkpt lat="33.80921" lon="-116.72993"><ele>1913.0</ele></trkpt>
    <trkpt lat="33.80918" lon="-116.72985"><ele>1913.0</ele></trkpt>
    <trkpt lat="33.80915" lon="-116.72977"><ele>1913.0</ele></trkpt>
    <trkpt lat="33.80913" lon="-116.72971"><ele>1913.0</ele></trkpt>
    <trkpt lat="33.80909" lon="-116.72968"><ele>1913.0</ele></trkpt>
    <trkpt lat="33.80905" lon="-116.72967"><ele>1913.0</ele></trkpt>
    <trkpt lat="33.80901" lon="-116.72970"><ele>1908.0</ele></trkpt>
    <trkpt lat="33.80898" lon="-116.72975"><ele>1908.0</ele></trkpt>
    <trkpt lat="33.80896" lon="-116.72984"><ele>1908.0</ele></trkpt>
    <trkpt lat="33.80895" lon="-116.72994"><ele>1908.0</ele></trkpt>
    <trkpt lat="33.80895" lon="-116.73002"><ele>1908.0</ele></trkpt>
    <trkpt lat="33.80896" lon="-116.73009"><ele>1908.0</ele></trkpt>
    <trkpt lat="33.80899" lon="-116.73016"><ele>1908.0</ele></trkpt>
    <trkpt lat="33.80901" lon="-116.73023"><ele>1908.0</ele></trkpt>
    <trkpt lat="33.80906" lon="-116.73027"><ele>1908.0</ele></trkpt>
    <trkpt lat="33.80914" lon="-116.73033"><ele>1911.0</ele></trkpt>
    <trkpt lat="33.80919" lon="-116.73040"><ele>1911.0</ele></trkpt>
    <trkpt lat="33.80923" lon="-116.73050"><ele>1911.0</ele></trkpt>
    <trkpt lat="33.80925" lon="-116.73054"><ele>1911.0</ele></trkpt>
    <trkpt lat="33.80926" lon="-116.73064"><ele>1911.0</ele></trkpt>
    <trkpt lat="33.80926" lon="-116.73071"><ele>1911.0</ele></trkpt>
    <trkpt lat="33.80924" lon="-116.73077"><ele>1911.0</ele></trkpt>
    <trkpt lat="33.80919" lon="-116.73082"><ele>1911.0</ele></trkpt>
    <trkpt lat="33.80910" lon="-116.73088"><ele>1911.0</ele></trkpt>
    <trkpt lat="33.80899" lon="-116.73096"><ele>1911.0</ele></trkpt>
    <trkpt lat="33.80887" lon="-116.73102"><ele>1898.0</ele></trkpt>
    <trkpt lat="33.80876" lon="-116.73105"><ele>1898.0</ele></trkpt>
    <trkpt lat="33.80870" lon="-116.73106"><ele>1898.0</ele></trkpt>
    <trkpt lat="33.80858" lon="-116.73105"><ele>1898.0</ele></trkpt>
    <trkpt lat="33.80845" lon="-116.73107"><ele>1898.0</ele></trkpt>
    <trkpt lat="33.80831" lon="-116.73113"><ele>1898.0</ele></trkpt>
    <trkpt lat="33.80819" lon="-116.73118"><ele>1898.0</ele></trkpt>
    <trkpt lat="33.80807" lon="-116.73125"><ele>1898.0</ele></trkpt>
    <trkpt lat="33.80797" lon="-116.73131"><ele>1898.0</ele></trkpt>
    <trkpt lat="33.80790" lon="-116.73138"><ele>1883.0</ele></trkpt>
    <trkpt lat="33.80785" lon="-116.73144"><ele>1883.0</ele></trkpt>
    <trkpt lat="33.80783" lon="-116.73151"><ele>1883.0</ele></trkpt>
    <trkpt lat="33.80780" lon="-116.73163"><ele>1883.0</ele></trkpt>
    <trkpt lat="33.80779" lon="-116.73174"><ele>1883.0</ele></trkpt>
    <trkpt lat="33.80776" lon="-116.73189"><ele>1883.0</ele></trkpt>
    <trkpt lat="33.80772" lon="-116.73212"><ele>1883.0</ele></trkpt>
    <trkpt lat="33.80771" lon="-116.73232"><ele>1883.0</ele></trkpt>
    <trkpt lat="33.80771" lon="-116.73241"><ele>1883.0</ele></trkpt>
    <trkpt lat="33.80773" lon="-116.73250"><ele>1883.0</ele></trkpt>
    <trkpt lat="33.80777" lon="-116.73260"><ele>1885.0</ele></trkpt>
    <trkpt lat="33.80781" lon="-116.73263"><ele>1885.0</ele></trkpt>
    <trkpt lat="33.80787" lon="-116.73269"><ele>1885.0</ele></trkpt>
    <trkpt lat="33.80792" lon="-116.73274"><ele>1885.0</ele></trkpt>
    <trkpt lat="33.80798" lon="-116.73277"><ele>1885.0</ele></trkpt>
    <trkpt lat="33.80800" lon="-116.73284"><ele>1885.0</ele></trkpt>
    <trkpt lat="33.80801" lon="-116.73292"><ele>1885.0</ele></trkpt>
    <trkpt lat="33.80801" lon="-116.73303"><ele>1885.0</ele></trkpt>
    <trkpt lat="33.80800" lon="-116.73317"><ele>1885.0</ele></trkpt>
    <trkpt lat="33.80797" lon="-116.73330"><ele>1883.0</ele></trkpt>
    <trkpt lat="33.80790" lon="-116.73343"><ele>1883.0</ele></trkpt>
    <trkpt lat="33.80785" lon="-116.73350"><ele>1883.0</ele></trkpt>
    <trkpt lat="33.80778" lon="-116.73355"><ele>1883.0</ele></trkpt>
    <trkpt lat="33.80768" lon="-116.73359"><ele>1883.0</ele></trkpt>
    <trkpt lat="33.80762" lon="-116.73360"><ele>1883.0</ele></trkpt>
    <trkpt lat="33.80755" lon="-116.73359"><ele>1883.0</ele></trkpt>
    <trkpt lat="33.80749" lon="-116.73357"><ele>1883.0</ele></trkpt>
    <trkpt lat="33.80740" lon="-116.73356"><ele>1883.0</ele></trkpt>
    <trkpt lat="33.80733" lon="-116.73356"><ele>1883.0</ele></trkpt>
    <trkpt lat="33.80726" lon="-116.73358"><ele>1872.0</ele></trkpt>
    <trkpt lat="33.80718" lon="-116.73362"><ele>1872.0</ele></trkpt>
    <trkpt lat="33.80711" lon="-116.73367"><ele>1872.0</ele></trkpt>
    <trkpt lat="33.80705" lon="-116.73375"><ele>1872.0</ele></trkpt>
    <trkpt lat="33.80702" lon="-116.73383"><ele>1872.0</ele></trkpt>
    <trkpt lat="33.80700" lon="-116.73388"><ele>1872.0</ele></trkpt>
    <trkpt lat="33.80698" lon="-116.73398"><ele>1872.0</ele></trkpt>
    <trkpt lat="33.80694" lon="-116.73404"><ele>1872.0</ele></trkpt>
    <trkpt lat="33.80688" lon="-116.73410"><ele>1872.0</ele></trkpt>
    <trkpt lat="33.80681" lon="-116.73412"><ele>1871.0</ele></trkpt>
    <trkpt lat="33.80674" lon="-116.73414"><ele>1871.0</ele></trkpt>
    <trkpt lat="33.80668" lon="-116.73418"><ele>1871.0</ele></trkpt>
    <trkpt lat="33.80662" lon="-116.73421"><ele>1871.0</ele></trkpt>
    <trkpt lat="33.80654" lon="-116.73428"><ele>1871.0</ele></trkpt>
    <trkpt lat="33.80649" lon="-116.73435"><ele>1871.0</ele></trkpt>
    <trkpt lat="33.80643" lon="-116.73442"><ele>1871.0</ele></trkpt>
    <trkpt lat="33.80638" lon="-116.73448"><ele>1871.0</ele></trkpt>
    <trkpt lat="33.80633" lon="-116.73452"><ele>1871.0</ele></trkpt>
    <trkpt lat="33.80627" lon="-116.73454"><ele>1871.0</ele></trkpt>
    <trkpt lat="33.80622" lon="-116.73454"><ele>1862.0</ele></trkpt>
    <trkpt lat="33.80616" lon="-116.73454"><ele>1862.0</ele></trkpt>
    <trkpt lat="33.80606" lon="-116.73451"><ele>1862.0</ele></trkpt>
    <trkpt lat="33.80594" lon="-116.73448"><ele>1862.0</ele></trkpt>
    <trkpt lat="33.80583" lon="-116.73442"><ele>1862.0</ele></trkpt>
    <trkpt lat="33.80565" lon="-116.73435"><ele>1862.0</ele></trkpt>
    <trkpt lat="33.80552" lon="-116.73432"><ele>1862.0</ele></trkpt>
    <trkpt lat="33.80543" lon="-116.73434"><ele>1862.0</ele></trkpt>
    <trkpt lat="33.80534" lon="-116.73440"><ele>1862.0</ele></trkpt>
    <trkpt lat="33.80524" lon="-116.73448"><ele>1853.0</ele></trkpt>
    <trkpt lat="33.80517" lon="-116.73454"><ele>1853.0</ele></trkpt>
    <trkpt lat="33.80513" lon="-116.73460"><ele>1853.0</ele></trkpt>
    <trkpt lat="33.80509" lon="-116.73468"><ele>1853.0</ele></trkpt>
    <trkpt lat="33.80507" lon="-116.73477"><ele>1853.0</ele></trkpt>
    <trkpt lat="33.80505" lon="-116.73483"><ele>1853.0</ele></trkpt>
    <trkpt lat="33.80499" lon="-116.73489"><ele>1853.0</ele></trkpt>
    <trkpt lat="33.80495" lon="-116.73491"><ele>1853.0</ele></trkpt>
    <trkpt lat="33.80488" lon="-116.73492"><ele>1853.0</ele></trkpt>
    <trkpt lat="33.80480" lon="-116.73494"><ele>1853.0</ele></trkpt>
    <trkpt lat="33.80474" lon="-116.73498"><ele>1850.0</ele></trkpt>
    <trkpt lat="33.80470" lon="-116.73502"><ele>1850.0</ele></trkpt>
    <trkpt lat="33.80465" lon="-116.73509"><ele>1850.0</ele></trkpt>
    <trkpt lat="33.80459" lon="-116.73516"><ele>1850.0</ele></trkpt>
    <trkpt lat="33.80453" lon="-116.73522"><ele>1850.0</ele></trkpt>
    <trkpt lat="33.80445" lon="-116.73532"><ele>1850.0</ele></trkpt>
    <trkpt lat="33.80440" lon="-116.73539"><ele>1850.0</ele></trkpt>
    <trkpt lat="33.80437" lon="-116.73548"><ele>1850.0</ele></trkpt>
    <trkpt lat="33.80434" lon="-116.73553"><ele>1850.0</ele></trkpt>
    <trkpt lat="33.80429" lon="-116.73558"><ele>1850.0</ele></trkpt>
    <trkpt lat="33.80425" lon="-116.73559"><ele>1850.0</ele></trkpt>
    <trkpt lat="33.80421" lon="-116.73559"><ele>1850.0</ele></trkpt>
    <trkpt lat="33.80414" lon="-116.73559"><ele>1850.0</ele></trkpt>
    <trkpt lat="33.80404" lon="-116.73559"><ele>1850.0</ele></trkpt>
    <trkpt lat="33.80397" lon="-116.73561"><ele>1850.0</ele></trkpt>
    <trkpt lat="33.80390" lon="-116.73564"><ele>1850.0</ele></trkpt>
    <trkpt lat="33.80379" lon="-116.73569"><ele>1850.0</ele></trkpt>
    <trkpt lat="33.80371" lon="-116.73573"><ele>1850.0</ele></trkpt>
    <trkpt lat="33.80362" lon="-116.73575"><ele>1850.0</ele></trkpt>
    <trkpt lat="33.80356" lon="-116.73579"><ele>1845.0</ele></trkpt>
    <trkpt lat="33.80349" lon="-116.73583"><ele>1845.0</ele></trkpt>
    <trkpt lat="33.80339" lon="-116.73590"><ele>1845.0</ele></trkpt>
    <trkpt lat="33.80333" lon="-116.73592"><ele>1845.0</ele></trkpt>
    <trkpt lat="33.80328" lon="-116.73593"><ele>1845.0</ele></trkpt>
    <trkpt lat="33.80322" lon="-116.73589"><ele>1845.0</ele></trkpt>
    <trkpt lat="33.80318" lon="-116.73584"><ele>1845.0</ele></trkpt>
    <trkpt lat="33.80316" lon="-116.73576"><ele>1845.0</ele></trkpt>
    <trkpt lat="33.80317" lon="-116.73568"><ele>1845.0</ele></trkpt>
    <trkpt lat="33.80321" lon="-116.73558"><ele>1835.0</ele></trkpt>
    <trkpt lat="33.80327" lon="-116.73553"><ele>1835.0</ele></trkpt>
    <trkpt lat="33.80332" lon="-116.73546"><ele>1835.0</ele></trkpt>
    <trkpt lat="33.80339" lon="-116.73542"><ele>1835.0</ele></trkpt>
    <trkpt lat="33.80347" lon="-116.73540"><ele>1835.0</ele></trkpt>
    <trkpt lat="33.80358" lon="-116.73538"><ele>1835.0</ele></trkpt>
    <trkpt lat="33.80371" lon="-116.73536"><ele>1835.0</ele></trkpt>
    <trkpt lat="33.80378" lon="-116.73533"><ele>1835.0</ele></trkpt>
    <trkpt lat="33.80383" lon="-116.73531"><ele>1835.0</ele></trkpt>
    <trkpt lat="33.80386" lon="-116.73527"><ele>1835.0</ele></trkpt>
    <trkpt lat="33.80389" lon="-116.73526"><ele>1839.0</ele></trkpt>
    <trkpt lat="33.80393" lon="-116.73524"><ele>1839.0</ele></trkpt>
    <trkpt lat="33.80398" lon="-116.73524"><ele>1839.0</ele></trkpt>
    <trkpt lat="33.80403" lon="-116.73522"><ele>1839.0</ele></trkpt>
    <trkpt lat="33.80408" lon="-116.73520"><ele>1839.0</ele></trkpt>
    <trkpt lat="33.80411" lon="-116.73515"><ele>1839.0</ele></trkpt>
    <trkpt lat="33.80415" lon="-116.73508"><ele>1839.0</ele></trkpt>
    <trkpt lat="33.80420" lon="-116.73497"><ele>1839.0</ele></trkpt>
    <trkpt lat="33.80427" lon="-116.73485"><ele>1839.0</ele></trkpt>
    <trkpt lat="33.80436" lon="-116.73474"><ele>1832.0</ele></trkpt>
    <trkpt lat="33.80441" lon="-116.73470"><ele>1832.0</ele></trkpt>
    <trkpt lat="33.80448" lon="-116.73464"><ele>1832.0</ele></trkpt>
    <trkpt lat="33.80451" lon="-116.73457"><ele>1832.0</ele></trkpt>
    <trkpt lat="33.80454" lon="-116.73450"><ele>1832.0</ele></trkpt>
    <trkpt lat="33.80454" lon="-116.73446"><ele>1832.0</ele></trkpt>
    <trkpt lat="33.80454" lon="-116.73436"><ele>1832.0</ele></trkpt>
    <trkpt lat="33.80454" lon="-116.73425"><ele>1832.0</ele></trkpt>
    <trkpt lat="33.80455" lon="-116.73417"><ele>1832.0</ele></trkpt>
    <trkpt lat="33.80457" lon="-116.73407"><ele>1832.0</ele></trkpt>
    <trkpt lat="33.80461" lon="-116.73398"><ele>1822.0</ele></trkpt>
    <trkpt lat="33.80465" lon="-116.73390"><ele>1822.0</ele></trkpt>
    <trkpt lat="33.80469" lon="-116.73384"><ele>1822.0</ele></trkpt>
    <trkpt lat="33.80474" lon="-116.73380"><ele>1822.0</ele></trkpt>
    <trkpt lat="33.80481" lon="-116.73373"><ele>1822.0</ele></trkpt>
    <trkpt lat="33.80489" lon="-116.73367"><ele>1822.0</ele></trkpt>
    <trkpt lat="33.80495" lon="-116.73361"><ele>1822.0</ele></trkpt>
    <trkpt lat="33.80509" lon="-116.73348"><ele>1822.0</ele></trkpt>
    <trkpt lat="33.80522" lon="-116.73338"><ele>1822.0</ele></trkpt>
    <trkpt lat="33.80531" lon="-116.73331"><ele>1822.0</ele></trkpt>
    <trkpt lat="33.80539" lon="-116.73325"><ele>1822.0</ele></trkpt>
    <trkpt lat="33.80546" lon="-116.73321"><ele>1822.0</ele></trkpt>
    <trkpt lat="33.80553" lon="-116.73316"><ele>1822.0</ele></trkpt>
    <trkpt lat="33.80558" lon="-116.73311"><ele>1822.0</ele></trkpt>
    <trkpt lat="33.80562" lon="-116.73305"><ele>1822.0</ele></trkpt>
    <trkpt lat="33.80563" lon="-116.73301"><ele>1822.0</ele></trkpt>
    <trkpt lat="33.80563" lon="-116.73295"><ele>1822.0</ele></trkpt>
    <trkpt lat="33.80561" lon="-116.73290"><ele>1822.0</ele></trkpt>
    <trkpt lat="33.80557" lon="-116.73284"><ele>1822.0</ele></trkpt>
    <trkpt lat="33.80551" lon="-116.73283"><ele>1817.0</ele></trkpt>
    <trkpt lat="33.80546" lon="-116.73284"><ele>1817.0</ele></trkpt>
    <trkpt lat="33.80541" lon="-116.73290"><ele>1817.0</ele></trkpt>
    <trkpt lat="33.80537" lon="-116.73298"><ele>1817.0</ele></trkpt>
    <trkpt lat="33.80534" lon="-116.73306"><ele>1817.0</ele></trkpt>
    <trkpt lat="33.80531" lon="-116.73312"><ele>1817.0</ele></trkpt>
    <trkpt lat="33.80528" lon="-116.73316"><ele>1817.0</ele></trkpt>
    <trkpt lat="33.80524" lon="-116.73319"><ele>1817.0</ele></trkpt>
    <trkpt lat="33.80516" lon="-116.73324"><ele>1817.0</ele></trkpt>
    <trkpt lat="33.80508" lon="-116.73328"><ele>1817.0</ele></trkpt>
    <trkpt lat="33.80500" lon="-116.73332"><ele>1813.0</ele></trkpt>
    <trkpt lat="33.80493" lon="-116.73336"><ele>1813.0</ele></trkpt>
    <trkpt lat="33.80483" lon="-116.73344"><ele>1813.0</ele></trkpt>
    <trkpt lat="33.80475" lon="-116.73350"><ele>1813.0</ele></trkpt>
    <trkpt lat="33.80460" lon="-116.73360"><ele>1813.0</ele></trkpt>
    <trkpt lat="33.80452" lon="-116.73365"><ele>1813.0</ele></trkpt>
    <trkpt lat="33.80444" lon="-116.73372"><ele>1813.0</ele></trkpt>
    <trkpt lat="33.80437" lon="-116.73377"><ele>1813.0</ele></trkpt>
    <trkpt lat="33.80432" lon="-116.73382"><ele>1813.0</ele></trkpt>
    <trkpt lat="33.80426" lon="-116.73389"><ele>1812.0</ele></trkpt>
    <trkpt lat="33.80420" lon="-116.73398"><ele>1812.0</ele></trkpt>
    <trkpt lat="33.80417" lon="-116.73406"><ele>1812.0</ele></trkpt>
    <trkpt lat="33.80414" lon="-116.73414"><ele>1812.0</ele></trkpt>
    <trkpt lat="33.80410" lon="-116.73417"><ele>1812.0</ele></trkpt>
    <trkpt lat="33.80401" lon="-116.73421"><ele>1812.0</ele></trkpt>
    <trkpt lat="33.80393" lon="-116.73425"><ele>1812.0</ele></trkpt>
    <trkpt lat="33.80385" lon="-116.73429"><ele>1812.0</ele></trkpt>
    <trkpt lat="33.80379" lon="-116.73432"><ele>1812.0</ele></trkpt>
    <trkpt lat="33.80377" lon="-116.73431"><ele>1812.0</ele></trkpt>
    <trkpt lat="33.80370" lon="-116.73431"><ele>1803.0</ele></trkpt>
    <trkpt lat="33.80360" lon="-116.73429"><ele>1803.0</ele></trkpt>
    <trkpt lat="33.80348" lon="-116.73425"><ele>1803.0</ele></trkpt>
    <trkpt lat="33.80336" lon="-116.73423"><ele>1803.0</ele></trkpt>
    <trkpt lat="33.80329" lon="-116.73424"><ele>1803.0</ele></trkpt>
    <trkpt lat="33.80320" lon="-116.73424"><ele>1803.0</ele></trkpt>
    <trkpt lat="33.80309" lon="-116.73424"><ele>1803.0</ele></trkpt>
    <trkpt lat="33.80299" lon="-116.73425"><ele>1803.0</ele></trkpt>
    <trkpt lat="33.80289" lon="-116.73426"><ele>1803.0</ele></trkpt>
    <trkpt lat="33.80284" lon="-116.73427"><ele>1789.0</ele></trkpt>
    <trkpt lat="33.80277" lon="-116.73427"><ele>1789.0</ele></trkpt>
    <trkpt lat="33.80274" lon="-116.73426"><ele>1789.0</ele></trkpt>
    <trkpt lat="33.80269" lon="-116.73421"><ele>1789.0</ele></trkpt>
    <trkpt lat="33.80267" lon="-116.73413"><ele>1789.0</ele></trkpt>
    <trkpt lat="33.80267" lon="-116.73407"><ele>1789.0</ele></trkpt>
    <trkpt lat="33.80270" lon="-116.73397"><ele>1789.0</ele></trkpt>
    <trkpt lat="33.80273" lon="-116.73392"><ele>1789.0</ele></trkpt>
    <trkpt lat="33.80278" lon="-116.73391"><ele>1789.0</ele></trkpt>
    <trkpt lat="33.80288" lon="-116.73389"><ele>1789.0</ele></trkpt>
    <trkpt lat="33.80299" lon="-116.73389"><ele>1799.0</ele></trkpt>
    <trkpt lat="33.80310" lon="-116.73391"><ele>1799.0</ele></trkpt>
    <trkpt lat="33.80319" lon="-116.73392"><ele>1799.0</ele></trkpt>
    <trkpt lat="33.80331" lon="-116.73393"><ele>1799.0</ele></trkpt>
    <trkpt lat="33.80345" lon="-116.73394"><ele>1799.0</ele></trkpt>
    <trkpt lat="33.80351" lon="-116.73394"><ele>1799.0</ele></trkpt>
    <trkpt lat="33.80358" lon="-116.73394"><ele>1799.0</ele></trkpt>
    <trkpt lat="33.80365" lon="-116.73394"><ele>1799.0</ele></trkpt>
    <trkpt lat="33.80370" lon="-116.73392"><ele>1799.0</ele></trkpt>
    <trkpt lat="33.80375" lon="-116.73387"><ele>1796.0</ele></trkpt>
    <trkpt lat="33.80377" lon="-116.73379"><ele>1796.0</ele></trkpt>
    <trkpt lat="33.80378" lon="-116.73369"><ele>1796.0</ele></trkpt>
    <trkpt lat="33.80380" lon="-116.73361"><ele>1796.0</ele></trkpt>
    <trkpt lat="33.80383" lon="-116.73354"><ele>1796.0</ele></trkpt>
    <trkpt lat="33.80391" lon="-116.73344"><ele>1796.0</ele></trkpt>
    <trkpt lat="33.80398" lon="-116.73336"><ele>1796.0</ele></trkpt>
    <trkpt lat="33.80402" lon="-116.73329"><ele>1796.0</ele></trkpt>
    <trkpt lat="33.80406" lon="-116.73323"><ele>1796.0</ele></trkpt>
    <trkpt lat="33.80413" lon="-116.73319"><ele>1796.0</ele></trkpt>
    <trkpt lat="33.80419" lon="-116.73315"><ele>1795.0</ele></trkpt>
    <trkpt lat="33.80423" lon="-116.73310"><ele>1795.0</ele></trkpt>
    <trkpt lat="33.80424" lon="-116.73305"><ele>1795.0</ele></trkpt>
    <trkpt lat="33.80424" lon="-116.73299"><ele>1795.0</ele></trkpt>
    <trkpt lat="33.80422" lon="-116.73292"><ele>1795.0</ele></trkpt>
    <trkpt lat="33.80416" lon="-116.73286"><ele>1795.0</ele></trkpt>
    <trkpt lat="33.80410" lon="-116.73284"><ele>1795.0</ele></trkpt>
    <trkpt lat="33.80406" lon="-116.73283"><ele>1795.0</ele></trkpt>
    <trkpt lat="33.80406" lon="-116.73283"><ele>1795.0</ele></trkpt>
    <trkpt lat="33.80401" lon="-116.73282"><ele>1786.0</ele></trkpt>
    <trkpt lat="33.80395" lon="-116.73276"><ele>1786.0</ele></trkpt>
    <trkpt lat="33.80388" lon="-116.73269"><ele>1786.0</ele></trkpt>
    <trkpt lat="33.80383" lon="-116.73261"><ele>1786.0</ele></trkpt>
    <trkpt lat="33.80374" lon="-116.73250"><ele>1786.0</ele></trkpt>
    <trkpt lat="33.80363" lon="-116.73243"><ele>1786.0</ele></trkpt>
    <trkpt lat="33.80350" lon="-116.73242"><ele>1786.0</ele></trkpt>
    <trkpt lat="33.80346" lon="-116.73243"><ele>1786.0</ele></trkpt>
    <trkpt lat="33.80342" lon="-116.73244"><ele>1786.0</ele></trkpt>
    <trkpt lat="33.80335" lon="-116.73247"><ele>1786.0</ele></trkpt>
    <trkpt lat="33.80323" lon="-116.73254"><ele>1775.0</ele></trkpt>
    <trkpt lat="33.80311" lon="-116.73259"><ele>1775.0</ele></trkpt>
    <trkpt lat="33.80304" lon="-116.73261"><ele>1775.0</ele></trkpt>
    <trkpt lat="33.80295" lon="-116.73259"><ele>1775.0</ele></trkpt>
    <trkpt lat="33.80285" lon="-116.73257"><ele>1775.0</ele></trkpt>
    <trkpt lat="33.80277" lon="-116.73253"><ele>1775.0</ele></trkpt>
    <trkpt lat="33.80269" lon="-116.73248"><ele>1775.0</ele></trkpt>
    <trkpt lat="33.80262" lon="-116.73243"><ele>1775.0</ele></trkpt>
    <trkpt lat="33.80253" lon="-116.73239"><ele>1775.0</ele></trkpt>
    <trkpt lat="33.80237" lon="-116.73238"><ele>1779.0</ele></trkpt>
    <trkpt lat="33.80227" lon="-116.73241"><ele>1779.0</ele></trkpt>
    <trkpt lat="33.80215" lon="-116.73248"><ele>1779.0</ele></trkpt>
    <trkpt lat="33.80205" lon="-116.73254"><ele>1779.0</ele></trkpt>
    <trkpt lat="33.80200" lon="-116.73261"><ele>1779.0</ele></trkpt>
    <trkpt lat="33.80197" lon="-116.73270"><ele>1779.0</ele></trkpt>
    <trkpt lat="33.80191" lon="-116.73283"><ele>1779.0</ele></trkpt>
    <trkpt lat="33.80187" lon="-116.73294"><ele>1779.0</ele></trkpt>
    <trkpt lat="33.80176" lon="-116.73303"><ele>1779.0</ele></trkpt>
    <trkpt lat="33.80171" lon="-116.73308"><ele>1779.0</ele></trkpt>
    <trkpt lat="33.80156" lon="-116.73318"><ele>1772.0</ele></trkpt>
    <trkpt lat="33.80144" lon="-116.73325"><ele>1772.0</ele></trkpt>
    <trkpt lat="33.80137" lon="-116.73329"><ele>1772.0</ele></trkpt>
    <trkpt lat="33.80129" lon="-116.73336"><ele>1772.0</ele></trkpt>
    <trkpt lat="33.80120" lon="-116.73347"><ele>1772.0</ele></trkpt>
    <trkpt lat="33.80112" lon="-116.73358"><ele>1772.0</ele></trkpt>
    <trkpt lat="33.80104" lon="-116.73367"><ele>1772.0</ele></trkpt>
    <trkpt lat="33.80092" lon="-116.73373"><ele>1772.0</ele></trkpt>
    <trkpt lat="33.80082" lon="-116.73377"><ele>1772.0</ele></trkpt>
    <trkpt lat="33.80066" lon="-116.73377"><ele>1760.0</ele></trkpt>
    <trkpt lat="33.80055" lon="-116.73375"><ele>1760.0</ele></trkpt>
    <trkpt lat="33.80046" lon="-116.73373"><ele>1760.0</ele></trkpt>
    <trkpt lat="33.80038" lon="-116.73369"><ele>1760.0</ele></trkpt>
    <trkpt lat="33.80030" lon="-116.73364"><ele>1760.0</ele></trkpt>
    <trkpt lat="33.80022" lon="-116.73356"><ele>1760.0</ele></trkpt>
    <trkpt lat="33.80015" lon="-116.73348"><ele>1760.0</ele></trkpt>
    <trkpt lat="33.80011" lon="-116.73338"><ele>1760.0</ele></trkpt>
    <trkpt lat="33.80011" lon="-116.73330"><ele>1760.0</ele></trkpt>
    <trkpt lat="33.80011" lon="-116.73323"><ele>1760.0</ele></trkpt>
    <trkpt lat="33.80012" lon="-116.73313"><ele>1768.0</ele></trkpt>
    <trkpt lat="33.80011" lon="-116.73298"><ele>1768.0</ele></trkpt>
    <trkpt lat="33.80010" lon="-116.73289"><ele>1768.0</ele></trkpt>
    <trkpt lat="33.80004" lon="-116.73275"><ele>1768.0</ele></trkpt>
    <trkpt lat="33.80000" lon="-116.73261"><ele>1768.0</ele></trkpt>
    <trkpt lat="33.79996" lon="-116.73250"><ele>1768.0</ele></trkpt>
    <trkpt lat="33.79990" lon="-116.73243"><ele>1768.0</ele></trkpt>
    <trkpt lat="33.79983" lon="-116.73236"><ele>1768.0</ele></trkpt>
    <trkpt lat="33.79977" lon="-116.73232"><ele>1768.0</ele></trkpt>
    <trkpt lat="33.79966" lon="-116.73233"><ele>1771.0</ele></trkpt>
    <trkpt lat="33.79955" lon="-116.73240"><ele>1771.0</ele></trkpt>
    <trkpt lat="33.79945" lon="-116.73252"><ele>1771.0</ele></trkpt>
    <trkpt lat="33.79930" lon="-116.73267"><ele>1771.0</ele></trkpt>
    <trkpt lat="33.79925" lon="-116.73274"><ele>1771.0</ele></trkpt>
    <trkpt lat="33.79922" lon="-116.73290"><ele>1771.0</ele></trkpt>
    <trkpt lat="33.79920" lon="-116.73299"><ele>1771.0</ele></trkpt>
    <trkpt lat="33.79917" lon="-116.73311"><ele>1771.0</ele></trkpt>
    <trkpt lat="33.79911" lon="-116.73321"><ele>1771.0</ele></trkpt>
    <trkpt lat="33.79907" lon="-116.73324"><ele>1771.0</ele></trkpt>
    <trkpt lat="33.79902" lon="-116.73325"><ele>1777.0</ele></trkpt>
    <trkpt lat="33.79896" lon="-116.73326"><ele>1777.0</ele></trkpt>
    <trkpt lat="33.79886" lon="-116.73326"><ele>1777.0</ele></trkpt>
    <trkpt lat="33.79876" lon="-116.73329"><ele>1777.0</ele></trkpt>
    <trkpt lat="33.79870" lon="-116.73332"><ele>1777.0</ele></trkpt>
    <trkpt lat="33.79866" lon="-116.73336"><ele>1777.0</ele></trkpt>
    <trkpt lat="33.79865" lon="-116.73342"><ele>1777.0</ele></trkpt>
    <trkpt lat="33.79864" lon="-116.73347"><ele>1777.0</ele></trkpt>
    <trkpt lat="33.79863" lon="-116.73355"><ele>1777.0</ele></trkpt>
    <trkpt lat="33.79861" lon="-116.73365"><ele>1777.0</ele></trkpt>
    <trkpt lat="33.79858" lon="-116.73371"><ele>1772.0</ele></trkpt>
    <trkpt lat="33.79854" lon="-116.73382"><ele>1772.0</ele></trkpt>
    <trkpt lat="33.79846" lon="-116.73393"><ele>1772.0</ele></trkpt>
    <trkpt lat="33.79834" lon="-116.73405"><ele>1772.0</ele></trkpt>
    <trkpt lat="33.79825" lon="-116.73413"><ele>1772.0</ele></trkpt>
    <trkpt lat="33.79817" lon="-116.73419"><ele>1772.0</ele></trkpt>
    <trkpt lat="33.79812" lon="-116.73423"><ele>1772.0</ele></trkpt>
    <trkpt lat="33.79798" lon="-116.73434"><ele>1772.0</ele></trkpt>
    <trkpt lat="33.79790" lon="-116.73440"><ele>1772.0</ele></trkpt>
    <trkpt lat="33.79780" lon="-116.73448"><ele>1792.0</ele></trkpt>
    <trkpt lat="33.79767" lon="-116.73458"><ele>1792.0</ele></trkpt>
    <trkpt lat="33.79760" lon="-116.73464"><ele>1792.0</ele></trkpt>
    <trkpt lat="33.79756" lon="-116.73472"><ele>1792.0</ele></trkpt>
    <trkpt lat="33.79754" lon="-116.73477"><ele>1792.0</ele></trkpt>
    <trkpt lat="33.79752" lon="-116.73484"><ele>1792.0</ele></trkpt>
    <trkpt lat="33.79750" lon="-116.73492"><ele>1792.0</ele></trkpt>
    <trkpt lat="33.79746" lon="-116.73500"><ele>1792.0</ele></trkpt>
    <trkpt lat="33.79742" lon="-116.73507"><ele>1792.0</ele></trkpt>
    <trkpt lat="33.79730" lon="-116.73519"><ele>1792.0</ele></trkpt>
    <trkpt lat="33.79719" lon="-116.73530"><ele>1791.0</ele></trkpt>
    <trkpt lat="33.79712" lon="-116.73535"><ele>1791.0</ele></trkpt>
    <trkpt lat="33.79705" lon="-116.73542"><ele>1791.0</ele></trkpt>
    <trkpt lat="33.79697" lon="-116.73549"><ele>1791.0</ele></trkpt>
    <trkpt lat="33.79691" lon="-116.73556"><ele>1791.0</ele></trkpt>
    <trkpt lat="33.79685" lon="-116.73566"><ele>1791.0</ele></trkpt>
    <trkpt lat="33.79679" lon="-116.73574"><ele>1791.0</ele></trkpt>
    <trkpt lat="33.79671" lon="-116.73582"><ele>1791.0</ele></trkpt>
    <trkpt lat="33.79659" lon="-116.73591"><ele>1791.0</ele></trkpt>
    <trkpt lat="33.79651" lon="-116.73597"><ele>1804.0</ele></trkpt>
    <trkpt lat="33.79642" lon="-116.73605"><ele>1804.0</ele></trkpt>
    <trkpt lat="33.79629" lon="-116.73614"><ele>1804.0</ele></trkpt>
    <trkpt lat="33.79617" lon="-116.73624"><ele>1804.0</ele></trkpt>
    <trkpt lat="33.79611" lon="-116.73630"><ele>1804.0</ele></trkpt>
    <trkpt lat="33.79607" lon="-116.73635"><ele>1804.0</ele></trkpt>
    <trkpt lat="33.79605" lon="-116.73641"><ele>1804.0</ele></trkpt>
    <trkpt lat="33.79603" lon="-116.73647"><ele>1804.0</ele></trkpt>
    <trkpt lat="33.79600" lon="-116.73654"><ele>1804.0</ele></trkpt>
    <trkpt lat="33.79596" lon="-116.73661"><ele>1804.0</ele></trkpt>
    <trkpt lat="33.79586" lon="-116.73669"><ele>1801.0</ele></trkpt>
    <trkpt lat="33.79572" lon="-116.73681"><ele>1801.0</ele></trkpt>
    <trkpt lat="33.79560" lon="-116.73691"><ele>1801.0</ele></trkpt>
    <trkpt lat="33.79547" lon="-116.73705"><ele>1801.0</ele></trkpt>
    <trkpt lat="33.79541" lon="-116.73708"><ele>1801.0</ele></trkpt>
    <trkpt lat="33.79536" lon="-116.73710"><ele>1801.0</ele></trkpt>
    <trkpt lat="33.79530" lon="-116.73711"><ele>1801.0</ele></trkpt>
    <trkpt lat="33.79524" lon="-116.73710"><ele>1801.0</ele></trkpt>
    <trkpt lat="33.79516" lon="-116.73708"><ele>1801.0</ele></trkpt>
    <trkpt lat="33.79508" lon="-116.73703"><ele>1812.0</ele></trkpt>
    <trkpt lat="33.79500" lon="-116.73701"><ele>1812.0</ele></trkpt>
    <trkpt lat="33.79493" lon="-116.73704"><ele>1812.0</ele></trkpt>
    <trkpt lat="33.79489" lon="-116.73707"><ele>1812.0</ele></trkpt>
    <trkpt lat="33.79487" lon="-116.73714"><ele>1812.0</ele></trkpt>
    <trkpt lat="33.79484" lon="-116.73726"><ele>1812.0</ele></trkpt>
    <trkpt lat="33.79480" lon="-116.73735"><ele>1812.0</ele></trkpt>
    <trkpt lat="33.79471" lon="-116.73741"><ele>1812.0</ele></trkpt>
    <trkpt lat="33.79462" lon="-116.73747"><ele>1812.0</ele></trkpt>
    <trkpt lat="33.79452" lon="-116.73750"><ele>1812.0</ele></trkpt>
    <trkpt lat="33.79444" lon="-116.73750"><ele>1820.0</ele></trkpt>
    <trkpt lat="33.79435" lon="-116.73750"><ele>1820.0</ele></trkpt>
    <trkpt lat="33.79425" lon="-116.73748"><ele>1820.0</ele></trkpt>
    <trkpt lat="33.79416" lon="-116.73752"><ele>1820.0</ele></trkpt>
    <trkpt lat="33.79410" lon="-116.73756"><ele>1820.0</ele></trkpt>
    <trkpt lat="33.79407" lon="-116.73761"><ele>1820.0</ele></trkpt>
    <trkpt lat="33.79405" lon="-116.73770"><ele>1820.0</ele></trkpt>
    <trkpt lat="33.79404" lon="-116.73781"><ele>1820.0</ele></trkpt>
    <trkpt lat="33.79401" lon="-116.73792"><ele>1820.0</ele></trkpt>
    <trkpt lat="33.79397" lon="-116.73804"><ele>1817.0</ele></trkpt>
    <trkpt lat="33.79394" lon="-116.73813"><ele>1817.0</ele></trkpt>
    <trkpt lat="33.79391" lon="-116.73820"><ele>1817.0</ele></trkpt>
    <trkpt lat="33.79389" lon="-116.73829"><ele>1817.0</ele></trkpt>
    <trkpt lat="33.79387" lon="-116.73836"><ele>1817.0</ele></trkpt>
    <trkpt lat="33.79384" lon="-116.73842"><ele>1817.0</ele></trkpt>
    <trkpt lat="33.79382" lon="-116.73848"><ele>1817.0</ele></trkpt>
    <trkpt lat="33.79382" lon="-116.73855"><ele>1817.0</ele></trkpt>
    <trkpt lat="33.79382" lon="-116.73862"><ele>1817.0</ele></trkpt>
    <trkpt lat="33.79381" lon="-116.73869"><ele>1817.0</ele></trkpt>
    <trkpt lat="33.79379" lon="-116.73874"><ele>1813.0</ele></trkpt>
    <trkpt lat="33.79373" lon="-116.73882"><ele>1813.0</ele></trkpt>
    <trkpt lat="33.79366" lon="-116.73888"><ele>1813.0</ele></trkpt>
    <trkpt lat="33.79360" lon="-116.73894"><ele>1813.0</ele></trkpt>
    <trkpt lat="33.79350" lon="-116.73903"><ele>1813.0</ele></trkpt>
    <trkpt lat="33.79333" lon="-116.73915"><ele>1813.0</ele></trkpt>
    <trkpt lat="33.79319" lon="-116.73922"><ele>1813.0</ele></trkpt>
    <trkpt lat="33.79311" lon="-116.73925"><ele>1813.0</ele></trkpt>
    <trkpt lat="33.79296" lon="-116.73928"><ele>1813.0</ele></trkpt>
    <trkpt lat="33.79278" lon="-116.73933"><ele>1826.0</ele></trkpt>
    <trkpt lat="33.79261" lon="-116.73938"><ele>1826.0</ele></trkpt>
    <trkpt lat="33.79245" lon="-116.73945"><ele>1826.0</ele></trkpt>
    <trkpt lat="33.79234" lon="-116.73951"><ele>1826.0</ele></trkpt>
    <trkpt lat="33.79222" lon="-116.73960"><ele>1826.0</ele></trkpt>
    <trkpt lat="33.79219" lon="-116.73965"><ele>1826.0</ele></trkpt>
    <trkpt lat="33.79215" lon="-116.73971"><ele>1826.0</ele></trkpt>
    <trkpt lat="33.79213" lon="-116.73977"><ele>1826.0</ele></trkpt>
    <trkpt lat="33.79211" lon="-116.73984"><ele>1826.0</ele></trkpt>
    <trkpt lat="33.79207" lon="-116.73992"><ele>1826.0</ele></trkpt>
    <trkpt lat="33.79202" lon="-116.74002"><ele>1812.0</ele></trkpt>
    <trkpt lat="33.79197" lon="-116.74012"><ele>1812.0</ele></trkpt>
    <trkpt lat="33.79193" lon="-116.74021"><ele>1812.0</ele></trkpt>
    <trkpt lat="33.79188" lon="-116.74029"><ele>1812.0</ele></trkpt>
    <trkpt lat="33.79182" lon="-116.74035"><ele>1812.0</ele></trkpt>
    <trkpt lat="33.79175" lon="-116.74037"><ele>1812.0</ele></trkpt>
    <trkpt lat="33.79172" lon="-116.74037"><ele>1812.0</ele></trkpt>
    <trkpt lat="33.79164" lon="-116.74035"><ele>1812.0</ele></trkpt>
    <trkpt lat="33.79156" lon="-116.74032"><ele>1812.0</ele></trkpt>
    <trkpt lat="33.79146" lon="-116.74032"><ele>1829.0</ele></trkpt>
    <trkpt lat="33.79133" lon="-116.74036"><ele>1829.0</ele></trkpt>
    <trkpt lat="33.79126" lon="-116.74040"><ele>1829.0</ele></trkpt>
    <trkpt lat="33.79120" lon="-116.74046"><ele>1829.0</ele></trkpt>
    <trkpt lat="33.79117" lon="-116.74051"><ele>1829.0</ele></trkpt>
    <trkpt lat="33.79115" lon="-116.74054"><ele>1829.0</ele></trkpt>
    <trkpt lat="33.79112" lon="-116.74061"><ele>1829.0</ele></trkpt>
    <trkpt lat="33.79112" lon="-116.74068"><ele>1829.0</ele></trkpt>
    <trkpt lat="33.79109" lon="-116.74078"><ele>1829.0</ele></trkpt>
    <trkpt lat="33.79105" lon="-116.74090"><ele>1829.0</ele></trkpt>
    <trkpt lat="33.79100" lon="-116.74099"><ele>1822.0</ele></trkpt>
    <trkpt lat="33.79094" lon="-116.74108"><ele>1822.0</ele></trkpt>
    <trkpt lat="33.79087" lon="-116.74118"><ele>1822.0</ele></trkpt>
    <trkpt lat="33.79082" lon="-116.74123"><ele>1822.0</ele></trkpt>
    <trkpt lat="33.79077" lon="-116.74126"><ele>1822.0</ele></trkpt>
    <trkpt lat="33.79071" lon="-116.74127"><ele>1822.0</ele></trkpt>
    <trkpt lat="33.79065" lon="-116.74127"><ele>1822.0</ele></trkpt>
    <trkpt lat="33.79059" lon="-116.74125"><ele>1822.0</ele></trkpt>
    <trkpt lat="33.79052" lon="-116.74123"><ele>1822.0</ele></trkpt>
    <trkpt lat="33.79043" lon="-116.74122"><ele>1835.0</ele></trkpt>
    <trkpt lat="33.79036" lon="-116.74124"><ele>1835.0</ele></trkpt>
    <trkpt lat="33.79030" lon="-116.74126"><ele>1835.0</ele></trkpt>
    <trkpt lat="33.79024" lon="-116.74128"><ele>1835.0</ele></trkpt>
    <trkpt lat="33.79020" lon="-116.74127"><ele>1835.0</ele></trkpt>
    <trkpt lat="33.79014" lon="-116.74125"><ele>1835.0</ele></trkpt>
    <trkpt lat="33.79002" lon="-116.74123"><ele>1835.0</ele></trkpt>
    <trkpt lat="33.78995" lon="-116.74123"><ele>1835.0</ele></trkpt>
    <trkpt lat="33.78989" lon="-116.74124"><ele>1835.0</ele></trkpt>
    <trkpt lat="33.78986" lon="-116.74127"><ele>1835.0</ele></trkpt>
    <trkpt lat="33.78982" lon="-116.74132"><ele>1839.0</ele></trkpt>
    <trkpt lat="33.78979" lon="-116.74140"><ele>1839.0</ele></trkpt>
    <trkpt lat="33.78975" lon="-116.74147"><ele>1839.0</ele></trkpt>
    <trkpt lat="33.78964" lon="-116.74157"><ele>1839.0</ele></trkpt>
    <trkpt lat="33.78950" lon="-116.74166"><ele>1839.0</ele></trkpt>
    <trkpt lat="33.78935" lon="-116.74175"><ele>1839.0</ele></trkpt>
    <trkpt lat="33.78916" lon="-116.74184"><ele>1839.0</ele></trkpt>
    <trkpt lat="33.78899" lon="-116.74190"><ele>1839.0</ele></trkpt>
    <trkpt lat="33.78888" lon="-116.74191"><ele>1839.0</ele></trkpt>
    <trkpt lat="33.78878" lon="-116.74188"><ele>1852.0</ele></trkpt>
    <trkpt lat="33.78871" lon="-116.74183"><ele>1852.0</ele></trkpt>
    <trkpt lat="33.78865" lon="-116.74176"><ele>1852.0</ele></trkpt>
    <trkpt lat="33.78862" lon="-116.74169"><ele>1852.0</ele></trkpt>
    <trkpt lat="33.78859" lon="-116.74156"><ele>1852.0</ele></trkpt>
    <trkpt lat="33.78857" lon="-116.74145"><ele>1852.0</ele></trkpt>
    <trkpt lat="33.78857" lon="-116.74134"><ele>1852.0</ele></trkpt>
    <trkpt lat="33.78859" lon="-116.74127"><ele>1852.0</ele></trkpt>
    <trkpt lat="33.78861" lon="-116.74116"><ele>1852.0</ele></trkpt>
    <trkpt lat="33.78864" lon="-116.74108"><ele>1852.0</ele></trkpt>
    <trkpt lat="33.78867" lon="-116.74099"><ele>1867.0</ele></trkpt>
    <trkpt lat="33.78867" lon="-116.74091"><ele>1867.0</ele></trkpt>
    <trkpt lat="33.78866" lon="-116.74082"><ele>1867.0</ele></trkpt>
    <trkpt lat="33.78863" lon="-116.74076"><ele>1867.0</ele></trkpt>
    <trkpt lat="33.78859" lon="-116.74072"><ele>1867.0</ele></trkpt>
    <trkpt lat="33.78852" lon="-116.74073"><ele>1867.0</ele></trkpt>
    <trkpt lat="33.78845" lon="-116.74076"><ele>1867.0</ele></trkpt>
    <trkpt lat="33.78836" lon="-116.74084"><ele>1867.0</ele></trkpt>
    <trkpt lat="33.78825" lon="-116.74094"><ele>1867.0</ele></trkpt>
    <trkpt lat="33.78819" lon="-116.74100"><ele>1865.0</ele></trkpt>
    <trkpt lat="33.78812" lon="-116.74104"><ele>1865.0</ele></trkpt>
    <trkpt lat="33.78805" lon="-116.74106"><ele>1865.0</ele></trkpt>
    <trkpt lat="33.78798" lon="-116.74109"><ele>1865.0</ele></trkpt>
    <trkpt lat="33.78787" lon="-116.74110"><ele>1865.0</ele></trkpt>
    <trkpt lat="33.78780" lon="-116.74109"><ele>1865.0</ele></trkpt>
    <trkpt lat="33.78772" lon="-116.74110"><ele>1865.0</ele></trkpt>
    <trkpt lat="33.78761" lon="-116.74116"><ele>1865.0</ele></trkpt>
    <trkpt lat="33.78752" lon="-116.74121"><ele>1865.0</ele></trkpt>
    <trkpt lat="33.78743" lon="-116.74128"><ele>1865.0</ele></trkpt>
    <trkpt lat="33.78737" lon="-116.74132"><ele>1861.0</ele></trkpt>
    <trkpt lat="33.78729" lon="-116.74134"><ele>1861.0</ele></trkpt>
    <trkpt lat="33.78719" lon="-116.74136"><ele>1861.0</ele></trkpt>
    <trkpt lat="33.78712" lon="-116.74139"><ele>1861.0</ele></trkpt>
    <trkpt lat="33.78707" lon="-116.74140"><ele>1861.0</ele></trkpt>
    <trkpt lat="33.78702" lon="-116.74140"><ele>1861.0</ele></trkpt>
    <trkpt lat="33.78698" lon="-116.74138"><ele>1861.0</ele></trkpt>
    <trkpt lat="33.78694" lon="-116.74134"><ele>1861.0</ele></trkpt>
    <trkpt lat="33.78690" lon="-116.74129"><ele>1861.0</ele></trkpt>
    <trkpt lat="33.78686" lon="-116.74122"><ele>1861.0</ele></trkpt>
    <trkpt lat="33.78678" lon="-116.74113"><ele>1863.0</ele></trkpt>
    <trkpt lat="33.78672" lon="-116.74107"><ele>1863.0</ele></trkpt>
    <trkpt lat="33.78671" lon="-116.74106"><ele>1863.0</ele></trkpt>
    <trkpt lat="33.78671" lon="-116.74106"><ele>1863.0</ele></trkpt>
    <trkpt lat="33.78668" lon="-116.74102"><ele>1863.0</ele></trkpt>
    <trkpt lat="33.78666" lon="-116.74100"><ele>1863.0</ele></trkpt>
    <trkpt lat="33.78662" lon="-116.74105"><ele>1863.0</ele></trkpt>
    <trkpt lat="33.78661" lon="-116.74106"><ele>1863.0</ele></trkpt>
    <trkpt lat="33.78652" lon="-116.74113"><ele>1863.0</ele></trkpt>
    <trkpt lat="33.78644" lon="-116.74125"><ele>1848.0</ele></trkpt>
    <trkpt lat="33.78636" lon="-116.74145"><ele>1848.0</ele></trkpt>
    <trkpt lat="33.78629" lon="-116.74159"><ele>1848.0</ele></trkpt>
    <trkpt lat="33.78613" lon="-116.74187"><ele>1848.0</ele></trkpt>
    <trkpt lat="33.78585" lon="-116.74230"><ele>1848.0</ele></trkpt>
    <trkpt lat="33.78566" lon="-116.74255"><ele>1848.0</ele></trkpt>
    <trkpt lat="33.78558" lon="-116.74270"><ele>1848.0</ele></trkpt>
    <trkpt lat="33.78556" lon="-116.74286"><ele>1848.0</ele></trkpt>
    <trkpt lat="33.78557" lon="-116.74302"><ele>1848.0</ele></trkpt>
    <trkpt lat="33.78561" lon="-116.74319"><ele>1848.0</ele></trkpt>
    <trkpt lat="33.78564" lon="-116.74322"><ele>1840.0</ele></trkpt>
    <trkpt lat="33.78569" lon="-116.74324"><ele>1840.0</ele></trkpt>
    <trkpt lat="33.78576" lon="-116.74325"><ele>1840.0</ele></trkpt>
    <trkpt lat="33.78579" lon="-116.74323"><ele>1840.0</ele></trkpt>
    <trkpt lat="33.78583" lon="-116.74320"><ele>1840.0</ele></trkpt>
    <trkpt lat="33.78589" lon="-116.74318"><ele>1840.0</ele></trkpt>
    <trkpt lat="33.78594" lon="-116.74317"><ele>1840.0</ele></trkpt>
    <trkpt lat="33.78598" lon="-116.74316"><ele>1840.0</ele></trkpt>
    <trkpt lat="33.78602" lon="-116.74318"><ele>1840.0</ele></trkpt>
    <trkpt lat="33.78607" lon="-116.74321"><ele>1837.0</ele></trkpt>
    <trkpt lat="33.78613" lon="-116.74325"><ele>1837.0</ele></trkpt>
    <trkpt lat="33.78620" lon="-116.74330"><ele>1837.0</ele></trkpt>
    <trkpt lat="33.78625" lon="-116.74331"><ele>1837.0</ele></trkpt>
    <trkpt lat="33.78632" lon="-116.74331"><ele>1837.0</ele></trkpt>
    <trkpt lat="33.78650" lon="-116.74329"><ele>1837.0</ele></trkpt>
    <trkpt lat="33.78656" lon="-116.74327"><ele>1837.0</ele></trkpt>
    <trkpt lat="33.78662" lon="-116.74326"><ele>1837.0</ele></trkpt>
    <trkpt lat="33.78668" lon="-116.74329"><ele>1837.0</ele></trkpt>
    <trkpt lat="33.78671" lon="-116.74333"><ele>1837.0</ele></trkpt>
    <trkpt lat="33.78671" lon="-116.74338"><ele>1834.0</ele></trkpt>
    <trkpt lat="33.78671" lon="-116.74346"><ele>1834.0</ele></trkpt>
    <trkpt lat="33.78668" lon="-116.74351"><ele>1834.0</ele></trkpt>
    <trkpt lat="33.78663" lon="-116.74356"><ele>1834.0</ele></trkpt>
    <trkpt lat="33.78658" lon="-116.74361"><ele>1834.0</ele></trkpt>
    <trkpt lat="33.78656" lon="-116.74366"><ele>1834.0</ele></trkpt>
    <trkpt lat="33.78655" lon="-116.74373"><ele>1834.0</ele></trkpt>
    <trkpt lat="33.78655" lon="-116.74379"><ele>1834.0</ele></trkpt>
    <trkpt lat="33.78658" lon="-116.74386"><ele>1834.0</ele></trkpt>
    <trkpt lat="33.78663" lon="-116.74396"><ele>1829.0</ele></trkpt>
    <trkpt lat="33.78667" lon="-116.74405"><ele>1829.0</ele></trkpt>
    <trkpt lat="33.78670" lon="-116.74411"><ele>1829.0</ele></trkpt>
    <trkpt lat="33.78670" lon="-116.74418"><ele>1829.0</ele></trkpt>
    <trkpt lat="33.78670" lon="-116.74427"><ele>1829.0</ele></trkpt>
    <trkpt lat="33.78670" lon="-116.74434"><ele>1829.0</ele></trkpt>
    <trkpt lat="33.78669" lon="-116.74440"><ele>1829.0</ele></trkpt>
    <trkpt lat="33.78669" lon="-116.74446"><ele>1829.0</ele></trkpt>
    <trkpt lat="33.78673" lon="-116.74450"><ele>1829.0</ele></trkpt>
    <trkpt lat="33.78677" lon="-116.74452"><ele>1829.0</ele></trkpt>
    <trkpt lat="33.78681" lon="-116.74452"><ele>1822.0</ele></trkpt>
    <trkpt lat="33.78687" lon="-116.74450"><ele>1822.0</ele></trkpt>
    <trkpt lat="33.78694" lon="-116.74450"><ele>1822.0</ele></trkpt>
    <trkpt lat="33.78700" lon="-116.74450"><ele>1822.0</ele></trkpt>
    <trkpt lat="33.78705" lon="-116.74454"><ele>1822.0</ele></trkpt>
    <trkpt lat="33.78709" lon="-116.74461"><ele>1822.0</ele></trkpt>
    <trkpt lat="33.78711" lon="-116.74465"><ele>1822.0</ele></trkpt>
    <trkpt lat="33.78716" lon="-116.74475"><ele>1822.0</ele></trkpt>
    <trkpt lat="33.78720" lon="-116.74487"><ele>1822.0</ele></trkpt>
    <trkpt lat="33.78722" lon="-116.74494"><ele>1816.0</ele></trkpt>
    <trkpt lat="33.78723" lon="-116.74503"><ele>1816.0</ele></trkpt>
    <trkpt lat="33.78724" lon="-116.74510"><ele>1816.0</ele></trkpt>
    <trkpt lat="33.78723" lon="-116.74517"><ele>1816.0</ele></trkpt>
    <trkpt lat="33.78722" lon="-116.74526"><ele>1816.0</ele></trkpt>
    <trkpt lat="33.78718" lon="-116.74534"><ele>1816.0</ele></trkpt>
    <trkpt lat="33.78713" lon="-116.74543"><ele>1816.0</ele></trkpt>
    <trkpt lat="33.78697" lon="-116.74564"><ele>1816.0</ele></trkpt>
    <trkpt lat="33.78693" lon="-116.74574"><ele>1816.0</ele></trkpt>
    <trkpt lat="33.78689" lon="-116.74582"><ele>1816.0</ele></trkpt>
    <trkpt lat="33.78687" lon="-116.74591"><ele>1813.0</ele></trkpt>
    <trkpt lat="33.78686" lon="-116.74599"><ele>1813.0</ele></trkpt>
    <trkpt lat="33.78686" lon="-116.74608"><ele>1813.0</ele></trkpt>
    <trkpt lat="33.78687" lon="-116.74619"><ele>1813.0</ele></trkpt>
    <trkpt lat="33.78687" lon="-116.74623"><ele>1813.0</ele></trkpt>
    <trkpt lat="33.78687" lon="-116.74629"><ele>1813.0</ele></trkpt>
    <trkpt lat="33.78685" lon="-116.74641"><ele>1813.0</ele></trkpt>
    <trkpt lat="33.78680" lon="-116.74655"><ele>1813.0</ele></trkpt>
    <trkpt lat="33.78673" lon="-116.74672"><ele>1813.0</ele></trkpt>
    <trkpt lat="33.78669" lon="-116.74684"><ele>1802.0</ele></trkpt>
    <trkpt lat="33.78667" lon="-116.74693"><ele>1802.0</ele></trkpt>
    <trkpt lat="33.78666" lon="-116.74701"><ele>1802.0</ele></trkpt>
    <trkpt lat="33.78666" lon="-116.74719"><ele>1802.0</ele></trkpt>
    <trkpt lat="33.78665" lon="-116.74732"><ele>1802.0</ele></trkpt>
    <trkpt lat="33.78665" lon="-116.74738"><ele>1802.0</ele></trkpt>
    <trkpt lat="33.78664" lon="-116.74754"><ele>1802.0</ele></trkpt>
    <trkpt lat="33.78664" lon="-116.74764"><ele>1802.0</ele></trkpt>
    <trkpt lat="33.78665" lon="-116.74772"><ele>1802.0</ele></trkpt>
    <trkpt lat="33.78666" lon="-116.74785"><ele>1802.0</ele></trkpt>
    <trkpt lat="33.78668" lon="-116.74792"><ele>1796.0</ele></trkpt>
    <trkpt lat="33.78668" lon="-116.74801"><ele>1796.0</ele></trkpt>
    <trkpt lat="33.78668" lon="-116.74808"><ele>1796.0</ele></trkpt>
    <trkpt lat="33.78666" lon="-116.74817"><ele>1796.0</ele></trkpt>
    <trkpt lat="33.78663" lon="-116.74823"><ele>1796.0</ele></trkpt>
    <trkpt lat="33.78659" lon="-116.74830"><ele>1796.0</ele></trkpt>
    <trkpt lat="33.78637" lon="-116.74858"><ele>1796.0</ele></trkpt>
    <trkpt lat="33.78629" lon="-116.74869"><ele>1796.0</ele></trkpt>
    <trkpt lat="33.78612" lon="-116.74889"><ele>1796.0</ele></trkpt>
    <trkpt lat="33.78606" lon="-116.74895"><ele>1789.0</ele></trkpt>
    <trkpt lat="33.78602" lon="-116.74899"><ele>1789.0</ele></trkpt>
    <trkpt lat="33.78597" lon="-116.74902"><ele>1789.0</ele></trkpt>
    <trkpt lat="33.78590" lon="-116.74904"><ele>1789.0</ele></trkpt>
    <trkpt lat="33.78582" lon="-116.74904"><ele>1789.0</ele></trkpt>
    <trkpt lat="33.78571" lon="-116.74903"><ele>1789.0</ele></trkpt>
    <trkpt lat="33.78563" lon="-116.74903"><ele>1789.0</ele></trkpt>
    <trkpt lat="33.78559" lon="-116.74906"><ele>1789.0</ele></trkpt>
    <trkpt lat="33.78552" lon="-116.74912"><ele>1789.0</ele></trkpt>
    <trkpt lat="33.78543" lon="-116.74920"><ele>1789.0</ele></trkpt>
    <trkpt lat="33.78534" lon="-116.74928"><ele>1787.0</ele></trkpt>
    <trkpt lat="33.78527" lon="-116.74934"><ele>1787.0</ele></trkpt>
    <trkpt lat="33.78520" lon="-116.74937"><ele>1787.0</ele></trkpt>
    <trkpt lat="33.78512" lon="-116.74942"><ele>1787.0</ele></trkpt>
    <trkpt lat="33.78507" lon="-116.74945"><ele>1787.0</ele></trkpt>
    <trkpt lat="33.78504" lon="-116.74948"><ele>1787.0</ele></trkpt>
    <trkpt lat="33.78499" lon="-116.74953"><ele>1787.0</ele></trkpt>
    <trkpt lat="33.78496" lon="-116.74960"><ele>1787.0</ele></trkpt>
    <trkpt lat="33.78491" lon="-116.74967"><ele>1787.0</ele></trkpt>
    <trkpt lat="33.78486" lon="-116.74975"><ele>1785.0</ele></trkpt>
    <trkpt lat="33.78479" lon="-116.74981"><ele>1785.0</ele></trkpt>
    <trkpt lat="33.78472" lon="-116.74986"><ele>1785.0</ele></trkpt>
    <trkpt lat="33.78467" lon="-116.74989"><ele>1785.0</ele></trkpt>
    <trkpt lat="33.78461" lon="-116.74991"><ele>1785.0</ele></trkpt>
    <trkpt lat="33.78457" lon="-116.74991"><ele>1785.0</ele></trkpt>
    <trkpt lat="33.78452" lon="-116.74989"><ele>1785.0</ele></trkpt>
    <trkpt lat="33.78447" lon="-116.74987"><ele>1785.0</ele></trkpt>
    <trkpt lat="33.78442" lon="-116.74983"><ele>1785.0</ele></trkpt>
    <trkpt lat="33.78438" lon="-116.74977"><ele>1785.0</ele></trkpt>
    <trkpt lat="33.78433" lon="-116.74972"><ele>1789.0</ele></trkpt>
    <trkpt lat="33.78426" lon="-116.74966"><ele>1789.0</ele></trkpt>
    <trkpt lat="33.78421" lon="-116.74963"><ele>1789.0</ele></trkpt>
    <trkpt lat="33.78415" lon="-116.74962"><ele>1789.0</ele></trkpt>
    <trkpt lat="33.78410" lon="-116.74964"><ele>1789.0</ele></trkpt>
    <trkpt lat="33.78406" lon="-116.74967"><ele>1789.0</ele></trkpt>
    <trkpt lat="33.78398" lon="-116.74974"><ele>1789.0</ele></trkpt>
    <trkpt lat="33.78389" lon="-116.74982"><ele>1789.0</ele></trkpt>
    <trkpt lat="33.78382" lon="-116.74986"><ele>1789.0</ele></trkpt>
    <trkpt lat="33.78374" lon="-116.74988"><ele>1783.0</ele></trkpt>
    <trkpt lat="33.78365" lon="-116.74989"><ele>1783.0</ele></trkpt>
    <trkpt lat="33.78356" lon="-116.74990"><ele>1783.0</ele></trkpt>
    <trkpt lat="33.78347" lon="-116.74994"><ele>1783.0</ele></trkpt>
    <trkpt lat="33.78339" lon="-116.74999"><ele>1783.0</ele></trkpt>
    <trkpt lat="33.78332" lon="-116.75006"><ele>1783.0</ele></trkpt>
    <trkpt lat="33.78327" lon="-116.75011"><ele>1783.0</ele></trkpt>
    <trkpt lat="33.78322" lon="-116.75022"><ele>1783.0</ele></trkpt>
    <trkpt lat="33.78319" lon="-116.75030"><ele>1783.0</ele></trkpt>
    <trkpt lat="33.78317" lon="-116.75038"><ele>1783.0</ele></trkpt>
    <trkpt lat="33.78314" lon="-116.75045"><ele>1782.0</ele></trkpt>
    <trkpt lat="33.78311" lon="-116.75053"><ele>1782.0</ele></trkpt>
    <trkpt lat="33.78305" lon="-116.75059"><ele>1782.0</ele></trkpt>
    <trkpt lat="33.78297" lon="-116.75064"><ele>1782.0</ele></trkpt>
    <trkpt lat="33.78288" lon="-116.75067"><ele>1782.0</ele></trkpt>
  </trkseg></trk>
  <trk><name>Black Mountain Road</name><trkseg>
    <trkpt lat="33.79673" lon="-116.75783"><ele>1636.0</ele></trkpt>
    <trkpt lat="33.79680" lon="-116.75758"><ele>1636.0</ele></trkpt>
    <trkpt lat="33.79681" lon="-116.75738"><ele>1636.0</ele></trkpt>
    <trkpt lat="33.79696" lon="-116.75698"><ele>1636.0</ele></trkpt>
    <trkpt lat="33.79717" lon="-116.75653"><ele>1636.0</ele></trkpt>
    <trkpt lat="33.79728" lon="-116.75633"><ele>1636.0</ele></trkpt>
    <trkpt lat="33.79735" lon="-116.75627"><ele>1636.0</ele></trkpt>
    <trkpt lat="33.79744" lon="-116.75626"><ele>1636.0</ele></trkpt>
    <trkpt lat="33.79750" lon="-116.75631"><ele>1656.0</ele></trkpt>
    <trkpt lat="33.79754" lon="-116.75639"><ele>1656.0</ele></trkpt>
    <trkpt lat="33.79755" lon="-116.75648"><ele>1656.0</ele></trkpt>
    <trkpt lat="33.79753" lon="-116.75705"><ele>1656.0</ele></trkpt>
    <trkpt lat="33.79753" lon="-116.75737"><ele>1656.0</ele></trkpt>
    <trkpt lat="33.79754" lon="-116.75762"><ele>1656.0</ele></trkpt>
    <trkpt lat="33.79756" lon="-116.75776"><ele>1656.0</ele></trkpt>
    <trkpt lat="33.79763" lon="-116.75793"><ele>1656.0</ele></trkpt>
    <trkpt lat="33.79775" lon="-116.75811"><ele>1656.0</ele></trkpt>
    <trkpt lat="33.79785" lon="-116.75818"><ele>1656.0</ele></trkpt>
    <trkpt lat="33.79792" lon="-116.75826"><ele>1656.0</ele></trkpt>
    <trkpt lat="33.79796" lon="-116.75836"><ele>1656.0</ele></trkpt>
    <trkpt lat="33.79802" lon="-116.75844"><ele>1656.0</ele></trkpt>
    <trkpt lat="33.79813" lon="-116.75858"><ele>1656.0</ele></trkpt>
    <trkpt lat="33.79821" lon="-116.75863"><ele>1679.0</ele></trkpt>
    <trkpt lat="33.79832" lon="-116.75864"><ele>1679.0</ele></trkpt>
    <trkpt lat="33.79846" lon="-116.75866"><ele>1679.0</ele></trkpt>
    <trkpt lat="33.79861" lon="-116.75870"><ele>1679.0</ele></trkpt>
    <trkpt lat="33.79875" lon="-116.75874"><ele>1679.0</ele></trkpt>
    <trkpt lat="33.79887" lon="-116.75871"><ele>1679.0</ele></trkpt>
    <trkpt lat="33.79904" lon="-116.75865"><ele>1679.0</ele></trkpt>
    <trkpt lat="33.79915" lon="-116.75854"><ele>1679.0</ele></trkpt>
    <trkpt lat="33.79933" lon="-116.75838"><ele>1679.0</ele></trkpt>
    <trkpt lat="33.79953" lon="-116.75819"><ele>1679.0</ele></trkpt>
    <trkpt lat="33.79962" lon="-116.75814"><ele>1679.0</ele></trkpt>
    <trkpt lat="33.79971" lon="-116.75810"><ele>1679.0</ele></trkpt>
    <trkpt lat="33.79980" lon="-116.75802"><ele>1679.0</ele></trkpt>
    <trkpt lat="33.79988" lon="-116.75790"><ele>1679.0</ele></trkpt>
    <trkpt lat="33.79993" lon="-116.75778"><ele>1708.0</ele></trkpt>
    <trkpt lat="33.79994" lon="-116.75765"><ele>1708.0</ele></trkpt>
    <trkpt lat="33.79991" lon="-116.75752"><ele>1708.0</ele></trkpt>
    <trkpt lat="33.79985" lon="-116.75736"><ele>1708.0</ele></trkpt>
    <trkpt lat="33.79980" lon="-116.75719"><ele>1708.0</ele></trkpt>
    <trkpt lat="33.79977" lon="-116.75706"><ele>1708.0</ele></trkpt>
    <trkpt lat="33.79977" lon="-116.75696"><ele>1708.0</ele></trkpt>
    <trkpt lat="33.79981" lon="-116.75686"><ele>1708.0</ele></trkpt>
    <trkpt lat="33.79987" lon="-116.75677"><ele>1708.0</ele></trkpt>
    <trkpt lat="33.79997" lon="-116.75668"><ele>1708.0</ele></trkpt>
    <trkpt lat="33.80009" lon="-116.75661"><ele>1708.0</ele></trkpt>
    <trkpt lat="33.80020" lon="-116.75658"><ele>1708.0</ele></trkpt>
    <trkpt lat="33.80031" lon="-116.75657"><ele>1708.0</ele></trkpt>
    <trkpt lat="33.80039" lon="-116.75654"><ele>1708.0</ele></trkpt>
    <trkpt lat="33.80046" lon="-116.75646"><ele>1725.0</ele></trkpt>
    <trkpt lat="33.80051" lon="-116.75634"><ele>1725.0</ele></trkpt>
    <trkpt lat="33.80059" lon="-116.75609"><ele>1725.0</ele></trkpt>
    <trkpt lat="33.80068" lon="-116.75588"><ele>1725.0</ele></trkpt>
    <trkpt lat="33.80079" lon="-116.75562"><ele>1725.0</ele></trkpt>
    <trkpt lat="33.80084" lon="-116.75549"><ele>1725.0</ele></trkpt>
    <trkpt lat="33.80091" lon="-116.75535"><ele>1725.0</ele></trkpt>
    <trkpt lat="33.80101" lon="-116.75524"><ele>1725.0</ele></trkpt>
    <trkpt lat="33.80113" lon="-116.75509"><ele>1725.0</ele></trkpt>
    <trkpt lat="33.80126" lon="-116.75496"><ele>1725.0</ele></trkpt>
    <trkpt lat="33.80135" lon="-116.75488"><ele>1725.0</ele></trkpt>
    <trkpt lat="33.80146" lon="-116.75483"><ele>1725.0</ele></trkpt>
    <trkpt lat="33.80157" lon="-116.75484"><ele>1725.0</ele></trkpt>
    <trkpt lat="33.80164" lon="-116.75488"><ele>1725.0</ele></trkpt>
    <trkpt lat="33.80167" lon="-116.75499"><ele>1734.0</ele></trkpt>
    <trkpt lat="33.80165" lon="-116.75518"><ele>1734.0</ele></trkpt>
    <trkpt lat="33.80164" lon="-116.75542"><ele>1734.0</ele></trkpt>
    <trkpt lat="33.80163" lon="-116.75559"><ele>1734.0</ele></trkpt>
    <trkpt lat="33.80164" lon="-116.75572"><ele>1734.0</ele></trkpt>
    <trkpt lat="33.80169" lon="-116.75582"><ele>1734.0</ele></trkpt>
    <trkpt lat="33.80179" lon="-116.75590"><ele>1734.0</ele></trkpt>
    <trkpt lat="33.80193" lon="-116.75601"><ele>1734.0</ele></trkpt>
    <trkpt lat="33.80207" lon="-116.75604"><ele>1734.0</ele></trkpt>
    <trkpt lat="33.80220" lon="-116.75602"><ele>1734.0</ele></trkpt>
    <trkpt lat="33.80238" lon="-116.75593"><ele>1734.0</ele></trkpt>
    <trkpt lat="33.80261" lon="-116.75580"><ele>1734.0</ele></trkpt>
    <trkpt lat="33.80277" lon="-116.75568"><ele>1734.0</ele></trkpt>
    <trkpt lat="33.80292" lon="-116.75549"><ele>1734.0</ele></trkpt>
    <trkpt lat="33.80305" lon="-116.75537"><ele>1752.0</ele></trkpt>
    <trkpt lat="33.80320" lon="-116.75525"><ele>1752.0</ele></trkpt>
    <trkpt lat="33.80331" lon="-116.75513"><ele>1752.0</ele></trkpt>
    <trkpt lat="33.80341" lon="-116.75495"><ele>1752.0</ele></trkpt>
    <trkpt lat="33.80350" lon="-116.75476"><ele>1752.0</ele></trkpt>
    <trkpt lat="33.80357" lon="-116.75456"><ele>1752.0</ele></trkpt>
    <trkpt lat="33.80366" lon="-116.75433"><ele>1752.0</ele></trkpt>
    <trkpt lat="33.80375" lon="-116.75415"><ele>1752.0</ele></trkpt>
    <trkpt lat="33.80383" lon="-116.75403"><ele>1752.0</ele></trkpt>
    <trkpt lat="33.80394" lon="-116.75393"><ele>1752.0</ele></trkpt>
    <trkpt lat="33.80408" lon="-116.75387"><ele>1752.0</ele></trkpt>
    <trkpt lat="33.80422" lon="-116.75388"><ele>1752.0</ele></trkpt>
    <trkpt lat="33.80436" lon="-116.75388"><ele>1752.0</ele></trkpt>
    <trkpt lat="33.80446" lon="-116.75381"><ele>1752.0</ele></trkpt>
    <trkpt lat="33.80453" lon="-116.75369"><ele>1763.0</ele></trkpt>
    <trkpt lat="33.80456" lon="-116.75354"><ele>1763.0</ele></trkpt>
    <trkpt lat="33.80461" lon="-116.75345"><ele>1763.0</ele></trkpt>
    <trkpt lat="33.80467" lon="-116.75341"><ele>1763.0</ele></trkpt>
    <trkpt lat="33.80478" lon="-116.75336"><ele>1763.0</ele></trkpt>
    <trkpt lat="33.80486" lon="-116.75329"><ele>1763.0</ele></trkpt>
    <trkpt lat="33.80492" lon="-116.75318"><ele>1763.0</ele></trkpt>
    <trkpt lat="33.80496" lon="-116.75303"><ele>1763.0</ele></trkpt>
    <trkpt lat="33.80496" lon="-116.75288"><ele>1763.0</ele></trkpt>
    <trkpt lat="33.80499" lon="-116.75277"><ele>1763.0</ele></trkpt>
    <trkpt lat="33.80505" lon="-116.75266"><ele>1763.0</ele></trkpt>
    <trkpt lat="33.80517" lon="-116.75257"><ele>1763.0</ele></trkpt>
    <trkpt lat="33.80526" lon="-116.75246"><ele>1763.0</ele></trkpt>
    <trkpt lat="33.80533" lon="-116.75233"><ele>1763.0</ele></trkpt>
    <trkpt lat="33.80538" lon="-116.75220"><ele>1778.0</ele></trkpt>
    <trkpt lat="33.80540" lon="-116.75204"><ele>1778.0</ele></trkpt>
    <trkpt lat="33.80540" lon="-116.75189"><ele>1778.0</ele></trkpt>
    <trkpt lat="33.80546" lon="-116.75182"><ele>1778.0</ele></trkpt>
    <trkpt lat="33.80553" lon="-116.75180"><ele>1778.0</ele></trkpt>
    <trkpt lat="33.80560" lon="-116.75184"><ele>1778.0</ele></trkpt>
    <trkpt lat="33.80566" lon="-116.75191"><ele>1778.0</ele></trkpt>
    <trkpt lat="33.80575" lon="-116.75196"><ele>1778.0</ele></trkpt>
    <trkpt lat="33.80583" lon="-116.75196"><ele>1778.0</ele></trkpt>
    <trkpt lat="33.80591" lon="-116.75192"><ele>1778.0</ele></trkpt>
    <trkpt lat="33.80598" lon="-116.75183"><ele>1778.0</ele></trkpt>
    <trkpt lat="33.80607" lon="-116.75176"><ele>1778.0</ele></trkpt>
    <trkpt lat="33.80614" lon="-116.75175"><ele>1778.0</ele></trkpt>
    <trkpt lat="33.80623" lon="-116.75181"><ele>1778.0</ele></trkpt>
    <trkpt lat="33.80630" lon="-116.75182"><ele>1778.0</ele></trkpt>
    <trkpt lat="33.80638" lon="-116.75177"><ele>1801.0</ele></trkpt>
    <trkpt lat="33.80646" lon="-116.75169"><ele>1801.0</ele></trkpt>
    <trkpt lat="33.80653" lon="-116.75164"><ele>1801.0</ele></trkpt>
    <trkpt lat="33.80664" lon="-116.75161"><ele>1801.0</ele></trkpt>
    <trkpt lat="33.80680" lon="-116.75163"><ele>1801.0</ele></trkpt>
    <trkpt lat="33.80710" lon="-116.75167"><ele>1801.0</ele></trkpt>
    <trkpt lat="33.80737" lon="-116.75172"><ele>1801.0</ele></trkpt>
    <trkpt lat="33.80759" lon="-116.75176"><ele>1801.0</ele></trkpt>
    <trkpt lat="33.80771" lon="-116.75180"><ele>1801.0</ele></trkpt>
    <trkpt lat="33.80777" lon="-116.75186"><ele>1801.0</ele></trkpt>
    <trkpt lat="33.80787" lon="-116.75192"><ele>1801.0</ele></trkpt>
    <trkpt lat="33.80795" lon="-116.75184"><ele>1801.0</ele></trkpt>
    <trkpt lat="33.80798" lon="-116.75175"><ele>1801.0</ele></trkpt>
    <trkpt lat="33.80797" lon="-116.75162"><ele>1801.0</ele></trkpt>
    <trkpt lat="33.80791" lon="-116.75145"><ele>1808.0</ele></trkpt>
    <trkpt lat="33.80785" lon="-116.75133"><ele>1808.0</ele></trkpt>
    <trkpt lat="33.80778" lon="-116.75127"><ele>1808.0</ele></trkpt>
    <trkpt lat="33.80768" lon="-116.75127"><ele>1808.0</ele></trkpt>
    <trkpt lat="33.80756" lon="-116.75127"><ele>1808.0</ele></trkpt>
    <trkpt lat="33.80747" lon="-116.75124"><ele>1808.0</ele></trkpt>
    <trkpt lat="33.80738" lon="-116.75114"><ele>1808.0</ele></trkpt>
    <trkpt lat="33.80734" lon="-116.75102"><ele>1808.0</ele></trkpt>
    <trkpt lat="33.80732" lon="-116.75089"><ele>1808.0</ele></trkpt>
    <trkpt lat="33.80732" lon="-116.75080"><ele>1808.0</ele></trkpt>
    <trkpt lat="33.80734" lon="-116.75069"><ele>1808.0</ele></trkpt>
    <trkpt lat="33.80737" lon="-116.75058"><ele>1808.0</ele></trkpt>
    <trkpt lat="33.80742" lon="-116.75050"><ele>1808.0</ele></trkpt>
    <trkpt lat="33.80749" lon="-116.75046"><ele>1808.0</ele></trkpt>
    <trkpt lat="33.80757" lon="-116.75045"><ele>1820.0</ele></trkpt>
    <trkpt lat="33.80768" lon="-116.75046"><ele>1820.0</ele></trkpt>
    <trkpt lat="33.80781" lon="-116.75047"><ele>1820.0</ele></trkpt>
    <trkpt lat="33.80796" lon="-116.75046"><ele>1820.0</ele></trkpt>
    <trkpt lat="33.80811" lon="-116.75043"><ele>1820.0</ele></trkpt>
    <trkpt lat="33.80826" lon="-116.75036"><ele>1820.0</ele></trkpt>
    <trkpt lat="33.80841" lon="-116.75026"><ele>1820.0</ele></trkpt>
    <trkpt lat="33.80863" lon="-116.75010"><ele>1820.0</ele></trkpt>
    <trkpt lat="33.80907" lon="-116.74976"><ele>1820.0</ele></trkpt>
    <trkpt lat="33.80926" lon="-116.74959"><ele>1820.0</ele></trkpt>
    <trkpt lat="33.80943" lon="-116.74942"><ele>1820.0</ele></trkpt>
    <trkpt lat="33.80953" lon="-116.74933"><ele>1820.0</ele></trkpt>
    <trkpt lat="33.80966" lon="-116.74927"><ele>1820.0</ele></trkpt>
    <trkpt lat="33.80978" lon="-116.74923"><ele>1820.0</ele></trkpt>
    <trkpt lat="33.80991" lon="-116.74915"><ele>1853.0</ele></trkpt>
    <trkpt lat="33.81000" lon="-116.74915"><ele>1853.0</ele></trkpt>
    <trkpt lat="33.81016" lon="-116.74909"><ele>1853.0</ele></trkpt>
    <trkpt lat="33.81028" lon="-116.74906"><ele>1853.0</ele></trkpt>
    <trkpt lat="33.81045" lon="-116.74901"><ele>1853.0</ele></trkpt>
    <trkpt lat="33.81062" lon="-116.74897"><ele>1853.0</ele></trkpt>
    <trkpt lat="33.81073" lon="-116.74892"><ele>1853.0</ele></trkpt>
    <trkpt lat="33.81084" lon="-116.74889"><ele>1853.0</ele></trkpt>
    <trkpt lat="33.81098" lon="-116.74887"><ele>1853.0</ele></trkpt>
    <trkpt lat="33.81111" lon="-116.74884"><ele>1853.0</ele></trkpt>
    <trkpt lat="33.81123" lon="-116.74878"><ele>1853.0</ele></trkpt>
    <trkpt lat="33.81134" lon="-116.74869"><ele>1853.0</ele></trkpt>
    <trkpt lat="33.81146" lon="-116.74862"><ele>1853.0</ele></trkpt>
    <trkpt lat="33.81152" lon="-116.74851"><ele>1853.0</ele></trkpt>
    <trkpt lat="33.81160" lon="-116.74841"><ele>1869.0</ele></trkpt>
    <trkpt lat="33.81169" lon="-116.74831"><ele>1869.0</ele></trkpt>
    <trkpt lat="33.81183" lon="-116.74817"><ele>1869.0</ele></trkpt>
    <trkpt lat="33.81195" lon="-116.74807"><ele>1869.0</ele></trkpt>
    <trkpt lat="33.81204" lon="-116.74800"><ele>1869.0</ele></trkpt>
    <trkpt lat="33.81213" lon="-116.74796"><ele>1869.0</ele></trkpt>
    <trkpt lat="33.81229" lon="-116.74791"><ele>1869.0</ele></trkpt>
    <trkpt lat="33.81252" lon="-116.74784"><ele>1869.0</ele></trkpt>
    <trkpt lat="33.81269" lon="-116.74777"><ele>1869.0</ele></trkpt>
    <trkpt lat="33.81284" lon="-116.74775"><ele>1869.0</ele></trkpt>
    <trkpt lat="33.81302" lon="-116.74769"><ele>1869.0</ele></trkpt>
    <trkpt lat="33.81313" lon="-116.74762"><ele>1869.0</ele></trkpt>
    <trkpt lat="33.81323" lon="-116.74753"><ele>1869.0</ele></trkpt>
    <trkpt lat="33.81334" lon="-116.74742"><ele>1869.0</ele></trkpt>
    <trkpt lat="33.81344" lon="-116.74736"><ele>1890.0</ele></trkpt>
    <trkpt lat="33.81351" lon="-116.74732"><ele>1890.0</ele></trkpt>
    <trkpt lat="33.81357" lon="-116.74733"><ele>1890.0</ele></trkpt>
    <trkpt lat="33.81360" lon="-116.74738"><ele>1890.0</ele></trkpt>
    <trkpt lat="33.81359" lon="-116.74746"><ele>1890.0</ele></trkpt>
    <trkpt lat="33.81354" lon="-116.74753"><ele>1890.0</ele></trkpt>
    <trkpt lat="33.81347" lon="-116.74757"><ele>1890.0</ele></trkpt>
    <trkpt lat="33.81339" lon="-116.74761"><ele>1890.0</ele></trkpt>
    <trkpt lat="33.81332" lon="-116.74765"><ele>1890.0</ele></trkpt>
    <trkpt lat="33.81324" lon="-116.74772"><ele>1890.0</ele></trkpt>
    <trkpt lat="33.81318" lon="-116.74780"><ele>1890.0</ele></trkpt>
    <trkpt lat="33.81310" lon="-116.74786"><ele>1890.0</ele></trkpt>
    <trkpt lat="33.81294" lon="-116.74794"><ele>1890.0</ele></trkpt>
    <trkpt lat="33.81282" lon="-116.74802"><ele>1890.0</ele></trkpt>
    <trkpt lat="33.81269" lon="-116.74810"><ele>1888.0</ele></trkpt>
    <trkpt lat="33.81254" lon="-116.74821"><ele>1888.0</ele></trkpt>
    <trkpt lat="33.81241" lon="-116.74831"><ele>1888.0</ele></trkpt>
    <trkpt lat="33.81230" lon="-116.74841"><ele>1888.0</ele></trkpt>
    <trkpt lat="33.81223" lon="-116.74852"><ele>1888.0</ele></trkpt>
    <trkpt lat="33.81219" lon="-116.74862"><ele>1888.0</ele></trkpt>
    <trkpt lat="33.81219" lon="-116.74874"><ele>1888.0</ele></trkpt>
    <trkpt lat="33.81219" lon="-116.74886"><ele>1888.0</ele></trkpt>
    <trkpt lat="33.81222" lon="-116.74896"><ele>1888.0</ele></trkpt>
    <trkpt lat="33.81223" lon="-116.74910"><ele>1888.0</ele></trkpt>
    <trkpt lat="33.81221" lon="-116.74924"><ele>1888.0</ele></trkpt>
    <trkpt lat="33.81218" lon="-116.74936"><ele>1888.0</ele></trkpt>
    <trkpt lat="33.81209" lon="-116.74948"><ele>1888.0</ele></trkpt>
    <trkpt lat="33.81201" lon="-116.74960"><ele>1888.0</ele></trkpt>
    <trkpt lat="33.81195" lon="-116.74973"><ele>1907.0</ele></trkpt>
    <trkpt lat="33.81187" lon="-116.74986"><ele>1907.0</ele></trkpt>
    <trkpt lat="33.81181" lon="-116.74994"><ele>1907.0</ele></trkpt>
    <trkpt lat="33.81173" lon="-116.75001"><ele>1907.0</ele></trkpt>
    <trkpt lat="33.81160" lon="-116.75012"><ele>1907.0</ele></trkpt>
    <trkpt lat="33.81145" lon="-116.75027"><ele>1907.0</ele></trkpt>
    <trkpt lat="33.81134" lon="-116.75037"><ele>1907.0</ele></trkpt>
    <trkpt lat="33.81120" lon="-116.75050"><ele>1907.0</ele></trkpt>
    <trkpt lat="33.81112" lon="-116.75056"><ele>1907.0</ele></trkpt>
    <trkpt lat="33.81104" lon="-116.75060"><ele>1907.0</ele></trkpt>
    <trkpt lat="33.81094" lon="-116.75063"><ele>1907.0</ele></trkpt>
    <trkpt lat="33.81086" lon="-116.75069"><ele>1907.0</ele></trkpt>
    <trkpt lat="33.81084" lon="-116.75077"><ele>1907.0</ele></trkpt>
    <trkpt lat="33.81083" lon="-116.75087"><ele>1907.0</ele></trkpt>
    <trkpt lat="33.81083" lon="-116.75097"><ele>1914.0</ele></trkpt>
    <trkpt lat="33.81084" lon="-116.75113"><ele>1914.0</ele></trkpt>
    <trkpt lat="33.81085" lon="-116.75125"><ele>1914.0</ele></trkpt>
    <trkpt lat="33.81083" lon="-116.75134"><ele>1914.0</ele></trkpt>
    <trkpt lat="33.81078" lon="-116.75143"><ele>1914.0</ele></trkpt>
    <trkpt lat="33.81069" lon="-116.75160"><ele>1914.0</ele></trkpt>
    <trkpt lat="33.81059" lon="-116.75178"><ele>1914.0</ele></trkpt>
    <trkpt lat="33.81058" lon="-116.75186"><ele>1914.0</ele></trkpt>
    <trkpt lat="33.81061" lon="-116.75190"><ele>1914.0</ele></trkpt>
    <trkpt lat="33.81068" lon="-116.75193"><ele>1914.0</ele></trkpt>
    <trkpt lat="33.81074" lon="-116.75187"><ele>1914.0</ele></trkpt>
    <trkpt lat="33.81077" lon="-116.75179"><ele>1914.0</ele></trkpt>
    <trkpt lat="33.81079" lon="-116.75167"><ele>1914.0</ele></trkpt>
    <trkpt lat="33.81086" lon="-116.75153"><ele>1914.0</ele></trkpt>
    <trkpt lat="33.81098" lon="-116.75141"><ele>1928.0</ele></trkpt>
    <trkpt lat="33.81110" lon="-116.75125"><ele>1928.0</ele></trkpt>
    <trkpt lat="33.81123" lon="-116.75111"><ele>1928.0</ele></trkpt>
    <trkpt lat="33.81134" lon="-116.75097"><ele>1928.0</ele></trkpt>
    <trkpt lat="33.81142" lon="-116.75093"><ele>1928.0</ele></trkpt>
    <trkpt lat="33.81150" lon="-116.75087"><ele>1928.0</ele></trkpt>
    <trkpt lat="33.81159" lon="-116.75080"><ele>1928.0</ele></trkpt>
    <trkpt lat="33.81168" lon="-116.75075"><ele>1928.0</ele></trkpt>
    <trkpt lat="33.81181" lon="-116.75071"><ele>1928.0</ele></trkpt>
    <trkpt lat="33.81190" lon="-116.75065"><ele>1928.0</ele></trkpt>
    <trkpt lat="33.81201" lon="-116.75059"><ele>1928.0</ele></trkpt>
    <trkpt lat="33.81214" lon="-116.75050"><ele>1928.0</ele></trkpt>
    <trkpt lat="33.81226" lon="-116.75042"><ele>1928.0</ele></trkpt>
    <trkpt lat="33.81237" lon="-116.75036"><ele>1928.0</ele></trkpt>
    <trkpt lat="33.81248" lon="-116.75033"><ele>1963.0</ele></trkpt>
    <trkpt lat="33.81261" lon="-116.75033"><ele>1963.0</ele></trkpt>
    <trkpt lat="33.81272" lon="-116.75038"><ele>1963.0</ele></trkpt>
    <trkpt lat="33.81281" lon="-116.75040"><ele>1963.0</ele></trkpt>
    <trkpt lat="33.81294" lon="-116.75040"><ele>1963.0</ele></trkpt>
    <trkpt lat="33.81311" lon="-116.75040"><ele>1963.0</ele></trkpt>
    <trkpt lat="33.81325" lon="-116.75041"><ele>1963.0</ele></trkpt>
    <trkpt lat="33.81339" lon="-116.75043"><ele>1963.0</ele></trkpt>
    <trkpt lat="33.81347" lon="-116.75045"><ele>1963.0</ele></trkpt>
    <trkpt lat="33.81353" lon="-116.75043"><ele>1963.0</ele></trkpt>
    <trkpt lat="33.81358" lon="-116.75034"><ele>1963.0</ele></trkpt>
    <trkpt lat="33.81363" lon="-116.75023"><ele>1963.0</ele></trkpt>
    <trkpt lat="33.81370" lon="-116.75013"><ele>1963.0</ele></trkpt>
    <trkpt lat="33.81378" lon="-116.75007"><ele>1963.0</ele></trkpt>
    <trkpt lat="33.81387" lon="-116.74999"><ele>1970.0</ele></trkpt>
    <trkpt lat="33.81393" lon="-116.74992"><ele>1970.0</ele></trkpt>
    <trkpt lat="33.81397" lon="-116.74978"><ele>1970.0</ele></trkpt>
    <trkpt lat="33.81402" lon="-116.74967"><ele>1970.0</ele></trkpt>
    <trkpt lat="33.81410" lon="-116.74957"><ele>1970.0</ele></trkpt>
    <trkpt lat="33.81419" lon="-116.74951"><ele>1970.0</ele></trkpt>
    <trkpt lat="33.81431" lon="-116.74949"><ele>1970.0</ele></trkpt>
    <trkpt lat="33.81442" lon="-116.74948"><ele>1970.0</ele></trkpt>
    <trkpt lat="33.81456" lon="-116.74947"><ele>1970.0</ele></trkpt>
    <trkpt lat="33.81476" lon="-116.74947"><ele>1970.0</ele></trkpt>
    <trkpt lat="33.81497" lon="-116.74946"><ele>1970.0</ele></trkpt>
    <trkpt lat="33.81519" lon="-116.74946"><ele>1970.0</ele></trkpt>
    <trkpt lat="33.81533" lon="-116.74949"><ele>1970.0</ele></trkpt>
    <trkpt lat="33.81543" lon="-116.74949"><ele>1970.0</ele></trkpt>
    <trkpt lat="33.81558" lon="-116.74947"><ele>2000.0</ele></trkpt>
    <trkpt lat="33.81573" lon="-116.74945"><ele>2000.0</ele></trkpt>
    <trkpt lat="33.81584" lon="-116.74946"><ele>2000.0</ele></trkpt>
    <trkpt lat="33.81597" lon="-116.74949"><ele>2000.0</ele></trkpt>
    <trkpt lat="33.81610" lon="-116.74952"><ele>2000.0</ele></trkpt>
    <trkpt lat="33.81622" lon="-116.74955"><ele>2000.0</ele></trkpt>
    <trkpt lat="33.81634" lon="-116.74954"><ele>2000.0</ele></trkpt>
    <trkpt lat="33.81654" lon="-116.74952"><ele>2000.0</ele></trkpt>
    <trkpt lat="33.81674" lon="-116.74950"><ele>2000.0</ele></trkpt>
    <trkpt lat="33.81691" lon="-116.74949"><ele>2000.0</ele></trkpt>
    <trkpt lat="33.81708" lon="-116.74944"><ele>2000.0</ele></trkpt>
    <trkpt lat="33.81723" lon="-116.74941"><ele>2000.0</ele></trkpt>
    <trkpt lat="33.81736" lon="-116.74942"><ele>2000.0</ele></trkpt>
    <trkpt lat="33.81752" lon="-116.74943"><ele>2000.0</ele></trkpt>
    <trkpt lat="33.81763" lon="-116.74945"><ele>2016.0</ele></trkpt>
    <trkpt lat="33.81776" lon="-116.74947"><ele>2016.0</ele></trkpt>
    <trkpt lat="33.81785" lon="-116.74945"><ele>2016.0</ele></trkpt>
    <trkpt lat="33.81792" lon="-116.74941"><ele>2016.0</ele></trkpt>
    <trkpt lat="33.81797" lon="-116.74934"><ele>2016.0</ele></trkpt>
    <trkpt lat="33.81803" lon="-116.74928"><ele>2016.0</ele></trkpt>
    <trkpt lat="33.81812" lon="-116.74924"><ele>2016.0</ele></trkpt>
    <trkpt lat="33.81834" lon="-116.74916"><ele>2016.0</ele></trkpt>
    <trkpt lat="33.81851" lon="-116.74911"><ele>2016.0</ele></trkpt>
    <trkpt lat="33.81871" lon="-116.74905"><ele>2016.0</ele></trkpt>
    <trkpt lat="33.81887" lon="-116.74902"><ele>2016.0</ele></trkpt>
    <trkpt lat="33.81897" lon="-116.74903"><ele>2016.0</ele></trkpt>
    <trkpt lat="33.81906" lon="-116.74908"><ele>2016.0</ele></trkpt>
    <trkpt lat="33.81913" lon="-116.74915"><ele>2016.0</ele></trkpt>
    <trkpt lat="33.81916" lon="-116.74925"><ele>2032.0</ele></trkpt>
    <trkpt lat="33.81914" lon="-116.74932"><ele>2032.0</ele></trkpt>
    <trkpt lat="33.81909" lon="-116.74941"><ele>2032.0</ele></trkpt>
    <trkpt lat="33.81903" lon="-116.74946"><ele>2032.0</ele></trkpt>
    <trkpt lat="33.81893" lon="-116.74948"><ele>2032.0</ele></trkpt>
    <trkpt lat="33.81882" lon="-116.74951"><ele>2032.0</ele></trkpt>
    <trkpt lat="33.81867" lon="-116.74955"><ele>2032.0</ele></trkpt>
    <trkpt lat="33.81856" lon="-116.74959"><ele>2032.0</ele></trkpt>
    <trkpt lat="33.81837" lon="-116.74970"><ele>2032.0</ele></trkpt>
    <trkpt lat="33.81823" lon="-116.74978"><ele>2032.0</ele></trkpt>
    <trkpt lat="33.81811" lon="-116.74982"><ele>2032.0</ele></trkpt>
    <trkpt lat="33.81798" lon="-116.74983"><ele>2032.0</ele></trkpt>
    <trkpt lat="33.81782" lon="-116.74983"><ele>2032.0</ele></trkpt>
    <trkpt lat="33.81760" lon="-116.74981"><ele>2032.0</ele></trkpt>
    <trkpt lat="33.81742" lon="-116.74981"><ele>2032.0</ele></trkpt>
    <trkpt lat="33.81731" lon="-116.74982"><ele>2026.0</ele></trkpt>
    <trkpt lat="33.81723" lon="-116.74984"><ele>2026.0</ele></trkpt>
    <trkpt lat="33.81709" lon="-116.74991"><ele>2026.0</ele></trkpt>
    <trkpt lat="33.81694" lon="-116.74998"><ele>2026.0</ele></trkpt>
    <trkpt lat="33.81687" lon="-116.75002"><ele>2026.0</ele></trkpt>
    <trkpt lat="33.81680" lon="-116.75003"><ele>2026.0</ele></trkpt>
    <trkpt lat="33.81668" lon="-116.75004"><ele>2026.0</ele></trkpt>
    <trkpt lat="33.81651" lon="-116.75007"><ele>2026.0</ele></trkpt>
    <trkpt lat="33.81633" lon="-116.75012"><ele>2026.0</ele></trkpt>
    <trkpt lat="33.81619" lon="-116.75017"><ele>2026.0</ele></trkpt>
    <trkpt lat="33.81604" lon="-116.75023"><ele>2026.0</ele></trkpt>
    <trkpt lat="33.81597" lon="-116.75026"><ele>2026.0</ele></trkpt>
    <trkpt lat="33.81589" lon="-116.75031"><ele>2026.0</ele></trkpt>
    <trkpt lat="33.81583" lon="-116.75037"><ele>2026.0</ele></trkpt>
    <trkpt lat="33.81577" lon="-116.75043"><ele>2019.0</ele></trkpt>
    <trkpt lat="33.81567" lon="-116.75050"><ele>2019.0</ele></trkpt>
    <trkpt lat="33.81558" lon="-116.75054"><ele>2019.0</ele></trkpt>
    <trkpt lat="33.81550" lon="-116.75056"><ele>2019.0</ele></trkpt>
    <trkpt lat="33.81541" lon="-116.75053"><ele>2019.0</ele></trkpt>
    <trkpt lat="33.81529" lon="-116.75049"><ele>2019.0</ele></trkpt>
    <trkpt lat="33.81517" lon="-116.75047"><ele>2019.0</ele></trkpt>
    <trkpt lat="33.81508" lon="-116.75047"><ele>2019.0</ele></trkpt>
    <trkpt lat="33.81498" lon="-116.75047"><ele>2019.0</ele></trkpt>
    <trkpt lat="33.81491" lon="-116.75051"><ele>2019.0</ele></trkpt>
    <trkpt lat="33.81484" lon="-116.75057"><ele>2019.0</ele></trkpt>
    <trkpt lat="33.81482" lon="-116.75065"><ele>2019.0</ele></trkpt>
    <trkpt lat="33.81481" lon="-116.75076"><ele>2019.0</ele></trkpt>
    <trkpt lat="33.81484" lon="-116.75088"><ele>2019.0</ele></trkpt>
    <trkpt lat="33.81487" lon="-116.75100"><ele>2034.0</ele></trkpt>
    <trkpt lat="33.81489" lon="-116.75110"><ele>2034.0</ele></trkpt>
    <trkpt lat="33.81488" lon="-116.75119"><ele>2034.0</ele></trkpt>
    <trkpt lat="33.81484" lon="-116.75127"><ele>2034.0</ele></trkpt>
    <trkpt lat="33.81476" lon="-116.75141"><ele>2034.0</ele></trkpt>
    <trkpt lat="33.81464" lon="-116.75160"><ele>2034.0</ele></trkpt>
    <trkpt lat="33.81459" lon="-116.75170"><ele>2034.0</ele></trkpt>
    <trkpt lat="33.81452" lon="-116.75182"><ele>2034.0</ele></trkpt>
    <trkpt lat="33.81448" lon="-116.75188"><ele>2034.0</ele></trkpt>
    <trkpt lat="33.81446" lon="-116.75198"><ele>2034.0</ele></trkpt>
    <trkpt lat="33.81448" lon="-116.75207"><ele>2034.0</ele></trkpt>
    <trkpt lat="33.81451" lon="-116.75213"><ele>2034.0</ele></trkpt>
    <trkpt lat="33.81456" lon="-116.75220"><ele>2034.0</ele></trkpt>
    <trkpt lat="33.81463" lon="-116.75226"><ele>2034.0</ele></trkpt>
    <trkpt lat="33.81469" lon="-116.75236"><ele>2048.0</ele></trkpt>
    <trkpt lat="33.81471" lon="-116.75248"><ele>2048.0</ele></trkpt>
    <trkpt lat="33.81472" lon="-116.75263"><ele>2048.0</ele></trkpt>
    <trkpt lat="33.81473" lon="-116.75283"><ele>2048.0</ele></trkpt>
    <trkpt lat="33.81472" lon="-116.75294"><ele>2048.0</ele></trkpt>
    <trkpt lat="33.81470" lon="-116.75302"><ele>2048.0</ele></trkpt>
    <trkpt lat="33.81464" lon="-116.75309"><ele>2048.0</ele></trkpt>
    <trkpt lat="33.81460" lon="-116.75316"><ele>2048.0</ele></trkpt>
    <trkpt lat="33.81457" lon="-116.75324"><ele>2048.0</ele></trkpt>
    <trkpt lat="33.81459" lon="-116.75331"><ele>2048.0</ele></trkpt>
    <trkpt lat="33.81464" lon="-116.75334"><ele>2048.0</ele></trkpt>
    <trkpt lat="33.81471" lon="-116.75332"><ele>2048.0</ele></trkpt>
    <trkpt lat="33.81482" lon="-116.75322"><ele>2048.0</ele></trkpt>
    <trkpt lat="33.81490" lon="-116.75316"><ele>2048.0</ele></trkpt>
    <trkpt lat="33.81499" lon="-116.75313"><ele>2058.0</ele></trkpt>
    <trkpt lat="33.81505" lon="-116.75310"><ele>2058.0</ele></trkpt>
    <trkpt lat="33.81507" lon="-116.75304"><ele>2058.0</ele></trkpt>
    <trkpt lat="33.81508" lon="-116.75296"><ele>2058.0</ele></trkpt>
    <trkpt lat="33.81508" lon="-116.75284"><ele>2058.0</ele></trkpt>
    <trkpt lat="33.81510" lon="-116.75270"><ele>2058.0</ele></trkpt>
    <trkpt lat="33.81513" lon="-116.75255"><ele>2058.0</ele></trkpt>
    <trkpt lat="33.81519" lon="-116.75243"><ele>2058.0</ele></trkpt>
    <trkpt lat="33.81525" lon="-116.75229"><ele>2058.0</ele></trkpt>
    <trkpt lat="33.81533" lon="-116.75218"><ele>2058.0</ele></trkpt>
    <trkpt lat="33.81540" lon="-116.75206"><ele>2058.0</ele></trkpt>
    <trkpt lat="33.81545" lon="-116.75193"><ele>2058.0</ele></trkpt>
    <trkpt lat="33.81552" lon="-116.75177"><ele>2058.0</ele></trkpt>
    <trkpt lat="33.81559" lon="-116.75162"><ele>2058.0</ele></trkpt>
    <trkpt lat="33.81567" lon="-116.75153"><ele>2070.0</ele></trkpt>
    <trkpt lat="33.81578" lon="-116.75143"><ele>2070.0</ele></trkpt>
    <trkpt lat="33.81591" lon="-116.75134"><ele>2070.0</ele></trkpt>
    <trkpt lat="33.81604" lon="-116.75128"><ele>2070.0</ele></trkpt>
    <trkpt lat="33.81618" lon="-116.75122"><ele>2070.0</ele></trkpt>
    <trkpt lat="33.81633" lon="-116.75118"><ele>2070.0</ele></trkpt>
    <trkpt lat="33.81654" lon="-116.75115"><ele>2070.0</ele></trkpt>
    <trkpt lat="33.81672" lon="-116.75112"><ele>2070.0</ele></trkpt>
    <trkpt lat="33.81689" lon="-116.75108"><ele>2070.0</ele></trkpt>
    <trkpt lat="33.81701" lon="-116.75105"><ele>2070.0</ele></trkpt>
    <trkpt lat="33.81712" lon="-116.75103"><ele>2070.0</ele></trkpt>
    <trkpt lat="33.81725" lon="-116.75103"><ele>2070.0</ele></trkpt>
    <trkpt lat="33.81738" lon="-116.75103"><ele>2070.0</ele></trkpt>
    <trkpt lat="33.81753" lon="-116.75100"><ele>2070.0</ele></trkpt>
    <trkpt lat="33.81772" lon="-116.75096"><ele>2082.0</ele></trkpt>
    <trkpt lat="33.81785" lon="-116.75096"><ele>2082.0</ele></trkpt>
    <trkpt lat="33.81799" lon="-116.75096"><ele>2082.0</ele></trkpt>
    <trkpt lat="33.81810" lon="-116.75094"><ele>2082.0</ele></trkpt>
    <trkpt lat="33.81821" lon="-116.75092"><ele>2082.0</ele></trkpt>
    <trkpt lat="33.81832" lon="-116.75091"><ele>2082.0</ele></trkpt>
    <trkpt lat="33.81843" lon="-116.75094"><ele>2082.0</ele></trkpt>
    <trkpt lat="33.81857" lon="-116.75100"><ele>2082.0</ele></trkpt>
    <trkpt lat="33.81870" lon="-116.75111"><ele>2082.0</ele></trkpt>
    <trkpt lat="33.81880" lon="-116.75118"><ele>2082.0</ele></trkpt>
    <trkpt lat="33.81888" lon="-116.75124"><ele>2082.0</ele></trkpt>
    <trkpt lat="33.81895" lon="-116.75131"><ele>2082.0</ele></trkpt>
    <trkpt lat="33.81898" lon="-116.75139"><ele>2082.0</ele></trkpt>
    <trkpt lat="33.81899" lon="-116.75150"><ele>2082.0</ele></trkpt>
    <trkpt lat="33.81898" lon="-116.75166"><ele>2110.0</ele></trkpt>
    <trkpt lat="33.81900" lon="-116.75177"><ele>2110.0</ele></trkpt>
    <trkpt lat="33.81905" lon="-116.75189"><ele>2110.0</ele></trkpt>
    <trkpt lat="33.81912" lon="-116.75195"><ele>2110.0</ele></trkpt>
    <trkpt lat="33.81921" lon="-116.75194"><ele>2110.0</ele></trkpt>
    <trkpt lat="33.81932" lon="-116.75194"><ele>2110.0</ele></trkpt>
    <trkpt lat="33.81943" lon="-116.75196"><ele>2110.0</ele></trkpt>
    <trkpt lat="33.81956" lon="-116.75196"><ele>2110.0</ele></trkpt>
    <trkpt lat="33.81968" lon="-116.75192"><ele>2110.0</ele></trkpt>
    <trkpt lat="33.81979" lon="-116.75190"><ele>2110.0</ele></trkpt>
    <trkpt lat="33.81989" lon="-116.75186"><ele>2110.0</ele></trkpt>
    <trkpt lat="33.81996" lon="-116.75185"><ele>2110.0</ele></trkpt>
    <trkpt lat="33.82001" lon="-116.75189"><ele>2110.0</ele></trkpt>
    <trkpt lat="33.82000" lon="-116.75198"><ele>2110.0</ele></trkpt>
    <trkpt lat="33.81996" lon="-116.75205"><ele>2124.0</ele></trkpt>
    <trkpt lat="33.81983" lon="-116.75209"><ele>2124.0</ele></trkpt>
    <trkpt lat="33.81971" lon="-116.75213"><ele>2124.0</ele></trkpt>
    <trkpt lat="33.81957" lon="-116.75221"><ele>2124.0</ele></trkpt>
    <trkpt lat="33.81944" lon="-116.75231"><ele>2124.0</ele></trkpt>
    <trkpt lat="33.81938" lon="-116.75241"><ele>2124.0</ele></trkpt>
    <trkpt lat="33.81929" lon="-116.75254"><ele>2124.0</ele></trkpt>
    <trkpt lat="33.81919" lon="-116.75267"><ele>2124.0</ele></trkpt>
    <trkpt lat="33.81908" lon="-116.75278"><ele>2124.0</ele></trkpt>
    <trkpt lat="33.81892" lon="-116.75292"><ele>2124.0</ele></trkpt>
    <trkpt lat="33.81884" lon="-116.75301"><ele>2124.0</ele></trkpt>
    <trkpt lat="33.81874" lon="-116.75306"><ele>2124.0</ele></trkpt>
    <trkpt lat="33.81863" lon="-116.75311"><ele>2124.0</ele></trkpt>
    <trkpt lat="33.81849" lon="-116.75317"><ele>2124.0</ele></trkpt>
    <trkpt lat="33.81840" lon="-116.75323"><ele>2132.0</ele></trkpt>
    <trkpt lat="33.81836" lon="-116.75331"><ele>2132.0</ele></trkpt>
    <trkpt lat="33.81835" lon="-116.75341"><ele>2132.0</ele></trkpt>
    <trkpt lat="33.81838" lon="-116.75349"><ele>2132.0</ele></trkpt>
    <trkpt lat="33.81845" lon="-116.75354"><ele>2132.0</ele></trkpt>
    <trkpt lat="33.81854" lon="-116.75350"><ele>2132.0</ele></trkpt>
    <trkpt lat="33.81863" lon="-116.75343"><ele>2132.0</ele></trkpt>
    <trkpt lat="33.81874" lon="-116.75332"><ele>2132.0</ele></trkpt>
    <trkpt lat="33.81885" lon="-116.75322"><ele>2132.0</ele></trkpt>
    <trkpt lat="33.81894" lon="-116.75317"><ele>2132.0</ele></trkpt>
    <trkpt lat="33.81907" lon="-116.75312"><ele>2132.0</ele></trkpt>
    <trkpt lat="33.81925" lon="-116.75304"><ele>2132.0</ele></trkpt>
    <trkpt lat="33.81941" lon="-116.75300"><ele>2132.0</ele></trkpt>
    <trkpt lat="33.81951" lon="-116.75296"><ele>2132.0</ele></trkpt>
    <trkpt lat="33.81959" lon="-116.75289"><ele>2141.0</ele></trkpt>
    <trkpt lat="33.81967" lon="-116.75279"><ele>2141.0</ele></trkpt>
    <trkpt lat="33.81977" lon="-116.75270"><ele>2141.0</ele></trkpt>
    <trkpt lat="33.81985" lon="-116.75264"><ele>2141.0</ele></trkpt>
    <trkpt lat="33.81993" lon="-116.75263"><ele>2141.0</ele></trkpt>
    <trkpt lat="33.82002" lon="-116.75263"><ele>2141.0</ele></trkpt>
    <trkpt lat="33.82015" lon="-116.75263"><ele>2141.0</ele></trkpt>
    <trkpt lat="33.82029" lon="-116.75260"><ele>2141.0</ele></trkpt>
    <trkpt lat="33.82041" lon="-116.75257"><ele>2141.0</ele></trkpt>
    <trkpt lat="33.82051" lon="-116.75256"><ele>2141.0</ele></trkpt>
    <trkpt lat="33.82059" lon="-116.75252"><ele>2141.0</ele></trkpt>
    <trkpt lat="33.82065" lon="-116.75246"><ele>2141.0</ele></trkpt>
    <trkpt lat="33.82073" lon="-116.75232"><ele>2141.0</ele></trkpt>
    <trkpt lat="33.82081" lon="-116.75223"><ele>2141.0</ele></trkpt>
    <trkpt lat="33.82094" lon="-116.75214"><ele>2160.0</ele></trkpt>
    <trkpt lat="33.82106" lon="-116.75208"><ele>2160.0</ele></trkpt>
    <trkpt lat="33.82123" lon="-116.75199"><ele>2160.0</ele></trkpt>
    <trkpt lat="33.82141" lon="-116.75188"><ele>2160.0</ele></trkpt>
    <trkpt lat="33.82164" lon="-116.75177"><ele>2160.0</ele></trkpt>
    <trkpt lat="33.82178" lon="-116.75168"><ele>2160.0</ele></trkpt>
    <trkpt lat="33.82189" lon="-116.75158"><ele>2160.0</ele></trkpt>
    <trkpt lat="33.82200" lon="-116.75147"><ele>2160.0</ele></trkpt>
    <trkpt lat="33.82207" lon="-116.75140"><ele>2160.0</ele></trkpt>
    <trkpt lat="33.82211" lon="-116.75132"><ele>2160.0</ele></trkpt>
    <trkpt lat="33.82213" lon="-116.75121"><ele>2160.0</ele></trkpt>
    <trkpt lat="33.82216" lon="-116.75106"><ele>2160.0</ele></trkpt>
    <trkpt lat="33.82221" lon="-116.75094"><ele>2160.0</ele></trkpt>
    <trkpt lat="33.82232" lon="-116.75078"><ele>2160.0</ele></trkpt>
    <trkpt lat="33.82240" lon="-116.75064"><ele>2167.0</ele></trkpt>
    <trkpt lat="33.82246" lon="-116.75052"><ele>2167.0</ele></trkpt>
    <trkpt lat="33.82254" lon="-116.75043"><ele>2167.0</ele></trkpt>
    <trkpt lat="33.82265" lon="-116.75038"><ele>2167.0</ele></trkpt>
    <trkpt lat="33.82275" lon="-116.75036"><ele>2167.0</ele></trkpt>
    <trkpt lat="33.82286" lon="-116.75037"><ele>2167.0</ele></trkpt>
    <trkpt lat="33.82300" lon="-116.75042"><ele>2167.0</ele></trkpt>
    <trkpt lat="33.82312" lon="-116.75048"><ele>2167.0</ele></trkpt>
    <trkpt lat="33.82324" lon="-116.75057"><ele>2167.0</ele></trkpt>
    <trkpt lat="33.82335" lon="-116.75066"><ele>2167.0</ele></trkpt>
    <trkpt lat="33.82342" lon="-116.75076"><ele>2167.0</ele></trkpt>
    <trkpt lat="33.82347" lon="-116.75087"><ele>2167.0</ele></trkpt>
    <trkpt lat="33.82353" lon="-116.75106"><ele>2167.0</ele></trkpt>
    <trkpt lat="33.82361" lon="-116.75125"><ele>2167.0</ele></trkpt>
    <trkpt lat="33.82369" lon="-116.75142"><ele>2210.0</ele></trkpt>
    <trkpt lat="33.82379" lon="-116.75164"><ele>2210.0</ele></trkpt>
    <trkpt lat="33.82387" lon="-116.75181"><ele>2210.0</ele></trkpt>
    <trkpt lat="33.82394" lon="-116.75194"><ele>2210.0</ele></trkpt>
    <trkpt lat="33.82399" lon="-116.75205"><ele>2210.0</ele></trkpt>
    <trkpt lat="33.82406" lon="-116.75217"><ele>2210.0</ele></trkpt>
    <trkpt lat="33.82413" lon="-116.75222"><ele>2210.0</ele></trkpt>
    <trkpt lat="33.82418" lon="-116.75221"><ele>2210.0</ele></trkpt>
    <trkpt lat="33.82424" lon="-116.75215"><ele>2210.0</ele></trkpt>
    <trkpt lat="33.82431" lon="-116.75203"><ele>2210.0</ele></trkpt>
    <trkpt lat="33.82439" lon="-116.75192"><ele>2210.0</ele></trkpt>
    <trkpt lat="33.82449" lon="-116.75185"><ele>2210.0</ele></trkpt>
    <trkpt lat="33.82461" lon="-116.75176"><ele>2210.0</ele></trkpt>
    <trkpt lat="33.82481" lon="-116.75165"><ele>2210.0</ele></trkpt>
    <trkpt lat="33.82489" lon="-116.75159"><ele>2208.0</ele></trkpt>
    <trkpt lat="33.82491" lon="-116.75151"><ele>2208.0</ele></trkpt>
    <trkpt lat="33.82490" lon="-116.75135"><ele>2208.0</ele></trkpt>
    <trkpt lat="33.82490" lon="-116.75122"><ele>2208.0</ele></trkpt>
    <trkpt lat="33.82495" lon="-116.75110"><ele>2208.0</ele></trkpt>
    <trkpt lat="33.82501" lon="-116.75097"><ele>2208.0</ele></trkpt>
    <trkpt lat="33.82503" lon="-116.75083"><ele>2208.0</ele></trkpt>
    <trkpt lat="33.82503" lon="-116.75068"><ele>2208.0</ele></trkpt>
    <trkpt lat="33.82505" lon="-116.75057"><ele>2208.0</ele></trkpt>
    <trkpt lat="33.82510" lon="-116.75045"><ele>2208.0</ele></trkpt>
    <trkpt lat="33.82519" lon="-116.75024"><ele>2208.0</ele></trkpt>
    <trkpt lat="33.82527" lon="-116.75013"><ele>2208.0</ele></trkpt>
    <trkpt lat="33.82537" lon="-116.75005"><ele>2208.0</ele></trkpt>
    <trkpt lat="33.82543" lon="-116.75000"><ele>2208.0</ele></trkpt>
    <trkpt lat="33.82548" lon="-116.74990"><ele>2208.0</ele></trkpt>
    <trkpt lat="33.82552" lon="-116.74987"><ele>2228.0</ele></trkpt>
    <trkpt lat="33.82557" lon="-116.74989"><ele>2228.0</ele></trkpt>
    <trkpt lat="33.82560" lon="-116.74994"><ele>2228.0</ele></trkpt>
    <trkpt lat="33.82562" lon="-116.75004"><ele>2228.0</ele></trkpt>
    <trkpt lat="33.82564" lon="-116.75016"><ele>2228.0</ele></trkpt>
    <trkpt lat="33.82567" lon="-116.75026"><ele>2228.0</ele></trkpt>
    <trkpt lat="33.82572" lon="-116.75033"><ele>2228.0</ele></trkpt>
    <trkpt lat="33.82579" lon="-116.75036"><ele>2228.0</ele></trkpt>
    <trkpt lat="33.82591" lon="-116.75038"><ele>2228.0</ele></trkpt>
    <trkpt lat="33.82633" lon="-116.75042"><ele>2228.0</ele></trkpt>
    <trkpt lat="33.82650" lon="-116.75044"><ele>2228.0</ele></trkpt>
    <trkpt lat="33.82676" lon="-116.75047"><ele>2228.0</ele></trkpt>
    <trkpt lat="33.82723" lon="-116.75053"><ele>2228.0</ele></trkpt>
    <trkpt lat="33.82749" lon="-116.75057"><ele>2228.0</ele></trkpt>
    <trkpt lat="33.82789" lon="-116.75050"><ele>2236.0</ele></trkpt>
    <trkpt lat="33.82826" lon="-116.75040"><ele>2236.0</ele></trkpt>
    <trkpt lat="33.82852" lon="-116.75031"><ele>2236.0</ele></trkpt>
    <trkpt lat="33.82863" lon="-116.75024"><ele>2236.0</ele></trkpt>
    <trkpt lat="33.82871" lon="-116.75015"><ele>2236.0</ele></trkpt>
    <trkpt lat="33.82878" lon="-116.74999"><ele>2236.0</ele></trkpt>
    <trkpt lat="33.82888" lon="-116.74978"><ele>2236.0</ele></trkpt>
    <trkpt lat="33.82895" lon="-116.74967"><ele>2236.0</ele></trkpt>
    <trkpt lat="33.82904" lon="-116.74960"><ele>2236.0</ele></trkpt>
    <trkpt lat="33.82909" lon="-116.74955"><ele>2236.0</ele></trkpt>
    <trkpt lat="33.82912" lon="-116.74944"><ele>2236.0</ele></trkpt>
    <trkpt lat="33.82918" lon="-116.74923"><ele>2236.0</ele></trkpt>
    <trkpt lat="33.82919" lon="-116.74902"><ele>2236.0</ele></trkpt>
    <trkpt lat="33.82917" lon="-116.74890"><ele>2236.0</ele></trkpt>
    <trkpt lat="33.82914" lon="-116.74880"><ele>2255.0</ele></trkpt>
    <trkpt lat="33.82905" lon="-116.74864"><ele>2255.0</ele></trkpt>
    <trkpt lat="33.82896" lon="-116.74842"><ele>2255.0</ele></trkpt>
    <trkpt lat="33.82892" lon="-116.74830"><ele>2255.0</ele></trkpt>
    <trkpt lat="33.82888" lon="-116.74816"><ele>2255.0</ele></trkpt>
    <trkpt lat="33.82882" lon="-116.74805"><ele>2255.0</ele></trkpt>
    <trkpt lat="33.82878" lon="-116.74788"><ele>2255.0</ele></trkpt>
    <trkpt lat="33.82877" lon="-116.74775"><ele>2255.0</ele></trkpt>
    <trkpt lat="33.82879" lon="-116.74761"><ele>2255.0</ele></trkpt>
    <trkpt lat="33.82883" lon="-116.74738"><ele>2255.0</ele></trkpt>
    <trkpt lat="33.82883" lon="-116.74726"><ele>2255.0</ele></trkpt>
    <trkpt lat="33.82882" lon="-116.74711"><ele>2255.0</ele></trkpt>
    <trkpt lat="33.82877" lon="-116.74698"><ele>2255.0</ele></trkpt>
    <trkpt lat="33.82870" lon="-116.74689"><ele>2255.0</ele></trkpt>
    <trkpt lat="33.82854" lon="-116.74676"><ele>2268.0</ele></trkpt>
    <trkpt lat="33.82835" lon="-116.74664"><ele>2268.0</ele></trkpt>
    <trkpt lat="33.82818" lon="-116.74649"><ele>2268.0</ele></trkpt>
    <trkpt lat="33.82807" lon="-116.74640"><ele>2268.0</ele></trkpt>
    <trkpt lat="33.82803" lon="-116.74628"><ele>2268.0</ele></trkpt>
    <trkpt lat="33.82801" lon="-116.74614"><ele>2268.0</ele></trkpt>
    <trkpt lat="33.82796" lon="-116.74599"><ele>2268.0</ele></trkpt>
    <trkpt lat="33.82790" lon="-116.74584"><ele>2268.0</ele></trkpt>
    <trkpt lat="33.82787" lon="-116.74568"><ele>2268.0</ele></trkpt>
    <trkpt lat="33.82787" lon="-116.74552"><ele>2268.0</ele></trkpt>
    <trkpt lat="33.82787" lon="-116.74538"><ele>2268.0</ele></trkpt>
    <trkpt lat="33.82787" lon="-116.74519"><ele>2268.0</ele></trkpt>
    <trkpt lat="33.82789" lon="-116.74507"><ele>2268.0</ele></trkpt>
    <trkpt lat="33.82797" lon="-116.74496"><ele>2268.0</ele></trkpt>
    <trkpt lat="33.82803" lon="-116.74493"><ele>2273.0</ele></trkpt>
    <trkpt lat="33.82807" lon="-116.74491"><ele>2273.0</ele></trkpt>
    <trkpt lat="33.82816" lon="-116.74489"><ele>2273.0</ele></trkpt>
    <trkpt lat="33.82825" lon="-116.74494"><ele>2273.0</ele></trkpt>
    <trkpt lat="33.82834" lon="-116.74504"><ele>2273.0</ele></trkpt>
    <trkpt lat="33.82846" lon="-116.74517"><ele>2273.0</ele></trkpt>
    <trkpt lat="33.82860" lon="-116.74535"><ele>2273.0</ele></trkpt>
    <trkpt lat="33.82872" lon="-116.74553"><ele>2273.0</ele></trkpt>
    <trkpt lat="33.82881" lon="-116.74565"><ele>2273.0</ele></trkpt>
    <trkpt lat="33.82889" lon="-116.74572"><ele>2273.0</ele></trkpt>
    <trkpt lat="33.82898" lon="-116.74577"><ele>2273.0</ele></trkpt>
    <trkpt lat="33.82911" lon="-116.74582"><ele>2273.0</ele></trkpt>
    <trkpt lat="33.82924" lon="-116.74583"><ele>2273.0</ele></trkpt>
    <trkpt lat="33.82937" lon="-116.74581"><ele>2273.0</ele></trkpt>
    <trkpt lat="33.82946" lon="-116.74573"><ele>2288.0</ele></trkpt>
    <trkpt lat="33.82952" lon="-116.74562"><ele>2288.0</ele></trkpt>
    <trkpt lat="33.82958" lon="-116.74550"><ele>2288.0</ele></trkpt>
    <trkpt lat="33.82962" lon="-116.74537"><ele>2288.0</ele></trkpt>
    <trkpt lat="33.82967" lon="-116.74522"><ele>2288.0</ele></trkpt>
    <trkpt lat="33.82974" lon="-116.74508"><ele>2288.0</ele></trkpt>
    <trkpt lat="33.82984" lon="-116.74483"><ele>2288.0</ele></trkpt>
    <trkpt lat="33.82991" lon="-116.74465"><ele>2288.0</ele></trkpt>
    <trkpt lat="33.82997" lon="-116.74454"><ele>2288.0</ele></trkpt>
    <trkpt lat="33.83008" lon="-116.74439"><ele>2288.0</ele></trkpt>
    <trkpt lat="33.83015" lon="-116.74426"><ele>2288.0</ele></trkpt>
    <trkpt lat="33.83020" lon="-116.74414"><ele>2288.0</ele></trkpt>
    <trkpt lat="33.83024" lon="-116.74398"><ele>2288.0</ele></trkpt>
    <trkpt lat="33.83029" lon="-116.74384"><ele>2288.0</ele></trkpt>
    <trkpt lat="33.83036" lon="-116.74365"><ele>2292.0</ele></trkpt>
    <trkpt lat="33.83041" lon="-116.74343"><ele>2292.0</ele></trkpt>
    <trkpt lat="33.83046" lon="-116.74323"><ele>2292.0</ele></trkpt>
    <trkpt lat="33.83051" lon="-116.74307"><ele>2292.0</ele></trkpt>
    <trkpt lat="33.83059" lon="-116.74294"><ele>2292.0</ele></trkpt>
    <trkpt lat="33.83070" lon="-116.74278"><ele>2292.0</ele></trkpt>
    <trkpt lat="33.83071" lon="-116.74277"><ele>2292.0</ele></trkpt>
    <trkpt lat="33.83083" lon="-116.74264"><ele>2292.0</ele></trkpt>
    <trkpt lat="33.83097" lon="-116.74254"><ele>2292.0</ele></trkpt>
    <trkpt lat="33.83106" lon="-116.74243"><ele>2292.0</ele></trkpt>
    <trkpt lat="33.83112" lon="-116.74228"><ele>2292.0</ele></trkpt>
    <trkpt lat="33.83118" lon="-116.74216"><ele>2292.0</ele></trkpt>
    <trkpt lat="33.83132" lon="-116.74205"><ele>2292.0</ele></trkpt>
    <trkpt lat="33.83149" lon="-116.74192"><ele>2292.0</ele></trkpt>
    <trkpt lat="33.83157" lon="-116.74185"><ele>2274.0</ele></trkpt>
    <trkpt lat="33.83161" lon="-116.74183"><ele>2274.0</ele></trkpt>
    <trkpt lat="33.83168" lon="-116.74181"><ele>2274.0</ele></trkpt>
    <trkpt lat="33.83184" lon="-116.74177"><ele>2274.0</ele></trkpt>
    <trkpt lat="33.83194" lon="-116.74181"><ele>2274.0</ele></trkpt>
    <trkpt lat="33.83201" lon="-116.74190"><ele>2274.0</ele></trkpt>
    <trkpt lat="33.83206" lon="-116.74204"><ele>2274.0</ele></trkpt>
    <trkpt lat="33.83216" lon="-116.74222"><ele>2274.0</ele></trkpt>
    <trkpt lat="33.83222" lon="-116.74231"><ele>2274.0</ele></trkpt>
    <trkpt lat="33.83235" lon="-116.74240"><ele>2274.0</ele></trkpt>
    <trkpt lat="33.83247" lon="-116.74243"><ele>2274.0</ele></trkpt>
    <trkpt lat="33.83258" lon="-116.74240"><ele>2274.0</ele></trkpt>
    <trkpt lat="33.83266" lon="-116.74230"><ele>2274.0</ele></trkpt>
    <trkpt lat="33.83271" lon="-116.74213"><ele>2274.0</ele></trkpt>
    <trkpt lat="33.83279" lon="-116.74193"><ele>2262.0</ele></trkpt>
    <trkpt lat="33.83288" lon="-116.74178"><ele>2262.0</ele></trkpt>
    <trkpt lat="33.83299" lon="-116.74162"><ele>2262.0</ele></trkpt>
    <trkpt lat="33.83311" lon="-116.74149"><ele>2262.0</ele></trkpt>
    <trkpt lat="33.83327" lon="-116.74134"><ele>2262.0</ele></trkpt>
    <trkpt lat="33.83342" lon="-116.74126"><ele>2262.0</ele></trkpt>
    <trkpt lat="33.83362" lon="-116.74121"><ele>2262.0</ele></trkpt>
    <trkpt lat="33.83385" lon="-116.74122"><ele>2262.0</ele></trkpt>
    <trkpt lat="33.83408" lon="-116.74124"><ele>2262.0</ele></trkpt>
    <trkpt lat="33.83422" lon="-116.74128"><ele>2262.0</ele></trkpt>
    <trkpt lat="33.83432" lon="-116.74135"><ele>2262.0</ele></trkpt>
    <trkpt lat="33.83442" lon="-116.74143"><ele>2262.0</ele></trkpt>
    <trkpt lat="33.83451" lon="-116.74149"><ele>2262.0</ele></trkpt>
    <trkpt lat="33.83465" lon="-116.74151"><ele>2262.0</ele></trkpt>
    <trkpt lat="33.83494" lon="-116.74152"><ele>2276.0</ele></trkpt>
    <trkpt lat="33.83505" lon="-116.74158"><ele>2276.0</ele></trkpt>
    <trkpt lat="33.83518" lon="-116.74160"><ele>2276.0</ele></trkpt>
    <trkpt lat="33.83531" lon="-116.74157"><ele>2276.0</ele></trkpt>
    <trkpt lat="33.83541" lon="-116.74154"><ele>2276.0</ele></trkpt>
    <trkpt lat="33.83551" lon="-116.74155"><ele>2276.0</ele></trkpt>
    <trkpt lat="33.83562" lon="-116.74162"><ele>2276.0</ele></trkpt>
    <trkpt lat="33.83573" lon="-116.74172"><ele>2276.0</ele></trkpt>
    <trkpt lat="33.83580" lon="-116.74184"><ele>2276.0</ele></trkpt>
    <trkpt lat="33.83588" lon="-116.74202"><ele>2276.0</ele></trkpt>
    <trkpt lat="33.83597" lon="-116.74214"><ele>2276.0</ele></trkpt>
    <trkpt lat="33.83616" lon="-116.74237"><ele>2276.0</ele></trkpt>
    <trkpt lat="33.83628" lon="-116.74247"><ele>2276.0</ele></trkpt>
    <trkpt lat="33.83650" lon="-116.74256"><ele>2276.0</ele></trkpt>
    <trkpt lat="33.83668" lon="-116.74267"><ele>2294.0</ele></trkpt>
    <trkpt lat="33.83687" lon="-116.74283"><ele>2294.0</ele></trkpt>
    <trkpt lat="33.83697" lon="-116.74294"><ele>2294.0</ele></trkpt>
    <trkpt lat="33.83706" lon="-116.74307"><ele>2294.0</ele></trkpt>
    <trkpt lat="33.83713" lon="-116.74323"><ele>2294.0</ele></trkpt>
    <trkpt lat="33.83719" lon="-116.74333"><ele>2294.0</ele></trkpt>
    <trkpt lat="33.83729" lon="-116.74344"><ele>2294.0</ele></trkpt>
    <trkpt lat="33.83738" lon="-116.74357"><ele>2294.0</ele></trkpt>
    <trkpt lat="33.83742" lon="-116.74367"><ele>2294.0</ele></trkpt>
    <trkpt lat="33.83743" lon="-116.74379"><ele>2294.0</ele></trkpt>
    <trkpt lat="33.83742" lon="-116.74393"><ele>2294.0</ele></trkpt>
    <trkpt lat="33.83738" lon="-116.74409"><ele>2294.0</ele></trkpt>
    <trkpt lat="33.83737" lon="-116.74419"><ele>2294.0</ele></trkpt>
    <trkpt lat="33.83741" lon="-116.74433"><ele>2294.0</ele></trkpt>
    <trkpt lat="33.83747" lon="-116.74443"><ele>2298.0</ele></trkpt>
    <trkpt lat="33.83758" lon="-116.74437"><ele>2298.0</ele></trkpt>
    <trkpt lat="33.83772" lon="-116.74435"><ele>2298.0</ele></trkpt>
    <trkpt lat="33.83786" lon="-116.74438"><ele>2298.0</ele></trkpt>
    <trkpt lat="33.83798" lon="-116.74436"><ele>2298.0</ele></trkpt>
    <trkpt lat="33.83807" lon="-116.74432"><ele>2298.0</ele></trkpt>
    <trkpt lat="33.83816" lon="-116.74421"><ele>2298.0</ele></trkpt>
    <trkpt lat="33.83829" lon="-116.74400"><ele>2298.0</ele></trkpt>
    <trkpt lat="33.83836" lon="-116.74387"><ele>2298.0</ele></trkpt>
    <trkpt lat="33.83842" lon="-116.74375"><ele>2298.0</ele></trkpt>
    <trkpt lat="33.83851" lon="-116.74367"><ele>2298.0</ele></trkpt>
    <trkpt lat="33.83861" lon="-116.74356"><ele>2298.0</ele></trkpt>
    <trkpt lat="33.83874" lon="-116.74343"><ele>2298.0</ele></trkpt>
    <trkpt lat="33.83885" lon="-116.74332"><ele>2298.0</ele></trkpt>
    <trkpt lat="33.83892" lon="-116.74320"><ele>2322.0</ele></trkpt>
    <trkpt lat="33.83897" lon="-116.74305"><ele>2322.0</ele></trkpt>
    <trkpt lat="33.83902" lon="-116.74296"><ele>2322.0</ele></trkpt>
    <trkpt lat="33.83910" lon="-116.74288"><ele>2322.0</ele></trkpt>
    <trkpt lat="33.83925" lon="-116.74284"><ele>2322.0</ele></trkpt>
    <trkpt lat="33.83934" lon="-116.74278"><ele>2322.0</ele></trkpt>
    <trkpt lat="33.83943" lon="-116.74267"><ele>2322.0</ele></trkpt>
    <trkpt lat="33.83950" lon="-116.74254"><ele>2322.0</ele></trkpt>
    <trkpt lat="33.83959" lon="-116.74250"><ele>2322.0</ele></trkpt>
    <trkpt lat="33.83971" lon="-116.74243"><ele>2322.0</ele></trkpt>
    <trkpt lat="33.83987" lon="-116.74232"><ele>2322.0</ele></trkpt>
    <trkpt lat="33.84005" lon="-116.74222"><ele>2322.0</ele></trkpt>
    <trkpt lat="33.84015" lon="-116.74215"><ele>2322.0</ele></trkpt>
    <trkpt lat="33.84029" lon="-116.74202"><ele>2322.0</ele></trkpt>
    <trkpt lat="33.84045" lon="-116.74184"><ele>2349.0</ele></trkpt>
    <trkpt lat="33.84057" lon="-116.74168"><ele>2349.0</ele></trkpt>
    <trkpt lat="33.84068" lon="-116.74149"><ele>2349.0</ele></trkpt>
    <trkpt lat="33.84081" lon="-116.74127"><ele>2349.0</ele></trkpt>
    <trkpt lat="33.84099" lon="-116.74106"><ele>2349.0</ele></trkpt>
    <trkpt lat="33.84113" lon="-116.74096"><ele>2349.0</ele></trkpt>
    <trkpt lat="33.84123" lon="-116.74092"><ele>2349.0</ele></trkpt>
    <trkpt lat="33.84133" lon="-116.74092"><ele>2349.0</ele></trkpt>
    <trkpt lat="33.84143" lon="-116.74096"><ele>2349.0</ele></trkpt>
    <trkpt lat="33.84150" lon="-116.74105"><ele>2349.0</ele></trkpt>
    <trkpt lat="33.84159" lon="-116.74114"><ele>2349.0</ele></trkpt>
    <trkpt lat="33.84167" lon="-116.74117"><ele>2349.0</ele></trkpt>
    <trkpt lat="33.84183" lon="-116.74112"><ele>2349.0</ele></trkpt>
    <trkpt lat="33.84211" lon="-116.74104"><ele>2349.0</ele></trkpt>
    <trkpt lat="33.84230" lon="-116.74098"><ele>2349.0</ele></trkpt>
    <trkpt lat="33.84242" lon="-116.74089"><ele>2329.0</ele></trkpt>
    <trkpt lat="33.84249" lon="-116.74079"><ele>2329.0</ele></trkpt>
    <trkpt lat="33.84258" lon="-116.74064"><ele>2329.0</ele></trkpt>
    <trkpt lat="33.84266" lon="-116.74045"><ele>2329.0</ele></trkpt>
    <trkpt lat="33.84272" lon="-116.74033"><ele>2329.0</ele></trkpt>
    <trkpt lat="33.84296" lon="-116.74010"><ele>2329.0</ele></trkpt>
    <trkpt lat="33.84310" lon="-116.73995"><ele>2329.0</ele></trkpt>
    <trkpt lat="33.84320" lon="-116.73979"><ele>2329.0</ele></trkpt>
    <trkpt lat="33.84329" lon="-116.73958"><ele>2329.0</ele></trkpt>
    <trkpt lat="33.84335" lon="-116.73940"><ele>2329.0</ele></trkpt>
    <trkpt lat="33.84339" lon="-116.73917"><ele>2329.0</ele></trkpt>
    <trkpt lat="33.84340" lon="-116.73901"><ele>2329.0</ele></trkpt>
    <trkpt lat="33.84339" lon="-116.73882"><ele>2329.0</ele></trkpt>
    <trkpt lat="33.84333" lon="-116.73870"><ele>2329.0</ele></trkpt>
    <trkpt lat="33.84324" lon="-116.73864"><ele>2342.0</ele></trkpt>
    <trkpt lat="33.84312" lon="-116.73864"><ele>2342.0</ele></trkpt>
    <trkpt lat="33.84297" lon="-116.73865"><ele>2342.0</ele></trkpt>
    <trkpt lat="33.84288" lon="-116.73863"><ele>2342.0</ele></trkpt>
    <trkpt lat="33.84276" lon="-116.73858"><ele>2342.0</ele></trkpt>
    <trkpt lat="33.84261" lon="-116.73853"><ele>2342.0</ele></trkpt>
    <trkpt lat="33.84242" lon="-116.73853"><ele>2342.0</ele></trkpt>
    <trkpt lat="33.84215" lon="-116.73850"><ele>2342.0</ele></trkpt>
    <trkpt lat="33.84186" lon="-116.73851"><ele>2342.0</ele></trkpt>
    <trkpt lat="33.84156" lon="-116.73847"><ele>2342.0</ele></trkpt>
    <trkpt lat="33.84128" lon="-116.73845"><ele>2342.0</ele></trkpt>
    <trkpt lat="33.84110" lon="-116.73846"><ele>2342.0</ele></trkpt>
    <trkpt lat="33.84089" lon="-116.73849"><ele>2342.0</ele></trkpt>
    <trkpt lat="33.84083" lon="-116.73849"><ele>2342.0</ele></trkpt>
    <trkpt lat="33.84083" lon="-116.73849"><ele>2354.0</ele></trkpt>
    <trkpt lat="33.84083" lon="-116.73849"><ele>2354.0</ele></trkpt>
    <trkpt lat="33.84080" lon="-116.73846"><ele>2354.0</ele></trkpt>
    <trkpt lat="33.84078" lon="-116.73843"><ele>2354.0</ele></trkpt>
    <trkpt lat="33.84078" lon="-116.73843"><ele>2354.0</ele></trkpt>
    <trkpt lat="33.84067" lon="-116.73822"><ele>2354.0</ele></trkpt>
    <trkpt lat="33.84049" lon="-116.73790"><ele>2354.0</ele></trkpt>
    <trkpt lat="33.84042" lon="-116.73776"><ele>2354.0</ele></trkpt>
    <trkpt lat="33.84035" lon="-116.73757"><ele>2354.0</ele></trkpt>
    <trkpt lat="33.84032" lon="-116.73736"><ele>2354.0</ele></trkpt>
    <trkpt lat="33.84032" lon="-116.73720"><ele>2354.0</ele></trkpt>
    <trkpt lat="33.84032" lon="-116.73703"><ele>2354.0</ele></trkpt>
    <trkpt lat="33.84036" lon="-116.73677"><ele>2354.0</ele></trkpt>
    <trkpt lat="33.84039" lon="-116.73655"><ele>2354.0</ele></trkpt>
    <trkpt lat="33.84039" lon="-116.73635"><ele>2344.0</ele></trkpt>
    <trkpt lat="33.84035" lon="-116.73616"><ele>2344.0</ele></trkpt>
    <trkpt lat="33.84028" lon="-116.73594"><ele>2344.0</ele></trkpt>
    <trkpt lat="33.84022" lon="-116.73575"><ele>2344.0</ele></trkpt>
    <trkpt lat="33.84020" lon="-116.73562"><ele>2344.0</ele></trkpt>
    <trkpt lat="33.84021" lon="-116.73549"><ele>2344.0</ele></trkpt>
    <trkpt lat="33.84023" lon="-116.73535"><ele>2344.0</ele></trkpt>
    <trkpt lat="33.84023" lon="-116.73534"><ele>2344.0</ele></trkpt>
    <trkpt lat="33.84023" lon="-116.73521"><ele>2344.0</ele></trkpt>
    <trkpt lat="33.84020" lon="-116.73505"><ele>2344.0</ele></trkpt>
    <trkpt lat="33.84009" lon="-116.73478"><ele>2344.0</ele></trkpt>
    <trkpt lat="33.84007" lon="-116.73466"><ele>2344.0</ele></trkpt>
    <trkpt lat="33.84005" lon="-116.73454"><ele>2344.0</ele></trkpt>
    <trkpt lat="33.84000" lon="-116.73448"><ele>2344.0</ele></trkpt>
    <trkpt lat="33.83991" lon="-116.73435"><ele>2338.0</ele></trkpt>
    <trkpt lat="33.83985" lon="-116.73431"><ele>2338.0</ele></trkpt>
    <trkpt lat="33.83980" lon="-116.73422"><ele>2338.0</ele></trkpt>
    <trkpt lat="33.83978" lon="-116.73413"><ele>2338.0</ele></trkpt>
    <trkpt lat="33.83978" lon="-116.73402"><ele>2338.0</ele></trkpt>
    <trkpt lat="33.83980" lon="-116.73384"><ele>2338.0</ele></trkpt>
    <trkpt lat="33.83985" lon="-116.73378"><ele>2338.0</ele></trkpt>
    <trkpt lat="33.83990" lon="-116.73368"><ele>2338.0</ele></trkpt>
    <trkpt lat="33.83993" lon="-116.73355"><ele>2338.0</ele></trkpt>
    <trkpt lat="33.83997" lon="-116.73342"><ele>2338.0</ele></trkpt>
    <trkpt lat="33.84001" lon="-116.73327"><ele>2338.0</ele></trkpt>
    <trkpt lat="33.84009" lon="-116.73309"><ele>2338.0</ele></trkpt>
    <trkpt lat="33.84014" lon="-116.73293"><ele>2338.0</ele></trkpt>
    <trkpt lat="33.84019" lon="-116.73273"><ele>2338.0</ele></trkpt>
    <trkpt lat="33.84023" lon="-116.73241"><ele>2312.0</ele></trkpt>
    <trkpt lat="33.84026" lon="-116.73215"><ele>2312.0</ele></trkpt>
    <trkpt lat="33.84029" lon="-116.73181"><ele>2312.0</ele></trkpt>
    <trkpt lat="33.84028" lon="-116.73152"><ele>2312.0</ele></trkpt>
    <trkpt lat="33.84026" lon="-116.73126"><ele>2312.0</ele></trkpt>
    <trkpt lat="33.84024" lon="-116.73099"><ele>2312.0</ele></trkpt>
    <trkpt lat="33.84019" lon="-116.73081"><ele>2312.0</ele></trkpt>
    <trkpt lat="33.84013" lon="-116.73063"><ele>2312.0</ele></trkpt>
    <trkpt lat="33.84012" lon="-116.73052"><ele>2312.0</ele></trkpt>
    <trkpt lat="33.84013" lon="-116.73041"><ele>2312.0</ele></trkpt>
    <trkpt lat="33.84018" lon="-116.73037"><ele>2312.0</ele></trkpt>
    <trkpt lat="33.84024" lon="-116.73038"><ele>2312.0</ele></trkpt>
    <trkpt lat="33.84028" lon="-116.73043"><ele>2312.0</ele></trkpt>
    <trkpt lat="33.84037" lon="-116.73064"><ele>2312.0</ele></trkpt>
    <trkpt lat="33.84054" lon="-116.73105"><ele>2278.0</ele></trkpt>
    <trkpt lat="33.84070" lon="-116.73139"><ele>2278.0</ele></trkpt>
    <trkpt lat="33.84085" lon="-116.73170"><ele>2278.0</ele></trkpt>
    <trkpt lat="33.84101" lon="-116.73205"><ele>2278.0</ele></trkpt>
    <trkpt lat="33.84116" lon="-116.73238"><ele>2278.0</ele></trkpt>
    <trkpt lat="33.84123" lon="-116.73251"><ele>2278.0</ele></trkpt>
    <trkpt lat="33.84126" lon="-116.73262"><ele>2278.0</ele></trkpt>
    <trkpt lat="33.84129" lon="-116.73276"><ele>2278.0</ele></trkpt>
    <trkpt lat="33.84135" lon="-116.73291"><ele>2278.0</ele></trkpt>
    <trkpt lat="33.84142" lon="-116.73303"><ele>2278.0</ele></trkpt>
    <trkpt lat="33.84150" lon="-116.73315"><ele>2278.0</ele></trkpt>
    <trkpt lat="33.84154" lon="-116.73328"><ele>2278.0</ele></trkpt>
    <trkpt lat="33.84158" lon="-116.73338"><ele>2278.0</ele></trkpt>
    <trkpt lat="33.84164" lon="-116.73350"><ele>2278.0</ele></trkpt>
    <trkpt lat="33.84171" lon="-116.73362"><ele>2254.0</ele></trkpt>
    <trkpt lat="33.84179" lon="-116.73371"><ele>2254.0</ele></trkpt>
    <trkpt lat="33.84195" lon="-116.73381"><ele>2254.0</ele></trkpt>
    <trkpt lat="33.84208" lon="-116.73385"><ele>2254.0</ele></trkpt>
    <trkpt lat="33.84224" lon="-116.73385"><ele>2254.0</ele></trkpt>
    <trkpt lat="33.84235" lon="-116.73383"><ele>2254.0</ele></trkpt>
    <trkpt lat="33.84240" lon="-116.73376"><ele>2254.0</ele></trkpt>
    <trkpt lat="33.84247" lon="-116.73361"><ele>2254.0</ele></trkpt>
    <trkpt lat="33.84251" lon="-116.73355"><ele>2254.0</ele></trkpt>
    <trkpt lat="33.84256" lon="-116.73344"><ele>2254.0</ele></trkpt>
    <trkpt lat="33.84256" lon="-116.73335"><ele>2254.0</ele></trkpt>
    <trkpt lat="33.84252" lon="-116.73324"><ele>2254.0</ele></trkpt>
    <trkpt lat="33.84245" lon="-116.73311"><ele>2254.0</ele></trkpt>
    <trkpt lat="33.84241" lon="-116.73295"><ele>2254.0</ele></trkpt>
    <trkpt lat="33.84240" lon="-116.73282"><ele>2231.0</ele></trkpt>
    <trkpt lat="33.84242" lon="-116.73270"><ele>2231.0</ele></trkpt>
    <trkpt lat="33.84248" lon="-116.73259"><ele>2231.0</ele></trkpt>
    <trkpt lat="33.84257" lon="-116.73242"><ele>2231.0</ele></trkpt>
    <trkpt lat="33.84263" lon="-116.73230"><ele>2231.0</ele></trkpt>
    <trkpt lat="33.84276" lon="-116.73204"><ele>2231.0</ele></trkpt>
    <trkpt lat="33.84287" lon="-116.73174"><ele>2231.0</ele></trkpt>
    <trkpt lat="33.84295" lon="-116.73152"><ele>2231.0</ele></trkpt>
    <trkpt lat="33.84304" lon="-116.73136"><ele>2231.0</ele></trkpt>
    <trkpt lat="33.84312" lon="-116.73123"><ele>2231.0</ele></trkpt>
    <trkpt lat="33.84322" lon="-116.73115"><ele>2231.0</ele></trkpt>
    <trkpt lat="33.84337" lon="-116.73104"><ele>2231.0</ele></trkpt>
    <trkpt lat="33.84350" lon="-116.73096"><ele>2231.0</ele></trkpt>
    <trkpt lat="33.84363" lon="-116.73090"><ele>2231.0</ele></trkpt>
    <trkpt lat="33.84368" lon="-116.73084"><ele>2217.0</ele></trkpt>
    <trkpt lat="33.84369" lon="-116.73075"><ele>2217.0</ele></trkpt>
    <trkpt lat="33.84366" lon="-116.73068"><ele>2217.0</ele></trkpt>
    <trkpt lat="33.84361" lon="-116.73062"><ele>2217.0</ele></trkpt>
    <trkpt lat="33.84352" lon="-116.73061"><ele>2217.0</ele></trkpt>
    <trkpt lat="33.84336" lon="-116.73062"><ele>2217.0</ele></trkpt>
    <trkpt lat="33.84328" lon="-116.73060"><ele>2217.0</ele></trkpt>
    <trkpt lat="33.84316" lon="-116.73055"><ele>2217.0</ele></trkpt>
    <trkpt lat="33.84302" lon="-116.73048"><ele>2217.0</ele></trkpt>
    <trkpt lat="33.84289" lon="-116.73037"><ele>2217.0</ele></trkpt>
    <trkpt lat="33.84280" lon="-116.73021"><ele>2217.0</ele></trkpt>
    <trkpt lat="33.84271" lon="-116.73003"><ele>2217.0</ele></trkpt>
    <trkpt lat="33.84262" lon="-116.72985"><ele>2217.0</ele></trkpt>
    <trkpt lat="33.84259" lon="-116.72976"><ele>2217.0</ele></trkpt>
    <trkpt lat="33.84258" lon="-116.72966"><ele>2201.0</ele></trkpt>
    <trkpt lat="33.84264" lon="-116.72954"><ele>2201.0</ele></trkpt>
    <trkpt lat="33.84274" lon="-116.72938"><ele>2201.0</ele></trkpt>
    <trkpt lat="33.84288" lon="-116.72915"><ele>2201.0</ele></trkpt>
    <trkpt lat="33.84298" lon="-116.72895"><ele>2201.0</ele></trkpt>
    <trkpt lat="33.84312" lon="-116.72878"><ele>2201.0</ele></trkpt>
    <trkpt lat="33.84328" lon="-116.72865"><ele>2201.0</ele></trkpt>
    <trkpt lat="33.84345" lon="-116.72853"><ele>2201.0</ele></trkpt>
    <trkpt lat="33.84362" lon="-116.72842"><ele>2201.0</ele></trkpt>
    <trkpt lat="33.84374" lon="-116.72833"><ele>2201.0</ele></trkpt>
    <trkpt lat="33.84383" lon="-116.72829"><ele>2201.0</ele></trkpt>
    <trkpt lat="33.84389" lon="-116.72837"><ele>2201.0</ele></trkpt>
    <trkpt lat="33.84391" lon="-116.72844"><ele>2201.0</ele></trkpt>
    <trkpt lat="33.84388" lon="-116.72851"><ele>2201.0</ele></trkpt>
    <trkpt lat="33.84381" lon="-116.72855"><ele>2190.0</ele></trkpt>
    <trkpt lat="33.84378" lon="-116.72865"><ele>2190.0</ele></trkpt>
    <trkpt lat="33.84376" lon="-116.72876"><ele>2190.0</ele></trkpt>
    <trkpt lat="33.84376" lon="-116.72886"><ele>2190.0</ele></trkpt>
    <trkpt lat="33.84378" lon="-116.72895"><ele>2190.0</ele></trkpt>
    <trkpt lat="33.84383" lon="-116.72904"><ele>2190.0</ele></trkpt>
    <trkpt lat="33.84391" lon="-116.72913"><ele>2190.0</ele></trkpt>
    <trkpt lat="33.84400" lon="-116.72914"><ele>2190.0</ele></trkpt>
    <trkpt lat="33.84442" lon="-116.72913"><ele>2190.0</ele></trkpt>
    <trkpt lat="33.84466" lon="-116.72914"><ele>2190.0</ele></trkpt>
    <trkpt lat="33.84483" lon="-116.72917"><ele>2190.0</ele></trkpt>
    <trkpt lat="33.84501" lon="-116.72923"><ele>2190.0</ele></trkpt>
    <trkpt lat="33.84513" lon="-116.72927"><ele>2190.0</ele></trkpt>
    <trkpt lat="33.84532" lon="-116.72930"><ele>2190.0</ele></trkpt>
    <trkpt lat="33.84541" lon="-116.72935"><ele>2164.0</ele></trkpt>
    <trkpt lat="33.84546" lon="-116.72944"><ele>2164.0</ele></trkpt>
    <trkpt lat="33.84549" lon="-116.72956"><ele>2164.0</ele></trkpt>
    <trkpt lat="33.84547" lon="-116.72974"><ele>2164.0</ele></trkpt>
    <trkpt lat="33.84545" lon="-116.72989"><ele>2164.0</ele></trkpt>
    <trkpt lat="33.84542" lon="-116.73008"><ele>2164.0</ele></trkpt>
    <trkpt lat="33.84541" lon="-116.73023"><ele>2164.0</ele></trkpt>
    <trkpt lat="33.84539" lon="-116.73038"><ele>2164.0</ele></trkpt>
    <trkpt lat="33.84536" lon="-116.73058"><ele>2164.0</ele></trkpt>
    <trkpt lat="33.84532" lon="-116.73069"><ele>2164.0</ele></trkpt>
    <trkpt lat="33.84527" lon="-116.73081"><ele>2164.0</ele></trkpt>
    <trkpt lat="33.84521" lon="-116.73094"><ele>2164.0</ele></trkpt>
    <trkpt lat="33.84509" lon="-116.73118"><ele>2164.0</ele></trkpt>
    <trkpt lat="33.84501" lon="-116.73135"><ele>2164.0</ele></trkpt>
    <trkpt lat="33.84495" lon="-116.73153"><ele>2171.0</ele></trkpt>
    <trkpt lat="33.84489" lon="-116.73173"><ele>2171.0</ele></trkpt>
    <trkpt lat="33.84486" lon="-116.73191"><ele>2171.0</ele></trkpt>
    <trkpt lat="33.84483" lon="-116.73208"><ele>2171.0</ele></trkpt>
    <trkpt lat="33.84480" lon="-116.73222"><ele>2171.0</ele></trkpt>
    <trkpt lat="33.84482" lon="-116.73234"><ele>2171.0</ele></trkpt>
    <trkpt lat="33.84489" lon="-116.73244"><ele>2171.0</ele></trkpt>
    <trkpt lat="33.84498" lon="-116.73252"><ele>2171.0</ele></trkpt>
    <trkpt lat="33.84512" lon="-116.73264"><ele>2171.0</ele></trkpt>
    <trkpt lat="33.84522" lon="-116.73270"><ele>2171.0</ele></trkpt>
    <trkpt lat="33.84529" lon="-116.73274"><ele>2171.0</ele></trkpt>
    <trkpt lat="33.84543" lon="-116.73274"><ele>2171.0</ele></trkpt>
    <trkpt lat="33.84558" lon="-116.73276"><ele>2171.0</ele></trkpt>
    <trkpt lat="33.84565" lon="-116.73282"><ele>2171.0</ele></trkpt>
    <trkpt lat="33.84565" lon="-116.73282"><ele>2151.0</ele></trkpt>
    <trkpt lat="33.84567" lon="-116.73283"><ele>2151.0</ele></trkpt>
    <trkpt lat="33.84574" lon="-116.73296"><ele>2151.0</ele></trkpt>
    <trkpt lat="33.84592" lon="-116.73328"><ele>2151.0</ele></trkpt>
    <trkpt lat="33.84602" lon="-116.73339"><ele>2151.0</ele></trkpt>
    <trkpt lat="33.84609" lon="-116.73341"><ele>2151.0</ele></trkpt>
    <trkpt lat="33.84615" lon="-116.73338"><ele>2151.0</ele></trkpt>
    <trkpt lat="33.84619" lon="-116.73331"><ele>2151.0</ele></trkpt>
    <trkpt lat="33.84619" lon="-116.73316"><ele>2151.0</ele></trkpt>
    <trkpt lat="33.84621" lon="-116.73270"><ele>2151.0</ele></trkpt>
    <trkpt lat="33.84621" lon="-116.73229"><ele>2151.0</ele></trkpt>
    <trkpt lat="33.84623" lon="-116.73221"><ele>2151.0</ele></trkpt>
    <trkpt lat="33.84629" lon="-116.73210"><ele>2151.0</ele></trkpt>
    <trkpt lat="33.84638" lon="-116.73197"><ele>2151.0</ele></trkpt>
    <trkpt lat="33.84646" lon="-116.73188"><ele>2151.0</ele></trkpt>
    <trkpt lat="33.84664" lon="-116.73172"><ele>2127.0</ele></trkpt>
    <trkpt lat="33.84683" lon="-116.73156"><ele>2127.0</ele></trkpt>
    <trkpt lat="33.84693" lon="-116.73149"><ele>2127.0</ele></trkpt>
    <trkpt lat="33.84704" lon="-116.73148"><ele>2127.0</ele></trkpt>
    <trkpt lat="33.84718" lon="-116.73149"><ele>2127.0</ele></trkpt>
    <trkpt lat="33.84728" lon="-116.73151"><ele>2127.0</ele></trkpt>
    <trkpt lat="33.84736" lon="-116.73156"><ele>2127.0</ele></trkpt>
    <trkpt lat="33.84744" lon="-116.73163"><ele>2127.0</ele></trkpt>
    <trkpt lat="33.84746" lon="-116.73172"><ele>2127.0</ele></trkpt>
    <trkpt lat="33.84745" lon="-116.73184"><ele>2127.0</ele></trkpt>
    <trkpt lat="33.84740" lon="-116.73191"><ele>2127.0</ele></trkpt>
    <trkpt lat="33.84732" lon="-116.73194"><ele>2127.0</ele></trkpt>
    <trkpt lat="33.84723" lon="-116.73195"><ele>2127.0</ele></trkpt>
    <trkpt lat="33.84716" lon="-116.73201"><ele>2127.0</ele></trkpt>
    <trkpt lat="33.84708" lon="-116.73209"><ele>2136.0</ele></trkpt>
    <trkpt lat="33.84700" lon="-116.73223"><ele>2136.0</ele></trkpt>
    <trkpt lat="33.84694" lon="-116.73238"><ele>2136.0</ele></trkpt>
    <trkpt lat="33.84685" lon="-116.73250"><ele>2136.0</ele></trkpt>
    <trkpt lat="33.84679" lon="-116.73260"><ele>2136.0</ele></trkpt>
    <trkpt lat="33.84679" lon="-116.73271"><ele>2136.0</ele></trkpt>
    <trkpt lat="33.84684" lon="-116.73283"><ele>2136.0</ele></trkpt>
    <trkpt lat="33.84689" lon="-116.73293"><ele>2136.0</ele></trkpt>
    <trkpt lat="33.84699" lon="-116.73303"><ele>2136.0</ele></trkpt>
    <trkpt lat="33.84708" lon="-116.73305"><ele>2136.0</ele></trkpt>
    <trkpt lat="33.84721" lon="-116.73304"><ele>2136.0</ele></trkpt>
    <trkpt lat="33.84734" lon="-116.73303"><ele>2136.0</ele></trkpt>
    <trkpt lat="33.84746" lon="-116.73307"><ele>2136.0</ele></trkpt>
    <trkpt lat="33.84760" lon="-116.73311"><ele>2136.0</ele></trkpt>
    <trkpt lat="33.84773" lon="-116.73310"><ele>2127.0</ele></trkpt>
    <trkpt lat="33.84792" lon="-116.73308"><ele>2127.0</ele></trkpt>
    <trkpt lat="33.84806" lon="-116.73308"><ele>2127.0</ele></trkpt>
    <trkpt lat="33.84819" lon="-116.73309"><ele>2127.0</ele></trkpt>
    <trkpt lat="33.84832" lon="-116.73313"><ele>2127.0</ele></trkpt>
    <trkpt lat="33.84853" lon="-116.73317"><ele>2127.0</ele></trkpt>
    <trkpt lat="33.84878" lon="-116.73327"><ele>2127.0</ele></trkpt>
    <trkpt lat="33.84892" lon="-116.73334"><ele>2127.0</ele></trkpt>
    <trkpt lat="33.84902" lon="-116.73334"><ele>2127.0</ele></trkpt>
    <trkpt lat="33.84913" lon="-116.73331"><ele>2127.0</ele></trkpt>
    <trkpt lat="33.84927" lon="-116.73327"><ele>2127.0</ele></trkpt>
    <trkpt lat="33.84940" lon="-116.73324"><ele>2127.0</ele></trkpt>
    <trkpt lat="33.84952" lon="-116.73317"><ele>2127.0</ele></trkpt>
    <trkpt lat="33.84963" lon="-116.73313"><ele>2127.0</ele></trkpt>
    <trkpt lat="33.84980" lon="-116.73312"><ele>2127.0</ele></trkpt>
    <trkpt lat="33.85000" lon="-116.73311"><ele>2127.0</ele></trkpt>
    <trkpt lat="33.85020" lon="-116.73309"><ele>2127.0</ele></trkpt>
    <trkpt lat="33.85039" lon="-116.73309"><ele>2127.0</ele></trkpt>
    <trkpt lat="33.85076" lon="-116.73312"><ele>2127.0</ele></trkpt>
    <trkpt lat="33.85094" lon="-116.73314"><ele>2127.0</ele></trkpt>
    <trkpt lat="33.85106" lon="-116.73318"><ele>2127.0</ele></trkpt>
    <trkpt lat="33.85131" lon="-116.73327"><ele>2127.0</ele></trkpt>
    <trkpt lat="33.85146" lon="-116.73335"><ele>2127.0</ele></trkpt>
    <trkpt lat="33.85155" lon="-116.73335"><ele>2127.0</ele></trkpt>
    <trkpt lat="33.85166" lon="-116.73332"><ele>2127.0</ele></trkpt>
    <trkpt lat="33.85180" lon="-116.73330"><ele>2127.0</ele></trkpt>
    <trkpt lat="33.85192" lon="-116.73333"><ele>2127.0</ele></trkpt>
    <trkpt lat="33.85207" lon="-116.73339"><ele>2127.0</ele></trkpt>
    <trkpt lat="33.85218" lon="-116.73348"><ele>2116.0</ele></trkpt>
    <trkpt lat="33.85231" lon="-116.73357"><ele>2116.0</ele></trkpt>
    <trkpt lat="33.85241" lon="-116.73362"><ele>2116.0</ele></trkpt>
    <trkpt lat="33.85259" lon="-116.73367"><ele>2116.0</ele></trkpt>
    <trkpt lat="33.85304" lon="-116.73377"><ele>2116.0</ele></trkpt>
    <trkpt lat="33.85350" lon="-116.73384"><ele>2116.0</ele></trkpt>
    <trkpt lat="33.85360" lon="-116.73384"><ele>2116.0</ele></trkpt>
    <trkpt lat="33.85374" lon="-116.73380"><ele>2116.0</ele></trkpt>
    <trkpt lat="33.85385" lon="-116.73377"><ele>2116.0</ele></trkpt>
    <trkpt lat="33.85399" lon="-116.73377"><ele>2116.0</ele></trkpt>
    <trkpt lat="33.85412" lon="-116.73381"><ele>2116.0</ele></trkpt>
    <trkpt lat="33.85423" lon="-116.73383"><ele>2116.0</ele></trkpt>
    <trkpt lat="33.85431" lon="-116.73380"><ele>2116.0</ele></trkpt>
    <trkpt lat="33.85442" lon="-116.73371"><ele>2116.0</ele></trkpt>
    <trkpt lat="33.85454" lon="-116.73360"><ele>2099.0</ele></trkpt>
    <trkpt lat="33.85466" lon="-116.73350"><ele>2099.0</ele></trkpt>
    <trkpt lat="33.85483" lon="-116.73341"><ele>2099.0</ele></trkpt>
    <trkpt lat="33.85495" lon="-116.73332"><ele>2099.0</ele></trkpt>
    <trkpt lat="33.85509" lon="-116.73324"><ele>2099.0</ele></trkpt>
    <trkpt lat="33.85519" lon="-116.73320"><ele>2099.0</ele></trkpt>
    <trkpt lat="33.85528" lon="-116.73317"><ele>2099.0</ele></trkpt>
    <trkpt lat="33.85537" lon="-116.73302"><ele>2099.0</ele></trkpt>
    <trkpt lat="33.85550" lon="-116.73281"><ele>2099.0</ele></trkpt>
    <trkpt lat="33.85562" lon="-116.73261"><ele>2099.0</ele></trkpt>
    <trkpt lat="33.85574" lon="-116.73247"><ele>2099.0</ele></trkpt>
    <trkpt lat="33.85583" lon="-116.73241"><ele>2099.0</ele></trkpt>
    <trkpt lat="33.85590" lon="-116.73242"><ele>2099.0</ele></trkpt>
    <trkpt lat="33.85596" lon="-116.73249"><ele>2099.0</ele></trkpt>
    <trkpt lat="33.85599" lon="-116.73261"><ele>2085.0</ele></trkpt>
    <trkpt lat="33.85601" lon="-116.73271"><ele>2085.0</ele></trkpt>
    <trkpt lat="33.85607" lon="-116.73280"><ele>2085.0</ele></trkpt>
    <trkpt lat="33.85614" lon="-116.73290"><ele>2085.0</ele></trkpt>
    <trkpt lat="33.85621" lon="-116.73298"><ele>2085.0</ele></trkpt>
    <trkpt lat="33.85627" lon="-116.73297"><ele>2085.0</ele></trkpt>
    <trkpt lat="33.85634" lon="-116.73292"><ele>2085.0</ele></trkpt>
    <trkpt lat="33.85640" lon="-116.73279"><ele>2085.0</ele></trkpt>
    <trkpt lat="33.85644" lon="-116.73263"><ele>2085.0</ele></trkpt>
    <trkpt lat="33.85643" lon="-116.73249"><ele>2085.0</ele></trkpt>
    <trkpt lat="33.85640" lon="-116.73235"><ele>2085.0</ele></trkpt>
    <trkpt lat="33.85633" lon="-116.73219"><ele>2085.0</ele></trkpt>
    <trkpt lat="33.85627" lon="-116.73205"><ele>2085.0</ele></trkpt>
    <trkpt lat="33.85620" lon="-116.73197"><ele>2085.0</ele></trkpt>
    <trkpt lat="33.85612" lon="-116.73196"><ele>2068.0</ele></trkpt>
    <trkpt lat="33.85600" lon="-116.73197"><ele>2068.0</ele></trkpt>
    <trkpt lat="33.85590" lon="-116.73189"><ele>2068.0</ele></trkpt>
    <trkpt lat="33.85579" lon="-116.73177"><ele>2068.0</ele></trkpt>
    <trkpt lat="33.85565" lon="-116.73159"><ele>2068.0</ele></trkpt>
    <trkpt lat="33.85555" lon="-116.73145"><ele>2068.0</ele></trkpt>
    <trkpt lat="33.85550" lon="-116.73141"><ele>2068.0</ele></trkpt>
    <trkpt lat="33.85543" lon="-116.73138"><ele>2068.0</ele></trkpt>
    <trkpt lat="33.85532" lon="-116.73139"><ele>2068.0</ele></trkpt>
    <trkpt lat="33.85525" lon="-116.73138"><ele>2068.0</ele></trkpt>
    <trkpt lat="33.85520" lon="-116.73133"><ele>2068.0</ele></trkpt>
    <trkpt lat="33.85515" lon="-116.73127"><ele>2068.0</ele></trkpt>
    <trkpt lat="33.85508" lon="-116.73123"><ele>2068.0</ele></trkpt>
    <trkpt lat="33.85500" lon="-116.73122"><ele>2068.0</ele></trkpt>
    <trkpt lat="33.85489" lon="-116.73125"><ele>2065.0</ele></trkpt>
    <trkpt lat="33.85477" lon="-116.73131"><ele>2065.0</ele></trkpt>
    <trkpt lat="33.85466" lon="-116.73136"><ele>2065.0</ele></trkpt>
    <trkpt lat="33.85455" lon="-116.73139"><ele>2065.0</ele></trkpt>
    <trkpt lat="33.85443" lon="-116.73143"><ele>2065.0</ele></trkpt>
    <trkpt lat="33.85434" lon="-116.73146"><ele>2065.0</ele></trkpt>
    <trkpt lat="33.85426" lon="-116.73151"><ele>2065.0</ele></trkpt>
    <trkpt lat="33.85418" lon="-116.73162"><ele>2065.0</ele></trkpt>
    <trkpt lat="33.85411" lon="-116.73168"><ele>2065.0</ele></trkpt>
    <trkpt lat="33.85402" lon="-116.73175"><ele>2065.0</ele></trkpt>
    <trkpt lat="33.85389" lon="-116.73183"><ele>2065.0</ele></trkpt>
    <trkpt lat="33.85377" lon="-116.73193"><ele>2065.0</ele></trkpt>
    <trkpt lat="33.85368" lon="-116.73201"><ele>2065.0</ele></trkpt>
    <trkpt lat="33.85359" lon="-116.73213"><ele>2065.0</ele></trkpt>
    <trkpt lat="33.85349" lon="-116.73222"><ele>2075.0</ele></trkpt>
    <trkpt lat="33.85342" lon="-116.73226"><ele>2075.0</ele></trkpt>
    <trkpt lat="33.85336" lon="-116.73228"><ele>2075.0</ele></trkpt>
    <trkpt lat="33.85328" lon="-116.73223"><ele>2075.0</ele></trkpt>
    <trkpt lat="33.85317" lon="-116.73207"><ele>2075.0</ele></trkpt>
    <trkpt lat="33.85305" lon="-116.73186"><ele>2075.0</ele></trkpt>
    <trkpt lat="33.85305" lon="-116.73175"><ele>2075.0</ele></trkpt>
    <trkpt lat="33.85312" lon="-116.73164"><ele>2075.0</ele></trkpt>
    <trkpt lat="33.85326" lon="-116.73144"><ele>2075.0</ele></trkpt>
    <trkpt lat="33.85339" lon="-116.73123"><ele>2075.0</ele></trkpt>
    <trkpt lat="33.85349" lon="-116.73106"><ele>2075.0</ele></trkpt>
    <trkpt lat="33.85356" lon="-116.73088"><ele>2075.0</ele></trkpt>
    <trkpt lat="33.85362" lon="-116.73069"><ele>2075.0</ele></trkpt>
    <trkpt lat="33.85365" lon="-116.73051"><ele>2075.0</ele></trkpt>
    <trkpt lat="33.85363" lon="-116.73035"><ele>2038.0</ele></trkpt>
    <trkpt lat="33.85357" lon="-116.73026"><ele>2038.0</ele></trkpt>
    <trkpt lat="33.85352" lon="-116.73012"><ele>2038.0</ele></trkpt>
    <trkpt lat="33.85353" lon="-116.72996"><ele>2038.0</ele></trkpt>
    <trkpt lat="33.85356" lon="-116.72980"><ele>2038.0</ele></trkpt>
    <trkpt lat="33.85355" lon="-116.72967"><ele>2038.0</ele></trkpt>
    <trkpt lat="33.85351" lon="-116.72955"><ele>2038.0</ele></trkpt>
    <trkpt lat="33.85342" lon="-116.72942"><ele>2038.0</ele></trkpt>
    <trkpt lat="33.85328" lon="-116.72930"><ele>2038.0</ele></trkpt>
    <trkpt lat="33.85316" lon="-116.72922"><ele>2038.0</ele></trkpt>
    <trkpt lat="33.85300" lon="-116.72914"><ele>2038.0</ele></trkpt>
    <trkpt lat="33.85288" lon="-116.72905"><ele>2038.0</ele></trkpt>
    <trkpt lat="33.85282" lon="-116.72894"><ele>2038.0</ele></trkpt>
    <trkpt lat="33.85274" lon="-116.72888"><ele>2038.0</ele></trkpt>
    <trkpt lat="33.85264" lon="-116.72882"><ele>2030.0</ele></trkpt>
    <trkpt lat="33.85252" lon="-116.72879"><ele>2030.0</ele></trkpt>
    <trkpt lat="33.85234" lon="-116.72876"><ele>2030.0</ele></trkpt>
    <trkpt lat="33.85221" lon="-116.72871"><ele>2030.0</ele></trkpt>
    <trkpt lat="33.85205" lon="-116.72863"><ele>2030.0</ele></trkpt>
    <trkpt lat="33.85191" lon="-116.72852"><ele>2030.0</ele></trkpt>
    <trkpt lat="33.85192" lon="-116.72842"><ele>2030.0</ele></trkpt>
    <trkpt lat="33.85193" lon="-116.72827"><ele>2030.0</ele></trkpt>
    <trkpt lat="33.85195" lon="-116.72818"><ele>2030.0</ele></trkpt>
    <trkpt lat="33.85201" lon="-116.72812"><ele>2030.0</ele></trkpt>
    <trkpt lat="33.85208" lon="-116.72812"><ele>2030.0</ele></trkpt>
    <trkpt lat="33.85214" lon="-116.72817"><ele>2030.0</ele></trkpt>
    <trkpt lat="33.85219" lon="-116.72832"><ele>2030.0</ele></trkpt>
    <trkpt lat="33.85224" lon="-116.72841"><ele>2030.0</ele></trkpt>
    <trkpt lat="33.85233" lon="-116.72851"><ele>2028.0</ele></trkpt>
    <trkpt lat="33.85242" lon="-116.72855"><ele>2028.0</ele></trkpt>
    <trkpt lat="33.85252" lon="-116.72856"><ele>2028.0</ele></trkpt>
    <trkpt lat="33.85264" lon="-116.72856"><ele>2028.0</ele></trkpt>
    <trkpt lat="33.85275" lon="-116.72856"><ele>2028.0</ele></trkpt>
    <trkpt lat="33.85286" lon="-116.72859"><ele>2028.0</ele></trkpt>
    <trkpt lat="33.85296" lon="-116.72866"><ele>2028.0</ele></trkpt>
    <trkpt lat="33.85306" lon="-116.72870"><ele>2028.0</ele></trkpt>
    <trkpt lat="33.85313" lon="-116.72870"><ele>2028.0</ele></trkpt>
    <trkpt lat="33.85328" lon="-116.72864"><ele>2028.0</ele></trkpt>
    <trkpt lat="33.85338" lon="-116.72859"><ele>2028.0</ele></trkpt>
    <trkpt lat="33.85350" lon="-116.72859"><ele>2028.0</ele></trkpt>
    <trkpt lat="33.85363" lon="-116.72858"><ele>2028.0</ele></trkpt>
    <trkpt lat="33.85372" lon="-116.72855"><ele>2028.0</ele></trkpt>
    <trkpt lat="33.85377" lon="-116.72846"><ele>2006.0</ele></trkpt>
    <trkpt lat="33.85382" lon="-116.72830"><ele>2006.0</ele></trkpt>
    <trkpt lat="33.85382" lon="-116.72813"><ele>2006.0</ele></trkpt>
    <trkpt lat="33.85378" lon="-116.72801"><ele>2006.0</ele></trkpt>
    <trkpt lat="33.85371" lon="-116.72795"><ele>2006.0</ele></trkpt>
    <trkpt lat="33.85360" lon="-116.72794"><ele>2006.0</ele></trkpt>
    <trkpt lat="33.85349" lon="-116.72795"><ele>2006.0</ele></trkpt>
    <trkpt lat="33.85341" lon="-116.72801"><ele>2006.0</ele></trkpt>
    <trkpt lat="33.85334" lon="-116.72807"><ele>2006.0</ele></trkpt>
    <trkpt lat="33.85329" lon="-116.72808"><ele>2006.0</ele></trkpt>
    <trkpt lat="33.85325" lon="-116.72802"><ele>2006.0</ele></trkpt>
    <trkpt lat="33.85326" lon="-116.72792"><ele>2006.0</ele></trkpt>
    <trkpt lat="33.85333" lon="-116.72786"><ele>2006.0</ele></trkpt>
    <trkpt lat="33.85342" lon="-116.72780"><ele>2006.0</ele></trkpt>
    <trkpt lat="33.85349" lon="-116.72772"><ele>1984.0</ele></trkpt>
    <trkpt lat="33.85354" lon="-116.72760"><ele>1984.0</ele></trkpt>
    <trkpt lat="33.85362" lon="-116.72748"><ele>1984.0</ele></trkpt>
    <trkpt lat="33.85373" lon="-116.72734"><ele>1984.0</ele></trkpt>
    <trkpt lat="33.85387" lon="-116.72723"><ele>1984.0</ele></trkpt>
    <trkpt lat="33.85396" lon="-116.72718"><ele>1984.0</ele></trkpt>
    <trkpt lat="33.85403" lon="-116.72719"><ele>1984.0</ele></trkpt>
    <trkpt lat="33.85409" lon="-116.72726"><ele>1984.0</ele></trkpt>
    <trkpt lat="33.85412" lon="-116.72736"><ele>1984.0</ele></trkpt>
    <trkpt lat="33.85413" lon="-116.72747"><ele>1984.0</ele></trkpt>
    <trkpt lat="33.85419" lon="-116.72764"><ele>1984.0</ele></trkpt>
    <trkpt lat="33.85423" lon="-116.72777"><ele>1984.0</ele></trkpt>
    <trkpt lat="33.85425" lon="-116.72790"><ele>1984.0</ele></trkpt>
    <trkpt lat="33.85421" lon="-116.72801"><ele>1984.0</ele></trkpt>
    <trkpt lat="33.85418" lon="-116.72812"><ele>1984.0</ele></trkpt>
    <trkpt lat="33.85419" lon="-116.72827"><ele>2005.0</ele></trkpt>
    <trkpt lat="33.85421" lon="-116.72841"><ele>2005.0</ele></trkpt>
    <trkpt lat="33.85419" lon="-116.72853"><ele>2005.0</ele></trkpt>
    <trkpt lat="33.85416" lon="-116.72864"><ele>2005.0</ele></trkpt>
    <trkpt lat="33.85418" lon="-116.72873"><ele>2005.0</ele></trkpt>
    <trkpt lat="33.85422" lon="-116.72881"><ele>2005.0</ele></trkpt>
    <trkpt lat="33.85429" lon="-116.72885"><ele>2005.0</ele></trkpt>
    <trkpt lat="33.85438" lon="-116.72879"><ele>2005.0</ele></trkpt>
    <trkpt lat="33.85447" lon="-116.72869"><ele>2005.0</ele></trkpt>
    <trkpt lat="33.85458" lon="-116.72854"><ele>2005.0</ele></trkpt>
    <trkpt lat="33.85475" lon="-116.72837"><ele>2005.0</ele></trkpt>
    <trkpt lat="33.85483" lon="-116.72826"><ele>2005.0</ele></trkpt>
    <trkpt lat="33.85486" lon="-116.72808"><ele>2005.0</ele></trkpt>
    <trkpt lat="33.85485" lon="-116.72789"><ele>2005.0</ele></trkpt>
    <trkpt lat="33.85485" lon="-116.72773"><ele>1980.0</ele></trkpt>
    <trkpt lat="33.85490" lon="-116.72765"><ele>1980.0</ele></trkpt>
    <trkpt lat="33.85496" lon="-116.72762"><ele>1980.0</ele></trkpt>
    <trkpt lat="33.85505" lon="-116.72765"><ele>1980.0</ele></trkpt>
    <trkpt lat="33.85515" lon="-116.72770"><ele>1980.0</ele></trkpt>
    <trkpt lat="33.85521" lon="-116.72770"><ele>1980.0</ele></trkpt>
    <trkpt lat="33.85528" lon="-116.72766"><ele>1980.0</ele></trkpt>
    <trkpt lat="33.85532" lon="-116.72751"><ele>1980.0</ele></trkpt>
    <trkpt lat="33.85536" lon="-116.72728"><ele>1980.0</ele></trkpt>
    <trkpt lat="33.85535" lon="-116.72717"><ele>1980.0</ele></trkpt>
    <trkpt lat="33.85534" lon="-116.72700"><ele>1980.0</ele></trkpt>
    <trkpt lat="33.85533" lon="-116.72680"><ele>1980.0</ele></trkpt>
    <trkpt lat="33.85535" lon="-116.72663"><ele>1980.0</ele></trkpt>
    <trkpt lat="33.85538" lon="-116.72650"><ele>1980.0</ele></trkpt>
    <trkpt lat="33.85537" lon="-116.72640"><ele>1969.0</ele></trkpt>
    <trkpt lat="33.85532" lon="-116.72632"><ele>1969.0</ele></trkpt>
    <trkpt lat="33.85527" lon="-116.72625"><ele>1969.0</ele></trkpt>
    <trkpt lat="33.85526" lon="-116.72616"><ele>1969.0</ele></trkpt>
    <trkpt lat="33.85527" lon="-116.72601"><ele>1969.0</ele></trkpt>
    <trkpt lat="33.85526" lon="-116.72593"><ele>1969.0</ele></trkpt>
    <trkpt lat="33.85522" lon="-116.72589"><ele>1969.0</ele></trkpt>
    <trkpt lat="33.85515" lon="-116.72587"><ele>1969.0</ele></trkpt>
    <trkpt lat="33.85507" lon="-116.72581"><ele>1969.0</ele></trkpt>
    <trkpt lat="33.85502" lon="-116.72575"><ele>1969.0</ele></trkpt>
    <trkpt lat="33.85499" lon="-116.72565"><ele>1969.0</ele></trkpt>
    <trkpt lat="33.85501" lon="-116.72556"><ele>1969.0</ele></trkpt>
    <trkpt lat="33.85504" lon="-116.72548"><ele>1969.0</ele></trkpt>
    <trkpt lat="33.85504" lon="-116.72539"><ele>1969.0</ele></trkpt>
    <trkpt lat="33.85502" lon="-116.72525"><ele>1966.0</ele></trkpt>
    <trkpt lat="33.85501" lon="-116.72512"><ele>1966.0</ele></trkpt>
    <trkpt lat="33.85502" lon="-116.72503"><ele>1966.0</ele></trkpt>
    <trkpt lat="33.85507" lon="-116.72494"><ele>1966.0</ele></trkpt>
    <trkpt lat="33.85515" lon="-116.72488"><ele>1966.0</ele></trkpt>
    <trkpt lat="33.85524" lon="-116.72484"><ele>1966.0</ele></trkpt>
    <trkpt lat="33.85535" lon="-116.72483"><ele>1966.0</ele></trkpt>
    <trkpt lat="33.85543" lon="-116.72479"><ele>1966.0</ele></trkpt>
    <trkpt lat="33.85556" lon="-116.72474"><ele>1966.0</ele></trkpt>
    <trkpt lat="33.85564" lon="-116.72473"><ele>1966.0</ele></trkpt>
    <trkpt lat="33.85577" lon="-116.72475"><ele>1966.0</ele></trkpt>
    <trkpt lat="33.85593" lon="-116.72481"><ele>1966.0</ele></trkpt>
    <trkpt lat="33.85603" lon="-116.72478"><ele>1966.0</ele></trkpt>
    <trkpt lat="33.85610" lon="-116.72474"><ele>1966.0</ele></trkpt>
    <trkpt lat="33.85616" lon="-116.72466"><ele>1960.0</ele></trkpt>
    <trkpt lat="33.85619" lon="-116.72453"><ele>1960.0</ele></trkpt>
    <trkpt lat="33.85618" lon="-116.72443"><ele>1960.0</ele></trkpt>
    <trkpt lat="33.85613" lon="-116.72434"><ele>1960.0</ele></trkpt>
    <trkpt lat="33.85605" lon="-116.72430"><ele>1960.0</ele></trkpt>
    <trkpt lat="33.85591" lon="-116.72429"><ele>1960.0</ele></trkpt>
    <trkpt lat="33.85577" lon="-116.72427"><ele>1960.0</ele></trkpt>
    <trkpt lat="33.85564" lon="-116.72422"><ele>1960.0</ele></trkpt>
    <trkpt lat="33.85555" lon="-116.72411"><ele>1960.0</ele></trkpt>
    <trkpt lat="33.85549" lon="-116.72399"><ele>1960.0</ele></trkpt>
    <trkpt lat="33.85546" lon="-116.72379"><ele>1960.0</ele></trkpt>
    <trkpt lat="33.85538" lon="-116.72351"><ele>1960.0</ele></trkpt>
    <trkpt lat="33.85532" lon="-116.72332"><ele>1960.0</ele></trkpt>
    <trkpt lat="33.85526" lon="-116.72319"><ele>1960.0</ele></trkpt>
    <trkpt lat="33.85520" lon="-116.72314"><ele>1953.0</ele></trkpt>
    <trkpt lat="33.85513" lon="-116.72313"><ele>1953.0</ele></trkpt>
    <trkpt lat="33.85504" lon="-116.72313"><ele>1953.0</ele></trkpt>
    <trkpt lat="33.85491" lon="-116.72311"><ele>1953.0</ele></trkpt>
    <trkpt lat="33.85478" lon="-116.72310"><ele>1953.0</ele></trkpt>
    <trkpt lat="33.85464" lon="-116.72312"><ele>1953.0</ele></trkpt>
    <trkpt lat="33.85455" lon="-116.72314"><ele>1953.0</ele></trkpt>
    <trkpt lat="33.85445" lon="-116.72313"><ele>1953.0</ele></trkpt>
    <trkpt lat="33.85432" lon="-116.72306"><ele>1953.0</ele></trkpt>
    <trkpt lat="33.85412" lon="-116.72296"><ele>1953.0</ele></trkpt>
    <trkpt lat="33.85406" lon="-116.72288"><ele>1953.0</ele></trkpt>
    <trkpt lat="33.85401" lon="-116.72279"><ele>1953.0</ele></trkpt>
    <trkpt lat="33.85392" lon="-116.72270"><ele>1953.0</ele></trkpt>
    <trkpt lat="33.85383" lon="-116.72264"><ele>1953.0</ele></trkpt>
    <trkpt lat="33.85378" lon="-116.72260"><ele>1943.0</ele></trkpt>
    <trkpt lat="33.85375" lon="-116.72254"><ele>1943.0</ele></trkpt>
    <trkpt lat="33.85374" lon="-116.72245"><ele>1943.0</ele></trkpt>
    <trkpt lat="33.85376" lon="-116.72221"><ele>1943.0</ele></trkpt>
    <trkpt lat="33.85377" lon="-116.72206"><ele>1943.0</ele></trkpt>
    <trkpt lat="33.85378" lon="-116.72199"><ele>1943.0</ele></trkpt>
    <trkpt lat="33.85378" lon="-116.72192"><ele>1943.0</ele></trkpt>
  </trkseg></trk>
  <trk><name>Idyllwild Control Road</name><trkseg>
    <trkpt lat="33.73385" lon="-116.75066"><ele>1554.0</ele></trkpt>
    <trkpt lat="33.73391" lon="-116.75070"><ele>1554.0</ele></trkpt>
    <trkpt lat="33.73397" lon="-116.75073"><ele>1554.0</ele></trkpt>
    <trkpt lat="33.73403" lon="-116.75074"><ele>1554.0</ele></trkpt>
    <trkpt lat="33.73411" lon="-116.75075"><ele>1554.0</ele></trkpt>
    <trkpt lat="33.73417" lon="-116.75075"><ele>1554.0</ele></trkpt>
    <trkpt lat="33.73423" lon="-116.75075"><ele>1554.0</ele></trkpt>
    <trkpt lat="33.73429" lon="-116.75075"><ele>1554.0</ele></trkpt>
    <trkpt lat="33.73433" lon="-116.75075"><ele>1554.0</ele></trkpt>
    <trkpt lat="33.73438" lon="-116.75076"><ele>1547.0</ele></trkpt>
    <trkpt lat="33.73442" lon="-116.75079"><ele>1547.0</ele></trkpt>
    <trkpt lat="33.73447" lon="-116.75083"><ele>1547.0</ele></trkpt>
    <trkpt lat="33.73456" lon="-116.75094"><ele>1547.0</ele></trkpt>
    <trkpt lat="33.73467" lon="-116.75108"><ele>1547.0</ele></trkpt>
    <trkpt lat="33.73478" lon="-116.75121"><ele>1547.0</ele></trkpt>
    <trkpt lat="33.73483" lon="-116.75128"><ele>1547.0</ele></trkpt>
    <trkpt lat="33.73486" lon="-116.75133"><ele>1547.0</ele></trkpt>
    <trkpt lat="33.73488" lon="-116.75141"><ele>1547.0</ele></trkpt>
    <trkpt lat="33.73491" lon="-116.75148"><ele>1547.0</ele></trkpt>
    <trkpt lat="33.73496" lon="-116.75154"><ele>1547.0</ele></trkpt>
    <trkpt lat="33.73503" lon="-116.75157"><ele>1547.0</ele></trkpt>
    <trkpt lat="33.73511" lon="-116.75158"><ele>1547.0</ele></trkpt>
    <trkpt lat="33.73517" lon="-116.75155"><ele>1547.0</ele></trkpt>
    <trkpt lat="33.73527" lon="-116.75148"><ele>1547.0</ele></trkpt>
    <trkpt lat="33.73537" lon="-116.75142"><ele>1537.0</ele></trkpt>
    <trkpt lat="33.73542" lon="-116.75141"><ele>1537.0</ele></trkpt>
    <trkpt lat="33.73546" lon="-116.75145"><ele>1537.0</ele></trkpt>
    <trkpt lat="33.73551" lon="-116.75150"><ele>1537.0</ele></trkpt>
    <trkpt lat="33.73557" lon="-116.75158"><ele>1537.0</ele></trkpt>
    <trkpt lat="33.73564" lon="-116.75168"><ele>1537.0</ele></trkpt>
    <trkpt lat="33.73569" lon="-116.75176"><ele>1537.0</ele></trkpt>
    <trkpt lat="33.73571" lon="-116.75183"><ele>1537.0</ele></trkpt>
    <trkpt lat="33.73575" lon="-116.75193"><ele>1537.0</ele></trkpt>
    <trkpt lat="33.73580" lon="-116.75200"><ele>1537.0</ele></trkpt>
    <trkpt lat="33.73585" lon="-116.75204"><ele>1537.0</ele></trkpt>
    <trkpt lat="33.73590" lon="-116.75205"><ele>1537.0</ele></trkpt>
    <trkpt lat="33.73594" lon="-116.75204"><ele>1537.0</ele></trkpt>
    <trkpt lat="33.73598" lon="-116.75203"><ele>1537.0</ele></trkpt>
    <trkpt lat="33.73603" lon="-116.75199"><ele>1537.0</ele></trkpt>
    <trkpt lat="33.73609" lon="-116.75188"><ele>1537.0</ele></trkpt>
    <trkpt lat="33.73615" lon="-116.75175"><ele>1533.0</ele></trkpt>
    <trkpt lat="33.73620" lon="-116.75167"><ele>1533.0</ele></trkpt>
    <trkpt lat="33.73625" lon="-116.75163"><ele>1533.0</ele></trkpt>
    <trkpt lat="33.73634" lon="-116.75163"><ele>1533.0</ele></trkpt>
    <trkpt lat="33.73645" lon="-116.75162"><ele>1533.0</ele></trkpt>
    <trkpt lat="33.73653" lon="-116.75156"><ele>1533.0</ele></trkpt>
    <trkpt lat="33.73660" lon="-116.75147"><ele>1533.0</ele></trkpt>
    <trkpt lat="33.73666" lon="-116.75142"><ele>1533.0</ele></trkpt>
    <trkpt lat="33.73675" lon="-116.75140"><ele>1533.0</ele></trkpt>
    <trkpt lat="33.73685" lon="-116.75140"><ele>1533.0</ele></trkpt>
    <trkpt lat="33.73695" lon="-116.75143"><ele>1533.0</ele></trkpt>
    <trkpt lat="33.73703" lon="-116.75149"><ele>1533.0</ele></trkpt>
    <trkpt lat="33.73721" lon="-116.75164"><ele>1533.0</ele></trkpt>
    <trkpt lat="33.73742" lon="-116.75179"><ele>1533.0</ele></trkpt>
    <trkpt lat="33.73774" lon="-116.75205"><ele>1533.0</ele></trkpt>
    <trkpt lat="33.73781" lon="-116.75212"><ele>1533.0</ele></trkpt>
    <trkpt lat="33.73787" lon="-116.75216"><ele>1533.0</ele></trkpt>
    <trkpt lat="33.73794" lon="-116.75217"><ele>1533.0</ele></trkpt>
    <trkpt lat="33.73802" lon="-116.75220"><ele>1533.0</ele></trkpt>
    <trkpt lat="33.73812" lon="-116.75222"><ele>1533.0</ele></trkpt>
    <trkpt lat="33.73821" lon="-116.75224"><ele>1533.0</ele></trkpt>
    <trkpt lat="33.73831" lon="-116.75227"><ele>1533.0</ele></trkpt>
    <trkpt lat="33.73831" lon="-116.75227"><ele>1533.0</ele></trkpt>
    <trkpt lat="33.73834" lon="-116.75229"><ele>1533.0</ele></trkpt>
    <trkpt lat="33.73839" lon="-116.75233"><ele>1533.0</ele></trkpt>
    <trkpt lat="33.73840" lon="-116.75237"><ele>1533.0</ele></trkpt>
    <trkpt lat="33.73840" lon="-116.75237"><ele>1533.0</ele></trkpt>
    <trkpt lat="33.73842" lon="-116.75240"><ele>1533.0</ele></trkpt>
    <trkpt lat="33.73845" lon="-116.75247"><ele>1533.0</ele></trkpt>
    <trkpt lat="33.73848" lon="-116.75255"><ele>1533.0</ele></trkpt>
    <trkpt lat="33.73850" lon="-116.75265"><ele>1533.0</ele></trkpt>
    <trkpt lat="33.73851" lon="-116.75273"><ele>1516.0</ele></trkpt>
    <trkpt lat="33.73851" lon="-116.75282"><ele>1516.0</ele></trkpt>
    <trkpt lat="33.73850" lon="-116.75290"><ele>1516.0</ele></trkpt>
    <trkpt lat="33.73849" lon="-116.75300"><ele>1516.0</ele></trkpt>
    <trkpt lat="33.73850" lon="-116.75309"><ele>1516.0</ele></trkpt>
    <trkpt lat="33.73850" lon="-116.75318"><ele>1516.0</ele></trkpt>
    <trkpt lat="33.73851" lon="-116.75330"><ele>1516.0</ele></trkpt>
    <trkpt lat="33.73852" lon="-116.75338"><ele>1516.0</ele></trkpt>
    <trkpt lat="33.73853" lon="-116.75346"><ele>1516.0</ele></trkpt>
    <trkpt lat="33.73856" lon="-116.75351"><ele>1516.0</ele></trkpt>
    <trkpt lat="33.73860" lon="-116.75355"><ele>1516.0</ele></trkpt>
    <trkpt lat="33.73865" lon="-116.75359"><ele>1516.0</ele></trkpt>
    <trkpt lat="33.73871" lon="-116.75362"><ele>1516.0</ele></trkpt>
    <trkpt lat="33.73879" lon="-116.75366"><ele>1516.0</ele></trkpt>
    <trkpt lat="33.73883" lon="-116.75370"><ele>1516.0</ele></trkpt>
    <trkpt lat="33.73886" lon="-116.75376"><ele>1513.0</ele></trkpt>
    <trkpt lat="33.73886" lon="-116.75384"><ele>1513.0</ele></trkpt>
    <trkpt lat="33.73885" lon="-116.75393"><ele>1513.0</ele></trkpt>
    <trkpt lat="33.73883" lon="-116.75410"><ele>1513.0</ele></trkpt>
    <trkpt lat="33.73882" lon="-116.75417"><ele>1513.0</ele></trkpt>
    <trkpt lat="33.73880" lon="-116.75425"><ele>1513.0</ele></trkpt>
    <trkpt lat="33.73878" lon="-116.75434"><ele>1513.0</ele></trkpt>
    <trkpt lat="33.73874" lon="-116.75447"><ele>1513.0</ele></trkpt>
    <trkpt lat="33.73870" lon="-116.75459"><ele>1513.0</ele></trkpt>
    <trkpt lat="33.73865" lon="-116.75471"><ele>1513.0</ele></trkpt>
    <trkpt lat="33.73863" lon="-116.75479"><ele>1513.0</ele></trkpt>
    <trkpt lat="33.73861" lon="-116.75486"><ele>1513.0</ele></trkpt>
    <trkpt lat="33.73860" lon="-116.75493"><ele>1513.0</ele></trkpt>
    <trkpt lat="33.73861" lon="-116.75502"><ele>1513.0</ele></trkpt>
    <trkpt lat="33.73862" lon="-116.75512"><ele>1513.0</ele></trkpt>
    <trkpt lat="33.73862" lon="-116.75522"><ele>1513.0</ele></trkpt>
    <trkpt lat="33.73862" lon="-116.75531"><ele>1503.0</ele></trkpt>
    <trkpt lat="33.73862" lon="-116.75539"><ele>1503.0</ele></trkpt>
    <trkpt lat="33.73860" lon="-116.75547"><ele>1503.0</ele></trkpt>
    <trkpt lat="33.73857" lon="-116.75553"><ele>1503.0</ele></trkpt>
    <trkpt lat="33.73855" lon="-116.75560"><ele>1503.0</ele></trkpt>
    <trkpt lat="33.73851" lon="-116.75566"><ele>1503.0</ele></trkpt>
    <trkpt lat="33.73847" lon="-116.75571"><ele>1503.0</ele></trkpt>
    <trkpt lat="33.73843" lon="-116.75577"><ele>1503.0</ele></trkpt>
    <trkpt lat="33.73839" lon="-116.75584"><ele>1503.0</ele></trkpt>
    <trkpt lat="33.73836" lon="-116.75590"><ele>1503.0</ele></trkpt>
    <trkpt lat="33.73833" lon="-116.75598"><ele>1503.0</ele></trkpt>
    <trkpt lat="33.73830" lon="-116.75606"><ele>1503.0</ele></trkpt>
    <trkpt lat="33.73826" lon="-116.75614"><ele>1503.0</ele></trkpt>
    <trkpt lat="33.73822" lon="-116.75622"><ele>1503.0</ele></trkpt>
    <trkpt lat="33.73819" lon="-116.75628"><ele>1503.0</ele></trkpt>
    <trkpt lat="33.73814" lon="-116.75636"><ele>1500.0</ele></trkpt>
    <trkpt lat="33.73810" lon="-116.75644"><ele>1500.0</ele></trkpt>
    <trkpt lat="33.73807" lon="-116.75652"><ele>1500.0</ele></trkpt>
    <trkpt lat="33.73806" lon="-116.75657"><ele>1500.0</ele></trkpt>
    <trkpt lat="33.73807" lon="-116.75666"><ele>1500.0</ele></trkpt>
    <trkpt lat="33.73806" lon="-116.75673"><ele>1500.0</ele></trkpt>
    <trkpt lat="33.73806" lon="-116.75674"><ele>1500.0</ele></trkpt>
    <trkpt lat="33.73806" lon="-116.75682"><ele>1500.0</ele></trkpt>
    <trkpt lat="33.73806" lon="-116.75687"><ele>1500.0</ele></trkpt>
    <trkpt lat="33.73806" lon="-116.75691"><ele>1500.0</ele></trkpt>
    <trkpt lat="33.73806" lon="-116.75699"><ele>1500.0</ele></trkpt>
    <trkpt lat="33.73805" lon="-116.75708"><ele>1500.0</ele></trkpt>
    <trkpt lat="33.73805" lon="-116.75716"><ele>1500.0</ele></trkpt>
    <trkpt lat="33.73801" lon="-116.75727"><ele>1500.0</ele></trkpt>
    <trkpt lat="33.73798" lon="-116.75738"><ele>1500.0</ele></trkpt>
    <trkpt lat="33.73796" lon="-116.75747"><ele>1500.0</ele></trkpt>
    <trkpt lat="33.73793" lon="-116.75758"><ele>1495.0</ele></trkpt>
    <trkpt lat="33.73791" lon="-116.75770"><ele>1495.0</ele></trkpt>
    <trkpt lat="33.73790" lon="-116.75779"><ele>1495.0</ele></trkpt>
    <trkpt lat="33.73790" lon="-116.75789"><ele>1495.0</ele></trkpt>
    <trkpt lat="33.73792" lon="-116.75798"><ele>1495.0</ele></trkpt>
    <trkpt lat="33.73795" lon="-116.75806"><ele>1495.0</ele></trkpt>
    <trkpt lat="33.73799" lon="-116.75816"><ele>1495.0</ele></trkpt>
    <trkpt lat="33.73806" lon="-116.75832"><ele>1495.0</ele></trkpt>
    <trkpt lat="33.73819" lon="-116.75862"><ele>1495.0</ele></trkpt>
    <trkpt lat="33.73829" lon="-116.75887"><ele>1495.0</ele></trkpt>
    <trkpt lat="33.73835" lon="-116.75901"><ele>1495.0</ele></trkpt>
    <trkpt lat="33.73837" lon="-116.75908"><ele>1495.0</ele></trkpt>
    <trkpt lat="33.73840" lon="-116.75916"><ele>1495.0</ele></trkpt>
    <trkpt lat="33.73840" lon="-116.75924"><ele>1495.0</ele></trkpt>
    <trkpt lat="33.73840" lon="-116.75932"><ele>1495.0</ele></trkpt>
    <trkpt lat="33.73841" lon="-116.75939"><ele>1483.0</ele></trkpt>
    <trkpt lat="33.73841" lon="-116.75947"><ele>1483.0</ele></trkpt>
    <trkpt lat="33.73842" lon="-116.75956"><ele>1483.0</ele></trkpt>
    <trkpt lat="33.73844" lon="-116.75964"><ele>1483.0</ele></trkpt>
    <trkpt lat="33.73846" lon="-116.75975"><ele>1483.0</ele></trkpt>
    <trkpt lat="33.73843" lon="-116.75980"><ele>1483.0</ele></trkpt>
    <trkpt lat="33.73835" lon="-116.75996"><ele>1483.0</ele></trkpt>
    <trkpt lat="33.73830" lon="-116.76009"><ele>1483.0</ele></trkpt>
    <trkpt lat="33.73823" lon="-116.76024"><ele>1483.0</ele></trkpt>
    <trkpt lat="33.73817" lon="-116.76035"><ele>1483.0</ele></trkpt>
    <trkpt lat="33.73810" lon="-116.76045"><ele>1483.0</ele></trkpt>
    <trkpt lat="33.73803" lon="-116.76052"><ele>1483.0</ele></trkpt>
    <trkpt lat="33.73797" lon="-116.76059"><ele>1483.0</ele></trkpt>
    <trkpt lat="33.73792" lon="-116.76067"><ele>1483.0</ele></trkpt>
    <trkpt lat="33.73788" lon="-116.76077"><ele>1483.0</ele></trkpt>
    <trkpt lat="33.73784" lon="-116.76090"><ele>1483.0</ele></trkpt>
    <trkpt lat="33.73779" lon="-116.76101"><ele>1475.0</ele></trkpt>
    <trkpt lat="33.73776" lon="-116.76112"><ele>1475.0</ele></trkpt>
    <trkpt lat="33.73773" lon="-116.76120"><ele>1475.0</ele></trkpt>
    <trkpt lat="33.73770" lon="-116.76123"><ele>1475.0</ele></trkpt>
    <trkpt lat="33.73767" lon="-116.76127"><ele>1475.0</ele></trkpt>
    <trkpt lat="33.73760" lon="-116.76131"><ele>1475.0</ele></trkpt>
    <trkpt lat="33.73750" lon="-116.76139"><ele>1475.0</ele></trkpt>
    <trkpt lat="33.73737" lon="-116.76148"><ele>1475.0</ele></trkpt>
    <trkpt lat="33.73727" lon="-116.76154"><ele>1475.0</ele></trkpt>
    <trkpt lat="33.73719" lon="-116.76158"><ele>1475.0</ele></trkpt>
    <trkpt lat="33.73711" lon="-116.76163"><ele>1475.0</ele></trkpt>
    <trkpt lat="33.73705" lon="-116.76166"><ele>1475.0</ele></trkpt>
    <trkpt lat="33.73697" lon="-116.76168"><ele>1475.0</ele></trkpt>
    <trkpt lat="33.73692" lon="-116.76168"><ele>1475.0</ele></trkpt>
    <trkpt lat="33.73687" lon="-116.76165"><ele>1475.0</ele></trkpt>
    <trkpt lat="33.73683" lon="-116.76164"><ele>1464.0</ele></trkpt>
    <trkpt lat="33.73680" lon="-116.76163"><ele>1464.0</ele></trkpt>
    <trkpt lat="33.73677" lon="-116.76164"><ele>1464.0</ele></trkpt>
    <trkpt lat="33.73673" lon="-116.76165"><ele>1464.0</ele></trkpt>
    <trkpt lat="33.73669" lon="-116.76168"><ele>1464.0</ele></trkpt>
    <trkpt lat="33.73664" lon="-116.76173"><ele>1464.0</ele></trkpt>
    <trkpt lat="33.73659" lon="-116.76180"><ele>1464.0</ele></trkpt>
    <trkpt lat="33.73654" lon="-116.76188"><ele>1464.0</ele></trkpt>
    <trkpt lat="33.73652" lon="-116.76194"><ele>1464.0</ele></trkpt>
    <trkpt lat="33.73650" lon="-116.76200"><ele>1464.0</ele></trkpt>
    <trkpt lat="33.73648" lon="-116.76204"><ele>1464.0</ele></trkpt>
    <trkpt lat="33.73646" lon="-116.76208"><ele>1464.0</ele></trkpt>
    <trkpt lat="33.73642" lon="-116.76211"><ele>1464.0</ele></trkpt>
    <trkpt lat="33.73638" lon="-116.76215"><ele>1464.0</ele></trkpt>
    <trkpt lat="33.73632" lon="-116.76221"><ele>1464.0</ele></trkpt>
    <trkpt lat="33.73627" lon="-116.76224"><ele>1464.0</ele></trkpt>
    <trkpt lat="33.73623" lon="-116.76226"><ele>1454.0</ele></trkpt>
    <trkpt lat="33.73619" lon="-116.76230"><ele>1454.0</ele></trkpt>
    <trkpt lat="33.73616" lon="-116.76234"><ele>1454.0</ele></trkpt>
    <trkpt lat="33.73612" lon="-116.76239"><ele>1454.0</ele></trkpt>
    <trkpt lat="33.73608" lon="-116.76245"><ele>1454.0</ele></trkpt>
    <trkpt lat="33.73605" lon="-116.76253"><ele>1454.0</ele></trkpt>
    <trkpt lat="33.73601" lon="-116.76259"><ele>1454.0</ele></trkpt>
    <trkpt lat="33.73596" lon="-116.76265"><ele>1454.0</ele></trkpt>
    <trkpt lat="33.73590" lon="-116.76270"><ele>1454.0</ele></trkpt>
    <trkpt lat="33.73583" lon="-116.76276"><ele>1454.0</ele></trkpt>
    <trkpt lat="33.73577" lon="-116.76281"><ele>1454.0</ele></trkpt>
    <trkpt lat="33.73572" lon="-116.76286"><ele>1454.0</ele></trkpt>
    <trkpt lat="33.73569" lon="-116.76293"><ele>1454.0</ele></trkpt>
    <trkpt lat="33.73566" lon="-116.76300"><ele>1454.0</ele></trkpt>
    <trkpt lat="33.73564" lon="-116.76307"><ele>1454.0</ele></trkpt>
    <trkpt lat="33.73563" lon="-116.76314"><ele>1445.0</ele></trkpt>
    <trkpt lat="33.73559" lon="-116.76320"><ele>1445.0</ele></trkpt>
    <trkpt lat="33.73555" lon="-116.76326"><ele>1445.0</ele></trkpt>
    <trkpt lat="33.73551" lon="-116.76332"><ele>1445.0</ele></trkpt>
    <trkpt lat="33.73548" lon="-116.76336"><ele>1445.0</ele></trkpt>
    <trkpt lat="33.73546" lon="-116.76338"><ele>1445.0</ele></trkpt>
    <trkpt lat="33.73544" lon="-116.76340"><ele>1445.0</ele></trkpt>
    <trkpt lat="33.73541" lon="-116.76344"><ele>1445.0</ele></trkpt>
    <trkpt lat="33.73536" lon="-116.76351"><ele>1445.0</ele></trkpt>
    <trkpt lat="33.73531" lon="-116.76355"><ele>1445.0</ele></trkpt>
    <trkpt lat="33.73526" lon="-116.76359"><ele>1445.0</ele></trkpt>
    <trkpt lat="33.73521" lon="-116.76363"><ele>1445.0</ele></trkpt>
    <trkpt lat="33.73517" lon="-116.76367"><ele>1445.0</ele></trkpt>
    <trkpt lat="33.73515" lon="-116.76370"><ele>1445.0</ele></trkpt>
    <trkpt lat="33.73513" lon="-116.76375"><ele>1445.0</ele></trkpt>
    <trkpt lat="33.73512" lon="-116.76379"><ele>1445.0</ele></trkpt>
    <trkpt lat="33.73512" lon="-116.76384"><ele>1440.0</ele></trkpt>
    <trkpt lat="33.73514" lon="-116.76389"><ele>1440.0</ele></trkpt>
    <trkpt lat="33.73515" lon="-116.76394"><ele>1440.0</ele></trkpt>
    <trkpt lat="33.73517" lon="-116.76402"><ele>1440.0</ele></trkpt>
    <trkpt lat="33.73522" lon="-116.76414"><ele>1440.0</ele></trkpt>
    <trkpt lat="33.73528" lon="-116.76423"><ele>1440.0</ele></trkpt>
    <trkpt lat="33.73530" lon="-116.76430"><ele>1440.0</ele></trkpt>
    <trkpt lat="33.73533" lon="-116.76438"><ele>1440.0</ele></trkpt>
    <trkpt lat="33.73534" lon="-116.76444"><ele>1440.0</ele></trkpt>
    <trkpt lat="33.73537" lon="-116.76453"><ele>1440.0</ele></trkpt>
    <trkpt lat="33.73538" lon="-116.76466"><ele>1440.0</ele></trkpt>
    <trkpt lat="33.73540" lon="-116.76483"><ele>1440.0</ele></trkpt>
    <trkpt lat="33.73544" lon="-116.76499"><ele>1440.0</ele></trkpt>
    <trkpt lat="33.73548" lon="-116.76516"><ele>1440.0</ele></trkpt>
    <trkpt lat="33.73552" lon="-116.76540"><ele>1440.0</ele></trkpt>
    <trkpt lat="33.73555" lon="-116.76561"><ele>1415.0</ele></trkpt>
    <trkpt lat="33.73557" lon="-116.76575"><ele>1415.0</ele></trkpt>
    <trkpt lat="33.73559" lon="-116.76583"><ele>1415.0</ele></trkpt>
    <trkpt lat="33.73562" lon="-116.76588"><ele>1415.0</ele></trkpt>
    <trkpt lat="33.73570" lon="-116.76602"><ele>1415.0</ele></trkpt>
    <trkpt lat="33.73575" lon="-116.76612"><ele>1415.0</ele></trkpt>
    <trkpt lat="33.73579" lon="-116.76627"><ele>1415.0</ele></trkpt>
    <trkpt lat="33.73581" lon="-116.76644"><ele>1415.0</ele></trkpt>
    <trkpt lat="33.73584" lon="-116.76661"><ele>1415.0</ele></trkpt>
    <trkpt lat="33.73586" lon="-116.76677"><ele>1415.0</ele></trkpt>
    <trkpt lat="33.73586" lon="-116.76700"><ele>1415.0</ele></trkpt>
    <trkpt lat="33.73586" lon="-116.76720"><ele>1415.0</ele></trkpt>
    <trkpt lat="33.73584" lon="-116.76738"><ele>1415.0</ele></trkpt>
    <trkpt lat="33.73582" lon="-116.76751"><ele>1415.0</ele></trkpt>
    <trkpt lat="33.73580" lon="-116.76773"><ele>1415.0</ele></trkpt>
    <trkpt lat="33.73577" lon="-116.76801"><ele>1415.0</ele></trkpt>
    <trkpt lat="33.73575" lon="-116.76824"><ele>1393.0</ele></trkpt>
    <trkpt lat="33.73575" lon="-116.76844"><ele>1393.0</ele></trkpt>
    <trkpt lat="33.73575" lon="-116.76860"><ele>1393.0</ele></trkpt>
    <trkpt lat="33.73577" lon="-116.76873"><ele>1393.0</ele></trkpt>
    <trkpt lat="33.73582" lon="-116.76889"><ele>1393.0</ele></trkpt>
    <trkpt lat="33.73586" lon="-116.76899"><ele>1393.0</ele></trkpt>
    <trkpt lat="33.73590" lon="-116.76907"><ele>1393.0</ele></trkpt>
    <trkpt lat="33.73597" lon="-116.76915"><ele>1393.0</ele></trkpt>
    <trkpt lat="33.73604" lon="-116.76923"><ele>1393.0</ele></trkpt>
    <trkpt lat="33.73609" lon="-116.76929"><ele>1393.0</ele></trkpt>
    <trkpt lat="33.73612" lon="-116.76933"><ele>1393.0</ele></trkpt>
    <trkpt lat="33.73615" lon="-116.76941"><ele>1393.0</ele></trkpt>
    <trkpt lat="33.73615" lon="-116.76948"><ele>1393.0</ele></trkpt>
    <trkpt lat="33.73614" lon="-116.76953"><ele>1393.0</ele></trkpt>
    <trkpt lat="33.73612" lon="-116.76959"><ele>1393.0</ele></trkpt>
    <trkpt lat="33.73609" lon="-116.76964"><ele>1389.0</ele></trkpt>
    <trkpt lat="33.73606" lon="-116.76970"><ele>1389.0</ele></trkpt>
    <trkpt lat="33.73603" lon="-116.76978"><ele>1389.0</ele></trkpt>
    <trkpt lat="33.73601" lon="-116.76987"><ele>1389.0</ele></trkpt>
    <trkpt lat="33.73600" lon="-116.76993"><ele>1389.0</ele></trkpt>
    <trkpt lat="33.73600" lon="-116.77002"><ele>1389.0</ele></trkpt>
    <trkpt lat="33.73600" lon="-116.77010"><ele>1389.0</ele></trkpt>
    <trkpt lat="33.73600" lon="-116.77019"><ele>1389.0</ele></trkpt>
    <trkpt lat="33.73601" lon="-116.77027"><ele>1389.0</ele></trkpt>
    <trkpt lat="33.73601" lon="-116.77035"><ele>1389.0</ele></trkpt>
    <trkpt lat="33.73601" lon="-116.77042"><ele>1389.0</ele></trkpt>
    <trkpt lat="33.73601" lon="-116.77049"><ele>1389.0</ele></trkpt>
    <trkpt lat="33.73602" lon="-116.77059"><ele>1389.0</ele></trkpt>
    <trkpt lat="33.73602" lon="-116.77067"><ele>1389.0</ele></trkpt>
    <trkpt lat="33.73605" lon="-116.77073"><ele>1389.0</ele></trkpt>
    <trkpt lat="33.73608" lon="-116.77079"><ele>1389.0</ele></trkpt>
    <trkpt lat="33.73613" lon="-116.77090"><ele>1379.0</ele></trkpt>
    <trkpt lat="33.73617" lon="-116.77098"><ele>1379.0</ele></trkpt>
    <trkpt lat="33.73620" lon="-116.77105"><ele>1379.0</ele></trkpt>
    <trkpt lat="33.73623" lon="-116.77113"><ele>1379.0</ele></trkpt>
    <trkpt lat="33.73627" lon="-116.77122"><ele>1379.0</ele></trkpt>
    <trkpt lat="33.73631" lon="-116.77128"><ele>1379.0</ele></trkpt>
    <trkpt lat="33.73635" lon="-116.77136"><ele>1379.0</ele></trkpt>
    <trkpt lat="33.73639" lon="-116.77142"><ele>1379.0</ele></trkpt>
    <trkpt lat="33.73644" lon="-116.77147"><ele>1379.0</ele></trkpt>
    <trkpt lat="33.73648" lon="-116.77152"><ele>1379.0</ele></trkpt>
    <trkpt lat="33.73652" lon="-116.77158"><ele>1379.0</ele></trkpt>
    <trkpt lat="33.73656" lon="-116.77163"><ele>1379.0</ele></trkpt>
    <trkpt lat="33.73660" lon="-116.77170"><ele>1379.0</ele></trkpt>
    <trkpt lat="33.73664" lon="-116.77176"><ele>1379.0</ele></trkpt>
    <trkpt lat="33.73670" lon="-116.77184"><ele>1379.0</ele></trkpt>
    <trkpt lat="33.73674" lon="-116.77191"><ele>1369.0</ele></trkpt>
    <trkpt lat="33.73679" lon="-116.77199"><ele>1369.0</ele></trkpt>
    <trkpt lat="33.73684" lon="-116.77206"><ele>1369.0</ele></trkpt>
    <trkpt lat="33.73689" lon="-116.77215"><ele>1369.0</ele></trkpt>
    <trkpt lat="33.73693" lon="-116.77223"><ele>1369.0</ele></trkpt>
    <trkpt lat="33.73698" lon="-116.77233"><ele>1369.0</ele></trkpt>
    <trkpt lat="33.73703" lon="-116.77242"><ele>1369.0</ele></trkpt>
    <trkpt lat="33.73708" lon="-116.77247"><ele>1369.0</ele></trkpt>
    <trkpt lat="33.73713" lon="-116.77248"><ele>1369.0</ele></trkpt>
    <trkpt lat="33.73719" lon="-116.77247"><ele>1369.0</ele></trkpt>
    <trkpt lat="33.73724" lon="-116.77246"><ele>1369.0</ele></trkpt>
    <trkpt lat="33.73728" lon="-116.77245"><ele>1369.0</ele></trkpt>
    <trkpt lat="33.73734" lon="-116.77242"><ele>1369.0</ele></trkpt>
    <trkpt lat="33.73739" lon="-116.77238"><ele>1369.0</ele></trkpt>
    <trkpt lat="33.73745" lon="-116.77235"><ele>1369.0</ele></trkpt>
    <trkpt lat="33.73751" lon="-116.77231"><ele>1369.0</ele></trkpt>
    <trkpt lat="33.73756" lon="-116.77228"><ele>1364.0</ele></trkpt>
    <trkpt lat="33.73761" lon="-116.77227"><ele>1364.0</ele></trkpt>
    <trkpt lat="33.73766" lon="-116.77226"><ele>1364.0</ele></trkpt>
    <trkpt lat="33.73771" lon="-116.77226"><ele>1364.0</ele></trkpt>
    <trkpt lat="33.73775" lon="-116.77227"><ele>1364.0</ele></trkpt>
    <trkpt lat="33.73780" lon="-116.77229"><ele>1364.0</ele></trkpt>
    <trkpt lat="33.73785" lon="-116.77233"><ele>1364.0</ele></trkpt>
    <trkpt lat="33.73793" lon="-116.77238"><ele>1364.0</ele></trkpt>
    <trkpt lat="33.73801" lon="-116.77245"><ele>1364.0</ele></trkpt>
    <trkpt lat="33.73807" lon="-116.77252"><ele>1364.0</ele></trkpt>
    <trkpt lat="33.73812" lon="-116.77259"><ele>1364.0</ele></trkpt>
    <trkpt lat="33.73816" lon="-116.77265"><ele>1364.0</ele></trkpt>
    <trkpt lat="33.73819" lon="-116.77273"><ele>1364.0</ele></trkpt>
    <trkpt lat="33.73821" lon="-116.77279"><ele>1364.0</ele></trkpt>
    <trkpt lat="33.73824" lon="-116.77287"><ele>1364.0</ele></trkpt>
    <trkpt lat="33.73827" lon="-116.77293"><ele>1357.0</ele></trkpt>
    <trkpt lat="33.73832" lon="-116.77299"><ele>1357.0</ele></trkpt>
    <trkpt lat="33.73835" lon="-116.77304"><ele>1357.0</ele></trkpt>
    <trkpt lat="33.73837" lon="-116.77309"><ele>1357.0</ele></trkpt>
    <trkpt lat="33.73839" lon="-116.77314"><ele>1357.0</ele></trkpt>
    <trkpt lat="33.73843" lon="-116.77319"><ele>1357.0</ele></trkpt>
    <trkpt lat="33.73848" lon="-116.77324"><ele>1357.0</ele></trkpt>
    <trkpt lat="33.73852" lon="-116.77329"><ele>1357.0</ele></trkpt>
    <trkpt lat="33.73856" lon="-116.77333"><ele>1357.0</ele></trkpt>
    <trkpt lat="33.73858" lon="-116.77338"><ele>1357.0</ele></trkpt>
    <trkpt lat="33.73860" lon="-116.77343"><ele>1357.0</ele></trkpt>
    <trkpt lat="33.73862" lon="-116.77348"><ele>1357.0</ele></trkpt>
    <trkpt lat="33.73863" lon="-116.77354"><ele>1357.0</ele></trkpt>
    <trkpt lat="33.73865" lon="-116.77359"><ele>1357.0</ele></trkpt>
    <trkpt lat="33.73868" lon="-116.77366"><ele>1357.0</ele></trkpt>
    <trkpt lat="33.73871" lon="-116.77377"><ele>1357.0</ele></trkpt>
    <trkpt lat="33.73874" lon="-116.77385"><ele>1344.0</ele></trkpt>
    <trkpt lat="33.73877" lon="-116.77394"><ele>1344.0</ele></trkpt>
    <trkpt lat="33.73879" lon="-116.77401"><ele>1344.0</ele></trkpt>
    <trkpt lat="33.73881" lon="-116.77409"><ele>1344.0</ele></trkpt>
    <trkpt lat="33.73882" lon="-116.77416"><ele>1344.0</ele></trkpt>
    <trkpt lat="33.73885" lon="-116.77427"><ele>1344.0</ele></trkpt>
    <trkpt lat="33.73888" lon="-116.77435"><ele>1344.0</ele></trkpt>
    <trkpt lat="33.73893" lon="-116.77442"><ele>1344.0</ele></trkpt>
    <trkpt lat="33.73898" lon="-116.77450"><ele>1344.0</ele></trkpt>
    <trkpt lat="33.73903" lon="-116.77457"><ele>1344.0</ele></trkpt>
    <trkpt lat="33.73906" lon="-116.77463"><ele>1344.0</ele></trkpt>
    <trkpt lat="33.73907" lon="-116.77469"><ele>1344.0</ele></trkpt>
    <trkpt lat="33.73909" lon="-116.77476"><ele>1344.0</ele></trkpt>
    <trkpt lat="33.73910" lon="-116.77484"><ele>1344.0</ele></trkpt>
    <trkpt lat="33.73909" lon="-116.77490"><ele>1344.0</ele></trkpt>
    <trkpt lat="33.73909" lon="-116.77495"><ele>1335.0</ele></trkpt>
    <trkpt lat="33.73913" lon="-116.77499"><ele>1335.0</ele></trkpt>
    <trkpt lat="33.73916" lon="-116.77502"><ele>1335.0</ele></trkpt>
    <trkpt lat="33.73920" lon="-116.77504"><ele>1335.0</ele></trkpt>
    <trkpt lat="33.73925" lon="-116.77506"><ele>1335.0</ele></trkpt>
    <trkpt lat="33.73932" lon="-116.77508"><ele>1335.0</ele></trkpt>
    <trkpt lat="33.73937" lon="-116.77511"><ele>1335.0</ele></trkpt>
    <trkpt lat="33.73940" lon="-116.77514"><ele>1335.0</ele></trkpt>
    <trkpt lat="33.73942" lon="-116.77518"><ele>1335.0</ele></trkpt>
    <trkpt lat="33.73944" lon="-116.77523"><ele>1335.0</ele></trkpt>
    <trkpt lat="33.73945" lon="-116.77528"><ele>1335.0</ele></trkpt>
    <trkpt lat="33.73946" lon="-116.77534"><ele>1335.0</ele></trkpt>
    <trkpt lat="33.73947" lon="-116.77541"><ele>1335.0</ele></trkpt>
    <trkpt lat="33.73947" lon="-116.77547"><ele>1335.0</ele></trkpt>
    <trkpt lat="33.73947" lon="-116.77554"><ele>1335.0</ele></trkpt>
    <trkpt lat="33.73948" lon="-116.77561"><ele>1335.0</ele></trkpt>
    <trkpt lat="33.73948" lon="-116.77569"><ele>1333.0</ele></trkpt>
    <trkpt lat="33.73949" lon="-116.77577"><ele>1333.0</ele></trkpt>
    <trkpt lat="33.73950" lon="-116.77584"><ele>1333.0</ele></trkpt>
    <trkpt lat="33.73950" lon="-116.77589"><ele>1333.0</ele></trkpt>
    <trkpt lat="33.73952" lon="-116.77593"><ele>1333.0</ele></trkpt>
    <trkpt lat="33.73954" lon="-116.77599"><ele>1333.0</ele></trkpt>
    <trkpt lat="33.73957" lon="-116.77602"><ele>1333.0</ele></trkpt>
    <trkpt lat="33.73960" lon="-116.77606"><ele>1333.0</ele></trkpt>
    <trkpt lat="33.73965" lon="-116.77610"><ele>1333.0</ele></trkpt>
    <trkpt lat="33.73970" lon="-116.77613"><ele>1333.0</ele></trkpt>
    <trkpt lat="33.73975" lon="-116.77617"><ele>1333.0</ele></trkpt>
    <trkpt lat="33.73980" lon="-116.77623"><ele>1333.0</ele></trkpt>
    <trkpt lat="33.73983" lon="-116.77627"><ele>1333.0</ele></trkpt>
    <trkpt lat="33.73986" lon="-116.77633"><ele>1333.0</ele></trkpt>
    <trkpt lat="33.73987" lon="-116.77637"><ele>1333.0</ele></trkpt>
    <trkpt lat="33.73988" lon="-116.77642"><ele>1322.0</ele></trkpt>
    <trkpt lat="33.73991" lon="-116.77647"><ele>1322.0</ele></trkpt>
    <trkpt lat="33.73993" lon="-116.77651"><ele>1322.0</ele></trkpt>
    <trkpt lat="33.73997" lon="-116.77655"><ele>1322.0</ele></trkpt>
    <trkpt lat="33.74000" lon="-116.77658"><ele>1322.0</ele></trkpt>
    <trkpt lat="33.74003" lon="-116.77661"><ele>1322.0</ele></trkpt>
    <trkpt lat="33.74007" lon="-116.77665"><ele>1322.0</ele></trkpt>
    <trkpt lat="33.74010" lon="-116.77670"><ele>1322.0</ele></trkpt>
    <trkpt lat="33.74013" lon="-116.77674"><ele>1322.0</ele></trkpt>
    <trkpt lat="33.74016" lon="-116.77679"><ele>1322.0</ele></trkpt>
    <trkpt lat="33.74019" lon="-116.77684"><ele>1322.0</ele></trkpt>
    <trkpt lat="33.74020" lon="-116.77689"><ele>1322.0</ele></trkpt>
    <trkpt lat="33.74023" lon="-116.77694"><ele>1322.0</ele></trkpt>
    <trkpt lat="33.74024" lon="-116.77700"><ele>1322.0</ele></trkpt>
    <trkpt lat="33.74027" lon="-116.77709"><ele>1322.0</ele></trkpt>
    <trkpt lat="33.74031" lon="-116.77717"><ele>1322.0</ele></trkpt>
    <trkpt lat="33.74035" lon="-116.77727"><ele>1323.0</ele></trkpt>
    <trkpt lat="33.74037" lon="-116.77735"><ele>1323.0</ele></trkpt>
    <trkpt lat="33.74037" lon="-116.77739"><ele>1323.0</ele></trkpt>
    <trkpt lat="33.74037" lon="-116.77745"><ele>1323.0</ele></trkpt>
    <trkpt lat="33.74036" lon="-116.77750"><ele>1323.0</ele></trkpt>
    <trkpt lat="33.74033" lon="-116.77755"><ele>1323.0</ele></trkpt>
    <trkpt lat="33.74033" lon="-116.77761"><ele>1323.0</ele></trkpt>
    <trkpt lat="33.74035" lon="-116.77765"><ele>1323.0</ele></trkpt>
    <trkpt lat="33.74036" lon="-116.77769"><ele>1323.0</ele></trkpt>
    <trkpt lat="33.74039" lon="-116.77772"><ele>1323.0</ele></trkpt>
    <trkpt lat="33.74043" lon="-116.77775"><ele>1323.0</ele></trkpt>
    <trkpt lat="33.74046" lon="-116.77777"><ele>1323.0</ele></trkpt>
    <trkpt lat="33.74050" lon="-116.77779"><ele>1323.0</ele></trkpt>
    <trkpt lat="33.74055" lon="-116.77781"><ele>1323.0</ele></trkpt>
    <trkpt lat="33.74061" lon="-116.77783"><ele>1323.0</ele></trkpt>
    <trkpt lat="33.74066" lon="-116.77785"><ele>1310.0</ele></trkpt>
    <trkpt lat="33.74070" lon="-116.77787"><ele>1310.0</ele></trkpt>
    <trkpt lat="33.74074" lon="-116.77791"><ele>1310.0</ele></trkpt>
    <trkpt lat="33.74079" lon="-116.77795"><ele>1310.0</ele></trkpt>
    <trkpt lat="33.74083" lon="-116.77799"><ele>1310.0</ele></trkpt>
    <trkpt lat="33.74086" lon="-116.77803"><ele>1310.0</ele></trkpt>
    <trkpt lat="33.74090" lon="-116.77808"><ele>1310.0</ele></trkpt>
    <trkpt lat="33.74094" lon="-116.77812"><ele>1310.0</ele></trkpt>
    <trkpt lat="33.74097" lon="-116.77815"><ele>1310.0</ele></trkpt>
    <trkpt lat="33.74102" lon="-116.77818"><ele>1310.0</ele></trkpt>
    <trkpt lat="33.74106" lon="-116.77822"><ele>1310.0</ele></trkpt>
    <trkpt lat="33.74110" lon="-116.77825"><ele>1310.0</ele></trkpt>
    <trkpt lat="33.74113" lon="-116.77828"><ele>1310.0</ele></trkpt>
    <trkpt lat="33.74116" lon="-116.77832"><ele>1310.0</ele></trkpt>
    <trkpt lat="33.74119" lon="-116.77836"><ele>1310.0</ele></trkpt>
    <trkpt lat="33.74122" lon="-116.77840"><ele>1310.0</ele></trkpt>
    <trkpt lat="33.74125" lon="-116.77846"><ele>1298.0</ele></trkpt>
    <trkpt lat="33.74129" lon="-116.77851"><ele>1298.0</ele></trkpt>
    <trkpt lat="33.74132" lon="-116.77854"><ele>1298.0</ele></trkpt>
    <trkpt lat="33.74137" lon="-116.77860"><ele>1298.0</ele></trkpt>
    <trkpt lat="33.74140" lon="-116.77865"><ele>1298.0</ele></trkpt>
    <trkpt lat="33.74144" lon="-116.77871"><ele>1298.0</ele></trkpt>
    <trkpt lat="33.74149" lon="-116.77876"><ele>1298.0</ele></trkpt>
    <trkpt lat="33.74151" lon="-116.77881"><ele>1298.0</ele></trkpt>
    <trkpt lat="33.74152" lon="-116.77888"><ele>1298.0</ele></trkpt>
    <trkpt lat="33.74152" lon="-116.77894"><ele>1298.0</ele></trkpt>
    <trkpt lat="33.74152" lon="-116.77902"><ele>1298.0</ele></trkpt>
    <trkpt lat="33.74151" lon="-116.77907"><ele>1298.0</ele></trkpt>
    <trkpt lat="33.74151" lon="-116.77914"><ele>1298.0</ele></trkpt>
    <trkpt lat="33.74152" lon="-116.77919"><ele>1298.0</ele></trkpt>
    <trkpt lat="33.74154" lon="-116.77924"><ele>1298.0</ele></trkpt>
    <trkpt lat="33.74157" lon="-116.77928"><ele>1295.0</ele></trkpt>
    <trkpt lat="33.74160" lon="-116.77930"><ele>1295.0</ele></trkpt>
    <trkpt lat="33.74163" lon="-116.77933"><ele>1295.0</ele></trkpt>
    <trkpt lat="33.74167" lon="-116.77935"><ele>1295.0</ele></trkpt>
    <trkpt lat="33.74171" lon="-116.77937"><ele>1295.0</ele></trkpt>
    <trkpt lat="33.74175" lon="-116.77938"><ele>1295.0</ele></trkpt>
    <trkpt lat="33.74179" lon="-116.77937"><ele>1295.0</ele></trkpt>
    <trkpt lat="33.74183" lon="-116.77936"><ele>1295.0</ele></trkpt>
    <trkpt lat="33.74186" lon="-116.77935"><ele>1295.0</ele></trkpt>
    <trkpt lat="33.74191" lon="-116.77934"><ele>1295.0</ele></trkpt>
    <trkpt lat="33.74197" lon="-116.77934"><ele>1295.0</ele></trkpt>
    <trkpt lat="33.74201" lon="-116.77934"><ele>1295.0</ele></trkpt>
    <trkpt lat="33.74205" lon="-116.77934"><ele>1295.0</ele></trkpt>
    <trkpt lat="33.74209" lon="-116.77935"><ele>1295.0</ele></trkpt>
    <trkpt lat="33.74212" lon="-116.77936"><ele>1295.0</ele></trkpt>
    <trkpt lat="33.74214" lon="-116.77939"><ele>1295.0</ele></trkpt>
    <trkpt lat="33.74216" lon="-116.77942"><ele>1287.0</ele></trkpt>
    <trkpt lat="33.74218" lon="-116.77946"><ele>1287.0</ele></trkpt>
    <trkpt lat="33.74219" lon="-116.77952"><ele>1287.0</ele></trkpt>
    <trkpt lat="33.74220" lon="-116.77957"><ele>1287.0</ele></trkpt>
    <trkpt lat="33.74221" lon="-116.77962"><ele>1287.0</ele></trkpt>
    <trkpt lat="33.74222" lon="-116.77967"><ele>1287.0</ele></trkpt>
    <trkpt lat="33.74224" lon="-116.77970"><ele>1287.0</ele></trkpt>
    <trkpt lat="33.74226" lon="-116.77972"><ele>1287.0</ele></trkpt>
    <trkpt lat="33.74229" lon="-116.77974"><ele>1287.0</ele></trkpt>
    <trkpt lat="33.74232" lon="-116.77975"><ele>1287.0</ele></trkpt>
    <trkpt lat="33.74235" lon="-116.77976"><ele>1287.0</ele></trkpt>
    <trkpt lat="33.74239" lon="-116.77978"><ele>1287.0</ele></trkpt>
    <trkpt lat="33.74242" lon="-116.77978"><ele>1287.0</ele></trkpt>
    <trkpt lat="33.74245" lon="-116.77980"><ele>1287.0</ele></trkpt>
    <trkpt lat="33.74248" lon="-116.77981"><ele>1287.0</ele></trkpt>
    <trkpt lat="33.74253" lon="-116.77982"><ele>1276.0</ele></trkpt>
    <trkpt lat="33.74257" lon="-116.77985"><ele>1276.0</ele></trkpt>
    <trkpt lat="33.74261" lon="-116.77987"><ele>1276.0</ele></trkpt>
    <trkpt lat="33.74266" lon="-116.77990"><ele>1276.0</ele></trkpt>
    <trkpt lat="33.74271" lon="-116.77994"><ele>1276.0</ele></trkpt>
    <trkpt lat="33.74276" lon="-116.77998"><ele>1276.0</ele></trkpt>
    <trkpt lat="33.74280" lon="-116.78001"><ele>1276.0</ele></trkpt>
    <trkpt lat="33.74285" lon="-116.78003"><ele>1276.0</ele></trkpt>
    <trkpt lat="33.74290" lon="-116.78004"><ele>1276.0</ele></trkpt>
    <trkpt lat="33.74295" lon="-116.78004"><ele>1276.0</ele></trkpt>
    <trkpt lat="33.74302" lon="-116.77998"><ele>1276.0</ele></trkpt>
    <trkpt lat="33.74310" lon="-116.77981"><ele>1276.0</ele></trkpt>
    <trkpt lat="33.74315" lon="-116.77966"><ele>1276.0</ele></trkpt>
    <trkpt lat="33.74319" lon="-116.77961"><ele>1276.0</ele></trkpt>
    <trkpt lat="33.74323" lon="-116.77957"><ele>1276.0</ele></trkpt>
    <trkpt lat="33.74327" lon="-116.77955"><ele>1276.0</ele></trkpt>
    <trkpt lat="33.74330" lon="-116.77954"><ele>1264.0</ele></trkpt>
    <trkpt lat="33.74336" lon="-116.77955"><ele>1264.0</ele></trkpt>
    <trkpt lat="33.74341" lon="-116.77956"><ele>1264.0</ele></trkpt>
    <trkpt lat="33.74346" lon="-116.77958"><ele>1264.0</ele></trkpt>
    <trkpt lat="33.74350" lon="-116.77958"><ele>1264.0</ele></trkpt>
    <trkpt lat="33.74355" lon="-116.77959"><ele>1264.0</ele></trkpt>
    <trkpt lat="33.74360" lon="-116.77960"><ele>1264.0</ele></trkpt>
    <trkpt lat="33.74366" lon="-116.77960"><ele>1264.0</ele></trkpt>
    <trkpt lat="33.74372" lon="-116.77960"><ele>1264.0</ele></trkpt>
    <trkpt lat="33.74377" lon="-116.77961"><ele>1264.0</ele></trkpt>
    <trkpt lat="33.74382" lon="-116.77964"><ele>1264.0</ele></trkpt>
    <trkpt lat="33.74387" lon="-116.77967"><ele>1264.0</ele></trkpt>
    <trkpt lat="33.74391" lon="-116.77973"><ele>1264.0</ele></trkpt>
    <trkpt lat="33.74395" lon="-116.77977"><ele>1264.0</ele></trkpt>
    <trkpt lat="33.74399" lon="-116.77984"><ele>1264.0</ele></trkpt>
    <trkpt lat="33.74401" lon="-116.77989"><ele>1258.0</ele></trkpt>
    <trkpt lat="33.74402" lon="-116.77994"><ele>1258.0</ele></trkpt>
    <trkpt lat="33.74403" lon="-116.78001"><ele>1258.0</ele></trkpt>
    <trkpt lat="33.74406" lon="-116.78005"><ele>1258.0</ele></trkpt>
    <trkpt lat="33.74409" lon="-116.78010"><ele>1258.0</ele></trkpt>
    <trkpt lat="33.74412" lon="-116.78012"><ele>1258.0</ele></trkpt>
    <trkpt lat="33.74416" lon="-116.78015"><ele>1258.0</ele></trkpt>
    <trkpt lat="33.74420" lon="-116.78017"><ele>1258.0</ele></trkpt>
    <trkpt lat="33.74425" lon="-116.78020"><ele>1258.0</ele></trkpt>
    <trkpt lat="33.74429" lon="-116.78023"><ele>1258.0</ele></trkpt>
    <trkpt lat="33.74432" lon="-116.78028"><ele>1258.0</ele></trkpt>
    <trkpt lat="33.74435" lon="-116.78033"><ele>1258.0</ele></trkpt>
    <trkpt lat="33.74437" lon="-116.78041"><ele>1258.0</ele></trkpt>
    <trkpt lat="33.74438" lon="-116.78049"><ele>1258.0</ele></trkpt>
    <trkpt lat="33.74439" lon="-116.78058"><ele>1258.0</ele></trkpt>
    <trkpt lat="33.74440" lon="-116.78067"><ele>1258.0</ele></trkpt>
    <trkpt lat="33.74441" lon="-116.78075"><ele>1245.0</ele></trkpt>
    <trkpt lat="33.74443" lon="-116.78082"><ele>1245.0</ele></trkpt>
    <trkpt lat="33.74447" lon="-116.78087"><ele>1245.0</ele></trkpt>
    <trkpt lat="33.74451" lon="-116.78091"><ele>1245.0</ele></trkpt>
    <trkpt lat="33.74455" lon="-116.78095"><ele>1245.0</ele></trkpt>
    <trkpt lat="33.74461" lon="-116.78097"><ele>1245.0</ele></trkpt>
    <trkpt lat="33.74466" lon="-116.78097"><ele>1245.0</ele></trkpt>
    <trkpt lat="33.74470" lon="-116.78096"><ele>1245.0</ele></trkpt>
    <trkpt lat="33.74475" lon="-116.78095"><ele>1245.0</ele></trkpt>
    <trkpt lat="33.74479" lon="-116.78095"><ele>1245.0</ele></trkpt>
    <trkpt lat="33.74484" lon="-116.78096"><ele>1245.0</ele></trkpt>
    <trkpt lat="33.74489" lon="-116.78098"><ele>1245.0</ele></trkpt>
    <trkpt lat="33.74494" lon="-116.78101"><ele>1245.0</ele></trkpt>
    <trkpt lat="33.74499" lon="-116.78104"><ele>1245.0</ele></trkpt>
    <trkpt lat="33.74503" lon="-116.78106"><ele>1245.0</ele></trkpt>
    <trkpt lat="33.74507" lon="-116.78110"><ele>1236.0</ele></trkpt>
    <trkpt lat="33.74512" lon="-116.78115"><ele>1236.0</ele></trkpt>
    <trkpt lat="33.74516" lon="-116.78119"><ele>1236.0</ele></trkpt>
    <trkpt lat="33.74519" lon="-116.78124"><ele>1236.0</ele></trkpt>
    <trkpt lat="33.74523" lon="-116.78129"><ele>1236.0</ele></trkpt>
    <trkpt lat="33.74525" lon="-116.78133"><ele>1236.0</ele></trkpt>
    <trkpt lat="33.74527" lon="-116.78138"><ele>1236.0</ele></trkpt>
    <trkpt lat="33.74530" lon="-116.78144"><ele>1236.0</ele></trkpt>
    <trkpt lat="33.74533" lon="-116.78148"><ele>1236.0</ele></trkpt>
    <trkpt lat="33.74536" lon="-116.78152"><ele>1236.0</ele></trkpt>
    <trkpt lat="33.74539" lon="-116.78155"><ele>1236.0</ele></trkpt>
    <trkpt lat="33.74542" lon="-116.78159"><ele>1236.0</ele></trkpt>
    <trkpt lat="33.74545" lon="-116.78162"><ele>1236.0</ele></trkpt>
    <trkpt lat="33.74548" lon="-116.78166"><ele>1236.0</ele></trkpt>
    <trkpt lat="33.74550" lon="-116.78170"><ele>1236.0</ele></trkpt>
    <trkpt lat="33.74552" lon="-116.78174"><ele>1236.0</ele></trkpt>
    <trkpt lat="33.74555" lon="-116.78180"><ele>1225.0</ele></trkpt>
    <trkpt lat="33.74557" lon="-116.78185"><ele>1225.0</ele></trkpt>
    <trkpt lat="33.74560" lon="-116.78191"><ele>1225.0</ele></trkpt>
    <trkpt lat="33.74563" lon="-116.78197"><ele>1225.0</ele></trkpt>
    <trkpt lat="33.74565" lon="-116.78205"><ele>1225.0</ele></trkpt>
    <trkpt lat="33.74567" lon="-116.78212"><ele>1225.0</ele></trkpt>
    <trkpt lat="33.74568" lon="-116.78218"><ele>1225.0</ele></trkpt>
    <trkpt lat="33.74568" lon="-116.78224"><ele>1225.0</ele></trkpt>
    <trkpt lat="33.74568" lon="-116.78231"><ele>1225.0</ele></trkpt>
    <trkpt lat="33.74566" lon="-116.78237"><ele>1225.0</ele></trkpt>
    <trkpt lat="33.74565" lon="-116.78240"><ele>1225.0</ele></trkpt>
    <trkpt lat="33.74564" lon="-116.78242"><ele>1225.0</ele></trkpt>
    <trkpt lat="33.74560" lon="-116.78244"><ele>1225.0</ele></trkpt>
    <trkpt lat="33.74556" lon="-116.78246"><ele>1225.0</ele></trkpt>
    <trkpt lat="33.74552" lon="-116.78247"><ele>1225.0</ele></trkpt>
    <trkpt lat="33.74547" lon="-116.78245"><ele>1231.0</ele></trkpt>
    <trkpt lat="33.74544" lon="-116.78243"><ele>1231.0</ele></trkpt>
    <trkpt lat="33.74540" lon="-116.78241"><ele>1231.0</ele></trkpt>
    <trkpt lat="33.74536" lon="-116.78240"><ele>1231.0</ele></trkpt>
    <trkpt lat="33.74532" lon="-116.78240"><ele>1231.0</ele></trkpt>
    <trkpt lat="33.74528" lon="-116.78242"><ele>1231.0</ele></trkpt>
    <trkpt lat="33.74524" lon="-116.78244"><ele>1231.0</ele></trkpt>
    <trkpt lat="33.74520" lon="-116.78249"><ele>1231.0</ele></trkpt>
    <trkpt lat="33.74516" lon="-116.78252"><ele>1231.0</ele></trkpt>
    <trkpt lat="33.74513" lon="-116.78257"><ele>1231.0</ele></trkpt>
    <trkpt lat="33.74510" lon="-116.78262"><ele>1231.0</ele></trkpt>
    <trkpt lat="33.74507" lon="-116.78267"><ele>1231.0</ele></trkpt>
    <trkpt lat="33.74505" lon="-116.78272"><ele>1231.0</ele></trkpt>
    <trkpt lat="33.74504" lon="-116.78278"><ele>1231.0</ele></trkpt>
    <trkpt lat="33.74504" lon="-116.78283"><ele>1231.0</ele></trkpt>
    <trkpt lat="33.74504" lon="-116.78290"><ele>1231.0</ele></trkpt>
    <trkpt lat="33.74504" lon="-116.78297"><ele>1215.0</ele></trkpt>
    <trkpt lat="33.74504" lon="-116.78305"><ele>1215.0</ele></trkpt>
    <trkpt lat="33.74502" lon="-116.78311"><ele>1215.0</ele></trkpt>
    <trkpt lat="33.74501" lon="-116.78316"><ele>1215.0</ele></trkpt>
    <trkpt lat="33.74498" lon="-116.78319"><ele>1215.0</ele></trkpt>
    <trkpt lat="33.74496" lon="-116.78323"><ele>1215.0</ele></trkpt>
    <trkpt lat="33.74492" lon="-116.78325"><ele>1215.0</ele></trkpt>
    <trkpt lat="33.74488" lon="-116.78327"><ele>1215.0</ele></trkpt>
    <trkpt lat="33.74484" lon="-116.78328"><ele>1215.0</ele></trkpt>
    <trkpt lat="33.74479" lon="-116.78327"><ele>1215.0</ele></trkpt>
    <trkpt lat="33.74475" lon="-116.78325"><ele>1215.0</ele></trkpt>
    <trkpt lat="33.74470" lon="-116.78321"><ele>1215.0</ele></trkpt>
    <trkpt lat="33.74463" lon="-116.78315"><ele>1215.0</ele></trkpt>
    <trkpt lat="33.74458" lon="-116.78312"><ele>1215.0</ele></trkpt>
    <trkpt lat="33.74452" lon="-116.78309"><ele>1215.0</ele></trkpt>
    <trkpt lat="33.74442" lon="-116.78304"><ele>1220.0</ele></trkpt>
    <trkpt lat="33.74438" lon="-116.78302"><ele>1220.0</ele></trkpt>
    <trkpt lat="33.74434" lon="-116.78303"><ele>1220.0</ele></trkpt>
    <trkpt lat="33.74430" lon="-116.78305"><ele>1220.0</ele></trkpt>
    <trkpt lat="33.74428" lon="-116.78309"><ele>1220.0</ele></trkpt>
    <trkpt lat="33.74427" lon="-116.78315"><ele>1220.0</ele></trkpt>
    <trkpt lat="33.74427" lon="-116.78322"><ele>1220.0</ele></trkpt>
    <trkpt lat="33.74428" lon="-116.78331"><ele>1220.0</ele></trkpt>
    <trkpt lat="33.74427" lon="-116.78337"><ele>1220.0</ele></trkpt>
    <trkpt lat="33.74427" lon="-116.78343"><ele>1220.0</ele></trkpt>
    <trkpt lat="33.74427" lon="-116.78353"><ele>1220.0</ele></trkpt>
    <trkpt lat="33.74427" lon="-116.78359"><ele>1220.0</ele></trkpt>
    <trkpt lat="33.74430" lon="-116.78365"><ele>1220.0</ele></trkpt>
    <trkpt lat="33.74433" lon="-116.78370"><ele>1220.0</ele></trkpt>
    <trkpt lat="33.74436" lon="-116.78375"><ele>1220.0</ele></trkpt>
    <trkpt lat="33.74437" lon="-116.78379"><ele>1220.0</ele></trkpt>
    <trkpt lat="33.74437" lon="-116.78383"><ele>1205.0</ele></trkpt>
    <trkpt lat="33.74436" lon="-116.78389"><ele>1205.0</ele></trkpt>
    <trkpt lat="33.74436" lon="-116.78396"><ele>1205.0</ele></trkpt>
    <trkpt lat="33.74434" lon="-116.78403"><ele>1205.0</ele></trkpt>
    <trkpt lat="33.74434" lon="-116.78409"><ele>1205.0</ele></trkpt>
    <trkpt lat="33.74435" lon="-116.78414"><ele>1205.0</ele></trkpt>
    <trkpt lat="33.74438" lon="-116.78419"><ele>1205.0</ele></trkpt>
    <trkpt lat="33.74441" lon="-116.78422"><ele>1205.0</ele></trkpt>
    <trkpt lat="33.74444" lon="-116.78427"><ele>1205.0</ele></trkpt>
    <trkpt lat="33.74447" lon="-116.78432"><ele>1205.0</ele></trkpt>
    <trkpt lat="33.74449" lon="-116.78439"><ele>1205.0</ele></trkpt>
    <trkpt lat="33.74452" lon="-116.78445"><ele>1205.0</ele></trkpt>
    <trkpt lat="33.74454" lon="-116.78454"><ele>1205.0</ele></trkpt>
    <trkpt lat="33.74455" lon="-116.78461"><ele>1205.0</ele></trkpt>
    <trkpt lat="33.74456" lon="-116.78469"><ele>1205.0</ele></trkpt>
    <trkpt lat="33.74457" lon="-116.78476"><ele>1187.0</ele></trkpt>
    <trkpt lat="33.74457" lon="-116.78483"><ele>1187.0</ele></trkpt>
    <trkpt lat="33.74456" lon="-116.78489"><ele>1187.0</ele></trkpt>
    <trkpt lat="33.74453" lon="-116.78494"><ele>1187.0</ele></trkpt>
    <trkpt lat="33.74450" lon="-116.78498"><ele>1187.0</ele></trkpt>
    <trkpt lat="33.74446" lon="-116.78502"><ele>1187.0</ele></trkpt>
    <trkpt lat="33.74442" lon="-116.78504"><ele>1187.0</ele></trkpt>
    <trkpt lat="33.74438" lon="-116.78504"><ele>1187.0</ele></trkpt>
    <trkpt lat="33.74434" lon="-116.78505"><ele>1187.0</ele></trkpt>
    <trkpt lat="33.74429" lon="-116.78504"><ele>1187.0</ele></trkpt>
    <trkpt lat="33.74424" lon="-116.78504"><ele>1187.0</ele></trkpt>
    <trkpt lat="33.74420" lon="-116.78504"><ele>1187.0</ele></trkpt>
    <trkpt lat="33.74417" lon="-116.78505"><ele>1187.0</ele></trkpt>
    <trkpt lat="33.74414" lon="-116.78507"><ele>1187.0</ele></trkpt>
    <trkpt lat="33.74411" lon="-116.78512"><ele>1187.0</ele></trkpt>
    <trkpt lat="33.74409" lon="-116.78517"><ele>1187.0</ele></trkpt>
    <trkpt lat="33.74408" lon="-116.78523"><ele>1178.0</ele></trkpt>
    <trkpt lat="33.74407" lon="-116.78528"><ele>1178.0</ele></trkpt>
    <trkpt lat="33.74400" lon="-116.78543"><ele>1178.0</ele></trkpt>
    <trkpt lat="33.74388" lon="-116.78556"><ele>1178.0</ele></trkpt>
    <trkpt lat="33.74382" lon="-116.78567"><ele>1178.0</ele></trkpt>
    <trkpt lat="33.74372" lon="-116.78581"><ele>1178.0</ele></trkpt>
    <trkpt lat="33.74365" lon="-116.78590"><ele>1178.0</ele></trkpt>
    <trkpt lat="33.74355" lon="-116.78597"><ele>1178.0</ele></trkpt>
    <trkpt lat="33.74340" lon="-116.78603"><ele>1178.0</ele></trkpt>
    <trkpt lat="33.74316" lon="-116.78611"><ele>1178.0</ele></trkpt>
    <trkpt lat="33.74310" lon="-116.78613"><ele>1178.0</ele></trkpt>
    <trkpt lat="33.74304" lon="-116.78614"><ele>1178.0</ele></trkpt>
    <trkpt lat="33.74298" lon="-116.78614"><ele>1178.0</ele></trkpt>
    <trkpt lat="33.74293" lon="-116.78615"><ele>1178.0</ele></trkpt>
    <trkpt lat="33.74288" lon="-116.78615"><ele>1178.0</ele></trkpt>
    <trkpt lat="33.74284" lon="-116.78616"><ele>1170.0</ele></trkpt>
    <trkpt lat="33.74280" lon="-116.78618"><ele>1170.0</ele></trkpt>
    <trkpt lat="33.74276" lon="-116.78621"><ele>1170.0</ele></trkpt>
    <trkpt lat="33.74272" lon="-116.78626"><ele>1170.0</ele></trkpt>
    <trkpt lat="33.74269" lon="-116.78628"><ele>1170.0</ele></trkpt>
    <trkpt lat="33.74266" lon="-116.78631"><ele>1170.0</ele></trkpt>
    <trkpt lat="33.74263" lon="-116.78634"><ele>1170.0</ele></trkpt>
    <trkpt lat="33.74259" lon="-116.78635"><ele>1170.0</ele></trkpt>
    <trkpt lat="33.74255" lon="-116.78636"><ele>1170.0</ele></trkpt>
    <trkpt lat="33.74250" lon="-116.78637"><ele>1170.0</ele></trkpt>
    <trkpt lat="33.74245" lon="-116.78637"><ele>1170.0</ele></trkpt>
    <trkpt lat="33.74240" lon="-116.78638"><ele>1170.0</ele></trkpt>
    <trkpt lat="33.74235" lon="-116.78639"><ele>1170.0</ele></trkpt>
    <trkpt lat="33.74229" lon="-116.78641"><ele>1170.0</ele></trkpt>
    <trkpt lat="33.74220" lon="-116.78647"><ele>1170.0</ele></trkpt>
    <trkpt lat="33.74214" lon="-116.78650"><ele>1170.0</ele></trkpt>
    <trkpt lat="33.74206" lon="-116.78653"><ele>1165.0</ele></trkpt>
    <trkpt lat="33.74198" lon="-116.78654"><ele>1165.0</ele></trkpt>
    <trkpt lat="33.74193" lon="-116.78654"><ele>1165.0</ele></trkpt>
    <trkpt lat="33.74186" lon="-116.78656"><ele>1165.0</ele></trkpt>
    <trkpt lat="33.74177" lon="-116.78661"><ele>1165.0</ele></trkpt>
    <trkpt lat="33.74170" lon="-116.78664"><ele>1165.0</ele></trkpt>
    <trkpt lat="33.74163" lon="-116.78665"><ele>1165.0</ele></trkpt>
    <trkpt lat="33.74159" lon="-116.78664"><ele>1165.0</ele></trkpt>
    <trkpt lat="33.74154" lon="-116.78660"><ele>1165.0</ele></trkpt>
    <trkpt lat="33.74147" lon="-116.78661"><ele>1165.0</ele></trkpt>
    <trkpt lat="33.74141" lon="-116.78666"><ele>1165.0</ele></trkpt>
    <trkpt lat="33.74136" lon="-116.78673"><ele>1165.0</ele></trkpt>
    <trkpt lat="33.74130" lon="-116.78677"><ele>1165.0</ele></trkpt>
    <trkpt lat="33.74121" lon="-116.78678"><ele>1165.0</ele></trkpt>
    <trkpt lat="33.74110" lon="-116.78676"><ele>1165.0</ele></trkpt>
    <trkpt lat="33.74098" lon="-116.78673"><ele>1156.0</ele></trkpt>
    <trkpt lat="33.74090" lon="-116.78672"><ele>1156.0</ele></trkpt>
    <trkpt lat="33.74086" lon="-116.78675"><ele>1156.0</ele></trkpt>
    <trkpt lat="33.74083" lon="-116.78681"><ele>1156.0</ele></trkpt>
    <trkpt lat="33.74082" lon="-116.78689"><ele>1156.0</ele></trkpt>
    <trkpt lat="33.74083" lon="-116.78698"><ele>1156.0</ele></trkpt>
    <trkpt lat="33.74085" lon="-116.78708"><ele>1156.0</ele></trkpt>
    <trkpt lat="33.74085" lon="-116.78716"><ele>1156.0</ele></trkpt>
    <trkpt lat="33.74085" lon="-116.78727"><ele>1156.0</ele></trkpt>
    <trkpt lat="33.74089" lon="-116.78748"><ele>1156.0</ele></trkpt>
    <trkpt lat="33.74090" lon="-116.78754"><ele>1156.0</ele></trkpt>
    <trkpt lat="33.74091" lon="-116.78761"><ele>1156.0</ele></trkpt>
    <trkpt lat="33.74092" lon="-116.78768"><ele>1156.0</ele></trkpt>
    <trkpt lat="33.74092" lon="-116.78774"><ele>1156.0</ele></trkpt>
    <trkpt lat="33.74092" lon="-116.78783"><ele>1156.0</ele></trkpt>
    <trkpt lat="33.74091" lon="-116.78792"><ele>1156.0</ele></trkpt>
    <trkpt lat="33.74089" lon="-116.78800"><ele>1126.0</ele></trkpt>
    <trkpt lat="33.74087" lon="-116.78808"><ele>1126.0</ele></trkpt>
    <trkpt lat="33.74084" lon="-116.78814"><ele>1126.0</ele></trkpt>
    <trkpt lat="33.74080" lon="-116.78817"><ele>1126.0</ele></trkpt>
    <trkpt lat="33.74075" lon="-116.78819"><ele>1126.0</ele></trkpt>
    <trkpt lat="33.74067" lon="-116.78819"><ele>1126.0</ele></trkpt>
    <trkpt lat="33.74061" lon="-116.78818"><ele>1126.0</ele></trkpt>
    <trkpt lat="33.74053" lon="-116.78815"><ele>1126.0</ele></trkpt>
    <trkpt lat="33.74044" lon="-116.78813"><ele>1126.0</ele></trkpt>
    <trkpt lat="33.74037" lon="-116.78810"><ele>1126.0</ele></trkpt>
    <trkpt lat="33.74030" lon="-116.78809"><ele>1126.0</ele></trkpt>
    <trkpt lat="33.74023" lon="-116.78808"><ele>1126.0</ele></trkpt>
    <trkpt lat="33.74015" lon="-116.78806"><ele>1126.0</ele></trkpt>
    <trkpt lat="33.74006" lon="-116.78806"><ele>1126.0</ele></trkpt>
    <trkpt lat="33.73997" lon="-116.78806"><ele>1126.0</ele></trkpt>
    <trkpt lat="33.73989" lon="-116.78805"><ele>1120.0</ele></trkpt>
    <trkpt lat="33.73984" lon="-116.78807"><ele>1120.0</ele></trkpt>
    <trkpt lat="33.73976" lon="-116.78813"><ele>1120.0</ele></trkpt>
    <trkpt lat="33.73968" lon="-116.78817"><ele>1120.0</ele></trkpt>
    <trkpt lat="33.73961" lon="-116.78820"><ele>1120.0</ele></trkpt>
    <trkpt lat="33.73952" lon="-116.78820"><ele>1120.0</ele></trkpt>
    <trkpt lat="33.73946" lon="-116.78820"><ele>1120.0</ele></trkpt>
    <trkpt lat="33.73938" lon="-116.78818"><ele>1120.0</ele></trkpt>
    <trkpt lat="33.73932" lon="-116.78816"><ele>1120.0</ele></trkpt>
    <trkpt lat="33.73925" lon="-116.78815"><ele>1120.0</ele></trkpt>
    <trkpt lat="33.73919" lon="-116.78814"><ele>1120.0</ele></trkpt>
    <trkpt lat="33.73915" lon="-116.78809"><ele>1120.0</ele></trkpt>
    <trkpt lat="33.73910" lon="-116.78804"><ele>1120.0</ele></trkpt>
    <trkpt lat="33.73906" lon="-116.78799"><ele>1120.0</ele></trkpt>
    <trkpt lat="33.73901" lon="-116.78796"><ele>1120.0</ele></trkpt>
    <trkpt lat="33.73896" lon="-116.78794"><ele>1120.0</ele></trkpt>
    <trkpt lat="33.73892" lon="-116.78793"><ele>1121.0</ele></trkpt>
    <trkpt lat="33.73888" lon="-116.78794"><ele>1121.0</ele></trkpt>
    <trkpt lat="33.73885" lon="-116.78798"><ele>1121.0</ele></trkpt>
    <trkpt lat="33.73885" lon="-116.78804"><ele>1121.0</ele></trkpt>
    <trkpt lat="33.73887" lon="-116.78812"><ele>1121.0</ele></trkpt>
    <trkpt lat="33.73888" lon="-116.78823"><ele>1121.0</ele></trkpt>
    <trkpt lat="33.73888" lon="-116.78839"><ele>1121.0</ele></trkpt>
    <trkpt lat="33.73886" lon="-116.78849"><ele>1121.0</ele></trkpt>
    <trkpt lat="33.73886" lon="-116.78856"><ele>1121.0</ele></trkpt>
    <trkpt lat="33.73889" lon="-116.78889"><ele>1121.0</ele></trkpt>
    <trkpt lat="33.73892" lon="-116.78921"><ele>1121.0</ele></trkpt>
    <trkpt lat="33.73891" lon="-116.78927"><ele>1121.0</ele></trkpt>
    <trkpt lat="33.73887" lon="-116.78935"><ele>1121.0</ele></trkpt>
    <trkpt lat="33.73886" lon="-116.78941"><ele>1121.0</ele></trkpt>
    <trkpt lat="33.73887" lon="-116.78946"><ele>1121.0</ele></trkpt>
    <trkpt lat="33.73890" lon="-116.78953"><ele>1089.0</ele></trkpt>
    <trkpt lat="33.73896" lon="-116.78960"><ele>1089.0</ele></trkpt>
    <trkpt lat="33.73897" lon="-116.78967"><ele>1089.0</ele></trkpt>
    <trkpt lat="33.73896" lon="-116.78973"><ele>1089.0</ele></trkpt>
    <trkpt lat="33.73893" lon="-116.78981"><ele>1089.0</ele></trkpt>
    <trkpt lat="33.73891" lon="-116.78988"><ele>1089.0</ele></trkpt>
    <trkpt lat="33.73889" lon="-116.78997"><ele>1089.0</ele></trkpt>
    <trkpt lat="33.73886" lon="-116.79002"><ele>1089.0</ele></trkpt>
    <trkpt lat="33.73883" lon="-116.79006"><ele>1089.0</ele></trkpt>
    <trkpt lat="33.73880" lon="-116.79009"><ele>1089.0</ele></trkpt>
    <trkpt lat="33.73876" lon="-116.79012"><ele>1089.0</ele></trkpt>
    <trkpt lat="33.73872" lon="-116.79016"><ele>1089.0</ele></trkpt>
    <trkpt lat="33.73867" lon="-116.79021"><ele>1089.0</ele></trkpt>
    <trkpt lat="33.73863" lon="-116.79027"><ele>1089.0</ele></trkpt>
    <trkpt lat="33.73858" lon="-116.79031"><ele>1089.0</ele></trkpt>
    <trkpt lat="33.73855" lon="-116.79035"><ele>1089.0</ele></trkpt>
    <trkpt lat="33.73853" lon="-116.79039"><ele>1091.0</ele></trkpt>
    <trkpt lat="33.73851" lon="-116.79046"><ele>1091.0</ele></trkpt>
    <trkpt lat="33.73849" lon="-116.79054"><ele>1091.0</ele></trkpt>
    <trkpt lat="33.73847" lon="-116.79061"><ele>1091.0</ele></trkpt>
    <trkpt lat="33.73845" lon="-116.79067"><ele>1091.0</ele></trkpt>
    <trkpt lat="33.73843" lon="-116.79074"><ele>1091.0</ele></trkpt>
    <trkpt lat="33.73840" lon="-116.79079"><ele>1091.0</ele></trkpt>
    <trkpt lat="33.73838" lon="-116.79086"><ele>1091.0</ele></trkpt>
    <trkpt lat="33.73836" lon="-116.79094"><ele>1091.0</ele></trkpt>
    <trkpt lat="33.73835" lon="-116.79101"><ele>1091.0</ele></trkpt>
    <trkpt lat="33.73833" lon="-116.79110"><ele>1091.0</ele></trkpt>
    <trkpt lat="33.73832" lon="-116.79118"><ele>1091.0</ele></trkpt>
    <trkpt lat="33.73831" lon="-116.79126"><ele>1091.0</ele></trkpt>
    <trkpt lat="33.73829" lon="-116.79134"><ele>1091.0</ele></trkpt>
    <trkpt lat="33.73829" lon="-116.79140"><ele>1091.0</ele></trkpt>
    <trkpt lat="33.73828" lon="-116.79147"><ele>1072.0</ele></trkpt>
    <trkpt lat="33.73827" lon="-116.79155"><ele>1072.0</ele></trkpt>
    <trkpt lat="33.73825" lon="-116.79162"><ele>1072.0</ele></trkpt>
    <trkpt lat="33.73822" lon="-116.79169"><ele>1072.0</ele></trkpt>
    <trkpt lat="33.73821" lon="-116.79175"><ele>1072.0</ele></trkpt>
    <trkpt lat="33.73822" lon="-116.79181"><ele>1072.0</ele></trkpt>
    <trkpt lat="33.73823" lon="-116.79187"><ele>1072.0</ele></trkpt>
    <trkpt lat="33.73824" lon="-116.79194"><ele>1072.0</ele></trkpt>
    <trkpt lat="33.73824" lon="-116.79201"><ele>1072.0</ele></trkpt>
    <trkpt lat="33.73824" lon="-116.79209"><ele>1072.0</ele></trkpt>
    <trkpt lat="33.73822" lon="-116.79217"><ele>1072.0</ele></trkpt>
    <trkpt lat="33.73820" lon="-116.79224"><ele>1072.0</ele></trkpt>
    <trkpt lat="33.73818" lon="-116.79231"><ele>1072.0</ele></trkpt>
    <trkpt lat="33.73815" lon="-116.79238"><ele>1072.0</ele></trkpt>
    <trkpt lat="33.73814" lon="-116.79246"><ele>1072.0</ele></trkpt>
    <trkpt lat="33.73812" lon="-116.79253"><ele>1072.0</ele></trkpt>
    <trkpt lat="33.73810" lon="-116.79263"><ele>1058.0</ele></trkpt>
    <trkpt lat="33.73809" lon="-116.79270"><ele>1058.0</ele></trkpt>
    <trkpt lat="33.73807" lon="-116.79277"><ele>1058.0</ele></trkpt>
    <trkpt lat="33.73804" lon="-116.79283"><ele>1058.0</ele></trkpt>
    <trkpt lat="33.73801" lon="-116.79287"><ele>1058.0</ele></trkpt>
    <trkpt lat="33.73797" lon="-116.79288"><ele>1058.0</ele></trkpt>
    <trkpt lat="33.73794" lon="-116.79288"><ele>1058.0</ele></trkpt>
    <trkpt lat="33.73788" lon="-116.79286"><ele>1058.0</ele></trkpt>
    <trkpt lat="33.73782" lon="-116.79284"><ele>1058.0</ele></trkpt>
    <trkpt lat="33.73778" lon="-116.79283"><ele>1058.0</ele></trkpt>
    <trkpt lat="33.73774" lon="-116.79284"><ele>1058.0</ele></trkpt>
    <trkpt lat="33.73771" lon="-116.79286"><ele>1058.0</ele></trkpt>
    <trkpt lat="33.73768" lon="-116.79289"><ele>1058.0</ele></trkpt>
    <trkpt lat="33.73766" lon="-116.79292"><ele>1058.0</ele></trkpt>
    <trkpt lat="33.73764" lon="-116.79296"><ele>1058.0</ele></trkpt>
    <trkpt lat="33.73764" lon="-116.79301"><ele>1054.0</ele></trkpt>
    <trkpt lat="33.73764" lon="-116.79306"><ele>1054.0</ele></trkpt>
    <trkpt lat="33.73764" lon="-116.79313"><ele>1054.0</ele></trkpt>
    <trkpt lat="33.73762" lon="-116.79318"><ele>1054.0</ele></trkpt>
    <trkpt lat="33.73761" lon="-116.79323"><ele>1054.0</ele></trkpt>
    <trkpt lat="33.73758" lon="-116.79327"><ele>1054.0</ele></trkpt>
    <trkpt lat="33.73755" lon="-116.79331"><ele>1054.0</ele></trkpt>
    <trkpt lat="33.73752" lon="-116.79337"><ele>1054.0</ele></trkpt>
    <trkpt lat="33.73749" lon="-116.79341"><ele>1054.0</ele></trkpt>
    <trkpt lat="33.73745" lon="-116.79345"><ele>1054.0</ele></trkpt>
    <trkpt lat="33.73741" lon="-116.79348"><ele>1054.0</ele></trkpt>
    <trkpt lat="33.73738" lon="-116.79351"><ele>1054.0</ele></trkpt>
    <trkpt lat="33.73733" lon="-116.79352"><ele>1054.0</ele></trkpt>
    <trkpt lat="33.73728" lon="-116.79352"><ele>1054.0</ele></trkpt>
    <trkpt lat="33.73722" lon="-116.79351"><ele>1054.0</ele></trkpt>
    <trkpt lat="33.73718" lon="-116.79350"><ele>1054.0</ele></trkpt>
    <trkpt lat="33.73712" lon="-116.79347"><ele>1052.0</ele></trkpt>
    <trkpt lat="33.73706" lon="-116.79346"><ele>1052.0</ele></trkpt>
    <trkpt lat="33.73700" lon="-116.79346"><ele>1052.0</ele></trkpt>
    <trkpt lat="33.73695" lon="-116.79343"><ele>1052.0</ele></trkpt>
    <trkpt lat="33.73688" lon="-116.79338"><ele>1052.0</ele></trkpt>
    <trkpt lat="33.73682" lon="-116.79333"><ele>1052.0</ele></trkpt>
    <trkpt lat="33.73677" lon="-116.79325"><ele>1052.0</ele></trkpt>
    <trkpt lat="33.73672" lon="-116.79321"><ele>1052.0</ele></trkpt>
    <trkpt lat="33.73667" lon="-116.79318"><ele>1052.0</ele></trkpt>
    <trkpt lat="33.73663" lon="-116.79315"><ele>1052.0</ele></trkpt>
    <trkpt lat="33.73659" lon="-116.79314"><ele>1052.0</ele></trkpt>
    <trkpt lat="33.73656" lon="-116.79314"><ele>1052.0</ele></trkpt>
    <trkpt lat="33.73653" lon="-116.79316"><ele>1052.0</ele></trkpt>
    <trkpt lat="33.73650" lon="-116.79321"><ele>1052.0</ele></trkpt>
    <trkpt lat="33.73648" lon="-116.79325"><ele>1052.0</ele></trkpt>
    <trkpt lat="33.73647" lon="-116.79333"><ele>1038.0</ele></trkpt>
    <trkpt lat="33.73647" lon="-116.79341"><ele>1038.0</ele></trkpt>
    <trkpt lat="33.73646" lon="-116.79348"><ele>1038.0</ele></trkpt>
    <trkpt lat="33.73645" lon="-116.79356"><ele>1038.0</ele></trkpt>
    <trkpt lat="33.73645" lon="-116.79365"><ele>1038.0</ele></trkpt>
    <trkpt lat="33.73646" lon="-116.79372"><ele>1038.0</ele></trkpt>
    <trkpt lat="33.73648" lon="-116.79379"><ele>1038.0</ele></trkpt>
    <trkpt lat="33.73650" lon="-116.79385"><ele>1038.0</ele></trkpt>
    <trkpt lat="33.73653" lon="-116.79390"><ele>1038.0</ele></trkpt>
    <trkpt lat="33.73656" lon="-116.79395"><ele>1038.0</ele></trkpt>
    <trkpt lat="33.73660" lon="-116.79399"><ele>1038.0</ele></trkpt>
    <trkpt lat="33.73664" lon="-116.79402"><ele>1038.0</ele></trkpt>
    <trkpt lat="33.73667" lon="-116.79405"><ele>1038.0</ele></trkpt>
    <trkpt lat="33.73668" lon="-116.79408"><ele>1038.0</ele></trkpt>
    <trkpt lat="33.73669" lon="-116.79413"><ele>1038.0</ele></trkpt>
    <trkpt lat="33.73668" lon="-116.79417"><ele>1038.0</ele></trkpt>
    <trkpt lat="33.73666" lon="-116.79422"><ele>1025.0</ele></trkpt>
    <trkpt lat="33.73664" lon="-116.79425"><ele>1025.0</ele></trkpt>
    <trkpt lat="33.73659" lon="-116.79428"><ele>1025.0</ele></trkpt>
    <trkpt lat="33.73654" lon="-116.79429"><ele>1025.0</ele></trkpt>
    <trkpt lat="33.73648" lon="-116.79430"><ele>1025.0</ele></trkpt>
    <trkpt lat="33.73640" lon="-116.79429"><ele>1025.0</ele></trkpt>
    <trkpt lat="33.73633" lon="-116.79428"><ele>1025.0</ele></trkpt>
    <trkpt lat="33.73626" lon="-116.79427"><ele>1025.0</ele></trkpt>
    <trkpt lat="33.73621" lon="-116.79427"><ele>1025.0</ele></trkpt>
    <trkpt lat="33.73616" lon="-116.79429"><ele>1025.0</ele></trkpt>
    <trkpt lat="33.73610" lon="-116.79431"><ele>1025.0</ele></trkpt>
    <trkpt lat="33.73606" lon="-116.79432"><ele>1025.0</ele></trkpt>
    <trkpt lat="33.73602" lon="-116.79433"><ele>1025.0</ele></trkpt>
    <trkpt lat="33.73598" lon="-116.79431"><ele>1025.0</ele></trkpt>
    <trkpt lat="33.73593" lon="-116.79429"><ele>1025.0</ele></trkpt>
    <trkpt lat="33.73586" lon="-116.79425"><ele>1007.0</ele></trkpt>
    <trkpt lat="33.73577" lon="-116.79421"><ele>1007.0</ele></trkpt>
    <trkpt lat="33.73568" lon="-116.79417"><ele>1007.0</ele></trkpt>
    <trkpt lat="33.73560" lon="-116.79411"><ele>1007.0</ele></trkpt>
    <trkpt lat="33.73552" lon="-116.79407"><ele>1007.0</ele></trkpt>
    <trkpt lat="33.73545" lon="-116.79402"><ele>1007.0</ele></trkpt>
    <trkpt lat="33.73537" lon="-116.79395"><ele>1007.0</ele></trkpt>
    <trkpt lat="33.73529" lon="-116.79386"><ele>1007.0</ele></trkpt>
    <trkpt lat="33.73523" lon="-116.79380"><ele>1007.0</ele></trkpt>
    <trkpt lat="33.73518" lon="-116.79371"><ele>1007.0</ele></trkpt>
    <trkpt lat="33.73513" lon="-116.79361"><ele>1007.0</ele></trkpt>
    <trkpt lat="33.73509" lon="-116.79350"><ele>1007.0</ele></trkpt>
    <trkpt lat="33.73507" lon="-116.79339"><ele>1007.0</ele></trkpt>
    <trkpt lat="33.73505" lon="-116.79328"><ele>1007.0</ele></trkpt>
    <trkpt lat="33.73503" lon="-116.79318"><ele>1007.0</ele></trkpt>
    <trkpt lat="33.73500" lon="-116.79308"><ele>1007.0</ele></trkpt>
    <trkpt lat="33.73497" lon="-116.79299"><ele>1028.0</ele></trkpt>
    <trkpt lat="33.73491" lon="-116.79288"><ele>1028.0</ele></trkpt>
    <trkpt lat="33.73484" lon="-116.79277"><ele>1028.0</ele></trkpt>
    <trkpt lat="33.73478" lon="-116.79271"><ele>1028.0</ele></trkpt>
    <trkpt lat="33.73475" lon="-116.79269"><ele>1028.0</ele></trkpt>
    <trkpt lat="33.73472" lon="-116.79268"><ele>1028.0</ele></trkpt>
    <trkpt lat="33.73469" lon="-116.79269"><ele>1028.0</ele></trkpt>
    <trkpt lat="33.73465" lon="-116.79271"><ele>1028.0</ele></trkpt>
    <trkpt lat="33.73461" lon="-116.79275"><ele>1028.0</ele></trkpt>
    <trkpt lat="33.73452" lon="-116.79283"><ele>1028.0</ele></trkpt>
    <trkpt lat="33.73443" lon="-116.79291"><ele>1028.0</ele></trkpt>
    <trkpt lat="33.73436" lon="-116.79298"><ele>1028.0</ele></trkpt>
    <trkpt lat="33.73432" lon="-116.79306"><ele>1028.0</ele></trkpt>
    <trkpt lat="33.73430" lon="-116.79313"><ele>1028.0</ele></trkpt>
    <trkpt lat="33.73427" lon="-116.79319"><ele>1028.0</ele></trkpt>
    <trkpt lat="33.73423" lon="-116.79325"><ele>994.0</ele></trkpt>
    <trkpt lat="33.73420" lon="-116.79331"><ele>994.0</ele></trkpt>
    <trkpt lat="33.73414" lon="-116.79338"><ele>994.0</ele></trkpt>
    <trkpt lat="33.73409" lon="-116.79345"><ele>994.0</ele></trkpt>
    <trkpt lat="33.73404" lon="-116.79352"><ele>994.0</ele></trkpt>
    <trkpt lat="33.73399" lon="-116.79354"><ele>994.0</ele></trkpt>
    <trkpt lat="33.73393" lon="-116.79356"><ele>994.0</ele></trkpt>
    <trkpt lat="33.73388" lon="-116.79359"><ele>994.0</ele></trkpt>
    <trkpt lat="33.73385" lon="-116.79364"><ele>994.0</ele></trkpt>
    <trkpt lat="33.73382" lon="-116.79371"><ele>994.0</ele></trkpt>
    <trkpt lat="33.73379" lon="-116.79377"><ele>994.0</ele></trkpt>
    <trkpt lat="33.73374" lon="-116.79382"><ele>994.0</ele></trkpt>
    <trkpt lat="33.73369" lon="-116.79388"><ele>994.0</ele></trkpt>
    <trkpt lat="33.73363" lon="-116.79390"><ele>994.0</ele></trkpt>
    <trkpt lat="33.73356" lon="-116.79392"><ele>994.0</ele></trkpt>
    <trkpt lat="33.73350" lon="-116.79393"><ele>994.0</ele></trkpt>
    <trkpt lat="33.73344" lon="-116.79396"><ele>987.0</ele></trkpt>
    <trkpt lat="33.73338" lon="-116.79400"><ele>987.0</ele></trkpt>
    <trkpt lat="33.73332" lon="-116.79402"><ele>987.0</ele></trkpt>
    <trkpt lat="33.73326" lon="-116.79404"><ele>987.0</ele></trkpt>
    <trkpt lat="33.73320" lon="-116.79404"><ele>987.0</ele></trkpt>
    <trkpt lat="33.73313" lon="-116.79404"><ele>987.0</ele></trkpt>
    <trkpt lat="33.73306" lon="-116.79404"><ele>987.0</ele></trkpt>
    <trkpt lat="33.73302" lon="-116.79406"><ele>987.0</ele></trkpt>
    <trkpt lat="33.73297" lon="-116.79409"><ele>987.0</ele></trkpt>
    <trkpt lat="33.73292" lon="-116.79411"><ele>987.0</ele></trkpt>
    <trkpt lat="33.73288" lon="-116.79414"><ele>987.0</ele></trkpt>
    <trkpt lat="33.73283" lon="-116.79416"><ele>987.0</ele></trkpt>
    <trkpt lat="33.73280" lon="-116.79420"><ele>987.0</ele></trkpt>
    <trkpt lat="33.73278" lon="-116.79426"><ele>987.0</ele></trkpt>
    <trkpt lat="33.73276" lon="-116.79432"><ele>987.0</ele></trkpt>
    <trkpt lat="33.73274" lon="-116.79437"><ele>966.0</ele></trkpt>
    <trkpt lat="33.73270" lon="-116.79443"><ele>966.0</ele></trkpt>
    <trkpt lat="33.73266" lon="-116.79449"><ele>966.0</ele></trkpt>
    <trkpt lat="33.73260" lon="-116.79454"><ele>966.0</ele></trkpt>
    <trkpt lat="33.73255" lon="-116.79460"><ele>966.0</ele></trkpt>
    <trkpt lat="33.73250" lon="-116.79464"><ele>966.0</ele></trkpt>
    <trkpt lat="33.73244" lon="-116.79467"><ele>966.0</ele></trkpt>
    <trkpt lat="33.73238" lon="-116.79467"><ele>966.0</ele></trkpt>
    <trkpt lat="33.73230" lon="-116.79467"><ele>966.0</ele></trkpt>
    <trkpt lat="33.73224" lon="-116.79466"><ele>966.0</ele></trkpt>
    <trkpt lat="33.73216" lon="-116.79465"><ele>966.0</ele></trkpt>
    <trkpt lat="33.73208" lon="-116.79462"><ele>966.0</ele></trkpt>
    <trkpt lat="33.73201" lon="-116.79458"><ele>966.0</ele></trkpt>
    <trkpt lat="33.73196" lon="-116.79456"><ele>966.0</ele></trkpt>
    <trkpt lat="33.73191" lon="-116.79456"><ele>966.0</ele></trkpt>
    <trkpt lat="33.73186" lon="-116.79458"><ele>966.0</ele></trkpt>
    <trkpt lat="33.73180" lon="-116.79460"><ele>964.0</ele></trkpt>
    <trkpt lat="33.73175" lon="-116.79460"><ele>964.0</ele></trkpt>
    <trkpt lat="33.73169" lon="-116.79458"><ele>964.0</ele></trkpt>
    <trkpt lat="33.73163" lon="-116.79456"><ele>964.0</ele></trkpt>
    <trkpt lat="33.73155" lon="-116.79450"><ele>964.0</ele></trkpt>
    <trkpt lat="33.73149" lon="-116.79447"><ele>964.0</ele></trkpt>
    <trkpt lat="33.73142" lon="-116.79444"><ele>964.0</ele></trkpt>
    <trkpt lat="33.73135" lon="-116.79443"><ele>964.0</ele></trkpt>
    <trkpt lat="33.73128" lon="-116.79442"><ele>964.0</ele></trkpt>
    <trkpt lat="33.73121" lon="-116.79440"><ele>964.0</ele></trkpt>
    <trkpt lat="33.73112" lon="-116.79437"><ele>964.0</ele></trkpt>
    <trkpt lat="33.73102" lon="-116.79432"><ele>964.0</ele></trkpt>
    <trkpt lat="33.73092" lon="-116.79429"><ele>964.0</ele></trkpt>
    <trkpt lat="33.73083" lon="-116.79427"><ele>964.0</ele></trkpt>
    <trkpt lat="33.73077" lon="-116.79428"><ele>964.0</ele></trkpt>
    <trkpt lat="33.73070" lon="-116.79431"><ele>947.0</ele></trkpt>
    <trkpt lat="33.73062" lon="-116.79433"><ele>947.0</ele></trkpt>
    <trkpt lat="33.73056" lon="-116.79436"><ele>947.0</ele></trkpt>
    <trkpt lat="33.73050" lon="-116.79437"><ele>947.0</ele></trkpt>
    <trkpt lat="33.73045" lon="-116.79439"><ele>947.0</ele></trkpt>
    <trkpt lat="33.73041" lon="-116.79438"><ele>947.0</ele></trkpt>
    <trkpt lat="33.73038" lon="-116.79436"><ele>947.0</ele></trkpt>
    <trkpt lat="33.73036" lon="-116.79432"><ele>947.0</ele></trkpt>
    <trkpt lat="33.73031" lon="-116.79422"><ele>947.0</ele></trkpt>
    <trkpt lat="33.73027" lon="-116.79410"><ele>947.0</ele></trkpt>
    <trkpt lat="33.73025" lon="-116.79401"><ele>947.0</ele></trkpt>
    <trkpt lat="33.73023" lon="-116.79393"><ele>947.0</ele></trkpt>
    <trkpt lat="33.73019" lon="-116.79389"><ele>947.0</ele></trkpt>
    <trkpt lat="33.73014" lon="-116.79389"><ele>947.0</ele></trkpt>
    <trkpt lat="33.73010" lon="-116.79389"><ele>947.0</ele></trkpt>
    <trkpt lat="33.73006" lon="-116.79392"><ele>947.0</ele></trkpt>
    <trkpt lat="33.72998" lon="-116.79398"><ele>930.0</ele></trkpt>
    <trkpt lat="33.72988" lon="-116.79408"><ele>930.0</ele></trkpt>
    <trkpt lat="33.72980" lon="-116.79417"><ele>930.0</ele></trkpt>
    <trkpt lat="33.72970" lon="-116.79424"><ele>930.0</ele></trkpt>
    <trkpt lat="33.72957" lon="-116.79430"><ele>930.0</ele></trkpt>
    <trkpt lat="33.72947" lon="-116.79435"><ele>930.0</ele></trkpt>
    <trkpt lat="33.72938" lon="-116.79438"><ele>930.0</ele></trkpt>
    <trkpt lat="33.72932" lon="-116.79441"><ele>930.0</ele></trkpt>
    <trkpt lat="33.72926" lon="-116.79442"><ele>930.0</ele></trkpt>
    <trkpt lat="33.72918" lon="-116.79444"><ele>930.0</ele></trkpt>
    <trkpt lat="33.72910" lon="-116.79445"><ele>930.0</ele></trkpt>
    <trkpt lat="33.72902" lon="-116.79446"><ele>930.0</ele></trkpt>
    <trkpt lat="33.72895" lon="-116.79445"><ele>930.0</ele></trkpt>
    <trkpt lat="33.72886" lon="-116.79444"><ele>930.0</ele></trkpt>
    <trkpt lat="33.72880" lon="-116.79443"><ele>930.0</ele></trkpt>
    <trkpt lat="33.72875" lon="-116.79443"><ele>915.0</ele></trkpt>
    <trkpt lat="33.72868" lon="-116.79443"><ele>915.0</ele></trkpt>
    <trkpt lat="33.72859" lon="-116.79443"><ele>915.0</ele></trkpt>
    <trkpt lat="33.72853" lon="-116.79440"><ele>915.0</ele></trkpt>
    <trkpt lat="33.72846" lon="-116.79438"><ele>915.0</ele></trkpt>
    <trkpt lat="33.72841" lon="-116.79437"><ele>915.0</ele></trkpt>
    <trkpt lat="33.72835" lon="-116.79437"><ele>915.0</ele></trkpt>
    <trkpt lat="33.72829" lon="-116.79434"><ele>915.0</ele></trkpt>
    <trkpt lat="33.72825" lon="-116.79432"><ele>915.0</ele></trkpt>
    <trkpt lat="33.72820" lon="-116.79427"><ele>915.0</ele></trkpt>
    <trkpt lat="33.72817" lon="-116.79422"><ele>915.0</ele></trkpt>
    <trkpt lat="33.72816" lon="-116.79418"><ele>915.0</ele></trkpt>
    <trkpt lat="33.72814" lon="-116.79412"><ele>915.0</ele></trkpt>
    <trkpt lat="33.72813" lon="-116.79406"><ele>915.0</ele></trkpt>
    <trkpt lat="33.72811" lon="-116.79401"><ele>915.0</ele></trkpt>
    <trkpt lat="33.72807" lon="-116.79398"><ele>915.0</ele></trkpt>
    <trkpt lat="33.72803" lon="-116.79399"><ele>908.0</ele></trkpt>
    <trkpt lat="33.72800" lon="-116.79401"><ele>908.0</ele></trkpt>
    <trkpt lat="33.72800" lon="-116.79406"><ele>908.0</ele></trkpt>
    <trkpt lat="33.72801" lon="-116.79411"><ele>908.0</ele></trkpt>
    <trkpt lat="33.72803" lon="-116.79417"><ele>908.0</ele></trkpt>
    <trkpt lat="33.72805" lon="-116.79421"><ele>908.0</ele></trkpt>
    <trkpt lat="33.72808" lon="-116.79428"><ele>908.0</ele></trkpt>
    <trkpt lat="33.72810" lon="-116.79432"><ele>908.0</ele></trkpt>
    <trkpt lat="33.72813" lon="-116.79437"><ele>908.0</ele></trkpt>
    <trkpt lat="33.72816" lon="-116.79441"><ele>908.0</ele></trkpt>
    <trkpt lat="33.72819" lon="-116.79445"><ele>908.0</ele></trkpt>
    <trkpt lat="33.72822" lon="-116.79449"><ele>908.0</ele></trkpt>
    <trkpt lat="33.72825" lon="-116.79451"><ele>908.0</ele></trkpt>
    <trkpt lat="33.72828" lon="-116.79454"><ele>908.0</ele></trkpt>
    <trkpt lat="33.72833" lon="-116.79456"><ele>908.0</ele></trkpt>
    <trkpt lat="33.72836" lon="-116.79458"><ele>908.0</ele></trkpt>
    <trkpt lat="33.72841" lon="-116.79458"><ele>908.0</ele></trkpt>
    <trkpt lat="33.72845" lon="-116.79458"><ele>908.0</ele></trkpt>
    <trkpt lat="33.72850" lon="-116.79459"><ele>908.0</ele></trkpt>
    <trkpt lat="33.72854" lon="-116.79461"><ele>908.0</ele></trkpt>
    <trkpt lat="33.72859" lon="-116.79463"><ele>908.0</ele></trkpt>
    <trkpt lat="33.72862" lon="-116.79466"><ele>908.0</ele></trkpt>
    <trkpt lat="33.72867" lon="-116.79468"><ele>908.0</ele></trkpt>
    <trkpt lat="33.72871" lon="-116.79469"><ele>908.0</ele></trkpt>
    <trkpt lat="33.72874" lon="-116.79472"><ele>908.0</ele></trkpt>
    <trkpt lat="33.72878" lon="-116.79475"><ele>908.0</ele></trkpt>
    <trkpt lat="33.72882" lon="-116.79479"><ele>908.0</ele></trkpt>
    <trkpt lat="33.72887" lon="-116.79484"><ele>908.0</ele></trkpt>
    <trkpt lat="33.72890" lon="-116.79486"><ele>908.0</ele></trkpt>
    <trkpt lat="33.72894" lon="-116.79487"><ele>908.0</ele></trkpt>
    <trkpt lat="33.72899" lon="-116.79486"><ele>908.0</ele></trkpt>
    <trkpt lat="33.72903" lon="-116.79486"><ele>913.0</ele></trkpt>
    <trkpt lat="33.72907" lon="-116.79484"><ele>913.0</ele></trkpt>
    <trkpt lat="33.72913" lon="-116.79482"><ele>913.0</ele></trkpt>
    <trkpt lat="33.72917" lon="-116.79481"><ele>913.0</ele></trkpt>
    <trkpt lat="33.72921" lon="-116.79480"><ele>913.0</ele></trkpt>
    <trkpt lat="33.72926" lon="-116.79480"><ele>913.0</ele></trkpt>
    <trkpt lat="33.72930" lon="-116.79481"><ele>913.0</ele></trkpt>
    <trkpt lat="33.72933" lon="-116.79482"><ele>913.0</ele></trkpt>
    <trkpt lat="33.72937" lon="-116.79484"><ele>913.0</ele></trkpt>
    <trkpt lat="33.72940" lon="-116.79486"><ele>913.0</ele></trkpt>
    <trkpt lat="33.72944" lon="-116.79487"><ele>913.0</ele></trkpt>
    <trkpt lat="33.72947" lon="-116.79490"><ele>913.0</ele></trkpt>
    <trkpt lat="33.72949" lon="-116.79492"><ele>913.0</ele></trkpt>
    <trkpt lat="33.72950" lon="-116.79496"><ele>913.0</ele></trkpt>
    <trkpt lat="33.72950" lon="-116.79501"><ele>913.0</ele></trkpt>
    <trkpt lat="33.72948" lon="-116.79505"><ele>895.0</ele></trkpt>
    <trkpt lat="33.72946" lon="-116.79510"><ele>895.0</ele></trkpt>
    <trkpt lat="33.72944" lon="-116.79514"><ele>895.0</ele></trkpt>
    <trkpt lat="33.72942" lon="-116.79519"><ele>895.0</ele></trkpt>
    <trkpt lat="33.72941" lon="-116.79525"><ele>895.0</ele></trkpt>
    <trkpt lat="33.72939" lon="-116.79529"><ele>895.0</ele></trkpt>
    <trkpt lat="33.72938" lon="-116.79535"><ele>895.0</ele></trkpt>
    <trkpt lat="33.72936" lon="-116.79541"><ele>895.0</ele></trkpt>
    <trkpt lat="33.72935" lon="-116.79546"><ele>895.0</ele></trkpt>
    <trkpt lat="33.72934" lon="-116.79552"><ele>895.0</ele></trkpt>
    <trkpt lat="33.72933" lon="-116.79559"><ele>895.0</ele></trkpt>
    <trkpt lat="33.72932" lon="-116.79565"><ele>895.0</ele></trkpt>
    <trkpt lat="33.72932" lon="-116.79570"><ele>895.0</ele></trkpt>
    <trkpt lat="33.72933" lon="-116.79574"><ele>895.0</ele></trkpt>
    <trkpt lat="33.72933" lon="-116.79581"><ele>895.0</ele></trkpt>
    <trkpt lat="33.72933" lon="-116.79585"><ele>895.0</ele></trkpt>
    <trkpt lat="33.72931" lon="-116.79589"><ele>876.0</ele></trkpt>
    <trkpt lat="33.72927" lon="-116.79593"><ele>876.0</ele></trkpt>
    <trkpt lat="33.72924" lon="-116.79594"><ele>876.0</ele></trkpt>
    <trkpt lat="33.72920" lon="-116.79595"><ele>876.0</ele></trkpt>
    <trkpt lat="33.72916" lon="-116.79595"><ele>876.0</ele></trkpt>
    <trkpt lat="33.72912" lon="-116.79595"><ele>876.0</ele></trkpt>
    <trkpt lat="33.72908" lon="-116.79594"><ele>876.0</ele></trkpt>
    <trkpt lat="33.72905" lon="-116.79592"><ele>876.0</ele></trkpt>
    <trkpt lat="33.72904" lon="-116.79589"><ele>876.0</ele></trkpt>
    <trkpt lat="33.72903" lon="-116.79586"><ele>876.0</ele></trkpt>
    <trkpt lat="33.72902" lon="-116.79582"><ele>876.0</ele></trkpt>
    <trkpt lat="33.72904" lon="-116.79578"><ele>876.0</ele></trkpt>
    <trkpt lat="33.72907" lon="-116.79573"><ele>876.0</ele></trkpt>
    <trkpt lat="33.72911" lon="-116.79568"><ele>876.0</ele></trkpt>
    <trkpt lat="33.72913" lon="-116.79563"><ele>876.0</ele></trkpt>
    <trkpt lat="33.72915" lon="-116.79558"><ele>889.0</ele></trkpt>
    <trkpt lat="33.72917" lon="-116.79554"><ele>889.0</ele></trkpt>
    <trkpt lat="33.72917" lon="-116.79549"><ele>889.0</ele></trkpt>
    <trkpt lat="33.72916" lon="-116.79544"><ele>889.0</ele></trkpt>
    <trkpt lat="33.72913" lon="-116.79542"><ele>889.0</ele></trkpt>
    <trkpt lat="33.72909" lon="-116.79540"><ele>889.0</ele></trkpt>
    <trkpt lat="33.72905" lon="-116.79538"><ele>889.0</ele></trkpt>
    <trkpt lat="33.72898" lon="-116.79537"><ele>889.0</ele></trkpt>
    <trkpt lat="33.72891" lon="-116.79535"><ele>889.0</ele></trkpt>
    <trkpt lat="33.72882" lon="-116.79534"><ele>889.0</ele></trkpt>
    <trkpt lat="33.72870" lon="-116.79531"><ele>889.0</ele></trkpt>
    <trkpt lat="33.72860" lon="-116.79530"><ele>889.0</ele></trkpt>
    <trkpt lat="33.72849" lon="-116.79528"><ele>889.0</ele></trkpt>
    <trkpt lat="33.72844" lon="-116.79528"><ele>889.0</ele></trkpt>
    <trkpt lat="33.72839" lon="-116.79530"><ele>889.0</ele></trkpt>
    <trkpt lat="33.72834" lon="-116.79532"><ele>889.0</ele></trkpt>
    <trkpt lat="33.72828" lon="-116.79538"><ele>861.0</ele></trkpt>
    <trkpt lat="33.72821" lon="-116.79547"><ele>861.0</ele></trkpt>
    <trkpt lat="33.72816" lon="-116.79552"><ele>861.0</ele></trkpt>
    <trkpt lat="33.72809" lon="-116.79560"><ele>861.0</ele></trkpt>
    <trkpt lat="33.72803" lon="-116.79566"><ele>861.0</ele></trkpt>
    <trkpt lat="33.72797" lon="-116.79573"><ele>861.0</ele></trkpt>
    <trkpt lat="33.72792" lon="-116.79578"><ele>861.0</ele></trkpt>
    <trkpt lat="33.72788" lon="-116.79584"><ele>861.0</ele></trkpt>
    <trkpt lat="33.72782" lon="-116.79587"><ele>861.0</ele></trkpt>
    <trkpt lat="33.72777" lon="-116.79590"><ele>861.0</ele></trkpt>
    <trkpt lat="33.72769" lon="-116.79592"><ele>861.0</ele></trkpt>
    <trkpt lat="33.72761" lon="-116.79593"><ele>861.0</ele></trkpt>
    <trkpt lat="33.72756" lon="-116.79594"><ele>861.0</ele></trkpt>
    <trkpt lat="33.72751" lon="-116.79594"><ele>861.0</ele></trkpt>
    <trkpt lat="33.72746" lon="-116.79594"><ele>861.0</ele></trkpt>
    <trkpt lat="33.72741" lon="-116.79597"><ele>843.0</ele></trkpt>
    <trkpt lat="33.72739" lon="-116.79600"><ele>843.0</ele></trkpt>
    <trkpt lat="33.72738" lon="-116.79606"><ele>843.0</ele></trkpt>
    <trkpt lat="33.72739" lon="-116.79613"><ele>843.0</ele></trkpt>
    <trkpt lat="33.72740" lon="-116.79619"><ele>843.0</ele></trkpt>
    <trkpt lat="33.72740" lon="-116.79624"><ele>843.0</ele></trkpt>
    <trkpt lat="33.72741" lon="-116.79632"><ele>843.0</ele></trkpt>
    <trkpt lat="33.72742" lon="-116.79638"><ele>843.0</ele></trkpt>
    <trkpt lat="33.72743" lon="-116.79643"><ele>843.0</ele></trkpt>
    <trkpt lat="33.72746" lon="-116.79645"><ele>843.0</ele></trkpt>
    <trkpt lat="33.72751" lon="-116.79647"><ele>843.0</ele></trkpt>
    <trkpt lat="33.72756" lon="-116.79647"><ele>843.0</ele></trkpt>
    <trkpt lat="33.72759" lon="-116.79647"><ele>843.0</ele></trkpt>
    <trkpt lat="33.72763" lon="-116.79647"><ele>843.0</ele></trkpt>
    <trkpt lat="33.72767" lon="-116.79648"><ele>843.0</ele></trkpt>
    <trkpt lat="33.72772" lon="-116.79651"><ele>843.0</ele></trkpt>
    <trkpt lat="33.72778" lon="-116.79653"><ele>854.0</ele></trkpt>
    <trkpt lat="33.72783" lon="-116.79653"><ele>854.0</ele></trkpt>
    <trkpt lat="33.72789" lon="-116.79651"><ele>854.0</ele></trkpt>
    <trkpt lat="33.72793" lon="-116.79646"><ele>854.0</ele></trkpt>
    <trkpt lat="33.72797" lon="-116.79639"><ele>854.0</ele></trkpt>
    <trkpt lat="33.72802" lon="-116.79634"><ele>854.0</ele></trkpt>
    <trkpt lat="33.72808" lon="-116.79633"><ele>854.0</ele></trkpt>
    <trkpt lat="33.72812" lon="-116.79637"><ele>854.0</ele></trkpt>
    <trkpt lat="33.72814" lon="-116.79644"><ele>854.0</ele></trkpt>
    <trkpt lat="33.72814" lon="-116.79649"><ele>854.0</ele></trkpt>
    <trkpt lat="33.72813" lon="-116.79657"><ele>854.0</ele></trkpt>
    <trkpt lat="33.72810" lon="-116.79663"><ele>854.0</ele></trkpt>
    <trkpt lat="33.72808" lon="-116.79669"><ele>854.0</ele></trkpt>
    <trkpt lat="33.72804" lon="-116.79675"><ele>854.0</ele></trkpt>
    <trkpt lat="33.72800" lon="-116.79680"><ele>854.0</ele></trkpt>
    <trkpt lat="33.72794" lon="-116.79685"><ele>834.0</ele></trkpt>
    <trkpt lat="33.72789" lon="-116.79688"><ele>834.0</ele></trkpt>
    <trkpt lat="33.72783" lon="-116.79689"><ele>834.0</ele></trkpt>
    <trkpt lat="33.72776" lon="-116.79692"><ele>834.0</ele></trkpt>
    <trkpt lat="33.72770" lon="-116.79693"><ele>834.0</ele></trkpt>
    <trkpt lat="33.72764" lon="-116.79697"><ele>834.0</ele></trkpt>
    <trkpt lat="33.72758" lon="-116.79701"><ele>834.0</ele></trkpt>
    <trkpt lat="33.72753" lon="-116.79705"><ele>834.0</ele></trkpt>
    <trkpt lat="33.72749" lon="-116.79710"><ele>834.0</ele></trkpt>
    <trkpt lat="33.72745" lon="-116.79715"><ele>834.0</ele></trkpt>
    <trkpt lat="33.72741" lon="-116.79720"><ele>834.0</ele></trkpt>
    <trkpt lat="33.72735" lon="-116.79724"><ele>834.0</ele></trkpt>
    <trkpt lat="33.72731" lon="-116.79728"><ele>834.0</ele></trkpt>
    <trkpt lat="33.72728" lon="-116.79732"><ele>834.0</ele></trkpt>
    <trkpt lat="33.72726" lon="-116.79738"><ele>834.0</ele></trkpt>
    <trkpt lat="33.72724" lon="-116.79743"><ele>834.0</ele></trkpt>
    <trkpt lat="33.72721" lon="-116.79748"><ele>818.0</ele></trkpt>
    <trkpt lat="33.72718" lon="-116.79753"><ele>818.0</ele></trkpt>
    <trkpt lat="33.72714" lon="-116.79756"><ele>818.0</ele></trkpt>
    <trkpt lat="33.72710" lon="-116.79760"><ele>818.0</ele></trkpt>
    <trkpt lat="33.72705" lon="-116.79764"><ele>818.0</ele></trkpt>
    <trkpt lat="33.72702" lon="-116.79769"><ele>818.0</ele></trkpt>
    <trkpt lat="33.72699" lon="-116.79774"><ele>818.0</ele></trkpt>
    <trkpt lat="33.72695" lon="-116.79779"><ele>818.0</ele></trkpt>
    <trkpt lat="33.72692" lon="-116.79783"><ele>818.0</ele></trkpt>
    <trkpt lat="33.72689" lon="-116.79786"><ele>818.0</ele></trkpt>
    <trkpt lat="33.72686" lon="-116.79790"><ele>818.0</ele></trkpt>
    <trkpt lat="33.72683" lon="-116.79795"><ele>818.0</ele></trkpt>
    <trkpt lat="33.72682" lon="-116.79802"><ele>818.0</ele></trkpt>
    <trkpt lat="33.72681" lon="-116.79807"><ele>818.0</ele></trkpt>
    <trkpt lat="33.72681" lon="-116.79812"><ele>818.0</ele></trkpt>
    <trkpt lat="33.72681" lon="-116.79817"><ele>810.0</ele></trkpt>
    <trkpt lat="33.72682" lon="-116.79822"><ele>810.0</ele></trkpt>
    <trkpt lat="33.72682" lon="-116.79827"><ele>810.0</ele></trkpt>
    <trkpt lat="33.72683" lon="-116.79832"><ele>810.0</ele></trkpt>
    <trkpt lat="33.72682" lon="-116.79838"><ele>810.0</ele></trkpt>
    <trkpt lat="33.72681" lon="-116.79843"><ele>810.0</ele></trkpt>
    <trkpt lat="33.72679" lon="-116.79848"><ele>810.0</ele></trkpt>
    <trkpt lat="33.72676" lon="-116.79852"><ele>810.0</ele></trkpt>
    <trkpt lat="33.72673" lon="-116.79855"><ele>810.0</ele></trkpt>
    <trkpt lat="33.72670" lon="-116.79857"><ele>810.0</ele></trkpt>
    <trkpt lat="33.72667" lon="-116.79860"><ele>810.0</ele></trkpt>
    <trkpt lat="33.72663" lon="-116.79862"><ele>810.0</ele></trkpt>
    <trkpt lat="33.72657" lon="-116.79865"><ele>810.0</ele></trkpt>
    <trkpt lat="33.72653" lon="-116.79866"><ele>810.0</ele></trkpt>
    <trkpt lat="33.72649" lon="-116.79867"><ele>810.0</ele></trkpt>
    <trkpt lat="33.72646" lon="-116.79868"><ele>810.0</ele></trkpt>
    <trkpt lat="33.72640" lon="-116.79869"><ele>804.0</ele></trkpt>
    <trkpt lat="33.72634" lon="-116.79872"><ele>804.0</ele></trkpt>
    <trkpt lat="33.72628" lon="-116.79874"><ele>804.0</ele></trkpt>
    <trkpt lat="33.72623" lon="-116.79878"><ele>804.0</ele></trkpt>
    <trkpt lat="33.72619" lon="-116.79881"><ele>804.0</ele></trkpt>
    <trkpt lat="33.72615" lon="-116.79887"><ele>804.0</ele></trkpt>
    <trkpt lat="33.72611" lon="-116.79892"><ele>804.0</ele></trkpt>
    <trkpt lat="33.72607" lon="-116.79899"><ele>804.0</ele></trkpt>
    <trkpt lat="33.72603" lon="-116.79906"><ele>804.0</ele></trkpt>
    <trkpt lat="33.72600" lon="-116.79913"><ele>804.0</ele></trkpt>
    <trkpt lat="33.72596" lon="-116.79919"><ele>804.0</ele></trkpt>
    <trkpt lat="33.72593" lon="-116.79928"><ele>804.0</ele></trkpt>
    <trkpt lat="33.72591" lon="-116.79936"><ele>804.0</ele></trkpt>
    <trkpt lat="33.72588" lon="-116.79943"><ele>804.0</ele></trkpt>
    <trkpt lat="33.72586" lon="-116.79951"><ele>804.0</ele></trkpt>
    <trkpt lat="33.72584" lon="-116.79958"><ele>793.0</ele></trkpt>
    <trkpt lat="33.72582" lon="-116.79966"><ele>793.0</ele></trkpt>
    <trkpt lat="33.72578" lon="-116.79973"><ele>793.0</ele></trkpt>
    <trkpt lat="33.72575" lon="-116.79975"><ele>793.0</ele></trkpt>
    <trkpt lat="33.72572" lon="-116.79979"><ele>793.0</ele></trkpt>
    <trkpt lat="33.72567" lon="-116.79981"><ele>793.0</ele></trkpt>
    <trkpt lat="33.72563" lon="-116.79983"><ele>793.0</ele></trkpt>
    <trkpt lat="33.72559" lon="-116.79986"><ele>793.0</ele></trkpt>
    <trkpt lat="33.72557" lon="-116.79992"><ele>793.0</ele></trkpt>
    <trkpt lat="33.72556" lon="-116.80009"><ele>793.0</ele></trkpt>
    <trkpt lat="33.72554" lon="-116.80022"><ele>793.0</ele></trkpt>
    <trkpt lat="33.72550" lon="-116.80039"><ele>793.0</ele></trkpt>
    <trkpt lat="33.72549" lon="-116.80050"><ele>793.0</ele></trkpt>
    <trkpt lat="33.72550" lon="-116.80062"><ele>793.0</ele></trkpt>
    <trkpt lat="33.72554" lon="-116.80075"><ele>793.0</ele></trkpt>
    <trkpt lat="33.72554" lon="-116.80081"><ele>793.0</ele></trkpt>
    <trkpt lat="33.72554" lon="-116.80088"><ele>777.0</ele></trkpt>
    <trkpt lat="33.72555" lon="-116.80096"><ele>777.0</ele></trkpt>
    <trkpt lat="33.72557" lon="-116.80103"><ele>777.0</ele></trkpt>
    <trkpt lat="33.72562" lon="-116.80108"><ele>777.0</ele></trkpt>
    <trkpt lat="33.72568" lon="-116.80115"><ele>777.0</ele></trkpt>
    <trkpt lat="33.72574" lon="-116.80123"><ele>777.0</ele></trkpt>
    <trkpt lat="33.72580" lon="-116.80129"><ele>777.0</ele></trkpt>
    <trkpt lat="33.72586" lon="-116.80136"><ele>777.0</ele></trkpt>
    <trkpt lat="33.72592" lon="-116.80141"><ele>777.0</ele></trkpt>
    <trkpt lat="33.72595" lon="-116.80144"><ele>777.0</ele></trkpt>
    <trkpt lat="33.72598" lon="-116.80149"><ele>777.0</ele></trkpt>
    <trkpt lat="33.72599" lon="-116.80154"><ele>777.0</ele></trkpt>
    <trkpt lat="33.72598" lon="-116.80159"><ele>777.0</ele></trkpt>
    <trkpt lat="33.72597" lon="-116.80165"><ele>777.0</ele></trkpt>
    <trkpt lat="33.72596" lon="-116.80171"><ele>777.0</ele></trkpt>
    <trkpt lat="33.72595" lon="-116.80177"><ele>765.0</ele></trkpt>
    <trkpt lat="33.72596" lon="-116.80182"><ele>765.0</ele></trkpt>
    <trkpt lat="33.72597" lon="-116.80189"><ele>765.0</ele></trkpt>
    <trkpt lat="33.72599" lon="-116.80197"><ele>765.0</ele></trkpt>
    <trkpt lat="33.72600" lon="-116.80203"><ele>765.0</ele></trkpt>
    <trkpt lat="33.72602" lon="-116.80209"><ele>765.0</ele></trkpt>
    <trkpt lat="33.72605" lon="-116.80214"><ele>765.0</ele></trkpt>
    <trkpt lat="33.72607" lon="-116.80220"><ele>765.0</ele></trkpt>
    <trkpt lat="33.72610" lon="-116.80225"><ele>765.0</ele></trkpt>
    <trkpt lat="33.72613" lon="-116.80231"><ele>765.0</ele></trkpt>
    <trkpt lat="33.72615" lon="-116.80236"><ele>765.0</ele></trkpt>
    <trkpt lat="33.72616" lon="-116.80242"><ele>765.0</ele></trkpt>
    <trkpt lat="33.72618" lon="-116.80249"><ele>765.0</ele></trkpt>
    <trkpt lat="33.72618" lon="-116.80257"><ele>765.0</ele></trkpt>
    <trkpt lat="33.72617" lon="-116.80262"><ele>765.0</ele></trkpt>
    <trkpt lat="33.72616" lon="-116.80268"><ele>765.0</ele></trkpt>
    <trkpt lat="33.72614" lon="-116.80274"><ele>754.0</ele></trkpt>
    <trkpt lat="33.72611" lon="-116.80278"><ele>754.0</ele></trkpt>
    <trkpt lat="33.72607" lon="-116.80281"><ele>754.0</ele></trkpt>
    <trkpt lat="33.72603" lon="-116.80280"><ele>754.0</ele></trkpt>
    <trkpt lat="33.72595" lon="-116.80279"><ele>754.0</ele></trkpt>
    <trkpt lat="33.72583" lon="-116.80274"><ele>754.0</ele></trkpt>
    <trkpt lat="33.72575" lon="-116.80272"><ele>754.0</ele></trkpt>
    <trkpt lat="33.72565" lon="-116.80269"><ele>754.0</ele></trkpt>
    <trkpt lat="33.72554" lon="-116.80265"><ele>754.0</ele></trkpt>
    <trkpt lat="33.72543" lon="-116.80262"><ele>754.0</ele></trkpt>
    <trkpt lat="33.72535" lon="-116.80259"><ele>754.0</ele></trkpt>
    <trkpt lat="33.72528" lon="-116.80255"><ele>754.0</ele></trkpt>
    <trkpt lat="33.72524" lon="-116.80254"><ele>754.0</ele></trkpt>
    <trkpt lat="33.72520" lon="-116.80255"><ele>754.0</ele></trkpt>
    <trkpt lat="33.72517" lon="-116.80256"><ele>754.0</ele></trkpt>
    <trkpt lat="33.72515" lon="-116.80258"><ele>740.0</ele></trkpt>
    <trkpt lat="33.72512" lon="-116.80261"><ele>740.0</ele></trkpt>
    <trkpt lat="33.72509" lon="-116.80265"><ele>740.0</ele></trkpt>
    <trkpt lat="33.72507" lon="-116.80268"><ele>740.0</ele></trkpt>
    <trkpt lat="33.72504" lon="-116.80271"><ele>740.0</ele></trkpt>
    <trkpt lat="33.72500" lon="-116.80273"><ele>740.0</ele></trkpt>
    <trkpt lat="33.72495" lon="-116.80274"><ele>740.0</ele></trkpt>
    <trkpt lat="33.72491" lon="-116.80275"><ele>740.0</ele></trkpt>
    <trkpt lat="33.72486" lon="-116.80275"><ele>740.0</ele></trkpt>
    <trkpt lat="33.72482" lon="-116.80274"><ele>740.0</ele></trkpt>
    <trkpt lat="33.72477" lon="-116.80271"><ele>740.0</ele></trkpt>
    <trkpt lat="33.72473" lon="-116.80268"><ele>740.0</ele></trkpt>
    <trkpt lat="33.72469" lon="-116.80263"><ele>740.0</ele></trkpt>
    <trkpt lat="33.72465" lon="-116.80256"><ele>740.0</ele></trkpt>
    <trkpt lat="33.72462" lon="-116.80252"><ele>740.0</ele></trkpt>
    <trkpt lat="33.72456" lon="-116.80246"><ele>740.0</ele></trkpt>
    <trkpt lat="33.72450" lon="-116.80240"><ele>740.0</ele></trkpt>
    <trkpt lat="33.72445" lon="-116.80233"><ele>740.0</ele></trkpt>
    <trkpt lat="33.72442" lon="-116.80227"><ele>740.0</ele></trkpt>
    <trkpt lat="33.72440" lon="-116.80220"><ele>740.0</ele></trkpt>
    <trkpt lat="33.72438" lon="-116.80214"><ele>740.0</ele></trkpt>
    <trkpt lat="33.72436" lon="-116.80207"><ele>740.0</ele></trkpt>
    <trkpt lat="33.72433" lon="-116.80197"><ele>740.0</ele></trkpt>
    <trkpt lat="33.72431" lon="-116.80188"><ele>740.0</ele></trkpt>
    <trkpt lat="33.72429" lon="-116.80177"><ele>740.0</ele></trkpt>
    <trkpt lat="33.72429" lon="-116.80170"><ele>740.0</ele></trkpt>
    <trkpt lat="33.72426" lon="-116.80166"><ele>740.0</ele></trkpt>
    <trkpt lat="33.72421" lon="-116.80164"><ele>740.0</ele></trkpt>
    <trkpt lat="33.72417" lon="-116.80163"><ele>740.0</ele></trkpt>
    <trkpt lat="33.72412" lon="-116.80163"><ele>740.0</ele></trkpt>
    <trkpt lat="33.72407" lon="-116.80164"><ele>740.0</ele></trkpt>
    <trkpt lat="33.72402" lon="-116.80167"><ele>725.0</ele></trkpt>
    <trkpt lat="33.72397" lon="-116.80171"><ele>725.0</ele></trkpt>
    <trkpt lat="33.72393" lon="-116.80175"><ele>725.0</ele></trkpt>
    <trkpt lat="33.72388" lon="-116.80176"><ele>725.0</ele></trkpt>
    <trkpt lat="33.72383" lon="-116.80178"><ele>725.0</ele></trkpt>
    <trkpt lat="33.72377" lon="-116.80178"><ele>725.0</ele></trkpt>
    <trkpt lat="33.72372" lon="-116.80180"><ele>725.0</ele></trkpt>
    <trkpt lat="33.72366" lon="-116.80183"><ele>725.0</ele></trkpt>
    <trkpt lat="33.72361" lon="-116.80184"><ele>725.0</ele></trkpt>
    <trkpt lat="33.72357" lon="-116.80184"><ele>725.0</ele></trkpt>
    <trkpt lat="33.72353" lon="-116.80180"><ele>725.0</ele></trkpt>
    <trkpt lat="33.72350" lon="-116.80176"><ele>725.0</ele></trkpt>
    <trkpt lat="33.72346" lon="-116.80172"><ele>725.0</ele></trkpt>
    <trkpt lat="33.72344" lon="-116.80169"><ele>725.0</ele></trkpt>
    <trkpt lat="33.72341" lon="-116.80167"><ele>725.0</ele></trkpt>
    <trkpt lat="33.72337" lon="-116.80164"><ele>725.0</ele></trkpt>
    <trkpt lat="33.72334" lon="-116.80162"><ele>727.0</ele></trkpt>
    <trkpt lat="33.72330" lon="-116.80159"><ele>727.0</ele></trkpt>
    <trkpt lat="33.72328" lon="-116.80155"><ele>727.0</ele></trkpt>
    <trkpt lat="33.72327" lon="-116.80150"><ele>727.0</ele></trkpt>
    <trkpt lat="33.72327" lon="-116.80145"><ele>727.0</ele></trkpt>
    <trkpt lat="33.72326" lon="-116.80140"><ele>727.0</ele></trkpt>
    <trkpt lat="33.72325" lon="-116.80136"><ele>727.0</ele></trkpt>
    <trkpt lat="33.72322" lon="-116.80132"><ele>727.0</ele></trkpt>
    <trkpt lat="33.72319" lon="-116.80130"><ele>727.0</ele></trkpt>
    <trkpt lat="33.72314" lon="-116.80128"><ele>727.0</ele></trkpt>
    <trkpt lat="33.72309" lon="-116.80126"><ele>727.0</ele></trkpt>
    <trkpt lat="33.72303" lon="-116.80126"><ele>727.0</ele></trkpt>
    <trkpt lat="33.72298" lon="-116.80128"><ele>727.0</ele></trkpt>
    <trkpt lat="33.72292" lon="-116.80129"><ele>727.0</ele></trkpt>
    <trkpt lat="33.72288" lon="-116.80132"><ele>727.0</ele></trkpt>
    <trkpt lat="33.72284" lon="-116.80134"><ele>711.0</ele></trkpt>
    <trkpt lat="33.72279" lon="-116.80136"><ele>711.0</ele></trkpt>
    <trkpt lat="33.72274" lon="-116.80139"><ele>711.0</ele></trkpt>
    <trkpt lat="33.72270" lon="-116.80141"><ele>711.0</ele></trkpt>
    <trkpt lat="33.72265" lon="-116.80142"><ele>711.0</ele></trkpt>
    <trkpt lat="33.72260" lon="-116.80141"><ele>711.0</ele></trkpt>
    <trkpt lat="33.72254" lon="-116.80138"><ele>711.0</ele></trkpt>
    <trkpt lat="33.72249" lon="-116.80135"><ele>711.0</ele></trkpt>
    <trkpt lat="33.72244" lon="-116.80132"><ele>711.0</ele></trkpt>
    <trkpt lat="33.72239" lon="-116.80126"><ele>711.0</ele></trkpt>
    <trkpt lat="33.72237" lon="-116.80120"><ele>711.0</ele></trkpt>
    <trkpt lat="33.72237" lon="-116.80114"><ele>711.0</ele></trkpt>
    <trkpt lat="33.72237" lon="-116.80105"><ele>711.0</ele></trkpt>
    <trkpt lat="33.72238" lon="-116.80097"><ele>711.0</ele></trkpt>
    <trkpt lat="33.72236" lon="-116.80090"><ele>711.0</ele></trkpt>
    <trkpt lat="33.72233" lon="-116.80086"><ele>711.0</ele></trkpt>
    <trkpt lat="33.72228" lon="-116.80083"><ele>709.0</ele></trkpt>
    <trkpt lat="33.72221" lon="-116.80079"><ele>709.0</ele></trkpt>
    <trkpt lat="33.72216" lon="-116.80073"><ele>709.0</ele></trkpt>
    <trkpt lat="33.72212" lon="-116.80068"><ele>709.0</ele></trkpt>
    <trkpt lat="33.72207" lon="-116.80065"><ele>709.0</ele></trkpt>
    <trkpt lat="33.72198" lon="-116.80066"><ele>709.0</ele></trkpt>
    <trkpt lat="33.72191" lon="-116.80069"><ele>709.0</ele></trkpt>
    <trkpt lat="33.72174" lon="-116.80089"><ele>709.0</ele></trkpt>
  </trkseg></trk>
</gpx>
