<?xml version="1.0" encoding="UTF-8"?>
<gpx version="1.1" creator="dirt-bikes build-loop-gpx (composite of existing route GPX)" xmlns="http://www.topografix.com/GPX/1/1">
  <metadata><name>San Luis Obispo: Pozo / La Panza OHV Day</name></metadata>
  <trk><name>Hi Mountain OHV Road</name><trkseg>
    <trkpt lat="35.26620" lon="-120.40784"><ele>629.0</ele></trkpt>
    <trkpt lat="35.26611" lon="-120.40797"><ele>629.0</ele></trkpt>
    <trkpt lat="35.26606" lon="-120.40807"><ele>629.0</ele></trkpt>
    <trkpt lat="35.26601" lon="-120.40821"><ele>629.0</ele></trkpt>
    <trkpt lat="35.26596" lon="-120.40830"><ele>629.0</ele></trkpt>
    <trkpt lat="35.26588" lon="-120.40840"><ele>630.0</ele></trkpt>
    <trkpt lat="35.26560" lon="-120.40860"><ele>630.0</ele></trkpt>
    <trkpt lat="35.26554" lon="-120.40869"><ele>630.0</ele></trkpt>
    <trkpt lat="35.26554" lon="-120.40882"><ele>630.0</ele></trkpt>
    <trkpt lat="35.26557" lon="-120.40895"><ele>630.0</ele></trkpt>
    <trkpt lat="35.26562" lon="-120.40906"><ele>630.0</ele></trkpt>
    <trkpt lat="35.26561" lon="-120.40923"><ele>630.0</ele></trkpt>
    <trkpt lat="35.26556" lon="-120.40948"><ele>646.0</ele></trkpt>
    <trkpt lat="35.26546" lon="-120.40964"><ele>646.0</ele></trkpt>
    <trkpt lat="35.26537" lon="-120.40988"><ele>646.0</ele></trkpt>
    <trkpt lat="35.26537" lon="-120.41011"><ele>646.0</ele></trkpt>
    <trkpt lat="35.26527" lon="-120.41026"><ele>646.0</ele></trkpt>
    <trkpt lat="35.26514" lon="-120.41037"><ele>646.0</ele></trkpt>
    <trkpt lat="35.26499" lon="-120.41049"><ele>646.0</ele></trkpt>
    <trkpt lat="35.26497" lon="-120.41061"><ele>646.0</ele></trkpt>
    <trkpt lat="35.26498" lon="-120.41075"><ele>657.0</ele></trkpt>
    <trkpt lat="35.26501" lon="-120.41091"><ele>657.0</ele></trkpt>
    <trkpt lat="35.26501" lon="-120.41145"><ele>657.0</ele></trkpt>
    <trkpt lat="35.26495" lon="-120.41167"><ele>657.0</ele></trkpt>
    <trkpt lat="35.26476" lon="-120.41195"><ele>657.0</ele></trkpt>
    <trkpt lat="35.26430" lon="-120.41263"><ele>657.0</ele></trkpt>
    <trkpt lat="35.26412" lon="-120.41302"><ele>657.0</ele></trkpt>
    <trkpt lat="35.26405" lon="-120.41318"><ele>657.0</ele></trkpt>
    <trkpt lat="35.26392" lon="-120.41323"><ele>672.0</ele></trkpt>
    <trkpt lat="35.26371" lon="-120.41314"><ele>672.0</ele></trkpt>
    <trkpt lat="35.26350" lon="-120.41301"><ele>672.0</ele></trkpt>
    <trkpt lat="35.26331" lon="-120.41298"><ele>672.0</ele></trkpt>
    <trkpt lat="35.26315" lon="-120.41300"><ele>672.0</ele></trkpt>
    <trkpt lat="35.26294" lon="-120.41327"><ele>672.0</ele></trkpt>
    <trkpt lat="35.26288" lon="-120.41343"><ele>672.0</ele></trkpt>
    <trkpt lat="35.26279" lon="-120.41376"><ele>705.0</ele></trkpt>
    <trkpt lat="35.26249" lon="-120.41435"><ele>705.0</ele></trkpt>
    <trkpt lat="35.26248" lon="-120.41456"><ele>705.0</ele></trkpt>
    <trkpt lat="35.26244" lon="-120.41474"><ele>705.0</ele></trkpt>
    <trkpt lat="35.26234" lon="-120.41478"><ele>705.0</ele></trkpt>
    <trkpt lat="35.26225" lon="-120.41472"><ele>705.0</ele></trkpt>
    <trkpt lat="35.26205" lon="-120.41449"><ele>705.0</ele></trkpt>
    <trkpt lat="35.26184" lon="-120.41420"><ele>705.0</ele></trkpt>
    <trkpt lat="35.26175" lon="-120.41403"><ele>711.0</ele></trkpt>
    <trkpt lat="35.26136" lon="-120.41367"><ele>711.0</ele></trkpt>
    <trkpt lat="35.26106" lon="-120.41341"><ele>711.0</ele></trkpt>
    <trkpt lat="35.26095" lon="-120.41343"><ele>711.0</ele></trkpt>
    <trkpt lat="35.26089" lon="-120.41348"><ele>711.0</ele></trkpt>
    <trkpt lat="35.26084" lon="-120.41360"><ele>711.0</ele></trkpt>
    <trkpt lat="35.26083" lon="-120.41374"><ele>711.0</ele></trkpt>
    <trkpt lat="35.26082" lon="-120.41382"><ele>711.0</ele></trkpt>
    <trkpt lat="35.26080" lon="-120.41408"><ele>739.0</ele></trkpt>
    <trkpt lat="35.26082" lon="-120.41442"><ele>739.0</ele></trkpt>
    <trkpt lat="35.26091" lon="-120.41462"><ele>739.0</ele></trkpt>
    <trkpt lat="35.26095" lon="-120.41481"><ele>739.0</ele></trkpt>
    <trkpt lat="35.26099" lon="-120.41500"><ele>739.0</ele></trkpt>
    <trkpt lat="35.26120" lon="-120.41527"><ele>739.0</ele></trkpt>
    <trkpt lat="35.26129" lon="-120.41530"><ele>739.0</ele></trkpt>
    <trkpt lat="35.26144" lon="-120.41529"><ele>739.0</ele></trkpt>
    <trkpt lat="35.26156" lon="-120.41527"><ele>740.0</ele></trkpt>
    <trkpt lat="35.26163" lon="-120.41536"><ele>740.0</ele></trkpt>
    <trkpt lat="35.26177" lon="-120.41556"><ele>740.0</ele></trkpt>
    <trkpt lat="35.26186" lon="-120.41565"><ele>740.0</ele></trkpt>
    <trkpt lat="35.26200" lon="-120.41569"><ele>740.0</ele></trkpt>
    <trkpt lat="35.26212" lon="-120.41584"><ele>740.0</ele></trkpt>
    <trkpt lat="35.26216" lon="-120.41602"><ele>740.0</ele></trkpt>
    <trkpt lat="35.26218" lon="-120.41627"><ele>759.0</ele></trkpt>
    <trkpt lat="35.26225" lon="-120.41651"><ele>759.0</ele></trkpt>
    <trkpt lat="35.26239" lon="-120.41672"><ele>759.0</ele></trkpt>
    <trkpt lat="35.26255" lon="-120.41687"><ele>759.0</ele></trkpt>
    <trkpt lat="35.26283" lon="-120.41697"><ele>759.0</ele></trkpt>
    <trkpt lat="35.26345" lon="-120.41705"><ele>759.0</ele></trkpt>
    <trkpt lat="35.26398" lon="-120.41767"><ele>759.0</ele></trkpt>
    <trkpt lat="35.26399" lon="-120.41797"><ele>759.0</ele></trkpt>
    <trkpt lat="35.26395" lon="-120.41811"><ele>779.0</ele></trkpt>
    <trkpt lat="35.26380" lon="-120.41820"><ele>779.0</ele></trkpt>
    <trkpt lat="35.26367" lon="-120.41817"><ele>779.0</ele></trkpt>
    <trkpt lat="35.26350" lon="-120.41808"><ele>779.0</ele></trkpt>
    <trkpt lat="35.26331" lon="-120.41798"><ele>779.0</ele></trkpt>
    <trkpt lat="35.26320" lon="-120.41801"><ele>779.0</ele></trkpt>
    <trkpt lat="35.26310" lon="-120.41816"><ele>779.0</ele></trkpt>
    <trkpt lat="35.26310" lon="-120.41839"><ele>779.0</ele></trkpt>
    <trkpt lat="35.26316" lon="-120.41858"><ele>795.0</ele></trkpt>
    <trkpt lat="35.26330" lon="-120.41879"><ele>795.0</ele></trkpt>
    <trkpt lat="35.26371" lon="-120.41926"><ele>795.0</ele></trkpt>
    <trkpt lat="35.26388" lon="-120.41931"><ele>795.0</ele></trkpt>
    <trkpt lat="35.26399" lon="-120.41929"><ele>795.0</ele></trkpt>
    <trkpt lat="35.26414" lon="-120.41924"><ele>795.0</ele></trkpt>
    <trkpt lat="35.26425" lon="-120.41907"><ele>795.0</ele></trkpt>
    <trkpt lat="35.26443" lon="-120.41897"><ele>787.0</ele></trkpt>
    <trkpt lat="35.26461" lon="-120.41890"><ele>787.0</ele></trkpt>
    <trkpt lat="35.26472" lon="-120.41893"><ele>787.0</ele></trkpt>
    <trkpt lat="35.26481" lon="-120.41904"><ele>787.0</ele></trkpt>
    <trkpt lat="35.26484" lon="-120.41918"><ele>787.0</ele></trkpt>
    <trkpt lat="35.26482" lon="-120.41930"><ele>787.0</ele></trkpt>
    <trkpt lat="35.26476" lon="-120.41937"><ele>787.0</ele></trkpt>
    <trkpt lat="35.26465" lon="-120.41942"><ele>787.0</ele></trkpt>
    <trkpt lat="35.26455" lon="-120.41942"><ele>801.0</ele></trkpt>
    <trkpt lat="35.26449" lon="-120.41948"><ele>801.0</ele></trkpt>
    <trkpt lat="35.26447" lon="-120.41960"><ele>801.0</ele></trkpt>
    <trkpt lat="35.26447" lon="-120.41978"><ele>801.0</ele></trkpt>
    <trkpt lat="35.26445" lon="-120.42003"><ele>801.0</ele></trkpt>
    <trkpt lat="35.26436" lon="-120.42027"><ele>801.0</ele></trkpt>
    <trkpt lat="35.26429" lon="-120.42047"><ele>801.0</ele></trkpt>
    <trkpt lat="35.26421" lon="-120.42065"><ele>801.0</ele></trkpt>
    <trkpt lat="35.26406" lon="-120.42085"><ele>826.0</ele></trkpt>
    <trkpt lat="35.26386" lon="-120.42102"><ele>826.0</ele></trkpt>
    <trkpt lat="35.26368" lon="-120.42106"><ele>826.0</ele></trkpt>
    <trkpt lat="35.26361" lon="-120.42108"><ele>826.0</ele></trkpt>
    <trkpt lat="35.26353" lon="-120.42113"><ele>826.0</ele></trkpt>
    <trkpt lat="35.26348" lon="-120.42122"><ele>826.0</ele></trkpt>
    <trkpt lat="35.26351" lon="-120.42130"><ele>826.0</ele></trkpt>
    <trkpt lat="35.26359" lon="-120.42134"><ele>824.0</ele></trkpt>
    <trkpt lat="35.26372" lon="-120.42145"><ele>824.0</ele></trkpt>
    <trkpt lat="35.26378" lon="-120.42152"><ele>824.0</ele></trkpt>
    <trkpt lat="35.26384" lon="-120.42162"><ele>824.0</ele></trkpt>
    <trkpt lat="35.26382" lon="-120.42174"><ele>824.0</ele></trkpt>
    <trkpt lat="35.26375" lon="-120.42188"><ele>824.0</ele></trkpt>
    <trkpt lat="35.26365" lon="-120.42198"><ele>824.0</ele></trkpt>
    <trkpt lat="35.26358" lon="-120.42207"><ele>824.0</ele></trkpt>
    <trkpt lat="35.26356" lon="-120.42216"><ele>838.0</ele></trkpt>
    <trkpt lat="35.26362" lon="-120.42231"><ele>838.0</ele></trkpt>
    <trkpt lat="35.26370" lon="-120.42242"><ele>838.0</ele></trkpt>
    <trkpt lat="35.26375" lon="-120.42254"><ele>838.0</ele></trkpt>
    <trkpt lat="35.26377" lon="-120.42268"><ele>838.0</ele></trkpt>
    <trkpt lat="35.26378" lon="-120.42286"><ele>838.0</ele></trkpt>
    <trkpt lat="35.26379" lon="-120.42306"><ele>838.0</ele></trkpt>
    <trkpt lat="35.26375" lon="-120.42326"><ele>838.0</ele></trkpt>
    <trkpt lat="35.26372" lon="-120.42340"><ele>857.0</ele></trkpt>
    <trkpt lat="35.26367" lon="-120.42350"><ele>857.0</ele></trkpt>
    <trkpt lat="35.26354" lon="-120.42351"><ele>857.0</ele></trkpt>
    <trkpt lat="35.26338" lon="-120.42345"><ele>857.0</ele></trkpt>
    <trkpt lat="35.26331" lon="-120.42348"><ele>857.0</ele></trkpt>
    <trkpt lat="35.26327" lon="-120.42356"><ele>857.0</ele></trkpt>
    <trkpt lat="35.26326" lon="-120.42362"><ele>857.0</ele></trkpt>
    <trkpt lat="35.26322" lon="-120.42378"><ele>857.0</ele></trkpt>
    <trkpt lat="35.26320" lon="-120.42394"><ele>878.0</ele></trkpt>
    <trkpt lat="35.26312" lon="-120.42404"><ele>878.0</ele></trkpt>
    <trkpt lat="35.26295" lon="-120.42414"><ele>878.0</ele></trkpt>
    <trkpt lat="35.26283" lon="-120.42420"><ele>878.0</ele></trkpt>
    <trkpt lat="35.26274" lon="-120.42428"><ele>878.0</ele></trkpt>
    <trkpt lat="35.26270" lon="-120.42443"><ele>878.0</ele></trkpt>
    <trkpt lat="35.26270" lon="-120.42459"><ele>878.0</ele></trkpt>
    <trkpt lat="35.26273" lon="-120.42469"><ele>876.0</ele></trkpt>
    <trkpt lat="35.26280" lon="-120.42480"><ele>876.0</ele></trkpt>
    <trkpt lat="35.26287" lon="-120.42489"><ele>876.0</ele></trkpt>
    <trkpt lat="35.26293" lon="-120.42501"><ele>876.0</ele></trkpt>
    <trkpt lat="35.26297" lon="-120.42515"><ele>876.0</ele></trkpt>
    <trkpt lat="35.26296" lon="-120.42534"><ele>876.0</ele></trkpt>
    <trkpt lat="35.26291" lon="-120.42562"><ele>876.0</ele></trkpt>
    <trkpt lat="35.26284" lon="-120.42581"><ele>876.0</ele></trkpt>
    <trkpt lat="35.26276" lon="-120.42595"><ele>885.0</ele></trkpt>
    <trkpt lat="35.26269" lon="-120.42608"><ele>885.0</ele></trkpt>
    <trkpt lat="35.26254" lon="-120.42613"><ele>885.0</ele></trkpt>
    <trkpt lat="35.26235" lon="-120.42608"><ele>885.0</ele></trkpt>
    <trkpt lat="35.26221" lon="-120.42602"><ele>885.0</ele></trkpt>
    <trkpt lat="35.26201" lon="-120.42590"><ele>885.0</ele></trkpt>
    <trkpt lat="35.26189" lon="-120.42582"><ele>885.0</ele></trkpt>
    <trkpt lat="35.26177" lon="-120.42572"><ele>885.0</ele></trkpt>
    <trkpt lat="35.26167" lon="-120.42568"><ele>919.0</ele></trkpt>
    <trkpt lat="35.26158" lon="-120.42565"><ele>919.0</ele></trkpt>
    <trkpt lat="35.26149" lon="-120.42566"><ele>919.0</ele></trkpt>
    <trkpt lat="35.26145" lon="-120.42569"><ele>919.0</ele></trkpt>
    <trkpt lat="35.26144" lon="-120.42576"><ele>919.0</ele></trkpt>
    <trkpt lat="35.26144" lon="-120.42595"><ele>919.0</ele></trkpt>
    <trkpt lat="35.26145" lon="-120.42613"><ele>919.0</ele></trkpt>
    <trkpt lat="35.26150" lon="-120.42628"><ele>910.0</ele></trkpt>
    <trkpt lat="35.26151" lon="-120.42646"><ele>910.0</ele></trkpt>
    <trkpt lat="35.26148" lon="-120.42661"><ele>910.0</ele></trkpt>
    <trkpt lat="35.26144" lon="-120.42676"><ele>910.0</ele></trkpt>
    <trkpt lat="35.26129" lon="-120.42687"><ele>910.0</ele></trkpt>
    <trkpt lat="35.26115" lon="-120.42692"><ele>910.0</ele></trkpt>
    <trkpt lat="35.26102" lon="-120.42701"><ele>910.0</ele></trkpt>
    <trkpt lat="35.26090" lon="-120.42710"><ele>910.0</ele></trkpt>
    <trkpt lat="35.26085" lon="-120.42721"><ele>927.0</ele></trkpt>
    <trkpt lat="35.26081" lon="-120.42730"><ele>927.0</ele></trkpt>
    <trkpt lat="35.26082" lon="-120.42748"><ele>927.0</ele></trkpt>
    <trkpt lat="35.26090" lon="-120.42771"><ele>927.0</ele></trkpt>
    <trkpt lat="35.26093" lon="-120.42793"><ele>927.0</ele></trkpt>
    <trkpt lat="35.26094" lon="-120.42823"><ele>927.0</ele></trkpt>
    <trkpt lat="35.26097" lon="-120.42851"><ele>927.0</ele></trkpt>
    <trkpt lat="35.26093" lon="-120.42883"><ele>927.0</ele></trkpt>
    <trkpt lat="35.26097" lon="-120.42897"><ele>927.0</ele></trkpt>
    <trkpt lat="35.26104" lon="-120.42912"><ele>927.0</ele></trkpt>
    <trkpt lat="35.26116" lon="-120.42930"><ele>927.0</ele></trkpt>
    <trkpt lat="35.26124" lon="-120.42940"><ele>927.0</ele></trkpt>
    <trkpt lat="35.26130" lon="-120.42958"><ele>927.0</ele></trkpt>
    <trkpt lat="35.26135" lon="-120.42974"><ele>927.0</ele></trkpt>
    <trkpt lat="35.26137" lon="-120.42988"><ele>927.0</ele></trkpt>
    <trkpt lat="35.26128" lon="-120.42994"><ele>931.0</ele></trkpt>
    <trkpt lat="35.26115" lon="-120.43004"><ele>931.0</ele></trkpt>
    <trkpt lat="35.26105" lon="-120.43010"><ele>931.0</ele></trkpt>
    <trkpt lat="35.26093" lon="-120.43019"><ele>931.0</ele></trkpt>
    <trkpt lat="35.26082" lon="-120.43029"><ele>931.0</ele></trkpt>
    <trkpt lat="35.26077" lon="-120.43044"><ele>931.0</ele></trkpt>
    <trkpt lat="35.26080" lon="-120.43068"><ele>931.0</ele></trkpt>
    <trkpt lat="35.26080" lon="-120.43104"><ele>931.0</ele></trkpt>
    <trkpt lat="35.26079" lon="-120.43141"><ele>934.0</ele></trkpt>
    <trkpt lat="35.26083" lon="-120.43175"><ele>934.0</ele></trkpt>
    <trkpt lat="35.26081" lon="-120.43209"><ele>934.0</ele></trkpt>
    <trkpt lat="35.26080" lon="-120.43224"><ele>934.0</ele></trkpt>
    <trkpt lat="35.26082" lon="-120.43242"><ele>934.0</ele></trkpt>
    <trkpt lat="35.26091" lon="-120.43261"><ele>934.0</ele></trkpt>
    <trkpt lat="35.26101" lon="-120.43268"><ele>934.0</ele></trkpt>
    <trkpt lat="35.26118" lon="-120.43281"><ele>934.0</ele></trkpt>
    <trkpt lat="35.26138" lon="-120.43305"><ele>922.0</ele></trkpt>
    <trkpt lat="35.26149" lon="-120.43330"><ele>922.0</ele></trkpt>
    <trkpt lat="35.26162" lon="-120.43355"><ele>922.0</ele></trkpt>
    <trkpt lat="35.26179" lon="-120.43396"><ele>922.0</ele></trkpt>
    <trkpt lat="35.26204" lon="-120.43441"><ele>922.0</ele></trkpt>
    <trkpt lat="35.26214" lon="-120.43473"><ele>922.0</ele></trkpt>
    <trkpt lat="35.26222" lon="-120.43489"><ele>922.0</ele></trkpt>
    <trkpt lat="35.26228" lon="-120.43512"><ele>922.0</ele></trkpt>
    <trkpt lat="35.26229" lon="-120.43529"><ele>909.0</ele></trkpt>
    <trkpt lat="35.26228" lon="-120.43548"><ele>909.0</ele></trkpt>
    <trkpt lat="35.26228" lon="-120.43572"><ele>909.0</ele></trkpt>
    <trkpt lat="35.26227" lon="-120.43586"><ele>909.0</ele></trkpt>
    <trkpt lat="35.26228" lon="-120.43595"><ele>909.0</ele></trkpt>
    <trkpt lat="35.26235" lon="-120.43601"><ele>909.0</ele></trkpt>
    <trkpt lat="35.26246" lon="-120.43605"><ele>909.0</ele></trkpt>
    <trkpt lat="35.26261" lon="-120.43614"><ele>905.0</ele></trkpt>
    <trkpt lat="35.26279" lon="-120.43639"><ele>905.0</ele></trkpt>
    <trkpt lat="35.26304" lon="-120.43649"><ele>905.0</ele></trkpt>
    <trkpt lat="35.26317" lon="-120.43658"><ele>905.0</ele></trkpt>
    <trkpt lat="35.26330" lon="-120.43673"><ele>905.0</ele></trkpt>
    <trkpt lat="35.26335" lon="-120.43683"><ele>905.0</ele></trkpt>
    <trkpt lat="35.26341" lon="-120.43697"><ele>905.0</ele></trkpt>
    <trkpt lat="35.26345" lon="-120.43711"><ele>905.0</ele></trkpt>
    <trkpt lat="35.26349" lon="-120.43717"><ele>902.0</ele></trkpt>
    <trkpt lat="35.26362" lon="-120.43721"><ele>902.0</ele></trkpt>
    <trkpt lat="35.26370" lon="-120.43721"><ele>902.0</ele></trkpt>
    <trkpt lat="35.26386" lon="-120.43719"><ele>902.0</ele></trkpt>
    <trkpt lat="35.26399" lon="-120.43711"><ele>902.0</ele></trkpt>
    <trkpt lat="35.26413" lon="-120.43705"><ele>902.0</ele></trkpt>
    <trkpt lat="35.26420" lon="-120.43691"><ele>902.0</ele></trkpt>
    <trkpt lat="35.26428" lon="-120.43675"><ele>902.0</ele></trkpt>
    <trkpt lat="35.26444" lon="-120.43667"><ele>892.0</ele></trkpt>
    <trkpt lat="35.26459" lon="-120.43668"><ele>892.0</ele></trkpt>
    <trkpt lat="35.26473" lon="-120.43674"><ele>892.0</ele></trkpt>
    <trkpt lat="35.26483" lon="-120.43682"><ele>892.0</ele></trkpt>
    <trkpt lat="35.26491" lon="-120.43693"><ele>892.0</ele></trkpt>
    <trkpt lat="35.26495" lon="-120.43709"><ele>892.0</ele></trkpt>
    <trkpt lat="35.26497" lon="-120.43747"><ele>892.0</ele></trkpt>
    <trkpt lat="35.26496" lon="-120.43776"><ele>887.0</ele></trkpt>
    <trkpt lat="35.26497" lon="-120.43808"><ele>887.0</ele></trkpt>
    <trkpt lat="35.26492" lon="-120.43833"><ele>887.0</ele></trkpt>
    <trkpt lat="35.26476" lon="-120.43852"><ele>887.0</ele></trkpt>
    <trkpt lat="35.26459" lon="-120.43881"><ele>887.0</ele></trkpt>
    <trkpt lat="35.26443" lon="-120.43913"><ele>887.0</ele></trkpt>
    <trkpt lat="35.26428" lon="-120.43957"><ele>887.0</ele></trkpt>
    <trkpt lat="35.26418" lon="-120.43991"><ele>887.0</ele></trkpt>
    <trkpt lat="35.26412" lon="-120.44011"><ele>873.0</ele></trkpt>
    <trkpt lat="35.26411" lon="-120.44014"><ele>873.0</ele></trkpt>
    <trkpt lat="35.26397" lon="-120.44025"><ele>873.0</ele></trkpt>
    <trkpt lat="35.26388" lon="-120.44021"><ele>873.0</ele></trkpt>
    <trkpt lat="35.26381" lon="-120.44015"><ele>873.0</ele></trkpt>
    <trkpt lat="35.26368" lon="-120.44005"><ele>873.0</ele></trkpt>
    <trkpt lat="35.26357" lon="-120.43999"><ele>873.0</ele></trkpt>
    <trkpt lat="35.26331" lon="-120.43983"><ele>873.0</ele></trkpt>
    <trkpt lat="35.26315" lon="-120.43977"><ele>861.0</ele></trkpt>
    <trkpt lat="35.26299" lon="-120.43976"><ele>861.0</ele></trkpt>
    <trkpt lat="35.26286" lon="-120.43981"><ele>861.0</ele></trkpt>
    <trkpt lat="35.26237" lon="-120.44013"><ele>861.0</ele></trkpt>
    <trkpt lat="35.26228" lon="-120.44018"><ele>861.0</ele></trkpt>
    <trkpt lat="35.26216" lon="-120.44016"><ele>861.0</ele></trkpt>
    <trkpt lat="35.26192" lon="-120.44007"><ele>861.0</ele></trkpt>
    <trkpt lat="35.26141" lon="-120.43995"><ele>843.0</ele></trkpt>
    <trkpt lat="35.26121" lon="-120.43995"><ele>843.0</ele></trkpt>
    <trkpt lat="35.26112" lon="-120.43997"><ele>843.0</ele></trkpt>
    <trkpt lat="35.26107" lon="-120.44000"><ele>843.0</ele></trkpt>
    <trkpt lat="35.26105" lon="-120.44013"><ele>843.0</ele></trkpt>
    <trkpt lat="35.26106" lon="-120.44023"><ele>843.0</ele></trkpt>
    <trkpt lat="35.26111" lon="-120.44033"><ele>843.0</ele></trkpt>
    <trkpt lat="35.26119" lon="-120.44042"><ele>843.0</ele></trkpt>
    <trkpt lat="35.26127" lon="-120.44046"><ele>847.0</ele></trkpt>
    <trkpt lat="35.26135" lon="-120.44045"><ele>847.0</ele></trkpt>
    <trkpt lat="35.26150" lon="-120.44046"><ele>847.0</ele></trkpt>
    <trkpt lat="35.26165" lon="-120.44042"><ele>847.0</ele></trkpt>
    <trkpt lat="35.26187" lon="-120.44046"><ele>847.0</ele></trkpt>
    <trkpt lat="35.26198" lon="-120.44049"><ele>847.0</ele></trkpt>
    <trkpt lat="35.26216" lon="-120.44055"><ele>847.0</ele></trkpt>
    <trkpt lat="35.26244" lon="-120.44071"><ele>847.0</ele></trkpt>
    <trkpt lat="35.26287" lon="-120.44091"><ele>840.0</ele></trkpt>
    <trkpt lat="35.26313" lon="-120.44122"><ele>840.0</ele></trkpt>
    <trkpt lat="35.26324" lon="-120.44145"><ele>840.0</ele></trkpt>
    <trkpt lat="35.26326" lon="-120.44152"><ele>840.0</ele></trkpt>
    <trkpt lat="35.26337" lon="-120.44179"><ele>840.0</ele></trkpt>
    <trkpt lat="35.26353" lon="-120.44205"><ele>840.0</ele></trkpt>
    <trkpt lat="35.26367" lon="-120.44216"><ele>840.0</ele></trkpt>
    <trkpt lat="35.26381" lon="-120.44235"><ele>840.0</ele></trkpt>
    <trkpt lat="35.26393" lon="-120.44247"><ele>840.0</ele></trkpt>
    <trkpt lat="35.26402" lon="-120.44255"><ele>840.0</ele></trkpt>
    <trkpt lat="35.26421" lon="-120.44272"><ele>840.0</ele></trkpt>
    <trkpt lat="35.26435" lon="-120.44290"><ele>840.0</ele></trkpt>
    <trkpt lat="35.26455" lon="-120.44309"><ele>840.0</ele></trkpt>
    <trkpt lat="35.26468" lon="-120.44325"><ele>840.0</ele></trkpt>
    <trkpt lat="35.26483" lon="-120.44344"><ele>840.0</ele></trkpt>
    <trkpt lat="35.26492" lon="-120.44368"><ele>825.0</ele></trkpt>
    <trkpt lat="35.26500" lon="-120.44391"><ele>825.0</ele></trkpt>
    <trkpt lat="35.26503" lon="-120.44410"><ele>825.0</ele></trkpt>
    <trkpt lat="35.26506" lon="-120.44430"><ele>825.0</ele></trkpt>
    <trkpt lat="35.26510" lon="-120.44452"><ele>825.0</ele></trkpt>
    <trkpt lat="35.26517" lon="-120.44474"><ele>825.0</ele></trkpt>
    <trkpt lat="35.26525" lon="-120.44493"><ele>825.0</ele></trkpt>
    <trkpt lat="35.26529" lon="-120.44514"><ele>825.0</ele></trkpt>
    <trkpt lat="35.26529" lon="-120.44529"><ele>815.0</ele></trkpt>
    <trkpt lat="35.26531" lon="-120.44547"><ele>815.0</ele></trkpt>
    <trkpt lat="35.26534" lon="-120.44556"><ele>815.0</ele></trkpt>
    <trkpt lat="35.26536" lon="-120.44586"><ele>815.0</ele></trkpt>
    <trkpt lat="35.26538" lon="-120.44610"><ele>815.0</ele></trkpt>
    <trkpt lat="35.26538" lon="-120.44632"><ele>815.0</ele></trkpt>
    <trkpt lat="35.26533" lon="-120.44656"><ele>815.0</ele></trkpt>
    <trkpt lat="35.26534" lon="-120.44683"><ele>815.0</ele></trkpt>
    <trkpt lat="35.26530" lon="-120.44724"><ele>798.0</ele></trkpt>
    <trkpt lat="35.26531" lon="-120.44748"><ele>798.0</ele></trkpt>
    <trkpt lat="35.26531" lon="-120.44772"><ele>798.0</ele></trkpt>
    <trkpt lat="35.26534" lon="-120.44799"><ele>798.0</ele></trkpt>
    <trkpt lat="35.26541" lon="-120.44818"><ele>798.0</ele></trkpt>
    <trkpt lat="35.26550" lon="-120.44841"><ele>798.0</ele></trkpt>
    <trkpt lat="35.26559" lon="-120.44853"><ele>798.0</ele></trkpt>
    <trkpt lat="35.26573" lon="-120.44866"><ele>792.0</ele></trkpt>
    <trkpt lat="35.26582" lon="-120.44886"><ele>792.0</ele></trkpt>
    <trkpt lat="35.26587" lon="-120.44906"><ele>792.0</ele></trkpt>
    <trkpt lat="35.26588" lon="-120.44927"><ele>792.0</ele></trkpt>
    <trkpt lat="35.26584" lon="-120.44945"><ele>792.0</ele></trkpt>
    <trkpt lat="35.26579" lon="-120.44979"><ele>792.0</ele></trkpt>
    <trkpt lat="35.26581" lon="-120.45013"><ele>792.0</ele></trkpt>
    <trkpt lat="35.26584" lon="-120.45046"><ele>792.0</ele></trkpt>
    <trkpt lat="35.26586" lon="-120.45073"><ele>779.0</ele></trkpt>
    <trkpt lat="35.26588" lon="-120.45100"><ele>779.0</ele></trkpt>
    <trkpt lat="35.26585" lon="-120.45138"><ele>779.0</ele></trkpt>
    <trkpt lat="35.26581" lon="-120.45158"><ele>779.0</ele></trkpt>
    <trkpt lat="35.26583" lon="-120.45179"><ele>779.0</ele></trkpt>
    <trkpt lat="35.26586" lon="-120.45207"><ele>779.0</ele></trkpt>
    <trkpt lat="35.26591" lon="-120.45233"><ele>779.0</ele></trkpt>
    <trkpt lat="35.26596" lon="-120.45243"><ele>779.0</ele></trkpt>
    <trkpt lat="35.26598" lon="-120.45246"><ele>775.0</ele></trkpt>
    <trkpt lat="35.26609" lon="-120.45262"><ele>775.0</ele></trkpt>
    <trkpt lat="35.26616" lon="-120.45281"><ele>775.0</ele></trkpt>
    <trkpt lat="35.26625" lon="-120.45293"><ele>775.0</ele></trkpt>
    <trkpt lat="35.26634" lon="-120.45300"><ele>775.0</ele></trkpt>
    <trkpt lat="35.26643" lon="-120.45311"><ele>775.0</ele></trkpt>
    <trkpt lat="35.26657" lon="-120.45322"><ele>775.0</ele></trkpt>
    <trkpt lat="35.26679" lon="-120.45328"><ele>770.0</ele></trkpt>
    <trkpt lat="35.26699" lon="-120.45345"><ele>770.0</ele></trkpt>
    <trkpt lat="35.26708" lon="-120.45368"><ele>770.0</ele></trkpt>
    <trkpt lat="35.26718" lon="-120.45387"><ele>770.0</ele></trkpt>
    <trkpt lat="35.26725" lon="-120.45403"><ele>770.0</ele></trkpt>
    <trkpt lat="35.26730" lon="-120.45429"><ele>770.0</ele></trkpt>
    <trkpt lat="35.26738" lon="-120.45461"><ele>770.0</ele></trkpt>
    <trkpt lat="35.26748" lon="-120.45489"><ele>770.0</ele></trkpt>
    <trkpt lat="35.26755" lon="-120.45505"><ele>773.0</ele></trkpt>
    <trkpt lat="35.26762" lon="-120.45533"><ele>773.0</ele></trkpt>
    <trkpt lat="35.26762" lon="-120.45562"><ele>773.0</ele></trkpt>
    <trkpt lat="35.26760" lon="-120.45587"><ele>773.0</ele></trkpt>
    <trkpt lat="35.26762" lon="-120.45607"><ele>773.0</ele></trkpt>
    <trkpt lat="35.26769" lon="-120.45621"><ele>773.0</ele></trkpt>
    <trkpt lat="35.26778" lon="-120.45645"><ele>773.0</ele></trkpt>
    <trkpt lat="35.26782" lon="-120.45666"><ele>773.0</ele></trkpt>
    <trkpt lat="35.26783" lon="-120.45681"><ele>777.0</ele></trkpt>
    <trkpt lat="35.26773" lon="-120.45688"><ele>777.0</ele></trkpt>
    <trkpt lat="35.26758" lon="-120.45692"><ele>777.0</ele></trkpt>
    <trkpt lat="35.26733" lon="-120.45700"><ele>777.0</ele></trkpt>
    <trkpt lat="35.26718" lon="-120.45709"><ele>777.0</ele></trkpt>
    <trkpt lat="35.26703" lon="-120.45723"><ele>777.0</ele></trkpt>
    <trkpt lat="35.26700" lon="-120.45736"><ele>777.0</ele></trkpt>
    <trkpt lat="35.26699" lon="-120.45748"><ele>781.0</ele></trkpt>
    <trkpt lat="35.26703" lon="-120.45759"><ele>781.0</ele></trkpt>
    <trkpt lat="35.26717" lon="-120.45773"><ele>781.0</ele></trkpt>
    <trkpt lat="35.26732" lon="-120.45777"><ele>781.0</ele></trkpt>
    <trkpt lat="35.26747" lon="-120.45793"><ele>781.0</ele></trkpt>
    <trkpt lat="35.26757" lon="-120.45807"><ele>781.0</ele></trkpt>
    <trkpt lat="35.26768" lon="-120.45831"><ele>781.0</ele></trkpt>
    <trkpt lat="35.26784" lon="-120.45847"><ele>781.0</ele></trkpt>
    <trkpt lat="35.26806" lon="-120.45867"><ele>791.0</ele></trkpt>
    <trkpt lat="35.26832" lon="-120.45886"><ele>791.0</ele></trkpt>
    <trkpt lat="35.26871" lon="-120.45920"><ele>791.0</ele></trkpt>
    <trkpt lat="35.26889" lon="-120.45925"><ele>791.0</ele></trkpt>
    <trkpt lat="35.26905" lon="-120.45912"><ele>791.0</ele></trkpt>
    <trkpt lat="35.26912" lon="-120.45903"><ele>791.0</ele></trkpt>
    <trkpt lat="35.26922" lon="-120.45894"><ele>791.0</ele></trkpt>
    <trkpt lat="35.26934" lon="-120.45897"><ele>791.0</ele></trkpt>
    <trkpt lat="35.26945" lon="-120.45902"><ele>794.0</ele></trkpt>
    <trkpt lat="35.26961" lon="-120.45908"><ele>794.0</ele></trkpt>
    <trkpt lat="35.26971" lon="-120.45918"><ele>794.0</ele></trkpt>
    <trkpt lat="35.26986" lon="-120.45930"><ele>794.0</ele></trkpt>
    <trkpt lat="35.27000" lon="-120.45944"><ele>794.0</ele></trkpt>
    <trkpt lat="35.27009" lon="-120.45970"><ele>794.0</ele></trkpt>
    <trkpt lat="35.27010" lon="-120.45987"><ele>794.0</ele></trkpt>
    <trkpt lat="35.27016" lon="-120.46004"><ele>794.0</ele></trkpt>
    <trkpt lat="35.27025" lon="-120.46013"><ele>787.0</ele></trkpt>
    <trkpt lat="35.27037" lon="-120.46015"><ele>787.0</ele></trkpt>
    <trkpt lat="35.27047" lon="-120.46019"><ele>787.0</ele></trkpt>
    <trkpt lat="35.27058" lon="-120.46028"><ele>787.0</ele></trkpt>
    <trkpt lat="35.27068" lon="-120.46044"><ele>787.0</ele></trkpt>
    <trkpt lat="35.27076" lon="-120.46059"><ele>787.0</ele></trkpt>
    <trkpt lat="35.27079" lon="-120.46079"><ele>787.0</ele></trkpt>
    <trkpt lat="35.27080" lon="-120.46096"><ele>785.0</ele></trkpt>
    <trkpt lat="35.27080" lon="-120.46099"><ele>785.0</ele></trkpt>
    <trkpt lat="35.27082" lon="-120.46128"><ele>785.0</ele></trkpt>
    <trkpt lat="35.27080" lon="-120.46155"><ele>785.0</ele></trkpt>
    <trkpt lat="35.27080" lon="-120.46181"><ele>785.0</ele></trkpt>
    <trkpt lat="35.27084" lon="-120.46207"><ele>785.0</ele></trkpt>
    <trkpt lat="35.27089" lon="-120.46218"><ele>785.0</ele></trkpt>
    <trkpt lat="35.27097" lon="-120.46227"><ele>785.0</ele></trkpt>
    <trkpt lat="35.27109" lon="-120.46232"><ele>784.0</ele></trkpt>
    <trkpt lat="35.27125" lon="-120.46234"><ele>784.0</ele></trkpt>
    <trkpt lat="35.27132" lon="-120.46241"><ele>784.0</ele></trkpt>
    <trkpt lat="35.27136" lon="-120.46251"><ele>784.0</ele></trkpt>
    <trkpt lat="35.27139" lon="-120.46264"><ele>784.0</ele></trkpt>
    <trkpt lat="35.27141" lon="-120.46278"><ele>784.0</ele></trkpt>
    <trkpt lat="35.27142" lon="-120.46291"><ele>784.0</ele></trkpt>
    <trkpt lat="35.27144" lon="-120.46302"><ele>784.0</ele></trkpt>
    <trkpt lat="35.27149" lon="-120.46311"><ele>777.0</ele></trkpt>
    <trkpt lat="35.27157" lon="-120.46315"><ele>777.0</ele></trkpt>
    <trkpt lat="35.27169" lon="-120.46317"><ele>777.0</ele></trkpt>
    <trkpt lat="35.27181" lon="-120.46316"><ele>777.0</ele></trkpt>
    <trkpt lat="35.27193" lon="-120.46317"><ele>777.0</ele></trkpt>
    <trkpt lat="35.27207" lon="-120.46324"><ele>777.0</ele></trkpt>
    <trkpt lat="35.27215" lon="-120.46334"><ele>777.0</ele></trkpt>
    <trkpt lat="35.27223" lon="-120.46350"><ele>767.0</ele></trkpt>
    <trkpt lat="35.27231" lon="-120.46372"><ele>767.0</ele></trkpt>
    <trkpt lat="35.27231" lon="-120.46387"><ele>767.0</ele></trkpt>
    <trkpt lat="35.27231" lon="-120.46406"><ele>767.0</ele></trkpt>
    <trkpt lat="35.27234" lon="-120.46422"><ele>767.0</ele></trkpt>
    <trkpt lat="35.27238" lon="-120.46434"><ele>767.0</ele></trkpt>
    <trkpt lat="35.27244" lon="-120.46448"><ele>767.0</ele></trkpt>
    <trkpt lat="35.27251" lon="-120.46463"><ele>767.0</ele></trkpt>
    <trkpt lat="35.27266" lon="-120.46473"><ele>759.0</ele></trkpt>
    <trkpt lat="35.27274" lon="-120.46483"><ele>759.0</ele></trkpt>
    <trkpt lat="35.27282" lon="-120.46498"><ele>759.0</ele></trkpt>
    <trkpt lat="35.27285" lon="-120.46510"><ele>759.0</ele></trkpt>
    <trkpt lat="35.27284" lon="-120.46516"><ele>759.0</ele></trkpt>
    <trkpt lat="35.27283" lon="-120.46524"><ele>759.0</ele></trkpt>
    <trkpt lat="35.27277" lon="-120.46534"><ele>759.0</ele></trkpt>
    <trkpt lat="35.27267" lon="-120.46543"><ele>759.0</ele></trkpt>
    <trkpt lat="35.27252" lon="-120.46552"><ele>752.0</ele></trkpt>
    <trkpt lat="35.27241" lon="-120.46553"><ele>752.0</ele></trkpt>
    <trkpt lat="35.27232" lon="-120.46555"><ele>752.0</ele></trkpt>
    <trkpt lat="35.27221" lon="-120.46565"><ele>752.0</ele></trkpt>
    <trkpt lat="35.27214" lon="-120.46580"><ele>752.0</ele></trkpt>
    <trkpt lat="35.27214" lon="-120.46597"><ele>752.0</ele></trkpt>
    <trkpt lat="35.27216" lon="-120.46616"><ele>752.0</ele></trkpt>
    <trkpt lat="35.27218" lon="-120.46636"><ele>729.0</ele></trkpt>
    <trkpt lat="35.27217" lon="-120.46654"><ele>729.0</ele></trkpt>
    <trkpt lat="35.27212" lon="-120.46674"><ele>729.0</ele></trkpt>
    <trkpt lat="35.27204" lon="-120.46697"><ele>729.0</ele></trkpt>
    <trkpt lat="35.27199" lon="-120.46714"><ele>729.0</ele></trkpt>
    <trkpt lat="35.27200" lon="-120.46732"><ele>729.0</ele></trkpt>
    <trkpt lat="35.27213" lon="-120.46751"><ele>729.0</ele></trkpt>
    <trkpt lat="35.27223" lon="-120.46761"><ele>729.0</ele></trkpt>
    <trkpt lat="35.27229" lon="-120.46764"><ele>734.0</ele></trkpt>
    <trkpt lat="35.27240" lon="-120.46758"><ele>734.0</ele></trkpt>
    <trkpt lat="35.27256" lon="-120.46750"><ele>734.0</ele></trkpt>
    <trkpt lat="35.27273" lon="-120.46745"><ele>734.0</ele></trkpt>
    <trkpt lat="35.27287" lon="-120.46749"><ele>734.0</ele></trkpt>
    <trkpt lat="35.27298" lon="-120.46759"><ele>734.0</ele></trkpt>
    <trkpt lat="35.27305" lon="-120.46769"><ele>734.0</ele></trkpt>
    <trkpt lat="35.27313" lon="-120.46779"><ele>734.0</ele></trkpt>
    <trkpt lat="35.27324" lon="-120.46787"><ele>722.0</ele></trkpt>
    <trkpt lat="35.27334" lon="-120.46789"><ele>722.0</ele></trkpt>
    <trkpt lat="35.27349" lon="-120.46788"><ele>722.0</ele></trkpt>
    <trkpt lat="35.27364" lon="-120.46777"><ele>722.0</ele></trkpt>
    <trkpt lat="35.27375" lon="-120.46763"><ele>722.0</ele></trkpt>
    <trkpt lat="35.27388" lon="-120.46743"><ele>722.0</ele></trkpt>
    <trkpt lat="35.27397" lon="-120.46726"><ele>722.0</ele></trkpt>
    <trkpt lat="35.27405" lon="-120.46708"><ele>728.0</ele></trkpt>
    <trkpt lat="35.27409" lon="-120.46686"><ele>728.0</ele></trkpt>
    <trkpt lat="35.27410" lon="-120.46670"><ele>728.0</ele></trkpt>
    <trkpt lat="35.27414" lon="-120.46656"><ele>728.0</ele></trkpt>
    <trkpt lat="35.27427" lon="-120.46641"><ele>728.0</ele></trkpt>
    <trkpt lat="35.27448" lon="-120.46627"><ele>728.0</ele></trkpt>
    <trkpt lat="35.27458" lon="-120.46629"><ele>728.0</ele></trkpt>
    <trkpt lat="35.27463" lon="-120.46649"><ele>728.0</ele></trkpt>
    <trkpt lat="35.27479" lon="-120.46683"><ele>707.0</ele></trkpt>
    <trkpt lat="35.27498" lon="-120.46720"><ele>707.0</ele></trkpt>
    <trkpt lat="35.27522" lon="-120.46738"><ele>707.0</ele></trkpt>
    <trkpt lat="35.27566" lon="-120.46772"><ele>707.0</ele></trkpt>
    <trkpt lat="35.27585" lon="-120.46789"><ele>707.0</ele></trkpt>
    <trkpt lat="35.27599" lon="-120.46808"><ele>707.0</ele></trkpt>
    <trkpt lat="35.27611" lon="-120.46826"><ele>707.0</ele></trkpt>
    <trkpt lat="35.27622" lon="-120.46846"><ele>707.0</ele></trkpt>
    <trkpt lat="35.27631" lon="-120.46867"><ele>709.0</ele></trkpt>
    <trkpt lat="35.27637" lon="-120.46889"><ele>709.0</ele></trkpt>
    <trkpt lat="35.27639" lon="-120.46905"><ele>709.0</ele></trkpt>
    <trkpt lat="35.27639" lon="-120.46923"><ele>709.0</ele></trkpt>
    <trkpt lat="35.27636" lon="-120.46936"><ele>709.0</ele></trkpt>
    <trkpt lat="35.27631" lon="-120.46944"><ele>709.0</ele></trkpt>
    <trkpt lat="35.27621" lon="-120.46946"><ele>709.0</ele></trkpt>
    <trkpt lat="35.27600" lon="-120.46950"><ele>709.0</ele></trkpt>
    <trkpt lat="35.27583" lon="-120.46949"><ele>706.0</ele></trkpt>
    <trkpt lat="35.27570" lon="-120.46954"><ele>706.0</ele></trkpt>
    <trkpt lat="35.27560" lon="-120.46961"><ele>706.0</ele></trkpt>
    <trkpt lat="35.27551" lon="-120.46972"><ele>706.0</ele></trkpt>
    <trkpt lat="35.27543" lon="-120.46985"><ele>706.0</ele></trkpt>
    <trkpt lat="35.27536" lon="-120.47008"><ele>706.0</ele></trkpt>
    <trkpt lat="35.27533" lon="-120.47042"><ele>706.0</ele></trkpt>
    <trkpt lat="35.27533" lon="-120.47061"><ele>708.0</ele></trkpt>
    <trkpt lat="35.27534" lon="-120.47086"><ele>708.0</ele></trkpt>
    <trkpt lat="35.27536" lon="-120.47110"><ele>708.0</ele></trkpt>
    <trkpt lat="35.27536" lon="-120.47129"><ele>708.0</ele></trkpt>
    <trkpt lat="35.27531" lon="-120.47140"><ele>708.0</ele></trkpt>
    <trkpt lat="35.27524" lon="-120.47147"><ele>708.0</ele></trkpt>
    <trkpt lat="35.27506" lon="-120.47140"><ele>708.0</ele></trkpt>
    <trkpt lat="35.27490" lon="-120.47136"><ele>708.0</ele></trkpt>
    <trkpt lat="35.27475" lon="-120.47135"><ele>689.0</ele></trkpt>
    <trkpt lat="35.27465" lon="-120.47140"><ele>689.0</ele></trkpt>
    <trkpt lat="35.27460" lon="-120.47154"><ele>689.0</ele></trkpt>
    <trkpt lat="35.27460" lon="-120.47169"><ele>689.0</ele></trkpt>
    <trkpt lat="35.27460" lon="-120.47186"><ele>689.0</ele></trkpt>
    <trkpt lat="35.27454" lon="-120.47207"><ele>689.0</ele></trkpt>
    <trkpt lat="35.27448" lon="-120.47229"><ele>689.0</ele></trkpt>
    <trkpt lat="35.27440" lon="-120.47249"><ele>689.0</ele></trkpt>
    <trkpt lat="35.27437" lon="-120.47266"><ele>680.0</ele></trkpt>
    <trkpt lat="35.27437" lon="-120.47281"><ele>680.0</ele></trkpt>
    <trkpt lat="35.27445" lon="-120.47302"><ele>680.0</ele></trkpt>
    <trkpt lat="35.27453" lon="-120.47322"><ele>680.0</ele></trkpt>
    <trkpt lat="35.27463" lon="-120.47336"><ele>680.0</ele></trkpt>
    <trkpt lat="35.27471" lon="-120.47348"><ele>680.0</ele></trkpt>
    <trkpt lat="35.27474" lon="-120.47369"><ele>680.0</ele></trkpt>
    <trkpt lat="35.27477" lon="-120.47382"><ele>688.0</ele></trkpt>
    <trkpt lat="35.27472" lon="-120.47392"><ele>688.0</ele></trkpt>
    <trkpt lat="35.27453" lon="-120.47404"><ele>688.0</ele></trkpt>
    <trkpt lat="35.27409" lon="-120.47399"><ele>688.0</ele></trkpt>
    <trkpt lat="35.27389" lon="-120.47393"><ele>688.0</ele></trkpt>
    <trkpt lat="35.27364" lon="-120.47384"><ele>688.0</ele></trkpt>
    <trkpt lat="35.27350" lon="-120.47378"><ele>688.0</ele></trkpt>
    <trkpt lat="35.27337" lon="-120.47371"><ele>688.0</ele></trkpt>
    <trkpt lat="35.27325" lon="-120.47369"><ele>666.0</ele></trkpt>
    <trkpt lat="35.27314" lon="-120.47372"><ele>666.0</ele></trkpt>
    <trkpt lat="35.27302" lon="-120.47381"><ele>666.0</ele></trkpt>
    <trkpt lat="35.27288" lon="-120.47406"><ele>666.0</ele></trkpt>
    <trkpt lat="35.27274" lon="-120.47428"><ele>666.0</ele></trkpt>
    <trkpt lat="35.27264" lon="-120.47452"><ele>666.0</ele></trkpt>
    <trkpt lat="35.27258" lon="-120.47467"><ele>666.0</ele></trkpt>
    <trkpt lat="35.27257" lon="-120.47486"><ele>666.0</ele></trkpt>
    <trkpt lat="35.27265" lon="-120.47500"><ele>661.0</ele></trkpt>
    <trkpt lat="35.27282" lon="-120.47518"><ele>661.0</ele></trkpt>
    <trkpt lat="35.27295" lon="-120.47537"><ele>661.0</ele></trkpt>
    <trkpt lat="35.27314" lon="-120.47555"><ele>661.0</ele></trkpt>
    <trkpt lat="35.27334" lon="-120.47579"><ele>661.0</ele></trkpt>
    <trkpt lat="35.27345" lon="-120.47609"><ele>661.0</ele></trkpt>
    <trkpt lat="35.27351" lon="-120.47626"><ele>661.0</ele></trkpt>
    <trkpt lat="35.27358" lon="-120.47647"><ele>644.0</ele></trkpt>
    <trkpt lat="35.27364" lon="-120.47665"><ele>644.0</ele></trkpt>
    <trkpt lat="35.27387" lon="-120.47689"><ele>644.0</ele></trkpt>
    <trkpt lat="35.27409" lon="-120.47713"><ele>644.0</ele></trkpt>
    <trkpt lat="35.27424" lon="-120.47723"><ele>644.0</ele></trkpt>
    <trkpt lat="35.27435" lon="-120.47725"><ele>644.0</ele></trkpt>
    <trkpt lat="35.27447" lon="-120.47723"><ele>644.0</ele></trkpt>
    <trkpt lat="35.27461" lon="-120.47719"><ele>644.0</ele></trkpt>
    <trkpt lat="35.27473" lon="-120.47719"><ele>646.0</ele></trkpt>
    <trkpt lat="35.27484" lon="-120.47727"><ele>646.0</ele></trkpt>
    <trkpt lat="35.27499" lon="-120.47743"><ele>646.0</ele></trkpt>
    <trkpt lat="35.27507" lon="-120.47770"><ele>646.0</ele></trkpt>
    <trkpt lat="35.27509" lon="-120.47810"><ele>646.0</ele></trkpt>
    <trkpt lat="35.27506" lon="-120.47836"><ele>646.0</ele></trkpt>
    <trkpt lat="35.27491" lon="-120.47876"><ele>646.0</ele></trkpt>
    <trkpt lat="35.27485" lon="-120.47902"><ele>646.0</ele></trkpt>
    <trkpt lat="35.27483" lon="-120.47915"><ele>617.0</ele></trkpt>
    <trkpt lat="35.27471" lon="-120.47951"><ele>617.0</ele></trkpt>
    <trkpt lat="35.27460" lon="-120.47973"><ele>617.0</ele></trkpt>
    <trkpt lat="35.27454" lon="-120.47993"><ele>617.0</ele></trkpt>
    <trkpt lat="35.27454" lon="-120.47993"><ele>617.0</ele></trkpt>
    <trkpt lat="35.27454" lon="-120.48013"><ele>617.0</ele></trkpt>
    <trkpt lat="35.27453" lon="-120.48024"><ele>617.0</ele></trkpt>
    <trkpt lat="35.27457" lon="-120.48044"><ele>617.0</ele></trkpt>
    <trkpt lat="35.27465" lon="-120.48060"><ele>608.0</ele></trkpt>
    <trkpt lat="35.27472" lon="-120.48070"><ele>608.0</ele></trkpt>
    <trkpt lat="35.27484" lon="-120.48079"><ele>608.0</ele></trkpt>
    <trkpt lat="35.27501" lon="-120.48073"><ele>608.0</ele></trkpt>
    <trkpt lat="35.27513" lon="-120.48052"><ele>608.0</ele></trkpt>
    <trkpt lat="35.27522" lon="-120.48041"><ele>608.0</ele></trkpt>
    <trkpt lat="35.27535" lon="-120.48041"><ele>608.0</ele></trkpt>
    <trkpt lat="35.27553" lon="-120.48045"><ele>606.0</ele></trkpt>
    <trkpt lat="35.27573" lon="-120.48054"><ele>606.0</ele></trkpt>
    <trkpt lat="35.27593" lon="-120.48060"><ele>606.0</ele></trkpt>
    <trkpt lat="35.27608" lon="-120.48057"><ele>606.0</ele></trkpt>
    <trkpt lat="35.27622" lon="-120.48053"><ele>606.0</ele></trkpt>
    <trkpt lat="35.27639" lon="-120.48044"><ele>606.0</ele></trkpt>
    <trkpt lat="35.27650" lon="-120.48033"><ele>606.0</ele></trkpt>
    <trkpt lat="35.27663" lon="-120.48023"><ele>606.0</ele></trkpt>
    <trkpt lat="35.27675" lon="-120.48019"><ele>615.0</ele></trkpt>
    <trkpt lat="35.27690" lon="-120.48019"><ele>615.0</ele></trkpt>
    <trkpt lat="35.27700" lon="-120.48024"><ele>615.0</ele></trkpt>
    <trkpt lat="35.27710" lon="-120.48037"><ele>615.0</ele></trkpt>
    <trkpt lat="35.27717" lon="-120.48058"><ele>615.0</ele></trkpt>
    <trkpt lat="35.27728" lon="-120.48085"><ele>615.0</ele></trkpt>
    <trkpt lat="35.27734" lon="-120.48112"><ele>615.0</ele></trkpt>
    <trkpt lat="35.27726" lon="-120.48147"><ele>615.0</ele></trkpt>
    <trkpt lat="35.27722" lon="-120.48158"><ele>605.0</ele></trkpt>
    <trkpt lat="35.27724" lon="-120.48177"><ele>605.0</ele></trkpt>
    <trkpt lat="35.27726" lon="-120.48202"><ele>605.0</ele></trkpt>
    <trkpt lat="35.27723" lon="-120.48222"><ele>605.0</ele></trkpt>
    <trkpt lat="35.27713" lon="-120.48232"><ele>605.0</ele></trkpt>
    <trkpt lat="35.27691" lon="-120.48232"><ele>605.0</ele></trkpt>
    <trkpt lat="35.27670" lon="-120.48225"><ele>605.0</ele></trkpt>
    <trkpt lat="35.27651" lon="-120.48226"><ele>595.0</ele></trkpt>
    <trkpt lat="35.27631" lon="-120.48232"><ele>595.0</ele></trkpt>
    <trkpt lat="35.27620" lon="-120.48241"><ele>595.0</ele></trkpt>
    <trkpt lat="35.27611" lon="-120.48258"><ele>595.0</ele></trkpt>
    <trkpt lat="35.27604" lon="-120.48279"><ele>595.0</ele></trkpt>
    <trkpt lat="35.27603" lon="-120.48293"><ele>595.0</ele></trkpt>
    <trkpt lat="35.27605" lon="-120.48312"><ele>595.0</ele></trkpt>
    <trkpt lat="35.27611" lon="-120.48319"><ele>595.0</ele></trkpt>
    <trkpt lat="35.27633" lon="-120.48325"><ele>615.0</ele></trkpt>
    <trkpt lat="35.27656" lon="-120.48326"><ele>615.0</ele></trkpt>
    <trkpt lat="35.27668" lon="-120.48328"><ele>615.0</ele></trkpt>
    <trkpt lat="35.27683" lon="-120.48333"><ele>615.0</ele></trkpt>
    <trkpt lat="35.27693" lon="-120.48339"><ele>615.0</ele></trkpt>
    <trkpt lat="35.27701" lon="-120.48347"><ele>615.0</ele></trkpt>
    <trkpt lat="35.27698" lon="-120.48371"><ele>615.0</ele></trkpt>
    <trkpt lat="35.27676" lon="-120.48379"><ele>615.0</ele></trkpt>
    <trkpt lat="35.27654" lon="-120.48383"><ele>613.0</ele></trkpt>
    <trkpt lat="35.27636" lon="-120.48398"><ele>613.0</ele></trkpt>
    <trkpt lat="35.27622" lon="-120.48417"><ele>613.0</ele></trkpt>
    <trkpt lat="35.27615" lon="-120.48433"><ele>613.0</ele></trkpt>
    <trkpt lat="35.27610" lon="-120.48447"><ele>613.0</ele></trkpt>
    <trkpt lat="35.27607" lon="-120.48468"><ele>613.0</ele></trkpt>
    <trkpt lat="35.27610" lon="-120.48484"><ele>613.0</ele></trkpt>
    <trkpt lat="35.27615" lon="-120.48495"><ele>627.0</ele></trkpt>
    <trkpt lat="35.27623" lon="-120.48506"><ele>627.0</ele></trkpt>
    <trkpt lat="35.27640" lon="-120.48514"><ele>627.0</ele></trkpt>
    <trkpt lat="35.27650" lon="-120.48518"><ele>627.0</ele></trkpt>
    <trkpt lat="35.27665" lon="-120.48531"><ele>627.0</ele></trkpt>
    <trkpt lat="35.27680" lon="-120.48561"><ele>627.0</ele></trkpt>
    <trkpt lat="35.27691" lon="-120.48586"><ele>627.0</ele></trkpt>
    <trkpt lat="35.27705" lon="-120.48607"><ele>627.0</ele></trkpt>
    <trkpt lat="35.27713" lon="-120.48624"><ele>649.0</ele></trkpt>
    <trkpt lat="35.27720" lon="-120.48645"><ele>649.0</ele></trkpt>
    <trkpt lat="35.27728" lon="-120.48669"><ele>649.0</ele></trkpt>
    <trkpt lat="35.27736" lon="-120.48691"><ele>649.0</ele></trkpt>
    <trkpt lat="35.27744" lon="-120.48714"><ele>649.0</ele></trkpt>
    <trkpt lat="35.27747" lon="-120.48738"><ele>649.0</ele></trkpt>
    <trkpt lat="35.27741" lon="-120.48754"><ele>649.0</ele></trkpt>
    <trkpt lat="35.27728" lon="-120.48766"><ele>649.0</ele></trkpt>
    <trkpt lat="35.27714" lon="-120.48767"><ele>654.0</ele></trkpt>
    <trkpt lat="35.27697" lon="-120.48755"><ele>654.0</ele></trkpt>
    <trkpt lat="35.27681" lon="-120.48745"><ele>654.0</ele></trkpt>
    <trkpt lat="35.27669" lon="-120.48738"><ele>654.0</ele></trkpt>
    <trkpt lat="35.27657" lon="-120.48736"><ele>654.0</ele></trkpt>
    <trkpt lat="35.27636" lon="-120.48735"><ele>654.0</ele></trkpt>
    <trkpt lat="35.27620" lon="-120.48737"><ele>654.0</ele></trkpt>
    <trkpt lat="35.27611" lon="-120.48737"><ele>654.0</ele></trkpt>
    <trkpt lat="35.27596" lon="-120.48741"><ele>637.0</ele></trkpt>
    <trkpt lat="35.27580" lon="-120.48747"><ele>637.0</ele></trkpt>
    <trkpt lat="35.27565" lon="-120.48753"><ele>637.0</ele></trkpt>
    <trkpt lat="35.27555" lon="-120.48770"><ele>637.0</ele></trkpt>
    <trkpt lat="35.27556" lon="-120.48789"><ele>637.0</ele></trkpt>
    <trkpt lat="35.27557" lon="-120.48800"><ele>637.0</ele></trkpt>
    <trkpt lat="35.27563" lon="-120.48806"><ele>637.0</ele></trkpt>
    <trkpt lat="35.27577" lon="-120.48808"><ele>655.0</ele></trkpt>
    <trkpt lat="35.27597" lon="-120.48814"><ele>655.0</ele></trkpt>
    <trkpt lat="35.27623" lon="-120.48820"><ele>655.0</ele></trkpt>
    <trkpt lat="35.27630" lon="-120.48830"><ele>655.0</ele></trkpt>
    <trkpt lat="35.27640" lon="-120.48846"><ele>655.0</ele></trkpt>
    <trkpt lat="35.27644" lon="-120.48866"><ele>655.0</ele></trkpt>
    <trkpt lat="35.27649" lon="-120.48899"><ele>655.0</ele></trkpt>
    <trkpt lat="35.27658" lon="-120.48928"><ele>655.0</ele></trkpt>
    <trkpt lat="35.27668" lon="-120.48948"><ele>662.0</ele></trkpt>
    <trkpt lat="35.27679" lon="-120.48960"><ele>662.0</ele></trkpt>
    <trkpt lat="35.27695" lon="-120.48966"><ele>662.0</ele></trkpt>
    <trkpt lat="35.27714" lon="-120.48967"><ele>662.0</ele></trkpt>
    <trkpt lat="35.27723" lon="-120.48971"><ele>662.0</ele></trkpt>
    <trkpt lat="35.27744" lon="-120.48992"><ele>662.0</ele></trkpt>
    <trkpt lat="35.27760" lon="-120.49011"><ele>662.0</ele></trkpt>
    <trkpt lat="35.27773" lon="-120.49030"><ele>662.0</ele></trkpt>
    <trkpt lat="35.27778" lon="-120.49042"><ele>661.0</ele></trkpt>
    <trkpt lat="35.27782" lon="-120.49063"><ele>661.0</ele></trkpt>
    <trkpt lat="35.27789" lon="-120.49093"><ele>661.0</ele></trkpt>
    <trkpt lat="35.27800" lon="-120.49123"><ele>661.0</ele></trkpt>
    <trkpt lat="35.27811" lon="-120.49143"><ele>661.0</ele></trkpt>
    <trkpt lat="35.27825" lon="-120.49160"><ele>661.0</ele></trkpt>
    <trkpt lat="35.27843" lon="-120.49177"><ele>661.0</ele></trkpt>
    <trkpt lat="35.27860" lon="-120.49195"><ele>664.0</ele></trkpt>
    <trkpt lat="35.27876" lon="-120.49208"><ele>664.0</ele></trkpt>
    <trkpt lat="35.27891" lon="-120.49213"><ele>664.0</ele></trkpt>
    <trkpt lat="35.27904" lon="-120.49221"><ele>664.0</ele></trkpt>
    <trkpt lat="35.27919" lon="-120.49229"><ele>664.0</ele></trkpt>
    <trkpt lat="35.27928" lon="-120.49233"><ele>664.0</ele></trkpt>
    <trkpt lat="35.27937" lon="-120.49241"><ele>664.0</ele></trkpt>
    <trkpt lat="35.27944" lon="-120.49249"><ele>664.0</ele></trkpt>
    <trkpt lat="35.27945" lon="-120.49258"><ele>661.0</ele></trkpt>
    <trkpt lat="35.27940" lon="-120.49265"><ele>661.0</ele></trkpt>
    <trkpt lat="35.27934" lon="-120.49278"><ele>661.0</ele></trkpt>
    <trkpt lat="35.27924" lon="-120.49284"><ele>661.0</ele></trkpt>
  </trkseg></trk>
  <trk><name>Rock Front OHV Road</name><trkseg>
    <trkpt lat="35.11083" lon="-120.09567"><ele>383.0</ele></trkpt>
    <trkpt lat="35.11100" lon="-120.09570"><ele>383.0</ele></trkpt>
    <trkpt lat="35.11128" lon="-120.09576"><ele>384.0</ele></trkpt>
    <trkpt lat="35.11147" lon="-120.09583"><ele>384.0</ele></trkpt>
    <trkpt lat="35.11158" lon="-120.09595"><ele>384.0</ele></trkpt>
    <trkpt lat="35.11165" lon="-120.09604"><ele>386.0</ele></trkpt>
    <trkpt lat="35.11170" lon="-120.09621"><ele>386.0</ele></trkpt>
    <trkpt lat="35.11177" lon="-120.09644"><ele>386.0</ele></trkpt>
    <trkpt lat="35.11185" lon="-120.09665"><ele>386.0</ele></trkpt>
    <trkpt lat="35.11196" lon="-120.09678"><ele>393.0</ele></trkpt>
    <trkpt lat="35.11227" lon="-120.09695"><ele>393.0</ele></trkpt>
    <trkpt lat="35.11265" lon="-120.09709"><ele>393.0</ele></trkpt>
    <trkpt lat="35.11306" lon="-120.09730"><ele>397.0</ele></trkpt>
    <trkpt lat="35.11342" lon="-120.09745"><ele>397.0</ele></trkpt>
    <trkpt lat="35.11360" lon="-120.09747"><ele>397.0</ele></trkpt>
    <trkpt lat="35.11373" lon="-120.09744"><ele>395.0</ele></trkpt>
    <trkpt lat="35.11392" lon="-120.09741"><ele>395.0</ele></trkpt>
    <trkpt lat="35.11407" lon="-120.09745"><ele>395.0</ele></trkpt>
    <trkpt lat="35.11429" lon="-120.09761"><ele>398.0</ele></trkpt>
    <trkpt lat="35.11466" lon="-120.09795"><ele>398.0</ele></trkpt>
    <trkpt lat="35.11494" lon="-120.09822"><ele>398.0</ele></trkpt>
    <trkpt lat="35.11524" lon="-120.09853"><ele>403.0</ele></trkpt>
    <trkpt lat="35.11550" lon="-120.09867"><ele>403.0</ele></trkpt>
    <trkpt lat="35.11571" lon="-120.09864"><ele>403.0</ele></trkpt>
    <trkpt lat="35.11599" lon="-120.09859"><ele>403.0</ele></trkpt>
    <trkpt lat="35.11624" lon="-120.09853"><ele>401.0</ele></trkpt>
    <trkpt lat="35.11642" lon="-120.09856"><ele>401.0</ele></trkpt>
    <trkpt lat="35.11660" lon="-120.09869"><ele>401.0</ele></trkpt>
    <trkpt lat="35.11664" lon="-120.09891"><ele>402.0</ele></trkpt>
    <trkpt lat="35.11673" lon="-120.09947"><ele>402.0</ele></trkpt>
    <trkpt lat="35.11684" lon="-120.09966"><ele>402.0</ele></trkpt>
    <trkpt lat="35.11697" lon="-120.09971"><ele>405.0</ele></trkpt>
    <trkpt lat="35.11715" lon="-120.09971"><ele>405.0</ele></trkpt>
    <trkpt lat="35.11741" lon="-120.09969"><ele>405.0</ele></trkpt>
    <trkpt lat="35.11757" lon="-120.09975"><ele>408.0</ele></trkpt>
    <trkpt lat="35.11772" lon="-120.09992"><ele>408.0</ele></trkpt>
    <trkpt lat="35.11799" lon="-120.10023"><ele>408.0</ele></trkpt>
    <trkpt lat="35.11824" lon="-120.10055"><ele>408.0</ele></trkpt>
    <trkpt lat="35.11853" lon="-120.10093"><ele>415.0</ele></trkpt>
    <trkpt lat="35.11882" lon="-120.10120"><ele>415.0</ele></trkpt>
    <trkpt lat="35.11902" lon="-120.10144"><ele>415.0</ele></trkpt>
    <trkpt lat="35.11923" lon="-120.10172"><ele>418.0</ele></trkpt>
    <trkpt lat="35.11959" lon="-120.10204"><ele>418.0</ele></trkpt>
    <trkpt lat="35.11995" lon="-120.10234"><ele>418.0</ele></trkpt>
    <trkpt lat="35.12014" lon="-120.10252"><ele>428.0</ele></trkpt>
    <trkpt lat="35.12019" lon="-120.10263"><ele>428.0</ele></trkpt>
    <trkpt lat="35.12014" lon="-120.10272"><ele>428.0</ele></trkpt>
    <trkpt lat="35.12004" lon="-120.10283"><ele>432.0</ele></trkpt>
    <trkpt lat="35.12002" lon="-120.10286"><ele>432.0</ele></trkpt>
    <trkpt lat="35.11989" lon="-120.10302"><ele>432.0</ele></trkpt>
    <trkpt lat="35.11981" lon="-120.10318"><ele>442.0</ele></trkpt>
    <trkpt lat="35.11983" lon="-120.10334"><ele>442.0</ele></trkpt>
    <trkpt lat="35.11989" lon="-120.10352"><ele>442.0</ele></trkpt>
    <trkpt lat="35.11997" lon="-120.10376"><ele>442.0</ele></trkpt>
    <trkpt lat="35.12012" lon="-120.10392"><ele>453.0</ele></trkpt>
    <trkpt lat="35.12021" lon="-120.10414"><ele>453.0</ele></trkpt>
    <trkpt lat="35.12028" lon="-120.10449"><ele>453.0</ele></trkpt>
    <trkpt lat="35.12038" lon="-120.10466"><ele>464.0</ele></trkpt>
    <trkpt lat="35.12049" lon="-120.10480"><ele>464.0</ele></trkpt>
    <trkpt lat="35.12053" lon="-120.10501"><ele>464.0</ele></trkpt>
    <trkpt lat="35.12051" lon="-120.10527"><ele>465.0</ele></trkpt>
    <trkpt lat="35.12049" lon="-120.10541"><ele>465.0</ele></trkpt>
    <trkpt lat="35.12058" lon="-120.10552"><ele>465.0</ele></trkpt>
    <trkpt lat="35.12070" lon="-120.10568"><ele>466.0</ele></trkpt>
    <trkpt lat="35.12078" lon="-120.10587"><ele>466.0</ele></trkpt>
    <trkpt lat="35.12093" lon="-120.10604"><ele>466.0</ele></trkpt>
    <trkpt lat="35.12110" lon="-120.10611"><ele>475.0</ele></trkpt>
    <trkpt lat="35.12123" lon="-120.10620"><ele>475.0</ele></trkpt>
    <trkpt lat="35.12131" lon="-120.10634"><ele>475.0</ele></trkpt>
    <trkpt lat="35.12142" lon="-120.10658"><ele>475.0</ele></trkpt>
    <trkpt lat="35.12153" lon="-120.10684"><ele>478.0</ele></trkpt>
    <trkpt lat="35.12167" lon="-120.10703"><ele>478.0</ele></trkpt>
    <trkpt lat="35.12183" lon="-120.10713"><ele>478.0</ele></trkpt>
    <trkpt lat="35.12203" lon="-120.10729"><ele>483.0</ele></trkpt>
    <trkpt lat="35.12222" lon="-120.10746"><ele>483.0</ele></trkpt>
    <trkpt lat="35.12239" lon="-120.10768"><ele>483.0</ele></trkpt>
    <trkpt lat="35.12260" lon="-120.10785"><ele>486.0</ele></trkpt>
    <trkpt lat="35.12278" lon="-120.10804"><ele>486.0</ele></trkpt>
    <trkpt lat="35.12286" lon="-120.10825"><ele>486.0</ele></trkpt>
    <trkpt lat="35.12300" lon="-120.10857"><ele>490.0</ele></trkpt>
    <trkpt lat="35.12310" lon="-120.10879"><ele>490.0</ele></trkpt>
    <trkpt lat="35.12333" lon="-120.10914"><ele>490.0</ele></trkpt>
    <trkpt lat="35.12355" lon="-120.10949"><ele>490.0</ele></trkpt>
    <trkpt lat="35.12366" lon="-120.10972"><ele>507.0</ele></trkpt>
    <trkpt lat="35.12368" lon="-120.10995"><ele>507.0</ele></trkpt>
    <trkpt lat="35.12373" lon="-120.11016"><ele>507.0</ele></trkpt>
    <trkpt lat="35.12385" lon="-120.11034"><ele>513.0</ele></trkpt>
    <trkpt lat="35.12396" lon="-120.11055"><ele>513.0</ele></trkpt>
    <trkpt lat="35.12400" lon="-120.11078"><ele>513.0</ele></trkpt>
    <trkpt lat="35.12397" lon="-120.11108"><ele>514.0</ele></trkpt>
    <trkpt lat="35.12397" lon="-120.11138"><ele>514.0</ele></trkpt>
    <trkpt lat="35.12404" lon="-120.11161"><ele>514.0</ele></trkpt>
    <trkpt lat="35.12416" lon="-120.11178"><ele>519.0</ele></trkpt>
    <trkpt lat="35.12425" lon="-120.11197"><ele>519.0</ele></trkpt>
    <trkpt lat="35.12431" lon="-120.11218"><ele>519.0</ele></trkpt>
    <trkpt lat="35.12449" lon="-120.11239"><ele>524.0</ele></trkpt>
    <trkpt lat="35.12462" lon="-120.11254"><ele>524.0</ele></trkpt>
    <trkpt lat="35.12468" lon="-120.11275"><ele>524.0</ele></trkpt>
    <trkpt lat="35.12470" lon="-120.11299"><ele>524.0</ele></trkpt>
    <trkpt lat="35.12476" lon="-120.11325"><ele>539.0</ele></trkpt>
    <trkpt lat="35.12485" lon="-120.11357"><ele>539.0</ele></trkpt>
    <trkpt lat="35.12488" lon="-120.11381"><ele>539.0</ele></trkpt>
    <trkpt lat="35.12497" lon="-120.11388"><ele>544.0</ele></trkpt>
    <trkpt lat="35.12510" lon="-120.11400"><ele>544.0</ele></trkpt>
    <trkpt lat="35.12515" lon="-120.11405"><ele>544.0</ele></trkpt>
    <trkpt lat="35.12520" lon="-120.11419"><ele>550.0</ele></trkpt>
    <trkpt lat="35.12526" lon="-120.11440"><ele>550.0</ele></trkpt>
    <trkpt lat="35.12534" lon="-120.11470"><ele>550.0</ele></trkpt>
    <trkpt lat="35.12542" lon="-120.11489"><ele>556.0</ele></trkpt>
    <trkpt lat="35.12548" lon="-120.11505"><ele>556.0</ele></trkpt>
    <trkpt lat="35.12553" lon="-120.11522"><ele>556.0</ele></trkpt>
    <trkpt lat="35.12564" lon="-120.11541"><ele>561.0</ele></trkpt>
    <trkpt lat="35.12584" lon="-120.11566"><ele>561.0</ele></trkpt>
    <trkpt lat="35.12620" lon="-120.11598"><ele>561.0</ele></trkpt>
    <trkpt lat="35.12643" lon="-120.11603"><ele>561.0</ele></trkpt>
    <trkpt lat="35.12666" lon="-120.11601"><ele>568.0</ele></trkpt>
    <trkpt lat="35.12677" lon="-120.11607"><ele>568.0</ele></trkpt>
    <trkpt lat="35.12688" lon="-120.11624"><ele>568.0</ele></trkpt>
    <trkpt lat="35.12702" lon="-120.11646"><ele>574.0</ele></trkpt>
    <trkpt lat="35.12741" lon="-120.11667"><ele>574.0</ele></trkpt>
    <trkpt lat="35.12762" lon="-120.11696"><ele>574.0</ele></trkpt>
    <trkpt lat="35.12787" lon="-120.11738"><ele>577.0</ele></trkpt>
    <trkpt lat="35.12793" lon="-120.11749"><ele>577.0</ele></trkpt>
    <trkpt lat="35.12802" lon="-120.11764"><ele>577.0</ele></trkpt>
    <trkpt lat="35.12827" lon="-120.11805"><ele>565.0</ele></trkpt>
    <trkpt lat="35.12891" lon="-120.11901"><ele>565.0</ele></trkpt>
    <trkpt lat="35.12921" lon="-120.11934"><ele>565.0</ele></trkpt>
    <trkpt lat="35.12934" lon="-120.11947"><ele>565.0</ele></trkpt>
    <trkpt lat="35.12943" lon="-120.11958"><ele>555.0</ele></trkpt>
    <trkpt lat="35.12961" lon="-120.12017"><ele>555.0</ele></trkpt>
    <trkpt lat="35.12963" lon="-120.12029"><ele>555.0</ele></trkpt>
    <trkpt lat="35.12957" lon="-120.12041"><ele>553.0</ele></trkpt>
    <trkpt lat="35.12954" lon="-120.12052"><ele>553.0</ele></trkpt>
    <trkpt lat="35.12947" lon="-120.12074"><ele>553.0</ele></trkpt>
    <trkpt lat="35.12945" lon="-120.12091"><ele>552.0</ele></trkpt>
    <trkpt lat="35.12950" lon="-120.12109"><ele>552.0</ele></trkpt>
    <trkpt lat="35.12968" lon="-120.12161"><ele>552.0</ele></trkpt>
    <trkpt lat="35.12974" lon="-120.12167"><ele>544.0</ele></trkpt>
    <trkpt lat="35.12982" lon="-120.12167"><ele>544.0</ele></trkpt>
    <trkpt lat="35.12987" lon="-120.12161"><ele>544.0</ele></trkpt>
    <trkpt lat="35.12992" lon="-120.12150"><ele>539.0</ele></trkpt>
    <trkpt lat="35.12997" lon="-120.12151"><ele>539.0</ele></trkpt>
    <trkpt lat="35.13018" lon="-120.12162"><ele>539.0</ele></trkpt>
    <trkpt lat="35.13034" lon="-120.12161"><ele>539.0</ele></trkpt>
    <trkpt lat="35.13045" lon="-120.12152"><ele>529.0</ele></trkpt>
    <trkpt lat="35.13061" lon="-120.12142"><ele>529.0</ele></trkpt>
    <trkpt lat="35.13075" lon="-120.12140"><ele>529.0</ele></trkpt>
    <trkpt lat="35.13092" lon="-120.12140"><ele>523.0</ele></trkpt>
    <trkpt lat="35.13104" lon="-120.12143"><ele>523.0</ele></trkpt>
    <trkpt lat="35.13118" lon="-120.12145"><ele>523.0</ele></trkpt>
    <trkpt lat="35.13129" lon="-120.12150"><ele>515.0</ele></trkpt>
    <trkpt lat="35.13138" lon="-120.12159"><ele>515.0</ele></trkpt>
    <trkpt lat="35.13148" lon="-120.12168"><ele>515.0</ele></trkpt>
    <trkpt lat="35.13161" lon="-120.12184"><ele>509.0</ele></trkpt>
    <trkpt lat="35.13184" lon="-120.12197"><ele>509.0</ele></trkpt>
    <trkpt lat="35.13203" lon="-120.12201"><ele>509.0</ele></trkpt>
    <trkpt lat="35.13222" lon="-120.12204"><ele>507.0</ele></trkpt>
    <trkpt lat="35.13238" lon="-120.12206"><ele>507.0</ele></trkpt>
    <trkpt lat="35.13256" lon="-120.12210"><ele>507.0</ele></trkpt>
    <trkpt lat="35.13271" lon="-120.12211"><ele>507.0</ele></trkpt>
    <trkpt lat="35.13286" lon="-120.12208"><ele>502.0</ele></trkpt>
    <trkpt lat="35.13302" lon="-120.12207"><ele>502.0</ele></trkpt>
    <trkpt lat="35.13312" lon="-120.12209"><ele>502.0</ele></trkpt>
    <trkpt lat="35.13322" lon="-120.12214"><ele>498.0</ele></trkpt>
    <trkpt lat="35.13353" lon="-120.12226"><ele>498.0</ele></trkpt>
    <trkpt lat="35.13370" lon="-120.12229"><ele>498.0</ele></trkpt>
    <trkpt lat="35.13390" lon="-120.12227"><ele>492.0</ele></trkpt>
    <trkpt lat="35.13416" lon="-120.12218"><ele>492.0</ele></trkpt>
    <trkpt lat="35.13438" lon="-120.12203"><ele>492.0</ele></trkpt>
    <trkpt lat="35.13453" lon="-120.12200"><ele>487.0</ele></trkpt>
    <trkpt lat="35.13457" lon="-120.12213"><ele>487.0</ele></trkpt>
    <trkpt lat="35.13465" lon="-120.12222"><ele>487.0</ele></trkpt>
    <trkpt lat="35.13472" lon="-120.12230"><ele>487.0</ele></trkpt>
    <trkpt lat="35.13479" lon="-120.12238"><ele>482.0</ele></trkpt>
    <trkpt lat="35.13485" lon="-120.12248"><ele>482.0</ele></trkpt>
    <trkpt lat="35.13487" lon="-120.12261"><ele>482.0</ele></trkpt>
    <trkpt lat="35.13489" lon="-120.12283"><ele>481.0</ele></trkpt>
    <trkpt lat="35.13490" lon="-120.12309"><ele>481.0</ele></trkpt>
    <trkpt lat="35.13500" lon="-120.12334"><ele>481.0</ele></trkpt>
    <trkpt lat="35.13545" lon="-120.12439"><ele>477.0</ele></trkpt>
    <trkpt lat="35.13578" lon="-120.12520"><ele>477.0</ele></trkpt>
    <trkpt lat="35.13587" lon="-120.12549"><ele>477.0</ele></trkpt>
    <trkpt lat="35.13601" lon="-120.12574"><ele>478.0</ele></trkpt>
    <trkpt lat="35.13609" lon="-120.12578"><ele>478.0</ele></trkpt>
    <trkpt lat="35.13624" lon="-120.12581"><ele>478.0</ele></trkpt>
    <trkpt lat="35.13643" lon="-120.12593"><ele>483.0</ele></trkpt>
    <trkpt lat="35.13651" lon="-120.12597"><ele>483.0</ele></trkpt>
    <trkpt lat="35.13660" lon="-120.12609"><ele>483.0</ele></trkpt>
    <trkpt lat="35.13665" lon="-120.12620"><ele>483.0</ele></trkpt>
    <trkpt lat="35.13673" lon="-120.12646"><ele>486.0</ele></trkpt>
    <trkpt lat="35.13677" lon="-120.12668"><ele>486.0</ele></trkpt>
    <trkpt lat="35.13684" lon="-120.12695"><ele>486.0</ele></trkpt>
    <trkpt lat="35.13694" lon="-120.12707"><ele>485.0</ele></trkpt>
    <trkpt lat="35.13709" lon="-120.12716"><ele>485.0</ele></trkpt>
    <trkpt lat="35.13720" lon="-120.12728"><ele>485.0</ele></trkpt>
    <trkpt lat="35.13729" lon="-120.12748"><ele>479.0</ele></trkpt>
    <trkpt lat="35.13732" lon="-120.12769"><ele>479.0</ele></trkpt>
    <trkpt lat="35.13730" lon="-120.12789"><ele>479.0</ele></trkpt>
    <trkpt lat="35.13723" lon="-120.12804"><ele>472.0</ele></trkpt>
    <trkpt lat="35.13712" lon="-120.12814"><ele>472.0</ele></trkpt>
    <trkpt lat="35.13697" lon="-120.12823"><ele>472.0</ele></trkpt>
    <trkpt lat="35.13689" lon="-120.12830"><ele>465.0</ele></trkpt>
    <trkpt lat="35.13687" lon="-120.12841"><ele>465.0</ele></trkpt>
    <trkpt lat="35.13692" lon="-120.12856"><ele>465.0</ele></trkpt>
    <trkpt lat="35.13696" lon="-120.12876"><ele>465.0</ele></trkpt>
    <trkpt lat="35.13693" lon="-120.12896"><ele>454.0</ele></trkpt>
    <trkpt lat="35.13681" lon="-120.12928"><ele>454.0</ele></trkpt>
    <trkpt lat="35.13673" lon="-120.12946"><ele>454.0</ele></trkpt>
    <trkpt lat="35.13660" lon="-120.12958"><ele>452.0</ele></trkpt>
    <trkpt lat="35.13647" lon="-120.12969"><ele>452.0</ele></trkpt>
    <trkpt lat="35.13639" lon="-120.12983"><ele>452.0</ele></trkpt>
    <trkpt lat="35.13638" lon="-120.13000"><ele>452.0</ele></trkpt>
    <trkpt lat="35.13641" lon="-120.13017"><ele>452.0</ele></trkpt>
    <trkpt lat="35.13650" lon="-120.13034"><ele>452.0</ele></trkpt>
    <trkpt lat="35.13658" lon="-120.13054"><ele>445.0</ele></trkpt>
    <trkpt lat="35.13662" lon="-120.13082"><ele>445.0</ele></trkpt>
    <trkpt lat="35.13667" lon="-120.13105"><ele>445.0</ele></trkpt>
    <trkpt lat="35.13671" lon="-120.13122"><ele>445.0</ele></trkpt>
    <trkpt lat="35.13684" lon="-120.13143"><ele>446.0</ele></trkpt>
    <trkpt lat="35.13699" lon="-120.13168"><ele>446.0</ele></trkpt>
    <trkpt lat="35.13713" lon="-120.13192"><ele>446.0</ele></trkpt>
    <trkpt lat="35.13730" lon="-120.13219"><ele>442.0</ele></trkpt>
    <trkpt lat="35.13748" lon="-120.13233"><ele>442.0</ele></trkpt>
    <trkpt lat="35.13766" lon="-120.13244"><ele>442.0</ele></trkpt>
    <trkpt lat="35.13778" lon="-120.13256"><ele>446.0</ele></trkpt>
    <trkpt lat="35.13794" lon="-120.13280"><ele>446.0</ele></trkpt>
    <trkpt lat="35.13813" lon="-120.13313"><ele>446.0</ele></trkpt>
    <trkpt lat="35.13836" lon="-120.13348"><ele>445.0</ele></trkpt>
    <trkpt lat="35.13862" lon="-120.13393"><ele>445.0</ele></trkpt>
    <trkpt lat="35.13883" lon="-120.13423"><ele>445.0</ele></trkpt>
    <trkpt lat="35.13895" lon="-120.13438"><ele>440.0</ele></trkpt>
    <trkpt lat="35.13900" lon="-120.13454"><ele>440.0</ele></trkpt>
    <trkpt lat="35.13902" lon="-120.13472"><ele>440.0</ele></trkpt>
    <trkpt lat="35.13903" lon="-120.13487"><ele>440.0</ele></trkpt>
    <trkpt lat="35.13911" lon="-120.13496"><ele>437.0</ele></trkpt>
    <trkpt lat="35.13924" lon="-120.13503"><ele>437.0</ele></trkpt>
    <trkpt lat="35.13937" lon="-120.13506"><ele>437.0</ele></trkpt>
    <trkpt lat="35.13952" lon="-120.13506"><ele>437.0</ele></trkpt>
    <trkpt lat="35.13972" lon="-120.13507"><ele>437.0</ele></trkpt>
    <trkpt lat="35.13986" lon="-120.13515"><ele>437.0</ele></trkpt>
    <trkpt lat="35.13996" lon="-120.13531"><ele>436.0</ele></trkpt>
    <trkpt lat="35.14003" lon="-120.13547"><ele>436.0</ele></trkpt>
    <trkpt lat="35.14017" lon="-120.13560"><ele>436.0</ele></trkpt>
    <trkpt lat="35.14033" lon="-120.13574"><ele>435.0</ele></trkpt>
    <trkpt lat="35.14041" lon="-120.13584"><ele>435.0</ele></trkpt>
    <trkpt lat="35.14049" lon="-120.13602"><ele>435.0</ele></trkpt>
    <trkpt lat="35.14051" lon="-120.13619"><ele>433.0</ele></trkpt>
    <trkpt lat="35.14049" lon="-120.13637"><ele>433.0</ele></trkpt>
    <trkpt lat="35.14046" lon="-120.13653"><ele>433.0</ele></trkpt>
    <trkpt lat="35.14042" lon="-120.13666"><ele>433.0</ele></trkpt>
    <trkpt lat="35.14033" lon="-120.13679"><ele>432.0</ele></trkpt>
    <trkpt lat="35.14020" lon="-120.13685"><ele>432.0</ele></trkpt>
    <trkpt lat="35.14008" lon="-120.13689"><ele>432.0</ele></trkpt>
    <trkpt lat="35.13995" lon="-120.13696"><ele>431.0</ele></trkpt>
    <trkpt lat="35.13983" lon="-120.13712"><ele>431.0</ele></trkpt>
    <trkpt lat="35.13973" lon="-120.13731"><ele>431.0</ele></trkpt>
    <trkpt lat="35.13966" lon="-120.13754"><ele>427.0</ele></trkpt>
    <trkpt lat="35.13964" lon="-120.13768"><ele>427.0</ele></trkpt>
    <trkpt lat="35.13969" lon="-120.13787"><ele>427.0</ele></trkpt>
    <trkpt lat="35.13972" lon="-120.13806"><ele>427.0</ele></trkpt>
    <trkpt lat="35.13968" lon="-120.13823"><ele>427.0</ele></trkpt>
    <trkpt lat="35.13959" lon="-120.13845"><ele>427.0</ele></trkpt>
    <trkpt lat="35.13945" lon="-120.13861"><ele>427.0</ele></trkpt>
    <trkpt lat="35.13930" lon="-120.13867"><ele>419.0</ele></trkpt>
    <trkpt lat="35.13910" lon="-120.13872"><ele>419.0</ele></trkpt>
    <trkpt lat="35.13900" lon="-120.13882"><ele>419.0</ele></trkpt>
    <trkpt lat="35.13895" lon="-120.13895"><ele>422.0</ele></trkpt>
    <trkpt lat="35.13897" lon="-120.13911"><ele>422.0</ele></trkpt>
    <trkpt lat="35.13902" lon="-120.13927"><ele>422.0</ele></trkpt>
    <trkpt lat="35.13912" lon="-120.13936"><ele>419.0</ele></trkpt>
    <trkpt lat="35.13926" lon="-120.13948"><ele>419.0</ele></trkpt>
    <trkpt lat="35.13931" lon="-120.13963"><ele>419.0</ele></trkpt>
    <trkpt lat="35.13930" lon="-120.13982"><ele>420.0</ele></trkpt>
    <trkpt lat="35.13924" lon="-120.13999"><ele>420.0</ele></trkpt>
    <trkpt lat="35.13914" lon="-120.14015"><ele>420.0</ele></trkpt>
    <trkpt lat="35.13899" lon="-120.14033"><ele>426.0</ele></trkpt>
    <trkpt lat="35.13889" lon="-120.14051"><ele>426.0</ele></trkpt>
    <trkpt lat="35.13886" lon="-120.14071"><ele>426.0</ele></trkpt>
    <trkpt lat="35.13892" lon="-120.14089"><ele>426.0</ele></trkpt>
    <trkpt lat="35.13897" lon="-120.14108"><ele>421.0</ele></trkpt>
    <trkpt lat="35.13897" lon="-120.14130"><ele>421.0</ele></trkpt>
    <trkpt lat="35.13895" lon="-120.14144"><ele>421.0</ele></trkpt>
    <trkpt lat="35.13892" lon="-120.14154"><ele>422.0</ele></trkpt>
    <trkpt lat="35.13888" lon="-120.14166"><ele>422.0</ele></trkpt>
    <trkpt lat="35.13884" lon="-120.14192"><ele>422.0</ele></trkpt>
    <trkpt lat="35.13883" lon="-120.14214"><ele>420.0</ele></trkpt>
    <trkpt lat="35.13885" lon="-120.14238"><ele>420.0</ele></trkpt>
  </trkseg></trk>
  <trk><name>Queen Bee Loop OHV</name><trkseg>
    <trkpt lat="35.35522" lon="-120.25181"><ele>765.0</ele></trkpt>
    <trkpt lat="35.35511" lon="-120.25179"><ele>765.0</ele></trkpt>
    <trkpt lat="35.35500" lon="-120.25174"><ele>765.0</ele></trkpt>
    <trkpt lat="35.35493" lon="-120.25172"><ele>765.0</ele></trkpt>
    <trkpt lat="35.35485" lon="-120.25171"><ele>774.0</ele></trkpt>
    <trkpt lat="35.35478" lon="-120.25172"><ele>774.0</ele></trkpt>
    <trkpt lat="35.35471" lon="-120.25170"><ele>774.0</ele></trkpt>
    <trkpt lat="35.35465" lon="-120.25157"><ele>774.0</ele></trkpt>
    <trkpt lat="35.35478" lon="-120.25147"><ele>774.0</ele></trkpt>
    <trkpt lat="35.35491" lon="-120.25137"><ele>774.0</ele></trkpt>
    <trkpt lat="35.35502" lon="-120.25128"><ele>764.0</ele></trkpt>
    <trkpt lat="35.35508" lon="-120.25112"><ele>764.0</ele></trkpt>
    <trkpt lat="35.35510" lon="-120.25105"><ele>764.0</ele></trkpt>
    <trkpt lat="35.35509" lon="-120.25100"><ele>764.0</ele></trkpt>
    <trkpt lat="35.35507" lon="-120.25085"><ele>764.0</ele></trkpt>
    <trkpt lat="35.35506" lon="-120.25077"><ele>764.0</ele></trkpt>
    <trkpt lat="35.35503" lon="-120.25065"><ele>767.0</ele></trkpt>
    <trkpt lat="35.35497" lon="-120.25053"><ele>767.0</ele></trkpt>
    <trkpt lat="35.35490" lon="-120.25045"><ele>767.0</ele></trkpt>
    <trkpt lat="35.35474" lon="-120.25037"><ele>767.0</ele></trkpt>
    <trkpt lat="35.35461" lon="-120.25036"><ele>767.0</ele></trkpt>
    <trkpt lat="35.35445" lon="-120.25034"><ele>767.0</ele></trkpt>
    <trkpt lat="35.35435" lon="-120.25037"><ele>767.0</ele></trkpt>
    <trkpt lat="35.35423" lon="-120.25044"><ele>791.0</ele></trkpt>
    <trkpt lat="35.35407" lon="-120.25051"><ele>791.0</ele></trkpt>
    <trkpt lat="35.35397" lon="-120.25060"><ele>791.0</ele></trkpt>
    <trkpt lat="35.35389" lon="-120.25065"><ele>791.0</ele></trkpt>
    <trkpt lat="35.35379" lon="-120.25067"><ele>791.0</ele></trkpt>
    <trkpt lat="35.35372" lon="-120.25064"><ele>791.0</ele></trkpt>
    <trkpt lat="35.35367" lon="-120.25056"><ele>797.0</ele></trkpt>
    <trkpt lat="35.35363" lon="-120.25042"><ele>797.0</ele></trkpt>
    <trkpt lat="35.35366" lon="-120.25025"><ele>797.0</ele></trkpt>
    <trkpt lat="35.35370" lon="-120.25009"><ele>797.0</ele></trkpt>
    <trkpt lat="35.35375" lon="-120.24998"><ele>797.0</ele></trkpt>
    <trkpt lat="35.35382" lon="-120.24989"><ele>797.0</ele></trkpt>
    <trkpt lat="35.35389" lon="-120.24977"><ele>783.0</ele></trkpt>
    <trkpt lat="35.35392" lon="-120.24965"><ele>783.0</ele></trkpt>
    <trkpt lat="35.35393" lon="-120.24948"><ele>783.0</ele></trkpt>
    <trkpt lat="35.35387" lon="-120.24934"><ele>783.0</ele></trkpt>
    <trkpt lat="35.35377" lon="-120.24921"><ele>783.0</ele></trkpt>
    <trkpt lat="35.35367" lon="-120.24913"><ele>783.0</ele></trkpt>
    <trkpt lat="35.35352" lon="-120.24904"><ele>793.0</ele></trkpt>
    <trkpt lat="35.35342" lon="-120.24888"><ele>793.0</ele></trkpt>
    <trkpt lat="35.35334" lon="-120.24866"><ele>793.0</ele></trkpt>
    <trkpt lat="35.35328" lon="-120.24858"><ele>793.0</ele></trkpt>
    <trkpt lat="35.35316" lon="-120.24845"><ele>793.0</ele></trkpt>
    <trkpt lat="35.35301" lon="-120.24838"><ele>793.0</ele></trkpt>
    <trkpt lat="35.35283" lon="-120.24831"><ele>795.0</ele></trkpt>
    <trkpt lat="35.35270" lon="-120.24826"><ele>795.0</ele></trkpt>
    <trkpt lat="35.35256" lon="-120.24817"><ele>795.0</ele></trkpt>
    <trkpt lat="35.35253" lon="-120.24815"><ele>795.0</ele></trkpt>
    <trkpt lat="35.35245" lon="-120.24807"><ele>795.0</ele></trkpt>
    <trkpt lat="35.35232" lon="-120.24786"><ele>795.0</ele></trkpt>
    <trkpt lat="35.35223" lon="-120.24775"><ele>795.0</ele></trkpt>
    <trkpt lat="35.35215" lon="-120.24766"><ele>795.0</ele></trkpt>
    <trkpt lat="35.35205" lon="-120.24755"><ele>795.0</ele></trkpt>
    <trkpt lat="35.35196" lon="-120.24745"><ele>795.0</ele></trkpt>
    <trkpt lat="35.35188" lon="-120.24731"><ele>795.0</ele></trkpt>
    <trkpt lat="35.35179" lon="-120.24713"><ele>795.0</ele></trkpt>
    <trkpt lat="35.35168" lon="-120.24691"><ele>795.0</ele></trkpt>
    <trkpt lat="35.35162" lon="-120.24672"><ele>785.0</ele></trkpt>
    <trkpt lat="35.35157" lon="-120.24659"><ele>785.0</ele></trkpt>
    <trkpt lat="35.35150" lon="-120.24640"><ele>785.0</ele></trkpt>
    <trkpt lat="35.35144" lon="-120.24624"><ele>785.0</ele></trkpt>
    <trkpt lat="35.35137" lon="-120.24610"><ele>785.0</ele></trkpt>
    <trkpt lat="35.35131" lon="-120.24591"><ele>785.0</ele></trkpt>
    <trkpt lat="35.35111" lon="-120.24541"><ele>776.0</ele></trkpt>
    <trkpt lat="35.35107" lon="-120.24528"><ele>776.0</ele></trkpt>
    <trkpt lat="35.35102" lon="-120.24508"><ele>776.0</ele></trkpt>
    <trkpt lat="35.35102" lon="-120.24495"><ele>776.0</ele></trkpt>
    <trkpt lat="35.35105" lon="-120.24479"><ele>776.0</ele></trkpt>
    <trkpt lat="35.35109" lon="-120.24461"><ele>776.0</ele></trkpt>
    <trkpt lat="35.35107" lon="-120.24446"><ele>766.0</ele></trkpt>
    <trkpt lat="35.35103" lon="-120.24430"><ele>766.0</ele></trkpt>
    <trkpt lat="35.35104" lon="-120.24415"><ele>766.0</ele></trkpt>
    <trkpt lat="35.35109" lon="-120.24402"><ele>766.0</ele></trkpt>
    <trkpt lat="35.35116" lon="-120.24392"><ele>766.0</ele></trkpt>
    <trkpt lat="35.35124" lon="-120.24381"><ele>766.0</ele></trkpt>
    <trkpt lat="35.35130" lon="-120.24369"><ele>758.0</ele></trkpt>
    <trkpt lat="35.35136" lon="-120.24355"><ele>758.0</ele></trkpt>
    <trkpt lat="35.35140" lon="-120.24342"><ele>758.0</ele></trkpt>
    <trkpt lat="35.35142" lon="-120.24332"><ele>758.0</ele></trkpt>
    <trkpt lat="35.35144" lon="-120.24318"><ele>758.0</ele></trkpt>
    <trkpt lat="35.35145" lon="-120.24306"><ele>758.0</ele></trkpt>
    <trkpt lat="35.35146" lon="-120.24287"><ele>752.0</ele></trkpt>
    <trkpt lat="35.35147" lon="-120.24271"><ele>752.0</ele></trkpt>
    <trkpt lat="35.35148" lon="-120.24256"><ele>752.0</ele></trkpt>
    <trkpt lat="35.35144" lon="-120.24239"><ele>752.0</ele></trkpt>
    <trkpt lat="35.35141" lon="-120.24222"><ele>752.0</ele></trkpt>
    <trkpt lat="35.35131" lon="-120.24194"><ele>752.0</ele></trkpt>
    <trkpt lat="35.35126" lon="-120.24185"><ele>752.0</ele></trkpt>
    <trkpt lat="35.35118" lon="-120.24175"><ele>746.0</ele></trkpt>
    <trkpt lat="35.35103" lon="-120.24151"><ele>746.0</ele></trkpt>
    <trkpt lat="35.35103" lon="-120.24151"><ele>746.0</ele></trkpt>
    <trkpt lat="35.35072" lon="-120.24109"><ele>746.0</ele></trkpt>
    <trkpt lat="35.35065" lon="-120.24100"><ele>746.0</ele></trkpt>
    <trkpt lat="35.35061" lon="-120.24095"><ele>746.0</ele></trkpt>
    <trkpt lat="35.35054" lon="-120.24085"><ele>732.0</ele></trkpt>
    <trkpt lat="35.35032" lon="-120.24057"><ele>732.0</ele></trkpt>
    <trkpt lat="35.35025" lon="-120.24049"><ele>732.0</ele></trkpt>
    <trkpt lat="35.35019" lon="-120.24041"><ele>732.0</ele></trkpt>
    <trkpt lat="35.35011" lon="-120.24032"><ele>732.0</ele></trkpt>
    <trkpt lat="35.34986" lon="-120.24000"><ele>732.0</ele></trkpt>
    <trkpt lat="35.34979" lon="-120.23992"><ele>719.0</ele></trkpt>
    <trkpt lat="35.34973" lon="-120.23984"><ele>719.0</ele></trkpt>
    <trkpt lat="35.34965" lon="-120.23972"><ele>719.0</ele></trkpt>
    <trkpt lat="35.34956" lon="-120.23961"><ele>719.0</ele></trkpt>
    <trkpt lat="35.34948" lon="-120.23950"><ele>719.0</ele></trkpt>
    <trkpt lat="35.34940" lon="-120.23946"><ele>719.0</ele></trkpt>
    <trkpt lat="35.34931" lon="-120.23943"><ele>714.0</ele></trkpt>
    <trkpt lat="35.34921" lon="-120.23945"><ele>714.0</ele></trkpt>
    <trkpt lat="35.34907" lon="-120.23953"><ele>714.0</ele></trkpt>
    <trkpt lat="35.34902" lon="-120.23955"><ele>714.0</ele></trkpt>
    <trkpt lat="35.34895" lon="-120.23958"><ele>714.0</ele></trkpt>
    <trkpt lat="35.34889" lon="-120.23956"><ele>714.0</ele></trkpt>
    <trkpt lat="35.34883" lon="-120.23952"><ele>708.0</ele></trkpt>
    <trkpt lat="35.34877" lon="-120.23944"><ele>708.0</ele></trkpt>
    <trkpt lat="35.34872" lon="-120.23936"><ele>708.0</ele></trkpt>
    <trkpt lat="35.34865" lon="-120.23928"><ele>708.0</ele></trkpt>
    <trkpt lat="35.34857" lon="-120.23924"><ele>708.0</ele></trkpt>
    <trkpt lat="35.34842" lon="-120.23920"><ele>708.0</ele></trkpt>
    <trkpt lat="35.34837" lon="-120.23917"><ele>708.0</ele></trkpt>
    <trkpt lat="35.34826" lon="-120.23914"><ele>701.0</ele></trkpt>
    <trkpt lat="35.34816" lon="-120.23909"><ele>701.0</ele></trkpt>
    <trkpt lat="35.34809" lon="-120.23900"><ele>701.0</ele></trkpt>
    <trkpt lat="35.34801" lon="-120.23891"><ele>701.0</ele></trkpt>
    <trkpt lat="35.34796" lon="-120.23884"><ele>701.0</ele></trkpt>
    <trkpt lat="35.34791" lon="-120.23876"><ele>701.0</ele></trkpt>
    <trkpt lat="35.34783" lon="-120.23866"><ele>692.0</ele></trkpt>
    <trkpt lat="35.34776" lon="-120.23855"><ele>692.0</ele></trkpt>
    <trkpt lat="35.34769" lon="-120.23846"><ele>692.0</ele></trkpt>
    <trkpt lat="35.34760" lon="-120.23836"><ele>692.0</ele></trkpt>
    <trkpt lat="35.34748" lon="-120.23831"><ele>692.0</ele></trkpt>
    <trkpt lat="35.34736" lon="-120.23829"><ele>692.0</ele></trkpt>
    <trkpt lat="35.34728" lon="-120.23830"><ele>689.0</ele></trkpt>
    <trkpt lat="35.34721" lon="-120.23830"><ele>689.0</ele></trkpt>
    <trkpt lat="35.34714" lon="-120.23827"><ele>689.0</ele></trkpt>
    <trkpt lat="35.34711" lon="-120.23817"><ele>689.0</ele></trkpt>
    <trkpt lat="35.34712" lon="-120.23809"><ele>689.0</ele></trkpt>
    <trkpt lat="35.34714" lon="-120.23797"><ele>689.0</ele></trkpt>
    <trkpt lat="35.34714" lon="-120.23791"><ele>685.0</ele></trkpt>
    <trkpt lat="35.34712" lon="-120.23779"><ele>685.0</ele></trkpt>
    <trkpt lat="35.34710" lon="-120.23764"><ele>685.0</ele></trkpt>
    <trkpt lat="35.34707" lon="-120.23754"><ele>685.0</ele></trkpt>
    <trkpt lat="35.34703" lon="-120.23739"><ele>685.0</ele></trkpt>
    <trkpt lat="35.34698" lon="-120.23726"><ele>685.0</ele></trkpt>
    <trkpt lat="35.34694" lon="-120.23716"><ele>682.0</ele></trkpt>
    <trkpt lat="35.34689" lon="-120.23705"><ele>682.0</ele></trkpt>
    <trkpt lat="35.34684" lon="-120.23694"><ele>682.0</ele></trkpt>
    <trkpt lat="35.34678" lon="-120.23684"><ele>682.0</ele></trkpt>
    <trkpt lat="35.34671" lon="-120.23674"><ele>682.0</ele></trkpt>
    <trkpt lat="35.34664" lon="-120.23662"><ele>682.0</ele></trkpt>
    <trkpt lat="35.34658" lon="-120.23647"><ele>682.0</ele></trkpt>
    <trkpt lat="35.34651" lon="-120.23634"><ele>682.0</ele></trkpt>
    <trkpt lat="35.34644" lon="-120.23619"><ele>682.0</ele></trkpt>
    <trkpt lat="35.34639" lon="-120.23610"><ele>682.0</ele></trkpt>
    <trkpt lat="35.34633" lon="-120.23599"><ele>682.0</ele></trkpt>
    <trkpt lat="35.34628" lon="-120.23583"><ele>682.0</ele></trkpt>
    <trkpt lat="35.34626" lon="-120.23571"><ele>682.0</ele></trkpt>
    <trkpt lat="35.34624" lon="-120.23559"><ele>676.0</ele></trkpt>
    <trkpt lat="35.34619" lon="-120.23547"><ele>676.0</ele></trkpt>
    <trkpt lat="35.34616" lon="-120.23532"><ele>676.0</ele></trkpt>
    <trkpt lat="35.34613" lon="-120.23519"><ele>676.0</ele></trkpt>
    <trkpt lat="35.34607" lon="-120.23504"><ele>676.0</ele></trkpt>
    <trkpt lat="35.34603" lon="-120.23494"><ele>676.0</ele></trkpt>
    <trkpt lat="35.34595" lon="-120.23474"><ele>672.0</ele></trkpt>
    <trkpt lat="35.34589" lon="-120.23456"><ele>672.0</ele></trkpt>
    <trkpt lat="35.34585" lon="-120.23446"><ele>672.0</ele></trkpt>
    <trkpt lat="35.34581" lon="-120.23435"><ele>672.0</ele></trkpt>
    <trkpt lat="35.34576" lon="-120.23426"><ele>672.0</ele></trkpt>
    <trkpt lat="35.34570" lon="-120.23415"><ele>672.0</ele></trkpt>
    <trkpt lat="35.34565" lon="-120.23404"><ele>674.0</ele></trkpt>
    <trkpt lat="35.34559" lon="-120.23387"><ele>674.0</ele></trkpt>
    <trkpt lat="35.34553" lon="-120.23374"><ele>674.0</ele></trkpt>
    <trkpt lat="35.34548" lon="-120.23361"><ele>674.0</ele></trkpt>
    <trkpt lat="35.34540" lon="-120.23340"><ele>674.0</ele></trkpt>
    <trkpt lat="35.34538" lon="-120.23330"><ele>674.0</ele></trkpt>
    <trkpt lat="35.34533" lon="-120.23317"><ele>668.0</ele></trkpt>
    <trkpt lat="35.34531" lon="-120.23313"><ele>668.0</ele></trkpt>
    <trkpt lat="35.34523" lon="-120.23298"><ele>668.0</ele></trkpt>
    <trkpt lat="35.34519" lon="-120.23287"><ele>668.0</ele></trkpt>
    <trkpt lat="35.34517" lon="-120.23282"><ele>668.0</ele></trkpt>
    <trkpt lat="35.34515" lon="-120.23277"><ele>668.0</ele></trkpt>
    <trkpt lat="35.34510" lon="-120.23271"><ele>668.0</ele></trkpt>
    <trkpt lat="35.34504" lon="-120.23264"><ele>665.0</ele></trkpt>
    <trkpt lat="35.34499" lon="-120.23258"><ele>665.0</ele></trkpt>
    <trkpt lat="35.34492" lon="-120.23249"><ele>665.0</ele></trkpt>
    <trkpt lat="35.34488" lon="-120.23244"><ele>665.0</ele></trkpt>
    <trkpt lat="35.34482" lon="-120.23238"><ele>665.0</ele></trkpt>
    <trkpt lat="35.34476" lon="-120.23230"><ele>665.0</ele></trkpt>
    <trkpt lat="35.34472" lon="-120.23226"><ele>668.0</ele></trkpt>
    <trkpt lat="35.34467" lon="-120.23221"><ele>668.0</ele></trkpt>
    <trkpt lat="35.34463" lon="-120.23214"><ele>668.0</ele></trkpt>
    <trkpt lat="35.34458" lon="-120.23207"><ele>668.0</ele></trkpt>
    <trkpt lat="35.34452" lon="-120.23197"><ele>668.0</ele></trkpt>
    <trkpt lat="35.34437" lon="-120.23179"><ele>668.0</ele></trkpt>
    <trkpt lat="35.34433" lon="-120.23173"><ele>668.0</ele></trkpt>
    <trkpt lat="35.34421" lon="-120.23157"><ele>668.0</ele></trkpt>
    <trkpt lat="35.34409" lon="-120.23141"><ele>668.0</ele></trkpt>
    <trkpt lat="35.34395" lon="-120.23127"><ele>668.0</ele></trkpt>
    <trkpt lat="35.34386" lon="-120.23119"><ele>668.0</ele></trkpt>
    <trkpt lat="35.34374" lon="-120.23110"><ele>668.0</ele></trkpt>
    <trkpt lat="35.34365" lon="-120.23101"><ele>667.0</ele></trkpt>
    <trkpt lat="35.34356" lon="-120.23091"><ele>667.0</ele></trkpt>
    <trkpt lat="35.34348" lon="-120.23086"><ele>667.0</ele></trkpt>
    <trkpt lat="35.34336" lon="-120.23079"><ele>667.0</ele></trkpt>
    <trkpt lat="35.34325" lon="-120.23072"><ele>667.0</ele></trkpt>
    <trkpt lat="35.34309" lon="-120.23067"><ele>667.0</ele></trkpt>
    <trkpt lat="35.34299" lon="-120.23063"><ele>665.0</ele></trkpt>
    <trkpt lat="35.34289" lon="-120.23061"><ele>665.0</ele></trkpt>
    <trkpt lat="35.34278" lon="-120.23057"><ele>665.0</ele></trkpt>
    <trkpt lat="35.34269" lon="-120.23054"><ele>665.0</ele></trkpt>
    <trkpt lat="35.34252" lon="-120.23045"><ele>665.0</ele></trkpt>
    <trkpt lat="35.34245" lon="-120.23043"><ele>665.0</ele></trkpt>
    <trkpt lat="35.34235" lon="-120.23039"><ele>669.0</ele></trkpt>
    <trkpt lat="35.34227" lon="-120.23036"><ele>669.0</ele></trkpt>
    <trkpt lat="35.34218" lon="-120.23032"><ele>669.0</ele></trkpt>
    <trkpt lat="35.34210" lon="-120.23029"><ele>669.0</ele></trkpt>
    <trkpt lat="35.34195" lon="-120.23020"><ele>669.0</ele></trkpt>
    <trkpt lat="35.34191" lon="-120.23017"><ele>669.0</ele></trkpt>
    <trkpt lat="35.34187" lon="-120.23012"><ele>669.0</ele></trkpt>
    <trkpt lat="35.34182" lon="-120.23006"><ele>672.0</ele></trkpt>
    <trkpt lat="35.34176" lon="-120.22999"><ele>672.0</ele></trkpt>
    <trkpt lat="35.34169" lon="-120.22994"><ele>672.0</ele></trkpt>
    <trkpt lat="35.34161" lon="-120.22987"><ele>672.0</ele></trkpt>
    <trkpt lat="35.34152" lon="-120.22985"><ele>672.0</ele></trkpt>
    <trkpt lat="35.34145" lon="-120.22984"><ele>672.0</ele></trkpt>
    <trkpt lat="35.34135" lon="-120.22983"><ele>678.0</ele></trkpt>
    <trkpt lat="35.34124" lon="-120.22981"><ele>678.0</ele></trkpt>
    <trkpt lat="35.34116" lon="-120.22982"><ele>678.0</ele></trkpt>
    <trkpt lat="35.34108" lon="-120.22982"><ele>678.0</ele></trkpt>
    <trkpt lat="35.34099" lon="-120.22981"><ele>678.0</ele></trkpt>
    <trkpt lat="35.34090" lon="-120.22982"><ele>678.0</ele></trkpt>
    <trkpt lat="35.34080" lon="-120.22982"><ele>684.0</ele></trkpt>
    <trkpt lat="35.34069" lon="-120.22981"><ele>684.0</ele></trkpt>
    <trkpt lat="35.34057" lon="-120.22981"><ele>684.0</ele></trkpt>
    <trkpt lat="35.34046" lon="-120.22979"><ele>684.0</ele></trkpt>
    <trkpt lat="35.34034" lon="-120.22979"><ele>684.0</ele></trkpt>
    <trkpt lat="35.34021" lon="-120.22975"><ele>684.0</ele></trkpt>
    <trkpt lat="35.34011" lon="-120.22971"><ele>689.0</ele></trkpt>
    <trkpt lat="35.34002" lon="-120.22969"><ele>689.0</ele></trkpt>
    <trkpt lat="35.33998" lon="-120.22966"><ele>689.0</ele></trkpt>
    <trkpt lat="35.33978" lon="-120.22951"><ele>689.0</ele></trkpt>
    <trkpt lat="35.33964" lon="-120.22935"><ele>689.0</ele></trkpt>
    <trkpt lat="35.33948" lon="-120.22917"><ele>689.0</ele></trkpt>
    <trkpt lat="35.33934" lon="-120.22897"><ele>701.0</ele></trkpt>
    <trkpt lat="35.33918" lon="-120.22877"><ele>701.0</ele></trkpt>
    <trkpt lat="35.33908" lon="-120.22866"><ele>701.0</ele></trkpt>
    <trkpt lat="35.33894" lon="-120.22857"><ele>701.0</ele></trkpt>
    <trkpt lat="35.33878" lon="-120.22848"><ele>701.0</ele></trkpt>
    <trkpt lat="35.33862" lon="-120.22841"><ele>701.0</ele></trkpt>
    <trkpt lat="35.33840" lon="-120.22827"><ele>701.0</ele></trkpt>
    <trkpt lat="35.33824" lon="-120.22818"><ele>714.0</ele></trkpt>
    <trkpt lat="35.33811" lon="-120.22808"><ele>714.0</ele></trkpt>
    <trkpt lat="35.33802" lon="-120.22795"><ele>714.0</ele></trkpt>
    <trkpt lat="35.33792" lon="-120.22773"><ele>714.0</ele></trkpt>
    <trkpt lat="35.33783" lon="-120.22758"><ele>714.0</ele></trkpt>
    <trkpt lat="35.33772" lon="-120.22743"><ele>714.0</ele></trkpt>
    <trkpt lat="35.33762" lon="-120.22728"><ele>724.0</ele></trkpt>
    <trkpt lat="35.33756" lon="-120.22719"><ele>724.0</ele></trkpt>
    <trkpt lat="35.33738" lon="-120.22704"><ele>724.0</ele></trkpt>
    <trkpt lat="35.33728" lon="-120.22697"><ele>724.0</ele></trkpt>
    <trkpt lat="35.33705" lon="-120.22675"><ele>724.0</ele></trkpt>
    <trkpt lat="35.33698" lon="-120.22674"><ele>724.0</ele></trkpt>
    <trkpt lat="35.33688" lon="-120.22669"><ele>730.0</ele></trkpt>
    <trkpt lat="35.33672" lon="-120.22660"><ele>730.0</ele></trkpt>
    <trkpt lat="35.33657" lon="-120.22654"><ele>730.0</ele></trkpt>
    <trkpt lat="35.33654" lon="-120.22649"><ele>730.0</ele></trkpt>
    <trkpt lat="35.33649" lon="-120.22645"><ele>730.0</ele></trkpt>
    <trkpt lat="35.33644" lon="-120.22642"><ele>730.0</ele></trkpt>
    <trkpt lat="35.33634" lon="-120.22637"><ele>728.0</ele></trkpt>
    <trkpt lat="35.33628" lon="-120.22634"><ele>728.0</ele></trkpt>
    <trkpt lat="35.33621" lon="-120.22630"><ele>728.0</ele></trkpt>
    <trkpt lat="35.33612" lon="-120.22624"><ele>728.0</ele></trkpt>
    <trkpt lat="35.33602" lon="-120.22620"><ele>728.0</ele></trkpt>
    <trkpt lat="35.33597" lon="-120.22618"><ele>728.0</ele></trkpt>
    <trkpt lat="35.33587" lon="-120.22614"><ele>721.0</ele></trkpt>
    <trkpt lat="35.33577" lon="-120.22610"><ele>721.0</ele></trkpt>
    <trkpt lat="35.33571" lon="-120.22604"><ele>721.0</ele></trkpt>
    <trkpt lat="35.33564" lon="-120.22597"><ele>721.0</ele></trkpt>
    <trkpt lat="35.33560" lon="-120.22589"><ele>721.0</ele></trkpt>
    <trkpt lat="35.33558" lon="-120.22578"><ele>721.0</ele></trkpt>
    <trkpt lat="35.33558" lon="-120.22564"><ele>721.0</ele></trkpt>
    <trkpt lat="35.33560" lon="-120.22550"><ele>711.0</ele></trkpt>
    <trkpt lat="35.33564" lon="-120.22538"><ele>711.0</ele></trkpt>
    <trkpt lat="35.33564" lon="-120.22526"><ele>711.0</ele></trkpt>
    <trkpt lat="35.33564" lon="-120.22513"><ele>711.0</ele></trkpt>
    <trkpt lat="35.33562" lon="-120.22498"><ele>711.0</ele></trkpt>
    <trkpt lat="35.33558" lon="-120.22486"><ele>711.0</ele></trkpt>
    <trkpt lat="35.33553" lon="-120.22477"><ele>700.0</ele></trkpt>
    <trkpt lat="35.33543" lon="-120.22459"><ele>700.0</ele></trkpt>
    <trkpt lat="35.33533" lon="-120.22452"><ele>700.0</ele></trkpt>
    <trkpt lat="35.33523" lon="-120.22443"><ele>700.0</ele></trkpt>
    <trkpt lat="35.33514" lon="-120.22436"><ele>700.0</ele></trkpt>
    <trkpt lat="35.33507" lon="-120.22430"><ele>700.0</ele></trkpt>
    <trkpt lat="35.33500" lon="-120.22423"><ele>691.0</ele></trkpt>
    <trkpt lat="35.33492" lon="-120.22415"><ele>691.0</ele></trkpt>
    <trkpt lat="35.33484" lon="-120.22406"><ele>691.0</ele></trkpt>
    <trkpt lat="35.33478" lon="-120.22398"><ele>691.0</ele></trkpt>
    <trkpt lat="35.33472" lon="-120.22387"><ele>691.0</ele></trkpt>
    <trkpt lat="35.33467" lon="-120.22372"><ele>691.0</ele></trkpt>
    <trkpt lat="35.33468" lon="-120.22362"><ele>691.0</ele></trkpt>
    <trkpt lat="35.33473" lon="-120.22349"><ele>691.0</ele></trkpt>
    <trkpt lat="35.33477" lon="-120.22339"><ele>691.0</ele></trkpt>
    <trkpt lat="35.33478" lon="-120.22328"><ele>691.0</ele></trkpt>
    <trkpt lat="35.33478" lon="-120.22317"><ele>691.0</ele></trkpt>
    <trkpt lat="35.33475" lon="-120.22293"><ele>691.0</ele></trkpt>
    <trkpt lat="35.33474" lon="-120.22282"><ele>689.0</ele></trkpt>
    <trkpt lat="35.33474" lon="-120.22272"><ele>689.0</ele></trkpt>
    <trkpt lat="35.33474" lon="-120.22261"><ele>689.0</ele></trkpt>
    <trkpt lat="35.33474" lon="-120.22252"><ele>689.0</ele></trkpt>
    <trkpt lat="35.33476" lon="-120.22237"><ele>689.0</ele></trkpt>
    <trkpt lat="35.33477" lon="-120.22220"><ele>689.0</ele></trkpt>
    <trkpt lat="35.33478" lon="-120.22206"><ele>689.0</ele></trkpt>
    <trkpt lat="35.33480" lon="-120.22192"><ele>682.0</ele></trkpt>
    <trkpt lat="35.33483" lon="-120.22178"><ele>682.0</ele></trkpt>
    <trkpt lat="35.33483" lon="-120.22164"><ele>682.0</ele></trkpt>
    <trkpt lat="35.33485" lon="-120.22139"><ele>682.0</ele></trkpt>
    <trkpt lat="35.33488" lon="-120.22127"><ele>682.0</ele></trkpt>
    <trkpt lat="35.33489" lon="-120.22113"><ele>682.0</ele></trkpt>
    <trkpt lat="35.33490" lon="-120.22100"><ele>675.0</ele></trkpt>
    <trkpt lat="35.33493" lon="-120.22082"><ele>675.0</ele></trkpt>
    <trkpt lat="35.33495" lon="-120.22064"><ele>675.0</ele></trkpt>
    <trkpt lat="35.33499" lon="-120.22046"><ele>675.0</ele></trkpt>
    <trkpt lat="35.33502" lon="-120.22028"><ele>675.0</ele></trkpt>
    <trkpt lat="35.33506" lon="-120.22008"><ele>675.0</ele></trkpt>
    <trkpt lat="35.33509" lon="-120.21996"><ele>671.0</ele></trkpt>
    <trkpt lat="35.33512" lon="-120.21984"><ele>671.0</ele></trkpt>
    <trkpt lat="35.33517" lon="-120.21973"><ele>671.0</ele></trkpt>
    <trkpt lat="35.33525" lon="-120.21956"><ele>671.0</ele></trkpt>
    <trkpt lat="35.33531" lon="-120.21944"><ele>671.0</ele></trkpt>
    <trkpt lat="35.33539" lon="-120.21933"><ele>671.0</ele></trkpt>
    <trkpt lat="35.33549" lon="-120.21917"><ele>669.0</ele></trkpt>
    <trkpt lat="35.33555" lon="-120.21906"><ele>669.0</ele></trkpt>
    <trkpt lat="35.33560" lon="-120.21895"><ele>669.0</ele></trkpt>
    <trkpt lat="35.33563" lon="-120.21882"><ele>669.0</ele></trkpt>
    <trkpt lat="35.33565" lon="-120.21868"><ele>669.0</ele></trkpt>
    <trkpt lat="35.33570" lon="-120.21848"><ele>669.0</ele></trkpt>
    <trkpt lat="35.33572" lon="-120.21835"><ele>664.0</ele></trkpt>
    <trkpt lat="35.33577" lon="-120.21819"><ele>664.0</ele></trkpt>
    <trkpt lat="35.33584" lon="-120.21805"><ele>664.0</ele></trkpt>
    <trkpt lat="35.33589" lon="-120.21791"><ele>664.0</ele></trkpt>
    <trkpt lat="35.33596" lon="-120.21774"><ele>664.0</ele></trkpt>
    <trkpt lat="35.33602" lon="-120.21757"><ele>664.0</ele></trkpt>
    <trkpt lat="35.33609" lon="-120.21738"><ele>664.0</ele></trkpt>
    <trkpt lat="35.33616" lon="-120.21724"><ele>662.0</ele></trkpt>
    <trkpt lat="35.33623" lon="-120.21706"><ele>662.0</ele></trkpt>
    <trkpt lat="35.33628" lon="-120.21692"><ele>662.0</ele></trkpt>
    <trkpt lat="35.33637" lon="-120.21666"><ele>662.0</ele></trkpt>
    <trkpt lat="35.33641" lon="-120.21654"><ele>662.0</ele></trkpt>
    <trkpt lat="35.33645" lon="-120.21639"><ele>662.0</ele></trkpt>
    <trkpt lat="35.33649" lon="-120.21628"><ele>656.0</ele></trkpt>
    <trkpt lat="35.33652" lon="-120.21617"><ele>656.0</ele></trkpt>
    <trkpt lat="35.33657" lon="-120.21601"><ele>656.0</ele></trkpt>
    <trkpt lat="35.33666" lon="-120.21586"><ele>656.0</ele></trkpt>
    <trkpt lat="35.33675" lon="-120.21577"><ele>656.0</ele></trkpt>
    <trkpt lat="35.33687" lon="-120.21565"><ele>656.0</ele></trkpt>
    <trkpt lat="35.33697" lon="-120.21558"><ele>653.0</ele></trkpt>
    <trkpt lat="35.33712" lon="-120.21549"><ele>653.0</ele></trkpt>
    <trkpt lat="35.33726" lon="-120.21542"><ele>653.0</ele></trkpt>
    <trkpt lat="35.33735" lon="-120.21532"><ele>653.0</ele></trkpt>
    <trkpt lat="35.33740" lon="-120.21519"><ele>653.0</ele></trkpt>
    <trkpt lat="35.33743" lon="-120.21503"><ele>653.0</ele></trkpt>
    <trkpt lat="35.33748" lon="-120.21493"><ele>650.0</ele></trkpt>
    <trkpt lat="35.33755" lon="-120.21477"><ele>650.0</ele></trkpt>
    <trkpt lat="35.33772" lon="-120.21453"><ele>650.0</ele></trkpt>
    <trkpt lat="35.33782" lon="-120.21440"><ele>650.0</ele></trkpt>
    <trkpt lat="35.33790" lon="-120.21428"><ele>650.0</ele></trkpt>
    <trkpt lat="35.33799" lon="-120.21415"><ele>650.0</ele></trkpt>
    <trkpt lat="35.33808" lon="-120.21403"><ele>647.0</ele></trkpt>
    <trkpt lat="35.33812" lon="-120.21394"><ele>647.0</ele></trkpt>
    <trkpt lat="35.33818" lon="-120.21384"><ele>647.0</ele></trkpt>
    <trkpt lat="35.33823" lon="-120.21375"><ele>647.0</ele></trkpt>
    <trkpt lat="35.33826" lon="-120.21367"><ele>647.0</ele></trkpt>
    <trkpt lat="35.33835" lon="-120.21353"><ele>647.0</ele></trkpt>
    <trkpt lat="35.33848" lon="-120.21345"><ele>642.0</ele></trkpt>
    <trkpt lat="35.33861" lon="-120.21336"><ele>642.0</ele></trkpt>
    <trkpt lat="35.33878" lon="-120.21326"><ele>642.0</ele></trkpt>
    <trkpt lat="35.33895" lon="-120.21316"><ele>642.0</ele></trkpt>
    <trkpt lat="35.33908" lon="-120.21316"><ele>642.0</ele></trkpt>
    <trkpt lat="35.33915" lon="-120.21318"><ele>642.0</ele></trkpt>
    <trkpt lat="35.33924" lon="-120.21321"><ele>642.0</ele></trkpt>
    <trkpt lat="35.33930" lon="-120.21324"><ele>645.0</ele></trkpt>
    <trkpt lat="35.33937" lon="-120.21332"><ele>645.0</ele></trkpt>
    <trkpt lat="35.33942" lon="-120.21340"><ele>645.0</ele></trkpt>
    <trkpt lat="35.33951" lon="-120.21348"><ele>645.0</ele></trkpt>
    <trkpt lat="35.33960" lon="-120.21349"><ele>645.0</ele></trkpt>
    <trkpt lat="35.33979" lon="-120.21350"><ele>645.0</ele></trkpt>
    <trkpt lat="35.33988" lon="-120.21349"><ele>652.0</ele></trkpt>
    <trkpt lat="35.34000" lon="-120.21346"><ele>652.0</ele></trkpt>
    <trkpt lat="35.34010" lon="-120.21345"><ele>652.0</ele></trkpt>
    <trkpt lat="35.34020" lon="-120.21336"><ele>652.0</ele></trkpt>
    <trkpt lat="35.34027" lon="-120.21327"><ele>652.0</ele></trkpt>
    <trkpt lat="35.34036" lon="-120.21317"><ele>652.0</ele></trkpt>
    <trkpt lat="35.34045" lon="-120.21312"><ele>653.0</ele></trkpt>
    <trkpt lat="35.34056" lon="-120.21307"><ele>653.0</ele></trkpt>
    <trkpt lat="35.34076" lon="-120.21302"><ele>653.0</ele></trkpt>
    <trkpt lat="35.34091" lon="-120.21300"><ele>653.0</ele></trkpt>
    <trkpt lat="35.34108" lon="-120.21297"><ele>653.0</ele></trkpt>
    <trkpt lat="35.34124" lon="-120.21291"><ele>653.0</ele></trkpt>
    <trkpt lat="35.34136" lon="-120.21284"><ele>650.0</ele></trkpt>
    <trkpt lat="35.34149" lon="-120.21273"><ele>650.0</ele></trkpt>
    <trkpt lat="35.34159" lon="-120.21258"><ele>650.0</ele></trkpt>
    <trkpt lat="35.34164" lon="-120.21245"><ele>650.0</ele></trkpt>
    <trkpt lat="35.34168" lon="-120.21234"><ele>650.0</ele></trkpt>
    <trkpt lat="35.34174" lon="-120.21226"><ele>650.0</ele></trkpt>
    <trkpt lat="35.34182" lon="-120.21216"><ele>650.0</ele></trkpt>
    <trkpt lat="35.34191" lon="-120.21210"><ele>650.0</ele></trkpt>
    <trkpt lat="35.34202" lon="-120.21201"><ele>650.0</ele></trkpt>
    <trkpt lat="35.34206" lon="-120.21199"><ele>650.0</ele></trkpt>
    <trkpt lat="35.34215" lon="-120.21192"><ele>650.0</ele></trkpt>
    <trkpt lat="35.34224" lon="-120.21192"><ele>650.0</ele></trkpt>
    <trkpt lat="35.34234" lon="-120.21197"><ele>650.0</ele></trkpt>
    <trkpt lat="35.34244" lon="-120.21194"><ele>652.0</ele></trkpt>
    <trkpt lat="35.34251" lon="-120.21191"><ele>652.0</ele></trkpt>
    <trkpt lat="35.34255" lon="-120.21180"><ele>652.0</ele></trkpt>
    <trkpt lat="35.34259" lon="-120.21163"><ele>652.0</ele></trkpt>
    <trkpt lat="35.34267" lon="-120.21171"><ele>652.0</ele></trkpt>
    <trkpt lat="35.34275" lon="-120.21180"><ele>652.0</ele></trkpt>
    <trkpt lat="35.34287" lon="-120.21185"><ele>658.0</ele></trkpt>
    <trkpt lat="35.34301" lon="-120.21177"><ele>658.0</ele></trkpt>
    <trkpt lat="35.34314" lon="-120.21182"><ele>658.0</ele></trkpt>
    <trkpt lat="35.34324" lon="-120.21190"><ele>658.0</ele></trkpt>
    <trkpt lat="35.34334" lon="-120.21196"><ele>658.0</ele></trkpt>
    <trkpt lat="35.34346" lon="-120.21199"><ele>658.0</ele></trkpt>
    <trkpt lat="35.34355" lon="-120.21200"><ele>661.0</ele></trkpt>
    <trkpt lat="35.34369" lon="-120.21198"><ele>661.0</ele></trkpt>
    <trkpt lat="35.34382" lon="-120.21195"><ele>661.0</ele></trkpt>
    <trkpt lat="35.34394" lon="-120.21190"><ele>661.0</ele></trkpt>
    <trkpt lat="35.34405" lon="-120.21187"><ele>661.0</ele></trkpt>
    <trkpt lat="35.34417" lon="-120.21180"><ele>661.0</ele></trkpt>
    <trkpt lat="35.34430" lon="-120.21172"><ele>657.0</ele></trkpt>
    <trkpt lat="35.34441" lon="-120.21167"><ele>657.0</ele></trkpt>
    <trkpt lat="35.34449" lon="-120.21161"><ele>657.0</ele></trkpt>
    <trkpt lat="35.34454" lon="-120.21152"><ele>657.0</ele></trkpt>
    <trkpt lat="35.34461" lon="-120.21145"><ele>657.0</ele></trkpt>
    <trkpt lat="35.34469" lon="-120.21143"><ele>657.0</ele></trkpt>
    <trkpt lat="35.34479" lon="-120.21144"><ele>653.0</ele></trkpt>
    <trkpt lat="35.34490" lon="-120.21144"><ele>653.0</ele></trkpt>
    <trkpt lat="35.34493" lon="-120.21140"><ele>653.0</ele></trkpt>
    <trkpt lat="35.34498" lon="-120.21129"><ele>653.0</ele></trkpt>
    <trkpt lat="35.34504" lon="-120.21119"><ele>653.0</ele></trkpt>
    <trkpt lat="35.34512" lon="-120.21107"><ele>653.0</ele></trkpt>
    <trkpt lat="35.34525" lon="-120.21100"><ele>653.0</ele></trkpt>
    <trkpt lat="35.34540" lon="-120.21100"><ele>653.0</ele></trkpt>
    <trkpt lat="35.34557" lon="-120.21101"><ele>653.0</ele></trkpt>
    <trkpt lat="35.34569" lon="-120.21098"><ele>653.0</ele></trkpt>
    <trkpt lat="35.34581" lon="-120.21093"><ele>653.0</ele></trkpt>
    <trkpt lat="35.34590" lon="-120.21087"><ele>653.0</ele></trkpt>
    <trkpt lat="35.34600" lon="-120.21082"><ele>653.0</ele></trkpt>
    <trkpt lat="35.34606" lon="-120.21076"><ele>652.0</ele></trkpt>
    <trkpt lat="35.34612" lon="-120.21066"><ele>652.0</ele></trkpt>
    <trkpt lat="35.34623" lon="-120.21044"><ele>652.0</ele></trkpt>
    <trkpt lat="35.34636" lon="-120.21020"><ele>652.0</ele></trkpt>
    <trkpt lat="35.34644" lon="-120.21003"><ele>652.0</ele></trkpt>
    <trkpt lat="35.34652" lon="-120.20987"><ele>652.0</ele></trkpt>
    <trkpt lat="35.34661" lon="-120.20967"><ele>646.0</ele></trkpt>
    <trkpt lat="35.34669" lon="-120.20954"><ele>646.0</ele></trkpt>
    <trkpt lat="35.34679" lon="-120.20938"><ele>646.0</ele></trkpt>
    <trkpt lat="35.34688" lon="-120.20920"><ele>646.0</ele></trkpt>
    <trkpt lat="35.34693" lon="-120.20907"><ele>646.0</ele></trkpt>
    <trkpt lat="35.34697" lon="-120.20897"><ele>646.0</ele></trkpt>
    <trkpt lat="35.34700" lon="-120.20882"><ele>645.0</ele></trkpt>
    <trkpt lat="35.34699" lon="-120.20870"><ele>645.0</ele></trkpt>
    <trkpt lat="35.34696" lon="-120.20856"><ele>645.0</ele></trkpt>
    <trkpt lat="35.34692" lon="-120.20842"><ele>645.0</ele></trkpt>
    <trkpt lat="35.34685" lon="-120.20832"><ele>645.0</ele></trkpt>
    <trkpt lat="35.34677" lon="-120.20822"><ele>645.0</ele></trkpt>
    <trkpt lat="35.34668" lon="-120.20813"><ele>640.0</ele></trkpt>
    <trkpt lat="35.34663" lon="-120.20805"><ele>640.0</ele></trkpt>
    <trkpt lat="35.34655" lon="-120.20792"><ele>640.0</ele></trkpt>
    <trkpt lat="35.34653" lon="-120.20782"><ele>640.0</ele></trkpt>
    <trkpt lat="35.34651" lon="-120.20768"><ele>640.0</ele></trkpt>
    <trkpt lat="35.34652" lon="-120.20752"><ele>640.0</ele></trkpt>
    <trkpt lat="35.34655" lon="-120.20738"><ele>640.0</ele></trkpt>
    <trkpt lat="35.34660" lon="-120.20725"><ele>639.0</ele></trkpt>
    <trkpt lat="35.34667" lon="-120.20714"><ele>639.0</ele></trkpt>
    <trkpt lat="35.34679" lon="-120.20703"><ele>639.0</ele></trkpt>
    <trkpt lat="35.34691" lon="-120.20694"><ele>639.0</ele></trkpt>
    <trkpt lat="35.34706" lon="-120.20687"><ele>639.0</ele></trkpt>
    <trkpt lat="35.34715" lon="-120.20681"><ele>639.0</ele></trkpt>
    <trkpt lat="35.34724" lon="-120.20677"><ele>633.0</ele></trkpt>
    <trkpt lat="35.34731" lon="-120.20674"><ele>633.0</ele></trkpt>
    <trkpt lat="35.34740" lon="-120.20664"><ele>633.0</ele></trkpt>
    <trkpt lat="35.34746" lon="-120.20655"><ele>633.0</ele></trkpt>
    <trkpt lat="35.34754" lon="-120.20645"><ele>633.0</ele></trkpt>
    <trkpt lat="35.34758" lon="-120.20633"><ele>633.0</ele></trkpt>
    <trkpt lat="35.34766" lon="-120.20615"><ele>629.0</ele></trkpt>
    <trkpt lat="35.34771" lon="-120.20601"><ele>629.0</ele></trkpt>
    <trkpt lat="35.34776" lon="-120.20587"><ele>629.0</ele></trkpt>
    <trkpt lat="35.34780" lon="-120.20576"><ele>629.0</ele></trkpt>
    <trkpt lat="35.34782" lon="-120.20561"><ele>629.0</ele></trkpt>
    <trkpt lat="35.34782" lon="-120.20545"><ele>629.0</ele></trkpt>
    <trkpt lat="35.34786" lon="-120.20530"><ele>621.0</ele></trkpt>
    <trkpt lat="35.34791" lon="-120.20522"><ele>621.0</ele></trkpt>
    <trkpt lat="35.34799" lon="-120.20512"><ele>621.0</ele></trkpt>
    <trkpt lat="35.34809" lon="-120.20507"><ele>621.0</ele></trkpt>
    <trkpt lat="35.34819" lon="-120.20503"><ele>621.0</ele></trkpt>
    <trkpt lat="35.34825" lon="-120.20496"><ele>621.0</ele></trkpt>
    <trkpt lat="35.34830" lon="-120.20489"><ele>610.0</ele></trkpt>
    <trkpt lat="35.34846" lon="-120.20465"><ele>610.0</ele></trkpt>
    <trkpt lat="35.34856" lon="-120.20450"><ele>610.0</ele></trkpt>
    <trkpt lat="35.34864" lon="-120.20442"><ele>610.0</ele></trkpt>
    <trkpt lat="35.34875" lon="-120.20434"><ele>610.0</ele></trkpt>
    <trkpt lat="35.34886" lon="-120.20430"><ele>610.0</ele></trkpt>
    <trkpt lat="35.34901" lon="-120.20432"><ele>596.0</ele></trkpt>
    <trkpt lat="35.34912" lon="-120.20432"><ele>596.0</ele></trkpt>
    <trkpt lat="35.34923" lon="-120.20433"><ele>596.0</ele></trkpt>
    <trkpt lat="35.34934" lon="-120.20429"><ele>596.0</ele></trkpt>
    <trkpt lat="35.34941" lon="-120.20418"><ele>596.0</ele></trkpt>
    <trkpt lat="35.34948" lon="-120.20404"><ele>596.0</ele></trkpt>
    <trkpt lat="35.34954" lon="-120.20394"><ele>596.0</ele></trkpt>
    <trkpt lat="35.34962" lon="-120.20387"><ele>582.0</ele></trkpt>
    <trkpt lat="35.34970" lon="-120.20383"><ele>582.0</ele></trkpt>
    <trkpt lat="35.34977" lon="-120.20382"><ele>582.0</ele></trkpt>
    <trkpt lat="35.34985" lon="-120.20383"><ele>582.0</ele></trkpt>
    <trkpt lat="35.34991" lon="-120.20386"><ele>582.0</ele></trkpt>
    <trkpt lat="35.34996" lon="-120.20393"><ele>582.0</ele></trkpt>
    <trkpt lat="35.35001" lon="-120.20407"><ele>575.0</ele></trkpt>
    <trkpt lat="35.35013" lon="-120.20423"><ele>575.0</ele></trkpt>
    <trkpt lat="35.35021" lon="-120.20434"><ele>575.0</ele></trkpt>
    <trkpt lat="35.35032" lon="-120.20443"><ele>575.0</ele></trkpt>
    <trkpt lat="35.35043" lon="-120.20453"><ele>575.0</ele></trkpt>
    <trkpt lat="35.35058" lon="-120.20464"><ele>575.0</ele></trkpt>
    <trkpt lat="35.35066" lon="-120.20476"><ele>563.0</ele></trkpt>
    <trkpt lat="35.35074" lon="-120.20490"><ele>563.0</ele></trkpt>
    <trkpt lat="35.35079" lon="-120.20501"><ele>563.0</ele></trkpt>
    <trkpt lat="35.35083" lon="-120.20518"><ele>563.0</ele></trkpt>
    <trkpt lat="35.35088" lon="-120.20534"><ele>563.0</ele></trkpt>
    <trkpt lat="35.35092" lon="-120.20545"><ele>563.0</ele></trkpt>
    <trkpt lat="35.35099" lon="-120.20564"><ele>556.0</ele></trkpt>
    <trkpt lat="35.35105" lon="-120.20578"><ele>556.0</ele></trkpt>
    <trkpt lat="35.35113" lon="-120.20592"><ele>556.0</ele></trkpt>
    <trkpt lat="35.35120" lon="-120.20600"><ele>556.0</ele></trkpt>
    <trkpt lat="35.35129" lon="-120.20606"><ele>556.0</ele></trkpt>
    <trkpt lat="35.35140" lon="-120.20606"><ele>556.0</ele></trkpt>
    <trkpt lat="35.35151" lon="-120.20601"><ele>544.0</ele></trkpt>
    <trkpt lat="35.35160" lon="-120.20591"><ele>544.0</ele></trkpt>
    <trkpt lat="35.35165" lon="-120.20570"><ele>544.0</ele></trkpt>
    <trkpt lat="35.35167" lon="-120.20544"><ele>544.0</ele></trkpt>
    <trkpt lat="35.35169" lon="-120.20524"><ele>544.0</ele></trkpt>
    <trkpt lat="35.35168" lon="-120.20504"><ele>544.0</ele></trkpt>
    <trkpt lat="35.35169" lon="-120.20485"><ele>544.0</ele></trkpt>
    <trkpt lat="35.35170" lon="-120.20464"><ele>541.0</ele></trkpt>
    <trkpt lat="35.35170" lon="-120.20441"><ele>541.0</ele></trkpt>
    <trkpt lat="35.35171" lon="-120.20419"><ele>541.0</ele></trkpt>
    <trkpt lat="35.35175" lon="-120.20405"><ele>541.0</ele></trkpt>
    <trkpt lat="35.35181" lon="-120.20386"><ele>541.0</ele></trkpt>
    <trkpt lat="35.35189" lon="-120.20370"><ele>541.0</ele></trkpt>
    <trkpt lat="35.35200" lon="-120.20353"><ele>543.0</ele></trkpt>
    <trkpt lat="35.35207" lon="-120.20341"><ele>543.0</ele></trkpt>
    <trkpt lat="35.35214" lon="-120.20330"><ele>543.0</ele></trkpt>
  </trkseg></trk>
  <trk><name>Pozo OHV Singletrack</name><trkseg>
    <trkpt lat="35.35924" lon="-120.27572"><ele>601.0</ele></trkpt>
    <trkpt lat="35.35924" lon="-120.27572"><ele>601.0</ele></trkpt>
    <trkpt lat="35.35924" lon="-120.27572"><ele>601.0</ele></trkpt>
    <trkpt lat="35.35924" lon="-120.27572"><ele>601.0</ele></trkpt>
    <trkpt lat="35.35925" lon="-120.27572"><ele>601.0</ele></trkpt>
    <trkpt lat="35.35925" lon="-120.27572"><ele>601.0</ele></trkpt>
    <trkpt lat="35.35924" lon="-120.27569"><ele>601.0</ele></trkpt>
    <trkpt lat="35.35924" lon="-120.27569"><ele>601.0</ele></trkpt>
    <trkpt lat="35.35923" lon="-120.27565"><ele>601.0</ele></trkpt>
    <trkpt lat="35.35922" lon="-120.27550"><ele>601.0</ele></trkpt>
    <trkpt lat="35.35926" lon="-120.27535"><ele>601.0</ele></trkpt>
    <trkpt lat="35.35933" lon="-120.27523"><ele>601.0</ele></trkpt>
    <trkpt lat="35.35934" lon="-120.27522"><ele>601.0</ele></trkpt>
    <trkpt lat="35.35934" lon="-120.27522"><ele>614.0</ele></trkpt>
    <trkpt lat="35.35933" lon="-120.27523"><ele>614.0</ele></trkpt>
    <trkpt lat="35.35930" lon="-120.27527"><ele>614.0</ele></trkpt>
    <trkpt lat="35.35929" lon="-120.27528"><ele>614.0</ele></trkpt>
    <trkpt lat="35.35929" lon="-120.27528"><ele>614.0</ele></trkpt>
    <trkpt lat="35.35930" lon="-120.27527"><ele>614.0</ele></trkpt>
    <trkpt lat="35.35936" lon="-120.27520"><ele>614.0</ele></trkpt>
    <trkpt lat="35.35940" lon="-120.27509"><ele>614.0</ele></trkpt>
    <trkpt lat="35.35944" lon="-120.27503"><ele>614.0</ele></trkpt>
    <trkpt lat="35.35944" lon="-120.27503"><ele>614.0</ele></trkpt>
    <trkpt lat="35.35944" lon="-120.27503"><ele>614.0</ele></trkpt>
    <trkpt lat="35.35947" lon="-120.27499"><ele>614.0</ele></trkpt>
    <trkpt lat="35.35952" lon="-120.27483"><ele>614.0</ele></trkpt>
    <trkpt lat="35.35948" lon="-120.27469"><ele>614.0</ele></trkpt>
    <trkpt lat="35.35949" lon="-120.27463"><ele>614.0</ele></trkpt>
    <trkpt lat="35.35951" lon="-120.27458"><ele>614.0</ele></trkpt>
    <trkpt lat="35.35952" lon="-120.27450"><ele>614.0</ele></trkpt>
    <trkpt lat="35.35951" lon="-120.27446"><ele>614.0</ele></trkpt>
    <trkpt lat="35.35943" lon="-120.27432"><ele>614.0</ele></trkpt>
    <trkpt lat="35.35939" lon="-120.27427"><ele>614.0</ele></trkpt>
    <trkpt lat="35.35938" lon="-120.27427"><ele>614.0</ele></trkpt>
    <trkpt lat="35.35936" lon="-120.27425"><ele>614.0</ele></trkpt>
    <trkpt lat="35.35933" lon="-120.27417"><ele>614.0</ele></trkpt>
    <trkpt lat="35.35933" lon="-120.27404"><ele>614.0</ele></trkpt>
    <trkpt lat="35.35932" lon="-120.27386"><ele>614.0</ele></trkpt>
    <trkpt lat="35.35930" lon="-120.27379"><ele>636.0</ele></trkpt>
    <trkpt lat="35.35929" lon="-120.27379"><ele>636.0</ele></trkpt>
    <trkpt lat="35.35929" lon="-120.27379"><ele>636.0</ele></trkpt>
    <trkpt lat="35.35930" lon="-120.27379"><ele>636.0</ele></trkpt>
    <trkpt lat="35.35929" lon="-120.27379"><ele>636.0</ele></trkpt>
    <trkpt lat="35.35922" lon="-120.27366"><ele>636.0</ele></trkpt>
    <trkpt lat="35.35919" lon="-120.27350"><ele>636.0</ele></trkpt>
    <trkpt lat="35.35921" lon="-120.27347"><ele>636.0</ele></trkpt>
    <trkpt lat="35.35921" lon="-120.27346"><ele>636.0</ele></trkpt>
    <trkpt lat="35.35921" lon="-120.27341"><ele>636.0</ele></trkpt>
    <trkpt lat="35.35911" lon="-120.27331"><ele>636.0</ele></trkpt>
    <trkpt lat="35.35909" lon="-120.27326"><ele>636.0</ele></trkpt>
    <trkpt lat="35.35909" lon="-120.27325"><ele>636.0</ele></trkpt>
    <trkpt lat="35.35909" lon="-120.27325"><ele>636.0</ele></trkpt>
    <trkpt lat="35.35909" lon="-120.27325"><ele>636.0</ele></trkpt>
    <trkpt lat="35.35906" lon="-120.27316"><ele>636.0</ele></trkpt>
    <trkpt lat="35.35908" lon="-120.27299"><ele>636.0</ele></trkpt>
    <trkpt lat="35.35912" lon="-120.27282"><ele>636.0</ele></trkpt>
    <trkpt lat="35.35916" lon="-120.27265"><ele>636.0</ele></trkpt>
    <trkpt lat="35.35918" lon="-120.27255"><ele>636.0</ele></trkpt>
    <trkpt lat="35.35918" lon="-120.27256"><ele>636.0</ele></trkpt>
    <trkpt lat="35.35918" lon="-120.27248"><ele>636.0</ele></trkpt>
    <trkpt lat="35.35921" lon="-120.27233"><ele>636.0</ele></trkpt>
    <trkpt lat="35.35925" lon="-120.27218"><ele>636.0</ele></trkpt>
    <trkpt lat="35.35925" lon="-120.27216"><ele>625.0</ele></trkpt>
    <trkpt lat="35.35925" lon="-120.27215"><ele>625.0</ele></trkpt>
    <trkpt lat="35.35925" lon="-120.27207"><ele>625.0</ele></trkpt>
    <trkpt lat="35.35922" lon="-120.27195"><ele>625.0</ele></trkpt>
    <trkpt lat="35.35921" lon="-120.27189"><ele>625.0</ele></trkpt>
    <trkpt lat="35.35921" lon="-120.27189"><ele>625.0</ele></trkpt>
    <trkpt lat="35.35921" lon="-120.27188"><ele>625.0</ele></trkpt>
    <trkpt lat="35.35923" lon="-120.27179"><ele>625.0</ele></trkpt>
    <trkpt lat="35.35924" lon="-120.27177"><ele>625.0</ele></trkpt>
    <trkpt lat="35.35924" lon="-120.27177"><ele>625.0</ele></trkpt>
    <trkpt lat="35.35926" lon="-120.27174"><ele>625.0</ele></trkpt>
    <trkpt lat="35.35926" lon="-120.27160"><ele>625.0</ele></trkpt>
    <trkpt lat="35.35921" lon="-120.27143"><ele>625.0</ele></trkpt>
    <trkpt lat="35.35923" lon="-120.27126"><ele>625.0</ele></trkpt>
    <trkpt lat="35.35927" lon="-120.27111"><ele>625.0</ele></trkpt>
    <trkpt lat="35.35927" lon="-120.27111"><ele>625.0</ele></trkpt>
    <trkpt lat="35.35929" lon="-120.27106"><ele>625.0</ele></trkpt>
    <trkpt lat="35.35933" lon="-120.27095"><ele>625.0</ele></trkpt>
    <trkpt lat="35.35939" lon="-120.27081"><ele>625.0</ele></trkpt>
    <trkpt lat="35.35944" lon="-120.27068"><ele>625.0</ele></trkpt>
    <trkpt lat="35.35946" lon="-120.27061"><ele>625.0</ele></trkpt>
    <trkpt lat="35.35944" lon="-120.27043"><ele>625.0</ele></trkpt>
    <trkpt lat="35.35930" lon="-120.27043"><ele>625.0</ele></trkpt>
    <trkpt lat="35.35918" lon="-120.27033"><ele>625.0</ele></trkpt>
    <trkpt lat="35.35909" lon="-120.27016"><ele>625.0</ele></trkpt>
    <trkpt lat="35.35909" lon="-120.27015"><ele>642.0</ele></trkpt>
    <trkpt lat="35.35907" lon="-120.27009"><ele>642.0</ele></trkpt>
    <trkpt lat="35.35894" lon="-120.26993"><ele>642.0</ele></trkpt>
    <trkpt lat="35.35882" lon="-120.26979"><ele>642.0</ele></trkpt>
    <trkpt lat="35.35872" lon="-120.26960"><ele>642.0</ele></trkpt>
    <trkpt lat="35.35859" lon="-120.26948"><ele>642.0</ele></trkpt>
    <trkpt lat="35.35844" lon="-120.26935"><ele>642.0</ele></trkpt>
    <trkpt lat="35.35827" lon="-120.26930"><ele>642.0</ele></trkpt>
    <trkpt lat="35.35807" lon="-120.26925"><ele>642.0</ele></trkpt>
    <trkpt lat="35.35795" lon="-120.26920"><ele>642.0</ele></trkpt>
    <trkpt lat="35.35794" lon="-120.26921"><ele>642.0</ele></trkpt>
    <trkpt lat="35.35787" lon="-120.26912"><ele>642.0</ele></trkpt>
    <trkpt lat="35.35788" lon="-120.26906"><ele>642.0</ele></trkpt>
    <trkpt lat="35.35790" lon="-120.26901"><ele>642.0</ele></trkpt>
    <trkpt lat="35.35791" lon="-120.26899"><ele>642.0</ele></trkpt>
    <trkpt lat="35.35792" lon="-120.26896"><ele>642.0</ele></trkpt>
    <trkpt lat="35.35791" lon="-120.26896"><ele>642.0</ele></trkpt>
    <trkpt lat="35.35791" lon="-120.26896"><ele>642.0</ele></trkpt>
    <trkpt lat="35.35792" lon="-120.26893"><ele>642.0</ele></trkpt>
    <trkpt lat="35.35791" lon="-120.26886"><ele>642.0</ele></trkpt>
    <trkpt lat="35.35790" lon="-120.26880"><ele>642.0</ele></trkpt>
    <trkpt lat="35.35790" lon="-120.26876"><ele>642.0</ele></trkpt>
    <trkpt lat="35.35790" lon="-120.26875"><ele>642.0</ele></trkpt>
    <trkpt lat="35.35790" lon="-120.26875"><ele>642.0</ele></trkpt>
    <trkpt lat="35.35790" lon="-120.26875"><ele>642.0</ele></trkpt>
    <trkpt lat="35.35790" lon="-120.26875"><ele>655.0</ele></trkpt>
    <trkpt lat="35.35789" lon="-120.26871"><ele>655.0</ele></trkpt>
    <trkpt lat="35.35790" lon="-120.26865"><ele>655.0</ele></trkpt>
    <trkpt lat="35.35791" lon="-120.26860"><ele>655.0</ele></trkpt>
    <trkpt lat="35.35792" lon="-120.26855"><ele>655.0</ele></trkpt>
    <trkpt lat="35.35793" lon="-120.26850"><ele>655.0</ele></trkpt>
    <trkpt lat="35.35795" lon="-120.26847"><ele>655.0</ele></trkpt>
    <trkpt lat="35.35796" lon="-120.26843"><ele>655.0</ele></trkpt>
    <trkpt lat="35.35798" lon="-120.26839"><ele>655.0</ele></trkpt>
    <trkpt lat="35.35800" lon="-120.26835"><ele>655.0</ele></trkpt>
    <trkpt lat="35.35801" lon="-120.26831"><ele>655.0</ele></trkpt>
    <trkpt lat="35.35803" lon="-120.26828"><ele>655.0</ele></trkpt>
    <trkpt lat="35.35804" lon="-120.26826"><ele>655.0</ele></trkpt>
    <trkpt lat="35.35805" lon="-120.26825"><ele>655.0</ele></trkpt>
    <trkpt lat="35.35807" lon="-120.26823"><ele>655.0</ele></trkpt>
    <trkpt lat="35.35810" lon="-120.26819"><ele>655.0</ele></trkpt>
    <trkpt lat="35.35813" lon="-120.26816"><ele>655.0</ele></trkpt>
    <trkpt lat="35.35816" lon="-120.26813"><ele>655.0</ele></trkpt>
    <trkpt lat="35.35818" lon="-120.26812"><ele>655.0</ele></trkpt>
    <trkpt lat="35.35821" lon="-120.26810"><ele>655.0</ele></trkpt>
    <trkpt lat="35.35824" lon="-120.26809"><ele>655.0</ele></trkpt>
    <trkpt lat="35.35828" lon="-120.26808"><ele>655.0</ele></trkpt>
    <trkpt lat="35.35834" lon="-120.26804"><ele>655.0</ele></trkpt>
    <trkpt lat="35.35837" lon="-120.26797"><ele>655.0</ele></trkpt>
    <trkpt lat="35.35838" lon="-120.26789"><ele>662.0</ele></trkpt>
    <trkpt lat="35.35839" lon="-120.26784"><ele>662.0</ele></trkpt>
    <trkpt lat="35.35843" lon="-120.26780"><ele>662.0</ele></trkpt>
    <trkpt lat="35.35848" lon="-120.26779"><ele>662.0</ele></trkpt>
    <trkpt lat="35.35853" lon="-120.26777"><ele>662.0</ele></trkpt>
    <trkpt lat="35.35856" lon="-120.26773"><ele>662.0</ele></trkpt>
    <trkpt lat="35.35859" lon="-120.26769"><ele>662.0</ele></trkpt>
    <trkpt lat="35.35863" lon="-120.26763"><ele>662.0</ele></trkpt>
    <trkpt lat="35.35865" lon="-120.26756"><ele>662.0</ele></trkpt>
    <trkpt lat="35.35865" lon="-120.26749"><ele>662.0</ele></trkpt>
    <trkpt lat="35.35869" lon="-120.26744"><ele>662.0</ele></trkpt>
    <trkpt lat="35.35874" lon="-120.26743"><ele>662.0</ele></trkpt>
    <trkpt lat="35.35879" lon="-120.26743"><ele>662.0</ele></trkpt>
    <trkpt lat="35.35884" lon="-120.26742"><ele>662.0</ele></trkpt>
    <trkpt lat="35.35889" lon="-120.26740"><ele>662.0</ele></trkpt>
    <trkpt lat="35.35893" lon="-120.26736"><ele>662.0</ele></trkpt>
    <trkpt lat="35.35897" lon="-120.26732"><ele>662.0</ele></trkpt>
    <trkpt lat="35.35899" lon="-120.26726"><ele>662.0</ele></trkpt>
    <trkpt lat="35.35903" lon="-120.26723"><ele>662.0</ele></trkpt>
    <trkpt lat="35.35905" lon="-120.26723"><ele>662.0</ele></trkpt>
    <trkpt lat="35.35909" lon="-120.26722"><ele>662.0</ele></trkpt>
    <trkpt lat="35.35913" lon="-120.26722"><ele>662.0</ele></trkpt>
    <trkpt lat="35.35918" lon="-120.26722"><ele>662.0</ele></trkpt>
    <trkpt lat="35.35922" lon="-120.26722"><ele>662.0</ele></trkpt>
    <trkpt lat="35.35926" lon="-120.26725"><ele>662.0</ele></trkpt>
    <trkpt lat="35.35932" lon="-120.26728"><ele>646.0</ele></trkpt>
    <trkpt lat="35.35936" lon="-120.26729"><ele>646.0</ele></trkpt>
    <trkpt lat="35.35940" lon="-120.26731"><ele>646.0</ele></trkpt>
    <trkpt lat="35.35940" lon="-120.26731"><ele>646.0</ele></trkpt>
    <trkpt lat="35.35944" lon="-120.26732"><ele>646.0</ele></trkpt>
    <trkpt lat="35.35944" lon="-120.26732"><ele>646.0</ele></trkpt>
    <trkpt lat="35.35946" lon="-120.26733"><ele>646.0</ele></trkpt>
    <trkpt lat="35.35950" lon="-120.26734"><ele>646.0</ele></trkpt>
    <trkpt lat="35.35955" lon="-120.26735"><ele>646.0</ele></trkpt>
    <trkpt lat="35.35960" lon="-120.26737"><ele>646.0</ele></trkpt>
    <trkpt lat="35.35965" lon="-120.26738"><ele>646.0</ele></trkpt>
    <trkpt lat="35.35970" lon="-120.26740"><ele>646.0</ele></trkpt>
    <trkpt lat="35.35971" lon="-120.26740"><ele>646.0</ele></trkpt>
    <trkpt lat="35.35972" lon="-120.26741"><ele>646.0</ele></trkpt>
    <trkpt lat="35.35974" lon="-120.26741"><ele>646.0</ele></trkpt>
    <trkpt lat="35.35981" lon="-120.26743"><ele>646.0</ele></trkpt>
    <trkpt lat="35.35988" lon="-120.26745"><ele>646.0</ele></trkpt>
    <trkpt lat="35.35994" lon="-120.26747"><ele>646.0</ele></trkpt>
    <trkpt lat="35.36000" lon="-120.26749"><ele>646.0</ele></trkpt>
    <trkpt lat="35.36006" lon="-120.26747"><ele>646.0</ele></trkpt>
    <trkpt lat="35.36011" lon="-120.26744"><ele>646.0</ele></trkpt>
    <trkpt lat="35.36016" lon="-120.26740"><ele>646.0</ele></trkpt>
    <trkpt lat="35.36022" lon="-120.26740"><ele>646.0</ele></trkpt>
    <trkpt lat="35.36027" lon="-120.26741"><ele>646.0</ele></trkpt>
    <trkpt lat="35.36031" lon="-120.26744"><ele>646.0</ele></trkpt>
    <trkpt lat="35.36032" lon="-120.26744"><ele>629.0</ele></trkpt>
    <trkpt lat="35.36036" lon="-120.26746"><ele>629.0</ele></trkpt>
    <trkpt lat="35.36041" lon="-120.26749"><ele>629.0</ele></trkpt>
    <trkpt lat="35.36046" lon="-120.26750"><ele>629.0</ele></trkpt>
    <trkpt lat="35.36052" lon="-120.26750"><ele>629.0</ele></trkpt>
    <trkpt lat="35.36057" lon="-120.26752"><ele>629.0</ele></trkpt>
    <trkpt lat="35.36062" lon="-120.26754"><ele>629.0</ele></trkpt>
    <trkpt lat="35.36065" lon="-120.26756"><ele>629.0</ele></trkpt>
    <trkpt lat="35.36070" lon="-120.26758"><ele>629.0</ele></trkpt>
    <trkpt lat="35.36075" lon="-120.26759"><ele>629.0</ele></trkpt>
    <trkpt lat="35.36081" lon="-120.26758"><ele>629.0</ele></trkpt>
    <trkpt lat="35.36086" lon="-120.26757"><ele>629.0</ele></trkpt>
    <trkpt lat="35.36090" lon="-120.26755"><ele>629.0</ele></trkpt>
    <trkpt lat="35.36095" lon="-120.26753"><ele>629.0</ele></trkpt>
    <trkpt lat="35.36099" lon="-120.26751"><ele>629.0</ele></trkpt>
    <trkpt lat="35.36103" lon="-120.26749"><ele>629.0</ele></trkpt>
    <trkpt lat="35.36108" lon="-120.26746"><ele>629.0</ele></trkpt>
    <trkpt lat="35.36113" lon="-120.26745"><ele>629.0</ele></trkpt>
    <trkpt lat="35.36117" lon="-120.26747"><ele>629.0</ele></trkpt>
    <trkpt lat="35.36120" lon="-120.26752"><ele>629.0</ele></trkpt>
    <trkpt lat="35.36121" lon="-120.26757"><ele>629.0</ele></trkpt>
    <trkpt lat="35.36123" lon="-120.26762"><ele>629.0</ele></trkpt>
    <trkpt lat="35.36127" lon="-120.26765"><ele>629.0</ele></trkpt>
    <trkpt lat="35.36133" lon="-120.26766"><ele>629.0</ele></trkpt>
    <trkpt lat="35.36139" lon="-120.26766"><ele>629.0</ele></trkpt>
    <trkpt lat="35.36143" lon="-120.26765"><ele>627.0</ele></trkpt>
    <trkpt lat="35.36147" lon="-120.26765"><ele>627.0</ele></trkpt>
    <trkpt lat="35.36150" lon="-120.26763"><ele>627.0</ele></trkpt>
    <trkpt lat="35.36153" lon="-120.26762"><ele>627.0</ele></trkpt>
    <trkpt lat="35.36155" lon="-120.26759"><ele>627.0</ele></trkpt>
    <trkpt lat="35.36158" lon="-120.26756"><ele>627.0</ele></trkpt>
    <trkpt lat="35.36161" lon="-120.26753"><ele>627.0</ele></trkpt>
    <trkpt lat="35.36166" lon="-120.26751"><ele>627.0</ele></trkpt>
    <trkpt lat="35.36171" lon="-120.26752"><ele>627.0</ele></trkpt>
    <trkpt lat="35.36175" lon="-120.26753"><ele>627.0</ele></trkpt>
    <trkpt lat="35.36180" lon="-120.26752"><ele>627.0</ele></trkpt>
    <trkpt lat="35.36185" lon="-120.26749"><ele>627.0</ele></trkpt>
    <trkpt lat="35.36189" lon="-120.26746"><ele>627.0</ele></trkpt>
    <trkpt lat="35.36193" lon="-120.26742"><ele>627.0</ele></trkpt>
    <trkpt lat="35.36195" lon="-120.26736"><ele>627.0</ele></trkpt>
    <trkpt lat="35.36196" lon="-120.26730"><ele>627.0</ele></trkpt>
    <trkpt lat="35.36197" lon="-120.26724"><ele>627.0</ele></trkpt>
    <trkpt lat="35.36198" lon="-120.26719"><ele>627.0</ele></trkpt>
    <trkpt lat="35.36199" lon="-120.26713"><ele>627.0</ele></trkpt>
    <trkpt lat="35.36200" lon="-120.26707"><ele>627.0</ele></trkpt>
    <trkpt lat="35.36201" lon="-120.26702"><ele>627.0</ele></trkpt>
    <trkpt lat="35.36202" lon="-120.26696"><ele>627.0</ele></trkpt>
    <trkpt lat="35.36202" lon="-120.26689"><ele>627.0</ele></trkpt>
    <trkpt lat="35.36203" lon="-120.26682"><ele>627.0</ele></trkpt>
    <trkpt lat="35.36203" lon="-120.26675"><ele>636.0</ele></trkpt>
    <trkpt lat="35.36204" lon="-120.26669"><ele>636.0</ele></trkpt>
    <trkpt lat="35.36206" lon="-120.26662"><ele>636.0</ele></trkpt>
    <trkpt lat="35.36210" lon="-120.26658"><ele>636.0</ele></trkpt>
    <trkpt lat="35.36215" lon="-120.26656"><ele>636.0</ele></trkpt>
    <trkpt lat="35.36220" lon="-120.26655"><ele>636.0</ele></trkpt>
    <trkpt lat="35.36226" lon="-120.26655"><ele>636.0</ele></trkpt>
    <trkpt lat="35.36231" lon="-120.26656"><ele>636.0</ele></trkpt>
    <trkpt lat="35.36236" lon="-120.26657"><ele>636.0</ele></trkpt>
    <trkpt lat="35.36242" lon="-120.26659"><ele>636.0</ele></trkpt>
    <trkpt lat="35.36247" lon="-120.26660"><ele>636.0</ele></trkpt>
    <trkpt lat="35.36252" lon="-120.26662"><ele>636.0</ele></trkpt>
    <trkpt lat="35.36258" lon="-120.26664"><ele>636.0</ele></trkpt>
    <trkpt lat="35.36263" lon="-120.26666"><ele>636.0</ele></trkpt>
    <trkpt lat="35.36269" lon="-120.26668"><ele>636.0</ele></trkpt>
    <trkpt lat="35.36275" lon="-120.26669"><ele>636.0</ele></trkpt>
    <trkpt lat="35.36280" lon="-120.26671"><ele>636.0</ele></trkpt>
    <trkpt lat="35.36286" lon="-120.26672"><ele>636.0</ele></trkpt>
    <trkpt lat="35.36291" lon="-120.26673"><ele>636.0</ele></trkpt>
    <trkpt lat="35.36297" lon="-120.26675"><ele>636.0</ele></trkpt>
    <trkpt lat="35.36302" lon="-120.26676"><ele>636.0</ele></trkpt>
    <trkpt lat="35.36308" lon="-120.26677"><ele>636.0</ele></trkpt>
    <trkpt lat="35.36313" lon="-120.26678"><ele>636.0</ele></trkpt>
    <trkpt lat="35.36318" lon="-120.26679"><ele>636.0</ele></trkpt>
    <trkpt lat="35.36324" lon="-120.26680"><ele>636.0</ele></trkpt>
    <trkpt lat="35.36329" lon="-120.26681"><ele>632.0</ele></trkpt>
    <trkpt lat="35.36334" lon="-120.26683"><ele>632.0</ele></trkpt>
    <trkpt lat="35.36340" lon="-120.26684"><ele>632.0</ele></trkpt>
    <trkpt lat="35.36346" lon="-120.26685"><ele>632.0</ele></trkpt>
    <trkpt lat="35.36352" lon="-120.26687"><ele>632.0</ele></trkpt>
    <trkpt lat="35.36357" lon="-120.26689"><ele>632.0</ele></trkpt>
    <trkpt lat="35.36362" lon="-120.26693"><ele>632.0</ele></trkpt>
    <trkpt lat="35.36366" lon="-120.26698"><ele>632.0</ele></trkpt>
    <trkpt lat="35.36369" lon="-120.26705"><ele>632.0</ele></trkpt>
    <trkpt lat="35.36373" lon="-120.26711"><ele>632.0</ele></trkpt>
    <trkpt lat="35.36377" lon="-120.26716"><ele>632.0</ele></trkpt>
    <trkpt lat="35.36381" lon="-120.26720"><ele>632.0</ele></trkpt>
    <trkpt lat="35.36386" lon="-120.26723"><ele>632.0</ele></trkpt>
    <trkpt lat="35.36390" lon="-120.26723"><ele>632.0</ele></trkpt>
    <trkpt lat="35.36392" lon="-120.26724"><ele>632.0</ele></trkpt>
    <trkpt lat="35.36394" lon="-120.26725"><ele>632.0</ele></trkpt>
    <trkpt lat="35.36397" lon="-120.26726"><ele>632.0</ele></trkpt>
    <trkpt lat="35.36403" lon="-120.26726"><ele>632.0</ele></trkpt>
    <trkpt lat="35.36409" lon="-120.26728"><ele>632.0</ele></trkpt>
    <trkpt lat="35.36417" lon="-120.26729"><ele>632.0</ele></trkpt>
    <trkpt lat="35.36421" lon="-120.26730"><ele>632.0</ele></trkpt>
    <trkpt lat="35.36427" lon="-120.26730"><ele>632.0</ele></trkpt>
    <trkpt lat="35.36433" lon="-120.26730"><ele>632.0</ele></trkpt>
    <trkpt lat="35.36439" lon="-120.26732"><ele>632.0</ele></trkpt>
    <trkpt lat="35.36445" lon="-120.26735"><ele>632.0</ele></trkpt>
    <trkpt lat="35.36450" lon="-120.26738"><ele>631.0</ele></trkpt>
    <trkpt lat="35.36456" lon="-120.26741"><ele>631.0</ele></trkpt>
    <trkpt lat="35.36461" lon="-120.26745"><ele>631.0</ele></trkpt>
    <trkpt lat="35.36466" lon="-120.26749"><ele>631.0</ele></trkpt>
    <trkpt lat="35.36472" lon="-120.26752"><ele>631.0</ele></trkpt>
    <trkpt lat="35.36478" lon="-120.26755"><ele>631.0</ele></trkpt>
    <trkpt lat="35.36484" lon="-120.26758"><ele>631.0</ele></trkpt>
    <trkpt lat="35.36489" lon="-120.26761"><ele>631.0</ele></trkpt>
    <trkpt lat="35.36494" lon="-120.26764"><ele>631.0</ele></trkpt>
    <trkpt lat="35.36500" lon="-120.26767"><ele>631.0</ele></trkpt>
    <trkpt lat="35.36505" lon="-120.26769"><ele>631.0</ele></trkpt>
    <trkpt lat="35.36512" lon="-120.26767"><ele>631.0</ele></trkpt>
    <trkpt lat="35.36517" lon="-120.26765"><ele>631.0</ele></trkpt>
    <trkpt lat="35.36522" lon="-120.26761"><ele>631.0</ele></trkpt>
    <trkpt lat="35.36527" lon="-120.26758"><ele>631.0</ele></trkpt>
    <trkpt lat="35.36532" lon="-120.26756"><ele>631.0</ele></trkpt>
    <trkpt lat="35.36536" lon="-120.26755"><ele>631.0</ele></trkpt>
    <trkpt lat="35.36540" lon="-120.26756"><ele>631.0</ele></trkpt>
    <trkpt lat="35.36546" lon="-120.26756"><ele>631.0</ele></trkpt>
    <trkpt lat="35.36551" lon="-120.26757"><ele>631.0</ele></trkpt>
    <trkpt lat="35.36556" lon="-120.26761"><ele>631.0</ele></trkpt>
    <trkpt lat="35.36560" lon="-120.26766"><ele>631.0</ele></trkpt>
    <trkpt lat="35.36566" lon="-120.26769"><ele>631.0</ele></trkpt>
    <trkpt lat="35.36572" lon="-120.26768"><ele>631.0</ele></trkpt>
    <trkpt lat="35.36577" lon="-120.26765"><ele>632.0</ele></trkpt>
    <trkpt lat="35.36581" lon="-120.26761"><ele>632.0</ele></trkpt>
    <trkpt lat="35.36585" lon="-120.26757"><ele>632.0</ele></trkpt>
    <trkpt lat="35.36588" lon="-120.26755"><ele>632.0</ele></trkpt>
    <trkpt lat="35.36590" lon="-120.26754"><ele>632.0</ele></trkpt>
    <trkpt lat="35.36594" lon="-120.26751"><ele>632.0</ele></trkpt>
    <trkpt lat="35.36596" lon="-120.26749"><ele>632.0</ele></trkpt>
    <trkpt lat="35.36597" lon="-120.26748"><ele>632.0</ele></trkpt>
    <trkpt lat="35.36601" lon="-120.26748"><ele>632.0</ele></trkpt>
    <trkpt lat="35.36606" lon="-120.26751"><ele>632.0</ele></trkpt>
    <trkpt lat="35.36611" lon="-120.26757"><ele>632.0</ele></trkpt>
    <trkpt lat="35.36615" lon="-120.26763"><ele>632.0</ele></trkpt>
    <trkpt lat="35.36619" lon="-120.26768"><ele>632.0</ele></trkpt>
    <trkpt lat="35.36626" lon="-120.26771"><ele>632.0</ele></trkpt>
    <trkpt lat="35.36632" lon="-120.26772"><ele>632.0</ele></trkpt>
    <trkpt lat="35.36639" lon="-120.26771"><ele>632.0</ele></trkpt>
    <trkpt lat="35.36645" lon="-120.26771"><ele>632.0</ele></trkpt>
    <trkpt lat="35.36650" lon="-120.26770"><ele>632.0</ele></trkpt>
    <trkpt lat="35.36652" lon="-120.26770"><ele>632.0</ele></trkpt>
    <trkpt lat="35.36656" lon="-120.26768"><ele>632.0</ele></trkpt>
    <trkpt lat="35.36661" lon="-120.26765"><ele>632.0</ele></trkpt>
    <trkpt lat="35.36666" lon="-120.26762"><ele>632.0</ele></trkpt>
    <trkpt lat="35.36671" lon="-120.26760"><ele>632.0</ele></trkpt>
    <trkpt lat="35.36673" lon="-120.26757"><ele>632.0</ele></trkpt>
    <trkpt lat="35.36678" lon="-120.26754"><ele>632.0</ele></trkpt>
    <trkpt lat="35.36681" lon="-120.26750"><ele>639.0</ele></trkpt>
    <trkpt lat="35.36685" lon="-120.26747"><ele>639.0</ele></trkpt>
    <trkpt lat="35.36688" lon="-120.26743"><ele>639.0</ele></trkpt>
    <trkpt lat="35.36692" lon="-120.26738"><ele>639.0</ele></trkpt>
    <trkpt lat="35.36695" lon="-120.26733"><ele>639.0</ele></trkpt>
    <trkpt lat="35.36699" lon="-120.26728"><ele>639.0</ele></trkpt>
    <trkpt lat="35.36702" lon="-120.26723"><ele>639.0</ele></trkpt>
    <trkpt lat="35.36705" lon="-120.26717"><ele>639.0</ele></trkpt>
    <trkpt lat="35.36707" lon="-120.26712"><ele>639.0</ele></trkpt>
    <trkpt lat="35.36710" lon="-120.26706"><ele>639.0</ele></trkpt>
    <trkpt lat="35.36714" lon="-120.26701"><ele>639.0</ele></trkpt>
    <trkpt lat="35.36720" lon="-120.26699"><ele>639.0</ele></trkpt>
    <trkpt lat="35.36724" lon="-120.26695"><ele>639.0</ele></trkpt>
    <trkpt lat="35.36725" lon="-120.26689"><ele>639.0</ele></trkpt>
    <trkpt lat="35.36725" lon="-120.26683"><ele>639.0</ele></trkpt>
    <trkpt lat="35.36726" lon="-120.26678"><ele>639.0</ele></trkpt>
    <trkpt lat="35.36728" lon="-120.26673"><ele>639.0</ele></trkpt>
    <trkpt lat="35.36729" lon="-120.26669"><ele>639.0</ele></trkpt>
    <trkpt lat="35.36731" lon="-120.26664"><ele>639.0</ele></trkpt>
    <trkpt lat="35.36733" lon="-120.26661"><ele>639.0</ele></trkpt>
    <trkpt lat="35.36735" lon="-120.26658"><ele>639.0</ele></trkpt>
    <trkpt lat="35.36735" lon="-120.26657"><ele>639.0</ele></trkpt>
    <trkpt lat="35.36739" lon="-120.26653"><ele>639.0</ele></trkpt>
    <trkpt lat="35.36742" lon="-120.26648"><ele>639.0</ele></trkpt>
    <trkpt lat="35.36745" lon="-120.26644"><ele>639.0</ele></trkpt>
    <trkpt lat="35.36749" lon="-120.26640"><ele>653.0</ele></trkpt>
    <trkpt lat="35.36753" lon="-120.26637"><ele>653.0</ele></trkpt>
    <trkpt lat="35.36756" lon="-120.26634"><ele>653.0</ele></trkpt>
    <trkpt lat="35.36759" lon="-120.26630"><ele>653.0</ele></trkpt>
    <trkpt lat="35.36762" lon="-120.26626"><ele>653.0</ele></trkpt>
    <trkpt lat="35.36765" lon="-120.26622"><ele>653.0</ele></trkpt>
    <trkpt lat="35.36768" lon="-120.26619"><ele>653.0</ele></trkpt>
    <trkpt lat="35.36771" lon="-120.26615"><ele>653.0</ele></trkpt>
    <trkpt lat="35.36773" lon="-120.26610"><ele>653.0</ele></trkpt>
    <trkpt lat="35.36774" lon="-120.26604"><ele>653.0</ele></trkpt>
    <trkpt lat="35.36775" lon="-120.26599"><ele>653.0</ele></trkpt>
    <trkpt lat="35.36776" lon="-120.26594"><ele>653.0</ele></trkpt>
    <trkpt lat="35.36776" lon="-120.26589"><ele>653.0</ele></trkpt>
    <trkpt lat="35.36776" lon="-120.26581"><ele>653.0</ele></trkpt>
    <trkpt lat="35.36777" lon="-120.26578"><ele>653.0</ele></trkpt>
    <trkpt lat="35.36778" lon="-120.26572"><ele>653.0</ele></trkpt>
    <trkpt lat="35.36779" lon="-120.26567"><ele>653.0</ele></trkpt>
    <trkpt lat="35.36780" lon="-120.26563"><ele>653.0</ele></trkpt>
    <trkpt lat="35.36781" lon="-120.26558"><ele>653.0</ele></trkpt>
    <trkpt lat="35.36782" lon="-120.26552"><ele>653.0</ele></trkpt>
    <trkpt lat="35.36783" lon="-120.26547"><ele>653.0</ele></trkpt>
    <trkpt lat="35.36784" lon="-120.26541"><ele>653.0</ele></trkpt>
    <trkpt lat="35.36784" lon="-120.26535"><ele>653.0</ele></trkpt>
    <trkpt lat="35.36783" lon="-120.26528"><ele>653.0</ele></trkpt>
    <trkpt lat="35.36782" lon="-120.26522"><ele>673.0</ele></trkpt>
    <trkpt lat="35.36781" lon="-120.26517"><ele>673.0</ele></trkpt>
    <trkpt lat="35.36780" lon="-120.26511"><ele>673.0</ele></trkpt>
    <trkpt lat="35.36779" lon="-120.26506"><ele>673.0</ele></trkpt>
    <trkpt lat="35.36778" lon="-120.26499"><ele>673.0</ele></trkpt>
    <trkpt lat="35.36778" lon="-120.26493"><ele>673.0</ele></trkpt>
    <trkpt lat="35.36778" lon="-120.26487"><ele>673.0</ele></trkpt>
    <trkpt lat="35.36779" lon="-120.26481"><ele>673.0</ele></trkpt>
    <trkpt lat="35.36780" lon="-120.26475"><ele>673.0</ele></trkpt>
    <trkpt lat="35.36780" lon="-120.26470"><ele>673.0</ele></trkpt>
    <trkpt lat="35.36780" lon="-120.26465"><ele>673.0</ele></trkpt>
    <trkpt lat="35.36780" lon="-120.26459"><ele>673.0</ele></trkpt>
    <trkpt lat="35.36780" lon="-120.26453"><ele>673.0</ele></trkpt>
    <trkpt lat="35.36780" lon="-120.26448"><ele>673.0</ele></trkpt>
    <trkpt lat="35.36780" lon="-120.26442"><ele>673.0</ele></trkpt>
    <trkpt lat="35.36781" lon="-120.26436"><ele>673.0</ele></trkpt>
    <trkpt lat="35.36781" lon="-120.26431"><ele>673.0</ele></trkpt>
    <trkpt lat="35.36781" lon="-120.26426"><ele>673.0</ele></trkpt>
    <trkpt lat="35.36782" lon="-120.26420"><ele>673.0</ele></trkpt>
    <trkpt lat="35.36782" lon="-120.26414"><ele>673.0</ele></trkpt>
    <trkpt lat="35.36782" lon="-120.26407"><ele>673.0</ele></trkpt>
    <trkpt lat="35.36782" lon="-120.26401"><ele>673.0</ele></trkpt>
    <trkpt lat="35.36781" lon="-120.26395"><ele>673.0</ele></trkpt>
    <trkpt lat="35.36781" lon="-120.26389"><ele>673.0</ele></trkpt>
    <trkpt lat="35.36780" lon="-120.26384"><ele>673.0</ele></trkpt>
    <trkpt lat="35.36779" lon="-120.26378"><ele>687.0</ele></trkpt>
    <trkpt lat="35.36777" lon="-120.26372"><ele>687.0</ele></trkpt>
    <trkpt lat="35.36775" lon="-120.26366"><ele>687.0</ele></trkpt>
    <trkpt lat="35.36772" lon="-120.26362"><ele>687.0</ele></trkpt>
    <trkpt lat="35.36772" lon="-120.26356"><ele>687.0</ele></trkpt>
    <trkpt lat="35.36773" lon="-120.26353"><ele>687.0</ele></trkpt>
    <trkpt lat="35.36777" lon="-120.26350"><ele>687.0</ele></trkpt>
    <trkpt lat="35.36783" lon="-120.26349"><ele>687.0</ele></trkpt>
    <trkpt lat="35.36787" lon="-120.26350"><ele>687.0</ele></trkpt>
    <trkpt lat="35.36793" lon="-120.26349"><ele>687.0</ele></trkpt>
    <trkpt lat="35.36797" lon="-120.26348"><ele>687.0</ele></trkpt>
    <trkpt lat="35.36802" lon="-120.26346"><ele>687.0</ele></trkpt>
    <trkpt lat="35.36807" lon="-120.26345"><ele>687.0</ele></trkpt>
    <trkpt lat="35.36811" lon="-120.26342"><ele>687.0</ele></trkpt>
    <trkpt lat="35.36814" lon="-120.26338"><ele>687.0</ele></trkpt>
    <trkpt lat="35.36816" lon="-120.26333"><ele>687.0</ele></trkpt>
    <trkpt lat="35.36816" lon="-120.26327"><ele>687.0</ele></trkpt>
    <trkpt lat="35.36815" lon="-120.26321"><ele>687.0</ele></trkpt>
    <trkpt lat="35.36813" lon="-120.26316"><ele>687.0</ele></trkpt>
    <trkpt lat="35.36811" lon="-120.26311"><ele>687.0</ele></trkpt>
    <trkpt lat="35.36810" lon="-120.26303"><ele>687.0</ele></trkpt>
    <trkpt lat="35.36809" lon="-120.26297"><ele>687.0</ele></trkpt>
    <trkpt lat="35.36809" lon="-120.26291"><ele>687.0</ele></trkpt>
    <trkpt lat="35.36808" lon="-120.26285"><ele>687.0</ele></trkpt>
    <trkpt lat="35.36807" lon="-120.26280"><ele>687.0</ele></trkpt>
    <trkpt lat="35.36805" lon="-120.26275"><ele>704.0</ele></trkpt>
    <trkpt lat="35.36802" lon="-120.26269"><ele>704.0</ele></trkpt>
    <trkpt lat="35.36801" lon="-120.26264"><ele>704.0</ele></trkpt>
    <trkpt lat="35.36803" lon="-120.26258"><ele>704.0</ele></trkpt>
    <trkpt lat="35.36807" lon="-120.26254"><ele>704.0</ele></trkpt>
    <trkpt lat="35.36812" lon="-120.26254"><ele>704.0</ele></trkpt>
    <trkpt lat="35.36817" lon="-120.26256"><ele>704.0</ele></trkpt>
    <trkpt lat="35.36823" lon="-120.26255"><ele>704.0</ele></trkpt>
    <trkpt lat="35.36828" lon="-120.26253"><ele>704.0</ele></trkpt>
    <trkpt lat="35.36833" lon="-120.26251"><ele>704.0</ele></trkpt>
    <trkpt lat="35.36838" lon="-120.26248"><ele>704.0</ele></trkpt>
    <trkpt lat="35.36842" lon="-120.26245"><ele>704.0</ele></trkpt>
    <trkpt lat="35.36846" lon="-120.26242"><ele>704.0</ele></trkpt>
    <trkpt lat="35.36851" lon="-120.26238"><ele>704.0</ele></trkpt>
    <trkpt lat="35.36855" lon="-120.26235"><ele>704.0</ele></trkpt>
    <trkpt lat="35.36858" lon="-120.26230"><ele>704.0</ele></trkpt>
    <trkpt lat="35.36860" lon="-120.26225"><ele>704.0</ele></trkpt>
    <trkpt lat="35.36862" lon="-120.26220"><ele>704.0</ele></trkpt>
    <trkpt lat="35.36863" lon="-120.26216"><ele>704.0</ele></trkpt>
    <trkpt lat="35.36865" lon="-120.26211"><ele>704.0</ele></trkpt>
    <trkpt lat="35.36867" lon="-120.26206"><ele>704.0</ele></trkpt>
    <trkpt lat="35.36869" lon="-120.26201"><ele>704.0</ele></trkpt>
    <trkpt lat="35.36870" lon="-120.26195"><ele>704.0</ele></trkpt>
    <trkpt lat="35.36872" lon="-120.26190"><ele>704.0</ele></trkpt>
    <trkpt lat="35.36873" lon="-120.26184"><ele>704.0</ele></trkpt>
    <trkpt lat="35.36874" lon="-120.26178"><ele>717.0</ele></trkpt>
    <trkpt lat="35.36876" lon="-120.26172"><ele>717.0</ele></trkpt>
    <trkpt lat="35.36877" lon="-120.26168"><ele>717.0</ele></trkpt>
    <trkpt lat="35.36878" lon="-120.26162"><ele>717.0</ele></trkpt>
    <trkpt lat="35.36878" lon="-120.26156"><ele>717.0</ele></trkpt>
    <trkpt lat="35.36878" lon="-120.26150"><ele>717.0</ele></trkpt>
    <trkpt lat="35.36877" lon="-120.26144"><ele>717.0</ele></trkpt>
    <trkpt lat="35.36875" lon="-120.26138"><ele>717.0</ele></trkpt>
    <trkpt lat="35.36873" lon="-120.26133"><ele>717.0</ele></trkpt>
    <trkpt lat="35.36870" lon="-120.26128"><ele>717.0</ele></trkpt>
    <trkpt lat="35.36866" lon="-120.26123"><ele>717.0</ele></trkpt>
    <trkpt lat="35.36863" lon="-120.26120"><ele>717.0</ele></trkpt>
    <trkpt lat="35.36859" lon="-120.26116"><ele>717.0</ele></trkpt>
    <trkpt lat="35.36854" lon="-120.26113"><ele>717.0</ele></trkpt>
    <trkpt lat="35.36850" lon="-120.26110"><ele>717.0</ele></trkpt>
    <trkpt lat="35.36846" lon="-120.26108"><ele>717.0</ele></trkpt>
    <trkpt lat="35.36841" lon="-120.26105"><ele>717.0</ele></trkpt>
    <trkpt lat="35.36836" lon="-120.26103"><ele>717.0</ele></trkpt>
    <trkpt lat="35.36831" lon="-120.26100"><ele>717.0</ele></trkpt>
    <trkpt lat="35.36827" lon="-120.26097"><ele>717.0</ele></trkpt>
    <trkpt lat="35.36822" lon="-120.26094"><ele>717.0</ele></trkpt>
    <trkpt lat="35.36818" lon="-120.26091"><ele>717.0</ele></trkpt>
    <trkpt lat="35.36814" lon="-120.26089"><ele>717.0</ele></trkpt>
    <trkpt lat="35.36809" lon="-120.26087"><ele>717.0</ele></trkpt>
    <trkpt lat="35.36804" lon="-120.26084"><ele>746.0</ele></trkpt>
    <trkpt lat="35.36799" lon="-120.26081"><ele>746.0</ele></trkpt>
    <trkpt lat="35.36795" lon="-120.26078"><ele>746.0</ele></trkpt>
    <trkpt lat="35.36733" lon="-120.26014"><ele>746.0</ele></trkpt>
    <trkpt lat="35.36730" lon="-120.26012"><ele>746.0</ele></trkpt>
    <trkpt lat="35.36725" lon="-120.26010"><ele>746.0</ele></trkpt>
    <trkpt lat="35.36720" lon="-120.26007"><ele>746.0</ele></trkpt>
    <trkpt lat="35.36715" lon="-120.26004"><ele>746.0</ele></trkpt>
    <trkpt lat="35.36709" lon="-120.26002"><ele>746.0</ele></trkpt>
    <trkpt lat="35.36704" lon="-120.26001"><ele>746.0</ele></trkpt>
    <trkpt lat="35.36699" lon="-120.26000"><ele>746.0</ele></trkpt>
    <trkpt lat="35.36693" lon="-120.25999"><ele>746.0</ele></trkpt>
    <trkpt lat="35.36672" lon="-120.25987"><ele>746.0</ele></trkpt>
    <trkpt lat="35.36668" lon="-120.25984"><ele>746.0</ele></trkpt>
    <trkpt lat="35.36638" lon="-120.25955"><ele>746.0</ele></trkpt>
    <trkpt lat="35.36637" lon="-120.25952"><ele>746.0</ele></trkpt>
    <trkpt lat="35.36635" lon="-120.25948"><ele>746.0</ele></trkpt>
    <trkpt lat="35.36631" lon="-120.25943"><ele>746.0</ele></trkpt>
    <trkpt lat="35.36626" lon="-120.25939"><ele>746.0</ele></trkpt>
    <trkpt lat="35.36622" lon="-120.25933"><ele>746.0</ele></trkpt>
    <trkpt lat="35.36618" lon="-120.25927"><ele>746.0</ele></trkpt>
    <trkpt lat="35.36614" lon="-120.25921"><ele>746.0</ele></trkpt>
    <trkpt lat="35.36610" lon="-120.25916"><ele>746.0</ele></trkpt>
    <trkpt lat="35.36607" lon="-120.25910"><ele>746.0</ele></trkpt>
    <trkpt lat="35.36603" lon="-120.25905"><ele>746.0</ele></trkpt>
    <trkpt lat="35.36601" lon="-120.25899"><ele>757.0</ele></trkpt>
    <trkpt lat="35.36598" lon="-120.25894"><ele>757.0</ele></trkpt>
    <trkpt lat="35.36596" lon="-120.25889"><ele>757.0</ele></trkpt>
    <trkpt lat="35.36593" lon="-120.25882"><ele>757.0</ele></trkpt>
    <trkpt lat="35.36590" lon="-120.25876"><ele>757.0</ele></trkpt>
    <trkpt lat="35.36587" lon="-120.25870"><ele>757.0</ele></trkpt>
    <trkpt lat="35.36585" lon="-120.25864"><ele>757.0</ele></trkpt>
    <trkpt lat="35.36582" lon="-120.25859"><ele>757.0</ele></trkpt>
    <trkpt lat="35.36579" lon="-120.25853"><ele>757.0</ele></trkpt>
    <trkpt lat="35.36575" lon="-120.25847"><ele>757.0</ele></trkpt>
    <trkpt lat="35.36572" lon="-120.25842"><ele>757.0</ele></trkpt>
    <trkpt lat="35.36569" lon="-120.25836"><ele>757.0</ele></trkpt>
    <trkpt lat="35.36569" lon="-120.25830"><ele>757.0</ele></trkpt>
    <trkpt lat="35.36569" lon="-120.25824"><ele>757.0</ele></trkpt>
    <trkpt lat="35.36569" lon="-120.25817"><ele>757.0</ele></trkpt>
    <trkpt lat="35.36569" lon="-120.25810"><ele>757.0</ele></trkpt>
    <trkpt lat="35.36569" lon="-120.25804"><ele>757.0</ele></trkpt>
    <trkpt lat="35.36570" lon="-120.25798"><ele>757.0</ele></trkpt>
    <trkpt lat="35.36570" lon="-120.25792"><ele>757.0</ele></trkpt>
    <trkpt lat="35.36572" lon="-120.25786"><ele>757.0</ele></trkpt>
    <trkpt lat="35.36574" lon="-120.25780"><ele>757.0</ele></trkpt>
    <trkpt lat="35.36575" lon="-120.25774"><ele>757.0</ele></trkpt>
    <trkpt lat="35.36576" lon="-120.25769"><ele>757.0</ele></trkpt>
    <trkpt lat="35.36576" lon="-120.25764"><ele>757.0</ele></trkpt>
    <trkpt lat="35.36576" lon="-120.25758"><ele>757.0</ele></trkpt>
    <trkpt lat="35.36576" lon="-120.25752"><ele>773.0</ele></trkpt>
    <trkpt lat="35.36576" lon="-120.25746"><ele>773.0</ele></trkpt>
    <trkpt lat="35.36576" lon="-120.25741"><ele>773.0</ele></trkpt>
    <trkpt lat="35.36576" lon="-120.25737"><ele>773.0</ele></trkpt>
    <trkpt lat="35.36576" lon="-120.25734"><ele>773.0</ele></trkpt>
    <trkpt lat="35.36576" lon="-120.25731"><ele>773.0</ele></trkpt>
    <trkpt lat="35.36577" lon="-120.25729"><ele>773.0</ele></trkpt>
    <trkpt lat="35.36577" lon="-120.25724"><ele>773.0</ele></trkpt>
    <trkpt lat="35.36578" lon="-120.25718"><ele>773.0</ele></trkpt>
    <trkpt lat="35.36578" lon="-120.25712"><ele>773.0</ele></trkpt>
    <trkpt lat="35.36579" lon="-120.25706"><ele>773.0</ele></trkpt>
    <trkpt lat="35.36579" lon="-120.25700"><ele>773.0</ele></trkpt>
    <trkpt lat="35.36578" lon="-120.25695"><ele>773.0</ele></trkpt>
    <trkpt lat="35.36579" lon="-120.25688"><ele>773.0</ele></trkpt>
    <trkpt lat="35.36579" lon="-120.25683"><ele>773.0</ele></trkpt>
    <trkpt lat="35.36579" lon="-120.25677"><ele>773.0</ele></trkpt>
    <trkpt lat="35.36580" lon="-120.25671"><ele>773.0</ele></trkpt>
    <trkpt lat="35.36580" lon="-120.25665"><ele>773.0</ele></trkpt>
    <trkpt lat="35.36581" lon="-120.25659"><ele>773.0</ele></trkpt>
    <trkpt lat="35.36581" lon="-120.25654"><ele>773.0</ele></trkpt>
    <trkpt lat="35.36582" lon="-120.25648"><ele>773.0</ele></trkpt>
    <trkpt lat="35.36583" lon="-120.25642"><ele>773.0</ele></trkpt>
    <trkpt lat="35.36583" lon="-120.25637"><ele>773.0</ele></trkpt>
    <trkpt lat="35.36584" lon="-120.25630"><ele>773.0</ele></trkpt>
    <trkpt lat="35.36584" lon="-120.25624"><ele>785.0</ele></trkpt>
    <trkpt lat="35.36584" lon="-120.25618"><ele>785.0</ele></trkpt>
    <trkpt lat="35.36585" lon="-120.25612"><ele>785.0</ele></trkpt>
    <trkpt lat="35.36585" lon="-120.25606"><ele>785.0</ele></trkpt>
    <trkpt lat="35.36586" lon="-120.25600"><ele>785.0</ele></trkpt>
    <trkpt lat="35.36586" lon="-120.25594"><ele>785.0</ele></trkpt>
    <trkpt lat="35.36586" lon="-120.25588"><ele>785.0</ele></trkpt>
    <trkpt lat="35.36587" lon="-120.25582"><ele>785.0</ele></trkpt>
    <trkpt lat="35.36588" lon="-120.25576"><ele>785.0</ele></trkpt>
    <trkpt lat="35.36588" lon="-120.25570"><ele>785.0</ele></trkpt>
    <trkpt lat="35.36589" lon="-120.25563"><ele>785.0</ele></trkpt>
    <trkpt lat="35.36590" lon="-120.25557"><ele>785.0</ele></trkpt>
    <trkpt lat="35.36591" lon="-120.25550"><ele>785.0</ele></trkpt>
    <trkpt lat="35.36592" lon="-120.25544"><ele>785.0</ele></trkpt>
    <trkpt lat="35.36594" lon="-120.25538"><ele>785.0</ele></trkpt>
    <trkpt lat="35.36596" lon="-120.25533"><ele>785.0</ele></trkpt>
    <trkpt lat="35.36599" lon="-120.25529"><ele>785.0</ele></trkpt>
    <trkpt lat="35.36600" lon="-120.25528"><ele>785.0</ele></trkpt>
    <trkpt lat="35.36600" lon="-120.25527"><ele>785.0</ele></trkpt>
    <trkpt lat="35.36603" lon="-120.25522"><ele>785.0</ele></trkpt>
    <trkpt lat="35.36606" lon="-120.25517"><ele>785.0</ele></trkpt>
    <trkpt lat="35.36609" lon="-120.25512"><ele>785.0</ele></trkpt>
    <trkpt lat="35.36612" lon="-120.25506"><ele>785.0</ele></trkpt>
    <trkpt lat="35.36615" lon="-120.25502"><ele>785.0</ele></trkpt>
    <trkpt lat="35.36619" lon="-120.25497"><ele>785.0</ele></trkpt>
    <trkpt lat="35.36621" lon="-120.25491"><ele>801.0</ele></trkpt>
    <trkpt lat="35.36625" lon="-120.25486"><ele>801.0</ele></trkpt>
    <trkpt lat="35.36629" lon="-120.25482"><ele>801.0</ele></trkpt>
    <trkpt lat="35.36632" lon="-120.25478"><ele>801.0</ele></trkpt>
    <trkpt lat="35.36634" lon="-120.25475"><ele>801.0</ele></trkpt>
    <trkpt lat="35.36634" lon="-120.25473"><ele>801.0</ele></trkpt>
    <trkpt lat="35.36636" lon="-120.25470"><ele>801.0</ele></trkpt>
    <trkpt lat="35.36638" lon="-120.25466"><ele>801.0</ele></trkpt>
    <trkpt lat="35.36640" lon="-120.25462"><ele>801.0</ele></trkpt>
    <trkpt lat="35.36643" lon="-120.25458"><ele>801.0</ele></trkpt>
    <trkpt lat="35.36645" lon="-120.25453"><ele>801.0</ele></trkpt>
    <trkpt lat="35.36647" lon="-120.25449"><ele>801.0</ele></trkpt>
    <trkpt lat="35.36649" lon="-120.25445"><ele>801.0</ele></trkpt>
    <trkpt lat="35.36652" lon="-120.25440"><ele>801.0</ele></trkpt>
    <trkpt lat="35.36654" lon="-120.25437"><ele>801.0</ele></trkpt>
    <trkpt lat="35.36656" lon="-120.25436"><ele>801.0</ele></trkpt>
    <trkpt lat="35.36657" lon="-120.25435"><ele>801.0</ele></trkpt>
    <trkpt lat="35.36659" lon="-120.25434"><ele>801.0</ele></trkpt>
    <trkpt lat="35.36664" lon="-120.25435"><ele>801.0</ele></trkpt>
    <trkpt lat="35.36669" lon="-120.25437"><ele>801.0</ele></trkpt>
    <trkpt lat="35.36674" lon="-120.25439"><ele>801.0</ele></trkpt>
    <trkpt lat="35.36679" lon="-120.25440"><ele>801.0</ele></trkpt>
    <trkpt lat="35.36684" lon="-120.25442"><ele>801.0</ele></trkpt>
    <trkpt lat="35.36690" lon="-120.25445"><ele>801.0</ele></trkpt>
    <trkpt lat="35.36693" lon="-120.25449"><ele>801.0</ele></trkpt>
    <trkpt lat="35.36697" lon="-120.25454"><ele>800.0</ele></trkpt>
    <trkpt lat="35.36701" lon="-120.25456"><ele>800.0</ele></trkpt>
    <trkpt lat="35.36706" lon="-120.25459"><ele>800.0</ele></trkpt>
    <trkpt lat="35.36710" lon="-120.25463"><ele>800.0</ele></trkpt>
    <trkpt lat="35.36715" lon="-120.25466"><ele>800.0</ele></trkpt>
    <trkpt lat="35.36719" lon="-120.25469"><ele>800.0</ele></trkpt>
    <trkpt lat="35.36723" lon="-120.25469"><ele>800.0</ele></trkpt>
    <trkpt lat="35.36725" lon="-120.25464"><ele>800.0</ele></trkpt>
    <trkpt lat="35.36723" lon="-120.25460"><ele>800.0</ele></trkpt>
    <trkpt lat="35.36722" lon="-120.25458"><ele>800.0</ele></trkpt>
    <trkpt lat="35.36719" lon="-120.25453"><ele>800.0</ele></trkpt>
    <trkpt lat="35.36715" lon="-120.25447"><ele>800.0</ele></trkpt>
    <trkpt lat="35.36712" lon="-120.25440"><ele>800.0</ele></trkpt>
    <trkpt lat="35.36709" lon="-120.25434"><ele>800.0</ele></trkpt>
    <trkpt lat="35.36705" lon="-120.25427"><ele>800.0</ele></trkpt>
    <trkpt lat="35.36701" lon="-120.25421"><ele>800.0</ele></trkpt>
    <trkpt lat="35.36697" lon="-120.25416"><ele>800.0</ele></trkpt>
    <trkpt lat="35.36693" lon="-120.25410"><ele>800.0</ele></trkpt>
    <trkpt lat="35.36688" lon="-120.25405"><ele>800.0</ele></trkpt>
    <trkpt lat="35.36684" lon="-120.25400"><ele>800.0</ele></trkpt>
    <trkpt lat="35.36679" lon="-120.25395"><ele>800.0</ele></trkpt>
    <trkpt lat="35.36674" lon="-120.25390"><ele>800.0</ele></trkpt>
    <trkpt lat="35.36670" lon="-120.25385"><ele>800.0</ele></trkpt>
    <trkpt lat="35.36665" lon="-120.25380"><ele>800.0</ele></trkpt>
    <trkpt lat="35.36661" lon="-120.25373"><ele>804.0</ele></trkpt>
    <trkpt lat="35.36657" lon="-120.25368"><ele>804.0</ele></trkpt>
    <trkpt lat="35.36653" lon="-120.25362"><ele>804.0</ele></trkpt>
    <trkpt lat="35.36648" lon="-120.25356"><ele>804.0</ele></trkpt>
    <trkpt lat="35.36643" lon="-120.25351"><ele>804.0</ele></trkpt>
    <trkpt lat="35.36638" lon="-120.25347"><ele>804.0</ele></trkpt>
    <trkpt lat="35.36633" lon="-120.25344"><ele>804.0</ele></trkpt>
    <trkpt lat="35.36627" lon="-120.25339"><ele>804.0</ele></trkpt>
    <trkpt lat="35.36622" lon="-120.25336"><ele>804.0</ele></trkpt>
    <trkpt lat="35.36617" lon="-120.25332"><ele>804.0</ele></trkpt>
    <trkpt lat="35.36613" lon="-120.25327"><ele>804.0</ele></trkpt>
    <trkpt lat="35.36610" lon="-120.25321"><ele>804.0</ele></trkpt>
    <trkpt lat="35.36607" lon="-120.25315"><ele>804.0</ele></trkpt>
    <trkpt lat="35.36604" lon="-120.25309"><ele>804.0</ele></trkpt>
    <trkpt lat="35.36602" lon="-120.25302"><ele>804.0</ele></trkpt>
    <trkpt lat="35.36601" lon="-120.25294"><ele>804.0</ele></trkpt>
    <trkpt lat="35.36599" lon="-120.25288"><ele>804.0</ele></trkpt>
    <trkpt lat="35.36598" lon="-120.25281"><ele>804.0</ele></trkpt>
    <trkpt lat="35.36595" lon="-120.25274"><ele>804.0</ele></trkpt>
    <trkpt lat="35.36592" lon="-120.25267"><ele>804.0</ele></trkpt>
    <trkpt lat="35.36589" lon="-120.25260"><ele>804.0</ele></trkpt>
    <trkpt lat="35.36586" lon="-120.25255"><ele>804.0</ele></trkpt>
    <trkpt lat="35.36583" lon="-120.25249"><ele>804.0</ele></trkpt>
    <trkpt lat="35.36580" lon="-120.25245"><ele>804.0</ele></trkpt>
    <trkpt lat="35.36578" lon="-120.25241"><ele>804.0</ele></trkpt>
    <trkpt lat="35.36576" lon="-120.25237"><ele>814.0</ele></trkpt>
    <trkpt lat="35.36574" lon="-120.25234"><ele>814.0</ele></trkpt>
    <trkpt lat="35.36573" lon="-120.25230"><ele>814.0</ele></trkpt>
    <trkpt lat="35.36573" lon="-120.25228"><ele>814.0</ele></trkpt>
    <trkpt lat="35.36573" lon="-120.25227"><ele>814.0</ele></trkpt>
    <trkpt lat="35.36574" lon="-120.25221"><ele>814.0</ele></trkpt>
    <trkpt lat="35.36577" lon="-120.25215"><ele>814.0</ele></trkpt>
    <trkpt lat="35.36580" lon="-120.25208"><ele>814.0</ele></trkpt>
    <trkpt lat="35.36583" lon="-120.25200"><ele>814.0</ele></trkpt>
    <trkpt lat="35.36583" lon="-120.25193"><ele>814.0</ele></trkpt>
    <trkpt lat="35.36583" lon="-120.25185"><ele>814.0</ele></trkpt>
    <trkpt lat="35.36581" lon="-120.25178"><ele>814.0</ele></trkpt>
    <trkpt lat="35.36578" lon="-120.25171"><ele>814.0</ele></trkpt>
    <trkpt lat="35.36575" lon="-120.25166"><ele>814.0</ele></trkpt>
    <trkpt lat="35.36572" lon="-120.25161"><ele>814.0</ele></trkpt>
    <trkpt lat="35.36568" lon="-120.25158"><ele>814.0</ele></trkpt>
    <trkpt lat="35.36564" lon="-120.25155"><ele>814.0</ele></trkpt>
    <trkpt lat="35.36560" lon="-120.25154"><ele>814.0</ele></trkpt>
    <trkpt lat="35.36556" lon="-120.25152"><ele>814.0</ele></trkpt>
    <trkpt lat="35.36552" lon="-120.25150"><ele>814.0</ele></trkpt>
    <trkpt lat="35.36549" lon="-120.25148"><ele>814.0</ele></trkpt>
    <trkpt lat="35.36545" lon="-120.25147"><ele>814.0</ele></trkpt>
    <trkpt lat="35.36542" lon="-120.25145"><ele>814.0</ele></trkpt>
    <trkpt lat="35.36539" lon="-120.25143"><ele>814.0</ele></trkpt>
    <trkpt lat="35.36537" lon="-120.25140"><ele>814.0</ele></trkpt>
    <trkpt lat="35.36536" lon="-120.25136"><ele>822.0</ele></trkpt>
    <trkpt lat="35.36536" lon="-120.25132"><ele>822.0</ele></trkpt>
    <trkpt lat="35.36536" lon="-120.25126"><ele>822.0</ele></trkpt>
    <trkpt lat="35.36536" lon="-120.25118"><ele>822.0</ele></trkpt>
    <trkpt lat="35.36537" lon="-120.25111"><ele>822.0</ele></trkpt>
    <trkpt lat="35.36537" lon="-120.25105"><ele>822.0</ele></trkpt>
    <trkpt lat="35.36537" lon="-120.25097"><ele>822.0</ele></trkpt>
    <trkpt lat="35.36537" lon="-120.25091"><ele>822.0</ele></trkpt>
    <trkpt lat="35.36537" lon="-120.25086"><ele>822.0</ele></trkpt>
    <trkpt lat="35.36538" lon="-120.25081"><ele>822.0</ele></trkpt>
    <trkpt lat="35.36538" lon="-120.25077"><ele>822.0</ele></trkpt>
    <trkpt lat="35.36538" lon="-120.25073"><ele>822.0</ele></trkpt>
    <trkpt lat="35.36537" lon="-120.25069"><ele>822.0</ele></trkpt>
    <trkpt lat="35.36537" lon="-120.25065"><ele>822.0</ele></trkpt>
    <trkpt lat="35.36537" lon="-120.25061"><ele>822.0</ele></trkpt>
    <trkpt lat="35.36536" lon="-120.25056"><ele>822.0</ele></trkpt>
    <trkpt lat="35.36534" lon="-120.25052"><ele>822.0</ele></trkpt>
    <trkpt lat="35.36532" lon="-120.25047"><ele>822.0</ele></trkpt>
    <trkpt lat="35.36529" lon="-120.25043"><ele>822.0</ele></trkpt>
    <trkpt lat="35.36526" lon="-120.25040"><ele>822.0</ele></trkpt>
    <trkpt lat="35.36523" lon="-120.25036"><ele>822.0</ele></trkpt>
    <trkpt lat="35.36520" lon="-120.25031"><ele>822.0</ele></trkpt>
    <trkpt lat="35.36517" lon="-120.25026"><ele>822.0</ele></trkpt>
    <trkpt lat="35.36515" lon="-120.25021"><ele>822.0</ele></trkpt>
    <trkpt lat="35.36513" lon="-120.25016"><ele>822.0</ele></trkpt>
    <trkpt lat="35.36510" lon="-120.25009"><ele>836.0</ele></trkpt>
    <trkpt lat="35.36508" lon="-120.25003"><ele>836.0</ele></trkpt>
    <trkpt lat="35.36505" lon="-120.24997"><ele>836.0</ele></trkpt>
    <trkpt lat="35.36503" lon="-120.24991"><ele>836.0</ele></trkpt>
    <trkpt lat="35.36500" lon="-120.24984"><ele>836.0</ele></trkpt>
    <trkpt lat="35.36498" lon="-120.24979"><ele>836.0</ele></trkpt>
    <trkpt lat="35.36496" lon="-120.24973"><ele>836.0</ele></trkpt>
    <trkpt lat="35.36494" lon="-120.24967"><ele>836.0</ele></trkpt>
    <trkpt lat="35.36494" lon="-120.24960"><ele>836.0</ele></trkpt>
    <trkpt lat="35.36493" lon="-120.24954"><ele>836.0</ele></trkpt>
    <trkpt lat="35.36495" lon="-120.24948"><ele>836.0</ele></trkpt>
    <trkpt lat="35.36496" lon="-120.24942"><ele>836.0</ele></trkpt>
    <trkpt lat="35.36497" lon="-120.24936"><ele>836.0</ele></trkpt>
    <trkpt lat="35.36498" lon="-120.24931"><ele>836.0</ele></trkpt>
    <trkpt lat="35.36499" lon="-120.24925"><ele>836.0</ele></trkpt>
    <trkpt lat="35.36500" lon="-120.24920"><ele>836.0</ele></trkpt>
    <trkpt lat="35.36501" lon="-120.24916"><ele>836.0</ele></trkpt>
    <trkpt lat="35.36502" lon="-120.24912"><ele>836.0</ele></trkpt>
    <trkpt lat="35.36503" lon="-120.24907"><ele>836.0</ele></trkpt>
    <trkpt lat="35.36506" lon="-120.24902"><ele>836.0</ele></trkpt>
    <trkpt lat="35.36507" lon="-120.24902"><ele>836.0</ele></trkpt>
    <trkpt lat="35.36512" lon="-120.24900"><ele>836.0</ele></trkpt>
    <trkpt lat="35.36516" lon="-120.24898"><ele>836.0</ele></trkpt>
    <trkpt lat="35.36519" lon="-120.24896"><ele>836.0</ele></trkpt>
    <trkpt lat="35.36521" lon="-120.24895"><ele>822.0</ele></trkpt>
    <trkpt lat="35.36527" lon="-120.24893"><ele>822.0</ele></trkpt>
    <trkpt lat="35.36533" lon="-120.24890"><ele>822.0</ele></trkpt>
    <trkpt lat="35.36538" lon="-120.24889"><ele>822.0</ele></trkpt>
    <trkpt lat="35.36544" lon="-120.24888"><ele>822.0</ele></trkpt>
    <trkpt lat="35.36550" lon="-120.24886"><ele>822.0</ele></trkpt>
    <trkpt lat="35.36557" lon="-120.24885"><ele>822.0</ele></trkpt>
    <trkpt lat="35.36559" lon="-120.24886"><ele>822.0</ele></trkpt>
    <trkpt lat="35.36560" lon="-120.24885"><ele>822.0</ele></trkpt>
    <trkpt lat="35.36566" lon="-120.24885"><ele>822.0</ele></trkpt>
    <trkpt lat="35.36573" lon="-120.24885"><ele>822.0</ele></trkpt>
    <trkpt lat="35.36579" lon="-120.24886"><ele>822.0</ele></trkpt>
    <trkpt lat="35.36584" lon="-120.24886"><ele>822.0</ele></trkpt>
    <trkpt lat="35.36589" lon="-120.24886"><ele>822.0</ele></trkpt>
    <trkpt lat="35.36594" lon="-120.24886"><ele>822.0</ele></trkpt>
    <trkpt lat="35.36600" lon="-120.24887"><ele>822.0</ele></trkpt>
    <trkpt lat="35.36607" lon="-120.24887"><ele>822.0</ele></trkpt>
    <trkpt lat="35.36612" lon="-120.24886"><ele>822.0</ele></trkpt>
    <trkpt lat="35.36617" lon="-120.24883"><ele>822.0</ele></trkpt>
    <trkpt lat="35.36621" lon="-120.24879"><ele>822.0</ele></trkpt>
    <trkpt lat="35.36626" lon="-120.24876"><ele>822.0</ele></trkpt>
    <trkpt lat="35.36630" lon="-120.24871"><ele>822.0</ele></trkpt>
    <trkpt lat="35.36635" lon="-120.24867"><ele>822.0</ele></trkpt>
    <trkpt lat="35.36641" lon="-120.24863"><ele>822.0</ele></trkpt>
    <trkpt lat="35.36645" lon="-120.24859"><ele>822.0</ele></trkpt>
    <trkpt lat="35.36651" lon="-120.24856"><ele>822.0</ele></trkpt>
    <trkpt lat="35.36655" lon="-120.24852"><ele>822.0</ele></trkpt>
    <trkpt lat="35.36660" lon="-120.24848"><ele>822.0</ele></trkpt>
    <trkpt lat="35.36665" lon="-120.24844"><ele>822.0</ele></trkpt>
    <trkpt lat="35.36670" lon="-120.24839"><ele>822.0</ele></trkpt>
    <trkpt lat="35.36677" lon="-120.24836"><ele>822.0</ele></trkpt>
    <trkpt lat="35.36683" lon="-120.24835"><ele>822.0</ele></trkpt>
    <trkpt lat="35.36689" lon="-120.24835"><ele>822.0</ele></trkpt>
    <trkpt lat="35.36695" lon="-120.24836"><ele>822.0</ele></trkpt>
    <trkpt lat="35.36701" lon="-120.24836"><ele>822.0</ele></trkpt>
    <trkpt lat="35.36705" lon="-120.24836"><ele>822.0</ele></trkpt>
    <trkpt lat="35.36710" lon="-120.24835"><ele>822.0</ele></trkpt>
    <trkpt lat="35.36713" lon="-120.24834"><ele>822.0</ele></trkpt>
    <trkpt lat="35.36717" lon="-120.24834"><ele>822.0</ele></trkpt>
    <trkpt lat="35.36721" lon="-120.24834"><ele>822.0</ele></trkpt>
    <trkpt lat="35.36724" lon="-120.24834"><ele>822.0</ele></trkpt>
    <trkpt lat="35.36728" lon="-120.24835"><ele>822.0</ele></trkpt>
    <trkpt lat="35.36732" lon="-120.24835"><ele>822.0</ele></trkpt>
    <trkpt lat="35.36735" lon="-120.24834"><ele>822.0</ele></trkpt>
    <trkpt lat="35.36739" lon="-120.24833"><ele>822.0</ele></trkpt>
    <trkpt lat="35.36744" lon="-120.24833"><ele>822.0</ele></trkpt>
    <trkpt lat="35.36748" lon="-120.24832"><ele>822.0</ele></trkpt>
    <trkpt lat="35.36752" lon="-120.24831"><ele>822.0</ele></trkpt>
    <trkpt lat="35.36756" lon="-120.24830"><ele>822.0</ele></trkpt>
    <trkpt lat="35.36761" lon="-120.24830"><ele>822.0</ele></trkpt>
    <trkpt lat="35.36765" lon="-120.24830"><ele>821.0</ele></trkpt>
    <trkpt lat="35.36770" lon="-120.24831"><ele>821.0</ele></trkpt>
    <trkpt lat="35.36775" lon="-120.24830"><ele>821.0</ele></trkpt>
    <trkpt lat="35.36779" lon="-120.24825"><ele>821.0</ele></trkpt>
    <trkpt lat="35.36781" lon="-120.24820"><ele>821.0</ele></trkpt>
    <trkpt lat="35.36782" lon="-120.24814"><ele>821.0</ele></trkpt>
    <trkpt lat="35.36784" lon="-120.24808"><ele>821.0</ele></trkpt>
    <trkpt lat="35.36786" lon="-120.24803"><ele>821.0</ele></trkpt>
    <trkpt lat="35.36787" lon="-120.24798"><ele>821.0</ele></trkpt>
    <trkpt lat="35.36790" lon="-120.24794"><ele>821.0</ele></trkpt>
    <trkpt lat="35.36794" lon="-120.24790"><ele>821.0</ele></trkpt>
    <trkpt lat="35.36798" lon="-120.24786"><ele>821.0</ele></trkpt>
    <trkpt lat="35.36802" lon="-120.24781"><ele>821.0</ele></trkpt>
    <trkpt lat="35.36805" lon="-120.24777"><ele>821.0</ele></trkpt>
    <trkpt lat="35.36809" lon="-120.24775"><ele>821.0</ele></trkpt>
    <trkpt lat="35.36812" lon="-120.24775"><ele>821.0</ele></trkpt>
    <trkpt lat="35.36816" lon="-120.24775"><ele>821.0</ele></trkpt>
    <trkpt lat="35.36820" lon="-120.24776"><ele>821.0</ele></trkpt>
    <trkpt lat="35.36826" lon="-120.24777"><ele>821.0</ele></trkpt>
    <trkpt lat="35.36831" lon="-120.24778"><ele>821.0</ele></trkpt>
    <trkpt lat="35.36837" lon="-120.24780"><ele>821.0</ele></trkpt>
    <trkpt lat="35.36842" lon="-120.24781"><ele>821.0</ele></trkpt>
    <trkpt lat="35.36847" lon="-120.24783"><ele>821.0</ele></trkpt>
    <trkpt lat="35.36851" lon="-120.24784"><ele>821.0</ele></trkpt>
    <trkpt lat="35.36852" lon="-120.24783"><ele>806.0</ele></trkpt>
    <trkpt lat="35.36855" lon="-120.24785"><ele>806.0</ele></trkpt>
    <trkpt lat="35.36859" lon="-120.24786"><ele>806.0</ele></trkpt>
    <trkpt lat="35.36864" lon="-120.24786"><ele>806.0</ele></trkpt>
    <trkpt lat="35.36869" lon="-120.24787"><ele>806.0</ele></trkpt>
    <trkpt lat="35.36874" lon="-120.24787"><ele>806.0</ele></trkpt>
    <trkpt lat="35.36879" lon="-120.24788"><ele>806.0</ele></trkpt>
    <trkpt lat="35.36884" lon="-120.24788"><ele>806.0</ele></trkpt>
    <trkpt lat="35.36889" lon="-120.24787"><ele>806.0</ele></trkpt>
    <trkpt lat="35.36895" lon="-120.24786"><ele>806.0</ele></trkpt>
    <trkpt lat="35.36899" lon="-120.24785"><ele>806.0</ele></trkpt>
    <trkpt lat="35.36900" lon="-120.24785"><ele>806.0</ele></trkpt>
    <trkpt lat="35.36906" lon="-120.24784"><ele>806.0</ele></trkpt>
    <trkpt lat="35.36912" lon="-120.24784"><ele>806.0</ele></trkpt>
    <trkpt lat="35.36919" lon="-120.24782"><ele>806.0</ele></trkpt>
    <trkpt lat="35.36924" lon="-120.24780"><ele>806.0</ele></trkpt>
    <trkpt lat="35.36930" lon="-120.24780"><ele>806.0</ele></trkpt>
    <trkpt lat="35.36936" lon="-120.24780"><ele>806.0</ele></trkpt>
    <trkpt lat="35.36941" lon="-120.24783"><ele>806.0</ele></trkpt>
    <trkpt lat="35.36944" lon="-120.24785"><ele>806.0</ele></trkpt>
    <trkpt lat="35.36946" lon="-120.24787"><ele>806.0</ele></trkpt>
    <trkpt lat="35.36950" lon="-120.24792"><ele>806.0</ele></trkpt>
    <trkpt lat="35.36954" lon="-120.24798"><ele>806.0</ele></trkpt>
    <trkpt lat="35.36958" lon="-120.24803"><ele>806.0</ele></trkpt>
    <trkpt lat="35.36961" lon="-120.24809"><ele>806.0</ele></trkpt>
    <trkpt lat="35.36966" lon="-120.24814"><ele>803.0</ele></trkpt>
    <trkpt lat="35.36970" lon="-120.24819"><ele>803.0</ele></trkpt>
    <trkpt lat="35.36974" lon="-120.24824"><ele>803.0</ele></trkpt>
    <trkpt lat="35.36979" lon="-120.24828"><ele>803.0</ele></trkpt>
    <trkpt lat="35.36985" lon="-120.24830"><ele>803.0</ele></trkpt>
    <trkpt lat="35.36991" lon="-120.24830"><ele>803.0</ele></trkpt>
    <trkpt lat="35.36997" lon="-120.24831"><ele>803.0</ele></trkpt>
    <trkpt lat="35.37003" lon="-120.24832"><ele>803.0</ele></trkpt>
    <trkpt lat="35.37009" lon="-120.24834"><ele>803.0</ele></trkpt>
    <trkpt lat="35.37016" lon="-120.24836"><ele>803.0</ele></trkpt>
    <trkpt lat="35.37021" lon="-120.24840"><ele>803.0</ele></trkpt>
    <trkpt lat="35.37027" lon="-120.24843"><ele>803.0</ele></trkpt>
    <trkpt lat="35.37033" lon="-120.24847"><ele>803.0</ele></trkpt>
    <trkpt lat="35.37039" lon="-120.24849"><ele>803.0</ele></trkpt>
    <trkpt lat="35.37044" lon="-120.24851"><ele>803.0</ele></trkpt>
    <trkpt lat="35.37050" lon="-120.24853"><ele>803.0</ele></trkpt>
    <trkpt lat="35.37056" lon="-120.24853"><ele>803.0</ele></trkpt>
    <trkpt lat="35.37061" lon="-120.24852"><ele>803.0</ele></trkpt>
    <trkpt lat="35.37067" lon="-120.24851"><ele>803.0</ele></trkpt>
    <trkpt lat="35.37073" lon="-120.24849"><ele>803.0</ele></trkpt>
    <trkpt lat="35.37079" lon="-120.24846"><ele>803.0</ele></trkpt>
    <trkpt lat="35.37084" lon="-120.24842"><ele>803.0</ele></trkpt>
    <trkpt lat="35.37089" lon="-120.24838"><ele>803.0</ele></trkpt>
    <trkpt lat="35.37094" lon="-120.24834"><ele>803.0</ele></trkpt>
    <trkpt lat="35.37099" lon="-120.24829"><ele>803.0</ele></trkpt>
    <trkpt lat="35.37104" lon="-120.24825"><ele>785.0</ele></trkpt>
    <trkpt lat="35.37110" lon="-120.24822"><ele>785.0</ele></trkpt>
    <trkpt lat="35.37115" lon="-120.24819"><ele>785.0</ele></trkpt>
    <trkpt lat="35.37121" lon="-120.24817"><ele>785.0</ele></trkpt>
    <trkpt lat="35.37127" lon="-120.24814"><ele>785.0</ele></trkpt>
    <trkpt lat="35.37133" lon="-120.24811"><ele>785.0</ele></trkpt>
    <trkpt lat="35.37139" lon="-120.24810"><ele>785.0</ele></trkpt>
    <trkpt lat="35.37145" lon="-120.24809"><ele>785.0</ele></trkpt>
    <trkpt lat="35.37151" lon="-120.24810"><ele>785.0</ele></trkpt>
    <trkpt lat="35.37157" lon="-120.24810"><ele>785.0</ele></trkpt>
    <trkpt lat="35.37164" lon="-120.24811"><ele>785.0</ele></trkpt>
    <trkpt lat="35.37170" lon="-120.24810"><ele>785.0</ele></trkpt>
    <trkpt lat="35.37176" lon="-120.24809"><ele>785.0</ele></trkpt>
    <trkpt lat="35.37182" lon="-120.24807"><ele>785.0</ele></trkpt>
    <trkpt lat="35.37188" lon="-120.24805"><ele>785.0</ele></trkpt>
    <trkpt lat="35.37194" lon="-120.24803"><ele>785.0</ele></trkpt>
    <trkpt lat="35.37200" lon="-120.24800"><ele>785.0</ele></trkpt>
    <trkpt lat="35.37206" lon="-120.24798"><ele>785.0</ele></trkpt>
    <trkpt lat="35.37211" lon="-120.24796"><ele>785.0</ele></trkpt>
    <trkpt lat="35.37215" lon="-120.24793"><ele>785.0</ele></trkpt>
    <trkpt lat="35.37220" lon="-120.24791"><ele>785.0</ele></trkpt>
    <trkpt lat="35.37226" lon="-120.24788"><ele>785.0</ele></trkpt>
    <trkpt lat="35.37232" lon="-120.24787"><ele>785.0</ele></trkpt>
    <trkpt lat="35.37238" lon="-120.24787"><ele>785.0</ele></trkpt>
    <trkpt lat="35.37245" lon="-120.24788"><ele>778.0</ele></trkpt>
    <trkpt lat="35.37251" lon="-120.24789"><ele>778.0</ele></trkpt>
    <trkpt lat="35.37257" lon="-120.24790"><ele>778.0</ele></trkpt>
    <trkpt lat="35.37263" lon="-120.24793"><ele>778.0</ele></trkpt>
    <trkpt lat="35.37268" lon="-120.24796"><ele>778.0</ele></trkpt>
    <trkpt lat="35.37270" lon="-120.24796"><ele>778.0</ele></trkpt>
    <trkpt lat="35.37271" lon="-120.24798"><ele>778.0</ele></trkpt>
    <trkpt lat="35.37275" lon="-120.24802"><ele>778.0</ele></trkpt>
    <trkpt lat="35.37279" lon="-120.24808"><ele>778.0</ele></trkpt>
    <trkpt lat="35.37282" lon="-120.24813"><ele>778.0</ele></trkpt>
    <trkpt lat="35.37286" lon="-120.24817"><ele>778.0</ele></trkpt>
    <trkpt lat="35.37291" lon="-120.24821"><ele>778.0</ele></trkpt>
    <trkpt lat="35.37295" lon="-120.24825"><ele>778.0</ele></trkpt>
    <trkpt lat="35.37300" lon="-120.24829"><ele>778.0</ele></trkpt>
    <trkpt lat="35.37304" lon="-120.24833"><ele>778.0</ele></trkpt>
    <trkpt lat="35.37307" lon="-120.24837"><ele>778.0</ele></trkpt>
    <trkpt lat="35.37311" lon="-120.24841"><ele>778.0</ele></trkpt>
    <trkpt lat="35.37315" lon="-120.24847"><ele>778.0</ele></trkpt>
    <trkpt lat="35.37319" lon="-120.24852"><ele>778.0</ele></trkpt>
    <trkpt lat="35.37324" lon="-120.24857"><ele>778.0</ele></trkpt>
    <trkpt lat="35.37328" lon="-120.24863"><ele>778.0</ele></trkpt>
    <trkpt lat="35.37331" lon="-120.24868"><ele>778.0</ele></trkpt>
    <trkpt lat="35.37335" lon="-120.24874"><ele>778.0</ele></trkpt>
    <trkpt lat="35.37338" lon="-120.24879"><ele>778.0</ele></trkpt>
    <trkpt lat="35.37341" lon="-120.24885"><ele>778.0</ele></trkpt>
    <trkpt lat="35.37344" lon="-120.24890"><ele>771.0</ele></trkpt>
    <trkpt lat="35.37348" lon="-120.24895"><ele>771.0</ele></trkpt>
    <trkpt lat="35.37352" lon="-120.24900"><ele>771.0</ele></trkpt>
    <trkpt lat="35.37356" lon="-120.24905"><ele>771.0</ele></trkpt>
    <trkpt lat="35.37361" lon="-120.24909"><ele>771.0</ele></trkpt>
    <trkpt lat="35.37365" lon="-120.24914"><ele>771.0</ele></trkpt>
    <trkpt lat="35.37369" lon="-120.24918"><ele>771.0</ele></trkpt>
    <trkpt lat="35.37373" lon="-120.24923"><ele>771.0</ele></trkpt>
    <trkpt lat="35.37377" lon="-120.24927"><ele>771.0</ele></trkpt>
    <trkpt lat="35.37381" lon="-120.24931"><ele>771.0</ele></trkpt>
    <trkpt lat="35.37384" lon="-120.24935"><ele>771.0</ele></trkpt>
    <trkpt lat="35.37388" lon="-120.24940"><ele>771.0</ele></trkpt>
    <trkpt lat="35.37392" lon="-120.24943"><ele>771.0</ele></trkpt>
    <trkpt lat="35.37396" lon="-120.24946"><ele>771.0</ele></trkpt>
    <trkpt lat="35.37400" lon="-120.24950"><ele>771.0</ele></trkpt>
    <trkpt lat="35.37404" lon="-120.24954"><ele>771.0</ele></trkpt>
    <trkpt lat="35.37404" lon="-120.24953"><ele>771.0</ele></trkpt>
    <trkpt lat="35.37407" lon="-120.24957"><ele>771.0</ele></trkpt>
    <trkpt lat="35.37411" lon="-120.24963"><ele>771.0</ele></trkpt>
    <trkpt lat="35.37416" lon="-120.24967"><ele>771.0</ele></trkpt>
    <trkpt lat="35.37421" lon="-120.24971"><ele>771.0</ele></trkpt>
    <trkpt lat="35.37426" lon="-120.24976"><ele>771.0</ele></trkpt>
    <trkpt lat="35.37431" lon="-120.24981"><ele>771.0</ele></trkpt>
    <trkpt lat="35.37436" lon="-120.24986"><ele>771.0</ele></trkpt>
    <trkpt lat="35.37441" lon="-120.24991"><ele>771.0</ele></trkpt>
    <trkpt lat="35.37446" lon="-120.24996"><ele>769.0</ele></trkpt>
    <trkpt lat="35.37451" lon="-120.25001"><ele>769.0</ele></trkpt>
    <trkpt lat="35.37454" lon="-120.25007"><ele>769.0</ele></trkpt>
    <trkpt lat="35.37456" lon="-120.25014"><ele>769.0</ele></trkpt>
    <trkpt lat="35.37458" lon="-120.25021"><ele>769.0</ele></trkpt>
    <trkpt lat="35.37460" lon="-120.25029"><ele>769.0</ele></trkpt>
    <trkpt lat="35.37461" lon="-120.25037"><ele>769.0</ele></trkpt>
    <trkpt lat="35.37463" lon="-120.25045"><ele>769.0</ele></trkpt>
    <trkpt lat="35.37464" lon="-120.25053"><ele>769.0</ele></trkpt>
    <trkpt lat="35.37464" lon="-120.25061"><ele>769.0</ele></trkpt>
    <trkpt lat="35.37465" lon="-120.25068"><ele>769.0</ele></trkpt>
    <trkpt lat="35.37466" lon="-120.25073"><ele>769.0</ele></trkpt>
    <trkpt lat="35.37467" lon="-120.25078"><ele>769.0</ele></trkpt>
    <trkpt lat="35.37467" lon="-120.25082"><ele>769.0</ele></trkpt>
    <trkpt lat="35.37468" lon="-120.25087"><ele>769.0</ele></trkpt>
    <trkpt lat="35.37468" lon="-120.25090"><ele>769.0</ele></trkpt>
    <trkpt lat="35.37469" lon="-120.25091"><ele>769.0</ele></trkpt>
    <trkpt lat="35.37469" lon="-120.25096"><ele>769.0</ele></trkpt>
    <trkpt lat="35.37469" lon="-120.25101"><ele>769.0</ele></trkpt>
    <trkpt lat="35.37471" lon="-120.25107"><ele>769.0</ele></trkpt>
    <trkpt lat="35.37474" lon="-120.25112"><ele>769.0</ele></trkpt>
    <trkpt lat="35.37479" lon="-120.25118"><ele>769.0</ele></trkpt>
    <trkpt lat="35.37482" lon="-120.25123"><ele>769.0</ele></trkpt>
    <trkpt lat="35.37485" lon="-120.25130"><ele>769.0</ele></trkpt>
    <trkpt lat="35.37489" lon="-120.25135"><ele>774.0</ele></trkpt>
    <trkpt lat="35.37493" lon="-120.25139"><ele>774.0</ele></trkpt>
    <trkpt lat="35.37494" lon="-120.25140"><ele>774.0</ele></trkpt>
    <trkpt lat="35.37494" lon="-120.25140"><ele>774.0</ele></trkpt>
    <trkpt lat="35.37495" lon="-120.25142"><ele>774.0</ele></trkpt>
    <trkpt lat="35.37498" lon="-120.25148"><ele>774.0</ele></trkpt>
    <trkpt lat="35.37502" lon="-120.25153"><ele>774.0</ele></trkpt>
    <trkpt lat="35.37505" lon="-120.25158"><ele>774.0</ele></trkpt>
    <trkpt lat="35.37508" lon="-120.25164"><ele>774.0</ele></trkpt>
    <trkpt lat="35.37510" lon="-120.25166"><ele>774.0</ele></trkpt>
    <trkpt lat="35.37509" lon="-120.25169"><ele>774.0</ele></trkpt>
    <trkpt lat="35.37509" lon="-120.25176"><ele>774.0</ele></trkpt>
    <trkpt lat="35.37509" lon="-120.25184"><ele>774.0</ele></trkpt>
    <trkpt lat="35.37507" lon="-120.25193"><ele>774.0</ele></trkpt>
    <trkpt lat="35.37505" lon="-120.25200"><ele>774.0</ele></trkpt>
    <trkpt lat="35.37503" lon="-120.25207"><ele>774.0</ele></trkpt>
    <trkpt lat="35.37501" lon="-120.25214"><ele>774.0</ele></trkpt>
    <trkpt lat="35.37499" lon="-120.25219"><ele>774.0</ele></trkpt>
    <trkpt lat="35.37497" lon="-120.25224"><ele>774.0</ele></trkpt>
    <trkpt lat="35.37495" lon="-120.25229"><ele>774.0</ele></trkpt>
    <trkpt lat="35.37492" lon="-120.25233"><ele>774.0</ele></trkpt>
    <trkpt lat="35.37491" lon="-120.25238"><ele>774.0</ele></trkpt>
    <trkpt lat="35.37491" lon="-120.25241"><ele>774.0</ele></trkpt>
    <trkpt lat="35.37492" lon="-120.25245"><ele>774.0</ele></trkpt>
    <trkpt lat="35.37495" lon="-120.25250"><ele>774.0</ele></trkpt>
    <trkpt lat="35.37499" lon="-120.25254"><ele>770.0</ele></trkpt>
    <trkpt lat="35.37505" lon="-120.25257"><ele>770.0</ele></trkpt>
    <trkpt lat="35.37510" lon="-120.25261"><ele>770.0</ele></trkpt>
    <trkpt lat="35.37516" lon="-120.25265"><ele>770.0</ele></trkpt>
    <trkpt lat="35.37522" lon="-120.25269"><ele>770.0</ele></trkpt>
    <trkpt lat="35.37527" lon="-120.25274"><ele>770.0</ele></trkpt>
    <trkpt lat="35.37532" lon="-120.25278"><ele>770.0</ele></trkpt>
    <trkpt lat="35.37538" lon="-120.25283"><ele>770.0</ele></trkpt>
    <trkpt lat="35.37544" lon="-120.25288"><ele>770.0</ele></trkpt>
    <trkpt lat="35.37549" lon="-120.25293"><ele>770.0</ele></trkpt>
    <trkpt lat="35.37553" lon="-120.25299"><ele>770.0</ele></trkpt>
    <trkpt lat="35.37558" lon="-120.25305"><ele>770.0</ele></trkpt>
    <trkpt lat="35.37562" lon="-120.25311"><ele>770.0</ele></trkpt>
    <trkpt lat="35.37568" lon="-120.25316"><ele>770.0</ele></trkpt>
    <trkpt lat="35.37574" lon="-120.25322"><ele>770.0</ele></trkpt>
    <trkpt lat="35.37579" lon="-120.25328"><ele>770.0</ele></trkpt>
    <trkpt lat="35.37582" lon="-120.25335"><ele>770.0</ele></trkpt>
    <trkpt lat="35.37586" lon="-120.25340"><ele>770.0</ele></trkpt>
    <trkpt lat="35.37589" lon="-120.25345"><ele>770.0</ele></trkpt>
    <trkpt lat="35.37591" lon="-120.25350"><ele>770.0</ele></trkpt>
    <trkpt lat="35.37594" lon="-120.25354"><ele>770.0</ele></trkpt>
    <trkpt lat="35.37597" lon="-120.25357"><ele>770.0</ele></trkpt>
    <trkpt lat="35.37599" lon="-120.25359"><ele>770.0</ele></trkpt>
    <trkpt lat="35.37600" lon="-120.25360"><ele>770.0</ele></trkpt>
    <trkpt lat="35.37604" lon="-120.25364"><ele>770.0</ele></trkpt>
    <trkpt lat="35.37609" lon="-120.25369"><ele>786.0</ele></trkpt>
    <trkpt lat="35.37614" lon="-120.25374"><ele>786.0</ele></trkpt>
    <trkpt lat="35.37619" lon="-120.25379"><ele>786.0</ele></trkpt>
    <trkpt lat="35.37624" lon="-120.25384"><ele>786.0</ele></trkpt>
    <trkpt lat="35.37630" lon="-120.25390"><ele>786.0</ele></trkpt>
    <trkpt lat="35.37635" lon="-120.25395"><ele>786.0</ele></trkpt>
    <trkpt lat="35.37639" lon="-120.25400"><ele>786.0</ele></trkpt>
    <trkpt lat="35.37644" lon="-120.25405"><ele>786.0</ele></trkpt>
    <trkpt lat="35.37649" lon="-120.25412"><ele>786.0</ele></trkpt>
    <trkpt lat="35.37653" lon="-120.25417"><ele>786.0</ele></trkpt>
    <trkpt lat="35.37658" lon="-120.25423"><ele>786.0</ele></trkpt>
    <trkpt lat="35.37662" lon="-120.25430"><ele>786.0</ele></trkpt>
    <trkpt lat="35.37667" lon="-120.25436"><ele>786.0</ele></trkpt>
    <trkpt lat="35.37672" lon="-120.25441"><ele>786.0</ele></trkpt>
    <trkpt lat="35.37677" lon="-120.25447"><ele>786.0</ele></trkpt>
    <trkpt lat="35.37681" lon="-120.25450"><ele>786.0</ele></trkpt>
    <trkpt lat="35.37684" lon="-120.25453"><ele>786.0</ele></trkpt>
    <trkpt lat="35.37688" lon="-120.25456"><ele>786.0</ele></trkpt>
    <trkpt lat="35.37692" lon="-120.25458"><ele>786.0</ele></trkpt>
    <trkpt lat="35.37697" lon="-120.25456"><ele>786.0</ele></trkpt>
    <trkpt lat="35.37698" lon="-120.25454"><ele>786.0</ele></trkpt>
    <trkpt lat="35.37701" lon="-120.25452"><ele>786.0</ele></trkpt>
    <trkpt lat="35.37707" lon="-120.25448"><ele>786.0</ele></trkpt>
    <trkpt lat="35.37711" lon="-120.25444"><ele>786.0</ele></trkpt>
    <trkpt lat="35.37715" lon="-120.25440"><ele>786.0</ele></trkpt>
    <trkpt lat="35.37718" lon="-120.25436"><ele>774.0</ele></trkpt>
    <trkpt lat="35.37719" lon="-120.25436"><ele>774.0</ele></trkpt>
    <trkpt lat="35.37723" lon="-120.25431"><ele>774.0</ele></trkpt>
    <trkpt lat="35.37728" lon="-120.25427"><ele>774.0</ele></trkpt>
    <trkpt lat="35.37732" lon="-120.25422"><ele>774.0</ele></trkpt>
    <trkpt lat="35.37733" lon="-120.25421"><ele>774.0</ele></trkpt>
    <trkpt lat="35.37734" lon="-120.25420"><ele>774.0</ele></trkpt>
    <trkpt lat="35.37734" lon="-120.25420"><ele>774.0</ele></trkpt>
    <trkpt lat="35.37734" lon="-120.25420"><ele>774.0</ele></trkpt>
    <trkpt lat="35.37732" lon="-120.25426"><ele>774.0</ele></trkpt>
    <trkpt lat="35.37730" lon="-120.25433"><ele>774.0</ele></trkpt>
    <trkpt lat="35.37727" lon="-120.25440"><ele>774.0</ele></trkpt>
    <trkpt lat="35.37725" lon="-120.25447"><ele>774.0</ele></trkpt>
    <trkpt lat="35.37724" lon="-120.25455"><ele>774.0</ele></trkpt>
    <trkpt lat="35.37722" lon="-120.25461"><ele>774.0</ele></trkpt>
    <trkpt lat="35.37721" lon="-120.25468"><ele>774.0</ele></trkpt>
    <trkpt lat="35.37720" lon="-120.25475"><ele>774.0</ele></trkpt>
    <trkpt lat="35.37718" lon="-120.25482"><ele>774.0</ele></trkpt>
    <trkpt lat="35.37714" lon="-120.25488"><ele>774.0</ele></trkpt>
    <trkpt lat="35.37711" lon="-120.25493"><ele>774.0</ele></trkpt>
    <trkpt lat="35.37707" lon="-120.25498"><ele>774.0</ele></trkpt>
    <trkpt lat="35.37703" lon="-120.25502"><ele>774.0</ele></trkpt>
    <trkpt lat="35.37699" lon="-120.25507"><ele>774.0</ele></trkpt>
    <trkpt lat="35.37697" lon="-120.25510"><ele>774.0</ele></trkpt>
    <trkpt lat="35.37696" lon="-120.25511"><ele>779.0</ele></trkpt>
    <trkpt lat="35.37696" lon="-120.25512"><ele>779.0</ele></trkpt>
    <trkpt lat="35.37696" lon="-120.25513"><ele>779.0</ele></trkpt>
    <trkpt lat="35.37698" lon="-120.25519"><ele>779.0</ele></trkpt>
    <trkpt lat="35.37701" lon="-120.25525"><ele>779.0</ele></trkpt>
    <trkpt lat="35.37705" lon="-120.25530"><ele>779.0</ele></trkpt>
    <trkpt lat="35.37708" lon="-120.25536"><ele>779.0</ele></trkpt>
    <trkpt lat="35.37712" lon="-120.25543"><ele>779.0</ele></trkpt>
    <trkpt lat="35.37715" lon="-120.25549"><ele>779.0</ele></trkpt>
    <trkpt lat="35.37717" lon="-120.25555"><ele>779.0</ele></trkpt>
    <trkpt lat="35.37719" lon="-120.25562"><ele>779.0</ele></trkpt>
    <trkpt lat="35.37721" lon="-120.25568"><ele>779.0</ele></trkpt>
    <trkpt lat="35.37722" lon="-120.25575"><ele>779.0</ele></trkpt>
    <trkpt lat="35.37724" lon="-120.25582"><ele>779.0</ele></trkpt>
    <trkpt lat="35.37726" lon="-120.25589"><ele>779.0</ele></trkpt>
    <trkpt lat="35.37728" lon="-120.25594"><ele>779.0</ele></trkpt>
    <trkpt lat="35.37732" lon="-120.25598"><ele>779.0</ele></trkpt>
    <trkpt lat="35.37734" lon="-120.25599"><ele>779.0</ele></trkpt>
    <trkpt lat="35.37736" lon="-120.25600"><ele>779.0</ele></trkpt>
    <trkpt lat="35.37740" lon="-120.25602"><ele>779.0</ele></trkpt>
    <trkpt lat="35.37745" lon="-120.25603"><ele>779.0</ele></trkpt>
    <trkpt lat="35.37749" lon="-120.25604"><ele>779.0</ele></trkpt>
    <trkpt lat="35.37755" lon="-120.25607"><ele>779.0</ele></trkpt>
    <trkpt lat="35.37760" lon="-120.25609"><ele>779.0</ele></trkpt>
    <trkpt lat="35.37765" lon="-120.25613"><ele>779.0</ele></trkpt>
    <trkpt lat="35.37768" lon="-120.25616"><ele>762.0</ele></trkpt>
    <trkpt lat="35.37774" lon="-120.25620"><ele>762.0</ele></trkpt>
    <trkpt lat="35.37778" lon="-120.25625"><ele>762.0</ele></trkpt>
    <trkpt lat="35.37781" lon="-120.25630"><ele>762.0</ele></trkpt>
    <trkpt lat="35.37785" lon="-120.25637"><ele>762.0</ele></trkpt>
    <trkpt lat="35.37788" lon="-120.25644"><ele>762.0</ele></trkpt>
    <trkpt lat="35.37791" lon="-120.25650"><ele>762.0</ele></trkpt>
    <trkpt lat="35.37794" lon="-120.25655"><ele>762.0</ele></trkpt>
    <trkpt lat="35.37798" lon="-120.25661"><ele>762.0</ele></trkpt>
    <trkpt lat="35.37802" lon="-120.25667"><ele>762.0</ele></trkpt>
    <trkpt lat="35.37807" lon="-120.25672"><ele>762.0</ele></trkpt>
    <trkpt lat="35.37811" lon="-120.25677"><ele>762.0</ele></trkpt>
    <trkpt lat="35.37815" lon="-120.25681"><ele>762.0</ele></trkpt>
    <trkpt lat="35.37819" lon="-120.25686"><ele>762.0</ele></trkpt>
    <trkpt lat="35.37822" lon="-120.25692"><ele>762.0</ele></trkpt>
    <trkpt lat="35.37824" lon="-120.25699"><ele>762.0</ele></trkpt>
    <trkpt lat="35.37826" lon="-120.25706"><ele>762.0</ele></trkpt>
    <trkpt lat="35.37828" lon="-120.25713"><ele>762.0</ele></trkpt>
    <trkpt lat="35.37829" lon="-120.25720"><ele>762.0</ele></trkpt>
    <trkpt lat="35.37831" lon="-120.25727"><ele>762.0</ele></trkpt>
    <trkpt lat="35.37832" lon="-120.25733"><ele>762.0</ele></trkpt>
    <trkpt lat="35.37834" lon="-120.25739"><ele>762.0</ele></trkpt>
    <trkpt lat="35.37836" lon="-120.25746"><ele>762.0</ele></trkpt>
    <trkpt lat="35.37837" lon="-120.25752"><ele>762.0</ele></trkpt>
    <trkpt lat="35.37839" lon="-120.25759"><ele>762.0</ele></trkpt>
    <trkpt lat="35.37841" lon="-120.25766"><ele>743.0</ele></trkpt>
    <trkpt lat="35.37840" lon="-120.25770"><ele>743.0</ele></trkpt>
    <trkpt lat="35.37840" lon="-120.25774"><ele>743.0</ele></trkpt>
    <trkpt lat="35.37839" lon="-120.25779"><ele>743.0</ele></trkpt>
    <trkpt lat="35.37837" lon="-120.25785"><ele>743.0</ele></trkpt>
    <trkpt lat="35.37836" lon="-120.25790"><ele>743.0</ele></trkpt>
    <trkpt lat="35.37835" lon="-120.25795"><ele>743.0</ele></trkpt>
    <trkpt lat="35.37835" lon="-120.25800"><ele>743.0</ele></trkpt>
    <trkpt lat="35.37835" lon="-120.25805"><ele>743.0</ele></trkpt>
    <trkpt lat="35.37835" lon="-120.25812"><ele>743.0</ele></trkpt>
    <trkpt lat="35.37836" lon="-120.25819"><ele>743.0</ele></trkpt>
    <trkpt lat="35.37836" lon="-120.25823"><ele>743.0</ele></trkpt>
    <trkpt lat="35.37836" lon="-120.25828"><ele>743.0</ele></trkpt>
    <trkpt lat="35.37837" lon="-120.25833"><ele>743.0</ele></trkpt>
    <trkpt lat="35.37835" lon="-120.25839"><ele>743.0</ele></trkpt>
    <trkpt lat="35.37835" lon="-120.25845"><ele>743.0</ele></trkpt>
    <trkpt lat="35.37834" lon="-120.25850"><ele>743.0</ele></trkpt>
    <trkpt lat="35.37833" lon="-120.25855"><ele>743.0</ele></trkpt>
    <trkpt lat="35.37831" lon="-120.25860"><ele>743.0</ele></trkpt>
    <trkpt lat="35.37829" lon="-120.25865"><ele>743.0</ele></trkpt>
    <trkpt lat="35.37828" lon="-120.25871"><ele>743.0</ele></trkpt>
    <trkpt lat="35.37825" lon="-120.25877"><ele>743.0</ele></trkpt>
    <trkpt lat="35.37822" lon="-120.25882"><ele>743.0</ele></trkpt>
    <trkpt lat="35.37818" lon="-120.25889"><ele>743.0</ele></trkpt>
    <trkpt lat="35.37814" lon="-120.25895"><ele>731.0</ele></trkpt>
    <trkpt lat="35.37810" lon="-120.25899"><ele>731.0</ele></trkpt>
    <trkpt lat="35.37807" lon="-120.25905"><ele>731.0</ele></trkpt>
    <trkpt lat="35.37807" lon="-120.25912"><ele>731.0</ele></trkpt>
    <trkpt lat="35.37807" lon="-120.25919"><ele>731.0</ele></trkpt>
    <trkpt lat="35.37808" lon="-120.25925"><ele>731.0</ele></trkpt>
    <trkpt lat="35.37810" lon="-120.25931"><ele>731.0</ele></trkpt>
    <trkpt lat="35.37814" lon="-120.25936"><ele>731.0</ele></trkpt>
    <trkpt lat="35.37819" lon="-120.25940"><ele>731.0</ele></trkpt>
    <trkpt lat="35.37823" lon="-120.25942"><ele>731.0</ele></trkpt>
    <trkpt lat="35.37824" lon="-120.25943"><ele>731.0</ele></trkpt>
    <trkpt lat="35.37827" lon="-120.25944"><ele>731.0</ele></trkpt>
    <trkpt lat="35.37831" lon="-120.25944"><ele>731.0</ele></trkpt>
    <trkpt lat="35.37835" lon="-120.25945"><ele>731.0</ele></trkpt>
    <trkpt lat="35.37839" lon="-120.25946"><ele>731.0</ele></trkpt>
    <trkpt lat="35.37844" lon="-120.25947"><ele>731.0</ele></trkpt>
    <trkpt lat="35.37847" lon="-120.25948"><ele>731.0</ele></trkpt>
    <trkpt lat="35.37851" lon="-120.25949"><ele>731.0</ele></trkpt>
    <trkpt lat="35.37855" lon="-120.25951"><ele>731.0</ele></trkpt>
    <trkpt lat="35.37859" lon="-120.25953"><ele>731.0</ele></trkpt>
    <trkpt lat="35.37862" lon="-120.25955"><ele>731.0</ele></trkpt>
    <trkpt lat="35.37864" lon="-120.25957"><ele>731.0</ele></trkpt>
    <trkpt lat="35.37866" lon="-120.25960"><ele>731.0</ele></trkpt>
    <trkpt lat="35.37868" lon="-120.25963"><ele>731.0</ele></trkpt>
    <trkpt lat="35.37869" lon="-120.25966"><ele>731.0</ele></trkpt>
    <trkpt lat="35.37871" lon="-120.25970"><ele>717.0</ele></trkpt>
    <trkpt lat="35.37872" lon="-120.25975"><ele>717.0</ele></trkpt>
    <trkpt lat="35.37874" lon="-120.25981"><ele>717.0</ele></trkpt>
    <trkpt lat="35.37876" lon="-120.25987"><ele>717.0</ele></trkpt>
    <trkpt lat="35.37878" lon="-120.25993"><ele>717.0</ele></trkpt>
    <trkpt lat="35.37881" lon="-120.25999"><ele>717.0</ele></trkpt>
    <trkpt lat="35.37884" lon="-120.26005"><ele>717.0</ele></trkpt>
    <trkpt lat="35.37888" lon="-120.26009"><ele>717.0</ele></trkpt>
    <trkpt lat="35.37891" lon="-120.26012"><ele>717.0</ele></trkpt>
    <trkpt lat="35.37894" lon="-120.26014"><ele>717.0</ele></trkpt>
    <trkpt lat="35.37897" lon="-120.26018"><ele>717.0</ele></trkpt>
    <trkpt lat="35.37900" lon="-120.26022"><ele>717.0</ele></trkpt>
    <trkpt lat="35.37903" lon="-120.26026"><ele>717.0</ele></trkpt>
    <trkpt lat="35.37906" lon="-120.26032"><ele>717.0</ele></trkpt>
    <trkpt lat="35.37910" lon="-120.26037"><ele>717.0</ele></trkpt>
    <trkpt lat="35.37913" lon="-120.26042"><ele>717.0</ele></trkpt>
    <trkpt lat="35.37917" lon="-120.26047"><ele>717.0</ele></trkpt>
    <trkpt lat="35.37921" lon="-120.26052"><ele>717.0</ele></trkpt>
    <trkpt lat="35.37925" lon="-120.26054"><ele>717.0</ele></trkpt>
    <trkpt lat="35.37929" lon="-120.26057"><ele>717.0</ele></trkpt>
    <trkpt lat="35.37934" lon="-120.26059"><ele>717.0</ele></trkpt>
    <trkpt lat="35.37937" lon="-120.26064"><ele>717.0</ele></trkpt>
    <trkpt lat="35.37936" lon="-120.26070"><ele>717.0</ele></trkpt>
    <trkpt lat="35.37932" lon="-120.26074"><ele>717.0</ele></trkpt>
    <trkpt lat="35.37927" lon="-120.26075"><ele>717.0</ele></trkpt>
    <trkpt lat="35.37922" lon="-120.26075"><ele>712.0</ele></trkpt>
    <trkpt lat="35.37917" lon="-120.26077"><ele>712.0</ele></trkpt>
    <trkpt lat="35.37911" lon="-120.26078"><ele>712.0</ele></trkpt>
    <trkpt lat="35.37906" lon="-120.26079"><ele>712.0</ele></trkpt>
    <trkpt lat="35.37900" lon="-120.26078"><ele>712.0</ele></trkpt>
    <trkpt lat="35.37894" lon="-120.26078"><ele>712.0</ele></trkpt>
    <trkpt lat="35.37888" lon="-120.26078"><ele>712.0</ele></trkpt>
    <trkpt lat="35.37883" lon="-120.26077"><ele>712.0</ele></trkpt>
    <trkpt lat="35.37877" lon="-120.26076"><ele>712.0</ele></trkpt>
    <trkpt lat="35.37871" lon="-120.26075"><ele>712.0</ele></trkpt>
    <trkpt lat="35.37866" lon="-120.26073"><ele>712.0</ele></trkpt>
    <trkpt lat="35.37860" lon="-120.26070"><ele>712.0</ele></trkpt>
    <trkpt lat="35.37855" lon="-120.26067"><ele>712.0</ele></trkpt>
    <trkpt lat="35.37851" lon="-120.26064"><ele>712.0</ele></trkpt>
    <trkpt lat="35.37845" lon="-120.26061"><ele>712.0</ele></trkpt>
    <trkpt lat="35.37841" lon="-120.26058"><ele>712.0</ele></trkpt>
    <trkpt lat="35.37838" lon="-120.26056"><ele>712.0</ele></trkpt>
    <trkpt lat="35.37834" lon="-120.26055"><ele>712.0</ele></trkpt>
    <trkpt lat="35.37829" lon="-120.26057"><ele>712.0</ele></trkpt>
    <trkpt lat="35.37826" lon="-120.26060"><ele>712.0</ele></trkpt>
    <trkpt lat="35.37826" lon="-120.26066"><ele>712.0</ele></trkpt>
    <trkpt lat="35.37826" lon="-120.26068"><ele>712.0</ele></trkpt>
    <trkpt lat="35.37827" lon="-120.26070"><ele>712.0</ele></trkpt>
    <trkpt lat="35.37827" lon="-120.26072"><ele>712.0</ele></trkpt>
    <trkpt lat="35.37829" lon="-120.26076"><ele>706.0</ele></trkpt>
    <trkpt lat="35.37830" lon="-120.26082"><ele>706.0</ele></trkpt>
    <trkpt lat="35.37830" lon="-120.26087"><ele>706.0</ele></trkpt>
    <trkpt lat="35.37830" lon="-120.26088"><ele>706.0</ele></trkpt>
    <trkpt lat="35.37829" lon="-120.26090"><ele>706.0</ele></trkpt>
    <trkpt lat="35.37827" lon="-120.26095"><ele>706.0</ele></trkpt>
    <trkpt lat="35.37825" lon="-120.26099"><ele>706.0</ele></trkpt>
    <trkpt lat="35.37821" lon="-120.26104"><ele>706.0</ele></trkpt>
    <trkpt lat="35.37817" lon="-120.26109"><ele>706.0</ele></trkpt>
    <trkpt lat="35.37815" lon="-120.26115"><ele>706.0</ele></trkpt>
    <trkpt lat="35.37816" lon="-120.26122"><ele>706.0</ele></trkpt>
    <trkpt lat="35.37819" lon="-120.26126"><ele>706.0</ele></trkpt>
    <trkpt lat="35.37823" lon="-120.26130"><ele>706.0</ele></trkpt>
    <trkpt lat="35.37828" lon="-120.26134"><ele>706.0</ele></trkpt>
    <trkpt lat="35.37832" lon="-120.26138"><ele>706.0</ele></trkpt>
    <trkpt lat="35.37836" lon="-120.26143"><ele>706.0</ele></trkpt>
    <trkpt lat="35.37841" lon="-120.26148"><ele>706.0</ele></trkpt>
    <trkpt lat="35.37845" lon="-120.26151"><ele>706.0</ele></trkpt>
    <trkpt lat="35.37850" lon="-120.26155"><ele>706.0</ele></trkpt>
    <trkpt lat="35.37856" lon="-120.26158"><ele>706.0</ele></trkpt>
    <trkpt lat="35.37861" lon="-120.26161"><ele>706.0</ele></trkpt>
    <trkpt lat="35.37867" lon="-120.26163"><ele>706.0</ele></trkpt>
    <trkpt lat="35.37872" lon="-120.26166"><ele>706.0</ele></trkpt>
    <trkpt lat="35.37878" lon="-120.26168"><ele>706.0</ele></trkpt>
    <trkpt lat="35.37883" lon="-120.26171"><ele>706.0</ele></trkpt>
    <trkpt lat="35.37887" lon="-120.26174"><ele>684.0</ele></trkpt>
    <trkpt lat="35.37892" lon="-120.26177"><ele>684.0</ele></trkpt>
    <trkpt lat="35.37896" lon="-120.26180"><ele>684.0</ele></trkpt>
    <trkpt lat="35.37900" lon="-120.26184"><ele>684.0</ele></trkpt>
    <trkpt lat="35.37903" lon="-120.26188"><ele>684.0</ele></trkpt>
    <trkpt lat="35.37906" lon="-120.26193"><ele>684.0</ele></trkpt>
    <trkpt lat="35.37908" lon="-120.26198"><ele>684.0</ele></trkpt>
    <trkpt lat="35.37911" lon="-120.26205"><ele>684.0</ele></trkpt>
    <trkpt lat="35.37914" lon="-120.26211"><ele>684.0</ele></trkpt>
    <trkpt lat="35.37916" lon="-120.26217"><ele>684.0</ele></trkpt>
    <trkpt lat="35.37919" lon="-120.26223"><ele>684.0</ele></trkpt>
    <trkpt lat="35.37924" lon="-120.26227"><ele>684.0</ele></trkpt>
    <trkpt lat="35.37929" lon="-120.26230"><ele>684.0</ele></trkpt>
    <trkpt lat="35.37932" lon="-120.26232"><ele>684.0</ele></trkpt>
    <trkpt lat="35.37936" lon="-120.26232"><ele>684.0</ele></trkpt>
    <trkpt lat="35.37941" lon="-120.26234"><ele>684.0</ele></trkpt>
    <trkpt lat="35.37947" lon="-120.26236"><ele>684.0</ele></trkpt>
    <trkpt lat="35.37953" lon="-120.26238"><ele>684.0</ele></trkpt>
    <trkpt lat="35.37959" lon="-120.26239"><ele>684.0</ele></trkpt>
    <trkpt lat="35.37965" lon="-120.26242"><ele>684.0</ele></trkpt>
    <trkpt lat="35.37970" lon="-120.26245"><ele>684.0</ele></trkpt>
    <trkpt lat="35.37975" lon="-120.26249"><ele>684.0</ele></trkpt>
    <trkpt lat="35.37979" lon="-120.26255"><ele>684.0</ele></trkpt>
    <trkpt lat="35.37983" lon="-120.26261"><ele>684.0</ele></trkpt>
    <trkpt lat="35.37986" lon="-120.26267"><ele>684.0</ele></trkpt>
    <trkpt lat="35.37990" lon="-120.26272"><ele>662.0</ele></trkpt>
    <trkpt lat="35.37993" lon="-120.26278"><ele>662.0</ele></trkpt>
    <trkpt lat="35.37997" lon="-120.26284"><ele>662.0</ele></trkpt>
    <trkpt lat="35.38000" lon="-120.26290"><ele>662.0</ele></trkpt>
    <trkpt lat="35.38004" lon="-120.26296"><ele>662.0</ele></trkpt>
    <trkpt lat="35.38008" lon="-120.26302"><ele>662.0</ele></trkpt>
    <trkpt lat="35.38012" lon="-120.26308"><ele>662.0</ele></trkpt>
    <trkpt lat="35.38016" lon="-120.26315"><ele>662.0</ele></trkpt>
    <trkpt lat="35.38020" lon="-120.26321"><ele>662.0</ele></trkpt>
    <trkpt lat="35.38022" lon="-120.26328"><ele>662.0</ele></trkpt>
    <trkpt lat="35.38025" lon="-120.26336"><ele>662.0</ele></trkpt>
    <trkpt lat="35.38026" lon="-120.26343"><ele>662.0</ele></trkpt>
    <trkpt lat="35.38028" lon="-120.26351"><ele>662.0</ele></trkpt>
    <trkpt lat="35.38029" lon="-120.26359"><ele>662.0</ele></trkpt>
    <trkpt lat="35.38030" lon="-120.26366"><ele>662.0</ele></trkpt>
    <trkpt lat="35.38031" lon="-120.26374"><ele>662.0</ele></trkpt>
    <trkpt lat="35.38031" lon="-120.26381"><ele>662.0</ele></trkpt>
    <trkpt lat="35.38032" lon="-120.26388"><ele>662.0</ele></trkpt>
    <trkpt lat="35.38032" lon="-120.26395"><ele>662.0</ele></trkpt>
    <trkpt lat="35.38031" lon="-120.26403"><ele>662.0</ele></trkpt>
    <trkpt lat="35.38030" lon="-120.26410"><ele>662.0</ele></trkpt>
    <trkpt lat="35.38029" lon="-120.26417"><ele>662.0</ele></trkpt>
    <trkpt lat="35.38029" lon="-120.26424"><ele>662.0</ele></trkpt>
    <trkpt lat="35.38028" lon="-120.26430"><ele>662.0</ele></trkpt>
    <trkpt lat="35.38028" lon="-120.26437"><ele>662.0</ele></trkpt>
    <trkpt lat="35.38027" lon="-120.26444"><ele>659.0</ele></trkpt>
    <trkpt lat="35.38027" lon="-120.26451"><ele>659.0</ele></trkpt>
    <trkpt lat="35.38028" lon="-120.26459"><ele>659.0</ele></trkpt>
    <trkpt lat="35.38028" lon="-120.26466"><ele>659.0</ele></trkpt>
    <trkpt lat="35.38028" lon="-120.26474"><ele>659.0</ele></trkpt>
    <trkpt lat="35.38028" lon="-120.26480"><ele>659.0</ele></trkpt>
    <trkpt lat="35.38028" lon="-120.26484"><ele>659.0</ele></trkpt>
    <trkpt lat="35.38027" lon="-120.26487"><ele>659.0</ele></trkpt>
    <trkpt lat="35.38025" lon="-120.26493"><ele>659.0</ele></trkpt>
    <trkpt lat="35.38024" lon="-120.26497"><ele>659.0</ele></trkpt>
    <trkpt lat="35.38021" lon="-120.26501"><ele>659.0</ele></trkpt>
    <trkpt lat="35.38018" lon="-120.26504"><ele>659.0</ele></trkpt>
    <trkpt lat="35.38015" lon="-120.26507"><ele>659.0</ele></trkpt>
    <trkpt lat="35.38011" lon="-120.26509"><ele>659.0</ele></trkpt>
    <trkpt lat="35.38006" lon="-120.26512"><ele>659.0</ele></trkpt>
    <trkpt lat="35.38002" lon="-120.26514"><ele>659.0</ele></trkpt>
    <trkpt lat="35.37998" lon="-120.26517"><ele>659.0</ele></trkpt>
    <trkpt lat="35.37995" lon="-120.26519"><ele>659.0</ele></trkpt>
    <trkpt lat="35.37991" lon="-120.26521"><ele>659.0</ele></trkpt>
    <trkpt lat="35.37991" lon="-120.26521"><ele>659.0</ele></trkpt>
    <trkpt lat="35.37990" lon="-120.26522"><ele>659.0</ele></trkpt>
    <trkpt lat="35.37987" lon="-120.26523"><ele>659.0</ele></trkpt>
    <trkpt lat="35.37985" lon="-120.26524"><ele>659.0</ele></trkpt>
    <trkpt lat="35.37982" lon="-120.26526"><ele>659.0</ele></trkpt>
    <trkpt lat="35.37980" lon="-120.26528"><ele>659.0</ele></trkpt>
    <trkpt lat="35.37978" lon="-120.26531"><ele>659.0</ele></trkpt>
    <trkpt lat="35.37977" lon="-120.26534"><ele>659.0</ele></trkpt>
    <trkpt lat="35.37977" lon="-120.26534"><ele>659.0</ele></trkpt>
    <trkpt lat="35.37977" lon="-120.26536"><ele>659.0</ele></trkpt>
    <trkpt lat="35.37977" lon="-120.26538"><ele>659.0</ele></trkpt>
    <trkpt lat="35.37979" lon="-120.26542"><ele>659.0</ele></trkpt>
    <trkpt lat="35.37981" lon="-120.26547"><ele>659.0</ele></trkpt>
    <trkpt lat="35.37983" lon="-120.26551"><ele>659.0</ele></trkpt>
    <trkpt lat="35.37985" lon="-120.26555"><ele>659.0</ele></trkpt>
    <trkpt lat="35.37987" lon="-120.26561"><ele>659.0</ele></trkpt>
    <trkpt lat="35.37990" lon="-120.26566"><ele>659.0</ele></trkpt>
    <trkpt lat="35.37993" lon="-120.26572"><ele>659.0</ele></trkpt>
    <trkpt lat="35.37995" lon="-120.26577"><ele>659.0</ele></trkpt>
    <trkpt lat="35.37998" lon="-120.26583"><ele>659.0</ele></trkpt>
    <trkpt lat="35.38001" lon="-120.26589"><ele>659.0</ele></trkpt>
    <trkpt lat="35.38004" lon="-120.26595"><ele>659.0</ele></trkpt>
    <trkpt lat="35.38006" lon="-120.26601"><ele>659.0</ele></trkpt>
    <trkpt lat="35.38009" lon="-120.26607"><ele>659.0</ele></trkpt>
    <trkpt lat="35.38012" lon="-120.26613"><ele>659.0</ele></trkpt>
    <trkpt lat="35.38015" lon="-120.26619"><ele>659.0</ele></trkpt>
    <trkpt lat="35.38018" lon="-120.26625"><ele>659.0</ele></trkpt>
    <trkpt lat="35.38021" lon="-120.26630"><ele>659.0</ele></trkpt>
    <trkpt lat="35.38023" lon="-120.26633"><ele>659.0</ele></trkpt>
    <trkpt lat="35.38026" lon="-120.26635"><ele>659.0</ele></trkpt>
    <trkpt lat="35.38027" lon="-120.26637"><ele>650.0</ele></trkpt>
    <trkpt lat="35.38033" lon="-120.26640"><ele>650.0</ele></trkpt>
    <trkpt lat="35.38039" lon="-120.26642"><ele>650.0</ele></trkpt>
    <trkpt lat="35.38045" lon="-120.26643"><ele>650.0</ele></trkpt>
    <trkpt lat="35.38050" lon="-120.26643"><ele>650.0</ele></trkpt>
    <trkpt lat="35.38056" lon="-120.26643"><ele>650.0</ele></trkpt>
    <trkpt lat="35.38061" lon="-120.26644"><ele>650.0</ele></trkpt>
    <trkpt lat="35.38066" lon="-120.26643"><ele>650.0</ele></trkpt>
    <trkpt lat="35.38072" lon="-120.26642"><ele>650.0</ele></trkpt>
    <trkpt lat="35.38078" lon="-120.26640"><ele>650.0</ele></trkpt>
    <trkpt lat="35.38084" lon="-120.26636"><ele>650.0</ele></trkpt>
    <trkpt lat="35.38090" lon="-120.26633"><ele>650.0</ele></trkpt>
    <trkpt lat="35.38096" lon="-120.26629"><ele>650.0</ele></trkpt>
    <trkpt lat="35.38102" lon="-120.26626"><ele>650.0</ele></trkpt>
    <trkpt lat="35.38107" lon="-120.26624"><ele>650.0</ele></trkpt>
    <trkpt lat="35.38113" lon="-120.26622"><ele>650.0</ele></trkpt>
    <trkpt lat="35.38119" lon="-120.26619"><ele>650.0</ele></trkpt>
    <trkpt lat="35.38125" lon="-120.26617"><ele>650.0</ele></trkpt>
    <trkpt lat="35.38130" lon="-120.26615"><ele>650.0</ele></trkpt>
    <trkpt lat="35.38133" lon="-120.26614"><ele>650.0</ele></trkpt>
    <trkpt lat="35.38137" lon="-120.26611"><ele>650.0</ele></trkpt>
    <trkpt lat="35.38140" lon="-120.26608"><ele>650.0</ele></trkpt>
    <trkpt lat="35.38143" lon="-120.26604"><ele>650.0</ele></trkpt>
    <trkpt lat="35.38146" lon="-120.26600"><ele>650.0</ele></trkpt>
    <trkpt lat="35.38149" lon="-120.26598"><ele>650.0</ele></trkpt>
    <trkpt lat="35.38153" lon="-120.26597"><ele>651.0</ele></trkpt>
    <trkpt lat="35.38154" lon="-120.26598"><ele>651.0</ele></trkpt>
    <trkpt lat="35.38157" lon="-120.26599"><ele>651.0</ele></trkpt>
    <trkpt lat="35.38162" lon="-120.26601"><ele>651.0</ele></trkpt>
    <trkpt lat="35.38166" lon="-120.26603"><ele>651.0</ele></trkpt>
    <trkpt lat="35.38171" lon="-120.26605"><ele>651.0</ele></trkpt>
    <trkpt lat="35.38175" lon="-120.26605"><ele>651.0</ele></trkpt>
    <trkpt lat="35.38180" lon="-120.26605"><ele>651.0</ele></trkpt>
    <trkpt lat="35.38186" lon="-120.26605"><ele>651.0</ele></trkpt>
    <trkpt lat="35.38192" lon="-120.26604"><ele>651.0</ele></trkpt>
    <trkpt lat="35.38198" lon="-120.26604"><ele>651.0</ele></trkpt>
    <trkpt lat="35.38204" lon="-120.26604"><ele>651.0</ele></trkpt>
    <trkpt lat="35.38209" lon="-120.26605"><ele>651.0</ele></trkpt>
    <trkpt lat="35.38214" lon="-120.26607"><ele>651.0</ele></trkpt>
    <trkpt lat="35.38219" lon="-120.26610"><ele>651.0</ele></trkpt>
    <trkpt lat="35.38224" lon="-120.26613"><ele>651.0</ele></trkpt>
    <trkpt lat="35.38229" lon="-120.26617"><ele>651.0</ele></trkpt>
    <trkpt lat="35.38233" lon="-120.26622"><ele>651.0</ele></trkpt>
    <trkpt lat="35.38236" lon="-120.26627"><ele>651.0</ele></trkpt>
    <trkpt lat="35.38239" lon="-120.26633"><ele>651.0</ele></trkpt>
    <trkpt lat="35.38240" lon="-120.26637"><ele>651.0</ele></trkpt>
    <trkpt lat="35.38241" lon="-120.26642"><ele>651.0</ele></trkpt>
    <trkpt lat="35.38241" lon="-120.26645"><ele>651.0</ele></trkpt>
    <trkpt lat="35.38242" lon="-120.26647"><ele>651.0</ele></trkpt>
    <trkpt lat="35.38244" lon="-120.26654"><ele>645.0</ele></trkpt>
    <trkpt lat="35.38247" lon="-120.26662"><ele>645.0</ele></trkpt>
    <trkpt lat="35.38249" lon="-120.26669"><ele>645.0</ele></trkpt>
    <trkpt lat="35.38251" lon="-120.26676"><ele>645.0</ele></trkpt>
    <trkpt lat="35.38253" lon="-120.26683"><ele>645.0</ele></trkpt>
    <trkpt lat="35.38254" lon="-120.26689"><ele>645.0</ele></trkpt>
    <trkpt lat="35.38257" lon="-120.26696"><ele>645.0</ele></trkpt>
    <trkpt lat="35.38259" lon="-120.26702"><ele>645.0</ele></trkpt>
    <trkpt lat="35.38261" lon="-120.26709"><ele>645.0</ele></trkpt>
    <trkpt lat="35.38262" lon="-120.26716"><ele>645.0</ele></trkpt>
    <trkpt lat="35.38262" lon="-120.26723"><ele>645.0</ele></trkpt>
    <trkpt lat="35.38262" lon="-120.26730"><ele>645.0</ele></trkpt>
    <trkpt lat="35.38262" lon="-120.26737"><ele>645.0</ele></trkpt>
    <trkpt lat="35.38263" lon="-120.26744"><ele>645.0</ele></trkpt>
    <trkpt lat="35.38265" lon="-120.26751"><ele>645.0</ele></trkpt>
    <trkpt lat="35.38268" lon="-120.26758"><ele>645.0</ele></trkpt>
    <trkpt lat="35.38272" lon="-120.26763"><ele>645.0</ele></trkpt>
    <trkpt lat="35.38277" lon="-120.26768"><ele>645.0</ele></trkpt>
    <trkpt lat="35.38282" lon="-120.26772"><ele>645.0</ele></trkpt>
    <trkpt lat="35.38287" lon="-120.26776"><ele>645.0</ele></trkpt>
    <trkpt lat="35.38293" lon="-120.26780"><ele>645.0</ele></trkpt>
    <trkpt lat="35.38298" lon="-120.26783"><ele>645.0</ele></trkpt>
    <trkpt lat="35.38303" lon="-120.26786"><ele>645.0</ele></trkpt>
    <trkpt lat="35.38309" lon="-120.26790"><ele>645.0</ele></trkpt>
    <trkpt lat="35.38314" lon="-120.26793"><ele>645.0</ele></trkpt>
    <trkpt lat="35.38319" lon="-120.26796"><ele>644.0</ele></trkpt>
    <trkpt lat="35.38324" lon="-120.26800"><ele>644.0</ele></trkpt>
    <trkpt lat="35.38328" lon="-120.26805"><ele>644.0</ele></trkpt>
    <trkpt lat="35.38333" lon="-120.26809"><ele>644.0</ele></trkpt>
    <trkpt lat="35.38338" lon="-120.26813"><ele>644.0</ele></trkpt>
    <trkpt lat="35.38342" lon="-120.26816"><ele>644.0</ele></trkpt>
    <trkpt lat="35.38346" lon="-120.26821"><ele>644.0</ele></trkpt>
    <trkpt lat="35.38351" lon="-120.26824"><ele>644.0</ele></trkpt>
    <trkpt lat="35.38355" lon="-120.26828"><ele>644.0</ele></trkpt>
    <trkpt lat="35.38358" lon="-120.26832"><ele>644.0</ele></trkpt>
    <trkpt lat="35.38362" lon="-120.26837"><ele>644.0</ele></trkpt>
    <trkpt lat="35.38365" lon="-120.26841"><ele>644.0</ele></trkpt>
    <trkpt lat="35.38368" lon="-120.26845"><ele>644.0</ele></trkpt>
    <trkpt lat="35.38370" lon="-120.26849"><ele>644.0</ele></trkpt>
    <trkpt lat="35.38374" lon="-120.26852"><ele>644.0</ele></trkpt>
    <trkpt lat="35.38376" lon="-120.26856"><ele>644.0</ele></trkpt>
    <trkpt lat="35.38379" lon="-120.26859"><ele>644.0</ele></trkpt>
    <trkpt lat="35.38383" lon="-120.26863"><ele>644.0</ele></trkpt>
    <trkpt lat="35.38386" lon="-120.26867"><ele>644.0</ele></trkpt>
    <trkpt lat="35.38390" lon="-120.26871"><ele>644.0</ele></trkpt>
    <trkpt lat="35.38393" lon="-120.26875"><ele>644.0</ele></trkpt>
    <trkpt lat="35.38397" lon="-120.26878"><ele>644.0</ele></trkpt>
    <trkpt lat="35.38402" lon="-120.26881"><ele>644.0</ele></trkpt>
    <trkpt lat="35.38406" lon="-120.26884"><ele>644.0</ele></trkpt>
    <trkpt lat="35.38411" lon="-120.26885"><ele>644.0</ele></trkpt>
    <trkpt lat="35.38416" lon="-120.26885"><ele>648.0</ele></trkpt>
    <trkpt lat="35.38421" lon="-120.26883"><ele>648.0</ele></trkpt>
    <trkpt lat="35.38427" lon="-120.26881"><ele>648.0</ele></trkpt>
    <trkpt lat="35.38432" lon="-120.26878"><ele>648.0</ele></trkpt>
    <trkpt lat="35.38437" lon="-120.26876"><ele>648.0</ele></trkpt>
    <trkpt lat="35.38443" lon="-120.26874"><ele>648.0</ele></trkpt>
    <trkpt lat="35.38449" lon="-120.26873"><ele>648.0</ele></trkpt>
    <trkpt lat="35.38455" lon="-120.26872"><ele>648.0</ele></trkpt>
    <trkpt lat="35.38461" lon="-120.26871"><ele>648.0</ele></trkpt>
    <trkpt lat="35.38467" lon="-120.26871"><ele>648.0</ele></trkpt>
    <trkpt lat="35.38473" lon="-120.26871"><ele>648.0</ele></trkpt>
    <trkpt lat="35.38479" lon="-120.26871"><ele>648.0</ele></trkpt>
    <trkpt lat="35.38484" lon="-120.26867"><ele>648.0</ele></trkpt>
    <trkpt lat="35.38488" lon="-120.26863"><ele>648.0</ele></trkpt>
    <trkpt lat="35.38492" lon="-120.26858"><ele>648.0</ele></trkpt>
    <trkpt lat="35.38495" lon="-120.26855"><ele>648.0</ele></trkpt>
    <trkpt lat="35.38500" lon="-120.26853"><ele>648.0</ele></trkpt>
    <trkpt lat="35.38501" lon="-120.26854"><ele>648.0</ele></trkpt>
    <trkpt lat="35.38504" lon="-120.26859"><ele>648.0</ele></trkpt>
    <trkpt lat="35.38506" lon="-120.26863"><ele>648.0</ele></trkpt>
    <trkpt lat="35.38507" lon="-120.26867"><ele>648.0</ele></trkpt>
    <trkpt lat="35.38509" lon="-120.26871"><ele>648.0</ele></trkpt>
    <trkpt lat="35.38510" lon="-120.26875"><ele>648.0</ele></trkpt>
    <trkpt lat="35.38512" lon="-120.26880"><ele>648.0</ele></trkpt>
    <trkpt lat="35.38514" lon="-120.26884"><ele>645.0</ele></trkpt>
    <trkpt lat="35.38516" lon="-120.26888"><ele>645.0</ele></trkpt>
    <trkpt lat="35.38517" lon="-120.26892"><ele>645.0</ele></trkpt>
    <trkpt lat="35.38520" lon="-120.26902"><ele>645.0</ele></trkpt>
    <trkpt lat="35.38521" lon="-120.26904"><ele>645.0</ele></trkpt>
    <trkpt lat="35.38522" lon="-120.26911"><ele>645.0</ele></trkpt>
    <trkpt lat="35.38523" lon="-120.26919"><ele>645.0</ele></trkpt>
    <trkpt lat="35.38524" lon="-120.26926"><ele>645.0</ele></trkpt>
    <trkpt lat="35.38526" lon="-120.26933"><ele>645.0</ele></trkpt>
    <trkpt lat="35.38529" lon="-120.26939"><ele>645.0</ele></trkpt>
    <trkpt lat="35.38532" lon="-120.26946"><ele>645.0</ele></trkpt>
    <trkpt lat="35.38535" lon="-120.26953"><ele>645.0</ele></trkpt>
    <trkpt lat="35.38539" lon="-120.26958"><ele>645.0</ele></trkpt>
    <trkpt lat="35.38543" lon="-120.26963"><ele>645.0</ele></trkpt>
    <trkpt lat="35.38548" lon="-120.26968"><ele>645.0</ele></trkpt>
    <trkpt lat="35.38552" lon="-120.26973"><ele>645.0</ele></trkpt>
    <trkpt lat="35.38556" lon="-120.26978"><ele>645.0</ele></trkpt>
    <trkpt lat="35.38560" lon="-120.26983"><ele>645.0</ele></trkpt>
    <trkpt lat="35.38563" lon="-120.26989"><ele>645.0</ele></trkpt>
    <trkpt lat="35.38565" lon="-120.26996"><ele>645.0</ele></trkpt>
    <trkpt lat="35.38566" lon="-120.27002"><ele>645.0</ele></trkpt>
    <trkpt lat="35.38566" lon="-120.27008"><ele>645.0</ele></trkpt>
    <trkpt lat="35.38566" lon="-120.27015"><ele>645.0</ele></trkpt>
    <trkpt lat="35.38567" lon="-120.27022"><ele>645.0</ele></trkpt>
    <trkpt lat="35.38568" lon="-120.27028"><ele>645.0</ele></trkpt>
    <trkpt lat="35.38571" lon="-120.27034"><ele>636.0</ele></trkpt>
    <trkpt lat="35.38574" lon="-120.27040"><ele>636.0</ele></trkpt>
    <trkpt lat="35.38578" lon="-120.27047"><ele>636.0</ele></trkpt>
    <trkpt lat="35.38580" lon="-120.27053"><ele>636.0</ele></trkpt>
    <trkpt lat="35.38582" lon="-120.27060"><ele>636.0</ele></trkpt>
    <trkpt lat="35.38584" lon="-120.27066"><ele>636.0</ele></trkpt>
    <trkpt lat="35.38585" lon="-120.27071"><ele>636.0</ele></trkpt>
    <trkpt lat="35.38585" lon="-120.27078"><ele>636.0</ele></trkpt>
    <trkpt lat="35.38585" lon="-120.27083"><ele>636.0</ele></trkpt>
    <trkpt lat="35.38584" lon="-120.27089"><ele>636.0</ele></trkpt>
    <trkpt lat="35.38518" lon="-120.27117"><ele>636.0</ele></trkpt>
    <trkpt lat="35.38514" lon="-120.27117"><ele>636.0</ele></trkpt>
    <trkpt lat="35.38509" lon="-120.27116"><ele>636.0</ele></trkpt>
    <trkpt lat="35.38503" lon="-120.27115"><ele>636.0</ele></trkpt>
    <trkpt lat="35.38497" lon="-120.27116"><ele>636.0</ele></trkpt>
    <trkpt lat="35.38491" lon="-120.27118"><ele>636.0</ele></trkpt>
    <trkpt lat="35.38487" lon="-120.27121"><ele>636.0</ele></trkpt>
    <trkpt lat="35.38483" lon="-120.27124"><ele>636.0</ele></trkpt>
    <trkpt lat="35.38480" lon="-120.27129"><ele>636.0</ele></trkpt>
    <trkpt lat="35.38476" lon="-120.27134"><ele>636.0</ele></trkpt>
    <trkpt lat="35.38473" lon="-120.27139"><ele>636.0</ele></trkpt>
    <trkpt lat="35.38468" lon="-120.27144"><ele>636.0</ele></trkpt>
    <trkpt lat="35.38464" lon="-120.27149"><ele>636.0</ele></trkpt>
    <trkpt lat="35.38462" lon="-120.27155"><ele>636.0</ele></trkpt>
    <trkpt lat="35.38462" lon="-120.27161"><ele>636.0</ele></trkpt>
    <trkpt lat="35.38463" lon="-120.27168"><ele>618.0</ele></trkpt>
    <trkpt lat="35.38465" lon="-120.27174"><ele>618.0</ele></trkpt>
    <trkpt lat="35.38467" lon="-120.27180"><ele>618.0</ele></trkpt>
    <trkpt lat="35.38467" lon="-120.27181"><ele>618.0</ele></trkpt>
    <trkpt lat="35.38468" lon="-120.27186"><ele>618.0</ele></trkpt>
    <trkpt lat="35.38467" lon="-120.27189"><ele>618.0</ele></trkpt>
    <trkpt lat="35.38467" lon="-120.27195"><ele>618.0</ele></trkpt>
    <trkpt lat="35.38468" lon="-120.27196"><ele>618.0</ele></trkpt>
    <trkpt lat="35.38468" lon="-120.27197"><ele>618.0</ele></trkpt>
    <trkpt lat="35.38468" lon="-120.27200"><ele>618.0</ele></trkpt>
    <trkpt lat="35.38470" lon="-120.27208"><ele>618.0</ele></trkpt>
    <trkpt lat="35.38473" lon="-120.27215"><ele>618.0</ele></trkpt>
    <trkpt lat="35.38476" lon="-120.27223"><ele>618.0</ele></trkpt>
    <trkpt lat="35.38477" lon="-120.27234"><ele>618.0</ele></trkpt>
    <trkpt lat="35.38476" lon="-120.27249"><ele>618.0</ele></trkpt>
    <trkpt lat="35.38474" lon="-120.27263"><ele>618.0</ele></trkpt>
    <trkpt lat="35.38474" lon="-120.27271"><ele>618.0</ele></trkpt>
    <trkpt lat="35.38473" lon="-120.27280"><ele>618.0</ele></trkpt>
    <trkpt lat="35.38473" lon="-120.27291"><ele>618.0</ele></trkpt>
    <trkpt lat="35.38473" lon="-120.27299"><ele>618.0</ele></trkpt>
    <trkpt lat="35.38475" lon="-120.27307"><ele>618.0</ele></trkpt>
    <trkpt lat="35.38478" lon="-120.27314"><ele>618.0</ele></trkpt>
    <trkpt lat="35.38480" lon="-120.27322"><ele>618.0</ele></trkpt>
    <trkpt lat="35.38478" lon="-120.27323"><ele>618.0</ele></trkpt>
    <trkpt lat="35.38477" lon="-120.27325"><ele>599.0</ele></trkpt>
    <trkpt lat="35.38472" lon="-120.27326"><ele>599.0</ele></trkpt>
    <trkpt lat="35.38467" lon="-120.27327"><ele>599.0</ele></trkpt>
    <trkpt lat="35.38463" lon="-120.27325"><ele>599.0</ele></trkpt>
    <trkpt lat="35.38459" lon="-120.27323"><ele>599.0</ele></trkpt>
    <trkpt lat="35.38456" lon="-120.27320"><ele>599.0</ele></trkpt>
    <trkpt lat="35.38453" lon="-120.27316"><ele>599.0</ele></trkpt>
    <trkpt lat="35.38450" lon="-120.27311"><ele>599.0</ele></trkpt>
    <trkpt lat="35.38447" lon="-120.27307"><ele>599.0</ele></trkpt>
    <trkpt lat="35.38443" lon="-120.27304"><ele>599.0</ele></trkpt>
    <trkpt lat="35.38442" lon="-120.27303"><ele>599.0</ele></trkpt>
    <trkpt lat="35.38438" lon="-120.27300"><ele>599.0</ele></trkpt>
    <trkpt lat="35.38431" lon="-120.27297"><ele>599.0</ele></trkpt>
    <trkpt lat="35.38425" lon="-120.27296"><ele>599.0</ele></trkpt>
    <trkpt lat="35.38418" lon="-120.27293"><ele>599.0</ele></trkpt>
    <trkpt lat="35.38413" lon="-120.27291"><ele>599.0</ele></trkpt>
    <trkpt lat="35.38407" lon="-120.27295"><ele>599.0</ele></trkpt>
    <trkpt lat="35.38405" lon="-120.27302"><ele>599.0</ele></trkpt>
    <trkpt lat="35.38404" lon="-120.27310"><ele>599.0</ele></trkpt>
    <trkpt lat="35.38402" lon="-120.27317"><ele>599.0</ele></trkpt>
    <trkpt lat="35.38399" lon="-120.27323"><ele>599.0</ele></trkpt>
    <trkpt lat="35.38396" lon="-120.27329"><ele>599.0</ele></trkpt>
    <trkpt lat="35.38394" lon="-120.27336"><ele>599.0</ele></trkpt>
    <trkpt lat="35.38394" lon="-120.27339"><ele>599.0</ele></trkpt>
    <trkpt lat="35.38394" lon="-120.27341"><ele>599.0</ele></trkpt>
    <trkpt lat="35.38394" lon="-120.27342"><ele>584.0</ele></trkpt>
    <trkpt lat="35.38396" lon="-120.27346"><ele>584.0</ele></trkpt>
    <trkpt lat="35.38396" lon="-120.27351"><ele>584.0</ele></trkpt>
    <trkpt lat="35.38397" lon="-120.27355"><ele>584.0</ele></trkpt>
    <trkpt lat="35.38397" lon="-120.27356"><ele>584.0</ele></trkpt>
    <trkpt lat="35.38397" lon="-120.27358"><ele>584.0</ele></trkpt>
    <trkpt lat="35.38395" lon="-120.27364"><ele>584.0</ele></trkpt>
    <trkpt lat="35.38391" lon="-120.27368"><ele>584.0</ele></trkpt>
    <trkpt lat="35.38389" lon="-120.27369"><ele>584.0</ele></trkpt>
    <trkpt lat="35.38388" lon="-120.27369"><ele>584.0</ele></trkpt>
    <trkpt lat="35.38384" lon="-120.27370"><ele>584.0</ele></trkpt>
    <trkpt lat="35.38380" lon="-120.27369"><ele>584.0</ele></trkpt>
    <trkpt lat="35.38375" lon="-120.27369"><ele>584.0</ele></trkpt>
    <trkpt lat="35.38370" lon="-120.27369"><ele>584.0</ele></trkpt>
    <trkpt lat="35.38363" lon="-120.27371"><ele>584.0</ele></trkpt>
    <trkpt lat="35.38357" lon="-120.27374"><ele>584.0</ele></trkpt>
    <trkpt lat="35.38354" lon="-120.27377"><ele>584.0</ele></trkpt>
    <trkpt lat="35.38352" lon="-120.27382"><ele>584.0</ele></trkpt>
    <trkpt lat="35.38353" lon="-120.27387"><ele>584.0</ele></trkpt>
    <trkpt lat="35.38354" lon="-120.27394"><ele>584.0</ele></trkpt>
    <trkpt lat="35.38357" lon="-120.27400"><ele>584.0</ele></trkpt>
    <trkpt lat="35.38361" lon="-120.27405"><ele>584.0</ele></trkpt>
    <trkpt lat="35.38363" lon="-120.27411"><ele>584.0</ele></trkpt>
    <trkpt lat="35.38365" lon="-120.27414"><ele>584.0</ele></trkpt>
    <trkpt lat="35.38366" lon="-120.27415"><ele>584.0</ele></trkpt>
    <trkpt lat="35.38371" lon="-120.27422"><ele>573.0</ele></trkpt>
    <trkpt lat="35.38372" lon="-120.27424"><ele>573.0</ele></trkpt>
    <trkpt lat="35.38375" lon="-120.27428"><ele>573.0</ele></trkpt>
    <trkpt lat="35.38379" lon="-120.27432"><ele>573.0</ele></trkpt>
    <trkpt lat="35.38382" lon="-120.27438"><ele>573.0</ele></trkpt>
    <trkpt lat="35.38385" lon="-120.27442"><ele>573.0</ele></trkpt>
    <trkpt lat="35.38388" lon="-120.27447"><ele>573.0</ele></trkpt>
    <trkpt lat="35.38392" lon="-120.27453"><ele>573.0</ele></trkpt>
    <trkpt lat="35.38394" lon="-120.27458"><ele>573.0</ele></trkpt>
    <trkpt lat="35.38396" lon="-120.27464"><ele>573.0</ele></trkpt>
    <trkpt lat="35.38397" lon="-120.27471"><ele>573.0</ele></trkpt>
    <trkpt lat="35.38399" lon="-120.27477"><ele>573.0</ele></trkpt>
    <trkpt lat="35.38400" lon="-120.27484"><ele>573.0</ele></trkpt>
    <trkpt lat="35.38400" lon="-120.27491"><ele>573.0</ele></trkpt>
    <trkpt lat="35.38401" lon="-120.27498"><ele>573.0</ele></trkpt>
    <trkpt lat="35.38401" lon="-120.27505"><ele>573.0</ele></trkpt>
    <trkpt lat="35.38401" lon="-120.27513"><ele>573.0</ele></trkpt>
    <trkpt lat="35.38404" lon="-120.27519"><ele>573.0</ele></trkpt>
    <trkpt lat="35.38407" lon="-120.27523"><ele>573.0</ele></trkpt>
    <trkpt lat="35.38408" lon="-120.27523"><ele>573.0</ele></trkpt>
    <trkpt lat="35.38409" lon="-120.27525"><ele>573.0</ele></trkpt>
    <trkpt lat="35.38414" lon="-120.27528"><ele>573.0</ele></trkpt>
    <trkpt lat="35.38418" lon="-120.27533"><ele>573.0</ele></trkpt>
    <trkpt lat="35.38421" lon="-120.27539"><ele>573.0</ele></trkpt>
    <trkpt lat="35.38421" lon="-120.27546"><ele>573.0</ele></trkpt>
    <trkpt lat="35.38420" lon="-120.27551"><ele>566.0</ele></trkpt>
    <trkpt lat="35.38420" lon="-120.27552"><ele>566.0</ele></trkpt>
    <trkpt lat="35.38419" lon="-120.27554"><ele>566.0</ele></trkpt>
    <trkpt lat="35.38417" lon="-120.27561"><ele>566.0</ele></trkpt>
    <trkpt lat="35.38416" lon="-120.27567"><ele>566.0</ele></trkpt>
    <trkpt lat="35.38414" lon="-120.27574"><ele>566.0</ele></trkpt>
    <trkpt lat="35.38414" lon="-120.27581"><ele>566.0</ele></trkpt>
    <trkpt lat="35.38413" lon="-120.27588"><ele>566.0</ele></trkpt>
    <trkpt lat="35.38414" lon="-120.27595"><ele>566.0</ele></trkpt>
    <trkpt lat="35.38417" lon="-120.27601"><ele>566.0</ele></trkpt>
    <trkpt lat="35.38419" lon="-120.27606"><ele>566.0</ele></trkpt>
    <trkpt lat="35.38424" lon="-120.27610"><ele>566.0</ele></trkpt>
    <trkpt lat="35.38428" lon="-120.27615"><ele>566.0</ele></trkpt>
    <trkpt lat="35.38432" lon="-120.27619"><ele>566.0</ele></trkpt>
    <trkpt lat="35.38436" lon="-120.27625"><ele>566.0</ele></trkpt>
    <trkpt lat="35.38440" lon="-120.27630"><ele>566.0</ele></trkpt>
    <trkpt lat="35.38444" lon="-120.27635"><ele>566.0</ele></trkpt>
    <trkpt lat="35.38448" lon="-120.27640"><ele>566.0</ele></trkpt>
    <trkpt lat="35.38453" lon="-120.27644"><ele>566.0</ele></trkpt>
    <trkpt lat="35.38458" lon="-120.27649"><ele>566.0</ele></trkpt>
    <trkpt lat="35.38461" lon="-120.27653"><ele>566.0</ele></trkpt>
    <trkpt lat="35.38465" lon="-120.27657"><ele>566.0</ele></trkpt>
    <trkpt lat="35.38470" lon="-120.27662"><ele>566.0</ele></trkpt>
    <trkpt lat="35.38475" lon="-120.27666"><ele>566.0</ele></trkpt>
    <trkpt lat="35.38479" lon="-120.27672"><ele>564.0</ele></trkpt>
    <trkpt lat="35.38484" lon="-120.27677"><ele>564.0</ele></trkpt>
    <trkpt lat="35.38488" lon="-120.27683"><ele>564.0</ele></trkpt>
    <trkpt lat="35.38491" lon="-120.27689"><ele>564.0</ele></trkpt>
    <trkpt lat="35.38496" lon="-120.27699"><ele>564.0</ele></trkpt>
    <trkpt lat="35.38498" lon="-120.27702"><ele>564.0</ele></trkpt>
    <trkpt lat="35.38502" lon="-120.27708"><ele>564.0</ele></trkpt>
    <trkpt lat="35.38507" lon="-120.27713"><ele>564.0</ele></trkpt>
    <trkpt lat="35.38511" lon="-120.27718"><ele>564.0</ele></trkpt>
    <trkpt lat="35.38516" lon="-120.27721"><ele>564.0</ele></trkpt>
    <trkpt lat="35.38522" lon="-120.27725"><ele>564.0</ele></trkpt>
    <trkpt lat="35.38527" lon="-120.27728"><ele>564.0</ele></trkpt>
    <trkpt lat="35.38532" lon="-120.27729"><ele>564.0</ele></trkpt>
    <trkpt lat="35.38539" lon="-120.27735"><ele>564.0</ele></trkpt>
    <trkpt lat="35.38540" lon="-120.27736"><ele>564.0</ele></trkpt>
    <trkpt lat="35.38543" lon="-120.27739"><ele>564.0</ele></trkpt>
    <trkpt lat="35.38546" lon="-120.27743"><ele>564.0</ele></trkpt>
    <trkpt lat="35.38548" lon="-120.27746"><ele>564.0</ele></trkpt>
    <trkpt lat="35.38550" lon="-120.27750"><ele>564.0</ele></trkpt>
    <trkpt lat="35.38551" lon="-120.27755"><ele>564.0</ele></trkpt>
    <trkpt lat="35.38553" lon="-120.27760"><ele>564.0</ele></trkpt>
    <trkpt lat="35.38555" lon="-120.27764"><ele>564.0</ele></trkpt>
    <trkpt lat="35.38558" lon="-120.27768"><ele>564.0</ele></trkpt>
    <trkpt lat="35.38561" lon="-120.27772"><ele>564.0</ele></trkpt>
    <trkpt lat="35.38565" lon="-120.27775"><ele>564.0</ele></trkpt>
    <trkpt lat="35.38569" lon="-120.27779"><ele>565.0</ele></trkpt>
    <trkpt lat="35.38573" lon="-120.27782"><ele>565.0</ele></trkpt>
    <trkpt lat="35.38576" lon="-120.27784"><ele>565.0</ele></trkpt>
    <trkpt lat="35.38579" lon="-120.27788"><ele>565.0</ele></trkpt>
    <trkpt lat="35.38582" lon="-120.27792"><ele>565.0</ele></trkpt>
    <trkpt lat="35.38584" lon="-120.27795"><ele>565.0</ele></trkpt>
    <trkpt lat="35.38585" lon="-120.27798"><ele>565.0</ele></trkpt>
    <trkpt lat="35.38586" lon="-120.27800"><ele>565.0</ele></trkpt>
    <trkpt lat="35.38586" lon="-120.27801"><ele>565.0</ele></trkpt>
    <trkpt lat="35.38587" lon="-120.27802"><ele>565.0</ele></trkpt>
    <trkpt lat="35.38587" lon="-120.27802"><ele>565.0</ele></trkpt>
    <trkpt lat="35.38587" lon="-120.27804"><ele>565.0</ele></trkpt>
    <trkpt lat="35.38588" lon="-120.27809"><ele>565.0</ele></trkpt>
    <trkpt lat="35.38590" lon="-120.27813"><ele>565.0</ele></trkpt>
    <trkpt lat="35.38591" lon="-120.27818"><ele>565.0</ele></trkpt>
    <trkpt lat="35.38593" lon="-120.27823"><ele>565.0</ele></trkpt>
    <trkpt lat="35.38594" lon="-120.27828"><ele>565.0</ele></trkpt>
    <trkpt lat="35.38595" lon="-120.27834"><ele>565.0</ele></trkpt>
    <trkpt lat="35.38595" lon="-120.27838"><ele>565.0</ele></trkpt>
    <trkpt lat="35.38594" lon="-120.27843"><ele>565.0</ele></trkpt>
    <trkpt lat="35.38594" lon="-120.27844"><ele>565.0</ele></trkpt>
    <trkpt lat="35.38594" lon="-120.27846"><ele>565.0</ele></trkpt>
    <trkpt lat="35.38593" lon="-120.27852"><ele>565.0</ele></trkpt>
    <trkpt lat="35.38592" lon="-120.27859"><ele>565.0</ele></trkpt>
    <trkpt lat="35.38591" lon="-120.27865"><ele>565.0</ele></trkpt>
    <trkpt lat="35.38588" lon="-120.27871"><ele>563.0</ele></trkpt>
    <trkpt lat="35.38585" lon="-120.27877"><ele>563.0</ele></trkpt>
    <trkpt lat="35.38582" lon="-120.27881"><ele>563.0</ele></trkpt>
    <trkpt lat="35.38577" lon="-120.27886"><ele>563.0</ele></trkpt>
    <trkpt lat="35.38573" lon="-120.27890"><ele>563.0</ele></trkpt>
    <trkpt lat="35.38570" lon="-120.27894"><ele>563.0</ele></trkpt>
    <trkpt lat="35.38567" lon="-120.27898"><ele>563.0</ele></trkpt>
    <trkpt lat="35.38563" lon="-120.27902"><ele>563.0</ele></trkpt>
    <trkpt lat="35.38560" lon="-120.27907"><ele>563.0</ele></trkpt>
    <trkpt lat="35.38556" lon="-120.27911"><ele>563.0</ele></trkpt>
    <trkpt lat="35.38551" lon="-120.27915"><ele>563.0</ele></trkpt>
    <trkpt lat="35.38547" lon="-120.27918"><ele>563.0</ele></trkpt>
    <trkpt lat="35.38541" lon="-120.27920"><ele>563.0</ele></trkpt>
    <trkpt lat="35.38537" lon="-120.27921"><ele>563.0</ele></trkpt>
    <trkpt lat="35.38532" lon="-120.27923"><ele>563.0</ele></trkpt>
    <trkpt lat="35.38526" lon="-120.27924"><ele>563.0</ele></trkpt>
    <trkpt lat="35.38521" lon="-120.27924"><ele>563.0</ele></trkpt>
    <trkpt lat="35.38514" lon="-120.27924"><ele>563.0</ele></trkpt>
    <trkpt lat="35.38508" lon="-120.27924"><ele>563.0</ele></trkpt>
    <trkpt lat="35.38502" lon="-120.27925"><ele>563.0</ele></trkpt>
    <trkpt lat="35.38496" lon="-120.27927"><ele>563.0</ele></trkpt>
    <trkpt lat="35.38446" lon="-120.27945"><ele>563.0</ele></trkpt>
    <trkpt lat="35.38443" lon="-120.27947"><ele>563.0</ele></trkpt>
    <trkpt lat="35.38438" lon="-120.27953"><ele>563.0</ele></trkpt>
    <trkpt lat="35.38437" lon="-120.27953"><ele>564.0</ele></trkpt>
    <trkpt lat="35.38433" lon="-120.27958"><ele>564.0</ele></trkpt>
    <trkpt lat="35.38430" lon="-120.27963"><ele>564.0</ele></trkpt>
    <trkpt lat="35.38426" lon="-120.27967"><ele>564.0</ele></trkpt>
    <trkpt lat="35.38421" lon="-120.27981"><ele>564.0</ele></trkpt>
    <trkpt lat="35.38421" lon="-120.27984"><ele>564.0</ele></trkpt>
    <trkpt lat="35.38419" lon="-120.27989"><ele>564.0</ele></trkpt>
    <trkpt lat="35.38416" lon="-120.27995"><ele>564.0</ele></trkpt>
    <trkpt lat="35.38415" lon="-120.27999"><ele>564.0</ele></trkpt>
    <trkpt lat="35.38411" lon="-120.28005"><ele>564.0</ele></trkpt>
    <trkpt lat="35.38408" lon="-120.28009"><ele>564.0</ele></trkpt>
    <trkpt lat="35.38403" lon="-120.28010"><ele>564.0</ele></trkpt>
    <trkpt lat="35.38398" lon="-120.28010"><ele>564.0</ele></trkpt>
    <trkpt lat="35.38394" lon="-120.28008"><ele>564.0</ele></trkpt>
    <trkpt lat="35.38389" lon="-120.28008"><ele>564.0</ele></trkpt>
    <trkpt lat="35.38384" lon="-120.28009"><ele>564.0</ele></trkpt>
    <trkpt lat="35.38380" lon="-120.28013"><ele>564.0</ele></trkpt>
    <trkpt lat="35.38379" lon="-120.28020"><ele>564.0</ele></trkpt>
    <trkpt lat="35.38378" lon="-120.28026"><ele>564.0</ele></trkpt>
    <trkpt lat="35.38375" lon="-120.28031"><ele>564.0</ele></trkpt>
    <trkpt lat="35.38371" lon="-120.28034"><ele>564.0</ele></trkpt>
    <trkpt lat="35.38366" lon="-120.28036"><ele>564.0</ele></trkpt>
    <trkpt lat="35.38361" lon="-120.28036"><ele>564.0</ele></trkpt>
    <trkpt lat="35.38353" lon="-120.28040"><ele>564.0</ele></trkpt>
    <trkpt lat="35.38348" lon="-120.28042"><ele>564.0</ele></trkpt>
    <trkpt lat="35.38341" lon="-120.28043"><ele>567.0</ele></trkpt>
    <trkpt lat="35.38334" lon="-120.28044"><ele>567.0</ele></trkpt>
    <trkpt lat="35.38330" lon="-120.28045"><ele>567.0</ele></trkpt>
    <trkpt lat="35.38324" lon="-120.28046"><ele>567.0</ele></trkpt>
    <trkpt lat="35.38319" lon="-120.28047"><ele>567.0</ele></trkpt>
    <trkpt lat="35.38315" lon="-120.28048"><ele>567.0</ele></trkpt>
    <trkpt lat="35.38310" lon="-120.28048"><ele>567.0</ele></trkpt>
    <trkpt lat="35.38305" lon="-120.28047"><ele>567.0</ele></trkpt>
    <trkpt lat="35.38301" lon="-120.28049"><ele>567.0</ele></trkpt>
    <trkpt lat="35.38301" lon="-120.28055"><ele>567.0</ele></trkpt>
    <trkpt lat="35.38302" lon="-120.28057"><ele>567.0</ele></trkpt>
    <trkpt lat="35.38305" lon="-120.28061"><ele>567.0</ele></trkpt>
    <trkpt lat="35.38308" lon="-120.28065"><ele>567.0</ele></trkpt>
    <trkpt lat="35.38310" lon="-120.28068"><ele>567.0</ele></trkpt>
    <trkpt lat="35.38313" lon="-120.28072"><ele>567.0</ele></trkpt>
    <trkpt lat="35.38313" lon="-120.28075"><ele>567.0</ele></trkpt>
    <trkpt lat="35.38310" lon="-120.28077"><ele>567.0</ele></trkpt>
    <trkpt lat="35.38307" lon="-120.28077"><ele>567.0</ele></trkpt>
    <trkpt lat="35.38305" lon="-120.28077"><ele>567.0</ele></trkpt>
    <trkpt lat="35.38303" lon="-120.28078"><ele>567.0</ele></trkpt>
    <trkpt lat="35.38303" lon="-120.28080"><ele>567.0</ele></trkpt>
    <trkpt lat="35.38303" lon="-120.28082"><ele>567.0</ele></trkpt>
    <trkpt lat="35.38301" lon="-120.28088"><ele>567.0</ele></trkpt>
    <trkpt lat="35.38299" lon="-120.28093"><ele>567.0</ele></trkpt>
    <trkpt lat="35.38296" lon="-120.28097"><ele>567.0</ele></trkpt>
    <trkpt lat="35.38292" lon="-120.28100"><ele>573.0</ele></trkpt>
    <trkpt lat="35.38291" lon="-120.28105"><ele>573.0</ele></trkpt>
    <trkpt lat="35.38290" lon="-120.28105"><ele>573.0</ele></trkpt>
    <trkpt lat="35.38289" lon="-120.28105"><ele>573.0</ele></trkpt>
    <trkpt lat="35.38287" lon="-120.28106"><ele>573.0</ele></trkpt>
    <trkpt lat="35.38287" lon="-120.28106"><ele>573.0</ele></trkpt>
    <trkpt lat="35.38292" lon="-120.28111"><ele>573.0</ele></trkpt>
    <trkpt lat="35.38295" lon="-120.28114"><ele>573.0</ele></trkpt>
    <trkpt lat="35.38300" lon="-120.28118"><ele>573.0</ele></trkpt>
    <trkpt lat="35.38304" lon="-120.28122"><ele>573.0</ele></trkpt>
    <trkpt lat="35.38308" lon="-120.28126"><ele>573.0</ele></trkpt>
    <trkpt lat="35.38309" lon="-120.28127"><ele>573.0</ele></trkpt>
    <trkpt lat="35.38311" lon="-120.28130"><ele>573.0</ele></trkpt>
    <trkpt lat="35.38314" lon="-120.28133"><ele>573.0</ele></trkpt>
    <trkpt lat="35.38319" lon="-120.28138"><ele>573.0</ele></trkpt>
    <trkpt lat="35.38322" lon="-120.28145"><ele>573.0</ele></trkpt>
    <trkpt lat="35.38323" lon="-120.28152"><ele>573.0</ele></trkpt>
    <trkpt lat="35.38323" lon="-120.28159"><ele>573.0</ele></trkpt>
    <trkpt lat="35.38325" lon="-120.28166"><ele>573.0</ele></trkpt>
    <trkpt lat="35.38327" lon="-120.28173"><ele>573.0</ele></trkpt>
    <trkpt lat="35.38329" lon="-120.28179"><ele>573.0</ele></trkpt>
    <trkpt lat="35.38329" lon="-120.28189"><ele>573.0</ele></trkpt>
    <trkpt lat="35.38329" lon="-120.28196"><ele>573.0</ele></trkpt>
    <trkpt lat="35.38328" lon="-120.28202"><ele>573.0</ele></trkpt>
    <trkpt lat="35.38328" lon="-120.28209"><ele>601.0</ele></trkpt>
    <trkpt lat="35.38328" lon="-120.28215"><ele>601.0</ele></trkpt>
    <trkpt lat="35.38327" lon="-120.28222"><ele>601.0</ele></trkpt>
    <trkpt lat="35.38327" lon="-120.28223"><ele>601.0</ele></trkpt>
    <trkpt lat="35.38327" lon="-120.28230"><ele>601.0</ele></trkpt>
    <trkpt lat="35.38328" lon="-120.28234"><ele>601.0</ele></trkpt>
    <trkpt lat="35.38320" lon="-120.28263"><ele>601.0</ele></trkpt>
    <trkpt lat="35.38318" lon="-120.28270"><ele>601.0</ele></trkpt>
    <trkpt lat="35.38318" lon="-120.28278"><ele>601.0</ele></trkpt>
    <trkpt lat="35.38318" lon="-120.28278"><ele>601.0</ele></trkpt>
    <trkpt lat="35.38317" lon="-120.28289"><ele>601.0</ele></trkpt>
    <trkpt lat="35.38317" lon="-120.28292"><ele>601.0</ele></trkpt>
    <trkpt lat="35.38321" lon="-120.28307"><ele>601.0</ele></trkpt>
    <trkpt lat="35.38324" lon="-120.28314"><ele>601.0</ele></trkpt>
    <trkpt lat="35.38327" lon="-120.28321"><ele>601.0</ele></trkpt>
    <trkpt lat="35.38330" lon="-120.28329"><ele>601.0</ele></trkpt>
    <trkpt lat="35.38331" lon="-120.28333"><ele>601.0</ele></trkpt>
    <trkpt lat="35.38333" lon="-120.28339"><ele>601.0</ele></trkpt>
    <trkpt lat="35.38333" lon="-120.28347"><ele>601.0</ele></trkpt>
    <trkpt lat="35.38332" lon="-120.28354"><ele>601.0</ele></trkpt>
    <trkpt lat="35.38331" lon="-120.28363"><ele>601.0</ele></trkpt>
    <trkpt lat="35.38329" lon="-120.28372"><ele>601.0</ele></trkpt>
    <trkpt lat="35.38328" lon="-120.28380"><ele>601.0</ele></trkpt>
    <trkpt lat="35.38327" lon="-120.28384"><ele>601.0</ele></trkpt>
    <trkpt lat="35.38327" lon="-120.28394"><ele>601.0</ele></trkpt>
    <trkpt lat="35.38327" lon="-120.28401"><ele>620.0</ele></trkpt>
    <trkpt lat="35.38329" lon="-120.28408"><ele>620.0</ele></trkpt>
    <trkpt lat="35.38333" lon="-120.28414"><ele>620.0</ele></trkpt>
    <trkpt lat="35.38337" lon="-120.28420"><ele>620.0</ele></trkpt>
    <trkpt lat="35.38342" lon="-120.28426"><ele>620.0</ele></trkpt>
    <trkpt lat="35.38346" lon="-120.28432"><ele>620.0</ele></trkpt>
    <trkpt lat="35.38350" lon="-120.28439"><ele>620.0</ele></trkpt>
    <trkpt lat="35.38352" lon="-120.28443"><ele>620.0</ele></trkpt>
    <trkpt lat="35.38354" lon="-120.28446"><ele>620.0</ele></trkpt>
    <trkpt lat="35.38357" lon="-120.28453"><ele>620.0</ele></trkpt>
    <trkpt lat="35.38360" lon="-120.28461"><ele>620.0</ele></trkpt>
    <trkpt lat="35.38361" lon="-120.28462"><ele>620.0</ele></trkpt>
    <trkpt lat="35.38362" lon="-120.28465"><ele>620.0</ele></trkpt>
    <trkpt lat="35.38364" lon="-120.28470"><ele>620.0</ele></trkpt>
    <trkpt lat="35.38367" lon="-120.28476"><ele>620.0</ele></trkpt>
    <trkpt lat="35.38369" lon="-120.28483"><ele>620.0</ele></trkpt>
    <trkpt lat="35.38371" lon="-120.28490"><ele>620.0</ele></trkpt>
    <trkpt lat="35.38374" lon="-120.28496"><ele>620.0</ele></trkpt>
    <trkpt lat="35.38378" lon="-120.28504"><ele>620.0</ele></trkpt>
    <trkpt lat="35.38381" lon="-120.28510"><ele>620.0</ele></trkpt>
    <trkpt lat="35.38385" lon="-120.28516"><ele>620.0</ele></trkpt>
    <trkpt lat="35.38389" lon="-120.28522"><ele>620.0</ele></trkpt>
    <trkpt lat="35.38394" lon="-120.28528"><ele>620.0</ele></trkpt>
    <trkpt lat="35.38399" lon="-120.28534"><ele>620.0</ele></trkpt>
    <trkpt lat="35.38404" lon="-120.28539"><ele>620.0</ele></trkpt>
    <trkpt lat="35.38407" lon="-120.28542"><ele>621.0</ele></trkpt>
    <trkpt lat="35.38415" lon="-120.28547"><ele>621.0</ele></trkpt>
    <trkpt lat="35.38424" lon="-120.28551"><ele>621.0</ele></trkpt>
    <trkpt lat="35.38430" lon="-120.28553"><ele>621.0</ele></trkpt>
    <trkpt lat="35.38436" lon="-120.28555"><ele>621.0</ele></trkpt>
    <trkpt lat="35.38442" lon="-120.28557"><ele>621.0</ele></trkpt>
    <trkpt lat="35.38447" lon="-120.28558"><ele>621.0</ele></trkpt>
    <trkpt lat="35.38454" lon="-120.28561"><ele>621.0</ele></trkpt>
    <trkpt lat="35.38460" lon="-120.28563"><ele>621.0</ele></trkpt>
    <trkpt lat="35.38467" lon="-120.28565"><ele>621.0</ele></trkpt>
    <trkpt lat="35.38470" lon="-120.28566"><ele>621.0</ele></trkpt>
    <trkpt lat="35.38478" lon="-120.28565"><ele>621.0</ele></trkpt>
    <trkpt lat="35.38483" lon="-120.28562"><ele>621.0</ele></trkpt>
    <trkpt lat="35.38487" lon="-120.28556"><ele>621.0</ele></trkpt>
    <trkpt lat="35.38490" lon="-120.28550"><ele>621.0</ele></trkpt>
    <trkpt lat="35.38493" lon="-120.28543"><ele>621.0</ele></trkpt>
    <trkpt lat="35.38495" lon="-120.28538"><ele>621.0</ele></trkpt>
    <trkpt lat="35.38498" lon="-120.28527"><ele>621.0</ele></trkpt>
    <trkpt lat="35.38499" lon="-120.28520"><ele>621.0</ele></trkpt>
    <trkpt lat="35.38500" lon="-120.28513"><ele>621.0</ele></trkpt>
    <trkpt lat="35.38502" lon="-120.28507"><ele>621.0</ele></trkpt>
    <trkpt lat="35.38502" lon="-120.28501"><ele>621.0</ele></trkpt>
    <trkpt lat="35.38504" lon="-120.28496"><ele>621.0</ele></trkpt>
    <trkpt lat="35.38505" lon="-120.28490"><ele>621.0</ele></trkpt>
    <trkpt lat="35.38506" lon="-120.28483"><ele>621.0</ele></trkpt>
    <trkpt lat="35.38507" lon="-120.28477"><ele>612.0</ele></trkpt>
    <trkpt lat="35.38508" lon="-120.28471"><ele>612.0</ele></trkpt>
    <trkpt lat="35.38509" lon="-120.28464"><ele>612.0</ele></trkpt>
    <trkpt lat="35.38511" lon="-120.28457"><ele>612.0</ele></trkpt>
    <trkpt lat="35.38511" lon="-120.28446"><ele>612.0</ele></trkpt>
    <trkpt lat="35.38512" lon="-120.28439"><ele>612.0</ele></trkpt>
    <trkpt lat="35.38512" lon="-120.28432"><ele>612.0</ele></trkpt>
    <trkpt lat="35.38512" lon="-120.28426"><ele>612.0</ele></trkpt>
    <trkpt lat="35.38512" lon="-120.28419"><ele>612.0</ele></trkpt>
    <trkpt lat="35.38514" lon="-120.28412"><ele>612.0</ele></trkpt>
    <trkpt lat="35.38516" lon="-120.28405"><ele>612.0</ele></trkpt>
    <trkpt lat="35.38518" lon="-120.28399"><ele>612.0</ele></trkpt>
    <trkpt lat="35.38519" lon="-120.28397"><ele>612.0</ele></trkpt>
    <trkpt lat="35.38522" lon="-120.28389"><ele>612.0</ele></trkpt>
    <trkpt lat="35.38524" lon="-120.28384"><ele>612.0</ele></trkpt>
    <trkpt lat="35.38527" lon="-120.28379"><ele>612.0</ele></trkpt>
    <trkpt lat="35.38530" lon="-120.28374"><ele>612.0</ele></trkpt>
    <trkpt lat="35.38534" lon="-120.28368"><ele>612.0</ele></trkpt>
    <trkpt lat="35.38538" lon="-120.28363"><ele>612.0</ele></trkpt>
    <trkpt lat="35.38542" lon="-120.28357"><ele>612.0</ele></trkpt>
    <trkpt lat="35.38546" lon="-120.28351"><ele>612.0</ele></trkpt>
    <trkpt lat="35.38551" lon="-120.28346"><ele>612.0</ele></trkpt>
    <trkpt lat="35.38559" lon="-120.28338"><ele>612.0</ele></trkpt>
    <trkpt lat="35.38565" lon="-120.28335"><ele>612.0</ele></trkpt>
    <trkpt lat="35.38566" lon="-120.28335"><ele>609.0</ele></trkpt>
    <trkpt lat="35.38575" lon="-120.28328"><ele>609.0</ele></trkpt>
    <trkpt lat="35.38580" lon="-120.28322"><ele>609.0</ele></trkpt>
    <trkpt lat="35.38584" lon="-120.28314"><ele>609.0</ele></trkpt>
    <trkpt lat="35.38585" lon="-120.28311"><ele>609.0</ele></trkpt>
    <trkpt lat="35.38587" lon="-120.28300"><ele>609.0</ele></trkpt>
    <trkpt lat="35.38588" lon="-120.28296"><ele>609.0</ele></trkpt>
    <trkpt lat="35.38590" lon="-120.28286"><ele>609.0</ele></trkpt>
    <trkpt lat="35.38592" lon="-120.28280"><ele>609.0</ele></trkpt>
    <trkpt lat="35.38594" lon="-120.28275"><ele>609.0</ele></trkpt>
    <trkpt lat="35.38597" lon="-120.28269"><ele>609.0</ele></trkpt>
    <trkpt lat="35.38599" lon="-120.28263"><ele>609.0</ele></trkpt>
    <trkpt lat="35.38603" lon="-120.28257"><ele>609.0</ele></trkpt>
    <trkpt lat="35.38606" lon="-120.28251"><ele>609.0</ele></trkpt>
    <trkpt lat="35.38608" lon="-120.28249"><ele>609.0</ele></trkpt>
    <trkpt lat="35.38612" lon="-120.28243"><ele>609.0</ele></trkpt>
    <trkpt lat="35.38610" lon="-120.28243"><ele>609.0</ele></trkpt>
    <trkpt lat="35.38614" lon="-120.28242"><ele>609.0</ele></trkpt>
    <trkpt lat="35.38619" lon="-120.28237"><ele>609.0</ele></trkpt>
    <trkpt lat="35.38623" lon="-120.28233"><ele>609.0</ele></trkpt>
    <trkpt lat="35.38628" lon="-120.28229"><ele>609.0</ele></trkpt>
    <trkpt lat="35.38635" lon="-120.28226"><ele>609.0</ele></trkpt>
    <trkpt lat="35.38639" lon="-120.28225"><ele>609.0</ele></trkpt>
    <trkpt lat="35.38641" lon="-120.28227"><ele>609.0</ele></trkpt>
    <trkpt lat="35.38647" lon="-120.28231"><ele>609.0</ele></trkpt>
    <trkpt lat="35.38649" lon="-120.28233"><ele>603.0</ele></trkpt>
    <trkpt lat="35.38651" lon="-120.28237"><ele>603.0</ele></trkpt>
    <trkpt lat="35.38654" lon="-120.28240"><ele>603.0</ele></trkpt>
    <trkpt lat="35.38656" lon="-120.28243"><ele>603.0</ele></trkpt>
    <trkpt lat="35.38659" lon="-120.28246"><ele>603.0</ele></trkpt>
    <trkpt lat="35.38662" lon="-120.28249"><ele>603.0</ele></trkpt>
    <trkpt lat="35.38665" lon="-120.28252"><ele>603.0</ele></trkpt>
    <trkpt lat="35.38668" lon="-120.28255"><ele>603.0</ele></trkpt>
    <trkpt lat="35.38671" lon="-120.28257"><ele>603.0</ele></trkpt>
    <trkpt lat="35.38674" lon="-120.28260"><ele>603.0</ele></trkpt>
    <trkpt lat="35.38677" lon="-120.28264"><ele>603.0</ele></trkpt>
    <trkpt lat="35.38680" lon="-120.28267"><ele>603.0</ele></trkpt>
    <trkpt lat="35.38683" lon="-120.28271"><ele>603.0</ele></trkpt>
    <trkpt lat="35.38686" lon="-120.28274"><ele>603.0</ele></trkpt>
    <trkpt lat="35.38689" lon="-120.28278"><ele>603.0</ele></trkpt>
    <trkpt lat="35.38692" lon="-120.28281"><ele>603.0</ele></trkpt>
    <trkpt lat="35.38695" lon="-120.28284"><ele>603.0</ele></trkpt>
    <trkpt lat="35.38699" lon="-120.28286"><ele>603.0</ele></trkpt>
    <trkpt lat="35.38704" lon="-120.28288"><ele>603.0</ele></trkpt>
    <trkpt lat="35.38708" lon="-120.28289"><ele>603.0</ele></trkpt>
    <trkpt lat="35.38712" lon="-120.28290"><ele>603.0</ele></trkpt>
    <trkpt lat="35.38717" lon="-120.28291"><ele>603.0</ele></trkpt>
    <trkpt lat="35.38719" lon="-120.28292"><ele>603.0</ele></trkpt>
    <trkpt lat="35.38721" lon="-120.28293"><ele>603.0</ele></trkpt>
    <trkpt lat="35.38725" lon="-120.28297"><ele>603.0</ele></trkpt>
    <trkpt lat="35.38729" lon="-120.28300"><ele>586.0</ele></trkpt>
    <trkpt lat="35.38733" lon="-120.28303"><ele>586.0</ele></trkpt>
    <trkpt lat="35.38736" lon="-120.28307"><ele>586.0</ele></trkpt>
    <trkpt lat="35.38740" lon="-120.28310"><ele>586.0</ele></trkpt>
    <trkpt lat="35.38744" lon="-120.28313"><ele>586.0</ele></trkpt>
    <trkpt lat="35.38747" lon="-120.28316"><ele>586.0</ele></trkpt>
    <trkpt lat="35.38748" lon="-120.28317"><ele>586.0</ele></trkpt>
    <trkpt lat="35.38752" lon="-120.28320"><ele>586.0</ele></trkpt>
    <trkpt lat="35.38757" lon="-120.28325"><ele>586.0</ele></trkpt>
    <trkpt lat="35.38758" lon="-120.28325"><ele>586.0</ele></trkpt>
    <trkpt lat="35.38764" lon="-120.28329"><ele>586.0</ele></trkpt>
    <trkpt lat="35.38769" lon="-120.28331"><ele>586.0</ele></trkpt>
    <trkpt lat="35.38775" lon="-120.28333"><ele>586.0</ele></trkpt>
    <trkpt lat="35.38781" lon="-120.28336"><ele>586.0</ele></trkpt>
    <trkpt lat="35.38786" lon="-120.28338"><ele>586.0</ele></trkpt>
    <trkpt lat="35.38790" lon="-120.28339"><ele>586.0</ele></trkpt>
    <trkpt lat="35.38791" lon="-120.28340"><ele>586.0</ele></trkpt>
    <trkpt lat="35.38797" lon="-120.28341"><ele>586.0</ele></trkpt>
    <trkpt lat="35.38800" lon="-120.28341"><ele>586.0</ele></trkpt>
    <trkpt lat="35.38805" lon="-120.28341"><ele>586.0</ele></trkpt>
    <trkpt lat="35.38811" lon="-120.28341"><ele>586.0</ele></trkpt>
    <trkpt lat="35.38817" lon="-120.28343"><ele>586.0</ele></trkpt>
    <trkpt lat="35.38819" lon="-120.28339"><ele>586.0</ele></trkpt>
    <trkpt lat="35.38825" lon="-120.28338"><ele>586.0</ele></trkpt>
    <trkpt lat="35.38826" lon="-120.28338"><ele>582.0</ele></trkpt>
    <trkpt lat="35.38833" lon="-120.28335"><ele>582.0</ele></trkpt>
    <trkpt lat="35.38839" lon="-120.28334"><ele>582.0</ele></trkpt>
    <trkpt lat="35.38841" lon="-120.28333"><ele>582.0</ele></trkpt>
    <trkpt lat="35.38841" lon="-120.28333"><ele>582.0</ele></trkpt>
    <trkpt lat="35.38846" lon="-120.28334"><ele>582.0</ele></trkpt>
    <trkpt lat="35.38850" lon="-120.28332"><ele>582.0</ele></trkpt>
    <trkpt lat="35.38856" lon="-120.28330"><ele>582.0</ele></trkpt>
    <trkpt lat="35.38860" lon="-120.28330"><ele>582.0</ele></trkpt>
    <trkpt lat="35.38865" lon="-120.28332"><ele>582.0</ele></trkpt>
    <trkpt lat="35.38870" lon="-120.28333"><ele>582.0</ele></trkpt>
    <trkpt lat="35.38872" lon="-120.28334"><ele>582.0</ele></trkpt>
    <trkpt lat="35.38876" lon="-120.28337"><ele>582.0</ele></trkpt>
    <trkpt lat="35.38881" lon="-120.28339"><ele>582.0</ele></trkpt>
    <trkpt lat="35.38887" lon="-120.28343"><ele>582.0</ele></trkpt>
    <trkpt lat="35.38892" lon="-120.28346"><ele>582.0</ele></trkpt>
    <trkpt lat="35.38896" lon="-120.28350"><ele>582.0</ele></trkpt>
    <trkpt lat="35.38896" lon="-120.28350"><ele>582.0</ele></trkpt>
    <trkpt lat="35.38899" lon="-120.28353"><ele>582.0</ele></trkpt>
    <trkpt lat="35.38902" lon="-120.28355"><ele>582.0</ele></trkpt>
    <trkpt lat="35.38904" lon="-120.28358"><ele>582.0</ele></trkpt>
    <trkpt lat="35.38906" lon="-120.28361"><ele>582.0</ele></trkpt>
    <trkpt lat="35.38906" lon="-120.28365"><ele>582.0</ele></trkpt>
    <trkpt lat="35.38906" lon="-120.28367"><ele>582.0</ele></trkpt>
    <trkpt lat="35.38906" lon="-120.28367"><ele>582.0</ele></trkpt>
    <trkpt lat="35.38908" lon="-120.28373"><ele>604.0</ele></trkpt>
    <trkpt lat="35.38910" lon="-120.28377"><ele>604.0</ele></trkpt>
    <trkpt lat="35.38912" lon="-120.28384"><ele>604.0</ele></trkpt>
    <trkpt lat="35.38914" lon="-120.28389"><ele>604.0</ele></trkpt>
    <trkpt lat="35.38917" lon="-120.28394"><ele>604.0</ele></trkpt>
    <trkpt lat="35.38919" lon="-120.28399"><ele>604.0</ele></trkpt>
    <trkpt lat="35.38922" lon="-120.28404"><ele>604.0</ele></trkpt>
    <trkpt lat="35.38925" lon="-120.28410"><ele>604.0</ele></trkpt>
    <trkpt lat="35.38929" lon="-120.28415"><ele>604.0</ele></trkpt>
    <trkpt lat="35.38930" lon="-120.28418"><ele>604.0</ele></trkpt>
    <trkpt lat="35.38932" lon="-120.28421"><ele>604.0</ele></trkpt>
    <trkpt lat="35.38935" lon="-120.28427"><ele>604.0</ele></trkpt>
    <trkpt lat="35.38938" lon="-120.28434"><ele>604.0</ele></trkpt>
    <trkpt lat="35.38939" lon="-120.28441"><ele>604.0</ele></trkpt>
    <trkpt lat="35.38940" lon="-120.28445"><ele>604.0</ele></trkpt>
    <trkpt lat="35.38941" lon="-120.28449"><ele>604.0</ele></trkpt>
    <trkpt lat="35.38942" lon="-120.28455"><ele>604.0</ele></trkpt>
    <trkpt lat="35.38943" lon="-120.28462"><ele>604.0</ele></trkpt>
    <trkpt lat="35.38945" lon="-120.28469"><ele>604.0</ele></trkpt>
    <trkpt lat="35.38948" lon="-120.28473"><ele>604.0</ele></trkpt>
    <trkpt lat="35.38949" lon="-120.28476"><ele>604.0</ele></trkpt>
    <trkpt lat="35.38950" lon="-120.28483"><ele>604.0</ele></trkpt>
    <trkpt lat="35.38952" lon="-120.28491"><ele>604.0</ele></trkpt>
    <trkpt lat="35.38953" lon="-120.28499"><ele>604.0</ele></trkpt>
    <trkpt lat="35.38954" lon="-120.28505"><ele>604.0</ele></trkpt>
    <trkpt lat="35.38954" lon="-120.28511"><ele>627.0</ele></trkpt>
    <trkpt lat="35.38955" lon="-120.28514"><ele>627.0</ele></trkpt>
    <trkpt lat="35.38956" lon="-120.28522"><ele>627.0</ele></trkpt>
    <trkpt lat="35.38958" lon="-120.28530"><ele>627.0</ele></trkpt>
    <trkpt lat="35.38961" lon="-120.28537"><ele>627.0</ele></trkpt>
    <trkpt lat="35.38965" lon="-120.28543"><ele>627.0</ele></trkpt>
    <trkpt lat="35.38970" lon="-120.28548"><ele>627.0</ele></trkpt>
    <trkpt lat="35.38975" lon="-120.28551"><ele>627.0</ele></trkpt>
    <trkpt lat="35.38981" lon="-120.28554"><ele>627.0</ele></trkpt>
    <trkpt lat="35.38987" lon="-120.28556"><ele>627.0</ele></trkpt>
    <trkpt lat="35.38993" lon="-120.28557"><ele>627.0</ele></trkpt>
    <trkpt lat="35.38999" lon="-120.28558"><ele>627.0</ele></trkpt>
    <trkpt lat="35.39005" lon="-120.28557"><ele>627.0</ele></trkpt>
    <trkpt lat="35.39010" lon="-120.28556"><ele>627.0</ele></trkpt>
    <trkpt lat="35.39016" lon="-120.28553"><ele>627.0</ele></trkpt>
    <trkpt lat="35.39020" lon="-120.28551"><ele>627.0</ele></trkpt>
    <trkpt lat="35.39021" lon="-120.28551"><ele>627.0</ele></trkpt>
    <trkpt lat="35.39025" lon="-120.28550"><ele>627.0</ele></trkpt>
    <trkpt lat="35.39031" lon="-120.28549"><ele>627.0</ele></trkpt>
    <trkpt lat="35.39037" lon="-120.28550"><ele>627.0</ele></trkpt>
    <trkpt lat="35.39042" lon="-120.28551"><ele>627.0</ele></trkpt>
    <trkpt lat="35.39043" lon="-120.28551"><ele>627.0</ele></trkpt>
    <trkpt lat="35.39050" lon="-120.28555"><ele>627.0</ele></trkpt>
    <trkpt lat="35.39054" lon="-120.28558"><ele>627.0</ele></trkpt>
    <trkpt lat="35.39058" lon="-120.28561"><ele>623.0</ele></trkpt>
    <trkpt lat="35.39062" lon="-120.28565"><ele>623.0</ele></trkpt>
    <trkpt lat="35.39065" lon="-120.28569"><ele>623.0</ele></trkpt>
    <trkpt lat="35.39069" lon="-120.28575"><ele>623.0</ele></trkpt>
    <trkpt lat="35.39072" lon="-120.28580"><ele>623.0</ele></trkpt>
    <trkpt lat="35.39073" lon="-120.28584"><ele>623.0</ele></trkpt>
    <trkpt lat="35.39075" lon="-120.28588"><ele>623.0</ele></trkpt>
    <trkpt lat="35.39075" lon="-120.28589"><ele>623.0</ele></trkpt>
    <trkpt lat="35.39077" lon="-120.28593"><ele>623.0</ele></trkpt>
    <trkpt lat="35.39080" lon="-120.28598"><ele>623.0</ele></trkpt>
    <trkpt lat="35.39080" lon="-120.28599"><ele>623.0</ele></trkpt>
    <trkpt lat="35.39081" lon="-120.28601"><ele>623.0</ele></trkpt>
    <trkpt lat="35.39083" lon="-120.28606"><ele>623.0</ele></trkpt>
    <trkpt lat="35.39086" lon="-120.28611"><ele>623.0</ele></trkpt>
    <trkpt lat="35.39089" lon="-120.28617"><ele>623.0</ele></trkpt>
    <trkpt lat="35.39093" lon="-120.28623"><ele>623.0</ele></trkpt>
    <trkpt lat="35.39099" lon="-120.28631"><ele>623.0</ele></trkpt>
    <trkpt lat="35.38639" lon="-120.28225"><ele>623.0</ele></trkpt>
    <trkpt lat="35.38641" lon="-120.28219"><ele>623.0</ele></trkpt>
    <trkpt lat="35.38643" lon="-120.28213"><ele>623.0</ele></trkpt>
    <trkpt lat="35.38649" lon="-120.28206"><ele>623.0</ele></trkpt>
    <trkpt lat="35.38656" lon="-120.28196"><ele>623.0</ele></trkpt>
    <trkpt lat="35.38664" lon="-120.28185"><ele>623.0</ele></trkpt>
    <trkpt lat="35.38673" lon="-120.28174"><ele>623.0</ele></trkpt>
    <trkpt lat="35.38680" lon="-120.28161"><ele>623.0</ele></trkpt>
    <trkpt lat="35.38689" lon="-120.28149"><ele>608.0</ele></trkpt>
    <trkpt lat="35.38699" lon="-120.28141"><ele>608.0</ele></trkpt>
    <trkpt lat="35.38710" lon="-120.28136"><ele>608.0</ele></trkpt>
    <trkpt lat="35.38720" lon="-120.28130"><ele>608.0</ele></trkpt>
    <trkpt lat="35.38731" lon="-120.28124"><ele>608.0</ele></trkpt>
    <trkpt lat="35.38741" lon="-120.28119"><ele>608.0</ele></trkpt>
    <trkpt lat="35.38756" lon="-120.28111"><ele>608.0</ele></trkpt>
    <trkpt lat="35.38765" lon="-120.28107"><ele>608.0</ele></trkpt>
    <trkpt lat="35.38776" lon="-120.28103"><ele>608.0</ele></trkpt>
    <trkpt lat="35.38786" lon="-120.28097"><ele>608.0</ele></trkpt>
    <trkpt lat="35.38805" lon="-120.28079"><ele>608.0</ele></trkpt>
    <trkpt lat="35.38816" lon="-120.28070"><ele>608.0</ele></trkpt>
    <trkpt lat="35.38829" lon="-120.28062"><ele>608.0</ele></trkpt>
    <trkpt lat="35.38838" lon="-120.28058"><ele>608.0</ele></trkpt>
    <trkpt lat="35.38839" lon="-120.28057"><ele>608.0</ele></trkpt>
    <trkpt lat="35.38847" lon="-120.28054"><ele>608.0</ele></trkpt>
    <trkpt lat="35.38863" lon="-120.28049"><ele>608.0</ele></trkpt>
    <trkpt lat="35.38878" lon="-120.28047"><ele>608.0</ele></trkpt>
    <trkpt lat="35.38895" lon="-120.28047"><ele>608.0</ele></trkpt>
    <trkpt lat="35.38908" lon="-120.28050"><ele>608.0</ele></trkpt>
    <trkpt lat="35.38916" lon="-120.28052"><ele>608.0</ele></trkpt>
    <trkpt lat="35.38920" lon="-120.28055"><ele>608.0</ele></trkpt>
    <trkpt lat="35.38925" lon="-120.28057"><ele>608.0</ele></trkpt>
    <trkpt lat="35.38930" lon="-120.28060"><ele>608.0</ele></trkpt>
    <trkpt lat="35.38935" lon="-120.28061"><ele>608.0</ele></trkpt>
    <trkpt lat="35.38940" lon="-120.28062"><ele>589.0</ele></trkpt>
    <trkpt lat="35.38942" lon="-120.28063"><ele>589.0</ele></trkpt>
    <trkpt lat="35.38946" lon="-120.28064"><ele>589.0</ele></trkpt>
    <trkpt lat="35.38951" lon="-120.28066"><ele>589.0</ele></trkpt>
    <trkpt lat="35.38954" lon="-120.28066"><ele>589.0</ele></trkpt>
    <trkpt lat="35.38958" lon="-120.28065"><ele>589.0</ele></trkpt>
    <trkpt lat="35.38960" lon="-120.28064"><ele>589.0</ele></trkpt>
    <trkpt lat="35.38963" lon="-120.28063"><ele>589.0</ele></trkpt>
    <trkpt lat="35.38965" lon="-120.28062"><ele>589.0</ele></trkpt>
    <trkpt lat="35.38968" lon="-120.28061"><ele>589.0</ele></trkpt>
    <trkpt lat="35.38971" lon="-120.28060"><ele>589.0</ele></trkpt>
    <trkpt lat="35.38975" lon="-120.28058"><ele>589.0</ele></trkpt>
    <trkpt lat="35.38981" lon="-120.28056"><ele>589.0</ele></trkpt>
    <trkpt lat="35.38986" lon="-120.28054"><ele>589.0</ele></trkpt>
    <trkpt lat="35.38988" lon="-120.28052"><ele>589.0</ele></trkpt>
    <trkpt lat="35.38990" lon="-120.28051"><ele>589.0</ele></trkpt>
    <trkpt lat="35.38995" lon="-120.28046"><ele>589.0</ele></trkpt>
    <trkpt lat="35.39001" lon="-120.28041"><ele>589.0</ele></trkpt>
    <trkpt lat="35.39007" lon="-120.28038"><ele>589.0</ele></trkpt>
    <trkpt lat="35.39013" lon="-120.28036"><ele>589.0</ele></trkpt>
    <trkpt lat="35.39019" lon="-120.28036"><ele>589.0</ele></trkpt>
    <trkpt lat="35.39026" lon="-120.28037"><ele>589.0</ele></trkpt>
    <trkpt lat="35.39031" lon="-120.28037"><ele>589.0</ele></trkpt>
    <trkpt lat="35.39037" lon="-120.28039"><ele>589.0</ele></trkpt>
    <trkpt lat="35.39043" lon="-120.28038"><ele>589.0</ele></trkpt>
    <trkpt lat="35.39051" lon="-120.28036"><ele>580.0</ele></trkpt>
    <trkpt lat="35.39056" lon="-120.28034"><ele>580.0</ele></trkpt>
    <trkpt lat="35.39065" lon="-120.28037"><ele>580.0</ele></trkpt>
    <trkpt lat="35.39070" lon="-120.28039"><ele>580.0</ele></trkpt>
    <trkpt lat="35.39073" lon="-120.28045"><ele>580.0</ele></trkpt>
    <trkpt lat="35.39076" lon="-120.28049"><ele>580.0</ele></trkpt>
    <trkpt lat="35.39086" lon="-120.28050"><ele>580.0</ele></trkpt>
    <trkpt lat="35.39094" lon="-120.28046"><ele>580.0</ele></trkpt>
    <trkpt lat="35.39101" lon="-120.28039"><ele>580.0</ele></trkpt>
    <trkpt lat="35.39106" lon="-120.28033"><ele>580.0</ele></trkpt>
    <trkpt lat="35.39111" lon="-120.28027"><ele>580.0</ele></trkpt>
    <trkpt lat="35.39118" lon="-120.28019"><ele>580.0</ele></trkpt>
    <trkpt lat="35.39124" lon="-120.28017"><ele>580.0</ele></trkpt>
    <trkpt lat="35.39134" lon="-120.28014"><ele>580.0</ele></trkpt>
    <trkpt lat="35.39141" lon="-120.28010"><ele>580.0</ele></trkpt>
    <trkpt lat="35.39146" lon="-120.28001"><ele>580.0</ele></trkpt>
    <trkpt lat="35.39154" lon="-120.27989"><ele>580.0</ele></trkpt>
    <trkpt lat="35.39161" lon="-120.27983"><ele>580.0</ele></trkpt>
    <trkpt lat="35.39169" lon="-120.27979"><ele>580.0</ele></trkpt>
    <trkpt lat="35.39174" lon="-120.27973"><ele>580.0</ele></trkpt>
    <trkpt lat="35.39182" lon="-120.27966"><ele>580.0</ele></trkpt>
    <trkpt lat="35.39188" lon="-120.27959"><ele>580.0</ele></trkpt>
    <trkpt lat="35.39194" lon="-120.27952"><ele>580.0</ele></trkpt>
    <trkpt lat="35.39202" lon="-120.27946"><ele>580.0</ele></trkpt>
    <trkpt lat="35.39209" lon="-120.27930"><ele>552.0</ele></trkpt>
    <trkpt lat="35.39217" lon="-120.27911"><ele>552.0</ele></trkpt>
    <trkpt lat="35.39223" lon="-120.27891"><ele>552.0</ele></trkpt>
    <trkpt lat="35.39227" lon="-120.27875"><ele>552.0</ele></trkpt>
    <trkpt lat="35.39233" lon="-120.27859"><ele>552.0</ele></trkpt>
    <trkpt lat="35.39238" lon="-120.27850"><ele>552.0</ele></trkpt>
    <trkpt lat="35.39239" lon="-120.27846"><ele>552.0</ele></trkpt>
    <trkpt lat="35.39240" lon="-120.27840"><ele>552.0</ele></trkpt>
    <trkpt lat="35.39244" lon="-120.27828"><ele>552.0</ele></trkpt>
    <trkpt lat="35.39244" lon="-120.27820"><ele>552.0</ele></trkpt>
    <trkpt lat="35.39240" lon="-120.27813"><ele>552.0</ele></trkpt>
    <trkpt lat="35.39238" lon="-120.27805"><ele>552.0</ele></trkpt>
    <trkpt lat="35.39235" lon="-120.27796"><ele>552.0</ele></trkpt>
    <trkpt lat="35.38287" lon="-120.28106"><ele>552.0</ele></trkpt>
    <trkpt lat="35.38286" lon="-120.28107"><ele>552.0</ele></trkpt>
    <trkpt lat="35.38282" lon="-120.28109"><ele>552.0</ele></trkpt>
    <trkpt lat="35.38277" lon="-120.28108"><ele>552.0</ele></trkpt>
    <trkpt lat="35.38271" lon="-120.28109"><ele>552.0</ele></trkpt>
    <trkpt lat="35.38267" lon="-120.28111"><ele>552.0</ele></trkpt>
    <trkpt lat="35.38262" lon="-120.28114"><ele>552.0</ele></trkpt>
    <trkpt lat="35.38258" lon="-120.28115"><ele>552.0</ele></trkpt>
    <trkpt lat="35.38253" lon="-120.28117"><ele>552.0</ele></trkpt>
    <trkpt lat="35.38249" lon="-120.28119"><ele>552.0</ele></trkpt>
    <trkpt lat="35.38245" lon="-120.28121"><ele>552.0</ele></trkpt>
    <trkpt lat="35.38242" lon="-120.28122"><ele>552.0</ele></trkpt>
    <trkpt lat="35.38238" lon="-120.28123"><ele>574.0</ele></trkpt>
    <trkpt lat="35.38236" lon="-120.28125"><ele>574.0</ele></trkpt>
    <trkpt lat="35.38231" lon="-120.28129"><ele>574.0</ele></trkpt>
    <trkpt lat="35.38225" lon="-120.28133"><ele>574.0</ele></trkpt>
    <trkpt lat="35.38219" lon="-120.28136"><ele>574.0</ele></trkpt>
    <trkpt lat="35.38215" lon="-120.28138"><ele>574.0</ele></trkpt>
    <trkpt lat="35.38210" lon="-120.28139"><ele>574.0</ele></trkpt>
    <trkpt lat="35.38205" lon="-120.28140"><ele>574.0</ele></trkpt>
    <trkpt lat="35.38200" lon="-120.28142"><ele>574.0</ele></trkpt>
    <trkpt lat="35.38193" lon="-120.28144"><ele>574.0</ele></trkpt>
    <trkpt lat="35.38190" lon="-120.28146"><ele>574.0</ele></trkpt>
    <trkpt lat="35.38185" lon="-120.28149"><ele>574.0</ele></trkpt>
    <trkpt lat="35.38181" lon="-120.28153"><ele>574.0</ele></trkpt>
    <trkpt lat="35.38177" lon="-120.28157"><ele>574.0</ele></trkpt>
    <trkpt lat="35.38174" lon="-120.28163"><ele>574.0</ele></trkpt>
    <trkpt lat="35.38169" lon="-120.28166"><ele>574.0</ele></trkpt>
    <trkpt lat="35.38162" lon="-120.28172"><ele>574.0</ele></trkpt>
    <trkpt lat="35.38159" lon="-120.28175"><ele>574.0</ele></trkpt>
    <trkpt lat="35.38157" lon="-120.28178"><ele>574.0</ele></trkpt>
    <trkpt lat="35.38153" lon="-120.28181"><ele>574.0</ele></trkpt>
    <trkpt lat="35.38149" lon="-120.28184"><ele>574.0</ele></trkpt>
    <trkpt lat="35.38149" lon="-120.28185"><ele>574.0</ele></trkpt>
    <trkpt lat="35.38145" lon="-120.28188"><ele>574.0</ele></trkpt>
    <trkpt lat="35.38140" lon="-120.28190"><ele>574.0</ele></trkpt>
    <trkpt lat="35.38135" lon="-120.28191"><ele>574.0</ele></trkpt>
    <trkpt lat="35.38130" lon="-120.28193"><ele>574.0</ele></trkpt>
    <trkpt lat="35.38125" lon="-120.28195"><ele>574.0</ele></trkpt>
    <trkpt lat="35.38122" lon="-120.28199"><ele>574.0</ele></trkpt>
    <trkpt lat="35.38118" lon="-120.28203"><ele>574.0</ele></trkpt>
    <trkpt lat="35.38114" lon="-120.28209"><ele>574.0</ele></trkpt>
    <trkpt lat="35.38112" lon="-120.28211"><ele>574.0</ele></trkpt>
    <trkpt lat="35.38110" lon="-120.28214"><ele>574.0</ele></trkpt>
    <trkpt lat="35.38107" lon="-120.28216"><ele>574.0</ele></trkpt>
    <trkpt lat="35.38105" lon="-120.28218"><ele>574.0</ele></trkpt>
    <trkpt lat="35.38104" lon="-120.28220"><ele>574.0</ele></trkpt>
    <trkpt lat="35.38103" lon="-120.28221"><ele>574.0</ele></trkpt>
    <trkpt lat="35.38103" lon="-120.28221"><ele>574.0</ele></trkpt>
    <trkpt lat="35.38100" lon="-120.28224"><ele>574.0</ele></trkpt>
    <trkpt lat="35.38098" lon="-120.28228"><ele>574.0</ele></trkpt>
    <trkpt lat="35.38095" lon="-120.28232"><ele>574.0</ele></trkpt>
    <trkpt lat="35.38092" lon="-120.28236"><ele>574.0</ele></trkpt>
    <trkpt lat="35.38089" lon="-120.28240"><ele>574.0</ele></trkpt>
    <trkpt lat="35.38085" lon="-120.28245"><ele>574.0</ele></trkpt>
    <trkpt lat="35.38081" lon="-120.28249"><ele>574.0</ele></trkpt>
    <trkpt lat="35.38077" lon="-120.28253"><ele>574.0</ele></trkpt>
    <trkpt lat="35.38073" lon="-120.28255"><ele>574.0</ele></trkpt>
    <trkpt lat="35.38069" lon="-120.28256"><ele>574.0</ele></trkpt>
    <trkpt lat="35.38065" lon="-120.28255"><ele>574.0</ele></trkpt>
    <trkpt lat="35.38060" lon="-120.28254"><ele>574.0</ele></trkpt>
    <trkpt lat="35.38055" lon="-120.28252"><ele>570.0</ele></trkpt>
    <trkpt lat="35.38051" lon="-120.28252"><ele>570.0</ele></trkpt>
    <trkpt lat="35.38047" lon="-120.28252"><ele>570.0</ele></trkpt>
    <trkpt lat="35.38045" lon="-120.28251"><ele>570.0</ele></trkpt>
    <trkpt lat="35.38044" lon="-120.28252"><ele>570.0</ele></trkpt>
    <trkpt lat="35.38040" lon="-120.28253"><ele>570.0</ele></trkpt>
    <trkpt lat="35.38037" lon="-120.28255"><ele>570.0</ele></trkpt>
    <trkpt lat="35.38032" lon="-120.28258"><ele>570.0</ele></trkpt>
    <trkpt lat="35.38027" lon="-120.28260"><ele>570.0</ele></trkpt>
    <trkpt lat="35.38022" lon="-120.28264"><ele>570.0</ele></trkpt>
    <trkpt lat="35.38018" lon="-120.28268"><ele>570.0</ele></trkpt>
    <trkpt lat="35.38016" lon="-120.28270"><ele>570.0</ele></trkpt>
    <trkpt lat="35.38014" lon="-120.28273"><ele>570.0</ele></trkpt>
  </trkseg></trk>
</gpx>
