<?xml version="1.0" encoding="UTF-8"?>
<gpx version="1.1" creator="dirt-bikes build-loop-gpx (composite of existing route GPX)" xmlns="http://www.topografix.com/GPX/1/1">
  <metadata><name>Santa Barbara: Camuesa Backcountry Traverse</name></metadata>
  <trk><name>East Camino Cielo (OHV segment)</name><trkseg>
    <trkpt lat="34.47963" lon="-119.43876"><ele>1385.0</ele></trkpt>
    <trkpt lat="34.47946" lon="-119.43912"><ele>1385.0</ele></trkpt>
    <trkpt lat="34.47917" lon="-119.43990"><ele>1385.0</ele></trkpt>
    <trkpt lat="34.47905" lon="-119.44031"><ele>1385.0</ele></trkpt>
    <trkpt lat="34.47889" lon="-119.44102"><ele>1385.0</ele></trkpt>
    <trkpt lat="34.47871" lon="-119.44159"><ele>1369.0</ele></trkpt>
    <trkpt lat="34.47859" lon="-119.44185"><ele>1369.0</ele></trkpt>
    <trkpt lat="34.47844" lon="-119.44206"><ele>1369.0</ele></trkpt>
    <trkpt lat="34.47827" lon="-119.44220"><ele>1369.0</ele></trkpt>
    <trkpt lat="34.47819" lon="-119.44228"><ele>1369.0</ele></trkpt>
    <trkpt lat="34.47807" lon="-119.44239"><ele>1369.0</ele></trkpt>
    <trkpt lat="34.47796" lon="-119.44256"><ele>1369.0</ele></trkpt>
    <trkpt lat="34.47788" lon="-119.44282"><ele>1401.0</ele></trkpt>
    <trkpt lat="34.47772" lon="-119.44328"><ele>1401.0</ele></trkpt>
    <trkpt lat="34.47762" lon="-119.44347"><ele>1401.0</ele></trkpt>
    <trkpt lat="34.47751" lon="-119.44368"><ele>1401.0</ele></trkpt>
    <trkpt lat="34.47741" lon="-119.44392"><ele>1401.0</ele></trkpt>
    <trkpt lat="34.47737" lon="-119.44434"><ele>1401.0</ele></trkpt>
    <trkpt lat="34.47735" lon="-119.44472"><ele>1401.0</ele></trkpt>
    <trkpt lat="34.47730" lon="-119.44490"><ele>1401.0</ele></trkpt>
    <trkpt lat="34.47715" lon="-119.44504"><ele>1403.0</ele></trkpt>
    <trkpt lat="34.47656" lon="-119.44514"><ele>1403.0</ele></trkpt>
    <trkpt lat="34.47620" lon="-119.44524"><ele>1403.0</ele></trkpt>
    <trkpt lat="34.47605" lon="-119.44530"><ele>1403.0</ele></trkpt>
    <trkpt lat="34.47593" lon="-119.44559"><ele>1403.0</ele></trkpt>
    <trkpt lat="34.47583" lon="-119.44603"><ele>1403.0</ele></trkpt>
    <trkpt lat="34.47581" lon="-119.44618"><ele>1403.0</ele></trkpt>
    <trkpt lat="34.47572" lon="-119.44652"><ele>1403.0</ele></trkpt>
    <trkpt lat="34.47565" lon="-119.44683"><ele>1387.0</ele></trkpt>
    <trkpt lat="34.47563" lon="-119.44701"><ele>1387.0</ele></trkpt>
    <trkpt lat="34.47560" lon="-119.44725"><ele>1387.0</ele></trkpt>
    <trkpt lat="34.47569" lon="-119.44761"><ele>1387.0</ele></trkpt>
    <trkpt lat="34.47592" lon="-119.44816"><ele>1387.0</ele></trkpt>
    <trkpt lat="34.47622" lon="-119.44898"><ele>1387.0</ele></trkpt>
    <trkpt lat="34.47632" lon="-119.44947"><ele>1387.0</ele></trkpt>
    <trkpt lat="34.47630" lon="-119.44981"><ele>1356.0</ele></trkpt>
    <trkpt lat="34.47623" lon="-119.45009"><ele>1356.0</ele></trkpt>
    <trkpt lat="34.47617" lon="-119.45048"><ele>1356.0</ele></trkpt>
    <trkpt lat="34.47621" lon="-119.45099"><ele>1356.0</ele></trkpt>
    <trkpt lat="34.47639" lon="-119.45238"><ele>1356.0</ele></trkpt>
    <trkpt lat="34.47658" lon="-119.45353"><ele>1356.0</ele></trkpt>
    <trkpt lat="34.47681" lon="-119.45469"><ele>1356.0</ele></trkpt>
    <trkpt lat="34.47688" lon="-119.45479"><ele>1356.0</ele></trkpt>
    <trkpt lat="34.47696" lon="-119.45490"><ele>1326.0</ele></trkpt>
    <trkpt lat="34.47706" lon="-119.45500"><ele>1326.0</ele></trkpt>
    <trkpt lat="34.47716" lon="-119.45509"><ele>1326.0</ele></trkpt>
    <trkpt lat="34.47720" lon="-119.45520"><ele>1326.0</ele></trkpt>
    <trkpt lat="34.47716" lon="-119.45526"><ele>1326.0</ele></trkpt>
    <trkpt lat="34.47705" lon="-119.45534"><ele>1326.0</ele></trkpt>
    <trkpt lat="34.47694" lon="-119.45537"><ele>1326.0</ele></trkpt>
    <trkpt lat="34.47680" lon="-119.45536"><ele>1326.0</ele></trkpt>
    <trkpt lat="34.47645" lon="-119.45506"><ele>1311.0</ele></trkpt>
    <trkpt lat="34.47637" lon="-119.45507"><ele>1311.0</ele></trkpt>
    <trkpt lat="34.47634" lon="-119.45511"><ele>1311.0</ele></trkpt>
    <trkpt lat="34.47633" lon="-119.45521"><ele>1311.0</ele></trkpt>
    <trkpt lat="34.47637" lon="-119.45546"><ele>1311.0</ele></trkpt>
    <trkpt lat="34.47649" lon="-119.45595"><ele>1311.0</ele></trkpt>
    <trkpt lat="34.47673" lon="-119.45678"><ele>1311.0</ele></trkpt>
    <trkpt lat="34.47680" lon="-119.45722"><ele>1267.0</ele></trkpt>
    <trkpt lat="34.47684" lon="-119.45776"><ele>1267.0</ele></trkpt>
    <trkpt lat="34.47675" lon="-119.45827"><ele>1267.0</ele></trkpt>
    <trkpt lat="34.47654" lon="-119.45908"><ele>1267.0</ele></trkpt>
    <trkpt lat="34.47627" lon="-119.45976"><ele>1267.0</ele></trkpt>
    <trkpt lat="34.47595" lon="-119.46037"><ele>1267.0</ele></trkpt>
    <trkpt lat="34.47582" lon="-119.46073"><ele>1267.0</ele></trkpt>
    <trkpt lat="34.47571" lon="-119.46121"><ele>1267.0</ele></trkpt>
    <trkpt lat="34.47556" lon="-119.46178"><ele>1284.0</ele></trkpt>
    <trkpt lat="34.47546" lon="-119.46215"><ele>1284.0</ele></trkpt>
    <trkpt lat="34.47544" lon="-119.46238"><ele>1284.0</ele></trkpt>
    <trkpt lat="34.47547" lon="-119.46272"><ele>1284.0</ele></trkpt>
    <trkpt lat="34.47544" lon="-119.46344"><ele>1284.0</ele></trkpt>
    <trkpt lat="34.47539" lon="-119.46395"><ele>1284.0</ele></trkpt>
    <trkpt lat="34.47524" lon="-119.46451"><ele>1284.0</ele></trkpt>
    <trkpt lat="34.47496" lon="-119.46525"><ele>1284.0</ele></trkpt>
    <trkpt lat="34.47475" lon="-119.46612"><ele>1247.0</ele></trkpt>
    <trkpt lat="34.47462" lon="-119.46663"><ele>1247.0</ele></trkpt>
    <trkpt lat="34.47447" lon="-119.46716"><ele>1247.0</ele></trkpt>
    <trkpt lat="34.47440" lon="-119.46767"><ele>1247.0</ele></trkpt>
    <trkpt lat="34.47429" lon="-119.46810"><ele>1247.0</ele></trkpt>
    <trkpt lat="34.47420" lon="-119.46832"><ele>1247.0</ele></trkpt>
    <trkpt lat="34.47410" lon="-119.46853"><ele>1247.0</ele></trkpt>
    <trkpt lat="34.47404" lon="-119.46876"><ele>1253.0</ele></trkpt>
    <trkpt lat="34.47396" lon="-119.46901"><ele>1253.0</ele></trkpt>
    <trkpt lat="34.47394" lon="-119.46957"><ele>1253.0</ele></trkpt>
    <trkpt lat="34.47389" lon="-119.47025"><ele>1253.0</ele></trkpt>
    <trkpt lat="34.47374" lon="-119.47087"><ele>1253.0</ele></trkpt>
    <trkpt lat="34.47351" lon="-119.47157"><ele>1253.0</ele></trkpt>
    <trkpt lat="34.47341" lon="-119.47170"><ele>1253.0</ele></trkpt>
    <trkpt lat="34.47331" lon="-119.47180"><ele>1253.0</ele></trkpt>
    <trkpt lat="34.47319" lon="-119.47189"><ele>1253.0</ele></trkpt>
    <trkpt lat="34.47298" lon="-119.47199"><ele>1253.0</ele></trkpt>
    <trkpt lat="34.47266" lon="-119.47223"><ele>1253.0</ele></trkpt>
    <trkpt lat="34.47222" lon="-119.47253"><ele>1253.0</ele></trkpt>
    <trkpt lat="34.47182" lon="-119.47267"><ele>1253.0</ele></trkpt>
    <trkpt lat="34.47145" lon="-119.47276"><ele>1253.0</ele></trkpt>
    <trkpt lat="34.47112" lon="-119.47286"><ele>1253.0</ele></trkpt>
    <trkpt lat="34.47097" lon="-119.47296"><ele>1253.0</ele></trkpt>
    <trkpt lat="34.47083" lon="-119.47309"><ele>1217.0</ele></trkpt>
    <trkpt lat="34.47058" lon="-119.47332"><ele>1217.0</ele></trkpt>
    <trkpt lat="34.47042" lon="-119.47343"><ele>1217.0</ele></trkpt>
    <trkpt lat="34.47024" lon="-119.47348"><ele>1217.0</ele></trkpt>
    <trkpt lat="34.46999" lon="-119.47360"><ele>1217.0</ele></trkpt>
    <trkpt lat="34.46975" lon="-119.47385"><ele>1217.0</ele></trkpt>
    <trkpt lat="34.46954" lon="-119.47427"><ele>1217.0</ele></trkpt>
    <trkpt lat="34.46944" lon="-119.47450"><ele>1209.0</ele></trkpt>
    <trkpt lat="34.46944" lon="-119.47470"><ele>1209.0</ele></trkpt>
    <trkpt lat="34.46948" lon="-119.47493"><ele>1209.0</ele></trkpt>
    <trkpt lat="34.46953" lon="-119.47512"><ele>1209.0</ele></trkpt>
    <trkpt lat="34.46966" lon="-119.47532"><ele>1209.0</ele></trkpt>
    <trkpt lat="34.46988" lon="-119.47548"><ele>1209.0</ele></trkpt>
    <trkpt lat="34.47004" lon="-119.47565"><ele>1209.0</ele></trkpt>
    <trkpt lat="34.47022" lon="-119.47606"><ele>1209.0</ele></trkpt>
    <trkpt lat="34.47047" lon="-119.47681"><ele>1177.0</ele></trkpt>
    <trkpt lat="34.47055" lon="-119.47715"><ele>1177.0</ele></trkpt>
    <trkpt lat="34.47072" lon="-119.47737"><ele>1177.0</ele></trkpt>
    <trkpt lat="34.47089" lon="-119.47766"><ele>1177.0</ele></trkpt>
    <trkpt lat="34.47109" lon="-119.47821"><ele>1177.0</ele></trkpt>
    <trkpt lat="34.47145" lon="-119.47888"><ele>1177.0</ele></trkpt>
    <trkpt lat="34.47168" lon="-119.47954"><ele>1177.0</ele></trkpt>
    <trkpt lat="34.47167" lon="-119.47985"><ele>1177.0</ele></trkpt>
    <trkpt lat="34.47158" lon="-119.48030"><ele>1140.0</ele></trkpt>
    <trkpt lat="34.47158" lon="-119.48056"><ele>1140.0</ele></trkpt>
    <trkpt lat="34.47161" lon="-119.48108"><ele>1140.0</ele></trkpt>
    <trkpt lat="34.47169" lon="-119.48183"><ele>1140.0</ele></trkpt>
    <trkpt lat="34.47162" lon="-119.48208"><ele>1140.0</ele></trkpt>
    <trkpt lat="34.47158" lon="-119.48226"><ele>1140.0</ele></trkpt>
    <trkpt lat="34.47154" lon="-119.48254"><ele>1140.0</ele></trkpt>
    <trkpt lat="34.47148" lon="-119.48267"><ele>1131.0</ele></trkpt>
    <trkpt lat="34.47134" lon="-119.48278"><ele>1131.0</ele></trkpt>
    <trkpt lat="34.47108" lon="-119.48296"><ele>1131.0</ele></trkpt>
    <trkpt lat="34.47088" lon="-119.48322"><ele>1131.0</ele></trkpt>
    <trkpt lat="34.47071" lon="-119.48361"><ele>1131.0</ele></trkpt>
    <trkpt lat="34.47065" lon="-119.48372"><ele>1131.0</ele></trkpt>
    <trkpt lat="34.47059" lon="-119.48377"><ele>1131.0</ele></trkpt>
    <trkpt lat="34.47024" lon="-119.48391"><ele>1131.0</ele></trkpt>
    <trkpt lat="34.47001" lon="-119.48413"><ele>1109.0</ele></trkpt>
    <trkpt lat="34.46990" lon="-119.48435"><ele>1109.0</ele></trkpt>
    <trkpt lat="34.46978" lon="-119.48449"><ele>1109.0</ele></trkpt>
    <trkpt lat="34.46965" lon="-119.48457"><ele>1109.0</ele></trkpt>
    <trkpt lat="34.46927" lon="-119.48464"><ele>1109.0</ele></trkpt>
    <trkpt lat="34.46913" lon="-119.48476"><ele>1109.0</ele></trkpt>
    <trkpt lat="34.46906" lon="-119.48492"><ele>1109.0</ele></trkpt>
    <trkpt lat="34.46892" lon="-119.48543"><ele>1109.0</ele></trkpt>
    <trkpt lat="34.46889" lon="-119.48546"><ele>1081.0</ele></trkpt>
    <trkpt lat="34.46879" lon="-119.48547"><ele>1081.0</ele></trkpt>
    <trkpt lat="34.46871" lon="-119.48531"><ele>1081.0</ele></trkpt>
    <trkpt lat="34.46848" lon="-119.48513"><ele>1081.0</ele></trkpt>
    <trkpt lat="34.46788" lon="-119.48498"><ele>1081.0</ele></trkpt>
    <trkpt lat="34.46734" lon="-119.48491"><ele>1081.0</ele></trkpt>
    <trkpt lat="34.46696" lon="-119.48493"><ele>1081.0</ele></trkpt>
    <trkpt lat="34.46685" lon="-119.48496"><ele>1089.0</ele></trkpt>
    <trkpt lat="34.46679" lon="-119.48505"><ele>1089.0</ele></trkpt>
    <trkpt lat="34.46673" lon="-119.48528"><ele>1089.0</ele></trkpt>
    <trkpt lat="34.46668" lon="-119.48534"><ele>1089.0</ele></trkpt>
    <trkpt lat="34.46656" lon="-119.48541"><ele>1089.0</ele></trkpt>
    <trkpt lat="34.46649" lon="-119.48558"><ele>1089.0</ele></trkpt>
    <trkpt lat="34.46641" lon="-119.48603"><ele>1089.0</ele></trkpt>
    <trkpt lat="34.46624" lon="-119.48693"><ele>1089.0</ele></trkpt>
    <trkpt lat="34.46611" lon="-119.48725"><ele>1096.0</ele></trkpt>
    <trkpt lat="34.46604" lon="-119.48746"><ele>1096.0</ele></trkpt>
    <trkpt lat="34.46592" lon="-119.48766"><ele>1096.0</ele></trkpt>
    <trkpt lat="34.46592" lon="-119.48784"><ele>1096.0</ele></trkpt>
    <trkpt lat="34.46610" lon="-119.48864"><ele>1096.0</ele></trkpt>
    <trkpt lat="34.46615" lon="-119.48872"><ele>1096.0</ele></trkpt>
    <trkpt lat="34.46627" lon="-119.48881"><ele>1096.0</ele></trkpt>
    <trkpt lat="34.46669" lon="-119.48900"><ele>1096.0</ele></trkpt>
    <trkpt lat="34.46675" lon="-119.48910"><ele>1081.0</ele></trkpt>
    <trkpt lat="34.46676" lon="-119.48931"><ele>1081.0</ele></trkpt>
    <trkpt lat="34.46666" lon="-119.48980"><ele>1081.0</ele></trkpt>
    <trkpt lat="34.46644" lon="-119.49051"><ele>1081.0</ele></trkpt>
    <trkpt lat="34.46636" lon="-119.49101"><ele>1081.0</ele></trkpt>
    <trkpt lat="34.46631" lon="-119.49118"><ele>1081.0</ele></trkpt>
    <trkpt lat="34.46634" lon="-119.49150"><ele>1081.0</ele></trkpt>
    <trkpt lat="34.46649" lon="-119.49211"><ele>1081.0</ele></trkpt>
    <trkpt lat="34.46648" lon="-119.49231"><ele>1111.0</ele></trkpt>
    <trkpt lat="34.46632" lon="-119.49286"><ele>1111.0</ele></trkpt>
    <trkpt lat="34.46615" lon="-119.49315"><ele>1111.0</ele></trkpt>
    <trkpt lat="34.46606" lon="-119.49320"><ele>1111.0</ele></trkpt>
    <trkpt lat="34.46597" lon="-119.49322"><ele>1111.0</ele></trkpt>
    <trkpt lat="34.46589" lon="-119.49324"><ele>1111.0</ele></trkpt>
    <trkpt lat="34.46586" lon="-119.49337"><ele>1111.0</ele></trkpt>
    <trkpt lat="34.46581" lon="-119.49365"><ele>1121.0</ele></trkpt>
    <trkpt lat="34.46579" lon="-119.49420"><ele>1121.0</ele></trkpt>
    <trkpt lat="34.46576" lon="-119.49430"><ele>1121.0</ele></trkpt>
    <trkpt lat="34.46563" lon="-119.49445"><ele>1121.0</ele></trkpt>
    <trkpt lat="34.46559" lon="-119.49456"><ele>1121.0</ele></trkpt>
    <trkpt lat="34.46558" lon="-119.49468"><ele>1121.0</ele></trkpt>
    <trkpt lat="34.46555" lon="-119.49512"><ele>1121.0</ele></trkpt>
    <trkpt lat="34.46546" lon="-119.49593"><ele>1121.0</ele></trkpt>
    <trkpt lat="34.46545" lon="-119.49628"><ele>1141.0</ele></trkpt>
    <trkpt lat="34.46553" lon="-119.49652"><ele>1141.0</ele></trkpt>
    <trkpt lat="34.46558" lon="-119.49664"><ele>1141.0</ele></trkpt>
    <trkpt lat="34.46567" lon="-119.49676"><ele>1141.0</ele></trkpt>
    <trkpt lat="34.46574" lon="-119.49690"><ele>1141.0</ele></trkpt>
    <trkpt lat="34.46574" lon="-119.49703"><ele>1141.0</ele></trkpt>
    <trkpt lat="34.46571" lon="-119.49717"><ele>1141.0</ele></trkpt>
    <trkpt lat="34.46562" lon="-119.49751"><ele>1141.0</ele></trkpt>
    <trkpt lat="34.46556" lon="-119.49839"><ele>1151.0</ele></trkpt>
    <trkpt lat="34.46552" lon="-119.49853"><ele>1151.0</ele></trkpt>
    <trkpt lat="34.46537" lon="-119.49905"><ele>1151.0</ele></trkpt>
    <trkpt lat="34.46528" lon="-119.49929"><ele>1151.0</ele></trkpt>
    <trkpt lat="34.46516" lon="-119.49962"><ele>1151.0</ele></trkpt>
    <trkpt lat="34.46514" lon="-119.50002"><ele>1151.0</ele></trkpt>
    <trkpt lat="34.46521" lon="-119.50034"><ele>1151.0</ele></trkpt>
    <trkpt lat="34.46527" lon="-119.50049"><ele>1137.0</ele></trkpt>
    <trkpt lat="34.46538" lon="-119.50057"><ele>1137.0</ele></trkpt>
    <trkpt lat="34.46553" lon="-119.50065"><ele>1137.0</ele></trkpt>
    <trkpt lat="34.46576" lon="-119.50075"><ele>1137.0</ele></trkpt>
    <trkpt lat="34.46580" lon="-119.50079"><ele>1137.0</ele></trkpt>
    <trkpt lat="34.46595" lon="-119.50098"><ele>1137.0</ele></trkpt>
    <trkpt lat="34.46607" lon="-119.50119"><ele>1137.0</ele></trkpt>
    <trkpt lat="34.46624" lon="-119.50150"><ele>1137.0</ele></trkpt>
    <trkpt lat="34.46633" lon="-119.50169"><ele>1126.0</ele></trkpt>
    <trkpt lat="34.46642" lon="-119.50197"><ele>1126.0</ele></trkpt>
    <trkpt lat="34.46644" lon="-119.50212"><ele>1126.0</ele></trkpt>
    <trkpt lat="34.46644" lon="-119.50219"><ele>1126.0</ele></trkpt>
    <trkpt lat="34.46644" lon="-119.50234"><ele>1126.0</ele></trkpt>
    <trkpt lat="34.46644" lon="-119.50265"><ele>1126.0</ele></trkpt>
    <trkpt lat="34.46641" lon="-119.50295"><ele>1126.0</ele></trkpt>
    <trkpt lat="34.46648" lon="-119.50328"><ele>1126.0</ele></trkpt>
    <trkpt lat="34.46666" lon="-119.50374"><ele>1161.0</ele></trkpt>
    <trkpt lat="34.46681" lon="-119.50414"><ele>1161.0</ele></trkpt>
    <trkpt lat="34.46688" lon="-119.50451"><ele>1161.0</ele></trkpt>
    <trkpt lat="34.46695" lon="-119.50491"><ele>1161.0</ele></trkpt>
    <trkpt lat="34.46705" lon="-119.50525"><ele>1161.0</ele></trkpt>
    <trkpt lat="34.46723" lon="-119.50555"><ele>1161.0</ele></trkpt>
    <trkpt lat="34.46743" lon="-119.50574"><ele>1161.0</ele></trkpt>
    <trkpt lat="34.46757" lon="-119.50595"><ele>1157.0</ele></trkpt>
    <trkpt lat="34.46768" lon="-119.50617"><ele>1157.0</ele></trkpt>
    <trkpt lat="34.46780" lon="-119.50641"><ele>1157.0</ele></trkpt>
    <trkpt lat="34.46797" lon="-119.50660"><ele>1157.0</ele></trkpt>
    <trkpt lat="34.46817" lon="-119.50678"><ele>1157.0</ele></trkpt>
    <trkpt lat="34.46830" lon="-119.50676"><ele>1157.0</ele></trkpt>
    <trkpt lat="34.46845" lon="-119.50670"><ele>1157.0</ele></trkpt>
    <trkpt lat="34.46858" lon="-119.50662"><ele>1157.0</ele></trkpt>
    <trkpt lat="34.46875" lon="-119.50659"><ele>1159.0</ele></trkpt>
    <trkpt lat="34.46890" lon="-119.50665"><ele>1159.0</ele></trkpt>
    <trkpt lat="34.46902" lon="-119.50679"><ele>1159.0</ele></trkpt>
    <trkpt lat="34.46907" lon="-119.50694"><ele>1159.0</ele></trkpt>
    <trkpt lat="34.46912" lon="-119.50719"><ele>1159.0</ele></trkpt>
    <trkpt lat="34.46921" lon="-119.50741"><ele>1159.0</ele></trkpt>
    <trkpt lat="34.46934" lon="-119.50758"><ele>1159.0</ele></trkpt>
    <trkpt lat="34.46941" lon="-119.50771"><ele>1159.0</ele></trkpt>
    <trkpt lat="34.46945" lon="-119.50801"><ele>1159.0</ele></trkpt>
    <trkpt lat="34.46944" lon="-119.50834"><ele>1159.0</ele></trkpt>
    <trkpt lat="34.46940" lon="-119.50866"><ele>1159.0</ele></trkpt>
    <trkpt lat="34.46933" lon="-119.50898"><ele>1159.0</ele></trkpt>
    <trkpt lat="34.46929" lon="-119.50941"><ele>1159.0</ele></trkpt>
    <trkpt lat="34.46927" lon="-119.50979"><ele>1159.0</ele></trkpt>
    <trkpt lat="34.46918" lon="-119.51022"><ele>1159.0</ele></trkpt>
    <trkpt lat="34.46910" lon="-119.51067"><ele>1173.0</ele></trkpt>
    <trkpt lat="34.46901" lon="-119.51107"><ele>1173.0</ele></trkpt>
    <trkpt lat="34.46889" lon="-119.51135"><ele>1173.0</ele></trkpt>
    <trkpt lat="34.46879" lon="-119.51167"><ele>1173.0</ele></trkpt>
    <trkpt lat="34.46871" lon="-119.51200"><ele>1173.0</ele></trkpt>
    <trkpt lat="34.46862" lon="-119.51227"><ele>1173.0</ele></trkpt>
    <trkpt lat="34.46850" lon="-119.51254"><ele>1173.0</ele></trkpt>
    <trkpt lat="34.46848" lon="-119.51276"><ele>1173.0</ele></trkpt>
    <trkpt lat="34.46855" lon="-119.51297"><ele>1164.0</ele></trkpt>
    <trkpt lat="34.46865" lon="-119.51324"><ele>1164.0</ele></trkpt>
    <trkpt lat="34.46876" lon="-119.51354"><ele>1164.0</ele></trkpt>
    <trkpt lat="34.46894" lon="-119.51387"><ele>1164.0</ele></trkpt>
    <trkpt lat="34.46911" lon="-119.51417"><ele>1164.0</ele></trkpt>
    <trkpt lat="34.46928" lon="-119.51446"><ele>1164.0</ele></trkpt>
    <trkpt lat="34.46934" lon="-119.51477"><ele>1164.0</ele></trkpt>
    <trkpt lat="34.46943" lon="-119.51505"><ele>1164.0</ele></trkpt>
    <trkpt lat="34.46954" lon="-119.51522"><ele>1169.0</ele></trkpt>
    <trkpt lat="34.46978" lon="-119.51540"><ele>1169.0</ele></trkpt>
    <trkpt lat="34.47000" lon="-119.51558"><ele>1169.0</ele></trkpt>
    <trkpt lat="34.47007" lon="-119.51579"><ele>1169.0</ele></trkpt>
    <trkpt lat="34.47007" lon="-119.51603"><ele>1169.0</ele></trkpt>
    <trkpt lat="34.47004" lon="-119.51636"><ele>1169.0</ele></trkpt>
    <trkpt lat="34.47004" lon="-119.51674"><ele>1169.0</ele></trkpt>
    <trkpt lat="34.47006" lon="-119.51722"><ele>1137.0</ele></trkpt>
    <trkpt lat="34.47007" lon="-119.51767"><ele>1137.0</ele></trkpt>
    <trkpt lat="34.47009" lon="-119.51805"><ele>1137.0</ele></trkpt>
    <trkpt lat="34.47005" lon="-119.51828"><ele>1137.0</ele></trkpt>
    <trkpt lat="34.46998" lon="-119.51839"><ele>1137.0</ele></trkpt>
    <trkpt lat="34.46992" lon="-119.51816"><ele>1137.0</ele></trkpt>
    <trkpt lat="34.46985" lon="-119.51794"><ele>1137.0</ele></trkpt>
    <trkpt lat="34.46975" lon="-119.51776"><ele>1137.0</ele></trkpt>
    <trkpt lat="34.46969" lon="-119.51756"><ele>1131.0</ele></trkpt>
    <trkpt lat="34.46968" lon="-119.51737"><ele>1131.0</ele></trkpt>
    <trkpt lat="34.46964" lon="-119.51724"><ele>1131.0</ele></trkpt>
    <trkpt lat="34.46952" lon="-119.51723"><ele>1131.0</ele></trkpt>
    <trkpt lat="34.46944" lon="-119.51725"><ele>1131.0</ele></trkpt>
    <trkpt lat="34.46937" lon="-119.51737"><ele>1131.0</ele></trkpt>
    <trkpt lat="34.46930" lon="-119.51752"><ele>1131.0</ele></trkpt>
    <trkpt lat="34.46911" lon="-119.51780"><ele>1131.0</ele></trkpt>
    <trkpt lat="34.46884" lon="-119.51821"><ele>1087.0</ele></trkpt>
    <trkpt lat="34.46865" lon="-119.51856"><ele>1087.0</ele></trkpt>
    <trkpt lat="34.46852" lon="-119.51892"><ele>1087.0</ele></trkpt>
    <trkpt lat="34.46847" lon="-119.51934"><ele>1087.0</ele></trkpt>
    <trkpt lat="34.46839" lon="-119.51974"><ele>1087.0</ele></trkpt>
    <trkpt lat="34.46833" lon="-119.52024"><ele>1087.0</ele></trkpt>
    <trkpt lat="34.46837" lon="-119.52069"><ele>1087.0</ele></trkpt>
    <trkpt lat="34.46834" lon="-119.52109"><ele>1095.0</ele></trkpt>
    <trkpt lat="34.46827" lon="-119.52142"><ele>1095.0</ele></trkpt>
    <trkpt lat="34.46825" lon="-119.52168"><ele>1095.0</ele></trkpt>
    <trkpt lat="34.46819" lon="-119.52197"><ele>1095.0</ele></trkpt>
    <trkpt lat="34.46809" lon="-119.52212"><ele>1095.0</ele></trkpt>
    <trkpt lat="34.46793" lon="-119.52228"><ele>1095.0</ele></trkpt>
    <trkpt lat="34.46764" lon="-119.52244"><ele>1095.0</ele></trkpt>
    <trkpt lat="34.46720" lon="-119.52272"><ele>1095.0</ele></trkpt>
    <trkpt lat="34.46670" lon="-119.52310"><ele>1058.0</ele></trkpt>
    <trkpt lat="34.46639" lon="-119.52334"><ele>1058.0</ele></trkpt>
    <trkpt lat="34.46605" lon="-119.52366"><ele>1058.0</ele></trkpt>
    <trkpt lat="34.46584" lon="-119.52391"><ele>1058.0</ele></trkpt>
    <trkpt lat="34.46570" lon="-119.52417"><ele>1058.0</ele></trkpt>
    <trkpt lat="34.46566" lon="-119.52445"><ele>1058.0</ele></trkpt>
    <trkpt lat="34.46566" lon="-119.52471"><ele>1058.0</ele></trkpt>
    <trkpt lat="34.46573" lon="-119.52501"><ele>1058.0</ele></trkpt>
    <trkpt lat="34.46585" lon="-119.52523"><ele>1061.0</ele></trkpt>
    <trkpt lat="34.46607" lon="-119.52545"><ele>1061.0</ele></trkpt>
    <trkpt lat="34.46620" lon="-119.52567"><ele>1061.0</ele></trkpt>
    <trkpt lat="34.46627" lon="-119.52598"><ele>1061.0</ele></trkpt>
    <trkpt lat="34.46626" lon="-119.52626"><ele>1061.0</ele></trkpt>
    <trkpt lat="34.46621" lon="-119.52655"><ele>1061.0</ele></trkpt>
    <trkpt lat="34.46625" lon="-119.52674"><ele>1061.0</ele></trkpt>
    <trkpt lat="34.46634" lon="-119.52692"><ele>1069.0</ele></trkpt>
    <trkpt lat="34.46646" lon="-119.52701"><ele>1069.0</ele></trkpt>
    <trkpt lat="34.46667" lon="-119.52705"><ele>1069.0</ele></trkpt>
    <trkpt lat="34.46690" lon="-119.52712"><ele>1069.0</ele></trkpt>
    <trkpt lat="34.46721" lon="-119.52729"><ele>1069.0</ele></trkpt>
    <trkpt lat="34.46738" lon="-119.52747"><ele>1069.0</ele></trkpt>
    <trkpt lat="34.46739" lon="-119.52766"><ele>1069.0</ele></trkpt>
    <trkpt lat="34.46736" lon="-119.52791"><ele>1069.0</ele></trkpt>
    <trkpt lat="34.46740" lon="-119.52809"><ele>1078.0</ele></trkpt>
    <trkpt lat="34.46742" lon="-119.52833"><ele>1078.0</ele></trkpt>
    <trkpt lat="34.46736" lon="-119.52857"><ele>1078.0</ele></trkpt>
    <trkpt lat="34.46725" lon="-119.52893"><ele>1078.0</ele></trkpt>
    <trkpt lat="34.46723" lon="-119.52920"><ele>1078.0</ele></trkpt>
    <trkpt lat="34.46730" lon="-119.52943"><ele>1078.0</ele></trkpt>
    <trkpt lat="34.46745" lon="-119.52972"><ele>1078.0</ele></trkpt>
    <trkpt lat="34.46758" lon="-119.53006"><ele>1078.0</ele></trkpt>
    <trkpt lat="34.46769" lon="-119.53045"><ele>1139.0</ele></trkpt>
    <trkpt lat="34.46782" lon="-119.53093"><ele>1139.0</ele></trkpt>
    <trkpt lat="34.46796" lon="-119.53118"><ele>1139.0</ele></trkpt>
    <trkpt lat="34.46812" lon="-119.53139"><ele>1139.0</ele></trkpt>
    <trkpt lat="34.46814" lon="-119.53169"><ele>1139.0</ele></trkpt>
    <trkpt lat="34.46808" lon="-119.53186"><ele>1139.0</ele></trkpt>
    <trkpt lat="34.46793" lon="-119.53215"><ele>1139.0</ele></trkpt>
    <trkpt lat="34.46789" lon="-119.53255"><ele>1154.0</ele></trkpt>
    <trkpt lat="34.46790" lon="-119.53293"><ele>1154.0</ele></trkpt>
    <trkpt lat="34.46799" lon="-119.53330"><ele>1154.0</ele></trkpt>
    <trkpt lat="34.46811" lon="-119.53361"><ele>1154.0</ele></trkpt>
    <trkpt lat="34.46834" lon="-119.53397"><ele>1154.0</ele></trkpt>
    <trkpt lat="34.46850" lon="-119.53422"><ele>1154.0</ele></trkpt>
    <trkpt lat="34.46858" lon="-119.53461"><ele>1154.0</ele></trkpt>
    <trkpt lat="34.46862" lon="-119.53513"><ele>1154.0</ele></trkpt>
    <trkpt lat="34.46865" lon="-119.53553"><ele>1152.0</ele></trkpt>
    <trkpt lat="34.46861" lon="-119.53594"><ele>1152.0</ele></trkpt>
    <trkpt lat="34.46855" lon="-119.53639"><ele>1152.0</ele></trkpt>
    <trkpt lat="34.46853" lon="-119.53668"><ele>1152.0</ele></trkpt>
    <trkpt lat="34.46860" lon="-119.53697"><ele>1152.0</ele></trkpt>
    <trkpt lat="34.46875" lon="-119.53725"><ele>1152.0</ele></trkpt>
    <trkpt lat="34.46896" lon="-119.53753"><ele>1152.0</ele></trkpt>
    <trkpt lat="34.46920" lon="-119.53780"><ele>1152.0</ele></trkpt>
    <trkpt lat="34.46950" lon="-119.53815"><ele>1169.0</ele></trkpt>
    <trkpt lat="34.46977" lon="-119.53857"><ele>1169.0</ele></trkpt>
    <trkpt lat="34.46997" lon="-119.53898"><ele>1169.0</ele></trkpt>
    <trkpt lat="34.47009" lon="-119.53936"><ele>1169.0</ele></trkpt>
    <trkpt lat="34.47010" lon="-119.53987"><ele>1169.0</ele></trkpt>
    <trkpt lat="34.47006" lon="-119.54027"><ele>1169.0</ele></trkpt>
    <trkpt lat="34.47013" lon="-119.54061"><ele>1169.0</ele></trkpt>
    <trkpt lat="34.47020" lon="-119.54077"><ele>1188.0</ele></trkpt>
    <trkpt lat="34.47019" lon="-119.54087"><ele>1188.0</ele></trkpt>
    <trkpt lat="34.47014" lon="-119.54105"><ele>1188.0</ele></trkpt>
    <trkpt lat="34.47002" lon="-119.54130"><ele>1188.0</ele></trkpt>
    <trkpt lat="34.46984" lon="-119.54162"><ele>1188.0</ele></trkpt>
    <trkpt lat="34.46977" lon="-119.54190"><ele>1188.0</ele></trkpt>
    <trkpt lat="34.46969" lon="-119.54233"><ele>1188.0</ele></trkpt>
    <trkpt lat="34.46963" lon="-119.54277"><ele>1188.0</ele></trkpt>
    <trkpt lat="34.46948" lon="-119.54332"><ele>1169.0</ele></trkpt>
    <trkpt lat="34.46942" lon="-119.54371"><ele>1169.0</ele></trkpt>
    <trkpt lat="34.46939" lon="-119.54419"><ele>1169.0</ele></trkpt>
    <trkpt lat="34.46939" lon="-119.54459"><ele>1169.0</ele></trkpt>
    <trkpt lat="34.46936" lon="-119.54497"><ele>1169.0</ele></trkpt>
    <trkpt lat="34.46930" lon="-119.54543"><ele>1169.0</ele></trkpt>
    <trkpt lat="34.46927" lon="-119.54583"><ele>1169.0</ele></trkpt>
    <trkpt lat="34.46920" lon="-119.54620"><ele>1169.0</ele></trkpt>
    <trkpt lat="34.46905" lon="-119.54641"><ele>1161.0</ele></trkpt>
    <trkpt lat="34.46887" lon="-119.54664"><ele>1161.0</ele></trkpt>
    <trkpt lat="34.46867" lon="-119.54684"><ele>1161.0</ele></trkpt>
    <trkpt lat="34.46853" lon="-119.54704"><ele>1161.0</ele></trkpt>
    <trkpt lat="34.46845" lon="-119.54731"><ele>1161.0</ele></trkpt>
    <trkpt lat="34.46840" lon="-119.54763"><ele>1161.0</ele></trkpt>
    <trkpt lat="34.46838" lon="-119.54806"><ele>1161.0</ele></trkpt>
    <trkpt lat="34.46832" lon="-119.54839"><ele>1151.0</ele></trkpt>
    <trkpt lat="34.46823" lon="-119.54871"><ele>1151.0</ele></trkpt>
    <trkpt lat="34.46825" lon="-119.54892"><ele>1151.0</ele></trkpt>
    <trkpt lat="34.46830" lon="-119.54917"><ele>1151.0</ele></trkpt>
    <trkpt lat="34.46823" lon="-119.54941"><ele>1151.0</ele></trkpt>
    <trkpt lat="34.46814" lon="-119.54967"><ele>1151.0</ele></trkpt>
    <trkpt lat="34.46811" lon="-119.54997"><ele>1151.0</ele></trkpt>
    <trkpt lat="34.46811" lon="-119.55040"><ele>1151.0</ele></trkpt>
    <trkpt lat="34.46815" lon="-119.55104"><ele>1113.0</ele></trkpt>
    <trkpt lat="34.46814" lon="-119.55151"><ele>1113.0</ele></trkpt>
    <trkpt lat="34.46813" lon="-119.55191"><ele>1113.0</ele></trkpt>
    <trkpt lat="34.46823" lon="-119.55210"><ele>1113.0</ele></trkpt>
    <trkpt lat="34.46826" lon="-119.55230"><ele>1113.0</ele></trkpt>
    <trkpt lat="34.46826" lon="-119.55258"><ele>1113.0</ele></trkpt>
    <trkpt lat="34.46833" lon="-119.55266"><ele>1113.0</ele></trkpt>
    <trkpt lat="34.46839" lon="-119.55279"><ele>1113.0</ele></trkpt>
    <trkpt lat="34.46841" lon="-119.55294"><ele>1102.0</ele></trkpt>
    <trkpt lat="34.46835" lon="-119.55310"><ele>1102.0</ele></trkpt>
    <trkpt lat="34.46830" lon="-119.55328"><ele>1102.0</ele></trkpt>
    <trkpt lat="34.46831" lon="-119.55353"><ele>1102.0</ele></trkpt>
    <trkpt lat="34.46836" lon="-119.55370"><ele>1102.0</ele></trkpt>
    <trkpt lat="34.46845" lon="-119.55400"><ele>1102.0</ele></trkpt>
    <trkpt lat="34.46856" lon="-119.55420"><ele>1102.0</ele></trkpt>
    <trkpt lat="34.46862" lon="-119.55433"><ele>1074.0</ele></trkpt>
    <trkpt lat="34.46859" lon="-119.55446"><ele>1074.0</ele></trkpt>
    <trkpt lat="34.46854" lon="-119.55470"><ele>1074.0</ele></trkpt>
    <trkpt lat="34.46854" lon="-119.55506"><ele>1074.0</ele></trkpt>
    <trkpt lat="34.46858" lon="-119.55554"><ele>1074.0</ele></trkpt>
    <trkpt lat="34.46864" lon="-119.55594"><ele>1074.0</ele></trkpt>
    <trkpt lat="34.46874" lon="-119.55611"><ele>1074.0</ele></trkpt>
    <trkpt lat="34.46892" lon="-119.55621"><ele>1074.0</ele></trkpt>
    <trkpt lat="34.46905" lon="-119.55633"><ele>1063.0</ele></trkpt>
    <trkpt lat="34.46910" lon="-119.55658"><ele>1063.0</ele></trkpt>
    <trkpt lat="34.46905" lon="-119.55678"><ele>1063.0</ele></trkpt>
    <trkpt lat="34.46895" lon="-119.55689"><ele>1063.0</ele></trkpt>
    <trkpt lat="34.46874" lon="-119.55704"><ele>1063.0</ele></trkpt>
    <trkpt lat="34.46859" lon="-119.55709"><ele>1063.0</ele></trkpt>
    <trkpt lat="34.46846" lon="-119.55699"><ele>1063.0</ele></trkpt>
    <trkpt lat="34.46834" lon="-119.55672"><ele>1063.0</ele></trkpt>
    <trkpt lat="34.46826" lon="-119.55638"><ele>1057.0</ele></trkpt>
    <trkpt lat="34.46818" lon="-119.55601"><ele>1057.0</ele></trkpt>
    <trkpt lat="34.46813" lon="-119.55554"><ele>1057.0</ele></trkpt>
    <trkpt lat="34.46810" lon="-119.55539"><ele>1057.0</ele></trkpt>
    <trkpt lat="34.46806" lon="-119.55531"><ele>1057.0</ele></trkpt>
    <trkpt lat="34.46794" lon="-119.55512"><ele>1057.0</ele></trkpt>
    <trkpt lat="34.46775" lon="-119.55495"><ele>1057.0</ele></trkpt>
    <trkpt lat="34.46764" lon="-119.55485"><ele>1060.0</ele></trkpt>
    <trkpt lat="34.46748" lon="-119.55472"><ele>1060.0</ele></trkpt>
    <trkpt lat="34.46733" lon="-119.55428"><ele>1060.0</ele></trkpt>
    <trkpt lat="34.46729" lon="-119.55390"><ele>1060.0</ele></trkpt>
    <trkpt lat="34.46735" lon="-119.55359"><ele>1060.0</ele></trkpt>
    <trkpt lat="34.46742" lon="-119.55324"><ele>1060.0</ele></trkpt>
    <trkpt lat="34.46741" lon="-119.55312"><ele>1060.0</ele></trkpt>
    <trkpt lat="34.46726" lon="-119.55304"><ele>1060.0</ele></trkpt>
    <trkpt lat="34.46713" lon="-119.55301"><ele>1047.0</ele></trkpt>
    <trkpt lat="34.46692" lon="-119.55288"><ele>1047.0</ele></trkpt>
    <trkpt lat="34.46683" lon="-119.55270"><ele>1047.0</ele></trkpt>
    <trkpt lat="34.46681" lon="-119.55248"><ele>1047.0</ele></trkpt>
    <trkpt lat="34.46686" lon="-119.55218"><ele>1047.0</ele></trkpt>
    <trkpt lat="34.46691" lon="-119.55186"><ele>1047.0</ele></trkpt>
    <trkpt lat="34.46693" lon="-119.55161"><ele>1047.0</ele></trkpt>
    <trkpt lat="34.46683" lon="-119.55143"><ele>1047.0</ele></trkpt>
    <trkpt lat="34.46665" lon="-119.55131"><ele>1033.0</ele></trkpt>
    <trkpt lat="34.46639" lon="-119.55123"><ele>1033.0</ele></trkpt>
    <trkpt lat="34.46627" lon="-119.55114"><ele>1033.0</ele></trkpt>
    <trkpt lat="34.46621" lon="-119.55099"><ele>1033.0</ele></trkpt>
    <trkpt lat="34.46623" lon="-119.55080"><ele>1033.0</ele></trkpt>
    <trkpt lat="34.46623" lon="-119.55065"><ele>1033.0</ele></trkpt>
    <trkpt lat="34.46614" lon="-119.55050"><ele>1033.0</ele></trkpt>
    <trkpt lat="34.46596" lon="-119.55038"><ele>1018.0</ele></trkpt>
    <trkpt lat="34.46568" lon="-119.55024"><ele>1018.0</ele></trkpt>
    <trkpt lat="34.46545" lon="-119.55007"><ele>1018.0</ele></trkpt>
    <trkpt lat="34.46539" lon="-119.54998"><ele>1018.0</ele></trkpt>
    <trkpt lat="34.46534" lon="-119.54991"><ele>1018.0</ele></trkpt>
    <trkpt lat="34.46532" lon="-119.54992"><ele>1018.0</ele></trkpt>
    <trkpt lat="34.46521" lon="-119.54984"><ele>1018.0</ele></trkpt>
    <trkpt lat="34.46508" lon="-119.54977"><ele>1018.0</ele></trkpt>
    <trkpt lat="34.46488" lon="-119.54972"><ele>1015.0</ele></trkpt>
    <trkpt lat="34.46473" lon="-119.54970"><ele>1015.0</ele></trkpt>
    <trkpt lat="34.46462" lon="-119.54972"><ele>1015.0</ele></trkpt>
    <trkpt lat="34.46452" lon="-119.54978"><ele>1015.0</ele></trkpt>
    <trkpt lat="34.46443" lon="-119.54992"><ele>1015.0</ele></trkpt>
    <trkpt lat="34.46439" lon="-119.55005"><ele>1015.0</ele></trkpt>
    <trkpt lat="34.46432" lon="-119.55028"><ele>1015.0</ele></trkpt>
    <trkpt lat="34.46429" lon="-119.55048"><ele>1015.0</ele></trkpt>
    <trkpt lat="34.46434" lon="-119.55064"><ele>1008.0</ele></trkpt>
    <trkpt lat="34.46435" lon="-119.55087"><ele>1008.0</ele></trkpt>
    <trkpt lat="34.46432" lon="-119.55114"><ele>1008.0</ele></trkpt>
    <trkpt lat="34.46422" lon="-119.55140"><ele>1008.0</ele></trkpt>
    <trkpt lat="34.46416" lon="-119.55160"><ele>1008.0</ele></trkpt>
    <trkpt lat="34.46417" lon="-119.55178"><ele>1008.0</ele></trkpt>
    <trkpt lat="34.46420" lon="-119.55203"><ele>1008.0</ele></trkpt>
    <trkpt lat="34.46421" lon="-119.55225"><ele>988.0</ele></trkpt>
    <trkpt lat="34.46418" lon="-119.55244"><ele>988.0</ele></trkpt>
    <trkpt lat="34.46411" lon="-119.55266"><ele>988.0</ele></trkpt>
    <trkpt lat="34.46406" lon="-119.55294"><ele>988.0</ele></trkpt>
    <trkpt lat="34.46403" lon="-119.55320"><ele>988.0</ele></trkpt>
    <trkpt lat="34.46402" lon="-119.55348"><ele>988.0</ele></trkpt>
    <trkpt lat="34.46397" lon="-119.55378"><ele>988.0</ele></trkpt>
    <trkpt lat="34.46397" lon="-119.55410"><ele>988.0</ele></trkpt>
    <trkpt lat="34.46400" lon="-119.55451"><ele>952.0</ele></trkpt>
    <trkpt lat="34.46407" lon="-119.55496"><ele>952.0</ele></trkpt>
    <trkpt lat="34.46410" lon="-119.55533"><ele>952.0</ele></trkpt>
    <trkpt lat="34.46412" lon="-119.55578"><ele>952.0</ele></trkpt>
    <trkpt lat="34.46415" lon="-119.55620"><ele>952.0</ele></trkpt>
    <trkpt lat="34.46415" lon="-119.55655"><ele>952.0</ele></trkpt>
    <trkpt lat="34.46417" lon="-119.55715"><ele>952.0</ele></trkpt>
    <trkpt lat="34.46418" lon="-119.55741"><ele>952.0</ele></trkpt>
    <trkpt lat="34.46418" lon="-119.55790"><ele>919.0</ele></trkpt>
    <trkpt lat="34.46417" lon="-119.55824"><ele>919.0</ele></trkpt>
    <trkpt lat="34.46412" lon="-119.55854"><ele>919.0</ele></trkpt>
    <trkpt lat="34.46412" lon="-119.55869"><ele>919.0</ele></trkpt>
    <trkpt lat="34.46410" lon="-119.55881"><ele>919.0</ele></trkpt>
    <trkpt lat="34.46416" lon="-119.55902"><ele>919.0</ele></trkpt>
    <trkpt lat="34.46425" lon="-119.55933"><ele>919.0</ele></trkpt>
    <trkpt lat="34.46436" lon="-119.55969"><ele>925.0</ele></trkpt>
    <trkpt lat="34.46443" lon="-119.55994"><ele>925.0</ele></trkpt>
    <trkpt lat="34.46445" lon="-119.56014"><ele>925.0</ele></trkpt>
    <trkpt lat="34.46443" lon="-119.56034"><ele>925.0</ele></trkpt>
    <trkpt lat="34.46450" lon="-119.56050"><ele>925.0</ele></trkpt>
    <trkpt lat="34.46459" lon="-119.56063"><ele>925.0</ele></trkpt>
    <trkpt lat="34.46468" lon="-119.56081"><ele>925.0</ele></trkpt>
    <trkpt lat="34.46473" lon="-119.56093"><ele>925.0</ele></trkpt>
    <trkpt lat="34.46475" lon="-119.56114"><ele>921.0</ele></trkpt>
    <trkpt lat="34.46473" lon="-119.56129"><ele>921.0</ele></trkpt>
    <trkpt lat="34.46475" lon="-119.56146"><ele>921.0</ele></trkpt>
    <trkpt lat="34.46479" lon="-119.56156"><ele>921.0</ele></trkpt>
    <trkpt lat="34.46485" lon="-119.56173"><ele>921.0</ele></trkpt>
    <trkpt lat="34.46488" lon="-119.56191"><ele>921.0</ele></trkpt>
    <trkpt lat="34.46488" lon="-119.56215"><ele>921.0</ele></trkpt>
    <trkpt lat="34.46491" lon="-119.56232"><ele>921.0</ele></trkpt>
    <trkpt lat="34.46498" lon="-119.56242"><ele>927.0</ele></trkpt>
    <trkpt lat="34.46513" lon="-119.56254"><ele>927.0</ele></trkpt>
    <trkpt lat="34.46521" lon="-119.56269"><ele>927.0</ele></trkpt>
    <trkpt lat="34.46530" lon="-119.56304"><ele>927.0</ele></trkpt>
    <trkpt lat="34.46534" lon="-119.56329"><ele>927.0</ele></trkpt>
    <trkpt lat="34.46544" lon="-119.56340"><ele>927.0</ele></trkpt>
    <trkpt lat="34.46558" lon="-119.56343"><ele>927.0</ele></trkpt>
    <trkpt lat="34.46575" lon="-119.56346"><ele>927.0</ele></trkpt>
    <trkpt lat="34.46584" lon="-119.56350"><ele>927.0</ele></trkpt>
    <trkpt lat="34.46591" lon="-119.56359"><ele>927.0</ele></trkpt>
    <trkpt lat="34.46597" lon="-119.56370"><ele>927.0</ele></trkpt>
    <trkpt lat="34.46606" lon="-119.56384"><ele>927.0</ele></trkpt>
    <trkpt lat="34.46618" lon="-119.56397"><ele>927.0</ele></trkpt>
    <trkpt lat="34.46627" lon="-119.56405"><ele>927.0</ele></trkpt>
    <trkpt lat="34.46636" lon="-119.56421"><ele>927.0</ele></trkpt>
    <trkpt lat="34.46649" lon="-119.56439"><ele>928.0</ele></trkpt>
    <trkpt lat="34.46671" lon="-119.56456"><ele>928.0</ele></trkpt>
    <trkpt lat="34.46680" lon="-119.56469"><ele>928.0</ele></trkpt>
    <trkpt lat="34.46681" lon="-119.56489"><ele>928.0</ele></trkpt>
    <trkpt lat="34.46677" lon="-119.56514"><ele>928.0</ele></trkpt>
    <trkpt lat="34.46677" lon="-119.56531"><ele>928.0</ele></trkpt>
    <trkpt lat="34.46677" lon="-119.56549"><ele>928.0</ele></trkpt>
    <trkpt lat="34.46671" lon="-119.56569"><ele>928.0</ele></trkpt>
    <trkpt lat="34.46669" lon="-119.56588"><ele>929.0</ele></trkpt>
    <trkpt lat="34.46672" lon="-119.56599"><ele>929.0</ele></trkpt>
    <trkpt lat="34.46683" lon="-119.56606"><ele>929.0</ele></trkpt>
    <trkpt lat="34.46694" lon="-119.56615"><ele>929.0</ele></trkpt>
    <trkpt lat="34.46706" lon="-119.56626"><ele>929.0</ele></trkpt>
    <trkpt lat="34.46720" lon="-119.56648"><ele>929.0</ele></trkpt>
    <trkpt lat="34.46726" lon="-119.56663"><ele>929.0</ele></trkpt>
    <trkpt lat="34.46722" lon="-119.56677"><ele>929.0</ele></trkpt>
    <trkpt lat="34.46721" lon="-119.56697"><ele>921.0</ele></trkpt>
    <trkpt lat="34.46727" lon="-119.56713"><ele>921.0</ele></trkpt>
    <trkpt lat="34.46730" lon="-119.56731"><ele>921.0</ele></trkpt>
    <trkpt lat="34.46727" lon="-119.56747"><ele>921.0</ele></trkpt>
    <trkpt lat="34.46721" lon="-119.56761"><ele>921.0</ele></trkpt>
    <trkpt lat="34.46713" lon="-119.56777"><ele>921.0</ele></trkpt>
    <trkpt lat="34.46715" lon="-119.56789"><ele>921.0</ele></trkpt>
    <trkpt lat="34.46726" lon="-119.56805"><ele>913.0</ele></trkpt>
    <trkpt lat="34.46742" lon="-119.56824"><ele>913.0</ele></trkpt>
    <trkpt lat="34.46742" lon="-119.56837"><ele>913.0</ele></trkpt>
    <trkpt lat="34.46742" lon="-119.56854"><ele>913.0</ele></trkpt>
    <trkpt lat="34.46744" lon="-119.56874"><ele>913.0</ele></trkpt>
    <trkpt lat="34.46739" lon="-119.56886"><ele>913.0</ele></trkpt>
    <trkpt lat="34.46730" lon="-119.56895"><ele>913.0</ele></trkpt>
    <trkpt lat="34.46722" lon="-119.56907"><ele>913.0</ele></trkpt>
    <trkpt lat="34.46727" lon="-119.56918"><ele>899.0</ele></trkpt>
    <trkpt lat="34.46735" lon="-119.56925"><ele>899.0</ele></trkpt>
    <trkpt lat="34.46751" lon="-119.56929"><ele>899.0</ele></trkpt>
    <trkpt lat="34.46789" lon="-119.56935"><ele>899.0</ele></trkpt>
    <trkpt lat="34.46818" lon="-119.56939"><ele>899.0</ele></trkpt>
    <trkpt lat="34.46851" lon="-119.56948"><ele>899.0</ele></trkpt>
    <trkpt lat="34.46864" lon="-119.56958"><ele>899.0</ele></trkpt>
    <trkpt lat="34.46863" lon="-119.56971"><ele>899.0</ele></trkpt>
    <trkpt lat="34.46852" lon="-119.56985"><ele>893.0</ele></trkpt>
    <trkpt lat="34.46841" lon="-119.57003"><ele>893.0</ele></trkpt>
    <trkpt lat="34.46840" lon="-119.57015"><ele>893.0</ele></trkpt>
    <trkpt lat="34.46848" lon="-119.57020"><ele>893.0</ele></trkpt>
    <trkpt lat="34.46863" lon="-119.57021"><ele>893.0</ele></trkpt>
    <trkpt lat="34.46885" lon="-119.57025"><ele>893.0</ele></trkpt>
    <trkpt lat="34.46897" lon="-119.57030"><ele>893.0</ele></trkpt>
    <trkpt lat="34.46907" lon="-119.57052"><ele>893.0</ele></trkpt>
    <trkpt lat="34.46923" lon="-119.57082"><ele>893.0</ele></trkpt>
    <trkpt lat="34.46938" lon="-119.57110"><ele>893.0</ele></trkpt>
    <trkpt lat="34.46948" lon="-119.57114"><ele>893.0</ele></trkpt>
    <trkpt lat="34.46953" lon="-119.57108"><ele>893.0</ele></trkpt>
    <trkpt lat="34.46953" lon="-119.57090"><ele>893.0</ele></trkpt>
    <trkpt lat="34.46951" lon="-119.57074"><ele>893.0</ele></trkpt>
    <trkpt lat="34.46948" lon="-119.57049"><ele>893.0</ele></trkpt>
    <trkpt lat="34.46949" lon="-119.57013"><ele>884.0</ele></trkpt>
    <trkpt lat="34.46951" lon="-119.56977"><ele>884.0</ele></trkpt>
    <trkpt lat="34.46951" lon="-119.56940"><ele>884.0</ele></trkpt>
    <trkpt lat="34.46948" lon="-119.56912"><ele>884.0</ele></trkpt>
    <trkpt lat="34.46949" lon="-119.56889"><ele>884.0</ele></trkpt>
    <trkpt lat="34.46954" lon="-119.56871"><ele>884.0</ele></trkpt>
    <trkpt lat="34.46963" lon="-119.56850"><ele>884.0</ele></trkpt>
    <trkpt lat="34.46972" lon="-119.56826"><ele>884.0</ele></trkpt>
    <trkpt lat="34.46975" lon="-119.56802"><ele>881.0</ele></trkpt>
    <trkpt lat="34.46980" lon="-119.56768"><ele>881.0</ele></trkpt>
    <trkpt lat="34.46989" lon="-119.56735"><ele>881.0</ele></trkpt>
    <trkpt lat="34.47007" lon="-119.56706"><ele>881.0</ele></trkpt>
    <trkpt lat="34.47016" lon="-119.56697"><ele>881.0</ele></trkpt>
    <trkpt lat="34.47031" lon="-119.56698"><ele>881.0</ele></trkpt>
    <trkpt lat="34.47040" lon="-119.56707"><ele>881.0</ele></trkpt>
    <trkpt lat="34.47050" lon="-119.56735"><ele>924.0</ele></trkpt>
    <trkpt lat="34.47070" lon="-119.56821"><ele>924.0</ele></trkpt>
    <trkpt lat="34.47087" lon="-119.56889"><ele>924.0</ele></trkpt>
    <trkpt lat="34.47091" lon="-119.56918"><ele>924.0</ele></trkpt>
    <trkpt lat="34.47104" lon="-119.56961"><ele>924.0</ele></trkpt>
    <trkpt lat="34.47119" lon="-119.56978"><ele>924.0</ele></trkpt>
    <trkpt lat="34.47121" lon="-119.56979"><ele>924.0</ele></trkpt>
    <trkpt lat="34.47134" lon="-119.56982"><ele>924.0</ele></trkpt>
    <trkpt lat="34.47160" lon="-119.56983"><ele>922.0</ele></trkpt>
    <trkpt lat="34.47171" lon="-119.56988"><ele>922.0</ele></trkpt>
    <trkpt lat="34.47180" lon="-119.57006"><ele>922.0</ele></trkpt>
    <trkpt lat="34.47191" lon="-119.57036"><ele>922.0</ele></trkpt>
    <trkpt lat="34.47205" lon="-119.57066"><ele>922.0</ele></trkpt>
    <trkpt lat="34.47219" lon="-119.57076"><ele>922.0</ele></trkpt>
    <trkpt lat="34.47242" lon="-119.57089"><ele>922.0</ele></trkpt>
    <trkpt lat="34.47281" lon="-119.57113"><ele>922.0</ele></trkpt>
    <trkpt lat="34.47301" lon="-119.57121"><ele>918.0</ele></trkpt>
    <trkpt lat="34.47323" lon="-119.57122"><ele>918.0</ele></trkpt>
    <trkpt lat="34.47336" lon="-119.57130"><ele>918.0</ele></trkpt>
    <trkpt lat="34.47341" lon="-119.57143"><ele>918.0</ele></trkpt>
    <trkpt lat="34.47343" lon="-119.57175"><ele>918.0</ele></trkpt>
    <trkpt lat="34.47356" lon="-119.57191"><ele>918.0</ele></trkpt>
    <trkpt lat="34.47381" lon="-119.57198"><ele>918.0</ele></trkpt>
    <trkpt lat="34.47412" lon="-119.57205"><ele>919.0</ele></trkpt>
    <trkpt lat="34.47443" lon="-119.57212"><ele>919.0</ele></trkpt>
    <trkpt lat="34.47456" lon="-119.57225"><ele>919.0</ele></trkpt>
    <trkpt lat="34.47453" lon="-119.57247"><ele>919.0</ele></trkpt>
    <trkpt lat="34.47454" lon="-119.57266"><ele>919.0</ele></trkpt>
    <trkpt lat="34.47454" lon="-119.57290"><ele>919.0</ele></trkpt>
    <trkpt lat="34.47445" lon="-119.57311"><ele>919.0</ele></trkpt>
    <trkpt lat="34.47429" lon="-119.57337"><ele>919.0</ele></trkpt>
    <trkpt lat="34.47421" lon="-119.57361"><ele>916.0</ele></trkpt>
    <trkpt lat="34.47424" lon="-119.57376"><ele>916.0</ele></trkpt>
    <trkpt lat="34.47425" lon="-119.57397"><ele>916.0</ele></trkpt>
    <trkpt lat="34.47423" lon="-119.57417"><ele>916.0</ele></trkpt>
    <trkpt lat="34.47427" lon="-119.57427"><ele>916.0</ele></trkpt>
    <trkpt lat="34.47431" lon="-119.57430"><ele>916.0</ele></trkpt>
    <trkpt lat="34.47453" lon="-119.57448"><ele>916.0</ele></trkpt>
    <trkpt lat="34.47472" lon="-119.57463"><ele>916.0</ele></trkpt>
    <trkpt lat="34.47479" lon="-119.57476"><ele>910.0</ele></trkpt>
    <trkpt lat="34.47480" lon="-119.57495"><ele>910.0</ele></trkpt>
    <trkpt lat="34.47475" lon="-119.57517"><ele>910.0</ele></trkpt>
    <trkpt lat="34.47479" lon="-119.57536"><ele>910.0</ele></trkpt>
    <trkpt lat="34.47491" lon="-119.57545"><ele>910.0</ele></trkpt>
    <trkpt lat="34.47510" lon="-119.57556"><ele>910.0</ele></trkpt>
    <trkpt lat="34.47532" lon="-119.57572"><ele>910.0</ele></trkpt>
    <trkpt lat="34.47551" lon="-119.57599"><ele>904.0</ele></trkpt>
    <trkpt lat="34.47561" lon="-119.57606"><ele>904.0</ele></trkpt>
    <trkpt lat="34.47573" lon="-119.57595"><ele>904.0</ele></trkpt>
    <trkpt lat="34.47575" lon="-119.57578"><ele>904.0</ele></trkpt>
    <trkpt lat="34.47573" lon="-119.57559"><ele>904.0</ele></trkpt>
    <trkpt lat="34.47574" lon="-119.57534"><ele>904.0</ele></trkpt>
    <trkpt lat="34.47581" lon="-119.57514"><ele>904.0</ele></trkpt>
    <trkpt lat="34.47594" lon="-119.57478"><ele>904.0</ele></trkpt>
    <trkpt lat="34.47608" lon="-119.57438"><ele>880.0</ele></trkpt>
    <trkpt lat="34.47621" lon="-119.57409"><ele>880.0</ele></trkpt>
    <trkpt lat="34.47644" lon="-119.57396"><ele>880.0</ele></trkpt>
    <trkpt lat="34.47672" lon="-119.57385"><ele>880.0</ele></trkpt>
    <trkpt lat="34.47691" lon="-119.57371"><ele>880.0</ele></trkpt>
    <trkpt lat="34.47709" lon="-119.57354"><ele>880.0</ele></trkpt>
    <trkpt lat="34.47724" lon="-119.57352"><ele>880.0</ele></trkpt>
    <trkpt lat="34.47748" lon="-119.57361"><ele>880.0</ele></trkpt>
    <trkpt lat="34.47771" lon="-119.57372"><ele>863.0</ele></trkpt>
    <trkpt lat="34.47809" lon="-119.57386"><ele>863.0</ele></trkpt>
    <trkpt lat="34.47837" lon="-119.57402"><ele>863.0</ele></trkpt>
    <trkpt lat="34.47846" lon="-119.57412"><ele>863.0</ele></trkpt>
    <trkpt lat="34.47862" lon="-119.57443"><ele>863.0</ele></trkpt>
    <trkpt lat="34.47882" lon="-119.57477"><ele>863.0</ele></trkpt>
    <trkpt lat="34.47894" lon="-119.57493"><ele>863.0</ele></trkpt>
    <trkpt lat="34.47917" lon="-119.57498"><ele>855.0</ele></trkpt>
    <trkpt lat="34.47939" lon="-119.57499"><ele>855.0</ele></trkpt>
    <trkpt lat="34.47959" lon="-119.57505"><ele>855.0</ele></trkpt>
    <trkpt lat="34.47973" lon="-119.57523"><ele>855.0</ele></trkpt>
    <trkpt lat="34.47985" lon="-119.57553"><ele>855.0</ele></trkpt>
    <trkpt lat="34.47995" lon="-119.57593"><ele>855.0</ele></trkpt>
    <trkpt lat="34.48014" lon="-119.57640"><ele>855.0</ele></trkpt>
    <trkpt lat="34.48028" lon="-119.57685"><ele>855.0</ele></trkpt>
    <trkpt lat="34.48036" lon="-119.57727"><ele>841.0</ele></trkpt>
    <trkpt lat="34.48048" lon="-119.57749"><ele>841.0</ele></trkpt>
    <trkpt lat="34.48077" lon="-119.57792"><ele>841.0</ele></trkpt>
    <trkpt lat="34.48097" lon="-119.57821"><ele>841.0</ele></trkpt>
  </trkseg></trk>
  <trk><name>Camuesa Road (Romero–Camuesa)</name><trkseg>
    <trkpt lat="34.54183" lon="-119.65885"><ele>562.0</ele></trkpt>
    <trkpt lat="34.54189" lon="-119.65872"><ele>562.0</ele></trkpt>
    <trkpt lat="34.54206" lon="-119.65867"><ele>562.0</ele></trkpt>
    <trkpt lat="34.54219" lon="-119.65870"><ele>562.0</ele></trkpt>
    <trkpt lat="34.54230" lon="-119.65882"><ele>562.0</ele></trkpt>
    <trkpt lat="34.54237" lon="-119.65907"><ele>562.0</ele></trkpt>
    <trkpt lat="34.54245" lon="-119.65936"><ele>562.0</ele></trkpt>
    <trkpt lat="34.54257" lon="-119.65955"><ele>552.0</ele></trkpt>
    <trkpt lat="34.54274" lon="-119.65979"><ele>552.0</ele></trkpt>
    <trkpt lat="34.54287" lon="-119.65993"><ele>552.0</ele></trkpt>
    <trkpt lat="34.54300" lon="-119.66004"><ele>552.0</ele></trkpt>
    <trkpt lat="34.54312" lon="-119.66026"><ele>552.0</ele></trkpt>
    <trkpt lat="34.54323" lon="-119.66048"><ele>552.0</ele></trkpt>
    <trkpt lat="34.54326" lon="-119.66058"><ele>552.0</ele></trkpt>
    <trkpt lat="34.54331" lon="-119.66070"><ele>552.0</ele></trkpt>
    <trkpt lat="34.54339" lon="-119.66086"><ele>552.0</ele></trkpt>
    <trkpt lat="34.54342" lon="-119.66099"><ele>552.0</ele></trkpt>
    <trkpt lat="34.54342" lon="-119.66112"><ele>552.0</ele></trkpt>
    <trkpt lat="34.54346" lon="-119.66133"><ele>552.0</ele></trkpt>
    <trkpt lat="34.54351" lon="-119.66142"><ele>552.0</ele></trkpt>
    <trkpt lat="34.54360" lon="-119.66149"><ele>546.0</ele></trkpt>
    <trkpt lat="34.54368" lon="-119.66156"><ele>546.0</ele></trkpt>
    <trkpt lat="34.54376" lon="-119.66170"><ele>546.0</ele></trkpt>
    <trkpt lat="34.54378" lon="-119.66189"><ele>546.0</ele></trkpt>
    <trkpt lat="34.54380" lon="-119.66207"><ele>546.0</ele></trkpt>
    <trkpt lat="34.54382" lon="-119.66231"><ele>546.0</ele></trkpt>
    <trkpt lat="34.54390" lon="-119.66254"><ele>546.0</ele></trkpt>
    <trkpt lat="34.54397" lon="-119.66265"><ele>546.0</ele></trkpt>
    <trkpt lat="34.54403" lon="-119.66280"><ele>546.0</ele></trkpt>
    <trkpt lat="34.54410" lon="-119.66295"><ele>546.0</ele></trkpt>
    <trkpt lat="34.54415" lon="-119.66310"><ele>546.0</ele></trkpt>
    <trkpt lat="34.54418" lon="-119.66326"><ele>546.0</ele></trkpt>
    <trkpt lat="34.54419" lon="-119.66351"><ele>511.0</ele></trkpt>
    <trkpt lat="34.54416" lon="-119.66376"><ele>511.0</ele></trkpt>
    <trkpt lat="34.54403" lon="-119.66409"><ele>511.0</ele></trkpt>
    <trkpt lat="34.54387" lon="-119.66426"><ele>511.0</ele></trkpt>
    <trkpt lat="34.54369" lon="-119.66456"><ele>511.0</ele></trkpt>
    <trkpt lat="34.54355" lon="-119.66472"><ele>511.0</ele></trkpt>
    <trkpt lat="34.54337" lon="-119.66491"><ele>511.0</ele></trkpt>
    <trkpt lat="34.54322" lon="-119.66499"><ele>511.0</ele></trkpt>
    <trkpt lat="34.54312" lon="-119.66515"><ele>511.0</ele></trkpt>
    <trkpt lat="34.54303" lon="-119.66531"><ele>511.0</ele></trkpt>
    <trkpt lat="34.54293" lon="-119.66553"><ele>511.0</ele></trkpt>
    <trkpt lat="34.54283" lon="-119.66581"><ele>511.0</ele></trkpt>
    <trkpt lat="34.54279" lon="-119.66602"><ele>511.0</ele></trkpt>
    <trkpt lat="34.54275" lon="-119.66621"><ele>483.0</ele></trkpt>
    <trkpt lat="34.54266" lon="-119.66637"><ele>483.0</ele></trkpt>
    <trkpt lat="34.54252" lon="-119.66655"><ele>483.0</ele></trkpt>
    <trkpt lat="34.54239" lon="-119.66671"><ele>483.0</ele></trkpt>
    <trkpt lat="34.54223" lon="-119.66686"><ele>483.0</ele></trkpt>
    <trkpt lat="34.54206" lon="-119.66696"><ele>483.0</ele></trkpt>
    <trkpt lat="34.54185" lon="-119.66699"><ele>483.0</ele></trkpt>
    <trkpt lat="34.54181" lon="-119.66695"><ele>483.0</ele></trkpt>
    <trkpt lat="34.54177" lon="-119.66681"><ele>483.0</ele></trkpt>
    <trkpt lat="34.54173" lon="-119.66667"><ele>483.0</ele></trkpt>
    <trkpt lat="34.54170" lon="-119.66651"><ele>483.0</ele></trkpt>
    <trkpt lat="34.54165" lon="-119.66644"><ele>483.0</ele></trkpt>
    <trkpt lat="34.54157" lon="-119.66641"><ele>483.0</ele></trkpt>
    <trkpt lat="34.54149" lon="-119.66643"><ele>474.0</ele></trkpt>
    <trkpt lat="34.54145" lon="-119.66656"><ele>474.0</ele></trkpt>
    <trkpt lat="34.54145" lon="-119.66670"><ele>474.0</ele></trkpt>
    <trkpt lat="34.54146" lon="-119.66695"><ele>474.0</ele></trkpt>
    <trkpt lat="34.54152" lon="-119.66719"><ele>474.0</ele></trkpt>
    <trkpt lat="34.54159" lon="-119.66734"><ele>474.0</ele></trkpt>
    <trkpt lat="34.54165" lon="-119.66741"><ele>474.0</ele></trkpt>
    <trkpt lat="34.54172" lon="-119.66746"><ele>474.0</ele></trkpt>
    <trkpt lat="34.54178" lon="-119.66750"><ele>474.0</ele></trkpt>
    <trkpt lat="34.54188" lon="-119.66753"><ele>474.0</ele></trkpt>
    <trkpt lat="34.54201" lon="-119.66752"><ele>474.0</ele></trkpt>
    <trkpt lat="34.54217" lon="-119.66750"><ele>474.0</ele></trkpt>
    <trkpt lat="34.54226" lon="-119.66747"><ele>491.0</ele></trkpt>
    <trkpt lat="34.54233" lon="-119.66740"><ele>491.0</ele></trkpt>
    <trkpt lat="34.54243" lon="-119.66730"><ele>491.0</ele></trkpt>
    <trkpt lat="34.54250" lon="-119.66719"><ele>491.0</ele></trkpt>
    <trkpt lat="34.54253" lon="-119.66707"><ele>491.0</ele></trkpt>
    <trkpt lat="34.54265" lon="-119.66699"><ele>491.0</ele></trkpt>
    <trkpt lat="34.54273" lon="-119.66700"><ele>491.0</ele></trkpt>
    <trkpt lat="34.54280" lon="-119.66714"><ele>491.0</ele></trkpt>
    <trkpt lat="34.54276" lon="-119.66727"><ele>491.0</ele></trkpt>
    <trkpt lat="34.54271" lon="-119.66744"><ele>491.0</ele></trkpt>
    <trkpt lat="34.54257" lon="-119.66770"><ele>491.0</ele></trkpt>
    <trkpt lat="34.54247" lon="-119.66786"><ele>491.0</ele></trkpt>
    <trkpt lat="34.54235" lon="-119.66804"><ele>491.0</ele></trkpt>
    <trkpt lat="34.54229" lon="-119.66824"><ele>473.0</ele></trkpt>
    <trkpt lat="34.54232" lon="-119.66852"><ele>473.0</ele></trkpt>
    <trkpt lat="34.54241" lon="-119.66880"><ele>473.0</ele></trkpt>
    <trkpt lat="34.54248" lon="-119.66893"><ele>473.0</ele></trkpt>
    <trkpt lat="34.54254" lon="-119.66911"><ele>473.0</ele></trkpt>
    <trkpt lat="34.54264" lon="-119.66928"><ele>473.0</ele></trkpt>
    <trkpt lat="34.54276" lon="-119.66936"><ele>473.0</ele></trkpt>
    <trkpt lat="34.54286" lon="-119.66948"><ele>473.0</ele></trkpt>
    <trkpt lat="34.54293" lon="-119.66969"><ele>473.0</ele></trkpt>
    <trkpt lat="34.54308" lon="-119.66981"><ele>473.0</ele></trkpt>
    <trkpt lat="34.54319" lon="-119.66986"><ele>473.0</ele></trkpt>
    <trkpt lat="34.54333" lon="-119.66988"><ele>473.0</ele></trkpt>
    <trkpt lat="34.54349" lon="-119.66988"><ele>473.0</ele></trkpt>
    <trkpt lat="34.54364" lon="-119.66988"><ele>482.0</ele></trkpt>
    <trkpt lat="34.54376" lon="-119.66996"><ele>482.0</ele></trkpt>
    <trkpt lat="34.54381" lon="-119.67007"><ele>482.0</ele></trkpt>
    <trkpt lat="34.54389" lon="-119.67023"><ele>482.0</ele></trkpt>
    <trkpt lat="34.54391" lon="-119.67039"><ele>482.0</ele></trkpt>
    <trkpt lat="34.54395" lon="-119.67059"><ele>482.0</ele></trkpt>
    <trkpt lat="34.54401" lon="-119.67070"><ele>482.0</ele></trkpt>
    <trkpt lat="34.54412" lon="-119.67081"><ele>482.0</ele></trkpt>
    <trkpt lat="34.54426" lon="-119.67091"><ele>482.0</ele></trkpt>
    <trkpt lat="34.54436" lon="-119.67105"><ele>482.0</ele></trkpt>
    <trkpt lat="34.54441" lon="-119.67113"><ele>482.0</ele></trkpt>
    <trkpt lat="34.54447" lon="-119.67123"><ele>482.0</ele></trkpt>
    <trkpt lat="34.54450" lon="-119.67130"><ele>479.0</ele></trkpt>
    <trkpt lat="34.54453" lon="-119.67135"><ele>479.0</ele></trkpt>
    <trkpt lat="34.54464" lon="-119.67139"><ele>479.0</ele></trkpt>
    <trkpt lat="34.54474" lon="-119.67144"><ele>479.0</ele></trkpt>
    <trkpt lat="34.54484" lon="-119.67146"><ele>479.0</ele></trkpt>
    <trkpt lat="34.54496" lon="-119.67148"><ele>479.0</ele></trkpt>
    <trkpt lat="34.54501" lon="-119.67148"><ele>479.0</ele></trkpt>
    <trkpt lat="34.54503" lon="-119.67148"><ele>479.0</ele></trkpt>
    <trkpt lat="34.54519" lon="-119.67143"><ele>479.0</ele></trkpt>
    <trkpt lat="34.54532" lon="-119.67141"><ele>479.0</ele></trkpt>
    <trkpt lat="34.54547" lon="-119.67146"><ele>479.0</ele></trkpt>
    <trkpt lat="34.54559" lon="-119.67165"><ele>479.0</ele></trkpt>
    <trkpt lat="34.54571" lon="-119.67189"><ele>479.0</ele></trkpt>
    <trkpt lat="34.54582" lon="-119.67210"><ele>481.0</ele></trkpt>
    <trkpt lat="34.54592" lon="-119.67227"><ele>481.0</ele></trkpt>
    <trkpt lat="34.54603" lon="-119.67243"><ele>481.0</ele></trkpt>
    <trkpt lat="34.54611" lon="-119.67254"><ele>481.0</ele></trkpt>
    <trkpt lat="34.54632" lon="-119.67265"><ele>481.0</ele></trkpt>
    <trkpt lat="34.54648" lon="-119.67268"><ele>481.0</ele></trkpt>
    <trkpt lat="34.54663" lon="-119.67272"><ele>481.0</ele></trkpt>
    <trkpt lat="34.54682" lon="-119.67279"><ele>481.0</ele></trkpt>
    <trkpt lat="34.54698" lon="-119.67293"><ele>481.0</ele></trkpt>
    <trkpt lat="34.54716" lon="-119.67313"><ele>481.0</ele></trkpt>
    <trkpt lat="34.54734" lon="-119.67330"><ele>481.0</ele></trkpt>
    <trkpt lat="34.54748" lon="-119.67336"><ele>481.0</ele></trkpt>
    <trkpt lat="34.54768" lon="-119.67360"><ele>481.0</ele></trkpt>
    <trkpt lat="34.54773" lon="-119.67384"><ele>493.0</ele></trkpt>
    <trkpt lat="34.54774" lon="-119.67404"><ele>493.0</ele></trkpt>
    <trkpt lat="34.54774" lon="-119.67432"><ele>493.0</ele></trkpt>
    <trkpt lat="34.54775" lon="-119.67449"><ele>493.0</ele></trkpt>
    <trkpt lat="34.54777" lon="-119.67455"><ele>493.0</ele></trkpt>
    <trkpt lat="34.54786" lon="-119.67489"><ele>493.0</ele></trkpt>
    <trkpt lat="34.54798" lon="-119.67517"><ele>493.0</ele></trkpt>
    <trkpt lat="34.54809" lon="-119.67539"><ele>493.0</ele></trkpt>
    <trkpt lat="34.54834" lon="-119.67565"><ele>493.0</ele></trkpt>
    <trkpt lat="34.54865" lon="-119.67593"><ele>493.0</ele></trkpt>
    <trkpt lat="34.54884" lon="-119.67616"><ele>493.0</ele></trkpt>
    <trkpt lat="34.54909" lon="-119.67649"><ele>493.0</ele></trkpt>
    <trkpt lat="34.54920" lon="-119.67678"><ele>517.0</ele></trkpt>
    <trkpt lat="34.54928" lon="-119.67704"><ele>517.0</ele></trkpt>
    <trkpt lat="34.54931" lon="-119.67728"><ele>517.0</ele></trkpt>
    <trkpt lat="34.54933" lon="-119.67747"><ele>517.0</ele></trkpt>
    <trkpt lat="34.54938" lon="-119.67783"><ele>517.0</ele></trkpt>
    <trkpt lat="34.54959" lon="-119.67815"><ele>517.0</ele></trkpt>
    <trkpt lat="34.54985" lon="-119.67832"><ele>517.0</ele></trkpt>
    <trkpt lat="34.55010" lon="-119.67836"><ele>517.0</ele></trkpt>
    <trkpt lat="34.55029" lon="-119.67827"><ele>517.0</ele></trkpt>
    <trkpt lat="34.55045" lon="-119.67816"><ele>517.0</ele></trkpt>
    <trkpt lat="34.55069" lon="-119.67798"><ele>517.0</ele></trkpt>
    <trkpt lat="34.55090" lon="-119.67779"><ele>517.0</ele></trkpt>
    <trkpt lat="34.55105" lon="-119.67772"><ele>517.0</ele></trkpt>
    <trkpt lat="34.55114" lon="-119.67772"><ele>523.0</ele></trkpt>
    <trkpt lat="34.55123" lon="-119.67776"><ele>523.0</ele></trkpt>
    <trkpt lat="34.55132" lon="-119.67788"><ele>523.0</ele></trkpt>
    <trkpt lat="34.55141" lon="-119.67808"><ele>523.0</ele></trkpt>
    <trkpt lat="34.55152" lon="-119.67831"><ele>523.0</ele></trkpt>
    <trkpt lat="34.55157" lon="-119.67846"><ele>523.0</ele></trkpt>
    <trkpt lat="34.55171" lon="-119.67871"><ele>523.0</ele></trkpt>
    <trkpt lat="34.55192" lon="-119.67884"><ele>523.0</ele></trkpt>
    <trkpt lat="34.55229" lon="-119.67904"><ele>523.0</ele></trkpt>
    <trkpt lat="34.55259" lon="-119.67917"><ele>523.0</ele></trkpt>
    <trkpt lat="34.55281" lon="-119.67932"><ele>523.0</ele></trkpt>
    <trkpt lat="34.55298" lon="-119.67958"><ele>523.0</ele></trkpt>
    <trkpt lat="34.55311" lon="-119.67991"><ele>523.0</ele></trkpt>
    <trkpt lat="34.55316" lon="-119.68018"><ele>537.0</ele></trkpt>
    <trkpt lat="34.55324" lon="-119.68046"><ele>537.0</ele></trkpt>
    <trkpt lat="34.55334" lon="-119.68066"><ele>537.0</ele></trkpt>
    <trkpt lat="34.55352" lon="-119.68097"><ele>537.0</ele></trkpt>
    <trkpt lat="34.55358" lon="-119.68130"><ele>537.0</ele></trkpt>
    <trkpt lat="34.55352" lon="-119.68161"><ele>537.0</ele></trkpt>
    <trkpt lat="34.55343" lon="-119.68192"><ele>537.0</ele></trkpt>
    <trkpt lat="34.55345" lon="-119.68217"><ele>537.0</ele></trkpt>
    <trkpt lat="34.55350" lon="-119.68237"><ele>537.0</ele></trkpt>
    <trkpt lat="34.55360" lon="-119.68252"><ele>537.0</ele></trkpt>
    <trkpt lat="34.55373" lon="-119.68277"><ele>537.0</ele></trkpt>
    <trkpt lat="34.55380" lon="-119.68306"><ele>537.0</ele></trkpt>
    <trkpt lat="34.55381" lon="-119.68344"><ele>552.0</ele></trkpt>
    <trkpt lat="34.55377" lon="-119.68374"><ele>552.0</ele></trkpt>
    <trkpt lat="34.55378" lon="-119.68398"><ele>552.0</ele></trkpt>
    <trkpt lat="34.55382" lon="-119.68430"><ele>552.0</ele></trkpt>
    <trkpt lat="34.55385" lon="-119.68454"><ele>552.0</ele></trkpt>
    <trkpt lat="34.55387" lon="-119.68478"><ele>552.0</ele></trkpt>
    <trkpt lat="34.55386" lon="-119.68497"><ele>552.0</ele></trkpt>
    <trkpt lat="34.55387" lon="-119.68515"><ele>552.0</ele></trkpt>
    <trkpt lat="34.55387" lon="-119.68545"><ele>552.0</ele></trkpt>
    <trkpt lat="34.55387" lon="-119.68571"><ele>552.0</ele></trkpt>
    <trkpt lat="34.55388" lon="-119.68598"><ele>552.0</ele></trkpt>
    <trkpt lat="34.55386" lon="-119.68622"><ele>552.0</ele></trkpt>
    <trkpt lat="34.55378" lon="-119.68642"><ele>552.0</ele></trkpt>
    <trkpt lat="34.55368" lon="-119.68657"><ele>567.0</ele></trkpt>
    <trkpt lat="34.55358" lon="-119.68665"><ele>567.0</ele></trkpt>
    <trkpt lat="34.55344" lon="-119.68678"><ele>567.0</ele></trkpt>
    <trkpt lat="34.55330" lon="-119.68689"><ele>567.0</ele></trkpt>
    <trkpt lat="34.55316" lon="-119.68704"><ele>567.0</ele></trkpt>
    <trkpt lat="34.55307" lon="-119.68729"><ele>567.0</ele></trkpt>
    <trkpt lat="34.55308" lon="-119.68747"><ele>567.0</ele></trkpt>
    <trkpt lat="34.55310" lon="-119.68760"><ele>567.0</ele></trkpt>
    <trkpt lat="34.55313" lon="-119.68772"><ele>567.0</ele></trkpt>
    <trkpt lat="34.55309" lon="-119.68806"><ele>567.0</ele></trkpt>
    <trkpt lat="34.55311" lon="-119.68822"><ele>567.0</ele></trkpt>
    <trkpt lat="34.55320" lon="-119.68830"><ele>567.0</ele></trkpt>
    <trkpt lat="34.55332" lon="-119.68837"><ele>567.0</ele></trkpt>
    <trkpt lat="34.55339" lon="-119.68839"><ele>574.0</ele></trkpt>
    <trkpt lat="34.55348" lon="-119.68842"><ele>574.0</ele></trkpt>
    <trkpt lat="34.55356" lon="-119.68845"><ele>574.0</ele></trkpt>
    <trkpt lat="34.55360" lon="-119.68847"><ele>574.0</ele></trkpt>
    <trkpt lat="34.55369" lon="-119.68857"><ele>574.0</ele></trkpt>
    <trkpt lat="34.55371" lon="-119.68883"><ele>574.0</ele></trkpt>
    <trkpt lat="34.55366" lon="-119.68901"><ele>574.0</ele></trkpt>
    <trkpt lat="34.55351" lon="-119.68919"><ele>574.0</ele></trkpt>
    <trkpt lat="34.55333" lon="-119.68935"><ele>574.0</ele></trkpt>
    <trkpt lat="34.55326" lon="-119.68951"><ele>574.0</ele></trkpt>
    <trkpt lat="34.55322" lon="-119.68977"><ele>574.0</ele></trkpt>
    <trkpt lat="34.55334" lon="-119.69002"><ele>574.0</ele></trkpt>
    <trkpt lat="34.55344" lon="-119.69014"><ele>580.0</ele></trkpt>
    <trkpt lat="34.55363" lon="-119.69024"><ele>580.0</ele></trkpt>
    <trkpt lat="34.55376" lon="-119.69040"><ele>580.0</ele></trkpt>
    <trkpt lat="34.55384" lon="-119.69052"><ele>580.0</ele></trkpt>
    <trkpt lat="34.55392" lon="-119.69071"><ele>580.0</ele></trkpt>
    <trkpt lat="34.55404" lon="-119.69087"><ele>580.0</ele></trkpt>
    <trkpt lat="34.55414" lon="-119.69089"><ele>580.0</ele></trkpt>
    <trkpt lat="34.55425" lon="-119.69099"><ele>580.0</ele></trkpt>
    <trkpt lat="34.55433" lon="-119.69113"><ele>580.0</ele></trkpt>
    <trkpt lat="34.55440" lon="-119.69127"><ele>580.0</ele></trkpt>
    <trkpt lat="34.55447" lon="-119.69147"><ele>580.0</ele></trkpt>
    <trkpt lat="34.55457" lon="-119.69156"><ele>580.0</ele></trkpt>
    <trkpt lat="34.55470" lon="-119.69167"><ele>580.0</ele></trkpt>
    <trkpt lat="34.55481" lon="-119.69176"><ele>581.0</ele></trkpt>
    <trkpt lat="34.55494" lon="-119.69190"><ele>581.0</ele></trkpt>
    <trkpt lat="34.55505" lon="-119.69204"><ele>581.0</ele></trkpt>
    <trkpt lat="34.55516" lon="-119.69213"><ele>581.0</ele></trkpt>
    <trkpt lat="34.55524" lon="-119.69221"><ele>581.0</ele></trkpt>
    <trkpt lat="34.55529" lon="-119.69225"><ele>581.0</ele></trkpt>
    <trkpt lat="34.55534" lon="-119.69244"><ele>581.0</ele></trkpt>
    <trkpt lat="34.55527" lon="-119.69260"><ele>581.0</ele></trkpt>
    <trkpt lat="34.55515" lon="-119.69286"><ele>581.0</ele></trkpt>
    <trkpt lat="34.55504" lon="-119.69311"><ele>581.0</ele></trkpt>
    <trkpt lat="34.55500" lon="-119.69346"><ele>581.0</ele></trkpt>
    <trkpt lat="34.55505" lon="-119.69380"><ele>581.0</ele></trkpt>
    <trkpt lat="34.55516" lon="-119.69398"><ele>581.0</ele></trkpt>
    <trkpt lat="34.55526" lon="-119.69412"><ele>597.0</ele></trkpt>
    <trkpt lat="34.55541" lon="-119.69427"><ele>597.0</ele></trkpt>
    <trkpt lat="34.55554" lon="-119.69441"><ele>597.0</ele></trkpt>
    <trkpt lat="34.55561" lon="-119.69456"><ele>597.0</ele></trkpt>
    <trkpt lat="34.55565" lon="-119.69470"><ele>597.0</ele></trkpt>
    <trkpt lat="34.55575" lon="-119.69481"><ele>597.0</ele></trkpt>
    <trkpt lat="34.55587" lon="-119.69483"><ele>597.0</ele></trkpt>
    <trkpt lat="34.55611" lon="-119.69483"><ele>597.0</ele></trkpt>
    <trkpt lat="34.55626" lon="-119.69484"><ele>597.0</ele></trkpt>
    <trkpt lat="34.55646" lon="-119.69488"><ele>597.0</ele></trkpt>
    <trkpt lat="34.55657" lon="-119.69491"><ele>597.0</ele></trkpt>
    <trkpt lat="34.55658" lon="-119.69495"><ele>597.0</ele></trkpt>
    <trkpt lat="34.55663" lon="-119.69508"><ele>600.0</ele></trkpt>
    <trkpt lat="34.55665" lon="-119.69521"><ele>600.0</ele></trkpt>
    <trkpt lat="34.55660" lon="-119.69533"><ele>600.0</ele></trkpt>
    <trkpt lat="34.55642" lon="-119.69544"><ele>600.0</ele></trkpt>
    <trkpt lat="34.55632" lon="-119.69553"><ele>600.0</ele></trkpt>
    <trkpt lat="34.55624" lon="-119.69565"><ele>600.0</ele></trkpt>
    <trkpt lat="34.55616" lon="-119.69577"><ele>600.0</ele></trkpt>
    <trkpt lat="34.55606" lon="-119.69612"><ele>600.0</ele></trkpt>
    <trkpt lat="34.55612" lon="-119.69643"><ele>600.0</ele></trkpt>
    <trkpt lat="34.55629" lon="-119.69658"><ele>600.0</ele></trkpt>
    <trkpt lat="34.55655" lon="-119.69670"><ele>600.0</ele></trkpt>
    <trkpt lat="34.55673" lon="-119.69688"><ele>600.0</ele></trkpt>
    <trkpt lat="34.55686" lon="-119.69707"><ele>600.0</ele></trkpt>
    <trkpt lat="34.55702" lon="-119.69732"><ele>614.0</ele></trkpt>
    <trkpt lat="34.55715" lon="-119.69755"><ele>614.0</ele></trkpt>
    <trkpt lat="34.55722" lon="-119.69779"><ele>614.0</ele></trkpt>
    <trkpt lat="34.55725" lon="-119.69792"><ele>614.0</ele></trkpt>
    <trkpt lat="34.55731" lon="-119.69821"><ele>614.0</ele></trkpt>
    <trkpt lat="34.55740" lon="-119.69850"><ele>614.0</ele></trkpt>
    <trkpt lat="34.55750" lon="-119.69873"><ele>614.0</ele></trkpt>
    <trkpt lat="34.55764" lon="-119.69898"><ele>614.0</ele></trkpt>
    <trkpt lat="34.55778" lon="-119.69920"><ele>614.0</ele></trkpt>
    <trkpt lat="34.55794" lon="-119.69933"><ele>614.0</ele></trkpt>
    <trkpt lat="34.55804" lon="-119.69951"><ele>614.0</ele></trkpt>
    <trkpt lat="34.55807" lon="-119.69962"><ele>614.0</ele></trkpt>
    <trkpt lat="34.55813" lon="-119.69975"><ele>614.0</ele></trkpt>
    <trkpt lat="34.55826" lon="-119.69994"><ele>621.0</ele></trkpt>
    <trkpt lat="34.55839" lon="-119.70003"><ele>621.0</ele></trkpt>
    <trkpt lat="34.55859" lon="-119.70021"><ele>621.0</ele></trkpt>
    <trkpt lat="34.55888" lon="-119.70037"><ele>621.0</ele></trkpt>
    <trkpt lat="34.55913" lon="-119.70047"><ele>621.0</ele></trkpt>
    <trkpt lat="34.55932" lon="-119.70054"><ele>621.0</ele></trkpt>
    <trkpt lat="34.55951" lon="-119.70060"><ele>621.0</ele></trkpt>
    <trkpt lat="34.55967" lon="-119.70066"><ele>621.0</ele></trkpt>
    <trkpt lat="34.55982" lon="-119.70074"><ele>621.0</ele></trkpt>
    <trkpt lat="34.55997" lon="-119.70089"><ele>621.0</ele></trkpt>
    <trkpt lat="34.56013" lon="-119.70099"><ele>621.0</ele></trkpt>
    <trkpt lat="34.56031" lon="-119.70106"><ele>621.0</ele></trkpt>
    <trkpt lat="34.56052" lon="-119.70119"><ele>621.0</ele></trkpt>
    <trkpt lat="34.56076" lon="-119.70134"><ele>622.0</ele></trkpt>
    <trkpt lat="34.56093" lon="-119.70148"><ele>622.0</ele></trkpt>
    <trkpt lat="34.56095" lon="-119.70153"><ele>622.0</ele></trkpt>
    <trkpt lat="34.56100" lon="-119.70158"><ele>622.0</ele></trkpt>
    <trkpt lat="34.56115" lon="-119.70181"><ele>622.0</ele></trkpt>
    <trkpt lat="34.56130" lon="-119.70204"><ele>622.0</ele></trkpt>
    <trkpt lat="34.56146" lon="-119.70218"><ele>622.0</ele></trkpt>
    <trkpt lat="34.56159" lon="-119.70227"><ele>622.0</ele></trkpt>
    <trkpt lat="34.56173" lon="-119.70241"><ele>622.0</ele></trkpt>
    <trkpt lat="34.56185" lon="-119.70270"><ele>622.0</ele></trkpt>
    <trkpt lat="34.56198" lon="-119.70292"><ele>622.0</ele></trkpt>
    <trkpt lat="34.56211" lon="-119.70306"><ele>622.0</ele></trkpt>
    <trkpt lat="34.56224" lon="-119.70320"><ele>637.0</ele></trkpt>
    <trkpt lat="34.56245" lon="-119.70341"><ele>637.0</ele></trkpt>
    <trkpt lat="34.56263" lon="-119.70361"><ele>637.0</ele></trkpt>
    <trkpt lat="34.56272" lon="-119.70381"><ele>637.0</ele></trkpt>
    <trkpt lat="34.56286" lon="-119.70410"><ele>637.0</ele></trkpt>
    <trkpt lat="34.56297" lon="-119.70448"><ele>637.0</ele></trkpt>
    <trkpt lat="34.56296" lon="-119.70484"><ele>637.0</ele></trkpt>
    <trkpt lat="34.56279" lon="-119.70521"><ele>637.0</ele></trkpt>
    <trkpt lat="34.56262" lon="-119.70564"><ele>637.0</ele></trkpt>
    <trkpt lat="34.56267" lon="-119.70598"><ele>637.0</ele></trkpt>
    <trkpt lat="34.56283" lon="-119.70621"><ele>637.0</ele></trkpt>
    <trkpt lat="34.56297" lon="-119.70634"><ele>637.0</ele></trkpt>
    <trkpt lat="34.56311" lon="-119.70655"><ele>637.0</ele></trkpt>
    <trkpt lat="34.56322" lon="-119.70678"><ele>649.0</ele></trkpt>
    <trkpt lat="34.56331" lon="-119.70701"><ele>649.0</ele></trkpt>
    <trkpt lat="34.56341" lon="-119.70726"><ele>649.0</ele></trkpt>
    <trkpt lat="34.56359" lon="-119.70744"><ele>649.0</ele></trkpt>
    <trkpt lat="34.56374" lon="-119.70751"><ele>649.0</ele></trkpt>
    <trkpt lat="34.56388" lon="-119.70760"><ele>649.0</ele></trkpt>
    <trkpt lat="34.56398" lon="-119.70765"><ele>649.0</ele></trkpt>
    <trkpt lat="34.56418" lon="-119.70774"><ele>649.0</ele></trkpt>
    <trkpt lat="34.56435" lon="-119.70783"><ele>649.0</ele></trkpt>
    <trkpt lat="34.56450" lon="-119.70788"><ele>649.0</ele></trkpt>
    <trkpt lat="34.56463" lon="-119.70796"><ele>649.0</ele></trkpt>
    <trkpt lat="34.56481" lon="-119.70809"><ele>649.0</ele></trkpt>
    <trkpt lat="34.56496" lon="-119.70826"><ele>649.0</ele></trkpt>
    <trkpt lat="34.56506" lon="-119.70841"><ele>657.0</ele></trkpt>
    <trkpt lat="34.56511" lon="-119.70856"><ele>657.0</ele></trkpt>
    <trkpt lat="34.56519" lon="-119.70879"><ele>657.0</ele></trkpt>
    <trkpt lat="34.56524" lon="-119.70897"><ele>657.0</ele></trkpt>
    <trkpt lat="34.56527" lon="-119.70908"><ele>657.0</ele></trkpt>
    <trkpt lat="34.56532" lon="-119.70922"><ele>657.0</ele></trkpt>
    <trkpt lat="34.56533" lon="-119.70932"><ele>657.0</ele></trkpt>
    <trkpt lat="34.56546" lon="-119.70964"><ele>657.0</ele></trkpt>
    <trkpt lat="34.56555" lon="-119.70996"><ele>657.0</ele></trkpt>
    <trkpt lat="34.56565" lon="-119.71029"><ele>657.0</ele></trkpt>
    <trkpt lat="34.56569" lon="-119.71055"><ele>657.0</ele></trkpt>
    <trkpt lat="34.56576" lon="-119.71092"><ele>657.0</ele></trkpt>
    <trkpt lat="34.56584" lon="-119.71119"><ele>667.0</ele></trkpt>
    <trkpt lat="34.56592" lon="-119.71139"><ele>667.0</ele></trkpt>
    <trkpt lat="34.56597" lon="-119.71156"><ele>667.0</ele></trkpt>
    <trkpt lat="34.56604" lon="-119.71176"><ele>667.0</ele></trkpt>
    <trkpt lat="34.56616" lon="-119.71193"><ele>667.0</ele></trkpt>
    <trkpt lat="34.56630" lon="-119.71213"><ele>667.0</ele></trkpt>
    <trkpt lat="34.56639" lon="-119.71228"><ele>667.0</ele></trkpt>
    <trkpt lat="34.56637" lon="-119.71242"><ele>667.0</ele></trkpt>
    <trkpt lat="34.56626" lon="-119.71252"><ele>667.0</ele></trkpt>
    <trkpt lat="34.56605" lon="-119.71259"><ele>667.0</ele></trkpt>
    <trkpt lat="34.56587" lon="-119.71248"><ele>667.0</ele></trkpt>
    <trkpt lat="34.56576" lon="-119.71237"><ele>667.0</ele></trkpt>
    <trkpt lat="34.56563" lon="-119.71226"><ele>667.0</ele></trkpt>
    <trkpt lat="34.56547" lon="-119.71221"><ele>671.0</ele></trkpt>
    <trkpt lat="34.56533" lon="-119.71219"><ele>671.0</ele></trkpt>
    <trkpt lat="34.56526" lon="-119.71214"><ele>671.0</ele></trkpt>
    <trkpt lat="34.56526" lon="-119.71199"><ele>671.0</ele></trkpt>
    <trkpt lat="34.56529" lon="-119.71183"><ele>671.0</ele></trkpt>
    <trkpt lat="34.56527" lon="-119.71157"><ele>671.0</ele></trkpt>
    <trkpt lat="34.56522" lon="-119.71143"><ele>671.0</ele></trkpt>
    <trkpt lat="34.56514" lon="-119.71133"><ele>671.0</ele></trkpt>
    <trkpt lat="34.56491" lon="-119.71126"><ele>671.0</ele></trkpt>
    <trkpt lat="34.56468" lon="-119.71121"><ele>671.0</ele></trkpt>
    <trkpt lat="34.56447" lon="-119.71117"><ele>671.0</ele></trkpt>
    <trkpt lat="34.56435" lon="-119.71106"><ele>671.0</ele></trkpt>
    <trkpt lat="34.56433" lon="-119.71092"><ele>671.0</ele></trkpt>
    <trkpt lat="34.56432" lon="-119.71079"><ele>683.0</ele></trkpt>
    <trkpt lat="34.56427" lon="-119.71063"><ele>683.0</ele></trkpt>
    <trkpt lat="34.56408" lon="-119.71051"><ele>683.0</ele></trkpt>
    <trkpt lat="34.56406" lon="-119.71036"><ele>683.0</ele></trkpt>
    <trkpt lat="34.56413" lon="-119.71027"><ele>683.0</ele></trkpt>
    <trkpt lat="34.56424" lon="-119.71019"><ele>683.0</ele></trkpt>
    <trkpt lat="34.56440" lon="-119.71010"><ele>683.0</ele></trkpt>
    <trkpt lat="34.56450" lon="-119.71001"><ele>683.0</ele></trkpt>
    <trkpt lat="34.56449" lon="-119.70989"><ele>683.0</ele></trkpt>
    <trkpt lat="34.56444" lon="-119.70977"><ele>683.0</ele></trkpt>
    <trkpt lat="34.56433" lon="-119.70968"><ele>683.0</ele></trkpt>
    <trkpt lat="34.56418" lon="-119.70971"><ele>683.0</ele></trkpt>
    <trkpt lat="34.56408" lon="-119.70986"><ele>714.0</ele></trkpt>
    <trkpt lat="34.56394" lon="-119.71004"><ele>714.0</ele></trkpt>
    <trkpt lat="34.56382" lon="-119.71020"><ele>714.0</ele></trkpt>
    <trkpt lat="34.56369" lon="-119.71038"><ele>714.0</ele></trkpt>
    <trkpt lat="34.56360" lon="-119.71058"><ele>714.0</ele></trkpt>
    <trkpt lat="34.56350" lon="-119.71071"><ele>714.0</ele></trkpt>
    <trkpt lat="34.56334" lon="-119.71090"><ele>714.0</ele></trkpt>
    <trkpt lat="34.56328" lon="-119.71108"><ele>714.0</ele></trkpt>
    <trkpt lat="34.56331" lon="-119.71124"><ele>714.0</ele></trkpt>
    <trkpt lat="34.56335" lon="-119.71138"><ele>714.0</ele></trkpt>
    <trkpt lat="34.56338" lon="-119.71153"><ele>714.0</ele></trkpt>
    <trkpt lat="34.56342" lon="-119.71172"><ele>714.0</ele></trkpt>
    <trkpt lat="34.56345" lon="-119.71197"><ele>714.0</ele></trkpt>
    <trkpt lat="34.56346" lon="-119.71211"><ele>732.0</ele></trkpt>
    <trkpt lat="34.56344" lon="-119.71230"><ele>732.0</ele></trkpt>
    <trkpt lat="34.56339" lon="-119.71244"><ele>732.0</ele></trkpt>
    <trkpt lat="34.56332" lon="-119.71264"><ele>732.0</ele></trkpt>
    <trkpt lat="34.56321" lon="-119.71279"><ele>732.0</ele></trkpt>
    <trkpt lat="34.56310" lon="-119.71300"><ele>732.0</ele></trkpt>
    <trkpt lat="34.56314" lon="-119.71318"><ele>732.0</ele></trkpt>
    <trkpt lat="34.56323" lon="-119.71326"><ele>732.0</ele></trkpt>
    <trkpt lat="34.56335" lon="-119.71329"><ele>732.0</ele></trkpt>
    <trkpt lat="34.56346" lon="-119.71333"><ele>732.0</ele></trkpt>
    <trkpt lat="34.56359" lon="-119.71339"><ele>732.0</ele></trkpt>
    <trkpt lat="34.56369" lon="-119.71347"><ele>732.0</ele></trkpt>
    <trkpt lat="34.56375" lon="-119.71351"><ele>732.0</ele></trkpt>
    <trkpt lat="34.56388" lon="-119.71356"><ele>721.0</ele></trkpt>
    <trkpt lat="34.56402" lon="-119.71356"><ele>721.0</ele></trkpt>
    <trkpt lat="34.56408" lon="-119.71350"><ele>721.0</ele></trkpt>
    <trkpt lat="34.56412" lon="-119.71342"><ele>721.0</ele></trkpt>
    <trkpt lat="34.56425" lon="-119.71334"><ele>721.0</ele></trkpt>
    <trkpt lat="34.56437" lon="-119.71336"><ele>721.0</ele></trkpt>
    <trkpt lat="34.56447" lon="-119.71355"><ele>721.0</ele></trkpt>
    <trkpt lat="34.56448" lon="-119.71369"><ele>721.0</ele></trkpt>
    <trkpt lat="34.56447" lon="-119.71388"><ele>721.0</ele></trkpt>
    <trkpt lat="34.56445" lon="-119.71404"><ele>721.0</ele></trkpt>
    <trkpt lat="34.56442" lon="-119.71418"><ele>721.0</ele></trkpt>
    <trkpt lat="34.56451" lon="-119.71431"><ele>721.0</ele></trkpt>
    <trkpt lat="34.56463" lon="-119.71432"><ele>744.0</ele></trkpt>
    <trkpt lat="34.56480" lon="-119.71433"><ele>744.0</ele></trkpt>
    <trkpt lat="34.56489" lon="-119.71444"><ele>744.0</ele></trkpt>
    <trkpt lat="34.56494" lon="-119.71455"><ele>744.0</ele></trkpt>
    <trkpt lat="34.56496" lon="-119.71471"><ele>744.0</ele></trkpt>
    <trkpt lat="34.56495" lon="-119.71488"><ele>744.0</ele></trkpt>
    <trkpt lat="34.56493" lon="-119.71513"><ele>744.0</ele></trkpt>
    <trkpt lat="34.56491" lon="-119.71541"><ele>744.0</ele></trkpt>
    <trkpt lat="34.56490" lon="-119.71568"><ele>744.0</ele></trkpt>
    <trkpt lat="34.56493" lon="-119.71591"><ele>744.0</ele></trkpt>
    <trkpt lat="34.56498" lon="-119.71608"><ele>744.0</ele></trkpt>
    <trkpt lat="34.56499" lon="-119.71625"><ele>744.0</ele></trkpt>
    <trkpt lat="34.56494" lon="-119.71640"><ele>744.0</ele></trkpt>
    <trkpt lat="34.56489" lon="-119.71658"><ele>764.0</ele></trkpt>
    <trkpt lat="34.56489" lon="-119.71673"><ele>764.0</ele></trkpt>
    <trkpt lat="34.56490" lon="-119.71692"><ele>764.0</ele></trkpt>
    <trkpt lat="34.56492" lon="-119.71709"><ele>764.0</ele></trkpt>
    <trkpt lat="34.56489" lon="-119.71726"><ele>764.0</ele></trkpt>
    <trkpt lat="34.56482" lon="-119.71737"><ele>764.0</ele></trkpt>
    <trkpt lat="34.56466" lon="-119.71754"><ele>764.0</ele></trkpt>
    <trkpt lat="34.56460" lon="-119.71771"><ele>764.0</ele></trkpt>
    <trkpt lat="34.56461" lon="-119.71793"><ele>764.0</ele></trkpt>
    <trkpt lat="34.56465" lon="-119.71809"><ele>764.0</ele></trkpt>
    <trkpt lat="34.56466" lon="-119.71821"><ele>764.0</ele></trkpt>
    <trkpt lat="34.56469" lon="-119.71833"><ele>764.0</ele></trkpt>
    <trkpt lat="34.56461" lon="-119.71846"><ele>764.0</ele></trkpt>
    <trkpt lat="34.56454" lon="-119.71862"><ele>784.0</ele></trkpt>
    <trkpt lat="34.56452" lon="-119.71884"><ele>784.0</ele></trkpt>
    <trkpt lat="34.56458" lon="-119.71898"><ele>784.0</ele></trkpt>
    <trkpt lat="34.56462" lon="-119.71912"><ele>784.0</ele></trkpt>
    <trkpt lat="34.56459" lon="-119.71925"><ele>784.0</ele></trkpt>
    <trkpt lat="34.56454" lon="-119.71935"><ele>784.0</ele></trkpt>
    <trkpt lat="34.56457" lon="-119.71951"><ele>784.0</ele></trkpt>
    <trkpt lat="34.56469" lon="-119.71959"><ele>784.0</ele></trkpt>
    <trkpt lat="34.56482" lon="-119.71963"><ele>784.0</ele></trkpt>
    <trkpt lat="34.56498" lon="-119.71970"><ele>784.0</ele></trkpt>
    <trkpt lat="34.56513" lon="-119.71978"><ele>784.0</ele></trkpt>
    <trkpt lat="34.56530" lon="-119.71986"><ele>784.0</ele></trkpt>
    <trkpt lat="34.56536" lon="-119.71991"><ele>765.0</ele></trkpt>
    <trkpt lat="34.56538" lon="-119.71991"><ele>765.0</ele></trkpt>
    <trkpt lat="34.56549" lon="-119.71994"><ele>765.0</ele></trkpt>
    <trkpt lat="34.56557" lon="-119.71999"><ele>765.0</ele></trkpt>
    <trkpt lat="34.56565" lon="-119.72003"><ele>765.0</ele></trkpt>
    <trkpt lat="34.56575" lon="-119.72009"><ele>765.0</ele></trkpt>
    <trkpt lat="34.56583" lon="-119.72016"><ele>765.0</ele></trkpt>
    <trkpt lat="34.56597" lon="-119.72020"><ele>765.0</ele></trkpt>
    <trkpt lat="34.56606" lon="-119.72014"><ele>765.0</ele></trkpt>
    <trkpt lat="34.56610" lon="-119.72012"><ele>765.0</ele></trkpt>
    <trkpt lat="34.56611" lon="-119.72012"><ele>765.0</ele></trkpt>
    <trkpt lat="34.56621" lon="-119.72009"><ele>765.0</ele></trkpt>
    <trkpt lat="34.56636" lon="-119.72012"><ele>765.0</ele></trkpt>
    <trkpt lat="34.56642" lon="-119.72020"><ele>773.0</ele></trkpt>
    <trkpt lat="34.56650" lon="-119.72029"><ele>773.0</ele></trkpt>
    <trkpt lat="34.56655" lon="-119.72037"><ele>773.0</ele></trkpt>
    <trkpt lat="34.56661" lon="-119.72047"><ele>773.0</ele></trkpt>
    <trkpt lat="34.56668" lon="-119.72049"><ele>773.0</ele></trkpt>
    <trkpt lat="34.56678" lon="-119.72052"><ele>773.0</ele></trkpt>
    <trkpt lat="34.56683" lon="-119.72051"><ele>773.0</ele></trkpt>
    <trkpt lat="34.56696" lon="-119.72050"><ele>773.0</ele></trkpt>
    <trkpt lat="34.56704" lon="-119.72057"><ele>773.0</ele></trkpt>
    <trkpt lat="34.56709" lon="-119.72071"><ele>773.0</ele></trkpt>
    <trkpt lat="34.56712" lon="-119.72081"><ele>773.0</ele></trkpt>
    <trkpt lat="34.56716" lon="-119.72091"><ele>773.0</ele></trkpt>
    <trkpt lat="34.56726" lon="-119.72092"><ele>773.0</ele></trkpt>
    <trkpt lat="34.56735" lon="-119.72095"><ele>776.0</ele></trkpt>
    <trkpt lat="34.56743" lon="-119.72098"><ele>776.0</ele></trkpt>
    <trkpt lat="34.56749" lon="-119.72107"><ele>776.0</ele></trkpt>
    <trkpt lat="34.56754" lon="-119.72127"><ele>776.0</ele></trkpt>
    <trkpt lat="34.56756" lon="-119.72142"><ele>776.0</ele></trkpt>
    <trkpt lat="34.56759" lon="-119.72152"><ele>776.0</ele></trkpt>
    <trkpt lat="34.56766" lon="-119.72162"><ele>776.0</ele></trkpt>
    <trkpt lat="34.56777" lon="-119.72172"><ele>776.0</ele></trkpt>
    <trkpt lat="34.56789" lon="-119.72182"><ele>776.0</ele></trkpt>
    <trkpt lat="34.56797" lon="-119.72185"><ele>776.0</ele></trkpt>
    <trkpt lat="34.56807" lon="-119.72188"><ele>776.0</ele></trkpt>
    <trkpt lat="34.56813" lon="-119.72190"><ele>776.0</ele></trkpt>
    <trkpt lat="34.56821" lon="-119.72195"><ele>785.0</ele></trkpt>
    <trkpt lat="34.56829" lon="-119.72198"><ele>785.0</ele></trkpt>
    <trkpt lat="34.56836" lon="-119.72196"><ele>785.0</ele></trkpt>
    <trkpt lat="34.56844" lon="-119.72192"><ele>785.0</ele></trkpt>
    <trkpt lat="34.56856" lon="-119.72192"><ele>785.0</ele></trkpt>
    <trkpt lat="34.56860" lon="-119.72198"><ele>785.0</ele></trkpt>
    <trkpt lat="34.56863" lon="-119.72210"><ele>785.0</ele></trkpt>
    <trkpt lat="34.56864" lon="-119.72227"><ele>785.0</ele></trkpt>
    <trkpt lat="34.56866" lon="-119.72241"><ele>785.0</ele></trkpt>
    <trkpt lat="34.56869" lon="-119.72260"><ele>785.0</ele></trkpt>
    <trkpt lat="34.56869" lon="-119.72282"><ele>785.0</ele></trkpt>
    <trkpt lat="34.56873" lon="-119.72304"><ele>785.0</ele></trkpt>
    <trkpt lat="34.56878" lon="-119.72313"><ele>785.0</ele></trkpt>
    <trkpt lat="34.56891" lon="-119.72322"><ele>803.0</ele></trkpt>
    <trkpt lat="34.56903" lon="-119.72322"><ele>803.0</ele></trkpt>
    <trkpt lat="34.56919" lon="-119.72320"><ele>803.0</ele></trkpt>
    <trkpt lat="34.56928" lon="-119.72320"><ele>803.0</ele></trkpt>
    <trkpt lat="34.56933" lon="-119.72324"><ele>803.0</ele></trkpt>
    <trkpt lat="34.56939" lon="-119.72331"><ele>803.0</ele></trkpt>
    <trkpt lat="34.56943" lon="-119.72340"><ele>803.0</ele></trkpt>
    <trkpt lat="34.56955" lon="-119.72381"><ele>803.0</ele></trkpt>
    <trkpt lat="34.56962" lon="-119.72398"><ele>803.0</ele></trkpt>
    <trkpt lat="34.56970" lon="-119.72402"><ele>803.0</ele></trkpt>
    <trkpt lat="34.56981" lon="-119.72401"><ele>803.0</ele></trkpt>
    <trkpt lat="34.56996" lon="-119.72398"><ele>803.0</ele></trkpt>
    <trkpt lat="34.57005" lon="-119.72397"><ele>803.0</ele></trkpt>
    <trkpt lat="34.57009" lon="-119.72396"><ele>814.0</ele></trkpt>
    <trkpt lat="34.57021" lon="-119.72395"><ele>814.0</ele></trkpt>
    <trkpt lat="34.57031" lon="-119.72398"><ele>814.0</ele></trkpt>
    <trkpt lat="34.57039" lon="-119.72406"><ele>814.0</ele></trkpt>
    <trkpt lat="34.57042" lon="-119.72415"><ele>814.0</ele></trkpt>
    <trkpt lat="34.57037" lon="-119.72428"><ele>814.0</ele></trkpt>
    <trkpt lat="34.57027" lon="-119.72438"><ele>814.0</ele></trkpt>
    <trkpt lat="34.57020" lon="-119.72446"><ele>814.0</ele></trkpt>
    <trkpt lat="34.57015" lon="-119.72455"><ele>814.0</ele></trkpt>
    <trkpt lat="34.57010" lon="-119.72468"><ele>814.0</ele></trkpt>
    <trkpt lat="34.57005" lon="-119.72487"><ele>814.0</ele></trkpt>
    <trkpt lat="34.57011" lon="-119.72500"><ele>814.0</ele></trkpt>
    <trkpt lat="34.57018" lon="-119.72508"><ele>806.0</ele></trkpt>
    <trkpt lat="34.57029" lon="-119.72510"><ele>806.0</ele></trkpt>
    <trkpt lat="34.57039" lon="-119.72512"><ele>806.0</ele></trkpt>
    <trkpt lat="34.57047" lon="-119.72511"><ele>806.0</ele></trkpt>
    <trkpt lat="34.57054" lon="-119.72509"><ele>806.0</ele></trkpt>
    <trkpt lat="34.57063" lon="-119.72505"><ele>806.0</ele></trkpt>
    <trkpt lat="34.57072" lon="-119.72502"><ele>806.0</ele></trkpt>
    <trkpt lat="34.57078" lon="-119.72504"><ele>806.0</ele></trkpt>
    <trkpt lat="34.57086" lon="-119.72512"><ele>806.0</ele></trkpt>
    <trkpt lat="34.57092" lon="-119.72519"><ele>806.0</ele></trkpt>
    <trkpt lat="34.57100" lon="-119.72519"><ele>806.0</ele></trkpt>
    <trkpt lat="34.57105" lon="-119.72519"><ele>806.0</ele></trkpt>
    <trkpt lat="34.57114" lon="-119.72517"><ele>806.0</ele></trkpt>
    <trkpt lat="34.57120" lon="-119.72509"><ele>819.0</ele></trkpt>
    <trkpt lat="34.57125" lon="-119.72504"><ele>819.0</ele></trkpt>
    <trkpt lat="34.57130" lon="-119.72502"><ele>819.0</ele></trkpt>
    <trkpt lat="34.57136" lon="-119.72500"><ele>819.0</ele></trkpt>
    <trkpt lat="34.57144" lon="-119.72505"><ele>819.0</ele></trkpt>
    <trkpt lat="34.57144" lon="-119.72518"><ele>819.0</ele></trkpt>
    <trkpt lat="34.57141" lon="-119.72529"><ele>819.0</ele></trkpt>
    <trkpt lat="34.57135" lon="-119.72544"><ele>819.0</ele></trkpt>
    <trkpt lat="34.57130" lon="-119.72557"><ele>819.0</ele></trkpt>
    <trkpt lat="34.57124" lon="-119.72566"><ele>819.0</ele></trkpt>
    <trkpt lat="34.57118" lon="-119.72576"><ele>819.0</ele></trkpt>
    <trkpt lat="34.57110" lon="-119.72590"><ele>819.0</ele></trkpt>
    <trkpt lat="34.57108" lon="-119.72602"><ele>819.0</ele></trkpt>
    <trkpt lat="34.57116" lon="-119.72605"><ele>817.0</ele></trkpt>
    <trkpt lat="34.57129" lon="-119.72606"><ele>817.0</ele></trkpt>
    <trkpt lat="34.57142" lon="-119.72607"><ele>817.0</ele></trkpt>
    <trkpt lat="34.57151" lon="-119.72612"><ele>817.0</ele></trkpt>
    <trkpt lat="34.57158" lon="-119.72617"><ele>817.0</ele></trkpt>
    <trkpt lat="34.57167" lon="-119.72618"><ele>817.0</ele></trkpt>
    <trkpt lat="34.57179" lon="-119.72615"><ele>817.0</ele></trkpt>
    <trkpt lat="34.57185" lon="-119.72617"><ele>817.0</ele></trkpt>
    <trkpt lat="34.57189" lon="-119.72625"><ele>817.0</ele></trkpt>
    <trkpt lat="34.57190" lon="-119.72633"><ele>817.0</ele></trkpt>
    <trkpt lat="34.57190" lon="-119.72643"><ele>817.0</ele></trkpt>
    <trkpt lat="34.57189" lon="-119.72653"><ele>817.0</ele></trkpt>
    <trkpt lat="34.57185" lon="-119.72663"><ele>810.0</ele></trkpt>
    <trkpt lat="34.57181" lon="-119.72673"><ele>810.0</ele></trkpt>
    <trkpt lat="34.57176" lon="-119.72678"><ele>810.0</ele></trkpt>
    <trkpt lat="34.57165" lon="-119.72686"><ele>810.0</ele></trkpt>
    <trkpt lat="34.57163" lon="-119.72687"><ele>810.0</ele></trkpt>
    <trkpt lat="34.57158" lon="-119.72692"><ele>810.0</ele></trkpt>
    <trkpt lat="34.57155" lon="-119.72697"><ele>810.0</ele></trkpt>
    <trkpt lat="34.57151" lon="-119.72701"><ele>810.0</ele></trkpt>
    <trkpt lat="34.57148" lon="-119.72709"><ele>810.0</ele></trkpt>
    <trkpt lat="34.57141" lon="-119.72719"><ele>810.0</ele></trkpt>
    <trkpt lat="34.57132" lon="-119.72725"><ele>810.0</ele></trkpt>
    <trkpt lat="34.57124" lon="-119.72728"><ele>810.0</ele></trkpt>
    <trkpt lat="34.57120" lon="-119.72730"><ele>810.0</ele></trkpt>
    <trkpt lat="34.57118" lon="-119.72734"><ele>812.0</ele></trkpt>
    <trkpt lat="34.57118" lon="-119.72742"><ele>812.0</ele></trkpt>
    <trkpt lat="34.57124" lon="-119.72750"><ele>812.0</ele></trkpt>
    <trkpt lat="34.57130" lon="-119.72756"><ele>812.0</ele></trkpt>
    <trkpt lat="34.57138" lon="-119.72762"><ele>812.0</ele></trkpt>
    <trkpt lat="34.57152" lon="-119.72767"><ele>812.0</ele></trkpt>
    <trkpt lat="34.57165" lon="-119.72775"><ele>812.0</ele></trkpt>
    <trkpt lat="34.57172" lon="-119.72779"><ele>812.0</ele></trkpt>
    <trkpt lat="34.57179" lon="-119.72786"><ele>812.0</ele></trkpt>
    <trkpt lat="34.57181" lon="-119.72796"><ele>812.0</ele></trkpt>
    <trkpt lat="34.57181" lon="-119.72809"><ele>812.0</ele></trkpt>
    <trkpt lat="34.57176" lon="-119.72824"><ele>812.0</ele></trkpt>
    <trkpt lat="34.57169" lon="-119.72833"><ele>812.0</ele></trkpt>
    <trkpt lat="34.57158" lon="-119.72838"><ele>801.0</ele></trkpt>
    <trkpt lat="34.57141" lon="-119.72841"><ele>801.0</ele></trkpt>
    <trkpt lat="34.57120" lon="-119.72847"><ele>801.0</ele></trkpt>
    <trkpt lat="34.57113" lon="-119.72854"><ele>801.0</ele></trkpt>
    <trkpt lat="34.57112" lon="-119.72867"><ele>801.0</ele></trkpt>
    <trkpt lat="34.57115" lon="-119.72880"><ele>801.0</ele></trkpt>
    <trkpt lat="34.57120" lon="-119.72888"><ele>801.0</ele></trkpt>
    <trkpt lat="34.57122" lon="-119.72905"><ele>801.0</ele></trkpt>
    <trkpt lat="34.57116" lon="-119.72933"><ele>801.0</ele></trkpt>
    <trkpt lat="34.57112" lon="-119.72964"><ele>801.0</ele></trkpt>
    <trkpt lat="34.57108" lon="-119.72982"><ele>801.0</ele></trkpt>
    <trkpt lat="34.57097" lon="-119.72993"><ele>801.0</ele></trkpt>
    <trkpt lat="34.57083" lon="-119.72982"><ele>797.0</ele></trkpt>
    <trkpt lat="34.57073" lon="-119.72950"><ele>797.0</ele></trkpt>
    <trkpt lat="34.57063" lon="-119.72922"><ele>797.0</ele></trkpt>
    <trkpt lat="34.57048" lon="-119.72902"><ele>797.0</ele></trkpt>
    <trkpt lat="34.57033" lon="-119.72887"><ele>797.0</ele></trkpt>
    <trkpt lat="34.57007" lon="-119.72864"><ele>797.0</ele></trkpt>
    <trkpt lat="34.56981" lon="-119.72843"><ele>797.0</ele></trkpt>
    <trkpt lat="34.56956" lon="-119.72821"><ele>797.0</ele></trkpt>
    <trkpt lat="34.56932" lon="-119.72807"><ele>797.0</ele></trkpt>
    <trkpt lat="34.56911" lon="-119.72801"><ele>797.0</ele></trkpt>
    <trkpt lat="34.56902" lon="-119.72808"><ele>797.0</ele></trkpt>
    <trkpt lat="34.56898" lon="-119.72819"><ele>797.0</ele></trkpt>
    <trkpt lat="34.56893" lon="-119.72833"><ele>797.0</ele></trkpt>
    <trkpt lat="34.56889" lon="-119.72858"><ele>808.0</ele></trkpt>
    <trkpt lat="34.56890" lon="-119.72879"><ele>808.0</ele></trkpt>
    <trkpt lat="34.56897" lon="-119.72903"><ele>808.0</ele></trkpt>
    <trkpt lat="34.56901" lon="-119.72934"><ele>808.0</ele></trkpt>
    <trkpt lat="34.56906" lon="-119.72972"><ele>808.0</ele></trkpt>
    <trkpt lat="34.56906" lon="-119.73007"><ele>808.0</ele></trkpt>
    <trkpt lat="34.56909" lon="-119.73037"><ele>808.0</ele></trkpt>
    <trkpt lat="34.56917" lon="-119.73056"><ele>808.0</ele></trkpt>
    <trkpt lat="34.56918" lon="-119.73082"><ele>808.0</ele></trkpt>
    <trkpt lat="34.56915" lon="-119.73105"><ele>808.0</ele></trkpt>
    <trkpt lat="34.56920" lon="-119.73124"><ele>808.0</ele></trkpt>
    <trkpt lat="34.56924" lon="-119.73139"><ele>808.0</ele></trkpt>
    <trkpt lat="34.56931" lon="-119.73161"><ele>808.0</ele></trkpt>
    <trkpt lat="34.56946" lon="-119.73186"><ele>827.0</ele></trkpt>
    <trkpt lat="34.56960" lon="-119.73197"><ele>827.0</ele></trkpt>
    <trkpt lat="34.56975" lon="-119.73205"><ele>827.0</ele></trkpt>
    <trkpt lat="34.56983" lon="-119.73221"><ele>827.0</ele></trkpt>
    <trkpt lat="34.56979" lon="-119.73237"><ele>827.0</ele></trkpt>
    <trkpt lat="34.56972" lon="-119.73254"><ele>827.0</ele></trkpt>
    <trkpt lat="34.56962" lon="-119.73270"><ele>827.0</ele></trkpt>
    <trkpt lat="34.56956" lon="-119.73283"><ele>827.0</ele></trkpt>
    <trkpt lat="34.56955" lon="-119.73305"><ele>827.0</ele></trkpt>
    <trkpt lat="34.56962" lon="-119.73326"><ele>827.0</ele></trkpt>
    <trkpt lat="34.56971" lon="-119.73342"><ele>827.0</ele></trkpt>
    <trkpt lat="34.56977" lon="-119.73356"><ele>827.0</ele></trkpt>
    <trkpt lat="34.56982" lon="-119.73359"><ele>841.0</ele></trkpt>
    <trkpt lat="34.56982" lon="-119.73360"><ele>841.0</ele></trkpt>
    <trkpt lat="34.56991" lon="-119.73371"><ele>841.0</ele></trkpt>
    <trkpt lat="34.57000" lon="-119.73381"><ele>841.0</ele></trkpt>
    <trkpt lat="34.57006" lon="-119.73393"><ele>841.0</ele></trkpt>
    <trkpt lat="34.57007" lon="-119.73408"><ele>841.0</ele></trkpt>
    <trkpt lat="34.57001" lon="-119.73414"><ele>841.0</ele></trkpt>
    <trkpt lat="34.56994" lon="-119.73421"><ele>841.0</ele></trkpt>
    <trkpt lat="34.56989" lon="-119.73430"><ele>841.0</ele></trkpt>
    <trkpt lat="34.56987" lon="-119.73446"><ele>841.0</ele></trkpt>
    <trkpt lat="34.56991" lon="-119.73461"><ele>841.0</ele></trkpt>
    <trkpt lat="34.56992" lon="-119.73472"><ele>841.0</ele></trkpt>
    <trkpt lat="34.56992" lon="-119.73484"><ele>841.0</ele></trkpt>
    <trkpt lat="34.56993" lon="-119.73493"><ele>844.0</ele></trkpt>
    <trkpt lat="34.56988" lon="-119.73499"><ele>844.0</ele></trkpt>
    <trkpt lat="34.56981" lon="-119.73504"><ele>844.0</ele></trkpt>
    <trkpt lat="34.56971" lon="-119.73512"><ele>844.0</ele></trkpt>
    <trkpt lat="34.56967" lon="-119.73517"><ele>844.0</ele></trkpt>
    <trkpt lat="34.56956" lon="-119.73523"><ele>844.0</ele></trkpt>
    <trkpt lat="34.56953" lon="-119.73532"><ele>844.0</ele></trkpt>
    <trkpt lat="34.56951" lon="-119.73539"><ele>844.0</ele></trkpt>
    <trkpt lat="34.56947" lon="-119.73543"><ele>844.0</ele></trkpt>
    <trkpt lat="34.56941" lon="-119.73545"><ele>844.0</ele></trkpt>
    <trkpt lat="34.56937" lon="-119.73545"><ele>844.0</ele></trkpt>
    <trkpt lat="34.56928" lon="-119.73546"><ele>844.0</ele></trkpt>
    <trkpt lat="34.56921" lon="-119.73546"><ele>844.0</ele></trkpt>
    <trkpt lat="34.56910" lon="-119.73551"><ele>848.0</ele></trkpt>
    <trkpt lat="34.56904" lon="-119.73554"><ele>848.0</ele></trkpt>
    <trkpt lat="34.56895" lon="-119.73567"><ele>848.0</ele></trkpt>
    <trkpt lat="34.56888" lon="-119.73574"><ele>848.0</ele></trkpt>
    <trkpt lat="34.56882" lon="-119.73581"><ele>848.0</ele></trkpt>
    <trkpt lat="34.56877" lon="-119.73588"><ele>848.0</ele></trkpt>
    <trkpt lat="34.56873" lon="-119.73598"><ele>848.0</ele></trkpt>
    <trkpt lat="34.56872" lon="-119.73609"><ele>848.0</ele></trkpt>
    <trkpt lat="34.56873" lon="-119.73618"><ele>848.0</ele></trkpt>
    <trkpt lat="34.56871" lon="-119.73633"><ele>848.0</ele></trkpt>
    <trkpt lat="34.56867" lon="-119.73651"><ele>848.0</ele></trkpt>
    <trkpt lat="34.56864" lon="-119.73666"><ele>848.0</ele></trkpt>
    <trkpt lat="34.56860" lon="-119.73681"><ele>850.0</ele></trkpt>
    <trkpt lat="34.56853" lon="-119.73696"><ele>850.0</ele></trkpt>
    <trkpt lat="34.56842" lon="-119.73712"><ele>850.0</ele></trkpt>
    <trkpt lat="34.56839" lon="-119.73724"><ele>850.0</ele></trkpt>
    <trkpt lat="34.56834" lon="-119.73740"><ele>850.0</ele></trkpt>
    <trkpt lat="34.56833" lon="-119.73762"><ele>850.0</ele></trkpt>
    <trkpt lat="34.56834" lon="-119.73781"><ele>850.0</ele></trkpt>
    <trkpt lat="34.56842" lon="-119.73795"><ele>850.0</ele></trkpt>
    <trkpt lat="34.56852" lon="-119.73806"><ele>850.0</ele></trkpt>
    <trkpt lat="34.56867" lon="-119.73822"><ele>850.0</ele></trkpt>
    <trkpt lat="34.56871" lon="-119.73849"><ele>850.0</ele></trkpt>
    <trkpt lat="34.56873" lon="-119.73878"><ele>850.0</ele></trkpt>
    <trkpt lat="34.56885" lon="-119.73902"><ele>850.0</ele></trkpt>
    <trkpt lat="34.56899" lon="-119.73918"><ele>827.0</ele></trkpt>
    <trkpt lat="34.56913" lon="-119.73936"><ele>827.0</ele></trkpt>
    <trkpt lat="34.56924" lon="-119.73956"><ele>827.0</ele></trkpt>
    <trkpt lat="34.56927" lon="-119.73966"><ele>827.0</ele></trkpt>
    <trkpt lat="34.56926" lon="-119.73980"><ele>827.0</ele></trkpt>
    <trkpt lat="34.56915" lon="-119.73986"><ele>827.0</ele></trkpt>
    <trkpt lat="34.56901" lon="-119.73992"><ele>827.0</ele></trkpt>
    <trkpt lat="34.56885" lon="-119.74001"><ele>827.0</ele></trkpt>
    <trkpt lat="34.56870" lon="-119.74008"><ele>827.0</ele></trkpt>
    <trkpt lat="34.56860" lon="-119.74014"><ele>827.0</ele></trkpt>
    <trkpt lat="34.56848" lon="-119.74023"><ele>827.0</ele></trkpt>
    <trkpt lat="34.56842" lon="-119.74036"><ele>827.0</ele></trkpt>
    <trkpt lat="34.56838" lon="-119.74054"><ele>827.0</ele></trkpt>
    <trkpt lat="34.56834" lon="-119.74068"><ele>801.0</ele></trkpt>
    <trkpt lat="34.56829" lon="-119.74091"><ele>801.0</ele></trkpt>
    <trkpt lat="34.56823" lon="-119.74112"><ele>801.0</ele></trkpt>
    <trkpt lat="34.56819" lon="-119.74119"><ele>801.0</ele></trkpt>
    <trkpt lat="34.56815" lon="-119.74132"><ele>801.0</ele></trkpt>
    <trkpt lat="34.56808" lon="-119.74144"><ele>801.0</ele></trkpt>
    <trkpt lat="34.56797" lon="-119.74155"><ele>801.0</ele></trkpt>
    <trkpt lat="34.56781" lon="-119.74166"><ele>801.0</ele></trkpt>
    <trkpt lat="34.56768" lon="-119.74170"><ele>801.0</ele></trkpt>
    <trkpt lat="34.56756" lon="-119.74170"><ele>801.0</ele></trkpt>
    <trkpt lat="34.56743" lon="-119.74167"><ele>801.0</ele></trkpt>
    <trkpt lat="34.56726" lon="-119.74162"><ele>801.0</ele></trkpt>
    <trkpt lat="34.56705" lon="-119.74162"><ele>791.0</ele></trkpt>
    <trkpt lat="34.56695" lon="-119.74171"><ele>791.0</ele></trkpt>
    <trkpt lat="34.56692" lon="-119.74181"><ele>791.0</ele></trkpt>
    <trkpt lat="34.56697" lon="-119.74189"><ele>791.0</ele></trkpt>
    <trkpt lat="34.56709" lon="-119.74193"><ele>791.0</ele></trkpt>
    <trkpt lat="34.56730" lon="-119.74193"><ele>791.0</ele></trkpt>
    <trkpt lat="34.56748" lon="-119.74197"><ele>791.0</ele></trkpt>
    <trkpt lat="34.56768" lon="-119.74199"><ele>791.0</ele></trkpt>
    <trkpt lat="34.56790" lon="-119.74200"><ele>791.0</ele></trkpt>
    <trkpt lat="34.56803" lon="-119.74200"><ele>791.0</ele></trkpt>
    <trkpt lat="34.56809" lon="-119.74204"><ele>791.0</ele></trkpt>
    <trkpt lat="34.56811" lon="-119.74214"><ele>791.0</ele></trkpt>
    <trkpt lat="34.56808" lon="-119.74223"><ele>791.0</ele></trkpt>
    <trkpt lat="34.56796" lon="-119.74233"><ele>776.0</ele></trkpt>
    <trkpt lat="34.56788" lon="-119.74241"><ele>776.0</ele></trkpt>
    <trkpt lat="34.56784" lon="-119.74249"><ele>776.0</ele></trkpt>
    <trkpt lat="34.56777" lon="-119.74258"><ele>776.0</ele></trkpt>
    <trkpt lat="34.56770" lon="-119.74270"><ele>776.0</ele></trkpt>
    <trkpt lat="34.56759" lon="-119.74282"><ele>776.0</ele></trkpt>
    <trkpt lat="34.56746" lon="-119.74299"><ele>776.0</ele></trkpt>
    <trkpt lat="34.56734" lon="-119.74311"><ele>776.0</ele></trkpt>
    <trkpt lat="34.56733" lon="-119.74322"><ele>776.0</ele></trkpt>
    <trkpt lat="34.56733" lon="-119.74341"><ele>776.0</ele></trkpt>
    <trkpt lat="34.56729" lon="-119.74359"><ele>776.0</ele></trkpt>
    <trkpt lat="34.56719" lon="-119.74375"><ele>776.0</ele></trkpt>
    <trkpt lat="34.56715" lon="-119.74388"><ele>776.0</ele></trkpt>
    <trkpt lat="34.56718" lon="-119.74410"><ele>757.0</ele></trkpt>
    <trkpt lat="34.56718" lon="-119.74421"><ele>757.0</ele></trkpt>
    <trkpt lat="34.56715" lon="-119.74448"><ele>757.0</ele></trkpt>
    <trkpt lat="34.56715" lon="-119.74473"><ele>757.0</ele></trkpt>
    <trkpt lat="34.56716" lon="-119.74501"><ele>757.0</ele></trkpt>
    <trkpt lat="34.56722" lon="-119.74527"><ele>757.0</ele></trkpt>
    <trkpt lat="34.56724" lon="-119.74531"><ele>757.0</ele></trkpt>
    <trkpt lat="34.56728" lon="-119.74540"><ele>757.0</ele></trkpt>
    <trkpt lat="34.56736" lon="-119.74549"><ele>757.0</ele></trkpt>
    <trkpt lat="34.56744" lon="-119.74554"><ele>757.0</ele></trkpt>
    <trkpt lat="34.56752" lon="-119.74562"><ele>757.0</ele></trkpt>
    <trkpt lat="34.56749" lon="-119.74575"><ele>757.0</ele></trkpt>
    <trkpt lat="34.56742" lon="-119.74585"><ele>738.0</ele></trkpt>
    <trkpt lat="34.56727" lon="-119.74594"><ele>738.0</ele></trkpt>
    <trkpt lat="34.56706" lon="-119.74600"><ele>738.0</ele></trkpt>
    <trkpt lat="34.56686" lon="-119.74606"><ele>738.0</ele></trkpt>
    <trkpt lat="34.56666" lon="-119.74613"><ele>738.0</ele></trkpt>
    <trkpt lat="34.56661" lon="-119.74619"><ele>738.0</ele></trkpt>
    <trkpt lat="34.56655" lon="-119.74637"><ele>738.0</ele></trkpt>
    <trkpt lat="34.56652" lon="-119.74652"><ele>738.0</ele></trkpt>
    <trkpt lat="34.56648" lon="-119.74677"><ele>738.0</ele></trkpt>
    <trkpt lat="34.56643" lon="-119.74707"><ele>738.0</ele></trkpt>
    <trkpt lat="34.56640" lon="-119.74723"><ele>738.0</ele></trkpt>
    <trkpt lat="34.56633" lon="-119.74745"><ele>738.0</ele></trkpt>
    <trkpt lat="34.56622" lon="-119.74760"><ele>738.0</ele></trkpt>
    <trkpt lat="34.56610" lon="-119.74771"><ele>730.0</ele></trkpt>
    <trkpt lat="34.56599" lon="-119.74778"><ele>730.0</ele></trkpt>
    <trkpt lat="34.56584" lon="-119.74778"><ele>730.0</ele></trkpt>
    <trkpt lat="34.56564" lon="-119.74769"><ele>730.0</ele></trkpt>
    <trkpt lat="34.56548" lon="-119.74766"><ele>730.0</ele></trkpt>
    <trkpt lat="34.56532" lon="-119.74775"><ele>730.0</ele></trkpt>
    <trkpt lat="34.56521" lon="-119.74786"><ele>730.0</ele></trkpt>
    <trkpt lat="34.56506" lon="-119.74791"><ele>730.0</ele></trkpt>
    <trkpt lat="34.56493" lon="-119.74788"><ele>730.0</ele></trkpt>
    <trkpt lat="34.56479" lon="-119.74780"><ele>730.0</ele></trkpt>
    <trkpt lat="34.56468" lon="-119.74757"><ele>730.0</ele></trkpt>
    <trkpt lat="34.56463" lon="-119.74749"><ele>730.0</ele></trkpt>
    <trkpt lat="34.56460" lon="-119.74747"><ele>730.0</ele></trkpt>
    <trkpt lat="34.56458" lon="-119.74749"><ele>723.0</ele></trkpt>
    <trkpt lat="34.56452" lon="-119.74754"><ele>723.0</ele></trkpt>
    <trkpt lat="34.56447" lon="-119.74767"><ele>723.0</ele></trkpt>
    <trkpt lat="34.56438" lon="-119.74785"><ele>723.0</ele></trkpt>
    <trkpt lat="34.56429" lon="-119.74803"><ele>723.0</ele></trkpt>
    <trkpt lat="34.56425" lon="-119.74808"><ele>723.0</ele></trkpt>
    <trkpt lat="34.56419" lon="-119.74818"><ele>723.0</ele></trkpt>
    <trkpt lat="34.56413" lon="-119.74836"><ele>723.0</ele></trkpt>
    <trkpt lat="34.56409" lon="-119.74838"><ele>723.0</ele></trkpt>
    <trkpt lat="34.56399" lon="-119.74839"><ele>723.0</ele></trkpt>
    <trkpt lat="34.56389" lon="-119.74834"><ele>723.0</ele></trkpt>
    <trkpt lat="34.56380" lon="-119.74826"><ele>723.0</ele></trkpt>
    <trkpt lat="34.56372" lon="-119.74818"><ele>709.0</ele></trkpt>
    <trkpt lat="34.56359" lon="-119.74813"><ele>709.0</ele></trkpt>
    <trkpt lat="34.56348" lon="-119.74811"><ele>709.0</ele></trkpt>
    <trkpt lat="34.56338" lon="-119.74804"><ele>709.0</ele></trkpt>
    <trkpt lat="34.56328" lon="-119.74795"><ele>709.0</ele></trkpt>
    <trkpt lat="34.56322" lon="-119.74788"><ele>709.0</ele></trkpt>
    <trkpt lat="34.56316" lon="-119.74778"><ele>709.0</ele></trkpt>
    <trkpt lat="34.56311" lon="-119.74773"><ele>709.0</ele></trkpt>
    <trkpt lat="34.56298" lon="-119.74758"><ele>709.0</ele></trkpt>
    <trkpt lat="34.56298" lon="-119.74769"><ele>709.0</ele></trkpt>
    <trkpt lat="34.56294" lon="-119.74773"><ele>709.0</ele></trkpt>
    <trkpt lat="34.56292" lon="-119.74793"><ele>709.0</ele></trkpt>
    <trkpt lat="34.56291" lon="-119.74814"><ele>709.0</ele></trkpt>
    <trkpt lat="34.56291" lon="-119.74834"><ele>696.0</ele></trkpt>
    <trkpt lat="34.56288" lon="-119.74855"><ele>696.0</ele></trkpt>
    <trkpt lat="34.56271" lon="-119.74864"><ele>696.0</ele></trkpt>
    <trkpt lat="34.56254" lon="-119.74876"><ele>696.0</ele></trkpt>
    <trkpt lat="34.56237" lon="-119.74885"><ele>696.0</ele></trkpt>
    <trkpt lat="34.56220" lon="-119.74897"><ele>696.0</ele></trkpt>
    <trkpt lat="34.56213" lon="-119.74911"><ele>696.0</ele></trkpt>
    <trkpt lat="34.56218" lon="-119.74929"><ele>696.0</ele></trkpt>
    <trkpt lat="34.56227" lon="-119.74934"><ele>696.0</ele></trkpt>
    <trkpt lat="34.56241" lon="-119.74932"><ele>696.0</ele></trkpt>
    <trkpt lat="34.56269" lon="-119.74918"><ele>696.0</ele></trkpt>
    <trkpt lat="34.56290" lon="-119.74909"><ele>696.0</ele></trkpt>
    <trkpt lat="34.56311" lon="-119.74916"><ele>696.0</ele></trkpt>
    <trkpt lat="34.56319" lon="-119.74937"><ele>686.0</ele></trkpt>
    <trkpt lat="34.56319" lon="-119.74959"><ele>686.0</ele></trkpt>
    <trkpt lat="34.56315" lon="-119.74982"><ele>686.0</ele></trkpt>
    <trkpt lat="34.56317" lon="-119.75006"><ele>686.0</ele></trkpt>
    <trkpt lat="34.56306" lon="-119.75026"><ele>686.0</ele></trkpt>
    <trkpt lat="34.56296" lon="-119.75055"><ele>686.0</ele></trkpt>
    <trkpt lat="34.56296" lon="-119.75083"><ele>686.0</ele></trkpt>
    <trkpt lat="34.56299" lon="-119.75099"><ele>686.0</ele></trkpt>
    <trkpt lat="34.56303" lon="-119.75114"><ele>686.0</ele></trkpt>
    <trkpt lat="34.56306" lon="-119.75122"><ele>686.0</ele></trkpt>
    <trkpt lat="34.56308" lon="-119.75135"><ele>686.0</ele></trkpt>
    <trkpt lat="34.56306" lon="-119.75143"><ele>686.0</ele></trkpt>
    <trkpt lat="34.56286" lon="-119.75169"><ele>673.0</ele></trkpt>
    <trkpt lat="34.56276" lon="-119.75180"><ele>673.0</ele></trkpt>
    <trkpt lat="34.56260" lon="-119.75197"><ele>673.0</ele></trkpt>
    <trkpt lat="34.56242" lon="-119.75216"><ele>673.0</ele></trkpt>
    <trkpt lat="34.56240" lon="-119.75219"><ele>673.0</ele></trkpt>
    <trkpt lat="34.56234" lon="-119.75234"><ele>673.0</ele></trkpt>
    <trkpt lat="34.56234" lon="-119.75245"><ele>673.0</ele></trkpt>
    <trkpt lat="34.56237" lon="-119.75257"><ele>673.0</ele></trkpt>
    <trkpt lat="34.56246" lon="-119.75277"><ele>673.0</ele></trkpt>
    <trkpt lat="34.56253" lon="-119.75293"><ele>673.0</ele></trkpt>
    <trkpt lat="34.56255" lon="-119.75302"><ele>673.0</ele></trkpt>
    <trkpt lat="34.56267" lon="-119.75330"><ele>673.0</ele></trkpt>
    <trkpt lat="34.56273" lon="-119.75344"><ele>673.0</ele></trkpt>
    <trkpt lat="34.56279" lon="-119.75368"><ele>665.0</ele></trkpt>
    <trkpt lat="34.56279" lon="-119.75380"><ele>665.0</ele></trkpt>
    <trkpt lat="34.56275" lon="-119.75390"><ele>665.0</ele></trkpt>
    <trkpt lat="34.56272" lon="-119.75392"><ele>665.0</ele></trkpt>
    <trkpt lat="34.56258" lon="-119.75405"><ele>665.0</ele></trkpt>
    <trkpt lat="34.56242" lon="-119.75415"><ele>665.0</ele></trkpt>
    <trkpt lat="34.56225" lon="-119.75428"><ele>665.0</ele></trkpt>
    <trkpt lat="34.56219" lon="-119.75433"><ele>665.0</ele></trkpt>
    <trkpt lat="34.56217" lon="-119.75444"><ele>665.0</ele></trkpt>
    <trkpt lat="34.56207" lon="-119.75464"><ele>665.0</ele></trkpt>
    <trkpt lat="34.56203" lon="-119.75473"><ele>665.0</ele></trkpt>
    <trkpt lat="34.56195" lon="-119.75482"><ele>665.0</ele></trkpt>
    <trkpt lat="34.56181" lon="-119.75494"><ele>665.0</ele></trkpt>
    <trkpt lat="34.56168" lon="-119.75503"><ele>654.0</ele></trkpt>
    <trkpt lat="34.56162" lon="-119.75510"><ele>654.0</ele></trkpt>
    <trkpt lat="34.56157" lon="-119.75526"><ele>654.0</ele></trkpt>
    <trkpt lat="34.56154" lon="-119.75539"><ele>654.0</ele></trkpt>
    <trkpt lat="34.56154" lon="-119.75552"><ele>654.0</ele></trkpt>
    <trkpt lat="34.56161" lon="-119.75583"><ele>654.0</ele></trkpt>
    <trkpt lat="34.56164" lon="-119.75602"><ele>654.0</ele></trkpt>
    <trkpt lat="34.56167" lon="-119.75623"><ele>654.0</ele></trkpt>
    <trkpt lat="34.56168" lon="-119.75635"><ele>654.0</ele></trkpt>
    <trkpt lat="34.56173" lon="-119.75642"><ele>654.0</ele></trkpt>
    <trkpt lat="34.56184" lon="-119.75659"><ele>654.0</ele></trkpt>
    <trkpt lat="34.56186" lon="-119.75668"><ele>654.0</ele></trkpt>
    <trkpt lat="34.56183" lon="-119.75673"><ele>654.0</ele></trkpt>
    <trkpt lat="34.56174" lon="-119.75681"><ele>644.0</ele></trkpt>
    <trkpt lat="34.56165" lon="-119.75685"><ele>644.0</ele></trkpt>
    <trkpt lat="34.56155" lon="-119.75688"><ele>644.0</ele></trkpt>
    <trkpt lat="34.56137" lon="-119.75693"><ele>644.0</ele></trkpt>
    <trkpt lat="34.56131" lon="-119.75700"><ele>644.0</ele></trkpt>
    <trkpt lat="34.56124" lon="-119.75717"><ele>644.0</ele></trkpt>
    <trkpt lat="34.56114" lon="-119.75722"><ele>644.0</ele></trkpt>
    <trkpt lat="34.56103" lon="-119.75727"><ele>644.0</ele></trkpt>
    <trkpt lat="34.56084" lon="-119.75732"><ele>644.0</ele></trkpt>
    <trkpt lat="34.56078" lon="-119.75733"><ele>644.0</ele></trkpt>
    <trkpt lat="34.56066" lon="-119.75743"><ele>644.0</ele></trkpt>
    <trkpt lat="34.56063" lon="-119.75753"><ele>644.0</ele></trkpt>
    <trkpt lat="34.56063" lon="-119.75761"><ele>628.0</ele></trkpt>
    <trkpt lat="34.56062" lon="-119.75777"><ele>628.0</ele></trkpt>
    <trkpt lat="34.56067" lon="-119.75798"><ele>628.0</ele></trkpt>
    <trkpt lat="34.56075" lon="-119.75809"><ele>628.0</ele></trkpt>
    <trkpt lat="34.56092" lon="-119.75827"><ele>628.0</ele></trkpt>
    <trkpt lat="34.56103" lon="-119.75838"><ele>628.0</ele></trkpt>
    <trkpt lat="34.56117" lon="-119.75857"><ele>628.0</ele></trkpt>
    <trkpt lat="34.56125" lon="-119.75872"><ele>628.0</ele></trkpt>
    <trkpt lat="34.56127" lon="-119.75884"><ele>628.0</ele></trkpt>
    <trkpt lat="34.56120" lon="-119.75900"><ele>628.0</ele></trkpt>
    <trkpt lat="34.56106" lon="-119.75915"><ele>628.0</ele></trkpt>
    <trkpt lat="34.56100" lon="-119.75927"><ele>628.0</ele></trkpt>
    <trkpt lat="34.56102" lon="-119.75939"><ele>628.0</ele></trkpt>
    <trkpt lat="34.56104" lon="-119.75956"><ele>613.0</ele></trkpt>
    <trkpt lat="34.56101" lon="-119.75968"><ele>613.0</ele></trkpt>
    <trkpt lat="34.56101" lon="-119.75988"><ele>613.0</ele></trkpt>
    <trkpt lat="34.56109" lon="-119.76006"><ele>613.0</ele></trkpt>
    <trkpt lat="34.56116" lon="-119.76020"><ele>613.0</ele></trkpt>
    <trkpt lat="34.56135" lon="-119.76042"><ele>613.0</ele></trkpt>
    <trkpt lat="34.56146" lon="-119.76055"><ele>613.0</ele></trkpt>
    <trkpt lat="34.56157" lon="-119.76074"><ele>613.0</ele></trkpt>
    <trkpt lat="34.56164" lon="-119.76083"><ele>613.0</ele></trkpt>
    <trkpt lat="34.56165" lon="-119.76093"><ele>613.0</ele></trkpt>
    <trkpt lat="34.56159" lon="-119.76115"><ele>613.0</ele></trkpt>
    <trkpt lat="34.56159" lon="-119.76130"><ele>613.0</ele></trkpt>
    <trkpt lat="34.56163" lon="-119.76144"><ele>613.0</ele></trkpt>
    <trkpt lat="34.56168" lon="-119.76152"><ele>598.0</ele></trkpt>
    <trkpt lat="34.56178" lon="-119.76155"><ele>598.0</ele></trkpt>
    <trkpt lat="34.56195" lon="-119.76159"><ele>598.0</ele></trkpt>
    <trkpt lat="34.56199" lon="-119.76167"><ele>598.0</ele></trkpt>
    <trkpt lat="34.56205" lon="-119.76181"><ele>598.0</ele></trkpt>
    <trkpt lat="34.56211" lon="-119.76190"><ele>598.0</ele></trkpt>
    <trkpt lat="34.56228" lon="-119.76195"><ele>598.0</ele></trkpt>
    <trkpt lat="34.56236" lon="-119.76201"><ele>598.0</ele></trkpt>
    <trkpt lat="34.56248" lon="-119.76220"><ele>598.0</ele></trkpt>
    <trkpt lat="34.56258" lon="-119.76231"><ele>598.0</ele></trkpt>
    <trkpt lat="34.56261" lon="-119.76241"><ele>598.0</ele></trkpt>
    <trkpt lat="34.56261" lon="-119.76253"><ele>598.0</ele></trkpt>
    <trkpt lat="34.56250" lon="-119.76261"><ele>589.0</ele></trkpt>
    <trkpt lat="34.56240" lon="-119.76266"><ele>589.0</ele></trkpt>
    <trkpt lat="34.56225" lon="-119.76284"><ele>589.0</ele></trkpt>
    <trkpt lat="34.56216" lon="-119.76296"><ele>589.0</ele></trkpt>
    <trkpt lat="34.56215" lon="-119.76312"><ele>589.0</ele></trkpt>
    <trkpt lat="34.56217" lon="-119.76322"><ele>589.0</ele></trkpt>
    <trkpt lat="34.56225" lon="-119.76339"><ele>589.0</ele></trkpt>
    <trkpt lat="34.56224" lon="-119.76346"><ele>589.0</ele></trkpt>
    <trkpt lat="34.56224" lon="-119.76379"><ele>589.0</ele></trkpt>
    <trkpt lat="34.56226" lon="-119.76415"><ele>589.0</ele></trkpt>
    <trkpt lat="34.56230" lon="-119.76432"><ele>589.0</ele></trkpt>
    <trkpt lat="34.56232" lon="-119.76443"><ele>589.0</ele></trkpt>
    <trkpt lat="34.56225" lon="-119.76452"><ele>589.0</ele></trkpt>
    <trkpt lat="34.56210" lon="-119.76464"><ele>560.0</ele></trkpt>
    <trkpt lat="34.56187" lon="-119.76481"><ele>560.0</ele></trkpt>
    <trkpt lat="34.56179" lon="-119.76492"><ele>560.0</ele></trkpt>
    <trkpt lat="34.56158" lon="-119.76501"><ele>560.0</ele></trkpt>
    <trkpt lat="34.56143" lon="-119.76508"><ele>560.0</ele></trkpt>
    <trkpt lat="34.56122" lon="-119.76523"><ele>560.0</ele></trkpt>
    <trkpt lat="34.56103" lon="-119.76532"><ele>560.0</ele></trkpt>
    <trkpt lat="34.56093" lon="-119.76533"><ele>560.0</ele></trkpt>
    <trkpt lat="34.56074" lon="-119.76535"><ele>560.0</ele></trkpt>
    <trkpt lat="34.56046" lon="-119.76533"><ele>560.0</ele></trkpt>
    <trkpt lat="34.56032" lon="-119.76538"><ele>560.0</ele></trkpt>
    <trkpt lat="34.56006" lon="-119.76543"><ele>560.0</ele></trkpt>
    <trkpt lat="34.55988" lon="-119.76554"><ele>560.0</ele></trkpt>
    <trkpt lat="34.55980" lon="-119.76564"><ele>536.0</ele></trkpt>
    <trkpt lat="34.55965" lon="-119.76591"><ele>536.0</ele></trkpt>
    <trkpt lat="34.55952" lon="-119.76619"><ele>536.0</ele></trkpt>
    <trkpt lat="34.55944" lon="-119.76638"><ele>536.0</ele></trkpt>
    <trkpt lat="34.55943" lon="-119.76652"><ele>536.0</ele></trkpt>
    <trkpt lat="34.55949" lon="-119.76666"><ele>536.0</ele></trkpt>
    <trkpt lat="34.55958" lon="-119.76679"><ele>536.0</ele></trkpt>
    <trkpt lat="34.55977" lon="-119.76680"><ele>536.0</ele></trkpt>
    <trkpt lat="34.55991" lon="-119.76686"><ele>536.0</ele></trkpt>
    <trkpt lat="34.55999" lon="-119.76694"><ele>536.0</ele></trkpt>
    <trkpt lat="34.56010" lon="-119.76712"><ele>536.0</ele></trkpt>
    <trkpt lat="34.56018" lon="-119.76733"><ele>536.0</ele></trkpt>
    <trkpt lat="34.56027" lon="-119.76754"><ele>507.0</ele></trkpt>
    <trkpt lat="34.56033" lon="-119.76762"><ele>507.0</ele></trkpt>
    <trkpt lat="34.56037" lon="-119.76765"><ele>507.0</ele></trkpt>
    <trkpt lat="34.56044" lon="-119.76767"><ele>507.0</ele></trkpt>
    <trkpt lat="34.56048" lon="-119.76764"><ele>507.0</ele></trkpt>
    <trkpt lat="34.56048" lon="-119.76755"><ele>507.0</ele></trkpt>
    <trkpt lat="34.56043" lon="-119.76738"><ele>507.0</ele></trkpt>
    <trkpt lat="34.56035" lon="-119.76725"><ele>507.0</ele></trkpt>
    <trkpt lat="34.56028" lon="-119.76710"><ele>507.0</ele></trkpt>
    <trkpt lat="34.56026" lon="-119.76702"><ele>507.0</ele></trkpt>
    <trkpt lat="34.56027" lon="-119.76694"><ele>507.0</ele></trkpt>
    <trkpt lat="34.56037" lon="-119.76687"><ele>507.0</ele></trkpt>
    <trkpt lat="34.56043" lon="-119.76680"><ele>507.0</ele></trkpt>
    <trkpt lat="34.56049" lon="-119.76662"><ele>505.0</ele></trkpt>
    <trkpt lat="34.56059" lon="-119.76649"><ele>505.0</ele></trkpt>
    <trkpt lat="34.56072" lon="-119.76641"><ele>505.0</ele></trkpt>
    <trkpt lat="34.56079" lon="-119.76641"><ele>505.0</ele></trkpt>
    <trkpt lat="34.56086" lon="-119.76645"><ele>505.0</ele></trkpt>
    <trkpt lat="34.56095" lon="-119.76652"><ele>505.0</ele></trkpt>
    <trkpt lat="34.56106" lon="-119.76665"><ele>505.0</ele></trkpt>
    <trkpt lat="34.56125" lon="-119.76680"><ele>505.0</ele></trkpt>
    <trkpt lat="34.56136" lon="-119.76682"><ele>505.0</ele></trkpt>
    <trkpt lat="34.56167" lon="-119.76687"><ele>505.0</ele></trkpt>
    <trkpt lat="34.56180" lon="-119.76686"><ele>505.0</ele></trkpt>
    <trkpt lat="34.56193" lon="-119.76684"><ele>505.0</ele></trkpt>
    <trkpt lat="34.56200" lon="-119.76678"><ele>505.0</ele></trkpt>
    <trkpt lat="34.56204" lon="-119.76668"><ele>498.0</ele></trkpt>
    <trkpt lat="34.56218" lon="-119.76647"><ele>498.0</ele></trkpt>
    <trkpt lat="34.56224" lon="-119.76635"><ele>498.0</ele></trkpt>
    <trkpt lat="34.56234" lon="-119.76614"><ele>498.0</ele></trkpt>
    <trkpt lat="34.56241" lon="-119.76605"><ele>498.0</ele></trkpt>
    <trkpt lat="34.56252" lon="-119.76598"><ele>498.0</ele></trkpt>
    <trkpt lat="34.56263" lon="-119.76594"><ele>498.0</ele></trkpt>
    <trkpt lat="34.56286" lon="-119.76575"><ele>498.0</ele></trkpt>
    <trkpt lat="34.56298" lon="-119.76565"><ele>498.0</ele></trkpt>
    <trkpt lat="34.56313" lon="-119.76550"><ele>498.0</ele></trkpt>
    <trkpt lat="34.56331" lon="-119.76535"><ele>498.0</ele></trkpt>
    <trkpt lat="34.56344" lon="-119.76514"><ele>498.0</ele></trkpt>
    <trkpt lat="34.56351" lon="-119.76497"><ele>475.0</ele></trkpt>
    <trkpt lat="34.56357" lon="-119.76481"><ele>475.0</ele></trkpt>
    <trkpt lat="34.56363" lon="-119.76477"><ele>475.0</ele></trkpt>
    <trkpt lat="34.56366" lon="-119.76480"><ele>475.0</ele></trkpt>
    <trkpt lat="34.56369" lon="-119.76484"><ele>475.0</ele></trkpt>
    <trkpt lat="34.56370" lon="-119.76498"><ele>475.0</ele></trkpt>
    <trkpt lat="34.56367" lon="-119.76508"><ele>475.0</ele></trkpt>
    <trkpt lat="34.56363" lon="-119.76522"><ele>475.0</ele></trkpt>
    <trkpt lat="34.56351" lon="-119.76545"><ele>475.0</ele></trkpt>
    <trkpt lat="34.56346" lon="-119.76553"><ele>475.0</ele></trkpt>
    <trkpt lat="34.56333" lon="-119.76571"><ele>475.0</ele></trkpt>
    <trkpt lat="34.56318" lon="-119.76591"><ele>475.0</ele></trkpt>
    <trkpt lat="34.56309" lon="-119.76609"><ele>475.0</ele></trkpt>
    <trkpt lat="34.56306" lon="-119.76636"><ele>464.0</ele></trkpt>
    <trkpt lat="34.56306" lon="-119.76651"><ele>464.0</ele></trkpt>
    <trkpt lat="34.56301" lon="-119.76661"><ele>464.0</ele></trkpt>
    <trkpt lat="34.56280" lon="-119.76681"><ele>464.0</ele></trkpt>
    <trkpt lat="34.56279" lon="-119.76688"><ele>464.0</ele></trkpt>
    <trkpt lat="34.56279" lon="-119.76694"><ele>464.0</ele></trkpt>
    <trkpt lat="34.56285" lon="-119.76698"><ele>464.0</ele></trkpt>
    <trkpt lat="34.56292" lon="-119.76697"><ele>464.0</ele></trkpt>
    <trkpt lat="34.56307" lon="-119.76686"><ele>464.0</ele></trkpt>
    <trkpt lat="34.56320" lon="-119.76678"><ele>464.0</ele></trkpt>
    <trkpt lat="34.56343" lon="-119.76673"><ele>464.0</ele></trkpt>
    <trkpt lat="34.56367" lon="-119.76669"><ele>464.0</ele></trkpt>
    <trkpt lat="34.56372" lon="-119.76665"><ele>464.0</ele></trkpt>
    <trkpt lat="34.56373" lon="-119.76658"><ele>443.0</ele></trkpt>
    <trkpt lat="34.56374" lon="-119.76640"><ele>443.0</ele></trkpt>
    <trkpt lat="34.56380" lon="-119.76622"><ele>443.0</ele></trkpt>
    <trkpt lat="34.56389" lon="-119.76606"><ele>443.0</ele></trkpt>
    <trkpt lat="34.56407" lon="-119.76578"><ele>443.0</ele></trkpt>
    <trkpt lat="34.56414" lon="-119.76564"><ele>443.0</ele></trkpt>
    <trkpt lat="34.56424" lon="-119.76548"><ele>443.0</ele></trkpt>
    <trkpt lat="34.56430" lon="-119.76548"><ele>443.0</ele></trkpt>
    <trkpt lat="34.56436" lon="-119.76554"><ele>443.0</ele></trkpt>
    <trkpt lat="34.56438" lon="-119.76562"><ele>443.0</ele></trkpt>
    <trkpt lat="34.56435" lon="-119.76570"><ele>443.0</ele></trkpt>
    <trkpt lat="34.56428" lon="-119.76580"><ele>443.0</ele></trkpt>
    <trkpt lat="34.56418" lon="-119.76607"><ele>425.0</ele></trkpt>
    <trkpt lat="34.56408" lon="-119.76635"><ele>425.0</ele></trkpt>
    <trkpt lat="34.56399" lon="-119.76665"><ele>425.0</ele></trkpt>
    <trkpt lat="34.56386" lon="-119.76691"><ele>425.0</ele></trkpt>
    <trkpt lat="34.56392" lon="-119.76700"><ele>425.0</ele></trkpt>
    <trkpt lat="34.56397" lon="-119.76699"><ele>425.0</ele></trkpt>
    <trkpt lat="34.56403" lon="-119.76693"><ele>425.0</ele></trkpt>
    <trkpt lat="34.56412" lon="-119.76681"><ele>425.0</ele></trkpt>
    <trkpt lat="34.56416" lon="-119.76673"><ele>425.0</ele></trkpt>
    <trkpt lat="34.56424" lon="-119.76661"><ele>425.0</ele></trkpt>
    <trkpt lat="34.56433" lon="-119.76640"><ele>425.0</ele></trkpt>
    <trkpt lat="34.56440" lon="-119.76621"><ele>425.0</ele></trkpt>
    <trkpt lat="34.56446" lon="-119.76603"><ele>425.0</ele></trkpt>
    <trkpt lat="34.56453" lon="-119.76576"><ele>427.0</ele></trkpt>
    <trkpt lat="34.56458" lon="-119.76570"><ele>427.0</ele></trkpt>
    <trkpt lat="34.56462" lon="-119.76565"><ele>427.0</ele></trkpt>
    <trkpt lat="34.56470" lon="-119.76568"><ele>427.0</ele></trkpt>
    <trkpt lat="34.56472" lon="-119.76571"><ele>427.0</ele></trkpt>
    <trkpt lat="34.56471" lon="-119.76579"><ele>427.0</ele></trkpt>
    <trkpt lat="34.56470" lon="-119.76584"><ele>427.0</ele></trkpt>
    <trkpt lat="34.56468" lon="-119.76603"><ele>427.0</ele></trkpt>
    <trkpt lat="34.56465" lon="-119.76617"><ele>427.0</ele></trkpt>
    <trkpt lat="34.56462" lon="-119.76641"><ele>427.0</ele></trkpt>
    <trkpt lat="34.56457" lon="-119.76649"><ele>427.0</ele></trkpt>
    <trkpt lat="34.56447" lon="-119.76679"><ele>427.0</ele></trkpt>
    <trkpt lat="34.56444" lon="-119.76694"><ele>427.0</ele></trkpt>
    <trkpt lat="34.56441" lon="-119.76712"><ele>414.0</ele></trkpt>
    <trkpt lat="34.56436" lon="-119.76722"><ele>414.0</ele></trkpt>
    <trkpt lat="34.56427" lon="-119.76733"><ele>414.0</ele></trkpt>
    <trkpt lat="34.56414" lon="-119.76745"><ele>414.0</ele></trkpt>
    <trkpt lat="34.56404" lon="-119.76749"><ele>414.0</ele></trkpt>
    <trkpt lat="34.56392" lon="-119.76756"><ele>414.0</ele></trkpt>
    <trkpt lat="34.56383" lon="-119.76768"><ele>414.0</ele></trkpt>
    <trkpt lat="34.56377" lon="-119.76779"><ele>414.0</ele></trkpt>
    <trkpt lat="34.56367" lon="-119.76786"><ele>414.0</ele></trkpt>
    <trkpt lat="34.56350" lon="-119.76796"><ele>414.0</ele></trkpt>
    <trkpt lat="34.56333" lon="-119.76813"><ele>414.0</ele></trkpt>
    <trkpt lat="34.56323" lon="-119.76828"><ele>414.0</ele></trkpt>
    <trkpt lat="34.56315" lon="-119.76840"><ele>393.0</ele></trkpt>
    <trkpt lat="34.56315" lon="-119.76855"><ele>393.0</ele></trkpt>
    <trkpt lat="34.56315" lon="-119.76866"><ele>393.0</ele></trkpt>
    <trkpt lat="34.56326" lon="-119.76878"><ele>393.0</ele></trkpt>
    <trkpt lat="34.56336" lon="-119.76889"><ele>393.0</ele></trkpt>
    <trkpt lat="34.56337" lon="-119.76894"><ele>393.0</ele></trkpt>
    <trkpt lat="34.56334" lon="-119.76902"><ele>393.0</ele></trkpt>
    <trkpt lat="34.56328" lon="-119.76909"><ele>393.0</ele></trkpt>
    <trkpt lat="34.56316" lon="-119.76916"><ele>393.0</ele></trkpt>
    <trkpt lat="34.56311" lon="-119.76916"><ele>393.0</ele></trkpt>
    <trkpt lat="34.56299" lon="-119.76909"><ele>393.0</ele></trkpt>
    <trkpt lat="34.56286" lon="-119.76902"><ele>393.0</ele></trkpt>
    <trkpt lat="34.56276" lon="-119.76896"><ele>393.0</ele></trkpt>
    <trkpt lat="34.56264" lon="-119.76901"><ele>408.0</ele></trkpt>
    <trkpt lat="34.56255" lon="-119.76912"><ele>408.0</ele></trkpt>
    <trkpt lat="34.56243" lon="-119.76921"><ele>408.0</ele></trkpt>
    <trkpt lat="34.56233" lon="-119.76925"><ele>408.0</ele></trkpt>
    <trkpt lat="34.56223" lon="-119.76926"><ele>408.0</ele></trkpt>
    <trkpt lat="34.56203" lon="-119.76925"><ele>408.0</ele></trkpt>
    <trkpt lat="34.56186" lon="-119.76925"><ele>408.0</ele></trkpt>
    <trkpt lat="34.56176" lon="-119.76931"><ele>408.0</ele></trkpt>
    <trkpt lat="34.56163" lon="-119.76932"><ele>408.0</ele></trkpt>
    <trkpt lat="34.56143" lon="-119.76933"><ele>408.0</ele></trkpt>
    <trkpt lat="34.56134" lon="-119.76935"><ele>408.0</ele></trkpt>
    <trkpt lat="34.56118" lon="-119.76940"><ele>408.0</ele></trkpt>
    <trkpt lat="34.56110" lon="-119.76946"><ele>408.0</ele></trkpt>
    <trkpt lat="34.56090" lon="-119.76959"><ele>400.0</ele></trkpt>
    <trkpt lat="34.56079" lon="-119.76970"><ele>400.0</ele></trkpt>
    <trkpt lat="34.56063" lon="-119.76996"><ele>400.0</ele></trkpt>
    <trkpt lat="34.56050" lon="-119.77025"><ele>400.0</ele></trkpt>
    <trkpt lat="34.56039" lon="-119.77046"><ele>400.0</ele></trkpt>
    <trkpt lat="34.56028" lon="-119.77053"><ele>400.0</ele></trkpt>
    <trkpt lat="34.56022" lon="-119.77056"><ele>400.0</ele></trkpt>
    <trkpt lat="34.56011" lon="-119.77058"><ele>400.0</ele></trkpt>
    <trkpt lat="34.55991" lon="-119.77072"><ele>400.0</ele></trkpt>
    <trkpt lat="34.55979" lon="-119.77076"><ele>400.0</ele></trkpt>
    <trkpt lat="34.55967" lon="-119.77081"><ele>400.0</ele></trkpt>
    <trkpt lat="34.55947" lon="-119.77080"><ele>400.0</ele></trkpt>
    <trkpt lat="34.55932" lon="-119.77081"><ele>377.0</ele></trkpt>
    <trkpt lat="34.55888" lon="-119.77100"><ele>377.0</ele></trkpt>
    <trkpt lat="34.55858" lon="-119.77113"><ele>377.0</ele></trkpt>
    <trkpt lat="34.55847" lon="-119.77117"><ele>377.0</ele></trkpt>
    <trkpt lat="34.55827" lon="-119.77119"><ele>377.0</ele></trkpt>
    <trkpt lat="34.55805" lon="-119.77117"><ele>377.0</ele></trkpt>
    <trkpt lat="34.55780" lon="-119.77113"><ele>377.0</ele></trkpt>
  </trkseg></trk>
  <trk><name>Buckhorn Road</name><trkseg>
    <trkpt lat="34.63614" lon="-119.71352"><ele>1432.0</ele></trkpt>
    <trkpt lat="34.63569" lon="-119.71353"><ele>1432.0</ele></trkpt>
    <trkpt lat="34.63552" lon="-119.71357"><ele>1432.0</ele></trkpt>
    <trkpt lat="34.63512" lon="-119.71386"><ele>1432.0</ele></trkpt>
    <trkpt lat="34.63507" lon="-119.71401"><ele>1432.0</ele></trkpt>
    <trkpt lat="34.63497" lon="-119.71429"><ele>1441.0</ele></trkpt>
    <trkpt lat="34.63499" lon="-119.71437"><ele>1441.0</ele></trkpt>
    <trkpt lat="34.63526" lon="-119.71457"><ele>1441.0</ele></trkpt>
    <trkpt lat="34.63572" lon="-119.71490"><ele>1441.0</ele></trkpt>
    <trkpt lat="34.63618" lon="-119.71513"><ele>1441.0</ele></trkpt>
    <trkpt lat="34.63647" lon="-119.71567"><ele>1441.0</ele></trkpt>
    <trkpt lat="34.63652" lon="-119.71580"><ele>1441.0</ele></trkpt>
    <trkpt lat="34.63649" lon="-119.71592"><ele>1441.0</ele></trkpt>
    <trkpt lat="34.63635" lon="-119.71607"><ele>1441.0</ele></trkpt>
    <trkpt lat="34.63619" lon="-119.71626"><ele>1441.0</ele></trkpt>
    <trkpt lat="34.63622" lon="-119.71669"><ele>1435.0</ele></trkpt>
    <trkpt lat="34.63614" lon="-119.71681"><ele>1435.0</ele></trkpt>
    <trkpt lat="34.63574" lon="-119.71690"><ele>1435.0</ele></trkpt>
    <trkpt lat="34.63539" lon="-119.71680"><ele>1435.0</ele></trkpt>
    <trkpt lat="34.63484" lon="-119.71665"><ele>1435.0</ele></trkpt>
    <trkpt lat="34.63428" lon="-119.71671"><ele>1435.0</ele></trkpt>
    <trkpt lat="34.63420" lon="-119.71672"><ele>1435.0</ele></trkpt>
    <trkpt lat="34.63400" lon="-119.71662"><ele>1435.0</ele></trkpt>
    <trkpt lat="34.63381" lon="-119.71667"><ele>1435.0</ele></trkpt>
    <trkpt lat="34.63343" lon="-119.71703"><ele>1413.0</ele></trkpt>
    <trkpt lat="34.63306" lon="-119.71719"><ele>1413.0</ele></trkpt>
    <trkpt lat="34.63286" lon="-119.71741"><ele>1413.0</ele></trkpt>
    <trkpt lat="34.63278" lon="-119.71767"><ele>1413.0</ele></trkpt>
    <trkpt lat="34.63278" lon="-119.71787"><ele>1413.0</ele></trkpt>
    <trkpt lat="34.63295" lon="-119.71886"><ele>1413.0</ele></trkpt>
    <trkpt lat="34.63296" lon="-119.71928"><ele>1413.0</ele></trkpt>
    <trkpt lat="34.63287" lon="-119.72003"><ele>1413.0</ele></trkpt>
    <trkpt lat="34.63279" lon="-119.72063"><ele>1413.0</ele></trkpt>
    <trkpt lat="34.63259" lon="-119.72100"><ele>1375.0</ele></trkpt>
    <trkpt lat="34.63257" lon="-119.72120"><ele>1375.0</ele></trkpt>
    <trkpt lat="34.63256" lon="-119.72134"><ele>1375.0</ele></trkpt>
    <trkpt lat="34.63247" lon="-119.72156"><ele>1375.0</ele></trkpt>
    <trkpt lat="34.63226" lon="-119.72171"><ele>1375.0</ele></trkpt>
    <trkpt lat="34.63205" lon="-119.72163"><ele>1375.0</ele></trkpt>
    <trkpt lat="34.63190" lon="-119.72134"><ele>1375.0</ele></trkpt>
    <trkpt lat="34.63164" lon="-119.72082"><ele>1375.0</ele></trkpt>
    <trkpt lat="34.63140" lon="-119.72059"><ele>1375.0</ele></trkpt>
    <trkpt lat="34.63093" lon="-119.72037"><ele>1375.0</ele></trkpt>
    <trkpt lat="34.63081" lon="-119.72024"><ele>1352.0</ele></trkpt>
    <trkpt lat="34.63069" lon="-119.71986"><ele>1352.0</ele></trkpt>
    <trkpt lat="34.63070" lon="-119.71938"><ele>1352.0</ele></trkpt>
    <trkpt lat="34.63070" lon="-119.71908"><ele>1352.0</ele></trkpt>
    <trkpt lat="34.63066" lon="-119.71905"><ele>1352.0</ele></trkpt>
    <trkpt lat="34.63058" lon="-119.71906"><ele>1352.0</ele></trkpt>
    <trkpt lat="34.63051" lon="-119.71921"><ele>1352.0</ele></trkpt>
    <trkpt lat="34.63041" lon="-119.71945"><ele>1352.0</ele></trkpt>
    <trkpt lat="34.63033" lon="-119.71969"><ele>1352.0</ele></trkpt>
    <trkpt lat="34.63024" lon="-119.71976"><ele>1342.0</ele></trkpt>
    <trkpt lat="34.63007" lon="-119.71984"><ele>1342.0</ele></trkpt>
    <trkpt lat="34.62988" lon="-119.71989"><ele>1342.0</ele></trkpt>
    <trkpt lat="34.62969" lon="-119.71996"><ele>1342.0</ele></trkpt>
    <trkpt lat="34.62954" lon="-119.72001"><ele>1342.0</ele></trkpt>
    <trkpt lat="34.62943" lon="-119.72005"><ele>1342.0</ele></trkpt>
    <trkpt lat="34.62927" lon="-119.72008"><ele>1342.0</ele></trkpt>
    <trkpt lat="34.62916" lon="-119.72008"><ele>1342.0</ele></trkpt>
    <trkpt lat="34.62895" lon="-119.72005"><ele>1342.0</ele></trkpt>
    <trkpt lat="34.62879" lon="-119.72002"><ele>1339.0</ele></trkpt>
    <trkpt lat="34.62876" lon="-119.71990"><ele>1339.0</ele></trkpt>
    <trkpt lat="34.62865" lon="-119.71982"><ele>1339.0</ele></trkpt>
    <trkpt lat="34.62865" lon="-119.71972"><ele>1339.0</ele></trkpt>
    <trkpt lat="34.62855" lon="-119.71963"><ele>1339.0</ele></trkpt>
    <trkpt lat="34.62845" lon="-119.71946"><ele>1339.0</ele></trkpt>
    <trkpt lat="34.62837" lon="-119.71934"><ele>1339.0</ele></trkpt>
    <trkpt lat="34.62825" lon="-119.71922"><ele>1339.0</ele></trkpt>
    <trkpt lat="34.62807" lon="-119.71921"><ele>1339.0</ele></trkpt>
    <trkpt lat="34.62795" lon="-119.71925"><ele>1344.0</ele></trkpt>
    <trkpt lat="34.62782" lon="-119.71929"><ele>1344.0</ele></trkpt>
    <trkpt lat="34.62765" lon="-119.71926"><ele>1344.0</ele></trkpt>
    <trkpt lat="34.62757" lon="-119.71915"><ele>1344.0</ele></trkpt>
    <trkpt lat="34.62744" lon="-119.71906"><ele>1344.0</ele></trkpt>
    <trkpt lat="34.62736" lon="-119.71904"><ele>1344.0</ele></trkpt>
    <trkpt lat="34.62726" lon="-119.71895"><ele>1344.0</ele></trkpt>
    <trkpt lat="34.62711" lon="-119.71892"><ele>1344.0</ele></trkpt>
    <trkpt lat="34.62697" lon="-119.71887"><ele>1344.0</ele></trkpt>
    <trkpt lat="34.62682" lon="-119.71884"><ele>1344.0</ele></trkpt>
    <trkpt lat="34.62672" lon="-119.71877"><ele>1336.0</ele></trkpt>
    <trkpt lat="34.62670" lon="-119.71868"><ele>1336.0</ele></trkpt>
    <trkpt lat="34.62666" lon="-119.71860"><ele>1336.0</ele></trkpt>
    <trkpt lat="34.62660" lon="-119.71858"><ele>1336.0</ele></trkpt>
    <trkpt lat="34.62651" lon="-119.71850"><ele>1336.0</ele></trkpt>
    <trkpt lat="34.62642" lon="-119.71843"><ele>1336.0</ele></trkpt>
    <trkpt lat="34.62630" lon="-119.71833"><ele>1336.0</ele></trkpt>
    <trkpt lat="34.62621" lon="-119.71823"><ele>1336.0</ele></trkpt>
    <trkpt lat="34.62616" lon="-119.71814"><ele>1336.0</ele></trkpt>
    <trkpt lat="34.62610" lon="-119.71807"><ele>1329.0</ele></trkpt>
    <trkpt lat="34.62602" lon="-119.71806"><ele>1329.0</ele></trkpt>
    <trkpt lat="34.62596" lon="-119.71811"><ele>1329.0</ele></trkpt>
    <trkpt lat="34.62583" lon="-119.71818"><ele>1329.0</ele></trkpt>
    <trkpt lat="34.62573" lon="-119.71824"><ele>1329.0</ele></trkpt>
    <trkpt lat="34.62573" lon="-119.71831"><ele>1329.0</ele></trkpt>
    <trkpt lat="34.62571" lon="-119.71851"><ele>1329.0</ele></trkpt>
    <trkpt lat="34.62570" lon="-119.71865"><ele>1329.0</ele></trkpt>
    <trkpt lat="34.62568" lon="-119.71872"><ele>1329.0</ele></trkpt>
    <trkpt lat="34.62559" lon="-119.71872"><ele>1326.0</ele></trkpt>
    <trkpt lat="34.62549" lon="-119.71868"><ele>1326.0</ele></trkpt>
    <trkpt lat="34.62541" lon="-119.71868"><ele>1326.0</ele></trkpt>
    <trkpt lat="34.62532" lon="-119.71861"><ele>1326.0</ele></trkpt>
    <trkpt lat="34.62526" lon="-119.71855"><ele>1326.0</ele></trkpt>
    <trkpt lat="34.62518" lon="-119.71861"><ele>1326.0</ele></trkpt>
    <trkpt lat="34.62515" lon="-119.71878"><ele>1326.0</ele></trkpt>
    <trkpt lat="34.62517" lon="-119.71898"><ele>1326.0</ele></trkpt>
    <trkpt lat="34.62515" lon="-119.71914"><ele>1326.0</ele></trkpt>
    <trkpt lat="34.62505" lon="-119.71921"><ele>1326.0</ele></trkpt>
    <trkpt lat="34.62489" lon="-119.71921"><ele>1315.0</ele></trkpt>
    <trkpt lat="34.62477" lon="-119.71914"><ele>1315.0</ele></trkpt>
    <trkpt lat="34.62467" lon="-119.71906"><ele>1315.0</ele></trkpt>
    <trkpt lat="34.62452" lon="-119.71898"><ele>1315.0</ele></trkpt>
    <trkpt lat="34.62436" lon="-119.71900"><ele>1315.0</ele></trkpt>
    <trkpt lat="34.62426" lon="-119.71904"><ele>1315.0</ele></trkpt>
    <trkpt lat="34.62423" lon="-119.71921"><ele>1315.0</ele></trkpt>
    <trkpt lat="34.62429" lon="-119.71934"><ele>1315.0</ele></trkpt>
    <trkpt lat="34.62436" lon="-119.71947"><ele>1315.0</ele></trkpt>
    <trkpt lat="34.62441" lon="-119.71960"><ele>1313.0</ele></trkpt>
    <trkpt lat="34.62440" lon="-119.71973"><ele>1313.0</ele></trkpt>
    <trkpt lat="34.62436" lon="-119.71984"><ele>1313.0</ele></trkpt>
    <trkpt lat="34.62433" lon="-119.71993"><ele>1313.0</ele></trkpt>
    <trkpt lat="34.62434" lon="-119.72010"><ele>1313.0</ele></trkpt>
    <trkpt lat="34.62437" lon="-119.72017"><ele>1313.0</ele></trkpt>
    <trkpt lat="34.62445" lon="-119.72035"><ele>1313.0</ele></trkpt>
    <trkpt lat="34.62452" lon="-119.72047"><ele>1313.0</ele></trkpt>
    <trkpt lat="34.62454" lon="-119.72064"><ele>1313.0</ele></trkpt>
    <trkpt lat="34.62452" lon="-119.72077"><ele>1312.0</ele></trkpt>
    <trkpt lat="34.62439" lon="-119.72088"><ele>1312.0</ele></trkpt>
    <trkpt lat="34.62420" lon="-119.72096"><ele>1312.0</ele></trkpt>
    <trkpt lat="34.62408" lon="-119.72102"><ele>1312.0</ele></trkpt>
    <trkpt lat="34.62398" lon="-119.72113"><ele>1312.0</ele></trkpt>
    <trkpt lat="34.62387" lon="-119.72119"><ele>1312.0</ele></trkpt>
    <trkpt lat="34.62384" lon="-119.72121"><ele>1312.0</ele></trkpt>
    <trkpt lat="34.62372" lon="-119.72123"><ele>1312.0</ele></trkpt>
    <trkpt lat="34.62364" lon="-119.72131"><ele>1312.0</ele></trkpt>
    <trkpt lat="34.62358" lon="-119.72133"><ele>1312.0</ele></trkpt>
    <trkpt lat="34.62341" lon="-119.72134"><ele>1296.0</ele></trkpt>
    <trkpt lat="34.62327" lon="-119.72133"><ele>1296.0</ele></trkpt>
    <trkpt lat="34.62315" lon="-119.72135"><ele>1296.0</ele></trkpt>
    <trkpt lat="34.62301" lon="-119.72138"><ele>1296.0</ele></trkpt>
    <trkpt lat="34.62291" lon="-119.72132"><ele>1296.0</ele></trkpt>
    <trkpt lat="34.62275" lon="-119.72128"><ele>1296.0</ele></trkpt>
    <trkpt lat="34.62261" lon="-119.72131"><ele>1296.0</ele></trkpt>
    <trkpt lat="34.62246" lon="-119.72135"><ele>1296.0</ele></trkpt>
    <trkpt lat="34.62226" lon="-119.72148"><ele>1296.0</ele></trkpt>
    <trkpt lat="34.62204" lon="-119.72159"><ele>1281.0</ele></trkpt>
    <trkpt lat="34.62181" lon="-119.72172"><ele>1281.0</ele></trkpt>
    <trkpt lat="34.62176" lon="-119.72176"><ele>1281.0</ele></trkpt>
    <trkpt lat="34.62163" lon="-119.72187"><ele>1281.0</ele></trkpt>
    <trkpt lat="34.62143" lon="-119.72195"><ele>1281.0</ele></trkpt>
    <trkpt lat="34.62129" lon="-119.72201"><ele>1281.0</ele></trkpt>
    <trkpt lat="34.62117" lon="-119.72198"><ele>1281.0</ele></trkpt>
    <trkpt lat="34.62105" lon="-119.72189"><ele>1281.0</ele></trkpt>
    <trkpt lat="34.62097" lon="-119.72181"><ele>1281.0</ele></trkpt>
    <trkpt lat="34.62095" lon="-119.72166"><ele>1276.0</ele></trkpt>
    <trkpt lat="34.62093" lon="-119.72155"><ele>1276.0</ele></trkpt>
    <trkpt lat="34.62088" lon="-119.72147"><ele>1276.0</ele></trkpt>
    <trkpt lat="34.62077" lon="-119.72138"><ele>1276.0</ele></trkpt>
    <trkpt lat="34.62068" lon="-119.72135"><ele>1276.0</ele></trkpt>
    <trkpt lat="34.62058" lon="-119.72134"><ele>1276.0</ele></trkpt>
    <trkpt lat="34.62055" lon="-119.72128"><ele>1276.0</ele></trkpt>
    <trkpt lat="34.62050" lon="-119.72120"><ele>1276.0</ele></trkpt>
    <trkpt lat="34.62041" lon="-119.72119"><ele>1276.0</ele></trkpt>
    <trkpt lat="34.62035" lon="-119.72126"><ele>1285.0</ele></trkpt>
    <trkpt lat="34.62028" lon="-119.72133"><ele>1285.0</ele></trkpt>
    <trkpt lat="34.62021" lon="-119.72147"><ele>1285.0</ele></trkpt>
    <trkpt lat="34.62015" lon="-119.72146"><ele>1285.0</ele></trkpt>
    <trkpt lat="34.62010" lon="-119.72151"><ele>1285.0</ele></trkpt>
    <trkpt lat="34.61999" lon="-119.72156"><ele>1285.0</ele></trkpt>
    <trkpt lat="34.61991" lon="-119.72160"><ele>1285.0</ele></trkpt>
    <trkpt lat="34.61978" lon="-119.72163"><ele>1285.0</ele></trkpt>
    <trkpt lat="34.61963" lon="-119.72160"><ele>1285.0</ele></trkpt>
    <trkpt lat="34.61952" lon="-119.72153"><ele>1285.0</ele></trkpt>
    <trkpt lat="34.61935" lon="-119.72148"><ele>1295.0</ele></trkpt>
    <trkpt lat="34.61919" lon="-119.72150"><ele>1295.0</ele></trkpt>
    <trkpt lat="34.61907" lon="-119.72155"><ele>1295.0</ele></trkpt>
    <trkpt lat="34.61900" lon="-119.72156"><ele>1295.0</ele></trkpt>
    <trkpt lat="34.61890" lon="-119.72154"><ele>1295.0</ele></trkpt>
    <trkpt lat="34.61883" lon="-119.72155"><ele>1295.0</ele></trkpt>
    <trkpt lat="34.61876" lon="-119.72176"><ele>1295.0</ele></trkpt>
    <trkpt lat="34.61870" lon="-119.72187"><ele>1295.0</ele></trkpt>
    <trkpt lat="34.61859" lon="-119.72197"><ele>1295.0</ele></trkpt>
    <trkpt lat="34.61848" lon="-119.72203"><ele>1309.0</ele></trkpt>
    <trkpt lat="34.61846" lon="-119.72223"><ele>1309.0</ele></trkpt>
    <trkpt lat="34.61845" lon="-119.72241"><ele>1309.0</ele></trkpt>
    <trkpt lat="34.61840" lon="-119.72253"><ele>1309.0</ele></trkpt>
    <trkpt lat="34.61826" lon="-119.72256"><ele>1309.0</ele></trkpt>
    <trkpt lat="34.61816" lon="-119.72251"><ele>1309.0</ele></trkpt>
    <trkpt lat="34.61802" lon="-119.72240"><ele>1309.0</ele></trkpt>
    <trkpt lat="34.61790" lon="-119.72230"><ele>1309.0</ele></trkpt>
    <trkpt lat="34.61777" lon="-119.72225"><ele>1309.0</ele></trkpt>
    <trkpt lat="34.61761" lon="-119.72219"><ele>1317.0</ele></trkpt>
    <trkpt lat="34.61749" lon="-119.72212"><ele>1317.0</ele></trkpt>
    <trkpt lat="34.61730" lon="-119.72200"><ele>1317.0</ele></trkpt>
    <trkpt lat="34.61719" lon="-119.72190"><ele>1317.0</ele></trkpt>
    <trkpt lat="34.61704" lon="-119.72177"><ele>1317.0</ele></trkpt>
    <trkpt lat="34.61690" lon="-119.72167"><ele>1317.0</ele></trkpt>
    <trkpt lat="34.61675" lon="-119.72149"><ele>1317.0</ele></trkpt>
    <trkpt lat="34.61663" lon="-119.72135"><ele>1317.0</ele></trkpt>
    <trkpt lat="34.61654" lon="-119.72135"><ele>1317.0</ele></trkpt>
    <trkpt lat="34.61647" lon="-119.72128"><ele>1317.0</ele></trkpt>
    <trkpt lat="34.61634" lon="-119.72128"><ele>1327.0</ele></trkpt>
    <trkpt lat="34.61622" lon="-119.72124"><ele>1327.0</ele></trkpt>
    <trkpt lat="34.61608" lon="-119.72119"><ele>1327.0</ele></trkpt>
    <trkpt lat="34.61596" lon="-119.72115"><ele>1327.0</ele></trkpt>
    <trkpt lat="34.61580" lon="-119.72108"><ele>1327.0</ele></trkpt>
    <trkpt lat="34.61566" lon="-119.72105"><ele>1327.0</ele></trkpt>
    <trkpt lat="34.61549" lon="-119.72095"><ele>1327.0</ele></trkpt>
    <trkpt lat="34.61526" lon="-119.72087"><ele>1327.0</ele></trkpt>
    <trkpt lat="34.61511" lon="-119.72087"><ele>1327.0</ele></trkpt>
    <trkpt lat="34.61491" lon="-119.72091"><ele>1320.0</ele></trkpt>
    <trkpt lat="34.61469" lon="-119.72101"><ele>1320.0</ele></trkpt>
    <trkpt lat="34.61449" lon="-119.72102"><ele>1320.0</ele></trkpt>
    <trkpt lat="34.61428" lon="-119.72102"><ele>1320.0</ele></trkpt>
    <trkpt lat="34.61406" lon="-119.72101"><ele>1320.0</ele></trkpt>
    <trkpt lat="34.61399" lon="-119.72111"><ele>1320.0</ele></trkpt>
    <trkpt lat="34.61388" lon="-119.72117"><ele>1320.0</ele></trkpt>
    <trkpt lat="34.61372" lon="-119.72126"><ele>1320.0</ele></trkpt>
    <trkpt lat="34.61357" lon="-119.72141"><ele>1320.0</ele></trkpt>
    <trkpt lat="34.61347" lon="-119.72147"><ele>1328.0</ele></trkpt>
    <trkpt lat="34.61333" lon="-119.72150"><ele>1328.0</ele></trkpt>
    <trkpt lat="34.61323" lon="-119.72151"><ele>1328.0</ele></trkpt>
    <trkpt lat="34.61316" lon="-119.72155"><ele>1328.0</ele></trkpt>
    <trkpt lat="34.61301" lon="-119.72152"><ele>1328.0</ele></trkpt>
    <trkpt lat="34.61294" lon="-119.72152"><ele>1328.0</ele></trkpt>
    <trkpt lat="34.61288" lon="-119.72148"><ele>1328.0</ele></trkpt>
    <trkpt lat="34.61281" lon="-119.72143"><ele>1328.0</ele></trkpt>
    <trkpt lat="34.61274" lon="-119.72140"><ele>1328.0</ele></trkpt>
    <trkpt lat="34.61267" lon="-119.72140"><ele>1328.0</ele></trkpt>
    <trkpt lat="34.61262" lon="-119.72140"><ele>1319.0</ele></trkpt>
    <trkpt lat="34.61258" lon="-119.72149"><ele>1319.0</ele></trkpt>
    <trkpt lat="34.61257" lon="-119.72157"><ele>1319.0</ele></trkpt>
    <trkpt lat="34.61256" lon="-119.72161"><ele>1319.0</ele></trkpt>
    <trkpt lat="34.61256" lon="-119.72161"><ele>1319.0</ele></trkpt>
    <trkpt lat="34.61256" lon="-119.72168"><ele>1319.0</ele></trkpt>
    <trkpt lat="34.61258" lon="-119.72187"><ele>1319.0</ele></trkpt>
    <trkpt lat="34.61261" lon="-119.72220"><ele>1319.0</ele></trkpt>
    <trkpt lat="34.61259" lon="-119.72238"><ele>1319.0</ele></trkpt>
    <trkpt lat="34.61253" lon="-119.72262"><ele>1299.0</ele></trkpt>
    <trkpt lat="34.61226" lon="-119.72299"><ele>1299.0</ele></trkpt>
    <trkpt lat="34.61194" lon="-119.72336"><ele>1299.0</ele></trkpt>
    <trkpt lat="34.61155" lon="-119.72360"><ele>1299.0</ele></trkpt>
    <trkpt lat="34.61118" lon="-119.72366"><ele>1299.0</ele></trkpt>
    <trkpt lat="34.61084" lon="-119.72371"><ele>1299.0</ele></trkpt>
    <trkpt lat="34.61059" lon="-119.72378"><ele>1299.0</ele></trkpt>
    <trkpt lat="34.61049" lon="-119.72382"><ele>1299.0</ele></trkpt>
    <trkpt lat="34.61042" lon="-119.72386"><ele>1299.0</ele></trkpt>
    <trkpt lat="34.61038" lon="-119.72390"><ele>1293.0</ele></trkpt>
    <trkpt lat="34.61040" lon="-119.72397"><ele>1293.0</ele></trkpt>
    <trkpt lat="34.61044" lon="-119.72402"><ele>1293.0</ele></trkpt>
    <trkpt lat="34.61051" lon="-119.72406"><ele>1293.0</ele></trkpt>
    <trkpt lat="34.61064" lon="-119.72408"><ele>1293.0</ele></trkpt>
    <trkpt lat="34.61079" lon="-119.72406"><ele>1293.0</ele></trkpt>
    <trkpt lat="34.61118" lon="-119.72406"><ele>1293.0</ele></trkpt>
    <trkpt lat="34.61129" lon="-119.72405"><ele>1293.0</ele></trkpt>
    <trkpt lat="34.61153" lon="-119.72403"><ele>1293.0</ele></trkpt>
    <trkpt lat="34.61169" lon="-119.72402"><ele>1306.0</ele></trkpt>
    <trkpt lat="34.61194" lon="-119.72405"><ele>1306.0</ele></trkpt>
    <trkpt lat="34.61215" lon="-119.72410"><ele>1306.0</ele></trkpt>
    <trkpt lat="34.61224" lon="-119.72424"><ele>1306.0</ele></trkpt>
    <trkpt lat="34.61243" lon="-119.72441"><ele>1306.0</ele></trkpt>
    <trkpt lat="34.61258" lon="-119.72458"><ele>1306.0</ele></trkpt>
    <trkpt lat="34.61269" lon="-119.72475"><ele>1306.0</ele></trkpt>
    <trkpt lat="34.61272" lon="-119.72486"><ele>1306.0</ele></trkpt>
    <trkpt lat="34.61269" lon="-119.72498"><ele>1306.0</ele></trkpt>
    <trkpt lat="34.61265" lon="-119.72507"><ele>1306.0</ele></trkpt>
    <trkpt lat="34.61249" lon="-119.72519"><ele>1277.0</ele></trkpt>
    <trkpt lat="34.61232" lon="-119.72534"><ele>1277.0</ele></trkpt>
    <trkpt lat="34.61209" lon="-119.72552"><ele>1277.0</ele></trkpt>
    <trkpt lat="34.61192" lon="-119.72571"><ele>1277.0</ele></trkpt>
    <trkpt lat="34.61169" lon="-119.72594"><ele>1277.0</ele></trkpt>
    <trkpt lat="34.61161" lon="-119.72608"><ele>1277.0</ele></trkpt>
    <trkpt lat="34.61148" lon="-119.72627"><ele>1277.0</ele></trkpt>
    <trkpt lat="34.61143" lon="-119.72638"><ele>1277.0</ele></trkpt>
    <trkpt lat="34.61140" lon="-119.72644"><ele>1277.0</ele></trkpt>
    <trkpt lat="34.61137" lon="-119.72659"><ele>1286.0</ele></trkpt>
    <trkpt lat="34.61136" lon="-119.72680"><ele>1286.0</ele></trkpt>
    <trkpt lat="34.61138" lon="-119.72709"><ele>1286.0</ele></trkpt>
    <trkpt lat="34.61142" lon="-119.72739"><ele>1286.0</ele></trkpt>
    <trkpt lat="34.61147" lon="-119.72763"><ele>1286.0</ele></trkpt>
    <trkpt lat="34.61148" lon="-119.72779"><ele>1286.0</ele></trkpt>
    <trkpt lat="34.61141" lon="-119.72789"><ele>1286.0</ele></trkpt>
    <trkpt lat="34.61126" lon="-119.72801"><ele>1286.0</ele></trkpt>
    <trkpt lat="34.61108" lon="-119.72809"><ele>1286.0</ele></trkpt>
    <trkpt lat="34.61087" lon="-119.72815"><ele>1253.0</ele></trkpt>
    <trkpt lat="34.61068" lon="-119.72818"><ele>1253.0</ele></trkpt>
    <trkpt lat="34.61051" lon="-119.72828"><ele>1253.0</ele></trkpt>
    <trkpt lat="34.61035" lon="-119.72841"><ele>1253.0</ele></trkpt>
    <trkpt lat="34.61012" lon="-119.72866"><ele>1253.0</ele></trkpt>
    <trkpt lat="34.60990" lon="-119.72896"><ele>1253.0</ele></trkpt>
    <trkpt lat="34.60971" lon="-119.72925"><ele>1253.0</ele></trkpt>
    <trkpt lat="34.60962" lon="-119.72944"><ele>1253.0</ele></trkpt>
    <trkpt lat="34.60963" lon="-119.72969"><ele>1253.0</ele></trkpt>
    <trkpt lat="34.60967" lon="-119.72984"><ele>1253.0</ele></trkpt>
    <trkpt lat="34.61045" lon="-119.73002"><ele>1252.0</ele></trkpt>
    <trkpt lat="34.61117" lon="-119.73010"><ele>1252.0</ele></trkpt>
    <trkpt lat="34.61123" lon="-119.73010"><ele>1252.0</ele></trkpt>
    <trkpt lat="34.61129" lon="-119.73010"><ele>1252.0</ele></trkpt>
    <trkpt lat="34.61132" lon="-119.73010"><ele>1252.0</ele></trkpt>
    <trkpt lat="34.61139" lon="-119.73010"><ele>1252.0</ele></trkpt>
    <trkpt lat="34.61144" lon="-119.73016"><ele>1252.0</ele></trkpt>
    <trkpt lat="34.61141" lon="-119.73023"><ele>1252.0</ele></trkpt>
    <trkpt lat="34.61135" lon="-119.73039"><ele>1252.0</ele></trkpt>
    <trkpt lat="34.61129" lon="-119.73053"><ele>1240.0</ele></trkpt>
    <trkpt lat="34.61116" lon="-119.73067"><ele>1240.0</ele></trkpt>
    <trkpt lat="34.61099" lon="-119.73083"><ele>1240.0</ele></trkpt>
    <trkpt lat="34.61094" lon="-119.73095"><ele>1240.0</ele></trkpt>
    <trkpt lat="34.61094" lon="-119.73112"><ele>1240.0</ele></trkpt>
    <trkpt lat="34.61095" lon="-119.73124"><ele>1240.0</ele></trkpt>
    <trkpt lat="34.61094" lon="-119.73137"><ele>1240.0</ele></trkpt>
    <trkpt lat="34.61092" lon="-119.73152"><ele>1240.0</ele></trkpt>
    <trkpt lat="34.61088" lon="-119.73159"><ele>1240.0</ele></trkpt>
    <trkpt lat="34.61080" lon="-119.73165"><ele>1231.0</ele></trkpt>
    <trkpt lat="34.61066" lon="-119.73179"><ele>1231.0</ele></trkpt>
    <trkpt lat="34.61055" lon="-119.73189"><ele>1231.0</ele></trkpt>
    <trkpt lat="34.61041" lon="-119.73205"><ele>1231.0</ele></trkpt>
    <trkpt lat="34.61031" lon="-119.73218"><ele>1231.0</ele></trkpt>
    <trkpt lat="34.61020" lon="-119.73239"><ele>1231.0</ele></trkpt>
    <trkpt lat="34.61015" lon="-119.73254"><ele>1231.0</ele></trkpt>
    <trkpt lat="34.61011" lon="-119.73261"><ele>1231.0</ele></trkpt>
    <trkpt lat="34.61003" lon="-119.73270"><ele>1231.0</ele></trkpt>
    <trkpt lat="34.60991" lon="-119.73281"><ele>1231.0</ele></trkpt>
    <trkpt lat="34.60974" lon="-119.73293"><ele>1205.0</ele></trkpt>
    <trkpt lat="34.60957" lon="-119.73308"><ele>1205.0</ele></trkpt>
    <trkpt lat="34.60935" lon="-119.73327"><ele>1205.0</ele></trkpt>
    <trkpt lat="34.60902" lon="-119.73370"><ele>1205.0</ele></trkpt>
    <trkpt lat="34.60882" lon="-119.73393"><ele>1205.0</ele></trkpt>
    <trkpt lat="34.60880" lon="-119.73398"><ele>1205.0</ele></trkpt>
    <trkpt lat="34.60871" lon="-119.73408"><ele>1205.0</ele></trkpt>
    <trkpt lat="34.60854" lon="-119.73420"><ele>1205.0</ele></trkpt>
    <trkpt lat="34.60830" lon="-119.73434"><ele>1205.0</ele></trkpt>
    <trkpt lat="34.60811" lon="-119.73444"><ele>1214.0</ele></trkpt>
    <trkpt lat="34.60779" lon="-119.73451"><ele>1214.0</ele></trkpt>
    <trkpt lat="34.60766" lon="-119.73466"><ele>1214.0</ele></trkpt>
    <trkpt lat="34.60747" lon="-119.73472"><ele>1214.0</ele></trkpt>
    <trkpt lat="34.60721" lon="-119.73464"><ele>1214.0</ele></trkpt>
    <trkpt lat="34.60689" lon="-119.73459"><ele>1214.0</ele></trkpt>
    <trkpt lat="34.60651" lon="-119.73458"><ele>1214.0</ele></trkpt>
    <trkpt lat="34.60634" lon="-119.73464"><ele>1214.0</ele></trkpt>
    <trkpt lat="34.60611" lon="-119.73490"><ele>1214.0</ele></trkpt>
    <trkpt lat="34.60597" lon="-119.73504"><ele>1225.0</ele></trkpt>
    <trkpt lat="34.60583" lon="-119.73503"><ele>1225.0</ele></trkpt>
    <trkpt lat="34.60543" lon="-119.73492"><ele>1225.0</ele></trkpt>
    <trkpt lat="34.60490" lon="-119.73482"><ele>1225.0</ele></trkpt>
    <trkpt lat="34.60477" lon="-119.73483"><ele>1225.0</ele></trkpt>
    <trkpt lat="34.60471" lon="-119.73489"><ele>1225.0</ele></trkpt>
    <trkpt lat="34.60470" lon="-119.73501"><ele>1225.0</ele></trkpt>
    <trkpt lat="34.60468" lon="-119.73522"><ele>1225.0</ele></trkpt>
    <trkpt lat="34.60458" lon="-119.73559"><ele>1225.0</ele></trkpt>
    <trkpt lat="34.60437" lon="-119.73612"><ele>1225.0</ele></trkpt>
    <trkpt lat="34.60428" lon="-119.73634"><ele>1252.0</ele></trkpt>
    <trkpt lat="34.60417" lon="-119.73644"><ele>1252.0</ele></trkpt>
    <trkpt lat="34.60404" lon="-119.73649"><ele>1252.0</ele></trkpt>
    <trkpt lat="34.60388" lon="-119.73650"><ele>1252.0</ele></trkpt>
    <trkpt lat="34.60365" lon="-119.73647"><ele>1252.0</ele></trkpt>
    <trkpt lat="34.60342" lon="-119.73643"><ele>1252.0</ele></trkpt>
    <trkpt lat="34.60328" lon="-119.73644"><ele>1252.0</ele></trkpt>
    <trkpt lat="34.60316" lon="-119.73651"><ele>1252.0</ele></trkpt>
    <trkpt lat="34.60305" lon="-119.73658"><ele>1252.0</ele></trkpt>
    <trkpt lat="34.60297" lon="-119.73662"><ele>1257.0</ele></trkpt>
    <trkpt lat="34.60285" lon="-119.73665"><ele>1257.0</ele></trkpt>
    <trkpt lat="34.60273" lon="-119.73664"><ele>1257.0</ele></trkpt>
    <trkpt lat="34.60255" lon="-119.73663"><ele>1257.0</ele></trkpt>
    <trkpt lat="34.60240" lon="-119.73661"><ele>1257.0</ele></trkpt>
    <trkpt lat="34.60230" lon="-119.73661"><ele>1257.0</ele></trkpt>
    <trkpt lat="34.60220" lon="-119.73665"><ele>1257.0</ele></trkpt>
    <trkpt lat="34.60207" lon="-119.73674"><ele>1257.0</ele></trkpt>
    <trkpt lat="34.60192" lon="-119.73681"><ele>1257.0</ele></trkpt>
    <trkpt lat="34.60168" lon="-119.73677"><ele>1267.0</ele></trkpt>
    <trkpt lat="34.60157" lon="-119.73674"><ele>1267.0</ele></trkpt>
    <trkpt lat="34.60149" lon="-119.73663"><ele>1267.0</ele></trkpt>
    <trkpt lat="34.60145" lon="-119.73648"><ele>1267.0</ele></trkpt>
    <trkpt lat="34.60140" lon="-119.73631"><ele>1267.0</ele></trkpt>
    <trkpt lat="34.60135" lon="-119.73607"><ele>1267.0</ele></trkpt>
    <trkpt lat="34.60124" lon="-119.73590"><ele>1267.0</ele></trkpt>
    <trkpt lat="34.60101" lon="-119.73593"><ele>1267.0</ele></trkpt>
    <trkpt lat="34.60083" lon="-119.73592"><ele>1267.0</ele></trkpt>
    <trkpt lat="34.60066" lon="-119.73593"><ele>1278.0</ele></trkpt>
    <trkpt lat="34.60059" lon="-119.73594"><ele>1278.0</ele></trkpt>
    <trkpt lat="34.60043" lon="-119.73589"><ele>1278.0</ele></trkpt>
    <trkpt lat="34.60024" lon="-119.73578"><ele>1278.0</ele></trkpt>
    <trkpt lat="34.60009" lon="-119.73556"><ele>1278.0</ele></trkpt>
    <trkpt lat="34.59998" lon="-119.73534"><ele>1278.0</ele></trkpt>
    <trkpt lat="34.59980" lon="-119.73506"><ele>1278.0</ele></trkpt>
    <trkpt lat="34.59951" lon="-119.73447"><ele>1278.0</ele></trkpt>
    <trkpt lat="34.59939" lon="-119.73421"><ele>1278.0</ele></trkpt>
    <trkpt lat="34.59922" lon="-119.73401"><ele>1278.0</ele></trkpt>
    <trkpt lat="34.59904" lon="-119.73377"><ele>1282.0</ele></trkpt>
    <trkpt lat="34.59885" lon="-119.73362"><ele>1282.0</ele></trkpt>
    <trkpt lat="34.59871" lon="-119.73330"><ele>1282.0</ele></trkpt>
    <trkpt lat="34.59849" lon="-119.73318"><ele>1282.0</ele></trkpt>
    <trkpt lat="34.59821" lon="-119.73295"><ele>1282.0</ele></trkpt>
    <trkpt lat="34.59792" lon="-119.73267"><ele>1282.0</ele></trkpt>
    <trkpt lat="34.59771" lon="-119.73232"><ele>1282.0</ele></trkpt>
    <trkpt lat="34.59748" lon="-119.73212"><ele>1282.0</ele></trkpt>
    <trkpt lat="34.59725" lon="-119.73197"><ele>1282.0</ele></trkpt>
    <trkpt lat="34.59702" lon="-119.73180"><ele>1263.0</ele></trkpt>
    <trkpt lat="34.59682" lon="-119.73171"><ele>1263.0</ele></trkpt>
    <trkpt lat="34.59666" lon="-119.73158"><ele>1263.0</ele></trkpt>
    <trkpt lat="34.59665" lon="-119.73152"><ele>1263.0</ele></trkpt>
    <trkpt lat="34.59653" lon="-119.73148"><ele>1263.0</ele></trkpt>
    <trkpt lat="34.59643" lon="-119.73150"><ele>1263.0</ele></trkpt>
    <trkpt lat="34.59633" lon="-119.73154"><ele>1263.0</ele></trkpt>
    <trkpt lat="34.59622" lon="-119.73162"><ele>1263.0</ele></trkpt>
    <trkpt lat="34.59616" lon="-119.73176"><ele>1263.0</ele></trkpt>
    <trkpt lat="34.59610" lon="-119.73184"><ele>1264.0</ele></trkpt>
    <trkpt lat="34.59605" lon="-119.73188"><ele>1264.0</ele></trkpt>
    <trkpt lat="34.59594" lon="-119.73191"><ele>1264.0</ele></trkpt>
    <trkpt lat="34.59580" lon="-119.73182"><ele>1264.0</ele></trkpt>
    <trkpt lat="34.59570" lon="-119.73170"><ele>1264.0</ele></trkpt>
    <trkpt lat="34.59553" lon="-119.73154"><ele>1264.0</ele></trkpt>
    <trkpt lat="34.59539" lon="-119.73132"><ele>1264.0</ele></trkpt>
    <trkpt lat="34.59525" lon="-119.73119"><ele>1264.0</ele></trkpt>
    <trkpt lat="34.59510" lon="-119.73103"><ele>1264.0</ele></trkpt>
    <trkpt lat="34.59476" lon="-119.73068"><ele>1264.0</ele></trkpt>
    <trkpt lat="34.59455" lon="-119.73052"><ele>1233.0</ele></trkpt>
    <trkpt lat="34.59440" lon="-119.73041"><ele>1233.0</ele></trkpt>
    <trkpt lat="34.59417" lon="-119.73020"><ele>1233.0</ele></trkpt>
    <trkpt lat="34.59399" lon="-119.73005"><ele>1233.0</ele></trkpt>
    <trkpt lat="34.59379" lon="-119.72981"><ele>1233.0</ele></trkpt>
    <trkpt lat="34.59367" lon="-119.72965"><ele>1233.0</ele></trkpt>
    <trkpt lat="34.59353" lon="-119.72952"><ele>1233.0</ele></trkpt>
    <trkpt lat="34.59339" lon="-119.72938"><ele>1233.0</ele></trkpt>
    <trkpt lat="34.59328" lon="-119.72923"><ele>1233.0</ele></trkpt>
    <trkpt lat="34.59318" lon="-119.72898"><ele>1210.0</ele></trkpt>
    <trkpt lat="34.59311" lon="-119.72884"><ele>1210.0</ele></trkpt>
    <trkpt lat="34.59299" lon="-119.72862"><ele>1210.0</ele></trkpt>
    <trkpt lat="34.59286" lon="-119.72842"><ele>1210.0</ele></trkpt>
    <trkpt lat="34.59270" lon="-119.72823"><ele>1210.0</ele></trkpt>
    <trkpt lat="34.59252" lon="-119.72788"><ele>1210.0</ele></trkpt>
    <trkpt lat="34.59225" lon="-119.72762"><ele>1210.0</ele></trkpt>
    <trkpt lat="34.59203" lon="-119.72768"><ele>1210.0</ele></trkpt>
    <trkpt lat="34.59187" lon="-119.72774"><ele>1210.0</ele></trkpt>
    <trkpt lat="34.59174" lon="-119.72780"><ele>1197.0</ele></trkpt>
    <trkpt lat="34.59157" lon="-119.72792"><ele>1197.0</ele></trkpt>
    <trkpt lat="34.59145" lon="-119.72800"><ele>1197.0</ele></trkpt>
    <trkpt lat="34.59131" lon="-119.72797"><ele>1197.0</ele></trkpt>
    <trkpt lat="34.59117" lon="-119.72785"><ele>1197.0</ele></trkpt>
    <trkpt lat="34.59102" lon="-119.72779"><ele>1197.0</ele></trkpt>
    <trkpt lat="34.59086" lon="-119.72784"><ele>1197.0</ele></trkpt>
    <trkpt lat="34.59070" lon="-119.72777"><ele>1197.0</ele></trkpt>
    <trkpt lat="34.59069" lon="-119.72760"><ele>1197.0</ele></trkpt>
    <trkpt lat="34.59076" lon="-119.72750"><ele>1197.0</ele></trkpt>
    <trkpt lat="34.59090" lon="-119.72742"><ele>1193.0</ele></trkpt>
    <trkpt lat="34.59105" lon="-119.72738"><ele>1193.0</ele></trkpt>
    <trkpt lat="34.59123" lon="-119.72737"><ele>1193.0</ele></trkpt>
    <trkpt lat="34.59138" lon="-119.72744"><ele>1193.0</ele></trkpt>
    <trkpt lat="34.59155" lon="-119.72746"><ele>1193.0</ele></trkpt>
    <trkpt lat="34.59171" lon="-119.72735"><ele>1193.0</ele></trkpt>
    <trkpt lat="34.59182" lon="-119.72718"><ele>1193.0</ele></trkpt>
    <trkpt lat="34.59183" lon="-119.72707"><ele>1193.0</ele></trkpt>
    <trkpt lat="34.59186" lon="-119.72688"><ele>1193.0</ele></trkpt>
    <trkpt lat="34.59181" lon="-119.72660"><ele>1172.0</ele></trkpt>
    <trkpt lat="34.59173" lon="-119.72638"><ele>1172.0</ele></trkpt>
    <trkpt lat="34.59167" lon="-119.72614"><ele>1172.0</ele></trkpt>
    <trkpt lat="34.59160" lon="-119.72592"><ele>1172.0</ele></trkpt>
    <trkpt lat="34.59152" lon="-119.72566"><ele>1172.0</ele></trkpt>
    <trkpt lat="34.59139" lon="-119.72528"><ele>1172.0</ele></trkpt>
    <trkpt lat="34.59133" lon="-119.72509"><ele>1172.0</ele></trkpt>
    <trkpt lat="34.59125" lon="-119.72479"><ele>1172.0</ele></trkpt>
    <trkpt lat="34.59117" lon="-119.72445"><ele>1172.0</ele></trkpt>
    <trkpt lat="34.59112" lon="-119.72411"><ele>1143.0</ele></trkpt>
    <trkpt lat="34.59106" lon="-119.72390"><ele>1143.0</ele></trkpt>
    <trkpt lat="34.59101" lon="-119.72352"><ele>1143.0</ele></trkpt>
    <trkpt lat="34.59101" lon="-119.72310"><ele>1143.0</ele></trkpt>
    <trkpt lat="34.59105" lon="-119.72274"><ele>1143.0</ele></trkpt>
    <trkpt lat="34.59109" lon="-119.72250"><ele>1143.0</ele></trkpt>
    <trkpt lat="34.59114" lon="-119.72228"><ele>1143.0</ele></trkpt>
    <trkpt lat="34.59118" lon="-119.72201"><ele>1143.0</ele></trkpt>
    <trkpt lat="34.59119" lon="-119.72179"><ele>1143.0</ele></trkpt>
    <trkpt lat="34.59118" lon="-119.72157"><ele>1143.0</ele></trkpt>
    <trkpt lat="34.59112" lon="-119.72131"><ele>1143.0</ele></trkpt>
    <trkpt lat="34.59102" lon="-119.72110"><ele>1143.0</ele></trkpt>
    <trkpt lat="34.59093" lon="-119.72092"><ele>1143.0</ele></trkpt>
    <trkpt lat="34.59081" lon="-119.72081"><ele>1143.0</ele></trkpt>
    <trkpt lat="34.59075" lon="-119.72073"><ele>1143.0</ele></trkpt>
    <trkpt lat="34.59069" lon="-119.72062"><ele>1143.0</ele></trkpt>
    <trkpt lat="34.59060" lon="-119.72042"><ele>1143.0</ele></trkpt>
    <trkpt lat="34.59050" lon="-119.72008"><ele>1143.0</ele></trkpt>
    <trkpt lat="34.59038" lon="-119.71978"><ele>1143.0</ele></trkpt>
    <trkpt lat="34.59021" lon="-119.71952"><ele>1114.0</ele></trkpt>
    <trkpt lat="34.59005" lon="-119.71931"><ele>1114.0</ele></trkpt>
    <trkpt lat="34.58984" lon="-119.71913"><ele>1114.0</ele></trkpt>
    <trkpt lat="34.58961" lon="-119.71909"><ele>1114.0</ele></trkpt>
    <trkpt lat="34.58943" lon="-119.71909"><ele>1114.0</ele></trkpt>
    <trkpt lat="34.58932" lon="-119.71918"><ele>1114.0</ele></trkpt>
    <trkpt lat="34.58928" lon="-119.71933"><ele>1114.0</ele></trkpt>
    <trkpt lat="34.58926" lon="-119.71956"><ele>1114.0</ele></trkpt>
    <trkpt lat="34.58927" lon="-119.71981"><ele>1114.0</ele></trkpt>
    <trkpt lat="34.58930" lon="-119.72005"><ele>1113.0</ele></trkpt>
    <trkpt lat="34.58934" lon="-119.72021"><ele>1113.0</ele></trkpt>
    <trkpt lat="34.58940" lon="-119.72043"><ele>1113.0</ele></trkpt>
    <trkpt lat="34.58947" lon="-119.72057"><ele>1113.0</ele></trkpt>
    <trkpt lat="34.58960" lon="-119.72068"><ele>1113.0</ele></trkpt>
    <trkpt lat="34.58978" lon="-119.72084"><ele>1113.0</ele></trkpt>
    <trkpt lat="34.58991" lon="-119.72103"><ele>1113.0</ele></trkpt>
    <trkpt lat="34.58993" lon="-119.72126"><ele>1113.0</ele></trkpt>
    <trkpt lat="34.58997" lon="-119.72148"><ele>1113.0</ele></trkpt>
    <trkpt lat="34.59000" lon="-119.72169"><ele>1117.0</ele></trkpt>
    <trkpt lat="34.59008" lon="-119.72184"><ele>1117.0</ele></trkpt>
    <trkpt lat="34.59015" lon="-119.72193"><ele>1117.0</ele></trkpt>
    <trkpt lat="34.59019" lon="-119.72200"><ele>1117.0</ele></trkpt>
    <trkpt lat="34.59019" lon="-119.72215"><ele>1117.0</ele></trkpt>
    <trkpt lat="34.59012" lon="-119.72226"><ele>1117.0</ele></trkpt>
    <trkpt lat="34.59002" lon="-119.72254"><ele>1117.0</ele></trkpt>
    <trkpt lat="34.58996" lon="-119.72275"><ele>1117.0</ele></trkpt>
    <trkpt lat="34.58992" lon="-119.72301"><ele>1117.0</ele></trkpt>
    <trkpt lat="34.58994" lon="-119.72320"><ele>1117.0</ele></trkpt>
    <trkpt lat="34.58992" lon="-119.72338"><ele>1116.0</ele></trkpt>
    <trkpt lat="34.58988" lon="-119.72359"><ele>1116.0</ele></trkpt>
    <trkpt lat="34.58982" lon="-119.72385"><ele>1116.0</ele></trkpt>
    <trkpt lat="34.58982" lon="-119.72415"><ele>1116.0</ele></trkpt>
    <trkpt lat="34.58982" lon="-119.72444"><ele>1116.0</ele></trkpt>
    <trkpt lat="34.58982" lon="-119.72459"><ele>1116.0</ele></trkpt>
    <trkpt lat="34.58977" lon="-119.72469"><ele>1116.0</ele></trkpt>
    <trkpt lat="34.58972" lon="-119.72474"><ele>1116.0</ele></trkpt>
    <trkpt lat="34.58960" lon="-119.72470"><ele>1116.0</ele></trkpt>
    <trkpt lat="34.58948" lon="-119.72451"><ele>1100.0</ele></trkpt>
    <trkpt lat="34.58943" lon="-119.72432"><ele>1100.0</ele></trkpt>
    <trkpt lat="34.58936" lon="-119.72403"><ele>1100.0</ele></trkpt>
    <trkpt lat="34.58934" lon="-119.72384"><ele>1100.0</ele></trkpt>
    <trkpt lat="34.58931" lon="-119.72357"><ele>1100.0</ele></trkpt>
    <trkpt lat="34.58922" lon="-119.72338"><ele>1100.0</ele></trkpt>
    <trkpt lat="34.58912" lon="-119.72329"><ele>1100.0</ele></trkpt>
    <trkpt lat="34.58896" lon="-119.72310"><ele>1100.0</ele></trkpt>
    <trkpt lat="34.58886" lon="-119.72286"><ele>1100.0</ele></trkpt>
    <trkpt lat="34.58877" lon="-119.72268"><ele>1081.0</ele></trkpt>
    <trkpt lat="34.58856" lon="-119.72259"><ele>1081.0</ele></trkpt>
    <trkpt lat="34.58844" lon="-119.72256"><ele>1081.0</ele></trkpt>
    <trkpt lat="34.58828" lon="-119.72258"><ele>1081.0</ele></trkpt>
    <trkpt lat="34.58814" lon="-119.72261"><ele>1081.0</ele></trkpt>
    <trkpt lat="34.58799" lon="-119.72263"><ele>1081.0</ele></trkpt>
    <trkpt lat="34.58783" lon="-119.72266"><ele>1081.0</ele></trkpt>
    <trkpt lat="34.58767" lon="-119.72267"><ele>1081.0</ele></trkpt>
    <trkpt lat="34.58752" lon="-119.72271"><ele>1081.0</ele></trkpt>
    <trkpt lat="34.58735" lon="-119.72269"><ele>1081.0</ele></trkpt>
    <trkpt lat="34.58717" lon="-119.72261"><ele>1065.0</ele></trkpt>
    <trkpt lat="34.58703" lon="-119.72234"><ele>1065.0</ele></trkpt>
    <trkpt lat="34.58694" lon="-119.72206"><ele>1065.0</ele></trkpt>
    <trkpt lat="34.58689" lon="-119.72182"><ele>1065.0</ele></trkpt>
    <trkpt lat="34.58683" lon="-119.72153"><ele>1065.0</ele></trkpt>
    <trkpt lat="34.58676" lon="-119.72133"><ele>1065.0</ele></trkpt>
    <trkpt lat="34.58668" lon="-119.72113"><ele>1065.0</ele></trkpt>
    <trkpt lat="34.58660" lon="-119.72086"><ele>1065.0</ele></trkpt>
    <trkpt lat="34.58655" lon="-119.72060"><ele>1065.0</ele></trkpt>
    <trkpt lat="34.58643" lon="-119.72027"><ele>1065.0</ele></trkpt>
    <trkpt lat="34.58631" lon="-119.72004"><ele>1065.0</ele></trkpt>
    <trkpt lat="34.58619" lon="-119.71985"><ele>1065.0</ele></trkpt>
    <trkpt lat="34.58604" lon="-119.71961"><ele>1065.0</ele></trkpt>
    <trkpt lat="34.58592" lon="-119.71927"><ele>1065.0</ele></trkpt>
    <trkpt lat="34.58591" lon="-119.71889"><ele>1065.0</ele></trkpt>
    <trkpt lat="34.58599" lon="-119.71865"><ele>1065.0</ele></trkpt>
    <trkpt lat="34.58606" lon="-119.71837"><ele>1065.0</ele></trkpt>
    <trkpt lat="34.58601" lon="-119.71816"><ele>1065.0</ele></trkpt>
    <trkpt lat="34.58594" lon="-119.71796"><ele>1041.0</ele></trkpt>
    <trkpt lat="34.58586" lon="-119.71776"><ele>1041.0</ele></trkpt>
    <trkpt lat="34.58576" lon="-119.71756"><ele>1041.0</ele></trkpt>
    <trkpt lat="34.58566" lon="-119.71736"><ele>1041.0</ele></trkpt>
    <trkpt lat="34.58556" lon="-119.71720"><ele>1041.0</ele></trkpt>
    <trkpt lat="34.58539" lon="-119.71707"><ele>1041.0</ele></trkpt>
    <trkpt lat="34.58518" lon="-119.71707"><ele>1041.0</ele></trkpt>
    <trkpt lat="34.58503" lon="-119.71704"><ele>1041.0</ele></trkpt>
    <trkpt lat="34.58481" lon="-119.71687"><ele>1041.0</ele></trkpt>
    <trkpt lat="34.58464" lon="-119.71670"><ele>1041.0</ele></trkpt>
    <trkpt lat="34.58453" lon="-119.71647"><ele>1032.0</ele></trkpt>
    <trkpt lat="34.58439" lon="-119.71629"><ele>1032.0</ele></trkpt>
    <trkpt lat="34.58426" lon="-119.71606"><ele>1032.0</ele></trkpt>
    <trkpt lat="34.58414" lon="-119.71586"><ele>1032.0</ele></trkpt>
    <trkpt lat="34.58394" lon="-119.71568"><ele>1032.0</ele></trkpt>
    <trkpt lat="34.58375" lon="-119.71552"><ele>1032.0</ele></trkpt>
    <trkpt lat="34.58356" lon="-119.71530"><ele>1032.0</ele></trkpt>
    <trkpt lat="34.58341" lon="-119.71506"><ele>1032.0</ele></trkpt>
    <trkpt lat="34.58329" lon="-119.71485"><ele>1032.0</ele></trkpt>
    <trkpt lat="34.58319" lon="-119.71473"><ele>1006.0</ele></trkpt>
    <trkpt lat="34.58310" lon="-119.71465"><ele>1006.0</ele></trkpt>
    <trkpt lat="34.58295" lon="-119.71463"><ele>1006.0</ele></trkpt>
    <trkpt lat="34.58291" lon="-119.71470"><ele>1006.0</ele></trkpt>
    <trkpt lat="34.58286" lon="-119.71487"><ele>1006.0</ele></trkpt>
    <trkpt lat="34.58278" lon="-119.71516"><ele>1006.0</ele></trkpt>
    <trkpt lat="34.58285" lon="-119.71559"><ele>1006.0</ele></trkpt>
    <trkpt lat="34.58301" lon="-119.71594"><ele>1006.0</ele></trkpt>
    <trkpt lat="34.58332" lon="-119.71618"><ele>1006.0</ele></trkpt>
    <trkpt lat="34.58356" lon="-119.71631"><ele>1021.0</ele></trkpt>
    <trkpt lat="34.58390" lon="-119.71646"><ele>1021.0</ele></trkpt>
    <trkpt lat="34.58419" lon="-119.71667"><ele>1021.0</ele></trkpt>
    <trkpt lat="34.58432" lon="-119.71686"><ele>1021.0</ele></trkpt>
    <trkpt lat="34.58441" lon="-119.71703"><ele>1021.0</ele></trkpt>
    <trkpt lat="34.58441" lon="-119.71715"><ele>1021.0</ele></trkpt>
    <trkpt lat="34.58436" lon="-119.71730"><ele>1021.0</ele></trkpt>
    <trkpt lat="34.58428" lon="-119.71739"><ele>1021.0</ele></trkpt>
    <trkpt lat="34.58421" lon="-119.71751"><ele>1021.0</ele></trkpt>
    <trkpt lat="34.58415" lon="-119.71764"><ele>998.0</ele></trkpt>
    <trkpt lat="34.58420" lon="-119.71793"><ele>998.0</ele></trkpt>
    <trkpt lat="34.58429" lon="-119.71807"><ele>998.0</ele></trkpt>
    <trkpt lat="34.58434" lon="-119.71824"><ele>998.0</ele></trkpt>
    <trkpt lat="34.58431" lon="-119.71841"><ele>998.0</ele></trkpt>
    <trkpt lat="34.58427" lon="-119.71872"><ele>998.0</ele></trkpt>
    <trkpt lat="34.58425" lon="-119.71888"><ele>998.0</ele></trkpt>
    <trkpt lat="34.58425" lon="-119.71916"><ele>998.0</ele></trkpt>
    <trkpt lat="34.58428" lon="-119.71948"><ele>998.0</ele></trkpt>
    <trkpt lat="34.58432" lon="-119.71966"><ele>998.0</ele></trkpt>
    <trkpt lat="34.58442" lon="-119.71987"><ele>983.0</ele></trkpt>
    <trkpt lat="34.58456" lon="-119.71999"><ele>983.0</ele></trkpt>
    <trkpt lat="34.58461" lon="-119.72008"><ele>983.0</ele></trkpt>
    <trkpt lat="34.58479" lon="-119.72021"><ele>983.0</ele></trkpt>
    <trkpt lat="34.58500" lon="-119.72031"><ele>983.0</ele></trkpt>
    <trkpt lat="34.58517" lon="-119.72041"><ele>983.0</ele></trkpt>
    <trkpt lat="34.58524" lon="-119.72044"><ele>983.0</ele></trkpt>
    <trkpt lat="34.58530" lon="-119.72055"><ele>983.0</ele></trkpt>
    <trkpt lat="34.58530" lon="-119.72064"><ele>983.0</ele></trkpt>
    <trkpt lat="34.58529" lon="-119.72071"><ele>994.0</ele></trkpt>
    <trkpt lat="34.58531" lon="-119.72082"><ele>994.0</ele></trkpt>
    <trkpt lat="34.58537" lon="-119.72089"><ele>994.0</ele></trkpt>
    <trkpt lat="34.58546" lon="-119.72097"><ele>994.0</ele></trkpt>
    <trkpt lat="34.58545" lon="-119.72105"><ele>994.0</ele></trkpt>
    <trkpt lat="34.58535" lon="-119.72114"><ele>994.0</ele></trkpt>
    <trkpt lat="34.58529" lon="-119.72122"><ele>994.0</ele></trkpt>
    <trkpt lat="34.58522" lon="-119.72129"><ele>994.0</ele></trkpt>
    <trkpt lat="34.58515" lon="-119.72140"><ele>994.0</ele></trkpt>
    <trkpt lat="34.58511" lon="-119.72159"><ele>967.0</ele></trkpt>
    <trkpt lat="34.58510" lon="-119.72171"><ele>967.0</ele></trkpt>
    <trkpt lat="34.58515" lon="-119.72190"><ele>967.0</ele></trkpt>
    <trkpt lat="34.58518" lon="-119.72205"><ele>967.0</ele></trkpt>
    <trkpt lat="34.58514" lon="-119.72214"><ele>967.0</ele></trkpt>
    <trkpt lat="34.58510" lon="-119.72217"><ele>967.0</ele></trkpt>
    <trkpt lat="34.58504" lon="-119.72229"><ele>967.0</ele></trkpt>
    <trkpt lat="34.58501" lon="-119.72244"><ele>967.0</ele></trkpt>
    <trkpt lat="34.58499" lon="-119.72253"><ele>967.0</ele></trkpt>
    <trkpt lat="34.58498" lon="-119.72262"><ele>967.0</ele></trkpt>
    <trkpt lat="34.58493" lon="-119.72270"><ele>942.0</ele></trkpt>
    <trkpt lat="34.58488" lon="-119.72275"><ele>942.0</ele></trkpt>
    <trkpt lat="34.58480" lon="-119.72277"><ele>942.0</ele></trkpt>
    <trkpt lat="34.58472" lon="-119.72275"><ele>942.0</ele></trkpt>
    <trkpt lat="34.58466" lon="-119.72267"><ele>942.0</ele></trkpt>
    <trkpt lat="34.58464" lon="-119.72249"><ele>942.0</ele></trkpt>
    <trkpt lat="34.58467" lon="-119.72229"><ele>942.0</ele></trkpt>
    <trkpt lat="34.58470" lon="-119.72219"><ele>942.0</ele></trkpt>
    <trkpt lat="34.58472" lon="-119.72202"><ele>942.0</ele></trkpt>
    <trkpt lat="34.58475" lon="-119.72183"><ele>940.0</ele></trkpt>
    <trkpt lat="34.58477" lon="-119.72171"><ele>940.0</ele></trkpt>
    <trkpt lat="34.58473" lon="-119.72148"><ele>940.0</ele></trkpt>
    <trkpt lat="34.58472" lon="-119.72138"><ele>940.0</ele></trkpt>
    <trkpt lat="34.58470" lon="-119.72126"><ele>940.0</ele></trkpt>
    <trkpt lat="34.58461" lon="-119.72122"><ele>940.0</ele></trkpt>
    <trkpt lat="34.58450" lon="-119.72121"><ele>940.0</ele></trkpt>
    <trkpt lat="34.58443" lon="-119.72126"><ele>940.0</ele></trkpt>
    <trkpt lat="34.58437" lon="-119.72143"><ele>940.0</ele></trkpt>
    <trkpt lat="34.58436" lon="-119.72157"><ele>906.0</ele></trkpt>
    <trkpt lat="34.58436" lon="-119.72163"><ele>906.0</ele></trkpt>
    <trkpt lat="34.58430" lon="-119.72174"><ele>906.0</ele></trkpt>
    <trkpt lat="34.58427" lon="-119.72175"><ele>906.0</ele></trkpt>
    <trkpt lat="34.58419" lon="-119.72178"><ele>906.0</ele></trkpt>
    <trkpt lat="34.58412" lon="-119.72182"><ele>906.0</ele></trkpt>
    <trkpt lat="34.58403" lon="-119.72184"><ele>906.0</ele></trkpt>
    <trkpt lat="34.58395" lon="-119.72191"><ele>906.0</ele></trkpt>
    <trkpt lat="34.58391" lon="-119.72205"><ele>906.0</ele></trkpt>
    <trkpt lat="34.58391" lon="-119.72220"><ele>906.0</ele></trkpt>
    <trkpt lat="34.58392" lon="-119.72240"><ele>900.0</ele></trkpt>
    <trkpt lat="34.58389" lon="-119.72254"><ele>900.0</ele></trkpt>
    <trkpt lat="34.58380" lon="-119.72261"><ele>900.0</ele></trkpt>
    <trkpt lat="34.58369" lon="-119.72263"><ele>900.0</ele></trkpt>
    <trkpt lat="34.58361" lon="-119.72261"><ele>900.0</ele></trkpt>
    <trkpt lat="34.58349" lon="-119.72257"><ele>900.0</ele></trkpt>
    <trkpt lat="34.58333" lon="-119.72253"><ele>900.0</ele></trkpt>
    <trkpt lat="34.58321" lon="-119.72250"><ele>900.0</ele></trkpt>
    <trkpt lat="34.58308" lon="-119.72246"><ele>900.0</ele></trkpt>
    <trkpt lat="34.58294" lon="-119.72246"><ele>888.0</ele></trkpt>
    <trkpt lat="34.58286" lon="-119.72260"><ele>888.0</ele></trkpt>
    <trkpt lat="34.58289" lon="-119.72270"><ele>888.0</ele></trkpt>
    <trkpt lat="34.58294" lon="-119.72277"><ele>888.0</ele></trkpt>
    <trkpt lat="34.58300" lon="-119.72286"><ele>888.0</ele></trkpt>
    <trkpt lat="34.58309" lon="-119.72293"><ele>888.0</ele></trkpt>
    <trkpt lat="34.58318" lon="-119.72307"><ele>888.0</ele></trkpt>
    <trkpt lat="34.58318" lon="-119.72313"><ele>888.0</ele></trkpt>
    <trkpt lat="34.58312" lon="-119.72321"><ele>888.0</ele></trkpt>
    <trkpt lat="34.58301" lon="-119.72318"><ele>884.0</ele></trkpt>
    <trkpt lat="34.58288" lon="-119.72318"><ele>884.0</ele></trkpt>
    <trkpt lat="34.58279" lon="-119.72322"><ele>884.0</ele></trkpt>
    <trkpt lat="34.58271" lon="-119.72326"><ele>884.0</ele></trkpt>
    <trkpt lat="34.58259" lon="-119.72329"><ele>884.0</ele></trkpt>
    <trkpt lat="34.58248" lon="-119.72326"><ele>884.0</ele></trkpt>
    <trkpt lat="34.58236" lon="-119.72321"><ele>884.0</ele></trkpt>
    <trkpt lat="34.58225" lon="-119.72319"><ele>884.0</ele></trkpt>
    <trkpt lat="34.58216" lon="-119.72319"><ele>884.0</ele></trkpt>
    <trkpt lat="34.58204" lon="-119.72318"><ele>867.0</ele></trkpt>
    <trkpt lat="34.58193" lon="-119.72319"><ele>867.0</ele></trkpt>
    <trkpt lat="34.58181" lon="-119.72322"><ele>867.0</ele></trkpt>
    <trkpt lat="34.58171" lon="-119.72332"><ele>867.0</ele></trkpt>
    <trkpt lat="34.58164" lon="-119.72344"><ele>867.0</ele></trkpt>
    <trkpt lat="34.58150" lon="-119.72346"><ele>867.0</ele></trkpt>
    <trkpt lat="34.58138" lon="-119.72343"><ele>867.0</ele></trkpt>
    <trkpt lat="34.58124" lon="-119.72337"><ele>867.0</ele></trkpt>
    <trkpt lat="34.58110" lon="-119.72334"><ele>867.0</ele></trkpt>
    <trkpt lat="34.58099" lon="-119.72334"><ele>867.0</ele></trkpt>
    <trkpt lat="34.58089" lon="-119.72342"><ele>867.0</ele></trkpt>
    <trkpt lat="34.58087" lon="-119.72351"><ele>867.0</ele></trkpt>
    <trkpt lat="34.58088" lon="-119.72359"><ele>867.0</ele></trkpt>
    <trkpt lat="34.58091" lon="-119.72367"><ele>867.0</ele></trkpt>
    <trkpt lat="34.58096" lon="-119.72377"><ele>867.0</ele></trkpt>
    <trkpt lat="34.58097" lon="-119.72392"><ele>867.0</ele></trkpt>
    <trkpt lat="34.58091" lon="-119.72409"><ele>867.0</ele></trkpt>
    <trkpt lat="34.58088" lon="-119.72427"><ele>867.0</ele></trkpt>
    <trkpt lat="34.58082" lon="-119.72443"><ele>867.0</ele></trkpt>
    <trkpt lat="34.58076" lon="-119.72464"><ele>875.0</ele></trkpt>
    <trkpt lat="34.58078" lon="-119.72485"><ele>875.0</ele></trkpt>
    <trkpt lat="34.58083" lon="-119.72508"><ele>875.0</ele></trkpt>
    <trkpt lat="34.58082" lon="-119.72520"><ele>875.0</ele></trkpt>
    <trkpt lat="34.58077" lon="-119.72540"><ele>875.0</ele></trkpt>
    <trkpt lat="34.58072" lon="-119.72559"><ele>875.0</ele></trkpt>
    <trkpt lat="34.58069" lon="-119.72570"><ele>875.0</ele></trkpt>
    <trkpt lat="34.58064" lon="-119.72583"><ele>875.0</ele></trkpt>
    <trkpt lat="34.58056" lon="-119.72601"><ele>875.0</ele></trkpt>
    <trkpt lat="34.58044" lon="-119.72618"><ele>887.0</ele></trkpt>
    <trkpt lat="34.58034" lon="-119.72628"><ele>887.0</ele></trkpt>
    <trkpt lat="34.58025" lon="-119.72639"><ele>887.0</ele></trkpt>
    <trkpt lat="34.58011" lon="-119.72652"><ele>887.0</ele></trkpt>
    <trkpt lat="34.57999" lon="-119.72656"><ele>887.0</ele></trkpt>
    <trkpt lat="34.57985" lon="-119.72667"><ele>887.0</ele></trkpt>
    <trkpt lat="34.57977" lon="-119.72678"><ele>887.0</ele></trkpt>
    <trkpt lat="34.57969" lon="-119.72684"><ele>887.0</ele></trkpt>
    <trkpt lat="34.57958" lon="-119.72683"><ele>887.0</ele></trkpt>
    <trkpt lat="34.57946" lon="-119.72675"><ele>887.0</ele></trkpt>
    <trkpt lat="34.57933" lon="-119.72666"><ele>892.0</ele></trkpt>
    <trkpt lat="34.57916" lon="-119.72658"><ele>892.0</ele></trkpt>
    <trkpt lat="34.57897" lon="-119.72651"><ele>892.0</ele></trkpt>
    <trkpt lat="34.57880" lon="-119.72647"><ele>892.0</ele></trkpt>
    <trkpt lat="34.57866" lon="-119.72644"><ele>892.0</ele></trkpt>
    <trkpt lat="34.57844" lon="-119.72638"><ele>892.0</ele></trkpt>
    <trkpt lat="34.57830" lon="-119.72637"><ele>892.0</ele></trkpt>
    <trkpt lat="34.57816" lon="-119.72640"><ele>892.0</ele></trkpt>
    <trkpt lat="34.57804" lon="-119.72647"><ele>892.0</ele></trkpt>
    <trkpt lat="34.57792" lon="-119.72653"><ele>886.0</ele></trkpt>
    <trkpt lat="34.57779" lon="-119.72660"><ele>886.0</ele></trkpt>
    <trkpt lat="34.57760" lon="-119.72664"><ele>886.0</ele></trkpt>
    <trkpt lat="34.57750" lon="-119.72672"><ele>886.0</ele></trkpt>
    <trkpt lat="34.57746" lon="-119.72685"><ele>886.0</ele></trkpt>
    <trkpt lat="34.57742" lon="-119.72697"><ele>886.0</ele></trkpt>
    <trkpt lat="34.57737" lon="-119.72716"><ele>886.0</ele></trkpt>
    <trkpt lat="34.57732" lon="-119.72734"><ele>886.0</ele></trkpt>
    <trkpt lat="34.57727" lon="-119.72752"><ele>886.0</ele></trkpt>
    <trkpt lat="34.57718" lon="-119.72770"><ele>906.0</ele></trkpt>
    <trkpt lat="34.57702" lon="-119.72791"><ele>906.0</ele></trkpt>
    <trkpt lat="34.57691" lon="-119.72804"><ele>906.0</ele></trkpt>
    <trkpt lat="34.57682" lon="-119.72816"><ele>906.0</ele></trkpt>
    <trkpt lat="34.57674" lon="-119.72835"><ele>906.0</ele></trkpt>
    <trkpt lat="34.57675" lon="-119.72864"><ele>906.0</ele></trkpt>
    <trkpt lat="34.57676" lon="-119.72882"><ele>906.0</ele></trkpt>
    <trkpt lat="34.57676" lon="-119.72915"><ele>906.0</ele></trkpt>
    <trkpt lat="34.57679" lon="-119.72939"><ele>906.0</ele></trkpt>
    <trkpt lat="34.57678" lon="-119.72966"><ele>906.0</ele></trkpt>
    <trkpt lat="34.57676" lon="-119.72995"><ele>886.0</ele></trkpt>
    <trkpt lat="34.57676" lon="-119.73020"><ele>886.0</ele></trkpt>
    <trkpt lat="34.57686" lon="-119.73055"><ele>886.0</ele></trkpt>
    <trkpt lat="34.57693" lon="-119.73085"><ele>886.0</ele></trkpt>
    <trkpt lat="34.57697" lon="-119.73108"><ele>886.0</ele></trkpt>
    <trkpt lat="34.57706" lon="-119.73134"><ele>886.0</ele></trkpt>
    <trkpt lat="34.57709" lon="-119.73155"><ele>886.0</ele></trkpt>
    <trkpt lat="34.57708" lon="-119.73184"><ele>886.0</ele></trkpt>
    <trkpt lat="34.57701" lon="-119.73206"><ele>886.0</ele></trkpt>
    <trkpt lat="34.57691" lon="-119.73225"><ele>869.0</ele></trkpt>
    <trkpt lat="34.57680" lon="-119.73244"><ele>869.0</ele></trkpt>
    <trkpt lat="34.57670" lon="-119.73247"><ele>869.0</ele></trkpt>
    <trkpt lat="34.57662" lon="-119.73244"><ele>869.0</ele></trkpt>
    <trkpt lat="34.57654" lon="-119.73235"><ele>869.0</ele></trkpt>
    <trkpt lat="34.57648" lon="-119.73224"><ele>869.0</ele></trkpt>
    <trkpt lat="34.57638" lon="-119.73208"><ele>869.0</ele></trkpt>
    <trkpt lat="34.57629" lon="-119.73190"><ele>869.0</ele></trkpt>
    <trkpt lat="34.57612" lon="-119.73175"><ele>869.0</ele></trkpt>
    <trkpt lat="34.57593" lon="-119.73165"><ele>876.0</ele></trkpt>
    <trkpt lat="34.57567" lon="-119.73143"><ele>876.0</ele></trkpt>
    <trkpt lat="34.57550" lon="-119.73121"><ele>876.0</ele></trkpt>
    <trkpt lat="34.57542" lon="-119.73098"><ele>876.0</ele></trkpt>
    <trkpt lat="34.57534" lon="-119.73070"><ele>876.0</ele></trkpt>
    <trkpt lat="34.57518" lon="-119.73037"><ele>876.0</ele></trkpt>
    <trkpt lat="34.57518" lon="-119.73010"><ele>876.0</ele></trkpt>
    <trkpt lat="34.57513" lon="-119.72991"><ele>876.0</ele></trkpt>
    <trkpt lat="34.57496" lon="-119.72983"><ele>876.0</ele></trkpt>
    <trkpt lat="34.57484" lon="-119.72997"><ele>874.0</ele></trkpt>
    <trkpt lat="34.57467" lon="-119.73007"><ele>874.0</ele></trkpt>
    <trkpt lat="34.57448" lon="-119.73018"><ele>874.0</ele></trkpt>
    <trkpt lat="34.57438" lon="-119.73023"><ele>874.0</ele></trkpt>
    <trkpt lat="34.57423" lon="-119.73034"><ele>874.0</ele></trkpt>
    <trkpt lat="34.57405" lon="-119.73047"><ele>874.0</ele></trkpt>
    <trkpt lat="34.57390" lon="-119.73069"><ele>874.0</ele></trkpt>
    <trkpt lat="34.57375" lon="-119.73098"><ele>874.0</ele></trkpt>
    <trkpt lat="34.57353" lon="-119.73116"><ele>874.0</ele></trkpt>
    <trkpt lat="34.57336" lon="-119.73140"><ele>874.0</ele></trkpt>
    <trkpt lat="34.57314" lon="-119.73159"><ele>849.0</ele></trkpt>
    <trkpt lat="34.57297" lon="-119.73182"><ele>849.0</ele></trkpt>
    <trkpt lat="34.57285" lon="-119.73214"><ele>849.0</ele></trkpt>
    <trkpt lat="34.57276" lon="-119.73233"><ele>849.0</ele></trkpt>
    <trkpt lat="34.57266" lon="-119.73240"><ele>849.0</ele></trkpt>
    <trkpt lat="34.57253" lon="-119.73242"><ele>849.0</ele></trkpt>
    <trkpt lat="34.57241" lon="-119.73244"><ele>849.0</ele></trkpt>
    <trkpt lat="34.57228" lon="-119.73241"><ele>849.0</ele></trkpt>
    <trkpt lat="34.57212" lon="-119.73244"><ele>849.0</ele></trkpt>
    <trkpt lat="34.57195" lon="-119.73250"><ele>861.0</ele></trkpt>
    <trkpt lat="34.57184" lon="-119.73248"><ele>861.0</ele></trkpt>
    <trkpt lat="34.57166" lon="-119.73243"><ele>861.0</ele></trkpt>
    <trkpt lat="34.57145" lon="-119.73239"><ele>861.0</ele></trkpt>
    <trkpt lat="34.57125" lon="-119.73232"><ele>861.0</ele></trkpt>
    <trkpt lat="34.57111" lon="-119.73223"><ele>861.0</ele></trkpt>
    <trkpt lat="34.57104" lon="-119.73202"><ele>861.0</ele></trkpt>
    <trkpt lat="34.57095" lon="-119.73182"><ele>861.0</ele></trkpt>
    <trkpt lat="34.57080" lon="-119.73167"><ele>861.0</ele></trkpt>
    <trkpt lat="34.57064" lon="-119.73166"><ele>860.0</ele></trkpt>
    <trkpt lat="34.57054" lon="-119.73174"><ele>860.0</ele></trkpt>
    <trkpt lat="34.57053" lon="-119.73193"><ele>860.0</ele></trkpt>
    <trkpt lat="34.57061" lon="-119.73220"><ele>860.0</ele></trkpt>
    <trkpt lat="34.57070" lon="-119.73243"><ele>860.0</ele></trkpt>
    <trkpt lat="34.57075" lon="-119.73252"><ele>860.0</ele></trkpt>
    <trkpt lat="34.57080" lon="-119.73266"><ele>860.0</ele></trkpt>
    <trkpt lat="34.57085" lon="-119.73290"><ele>860.0</ele></trkpt>
    <trkpt lat="34.57081" lon="-119.73323"><ele>860.0</ele></trkpt>
    <trkpt lat="34.57075" lon="-119.73374"><ele>860.0</ele></trkpt>
    <trkpt lat="34.57070" lon="-119.73410"><ele>855.0</ele></trkpt>
    <trkpt lat="34.57066" lon="-119.73421"><ele>855.0</ele></trkpt>
    <trkpt lat="34.57053" lon="-119.73435"><ele>855.0</ele></trkpt>
    <trkpt lat="34.57039" lon="-119.73447"><ele>855.0</ele></trkpt>
    <trkpt lat="34.57028" lon="-119.73481"><ele>855.0</ele></trkpt>
    <trkpt lat="34.57020" lon="-119.73514"><ele>855.0</ele></trkpt>
    <trkpt lat="34.57009" lon="-119.73530"><ele>855.0</ele></trkpt>
    <trkpt lat="34.56989" lon="-119.73547"><ele>855.0</ele></trkpt>
    <trkpt lat="34.56961" lon="-119.73571"><ele>855.0</ele></trkpt>
    <trkpt lat="34.56943" lon="-119.73587"><ele>848.0</ele></trkpt>
    <trkpt lat="34.56923" lon="-119.73599"><ele>848.0</ele></trkpt>
    <trkpt lat="34.56903" lon="-119.73606"><ele>848.0</ele></trkpt>
    <trkpt lat="34.56885" lon="-119.73611"><ele>848.0</ele></trkpt>
    <trkpt lat="34.56872" lon="-119.73609"><ele>848.0</ele></trkpt>
  </trkseg></trk>
</gpx>
